Running seed: 6
|        logP|       dlogP|     y^T.K.y|     log|K| |     Cond(K)|  GPU time|  CPU time|
|------------|------------|------------|------------|------------|----------|----------|
|      1066.7|      714.46|      1908.6|     -841.88|      1950.4|   1.4e+02|     0.033|
|      392.54|      21.866|      402.11|     -9.5668|      42.595|   2.1e+02|     0.032|
|      391.49|      22.242|      401.94|     -10.452|      42.682|   2.1e+02|     0.032|
|      387.11|      23.732|      401.32|      -14.21|      43.004|   2.1e+02|     0.032|
|      366.69|      29.282|      399.95|     -33.258|      48.609|   2.1e+02|     0.032|
|      297.27|      32.882|         430|     -132.73|      110.65|   2.1e+02|     0.032|
|      290.02|      32.446|      439.13|     -149.11|      125.92|   2.1e+02|     0.032|
|      285.63|      32.336|      446.24|     -160.61|      137.88|   1.9e+02|     0.032|
|       276.9|      33.901|       468.4|      -191.5|      174.25|   1.9e+02|     0.031|
|      266.74|      52.591|      533.06|     -266.32|      288.38|   1.9e+02|     0.032|
|      262.37|      43.353|         508|     -245.63|       264.6|   1.9e+02|     0.032|
|      252.64|      38.863|      491.94|      -239.3|      274.48|   1.8e+02|     0.032|
|       233.1|      37.516|      481.44|     -248.34|      322.89|   1.7e+02|     0.031|
|      228.36|      48.167|      497.24|     -268.89|      351.96|   1.7e+02|     0.032|
|      224.32|      41.118|      488.56|     -264.24|      356.13|   1.7e+02|     0.032|
|      224.23|       45.06|      496.53|      -272.3|      364.88|   1.7e+02|     0.032|
|      222.85|      43.521|      496.09|     -273.24|      368.99|   1.8e+02|     0.033|
|         220|      42.219|      501.06|     -281.06|      384.93|   1.8e+02|     0.032|
|      213.65|      43.059|      519.85|      -306.2|      432.66|   1.8e+02|     0.032|
|      208.09|      44.856|      527.09|        -319|      456.27|   1.7e+02|     0.032|
|      204.66|      44.103|      522.63|     -317.97|      454.66|   1.7e+02|     0.032|
|      203.14|       43.62|      518.07|     -314.93|      449.89|   1.7e+02|     0.032|
|       202.6|      43.826|      516.01|     -313.41|      448.28|   1.7e+02|     0.032|
|      202.23|      45.011|      515.44|     -313.21|      451.01|   1.7e+02|     0.032|
|      246.24|      69.266|      524.87|     -278.63|      351.15|   1.7e+02|     0.032|
|      202.24|      45.125|      515.56|     -313.33|      452.26|   1.7e+02|     0.032|
|      202.23|       45.03|      515.46|     -313.23|      451.22|   1.8e+02|     0.032|
|      202.23|      45.092|      515.53|     -313.29|      451.91|   1.9e+02|     0.032|
|      202.23|       45.04|      515.47|     -313.24|      451.34|   1.8e+02|     0.032|
Optimization result:
  message: CONVERGENCE: RELATIVE REDUCTION OF F <= FACTR*EPSMCH
  success: True
   status: 0
      fun: 202.23122591846993
        x: [-3.090e+00 -2.877e-01 ... -1.244e+00 -5.413e-01]
      nit: 19
      jac: [ 6.363e-01  1.454e+00 ...  2.541e-01 -1.086e-02]
     nfev: 29
     njev: 29
 hess_inv: <45x45 LbfgsInvHessProduct with dtype=float64>
|        logP|       dlogP|     y^T.K.y|     log|K| |     Cond(K)|  GPU time|  CPU time|
|------------|------------|------------|------------|------------|----------|----------|
|      1043.8|      654.93|      1890.1|     -846.27|      1936.8|   1.2e+02|     0.032|
|      390.37|      24.172|      404.38|     -14.019|      41.511|   1.7e+02|     0.032|
|      388.58|      24.889|      404.08|     -15.498|      42.338|   1.6e+02|     0.032|
|      380.89|      27.534|      402.99|     -22.096|      45.985|   1.5e+02|     0.032|
|      345.06|      31.499|      406.96|     -61.897|      64.245|   1.5e+02|     0.032|
|         331|      30.116|      416.41|     -85.405|       73.65|   1.5e+02|     0.032|
|      325.54|      29.725|      421.96|     -96.423|      78.226|   1.5e+02|     0.031|
|      315.32|      30.308|      438.13|     -122.81|      91.415|   1.4e+02|     0.032|
|      311.25|      31.858|      447.93|     -136.68|      100.84|   1.3e+02|     0.031|
|      301.07|      59.671|      532.44|     -231.37|       204.4|   1.3e+02|     0.032|
|      303.35|      41.676|      483.39|     -180.05|      141.28|   1.3e+02|     0.032|
|      301.96|      45.725|      495.04|     -193.08|      156.34|   1.3e+02|     0.031|
|      301.52|      45.927|      495.43|     -193.92|      158.05|   1.3e+02|     0.032|
|      301.05|      46.183|      495.98|     -194.94|      160.01|   1.3e+02|     0.032|
|      299.16|      47.209|      498.24|     -199.08|      168.11|   1.3e+02|     0.031|
|      296.38|      48.692|      501.64|     -205.26|      180.57|   1.3e+02|     0.032|
|      295.83|      48.935|      502.22|     -206.38|      183.04|   1.3e+02|     0.032|
|      295.34|      49.155|      502.74|      -207.4|       185.3|   1.3e+02|     0.031|
|      294.74|      49.506|      503.64|      -208.9|      188.35|   1.3e+02|     0.032|
|      293.65|      50.155|      505.33|     -211.68|      194.07|   1.2e+02|     0.031|
|       293.1|      50.242|      505.51|     -212.41|      196.18|   1.2e+02|     0.032|
|      290.88|      50.585|      506.27|     -215.39|      204.79|   1.2e+02|     0.031|
|      281.77|      51.873|      509.79|     -228.01|      241.47|   1.1e+02|     0.031|
|      278.13|      52.342|      511.39|     -233.26|      256.75|     1e+02|     0.031|
|      275.99|      60.239|      535.61|     -259.62|      301.93|        94|     0.031|
|      269.43|      65.606|      552.98|     -283.54|      356.08|        92|     0.031|
|      267.78|      67.018|      557.98|     -290.21|      371.61|        92|     0.031|
|       261.7|      66.064|      558.43|     -296.72|      396.07|        92|     0.031|
|      261.33|      65.992|      558.47|     -297.14|      397.62|        92|     0.031|
|      255.41|      66.966|      567.29|     -311.88|         440|        91|     0.031|
|      242.05|      74.736|      609.84|     -367.79|      607.43|        90|     0.031|
|      231.64|      54.973|      558.16|     -326.52|      521.13|        91|     0.031|
|       227.1|      46.485|      525.92|     -298.82|      465.85|        91|     0.031|
|      228.83|      46.707|      496.85|     -268.02|       395.5|        92|     0.031|
|      226.71|      45.986|      521.62|     -294.91|      457.71|        92|     0.032|
|       227.3|      45.946|      505.09|     -277.79|      418.79|        92|     0.031|
|      226.58|      45.784|      518.88|      -292.3|      452.08|        92|     0.031|
|       226.8|        45.7|      509.72|     -282.92|      430.83|        92|     0.031|
|      276.29|      52.255|      484.14|     -207.85|      205.98|        95|     0.032|
|         226|      46.918|       510.8|      -284.8|      434.76|        93|     0.032|
|       264.7|      69.724|      543.94|     -279.24|      321.47|        94|     0.032|
|      225.74|      48.759|      521.09|     -295.36|      453.98|        93|     0.031|
|      225.31|      56.198|      551.47|     -326.16|      523.94|        93|     0.032|
|      224.55|       59.78|      564.69|     -340.14|      565.86|        93|     0.031|
|       263.7|      65.621|      539.66|     -275.96|      330.64|        91|     0.031|
|      223.34|      56.747|      560.07|     -336.73|      560.44|        93|     0.031|
|      221.26|      47.937|      533.15|     -311.88|      496.41|        93|     0.031|
|      220.83|      46.889|      527.96|     -307.13|      483.36|        93|     0.031|
|      222.66|      44.421|      507.87|     -285.21|      421.11|        93|     0.031|
|      220.75|      46.476|      525.67|     -304.92|      477.18|        93|     0.031|
|      254.23|       46.94|      484.04|     -229.81|      249.43|        95|     0.032|
|      220.68|      46.353|      524.25|     -303.57|      472.13|        93|     0.031|
|      220.01|      47.822|      530.32|     -310.31|      470.05|        93|     0.032|
|         219|      48.338|      533.54|     -314.54|      484.95|        93|     0.031|
|      218.19|      50.036|      539.87|     -321.68|      501.32|        93|     0.032|
|      217.94|      51.015|      541.78|     -323.84|      503.05|        93|     0.032|
|      217.76|        50.9|      540.07|     -322.31|      495.23|        93|     0.032|
|      218.24|      50.478|       532.8|     -314.56|      461.71|        93|     0.032|
|       217.7|      50.763|      538.99|      -321.3|      490.71|        93|     0.032|
|      217.86|       50.22|       534.1|     -316.24|      469.72|        93|     0.031|
|      217.67|      50.639|      538.13|     -320.47|      487.21|        93|     0.032|
|      217.81|      50.145|      533.98|     -316.17|      469.93|        93|     0.031|
|      217.66|      50.549|      537.51|     -319.85|       484.7|        93|     0.031|
|      217.82|      49.997|      533.18|     -315.36|      467.49|        93|     0.031|
|      217.65|      50.466|      536.96|     -319.31|      482.59|        93|     0.032|
|      217.89|      49.685|      531.54|     -313.65|      462.71|        94|     0.031|
|      217.65|      50.375|      536.42|     -318.77|      480.64|        93|     0.031|
|      217.76|      49.889|      533.17|     -315.41|      468.79|        93|     0.031|
|      217.65|      50.318|      536.07|     -318.42|       479.4|        93|     0.031|
|      217.65|      50.365|      536.36|     -318.71|      480.42|        93|     0.031|
|      217.65|      50.375|      536.42|     -318.77|      480.64|        93|     0.032|
Optimization result:
  message: CONVERGENCE: RELATIVE REDUCTION OF F <= FACTR*EPSMCH
  success: True
   status: 0
      fun: 217.65140909105855
        x: [-3.563e+00 -2.877e-01 ... -4.467e-01  7.053e-01]
      nit: 37
      jac: [ 8.917e-02  3.784e-01 ...  2.001e+00  6.757e-01]
     nfev: 71
     njev: 71
 hess_inv: <45x45 LbfgsInvHessProduct with dtype=float64>
|        logP|       dlogP|     y^T.K.y|     log|K| |     Cond(K)|  GPU time|  CPU time|
|------------|------------|------------|------------|------------|----------|----------|
|      1091.3|      634.26|      1935.5|     -844.19|      1915.8|        71|     0.031|
|      380.65|      21.394|      392.07|     -11.419|      42.596|        97|     0.032|
|      379.16|      21.938|      391.86|     -12.705|      42.722|        97|     0.031|
|      376.92|      22.736|      391.58|     -14.663|      42.898|        97|     0.032|
|       375.1|      23.369|      391.38|     -16.277|      43.029|        97|     0.032|
|      367.39|      25.882|      390.82|     -23.431|      43.501|        97|     0.031|
|      331.89|       31.17|      396.59|     -64.706|      55.585|        99|     0.032|
|      342.45|      112.12|      670.96|      -328.5|       218.7|     1e+02|     0.031|
|      297.52|      35.649|      490.85|     -193.33|      114.43|     1e+02|     0.032|
|       299.6|      24.476|      445.76|     -146.16|      92.788|     1e+02|     0.031|
|      297.23|      33.004|      482.77|     -185.54|      110.87|     1e+02|     0.031|
|      316.31|      28.372|      407.59|     -91.285|      67.669|        98|     0.031|
|      297.17|      31.926|      479.31|     -182.13|      109.31|        99|     0.031|
|      295.08|      29.631|      472.02|     -176.94|      107.14|        97|     0.031|
|      293.78|      29.264|      469.81|     -176.02|      106.74|        95|     0.032|
|      291.56|      29.937|      468.22|     -176.66|      108.27|        94|     0.031|
|         291|      30.668|      469.95|     -178.96|       110.6|        94|     0.031|
|      288.85|      33.804|         477|     -188.15|      120.41|        95|     0.032|
|      276.98|      49.193|      504.25|     -227.27|      179.38|        95|     0.031|
|      270.95|      52.171|      506.74|     -235.79|      201.31|        95|     0.031|
|      266.42|      53.324|      507.21|     -240.79|      216.22|        95|     0.032|
|      253.01|      56.421|       509.8|     -256.79|      257.21|        95|     0.031|
|      249.12|      58.619|      516.42|      -267.3|      275.56|        95|     0.031|
|      248.33|      59.133|      518.16|     -269.83|       279.6|        95|     0.031|
|      243.02|      56.907|      516.09|     -273.07|      283.99|        95|     0.032|
|      238.76|       48.83|      504.34|     -265.58|      267.86|        96|     0.031|
|      238.85|      44.584|      496.58|     -257.73|      258.33|        96|     0.031|
|      238.46|      47.059|      501.52|     -263.06|      264.59|        96|     0.031|
|      238.13|      43.113|      492.18|     -254.05|      255.41|        96|     0.032|
|      237.57|      42.087|       490.3|     -252.73|      256.35|        96|     0.031|
|      234.17|      39.434|      487.53|     -253.36|      272.96|        95|     0.032|
|      229.75|      38.879|      492.79|     -263.03|      314.11|        94|     0.031|
|      227.05|       39.99|      507.09|     -280.04|      380.55|        93|     0.031|
|      226.68|      41.076|      515.77|     -289.09|       404.7|        93|     0.031|
|      226.16|      42.447|      523.35|     -297.19|         420|        93|     0.031|
|       225.5|      43.863|       528.2|      -302.7|      424.79|        93|     0.032|
|       225.1|      43.948|      528.27|     -303.17|      424.12|        94|     0.031|
|      224.04|      43.289|      529.89|     -305.85|       444.3|        94|     0.031|
|      223.52|      41.039|      525.36|     -301.84|      443.54|        94|     0.031|
|         223|       38.04|      518.17|     -295.17|       436.2|        94|     0.031|
|      222.39|      36.496|      515.07|     -292.68|      437.13|        94|     0.031|
|      221.87|      36.644|      511.73|     -289.87|      432.86|        95|     0.031|
|      221.58|      38.111|      516.47|     -294.89|      444.51|        95|     0.031|
|      221.11|      41.454|      526.38|     -305.27|       469.4|        95|     0.031|
|      220.85|       40.76|      525.55|      -304.7|      468.77|        94|     0.031|
|      220.09|      37.905|      513.17|     -293.08|      434.39|        95|     0.031|
|      219.97|      38.395|      511.09|     -291.12|      428.81|        95|     0.031|
|      219.86|      38.884|      509.69|     -289.83|      426.48|        95|     0.031|
|      219.65|      39.897|      506.92|     -287.27|      422.02|        95|     0.031|
|      220.34|      42.472|      499.07|     -278.73|      402.12|        94|     0.032|
|       219.6|      40.113|      506.01|     -286.41|      420.24|        95|     0.031|
|      219.86|      41.554|      501.38|     -281.52|      409.06|        95|     0.031|
|      219.59|      40.279|      505.37|     -285.78|      418.91|        95|     0.032|
|      219.69|       41.08|      502.72|     -283.03|      412.68|        95|     0.032|
|      219.59|      40.388|      504.97|     -285.38|      418.05|        96|     0.031|
|      219.64|      40.831|      503.48|     -283.85|      414.59|        95|     0.032|
|      219.59|      40.455|      504.73|     -285.14|      417.52|        95|     0.032|
|      219.59|      40.401|      504.92|     -285.34|      417.95|        95|     0.031|
|      219.59|      40.388|      504.97|     -285.38|      418.05|        95|     0.031|
|      270.51|      61.327|      466.65|     -196.14|         228|        95|     0.031|
|      219.61|       40.98|      504.29|     -284.67|      416.83|        95|     0.031|
|      219.59|      40.493|      504.85|     -285.26|      417.85|        95|     0.031|
|       219.6|      40.813|      504.48|     -284.88|       417.2|        95|     0.031|
|      219.59|      40.551|      504.78|     -285.19|      417.74|        95|     0.031|
|      219.59|      40.505|      504.83|     -285.25|      417.83|        96|     0.031|
|      219.59|      40.493|      504.85|     -285.26|      417.85|        95|     0.031|
Optimization result:
  message: CONVERGENCE: RELATIVE REDUCTION OF F <= FACTR*EPSMCH
  success: True
   status: 0
      fun: 219.58663878373926
        x: [-3.960e+00 -2.877e-01 ... -1.971e+00  7.548e-01]
      nit: 38
      jac: [ 2.203e-01  4.343e-01 ... -3.367e-01 -6.462e+00]
     nfev: 66
     njev: 66
 hess_inv: <45x45 LbfgsInvHessProduct with dtype=float64>
|        logP|       dlogP|     y^T.K.y|     log|K| |     Cond(K)|  GPU time|  CPU time|
|------------|------------|------------|------------|------------|----------|----------|
|      899.48|      668.16|      1746.4|     -846.94|      2032.7|        70|     0.032|
|      392.92|      21.042|      404.94|     -12.019|      38.976|        97|     0.032|
|      391.52|      21.565|      404.76|     -13.235|      39.479|        97|     0.032|
|      385.64|      23.623|      404.19|     -18.547|      41.793|        97|     0.032|
|      358.13|      29.918|      406.31|     -48.172|      54.831|        96|     0.032|
|      312.29|      40.129|      447.28|     -134.99|       93.94|        95|     0.032|
|      306.89|      42.109|      453.81|     -146.92|      102.19|        93|     0.032|
|      302.48|      44.906|      460.48|     -157.99|      110.65|        93|     0.032|
|      287.88|      55.241|      486.44|     -198.56|       150.8|        91|     0.032|
|      283.23|      57.769|      493.26|     -210.03|      165.61|        91|     0.033|
|      280.15|      59.502|      498.12|     -217.96|      176.23|        91|     0.032|
|      275.46|      61.931|       505.2|     -229.73|      193.02|        91|     0.032|
|      270.91|      64.421|      512.46|     -241.55|      210.65|        90|     0.032|
|      266.55|       66.97|      519.73|     -253.18|      228.73|        90|     0.032|
|      256.47|      75.512|      542.58|     -286.11|      281.48|        90|     0.032|
|      252.13|      83.603|      561.41|     -309.29|      320.21|        89|     0.032|
|       249.5|      90.087|       574.5|        -325|      349.84|        89|     0.032|
|      246.89|      87.641|      567.55|     -320.66|       350.7|        89|     0.032|
|      242.43|      82.826|      554.34|     -311.91|      350.07|        90|     0.032|
|       223.4|      55.161|      503.91|     -280.51|      317.67|        92|     0.032|
|      222.36|      54.535|      509.97|     -287.61|      331.55|        92|     0.032|
|      216.75|      57.425|      535.93|     -319.18|      413.45|        92|     0.032|
|      215.26|      77.819|      584.47|      -369.2|      558.55|        91|     0.032|
|      214.45|      72.494|      568.79|     -354.34|      521.24|        91|     0.032|
|      213.77|      63.439|       547.1|     -333.32|      466.92|        91|     0.032|
|      213.23|      62.308|      545.36|     -332.13|       465.3|        92|     0.032|
|      212.06|        58.5|      538.86|      -326.8|      457.85|        92|     0.032|
|      209.91|      62.423|      559.19|     -349.28|      563.38|        93|     0.032|
|      207.18|      62.769|      560.48|      -353.3|      585.82|        92|     0.032|
|      205.49|      63.466|      558.03|     -352.54|      603.04|        93|     0.032|
|      203.72|      57.825|       537.9|     -334.17|      563.43|        93|     0.032|
|       202.5|      57.628|      538.29|     -335.79|      571.28|        93|     0.032|
|      202.88|      57.652|      543.44|     -340.56|      586.74|        93|     0.032|
|      201.51|      57.729|      540.94|     -339.42|      582.63|        93|     0.032|
|      201.63|      59.427|      548.83|     -347.19|      599.08|        93|     0.032|
|      201.26|      58.246|      543.73|     -342.47|      589.54|        93|     0.032|
|      201.23|      60.333|      550.66|     -349.43|      603.01|        93|     0.032|
|      201.07|      61.242|       552.4|     -351.33|      607.46|        93|     0.032|
|      200.85|      68.902|      563.98|     -363.12|      633.62|        93|     0.032|
|      200.71|      68.827|       562.3|      -361.6|       629.1|        93|     0.032|
|      200.81|      64.701|      549.08|     -348.27|      594.53|        93|     0.032|
|      200.44|      67.675|      558.63|      -358.2|      620.23|        93|     0.032|
|      200.53|      64.222|      548.65|     -348.12|      596.55|        93|     0.032|
|       200.3|      66.733|      555.95|     -355.65|       614.3|        93|     0.032|
|      200.22|      63.225|      546.58|     -346.37|       593.6|        93|     0.032|
|      199.99|      61.111|      541.55|     -341.55|      583.22|        93|     0.032|
|      199.34|      58.928|      537.29|     -337.95|      574.78|        93|     0.032|
|      199.15|      60.385|      541.75|      -342.6|      584.63|        93|     0.032|
|      199.18|      62.409|      546.37|     -347.19|      594.17|        93|     0.032|
|      199.13|      60.814|      542.75|     -343.62|      586.79|        93|     0.033|
|      199.22|      63.837|      549.25|     -350.04|      600.06|        93|     0.032|
|      199.12|      61.343|      543.93|     -344.81|      589.32|        93|     0.032|
|      199.19|      63.824|       549.1|     -349.91|      599.79|        93|     0.032|
|      199.11|      61.729|      544.75|     -345.64|      591.08|        93|     0.032|
|       199.2|      63.935|      549.24|     -350.04|      599.97|        93|     0.032|
|      199.11|      62.017|      545.35|     -346.24|      592.33|        93|     0.032|
|      199.19|      63.933|      549.22|     -350.03|      599.93|        93|     0.032|
|      199.11|      62.237|      545.81|      -346.7|      593.27|        93|     0.032|
|      199.11|      62.065|      545.45|     -346.34|      592.54|        93|     0.032|
|      199.11|      62.179|      545.68|     -346.58|      593.03|        93|     0.032|
|      199.11|      62.217|      545.76|     -346.66|      593.19|        93|     0.032|
Optimization result:
  message: CONVERGENCE: RELATIVE REDUCTION OF F <= FACTR*EPSMCH
  success: True
   status: 0
      fun: 199.1088432723202
        x: [-3.933e+00 -2.877e-01 ...  7.256e-01 -3.301e-01]
      nit: 40
      jac: [ 3.550e-01  8.786e-01 ...  2.383e-01 -1.263e-01]
     nfev: 61
     njev: 61
 hess_inv: <45x45 LbfgsInvHessProduct with dtype=float64>
|        logP|       dlogP|     y^T.K.y|     log|K| |     Cond(K)|  GPU time|  CPU time|
|------------|------------|------------|------------|------------|----------|----------|
|      994.46|      666.52|      1838.4|     -843.97|      1896.6|        71|     0.032|
|      397.28|      25.039|      402.36|     -5.0825|      35.093|        98|     0.032|
|      395.59|      25.756|      401.86|     -6.2743|      35.785|        98|     0.032|
|      388.38|      28.475|      399.95|     -11.574|      38.883|        98|     0.032|
|      354.65|      35.004|      397.88|     -43.229|      55.593|     1e+02|     0.032|
|      317.78|      31.969|       421.3|     -103.52|      87.013|     1e+02|     0.032|
|      312.55|      31.224|      428.82|     -116.27|      95.925|     1e+02|     0.032|
|      299.33|      31.093|      460.43|     -161.11|      137.62|        99|     0.032|
|      295.01|      77.016|      592.62|     -297.61|      322.92|        95|     0.032|
|      293.78|      36.622|      492.23|     -198.45|      181.31|        98|     0.032|
|      291.98|      40.374|         505|     -213.02|      201.78|        96|     0.032|
|      290.99|       41.09|      507.33|     -216.34|      208.69|        97|     0.032|
|      290.09|      41.457|      508.54|     -218.45|      213.95|        96|     0.032|
|      286.53|      43.062|      513.63|      -227.1|      235.73|        96|     0.032|
|       283.7|      44.513|      518.02|     -234.32|      253.95|        96|     0.032|
|       282.8|      44.706|      518.55|     -235.75|      258.74|        96|     0.032|
|      281.83|      45.145|      519.79|     -237.96|      264.79|        95|     0.032|
|      277.99|       46.98|      525.08|     -247.09|      289.37|        95|     0.032|
|      274.33|       48.86|       530.7|     -256.37|      313.68|        95|     0.032|
|      273.24|      49.286|      532.05|     -258.81|      320.46|        95|     0.032|
|      271.63|      49.915|      534.15|     -262.52|      330.59|        95|     0.032|
|      270.51|      50.326|      535.61|     -265.09|      337.59|        95|     0.032|
|      266.23|       51.95|      541.92|     -275.68|      365.37|        94|     0.032|
|      265.05|      52.438|      543.92|     -278.87|      373.45|        94|     0.032|
|      264.08|      51.599|      542.14|     -278.06|      374.36|        94|     0.032|
|      260.53|      48.447|      535.18|     -274.65|      376.56|        94|     0.032|
|      259.91|      47.886|      533.87|     -273.96|      376.72|        95|     0.032|
|      247.73|      51.284|      533.33|      -285.6|      426.33|        95|     0.032|
|      248.97|      48.133|       535.5|     -286.53|      420.27|        95|     0.032|
|      247.88|      49.292|      535.66|     -287.78|      425.63|        95|     0.032|
|      248.16|      48.432|      534.18|     -286.03|      421.61|        95|     0.032|
|      247.91|      49.196|       535.5|      -287.6|       425.2|        95|     0.032|
|      247.88|      49.282|      535.65|     -287.76|      425.59|        95|     0.032|
|      247.88|      49.291|      535.66|     -287.78|      425.63|        95|     0.032|
|      247.88|      49.292|      535.66|     -287.78|      425.63|        95|     0.032|
|      247.88|      49.292|      535.66|     -287.78|      425.63|        95|     0.032|
|      247.88|      49.292|      535.66|     -287.78|      425.63|        95|     0.032|
|      247.88|      49.292|      535.66|     -287.78|      425.63|        95|     0.032|
Optimization result:
  message: CONVERGENCE: RELATIVE REDUCTION OF F <= FACTR*EPSMCH
  success: True
   status: 0
      fun: 247.87982456460276
        x: [-3.280e+00 -2.877e-01 ... -8.317e-01 -9.899e-01]
      nit: 15
      jac: [ 6.677e-01  1.340e+00 ...  4.984e-01 -3.595e+00]
     nfev: 38
     njev: 38
 hess_inv: <45x45 LbfgsInvHessProduct with dtype=float64>
Running seed: 13
|        logP|       dlogP|     y^T.K.y|     log|K| |     Cond(K)|  GPU time|  CPU time|
|------------|------------|------------|------------|------------|----------|----------|
|      1024.5|      706.83|      1867.2|     -842.66|      1929.6|        72|     0.031|
|      395.76|      20.865|      405.03|     -9.2653|       33.66|        99|     0.031|
|      394.49|      21.338|       404.9|     -10.414|       33.71|        99|     0.031|
|       389.1|      23.157|      404.49|     -15.398|      35.721|     1e+02|     0.031|
|      363.91|       28.57|      406.59|     -42.679|      45.305|     1e+02|     0.032|
|      314.82|      58.268|      551.51|     -236.69|      183.79|   1.1e+02|     0.032|
|      330.67|      29.216|      428.65|     -97.988|      71.093|     1e+02|     0.031|
|      312.69|       49.52|      525.89|      -213.2|       159.8|   1.1e+02|     0.031|
|       312.3|      41.035|      498.64|     -186.34|      134.18|     1e+02|     0.031|
|      321.99|      29.651|      444.29|      -122.3|      82.855|     1e+02|     0.032|
|      312.34|      40.708|      497.51|     -185.18|      133.12|     1e+02|     0.031|
|       312.3|      41.018|      498.58|     -186.27|      134.12|     1e+02|     0.032|
|       312.3|      41.034|      498.63|     -186.33|      134.18|     1e+02|     0.031|
|       312.3|      41.035|      498.64|     -186.34|      134.18|     1e+02|     0.031|
|       312.3|      41.035|      498.64|     -186.34|      134.18|     1e+02|     0.032|
|       312.3|      41.035|      498.64|     -186.34|      134.18|     1e+02|     0.032|
|       312.3|      41.035|      498.64|     -186.34|      134.18|     1e+02|     0.031|
|       312.3|      41.035|      498.64|     -186.34|      134.18|     1e+02|     0.031|
|       312.3|      41.035|      498.64|     -186.34|      134.18|     1e+02|     0.031|
Optimization result:
  message: CONVERGENCE: RELATIVE REDUCTION OF F <= FACTR*EPSMCH
  success: True
   status: 0
      fun: 312.3007928494469
        x: [-3.520e+00 -1.481e-01 ... -1.254e+00 -2.003e+00]
      nit: 3
      jac: [ 1.530e-01  1.651e-01 ... -5.653e-02 -5.942e-01]
     nfev: 19
     njev: 19
 hess_inv: <45x45 LbfgsInvHessProduct with dtype=float64>
|        logP|       dlogP|     y^T.K.y|     log|K| |     Cond(K)|  GPU time|  CPU time|
|------------|------------|------------|------------|------------|----------|----------|
|      1146.4|      732.43|      1992.6|     -846.25|      1970.9|        70|     0.031|
|      390.23|      19.115|      393.32|     -3.0917|      42.595|        98|     0.032|
|      389.47|      19.376|      393.24|     -3.7636|      42.664|        97|     0.031|
|      386.34|      20.417|      392.94|     -6.6003|      42.926|        97|     0.031|
|      372.31|      24.274|      393.07|     -20.756|      43.779|        98|     0.032|
|      318.39|      35.526|      457.78|     -139.39|      121.94|        99|     0.031|
|      320.65|      77.654|      563.14|     -242.49|      244.51|   1.1e+02|     0.032|
|      315.46|       47.35|      494.99|     -179.53|      164.89|     1e+02|     0.031|
|      316.08|      41.283|      477.69|     -161.61|      144.86|     1e+02|     0.031|
|      316.01|      56.329|      517.34|     -201.34|      190.96|     1e+02|     0.032|
|      315.96|      41.888|      479.54|     -163.58|         147|     1e+02|     0.031|
|      315.35|      42.211|      480.84|     -165.49|      149.86|     1e+02|     0.031|
|      315.33|      42.222|      480.89|     -165.55|      149.96|     1e+02|     0.032|
|      314.92|      42.254|      480.88|     -165.96|      151.02|     1e+02|     0.032|
|      313.27|       42.38|      480.85|     -167.59|      155.29|     1e+02|     0.031|
|      308.44|      42.783|      480.91|     -172.47|      168.18|        99|     0.032|
|      307.63|      44.836|      487.08|     -179.45|      177.61|        99|     0.032|
|      304.69|      51.544|      505.35|     -200.66|      210.04|     1e+02|     0.033|
|      299.28|      63.131|      533.81|     -234.53|      270.62|        99|     0.033|
|      294.97|      111.95|      650.79|     -355.82|      519.33|        97|     0.031|
|      294.77|      72.565|      556.53|     -261.76|      324.54|        99|     0.032|
|      339.74|      184.72|      807.02|     -467.28|      780.38|        95|     0.032|
|      288.81|      94.827|      611.76|     -322.95|      452.71|        97|     0.032|
|      282.51|      87.829|      597.44|     -314.93|       440.8|        97|     0.032|
|      262.68|      67.873|      542.44|     -279.75|      344.68|        95|     0.032|
|      263.11|      73.982|      570.68|     -307.57|      421.77|        96|     0.031|
|      257.72|      47.906|      495.47|     -237.76|      292.16|        96|     0.031|
|       256.6|      43.222|      476.04|     -219.44|       257.5|        96|     0.031|
|      254.21|      42.186|      475.35|     -221.13|      265.92|        98|     0.032|
|      250.01|      45.355|      495.54|     -245.53|       317.6|        98|     0.031|
|      265.42|      97.374|      633.28|     -367.87|      635.47|        98|     0.032|
|      248.02|       48.71|       512.3|     -264.28|      360.49|        98|     0.032|
|       262.5|      88.973|      618.22|     -355.72|      612.05|        98|     0.031|
|      247.19|      51.117|       523.3|     -276.11|      390.19|        98|     0.032|
|      249.03|      61.715|      560.65|     -311.62|      494.99|        98|     0.031|
|      246.67|      52.788|      531.55|     -284.88|      415.15|        98|     0.031|
|      245.98|      52.494|      537.28|      -291.3|      445.55|        98|     0.032|
|      244.57|      47.593|      523.52|     -278.96|      416.86|        99|     0.031|
|      243.38|      41.013|      500.07|     -256.68|      365.53|     1e+02|     0.032|
|      243.02|      40.692|      497.95|     -254.93|      360.45|     1e+02|     0.031|
|      240.63|      41.468|      496.97|     -256.34|      357.82|     1e+02|     0.032|
|      237.13|      43.774|      500.75|     -263.63|      361.17|     1e+02|     0.031|
|      234.55|      50.759|      515.31|     -280.76|      363.44|     1e+02|     0.031|
|      234.01|      55.624|      526.28|     -292.27|      386.34|     1e+02|     0.032|
|      231.15|      53.676|       515.1|     -283.95|      377.29|     1e+02|     0.031|
|      229.38|      46.639|      496.42|     -267.04|      344.82|     1e+02|     0.032|
|      229.26|      45.867|      494.23|     -264.97|      340.91|     1e+02|     0.032|
|      228.84|      42.252|      483.91|     -255.07|      319.93|     1e+02|     0.031|
|       229.1|      39.958|      476.98|     -247.88|      303.58|     1e+02|     0.032|
|      228.82|      41.765|      482.58|     -253.76|      316.78|     1e+02|     0.031|
|      228.95|      40.542|      478.94|        -250|      308.19|     1e+02|     0.032|
|      228.83|      41.513|      481.87|     -253.04|       315.1|     1e+02|     0.032|
|      228.82|      41.712|      482.43|     -253.61|      316.43|     1e+02|     0.031|
|      228.82|      41.765|      482.58|     -253.76|      316.78|     1e+02|     0.031|
|      228.56|      41.644|      482.98|     -254.42|      317.01|     1e+02|     0.032|
|      227.69|      41.236|       484.5|     -256.82|      317.52|     1e+02|     0.031|
|      226.39|      44.677|      499.18|     -272.79|      324.98|     1e+02|     0.032|
|       285.2|      49.814|      400.47|     -115.27|      128.32|   1.1e+02|     0.032|
|      226.44|      40.477|      487.69|     -261.24|      310.14|     1e+02|     0.032|
|      226.33|      43.411|      496.02|      -269.7|      320.98|     1e+02|     0.031|
|      229.58|      36.474|      465.09|     -235.51|      271.08|     1e+02|     0.031|
|       226.5|      41.301|      489.88|     -263.39|      311.43|     1e+02|     0.032|
|      226.34|       42.97|      494.81|     -268.47|      319.11|     1e+02|     0.031|
|      226.33|      43.323|      495.79|     -269.45|      320.62|     1e+02|     0.032|
|      226.33|      43.394|      495.98|     -269.65|      320.91|     1e+02|     0.032|
|      226.33|      43.408|      496.01|     -269.69|      320.97|     1e+02|     0.031|
|      226.33|       43.41|      496.02|     -269.69|      320.98|     1e+02|     0.032|
|      226.33|      43.411|      496.02|     -269.69|      320.98|     1e+02|     0.031|
|      226.33|      43.411|      496.02|      -269.7|      320.98|     1e+02|     0.031|
|      226.33|      43.411|      496.02|      -269.7|      320.98|     1e+02|     0.031|
|      226.33|      43.411|      496.02|      -269.7|      320.98|     1e+02|     0.031|
|      226.33|      43.411|      496.02|      -269.7|      320.98|     1e+02|     0.032|
|      226.33|      43.411|      496.02|      -269.7|      320.98|     1e+02|     0.032|
Optimization result:
  message: CONVERGENCE: RELATIVE REDUCTION OF F <= FACTR*EPSMCH
  success: True
   status: 0
      fun: 226.32806505623262
        x: [-4.263e+00 -2.877e-01 ... -2.286e+00  3.193e+00]
      nit: 35
      jac: [ 1.123e-01  3.387e-01 ... -4.293e-01 -3.483e+00]
     nfev: 73
     njev: 73
 hess_inv: <45x45 LbfgsInvHessProduct with dtype=float64>
|        logP|       dlogP|     y^T.K.y|     log|K| |     Cond(K)|  GPU time|  CPU time|
|------------|------------|------------|------------|------------|----------|----------|
|      957.73|      627.94|      1801.5|     -843.79|      1971.6|        70|     0.031|
|       380.9|      30.304|      387.25|     -6.3559|      34.653|        97|     0.031|
|      378.77|      31.059|      386.45|     -7.6835|      35.319|        97|     0.031|
|      369.78|      33.847|      383.37|     -13.594|      38.197|        98|     0.032|
|      329.24|      38.763|      377.94|     -48.702|      52.665|   1.1e+02|     0.032|
|      310.14|      36.666|      382.82|      -72.68|      61.613|   1.1e+02|     0.032|
|      302.07|      35.208|      387.18|     -85.113|      66.683|   1.1e+02|     0.032|
|      294.56|      33.482|      393.05|     -98.497|      72.587|   1.1e+02|     0.031|
|      277.23|      30.131|      418.03|      -140.8|      97.221|   1.1e+02|     0.032|
|      283.59|      121.21|      669.97|     -386.37|      404.02|     1e+02|     0.031|
|      259.98|      57.193|      526.13|     -266.15|      224.09|     1e+02|     0.031|
|       264.2|      36.631|      464.27|     -200.07|      148.56|   1.1e+02|     0.032|
|       259.2|      45.134|      492.55|     -233.35|      187.75|     1e+02|     0.031|
|      249.35|      50.552|      512.83|     -263.48|      245.41|        92|     0.031|
|      248.62|      47.235|      502.61|     -253.99|      235.56|        93|     0.032|
|      245.78|      42.564|      485.08|      -239.3|      227.07|        93|     0.032|
|      240.34|      39.901|      468.72|     -228.39|      231.51|        93|     0.031|
|      225.58|      40.756|      434.02|     -208.44|      252.62|        92|     0.032|
|      220.12|      47.236|      421.96|     -201.85|      256.73|        93|     0.032|
|       209.8|      43.089|      448.23|     -238.43|      315.01|        92|     0.031|
|      210.06|      72.325|      570.96|     -360.89|      534.51|        91|     0.031|
|      202.75|      47.598|       505.5|     -302.75|      426.29|        92|     0.031|
|      203.51|      54.726|      535.39|     -331.88|      480.86|        91|     0.031|
|      202.44|      48.698|      512.11|     -309.67|      439.58|        91|     0.031|
|      203.58|      48.441|      521.64|     -318.06|      451.89|        91|     0.032|
|         202|      48.285|      515.13|     -313.13|      446.62|        91|     0.032|
|       201.9|      46.588|      513.86|     -311.95|       443.8|        91|     0.031|
|      201.69|      45.965|      512.49|      -310.8|      441.49|        91|     0.032|
|      199.54|       41.98|       503.1|     -303.56|      426.96|        91|     0.032|
|      193.74|      36.379|      494.25|     -300.51|      414.56|        91|     0.032|
|      191.63|      36.526|      500.81|     -309.17|      427.55|        91|     0.031|
|      191.05|      38.091|      509.09|     -318.05|      444.84|        91|     0.031|
|       190.8|      38.473|      511.51|     -320.71|      452.75|        91|     0.032|
|      190.18|      37.203|      508.72|     -318.53|      452.82|        91|     0.031|
|      189.52|      35.133|      502.93|     -313.41|      447.56|        91|     0.032|
|      189.38|      34.735|      501.46|     -312.07|      445.28|        91|     0.032|
|      189.12|      34.927|      502.17|     -313.05|      445.42|        91|     0.031|
|      188.93|      35.747|      505.43|      -316.5|      449.89|        91|     0.031|
|      188.83|      36.815|       509.6|     -320.77|      456.55|        91|     0.031|
|      188.82|      37.976|      513.47|     -324.65|      462.82|        91|     0.032|
|      189.05|      40.545|       519.8|     -330.74|      471.56|        91|     0.032|
|      188.81|      38.414|      514.69|     -325.88|       464.6|        91|     0.031|
|      189.13|       41.46|      520.59|     -331.45|      469.91|        90|     0.031|
|      188.79|      38.995|      516.04|     -327.25|      466.06|        91|     0.031|
|      188.93|      41.365|      518.71|     -329.78|      462.37|        91|     0.031|
|      188.72|      39.557|      516.91|     -328.19|      465.68|        91|     0.032|
|       188.1|      36.664|      501.94|     -313.84|      427.03|        91|     0.032|
|      187.91|      35.986|      500.62|     -312.71|       426.8|        91|     0.031|
|      187.74|      34.876|      498.26|     -310.52|      427.29|        91|     0.032|
|       187.7|      34.699|      498.16|     -310.45|      428.54|        91|     0.031|
|      187.59|      34.094|      499.01|     -311.42|      437.69|        91|     0.031|
|      187.57|      34.129|      500.28|      -312.7|      442.45|        91|     0.031|
|      187.64|      34.509|       502.5|     -314.86|      449.11|        91|     0.031|
|      187.57|      34.175|      500.62|     -313.05|      443.51|        91|     0.032|
Optimization result:
  message: CONVERGENCE: RELATIVE REDUCTION OF F <= FACTR*EPSMCH
  success: True
   status: 0
      fun: 187.57327488609292
        x: [-3.085e+00 -2.877e-01 ... -9.993e-01 -6.448e-01]
      nit: 40
      jac: [ 2.681e-01  5.886e-01 ...  5.907e-01  9.269e-01]
     nfev: 54
     njev: 54
 hess_inv: <45x45 LbfgsInvHessProduct with dtype=float64>
|        logP|       dlogP|     y^T.K.y|     log|K| |     Cond(K)|  GPU time|  CPU time|
|------------|------------|------------|------------|------------|----------|----------|
|      1026.1|      691.06|        1872|     -845.91|        1915|        71|     0.032|
|      396.21|      21.849|      404.81|      -8.604|      38.472|        97|     0.032|
|      394.67|      22.512|      404.43|     -9.7667|      39.018|        97|     0.032|
|      388.07|      25.046|      403.08|     -15.008|       41.66|        96|     0.032|
|      356.95|      31.551|      404.31|     -47.361|      57.968|        96|     0.032|
|      317.35|      28.619|      457.78|     -140.43|      104.88|        95|     0.032|
|      315.87|      29.588|      462.19|     -146.32|      109.56|        95|     0.032|
|      305.01|      52.902|      526.27|     -221.26|      195.92|        94|     0.032|
|      306.38|      43.731|      503.36|     -196.98|      164.58|        94|     0.032|
|      305.08|      51.962|      523.98|     -218.89|      192.73|        93|     0.032|
|      305.02|      52.793|         526|     -220.98|      195.55|        93|     0.032|
|      305.01|      52.889|      526.24|     -221.23|      195.88|        93|     0.032|
|      305.01|      52.901|      526.27|     -221.26|      195.92|        93|     0.032|
|      305.01|      52.902|      526.27|     -221.26|      195.92|        94|     0.032|
|      305.01|      52.901|      526.27|     -221.26|      195.92|        94|     0.032|
|      305.01|      52.902|      526.27|     -221.26|      195.92|        94|     0.032|
|      305.01|      52.902|      526.27|     -221.26|      195.92|        94|     0.032|
|      305.01|      52.902|      526.27|     -221.26|      195.92|        94|     0.032|
Optimization result:
  message: CONVERGENCE: RELATIVE REDUCTION OF F <= FACTR*EPSMCH
  success: True
   status: 0
      fun: 305.0106318724544
        x: [-3.388e+00 -2.129e-01 ...  8.370e-02 -2.004e+00]
      nit: 5
      jac: [ 3.221e-01  6.345e-01 ... -2.504e-01 -1.256e+00]
     nfev: 18
     njev: 18
 hess_inv: <45x45 LbfgsInvHessProduct with dtype=float64>
|        logP|       dlogP|     y^T.K.y|     log|K| |     Cond(K)|  GPU time|  CPU time|
|------------|------------|------------|------------|------------|----------|----------|
|      1021.4|      643.57|      1866.8|     -845.33|        1945|        70|     0.032|
|      380.88|      25.331|      404.66|     -23.774|      44.007|        98|     0.032|
|       378.9|      26.072|      404.25|     -25.352|      44.943|        98|     0.032|
|       370.4|      28.805|      402.71|     -32.315|      48.968|        98|     0.032|
|      330.23|      34.687|      402.46|     -72.235|      68.642|        98|     0.032|
|      291.89|      33.599|      424.42|     -132.54|      99.241|        97|     0.032|
|      285.33|      33.854|      432.29|     -146.96|      108.68|        96|     0.032|
|       289.5|      129.84|      706.35|     -416.85|      492.62|        86|     0.032|
|      264.19|      70.804|      558.21|     -294.02|      274.18|        91|     0.032|
|      269.42|      39.747|      468.11|     -198.69|      152.92|        95|     0.032|
|      263.88|      49.867|      501.42|     -237.54|      197.19|        93|     0.032|
|      264.94|      45.244|      486.89|     -221.94|      179.55|        94|     0.032|
|      263.95|      49.342|      499.84|     -235.88|      195.27|        93|     0.032|
|      263.89|      49.806|      501.23|     -237.35|      196.97|        94|     0.032|
|      263.88|       49.86|      501.39|     -237.52|      197.17|        94|     0.032|
|      263.88|      49.866|      501.41|     -237.54|      197.19|        93|     0.032|
|      263.88|      49.867|      501.42|     -237.54|      197.19|        94|     0.032|
|      263.88|      49.867|      501.42|     -237.54|      197.19|        94|     0.032|
|      263.88|      49.867|      501.42|     -237.54|      197.19|        93|     0.032|
|      263.88|      49.867|      501.42|     -237.54|      197.19|        93|     0.032|
Optimization result:
  message: CONVERGENCE: RELATIVE REDUCTION OF F <= FACTR*EPSMCH
  success: True
   status: 0
      fun: 263.87796413842557
        x: [-3.289e+00 -1.760e-01 ... -8.747e-01 -1.812e+00]
      nit: 6
      jac: [ 4.325e-01  6.584e-01 ... -4.626e-01 -1.496e+00]
     nfev: 20
     njev: 20
 hess_inv: <45x45 LbfgsInvHessProduct with dtype=float64>
Running seed: 42
|        logP|       dlogP|     y^T.K.y|     log|K| |     Cond(K)|  GPU time|  CPU time|
|------------|------------|------------|------------|------------|----------|----------|
|      1037.1|      695.26|      1880.6|     -843.51|      1968.1|        71|     0.032|
|      378.14|      25.559|      389.31|     -11.168|      34.835|        98|     0.032|
|      376.79|      25.997|      388.94|     -12.147|      35.312|        98|     0.031|
|      371.15|       27.62|      387.55|     -16.395|      37.518|        99|     0.031|
|      345.88|       31.25|      385.51|     -39.624|      48.674|     1e+02|     0.032|
|      315.43|      28.229|      400.06|     -84.628|      68.414|     1e+02|     0.031|
|      310.93|      27.498|      405.01|     -94.073|      73.079|     1e+02|     0.031|
|      295.76|       28.93|      438.06|      -142.3|      106.85|     1e+02|     0.031|
|      289.31|      52.071|      505.82|     -216.51|      190.39|        97|     0.032|
|      290.77|      37.523|      468.82|     -178.05|      143.04|   1.1e+02|     0.032|
|      290.01|      39.424|      474.47|     -184.46|       150.9|     1e+02|     0.032|
|      289.44|      39.739|      475.55|     -186.11|      153.74|   1.2e+02|     0.032|
|      289.26|       39.26|      474.27|     -185.02|      152.99|   1.4e+02|     0.032|
|      288.58|      37.445|      469.22|     -180.63|      149.97|   1.4e+02|     0.032|
|      275.35|      38.439|      464.61|     -189.25|      187.66|   1.3e+02|     0.032|
|      261.48|      43.563|      476.71|     -215.23|      250.82|   1.3e+02|     0.032|
|      246.24|      50.065|       500.7|     -254.46|      336.18|   1.3e+02|     0.032|
|      237.35|      56.649|         525|     -287.65|      401.97|   1.3e+02|     0.032|
|      236.74|       55.31|      520.93|      -284.2|      395.64|   1.3e+02|     0.032|
|      235.83|      52.127|      510.47|     -274.64|      378.16|   1.3e+02|     0.032|
|      234.74|      50.915|      505.84|      -271.1|      372.02|   1.3e+02|     0.031|
|      232.42|      49.268|      498.92|     -266.51|      365.85|   1.3e+02|     0.032|
|      228.35|      48.175|      490.25|      -261.9|      371.55|   1.3e+02|     0.032|
|      225.91|       47.93|      493.08|     -267.17|      389.57|   1.5e+02|     0.032|
|      220.75|      52.026|      527.44|     -306.69|      488.45|   1.5e+02|     0.032|
|      218.15|      49.954|      521.82|     -303.68|      471.05|   1.5e+02|     0.032|
|      217.27|      48.812|      517.87|     -300.59|      456.91|   1.5e+02|     0.032|
|      216.81|      48.033|      514.99|     -298.18|      445.17|   1.5e+02|     0.032|
|      215.74|      47.777|      514.54|      -298.8|       432.5|   1.5e+02|     0.032|
|      215.59|      48.201|      516.96|     -301.37|      438.83|   1.5e+02|     0.032|
|      214.74|      47.374|       514.9|     -300.16|      398.51|   1.5e+02|     0.032|
|      214.78|      47.127|         514|     -299.21|      394.04|   1.5e+02|     0.032|
|      214.74|      47.355|      514.83|     -300.09|      398.18|   1.5e+02|     0.032|
|      214.74|      47.372|      514.89|     -300.15|      398.48|   1.5e+02|     0.032|
|      214.74|      47.374|       514.9|     -300.16|       398.5|   1.5e+02|     0.032|
|      214.74|      47.374|       514.9|     -300.16|      398.51|   1.4e+02|     0.032|
|      214.74|      47.374|       514.9|     -300.16|      398.51|   1.3e+02|     0.032|
|      214.74|      47.374|       514.9|     -300.16|      398.51|   1.2e+02|     0.032|
|      214.74|      47.374|       514.9|     -300.16|      398.51|   1.2e+02|     0.032|
|      214.74|      47.374|       514.9|     -300.16|      398.51|   1.2e+02|     0.031|
|      214.74|      47.374|       514.9|     -300.16|      398.51|   1.2e+02|     0.032|
Optimization result:
  message: CONVERGENCE: RELATIVE REDUCTION OF F <= FACTR*EPSMCH
  success: True
   status: 0
      fun: 214.7386335151926
        x: [-3.470e+00 -2.877e-01 ... -1.367e+00 -7.820e-01]
      nit: 26
      jac: [ 6.379e-02  4.546e-01 ... -7.918e-02 -3.755e-01]
     nfev: 41
     njev: 41
 hess_inv: <45x45 LbfgsInvHessProduct with dtype=float64>
|        logP|       dlogP|     y^T.K.y|     log|K| |     Cond(K)|  GPU time|  CPU time|
|------------|------------|------------|------------|------------|----------|----------|
|      1004.3|      665.97|        1846|     -841.77|      1946.2|        86|     0.032|
|       387.4|      24.211|      400.75|     -13.352|       33.66|   1.2e+02|     0.032|
|      385.58|      24.928|      400.26|     -14.681|      33.719|   1.2e+02|     0.032|
|      377.76|      27.716|      398.32|     -20.562|      34.578|   1.2e+02|     0.031|
|      340.21|      35.455|      395.35|     -55.134|      52.428|   1.2e+02|     0.032|
|       279.8|      42.838|       464.2|      -184.4|      119.74|   1.3e+02|     0.032|
|      895.36|       588.4|      1637.6|     -742.24|      1117.4|        65|     0.031|
|      316.72|       166.1|      707.29|     -390.57|      359.55|   1.2e+02|     0.032|
|      275.01|      60.422|      505.31|      -230.3|      159.96|   1.1e+02|     0.031|
|      276.57|       50.32|      483.13|     -206.56|      137.94|        99|     0.032|
|      323.02|      136.04|      646.87|     -323.84|       380.8|        86|     0.031|
|      270.24|      63.374|      511.61|     -241.37|      189.46|        97|     0.031|
|      269.59|      54.273|      490.84|     -221.25|      170.11|        94|     0.031|
|       259.8|      54.537|      495.32|     -235.52|      201.54|        92|     0.031|
|      250.75|      58.813|      510.54|     -259.79|      250.68|        91|     0.031|
|      243.08|      61.831|      521.28|     -278.19|      294.16|        91|     0.031|
|      241.96|      62.387|      523.15|     -281.18|      301.31|        91|     0.031|
|       239.9|      62.884|      525.85|     -285.96|      312.15|        90|     0.032|
|      240.97|      113.48|      648.99|     -408.03|       615.2|        87|     0.031|
|      227.48|      85.795|      585.21|     -357.73|      488.55|        88|     0.031|
|      231.35|       70.48|      547.12|     -315.76|      385.68|        89|     0.031|
|      223.41|      73.439|      550.65|     -327.24|      447.08|        89|     0.031|
|      221.94|      64.523|      526.48|     -304.54|      404.69|        90|     0.032|
|      214.05|      61.857|      529.35|      -315.3|      440.49|        90|     0.031|
|      207.15|      63.785|      546.76|     -339.61|      502.09|        90|     0.031|
|      203.97|      60.272|      535.81|     -331.84|      491.64|        90|     0.031|
|       200.5|      59.292|      534.18|     -333.69|      512.93|        90|     0.032|
|      198.64|      61.246|      537.81|     -339.17|      562.29|        90|     0.031|
|      197.27|      59.386|      535.36|     -338.09|      551.12|        91|     0.032|
|      196.74|      60.695|       539.7|     -342.96|       560.1|        91|     0.032|
|      196.61|      61.786|      543.08|     -346.47|       566.7|        91|     0.031|
|      196.46|      64.185|      549.89|     -353.43|      581.85|        91|     0.031|
|      196.35|      65.089|      552.24|     -355.89|      588.04|        91|     0.032|
|      196.12|      66.327|      554.92|      -358.8|      596.03|        91|     0.031|
|      195.61|      65.782|      552.56|     -356.95|      590.52|        91|     0.031|
|      195.15|      62.185|      538.84|     -343.69|      553.45|        92|     0.032|
|      197.05|      58.595|      519.89|     -322.84|      494.96|        93|     0.032|
|       195.2|      61.689|      536.73|     -341.53|      547.24|        92|     0.031|
|      195.16|      62.096|      538.47|     -343.32|      552.37|        92|     0.031|
|      195.15|      62.169|      538.77|     -343.62|      553.24|        92|     0.032|
|      195.15|      62.182|      538.83|     -343.68|      553.41|        92|     0.032|
|      195.15|      62.185|      538.84|     -343.69|      553.44|        92|     0.032|
|      195.15|      62.183|      538.83|     -343.68|      553.42|        92|     0.031|
|      195.15|      62.184|      538.84|     -343.69|      553.43|        92|     0.032|
|      195.15|      62.183|      538.84|     -343.68|      553.42|        92|     0.031|
|      195.15|      62.184|      538.84|     -343.69|      553.43|        92|     0.032|
|      195.15|      62.184|      538.84|     -343.69|      553.43|        92|     0.031|
|      195.15|      62.184|      538.84|     -343.69|      553.43|        92|     0.031|
|      195.15|      62.184|      538.84|     -343.69|      553.43|        93|     0.032|
Optimization result:
  message: CONVERGENCE: RELATIVE REDUCTION OF F <= FACTR*EPSMCH
  success: True
   status: 0
      fun: 195.15352228839504
        x: [-3.612e+00 -2.877e-01 ... -2.994e-02 -1.171e-01]
      nit: 26
      jac: [ 5.786e-01  1.615e+00 ...  1.772e+00 -3.947e-01]
     nfev: 49
     njev: 49
 hess_inv: <45x45 LbfgsInvHessProduct with dtype=float64>
|        logP|       dlogP|     y^T.K.y|     log|K| |     Cond(K)|  GPU time|  CPU time|
|------------|------------|------------|------------|------------|----------|----------|
|      1079.8|       729.8|      1926.3|     -846.52|      1965.9|        71|     0.031|
|      394.23|       18.53|      408.28|     -14.053|      36.595|        99|     0.031|
|      393.04|      19.032|      408.26|     -15.225|      36.852|        99|     0.032|
|      387.96|      20.973|      408.31|     -20.345|      38.139|        99|     0.031|
|      364.34|      26.006|       413.6|     -49.259|       48.24|        99|     0.031|
|      326.12|      63.512|      531.04|     -204.92|       177.9|     1e+02|     0.031|
|      333.42|      33.621|      454.96|     -121.55|      91.072|     1e+02|     0.031|
|      325.86|      59.314|      521.42|     -195.55|      166.75|     1e+02|     0.032|
|      326.13|      51.163|      502.08|     -175.95|      144.41|     1e+02|     0.032|
|      328.96|      40.129|      473.97|     -145.01|      112.39|     1e+02|     0.031|
|      326.15|      51.032|      501.76|     -175.61|      144.05|     1e+02|     0.032|
|      326.13|      51.161|      502.08|     -175.94|      144.41|        99|     0.032|
|      326.13|      51.163|      502.08|     -175.95|      144.41|        99|     0.031|
|      326.13|      51.164|      502.08|     -175.95|      144.41|     1e+02|     0.031|
|      326.13|      51.164|      502.08|     -175.95|      144.41|     1e+02|     0.031|
|      326.13|      51.164|      502.08|     -175.95|      144.41|     1e+02|     0.031|
|      326.13|      51.163|      502.08|     -175.95|      144.41|     1e+02|     0.031|
Optimization result:
  message: CONVERGENCE: RELATIVE REDUCTION OF F <= FACTR*EPSMCH
  success: True
   status: 0
      fun: 326.1330140375162
        x: [-3.542e+00 -1.572e-01 ... -1.291e+00 -1.875e+00]
      nit: 3
      jac: [ 1.537e-01  1.398e-01 ... -4.010e-02 -7.599e-01]
     nfev: 17
     njev: 17
 hess_inv: <45x45 LbfgsInvHessProduct with dtype=float64>
|        logP|       dlogP|     y^T.K.y|     log|K| |     Cond(K)|  GPU time|  CPU time|
|------------|------------|------------|------------|------------|----------|----------|
|      973.26|      612.22|      1820.2|     -846.94|        1916|        71|     0.032|
|      393.69|       24.51|      397.91|     -4.2215|      34.829|        98|     0.032|
|      392.11|      25.156|      397.49|      -5.385|       35.37|        97|     0.032|
|      385.39|      27.724|      395.88|     -10.496|        37.9|        99|     0.032|
|      352.86|      36.033|      392.75|     -39.885|      51.192|        99|     0.032|
|      282.95|      32.491|      448.14|     -165.19|      140.93|     1e+02|     0.032|
|      278.67|      33.461|      457.41|     -178.75|      157.87|        99|     0.032|
|      271.56|      95.301|      657.74|     -386.18|         511|        92|     0.032|
|      269.85|      38.437|      485.78|     -215.93|      208.67|        97|     0.032|
|      258.96|      63.839|      572.41|     -313.45|      375.57|        93|     0.032|
|      262.76|      47.143|      519.36|      -256.6|      273.71|        96|     0.032|
|      256.65|      52.118|      535.55|      -278.9|      320.84|        93|     0.032|
|      246.98|      58.205|      554.55|     -307.58|      393.24|        93|     0.032|
|      231.42|      78.228|      601.41|     -369.99|      579.71|        93|     0.032|
|      225.95|      61.854|      560.35|      -334.4|      510.17|        94|     0.032|
|      222.42|       55.64|      537.37|     -314.95|       489.1|        94|     0.032|
|      222.03|      54.948|      534.68|     -312.65|      486.83|        94|     0.032|
|      219.99|      52.202|      525.51|     -305.51|      481.32|        95|     0.032|
|      217.73|      50.758|      525.29|     -307.56|      487.64|        95|     0.033|
|      214.11|      50.617|       534.7|     -320.59|      515.32|        95|     0.032|
|      213.49|      53.289|      545.52|     -332.03|      538.46|        94|     0.033|
|      213.21|      53.629|      546.72|     -333.51|      543.36|        94|     0.032|
|      210.93|       56.66|      551.09|     -340.17|      572.11|        95|     0.032|
|      209.39|      54.903|       543.3|     -333.92|      561.12|        95|     0.032|
|      209.18|      54.637|      541.99|     -332.81|      558.75|        95|     0.032|
|      208.46|      52.696|      534.25|     -325.79|      542.64|        96|     0.032|
|      221.17|      59.394|      501.89|     -280.71|      424.18|        97|     0.032|
|      208.31|      52.972|         533|     -324.68|      541.61|        95|     0.032|
|      211.07|      56.377|      519.41|     -308.33|      503.67|        96|     0.032|
|      208.26|      53.225|      531.94|     -323.68|      540.28|        96|     0.032|
|      209.44|      55.279|      524.09|     -314.64|      520.68|        96|     0.032|
|      208.26|      53.422|      531.16|      -322.9|      539.04|        95|     0.032|
|      264.43|      62.259|      458.69|     -194.26|      224.88|        99|     0.032|
|      208.14|      55.908|      532.45|     -324.32|       544.3|        95|     0.032|
|      269.59|      62.063|      443.56|     -173.97|      192.71|        99|     0.032|
|      208.26|      57.636|      532.89|     -324.63|      545.43|        96|     0.032|
|      208.14|       56.21|      532.55|     -324.41|      544.65|        96|     0.032|
|      208.14|      55.968|      532.47|     -324.34|      544.38|        96|     0.032|
|      208.14|       55.92|      532.46|     -324.32|      544.32|        96|     0.032|
|      208.14|      55.911|      532.45|     -324.32|      544.31|        96|     0.032|
|      208.14|      55.909|      532.45|     -324.32|       544.3|        96|     0.032|
|      208.14|      55.908|      532.45|     -324.32|       544.3|        96|     0.032|
|      208.14|      55.908|      532.45|     -324.32|       544.3|        96|     0.032|
|      208.14|      55.908|      532.45|     -324.32|       544.3|        95|     0.032|
|      208.14|      55.908|      532.45|     -324.32|       544.3|        96|     0.032|
|      208.14|      55.908|      532.45|     -324.32|       544.3|        96|     0.032|
Optimization result:
  message: CONVERGENCE: RELATIVE REDUCTION OF F <= FACTR*EPSMCH
  success: True
   status: 0
      fun: 208.13627961939932
        x: [-3.520e+00 -2.877e-01 ... -8.423e-01  7.310e-01]
      nit: 22
      jac: [ 3.907e-01  9.363e-01 ...  1.880e+00 -6.672e+00]
     nfev: 46
     njev: 46
 hess_inv: <45x45 LbfgsInvHessProduct with dtype=float64>
|        logP|       dlogP|     y^T.K.y|     log|K| |     Cond(K)|  GPU time|  CPU time|
|------------|------------|------------|------------|------------|----------|----------|
|      1051.5|      664.25|        1897|     -845.46|        1937|        71|     0.032|
|      396.39|      20.469|       404.3|     -7.9128|      42.624|        97|     0.059|
|      395.21|      20.896|      404.18|     -8.9695|      42.742|        97|     0.056|
|      390.23|      22.564|      403.77|     -13.533|      45.514|        97|      0.04|
|      366.86|      28.716|      404.64|     -37.773|      58.924|     1e+02|     0.057|
|      339.31|      31.681|      412.34|     -73.031|      74.724|     1e+02|      0.06|
|      332.58|      31.285|       415.5|     -82.921|      78.763|     1e+02|      0.05|
|      310.04|      26.678|       435.8|     -125.77|      98.673|        99|     0.068|
|      302.44|      23.882|      451.12|     -148.68|      113.02|        98|     0.082|
|      504.07|      278.42|      1055.5|     -551.45|      888.44|        77|     0.032|
|      293.45|      38.285|      549.36|     -255.91|       242.4|        95|     0.036|
|      294.43|      23.505|      481.08|     -186.65|      149.03|        97|      0.23|
|      285.31|      25.243|      494.39|     -209.08|      192.05|        95|      0.13|
|      267.11|       65.71|      602.63|     -335.52|       500.3|        92|     0.035|
|      273.38|      29.509|      518.49|     -245.11|      276.11|        94|     0.039|
|      265.33|      42.146|      554.76|     -289.42|       386.6|        93|     0.041|
|      252.46|      45.975|      560.56|      -308.1|      454.64|        92|     0.043|
|      246.97|      31.227|      467.52|     -220.55|      339.95|   1.2e+02|     0.037|
|       240.5|      18.786|      495.06|     -254.56|      402.23|   1.7e+02|     0.042|
|      274.53|      82.951|      658.97|     -384.44|      614.39|   2.1e+02|     0.047|
|       238.8|      16.612|      505.75|     -266.95|      424.43|   2.1e+02|     0.042|
|      297.58|      70.204|      623.56|     -325.98|       467.2|   2.1e+02|     0.035|
|      237.67|      20.659|      528.25|     -290.58|      464.82|   2.1e+02|     0.036|
|      273.49|      65.937|      619.57|     -346.08|      506.55|   2.1e+02|     0.035|
|      238.18|      24.879|      538.36|     -300.19|      479.98|   2.1e+02|     0.035|
|       237.7|      21.176|      529.62|     -291.92|      466.98|   2.1e+02|     0.036|
|      237.68|      20.745|      528.48|     -290.81|      465.19|   2.1e+02|     0.036|
|      237.67|      20.674|      528.29|     -290.62|      464.89|   2.1e+02|     0.036|
|      237.67|      20.662|      528.26|     -290.59|      464.83|   2.3e+02|     0.036|
|      237.67|      20.659|      528.25|     -290.58|      464.82|   2.8e+02|     0.036|
|      237.67|      20.659|      528.25|     -290.58|      464.82|   1.1e+02|     0.036|
|      237.67|      20.659|      528.25|     -290.58|      464.82|   1.1e+02|     0.036|
|      237.67|      20.659|      528.25|     -290.58|      464.82|   1.7e+02|     0.036|
|      237.67|      20.659|      528.25|     -290.58|      464.82|   1.9e+02|     0.036|
|      237.67|      20.659|      528.25|     -290.58|      464.82|   1.9e+02|     0.036|
|      237.67|      20.659|      528.25|     -290.58|      464.82|   1.9e+02|     0.036|
Optimization result:
  message: CONVERGENCE: RELATIVE REDUCTION OF F <= FACTR*EPSMCH
  success: True
   status: 0
      fun: 237.67289650139827
        x: [-2.866e+00 -2.877e-01 ...  1.338e+00 -4.339e-01]
      nit: 12
      jac: [ 4.264e-01  4.336e-01 ...  8.203e-02 -2.436e-01]
     nfev: 36
     njev: 36
 hess_inv: <45x45 LbfgsInvHessProduct with dtype=float64>
Average scores:	 rmse: 2.43±0.16	 r2: 0.38±0.06
Filename: (MG-COUNT)_(MGK_Graph-Matern32_product)_feat_transformerOFF_target_transformerOFF

------------------------------------------------------------
Sender: LSF System <lsfadmin@gpu11>
Subject: Job 869223: <structure_numerical_20260421> in cluster <Hazel> Done

Job <structure_numerical_20260421> was submitted from host <gpu04> by user <sdehgha2> in cluster <Hazel> at Tue Apr 21 23:59:02 2026
Job was executed on host(s) <gpu11>, in queue <gpu>, as user <sdehgha2> in cluster <Hazel> at Wed Apr 22 00:05:36 2026
</home/sdehgha2> was used as the home directory.
</share/ddomlab/sdehgha2/working_space/GP_collab/code_python/training/hpc_submit_training_GP> was used as the working directory.
Started at Wed Apr 22 00:05:36 2026
Terminated at Wed Apr 22 20:27:29 2026
Results reported at Wed Apr 22 20:27:29 2026

Your job looked like:

------------------------------------------------------------
# LSBATCH: User input


#BSUB -n 1
#BSUB -W 20:40
#BSUB -q gpu
#BSUB -gpu "num=1:mode=shared:mps=no"
#BSUB -R "rusage[mem=32GB]"
#BSUB -J "structure_numerical_20260421"
#BSUB -o "/share/ddomlab/sdehgha2/working_space/GP_collab/results/HPC_history/hpc_20260421/Beyond molecular structure_ critically assessing machine learning for designing organic photovoltaic materials and devices/MGK_product_GPU.out"
#BSUB -e "/share/ddomlab/sdehgha2/working_space/GP_collab/results/HPC_history/hpc_20260421/Beyond molecular structure_ critically assessing machine learning for designing organic photovoltaic materials and devices/MGK_product_GPU.err"

source ~/.bashrc
module load cuda/12.1
module load gcc/9.3.0
conda activate /usr/local/usrapps/ddomlab/sdehgha2/env12

python ../train_structure_numerical.py  --Kernel_mixing_method product                                         --paper "Beyond molecular structure_ critically assessing machine learning for designing organic photovoltaic materials and devices"                                         --dataset "Beyond molecular structure_seifrid_imputed"


------------------------------------------------------------

Successfully completed.

Resource usage summary:

    CPU time :                                   73022.00 sec.
    Max Memory :                                 2 GB
    Average Memory :                             1.00 GB
    Total Requested Memory :                     32.00 GB
    Delta Memory :                               30.00 GB
    Max Swap :                                   -
    Max Processes :                              14
    Max Threads :                                18
    Run time :                                   73314 sec.
    Turnaround time :                            73707 sec.

The output (if any) is above this job summary.



PS:

Read file </share/ddomlab/sdehgha2/working_space/GP_collab/results/HPC_history/hpc_20260421/Beyond molecular structure_ critically assessing machine learning for designing organic photovoltaic materials and devices/MGK_product_GPU.err> for stderr output of this job.

Running seed: 6
|        logP|       dlogP|     y^T.K.y|     log|K| |     Cond(K)|  GPU time|  CPU time|
|------------|------------|------------|------------|------------|----------|----------|
|      924.48|      650.36|      1733.8|     -809.34|      1895.2|        83|     0.033|
|      392.54|      21.866|      402.11|     -9.5668|      42.595|        97|     0.032|
|      391.35|      22.294|      401.92|     -10.576|      42.693|        97|     0.032|
|      386.33|       23.98|      401.23|     -14.901|      43.056|        97|     0.032|
|      362.61|      30.066|      400.09|     -37.481|      51.149|        98|     0.032|
|      306.73|      32.873|      421.59|     -114.86|      97.054|     1e+02|     0.031|
|      297.61|      32.117|      431.02|     -133.41|         112|        99|     0.032|
|      284.73|      31.598|      453.62|     -168.88|      146.86|        97|     0.032|
|      277.53|      35.141|      481.19|     -203.66|      188.04|        96|     0.032|
|      269.19|      41.603|      503.31|     -234.11|      238.17|        95|     0.032|
|      249.47|      54.476|      544.47|        -295|      371.92|        92|     0.033|
|       234.8|      60.596|      565.54|     -330.74|      461.75|        92|     0.032|
|      220.02|      50.281|      537.22|      -317.2|      426.64|        92|     0.032|
|      218.64|      44.147|      517.75|     -299.11|      393.09|        92|     0.032|
|      218.49|      40.658|      492.67|     -274.17|       338.1|        92|     0.032|
|       219.6|      41.004|      482.24|     -262.63|      309.57|        93|     0.032|
|      218.52|      40.659|      491.26|     -272.75|      334.47|        92|     0.032|
|      218.49|      40.657|       492.4|      -273.9|      337.41|        93|     0.033|
|      218.49|      40.658|      492.61|     -274.12|      337.96|        92|     0.032|
|      218.49|      40.658|      492.66|     -274.16|      338.07|        93|     0.032|
|      218.49|      40.658|      492.66|     -274.17|      338.09|        92|     0.032|
|      218.49|      40.658|      492.66|     -274.17|      338.08|   1.2e+02|     0.032|
|      218.49|      40.658|      492.66|     -274.17|      338.09|     1e+02|     0.033|
|      218.49|      40.658|      492.66|     -274.17|      338.08|   1.3e+02|     0.032|
|      218.49|      40.658|      492.66|     -274.17|      338.09|   1.7e+02|     0.032|
|      218.49|      40.658|      492.66|     -274.17|      338.09|   1.7e+02|     0.031|
|      218.49|      40.658|      492.66|     -274.17|      338.09|   1.7e+02|     0.032|
Optimization result:
  message: CONVERGENCE: RELATIVE REDUCTION OF F <= FACTR*EPSMCH
  success: True
   status: 0
      fun: 218.4922648788717
        x: [-3.159e+00 -2.877e-01 ... -1.225e+00 -1.479e+00]
      nit: 11
      jac: [ 4.101e-01  1.030e+00 ... -3.820e-01 -2.798e+00]
     nfev: 27
     njev: 27
 hess_inv: <45x45 LbfgsInvHessProduct with dtype=float64>
|        logP|       dlogP|     y^T.K.y|     log|K| |     Cond(K)|  GPU time|  CPU time|
|------------|------------|------------|------------|------------|----------|----------|
|      892.22|      619.05|      1708.3|     -816.06|      1898.8|   1.4e+02|     0.032|
|      390.37|      24.178|      404.39|     -14.022|      41.511|   1.8e+02|     0.032|
|      388.43|      24.962|      404.06|      -15.63|      42.414|   1.8e+02|     0.032|
|      380.03|      27.848|      402.91|     -22.878|      46.431|   1.8e+02|     0.032|
|      340.79|       31.64|      408.81|     -68.021|      66.972|   1.8e+02|     0.033|
|       320.9|      30.034|       428.4|     -107.51|      84.122|   1.8e+02|     0.032|
|      316.53|      30.484|      435.52|     -118.98|      90.267|   1.8e+02|     0.032|
|      306.58|      35.571|      462.36|     -155.78|      118.04|   1.8e+02|     0.031|
|      299.67|       57.72|       527.3|     -227.63|      198.92|   1.8e+02|     0.032|
|      301.73|      44.497|      491.08|     -189.34|      152.29|   1.8e+02|     0.032|
|      300.94|       46.31|      496.12|     -195.17|      159.26|   1.8e+02|     0.032|
|      299.41|      48.855|      502.65|     -203.24|      170.14|   1.8e+02|     0.032|
|      288.51|      67.285|      551.29|     -262.78|      267.71|   1.7e+02|     0.031|
|      286.47|      65.203|       545.3|     -258.83|      264.97|   1.7e+02|     0.031|
|      253.69|      50.998|      500.48|     -246.79|      293.18|   1.7e+02|     0.032|
|       247.5|      51.757|      505.52|     -258.02|      319.32|   1.7e+02|     0.031|
|      253.55|      75.409|      585.75|      -332.2|      485.72|   1.7e+02|     0.031|
|      240.58|      58.114|      538.99|     -298.41|      416.02|   1.7e+02|     0.031|
|      239.43|      53.098|      520.45|     -281.02|      379.55|   1.7e+02|     0.032|
|       236.8|      49.963|      511.02|     -274.22|      370.26|   1.7e+02|     0.031|
|      229.02|      48.349|      517.83|     -288.81|      410.56|   1.7e+02|     0.032|
|      226.46|      51.952|       529.4|     -302.94|       439.8|   1.7e+02|     0.032|
|      227.16|      49.462|      523.53|     -296.38|      427.67|   1.7e+02|     0.032|
|      224.96|      50.285|      531.41|     -306.45|      452.64|   1.7e+02|     0.032|
|      226.89|      62.474|         567|     -340.11|      534.39|   1.7e+02|     0.032|
|      223.41|      52.434|      542.53|     -319.12|       485.3|   1.7e+02|     0.031|
|       223.6|      53.893|      548.58|     -324.98|      505.05|   1.7e+02|     0.032|
|      223.23|      52.726|      544.42|     -321.19|      492.14|   1.7e+02|     0.032|
|      222.81|      51.288|      541.47|     -318.66|       491.2|   1.7e+02|     0.032|
|      222.29|       50.56|      539.43|     -317.14|      487.62|   1.7e+02|     0.031|
|       222.6|       50.34|      531.74|     -309.14|      458.43|   1.7e+02|     0.031|
|      221.46|      49.828|      535.98|     -314.52|      478.42|   1.7e+02|     0.031|
|      221.65|      49.686|      532.74|     -311.09|      465.21|   1.7e+02|     0.031|
|      221.43|      49.766|      535.36|     -313.93|      476.11|   1.7e+02|     0.033|
|      221.64|      49.746|      532.42|     -310.78|      461.86|   1.7e+02|     0.032|
|      221.41|      49.732|      534.73|     -313.32|      473.22|   1.7e+02|     0.032|
|      221.38|      49.792|      533.33|     -311.95|      464.47|   1.7e+02|     0.032|
|      221.07|      49.699|      533.88|     -312.81|      466.72|   1.2e+02|     0.031|
|      220.34|      49.763|       537.1|     -316.76|      478.04|        94|     0.032|
|      220.07|       49.37|      536.01|     -315.94|      475.54|        94|     0.032|
|      220.44|      47.547|      528.07|     -307.63|      447.94|        95|     0.032|
|      219.82|      48.798|      534.13|     -314.32|       470.2|        98|     0.032|
|      219.89|       47.95|      530.75|     -310.85|       458.3|   1.1e+02|     0.032|
|      219.76|      48.581|      533.38|     -313.62|      467.79|   1.5e+02|     0.033|
|      219.89|      47.967|      530.88|     -310.99|      458.53|   1.7e+02|     0.032|
|      219.75|      48.483|      533.03|     -313.28|       466.6|   1.7e+02|     0.032|
|      219.88|      47.958|      530.92|     -311.03|      458.73|   1.7e+02|     0.031|
|      219.75|      48.416|      532.79|     -313.04|      465.77|   1.7e+02|     0.032|
|      219.89|      47.948|      530.89|     -311.01|      458.64|   1.7e+02|     0.032|
|      219.75|      48.366|      532.61|     -312.86|      465.14|   1.8e+02|     0.032|
|      219.78|      48.148|      531.77|     -311.98|      462.04|   1.7e+02|     0.032|
|      219.75|       48.34|      532.51|     -312.77|       464.8|   1.7e+02|     0.031|
|      219.75|      48.362|      532.59|     -312.85|      465.08|   1.7e+02|     0.032|
Optimization result:
  message: CONVERGENCE: RELATIVE REDUCTION OF F <= FACTR*EPSMCH
  success: True
   status: 0
      fun: 219.74693240976075
        x: [-3.315e+00 -2.877e-01 ...  1.322e+00  6.595e-01]
      nit: 33
      jac: [ 1.822e-01  4.288e-01 ...  6.571e-01  1.948e-01]
     nfev: 53
     njev: 53
 hess_inv: <45x45 LbfgsInvHessProduct with dtype=float64>
|        logP|       dlogP|     y^T.K.y|     log|K| |     Cond(K)|  GPU time|  CPU time|
|------------|------------|------------|------------|------------|----------|----------|
|      992.58|      634.92|      1804.9|     -812.32|      1885.5|   1.4e+02|     0.031|
|      383.36|      19.436|      394.43|      -11.07|      42.623|   1.8e+02|      0.06|
|      382.42|      19.752|      394.34|      -11.92|      42.711|   1.8e+02|     0.061|
|      378.52|      21.026|      394.06|     -15.535|      43.041|   1.8e+02|      0.06|
|      360.71|      25.755|       394.6|     -33.898|      44.076|   1.8e+02|     0.058|
|      317.89|      21.736|      424.12|     -106.23|      65.401|     2e+02|     0.053|
|      315.12|      21.515|      430.36|     -115.24|      69.391|     2e+02|     0.036|
|      308.38|      27.666|      461.33|     -152.95|      93.668|   1.9e+02|     0.068|
|       301.6|      29.963|      489.26|     -187.65|      133.32|   1.7e+02|      0.25|
|      300.13|      28.461|      483.82|     -183.69|      132.03|   1.7e+02|      0.13|
|      289.31|      25.158|      459.14|     -169.83|      144.84|   1.7e+02|     0.052|
|      284.36|      35.727|      439.56|     -155.19|      157.83|   1.7e+02|     0.051|
|      301.06|      48.374|      466.54|     -165.47|      165.97|   1.8e+02|      0.26|
|       283.2|       37.77|       442.7|      -159.5|      168.24|   1.8e+02|     0.052|
|      324.27|      58.745|      508.03|     -183.76|      174.47|   1.8e+02|      0.18|
|      282.24|      39.795|      455.82|     -173.58|      191.32|   1.8e+02|      0.12|
|      266.15|      32.911|      491.75|     -225.59|       289.2|   1.8e+02|      0.12|
|      303.19|      73.728|      609.13|     -305.94|      373.46|   1.7e+02|     0.051|
|      262.63|      33.956|      509.53|      -246.9|      332.05|   1.7e+02|     0.096|
|      259.22|       30.37|      504.46|     -245.23|       321.4|   1.7e+02|      0.14|
|      257.63|      30.307|      502.45|     -244.82|       317.2|   1.8e+02|       0.1|
|      251.11|      30.103|      500.23|     -249.12|      322.76|   1.8e+02|      0.16|
|      279.33|       88.01|      619.74|     -340.41|      562.81|   1.8e+02|     0.035|
|      246.68|      31.387|      525.52|     -278.84|       442.2|        95|     0.062|
|      247.35|      28.745|      509.07|     -261.72|      376.02|        95|       0.2|
|      249.53|       39.87|      538.39|     -288.85|      471.29|        95|     0.039|
|      245.83|      29.189|      518.19|     -272.36|      428.12|        95|     0.064|
|      244.44|      29.615|      516.29|     -271.85|      438.28|        95|     0.062|
|      238.23|      29.519|      507.35|     -269.12|      440.63|        95|     0.057|
|      229.22|      30.831|      505.06|     -275.83|      421.32|        96|     0.035|
|      228.75|      29.575|      498.72|     -269.97|      394.58|        96|     0.044|
|      227.47|      31.386|      509.27|     -281.79|      427.56|        96|     0.043|
|      227.06|      32.694|      514.66|      -287.6|      445.71|        96|     0.043|
|      226.75|       34.12|      518.98|     -292.23|      467.29|        96|     0.043|
|      226.43|       33.05|      513.67|     -287.24|      460.74|        97|     0.044|
|      225.54|      32.642|      505.77|     -280.23|      446.34|        97|     0.035|
|      224.78|      32.685|      505.94|     -281.16|      445.78|        97|     0.034|
|      224.27|       33.69|      509.11|     -284.83|       450.5|        97|     0.037|
|      224.21|       33.29|      509.68|     -285.48|      452.82|        97|     0.037|
|      224.19|      33.028|      510.29|      -286.1|      454.14|        97|     0.038|
|      224.18|      33.287|      510.78|      -286.6|      455.05|        97|     0.037|
|      224.18|       33.44|      510.94|     -286.76|      455.16|        97|     0.038|
|      224.18|      33.529|         511|     -286.83|      455.03|        97|     0.037|
Optimization result:
  message: CONVERGENCE: RELATIVE REDUCTION OF F <= FACTR*EPSMCH
  success: True
   status: 0
      fun: 224.176605818408
        x: [-4.492e+00 -2.877e-01 ... -1.977e+00  3.401e+00]
      nit: 32
      jac: [ 5.099e-02  6.232e-02 ...  1.134e-02 -1.341e+01]
     nfev: 43
     njev: 43
 hess_inv: <45x45 LbfgsInvHessProduct with dtype=float64>
|        logP|       dlogP|     y^T.K.y|     log|K| |     Cond(K)|  GPU time|  CPU time|
|------------|------------|------------|------------|------------|----------|----------|
|      792.15|      611.69|      1605.7|     -813.58|      1994.9|        79|     0.032|
|      392.85|      21.089|      404.87|     -12.022|      38.965|        96|     0.032|
|      391.41|      21.625|      404.69|     -13.283|      39.476|        96|     0.032|
|       385.3|      23.727|      404.12|     -18.816|      41.836|        96|     0.032|
|      356.66|      30.025|      406.81|     -50.155|      55.314|        96|     0.031|
|       294.4|      111.95|      570.51|     -276.11|      222.83|     1e+02|     0.032|
|      315.31|      41.417|      443.65|     -128.34|      90.789|        98|     0.032|
|         294|       101.2|       550.8|      -256.8|      200.71|     1e+02|     0.032|
|      295.18|      86.301|      523.86|     -228.69|      170.89|     1e+02|     0.032|
|      307.74|      50.779|      461.51|     -153.78|      106.61|        98|     0.032|
|      295.27|      85.691|      522.78|      -227.5|       169.7|     1e+02|     0.032|
|      295.18|      86.286|      523.84|     -228.66|      170.86|     1e+02|     0.032|
|      295.18|      86.301|      523.86|     -228.69|      170.89|     1e+02|     0.032|
|      295.18|      86.301|      523.86|     -228.69|      170.89|     1e+02|     0.032|
|      295.18|      86.301|      523.86|     -228.69|      170.89|     1e+02|     0.032|
|      295.18|      86.301|      523.86|     -228.69|      170.89|     1e+02|     0.032|
|      295.18|      86.301|      523.86|     -228.69|      170.89|     1e+02|     0.032|
|      295.18|      86.301|      523.86|     -228.69|      170.89|     1e+02|     0.032|
Optimization result:
  message: CONVERGENCE: RELATIVE REDUCTION OF F <= FACTR*EPSMCH
  success: True
   status: 0
      fun: 295.177750261161
        x: [-3.411e+00 -1.773e-01 ...  8.023e-01 -1.970e+00]
      nit: 3
      jac: [ 3.100e-01  3.099e-01 ... -1.050e-01 -1.272e+00]
     nfev: 18
     njev: 18
 hess_inv: <45x45 LbfgsInvHessProduct with dtype=float64>
|        logP|       dlogP|     y^T.K.y|     log|K| |     Cond(K)|  GPU time|  CPU time|
|------------|------------|------------|------------|------------|----------|----------|
|      902.25|      637.51|      1714.6|     -812.32|      1879.7|        80|     0.032|
|      391.22|      28.644|      400.51|     -9.2861|      38.991|        98|     0.032|
|      389.15|      29.392|         400|     -10.848|      39.842|        98|     0.032|
|       380.4|      32.017|      398.24|     -17.843|      43.538|        98|     0.032|
|      342.19|      35.063|      401.92|     -59.737|      64.031|        99|     0.033|
|      305.42|      31.436|      449.33|     -143.91|      123.56|     1e+02|     0.032|
|      302.54|      31.954|      455.76|     -153.22|      133.93|        99|     0.032|
|      296.27|      34.208|      472.64|     -176.37|      162.53|        97|     0.032|
|       294.7|      35.252|      478.66|     -183.96|      172.45|        97|     0.032|
|      286.97|      45.969|      520.77|      -233.8|      245.73|        95|     0.031|
|      284.54|      46.128|      521.38|     -236.85|      256.29|        95|     0.032|
|      281.52|      47.667|      526.52|        -245|      275.54|        95|     0.032|
|      278.48|      49.107|      531.45|     -252.97|      295.04|        95|     0.032|
|      275.37|      50.642|      536.83|     -261.46|      315.95|        95|     0.032|
|      272.33|       52.02|      541.94|     -269.61|      336.57|        95|     0.032|
|      271.97|      52.194|      542.59|     -270.63|      339.13|        95|     0.032|
|      269.17|      53.162|      546.65|     -277.47|      357.47|        95|     0.032|
|      264.75|      55.055|       554.5|     -289.75|      389.58|   1.1e+02|     0.032|
|      262.88|      53.261|      550.23|     -287.35|      389.88|   1.2e+02|     0.032|
|      261.92|      52.313|       547.9|     -285.99|      389.78|   1.2e+02|     0.032|
|      249.01|      62.815|      574.83|     -325.83|      501.53|   1.2e+02|     0.032|
|      248.74|      47.027|      531.23|     -282.49|      413.26|   1.1e+02|     0.032|
|      246.57|      46.705|      526.27|     -279.71|      413.86|   1.2e+02|     0.033|
|      243.69|       52.13|      538.11|     -294.42|      453.66|   1.2e+02|     0.032|
|      243.96|      51.161|      536.92|     -292.95|      449.14|   1.2e+02|     0.032|
|      243.72|      51.993|      537.95|     -294.23|      453.07|   1.1e+02|     0.032|
|       243.7|      52.111|      538.09|     -294.39|      453.58|   1.2e+02|     0.032|
|       243.7|      52.127|      538.11|     -294.42|      453.65|   1.2e+02|     0.032|
|      243.69|      52.129|      538.11|     -294.42|      453.66|   1.2e+02|     0.032|
|      243.69|       52.13|      538.11|     -294.42|      453.66|   1.2e+02|     0.032|
|      243.69|       52.13|      538.11|     -294.42|      453.66|   1.2e+02|     0.032|
|      243.69|       52.13|      538.11|     -294.42|      453.66|   1.2e+02|     0.032|
|      243.69|       52.13|      538.11|     -294.42|      453.66|   1.2e+02|     0.032|
|      243.69|       52.13|      538.11|     -294.42|      453.66|   1.2e+02|     0.033|
Optimization result:
  message: CONVERGENCE: RELATIVE REDUCTION OF F <= FACTR*EPSMCH
  success: True
   status: 0
      fun: 243.69454002720607
        x: [-3.396e+00 -2.877e-01 ... -7.034e-01 -7.471e-01]
      nit: 17
      jac: [ 6.534e-01  1.452e+00 ...  7.225e-01 -3.385e+00]
     nfev: 34
     njev: 34
 hess_inv: <45x45 LbfgsInvHessProduct with dtype=float64>
Running seed: 13
|        logP|       dlogP|     y^T.K.y|     log|K| |     Cond(K)|  GPU time|  CPU time|
|------------|------------|------------|------------|------------|----------|----------|
|      913.27|      656.28|      1724.3|     -810.99|        1905|        95|     0.032|
|       399.5|      17.857|      408.23|       -8.73|      33.651|   1.2e+02|     0.061|
|      398.73|      18.065|      408.24|     -9.5078|      33.686|   1.2e+02|     0.061|
|      395.57|      18.821|      408.37|     -12.798|      34.962|   1.3e+02|     0.061|
|      381.83|       20.43|      411.01|     -29.179|      41.768|   1.2e+02|     0.059|
|      352.39|      18.247|      442.16|     -89.772|          64|   1.4e+02|     0.054|
|      350.82|      18.532|      445.16|     -94.332|        66.3|   1.3e+02|     0.054|
|      347.59|      19.403|      452.16|     -104.57|      72.156|   1.3e+02|     0.052|
|      346.12|      19.892|      454.99|     -108.87|      75.161|   1.3e+02|     0.051|
|      343.57|      20.859|      460.21|     -116.64|      81.219|   1.2e+02|     0.051|
|      342.13|      21.352|      462.58|     -120.45|      84.755|   1.3e+02|     0.049|
|      340.86|       21.88|      464.97|     -124.11|      88.308|   1.2e+02|     0.049|
|      339.92|      22.467|      467.56|     -127.65|      91.697|   1.2e+02|     0.049|
|      327.54|      73.658|      609.46|     -281.91|      351.95|   1.2e+02|     0.039|
|      332.23|      27.988|      490.54|     -158.32|      129.77|   1.2e+02|     0.047|
|      324.84|      79.203|      623.82|     -298.98|      399.13|   1.2e+02|     0.038|
|      327.64|      32.669|      507.49|     -179.86|      164.91|   1.2e+02|     0.045|
|      316.96|      64.869|      591.66|      -274.7|      360.25|   1.2e+02|     0.038|
|       322.1|      40.411|      530.49|     -208.39|       221.3|   1.2e+02|     0.043|
|         312|      69.595|      604.48|     -292.48|      404.12|   1.2e+02|     0.037|
|      316.68|      49.492|      553.95|     -237.27|      285.96|   1.2e+02|      0.04|
|      311.67|      87.669|      648.44|     -336.76|      491.05|   1.1e+02|     0.036|
|      313.93|      54.302|      565.93|     -252.01|      320.13|   1.2e+02|     0.038|
|      315.24|      102.04|      674.18|     -358.94|      526.99|   1.2e+02|     0.035|
|      307.23|      74.484|      618.94|      -311.7|      445.43|   1.1e+02|     0.036|
|      309.34|      62.647|      587.62|     -278.28|         379|   1.2e+02|     0.037|
|      309.32|      91.465|      653.59|     -344.27|      500.32|   1.1e+02|     0.035|
|      307.39|      65.879|      596.75|     -289.36|      402.62|   1.2e+02|     0.036|
|      306.54|      88.701|      645.09|     -338.55|      485.07|   1.2e+02|     0.035|
|       304.8|      68.982|      606.24|     -301.44|      427.15|   1.2e+02|     0.036|
|      299.58|      74.449|      617.39|     -317.81|      448.63|   1.2e+02|     0.034|
|      294.11|      57.732|      581.81|      -287.7|       398.3|   1.2e+02|     0.034|
|       289.1|      42.627|      544.08|     -254.98|       340.1|   1.2e+02|     0.033|
|      286.11|       34.72|      518.53|     -232.42|      302.07|   1.2e+02|     0.032|
|       282.9|      30.392|      495.71|     -212.81|       279.7|   1.2e+02|     0.031|
|      285.65|      31.106|      472.44|     -186.79|      263.74|   1.2e+02|     0.031|
|      282.59|      30.167|      492.54|     -209.95|      278.82|   1.2e+02|     0.031|
|      283.15|      30.004|      482.87|     -199.72|       274.4|   1.2e+02|     0.031|
|      282.54|      30.073|      490.86|     -208.33|       278.3|   1.2e+02|     0.032|
|      282.54|      30.015|      489.53|     -206.99|      277.84|   1.2e+02|     0.031|
|      282.53|       30.06|      490.59|     -208.05|      278.21|     1e+02|     0.031|
|      282.53|       30.05|      490.37|     -207.83|      278.14|   1.1e+02|     0.031|
|      282.53|      30.042|      490.19|     -207.66|      278.08|   1.2e+02|     0.031|
|      282.53|       30.05|      490.37|     -207.83|      278.14|   1.2e+02|     0.031|
|      287.58|       32.45|      466.49|     -178.91|      255.05|   1.2e+02|     0.031|
|       282.6|      29.977|      487.68|     -205.08|       277.2|   1.2e+02|     0.032|
|      282.53|       30.03|      489.84|     -207.31|      277.97|   1.1e+02|     0.031|
|      282.53|      30.045|      490.26|     -207.73|       278.1|   1.3e+02|     0.031|
|      282.53|      30.042|      490.17|     -207.64|      278.08|   1.2e+02|     0.031|
|      282.53|       30.04|       490.1|     -207.57|      278.06|   1.2e+02|     0.031|
|      282.53|      30.038|      490.05|     -207.52|      278.04|   1.2e+02|     0.031|
|      282.53|      30.039|      490.09|     -207.56|      278.05|   1.2e+02|     0.031|
|      282.53|      30.039|      490.08|     -207.55|      278.05|   1.2e+02|     0.031|
|      282.53|      30.039|      490.09|     -207.56|      278.05|   1.2e+02|     0.031|
Optimization result:
  message: CONVERGENCE: RELATIVE REDUCTION OF F <= FACTR*EPSMCH
  success: True
   status: 0
      fun: 282.53110603245784
        x: [-3.898e+00 -2.877e-01 ... -1.165e+00 -8.552e-01]
      nit: 22
      jac: [ 8.168e-03 -1.828e-01 ... -8.830e-02 -3.441e+00]
     nfev: 54
     njev: 54
 hess_inv: <45x45 LbfgsInvHessProduct with dtype=float64>
|        logP|       dlogP|     y^T.K.y|     log|K| |     Cond(K)|  GPU time|  CPU time|
|------------|------------|------------|------------|------------|----------|----------|
|      1016.5|      681.52|      1831.8|     -815.29|      1923.9|        97|     0.031|
|      390.24|      19.119|      393.33|     -3.0891|      42.595|   1.1e+02|     0.031|
|       389.4|      19.408|      393.23|     -3.8288|      42.668|   1.2e+02|     0.031|
|      385.91|      20.561|      392.88|     -6.9676|       42.94|   1.3e+02|     0.031|
|      370.21|      24.737|      393.15|      -22.94|      43.818|   1.2e+02|     0.031|
|      317.69|      38.583|      474.27|     -156.58|      145.72|   1.2e+02|     0.031|
|       319.5|      34.383|      457.38|     -137.88|      125.94|   1.2e+02|     0.031|
|       317.7|      38.554|      474.16|     -156.46|       145.6|   1.2e+02|     0.031|
|      317.69|      38.583|      474.27|     -156.58|      145.72|   1.2e+02|     0.031|
|      317.69|      38.583|      474.27|     -156.58|      145.72|   1.2e+02|     0.031|
|      317.69|      38.583|      474.27|     -156.58|      145.72|   1.2e+02|     0.031|
|      317.69|      38.583|      474.27|     -156.58|      145.72|   1.2e+02|     0.031|
|      317.69|      38.583|      474.27|     -156.58|      145.72|   1.2e+02|     0.031|
|      317.69|      38.583|      474.27|     -156.58|      145.72|   1.2e+02|     0.032|
|      317.69|      38.583|      474.27|     -156.58|      145.72|   1.2e+02|     0.031|
Optimization result:
  message: CONVERGENCE: RELATIVE REDUCTION OF F <= FACTR*EPSMCH
  success: True
   status: 0
      fun: 317.68979793045617
        x: [-3.595e+00 -1.665e-01 ... -7.333e-01 -1.717e+00]
      nit: 3
      jac: [ 7.419e-02  2.445e-01 ... -9.021e-02 -9.348e-01]
     nfev: 15
     njev: 15
 hess_inv: <45x45 LbfgsInvHessProduct with dtype=float64>
|        logP|       dlogP|     y^T.K.y|     log|K| |     Cond(K)|  GPU time|  CPU time|
|------------|------------|------------|------------|------------|----------|----------|
|      838.57|      590.17|      1650.2|     -811.64|      1930.1|        94|     0.031|
|      371.59|       35.76|      384.08|     -12.488|      39.347|   1.2e+02|     0.031|
|      368.85|      36.541|      383.24|     -14.391|      40.196|   1.2e+02|     0.031|
|      357.39|       39.04|      380.34|     -22.945|      43.743|   1.2e+02|     0.032|
|      309.95|      37.207|      383.65|     -73.704|      61.284|   1.3e+02|     0.031|
|         294|      33.059|      395.34|     -101.35|       72.18|   1.3e+02|     0.031|
|      287.46|      31.714|      402.86|      -115.4|      79.466|   1.3e+02|     0.031|
|      258.15|       68.08|      552.35|     -294.19|      271.31|   1.3e+02|     0.031|
|      268.11|      34.547|      447.26|     -179.16|      129.38|   1.3e+02|     0.031|
|      258.43|      48.974|      500.07|     -241.64|      201.55|   1.2e+02|     0.031|
|      252.56|      44.585|       491.3|     -238.74|      211.04|   1.2e+02|     0.031|
|      248.12|      43.283|      488.34|     -240.22|      223.19|   1.1e+02|     0.031|
|      247.68|       43.16|       487.7|     -240.02|      224.15|   1.2e+02|     0.031|
|         247|      42.974|       486.7|     -239.69|      225.62|   1.1e+02|     0.031|
|       234.5|      59.403|      421.57|     -187.07|      240.68|   1.1e+02|     0.031|
|      227.95|      57.295|      432.38|     -204.44|      269.34|   1.1e+02|     0.031|
|      211.26|      52.818|      490.14|     -278.87|      405.26|   1.2e+02|     0.031|
|      217.06|      87.861|      619.52|     -402.46|      645.63|   1.2e+02|     0.031|
|      205.79|      54.971|       525.7|      -319.9|       487.1|   1.1e+02|     0.032|
|      224.71|      85.098|      615.24|     -390.53|      565.81|   1.1e+02|     0.032|
|      203.99|      58.372|      548.76|     -344.77|      532.76|   1.1e+02|     0.031|
|      203.28|      53.529|      544.14|     -340.85|      507.76|   1.1e+02|     0.031|
|      201.06|      46.576|      523.51|     -322.45|      475.47|   1.1e+02|     0.031|
|      200.03|      43.597|      511.96|     -311.93|      458.13|   1.2e+02|     0.031|
|      199.41|       42.49|      506.81|      -307.4|       450.8|   1.2e+02|     0.031|
|      197.86|      40.734|       498.7|     -300.84|      439.65|   1.2e+02|     0.031|
|      195.29|      38.415|      492.26|     -296.97|      431.81|   1.2e+02|     0.031|
|      191.67|      35.362|      492.61|     -300.95|      436.65|   1.1e+02|     0.031|
|       189.4|      35.557|      502.36|     -312.97|      454.48|   1.2e+02|     0.031|
|      189.69|      37.692|      508.26|     -318.58|      461.73|     1e+02|     0.031|
|      189.37|      35.849|      503.41|     -314.04|      455.94|     1e+02|     0.031|
|       189.6|      37.748|      508.36|     -318.75|      461.73|   1.1e+02|     0.031|
|      189.35|      36.134|      504.33|     -314.98|      457.15|   1.2e+02|     0.031|
|      189.54|      37.884|      508.76|     -319.23|      462.41|   1.2e+02|     0.031|
|      189.34|       36.42|      505.19|     -315.85|      458.29|   1.2e+02|     0.031|
|      189.46|      37.863|      508.57|     -319.11|      461.74|   1.2e+02|     0.031|
|      189.33|      36.688|      505.92|     -316.59|      459.14|   1.1e+02|     0.031|
|      189.39|      37.756|      508.03|     -318.64|      460.22|   1.2e+02|     0.031|
|      189.31|      36.917|      506.44|     -317.14|       459.5|   1.2e+02|     0.031|
|      189.32|      37.605|      507.19|     -317.87|      457.71|   1.1e+02|     0.032|
|      189.28|      37.084|      506.66|     -317.38|      459.09|   1.1e+02|     0.031|
|      189.26|      37.459|      506.01|     -316.75|      453.53|   1.1e+02|     0.031|
|      189.14|       37.42|      503.82|     -314.68|      442.61|   1.2e+02|     0.031|
|      189.04|      36.345|      495.26|     -306.22|       407.6|   1.2e+02|     0.031|
|      189.52|      35.253|      487.04|     -297.52|      376.05|   1.1e+02|     0.031|
|      189.05|      36.106|      493.86|     -304.81|       402.3|   1.3e+02|     0.031|
|      189.04|      36.294|      494.97|     -305.93|       406.5|   1.3e+02|     0.031|
|      189.04|      36.168|      494.23|     -305.19|      403.73|   1.3e+02|     0.031|
|      189.04|      36.268|      494.82|     -305.78|      405.94|   1.2e+02|     0.031|
|      189.04|      36.288|      494.94|      -305.9|      406.39|   1.3e+02|     0.031|
|      189.04|      36.275|      494.86|     -305.82|      406.09|   1.3e+02|     0.031|
|      189.04|      36.285|      494.92|     -305.89|      406.32|   1.3e+02|     0.031|
|      189.04|      36.288|      494.94|      -305.9|      406.39|   1.3e+02|     0.031|
Optimization result:
  message: CONVERGENCE: RELATIVE REDUCTION OF F <= FACTR*EPSMCH
  success: True
   status: 0
      fun: 189.03539536973614
        x: [-3.332e+00 -2.877e-01 ... -1.219e+00 -6.530e-01]
      nit: 30
      jac: [ 8.693e-02  3.622e-01 ...  4.920e-01  1.668e-01]
     nfev: 53
     njev: 53
 hess_inv: <45x45 LbfgsInvHessProduct with dtype=float64>
|        logP|       dlogP|     y^T.K.y|     log|K| |     Cond(K)|  GPU time|  CPU time|
|------------|------------|------------|------------|------------|----------|----------|
|      908.46|      673.91|      1721.9|     -813.39|        1881|   1.1e+02|     0.032|
|      396.27|      21.756|      404.87|     -8.6001|      38.472|   1.3e+02|     0.031|
|      394.65|      22.454|      404.47|     -9.8212|      39.045|   1.3e+02|     0.032|
|      387.71|      25.121|      403.07|      -15.36|      41.841|   1.4e+02|     0.031|
|      354.72|      31.672|      404.93|     -50.214|      59.425|   1.4e+02|     0.032|
|      313.53|      32.943|      476.46|     -162.92|       132.1|   1.3e+02|     0.031|
|       329.8|       100.9|      641.79|     -311.99|      318.58|   1.3e+02|     0.032|
|      312.28|      41.166|       501.8|     -189.52|      159.02|   1.4e+02|     0.032|
|       312.9|      35.187|      484.18|     -171.29|      140.21|   2.3e+02|     0.032|
|      310.77|      36.827|      487.23|     -176.46|      148.41|   2.5e+02|     0.032|
|      308.67|      37.898|      488.44|     -179.77|      155.37|   2.5e+02|     0.032|
|      306.33|      39.172|      490.34|        -184|      164.12|   2.4e+02|     0.032|
|      303.77|      40.542|      492.65|     -188.87|      174.49|   2.5e+02|     0.032|
|      300.95|      41.989|      495.35|      -194.4|      186.58|   2.4e+02|     0.032|
|      299.62|      42.662|      496.67|     -197.06|      192.46|   2.2e+02|     0.032|
|      296.48|      43.998|      499.22|     -202.74|      206.05|   1.9e+02|     0.032|
|      284.35|      49.695|      511.54|     -227.19|      261.95|   1.9e+02|     0.032|
|      278.77|      53.074|      519.09|     -240.32|      289.54|   1.9e+02|     0.032|
|      275.17|      54.956|       523.7|     -248.53|       308.7|   1.9e+02|     0.032|
|      263.32|      62.258|       544.8|     -281.48|      373.42|   1.9e+02|     0.032|
|       299.8|      64.489|      545.48|     -245.68|      265.16|     2e+02|     0.032|
|      259.51|      73.537|      573.95|     -314.44|      410.97|   2.1e+02|     0.032|
|      259.46|      63.784|      550.44|     -290.98|      390.33|   1.9e+02|     0.032|
|      251.09|      60.467|      544.61|     -293.52|      361.86|   1.9e+02|     0.032|
|      251.07|      52.456|      523.11|     -272.04|      336.13|   1.5e+02|     0.032|
|      249.18|       57.41|      538.01|     -288.83|      356.57|   1.4e+02|     0.033|
|      245.97|      59.296|      541.13|     -295.16|       352.5|   1.2e+02|     0.032|
|      244.63|      60.535|      543.28|     -298.65|      354.32|   1.2e+02|     0.031|
|      242.18|      61.017|      542.24|     -300.06|      355.63|   1.2e+02|     0.032|
|      239.88|      61.649|      542.08|      -302.2|      368.09|   1.1e+02|     0.033|
|      238.23|      61.555|      541.51|     -303.28|      385.14|   1.2e+02|     0.032|
|      236.32|      61.798|      542.88|     -306.56|       416.1|   1.2e+02|     0.032|
|      234.89|       61.44|      544.16|     -309.27|      434.84|   1.2e+02|     0.032|
|      232.19|      65.134|      556.23|     -324.05|      507.95|   1.2e+02|     0.033|
|      228.99|      67.827|       562.1|     -333.11|       545.4|   1.2e+02|     0.032|
|      226.22|      77.112|      560.06|     -333.84|      534.22|   1.3e+02|     0.032|
|      229.11|      79.728|      553.72|     -324.62|      494.93|   1.3e+02|     0.032|
|      226.32|      77.906|      559.96|     -333.64|      532.24|   1.3e+02|     0.032|
|      226.23|      77.242|      560.05|     -333.82|      533.96|   1.1e+02|     0.032|
|      226.22|      77.133|      560.06|     -333.83|      534.18|   1.1e+02|     0.031|
|      226.22|      77.115|      560.06|     -333.84|      534.21|   1.1e+02|     0.031|
|      226.22|      77.112|      560.06|     -333.84|      534.22|   1.2e+02|     0.032|
|      226.22|      77.112|      560.06|     -333.84|      534.22|   1.1e+02|     0.031|
|      226.22|      77.112|      560.06|     -333.84|      534.22|   1.1e+02|     0.031|
|      226.22|      77.112|      560.06|     -333.84|      534.22|   1.1e+02|     0.031|
|      226.22|      77.111|      560.06|     -333.84|      534.22|   1.2e+02|     0.031|
|      226.22|      77.112|      560.06|     -333.84|      534.22|   1.2e+02|     0.031|
Optimization result:
  message: CONVERGENCE: RELATIVE REDUCTION OF F <= FACTR*EPSMCH
  success: True
   status: 0
      fun: 226.22235398377694
        x: [-3.939e+00 -2.877e-01 ...  1.577e-01  1.227e+00]
      nit: 25
      jac: [ 3.633e-01  1.172e+00 ...  1.516e+00 -5.345e+00]
     nfev: 47
     njev: 47
 hess_inv: <45x45 LbfgsInvHessProduct with dtype=float64>
|        logP|       dlogP|     y^T.K.y|     log|K| |     Cond(K)|  GPU time|  CPU time|
|------------|------------|------------|------------|------------|----------|----------|
|      895.83|      612.59|      1708.1|     -812.22|      1913.3|        98|     0.031|
|      374.19|      32.463|      403.14|     -28.948|      48.285|   1.2e+02|     0.031|
|      371.35|      33.367|      402.49|     -31.131|      49.505|   1.2e+02|     0.031|
|      359.31|       36.09|      400.22|     -40.913|      54.579|   1.2e+02|     0.031|
|      308.95|      35.656|      406.88|     -97.926|      79.701|   1.2e+02|     0.031|
|      272.58|      38.844|      463.95|     -191.37|      139.07|   1.2e+02|     0.031|
|      272.14|      39.202|      465.31|     -193.17|      141.06|   1.2e+02|     0.031|
|      270.48|      40.735|      470.92|     -200.43|      149.38|   1.2e+02|     0.032|
|      263.59|      47.913|      494.05|     -230.46|      192.07|   1.1e+02|     0.031|
|      258.28|        52.4|      507.11|     -248.82|      226.42|   1.2e+02|     0.032|
|      811.94|      612.09|      1605.8|     -793.84|      1866.6|        88|     0.031|
|      259.88|      118.05|      684.62|     -424.75|      669.38|   1.1e+02|     0.031|
|      241.89|      75.979|      575.01|     -333.13|      416.99|   1.2e+02|     0.031|
|      249.37|      60.926|      531.14|     -281.77|       295.4|   1.2e+02|     0.031|
|      275.59|         138|       729.7|     -454.11|       767.7|   1.1e+02|     0.031|
|      240.92|      73.071|      567.71|      -326.8|      405.79|   1.2e+02|     0.031|
|      238.33|      69.967|      561.04|      -322.7|      406.21|   1.2e+02|     0.031|
|      237.03|      68.372|      557.48|     -320.45|      406.32|   1.2e+02|     0.031|
|      227.33|      65.975|      551.03|     -323.71|      486.73|   1.1e+02|     0.031|
|      229.62|      51.582|      486.59|     -256.97|      352.49|   1.1e+02|     0.032|
|      226.11|      60.278|      531.74|     -305.63|      449.23|   1.2e+02|     0.031|
|       223.6|      56.499|      520.58|     -296.98|      441.54|   1.1e+02|     0.032|
|      218.71|      52.835|      516.02|     -297.31|      448.18|   1.2e+02|     0.032|
|      209.37|      47.537|      521.33|     -311.96|      477.71|   1.1e+02|     0.031|
|      205.75|      44.754|      524.23|     -318.48|      472.41|   1.1e+02|     0.031|
|      204.85|      43.918|       523.1|     -318.26|      477.62|   1.1e+02|     0.031|
|      203.54|      42.721|      522.56|     -319.03|      485.27|   1.1e+02|     0.031|
|      203.27|      42.144|      521.08|     -317.81|      479.62|   1.2e+02|     0.031|
|      203.15|      41.577|      519.14|     -315.99|      470.29|   1.1e+02|     0.031|
|      203.14|      41.576|      519.09|     -315.95|      468.14|   1.2e+02|     0.031|
|      203.43|      41.433|      518.39|     -314.96|       456.5|   1.1e+02|     0.031|
|      203.15|      41.562|      519.05|     -315.91|      467.62|   1.2e+02|     0.032|
|      203.14|      41.575|      519.09|     -315.94|       468.1|   1.2e+02|     0.031|
|      203.14|      41.576|      519.09|     -315.95|      468.14|     1e+02|     0.032|
|      203.14|      41.576|      519.09|     -315.95|      468.13|     1e+02|     0.032|
|      203.14|      41.576|      519.09|     -315.95|      468.14|     1e+02|     0.031|
|      203.14|      41.576|      519.09|     -315.95|      468.14|     1e+02|     0.031|
Optimization result:
  message: CONVERGENCE: RELATIVE REDUCTION OF F <= FACTR*EPSMCH
  success: True
   status: 0
      fun: 203.14205865586246
        x: [-3.582e+00 -2.877e-01 ...  8.188e-01 -6.480e-01]
      nit: 20
      jac: [ 4.706e-01  1.154e+00 ... -1.145e-01 -1.347e-01]
     nfev: 37
     njev: 37
 hess_inv: <45x45 LbfgsInvHessProduct with dtype=float64>
Running seed: 42
|        logP|       dlogP|     y^T.K.y|     log|K| |     Cond(K)|  GPU time|  CPU time|
|------------|------------|------------|------------|------------|----------|----------|
|      907.24|      638.13|      1720.2|     -812.98|      1923.3|        90|     0.031|
|      378.14|      25.559|      389.31|     -11.168|      34.835|   1.1e+02|     0.031|
|       376.7|      26.025|      388.92|     -12.218|      35.358|   1.1e+02|     0.031|
|      370.68|      27.736|      387.48|     -16.803|      37.779|   1.1e+02|     0.031|
|      343.71|      31.205|      386.11|     -42.399|      50.125|   1.1e+02|     0.031|
|      323.77|      29.582|      393.96|     -70.195|      62.146|   1.1e+02|     0.031|
|      318.21|      28.754|      398.24|     -80.031|      66.476|   1.1e+02|     0.031|
|      312.99|      27.894|      403.58|     -90.589|      71.436|   1.1e+02|     0.032|
|      773.02|       447.2|      1521.8|     -748.79|      1414.5|        75|     0.031|
|         295|      92.394|      593.36|     -298.36|      308.72|   1.1e+02|     0.031|
|      296.34|      29.556|      438.38|     -142.04|      107.14|   1.1e+02|     0.031|
|      290.11|      57.801|      518.92|     -228.81|      202.96|   1.1e+02|     0.031|
|      291.34|       38.47|      470.63|     -179.29|      143.47|   1.1e+02|     0.031|
|      290.71|      40.101|      476.15|     -185.44|      149.94|   1.1e+02|     0.031|
|      289.26|      43.555|      486.47|     -197.21|      163.93|   1.1e+02|     0.031|
|      289.02|      42.494|      483.67|     -194.66|      161.69|   1.1e+02|     0.031|
|      282.48|      37.641|      466.06|     -183.58|      164.61|     1e+02|     0.031|
|      278.34|      38.639|      467.27|     -188.94|      179.97|     1e+02|     0.031|
|      274.56|      40.383|      471.49|     -196.92|      197.95|     1e+02|     0.031|
|      270.64|      42.472|       476.8|     -206.16|       218.5|     1e+02|     0.031|
|      266.76|      44.952|      483.38|     -216.61|       241.3|     1e+02|     0.031|
|      262.67|      47.587|       490.4|     -227.73|      266.46|     1e+02|     0.031|
|      247.83|       58.81|      524.32|     -276.49|      378.24|     1e+02|     0.031|
|      243.74|      63.277|      540.05|     -296.31|      424.57|     1e+02|     0.031|
|      240.61|       61.67|      537.58|     -296.97|      433.54|     1e+02|     0.031|
|      244.22|       64.07|      531.69|     -287.47|      445.24|     1e+02|     0.031|
|      233.81|      57.995|      533.08|     -299.27|      461.81|        92|     0.031|
|      234.01|      58.841|      534.79|     -300.78|      469.88|        92|     0.031|
|       233.7|      58.136|      533.52|     -299.82|      464.55|        92|     0.031|
|      233.07|      57.965|      533.66|     -300.58|      467.94|        92|     0.031|
|      231.22|      57.007|      533.42|      -302.2|      471.87|        92|     0.031|
|      226.68|       54.18|       531.9|     -305.22|      474.93|        92|     0.031|
|       222.2|      48.813|      518.85|     -296.65|      455.97|        93|     0.031|
|      221.33|      47.764|      510.72|     -289.39|      432.43|        93|     0.031|
|      221.23|      47.365|      507.79|     -286.56|       423.9|        94|     0.031|
|      221.68|      46.787|      502.05|     -280.37|      403.11|        94|     0.031|
|      221.18|      47.229|      506.89|     -285.71|      420.95|        94|     0.031|
|      220.83|      46.395|      498.03|      -277.2|         384|        94|     0.031|
|      219.66|      45.902|      492.68|     -273.02|      347.82|        94|     0.031|
|      218.07|      45.658|      494.21|     -276.14|       336.4|        94|     0.031|
|      217.68|      45.857|      495.99|     -278.31|      328.62|        94|     0.031|
|      217.63|       45.86|      496.26|     -278.63|      328.27|        94|     0.031|
|      217.32|      45.808|      497.36|     -280.04|      330.73|        94|     0.031|
|      216.88|      45.703|      498.87|     -281.99|       336.6|        94|     0.031|
|      216.43|      45.577|      500.38|     -283.95|      344.79|        94|     0.031|
|       215.8|       45.51|      503.41|     -287.61|      360.97|        94|     0.032|
|      215.41|      45.695|      506.65|     -291.23|       375.1|        94|     0.031|
|      215.11|      46.169|       510.6|     -295.49|      388.17|        94|     0.031|
|      214.98|       46.63|      513.09|     -298.11|      393.18|        94|     0.031|
|      214.96|      47.027|       514.7|     -299.74|      394.56|        94|     0.031|
|         215|      47.281|       515.5|      -300.5|      394.29|        94|     0.031|
|      214.96|      47.049|      514.77|     -299.81|      394.54|        94|     0.031|
|      214.96|       47.03|      514.71|     -299.75|      394.56|        94|     0.031|
|      214.96|      47.028|       514.7|     -299.74|      394.56|        94|     0.032|
|      214.96|      47.027|       514.7|     -299.74|      394.56|        94|     0.032|
|      214.96|      47.027|       514.7|     -299.74|      394.56|        94|     0.031|
|      214.96|      47.027|       514.7|     -299.74|      394.56|        94|     0.031|
|      214.96|      47.027|       514.7|     -299.74|      394.56|        94|     0.031|
Optimization result:
  message: CONVERGENCE: RELATIVE REDUCTION OF F <= FACTR*EPSMCH
  success: True
   status: 0
      fun: 214.95718297016958
        x: [-3.480e+00 -2.877e-01 ... -1.031e+00 -8.404e-01]
      nit: 39
      jac: [ 9.014e-02  4.664e-01 ...  3.811e-02 -3.418e-01]
     nfev: 58
     njev: 58
 hess_inv: <45x45 LbfgsInvHessProduct with dtype=float64>
|        logP|       dlogP|     y^T.K.y|     log|K| |     Cond(K)|  GPU time|  CPU time|
|------------|------------|------------|------------|------------|----------|----------|
|      873.52|      605.05|      1683.6|     -810.11|      1912.9|        84|     0.031|
|      387.36|      24.216|       400.7|     -13.341|      33.654|        96|     0.031|
|      385.14|      25.088|       400.1|     -14.954|      33.726|        96|     0.031|
|      375.53|      28.461|      397.78|     -22.249|      35.551|        96|     0.031|
|      329.04|      36.525|      397.17|     -68.135|      59.976|        96|     0.031|
|      273.97|      63.221|      516.02|     -242.05|      184.92|        96|     0.031|
|      284.02|      36.825|      440.04|     -156.02|      110.71|        96|     0.031|
|      273.76|      58.121|      504.93|     -231.17|      174.18|        96|     0.032|
|      274.56|      49.589|      484.54|     -209.99|      154.32|     1e+02|     0.031|
|      281.93|      37.827|      445.56|     -163.63|      116.41|        97|     0.031|
|       274.6|      49.391|      484.03|     -209.43|      153.82|        98|     0.031|
|      274.56|      49.585|      484.53|     -209.98|      154.31|        98|     0.031|
|      274.56|      49.589|      484.54|     -209.99|      154.32|     1e+02|     0.033|
|      274.56|      49.589|      484.54|     -209.99|      154.32|        98|     0.032|
|      274.56|      49.589|      484.54|     -209.99|      154.32|        98|     0.031|
Optimization result:
  message: CONVERGENCE: RELATIVE REDUCTION OF F <= FACTR*EPSMCH
  success: True
   status: 0
      fun: 274.5553634405585
        x: [-3.376e+00 -1.356e-01 ... -8.845e-01 -1.992e+00]
      nit: 3
      jac: [ 2.106e-01  2.889e-01 ... -3.165e-01 -9.013e-01]
     nfev: 15
     njev: 15
 hess_inv: <45x45 LbfgsInvHessProduct with dtype=float64>
|        logP|       dlogP|     y^T.K.y|     log|K| |     Cond(K)|  GPU time|  CPU time|
|------------|------------|------------|------------|------------|----------|----------|
|      968.51|       706.1|      1783.5|     -815.01|      1923.3|        90|     0.032|
|       394.2|      18.528|      408.27|     -14.064|      36.598|     1e+02|     0.032|
|       392.9|      19.077|      408.24|     -15.349|      36.884|     1e+02|     0.032|
|      387.31|      21.193|      408.31|     -21.007|      38.342|     1e+02|     0.031|
|      361.37|      26.239|       415.2|     -53.826|      50.257|     1e+02|     0.032|
|      337.85|       102.4|      619.67|     -281.82|      285.74|     1e+02|     0.031|
|      343.11|      28.222|      433.87|     -90.759|      69.602|     1e+02|     0.031|
|      328.39|      68.061|      545.28|     -216.89|      196.64|     1e+02|     0.032|
|      327.34|      52.426|      507.93|     -180.58|      152.73|     1e+02|     0.031|
|      344.68|      27.863|      431.34|     -86.659|      67.044|     1e+02|     0.031|
|       327.4|      51.369|       505.3|      -177.9|      149.67|     1e+02|     0.032|
|      327.35|      52.321|      507.67|     -180.32|      152.43|     1e+02|     0.032|
|      327.34|      52.415|       507.9|     -180.56|       152.7|     1e+02|     0.031|
|      327.34|      52.425|      507.92|     -180.58|      152.73|     1e+02|     0.032|
|      327.34|      52.426|      507.93|     -180.58|      152.73|     1e+02|     0.033|
|      327.34|      52.426|      507.93|     -180.58|      152.73|   1.5e+02|     0.032|
|      327.34|      52.426|      507.93|     -180.58|      152.73|   1.1e+02|     0.032|
Optimization result:
  message: CONVERGENCE: RELATIVE REDUCTION OF F <= FACTR*EPSMCH
  success: True
   status: 0
      fun: 327.3421945054476
        x: [-3.511e+00 -1.573e-01 ... -1.100e+00 -1.850e+00]
      nit: 3
      jac: [ 1.838e-01  2.073e-01 ... -9.747e-02 -7.748e-01]
     nfev: 17
     njev: 17
 hess_inv: <45x45 LbfgsInvHessProduct with dtype=float64>
|        logP|       dlogP|     y^T.K.y|     log|K| |     Cond(K)|  GPU time|  CPU time|
|------------|------------|------------|------------|------------|----------|----------|
|      874.91|       598.1|      1689.6|     -814.69|      1888.5|   1.3e+02|     0.031|
|      393.69|       24.51|      397.91|     -4.2215|      34.829|   1.3e+02|     0.032|
|      391.99|      25.203|      397.46|     -5.4704|      35.428|     1e+02|     0.033|
|      384.75|       27.95|      395.73|     -10.988|      38.229|     1e+02|     0.031|
|      349.74|      36.289|      392.96|     -43.216|      53.091|     1e+02|     0.031|
|      284.52|        32.8|      450.15|     -165.63|      138.36|     1e+02|     0.033|
|      281.06|      33.767|      457.79|     -176.73|      151.41|     1e+02|     0.031|
|      274.38|      37.011|      475.72|     -201.34|      182.95|        96|     0.031|
|       261.5|      63.517|      572.82|     -311.32|      361.21|        93|     0.031|
|      268.23|      42.645|      500.13|      -231.9|      226.38|        95|     0.032|
|      260.62|      48.276|      521.04|     -260.42|      278.91|        94|     0.031|
|      245.07|      65.364|      581.25|     -336.18|      450.94|        93|     0.031|
|      235.69|        78.2|      612.82|     -377.13|      579.64|        94|     0.031|
|       217.8|      54.734|      549.23|     -331.42|      531.31|   1.2e+02|     0.032|
|      217.61|      53.199|      544.44|     -326.83|      522.53|   1.1e+02|     0.031|
|       217.2|      50.736|      535.34|     -318.14|      507.74|        95|     0.031|
|       216.8|      48.973|      527.36|     -310.56|      495.37|        95|     0.031|
|      215.91|      47.915|      521.11|      -305.2|      486.76|        95|     0.032|
|       214.1|      48.497|       523.1|        -309|      494.72|        96|     0.032|
|      212.54|      51.392|      532.36|     -319.82|      515.29|        96|     0.032|
|      212.52|      54.469|      540.08|     -327.55|      530.49|        96|     0.031|
|      212.21|      55.638|      543.19|     -330.98|      540.07|   1.4e+02|     0.031|
|      210.51|       57.25|      546.88|     -336.37|      562.06|   1.5e+02|     0.031|
|      208.17|      57.413|      543.73|     -335.56|      567.51|   1.2e+02|     0.031|
|      206.81|      54.631|      534.91|      -328.1|      550.44|        96|     0.031|
|      246.18|      64.229|      473.21|     -227.04|      302.81|        98|     0.031|
|      206.37|      54.659|      532.81|     -326.44|      548.74|        96|     0.032|
|      214.04|      57.534|      504.18|     -290.14|      460.41|        98|     0.031|
|      206.15|      54.718|      531.03|     -324.87|      546.51|        96|     0.031|
|      236.64|      63.881|      477.75|     -241.11|      328.93|        98|     0.031|
|      205.96|      55.081|      529.23|     -323.27|      543.92|        97|     0.032|
|      212.54|      58.278|      505.84|     -293.31|      463.65|        98|     0.032|
|      205.91|      55.345|      527.85|     -321.94|       541.3|        97|     0.032|
|      205.94|      55.577|      526.57|     -320.63|      538.46|        97|     0.031|
|      205.91|      55.389|      527.61|      -321.7|       540.8|        97|     0.032|
|      205.91|      55.345|      527.85|     -321.94|       541.3|        97|     0.032|
|      321.02|      48.937|       392.2|     -71.175|      74.448|        99|     0.032|
|      205.79|      57.112|      527.82|     -322.03|      542.12|        97|     0.031|
|      312.44|      50.356|      404.81|     -92.368|      84.432|        99|     0.032|
|      206.01|      58.657|       528.8|     -322.79|      543.08|        97|     0.031|
|      205.81|      57.325|      527.97|     -322.16|      542.35|        97|     0.031|
|       205.8|      57.144|      527.85|     -322.05|      542.16|        97|     0.031|
|       205.8|      57.116|      527.83|     -322.03|      542.12|        97|     0.031|
|       205.8|      57.112|      527.82|     -322.03|      542.12|        97|     0.031|
|       205.8|      57.112|      527.82|     -322.03|      542.12|        97|     0.031|
|       205.8|      57.112|      527.82|     -322.03|      542.12|        97|     0.032|
|       205.8|      57.112|      527.82|     -322.03|      542.12|        97|     0.031|
|       205.8|      57.112|      527.82|     -322.03|      542.12|        97|     0.031|
|       205.8|      57.112|      527.82|     -322.03|      542.12|        97|     0.032|
Optimization result:
  message: CONVERGENCE: RELATIVE REDUCTION OF F <= FACTR*EPSMCH
  success: True
   status: 0
      fun: 205.79507083024782
        x: [-3.587e+00 -2.877e-01 ... -8.014e-01  9.926e-01]
      nit: 23
      jac: [ 4.223e-01  9.305e-01 ...  2.324e+00 -7.936e+00]
     nfev: 49
     njev: 49
 hess_inv: <45x45 LbfgsInvHessProduct with dtype=float64>
|        logP|       dlogP|     y^T.K.y|     log|K| |     Cond(K)|  GPU time|  CPU time|
|------------|------------|------------|------------|------------|----------|----------|
|      918.21|      651.58|      1730.9|     -812.65|      1905.9|        88|     0.031|
|       396.4|      20.503|      404.31|     -7.9072|      42.627|        96|     0.059|
|      395.08|      20.984|      404.16|     -9.0871|       42.79|        97|     0.056|
|      389.49|      22.873|      403.73|     -14.232|      45.905|        97|     0.039|
|      362.67|      29.799|      405.12|     -42.446|       61.08|        99|      0.06|
|      328.52|       31.98|      417.56|     -89.039|      81.693|     1e+02|     0.046|
|      320.62|      30.887|      422.93|     -102.31|      88.042|     1e+02|      0.26|
|      303.75|      26.812|      442.97|     -139.22|      111.49|        99|      0.12|
|      929.49|       554.3|      1701.5|     -772.04|      1481.4|        62|     0.031|
|      306.15|      79.879|      667.31|     -361.17|      504.23|        94|     0.031|
|      284.02|      32.298|      531.53|     -247.51|      273.63|        96|     0.036|
|       276.6|      27.853|      506.63|     -230.03|      264.38|        94|     0.036|
|      248.46|      36.405|      524.25|     -275.78|       423.4|        94|     0.047|
|      245.16|      29.851|      446.02|     -200.86|      272.68|        95|     0.038|
|      237.18|      14.602|      491.16|     -253.99|      374.02|        94|     0.034|
|      249.86|       53.87|      597.54|     -347.68|      590.45|        93|     0.032|
|      236.55|      14.988|      502.37|     -265.82|      398.89|        94|     0.035|
|      332.52|      109.22|      717.56|     -385.03|      480.82|        93|     0.031|
|      236.26|      18.401|      516.69|     -280.43|      431.38|        94|     0.034|
|      273.22|       64.07|      616.51|     -343.29|      529.06|   1.2e+02|     0.033|
|      236.24|      21.489|      525.79|     -289.54|      453.17|   1.5e+02|     0.035|
|      240.31|      36.052|         563|     -322.69|      550.97|   1.6e+02|     0.037|
|       235.8|      24.002|       534.7|      -298.9|      479.85|   1.6e+02|     0.046|
|      235.72|      30.877|      555.77|     -320.05|      564.99|   1.6e+02|     0.038|
|      232.19|      24.896|      543.77|     -311.58|      555.77|   1.6e+02|     0.037|
|      225.62|      15.566|      510.68|     -285.07|      502.46|   1.6e+02|     0.047|
|      240.35|      35.997|      458.45|      -218.1|      316.83|   1.6e+02|     0.044|
|      225.14|      16.735|      507.31|     -282.17|      495.03|   1.6e+02|     0.047|
|      226.76|      25.815|      483.48|     -256.72|      418.85|   1.6e+02|     0.048|
|      224.85|      17.854|      504.42|     -279.56|      487.76|   1.6e+02|     0.047|
|      224.69|      18.905|      501.76|     -277.07|      480.46|   1.6e+02|     0.047|
|      224.94|      22.336|       492.8|     -267.86|      452.48|   1.6e+02|     0.047|
|      224.64|      19.508|      500.22|     -275.58|      476.01|   1.6e+02|     0.047|
|      224.63|      20.004|      498.95|     -274.32|      472.21|   1.6e+02|     0.047|
|       224.7|      21.171|       495.9|      -271.2|      462.71|   1.6e+02|     0.047|
|      224.63|      20.227|      498.37|     -273.74|      470.45|   1.6e+02|     0.047|
|      224.63|      20.004|      498.95|     -274.32|      472.21|   1.2e+02|     0.047|
|      274.56|      46.765|      426.47|     -151.91|      186.48|        96|     0.034|
|      224.52|      22.263|      494.02|      -269.5|      456.91|   1.2e+02|     0.048|
|      239.26|      37.214|      461.19|     -221.92|      323.57|   1.6e+02|     0.043|
|       224.8|      23.657|      490.74|     -265.94|      445.53|   1.6e+02|     0.047|
|      224.55|      22.511|      493.45|      -268.9|      454.98|   1.6e+02|     0.047|
|      224.52|      22.263|      494.02|      -269.5|      456.91|   1.6e+02|     0.047|
|      288.02|      48.276|      416.87|     -128.86|      151.16|   1.5e+02|     0.036|
|      225.19|      24.655|       488.3|     -263.11|      436.83|   1.6e+02|     0.047|
|      224.57|      22.653|      493.09|     -268.52|      453.81|   1.6e+02|     0.047|
|      224.53|      22.337|      493.85|     -269.32|      456.33|   1.6e+02|     0.047|
|      224.52|      22.278|      493.99|     -269.47|       456.8|   1.6e+02|     0.048|
|      224.52|      22.266|      494.02|      -269.5|      456.89|   1.6e+02|     0.047|
|      224.52|      22.264|      494.02|      -269.5|      456.91|   1.6e+02|     0.047|
|      224.52|      22.263|      494.02|      -269.5|      456.91|   1.6e+02|     0.047|
|      224.52|      22.264|      494.02|      -269.5|      456.91|   1.6e+02|     0.048|
|      224.52|      22.263|      494.02|      -269.5|      456.91|   1.6e+02|     0.047|
|      224.52|      22.263|      494.02|      -269.5|      456.91|   1.6e+02|     0.048|
Optimization result:
  message: CONVERGENCE: RELATIVE REDUCTION OF F <= FACTR*EPSMCH
  success: True
   status: 0
      fun: 224.51858743920252
        x: [-3.297e+00 -2.877e-01 ...  1.240e+00  8.897e-01]
      nit: 18
      jac: [-1.016e-01 -2.970e-01 ...  5.466e-01 -1.485e+01]
     nfev: 54
     njev: 54
 hess_inv: <45x45 LbfgsInvHessProduct with dtype=float64>
Average scores:	 rmse: 2.43±0.17	 r2: 0.37±0.07
Filename: (MG-COUNT)_(MGK_Graph-Matern32_product)_feat_transformerOFF_target_transformerOFF

------------------------------------------------------------
Sender: LSF System <lsfadmin@gpu13>
Subject: Job 869224: <structure_numerical_20260421> in cluster <Hazel> Done

Job <structure_numerical_20260421> was submitted from host <gpu01> by user <sdehgha2> in cluster <Hazel> at Tue Apr 21 23:59:02 2026
Job was executed on host(s) <gpu13>, in queue <gpu>, as user <sdehgha2> in cluster <Hazel> at Wed Apr 22 00:05:36 2026
</home/sdehgha2> was used as the home directory.
</share/ddomlab/sdehgha2/working_space/GP_collab/code_python/training/hpc_submit_training_GP> was used as the working directory.
Started at Wed Apr 22 00:05:36 2026
Terminated at Wed Apr 22 20:55:24 2026
Results reported at Wed Apr 22 20:55:24 2026

Your job looked like:

------------------------------------------------------------
# LSBATCH: User input


#BSUB -n 1
#BSUB -W 40:40
#BSUB -q gpu
#BSUB -gpu "num=1:mode=shared:mps=no"
#BSUB -R "rusage[mem=32GB]"
#BSUB -J "structure_numerical_20260421"
#BSUB -o "/share/ddomlab/sdehgha2/working_space/GP_collab/results/HPC_history/hpc_20260421/Beyond molecular structure_ critically assessing machine learning for designing organic photovoltaic materials and devices/MGK_product_GPU.out"
#BSUB -e "/share/ddomlab/sdehgha2/working_space/GP_collab/results/HPC_history/hpc_20260421/Beyond molecular structure_ critically assessing machine learning for designing organic photovoltaic materials and devices/MGK_product_GPU.err"

source ~/.bashrc
module load cuda/12.1
module load gcc/9.3.0
conda activate /usr/local/usrapps/ddomlab/sdehgha2/env12

python ../train_structure_numerical.py  --Kernel_mixing_method product                                         --paper "Beyond molecular structure_ critically assessing machine learning for designing organic photovoltaic materials and devices"                                         --dataset "Beyond molecular structure_seifrid_imputed"


------------------------------------------------------------

Successfully completed.

Resource usage summary:

    CPU time :                                   74569.35 sec.
    Max Memory :                                 2 GB
    Average Memory :                             1.00 GB
    Total Requested Memory :                     32.00 GB
    Delta Memory :                               30.00 GB
    Max Swap :                                   -
    Max Processes :                              14
    Max Threads :                                18
    Run time :                                   74989 sec.
    Turnaround time :                            75382 sec.

The output (if any) is above this job summary.



PS:

Read file </share/ddomlab/sdehgha2/working_space/GP_collab/results/HPC_history/hpc_20260421/Beyond molecular structure_ critically assessing machine learning for designing organic photovoltaic materials and devices/MGK_product_GPU.err> for stderr output of this job.

