Running seed: 6

------------------------------------------------------------
Sender: LSF System <lsfadmin@gpu14>
Subject: Job 869800: <structure_numerical_20260422> in cluster <Hazel> Exited

Job <structure_numerical_20260422> was submitted from host <gpu14> by user <sdehgha2> in cluster <Hazel> at Wed Apr 22 00:05:40 2026
Job was executed on host(s) <gpu14>, in queue <gpu>, as user <sdehgha2> in cluster <Hazel> at Wed Apr 22 00:05:40 2026
</home/sdehgha2> was used as the home directory.
</share/ddomlab/sdehgha2/working_space/GP_collab/code_python/training/hpc_submit_training_GP> was used as the working directory.
Started at Wed Apr 22 00:05:40 2026
Terminated at Wed Apr 22 00:07:15 2026
Results reported at Wed Apr 22 00:07:15 2026

Your job looked like:

------------------------------------------------------------
# LSBATCH: User input


#BSUB -n 1
#BSUB -W 20:40
#BSUB -q gpu
#BSUB -gpu "num=1:mode=shared:mps=no"
#BSUB -R "rusage[mem=32GB]"
#BSUB -J "structure_numerical_20260422"
#BSUB -o "/share/ddomlab/sdehgha2/working_space/GP_collab/results/HPC_history/hpc_20260422/Understanding and Designing a High-Performance Ultrafiltration Membrane Using Machine Learning/MGK_product_GPU.out"
#BSUB -e "/share/ddomlab/sdehgha2/working_space/GP_collab/results/HPC_history/hpc_20260422/Understanding and Designing a High-Performance Ultrafiltration Membrane Using Machine Learning/MGK_product_GPU.err"

source ~/.bashrc
module load cuda/12.1
module load gcc/9.3.0
conda activate /usr/local/usrapps/ddomlab/sdehgha2/env12

python ../train_structure_numerical.py  --Kernel_mixing_method product                                         --paper "Understanding and Designing a High-Performance Ultrafiltration Membrane Using Machine Learning"                                         --dataset "cleaned_dataset_Ultrafiltration Membrane"


------------------------------------------------------------

Exited with exit code 1.

Resource usage summary:

    CPU time :                                   45.17 sec.
    Max Memory :                                 1 GB
    Average Memory :                             0.60 GB
    Total Requested Memory :                     32.00 GB
    Delta Memory :                               31.00 GB
    Max Swap :                                   -
    Max Processes :                              14
    Max Threads :                                18
    Run time :                                   92 sec.
    Turnaround time :                            95 sec.

The output (if any) is above this job summary.



PS:

Read file </share/ddomlab/sdehgha2/working_space/GP_collab/results/HPC_history/hpc_20260422/Understanding and Designing a High-Performance Ultrafiltration Membrane Using Machine Learning/MGK_product_GPU.err> for stderr output of this job.

Running seed: 6
|        logP|       dlogP|     y^T.K.y|     log|K| |     Cond(K)|  GPU time|  CPU time|
|------------|------------|------------|------------|------------|----------|----------|
|      285.46|      95.784|      561.29|     -275.83|      234.24|        15|     0.017|
|      304.11|      29.736|      404.62|      -100.5|      127.76|        11|     0.017|
|       210.9|      21.913|       386.2|      -175.3|      197.37|        11|     0.016|
|      209.89|       20.21|      387.87|     -177.98|      199.16|        11|     0.016|
|      206.76|      13.259|      396.06|      -189.3|      206.62|        11|     0.017|
|      204.75|      8.2857|         437|     -232.25|      231.69|        10|     0.016|
|      203.55|      3.0276|       419.2|     -215.65|      222.84|        10|     0.016|
|      203.07|      3.0216|      420.15|     -217.07|      223.51|        10|     0.017|
|      205.08|      16.819|       392.5|     -187.43|      202.52|        10|     0.016|
|      202.54|      5.5382|       407.2|     -204.66|       215.3|        10|     0.016|
|      201.72|      1.3478|      416.04|     -214.31|      220.85|        10|     0.017|
|      201.67|      1.1414|      416.31|     -214.63|      221.03|        10|     0.016|
|       201.6|     0.70695|      416.09|     -214.49|      221.06|        10|     0.017|
|      201.57|     0.49793|      415.94|     -214.37|      221.11|        10|     0.016|
|      201.54|     0.36358|      415.79|     -214.25|      221.15|        10|     0.016|
|      201.51|     0.28697|      415.73|     -214.22|      221.16|        10|     0.017|
|      201.49|     0.16758|      415.73|     -214.24|      221.16|        10|     0.016|
|      201.47|     0.31274|      415.26|     -213.79|      220.81|        10|     0.016|
|      201.47|      0.4999|      416.77|      -215.3|      221.76|        10|     0.017|
|      201.47|     0.10416|      415.93|     -214.46|      221.23|        10|     0.016|
|      201.47|    0.053108|      415.81|     -214.34|      221.18|        10|     0.016|
Optimization result:
  message: CONVERGENCE: RELATIVE REDUCTION OF F <= FACTR*EPSMCH
  success: True
   status: 0
      fun: 201.46543674180538
        x: [-2.273e+00 -1.431e-01 ...  3.223e+00  1.968e+00]
      nit: 16
      jac: [ 1.341e-04  3.153e-04 ...  2.921e-10 -4.128e-03]
     nfev: 21
     njev: 21
 hess_inv: <27x27 LbfgsInvHessProduct with dtype=float64>
|        logP|       dlogP|     y^T.K.y|     log|K| |     Cond(K)|  GPU time|  CPU time|
|------------|------------|------------|------------|------------|----------|----------|
|      248.58|      89.892|      529.34|     -280.76|      217.62|        15|     0.016|
|      283.58|      33.733|      366.06|     -82.479|      120.74|        12|     0.016|
|      175.97|      30.009|       348.4|     -172.43|      183.73|        11|     0.016|
|      174.39|      27.826|      350.33|     -175.94|      186.13|        11|     0.016|
|       169.4|      17.756|      360.08|     -190.68|      195.61|        11|     0.016|
|      183.92|      54.996|      463.45|     -279.52|      229.99|        11|     0.016|
|      166.06|      7.8479|      388.27|     -222.21|      211.87|        11|     0.016|
|       164.9|      3.6788|      382.48|     -217.58|      209.52|        11|     0.016|
|      164.17|       2.446|      376.88|     -212.71|      206.84|        11|     0.016|
|      163.91|      1.5542|       378.2|     -214.29|      207.56|        11|     0.016|
|      163.82|      1.3799|      377.41|     -213.59|      207.34|        11|     0.016|
|      163.49|     0.83652|      376.89|     -213.39|      207.91|        11|     0.016|
|      163.48|     0.99097|      376.94|     -213.46|      207.97|        12|     0.016|
|      163.43|     0.44468|      376.85|     -213.42|      207.67|        11|     0.016|
|       163.4|     0.47839|      376.89|     -213.48|      207.45|        11|     0.016|
|      163.38|     0.39385|      377.19|     -213.81|       207.5|        11|     0.016|
|      163.38|     0.24649|       377.4|     -214.02|      207.58|        11|     0.016|
|      163.37|     0.23496|      377.52|     -214.15|      207.73|        11|     0.016|
|      163.36|     0.19937|      377.38|     -214.02|      207.71|        11|     0.017|
|      163.36|     0.13509|      377.24|     -213.88|      207.64|        11|     0.016|
|      163.35|    0.088645|      377.18|     -213.83|      207.58|        11|     0.017|
|      163.35|     0.61233|      376.49|     -213.15|      207.27|        11|     0.016|
|      163.35|     0.28995|      376.87|     -213.52|      207.44|        11|     0.016|
|      163.34|     0.10641|      377.11|     -213.76|      207.53|        11|     0.017|
|      163.34|    0.028328|      377.26|     -213.92|      207.61|        11|     0.016|
Optimization result:
  message: CONVERGENCE: RELATIVE REDUCTION OF F <= FACTR*EPSMCH
  success: True
   status: 0
      fun: 163.34245796250514
        x: [-2.450e+00 -1.560e-01 ...  4.205e-01  1.978e+00]
      nit: 20
      jac: [ 6.141e-05  2.136e-04 ... -8.198e-04 -5.446e-03]
     nfev: 25
     njev: 25
 hess_inv: <27x27 LbfgsInvHessProduct with dtype=float64>
|        logP|       dlogP|     y^T.K.y|     log|K| |     Cond(K)|  GPU time|  CPU time|
|------------|------------|------------|------------|------------|----------|----------|
|      206.45|      65.429|      500.17|     -293.72|      257.17|        15|     0.017|
|      523.42|      181.24|      969.43|     -446.01|      298.18|        12|     0.018|
|      228.63|      129.83|      621.75|     -393.12|      295.98|        12|     0.019|
|      164.67|      33.312|      507.88|     -343.21|      286.98|        11|     0.017|
|      162.44|      33.045|      406.28|     -243.84|      252.48|        11|     0.019|
|      155.31|      20.903|       423.2|     -267.89|      265.29|        11|     0.019|
|      194.31|      98.654|      590.95|     -396.64|      295.01|        11|     0.017|
|      153.47|      19.085|      481.25|     -327.78|      285.39|        11|     0.016|
|      151.36|       4.977|      446.73|     -295.37|       276.4|        11|     0.018|
|      151.22|      9.3042|       465.2|     -313.98|       282.1|        11|     0.016|
|      150.61|      6.8106|      460.94|     -310.33|      281.19|        11|     0.017|
|      149.48|      3.7403|      452.71|     -303.23|       279.2|        11|     0.017|
|      148.97|      2.9473|      449.45|     -300.48|      278.05|        10|     0.017|
|      148.13|      3.8837|      446.72|     -298.58|      275.43|        10|     0.016|
|      148.06|      2.1248|      448.47|     -300.42|      276.94|        10|     0.017|
|      147.96|      1.5443|      449.55|     -301.59|      277.23|        11|     0.017|
|      147.77|      1.1258|      451.67|     -303.89|      277.88|        11|     0.017|
|       147.7|     0.94813|       451.5|      -303.8|      277.89|        11|     0.016|
|      147.65|     0.36655|       449.8|     -302.15|      277.48|        11|     0.017|
|      147.63|     0.29349|      449.89|     -302.26|      277.51|        11|     0.017|
|      147.63|      0.2594|         450|     -302.38|      277.54|        11|     0.017|
|      147.63|     0.25755|      449.96|     -302.34|      277.53|        11|     0.016|
Optimization result:
  message: CONVERGENCE: RELATIVE REDUCTION OF F <= FACTR*EPSMCH
  success: True
   status: 0
      fun: 147.62633817067746
        x: [-1.935e+00 -9.797e-02 ...  3.401e+00  1.970e+00]
      nit: 17
      jac: [ 1.568e-04  3.043e-04 ... -2.362e+00 -5.118e-03]
     nfev: 22
     njev: 22
 hess_inv: <27x27 LbfgsInvHessProduct with dtype=float64>
|        logP|       dlogP|     y^T.K.y|     log|K| |     Cond(K)|  GPU time|  CPU time|
|------------|------------|------------|------------|------------|----------|----------|
|      336.16|      140.92|      615.56|     -279.41|      217.22|        15|     0.016|
|      710.39|      250.29|      1143.7|     -433.29|      244.17|        12|     0.016|
|      330.95|      142.12|      708.33|     -377.38|      242.71|        12|     0.017|
|         248|      65.651|         561|     -312.99|      234.15|        11|     0.017|
|      229.69|      49.861|      515.63|     -285.94|      229.88|        11|     0.017|
|       209.8|       19.09|      454.66|     -244.86|      220.28|        11|     0.017|
|       204.7|      8.5883|      434.82|     -230.12|      215.93|        11|     0.017|
|      202.15|      4.2466|      424.02|     -221.87|      213.23|        11|     0.018|
|      200.72|      3.2923|      419.68|     -218.95|      212.07|        11|     0.016|
|      199.57|      2.0198|      418.11|     -218.54|      211.25|        11|     0.016|
|       199.9|      5.6949|      422.62|     -222.71|      212.05|        11|     0.017|
|      199.45|      2.0012|      420.02|     -220.57|      211.64|        11|     0.016|
|      199.45|      1.2083|      418.91|     -219.46|      211.43|        11|     0.016|
|      199.31|      0.8304|      420.01|      -220.7|      211.49|        11|     0.018|
|      199.31|     0.49612|      420.01|     -220.69|      211.65|        11|     0.017|
|      199.31|     0.45021|      420.05|     -220.74|      211.73|        11|     0.017|
|      199.29|     0.56473|      420.49|      -221.2|      211.99|        11|     0.017|
|      199.26|     0.33396|      419.98|     -220.72|      211.76|        11|     0.016|
|      199.25|      1.2392|      421.59|     -222.35|      212.42|        11|     0.017|
|      199.23|     0.26673|       420.3|     -221.07|      211.82|        11|     0.016|
|      199.23|     0.12847|      419.95|     -220.72|      211.63|        11|     0.017|
|      199.22|     0.20647|      419.78|     -220.56|      211.55|        11|     0.017|
|      199.22|      0.1912|      419.74|     -220.53|      211.54|        11|     0.017|
|      199.22|     0.14632|      420.06|     -220.85|      211.73|        11|     0.017|
|      199.21|    0.046173|      419.91|      -220.7|      211.67|        11|     0.016|
Optimization result:
  message: CONVERGENCE: RELATIVE REDUCTION OF F <= FACTR*EPSMCH
  success: True
   status: 0
      fun: 199.21380593623553
        x: [-2.519e+00 -1.423e-01 ...  1.119e+00  1.974e+00]
      nit: 20
      jac: [ 7.813e-05  1.941e-04 ... -1.442e-02 -5.599e-03]
     nfev: 25
     njev: 25
 hess_inv: <27x27 LbfgsInvHessProduct with dtype=float64>
|        logP|       dlogP|     y^T.K.y|     log|K| |     Cond(K)|  GPU time|  CPU time|
|------------|------------|------------|------------|------------|----------|----------|
|      331.34|      135.58|      609.68|     -278.34|      207.88|        15|     0.017|
|      669.03|      211.28|      1106.7|     -437.68|      244.13|        11|     0.018|
|      328.21|      141.81|      699.85|     -371.64|         242|        11|     0.019|
|      243.49|      44.426|       550.3|     -306.82|      238.13|        10|     0.017|
|      235.58|      34.911|      526.82|     -291.24|      227.21|        10|     0.016|
|      221.94|      19.749|      479.22|     -257.28|      218.94|        11|     0.019|
|      215.76|       15.14|      449.97|     -234.21|      210.57|        11|     0.017|
|      208.36|      16.317|      412.66|      -204.3|      194.69|        11|     0.017|
|      201.06|      9.1177|      359.43|     -158.37|      160.47|        11|     0.017|
|      199.96|      6.5472|      362.82|     -162.85|      162.13|        11|     0.017|
|      199.45|      3.6036|      373.27|     -173.83|      167.36|        11|     0.017|
|      199.41|      3.1542|      367.65|     -168.24|      164.72|        11|     0.017|
|      199.29|     0.97243|      371.83|     -172.54|      167.33|        11|     0.017|
|      199.29|      0.7765|      371.09|     -171.81|      167.17|        11|     0.017|
Optimization result:
  message: CONVERGENCE: RELATIVE REDUCTION OF F <= FACTR*EPSMCH
  success: True
   status: 0
      fun: 199.2881675053625
        x: [-2.210e+00 -1.471e-01 ...  3.401e+00  1.962e+00]
      nit: 10
      jac: [ 3.125e-03  6.957e-03 ... -2.356e+00 -3.054e-03]
     nfev: 14
     njev: 14
 hess_inv: <27x27 LbfgsInvHessProduct with dtype=float64>
Running seed: 13
|        logP|       dlogP|     y^T.K.y|     log|K| |     Cond(K)|  GPU time|  CPU time|
|------------|------------|------------|------------|------------|----------|----------|
|      288.69|      92.496|      564.03|     -275.34|      283.11|        15|     0.016|
|      624.44|      218.74|      1063.7|     -439.21|       325.2|        11|     0.017|
|      311.31|      116.25|      691.55|     -380.24|      322.97|        11|     0.019|
|      243.07|      24.101|      557.78|     -314.72|      310.46|        10|     0.016|
|      238.57|      18.041|      532.88|     -294.32|      305.28|        10|     0.016|
|      231.05|      12.064|      488.78|     -257.73|      292.31|        10|     0.018|
|      222.77|      10.321|      444.76|     -221.99|      272.37|        11|     0.016|
|      216.97|      10.534|      398.82|     -181.85|      236.67|        11|     0.016|
|      239.25|      37.912|      381.07|     -141.82|      180.79|        11|     0.018|
|      217.45|      15.319|      392.87|     -175.41|      229.05|        11|     0.016|
|         217|      11.327|      397.61|     -180.61|      235.23|        11|     0.017|
|      216.98|       10.69|      398.57|      -181.6|      236.38|        11|     0.016|
|      216.97|      10.566|      398.77|      -181.8|      236.61|        11|     0.016|
|      216.97|      10.541|      398.81|     -181.84|      236.66|        11|     0.017|
|      216.97|      10.536|      398.82|     -181.85|      236.67|        11|     0.017|
|      216.97|      10.534|      398.82|     -181.85|      236.67|        11|     0.017|
|      216.97|      10.534|      398.82|     -181.85|      236.67|        11|     0.017|
|      216.97|      10.534|      398.82|     -181.85|      236.67|        11|     0.017|
|      216.97|      10.534|      398.82|     -181.85|      236.67|        11|     0.016|
|      216.97|      10.534|      398.82|     -181.85|      236.67|        11|     0.017|
|      216.97|      10.534|      398.82|     -181.85|      236.67|        11|     0.016|
|      216.97|      10.534|      398.82|     -181.85|      236.67|        11|     0.016|
|      216.97|      10.534|      398.82|     -181.85|      236.67|        11|     0.017|
|      216.97|      10.534|      398.82|     -181.85|      236.67|        11|     0.016|
Optimization result:
  message: CONVERGENCE: RELATIVE REDUCTION OF F <= FACTR*EPSMCH
  success: True
   status: 0
      fun: 216.97368673478678
        x: [-2.194e+00 -1.546e-01 ...  3.401e+00  1.962e+00]
      nit: 6
      jac: [ 6.175e-04  1.352e-03 ... -2.356e+00 -5.357e-03]
     nfev: 24
     njev: 24
 hess_inv: <27x27 LbfgsInvHessProduct with dtype=float64>
|        logP|       dlogP|     y^T.K.y|     log|K| |     Cond(K)|  GPU time|  CPU time|
|------------|------------|------------|------------|------------|----------|----------|
|      287.03|       105.3|      562.94|     -275.91|      207.48|        15|     0.016|
|      653.57|      195.43|      1079.9|     -426.33|      244.13|        12|     0.017|
|      341.49|      132.16|      712.44|     -370.95|      241.99|        12|     0.019|
|      231.91|      76.912|      543.32|     -311.41|       240.9|        11|     0.016|
|      203.25|      19.596|      456.94|     -253.69|       213.7|        11|     0.016|
|      198.65|      11.752|      438.17|     -239.52|       209.3|        11|     0.017|
|      195.58|      10.427|      425.64|     -230.06|      206.57|        11|     0.018|
|       193.7|      8.8023|      422.41|     -228.72|      206.54|        11|     0.016|
|      191.76|      3.9484|      423.98|     -232.23|      208.05|        11|     0.017|
|      190.97|      3.7509|      429.11|     -238.13|      210.11|        11|     0.016|
|      190.82|      2.9232|       429.2|     -238.38|      209.72|        11|     0.017|
|      190.76|      2.2901|      429.04|     -238.28|      209.49|        11|     0.016|
|      190.72|     0.61546|      427.51|     -236.79|      208.85|        11|     0.016|
|      190.71|      1.7413|      425.71|     -234.99|      208.04|        11|     0.017|
|      190.71|        2.53|      425.06|     -234.35|      207.72|        11|     0.016|
|      190.68|      1.5646|       425.9|     -235.22|       208.1|        11|     0.017|
|      190.67|     0.82343|      426.39|     -235.72|      208.37|        11|     0.017|
|      190.66|     0.14854|      427.02|     -236.36|      208.66|        11|     0.016|
|      190.66|     0.17326|      427.15|     -236.48|      208.72|        11|     0.017|
Optimization result:
  message: CONVERGENCE: RELATIVE REDUCTION OF F <= FACTR*EPSMCH
  success: True
   status: 0
      fun: 190.661225484286
        x: [-2.268e+00 -1.351e-01 ...  3.401e+00  1.963e+00]
      nit: 16
      jac: [ 6.658e-04  1.584e-03 ... -1.303e+00 -3.151e-03]
     nfev: 19
     njev: 19
 hess_inv: <27x27 LbfgsInvHessProduct with dtype=float64>
|        logP|       dlogP|     y^T.K.y|     log|K| |     Cond(K)|  GPU time|  CPU time|
|------------|------------|------------|------------|------------|----------|----------|
|      230.53|      91.092|      512.33|      -281.8|      191.51|        15|     0.016|
|      262.72|      35.442|      355.86|     -93.137|      119.43|        12|     0.016|
|      160.91|      36.528|      335.51|      -174.6|      158.51|        11|     0.017|
|      158.32|      33.733|      337.69|     -179.37|      161.31|        11|     0.016|
|      150.32|      19.467|      350.48|     -200.16|      174.07|        11|     0.017|
|      169.35|      58.965|      474.07|     -304.71|      208.05|        11|     0.016|
|      146.65|      12.064|      386.73|     -240.08|      191.51|        11|     0.016|
|      145.09|      2.5879|      369.81|     -224.72|       185.1|        11|     0.017|
|      144.54|      3.0663|      367.71|     -223.17|       183.9|        11|     0.016|
|      144.34|      2.0552|      368.27|     -223.94|      184.46|        11|     0.016|
|      143.97|      1.5457|      369.62|     -225.64|      186.04|        11|     0.016|
|      143.92|      1.0748|      369.39|     -225.47|      185.76|        11|     0.016|
|      143.88|     0.48674|      368.81|     -224.93|      185.34|        11|     0.016|
|      143.86|     0.43198|      368.49|     -224.63|      185.05|        11|     0.016|
|      143.85|     0.60266|      368.41|     -224.56|       184.9|        11|     0.016|
|      143.84|     0.51288|      368.46|     -224.61|      184.94|        11|     0.017|
|      143.84|     0.21658|      368.79|     -224.95|      185.16|        11|     0.016|
|      143.83|      0.1866|      368.91|     -225.08|      185.25|        11|     0.016|
|      143.81|     0.21272|      368.93|     -225.12|       185.3|        11|     0.017|
|      143.81|     0.88304|      369.85|     -226.04|      185.62|        11|     0.016|
|      143.81|     0.46221|      369.32|     -225.51|      185.43|        11|     0.018|
|      143.81|      0.1609|      368.94|     -225.14|      185.27|        11|     0.016|
|      143.81|    0.029591|      368.72|     -224.91|      185.16|        11|     0.016|
Optimization result:
  message: CONVERGENCE: RELATIVE REDUCTION OF F <= FACTR*EPSMCH
  success: True
   status: 0
      fun: 143.80622626989327
        x: [-2.347e+00 -1.283e-01 ...  1.240e+00  1.970e+00]
      nit: 18
      jac: [ 4.445e-06  4.644e-05 ... -9.512e-04 -4.406e-03]
     nfev: 23
     njev: 23
 hess_inv: <27x27 LbfgsInvHessProduct with dtype=float64>
|        logP|       dlogP|     y^T.K.y|     log|K| |     Cond(K)|  GPU time|  CPU time|
|------------|------------|------------|------------|------------|----------|----------|
|      328.76|      103.06|      621.49|     -292.73|      257.74|        15|     0.016|
|      321.78|      26.949|      444.13|     -122.34|      123.13|        12|     0.017|
|      321.05|      27.475|      443.88|     -122.83|      124.62|        12|     0.018|
|      317.99|       29.38|      442.91|     -124.91|      130.59|        12|     0.017|
|      304.22|      33.747|      439.99|     -135.77|      153.52|        12|     0.017|
|       274.6|      16.765|      497.58|     -222.99|      251.72|        12|     0.018|
|      288.97|      31.379|      440.82|     -151.85|      177.17|        12|     0.017|
|      272.31|       6.373|      481.02|     -208.71|      240.11|        12|     0.018|
|      272.03|      3.4996|      476.61|     -204.58|      236.38|        12|     0.018|
|      287.38|      30.557|      441.33|     -153.95|      179.91|        12|     0.017|
|      271.96|      2.4217|      474.85|     -202.88|       234.8|        12|     0.018|
|      271.93|       1.471|      472.39|     -200.46|      232.51|        12|     0.018|
|      271.92|      1.4755|      472.19|     -200.27|      232.32|        12|     0.019|
Optimization result:
  message: CONVERGENCE: RELATIVE REDUCTION OF F <= FACTR*EPSMCH
  success: True
   status: 0
      fun: 271.92346656883285
        x: [-4.605e+00 -2.768e-01 ...  3.401e+00  1.967e+00]
      nit: 5
      jac: [ 7.320e-07 -8.965e-06 ... -1.518e+00 -4.287e-03]
     nfev: 13
     njev: 13
 hess_inv: <27x27 LbfgsInvHessProduct with dtype=float64>
|        logP|       dlogP|     y^T.K.y|     log|K| |     Cond(K)|  GPU time|  CPU time|
|------------|------------|------------|------------|------------|----------|----------|
|      235.03|      114.74|      517.15|     -282.12|      194.48|        15|     0.016|
|      536.51|      211.06|      966.43|     -429.92|      242.85|        12|     0.017|
|       225.7|      110.45|      601.56|     -375.86|      224.75|        11|     0.017|
|      161.87|      21.699|      357.65|     -195.78|      183.94|        11|     0.017|
|      160.67|      21.152|      358.97|      -198.3|      184.93|        11|     0.017|
|      156.18|       19.01|      365.02|     -208.85|      188.82|        11|     0.017|
|      143.76|      8.9973|      401.51|     -257.75|       201.8|        11|     0.017|
|      301.89|      136.95|       759.4|     -457.51|      314.08|       9.7|     0.017|
|      154.13|      35.897|      488.99|     -334.86|      213.75|        11|     0.017|
|      143.05|      11.997|      431.89|     -288.85|      206.82|        11|     0.017|
|      143.13|      15.694|      444.22|     -301.09|      207.91|        10|     0.017|
|      142.85|      12.645|      434.77|     -291.92|       207.1|        11|     0.017|
|      142.89|      14.485|      440.86|     -297.97|      207.64|        11|     0.017|
|      142.44|      12.997|      366.92|     -224.48|      185.39|       7.7|     0.017|
|      139.93|      6.8783|      413.77|     -273.84|      202.71|       9.9|     0.017|
|      141.13|      12.908|      437.17|     -296.04|      206.45|       9.7|     0.017|
|      140.01|      8.0942|       420.5|     -280.49|      203.93|       9.7|     0.017|
|      139.93|      7.1026|      415.29|     -275.36|         203|       9.9|     0.017|
|      139.97|      7.7171|      418.71|     -278.74|      203.62|       9.8|     0.018|
|      139.93|       7.222|      416.03|     -276.09|      203.13|       9.9|     0.017|
|      139.93|      7.1272|      415.44|     -275.51|      203.03|       9.8|     0.017|
|      139.93|      7.1026|      415.29|     -275.36|         203|       9.8|     0.018|
|      138.26|      7.2803|      421.27|     -283.01|       204.9|        10|     0.017|
|      136.09|      1.8525|       402.1|     -266.01|      200.79|       9.6|     0.017|
|      135.73|      1.3021|      398.25|     -262.52|      199.64|       9.6|     0.017|
|      135.58|      2.0973|      393.78|     -258.21|      198.46|       9.5|     0.017|
|      135.46|      2.8995|      391.07|     -255.61|      197.94|       9.4|     0.017|
|      135.31|      1.3536|      397.36|     -262.05|      199.71|       9.6|     0.016|
|      135.28|     0.75168|      403.27|        -268|      201.41|       9.6|     0.017|
|      135.27|     0.34293|      400.95|     -265.69|      200.81|       9.6|     0.017|
|      135.27|     0.33962|      401.02|     -265.75|      200.82|       9.6|     0.016|
Optimization result:
  message: CONVERGENCE: RELATIVE REDUCTION OF F <= FACTR*EPSMCH
  success: True
   status: 0
      fun: 135.2661056123227
        x: [-1.482e+00 -1.534e-01 ...  1.117e+00  1.966e+00]
      nit: 15
      jac: [-1.009e-03 -2.401e-03 ... -1.308e-02 -4.129e-03]
     nfev: 31
     njev: 31
 hess_inv: <27x27 LbfgsInvHessProduct with dtype=float64>
Running seed: 42
|        logP|       dlogP|     y^T.K.y|     log|K| |     Cond(K)|  GPU time|  CPU time|
|------------|------------|------------|------------|------------|----------|----------|
|      293.29|      98.989|      563.59|      -270.3|      193.86|        15|     0.016|
|      275.17|      26.023|      357.62|     -82.447|      137.78|        12|     0.017|
|      274.49|      26.458|      357.43|     -82.942|      138.64|        12|     0.018|
|      271.67|       28.06|      356.76|      -85.09|      141.86|        12|     0.017|
|      259.13|       31.61|      355.69|      -96.56|      151.79|        12|     0.018|
|      243.04|      22.439|      434.64|      -191.6|       188.2|        11|     0.017|
|       248.2|       28.97|      358.32|     -110.12|      157.83|        12|     0.018|
|      236.91|      11.027|      400.58|     -163.67|      177.85|        12|     0.018|
|      236.33|      8.1349|      395.61|     -159.28|      176.13|        12|     0.017|
|      238.03|      15.107|      369.85|     -131.82|      165.62|        12|     0.018|
|      235.89|       4.396|      389.97|     -154.08|       174.1|        12|     0.018|
|      247.39|      28.464|      358.73|     -111.34|      158.28|        12|     0.018|
|      235.82|      3.3964|      388.52|      -152.7|      173.56|        11|     0.018|
|      235.75|      1.6842|      385.12|     -149.38|      172.26|        12|     0.017|
|      235.74|      1.6889|      384.93|     -149.18|      172.19|        12|     0.017|
|      235.73|       1.773|      384.61|     -148.88|      172.07|        12|     0.018|
|      235.69|      2.1674|      383.96|     -148.27|      171.84|        12|     0.017|
|      235.32|      4.7727|      381.37|     -146.05|      170.98|        12|     0.018|
|      232.84|       14.01|      373.22|     -140.38|       168.8|        11|     0.018|
|      220.12|      23.625|       348.9|     -128.78|      163.75|        12|     0.017|
|      326.81|      39.091|      426.12|     -99.307|      137.78|        12|     0.019|
|      222.88|      30.637|      339.56|     -116.68|      156.03|        12|     0.018|
|      217.47|      26.837|      340.26|     -122.79|      160.35|        12|     0.018|
|      217.58|      27.528|      339.06|     -121.48|      159.47|        12|     0.017|
|      217.46|      26.977|      339.99|     -122.53|      160.18|        12|     0.018|
|      217.51|      27.345|      339.34|     -121.83|      159.71|        12|     0.018|
|      217.46|       27.05|      339.85|     -122.39|      160.08|        12|     0.018|
|      217.46|      26.977|      339.99|     -122.53|      160.18|        12|     0.018|
|      326.83|      39.091|      426.13|     -99.307|      137.78|        12|     0.018|
|       230.1|      33.926|      344.01|     -113.91|         154|        12|     0.018|
|      218.42|      28.406|      338.27|     -119.84|      158.32|        12|     0.018|
|      217.48|      27.219|      339.55|     -122.07|      159.87|        12|     0.017|
|      217.46|      27.026|      339.89|     -122.43|      160.11|        12|     0.017|
|      217.46|      26.988|      339.97|     -122.51|      160.16|        12|     0.018|
|      217.46|      27.013|      339.92|     -122.46|      160.13|        12|     0.017|
|      217.46|      26.993|      339.96|      -122.5|      160.16|        12|     0.018|
|      217.46|      26.989|      339.96|      -122.5|      160.16|        12|     0.017|
|      217.46|      26.988|      339.97|     -122.51|      160.16|        12|     0.017|
Optimization result:
  message: CONVERGENCE: RELATIVE REDUCTION OF F <= FACTR*EPSMCH
  success: True
   status: 0
      fun: 217.45937714450446
        x: [-4.393e+00 -2.877e-01 ...  3.401e+00  2.237e+00]
      nit: 11
      jac: [ 4.784e-08  1.409e-05 ... -1.584e+00 -1.063e-01]
     nfev: 38
     njev: 38
 hess_inv: <27x27 LbfgsInvHessProduct with dtype=float64>
|        logP|       dlogP|     y^T.K.y|     log|K| |     Cond(K)|  GPU time|  CPU time|
|------------|------------|------------|------------|------------|----------|----------|
|      190.63|       110.2|      479.39|     -288.76|      257.17|        15|     0.016|
|      519.84|      199.75|      958.83|     -438.99|      298.18|        11|     0.017|
|      192.97|      124.08|      572.69|     -379.71|      295.89|        11|     0.019|
|      116.92|      37.719|      437.47|     -320.54|      282.98|        10|     0.016|
|      111.27|      28.611|      417.83|     -306.56|      279.64|        10|     0.016|
|      103.03|      10.151|      379.82|     -276.79|      271.05|        10|     0.019|
|      101.22|      4.3867|      367.39|     -266.17|      267.61|        10|     0.018|
|      100.27|      2.9965|      361.33|     -261.06|       266.1|        10|     0.017|
|      99.562|       3.033|      359.95|     -260.38|      266.06|        11|     0.017|
|      98.455|      2.2602|      357.56|     -259.11|      264.98|        10|     0.016|
|      98.222|      4.9893|      367.26|     -269.04|      268.34|        10|     0.017|
|      98.033|     0.60849|      359.67|     -261.63|       265.2|        10|     0.016|
|      98.013|     0.36559|      359.81|     -261.79|      265.19|        10|     0.017|
|      98.004|     0.35362|      359.76|     -261.75|      265.13|        10|     0.017|
|      97.986|     0.93435|      360.38|     -262.39|      265.66|        10|     0.017|
|      97.989|     0.46728|      360.04|     -262.05|      265.38|        10|     0.016|
|      97.975|     0.19017|      359.46|     -261.48|       265.1|        10|     0.017|
|      97.971|     0.20767|      359.26|     -261.29|         265|        10|     0.016|
|      97.962|     0.24672|      359.12|     -261.16|      264.93|        10|     0.017|
|      97.953|     0.17337|       359.2|     -261.24|      264.96|        10|     0.017|
|      97.948|     0.28397|      358.94|     -260.99|      264.85|        10|     0.017|
|      97.946|    0.084171|      359.28|     -261.34|      265.02|        10|     0.016|
|      97.946|     0.09826|      359.37|     -261.42|      265.06|        10|     0.017|
Optimization result:
  message: CONVERGENCE: RELATIVE REDUCTION OF F <= FACTR*EPSMCH
  success: True
   status: 0
      fun: 97.94556902137913
        x: [-2.317e+00 -1.645e-01 ...  3.401e+00  1.968e+00]
      nit: 19
      jac: [ 1.880e-04 -6.598e-05 ... -2.363e+00 -3.963e-03]
     nfev: 23
     njev: 23
 hess_inv: <27x27 LbfgsInvHessProduct with dtype=float64>
|        logP|       dlogP|     y^T.K.y|     log|K| |     Cond(K)|  GPU time|  CPU time|
|------------|------------|------------|------------|------------|----------|----------|
|      282.15|      105.59|      561.73|     -279.58|      233.28|        15|     0.016|
|      289.43|      34.776|      383.04|     -93.616|      106.21|        11|     0.018|
|      202.53|      24.579|      372.16|     -169.62|      187.45|        11|     0.017|
|       200.8|      22.321|      373.68|     -172.88|      190.69|        11|     0.017|
|      195.54|      13.748|      382.31|     -186.77|      203.73|        11|     0.019|
|      191.76|      11.215|      426.83|     -235.07|      234.93|        11|     0.017|
|      189.87|      2.3057|      401.55|     -211.69|       219.9|        11|     0.017|
|      189.47|       1.538|      400.85|     -211.38|      218.18|        11|     0.017|
|      189.34|     0.98812|      402.79|     -213.45|      218.73|        11|     0.017|
|      189.35|     0.66717|      403.36|     -214.01|       219.5|        11|     0.017|
|      189.34|     0.85332|      402.95|     -213.61|      218.95|        11|     0.017|
Optimization result:
  message: CONVERGENCE: RELATIVE REDUCTION OF F <= FACTR*EPSMCH
  success: True
   status: 0
      fun: 189.33643297279656
        x: [-2.392e+00 -1.502e-01 ...  3.401e+00  1.962e+00]
      nit: 7
      jac: [ 2.134e-03  5.346e-03 ... -1.577e+00 -3.884e-03]
     nfev: 11
     njev: 11
 hess_inv: <27x27 LbfgsInvHessProduct with dtype=float64>
|        logP|       dlogP|     y^T.K.y|     log|K| |     Cond(K)|  GPU time|  CPU time|
|------------|------------|------------|------------|------------|----------|----------|
|      259.21|      88.552|      548.05|     -288.84|      194.95|        15|     0.017|
|      259.67|      29.518|      366.74|     -107.07|      106.19|        12|     0.017|
|      175.07|      17.427|      356.24|     -181.17|      169.67|        11|     0.017|
|      174.37|       15.88|      357.48|     -183.11|      170.71|        11|     0.018|
|       172.1|      9.4527|      363.28|     -191.19|      174.84|        11|     0.018|
|       171.8|      23.823|      403.78|     -231.98|      190.04|        11|     0.017|
|      168.66|       6.076|       376.4|     -207.74|       181.7|        11|     0.017|
|      167.61|      4.5466|      370.02|     -202.42|      177.07|        11|     0.017|
|      167.46|      1.7646|      371.82|     -204.36|      178.59|        11|     0.017|
|      167.53|      1.2564|       371.1|     -203.56|       178.7|        11|     0.017|
|      167.46|      1.4961|      371.57|     -204.12|      178.62|        11|     0.017|
Optimization result:
  message: CONVERGENCE: RELATIVE REDUCTION OF F <= FACTR*EPSMCH
  success: True
   status: 0
      fun: 167.45836414895604
        x: [-2.379e+00 -1.502e-01 ...  3.401e+00  1.962e+00]
      nit: 6
      jac: [ 4.213e-03  1.042e-02 ... -1.652e+00 -2.717e-03]
     nfev: 11
     njev: 11
 hess_inv: <27x27 LbfgsInvHessProduct with dtype=float64>
|        logP|       dlogP|     y^T.K.y|     log|K| |     Cond(K)|  GPU time|  CPU time|
|------------|------------|------------|------------|------------|----------|----------|
|      377.69|      108.37|      664.91|     -287.22|      257.17|        15|     0.017|
|      372.85|      30.257|         488|     -115.15|      127.83|        12|     0.017|
|      297.34|      25.059|      484.44|     -187.09|      209.23|        12|     0.018|
|      295.66|      22.695|      486.13|     -190.47|      212.71|        12|     0.018|
|      290.51|      12.161|      495.39|     -204.88|      226.85|        12|     0.018|
|      310.89|      67.462|      604.77|     -293.89|      278.34|        11|     0.017|
|      287.62|      14.069|      522.46|     -234.85|      250.55|        12|     0.017|
|      286.59|       20.54|      529.46|     -242.86|      255.24|        11|     0.017|
|         282|      4.8994|      500.23|     -218.23|      234.41|        11|     0.017|
|      281.84|      6.3055|      498.48|     -216.64|      230.24|        11|     0.017|
|      281.69|      4.6026|       501.3|     -219.61|      231.73|        11|     0.017|
|      281.52|      1.5009|      504.85|     -223.33|      235.05|        11|     0.017|
|       281.5|     0.68904|      506.88|     -225.38|      237.02|        11|     0.017|
|       281.5|     0.62056|      506.75|     -225.26|      236.93|        11|     0.017|
Optimization result:
  message: CONVERGENCE: RELATIVE REDUCTION OF F <= FACTR*EPSMCH
  success: True
   status: 0
      fun: 281.49596963705466
        x: [-2.180e+00 -1.860e-01 ...  3.401e+00  1.964e+00]
      nit: 10
      jac: [-3.256e-05  4.252e-05 ... -2.366e+00 -5.198e-03]
     nfev: 14
     njev: 14
 hess_inv: <27x27 LbfgsInvHessProduct with dtype=float64>
Average scores:	 rmse: 92.62±14.16	 r2: 0.64±0.1
Filename: (MG-COUNT)_(MGK_Graph-Matern32_product)_mean_feat_transformerOFF_target_transformerOFF
Running seed: 6
|        logP|       dlogP|     y^T.K.y|     log|K| |     Cond(K)|  GPU time|  CPU time|
|------------|------------|------------|------------|------------|----------|----------|
|      1984.1|      731.41|      2666.6|     -682.54|      976.93|        18|     0.016|
|      654.63|      41.074|      808.58|     -153.95|      427.37|        11|     0.016|
|       654.3|      41.151|      808.32|     -154.02|      428.34|        11|     0.017|
|      653.01|       41.47|      807.28|     -154.28|      432.18|        11|     0.017|
|      650.02|      42.382|      805.01|     -154.98|      442.07|        11|     0.017|
|       648.5|       42.96|      803.94|     -155.44|      447.67|        11|     0.016|
|      647.09|      43.561|      803.03|     -155.94|      453.13|        11|     0.016|
|      645.94|      44.086|      802.36|     -156.43|      457.64|        11|     0.017|
|      644.78|      44.639|      801.76|     -156.98|       462.2|        11|     0.016|
|      642.85|      45.591|      800.83|     -157.98|      469.58|        11|     0.016|
|      636.66|      48.869|      798.11|     -161.45|      491.74|        11|     0.016|
|      633.97|      50.361|         797|     -163.03|      500.62|        11|     0.016|
|      2035.5|      722.35|      2638.8|     -603.33|      909.72|       9.1|     0.016|
|      534.81|       10.16|      804.32|     -269.51|      753.14|        11|     0.017|
|      963.62|      513.03|      1435.6|     -472.02|      898.95|        10|     0.017|
|      559.38|      116.49|      885.53|     -326.16|      827.76|        10|     0.016|
|      534.69|      8.0831|       814.5|     -279.82|      769.61|        11|     0.017|
|      1106.6|      659.64|      1352.5|     -245.86|      454.83|       8.2|     0.016|
|       560.6|      67.883|      779.79|     -219.19|      649.78|        10|     0.016|
|      534.51|      2.3632|      811.13|     -276.61|      764.62|        11|     0.017|
|      534.29|      24.949|      806.81|     -272.52|      743.95|       7.6|     0.017|
|      534.51|      2.3467|      811.12|      -276.6|      764.63|        11|     0.016|
|      531.82|      12.911|      804.96|     -273.15|      754.36|       9.6|     0.016|
|      530.93|      21.283|      803.67|     -272.74|      747.52|       8.4|     0.016|
|      531.25|      15.465|      804.25|        -273|      752.73|       9.4|     0.016|
|      530.67|      19.306|      803.46|     -272.79|      749.51|       8.7|     0.016|
|      530.74|      20.542|      803.49|     -272.75|      748.28|       8.5|     0.016|
|      530.67|      19.306|      803.46|     -272.79|       749.5|       8.7|     0.016|
|      529.73|      10.326|      808.62|     -278.89|      758.79|       8.7|     0.016|
|      529.47|      6.8487|      818.53|     -289.06|      773.71|       8.7|     0.016|
|      529.38|      4.1898|      816.89|     -287.51|      771.51|       8.7|     0.016|
|      529.39|      6.2574|      810.91|     -281.51|      762.68|       8.7|     0.016|
|      529.32|      1.4272|      814.99|     -285.67|      768.84|       8.7|     0.016|
|      2101.8|       773.6|      2744.4|     -642.63|      909.72|       7.5|     0.016|
|      709.42|      359.04|      1136.3|     -426.87|      881.33|       8.5|     0.016|
|      538.62|      67.283|       857.8|     -319.18|      810.72|       8.5|     0.016|
|      529.33|      1.9557|      815.44|     -286.11|      769.49|       8.7|     0.016|
|      529.32|      1.4576|      815.02|      -285.7|      768.88|       8.7|     0.016|
Optimization result:
  message: CONVERGENCE: RELATIVE REDUCTION OF F <= FACTR*EPSMCH
  success: True
   status: 0
      fun: 529.3221436408053
        x: [-1.100e+00 -4.286e-02 ...  3.140e+00  3.401e+00]
      nit: 17
      jac: [-4.742e-05 -2.698e-05 ... -6.957e-12 -2.047e+01]
     nfev: 38
     njev: 38
 hess_inv: <27x27 LbfgsInvHessProduct with dtype=float64>
|        logP|       dlogP|     y^T.K.y|     log|K| |     Cond(K)|  GPU time|  CPU time|
|------------|------------|------------|------------|------------|----------|----------|
|      1208.3|      456.62|      1891.1|     -682.82|      1021.3|        19|     0.016|
|      608.02|      53.553|      759.32|      -151.3|      454.83|        12|     0.016|
|      607.65|      53.683|         759|     -151.35|      454.83|        12|     0.016|
|       604.5|      54.944|      756.29|      -151.8|      454.78|        12|     0.016|
|      603.19|      55.569|      755.25|     -152.06|      454.74|        12|     0.016|
|      601.83|      56.262|      754.23|      -152.4|      454.69|        12|     0.016|
|      600.77|      56.811|      753.51|     -152.74|      454.66|        12|     0.016|
|      599.76|      57.338|       752.9|     -153.14|      454.66|        12|     0.016|
|      598.22|      58.136|      752.02|      -153.8|      454.66|        12|     0.016|
|      593.87|      60.314|      749.69|     -155.82|      454.66|        12|     0.016|
|         574|       69.25|      740.43|     -166.42|      468.14|        12|     0.016|
|      530.45|      83.396|      725.73|     -195.28|      537.85|        12|     0.016|
|      519.42|      85.551|      723.04|     -203.62|      556.46|        12|     0.016|
|      518.59|      224.43|      974.96|     -456.38|      806.48|        12|     0.016|
|       512.7|      86.489|       721.6|      -208.9|      568.02|        12|     0.016|
|      426.08|      29.431|      743.45|     -317.37|      738.21|        12|     0.016|
|      441.41|      97.127|      839.33|     -397.92|       789.9|        12|     0.016|
|      422.34|      15.326|       773.3|     -350.96|      765.37|        12|     0.016|
|         442|      61.665|      723.65|     -281.65|      697.21|        12|     0.016|
|      422.03|      7.5603|       763.2|     -341.17|      758.41|        12|     0.016|
|      421.87|      7.4989|       763.7|     -341.83|      758.89|        12|     0.016|
|      421.27|       8.164|      765.75|     -344.47|      760.77|        12|     0.016|
|      419.76|      8.6419|      766.22|     -346.46|      762.02|        12|     0.016|
|      433.21|      23.605|      794.14|     -360.92|      769.23|        12|     0.016|
|      417.51|      13.065|      770.26|     -352.76|       765.2|        12|     0.016|
|      417.76|      9.2856|      766.38|     -348.62|      763.19|        12|     0.016|
|      429.53|      12.957|      780.95|     -351.42|      763.03|        12|     0.016|
|      417.55|      9.1059|      767.47|     -349.92|      763.12|        12|     0.016|
|      417.17|      8.8945|      766.09|     -348.92|      763.16|        12|     0.016|
|      417.13|      5.8233|      756.57|     -339.45|      755.51|        12|     0.016|
|      416.73|      3.2828|      762.01|     -345.28|      760.33|        12|     0.016|
|      416.69|      0.7871|      759.81|     -343.12|      758.68|        12|     0.017|
|      416.69|     0.78364|      759.51|     -342.82|      758.49|        12|     0.016|
Optimization result:
  message: CONVERGENCE: RELATIVE REDUCTION OF F <= FACTR*EPSMCH
  success: True
   status: 0
      fun: 416.6889294046893
        x: [-2.678e+00 -1.899e-01 ...  5.634e-01  3.401e+00]
      nit: 20
      jac: [ 8.030e-06 -3.699e-04 ... -9.819e-02 -1.554e+01]
     nfev: 33
     njev: 33
 hess_inv: <27x27 LbfgsInvHessProduct with dtype=float64>
|        logP|       dlogP|     y^T.K.y|     log|K| |     Cond(K)|  GPU time|  CPU time|
|------------|------------|------------|------------|------------|----------|----------|
|      1746.2|      628.78|      2448.3|     -702.12|        1020|        19|     0.016|
|         900|      53.664|        1080|     -179.98|       423.9|        12|     0.016|
|      899.62|       53.82|      1079.7|     -180.05|      424.76|        12|     0.016|
|      898.09|      54.441|      1078.4|     -180.33|      428.22|        12|     0.016|
|      894.12|       56.12|      1075.3|     -181.17|      437.89|        12|     0.016|
|      891.96|       57.06|      1073.7|     -181.72|       443.5|        12|     0.016|
|      889.79|      58.002|      1072.2|     -182.38|      449.27|        12|     0.016|
|      887.77|      58.866|      1070.8|     -183.07|      454.69|        12|     0.016|
|      884.83|      60.092|        1069|     -184.21|      462.56|        12|     0.016|
|      876.52|      63.339|      1064.3|     -187.78|      484.26|        12|     0.016|
|      764.56|      77.774|      1040.2|     -275.68|      754.61|        12|     0.016|
|      1825.9|      565.88|      2464.9|        -639|      1106.6|        12|     0.016|
|      746.35|      120.42|      1182.1|     -435.78|      961.82|        12|     0.016|
|      749.27|      70.389|      1044.1|      -294.8|      795.49|        12|     0.016|
|      717.78|      24.407|      1100.7|     -382.95|       923.5|        12|     0.016|
|      722.11|      40.747|      1058.3|     -336.19|      867.29|        12|     0.016|
|      716.32|      7.6454|      1083.2|     -366.84|       906.9|        12|     0.016|
|      713.18|      4.1348|      1081.7|     -368.53|      908.11|        12|     0.016|
|       803.2|      100.81|      1187.2|     -384.01|      910.41|        12|     0.017|
|      717.19|      10.434|      1089.5|     -372.33|      908.89|        12|     0.016|
|      712.67|      2.9861|      1082.3|      -369.6|      908.41|        12|     0.016|
|      711.99|      2.2548|      1082.8|     -370.77|      909.31|        12|     0.016|
|      711.78|      1.2244|      1081.7|     -369.91|      908.92|        12|     0.016|
|      711.76|     0.88937|      1081.4|     -369.68|      908.56|        12|     0.017|
|      711.76|     0.86994|      1081.4|      -369.6|      908.41|        12|     0.016|
Optimization result:
  message: CONVERGENCE: RELATIVE REDUCTION OF F <= FACTR*EPSMCH
  success: True
   status: 0
      fun: 711.7575836870415
        x: [-2.692e+00 -2.875e-01 ...  4.413e-01  3.401e+00]
      nit: 17
      jac: [ 1.526e-03 -8.937e-04 ...  1.172e-01 -1.698e+01]
     nfev: 25
     njev: 25
 hess_inv: <27x27 LbfgsInvHessProduct with dtype=float64>
|        logP|       dlogP|     y^T.K.y|     log|K| |     Cond(K)|  GPU time|  CPU time|
|------------|------------|------------|------------|------------|----------|----------|
|      1433.5|      418.34|      2126.9|     -693.39|      1138.2|        18|     0.016|
|      707.47|      58.737|      852.82|     -145.36|      399.37|        12|     0.016|
|       707.3|      58.796|      852.73|     -145.43|      399.74|        12|     0.016|
|      706.63|      59.033|      852.33|      -145.7|      401.23|        11|     0.016|
|      703.93|      59.954|      850.77|     -146.84|      407.19|        12|     0.017|
|      692.72|      63.258|      844.76|     -152.04|      430.55|        12|     0.016|
|      642.04|      71.792|      825.32|     -183.28|      513.45|        12|     0.016|
|       649.9|      274.86|      1130.9|     -481.03|      810.33|        12|     0.017|
|      521.13|      34.543|      834.51|     -313.38|      745.63|        12|     0.016|
|      545.78|      130.18|      957.17|     -411.39|      797.07|        12|     0.017|
|         516|      24.058|      869.73|     -353.73|      774.19|        12|     0.016|
|      515.77|      7.2195|      852.01|     -336.24|       763.5|        12|     0.016|
|      515.65|      6.6752|      852.65|        -337|      763.99|        12|     0.016|
|      515.22|      6.0434|      855.28|     -340.06|       765.9|        12|     0.016|
|      514.19|      11.928|         861|     -346.81|      769.69|        12|     0.016|
|      513.15|       16.89|      864.62|     -351.47|      771.79|        12|     0.017|
|         514|      46.391|      891.15|     -377.15|      779.41|        12|     0.016|
|      511.23|      29.623|      875.19|     -363.96|      775.92|        12|     0.017|
|      510.25|      21.748|      869.67|     -359.43|      773.42|        12|     0.016|
|      508.64|      7.1704|      861.39|     -352.75|      764.97|        12|     0.016|
|      507.85|      9.7547|      851.65|      -343.8|      761.15|        12|     0.017|
|      507.14|      5.9674|       854.7|     -347.56|       762.1|        12|     0.016|
|      506.93|      4.8351|      863.36|     -356.43|      763.24|        12|     0.017|
|      506.73|      2.7038|      857.98|     -351.25|      762.62|        12|     0.017|
|      506.42|      3.2271|      860.59|     -354.17|      763.63|        12|     0.016|
|      507.68|      22.644|      875.34|     -367.66|      770.51|        12|     0.017|
|      506.05|      7.3935|      863.49|     -357.45|      764.87|        12|     0.016|
|      505.86|      10.755|      865.78|     -359.92|      765.94|        12|     0.017|
|      506.14|      17.004|      870.42|     -364.28|      768.27|        12|     0.016|
|      505.84|      12.001|      866.66|     -360.83|      766.37|        12|     0.016|
|      505.84|      12.989|      867.37|     -361.54|      766.73|        12|     0.017|
|      505.83|      12.209|      866.81|     -360.98|      766.45|        12|     0.016|
|      516.74|      35.814|       891.4|     -374.66|      775.85|        12|     0.017|
|      506.31|      15.534|      869.23|     -362.92|      767.75|        12|     0.016|
|      505.88|      12.717|      867.16|     -361.28|      766.65|        12|     0.016|
|      505.84|      12.293|      866.87|     -361.03|      766.49|        12|     0.017|
|      505.83|      12.223|      866.82|     -360.99|      766.45|        12|     0.016|
|      505.83|      12.211|      866.81|     -360.98|      766.46|        12|     0.017|
|      505.83|      12.213|      866.81|     -360.98|      766.45|        12|     0.017|
|      505.83|      12.211|      866.81|     -360.98|      766.45|        12|     0.016|
|      505.83|       12.21|      866.81|     -360.98|      766.45|        12|     0.017|
Optimization result:
  message: CONVERGENCE: RELATIVE REDUCTION OF F <= FACTR*EPSMCH
  success: True
   status: 0
      fun: 505.83317016559937
        x: [-2.714e+00 -1.797e-01 ...  7.403e-02  2.954e+00]
      nit: 14
      jac: [ 1.835e-03  5.234e-03 ... -2.327e+00  1.286e-02]
     nfev: 41
     njev: 41
 hess_inv: <27x27 LbfgsInvHessProduct with dtype=float64>
|        logP|       dlogP|     y^T.K.y|     log|K| |     Cond(K)|  GPU time|  CPU time|
|------------|------------|------------|------------|------------|----------|----------|
|      1371.7|      362.56|      2060.4|     -688.65|      1222.6|        18|     0.017|
|       804.3|      44.834|      946.82|     -142.51|      342.15|        11|     0.016|
|      803.73|      45.018|      946.33|     -142.59|      343.39|        11|     0.016|
|      800.55|      46.214|       943.7|     -143.15|      351.29|        11|     0.017|
|      799.12|      46.867|      942.63|     -143.51|      355.41|        11|     0.016|
|      797.53|      47.657|      941.56|     -144.03|       360.3|        11|     0.016|
|      796.04|      48.434|      940.67|     -144.63|      365.05|        11|     0.016|
|      794.07|      49.483|      939.61|     -145.54|      371.34|        11|     0.016|
|      789.35|       51.98|      937.27|     -147.92|      385.91|        11|     0.017|
|      761.62|      64.814|      926.09|     -164.46|      456.39|        11|     0.016|
|      677.27|      52.574|      920.99|     -243.72|      632.67|        11|     0.016|
|      1345.1|      334.58|        1952|     -606.94|      818.81|        11|     0.016|
|      740.84|      174.78|      1137.3|      -396.5|       789.5|        11|     0.016|
|      663.67|      11.208|      961.66|     -297.99|      717.25|        11|     0.016|
|       663.7|      11.007|      945.87|     -282.17|      696.54|        11|     0.017|
|      663.28|      1.0079|      953.78|      -290.5|      707.85|        11|     0.016|
|      663.28|     0.96536|      953.58|      -290.3|       707.6|        11|     0.017|
|      663.28|     0.99942|      953.75|     -290.48|      707.83|        11|     0.016|
|      663.28|      0.9993|      953.75|     -290.48|      707.83|        11|     0.016|
|      663.28|     0.99949|      953.75|     -290.48|      707.82|        11|     0.016|
Optimization result:
  message: CONVERGENCE: RELATIVE REDUCTION OF F <= FACTR*EPSMCH
  success: True
   status: 0
      fun: 663.2759564981855
        x: [-2.711e+00 -2.876e-01 ... -2.300e+00  3.401e+00]
      nit: 13
      jac: [-9.689e-05  6.660e-04 ... -1.626e-02 -1.830e+01]
     nfev: 20
     njev: 20
 hess_inv: <27x27 LbfgsInvHessProduct with dtype=float64>
Running seed: 13
|        logP|       dlogP|     y^T.K.y|     log|K| |     Cond(K)|  GPU time|  CPU time|
|------------|------------|------------|------------|------------|----------|----------|
|        1176|      474.49|        1861|     -685.06|      1100.1|        18|     0.017|
|       610.6|        54.3|      747.11|     -136.51|      491.68|        11|     0.016|
|      610.48|      54.343|      747.03|     -136.56|      492.12|        11|     0.016|
|      609.98|      54.514|      746.74|     -136.76|      493.87|        11|     0.016|
|      607.97|      55.189|      745.57|     -137.59|       500.9|        11|     0.016|
|       599.7|      57.784|      741.01|     -141.32|      528.82|        11|     0.016|
|      562.08|       68.59|       725.2|     -163.12|       634.1|        11|     0.016|
|      428.54|      44.727|      810.58|     -382.04|      1040.1|        11|     0.016|
|      536.52|      74.416|       717.8|     -181.29|      694.06|        11|     0.016|
|      425.62|      10.017|       765.2|     -339.58|      1006.8|        11|     0.016|
|      425.06|      18.785|      787.31|     -362.25|      1026.4|        11|     0.016|
|      579.15|      63.717|      731.37|     -152.22|      589.54|        11|     0.016|
|      425.22|      7.6755|      767.86|     -342.64|      1009.7|        11|     0.016|
|      424.71|      10.149|      779.17|     -354.46|      1020.2|        11|     0.016|
|       424.4|      7.1831|       775.6|     -351.21|      1017.3|        11|     0.016|
|      423.31|      6.4183|      769.99|     -346.68|      1012.5|        11|     0.016|
|      419.75|      19.975|      757.39|     -337.64|      999.01|        11|     0.017|
|      479.96|      69.263|      826.34|     -346.39|      921.09|        12|     0.017|
|      421.08|      48.142|      753.44|     -332.36|      971.75|        12|     0.016|
|      418.49|      34.129|      751.31|     -332.81|      985.62|        12|     0.016|
|      427.54|      59.305|       770.1|     -342.56|      958.75|        12|     0.016|
|      419.06|       46.17|       753.4|     -334.33|      974.31|        12|     0.017|
|      418.38|      37.521|      751.14|     -332.76|      982.44|        11|     0.016|
|      418.64|      43.203|      752.15|     -333.51|      977.12|        12|     0.016|
|      418.38|      38.728|      751.21|     -332.83|      981.31|        11|     0.017|
|      418.38|      37.778|      751.14|     -332.77|      982.21|        11|     0.016|
|      418.38|      38.404|      751.19|      -332.8|      981.63|        11|     0.016|
|      418.37|      37.907|      751.15|     -332.77|       982.1|        11|     0.016|
|      418.38|      38.235|      751.17|     -332.79|      981.78|        11|     0.016|
|      418.38|      37.905|      751.15|     -332.77|       982.1|        12|     0.016|
|      466.57|       67.07|      822.35|     -355.78|      938.08|        12|     0.016|
|      421.87|      54.673|      761.63|     -339.77|      965.74|        12|     0.016|
|      418.69|      45.503|      753.27|     -334.59|      975.09|        11|     0.017|
|      418.35|      39.605|      751.35|        -333|      980.52|        11|     0.016|
|      418.48|      43.488|      752.38|      -333.9|      976.95|        12|     0.017|
|      418.35|        40.4|      751.49|     -333.14|      979.81|        11|     0.016|
|      418.35|       39.77|      751.37|     -333.03|      980.39|        11|     0.016|
|      418.35|      40.186|      751.45|      -333.1|         980|        12|     0.016|
|      418.35|      39.858|      751.39|     -333.04|      980.32|        12|     0.016|
|      418.35|      40.074|      751.43|     -333.08|      980.09|        11|     0.016|
|      418.35|      39.857|      751.39|     -333.04|      980.33|        12|     0.016|
|      465.14|      66.655|      822.24|      -357.1|       940.3|        12|     0.016|
|      422.18|      55.308|      763.39|     -341.22|      965.22|        12|     0.016|
|      418.78|      47.009|      754.32|     -335.54|      973.79|        12|     0.016|
|      418.34|      41.469|      751.78|     -333.43|      978.84|        12|     0.016|
|      418.54|      45.127|      753.23|     -334.69|      975.52|        11|     0.016|
|      418.36|      42.207|         752|     -333.65|      978.18|        11|     0.016|
|      418.34|       41.62|      751.82|     -333.48|       978.7|        11|     0.016|
|      418.34|      41.472|      751.78|     -333.43|      978.85|        12|     0.016|
|      463.28|      65.698|      822.88|      -359.6|      944.26|        12|     0.016|
|       422.3|      55.521|      765.47|     -343.16|      965.51|        12|     0.017|
|      418.83|      48.203|      755.64|     -336.82|      972.98|        12|     0.016|
|      418.34|      43.071|       752.4|     -334.07|      977.47|        11|     0.017|
|      418.56|       46.47|      754.32|     -335.76|      974.52|        12|     0.017|
|      418.36|       43.77|      752.73|     -334.38|      976.86|        12|     0.017|
|      418.34|      43.211|      752.47|     -334.13|      977.35|        12|     0.017|
|      418.34|      43.071|      752.41|     -334.07|      977.47|        11|     0.016|
Optimization result:
  message: CONVERGENCE: RELATIVE REDUCTION OF F <= FACTR*EPSMCH
  success: True
   status: 0
      fun: 418.33931087821946
        x: [-2.675e+00 -1.621e-01 ...  1.548e+00  3.401e+00]
      nit: 11
      jac: [ 1.537e-03  5.816e-03 ...  7.842e+01 -1.466e+01]
     nfev: 57
     njev: 57
 hess_inv: <27x27 LbfgsInvHessProduct with dtype=float64>
|        logP|       dlogP|     y^T.K.y|     log|K| |     Cond(K)|  GPU time|  CPU time|
|------------|------------|------------|------------|------------|----------|----------|
|      1495.6|      411.74|      2177.7|     -682.11|        1223|        18|     0.016|
|      864.05|      47.734|      1005.3|     -141.22|      388.83|        12|     0.016|
|      863.53|      47.919|      1004.8|      -141.3|      389.94|        12|     0.016|
|       859.6|      49.473|      1001.6|     -142.03|      399.06|        12|     0.016|
|      857.89|      50.222|      1000.3|     -142.44|      403.33|        12|     0.016|
|      856.05|      51.061|      999.03|     -142.98|      408.04|        12|     0.016|
|      854.45|        51.8|         998|     -143.54|      412.18|        12|     0.016|
|      852.43|      52.724|      996.78|     -144.35|      417.31|        12|     0.016|
|      847.75|      54.806|      994.16|      -146.4|      428.65|        12|     0.016|
|      825.01|      64.276|      983.49|     -158.48|      473.82|        12|     0.016|
|       765.1|      86.419|      966.63|     -201.54|      559.27|        12|     0.016|
|      1330.3|      429.13|      1903.3|     -572.99|      818.26|        12|     0.016|
|      661.43|      15.429|      1002.2|     -340.81|      755.97|        12|     0.016|
|      1508.1|      367.41|      2101.4|      -593.3|       818.8|        12|     0.016|
|      774.07|      277.16|      1230.3|      -456.2|       806.4|        12|     0.016|
|      668.23|      62.151|      1049.3|     -381.07|      781.36|        12|     0.017|
|       661.1|      11.455|      1017.8|     -356.75|      767.38|        12|     0.016|
|      660.81|      2.0601|      1010.2|     -349.42|      762.37|        12|     0.017|
|      660.81|      1.3597|      1011.1|     -350.25|      762.97|        12|     0.016|
Optimization result:
  message: CONVERGENCE: RELATIVE REDUCTION OF F <= FACTR*EPSMCH
  success: True
   status: 0
      fun: 660.8100429902705
        x: [-2.684e+00 -2.311e-01 ... -2.301e+00  3.401e+00]
      nit: 14
      jac: [ 4.800e-04 -1.544e-03 ... -1.403e-02 -2.139e+01]
     nfev: 19
     njev: 19
 hess_inv: <27x27 LbfgsInvHessProduct with dtype=float64>
|        logP|       dlogP|     y^T.K.y|     log|K| |     Cond(K)|  GPU time|  CPU time|
|------------|------------|------------|------------|------------|----------|----------|
|      1251.3|      255.25|      1937.9|     -686.53|      1154.9|        18|     0.016|
|      929.87|      50.673|      1072.8|      -142.9|      399.37|        12|     0.016|
|      929.08|      50.849|      1072.1|     -143.03|      400.81|        12|     0.016|
|      925.81|      51.723|      1069.5|     -143.67|      407.54|        12|     0.016|
|      924.11|      52.279|      1068.3|     -144.15|       411.5|        15|     0.017|
|      922.02|      53.018|      1066.9|     -144.89|      416.54|        17|     0.016|
|      919.72|       53.88|      1065.6|     -145.87|       422.1|        17|     0.016|
|      915.56|      55.498|      1063.4|     -147.84|      431.84|        16|     0.016|
|      900.17|       61.68|      1056.4|      -156.2|      462.78|        16|     0.017|
|       879.4|      69.179|      1048.9|     -169.46|      492.44|        12|     0.016|
|      829.69|      81.314|      1039.1|     -209.39|      527.64|        12|     0.016|
|      810.15|      83.091|      1038.3|     -228.16|      549.91|        12|     0.016|
|      960.53|      207.04|      1485.1|     -524.55|      858.92|        12|     0.016|
|      746.37|      10.923|      1096.8|     -350.39|      685.71|        12|     0.016|
|      752.52|      42.519|      1061.8|      -309.3|      657.62|        12|     0.016|
|      746.12|      5.2214|      1085.6|     -339.45|      679.45|        13|     0.017|
|      746.04|     0.99127|      1088.8|     -342.73|      681.42|        12|     0.016|
|      746.05|     0.88679|      1089.1|     -343.06|      681.62|        12|     0.017|
|      746.05|     0.97552|      1088.8|     -342.76|      681.45|        12|     0.017|
|      746.04|     0.99123|      1088.8|     -342.73|      681.43|        12|     0.016|
|      746.04|     0.99126|      1088.8|     -342.73|      681.42|        12|     0.016|
|      746.04|     0.99127|      1088.8|     -342.73|      681.42|        12|     0.016|
|      746.04|     0.99129|      1088.8|     -342.73|      681.42|        12|     0.016|
Optimization result:
  message: CONVERGENCE: RELATIVE REDUCTION OF F <= FACTR*EPSMCH
  success: True
   status: 0
      fun: 746.042654583821
        x: [-2.723e+00 -2.877e-01 ... -2.302e+00  2.762e+00]
      nit: 14
      jac: [ 9.567e-05  2.224e-04 ... -1.462e-02  1.727e-02]
     nfev: 23
     njev: 23
 hess_inv: <27x27 LbfgsInvHessProduct with dtype=float64>
|        logP|       dlogP|     y^T.K.y|     log|K| |     Cond(K)|  GPU time|  CPU time|
|------------|------------|------------|------------|------------|----------|----------|
|      1813.6|      691.47|      2514.7|     -701.01|      1061.2|        23|     0.016|
|      645.72|      46.557|      847.43|     -201.71|      454.84|        16|     0.017|
|      645.67|       46.58|       847.4|     -201.72|      454.83|        12|     0.016|
|      645.48|      46.674|      847.28|      -201.8|      454.83|        11|     0.017|
|      644.69|      47.046|      846.82|     -202.13|      454.81|        11|     0.016|
|       641.5|      48.462|         845|     -203.49|      454.75|        11|     0.016|
|      627.88|      53.265|      837.96|     -210.08|      477.38|        11|     0.017|
|       526.5|      7.9606|      848.21|     -321.71|      841.99|        11|     0.016|
|      594.42|      62.176|      825.55|     -231.13|      577.66|        13|     0.016|
|      526.77|      10.641|      844.13|     -317.36|         833|        11|     0.017|
|       526.5|      7.9606|       848.2|     -321.71|      841.98|        11|     0.017|
|       577.6|      64.435|      821.78|     -244.18|      624.07|        11|     0.017|
|      526.81|      11.597|      843.34|     -316.53|      831.14|        11|     0.016|
|      526.51|      8.1049|      847.34|     -320.82|      840.17|        11|     0.017|
|       526.5|      7.9673|      848.04|     -321.54|      841.66|        11|     0.017|
|       526.5|      7.9611|      848.17|     -321.68|      841.92|        11|     0.016|
|       526.5|      7.9607|       848.2|      -321.7|      841.99|        11|     0.017|
|       526.5|      7.9606|       848.2|     -321.71|         842|        15|     0.016|
|       526.5|      7.9605|      848.21|     -321.71|      841.99|        16|     0.017|
|      526.49|      7.9606|       848.2|     -321.71|      841.99|        15|     0.016|
|      526.49|      7.9606|       848.2|     -321.71|      841.99|        11|     0.016|
|      526.49|      7.9606|       848.2|     -321.71|      841.99|        11|     0.016|
|       526.5|      7.9606|       848.2|     -321.71|         842|        11|     0.016|
|       526.5|      7.9606|       848.2|     -321.71|      841.98|        11|     0.016|
|      526.49|      7.9606|       848.2|     -321.71|      841.99|        11|     0.017|
Optimization result:
  message: CONVERGENCE: RELATIVE REDUCTION OF F <= FACTR*EPSMCH
  success: True
   status: 0
      fun: 526.4944240137218
        x: [-2.868e+00 -2.501e-01 ... -1.224e+00  3.401e+00]
      nit: 4
      jac: [-1.996e-04  2.504e-04 ... -2.167e+00 -1.757e+01]
     nfev: 25
     njev: 25
 hess_inv: <27x27 LbfgsInvHessProduct with dtype=float64>
|        logP|       dlogP|     y^T.K.y|     log|K| |     Cond(K)|  GPU time|  CPU time|
|------------|------------|------------|------------|------------|----------|----------|
|      1847.3|      696.42|        2538|     -690.68|        1011|        19|     0.016|
|      782.13|      49.089|      925.45|     -143.32|      399.37|        11|     0.017|
|      782.07|      49.118|      925.42|     -143.35|      399.52|        11|     0.016|
|      781.83|      49.235|      925.28|     -143.45|      400.14|        11|     0.016|
|      780.89|      49.704|      924.73|     -143.84|      402.62|        11|     0.017|
|      775.32|      52.479|      921.76|     -146.45|       416.8|        11|     0.016|
|      768.31|      55.986|      918.48|     -150.17|      433.27|        11|     0.017|
|      710.05|      76.829|       899.3|     -189.25|      511.13|        12|     0.016|
|      683.97|      75.344|      894.82|     -210.85|      547.21|        15|     0.016|
|      1888.3|       664.4|      2499.9|     -611.58|      814.49|        17|     0.017|
|      667.24|      130.52|      1021.5|     -354.26|      692.46|        17|     0.017|
|      670.65|      70.202|      894.22|     -223.56|      567.27|        16|     0.016|
|      636.61|      25.991|      938.49|     -301.88|      659.46|        16|     0.016|
|      643.92|      41.836|      901.21|     -257.29|      613.49|        12|     0.016|
|      635.57|      12.369|      926.99|     -291.41|      650.28|        12|     0.016|
|         635|      10.593|      923.84|     -288.84|      647.81|        12|     0.016|
|      632.47|      11.341|      915.54|     -283.07|      641.75|        12|     0.016|
|      627.98|      28.012|         900|     -272.02|      626.17|        12|     0.016|
|      626.26|      25.691|      901.78|     -275.52|      628.49|        12|     0.016|
|      634.62|      79.091|      987.41|     -352.79|      680.23|        16|     0.017|
|      619.42|      19.336|      930.82|      -311.4|      655.61|        15|     0.017|
|      622.45|      50.661|      953.34|      -330.9|      670.73|        12|     0.016|
|      619.46|      26.363|      935.94|     -316.48|      659.83|        12|     0.017|
|      619.38|      21.032|       932.1|     -312.72|      656.73|        12|     0.017|
|      619.71|      50.121|      955.79|     -336.07|      670.54|        12|     0.017|
|      618.75|      26.948|      937.03|     -318.28|       660.1|        12|     0.017|
|      618.84|      41.748|      948.99|     -330.15|      667.13|        12|     0.016|
|      632.22|      100.51|      998.01|     -365.79|      686.08|        12|     0.017|
|       620.3|      60.002|      963.88|     -343.58|      674.26|        12|     0.016|
|      618.83|      45.164|      951.76|     -332.92|      668.57|        17|     0.018|
|      619.54|      54.808|      959.62|     -340.08|      672.37|        16|     0.016|
|      618.88|      46.946|       953.2|     -334.31|       669.3|        15|     0.017|
|      618.84|      45.519|      952.04|      -333.2|      668.72|        12|     0.016|
|      618.83|      45.165|      951.75|     -332.92|      668.57|        12|     0.017|
|      623.36|        76.7|      978.16|      -354.8|      679.74|        12|     0.016|
|      618.74|       56.29|      960.94|      -342.2|      672.97|        12|     0.016|
|      626.11|      84.525|      984.39|     -358.28|      681.91|        15|     0.016|
|       619.2|      65.082|      966.71|     -347.51|      676.06|        16|     0.016|
|      618.64|      58.528|      962.25|     -343.61|      673.79|        16|     0.017|
|      620.15|      65.785|      970.03|     -349.88|      676.38|        13|     0.016|
|      618.89|      61.191|      965.07|     -346.18|      674.77|        12|     0.017|
|      618.66|      59.144|       962.9|     -344.24|      674.02|        12|     0.017|
|      618.64|      58.659|      962.39|     -343.75|      673.84|        12|     0.017|
|      618.65|      58.979|      962.73|     -344.08|      673.96|        12|     0.016|
|      618.64|      58.726|      962.46|     -343.82|      673.87|        12|     0.017|
|      618.65|      58.893|      962.63|     -343.99|      673.92|        15|     0.017|
|      618.64|      58.761|       962.5|     -343.85|      673.88|        16|     0.016|
|      618.64|      58.733|      962.47|     -343.82|      673.87|        14|     0.017|
|      618.64|      58.726|      962.46|     -343.82|      673.87|        12|     0.016|
Optimization result:
  message: CONVERGENCE: RELATIVE REDUCTION OF F <= FACTR*EPSMCH
  success: True
   status: 0
      fun: 618.6405951331935
        x: [-2.686e+00 -1.745e-01 ...  8.560e-01  3.401e+00]
      nit: 18
      jac: [-1.799e-03 -4.384e-03 ...  1.103e+01 -1.933e+01]
     nfev: 49
     njev: 49
 hess_inv: <27x27 LbfgsInvHessProduct with dtype=float64>
Running seed: 42
|        logP|       dlogP|     y^T.K.y|     log|K| |     Cond(K)|  GPU time|  CPU time|
|------------|------------|------------|------------|------------|----------|----------|
|      1947.6|      567.26|      2648.5|     -700.88|      1097.5|        23|     0.016|
|      912.22|      36.703|      1032.7|     -120.49|      461.09|        16|     0.016|
|      912.17|      36.747|      1032.7|     -120.51|      461.23|        16|     0.016|
|      911.98|      36.925|      1032.6|     -120.62|      461.82|        15|     0.016|
|       911.2|      37.638|      1032.3|     -121.06|      464.14|        14|     0.016|
|      907.93|      40.522|      1030.9|     -122.96|      472.95|        17|     0.016|
|      892.24|      52.363|        1025|     -132.78|       501.5|        17|     0.016|
|      790.49|      72.617|      1005.4|     -214.88|      590.19|        16|     0.016|
|      1978.3|      523.91|      2661.7|     -683.32|        1031|        16|     0.016|
|      782.15|      152.23|      1173.5|     -391.39|      719.35|        13|     0.016|
|      777.82|      64.816|      1008.2|     -230.38|      605.56|        13|     0.016|
|      748.28|      28.064|      1073.6|     -325.32|      676.74|        13|     0.016|
|       751.4|      24.323|      1034.9|      -283.5|      651.09|        12|     0.016|
|      747.49|      11.738|      1059.5|     -311.97|       669.5|        14|     0.016|
|      791.51|      75.037|        1002|     -210.49|      583.79|        16|     0.016|
|      747.44|      8.3146|      1054.8|     -307.32|      666.69|        16|     0.016|
|       738.8|      9.6948|      1056.5|     -317.75|      667.41|        14|     0.016|
|      788.79|      52.372|      1157.7|     -368.87|      669.91|        13|     0.016|
|      738.58|      19.237|      1076.5|     -337.94|      668.51|        14|     0.017|
|      736.96|      9.9481|      1058.2|     -321.21|      667.61|        12|     0.016|
|      735.48|       13.74|      1066.7|     -331.17|      668.16|        14|     0.016|
|      735.41|      11.044|      1061.6|     -326.16|      667.89|        16|     0.017|
|      882.07|      78.152|      1273.7|     -391.68|      671.84|        17|     0.017|
|      744.44|      22.754|        1089|     -344.54|       667.9|        12|     0.017|
|      735.86|      14.011|      1068.2|     -332.39|      667.89|        15|     0.017|
|      735.26|      12.185|      1064.3|     -329.07|      667.89|        12|     0.017|
|      734.75|      13.955|      1065.7|     -330.98|      669.36|        12|     0.016|
|      733.29|      9.8065|      1062.2|     -328.96|      667.59|        16|     0.017|
|      732.33|      13.584|      1045.2|     -312.86|      657.53|        17|     0.016|
|      730.57|      1.6498|      1052.9|      -322.3|      663.89|        14|     0.017|
|      730.56|     0.36336|      1053.9|     -323.39|      664.62|        14|     0.016|
|      730.56|     0.31406|      1054.3|     -323.75|      664.87|        13|     0.016|
|      730.56|     0.27174|        1054|     -323.48|      664.69|        12|     0.017|
Optimization result:
  message: CONVERGENCE: RELATIVE REDUCTION OF F <= FACTR*EPSMCH
  success: True
   status: 0
      fun: 730.5569190764847
        x: [-3.022e+00 -2.877e-01 ...  4.811e-01  3.086e-01]
      nit: 11
      jac: [ 6.149e-06  7.806e-04 ...  4.033e-01  6.926e-28]
     nfev: 33
     njev: 33
 hess_inv: <27x27 LbfgsInvHessProduct with dtype=float64>
|        logP|       dlogP|     y^T.K.y|     log|K| |     Cond(K)|  GPU time|  CPU time|
|------------|------------|------------|------------|------------|----------|----------|
|      1371.5|      430.39|      2058.5|     -686.99|      1100.1|        23|     0.016|
|      675.42|      49.136|      852.16|     -176.74|      454.83|        15|     0.016|
|      675.08|      49.239|      851.84|     -176.76|      454.83|        15|     0.016|
|      672.35|      50.223|      849.34|     -176.99|      454.79|        12|     0.016|
|      671.23|      50.716|      848.38|     -177.15|      454.75|        15|     0.016|
|       670.1|       51.26|      847.46|     -177.37|       454.7|        15|     0.016|
|      669.23|      51.689|      846.83|      -177.6|      454.67|        13|     0.016|
|       668.4|      52.103|      846.29|     -177.89|      454.66|        16|     0.016|
|      666.99|       52.81|      845.43|     -178.44|      454.66|        15|     0.016|
|      662.77|      54.868|      843.01|     -180.23|      459.02|        14|     0.016|
|      642.12|      64.064|      832.84|     -190.72|      515.52|        15|     0.016|
|       593.6|      79.941|      817.19|      -223.6|       632.2|        15|     0.016|
|      567.89|      82.847|      813.12|     -245.22|      694.75|        15|     0.016|
|      1378.5|      364.06|      2008.1|     -629.52|      1000.6|        15|     0.016|
|      514.81|      77.009|      913.88|     -399.07|      948.75|        13|     0.016|
|       544.7|       78.93|      812.95|     -268.25|      754.89|        15|     0.016|
|      501.42|      1.1143|      857.94|     -356.53|      910.83|        15|     0.016|
|      501.45|       3.881|      855.15|      -353.7|      907.61|        15|     0.016|
|      501.42|      1.0723|      857.28|     -355.86|      910.09|        15|     0.016|
Optimization result:
  message: CONVERGENCE: RELATIVE REDUCTION OF F <= FACTR*EPSMCH
  success: True
   status: 0
      fun: 501.415436509326
        x: [-2.736e+00 -2.875e-01 ... -2.302e+00  3.401e+00]
      nit: 13
      jac: [-4.020e-05 -6.206e-04 ... -1.447e-02 -2.025e+01]
     nfev: 19
     njev: 19
 hess_inv: <27x27 LbfgsInvHessProduct with dtype=float64>
|        logP|       dlogP|     y^T.K.y|     log|K| |     Cond(K)|  GPU time|  CPU time|
|------------|------------|------------|------------|------------|----------|----------|
|      1435.4|      661.21|      2123.6|     -688.14|      1012.1|        23|     0.016|
|      433.21|      62.154|      569.61|      -136.4|      354.88|        15|     0.016|
|      432.73|      62.251|      569.23|     -136.49|      355.87|        14|     0.017|
|      430.89|      62.636|      567.75|     -136.86|      359.79|        14|     0.016|
|      426.71|      63.548|      564.54|     -137.83|       369.3|        16|     0.016|
|      424.27|        64.1|      562.79|     -138.51|      375.22|        15|     0.016|
|      421.71|      64.678|      561.06|     -139.36|       381.6|        15|     0.016|
|      419.08|      65.255|      559.43|     -140.36|      388.18|        15|     0.016|
|      414.96|       66.11|      557.05|      -142.1|      398.42|        15|     0.016|
|      402.86|      68.229|      550.77|     -147.91|      427.34|        15|     0.016|
|      1449.6|      649.93|      2042.6|        -593|      909.73|        15|     0.017|
|      303.86|      5.1033|      569.98|     -266.13|      752.63|        14|     0.016|
|      745.35|      147.95|       960.8|     -215.44|       427.9|        15|     0.016|
|      329.29|      64.086|      533.59|     -204.29|       604.2|        16|     0.016|
|      303.78|      1.9085|       567.9|     -264.12|      748.99|        16|     0.017|
|      303.63|      1.4167|      566.42|     -262.78|      746.26|        16|     0.016|
|      303.61|      1.5887|      566.27|     -262.66|      745.99|        15|     0.016|
|       297.3|      14.873|      564.96|     -267.66|       740.9|        11|     0.016|
|      303.58|      1.6606|      566.22|     -262.64|      745.88|        14|     0.016|
|      299.79|      8.9625|      563.97|     -264.18|       743.4|        15|     0.016|
|      297.47|      13.527|      563.81|     -266.33|      741.73|        13|     0.016|
|      297.27|      14.516|      564.53|     -267.26|      741.13|        16|     0.016|
|      297.37|      13.882|         564|     -266.64|      741.52|        15|     0.016|
|      297.27|      14.516|      564.53|     -267.26|      741.13|        15|     0.016|
|       302.6|      3.2258|      565.86|     -263.26|      745.91|        15|     0.016|
|       297.7|      12.187|      563.46|     -265.76|      742.64|        15|     0.016|
|      297.23|      13.824|      563.97|     -266.74|      741.62|        15|     0.016|
|      566.68|      172.86|      910.69|     -344.01|      735.99|        15|     0.016|
|      294.93|      18.922|      571.61|     -276.67|      739.74|        16|     0.017|
|      296.39|      14.608|      564.17|     -267.78|      741.13|        16|     0.016|
|      294.77|      17.093|      567.97|     -273.21|       740.1|        15|     0.016|
|      297.41|      17.504|      591.93|     -294.52|      754.61|        15|     0.016|
|      294.35|      13.243|      577.73|     -283.38|      747.82|        15|     0.017|
|       408.6|      243.16|         802|      -393.4|      870.17|        10|     0.016|
|       304.7|      66.749|      616.53|     -311.83|      806.02|        12|     0.017|
|       293.5|      10.326|       583.8|      -290.3|      768.44|        15|     0.016|
|      311.07|      129.58|      647.87|      -336.8|      829.03|        19|     0.016|
|      297.43|      31.426|      607.75|     -310.31|      786.04|        15|     0.016|
|      293.65|      14.397|       588.2|     -294.55|      772.45|        15|     0.016|
|       293.5|      12.003|      585.55|     -292.05|      770.15|        15|     0.016|
|      293.49|       10.86|      584.35|     -290.86|         769|        13|     0.017|
|      293.36|      3.3955|      574.45|     -281.09|      755.48|        15|     0.016|
|      294.73|      11.059|      584.27|     -289.54|      754.55|        16|     0.016|
|      293.29|      4.4333|      576.83|     -283.54|      755.12|        15|     0.016|
|      293.23|      1.1552|      577.59|     -284.36|      758.46|        15|     0.016|
|      293.22|     0.97859|      578.33|     -285.11|      759.17|        15|     0.016|
|      293.22|     0.97554|      578.43|     -285.21|      759.17|        12|     0.016|
|      293.21|     0.97347|      578.45|     -285.24|      759.17|        11|     0.016|
|      293.21|     0.97278|      578.46|     -285.25|      759.19|        11|     0.016|
|      293.05|      1.0404|      578.78|     -285.73|      759.34|        11|     0.017|
|      290.34|      7.3574|      577.76|     -287.41|      760.13|        13|     0.016|
|       351.2|      62.173|       683.1|      -331.9|      773.97|        18|     0.018|
|      282.94|      11.365|      583.03|     -300.08|       764.9|        13|     0.016|
|         289|       8.686|      577.52|     -288.52|      760.66|        12|     0.017|
|      282.76|      9.4311|      580.42|     -297.66|      764.14|        13|     0.016|
|       284.6|      8.4734|      577.28|     -292.68|      762.41|        12|     0.016|
|      305.22|      29.769|      614.27|     -309.05|       766.7|        19|     0.017|
|      282.07|      8.7749|      580.16|      -298.1|      763.95|        18|     0.016|
|       283.5|      7.8533|      577.16|     -293.66|      762.71|        17|     0.016|
|      281.13|      5.4107|      575.86|     -294.73|      762.65|        13|     0.016|
|       280.8|      4.4096|       572.6|      -291.8|      759.43|        13|     0.016|
|      280.41|      1.6238|      568.31|     -287.91|      759.44|        13|     0.016|
|      280.31|      1.5744|      568.42|     -288.11|      760.38|        14|     0.016|
|      280.32|      4.3835|      564.94|     -284.62|      754.91|        13|     0.017|
|      280.28|        1.47|      566.94|     -286.65|      758.12|        13|     0.017|
|      280.27|      1.5296|      568.37|      -288.1|      760.58|        13|     0.017|
|      280.27|     0.78684|      567.52|     -287.25|      759.25|        13|     0.016|
|      280.27|     0.78635|      567.53|     -287.26|      759.27|        13|     0.016|
Optimization result:
  message: CONVERGENCE: RELATIVE REDUCTION OF F <= FACTR*EPSMCH
  success: True
   status: 0
      fun: 280.2673969107362
        x: [-4.604e+00 -1.745e-01 ...  4.379e-01  3.401e+00]
      nit: 35
      jac: [ 2.026e-05  2.264e-04 ...  1.155e-04 -1.668e+01]
     nfev: 68
     njev: 68
 hess_inv: <27x27 LbfgsInvHessProduct with dtype=float64>
|        logP|       dlogP|     y^T.K.y|     log|K| |     Cond(K)|  GPU time|  CPU time|
|------------|------------|------------|------------|------------|----------|----------|
|      1544.4|      406.05|      2227.7|     -683.23|        1067|        23|     0.016|
|      802.37|      43.819|      977.36|        -175|      363.92|        13|     0.017|
|      801.98|      43.843|         977|     -175.02|      363.92|        11|     0.016|
|      799.46|      44.095|       974.7|     -175.24|      363.85|        11|     0.016|
|      798.46|      44.265|      973.83|     -175.38|      364.96|        11|     0.016|
|      797.46|      44.477|      973.03|     -175.57|      368.37|        13|     0.017|
|      796.74|      44.653|      972.52|     -175.77|      370.95|        11|     0.017|
|      796.14|      44.814|      972.16|     -176.03|      373.18|        11|     0.017|
|       795.4|       45.02|      971.78|     -176.38|      375.88|        11|     0.016|
|      793.58|      45.577|      970.91|     -177.33|      382.53|        11|     0.017|
|      787.84|      47.693|      968.44|      -180.6|       402.4|        11|     0.016|
|      709.25|      74.929|      951.03|     -241.79|      562.72|        12|     0.017|
|      1559.7|      370.38|      2165.6|     -605.87|      906.63|        16|     0.016|
|      685.91|      119.87|      1071.8|     -385.86|      698.46|        13|     0.016|
|      695.92|       72.91|      951.24|     -255.32|      583.03|        15|     0.017|
|      658.16|      10.701|      994.74|     -336.58|      670.73|        16|     0.016|
|      662.69|      36.045|      967.86|     -305.17|       643.6|        16|     0.017|
|      657.86|      1.5284|      987.66|     -329.81|      665.58|        16|     0.017|
|      657.85|      1.1242|      988.22|     -330.37|      666.02|        13|     0.017|
Optimization result:
  message: CONVERGENCE: RELATIVE REDUCTION OF F <= FACTR*EPSMCH
  success: True
   status: 0
      fun: 657.8503790150105
        x: [-2.739e+00 -2.877e-01 ... -2.293e+00  3.401e+00]
      nit: 14
      jac: [ 3.206e-04  7.459e-04 ... -1.806e-02 -1.957e+01]
     nfev: 19
     njev: 19
 hess_inv: <27x27 LbfgsInvHessProduct with dtype=float64>
|        logP|       dlogP|     y^T.K.y|     log|K| |     Cond(K)|  GPU time|  CPU time|
|------------|------------|------------|------------|------------|----------|----------|
|      1371.8|       470.8|      2069.3|     -697.53|      1000.4|        25|     0.016|
|       725.7|      55.853|      903.75|     -178.05|       423.9|        17|     0.016|
|      725.39|      55.927|      903.48|     -178.09|       424.5|        17|     0.017|
|      724.19|      56.222|      902.45|     -178.26|      426.94|        15|     0.017|
|      721.91|      56.853|      900.58|     -178.67|      432.12|        15|     0.017|
|      720.56|       57.27|      899.56|        -179|      435.55|        14|     0.016|
|      719.24|      57.692|      898.65|     -179.41|      439.05|        17|     0.017|
|      718.01|      58.086|      897.88|     -179.87|      442.38|        17|     0.016|
|      716.19|      58.661|      896.82|     -180.63|      447.33|        15|     0.016|
|      710.95|       60.21|      893.97|     -183.02|      461.44|        17|     0.016|
|      687.74|      65.934|      883.54|      -195.8|      521.26|        13|     0.016|
|      642.58|      74.946|      871.51|     -228.93|      633.44|        17|     0.016|
|      553.68|      1.7373|      910.89|     -357.21|      910.99|        17|     0.016|
|      569.47|      59.244|      877.14|     -307.67|      835.49|        15|     0.016|
|      553.67|      1.2236|      909.75|     -356.08|      909.68|        17|     0.016|
|      553.67|      1.1022|      910.07|      -356.4|      910.05|        13|     0.016|
Optimization result:
  message: CONVERGENCE: RELATIVE REDUCTION OF F <= FACTR*EPSMCH
  success: True
   status: 0
      fun: 553.6695043708833
        x: [-2.829e+00 -2.877e-01 ... -2.301e+00  3.401e+00]
      nit: 12
      jac: [ 1.713e-04 -3.912e-04 ... -1.357e-02 -1.555e+01]
     nfev: 16
     njev: 16
 hess_inv: <27x27 LbfgsInvHessProduct with dtype=float64>
Average scores:	 rmse: 9.16±0.98	 r2: 0.68±0.08
Filename: (MG-COUNT)_(MGK_Graph-Matern32_product)_mean_feat_transformerOFF_target_transformerOFF
Running seed: 6
|        logP|       dlogP|     y^T.K.y|     log|K| |     Cond(K)|  GPU time|  CPU time|
|------------|------------|------------|------------|------------|----------|----------|
|      814.01|      116.93|      1394.7|     -580.72|      543.27|        19|     0.017|
|      327.53|       26.99|      468.22|     -140.69|      218.05|        12|     0.017|
|      327.42|      27.028|      468.19|     -140.77|      218.05|        12|     0.016|
|         327|      27.179|      468.06|     -141.07|      218.05|        12|     0.016|
|      325.28|       27.71|       467.6|     -142.32|      218.05|        12|     0.017|
|       318.2|      28.646|      466.44|     -148.24|      232.45|        12|     0.016|
|      294.37|      15.152|      482.02|     -187.65|      299.28|        12|     0.017|
|      802.74|      104.18|      1307.9|     -505.13|       435.4|        12|     0.016|
|      337.54|      120.25|      622.84|     -285.31|       390.4|        12|     0.016|
|      291.27|      2.4721|      498.04|     -206.77|      320.44|        13|     0.017|
|      429.33|      205.24|      770.39|     -341.06|      415.67|        16|     0.016|
|      295.17|      27.496|      527.75|     -232.57|      347.44|        17|     0.017|
|      291.24|      1.5356|      499.08|     -207.84|       321.6|        16|     0.016|
|      291.22|     0.17815|      500.91|     -209.69|      323.59|        16|     0.017|
|      291.22|     0.09311|      500.74|     -209.52|      323.41|        16|     0.017|
Optimization result:
  message: CONVERGENCE: RELATIVE REDUCTION OF F <= FACTR*EPSMCH
  success: True
   status: 0
      fun: 291.22038222434946
        x: [-4.605e+00 -2.739e-01 ...  1.629e+00  2.900e+00]
      nit: 5
      jac: [-7.428e-07  4.788e-05 ... -8.209e-62 -1.727e-03]
     nfev: 15
     njev: 15
 hess_inv: <27x27 LbfgsInvHessProduct with dtype=float64>
|        logP|       dlogP|     y^T.K.y|     log|K| |     Cond(K)|  GPU time|  CPU time|
|------------|------------|------------|------------|------------|----------|----------|
|      1139.7|      129.78|      1720.9|     -581.16|      587.41|        20|     0.017|
|      282.39|      25.907|      385.79|      -103.4|      193.62|        12|     0.018|
|       282.3|      25.912|      385.77|     -103.48|      193.83|        12|     0.017|
|      281.94|      25.927|      385.72|     -103.78|      194.69|        13|     0.018|
|       280.5|      25.901|      385.57|     -105.07|      198.08|        13|     0.017|
|       274.9|       24.05|      386.06|     -111.16|      211.09|        12|     0.018|
|       267.9|      13.823|      418.95|     -151.05|      263.28|        12|     0.019|
|      267.71|      12.593|       392.6|     -124.89|      231.55|        12|     0.018|
|      266.07|     0.61441|      402.84|     -136.77|       246.2|        12|     0.018|
|      266.06|     0.95675|      401.84|     -135.78|      245.01|        12|     0.018|
|      266.02|     0.95422|      401.99|     -135.97|      245.24|        12|     0.018|
|      265.69|      1.8711|      402.44|     -136.76|      246.17|        12|     0.018|
|      261.55|      7.0829|      403.05|      -141.5|      249.99|        15|     0.018|
|      254.32|      18.656|      427.63|     -173.31|      266.46|        17|     0.019|
|      253.82|      16.801|      424.66|     -170.84|      264.12|        17|     0.018|
|      253.34|      15.128|      421.84|      -168.5|      262.19|        14|     0.018|
|      252.75|      9.5982|      409.59|     -156.85|      255.95|        12|     0.018|
|      252.61|      12.955|       417.8|     -165.19|      259.93|        12|     0.018|
|      252.14|      10.741|      413.21|     -161.07|      257.74|        12|     0.018|
|      252.22|      11.566|         415|     -162.78|      258.58|        12|     0.018|
|      252.14|      10.741|      413.21|     -161.07|      257.74|        12|     0.018|
|      254.66|      18.435|       392.5|     -137.84|       222.6|        13|      0.02|
|      251.25|      5.3013|      408.18|     -156.93|      250.77|        12|     0.018|
|      251.03|       2.448|      400.16|     -149.13|      242.36|        12|     0.019|
|      250.97|     0.38095|      402.21|     -151.23|      244.67|        12|     0.019|
|      250.97|     0.25792|      402.43|     -151.46|      244.95|        12|     0.018|
Optimization result:
  message: CONVERGENCE: RELATIVE REDUCTION OF F <= FACTR*EPSMCH
  success: True
   status: 0
      fun: 250.97075144406924
        x: [-4.052e+00 -2.287e-01 ...  3.401e+00  3.132e+00]
      nit: 8
      jac: [-9.490e-06 -9.465e-06 ... -1.711e+00 -1.782e-02]
     nfev: 26
     njev: 26
 hess_inv: <27x27 LbfgsInvHessProduct with dtype=float64>
|        logP|       dlogP|     y^T.K.y|     log|K| |     Cond(K)|  GPU time|  CPU time|
|------------|------------|------------|------------|------------|----------|----------|
|      1021.6|      142.51|      1617.5|     -595.88|      586.25|        18|     0.017|
|       370.6|       27.01|      512.79|     -142.19|      205.03|        12|     0.018|
|      370.52|      27.053|      512.76|     -142.24|      205.18|        16|     0.018|
|      370.22|      27.225|      512.64|     -142.43|      205.77|        17|     0.018|
|      368.97|      27.879|       512.2|     -143.23|      208.15|        12|     0.017|
|      363.76|      29.775|      510.67|     -146.91|      221.18|        12|     0.017|
|      343.78|      21.753|      514.72|     -170.95|      277.79|        12|     0.018|
|      631.81|      263.36|      1048.9|     -417.14|      472.45|        12|     0.017|
|      334.94|      9.8454|      563.76|     -228.82|      363.02|        13|     0.017|
|      336.49|      11.948|       530.7|     -194.22|      315.74|        12|     0.018|
|      334.33|      3.0944|      555.18|     -220.85|      352.88|        12|     0.017|
|      341.45|      19.176|      517.79|     -176.35|      287.31|        12|     0.018|
|      334.28|      1.8429|      553.44|     -219.16|      350.67|        12|     0.018|
|      334.26|     0.60349|      551.31|     -217.06|       347.9|        12|     0.018|
|      334.25|     0.56865|      551.05|      -216.8|      347.56|        12|     0.018|
Optimization result:
  message: CONVERGENCE: RELATIVE REDUCTION OF F <= FACTR*EPSMCH
  success: True
   status: 0
      fun: 334.2548702717588
        x: [-3.353e+00 -2.630e-01 ...  3.401e+00  2.924e+00]
      nit: 5
      jac: [ 2.773e-05 -9.920e-05 ... -3.719e+00 -5.127e-03]
     nfev: 15
     njev: 15
 hess_inv: <27x27 LbfgsInvHessProduct with dtype=float64>
|        logP|       dlogP|     y^T.K.y|     log|K| |     Cond(K)|  GPU time|  CPU time|
|------------|------------|------------|------------|------------|----------|----------|
|      792.88|      109.59|      1382.6|     -589.73|      664.45|        23|     0.018|
|      399.91|      22.017|      532.17|     -132.26|      191.52|        17|     0.019|
|      399.84|      22.007|      532.17|     -132.33|      191.72|        17|     0.018|
|      399.58|      21.961|      532.18|      -132.6|      192.47|        16|     0.018|
|      398.53|      21.718|      532.25|     -133.72|      195.49|        12|     0.018|
|      394.53|      19.661|      533.39|     -138.86|      207.32|        12|     0.018|
|      389.26|      11.568|      558.54|     -169.28|      250.01|        14|     0.019|
|      389.22|      10.278|      539.64|     -150.42|      225.72|        12|     0.018|
|      592.31|      183.98|      1002.8|     -410.52|      388.03|        12|     0.019|
|      404.35|      39.076|       606.9|     -202.54|      293.82|        12|     0.018|
|       388.9|      8.8862|      540.62|     -151.73|       227.3|        17|     0.019|
|      388.32|      5.4176|      552.23|     -163.92|      242.66|        17|     0.018|
|      388.07|      1.4004|       546.3|     -158.23|      234.77|        17|     0.019|
|      388.05|     0.19474|      547.32|     -159.27|      236.22|        12|     0.018|
|      388.05|     0.11943|      547.47|     -159.42|      236.43|        12|     0.018|
Optimization result:
  message: CONVERGENCE: RELATIVE REDUCTION OF F <= FACTR*EPSMCH
  success: True
   status: 0
      fun: 388.049760423811
        x: [-3.559e+00 -2.872e-01 ...  3.401e+00  3.099e+00]
      nit: 7
      jac: [-9.473e-07  1.506e-06 ... -2.894e+00 -4.743e-03]
     nfev: 15
     njev: 15
 hess_inv: <27x27 LbfgsInvHessProduct with dtype=float64>
|        logP|       dlogP|     y^T.K.y|     log|K| |     Cond(K)|  GPU time|  CPU time|
|------------|------------|------------|------------|------------|----------|----------|
|      1184.2|      151.23|      1771.2|     -586.94|      706.79|        18|     0.018|
|      415.38|      30.252|      546.65|     -131.26|      205.03|        12|     0.018|
|      415.29|      30.291|      546.61|     -131.32|       205.2|        15|     0.018|
|      414.91|      30.444|      546.46|     -131.56|      205.86|        17|     0.019|
|      413.35|       31.01|       545.9|     -132.54|      208.52|        16|     0.019|
|      406.93|      32.444|      544.04|     -137.11|      218.95|        12|     0.018|
|      383.23|      22.414|      549.45|     -166.22|      248.12|        12|     0.017|
|      952.29|      269.71|      1398.8|     -446.49|      389.63|        14|     0.018|
|      385.14|       50.26|         613|     -227.86|      308.78|        12|     0.018|
|      375.98|      4.5904|      568.66|     -192.68|      270.45|        12|     0.018|
|      1201.3|      127.96|        1721|     -519.73|       392.1|        12|     0.017|
|      491.52|      232.89|      790.47|     -298.95|      360.01|        17|     0.017|
|       377.3|      16.859|      587.11|     -209.82|      289.71|        17|     0.017|
|      375.87|      2.5867|      570.56|      -194.7|      272.75|        13|     0.018|
|      375.82|     0.57725|      573.36|     -197.54|      275.97|        12|     0.017|
|      375.82|     0.31652|      572.89|     -197.07|      275.44|        14|     0.018|
Optimization result:
  message: CONVERGENCE: RELATIVE REDUCTION OF F <= FACTR*EPSMCH
  success: True
   status: 0
      fun: 375.8176638967624
        x: [-4.363e+00 -2.672e-01 ...  3.401e+00  3.008e+00]
      nit: 5
      jac: [ 1.451e-05 -7.200e-05 ... -3.722e+00 -5.523e-03]
     nfev: 16
     njev: 16
 hess_inv: <27x27 LbfgsInvHessProduct with dtype=float64>
Running seed: 13
|        logP|       dlogP|     y^T.K.y|     log|K| |     Cond(K)|  GPU time|  CPU time|
|------------|------------|------------|------------|------------|----------|----------|
|      1024.4|      130.07|      1606.7|     -582.33|      626.83|        18|     0.017|
|      433.58|      27.499|      555.69|     -122.11|      235.67|        15|     0.019|
|      433.48|      27.509|      555.66|     -122.18|      236.01|        17|     0.018|
|      433.08|      27.545|      555.56|     -122.48|      237.34|        17|     0.018|
|      431.48|      27.594|      555.21|     -123.73|      242.68|        17|     0.019|
|      425.22|      25.948|      554.85|     -129.63|      263.73|        16|     0.018|
|      415.02|      8.1443|      583.78|     -168.76|      343.17|        12|     0.016|
|      415.29|      9.7518|      563.57|     -148.28|      307.86|        12|     0.017|
|      854.39|      189.08|        1303|     -448.61|      519.87|        12|     0.017|
|      429.79|      41.647|      642.72|     -212.92|      406.39|        12|     0.017|
|      414.74|         6.8|      565.96|     -151.22|      313.39|        12|     0.017|
|      414.26|      1.8382|      574.87|      -160.6|      329.84|        12|     0.017|
|      414.23|     0.28171|      572.42|     -158.19|      325.75|        13|     0.017|
|      414.23|     0.13689|      572.69|     -158.47|      326.22|        12|     0.017|
Optimization result:
  message: CONVERGENCE: RELATIVE REDUCTION OF F <= FACTR*EPSMCH
  success: True
   status: 0
      fun: 414.22534897945945
        x: [-4.311e+00 -2.673e-01 ...  3.401e+00  2.818e+00]
      nit: 6
      jac: [-6.866e-06 -8.967e-05 ... -3.729e+00  4.308e-05]
     nfev: 14
     njev: 14
 hess_inv: <27x27 LbfgsInvHessProduct with dtype=float64>
|        logP|       dlogP|     y^T.K.y|     log|K| |     Cond(K)|  GPU time|  CPU time|
|------------|------------|------------|------------|------------|----------|----------|
|      1061.3|       127.4|      1641.5|      -580.2|      707.01|        18|     0.018|
|      417.08|       23.16|       544.4|     -127.33|      187.24|        12|     0.018|
|      417.01|      23.185|      544.39|     -127.38|      187.31|        12|     0.018|
|      416.73|      23.281|      544.32|     -127.59|      187.62|        12|     0.018|
|      415.59|      23.635|      544.06|     -128.47|      190.71|        12|     0.018|
|      410.93|      24.338|      543.47|     -132.54|      203.08|        15|     0.017|
|      396.51|      6.9733|      555.81|      -159.3|       244.2|        17|     0.017|
|      832.96|      224.04|      1254.6|     -421.61|      388.44|        17|     0.017|
|      414.89|      58.169|      632.26|     -217.38|      299.86|        14|     0.017|
|      396.17|      4.4887|      558.18|        -162|      246.95|        12|     0.017|
|      396.09|      3.6518|      559.01|     -162.91|      247.86|        12|     0.017|
|      399.11|      20.417|       586.1|     -186.99|       270.6|        12|     0.017|
|      395.99|      2.0145|      560.68|     -164.69|      249.61|        12|     0.017|
|      397.07|      11.681|      575.88|     -178.81|      262.93|        12|     0.017|
|       434.9|      91.363|      675.72|     -240.82|      321.76|        12|     0.017|
|      397.28|      12.769|      577.14|     -179.87|      263.92|        13|     0.018|
|      397.08|       11.72|      575.93|     -178.85|      262.97|        12|     0.017|
|      397.07|      11.682|      575.89|     -178.81|      262.93|        12|     0.018|
|      397.07|      11.681|      575.88|     -178.81|      262.93|        12|     0.017|
|      397.07|      11.681|      575.88|     -178.81|      262.93|        12|     0.017|
|      397.07|      11.681|      575.88|     -178.81|      262.93|        12|     0.018|
|      397.07|      11.681|      575.88|     -178.81|      262.93|        12|     0.017|
|      397.07|      11.681|      575.88|     -178.81|      262.93|        12|     0.017|
Optimization result:
  message: CONVERGENCE: RELATIVE REDUCTION OF F <= FACTR*EPSMCH
  success: True
   status: 0
      fun: 397.0716855355015
        x: [-4.422e+00 -2.701e-01 ...  3.401e+00  3.013e+00]
      nit: 3
      jac: [ 2.675e-05 -1.964e-04 ... -2.597e+00 -1.296e-02]
     nfev: 23
     njev: 23
 hess_inv: <27x27 LbfgsInvHessProduct with dtype=float64>
|        logP|       dlogP|     y^T.K.y|     log|K| |     Cond(K)|  GPU time|  CPU time|
|------------|------------|------------|------------|------------|----------|----------|
|      1023.4|      139.34|      1607.3|     -583.92|      630.39|        23|     0.017|
|      389.52|      26.966|      508.01|     -118.49|      191.52|        14|     0.018|
|      389.43|      27.023|      507.99|     -118.55|      191.73|        13|     0.018|
|      389.08|      27.249|      507.89|     -118.81|      192.53|        13|     0.019|
|      387.67|      28.098|      507.54|     -119.87|      195.75|        12|     0.018|
|      381.67|      30.318|      506.45|     -124.78|       208.3|        12|     0.018|
|      360.85|      15.765|      516.88|     -156.03|      244.25|        12|     0.019|
|      790.62|      264.36|      1231.8|     -441.14|      408.66|        13|     0.018|
|      360.36|      27.545|      587.57|      -227.2|      291.22|        12|     0.018|
|      358.46|      11.509|       523.9|     -165.44|      248.57|        12|     0.019|
|      355.59|      1.2564|      551.66|     -196.07|      263.58|        12|     0.019|
|      356.86|      8.1006|      531.74|     -174.88|      251.66|        12|     0.019|
|      355.58|     0.92529|      550.94|     -195.36|      262.84|        12|     0.019|
|      355.57|     0.62879|      549.77|      -194.2|      261.63|        12|     0.018|
|      355.56|     0.64768|      549.56|        -194|      261.42|        12|     0.018|
|      355.48|      1.2389|      548.05|     -192.57|      259.91|        13|     0.018|
|       350.6|       10.76|      526.43|     -175.83|      250.51|        16|     0.018|
|      357.36|      21.398|      517.01|     -159.65|      238.11|        18|     0.019|
|      350.24|      11.758|      524.19|     -173.95|      249.12|        17|     0.018|
|      351.56|      13.696|       522.5|     -170.95|      246.78|        17|     0.019|
|      350.38|      12.198|      523.62|     -173.23|      248.55|        16|     0.018|
|      350.24|      11.758|      524.19|     -173.95|      249.12|        15|     0.019|
|      389.79|      29.106|      571.08|     -181.29|      205.17|        12|     0.019|
|      353.98|      25.178|      510.62|     -156.64|      236.51|        16|     0.019|
|      350.31|      11.936|      523.88|     -173.57|      248.95|        14|     0.018|
|      350.25|      11.765|      524.18|     -173.94|      249.11|        17|     0.018|
|      350.24|      11.758|      524.19|     -173.95|      249.11|        17|     0.018|
|      350.24|      11.758|      524.19|     -173.95|      249.12|        16|     0.018|
|      350.24|      11.758|      524.19|     -173.95|      249.12|        17|     0.018|
|      350.24|      11.758|      524.19|     -173.95|      249.12|        17|     0.019|
|      350.24|      11.758|      524.19|     -173.95|      249.12|        14|     0.018|
|      350.24|      11.758|      524.19|     -173.95|      249.12|        17|     0.018|
Optimization result:
  message: CONVERGENCE: RELATIVE REDUCTION OF F <= FACTR*EPSMCH
  success: True
   status: 0
      fun: 350.24347019009906
        x: [-4.046e+00 -2.517e-01 ...  3.401e+00  3.191e+00]
      nit: 8
      jac: [-1.175e-05  8.768e-05 ... -2.879e+00 -8.510e-03]
     nfev: 32
     njev: 32
 hess_inv: <27x27 LbfgsInvHessProduct with dtype=float64>
|        logP|       dlogP|     y^T.K.y|     log|K| |     Cond(K)|  GPU time|  CPU time|
|------------|------------|------------|------------|------------|----------|----------|
|      1034.9|      109.88|      1630.6|     -595.66|      626.83|        22|     0.018|
|      345.96|      23.582|      512.21|     -166.25|      218.05|        15|     0.018|
|      345.89|      23.577|       512.2|     -166.31|      218.05|        14|     0.017|
|      345.62|      23.553|      512.15|     -166.53|      218.05|        16|     0.018|
|      344.51|        23.4|      511.97|     -167.45|      218.05|        16|     0.018|
|      340.25|      21.798|      511.89|     -171.64|      219.61|        16|     0.017|
|      331.14|       1.724|      528.24|      -197.1|      282.49|        16|     0.018|
|      331.45|      5.3312|      521.78|     -190.33|      268.78|        13|     0.017|
|      331.13|      1.3971|      527.91|     -196.78|      281.86|        16|     0.018|
|      331.11|     0.16344|      526.62|     -195.51|      279.36|        17|     0.017|
|      331.11|     0.14548|      526.56|     -195.45|      279.24|        16|     0.018|
Optimization result:
  message: CONVERGENCE: RELATIVE REDUCTION OF F <= FACTR*EPSMCH
  success: True
   status: 0
      fun: 331.1112928579265
        x: [-2.931e+00 -2.877e-01 ...  3.401e+00  2.901e+00]
      nit: 5
      jac: [ 9.266e-06 -2.743e-05 ... -2.570e+00 -3.712e-03]
     nfev: 11
     njev: 11
 hess_inv: <27x27 LbfgsInvHessProduct with dtype=float64>
|        logP|       dlogP|     y^T.K.y|     log|K| |     Cond(K)|  GPU time|  CPU time|
|------------|------------|------------|------------|------------|----------|----------|
|      768.12|      123.32|      1355.3|     -587.21|      581.64|        20|     0.018|
|       306.1|      27.257|      442.38|     -136.28|      218.05|        17|     0.018|
|      306.01|      27.278|      442.37|     -136.36|      218.05|        12|     0.018|
|      305.64|      27.355|      442.31|     -136.67|      218.05|        17|     0.018|
|      304.16|      27.585|      442.13|     -137.97|      218.05|        17|     0.018|
|      298.21|      27.111|      442.25|     -144.04|      218.05|        16|     0.017|
|      282.63|      6.2435|       464.2|     -181.57|      245.88|        16|     0.018|
|      816.23|      97.061|      1332.1|     -515.87|      390.06|        15|     0.017|
|      316.68|      83.953|      605.93|     -289.25|      321.25|        15|     0.018|
|      281.76|      1.1075|      483.07|     -201.31|      264.52|        17|     0.017|
|       282.5|      7.0244|       497.4|      -214.9|      276.15|        16|     0.017|
|      281.78|      1.4014|      483.89|     -202.12|      265.24|        16|     0.017|
|      281.76|      1.1433|      483.17|     -201.41|      264.61|        14|     0.018|
|      281.76|      1.1122|      483.08|     -201.32|      264.53|        15|     0.017|
|      281.76|       1.108|      483.07|     -201.31|      264.52|        17|     0.017|
|      281.76|      1.1076|      483.07|     -201.31|      264.52|        15|     0.017|
|      281.76|      1.1076|      483.07|     -201.31|      264.52|        16|     0.017|
|      281.76|      1.1076|      483.07|     -201.31|      264.52|        14|     0.017|
Optimization result:
  message: CONVERGENCE: RELATIVE REDUCTION OF F <= FACTR*EPSMCH
  success: True
   status: 0
      fun: 281.76234674710145
        x: [-4.604e+00 -2.877e-01 ...  3.401e+00  3.005e+00]
      nit: 4
      jac: [ 1.672e-06 -2.837e-06 ... -1.315e+00 -3.303e-03]
     nfev: 18
     njev: 18
 hess_inv: <27x27 LbfgsInvHessProduct with dtype=float64>
Running seed: 42
|        logP|       dlogP|     y^T.K.y|     log|K| |     Cond(K)|  GPU time|  CPU time|
|------------|------------|------------|------------|------------|----------|----------|
|        1199|      131.77|      1794.2|     -595.16|      623.65|        23|     0.018|
|      403.15|      29.126|      503.12|     -99.967|      221.04|        17|     0.018|
|      403.04|      29.178|      503.08|     -100.04|      221.24|        12|     0.018|
|      402.61|       29.38|      502.95|     -100.33|      222.02|        12|     0.018|
|      400.86|       30.11|      502.44|     -101.57|      225.06|        13|     0.018|
|      393.56|      31.434|      501.08|     -107.52|      235.55|        15|     0.018|
|      370.59|      13.245|      519.15|     -148.56|      263.15|        12|     0.018|
|      1118.8|      164.87|        1621|     -502.21|      429.28|        12|     0.019|
|       397.5|      103.85|      638.25|     -240.75|      311.46|        12|     0.017|
|      367.67|      4.5282|      535.08|     -167.41|      273.32|        17|     0.018|
|      1203.7|      111.76|      1755.8|     -552.17|      529.41|        16|     0.017|
|      463.14|      222.98|      756.01|     -292.87|      327.88|        16|     0.018|
|      368.11|      16.879|       558.7|     -190.58|      286.26|        12|     0.017|
|      367.19|      3.5654|      543.09|      -175.9|      278.05|        17|     0.017|
|      365.24|      5.8493|      542.89|     -177.65|      278.74|        17|     0.018|
|      352.92|      8.3336|       547.3|     -194.38|      281.56|        17|     0.018|
|      346.95|      19.377|      560.38|     -213.43|      285.44|        17|     0.018|
|      389.22|      78.976|      676.26|     -287.03|      299.85|        12|     0.018|
|      348.41|      36.461|      594.58|     -246.17|      291.74|        15|     0.017|
|      343.36|      25.524|      572.33|     -228.96|      288.82|        16|     0.018|
|      358.81|      22.698|      566.51|      -207.7|       262.7|        16|     0.017|
|      342.82|      12.003|      559.98|     -217.16|       275.1|        16|     0.018|
|      341.71|       18.92|      567.78|     -226.07|      285.98|        16|     0.018|
|      339.33|       5.381|      538.96|     -199.63|      272.26|        16|     0.017|
|      339.17|      5.3868|      540.91|     -201.73|      271.76|        16|     0.017|
|      338.97|      3.7473|      541.49|     -202.52|      272.97|        16|     0.017|
|      338.86|      2.5929|      542.94|     -204.08|      273.89|        16|     0.017|
|      338.71|      1.6069|      547.57|     -208.86|      276.73|        16|     0.017|
|      338.66|      1.4028|      547.12|     -208.46|       276.6|        16|     0.017|
|      338.54|     0.33442|      545.14|      -206.6|      275.76|        16|     0.017|
|      338.41|     0.38439|      544.32|     -205.91|      275.43|        17|     0.018|
|      338.37|     0.17625|       544.5|     -206.13|      275.57|        15|     0.017|
|      338.37|     0.10865|      544.63|     -206.26|      275.66|        15|     0.018|
|      338.37|     0.10774|      544.65|     -206.28|      275.67|        17|     0.017|
Optimization result:
  message: CONVERGENCE: RELATIVE REDUCTION OF F <= FACTR*EPSMCH
  success: True
   status: 0
      fun: 338.3662103716088
        x: [-3.460e+00 -2.015e-01 ...  3.401e+00  3.023e+00]
      nit: 17
      jac: [ 3.529e-05  6.637e-05 ... -2.533e+00  8.247e-03]
     nfev: 34
     njev: 34
 hess_inv: <27x27 LbfgsInvHessProduct with dtype=float64>
|        logP|       dlogP|     y^T.K.y|     log|K| |     Cond(K)|  GPU time|  CPU time|
|------------|------------|------------|------------|------------|----------|----------|
|      996.52|      134.04|      1580.6|     -584.07|      625.82|        22|     0.017|
|      384.12|      28.609|       526.9|     -142.78|      205.03|        16|     0.018|
|      383.88|      28.704|      526.86|     -142.98|      205.48|        13|     0.018|
|      382.95|      29.085|      526.71|     -143.76|      207.85|        12|     0.019|
|      379.58|      30.622|      526.13|     -146.55|      213.91|        12|     0.018|
|      371.85|      34.342|      524.59|     -152.74|      224.99|        12|     0.018|
|      368.73|      35.546|      523.83|      -155.1|      231.88|        13|     0.018|
|      365.09|      36.439|      523.14|     -158.05|      239.68|        12|     0.018|
|      360.89|      36.819|      522.64|     -161.75|      248.57|        12|     0.018|
|      356.13|      36.475|      522.55|     -166.42|      258.72|        12|     0.018|
|      350.87|      35.273|      523.19|     -172.32|       270.4|        12|     0.018|
|      345.26|      33.266|      524.99|     -179.74|      283.94|        15|     0.017|
|      327.59|      17.101|      545.89|      -218.3|         345|        16|     0.017|
|      793.39|      243.77|      1249.8|     -456.41|      476.35|        16|     0.017|
|      342.68|       75.25|      626.46|     -283.78|      419.93|        13|     0.017|
|      325.23|      2.4787|      560.26|     -235.03|      368.03|        12|     0.017|
|      327.79|        24.3|      583.79|        -256|      393.29|        12|     0.017|
|       325.2|     0.99577|      561.65|     -236.45|      369.88|        12|     0.017|
|      325.19|     0.33659|      562.56|     -237.36|      371.05|        13|     0.017|
|      325.19|     0.33176|       562.5|     -237.31|      370.98|        12|     0.018|
|      325.19|     0.33637|      562.56|     -237.36|      371.05|        12|     0.017|
|      325.19|     0.33659|      562.56|     -237.36|      371.05|        12|     0.017|
|      325.19|      0.3366|      562.56|     -237.36|      371.05|        12|     0.017|
|      325.19|     0.33658|      562.56|     -237.36|      371.05|        14|     0.017|
|      325.19|     0.33659|      562.56|     -237.36|      371.05|        16|     0.017|
|      325.19|     0.33659|      562.56|     -237.36|      371.05|        16|     0.017|
Optimization result:
  message: CONVERGENCE: RELATIVE REDUCTION OF F <= FACTR*EPSMCH
  success: True
   status: 0
      fun: 325.19289083619844
        x: [-4.605e+00 -2.877e-01 ...  3.401e+00  2.871e+00]
      nit: 11
      jac: [ 2.347e-07  1.015e-04 ... -3.717e+00 -2.451e-03]
     nfev: 26
     njev: 26
 hess_inv: <27x27 LbfgsInvHessProduct with dtype=float64>
|        logP|       dlogP|     y^T.K.y|     log|K| |     Cond(K)|  GPU time|  CPU time|
|------------|------------|------------|------------|------------|----------|----------|
|      986.24|       121.1|      1571.6|     -585.33|      582.24|        18|     0.017|
|      336.85|      23.829|      449.92|     -113.06|      170.25|        14|     0.018|
|      336.77|      23.826|      449.91|     -113.14|      170.53|        12|     0.018|
|      336.44|      23.806|      449.88|     -113.44|      171.64|        12|     0.018|
|      335.12|      23.633|      449.81|     -114.69|      176.09|        12|     0.018|
|      330.08|      21.143|      450.57|      -120.5|      193.55|        12|     0.017|
|      326.87|      18.767|      483.37|     -156.51|      262.85|        12|     0.018|
|      325.15|      12.634|      454.83|     -129.68|      214.84|        17|     0.017|
|      323.69|      4.8746|      459.62|     -135.93|      227.13|        17|     0.018|
|      329.35|      23.847|      492.25|      -162.9|      273.16|        14|     0.017|
|      323.63|      4.2184|      460.06|     -136.44|      228.08|        12|     0.018|
|      323.46|     0.68964|      463.62|     -140.16|      234.91|        16|     0.017|
|      323.46|      0.2609|      463.11|     -139.66|         234|        16|     0.018|
Optimization result:
  message: CONVERGENCE: RELATIVE REDUCTION OF F <= FACTR*EPSMCH
  success: True
   status: 0
      fun: 323.4581641038807
        x: [-4.509e+00 -2.787e-01 ...  3.401e+00  3.023e+00]
      nit: 5
      jac: [ 4.248e-06 -2.581e-05 ... -2.536e+00 -9.906e-03]
     nfev: 13
     njev: 13
 hess_inv: <27x27 LbfgsInvHessProduct with dtype=float64>
|        logP|       dlogP|     y^T.K.y|     log|K| |     Cond(K)|  GPU time|  CPU time|
|------------|------------|------------|------------|------------|----------|----------|
|      862.98|       102.8|      1445.4|     -582.45|      588.18|        18|     0.018|
|      428.64|      27.467|      573.35|     -144.72|      174.57|        14|     0.018|
|      428.52|      27.494|      573.32|      -144.8|      174.57|        17|     0.018|
|      428.05|        27.6|      573.19|     -145.15|      174.57|        17|     0.018|
|      426.14|      27.931|      572.73|     -146.59|      177.38|        17|     0.018|
|      418.45|      27.661|       571.9|     -153.45|      198.32|        17|     0.017|
|      396.39|      12.137|      597.15|     -200.76|      264.98|        13|     0.018|
|      919.69|      84.731|      1425.6|     -505.89|      433.88|        12|     0.017|
|      437.89|      118.75|      747.84|     -309.95|      329.12|        12|     0.018|
|      393.18|      1.2098|      621.07|     -227.89|      287.09|        12|     0.017|
|      666.33|      221.62|      1084.4|     -418.11|      401.58|        12|     0.017|
|      408.13|      60.427|      687.31|     -279.18|      317.61|        12|     0.017|
|      393.17|      1.2284|      624.48|      -231.3|      289.58|        13|     0.017|
|      393.72|      9.2796|      634.79|     -241.07|       296.6|        12|     0.018|
|      393.19|      1.9619|      625.53|     -232.34|      290.34|        12|     0.018|
|      393.17|      1.3566|      624.66|     -231.49|      289.71|        12|     0.018|
|      393.17|       1.253|      624.51|     -231.34|       289.6|        12|     0.017|
|      393.17|      1.2331|      624.48|     -231.31|      289.58|        12|     0.017|
|      393.17|      1.2366|      624.49|     -231.32|      289.58|        12|     0.018|
|      393.17|      1.2337|      624.48|     -231.31|      289.58|        12|     0.017|
|      393.17|      1.2332|      624.48|     -231.31|      289.58|        12|     0.018|
Optimization result:
  message: CONVERGENCE: RELATIVE REDUCTION OF F <= FACTR*EPSMCH
  success: True
   status: 0
      fun: 393.17254000720686
        x: [-3.965e+00 -2.877e-01 ...  3.401e+00  3.030e+00]
      nit: 4
      jac: [ 1.218e-05 -4.738e-05 ... -2.533e+00 -1.143e-02]
     nfev: 21
     njev: 21
 hess_inv: <27x27 LbfgsInvHessProduct with dtype=float64>
|        logP|       dlogP|     y^T.K.y|     log|K| |     Cond(K)|  GPU time|  CPU time|
|------------|------------|------------|------------|------------|----------|----------|
|      810.87|      115.33|        1403|      -592.1|      580.62|        23|     0.018|
|      337.78|      24.129|      485.43|     -147.65|      205.03|        18|     0.017|
|       337.7|      24.114|      485.42|     -147.72|       205.2|        13|     0.018|
|      337.37|      24.052|      485.37|        -148|      205.91|        13|     0.017|
|      336.08|      23.717|      485.25|     -149.17|      208.75|        13|     0.018|
|      331.22|      20.814|      485.78|     -154.56|      224.68|        13|     0.018|
|      324.39|      8.9806|      511.88|     -187.49|       293.4|        13|     0.017|
|      659.74|      213.79|        1091|     -431.28|      475.24|        13|     0.018|
|      341.78|      36.621|      588.07|     -246.29|      387.32|        13|     0.018|
|      325.46|       12.45|      519.84|     -194.38|      305.66|        13|     0.018|
|      324.49|      9.4517|      512.79|      -188.3|      294.85|        13|     0.018|
|      324.39|      8.9806|      511.88|     -187.49|       293.4|        13|     0.018|
|      324.32|      8.8587|      511.58|     -187.26|      293.09|        13|     0.018|
|      324.03|      8.3622|      510.36|     -186.33|      291.86|        13|     0.017|
|      322.97|      6.1893|      505.52|     -182.54|      286.99|        13|     0.018|
|      322.26|      2.6269|      498.75|     -176.49|      279.61|        13|     0.017|
|      322.26|      2.8732|      499.33|     -177.08|      280.19|        18|     0.018|
|      322.24|      2.8056|      499.36|     -177.13|      280.03|        15|     0.017|
|      322.21|      2.5186|      499.01|      -176.8|       279.4|        13|     0.018|
|      322.06|     0.56421|      496.47|     -174.41|      274.94|        13|     0.017|
|      322.01|      1.4165|      494.67|     -172.67|      271.79|        13|     0.018|
|      321.99|      2.6436|      493.36|     -171.37|      269.47|        13|     0.017|
|      321.99|      3.8135|      492.21|     -170.22|      267.38|        14|     0.018|
Optimization result:
  message: CONVERGENCE: RELATIVE REDUCTION OF F <= FACTR*EPSMCH
  success: True
   status: 0
      fun: 321.9885514112968
        x: [-3.020e+00 -2.110e-01 ...  3.401e+00  2.902e+00]
      nit: 11
      jac: [-8.748e-03 -3.615e-02 ... -3.737e+00 -1.556e-03]
     nfev: 23
     njev: 23
 hess_inv: <27x27 LbfgsInvHessProduct with dtype=float64>
Average scores:	 rmse: 15.19±1.49	 r2: 0.36±0.1
Filename: (MG-COUNT)_(MGK_Graph-Matern32_product)_mean_feat_transformerOFF_target_transformerOFF
Running seed: 6
|        logP|       dlogP|     y^T.K.y|     log|K| |     Cond(K)|  GPU time|  CPU time|
|------------|------------|------------|------------|------------|----------|----------|
|      6801.7|      2491.8|      7525.5|     -723.77|      1541.1|        16|     0.016|
|      1578.1|      12.603|      1741.8|     -163.71|      587.26|        15|     0.016|
|      1578.1|      12.602|      1741.8|     -163.71|      587.29|        15|     0.016|
|      1578.1|      12.603|      1741.8|     -163.71|      587.26|        15|     0.017|
|      1578.1|      12.603|      1741.8|     -163.71|      587.25|        11|     0.016|
|      1578.1|      12.603|      1741.8|     -163.71|      587.26|        14|     0.017|
|      1578.1|      12.603|      1741.8|     -163.71|      587.25|        11|     0.016|
Optimization result:
  message: CONVERGENCE: RELATIVE REDUCTION OF F <= FACTR*EPSMCH
  success: True
   status: 0
      fun: 1578.0752117343081
        x: [-3.492e+00 -2.877e-01 ...  2.092e+00  3.401e+00]
      nit: 2
      jac: [ 1.082e-05  1.019e-03 ... -3.410e-38 -3.976e+00]
     nfev: 7
     njev: 7
 hess_inv: <27x27 LbfgsInvHessProduct with dtype=float64>
|        logP|       dlogP|     y^T.K.y|     log|K| |     Cond(K)|  GPU time|  CPU time|
|------------|------------|------------|------------|------------|----------|----------|
|      7305.9|      2473.6|      8028.6|     -722.69|      1665.2|        20|     0.016|
|      684.07|      18.213|      823.31|     -139.24|      554.78|        16|     0.016|
|      684.06|      18.211|      823.31|     -139.24|      554.83|        13|     0.016|
|      684.03|      18.204|      823.28|     -139.25|      554.95|        15|     0.016|
|       683.9|      18.174|      823.19|     -139.29|      555.44|        12|     0.017|
|       683.4|      18.041|      822.83|     -139.42|      557.45|        15|     0.016|
|      681.49|      17.169|      821.45|     -139.96|      567.55|        17|     0.016|
|      681.32|      17.025|      821.39|     -140.07|      569.12|        17|     0.016|
|      681.09|      16.811|      821.39|      -140.3|      571.41|        17|     0.017|
|      680.91|      16.627|      821.45|     -140.54|      573.28|        16|     0.016|
|      680.36|      15.983|      821.75|     -141.39|      579.13|        12|     0.017|
|      679.06|      13.771|      822.93|     -143.87|      594.12|        12|     0.016|
|      677.18|      5.9656|      827.37|     -150.19|      624.66|        12|     0.016|
|      676.95|      3.4879|      828.86|     -151.91|      631.42|        12|     0.016|
|      676.86|      1.7327|      832.49|     -155.63|      643.11|        12|     0.016|
|      676.82|      1.5985|      830.19|     -153.37|      636.07|        12|     0.016|
|       676.8|     0.52396|      831.43|     -154.63|      640.31|        12|     0.016|
|       676.8|     0.42448|      831.25|     -154.45|      639.84|        13|     0.017|
Optimization result:
  message: CONVERGENCE: RELATIVE REDUCTION OF F <= FACTR*EPSMCH
  success: True
   status: 0
      fun: 676.7979767245514
        x: [-4.605e+00 -2.837e-01 ...  1.284e+00  3.401e+00]
      nit: 13
      jac: [ 1.950e-05  3.986e-05 ... -3.484e-02 -8.559e+00]
     nfev: 18
     njev: 18
 hess_inv: <27x27 LbfgsInvHessProduct with dtype=float64>
|        logP|       dlogP|     y^T.K.y|     log|K| |     Cond(K)|  GPU time|  CPU time|
|------------|------------|------------|------------|------------|----------|----------|
|      8948.2|      2994.2|      9691.5|     -743.31|      1661.5|        16|     0.016|
|        1601|      11.575|      1792.7|     -191.75|      587.59|        12|     0.018|
|      1600.9|      11.573|      1792.7|     -191.75|       587.6|        11|     0.018|
|        1601|      11.568|      1792.7|     -191.76|      587.66|        11|     0.018|
|      1600.9|      11.573|      1792.7|     -191.75|      587.61|        12|     0.018|
|      1600.9|      11.573|      1792.7|     -191.75|       587.6|        12|     0.018|
Optimization result:
  message: CONVERGENCE: RELATIVE REDUCTION OF F <= FACTR*EPSMCH
  success: True
   status: 0
      fun: 1600.949013259647
        x: [-3.621e+00 -2.877e-01 ...  3.401e+00  3.401e+00]
      nit: 2
      jac: [ 1.290e-04  1.922e-04 ... -1.012e+01 -3.922e+00]
     nfev: 6
     njev: 6
 hess_inv: <27x27 LbfgsInvHessProduct with dtype=float64>
|        logP|       dlogP|     y^T.K.y|     log|K| |     Cond(K)|  GPU time|  CPU time|
|------------|------------|------------|------------|------------|----------|----------|
|      9137.1|      2599.5|      9870.9|     -733.84|      1882.8|        18|     0.016|
|      1524.5|       19.95|      1689.9|     -165.41|      548.76|        16|     0.019|
|      1524.5|      19.948|      1689.9|     -165.41|      548.82|        16|     0.018|
|      1524.4|      19.941|      1689.9|     -165.44|      549.06|        14|     0.019|
|      1524.3|      19.913|      1689.9|     -165.56|      550.03|        12|     0.017|
|      1523.8|      19.783|      1689.8|     -166.04|      553.88|        12|     0.016|
|      1521.6|       18.93|      1689.6|     -167.96|      569.25|        12|     0.016|
|      1516.5|      9.5206|      1691.5|     -175.04|      626.69|        12|     0.016|
|      1516.4|      11.713|      1690.4|     -174.01|      617.46|        12|     0.017|
|        1517|      14.099|      1689.7|     -172.67|      605.44|        12|     0.016|
|      1516.4|      12.214|      1690.2|     -173.74|      615.07|        12|     0.016|
|      1516.4|      11.801|      1690.4|     -173.96|      617.04|        13|     0.017|
|      1516.4|      11.727|      1690.4|        -174|      617.39|        12|     0.016|
|      1516.4|      11.714|      1690.4|     -174.01|      617.45|        12|     0.017|
|      1516.4|      11.713|      1690.4|     -174.01|      617.45|        12|     0.016|
|      1516.4|      11.713|      1690.4|     -174.01|      617.45|        12|     0.017|
|      1516.4|      11.713|      1690.4|     -174.01|      617.45|        12|     0.017|
|      1516.4|      11.713|      1690.4|     -174.01|      617.45|        12|     0.016|
|      1516.4|      11.713|      1690.4|     -174.01|      617.46|        12|     0.017|
Optimization result:
  message: CONVERGENCE: RELATIVE REDUCTION OF F <= FACTR*EPSMCH
  success: True
   status: 0
      fun: 1516.3837578522396
        x: [-4.605e+00 -2.576e-01 ...  1.137e+00  3.401e+00]
      nit: 4
      jac: [ 1.316e-04 -1.998e-03 ... -3.846e+00 -3.359e+00]
     nfev: 19
     njev: 19
 hess_inv: <27x27 LbfgsInvHessProduct with dtype=float64>
|        logP|       dlogP|     y^T.K.y|     log|K| |     Cond(K)|  GPU time|  CPU time|
|------------|------------|------------|------------|------------|----------|----------|
|      7860.2|        2856|      8587.5|     -727.33|      2004.3|        18|     0.016|
|      1129.9|      10.727|      1292.5|     -162.69|      587.58|        14|     0.019|
|      1129.9|      10.725|      1292.5|     -162.69|       587.6|        12|     0.018|
|      1129.9|      10.727|      1292.5|     -162.69|      587.58|        12|     0.018|
|      1129.9|      10.727|      1292.5|     -162.69|      587.58|        12|     0.018|
|      1129.8|      10.726|      1292.5|     -162.69|      587.59|        12|     0.018|
|      1129.9|      10.726|      1292.5|     -162.69|      587.59|        11|     0.019|
|      1129.9|      10.726|      1292.5|     -162.69|      587.59|        11|     0.018|
Optimization result:
  message: CONVERGENCE: RELATIVE REDUCTION OF F <= FACTR*EPSMCH
  success: True
   status: 0
      fun: 1129.8512054990108
        x: [-4.605e+00 -2.877e-01 ...  3.401e+00  3.401e+00]
      nit: 2
      jac: [ 4.116e-05 -9.721e-04 ... -1.012e+01 -4.091e-01]
     nfev: 8
     njev: 8
 hess_inv: <27x27 LbfgsInvHessProduct with dtype=float64>
Running seed: 13
|        logP|       dlogP|     y^T.K.y|     log|K| |     Cond(K)|  GPU time|  CPU time|
|------------|------------|------------|------------|------------|----------|----------|
|      7918.7|      2612.9|      8645.1|     -726.39|      1774.6|        15|     0.017|
|      1400.9|      14.241|      1557.2|     -156.28|      675.68|        15|     0.018|
|      1400.9|      14.241|      1557.2|     -156.28|      675.72|        17|     0.018|
|      1400.9|      14.238|      1557.2|     -156.29|       675.8|        17|     0.018|
|      1400.9|      14.226|      1557.2|     -156.32|      676.21|        16|     0.018|
|      1400.8|       14.18|      1557.3|     -156.45|       677.8|        16|     0.018|
|      1400.5|      13.965|      1557.5|     -156.98|      684.19|        13|     0.018|
|      1399.2|      12.623|      1558.5|     -159.29|      709.64|        12|     0.018|
|      1396.8|      3.1723|      1568.2|     -171.43|      807.97|        12|     0.018|
|      1396.9|      4.7767|      1563.4|     -166.52|       773.6|        12|     0.019|
|      1396.7|      2.4278|      1567.7|        -171|      805.18|        12|     0.018|
|      1396.7|     0.54206|      1566.4|     -169.74|      796.76|        13|     0.019|
|      1396.7|     0.49514|      1566.3|     -169.62|      795.93|        12|     0.019|
Optimization result:
  message: CONVERGENCE: RELATIVE REDUCTION OF F <= FACTR*EPSMCH
  success: True
   status: 0
      fun: 1396.6812844640529
        x: [-4.442e+00 -2.877e-01 ...  3.401e+00  3.401e+00]
      nit: 5
      jac: [ 1.769e-04  9.713e-04 ... -9.940e+00 -7.785e+00]
     nfev: 13
     njev: 13
 hess_inv: <27x27 LbfgsInvHessProduct with dtype=float64>
|        logP|       dlogP|     y^T.K.y|     log|K| |     Cond(K)|  GPU time|  CPU time|
|------------|------------|------------|------------|------------|----------|----------|
|      7437.9|      2749.7|      8158.5|     -720.62|        2005|        16|     0.017|
|        1051|      20.909|        1201|     -150.04|      534.27|        12|     0.016|
|      1050.9|       20.91|        1201|     -150.04|       534.3|        12|     0.016|
|      1050.9|      20.913|        1201|     -150.05|      534.44|        12|     0.016|
|      1050.9|      20.925|        1201|      -150.1|      534.96|        12|     0.016|
|      1050.7|       20.97|        1201|      -150.3|      537.02|        17|     0.016|
|      1049.7|      21.116|      1200.9|     -151.14|      545.23|        16|     0.016|
|      1046.1|      21.072|      1201.1|     -154.99|      577.03|        16|     0.016|
|      1034.5|      7.7708|      1214.4|     -179.94|       684.4|        12|     0.016|
|      1627.9|      985.53|      2011.6|     -383.74|      1052.3|        11|     0.017|
|      1040.4|      42.847|      1255.2|     -214.76|      768.11|        12|     0.016|
|      1034.2|       6.257|        1216|     -181.73|      689.45|        12|     0.016|
|      8751.2|      2651.4|      9508.8|     -757.58|      2045.2|       7.8|     0.016|
|      1266.7|      502.39|      1587.7|     -321.06|      977.86|        13|     0.017|
|      1034.3|      12.515|      1232.5|     -198.12|      730.14|        12|     0.016|
|      1033.7|      1.2835|      1222.4|     -188.72|      707.67|        12|     0.017|
|      1033.5|      2.3023|      1223.5|     -189.98|      710.73|        11|     0.016|
|      1250.3|      214.38|      1501.9|     -251.54|      795.83|        11|     0.017|
|      1034.9|      16.366|      1237.6|     -202.63|      735.11|        12|     0.016|
|      1033.4|      3.5836|      1224.7|     -191.31|      713.85|        12|     0.016|
|      1033.4|      3.6473|      1224.7|     -191.38|      713.97|        12|     0.016|
|      1033.3|      8.8675|      1229.7|     -196.41|      724.41|        15|     0.016|
|      1033.2|      5.4024|      1226.4|     -193.12|      717.82|        16|     0.016|
|      1033.9|      11.073|      1232.6|      -198.7|      727.17|        15|     0.016|
|      1033.2|      5.8005|      1226.8|     -193.55|      718.66|        12|     0.016|
|      1033.1|      6.5392|      1227.9|     -194.85|      720.09|        12|     0.016|
|      1032.8|      4.8476|      1226.3|     -193.41|      717.07|        12|     0.016|
|      1031.8|      2.8482|      1219.7|     -187.83|       702.2|        12|     0.016|
|      1030.7|      7.2569|      1215.8|     -185.13|      690.35|        12|     0.016|
|      1039.9|      22.854|        1224|     -184.06|      659.26|        13|     0.017|
|        1030|      11.409|        1214|     -183.97|      676.63|        12|     0.016|
|      1183.2|      221.71|      1383.6|      -200.4|      571.29|       8.4|     0.017|
|        1038|      27.811|      1219.3|     -181.33|      645.42|        11|     0.017|
|      1030.3|       12.13|      1213.8|     -183.57|      674.33|        12|     0.016|
|        1030|      11.434|        1214|     -183.96|      676.54|        12|     0.016|
|        1030|       11.41|        1214|     -183.97|      676.62|        12|     0.016|
|        1030|      11.409|        1214|     -183.97|      676.62|        12|     0.016|
|        1030|      11.409|        1214|     -183.97|      676.63|        14|     0.017|
|        1030|      11.409|        1214|     -183.97|      676.63|        14|     0.016|
Optimization result:
  message: CONVERGENCE: RELATIVE REDUCTION OF F <= FACTR*EPSMCH
  success: True
   status: 0
      fun: 1030.0227429013119
        x: [-2.700e+00 -1.623e-01 ...  1.502e+00  2.122e+00]
      nit: 11
      jac: [-1.710e-03 -3.638e-03 ... -6.916e+00  3.581e-07]
     nfev: 39
     njev: 39
 hess_inv: <27x27 LbfgsInvHessProduct with dtype=float64>
|        logP|       dlogP|     y^T.K.y|     log|K| |     Cond(K)|  GPU time|  CPU time|
|------------|------------|------------|------------|------------|----------|----------|
|      7866.7|      2856.6|      8593.9|      -727.2|      1790.5|        20|     0.016|
|      1216.2|      13.923|      1376.1|     -159.91|      548.76|        16|     0.018|
|      1216.2|      13.918|      1376.1|     -159.91|      548.83|        15|     0.018|
|      1216.2|      13.895|      1376.1|     -159.94|      549.08|        12|     0.018|
|      1216.1|      13.801|      1376.2|     -160.05|      550.11|        12|     0.017|
|      1215.7|        13.4|      1376.3|     -160.51|      554.24|        12|     0.016|
|      1214.3|      11.322|      1376.7|     -162.42|      570.62|        12|     0.017|
|      1212.1|      7.3947|      1382.9|     -170.77|      631.32|        12|     0.016|
|      1211.6|      1.0663|      1380.1|      -168.5|      616.99|        12|     0.016|
|      1211.6|     0.64934|      1379.6|     -168.02|      613.71|        12|     0.016|
Optimization result:
  message: CONVERGENCE: RELATIVE REDUCTION OF F <= FACTR*EPSMCH
  success: True
   status: 0
      fun: 1211.5829875348284
        x: [-4.173e+00 -2.870e-01 ...  1.766e+00  3.401e+00]
      nit: 4
      jac: [ 1.769e-04 -4.628e-04 ...  3.864e-01 -3.065e+00]
     nfev: 10
     njev: 10
 hess_inv: <27x27 LbfgsInvHessProduct with dtype=float64>
|        logP|       dlogP|     y^T.K.y|     log|K| |     Cond(K)|  GPU time|  CPU time|
|------------|------------|------------|------------|------------|----------|----------|
|      9157.4|        3066|        9899|      -741.6|      1774.6|        16|     0.017|
|        1653|      2.8326|      1845.9|     -192.87|      565.84|        11|     0.016|
|        1653|       2.832|      1845.9|     -192.87|      565.84|        11|     0.016|
|        1653|      2.8286|      1845.9|     -192.87|      565.87|        11|     0.017|
|      1653.1|      2.8319|      1845.9|     -192.87|      565.85|        11|     0.017|
|        1653|      2.8322|      1845.9|     -192.87|      565.84|        11|     0.017|
Optimization result:
  message: CONVERGENCE: RELATIVE REDUCTION OF F <= FACTR*EPSMCH
  success: True
   status: 0
      fun: 1653.0465210291754
        x: [-3.237e+00 -2.877e-01 ... -2.303e+00  3.401e+00]
      nit: 2
      jac: [ 3.099e-05 -4.076e-05 ... -6.681e-04 -4.604e+00]
     nfev: 6
     njev: 6
 hess_inv: <27x27 LbfgsInvHessProduct with dtype=float64>
|        logP|       dlogP|     y^T.K.y|     log|K| |     Cond(K)|  GPU time|  CPU time|
|------------|------------|------------|------------|------------|----------|----------|
|      6554.3|      2277.1|      7284.2|     -729.88|      1649.9|        17|     0.016|
|      1180.7|      18.072|        1334|     -153.21|      548.76|        16|     0.016|
|      1180.7|      18.068|        1334|     -153.21|       548.8|        16|     0.016|
|      1180.7|      18.055|        1334|     -153.23|      548.91|        15|     0.017|
|      1180.7|      18.001|        1334|      -153.3|      549.42|        11|     0.016|
|      1180.5|       17.78|        1334|     -153.56|       551.4|        11|     0.017|
|      1179.7|      16.793|      1334.4|     -154.67|      559.35|        11|     0.016|
|      1177.2|      10.959|        1337|     -159.76|      590.52|        12|     0.016|
|      1195.9|      82.191|      1391.9|     -196.02|      694.82|        12|     0.017|
|      1177.1|      10.484|      1337.2|     -160.11|      592.39|        12|     0.016|
|      1177.1|      10.473|      1337.2|     -160.12|      592.44|        11|     0.017|
|      1177.8|      18.997|      1353.2|     -175.39|      652.37|        13|     0.016|
|      1176.5|      7.3966|      1338.8|     -162.24|      603.18|        11|     0.016|
|      1176.3|      6.8045|      1346.3|     -170.04|       635.4|        11|     0.017|
|      1176.1|      1.4251|      1341.9|     -165.85|      619.39|        11|     0.016|
|        1176|     0.87496|      1343.1|     -167.02|      624.14|        11|     0.017|
|        1176|     0.50946|      1342.8|     -166.78|      623.15|        12|     0.016|
Optimization result:
  message: CONVERGENCE: RELATIVE REDUCTION OF F <= FACTR*EPSMCH
  success: True
   status: 0
      fun: 1176.036762380009
        x: [-4.282e+00 -2.674e-01 ... -1.985e+00  3.401e+00]
      nit: 6
      jac: [-1.501e-05 -6.743e-05 ... -3.916e-03 -4.647e+00]
     nfev: 17
     njev: 17
 hess_inv: <27x27 LbfgsInvHessProduct with dtype=float64>
Running seed: 42
|        logP|       dlogP|     y^T.K.y|     log|K| |     Cond(K)|  GPU time|  CPU time|
|------------|------------|------------|------------|------------|----------|----------|
|      8150.5|      3173.6|      8894.7|     -744.18|      1768.8|        16|     0.016|
|      799.36|      24.027|      934.52|     -135.17|      633.62|        12|     0.018|
|      799.35|      24.027|      934.52|     -135.17|      633.64|        15|     0.018|
|      799.34|      24.028|      934.52|     -135.18|      633.74|        16|     0.018|
|      799.28|      24.029|      934.51|     -135.23|      634.13|        15|     0.018|
|      799.04|      24.029|      934.48|     -135.45|      635.69|        12|     0.018|
|      798.07|      23.972|       934.4|     -136.33|      641.73|        12|     0.018|
|      794.29|       22.65|      934.66|     -140.37|       663.7|        12|     0.018|
|      786.54|      5.9231|      952.34|      -165.8|       723.5|        12|     0.018|
|      787.87|      12.524|      939.87|        -152|      699.78|        12|     0.018|
|      786.47|      4.7873|      951.49|     -165.02|      722.38|        12|     0.018|
|      786.34|      1.0822|      948.63|     -162.29|      718.31|        13|     0.018|
|      786.33|     0.79022|      948.25|     -161.92|      717.75|        12|     0.019|
|       786.3|     0.95678|      947.65|     -161.35|      716.84|        12|     0.018|
|      786.21|      2.8302|      946.06|     -159.84|       714.4|        12|     0.019|
|      792.35|       20.43|      947.93|     -155.58|      699.81|        12|     0.019|
|      786.21|      2.9665|      945.95|     -159.74|      714.21|        12|     0.018|
|      786.21|      2.9713|      945.95|     -159.74|      714.22|        12|     0.019|
|      786.21|      2.9665|      945.95|     -159.74|      714.21|        12|     0.018|
|      796.11|      28.088|      953.11|     -156.99|      699.97|        12|     0.018|
|      786.17|      3.6113|      945.45|     -159.28|      713.39|        12|     0.018|
|      787.66|      10.021|       944.9|     -157.24|      707.17|        15|     0.018|
|      786.16|      3.6943|      945.38|     -159.22|       713.3|        17|     0.018|
|      786.16|      3.6972|      945.38|     -159.22|      713.31|        17|     0.018|
|      786.16|      3.6941|      945.38|     -159.22|       713.3|        16|     0.018|
Optimization result:
  message: CONVERGENCE: RELATIVE REDUCTION OF F <= FACTR*EPSMCH
  success: True
   status: 0
      fun: 786.1632522828501
        x: [-4.089e+00 -2.786e-01 ...  3.401e+00  3.401e+00]
      nit: 10
      jac: [-1.222e-04  8.756e-04 ... -6.723e+00 -6.621e+00]
     nfev: 25
     njev: 25
 hess_inv: <27x27 LbfgsInvHessProduct with dtype=float64>
|        logP|       dlogP|     y^T.K.y|     log|K| |     Cond(K)|  GPU time|  CPU time|
|------------|------------|------------|------------|------------|----------|----------|
|      8079.5|      2786.4|      8806.5|     -726.94|      1774.6|        15|     0.016|
|        1001|      23.208|      1179.4|      -178.4|      587.58|        11|     0.018|
|        1001|       23.21|      1179.4|     -178.41|      587.62|        11|     0.019|
|      1000.9|      23.218|      1179.4|     -178.42|      587.71|        11|     0.018|
|      1000.9|      23.248|      1179.4|     -178.47|      588.12|        11|     0.018|
|      1000.6|      23.365|      1179.3|     -178.67|      589.73|        11|     0.018|
|      999.63|      23.786|      1179.1|     -179.51|      596.25|        11|     0.018|
|      995.46|      24.509|      1178.9|     -183.39|      631.61|        11|     0.018|
|      984.09|      1.9562|      1192.7|     -208.64|       785.8|        12|     0.019|
|      984.41|      6.9638|      1187.9|     -203.48|       760.5|        11|     0.018|
|      984.09|      1.7823|      1192.6|     -208.52|       785.2|        11|     0.019|
Optimization result:
  message: CONVERGENCE: RELATIVE REDUCTION OF F <= FACTR*EPSMCH
  success: True
   status: 0
      fun: 984.088382572516
        x: [-4.131e+00 -2.877e-01 ...  3.401e+00  3.401e+00]
      nit: 3
      jac: [ 1.113e-04  1.302e-03 ... -9.810e+00 -3.070e+00]
     nfev: 11
     njev: 11
 hess_inv: <27x27 LbfgsInvHessProduct with dtype=float64>
|        logP|       dlogP|     y^T.K.y|     log|K| |     Cond(K)|  GPU time|  CPU time|
|------------|------------|------------|------------|------------|----------|----------|
|      8704.6|      3059.4|      9430.9|     -726.24|      1651.8|        16|     0.016|
|      1245.4|      12.595|      1397.9|     -152.54|      487.59|        11|     0.018|
|      1245.4|      12.595|      1397.9|     -152.54|      487.61|        11|     0.018|
|      1245.4|      12.591|      1397.9|     -152.55|      487.67|        11|     0.018|
|      1245.4|      12.578|      1397.9|     -152.57|      487.95|        11|     0.018|
|      1245.3|      12.524|        1398|     -152.68|      489.01|        11|     0.018|
|      1245.1|      12.295|      1398.2|     -153.11|      493.29|        11|     0.018|
|      1244.2|      11.169|      1399.1|     -154.94|      510.33|        11|     0.018|
|        1242|      1.9165|      1405.9|     -163.88|      576.59|        16|     0.018|
|      1242.2|      4.7589|      1410.2|     -168.07|       601.5|        16|     0.018|
|        1242|      1.6711|      1406.1|     -164.05|       577.7|        16|     0.018|
Optimization result:
  message: CONVERGENCE: RELATIVE REDUCTION OF F <= FACTR*EPSMCH
  success: True
   status: 0
      fun: 1242.0206003945802
        x: [-4.605e+00 -2.877e-01 ...  3.401e+00  3.401e+00]
      nit: 3
      jac: [-1.807e-06  1.538e-04 ... -6.971e+00 -4.831e+00]
     nfev: 11
     njev: 11
 hess_inv: <27x27 LbfgsInvHessProduct with dtype=float64>
|        logP|       dlogP|     y^T.K.y|     log|K| |     Cond(K)|  GPU time|  CPU time|
|------------|------------|------------|------------|------------|----------|----------|
|      7024.5|      2502.9|      7745.6|     -721.08|      1669.8|        15|     0.016|
|      1735.5|      9.3166|        1909|     -173.46|      487.49|        12|     0.019|
|      1735.5|      9.3157|        1909|     -173.47|      487.52|        12|     0.018|
|      1735.5|      9.3166|        1909|     -173.46|      487.49|        12|     0.018|
|      1735.5|      9.3167|        1909|     -173.46|      487.49|        12|     0.019|
|      1735.5|      9.3162|        1909|     -173.47|       487.5|        12|     0.018|
|      1735.5|      9.3162|        1909|     -173.47|       487.5|        12|     0.018|
|      1735.5|      9.3162|        1909|     -173.47|       487.5|        13|     0.019|
|      1735.5|       9.316|        1909|     -173.47|      487.51|        12|     0.018|
|      1735.5|      9.3162|        1909|     -173.47|       487.5|        12|     0.018|
|      1735.5|      9.3162|        1909|     -173.47|       487.5|        11|     0.019|
|      1735.5|      9.3161|        1909|     -173.47|      487.51|        12|     0.018|
|      1735.5|      9.3161|        1909|     -173.47|      487.51|        11|     0.018|
|      1735.5|      9.3161|        1909|     -173.47|      487.51|        11|     0.019|
Optimization result:
  message: CONVERGENCE: RELATIVE REDUCTION OF F <= FACTR*EPSMCH
  success: True
   status: 0
      fun: 1735.5250558420582
        x: [-4.605e+00 -2.877e-01 ...  3.401e+00  3.401e+00]
      nit: 2
      jac: [-2.720e-05  2.904e-04 ... -7.025e+00 -7.081e-02]
     nfev: 14
     njev: 14
 hess_inv: <27x27 LbfgsInvHessProduct with dtype=float64>
|        logP|       dlogP|     y^T.K.y|     log|K| |     Cond(K)|  GPU time|  CPU time|
|------------|------------|------------|------------|------------|----------|----------|
|      8001.3|      2196.1|      8739.3|     -737.99|      1643.9|        16|     0.016|
|      1622.6|      2.6656|      1808.4|     -185.84|      587.58|        12|     0.018|
|      1622.6|      2.6646|      1808.4|     -185.85|      587.59|        12|     0.018|
|      1622.6|      2.6656|      1808.4|     -185.84|      587.58|        16|     0.019|
|      1622.6|      2.6658|      1808.4|     -185.84|      587.58|        15|     0.018|
|      1622.6|       2.665|      1808.4|     -185.85|      587.58|        12|     0.018|
|      1622.6|       2.665|      1808.4|     -185.85|      587.58|        12|     0.018|
|      1622.6|       2.665|      1808.4|     -185.85|      587.59|        12|     0.018|
Optimization result:
  message: CONVERGENCE: RELATIVE REDUCTION OF F <= FACTR*EPSMCH
  success: True
   status: 0
      fun: 1622.5756050845532
        x: [-4.605e+00 -2.877e-01 ...  3.401e+00  3.401e+00]
      nit: 2
      jac: [ 1.343e-05 -3.625e-04 ... -1.012e+01 -4.498e+00]
     nfev: 8
     njev: 8
 hess_inv: <27x27 LbfgsInvHessProduct with dtype=float64>
Average scores:	 rmse: 11.91±1.31	 r2: 0.13±0.1
Filename: (MG-COUNT)_(MGK_Graph-Matern32_product)_mean_feat_transformerOFF_target_transformerOFF
Running seed: 6
|        logP|       dlogP|     y^T.K.y|     log|K| |     Cond(K)|  GPU time|  CPU time|
|------------|------------|------------|------------|------------|----------|----------|
|      449.27|      310.63|      923.97|     -474.69|      423.81|        16|     0.016|
|      264.47|      23.764|      384.54|     -120.07|       188.6|        11|     0.016|
|      264.36|      23.845|      384.51|     -120.16|      188.95|        11|     0.016|
|      263.93|      24.161|      384.42|     -120.49|      190.34|        11|     0.017|
|      262.17|       25.33|      384.08|     -121.91|      195.87|        11|     0.016|
|      254.45|      28.191|      383.22|     -128.77|      217.22|        12|     0.016|
|       222.8|       25.81|      399.38|     -176.57|      286.06|        11|     0.017|
|      1119.2|         436|      1616.1|     -496.83|      400.83|        10|     0.016|
|      236.65|      91.627|      531.57|     -294.92|      374.57|        10|     0.016|
|      210.18|      6.7823|      431.25|     -221.07|      329.02|        10|     0.017|
|      209.99|      5.5837|      433.83|     -223.84|      331.39|        10|     0.016|
|      209.97|      5.4596|      434.23|     -224.26|      331.75|        10|     0.017|
|      214.55|      34.855|       472.4|     -257.85|      356.22|        10|     0.016|
|      209.85|      6.0575|       439.7|     -229.85|      336.37|        10|     0.016|
|       228.3|      26.884|      390.61|     -162.31|      270.83|        13|     0.016|
|       209.8|      5.3304|      437.27|     -227.47|      334.43|        14|     0.016|
|      208.97|      6.0293|      435.66|     -226.68|      333.69|        15|     0.016|
|      204.91|      8.2518|      429.33|     -224.41|       330.7|        14|     0.016|
|      186.04|      15.489|      412.44|      -226.4|      318.59|        10|     0.016|
|      174.64|      23.033|      402.82|     -228.18|      308.03|        10|     0.016|
|      167.34|      9.4834|      424.69|     -257.35|      326.08|        10|     0.016|
|      166.72|      3.6762|      439.56|     -272.84|      337.62|        10|     0.016|
|      167.08|      9.8862|      445.03|     -277.95|      342.99|        10|     0.016|
|      166.72|      4.8349|      441.02|     -274.31|      339.21|        10|     0.016|
|      166.66|      5.7122|      441.17|     -274.51|      339.95|        11|     0.017|
|      166.92|      10.075|      442.54|     -275.62|      342.68|       9.9|     0.016|
|      166.65|      6.8439|      441.49|     -274.85|      340.72|       9.9|     0.017|
|      166.75|       8.259|      439.69|     -272.93|      341.11|       9.9|     0.016|
|      166.61|      7.1998|      440.92|      -274.3|      340.84|       9.9|     0.016|
|      166.75|      8.6198|      440.21|     -273.47|      341.49|        10|     0.017|
|      166.62|       7.541|      440.72|      -274.1|         341|       9.9|     0.016|
|      166.61|      7.2771|      440.87|     -274.26|      340.88|       9.9|     0.016|
|      166.61|      7.4502|      440.77|     -274.15|      340.96|       9.9|     0.016|
|      166.68|      8.2795|      439.42|     -272.75|      341.09|        10|     0.016|
|       166.6|      7.6384|      440.41|      -273.8|      340.99|        14|     0.016|
|      166.88|      10.026|      440.28|      -273.4|      342.19|        14|     0.016|
|      166.61|      7.8916|      440.37|     -273.75|      341.12|        13|     0.016|
|       166.6|      7.6769|       440.4|      -273.8|      341.01|        10|     0.016|
|       166.6|      7.6438|       440.4|      -273.8|      340.99|        10|     0.016|
|       166.6|      7.6392|      440.41|      -273.8|      340.99|        10|     0.016|
|       166.6|      7.6422|      440.41|      -273.8|      340.99|        10|     0.016|
|       166.6|      7.6396|      440.41|      -273.8|      340.99|        10|     0.016|
|       166.6|      7.6392|      440.41|      -273.8|      340.99|        10|     0.016|
|       166.6|      7.6391|      440.41|      -273.8|      340.99|        11|     0.017|
Optimization result:
  message: CONVERGENCE: RELATIVE REDUCTION OF F <= FACTR*EPSMCH
  success: True
   status: 0
      fun: 166.60283938918917
        x: [-1.873e+00 -1.341e-01 ...  2.646e+00  3.401e+00]
      nit: 13
      jac: [-1.050e-01 -2.091e-01 ... -1.460e-19 -9.059e+00]
     nfev: 44
     njev: 44
 hess_inv: <27x27 LbfgsInvHessProduct with dtype=float64>
|        logP|       dlogP|     y^T.K.y|     log|K| |     Cond(K)|  GPU time|  CPU time|
|------------|------------|------------|------------|------------|----------|----------|
|      427.11|      238.63|      904.05|     -476.94|       483.2|        17|     0.017|
|      185.12|        20.5|      287.23|     -102.11|      178.21|        12|     0.016|
|      184.99|      20.516|      287.24|     -102.24|      178.53|        12|     0.016|
|      184.48|      20.558|      287.28|      -102.8|      179.82|        12|     0.016|
|      182.47|      20.372|      287.63|     -105.16|      184.89|        12|     0.016|
|      175.79|      12.717|      292.52|     -116.73|      203.88|        13|     0.016|
|       179.1|      13.011|       338.9|      -159.8|      253.22|        17|     0.018|
|      174.62|      8.3203|      295.55|     -120.93|      209.36|        18|     0.016|
|      174.17|      7.2726|      310.54|     -136.37|      227.27|        17|     0.018|
|      173.56|      2.2692|      302.35|     -128.79|      218.67|        17|     0.019|
|      173.46|      2.5481|      301.94|     -128.48|      218.31|        16|     0.018|
|      173.33|      2.9132|      301.76|     -128.43|      218.25|        12|     0.018|
|      172.88|      3.9719|      301.19|     -128.31|      218.09|        12|     0.018|
|      172.46|      4.7397|      300.75|     -128.29|      218.05|        12|     0.018|
|      171.78|      5.6655|      300.02|     -128.24|      217.93|        12|     0.018|
|      170.67|      6.6478|       298.9|     -128.23|      217.73|        12|     0.018|
|      165.12|      8.4603|      294.92|      -129.8|      216.94|        14|     0.018|
|      151.33|       4.284|      294.04|     -142.71|      213.84|        12|     0.018|
|      150.49|      5.1295|      293.52|     -143.03|      212.84|        12|     0.019|
|       150.1|      1.4399|       298.5|      -148.4|      218.99|        12|     0.018|
|      150.35|      6.5294|      305.46|     -155.11|      226.02|        12|     0.018|
|      150.08|      1.9643|      299.35|     -149.27|      219.93|        12|     0.018|
|      150.18|      4.9762|      303.23|     -153.05|      223.91|        12|     0.018|
|      150.08|      2.3523|      299.87|     -149.79|      220.48|        14|     0.017|
|      151.04|      8.8314|      310.32|     -159.28|      229.27|        17|     0.018|
|      150.06|      3.8605|      301.87|     -151.82|      222.48|        17|     0.017|
|      150.14|      4.4455|      303.53|     -153.39|      223.16|        14|     0.018|
|      150.02|      4.0698|      302.47|     -152.45|      222.78|        12|     0.017|
|      149.89|      2.1103|      300.21|     -150.33|      220.31|        12|     0.018|
|      149.85|      1.0172|      298.25|     -148.41|      218.12|        12|     0.017|
|      149.85|      1.0951|      297.98|     -148.13|      217.77|        12|     0.018|
|      149.85|      1.0221|      298.22|     -148.37|      218.07|        12|     0.018|
|      149.85|       1.018|      298.25|      -148.4|      218.11|        13|     0.018|
|      149.85|      1.0206|      298.23|     -148.38|      218.08|        12|     0.018|
|      149.85|      1.0184|      298.24|      -148.4|       218.1|        12|     0.018|
|      149.85|       1.018|      298.25|      -148.4|      218.11|        12|     0.018|
|      149.85|       1.018|      298.25|      -148.4|      218.11|        12|     0.018|
Optimization result:
  message: CONVERGENCE: RELATIVE REDUCTION OF F <= FACTR*EPSMCH
  success: True
   status: 0
      fun: 149.8482195857003
        x: [-2.801e+00 -2.195e-01 ...  3.401e+00  3.401e+00]
      nit: 17
      jac: [-1.861e-04 -5.350e-04 ... -9.323e-01 -9.370e+00]
     nfev: 37
     njev: 37
 hess_inv: <27x27 LbfgsInvHessProduct with dtype=float64>
|        logP|       dlogP|     y^T.K.y|     log|K| |     Cond(K)|  GPU time|  CPU time|
|------------|------------|------------|------------|------------|----------|----------|
|      462.65|      390.05|      957.15|     -494.51|      473.82|        18|     0.017|
|      213.43|      26.908|      353.93|      -140.5|      188.71|        17|     0.017|
|      213.32|      27.001|      353.89|     -140.57|      188.89|        17|     0.018|
|       212.9|      27.366|      353.73|     -140.83|      189.64|        13|     0.017|
|      211.16|      28.742|       353.1|     -141.94|      192.65|        12|     0.018|
|      203.49|      32.518|      350.78|     -147.29|      209.86|        12|     0.017|
|      172.35|          26|      359.96|     -187.62|       284.4|        12|     0.017|
|      1007.7|      437.96|      1526.6|     -518.92|      456.25|        11|     0.017|
|      171.78|      71.546|      470.21|     -298.43|      397.09|        13|     0.017|
|       168.9|      24.808|      364.27|     -195.37|      295.21|        12|     0.018|
|      156.79|      11.461|      412.08|     -255.29|      364.24|        12|     0.017|
|      158.64|      13.014|      386.95|     -228.31|      336.35|        12|     0.017|
|      156.58|        7.07|      406.78|      -250.2|      359.41|        12|     0.018|
|      156.59|      5.3566|      403.88|     -247.29|      356.56|        12|     0.017|
|      156.01|      42.452|      440.62|      -284.6|      385.29|        12|     0.017|
|       155.5|      10.703|      410.58|     -255.09|      363.63|        12|     0.017|
|      154.99|      6.3629|      404.78|     -249.79|      358.47|        13|     0.017|
|      219.88|      122.09|      508.89|     -289.01|      332.88|        12|     0.017|
|      136.77|      16.357|      385.86|     -249.09|      349.01|        16|     0.017|
|       127.3|       35.32|      403.97|     -276.67|      338.42|        14|     0.017|
|      133.49|      16.837|      383.45|     -249.96|      348.06|        15|     0.017|
|      118.06|      12.401|      383.42|     -265.36|      341.79|        14|     0.018|
|      121.11|      21.872|      393.82|     -272.71|      339.65|        11|     0.017|
|      118.54|      14.685|      387.44|      -268.9|      340.77|        13|     0.018|
|      118.06|      12.401|      383.42|     -265.36|      341.79|        13|     0.017|
|      249.33|      126.26|      471.22|     -221.89|      239.93|       8.3|     0.018|
|      133.63|      39.773|      378.77|     -245.14|      301.91|        13|     0.018|
|      120.89|       21.18|      377.74|     -256.85|       326.4|        14|     0.018|
|      118.65|      15.235|       380.9|     -262.25|      336.41|        14|     0.017|
|      118.14|      12.933|      382.87|     -264.73|      340.72|        13|     0.017|
|      118.07|      12.478|      383.34|     -265.26|      341.64|        13|     0.017|
|      118.06|      12.412|      383.41|     -265.35|      341.77|        13|     0.018|
|      118.06|      12.402|      383.42|     -265.36|      341.79|        11|     0.017|
|      118.06|      12.401|      383.42|     -265.36|      341.79|        14|     0.017|
|      118.06|      12.402|      383.42|     -265.36|      341.79|        14|     0.017|
|      118.06|      12.401|      383.42|     -265.36|      341.79|        13|     0.017|
|      118.06|      12.401|      383.42|     -265.36|      341.79|        13|     0.017|
|      118.06|      12.401|      383.42|     -265.36|      341.79|        13|     0.017|
|      118.06|      12.401|      383.42|     -265.36|      341.79|        11|     0.017|
|      118.06|      12.401|      383.42|     -265.36|      341.79|        14|     0.017|
|      118.06|      12.401|      383.42|     -265.36|      341.79|        14|     0.017|
Optimization result:
  message: CONVERGENCE: RELATIVE REDUCTION OF F <= FACTR*EPSMCH
  success: True
   status: 0
      fun: 118.05993465717705
        x: [-1.449e+00 -7.668e-02 ...  3.401e+00  3.401e+00]
      nit: 6
      jac: [ 6.783e-01  1.044e+00 ... -3.447e+00 -7.692e+00]
     nfev: 41
     njev: 41
 hess_inv: <27x27 LbfgsInvHessProduct with dtype=float64>
|        logP|       dlogP|     y^T.K.y|     log|K| |     Cond(K)|  GPU time|  CPU time|
|------------|------------|------------|------------|------------|----------|----------|
|      507.51|      328.96|      990.45|     -482.94|      513.06|        19|     0.017|
|      266.97|      11.224|      386.31|     -119.35|      176.28|        15|     0.018|
|      266.94|      11.203|      386.34|      -119.4|       176.4|        18|     0.017|
|      266.85|      11.115|      386.43|     -119.58|      176.89|        17|     0.018|
|      266.49|      10.731|      386.83|     -120.34|      178.81|        14|     0.018|
|      265.19|      8.6048|      388.88|     -123.69|      186.45|        13|     0.018|
|      263.94|      3.4667|      393.55|     -129.62|      197.28|        15|     0.018|
|      264.84|      9.6998|      406.64|      -141.8|      212.48|        17|     0.019|
|      263.89|      3.0319|      393.95|     -130.05|      197.97|        16|     0.018|
|      263.89|      3.0178|      393.96|     -130.07|      197.99|        15|     0.018|
|      263.86|      2.8827|      399.47|     -135.61|      205.71|        17|     0.019|
|      263.76|      0.5637|      397.23|     -133.48|      202.94|        17|     0.018|
|      263.76|     0.85538|      395.95|     -132.19|      201.16|        15|     0.018|
|      263.75|     0.34237|         397|     -133.25|      202.64|        17|     0.018|
|      263.75|     0.20732|      396.83|     -133.08|       202.4|        17|     0.019|
|      263.75|     0.40991|      396.38|     -132.63|      201.78|        16|     0.018|
|      263.75|     0.47284|      396.32|     -132.57|      201.69|        17|     0.019|
|      263.75|     0.40992|      396.38|     -132.63|      201.78|        17|     0.018|
|      263.76|      1.3407|      395.49|     -131.72|      200.49|        17|     0.019|
|      263.75|     0.52977|      396.26|     -132.51|      201.61|        16|     0.018|
|      263.75|     0.43333|      396.36|     -132.61|      201.75|        15|     0.019|
|      263.75|     0.45215|      396.34|     -132.59|      201.72|        17|     0.019|
|      263.75|      0.4671|      396.33|     -132.57|       201.7|        16|     0.018|
|      263.75|     0.45525|      396.34|     -132.59|      201.72|        17|     0.019|
|      263.75|     0.45214|      396.34|     -132.59|      201.72|        17|     0.018|
Optimization result:
  message: CONVERGENCE: RELATIVE REDUCTION OF F <= FACTR*EPSMCH
  success: True
   status: 0
      fun: 263.7526184036121
        x: [-4.463e+00 -2.876e-01 ...  3.401e+00  3.401e+00]
      nit: 6
      jac: [ 2.711e-06 -9.167e-07 ... -2.244e+00 -3.938e-01]
     nfev: 25
     njev: 25
 hess_inv: <27x27 LbfgsInvHessProduct with dtype=float64>
|        logP|       dlogP|     y^T.K.y|     log|K| |     Cond(K)|  GPU time|  CPU time|
|------------|------------|------------|------------|------------|----------|----------|
|      489.56|      371.65|      965.77|     -476.21|      544.73|        20|     0.016|
|      221.68|      24.852|      339.06|     -117.38|      188.71|        14|     0.018|
|      221.61|      24.904|      339.04|     -117.43|      188.84|        17|     0.018|
|      221.32|      25.109|      338.96|     -117.64|      189.37|        17|     0.018|
|      221.22|      25.181|      338.93|     -117.71|      189.56|        16|     0.018|
|      220.83|      25.464|      338.83|        -118|      190.32|        16|     0.019|
|      219.21|      26.518|      338.45|     -119.24|      193.33|        14|     0.018|
|      212.21|       29.18|      337.36|     -125.14|      204.91|        16|     0.019|
|       186.3|      19.657|      351.38|     -165.08|         235|        12|     0.018|
|      1022.6|      405.79|        1515|      -492.4|      365.09|        15|     0.017|
|      198.84|      75.975|      463.46|     -264.62|      322.54|        16|     0.018|
|       178.2|       6.084|      376.34|     -198.15|      269.98|        16|     0.017|
|         178|      4.6936|      378.44|     -200.44|       272.3|        14|     0.018|
|      177.98|      4.4899|      378.77|     -200.79|      272.65|        15|     0.018|
|         181|      26.123|      411.38|     -230.39|      299.64|        13|     0.018|
|      177.77|      2.8392|      383.24|     -205.46|      277.29|        16|     0.018|
|      185.42|       55.47|      439.23|     -253.81|      314.86|        16|     0.018|
|      177.42|       8.414|       391.4|     -213.98|       285.3|        14|     0.017|
|       177.6|      3.7433|      385.52|     -207.92|      279.66|        16|     0.018|
|      161.87|      19.928|      395.02|     -233.16|       293.6|        12|     0.017|
|      142.67|      38.526|      413.46|     -270.79|      305.41|        15|     0.017|
|      140.61|      33.961|      386.96|     -246.35|      265.26|        15|     0.017|
|      136.75|      23.886|       400.8|     -264.05|      297.07|        13|     0.017|
|      154.08|      61.246|      437.59|     -283.52|      293.42|        15|     0.017|
|      136.65|      23.445|      410.49|     -273.84|      295.29|        12|     0.018|
|      135.61|      21.534|      402.36|     -266.75|      296.55|        14|     0.017|
|      132.54|      5.3005|       384.8|     -252.27|      281.38|        16|     0.017|
|      177.78|      15.967|      362.29|     -184.51|      253.81|        17|     0.018|
|      132.44|      4.9447|      383.64|      -251.2|      280.53|        15|     0.018|
|      145.96|      21.556|      357.93|     -211.97|      266.87|        16|     0.018|
|      132.46|      3.6931|      376.21|     -243.75|      276.01|        12|     0.018|
|      132.35|       4.303|      380.19|     -247.84|       278.2|        13|     0.017|
|      177.78|      14.008|      366.34|     -188.55|      258.12|        13|     0.018|
|      132.35|      3.7775|      378.85|      -246.5|      277.55|        11|     0.017|
|      132.35|      4.1722|      379.85|      -247.5|      278.02|        14|     0.017|
Optimization result:
  message: CONVERGENCE: RELATIVE REDUCTION OF F <= FACTR*EPSMCH
  success: True
   status: 0
      fun: 132.34585615678552
        x: [-2.352e+00 -1.736e-01 ...  3.401e+00  3.401e+00]
      nit: 10
      jac: [ 2.345e-02  5.600e-02 ... -3.449e+00 -6.811e+00]
     nfev: 35
     njev: 35
 hess_inv: <27x27 LbfgsInvHessProduct with dtype=float64>
Running seed: 13
|        logP|       dlogP|     y^T.K.y|     log|K| |     Cond(K)|  GPU time|  CPU time|
|------------|------------|------------|------------|------------|----------|----------|
|      532.67|      329.17|      1009.4|     -476.68|      507.18|        21|     0.016|
|      234.55|      22.797|       347.1|     -112.55|       216.9|        12|     0.018|
|      234.46|      22.842|      347.09|     -112.63|      217.24|        15|     0.018|
|      234.09|      23.014|      347.05|     -112.96|      218.62|        12|     0.018|
|      232.58|      23.555|      346.94|     -114.36|      224.11|        13|     0.018|
|      226.44|       22.84|      347.51|     -121.06|      245.71|        16|     0.018|
|      217.24|      2.7743|       384.4|     -167.17|      328.21|        16|     0.017|
|      217.32|      4.7918|      361.57|     -144.25|      293.32|        13|     0.019|
|      216.93|      1.3277|      374.34|     -157.41|      313.99|        15|     0.018|
|      216.88|     0.83471|       369.7|     -152.82|      307.01|        12|     0.019|
|      216.86|     0.82314|      370.46|      -153.6|      308.22|        13|     0.018|
|      216.66|      1.7148|      373.71|     -157.05|      313.44|        16|     0.018|
|         215|      4.2387|      387.68|     -172.67|      335.24|        16|     0.018|
|      219.87|      59.037|      487.21|     -267.34|      425.15|        12|     0.017|
|      212.16|      11.274|      416.58|     -204.42|      372.16|        15|     0.018|
|      211.75|      20.688|      434.28|     -222.54|      390.43|        11|     0.017|
|      212.33|      27.025|       444.2|     -231.87|      398.91|        12|     0.017|
|      211.75|      20.688|      434.28|     -222.54|      390.42|        17|     0.017|
|      199.34|      13.669|      353.54|      -154.2|      292.03|        16|     0.018|
|      193.07|      23.052|       338.2|     -145.13|      260.71|        16|     0.019|
|      201.74|      30.476|      351.32|     -149.57|      226.87|        15|     0.018|
|      193.71|      23.448|      339.44|     -145.73|      245.45|        14|     0.018|
|      192.88|      23.364|      337.87|     -144.99|      257.01|        11|     0.018|
|      193.14|      23.479|      338.44|      -145.3|      249.41|        11|     0.019|
|      192.85|       23.44|      337.85|        -145|      255.35|        11|     0.018|
|      192.98|      23.496|      338.12|     -145.14|      251.44|        11|     0.018|
|      192.85|       23.44|      337.85|        -145|      255.35|        11|     0.019|
|      288.69|      135.34|      457.85|     -169.17|       216.9|        11|     0.019|
|      199.82|      34.179|      355.18|     -155.36|      239.52|        12|     0.019|
|       192.9|      22.773|      342.25|     -149.35|      247.67|        11|     0.018|
|      192.38|      22.932|       338.7|     -146.32|      252.63|        11|     0.019|
|      192.96|      28.588|      354.87|     -161.92|      259.96|        11|     0.019|
|      190.61|       21.15|      345.25|     -154.64|      256.71|        11|     0.018|
|      232.15|      22.808|      347.48|     -115.33|       216.9|        12|     0.019|
|      192.55|      23.957|      345.99|     -153.44|      252.18|        11|     0.019|
|      190.75|      21.431|      345.34|     -154.59|      256.26|        11|     0.018|
|      190.63|      21.192|      345.26|     -154.63|      256.64|        11|     0.018|
|      190.61|      21.157|      345.25|     -154.64|       256.7|        15|     0.018|
|      190.61|      21.151|      345.25|     -154.64|      256.71|        15|     0.018|
|      190.61|       21.15|      345.25|     -154.64|      256.71|        16|     0.018|
|      190.61|      21.151|      345.25|     -154.64|      256.71|        13|     0.018|
|      190.61|       21.15|      345.25|     -154.64|      256.71|        11|     0.018|
|      190.61|       21.15|      345.25|     -154.64|      256.71|        11|     0.018|
|      190.61|       21.15|      345.25|     -154.64|      256.71|        11|     0.019|
Optimization result:
  message: CONVERGENCE: RELATIVE REDUCTION OF F <= FACTR*EPSMCH
  success: True
   status: 0
      fun: 190.6099084008084
        x: [-2.513e+00 -2.241e-01 ...  3.401e+00  3.401e+00]
      nit: 11
      jac: [ 7.931e-02  1.804e-01 ... -3.473e+00 -1.034e+01]
     nfev: 44
     njev: 44
 hess_inv: <27x27 LbfgsInvHessProduct with dtype=float64>
|        logP|       dlogP|     y^T.K.y|     log|K| |     Cond(K)|  GPU time|  CPU time|
|------------|------------|------------|------------|------------|----------|----------|
|       548.2|      355.28|      1023.5|     -475.35|      546.36|        17|     0.016|
|      229.85|      15.082|      343.25|     -113.39|      172.34|        12|     0.018|
|      229.82|      15.097|      343.25|     -113.43|      172.38|        12|     0.018|
|       229.7|      15.157|      343.26|     -113.55|      172.55|        12|     0.018|
|      229.59|      15.211|      343.27|     -113.67|       172.7|        11|     0.017|
|      229.56|      15.231|      343.27|     -113.72|      172.77|        12|     0.018|
|       229.4|       15.31|       343.3|      -113.9|       173.4|        12|     0.018|
|      228.77|      15.596|      343.42|     -114.64|      175.87|        11|     0.017|
|      226.18|       16.17|       344.2|     -118.02|      185.44|        12|     0.018|
|      217.72|      7.0716|       356.4|     -138.68|      218.02|        13|     0.018|
|      375.38|      253.75|      723.05|     -347.67|      349.73|        16|     0.017|
|      214.21|      4.4961|      397.55|     -183.34|      258.29|        15|     0.017|
|      240.77|      97.875|      510.93|     -270.16|      324.13|        11|     0.017|
|      213.44|      3.9114|      416.16|     -202.71|      275.69|        12|     0.017|
|      213.78|      5.6805|      379.05|     -165.27|      242.33|        12|     0.017|
|      213.25|      4.2244|      407.14|     -193.88|      267.76|        12|     0.017|
|      209.94|      6.2998|      404.74|      -194.8|      268.07|        11|     0.017|
|      194.45|       7.868|      401.78|     -207.32|      269.31|        12|     0.017|
|      180.41|      18.149|      397.76|     -217.35|      270.22|        12|     0.018|
|      227.67|      113.08|      516.92|     -289.25|      292.17|        11|     0.017|
|      167.66|      4.1924|       415.9|     -248.24|      280.62|        11|     0.017|
|      190.42|      55.536|      457.85|     -267.43|       311.9|        11|     0.017|
|      168.89|      14.329|      431.21|     -262.32|      290.54|        11|     0.018|
|      167.71|        5.08|      417.41|     -249.69|      281.54|        11|     0.017|
|      167.67|      4.3394|      416.17|      -248.5|      280.79|        11|     0.017|
|      167.66|      4.2191|      415.95|     -248.29|      280.65|        11|     0.018|
|      167.66|      4.1973|      415.91|     -248.25|      280.63|        11|     0.017|
|      167.66|      4.1932|       415.9|     -248.24|      280.62|        14|     0.017|
|      167.66|      4.1926|       415.9|     -248.24|      280.62|        16|     0.017|
|      167.66|      4.1926|       415.9|     -248.24|      280.62|        16|     0.017|
|      167.66|      4.1929|       415.9|     -248.24|      280.62|        15|     0.017|
|      167.66|      4.1926|       415.9|     -248.24|      280.62|        15|     0.017|
|      167.66|      4.1926|       415.9|     -248.24|      280.62|        13|     0.017|
|      167.66|      4.1926|       415.9|     -248.24|      280.62|        11|     0.017|
Optimization result:
  message: CONVERGENCE: RELATIVE REDUCTION OF F <= FACTR*EPSMCH
  success: True
   status: 0
      fun: 167.66256741525658
        x: [-2.050e+00 -2.074e-01 ...  3.401e+00  3.401e+00]
      nit: 7
      jac: [ 1.085e-01  2.224e-01 ... -2.190e+00 -5.739e+00]
     nfev: 34
     njev: 34
 hess_inv: <27x27 LbfgsInvHessProduct with dtype=float64>
|        logP|       dlogP|     y^T.K.y|     log|K| |     Cond(K)|  GPU time|  CPU time|
|------------|------------|------------|------------|------------|----------|----------|
|      422.63|      301.87|      903.28|     -480.65|      500.12|        17|     0.016|
|      226.15|      27.422|      343.58|     -117.43|      176.28|        13|     0.018|
|         226|       27.52|      343.53|     -117.53|      176.59|        12|     0.018|
|      225.42|      27.899|      343.37|     -117.95|      177.81|        12|     0.018|
|      223.01|      29.248|      342.75|     -119.75|      182.67|        12|     0.019|
|      212.64|      31.117|      341.37|     -128.72|      200.88|        12|     0.018|
|      178.45|      19.853|      376.62|     -198.17|      246.54|        13|     0.018|
|      174.51|      9.8462|      391.51|        -217|      262.42|        17|     0.018|
|      174.36|       9.018|      392.54|     -218.18|      263.31|        17|     0.018|
|      173.86|      5.6079|      396.82|     -222.97|      266.83|        16|     0.018|
|      173.42|      4.5464|      404.49|     -231.06|      272.35|        12|     0.018|
|      173.37|      3.6545|       402.4|     -229.02|         271|        12|     0.017|
|       173.2|      3.7303|      401.32|     -228.12|      270.38|        12|     0.018|
|      172.51|      5.4775|      397.11|      -224.6|      267.86|        12|     0.018|
|      162.73|      21.542|      368.05|     -205.32|      244.78|        13|     0.018|
|      151.91|      29.251|      348.08|     -196.17|      231.08|        11|     0.019|
|       145.8|      26.856|       351.8|        -206|         232|        11|     0.018|
|      234.83|      108.73|      505.02|     -270.19|      253.38|        11|     0.019|
|      150.05|      49.991|      388.46|     -238.41|      236.64|        11|     0.018|
|      141.56|       26.64|      365.11|     -223.55|      233.56|        11|     0.018|
|      142.63|      24.857|      355.95|     -213.32|       232.7|        16|     0.019|
|      139.16|      24.685|      363.79|     -224.63|      234.23|        16|     0.018|
|      215.82|      122.25|      543.69|     -327.87|       307.2|        15|     0.018|
|      131.14|      12.788|       382.8|     -251.66|      260.16|        11|     0.018|
|      136.01|      18.561|      397.42|     -261.41|      277.78|        12|     0.019|
|       130.1|      6.4199|      386.49|     -256.39|      268.18|        12|     0.018|
|       130.1|      8.2113|      384.63|     -254.53|      264.66|        12|     0.019|
|      1079.4|      417.97|      1602.7|     -523.34|      398.65|        13|     0.018|
|      220.19|      154.01|         576|      -355.8|      310.73|        12|     0.017|
|      132.67|      20.576|      409.14|     -276.48|      281.89|        12|     0.019|
|      129.81|      3.4295|      391.03|     -261.22|      270.49|        12|     0.018|
|      129.92|      6.3679|      386.46|     -256.54|      266.47|        11|     0.018|
|      765.05|      378.43|      1288.9|     -523.89|      463.75|        13|     0.017|
|       180.4|      120.65|      539.28|     -358.88|      317.07|        17|     0.017|
|      131.09|      15.249|      410.37|     -279.28|      279.83|        16|     0.019|
|      129.73|      2.1459|      392.08|     -262.35|      270.18|        14|     0.018|
|       129.8|      4.5357|      388.74|     -258.94|      268.02|        16|     0.019|
|      129.76|      5.4323|       387.6|     -257.84|      267.27|        16|     0.018|
|      129.71|      8.9317|      383.06|     -253.35|       264.2|        15|     0.018|
|      130.48|      14.851|       374.8|     -244.31|      258.07|        14|     0.017|
|      129.76|      10.261|      381.27|     -251.51|      262.94|        15|     0.018|
|      129.72|      9.1987|      382.71|     -252.99|      263.95|        15|     0.018|
|      129.71|      8.9317|      383.06|     -253.35|       264.2|        14|     0.018|
|      130.03|      11.966|      379.65|     -249.62|      260.84|        15|     0.017|
|      129.75|      9.4841|      382.44|     -252.69|      263.61|        16|     0.018|
|      129.72|      9.0338|      382.95|     -253.23|      264.09|        16|     0.018|
|      129.71|      8.9507|      383.04|     -253.33|      264.18|        15|     0.018|
|      129.71|      8.9353|      383.06|     -253.35|      264.19|        15|     0.018|
|      129.71|      8.9324|      383.06|     -253.35|       264.2|        12|     0.018|
|      129.71|      8.9318|      383.06|     -253.35|       264.2|        15|     0.018|
|      129.71|      8.9319|      383.06|     -253.35|       264.2|        15|     0.018|
|      129.71|      8.9319|      383.06|     -253.35|       264.2|        12|     0.018|
|      129.71|      8.9318|      383.06|     -253.35|       264.2|        14|     0.018|
Optimization result:
  message: CONVERGENCE: RELATIVE REDUCTION OF F <= FACTR*EPSMCH
  success: True
   status: 0
      fun: 129.71050051334586
        x: [-2.269e+00 -1.880e-01 ...  3.401e+00  3.401e+00]
      nit: 15
      jac: [-2.876e-02 -6.700e-02 ... -2.028e+00 -7.732e-01]
     nfev: 53
     njev: 53
 hess_inv: <27x27 LbfgsInvHessProduct with dtype=float64>
|        logP|       dlogP|     y^T.K.y|     log|K| |     Cond(K)|  GPU time|  CPU time|
|------------|------------|------------|------------|------------|----------|----------|
|      608.27|      402.96|      1096.6|     -488.37|      507.18|        21|     0.016|
|      256.01|      17.894|      398.59|     -142.58|      181.75|        15|     0.018|
|      255.97|      17.914|       398.6|     -142.63|      181.95|        15|     0.018|
|      255.78|      17.989|       398.6|     -142.82|      182.79|        14|     0.018|
|      255.05|      18.242|      398.65|      -143.6|      186.12|        17|     0.017|
|      252.04|      18.355|      399.14|      -147.1|      199.34|        17|     0.018|
|      243.56|       3.998|      410.94|     -167.38|      249.28|        15|     0.018|
|      249.47|      33.312|      490.92|     -241.45|      358.21|        14|     0.018|
|      242.83|      6.7441|      423.44|     -180.61|      273.21|        14|     0.018|
|      240.74|      8.8955|      423.31|     -182.57|      276.05|        16|     0.018|
|       228.4|      11.354|       426.4|        -198|      287.69|        16|     0.018|
|      210.71|      18.647|       440.8|     -230.09|       310.8|        13|     0.018|
|      313.95|       120.8|      589.95|        -276|      314.35|        14|     0.018|
|      203.65|       19.76|      454.15|      -250.5|      312.36|        12|     0.018|
|      206.89|      18.066|       440.1|     -233.21|      311.16|        16|     0.017|
|       201.6|      11.834|      444.71|     -243.11|      311.91|        16|     0.018|
|       211.5|      50.819|      443.95|     -232.45|      274.08|        15|     0.018|
|      201.25|       18.32|      438.61|     -237.36|      293.35|        15|     0.018|
|      201.01|      10.862|      442.87|     -241.86|      308.27|        14|     0.017|
|      221.62|      25.255|      387.51|     -165.89|      220.26|        12|     0.019|
|      198.82|      9.5466|      426.96|     -228.14|      284.76|        11|     0.018|
|      197.27|      4.3606|      412.62|     -215.35|      268.43|        11|     0.018|
|      207.31|      20.373|      387.94|     -180.62|      236.47|        12|     0.018|
|      197.37|      4.7547|      401.83|     -204.46|      257.77|        11|     0.018|
|      197.04|      2.5922|      407.17|     -210.13|      263.09|        11|     0.018|
|      199.85|      14.145|      391.15|      -191.3|      242.86|        12|     0.018|
|      197.01|      4.4883|      401.73|     -204.73|       256.9|        12|     0.018|
|      196.95|      6.9494|      396.93|     -199.98|      246.45|        11|     0.019|
|      198.36|      16.722|      421.13|     -222.77|      269.88|        12|     0.018|
|      196.33|       6.404|      408.04|     -211.71|      258.73|        12|     0.018|
|      196.36|      4.6245|      401.07|     -204.71|      251.49|        11|     0.019|
|      195.85|      3.2117|      405.18|     -209.33|      260.28|        12|     0.018|
|      198.09|      12.613|      427.14|     -229.05|      297.97|        12|     0.018|
|      195.76|      4.0952|      408.14|     -212.38|      266.18|        12|     0.018|
|      195.82|      5.3836|      410.73|     -214.91|      271.09|        12|     0.018|
|      195.76|      4.3241|      408.63|     -212.87|      267.13|        12|     0.018|
|      195.76|      4.0953|      408.14|     -212.38|      266.18|        14|     0.018|
|      195.58|       5.442|      411.44|     -215.86|      271.79|        16|     0.018|
|       195.7|       7.816|      416.08|     -220.38|      279.71|        17|     0.018|
|      195.23|       6.338|       416.9|     -221.68|      276.78|        15|     0.018|
|      194.89|      5.2569|      412.76|     -217.87|       271.2|        12|     0.018|
|      194.51|      4.2558|      406.72|      -212.2|      261.32|        12|     0.018|
|      194.53|      7.4052|      400.09|     -205.56|      247.82|        13|     0.019|
|      194.45|      4.5216|      405.04|     -210.59|      258.19|        12|     0.018|
|      196.31|      14.698|      394.25|     -197.93|      229.29|        14|     0.019|
|      194.44|      4.7377|      404.27|     -209.83|      256.66|        12|     0.018|
|      194.71|      10.311|      398.21|     -203.51|      242.11|        15|     0.019|
|      194.42|      5.1952|      403.35|     -208.93|      254.74|        12|     0.018|
|      194.47|      7.3811|      400.56|     -206.08|      248.39|        13|     0.018|
|      194.41|      5.4834|      402.87|     -208.45|      253.71|        13|     0.018|
|      195.48|      14.883|      395.99|     -200.52|      233.43|        14|     0.019|
|      194.42|      5.9087|      402.24|     -207.82|      252.28|        13|     0.018|
|      194.41|      5.5512|      402.76|     -208.35|      253.47|        12|     0.019|
|      194.41|      5.4958|      402.85|     -208.43|      253.66|        12|     0.018|
|      194.41|      5.4859|      402.86|     -208.45|       253.7|        12|     0.018|
|      194.41|      5.4837|      402.87|     -208.45|      253.71|        15|     0.018|
|      194.41|      5.4833|      402.87|     -208.45|      253.71|        17|     0.018|
|      194.41|      5.4834|      402.87|     -208.45|      253.71|        13|     0.018|
|      194.41|       5.483|      402.87|     -208.45|      253.71|        13|     0.018|
|      194.41|      5.4831|      402.87|     -208.45|      253.71|        13|     0.018|
|      194.41|      5.4831|      402.87|     -208.45|      253.71|        13|     0.019|
|      194.41|      5.4835|      402.87|     -208.45|      253.71|        13|     0.018|
|      194.41|      5.4832|      402.87|     -208.45|      253.71|        13|     0.019|
Optimization result:
  message: CONVERGENCE: RELATIVE REDUCTION OF F <= FACTR*EPSMCH
  success: True
   status: 0
      fun: 194.41358127647797
        x: [-2.310e+00 -1.419e-01 ...  3.401e+00  3.401e+00]
      nit: 19
      jac: [-2.086e-01 -5.033e-01 ... -2.340e+00 -8.150e+00]
     nfev: 63
     njev: 63
 hess_inv: <27x27 LbfgsInvHessProduct with dtype=float64>
|        logP|       dlogP|     y^T.K.y|     log|K| |     Cond(K)|  GPU time|  CPU time|
|------------|------------|------------|------------|------------|----------|----------|
|      301.89|       193.2|      783.04|     -481.14|      441.53|        17|     0.016|
|      226.85|      22.469|      342.55|     -115.71|      176.28|        11|     0.017|
|      226.69|      22.516|      342.55|     -115.86|      176.68|        11|     0.017|
|      226.06|       22.68|      342.56|      -116.5|      178.25|        11|     0.016|
|      223.53|        22.9|       342.8|     -119.27|      184.51|        11|     0.017|
|      215.59|      17.976|      346.71|     -131.12|      203.86|        11|     0.018|
|      210.83|      6.1449|      359.22|     -148.39|      219.77|        14|     0.018|
|      209.77|      1.9483|      379.84|     -170.07|         235|        16|     0.018|
|      208.88|      4.6932|      397.22|     -188.35|      250.23|        16|     0.019|
|      213.01|      33.669|      489.59|     -276.58|       299.1|        15|     0.018|
|      206.57|      4.1817|      426.01|     -219.44|      272.12|        15|     0.019|
|      206.49|       5.393|      450.33|     -243.84|      285.77|        13|     0.018|
|      206.23|      2.0499|      434.23|        -228|      277.28|        11|     0.018|
|      257.83|      108.77|      596.66|     -338.83|      312.82|        11|     0.018|
|      207.78|      13.733|      463.72|     -255.93|      291.33|        11|     0.018|
|      206.17|      0.9496|      439.55|     -233.38|      280.32|        13|     0.018|
|      206.17|     0.94002|      439.14|     -232.97|       280.1|        11|     0.018|
Optimization result:
  message: CONVERGENCE: RELATIVE REDUCTION OF F <= FACTR*EPSMCH
  success: True
   status: 0
      fun: 206.17225858759807
        x: [-2.703e+00 -2.876e-01 ...  3.401e+00  3.401e+00]
      nit: 8
      jac: [ 7.252e-06 -6.062e-05 ... -8.871e-01 -8.316e+00]
     nfev: 17
     njev: 17
 hess_inv: <27x27 LbfgsInvHessProduct with dtype=float64>
Running seed: 42
|        logP|       dlogP|     y^T.K.y|     log|K| |     Cond(K)|  GPU time|  CPU time|
|------------|------------|------------|------------|------------|----------|----------|
|      525.73|      390.24|      1010.3|     -484.53|      474.99|        17|     0.016|
|      222.36|       23.65|      319.36|     -96.997|      203.44|        12|     0.018|
|      222.28|      23.696|      319.34|     -97.065|      203.61|        15|     0.017|
|      221.95|      23.874|      319.29|      -97.34|      204.29|        17|     0.018|
|       220.6|      24.505|      319.09|      -98.49|      206.92|        17|     0.018|
|      220.52|      24.539|      319.08|     -98.563|      207.07|        14|     0.018|
|      220.42|      24.578|      319.07|     -98.647|      207.25|        12|     0.018|
|      220.04|      24.725|      319.03|     -98.989|      207.96|        12|     0.018|
|      218.47|      25.191|      318.89|     -100.42|      210.69|        12|     0.018|
|      212.08|      24.767|      319.35|     -107.27|      219.99|        14|     0.018|
|      193.64|      12.929|      347.52|     -153.88|      246.53|        12|     0.018|
|      1082.8|      439.74|      1613.2|     -530.46|      484.54|        11|     0.017|
|      200.62|      84.301|      470.95|     -270.32|      297.56|        12|     0.018|
|      184.17|      9.5194|      381.34|     -197.17|      268.75|        12|     0.018|
|      183.79|      21.022|      411.81|     -228.02|      282.95|        13|     0.018|
|      183.25|      7.2441|      388.92|     -205.67|      272.92|        17|     0.018|
|      182.91|      10.379|      399.34|     -216.43|      277.93|        16|     0.018|
|      194.14|      13.233|      335.59|     -141.45|      240.23|        13|     0.018|
|      182.76|      7.4112|      392.34|     -209.58|      274.73|        12|     0.018|
|      179.64|      8.5802|      391.23|     -211.59|      274.91|        12|     0.018|
|      163.13|      10.952|      388.33|      -225.2|      275.63|        12|     0.017|
|      153.83|      12.767|      388.32|     -234.49|      276.04|        12|     0.018|
|       188.4|      69.827|      483.71|     -295.31|      283.31|        10|     0.017|
|       145.9|      14.095|       408.7|      -262.8|      279.71|        11|     0.017|
|      145.33|       7.437|      383.84|     -238.51|      272.84|        11|     0.017|
|      144.64|      6.8092|      395.56|     -250.91|      276.44|        11|     0.017|
|       144.2|      4.7483|       385.2|     -241.01|      270.96|        13|     0.017|
|      144.02|      4.2984|      385.75|     -241.74|      271.16|        16|     0.017|
|       143.5|      1.7812|      390.72|     -247.23|      273.98|        15|     0.018|
|      145.77|      11.754|      399.47|      -253.7|      279.24|        11|     0.017|
|      143.54|      2.7241|      391.79|     -248.26|      274.97|        11|     0.017|
|      143.48|      1.8346|      390.94|     -247.45|      274.19|        14|     0.018|
|       143.5|      2.3348|      391.49|     -247.98|       274.7|        16|     0.017|
|      143.48|      1.9018|      391.05|     -247.57|       274.3|        15|     0.018|
|      143.49|      2.1605|      391.33|     -247.84|      274.57|        12|     0.018|
|      151.03|      30.298|      415.79|     -264.77|      285.44|        11|     0.017|
|      143.89|      4.4457|      392.92|     -249.03|      275.92|        11|     0.018|
|      143.52|      2.3847|       391.5|     -247.99|      274.75|        15|     0.017|
|      143.49|      2.1907|      391.36|     -247.86|      274.59|        16|     0.017|
|      143.49|       2.165|      391.34|     -247.85|      274.57|        16|     0.017|
|      143.49|      2.1612|      391.34|     -247.84|      274.57|        16|     0.018|
|      143.49|      2.1606|      391.33|     -247.84|      274.57|        12|     0.017|
|      143.49|      2.1603|      391.33|     -247.84|      274.57|        11|     0.017|
|      143.49|      2.1605|      391.33|     -247.84|      274.57|        15|     0.017|
|      143.49|      2.1604|      391.33|     -247.84|      274.57|        13|     0.017|
Optimization result:
  message: CONVERGENCE: RELATIVE REDUCTION OF F <= FACTR*EPSMCH
  success: True
   status: 0
      fun: 143.49169159230857
        x: [-2.191e+00 -1.864e-01 ...  3.401e+00  3.401e+00]
      nit: 12
      jac: [-3.399e-02 -7.043e-02 ... -2.331e+00 -4.067e+00]
     nfev: 45
     njev: 45
 hess_inv: <27x27 LbfgsInvHessProduct with dtype=float64>
|        logP|       dlogP|     y^T.K.y|     log|K| |     Cond(K)|  GPU time|  CPU time|
|------------|------------|------------|------------|------------|----------|----------|
|      436.79|      321.96|      917.29|     -480.51|       491.4|        20|     0.016|
|      209.67|       30.67|      338.48|     -128.81|      188.71|        15|     0.018|
|      209.51|      30.811|      338.41|     -128.91|      188.97|        16|     0.018|
|      208.84|      31.367|      338.13|     -129.29|      190.01|        16|     0.019|
|      206.05|      33.457|      336.99|     -130.94|      194.72|        16|     0.018|
|      193.42|      38.738|       332.9|     -139.49|      218.91|        13|     0.019|
|      142.88|      22.714|      352.63|     -209.75|      330.62|        15|     0.017|
|      989.18|      319.97|      1503.8|     -514.59|      440.82|        15|     0.017|
|      215.95|      177.44|      545.71|     -329.76|      420.36|        15|     0.017|
|      139.07|      15.716|      382.67|     -243.61|      368.49|        15|     0.018|
|      138.94|       8.074|      365.95|     -227.02|      351.26|        15|     0.017|
|       138.8|      7.4514|      366.63|     -227.83|      352.15|        15|     0.018|
|      138.35|      5.6568|      369.44|     -231.09|      355.68|        15|     0.017|
|      137.51|      7.6935|      374.16|     -236.65|       361.3|        15|     0.018|
|      136.65|      10.469|       376.3|     -239.65|      363.95|        15|     0.017|
|      133.37|      24.758|      386.73|     -253.36|      374.17|        13|     0.017|
|      131.02|      110.08|      456.19|     -325.17|      406.53|        15|     0.017|
|      145.96|       143.9|      500.93|     -354.97|      413.92|        14|     0.017|
|      132.97|      116.87|      463.95|     -330.98|      408.14|        14|     0.017|
|      131.02|      110.08|      456.19|     -325.17|      406.53|        15|     0.017|
|      101.53|      19.148|      347.77|     -246.23|      347.73|        15|     0.017|
|      187.92|      103.61|      482.53|     -294.61|      342.35|        12|     0.018|
|      96.218|       21.81|      368.41|     -272.19|      345.13|        13|     0.017|
|       96.61|       17.65|      347.91|      -251.3|      347.09|        14|     0.017|
|      92.417|      13.627|         356|     -263.58|       345.9|        15|     0.017|
|      91.071|      10.636|      356.93|     -265.86|       348.3|        15|     0.017|
|      91.035|      7.4619|      355.66|     -264.63|      352.92|        15|     0.017|
|      90.804|      8.9317|      356.18|     -265.38|      349.95|        15|     0.017|
|      90.518|      5.6844|      358.98|     -268.46|      353.26|        13|     0.017|
|      90.612|      8.9464|      370.91|      -280.3|      365.43|        12|     0.017|
|      90.344|      2.1267|      362.14|     -271.79|      356.75|        13|     0.017|
|      91.306|      16.377|      376.72|     -285.42|      370.53|        11|     0.017|
|      90.303|      1.3296|      364.36|     -274.06|      359.07|        12|     0.018|
|      94.861|      35.508|      391.28|     -296.42|      381.24|        15|     0.017|
|      90.349|      4.6313|      367.42|     -277.07|       362.1|        15|     0.017|
|      90.302|      1.8409|      364.95|     -274.65|      359.66|        14|     0.017|
|      90.323|      3.6303|      366.58|     -276.26|      361.27|        11|     0.017|
|      90.303|      2.1588|      365.27|     -274.96|      359.97|        14|     0.018|
|      90.302|      1.9044|      365.02|     -274.71|      359.72|        11|     0.017|
|      90.302|      1.8409|      364.95|     -274.65|      359.66|        12|     0.017|
|      109.56|      75.815|      423.58|     -314.02|      397.13|        15|     0.017|
|      90.592|      8.9046|      370.34|     -279.74|       365.3|        15|     0.017|
|      90.312|      2.7808|      365.73|     -275.42|      360.52|        12|     0.018|
|      90.303|      2.0067|       365.1|     -274.79|      359.82|        13|     0.017|
|      90.302|      1.8722|      364.98|     -274.68|      359.69|        12|     0.017|
|      90.302|      1.8471|      364.96|     -274.66|      359.66|        11|     0.017|
|      90.302|      1.8422|      364.95|     -274.65|      359.66|        14|     0.017|
|      90.302|       1.841|      364.95|     -274.65|      359.66|        15|     0.017|
|      90.302|       1.841|      364.95|     -274.65|      359.66|        14|     0.017|
|      90.302|      1.8416|      364.95|     -274.65|      359.66|        11|     0.017|
|      90.302|       1.841|      364.95|     -274.65|      359.66|        14|     0.017|
|      90.302|       1.841|      364.95|     -274.65|      359.66|        11|     0.017|
|      90.302|       1.841|      364.95|     -274.65|      359.66|        13|     0.017|
Optimization result:
  message: CONVERGENCE: RELATIVE REDUCTION OF F <= FACTR*EPSMCH
  success: True
   status: 0
      fun: 90.30157215193577
        x: [-2.345e+00 -2.875e-01 ...  3.401e+00  3.401e+00]
      nit: 14
      jac: [-1.251e-03 -5.059e-03 ... -3.449e+00 -7.761e+00]
     nfev: 53
     njev: 53
 hess_inv: <27x27 LbfgsInvHessProduct with dtype=float64>
|        logP|       dlogP|     y^T.K.y|     log|K| |     Cond(K)|  GPU time|  CPU time|
|------------|------------|------------|------------|------------|----------|----------|
|      544.41|       352.6|      1023.7|     -479.27|      445.85|        21|     0.016|
|      241.13|      13.135|      353.28|     -112.15|      156.71|        15|     0.017|
|       241.1|       13.13|       353.3|      -112.2|      156.87|        15|     0.018|
|      240.99|      13.106|      353.37|     -112.38|      157.51|        11|     0.017|
|      240.53|      12.967|      353.68|     -113.14|      160.07|        11|     0.018|
|      238.81|      11.632|       355.3|     -116.49|       170.2|        14|     0.018|
|      236.81|      8.3339|      371.52|     -134.71|      208.94|        11|     0.018|
|      236.54|      5.4581|      360.31|     -123.77|      187.93|        11|     0.018|
|      245.19|      23.771|      402.35|     -157.16|      245.13|        11|     0.017|
|      236.48|      5.0089|      360.66|     -124.18|      188.82|        18|     0.018|
|      236.47|       4.996|      360.67|      -124.2|      188.85|        15|     0.018|
|      237.77|      13.103|      376.47|     -138.71|      215.81|        15|     0.018|
|      236.39|       4.328|      361.19|      -124.8|      190.12|        12|     0.017|
|      236.15|      2.2004|      365.92|     -129.77|      199.97|        11|     0.018|
|      236.12|      1.0989|      364.42|      -128.3|      197.15|        13|     0.017|
|      236.11|      1.1428|      364.48|     -128.38|      197.31|        11|     0.018|
|      236.04|      1.4352|      364.73|     -128.69|      197.92|        11|     0.018|
|      235.46|      3.5504|      365.45|        -130|      200.37|        11|     0.017|
|      235.22|      4.1438|      365.56|     -130.33|      200.98|        13|     0.018|
|      234.54|      4.2246|      363.72|     -129.18|      198.73|        15|     0.018|
|      231.48|      7.4029|      356.79|     -125.31|      189.73|        15|     0.018|
|      227.76|       15.04|      347.76|        -120|      156.71|        12|     0.018|
|      214.37|          16|      350.11|     -135.75|      186.71|        11|     0.018|
|       252.1|      118.67|      464.41|     -212.31|      227.44|        13|     0.018|
|      192.87|      10.344|      355.18|     -162.32|      205.28|        11|     0.018|
|      208.57|      55.158|      404.19|     -195.62|      219.38|        11|     0.018|
|      193.19|      14.133|       371.2|     -178.02|      212.01|        11|     0.018|
|      191.84|       6.502|      362.04|     -170.21|      208.76|        13|     0.018|
|      192.92|      20.795|      382.75|     -189.83|      234.61|        15|     0.018|
|       193.7|      16.714|      373.48|     -179.79|      212.55|        15|     0.018|
|      192.06|      8.4311|      365.66|     -173.61|      210.09|        11|     0.018|
|      191.85|      6.7024|      362.91|     -171.06|      209.09|        11|     0.018|
|      191.84|      6.5286|      362.23|     -170.39|      208.83|        13|     0.018|
|      191.84|      6.5069|      362.08|     -170.25|      208.77|        11|     0.018|
|      191.84|       6.503|      362.05|     -170.22|      208.76|        11|     0.018|
|      191.84|      6.5022|      362.04|     -170.21|      208.76|        11|     0.018|
|      191.84|      6.5021|      362.04|     -170.21|      208.76|        14|     0.018|
|      191.84|      6.5021|      362.04|     -170.21|      208.76|        15|     0.018|
|      191.84|      6.5021|      362.04|     -170.21|      208.76|        15|     0.018|
|      191.84|      6.5021|      362.04|     -170.21|      208.76|        15|     0.018|
|      191.84|      6.5021|      362.04|     -170.21|      208.76|        15|     0.018|
|      191.84|      6.5021|      362.04|     -170.21|      208.76|        12|     0.018|
|      191.84|      6.5021|      362.04|     -170.21|      208.76|        11|     0.018|
Optimization result:
  message: CONVERGENCE: RELATIVE REDUCTION OF F <= FACTR*EPSMCH
  success: True
   status: 0
      fun: 191.8357245979901
        x: [-2.012e+00 -1.469e-01 ...  3.401e+00  3.401e+00]
      nit: 10
      jac: [ 3.584e-03  3.291e-02 ... -2.346e+00 -7.616e+00]
     nfev: 43
     njev: 43
 hess_inv: <27x27 LbfgsInvHessProduct with dtype=float64>
|        logP|       dlogP|     y^T.K.y|     log|K| |     Cond(K)|  GPU time|  CPU time|
|------------|------------|------------|------------|------------|----------|----------|
|      455.74|      293.85|       934.4|     -478.66|       472.5|        17|     0.016|
|      250.23|      17.385|      377.71|     -127.49|      156.68|        12|     0.018|
|      250.16|      17.414|      377.72|     -127.56|      156.94|        13|     0.018|
|      249.91|      17.526|      377.76|     -127.84|      157.99|        12|     0.018|
|       248.9|      17.879|      377.92|     -129.02|      162.18|        12|     0.019|
|      244.79|      17.499|      379.27|     -134.48|      178.41|        12|     0.019|
|       236.9|      1.0942|      406.31|     -169.41|       231.6|        12|     0.018|
|      236.82|      1.2996|      406.95|     -170.13|      232.31|        12|     0.019|
|      236.19|      2.9052|      409.27|     -173.09|      235.16|        12|     0.018|
|      228.64|      6.7958|       417.3|     -188.66|      246.41|        12|     0.018|
|      211.04|      15.789|      456.23|     -245.19|      274.48|        11|     0.017|
|      335.55|      156.02|      534.88|     -199.34|      188.83|        16|     0.018|
|      184.21|      9.8994|      386.12|     -201.91|      229.69|        16|     0.018|
|      242.87|      120.86|      443.83|     -200.96|      185.96|        16|     0.019|
|      188.67|      27.704|      389.18|     -200.51|      211.81|        13|     0.017|
|      183.78|      5.7103|      384.42|     -200.65|      220.79|        11|     0.017|
|      183.48|      4.7835|       384.6|     -201.12|      225.51|        11|     0.018|
|      322.37|      155.14|      550.42|     -228.05|      216.73|        11|     0.017|
|      198.32|      57.633|      413.47|     -215.14|      222.25|        11|     0.018|
|         185|      15.589|      392.33|     -207.33|      224.09|        11|     0.017|
|      183.52|       4.934|      387.68|     -204.15|      224.81|        13|     0.018|
|      183.35|      2.5297|      385.98|     -202.63|      225.16|        11|     0.018|
|      183.22|      1.8666|         389|     -205.79|      228.41|        11|     0.018|
|      182.92|       1.331|      400.92|        -218|      239.98|        11|     0.018|
|      229.07|      115.32|      594.07|        -365|      333.92|        11|     0.018|
|      182.02|      1.0508|      434.06|     -252.04|       265.4|        11|     0.017|
|      188.96|      31.329|      495.98|     -307.02|      293.38|        11|     0.017|
|      182.03|      1.7457|       441.2|     -259.17|      269.88|        11|     0.017|
|      182.17|      3.6717|      422.09|     -239.92|      258.05|        11|     0.017|
|      181.97|      1.6583|       432.8|     -250.83|      264.95|        14|     0.018|
|      181.97|      1.1982|      436.85|     -254.88|      267.39|        16|     0.017|
|      181.93|      2.1286|      441.33|      -259.4|       270.2|        15|     0.018|
|      182.58|      4.2986|      446.87|     -264.29|      271.82|        11|     0.017|
|      181.91|      2.3312|      442.83|     -260.92|      270.77|        11|     0.017|
|      181.83|      1.7001|      440.26|     -258.43|      268.71|        11|     0.017|
|      181.79|      3.3625|      444.52|     -262.73|      270.85|        11|     0.017|
|       182.2|      5.5152|      449.43|     -267.23|      273.11|        11|     0.017|
|      181.84|      3.8729|      445.74|      -263.9|      271.44|        11|     0.018|
|       181.8|      3.4622|      444.76|     -262.97|      270.97|        12|     0.017|
|      181.79|      3.3624|      444.52|     -262.73|      270.85|        11|     0.017|
|      187.95|      19.039|      468.56|     -280.61|      279.26|        10|     0.018|
|      182.62|      6.0339|      450.08|     -267.46|      273.17|        11|     0.018|
|      181.82|      3.4603|      444.75|     -262.93|      270.96|        11|     0.018|
|      181.79|      3.3653|      444.53|     -262.74|      270.86|        11|     0.018|
|      181.79|      3.3626|      444.52|     -262.73|      270.86|        11|     0.017|
|      181.79|      3.3625|      444.52|     -262.73|      270.85|        11|     0.018|
|      181.79|      3.3624|      444.52|     -262.73|      270.85|        11|     0.017|
|      181.79|      3.3624|      444.52|     -262.73|      270.85|        14|     0.017|
Optimization result:
  message: CONVERGENCE: RELATIVE REDUCTION OF F <= FACTR*EPSMCH
  success: True
   status: 0
      fun: 181.79154993798727
        x: [-2.227e+00 -1.832e-01 ...  3.401e+00  3.401e+00]
      nit: 14
      jac: [ 4.974e-02  7.329e-02 ... -2.359e+00 -6.525e+00]
     nfev: 48
     njev: 48
 hess_inv: <27x27 LbfgsInvHessProduct with dtype=float64>
|        logP|       dlogP|     y^T.K.y|     log|K| |     Cond(K)|  GPU time|  CPU time|
|------------|------------|------------|------------|------------|----------|----------|
|      518.34|       327.4|      1007.9|     -489.53|      456.21|        22|     0.016|
|      225.84|      16.827|      362.49|     -136.65|      188.71|        18|     0.018|
|      225.79|      16.814|       362.5|     -136.71|      188.85|        16|     0.018|
|       225.6|      16.758|      362.55|     -136.95|      189.41|        13|     0.018|
|      224.83|      16.453|       362.8|     -137.97|      191.66|        15|     0.018|
|      221.99|      13.782|      364.57|     -142.58|      204.03|        13|     0.018|
|      221.78|      15.653|      391.73|     -169.95|      257.69|        13|     0.018|
|      219.61|      7.3374|      368.81|      -149.2|       219.6|        16|     0.018|
|      232.21|      20.046|      430.03|     -197.82|      301.15|        18|     0.018|
|      219.47|      6.5464|      369.37|      -149.9|      221.09|        18|     0.018|
|      219.46|      6.5228|      369.38|     -149.92|      221.13|        13|     0.018|
|      221.95|      16.054|      392.43|     -170.49|      258.57|        14|     0.018|
|      219.33|      5.6384|      370.02|     -150.69|      222.74|        14|     0.018|
|      219.01|      2.4777|      376.14|     -157.13|      235.38|        13|     0.019|
|      218.96|      1.0267|      373.92|     -154.96|      231.28|        14|     0.018|
|      218.95|     0.95563|      374.23|     -155.27|      231.88|        18|     0.018|
|      218.95|      0.9661|      374.32|     -155.37|      232.06|        18|     0.018|
Optimization result:
  message: CONVERGENCE: RELATIVE REDUCTION OF F <= FACTR*EPSMCH
  success: True
   status: 0
      fun: 218.95296836184977
        x: [-4.603e+00 -2.802e-01 ...  3.401e+00  3.401e+00]
      nit: 7
      jac: [ 3.909e-06  9.109e-05 ... -3.465e+00 -8.787e+00]
     nfev: 17
     njev: 17
 hess_inv: <27x27 LbfgsInvHessProduct with dtype=float64>
Average scores:	 rmse: 13.45±2.22	 r2: 0.52±0.13
Filename: (MG-COUNT)_(MGK_Graph-Matern32_product)_mean_feat_transformerOFF_target_transformerOFF
Running seed: 6
|        logP|       dlogP|     y^T.K.y|     log|K| |     Cond(K)|  GPU time|  CPU time|
|------------|------------|------------|------------|------------|----------|----------|
|      6082.5|      2177.2|      6775.3|     -692.74|      1355.9|        15|     0.017|
|      1409.9|       12.76|      1571.8|     -161.89|      522.12|       9.9|     0.016|
|      1409.9|      12.758|      1571.8|     -161.89|      522.15|        11|     0.017|
|      1409.9|       12.76|      1571.8|     -161.89|      522.12|       9.8|     0.016|
|      1409.9|       12.76|      1571.8|     -161.89|      522.12|       9.9|     0.017|
|      1409.9|       12.76|      1571.8|     -161.89|      522.12|       9.8|     0.017|
Optimization result:
  message: CONVERGENCE: RELATIVE REDUCTION OF F <= FACTR*EPSMCH
  success: True
   status: 0
      fun: 1409.8825539119491
        x: [-2.112e+00 -2.877e-01 ...  3.096e+00  2.898e+00]
      nit: 2
      jac: [-5.125e-04  1.922e-04 ... -3.223e-12 -4.784e-05]
     nfev: 6
     njev: 6
 hess_inv: <27x27 LbfgsInvHessProduct with dtype=float64>
|        logP|       dlogP|     y^T.K.y|     log|K| |     Cond(K)|  GPU time|  CPU time|
|------------|------------|------------|------------|------------|----------|----------|
|      6532.8|      2172.6|      7222.6|     -689.82|      1470.9|        16|     0.017|
|      618.83|      18.022|      753.28|     -134.45|      493.25|        12|     0.016|
|      618.83|       18.02|      753.28|     -134.45|      493.28|        17|     0.016|
|      618.81|      18.015|      753.28|     -134.47|      493.38|        16|     0.016|
|      618.77|      17.992|      753.29|     -134.53|      493.77|        16|     0.016|
|      618.58|      17.897|      753.35|     -134.76|      495.38|        16|     0.016|
|      617.85|      17.442|      753.61|     -135.75|      501.72|        16|     0.016|
|      615.18|      14.249|      755.45|     -140.27|      526.35|        15|     0.016|
|      617.79|      36.603|      785.77|     -167.98|      618.73|        18|     0.016|
|      614.04|      11.496|      757.05|     -143.02|      538.85|        17|     0.016|
|      614.01|      11.414|       757.1|     -143.09|      539.17|        17|     0.016|
|      612.64|      5.1195|      766.66|     -154.02|      578.48|        17|     0.016|
|      612.46|      2.5955|      762.39|     -149.93|      564.79|        14|     0.016|
|      612.09|      3.9602|      761.51|     -149.42|      561.61|        17|     0.016|
|      611.27|      8.7039|      759.66|     -148.39|      548.79|        13|     0.017|
|      611.62|      5.4153|      760.62|        -149|      558.01|        16|     0.017|
|      611.12|      7.5582|      759.68|     -148.56|      552.08|        17|     0.016|
|      611.13|      8.0771|      759.61|     -148.48|      550.58|        17|     0.017|
|      610.78|      2.7877|      762.32|     -151.53|      564.39|        15|     0.016|
|      610.97|      6.9253|      760.13|     -149.17|      553.84|        16|     0.018|
|      610.64|      3.8502|      766.72|     -156.09|      576.49|        14|     0.016|
|      610.52|      1.5794|       763.6|     -153.07|      566.99|        17|     0.017|
|      610.51|     0.95403|      764.19|     -153.68|      568.99|        17|     0.017|
|      610.51|     0.90058|      764.35|     -153.84|      569.53|        15|     0.016|
Optimization result:
  message: CONVERGENCE: RELATIVE REDUCTION OF F <= FACTR*EPSMCH
  success: True
   status: 0
      fun: 610.5115672679718
        x: [-4.473e+00 -2.631e-01 ...  1.305e+00  2.899e+00]
      nit: 9
      jac: [ 8.752e-06  1.115e-04 ... -2.808e-03 -1.102e-04]
     nfev: 24
     njev: 24
 hess_inv: <27x27 LbfgsInvHessProduct with dtype=float64>
|        logP|       dlogP|     y^T.K.y|     log|K| |     Cond(K)|  GPU time|  CPU time|
|------------|------------|------------|------------|------------|----------|----------|
|      8024.1|        2583|      8736.1|     -712.01|      1467.7|        20|     0.017|
|      1427.9|      11.674|        1617|     -189.14|      522.41|        15|     0.017|
|      1427.9|      11.672|        1617|     -189.15|      522.42|        14|     0.018|
|      1427.9|      11.666|        1617|     -189.15|      522.48|        14|     0.017|
|      1427.8|      11.641|        1617|     -189.18|      522.67|        13|     0.018|
|      1427.8|       11.54|      1617.1|     -189.29|      523.51|        13|     0.017|
|      1427.5|      11.104|      1617.2|     -189.74|       526.8|        16|     0.018|
|      1426.5|      8.8081|      1618.2|     -191.68|      542.53|        16|     0.017|
|        1441|      64.519|      1660.2|      -219.2|       703.2|        15|     0.018|
|      1426.4|      8.5097|      1618.3|      -191.9|      544.53|        15|     0.018|
|      1426.7|      13.912|      1629.4|     -202.76|       622.6|        13|     0.018|
|      1425.6|      4.0038|      1620.4|     -194.78|      568.66|        15|     0.018|
|      1425.6|      4.1588|      1624.3|      -198.7|      597.14|        15|     0.018|
|      1425.5|      1.1036|        1622|     -196.56|      582.17|        11|     0.017|
|      1425.5|       1.042|      1622.4|     -196.97|      585.11|        15|     0.018|
Optimization result:
  message: CONVERGENCE: RELATIVE REDUCTION OF F <= FACTR*EPSMCH
  success: True
   status: 0
      fun: 1425.4615985109253
        x: [-2.606e+00 -2.784e-01 ...  3.401e+00  2.898e+00]
      nit: 5
      jac: [ 5.024e-05 -4.891e-04 ... -8.996e+00 -4.644e-05]
     nfev: 15
     njev: 15
 hess_inv: <27x27 LbfgsInvHessProduct with dtype=float64>
|        logP|       dlogP|     y^T.K.y|     log|K| |     Cond(K)|  GPU time|  CPU time|
|------------|------------|------------|------------|------------|----------|----------|
|      8152.9|        2223|        8854|     -701.07|      1655.4|        18|     0.017|
|      1365.1|      19.937|      1525.9|     -160.83|      487.89|        16|     0.017|
|      1365.1|      19.936|      1525.9|     -160.83|      487.93|        16|     0.019|
|      1365.1|      19.933|      1525.9|     -160.84|      488.03|        13|     0.018|
|        1365|      19.919|      1525.9|      -160.9|      488.47|        16|     0.018|
|      1364.8|       19.86|      1525.9|     -161.13|      490.18|        16|     0.016|
|      1363.6|      19.536|      1525.6|        -162|      497.07|        15|     0.018|
|      1359.8|      16.928|      1523.8|     -164.02|      524.14|        16|     0.016|
|      1360.2|      17.558|      1524.1|     -163.89|      517.59|        13|     0.017|
|      1359.9|      17.057|      1523.9|     -164.01|       522.7|        16|     0.016|
|      1359.8|      16.952|      1523.8|     -164.02|      523.88|        16|     0.017|
|      1359.8|      16.932|      1523.8|     -164.02|       524.1|        15|     0.016|
|      1359.8|      16.928|      1523.8|     -164.02|      524.13|        16|     0.017|
|      1359.8|      16.928|      1523.8|     -164.02|      524.14|        14|     0.016|
|      1359.8|      16.928|      1523.8|     -164.02|      524.14|        16|     0.017|
|      1359.8|      16.928|      1523.8|     -164.02|      524.14|        17|     0.016|
|      1359.8|      16.928|      1523.8|     -164.02|      524.15|        17|     0.017|
|      1359.8|      16.928|      1523.8|     -164.02|      524.15|        16|     0.017|
Optimization result:
  message: CONVERGENCE: RELATIVE REDUCTION OF F <= FACTR*EPSMCH
  success: True
   status: 0
      fun: 1359.8096335477323
        x: [-4.605e+00 -2.877e-01 ...  1.198e+00  2.896e+00]
      nit: 3
      jac: [-1.533e-05  1.637e-03 ... -4.054e+00 -4.137e-05]
     nfev: 18
     njev: 18
 hess_inv: <27x27 LbfgsInvHessProduct with dtype=float64>
|        logP|       dlogP|     y^T.K.y|     log|K| |     Cond(K)|  GPU time|  CPU time|
|------------|------------|------------|------------|------------|----------|----------|
|      7038.9|      2475.2|      7734.6|     -695.65|      1761.3|        19|     0.017|
|      1014.9|       10.95|      1173.1|      -158.2|      522.42|        12|     0.018|
|      1014.9|      10.948|      1173.1|      -158.2|      522.42|        14|     0.018|
|      1014.9|      10.939|      1173.1|     -158.21|      522.47|        16|     0.018|
|      1014.9|      10.904|      1173.1|     -158.24|      522.67|        16|     0.018|
|      1014.8|      10.765|      1173.2|     -158.35|      523.47|        14|     0.018|
|      1014.6|      10.181|      1173.4|     -158.83|      526.68|        15|     0.019|
|      1013.8|        7.41|      1174.7|     -160.92|       539.5|        12|     0.018|
|      1014.6|       14.29|      1187.7|     -173.07|      589.93|        15|     0.018|
|      1013.5|      6.2579|      1175.2|     -161.71|      543.99|        16|     0.018|
|      1013.2|      4.4658|      1181.2|     -167.96|      572.77|        15|     0.018|
|      1013.1|      1.5111|      1177.9|     -164.85|      559.75|        15|     0.018|
|        1013|     0.98695|      1178.5|     -165.44|      562.38|        13|     0.018|
|        1013|     0.97677|      1178.6|     -165.55|      562.88|        14|     0.018|
Optimization result:
  message: CONVERGENCE: RELATIVE REDUCTION OF F <= FACTR*EPSMCH
  success: True
   status: 0
      fun: 1013.0470916620976
        x: [-4.427e+00 -2.785e-01 ...  3.401e+00  2.896e+00]
      nit: 7
      jac: [-5.900e-05 -9.510e-04 ... -9.008e+00 -2.781e-06]
     nfev: 14
     njev: 14
 hess_inv: <27x27 LbfgsInvHessProduct with dtype=float64>
Running seed: 13
|        logP|       dlogP|     y^T.K.y|     log|K| |     Cond(K)|  GPU time|  CPU time|
|------------|------------|------------|------------|------------|----------|----------|
|      7080.6|      2269.4|      7775.3|     -694.69|      1566.6|        17|     0.017|
|      1256.9|      14.308|      1408.9|     -151.93|      600.72|        16|     0.018|
|      1256.9|      14.308|      1408.9|     -151.94|      600.75|        11|     0.018|
|      1256.9|      14.305|      1408.9|     -151.94|      600.83|        16|     0.018|
|      1256.9|      14.294|      1408.9|     -151.98|      601.21|        17|     0.018|
|      1256.8|      14.247|      1408.9|     -152.12|      602.71|        16|     0.018|
|      1256.4|      14.028|      1409.1|     -152.68|      608.74|        13|     0.018|
|      1255.1|      12.625|      1410.2|     -155.13|      632.76|        14|     0.018|
|      1252.7|      4.3863|      1420.9|     -168.21|      725.22|        16|     0.018|
|      1252.9|      6.0577|      1414.4|     -161.51|      683.59|        14|     0.018|
|      1252.6|      3.2004|      1420.1|     -167.54|      721.39|        14|     0.018|
|      1252.5|     0.49837|      1418.4|     -165.88|      711.74|        16|     0.018|
|      1252.5|     0.30203|      1418.2|     -165.66|      710.41|        15|     0.018|
|      1252.5|     0.49355|      1418.4|     -165.88|      711.72|        16|     0.018|
|      1252.5|     0.49846|      1418.4|     -165.88|      711.74|        16|     0.018|
|      1252.5|     0.49817|      1418.4|     -165.88|      711.74|        16|     0.018|
|      1252.5|      0.4984|      1418.4|     -165.88|      711.74|        16|     0.018|
|      1252.5|     0.49831|      1418.4|     -165.88|      711.74|        16|     0.018|
|      1252.5|     0.49841|      1418.4|     -165.88|      711.74|        16|     0.018|
Optimization result:
  message: CONVERGENCE: RELATIVE REDUCTION OF F <= FACTR*EPSMCH
  success: True
   status: 0
      fun: 1252.5292683680823
        x: [-4.605e+00 -2.798e-01 ...  3.401e+00  2.898e+00]
      nit: 5
      jac: [-1.520e-04 -3.096e-04 ... -8.957e+00 -9.965e-05]
     nfev: 19
     njev: 19
 hess_inv: <27x27 LbfgsInvHessProduct with dtype=float64>
|        logP|       dlogP|     y^T.K.y|     log|K| |     Cond(K)|  GPU time|  CPU time|
|------------|------------|------------|------------|------------|----------|----------|
|      6643.1|      2362.9|      7331.7|     -688.57|        1762|        19|     0.017|
|      942.87|      21.003|      1091.4|     -148.57|      475.02|        15|     0.016|
|      942.87|      21.003|      1091.4|     -148.57|      475.05|        16|     0.016|
|      942.86|      21.007|      1091.4|     -148.58|      475.16|        16|     0.017|
|       942.8|      21.019|      1091.4|     -148.63|      475.58|        16|     0.016|
|      942.59|      21.067|      1091.4|     -148.82|      477.31|        16|     0.016|
|      941.74|      21.231|      1091.3|      -149.6|      484.17|        16|     0.016|
|      938.28|      21.385|      1091.4|     -153.16|       510.8|        16|     0.016|
|      926.46|      11.798|      1102.1|     -175.59|      601.53|        16|     0.016|
|      1969.1|      1346.5|        2397|     -427.85|      968.14|        17|     0.016|
|      937.77|      65.684|      1161.1|     -223.35|       705.3|        15|     0.017|
|      925.78|      9.6139|      1104.3|     -178.53|      609.24|        17|     0.016|
|      925.75|      9.5038|      1104.4|     -178.67|      609.59|        17|     0.016|
|      925.58|       12.85|      1123.9|     -198.31|      653.67|        16|     0.016|
|      924.87|      3.9498|      1109.9|     -185.03|       624.9|        12|     0.016|
|      1083.8|      379.27|      1379.9|     -296.14|      845.66|        14|     0.017|
|      924.79|      4.7842|      1117.3|     -192.47|      641.36|        16|     0.016|
|       924.7|      1.1749|      1113.1|     -188.42|      632.55|        14|     0.017|
|      924.68|      1.3279|      1113.8|     -189.13|      634.12|        17|     0.016|
|      924.57|      2.5663|      1115.1|     -190.53|      637.14|        17|     0.017|
|      948.23|      62.059|      1169.6|     -221.41|      684.12|        16|     0.016|
|      924.26|      9.5589|      1120.9|     -196.59|       649.2|        16|     0.017|
|      924.33|      5.5635|      1117.5|      -193.2|       642.7|        16|     0.016|
|      1318.2|      180.57|      1609.4|     -291.14|      758.63|        19|     0.018|
|      932.63|      34.317|      1145.3|     -212.65|      672.53|        15|     0.016|
|      924.23|      8.1463|      1119.6|     -195.42|         647|        17|     0.017|
|      924.16|      8.3428|      1119.8|     -195.69|      647.36|        17|     0.017|
|      924.12|      6.3721|      1118.9|     -194.75|      642.04|        16|     0.016|
|      923.95|      7.4156|      1119.2|      -195.3|         646|        17|     0.017|
|      923.54|      2.8327|      1115.2|     -191.63|      636.77|        17|     0.016|
|      923.44|      2.5654|      1111.2|     -187.78|      629.19|        14|     0.017|
|      923.23|      3.3179|      1110.9|     -187.63|      628.06|        17|     0.016|
|      922.45|      7.0358|      1110.3|     -187.88|      623.56|        17|     0.016|
|      938.54|      52.431|      1133.3|     -194.77|      610.21|        18|     0.017|
|      922.49|      11.398|      1111.3|     -188.81|      620.19|        17|     0.017|
|       922.4|       7.572|      1110.4|     -187.99|      623.03|        17|     0.016|
|      922.37|      8.0675|      1110.5|     -188.09|      622.59|        15|     0.016|
|      922.35|      9.5673|      1110.8|     -188.42|      621.39|        18|     0.017|
|      922.36|      9.8407|      1110.8|     -188.48|      621.19|        18|     0.016|
|      922.35|      9.5671|      1110.8|     -188.42|      621.39|        17|     0.017|
|      922.76|      17.407|      1099.8|     -177.01|      583.52|        18|     0.016|
|      922.03|      10.936|      1108.6|     -186.56|      615.76|        15|     0.017|
|      921.83|      14.575|      1103.5|     -181.66|      599.83|        18|     0.017|
|      921.92|       15.17|      1102.7|     -180.77|      596.81|        14|     0.016|
|      921.85|      14.692|      1103.3|     -181.49|      599.25|        17|     0.017|
|      921.83|      14.575|      1103.5|     -181.66|      599.83|        18|     0.016|
|      1064.5|      199.11|      1258.6|     -194.05|      504.05|        20|     0.018|
|      932.17|      33.273|      1110.3|     -178.12|      571.48|        18|     0.016|
|      922.09|      15.137|      1103.4|     -181.34|       598.4|        15|     0.017|
|      921.85|      14.604|      1103.5|     -181.64|      599.76|        17|     0.016|
|      921.83|      14.576|      1103.5|     -181.66|      599.83|        18|     0.017|
|      921.84|      14.576|      1103.5|     -181.66|      599.82|        17|     0.016|
|      921.83|      14.576|      1103.5|     -181.66|      599.83|        18|     0.017|
Optimization result:
  message: CONVERGENCE: RELATIVE REDUCTION OF F <= FACTR*EPSMCH
  success: True
   status: 0
      fun: 921.8327563391367
        x: [-4.254e+00 -2.037e-01 ...  2.100e+00  2.896e+00]
      nit: 14
      jac: [-1.548e-04  1.001e-04 ... -9.208e+00  7.744e-06]
     nfev: 53
     njev: 53
 hess_inv: <27x27 LbfgsInvHessProduct with dtype=float64>
|        logP|       dlogP|     y^T.K.y|     log|K| |     Cond(K)|  GPU time|  CPU time|
|------------|------------|------------|------------|------------|----------|----------|
|      7039.7|      2514.4|      7734.6|     -694.93|      1575.3|        19|     0.017|
|      1091.5|      14.029|        1247|     -155.45|      487.89|        16|     0.018|
|      1091.5|      14.027|        1247|     -155.45|      487.92|        16|     0.017|
|      1091.5|      14.019|        1247|     -155.46|      488.01|        15|     0.019|
|      1091.5|      13.985|        1247|      -155.5|      488.34|        14|     0.017|
|      1091.3|       13.85|        1247|     -155.65|      489.69|        17|     0.017|
|      1090.7|      13.242|        1247|     -156.26|      495.08|        17|     0.016|
|      1088.3|      9.5389|      1246.4|     -158.04|      516.44|        16|     0.017|
|      1088.3|      9.3727|      1246.4|     -158.14|      517.24|        16|     0.016|
|      1088.2|       9.023|      1246.6|     -158.39|      518.87|        13|     0.017|
|      1087.4|       4.315|        1249|     -161.55|       536.4|        12|     0.016|
|      1087.3|      1.4722|      1250.5|     -163.26|      544.43|        12|     0.017|
|      1087.2|     0.78065|      1251.9|     -164.62|      549.92|        12|     0.016|
|      1087.2|    0.097514|      1251.4|     -164.22|      548.01|        12|     0.016|
Optimization result:
  message: CONVERGENCE: RELATIVE REDUCTION OF F <= FACTR*EPSMCH
  success: True
   status: 0
      fun: 1087.2278427304598
        x: [-4.605e+00 -2.877e-01 ...  1.800e+00  2.896e+00]
      nit: 8
      jac: [-1.522e-05  1.243e-03 ...  4.243e-02 -3.717e-05]
     nfev: 14
     njev: 14
 hess_inv: <27x27 LbfgsInvHessProduct with dtype=float64>
|        logP|       dlogP|     y^T.K.y|     log|K| |     Cond(K)|  GPU time|  CPU time|
|------------|------------|------------|------------|------------|----------|----------|
|      8231.8|      2665.7|        8942|     -710.17|      1566.5|        16|     0.017|
|      1477.5|       3.049|      1664.9|     -187.45|      503.08|        11|     0.017|
|      1477.5|      3.0483|      1664.9|     -187.45|      503.08|        11|     0.017|
|      1477.5|      3.0455|      1664.9|     -187.46|      503.11|        11|     0.017|
|      1477.5|      3.0343|      1664.9|     -187.46|      503.19|        11|     0.017|
|      1477.5|       2.989|        1665|     -187.49|      503.55|        11|     0.016|
|      1477.4|      2.8058|      1665.1|     -187.62|      504.99|        11|     0.016|
|      1477.4|      2.0301|      1665.5|     -188.14|      510.76|        11|     0.017|
|      1477.3|     0.84978|      1667.2|     -189.84|      528.56|        13|     0.016|
|      1477.3|     0.10651|      1666.7|     -189.36|      523.74|        15|     0.017|
Optimization result:
  message: CONVERGENCE: RELATIVE REDUCTION OF F <= FACTR*EPSMCH
  success: True
   status: 0
      fun: 1477.313019494164
        x: [-2.317e+00 -2.843e-01 ... -2.216e+00  2.898e+00]
      nit: 4
      jac: [-3.809e-04 -1.716e-04 ... -1.370e-03 -5.667e-05]
     nfev: 10
     njev: 10
 hess_inv: <27x27 LbfgsInvHessProduct with dtype=float64>
|        logP|       dlogP|     y^T.K.y|     log|K| |     Cond(K)|  GPU time|  CPU time|
|------------|------------|------------|------------|------------|----------|----------|
|      5869.8|      1998.6|      6568.1|     -698.32|      1449.1|        16|     0.017|
|      1060.8|      18.132|      1209.8|     -148.96|       487.9|        11|     0.017|
|      1060.8|      18.129|      1209.8|     -148.96|      487.93|        11|     0.016|
|      1060.8|      18.113|      1209.8|     -148.98|      488.07|        11|     0.016|
|      1060.8|      18.052|      1209.8|     -149.06|      488.57|        11|     0.017|
|      1060.5|        17.8|      1209.9|     -149.37|      490.62|        11|     0.016|
|      1059.7|      16.655|      1210.3|     -150.66|       498.8|        12|     0.017|
|      1056.9|      9.5367|      1213.6|      -156.7|      530.73|        11|     0.017|
|      1066.4|      53.829|      1250.7|     -184.23|      607.25|        11|     0.017|
|      1056.8|      8.9981|      1213.9|     -157.08|      532.46|        11|     0.017|
|      1056.9|      13.048|      1225.9|     -169.01|      574.71|        11|     0.016|
|      1056.1|      2.4868|      1217.3|     -161.21|      549.45|        11|     0.017|
|        1056|      1.6724|      1219.5|     -163.48|      557.63|        11|     0.017|
|        1056|      0.4052|      1218.7|     -162.72|      554.96|        11|     0.017|
|        1056|      0.4113|      1218.7|     -162.71|      554.95|        11|     0.017|
|        1056|     0.44044|      1218.7|      -162.7|      554.89|        12|     0.016|
|      1055.9|     0.60611|      1218.6|     -162.64|      554.68|        15|     0.016|
|      1055.5|     0.53299|      1218.1|     -162.58|      553.82|        15|     0.017|
|      1131.8|      146.37|      1306.7|     -174.86|      550.37|        13|     0.016|
|      1056.7|      6.1233|      1220.4|      -163.7|      552.86|        11|     0.017|
|      1055.5|       0.516|      1218.1|     -162.59|      553.81|        11|     0.016|
|      1055.5|     0.51395|      1218.1|     -162.59|      553.81|        11|     0.017|
|      1055.7|      1.9754|      1218.6|     -162.91|      553.34|        11|     0.017|
|      1055.5|     0.49646|      1218.1|     -162.59|      553.78|        11|     0.017|
|      1055.5|      0.4956|      1218.1|     -162.59|      553.78|        12|     0.016|
|      1055.5|     0.49693|      1218.1|     -162.59|      553.79|        11|     0.017|
|      1055.5|     0.46953|      1218.6|     -163.06|      555.39|        11|     0.017|
Optimization result:
  message: CONVERGENCE: RELATIVE REDUCTION OF F <= FACTR*EPSMCH
  success: True
   status: 0
      fun: 1055.5161649145564
        x: [-2.780e+00 -2.595e-01 ... -1.442e+00  2.898e+00]
      nit: 7
      jac: [-1.935e-05 -2.036e-04 ... -4.796e-02 -5.709e-05]
     nfev: 27
     njev: 27
 hess_inv: <27x27 LbfgsInvHessProduct with dtype=float64>
Running seed: 42
|        logP|       dlogP|     y^T.K.y|     log|K| |     Cond(K)|  GPU time|  CPU time|
|------------|------------|------------|------------|------------|----------|----------|
|      7332.6|      2768.8|      8047.6|     -715.03|      1554.5|        16|     0.017|
|      723.96|      24.035|      855.36|      -131.4|      563.33|        12|     0.017|
|      723.96|      24.035|      855.36|      -131.4|      563.36|        12|     0.017|
|      723.94|      24.036|      855.36|     -131.42|      563.46|        12|     0.018|
|      723.87|      24.038|      855.35|     -131.48|      563.87|        13|     0.017|
|      723.59|      24.041|      855.31|     -131.73|      565.47|        17|     0.018|
|      722.45|      23.971|      855.22|     -132.77|      571.73|        17|     0.018|
|      718.06|      22.207|      855.67|     -137.61|      594.04|        16|     0.018|
|      712.01|      15.654|      881.76|     -169.75|      652.93|        16|     0.017|
|      712.35|      13.089|      860.52|     -148.17|       622.2|        15|     0.018|
|      710.72|      4.7976|         873|     -162.28|      643.81|        15|     0.017|
|      711.74|      10.859|       861.9|     -150.16|      625.91|        14|     0.018|
|      710.67|      3.9467|      872.33|     -161.66|      643.02|        14|     0.017|
|      710.58|     0.96452|      869.88|      -159.3|      639.91|        16|     0.018|
|      710.57|     0.75955|      869.56|     -158.99|      639.49|        16|     0.017|
|      710.51|      1.4426|      868.45|     -157.95|      638.04|        14|     0.018|
|      710.45|      5.2274|      865.55|     -155.09|      633.57|        16|     0.018|
|      710.42|      3.1157|      867.04|     -156.62|      636.09|        13|     0.019|
|       711.8|      9.5358|      865.94|     -154.14|      630.19|        16|     0.017|
|      710.41|      3.1992|      866.97|     -156.56|      635.99|        16|     0.018|
|      710.54|       5.691|      865.53|        -155|      633.11|        15|     0.018|
|       710.4|      3.3585|      866.84|     -156.44|      635.79|        15|     0.018|
|      710.46|      4.7847|      866.23|     -155.77|      634.25|        13|     0.018|
|      710.38|      3.5934|      866.65|     -156.28|       635.5|        15|     0.018|
|      710.36|      3.6178|      866.97|     -156.61|      635.57|        16|     0.018|
|      710.33|      3.5516|      866.71|     -156.38|      635.53|        15|     0.017|
|      710.27|      2.3783|      867.66|     -157.39|      636.86|        15|     0.018|
|      710.22|     0.25632|      869.43|     -159.22|      639.42|        14|     0.018|
|      710.22|     0.29504|      869.51|     -159.29|      639.52|        15|     0.018|
Optimization result:
  message: CONVERGENCE: RELATIVE REDUCTION OF F <= FACTR*EPSMCH
  success: True
   status: 0
      fun: 710.2166027107946
        x: [-3.956e+00 -2.856e-01 ...  3.401e+00  2.897e+00]
      nit: 13
      jac: [ 1.960e-04 -1.380e-03 ... -6.052e+00 -8.377e-05]
     nfev: 29
     njev: 29
 hess_inv: <27x27 LbfgsInvHessProduct with dtype=float64>
|        logP|       dlogP|     y^T.K.y|     log|K| |     Cond(K)|  GPU time|  CPU time|
|------------|------------|------------|------------|------------|----------|----------|
|      7236.9|      2416.3|      7934.1|     -697.15|      1561.1|        19|     0.017|
|      899.29|      23.189|      1072.7|     -173.46|      522.41|        16|     0.018|
|      899.29|      23.191|      1072.7|     -173.46|      522.44|        15|     0.018|
|      899.27|      23.199|      1072.7|     -173.47|      522.52|        12|     0.018|
|      899.21|      23.229|      1072.7|     -173.52|      522.88|        14|     0.018|
|      898.96|      23.348|      1072.7|     -173.72|      524.34|        11|     0.018|
|      897.94|      23.777|      1072.5|     -174.57|      530.14|        13|     0.018|
|      893.76|      24.543|      1072.2|     -178.45|      561.74|        16|     0.018|
|      882.12|      1.1016|      1085.8|     -203.68|      699.43|        16|     0.018|
|      882.11|      1.3345|      1085.1|     -203.03|      696.67|        14|     0.017|
|      881.93|      1.9497|      1084.6|     -202.63|      694.84|        13|     0.018|
|       882.2|       5.468|      1085.3|     -203.07|      687.52|        13|     0.017|
|      881.61|      2.7634|      1083.9|     -202.25|      692.09|        11|     0.018|
|      881.58|      2.8964|      1083.8|     -202.23|       691.6|        16|     0.018|
|      881.57|      2.9056|      1083.8|     -202.23|      691.57|        16|     0.019|
|       881.6|      3.6259|        1084|     -202.42|      689.53|        15|     0.017|
|      881.54|       3.069|      1083.8|     -202.24|      690.98|        13|     0.017|
|      881.54|      3.0799|      1083.8|     -202.25|      690.94|        13|     0.018|
|      881.55|      3.0685|      1083.8|     -202.24|      690.98|        11|     0.017|
|      881.56|      2.1979|      1085.1|     -203.54|      694.06|        16|     0.018|
|      881.52|      2.6718|      1084.2|     -202.68|      692.12|        16|     0.017|
|      881.53|      3.0348|      1087.4|     -205.85|      705.98|        14|     0.017|
|      881.48|      1.2664|      1085.2|      -203.7|       696.6|        14|     0.017|
|      881.48|     0.97209|      1085.7|     -204.24|      698.92|        12|     0.018|
Optimization result:
  message: CONVERGENCE: RELATIVE REDUCTION OF F <= FACTR*EPSMCH
  success: True
   status: 0
      fun: 881.4796847178648
        x: [-4.605e+00 -2.563e-01 ...  3.401e+00  2.897e+00]
      nit: 7
      jac: [-6.219e-06  4.438e-04 ... -8.862e+00 -3.560e-05]
     nfev: 24
     njev: 24
 hess_inv: <27x27 LbfgsInvHessProduct with dtype=float64>
|        logP|       dlogP|     y^T.K.y|     log|K| |     Cond(K)|  GPU time|  CPU time|
|------------|------------|------------|------------|------------|----------|----------|
|      7782.3|      2674.1|      8474.7|      -692.4|      1450.9|        20|     0.017|
|      1118.4|       12.62|      1266.7|     -148.29|      433.53|        16|     0.017|
|      1118.4|      12.619|      1266.7|      -148.3|      433.55|        15|     0.018|
|      1118.4|       12.62|      1266.7|     -148.29|      433.53|        15|     0.017|
|      1118.4|       12.62|      1266.7|     -148.29|      433.53|        13|     0.017|
|      1118.4|       12.62|      1266.7|     -148.29|      433.53|        15|     0.017|
Optimization result:
  message: CONVERGENCE: RELATIVE REDUCTION OF F <= FACTR*EPSMCH
  success: True
   status: 0
      fun: 1118.3741052173175
        x: [-3.265e+00 -2.877e-01 ...  3.401e+00  2.898e+00]
      nit: 2
      jac: [ 1.516e-04  3.949e-04 ... -6.312e+00 -5.951e-05]
     nfev: 6
     njev: 6
 hess_inv: <27x27 LbfgsInvHessProduct with dtype=float64>
|        logP|       dlogP|     y^T.K.y|     log|K| |     Cond(K)|  GPU time|  CPU time|
|------------|------------|------------|------------|------------|----------|----------|
|      6257.9|      2174.5|      6945.3|      -687.4|      1469.9|        19|     0.017|
|      1549.1|      9.4938|      1720.5|     -171.42|      433.44|        16|     0.018|
|      1549.1|      9.4928|      1720.5|     -171.42|      433.46|        16|     0.018|
|      1549.1|      9.4937|      1720.5|     -171.42|      433.44|        15|     0.018|
|      1549.1|      9.4937|      1720.5|     -171.42|      433.44|        16|     0.018|
|      1549.1|      9.4937|      1720.5|     -171.42|      433.44|        14|     0.018|
Optimization result:
  message: CONVERGENCE: RELATIVE REDUCTION OF F <= FACTR*EPSMCH
  success: True
   status: 0
      fun: 1549.0809581664253
        x: [-4.605e+00 -2.877e-01 ...  3.401e+00  2.897e+00]
      nit: 2
      jac: [-9.070e-05  3.113e-04 ... -6.293e+00  4.875e-07]
     nfev: 6
     njev: 6
 hess_inv: <27x27 LbfgsInvHessProduct with dtype=float64>
|        logP|       dlogP|     y^T.K.y|     log|K| |     Cond(K)|  GPU time|  CPU time|
|------------|------------|------------|------------|------------|----------|----------|
|      7119.5|      1912.2|      7825.3|     -705.74|      1445.9|        20|     0.017|
|        1451|      2.9206|      1631.7|     -180.68|       522.4|        16|     0.018|
|        1451|      2.9191|      1631.7|     -180.68|      522.41|        17|     0.017|
|        1451|      2.9131|      1631.7|     -180.69|      522.44|        14|     0.018|
|        1451|      2.8886|      1631.7|      -180.7|       522.5|        17|     0.017|
|        1451|      2.9105|      1631.7|     -180.69|      522.43|        17|     0.018|
|        1451|      2.9131|      1631.7|     -180.69|      522.44|        16|     0.018|
|        1451|      2.9131|      1631.7|     -180.69|      522.44|        17|     0.017|
Optimization result:
  message: CONVERGENCE: RELATIVE REDUCTION OF F <= FACTR*EPSMCH
  success: True
   status: 0
      fun: 1450.9756316095556
        x: [-4.445e+00 -2.877e-01 ...  3.401e+00  2.898e+00]
      nit: 2
      jac: [-1.242e-04  6.691e-04 ... -9.104e+00 -5.446e-05]
     nfev: 8
     njev: 8
 hess_inv: <27x27 LbfgsInvHessProduct with dtype=float64>
Average scores:	 rmse: 11.92±1.29	 r2: 0.13±0.1
Filename: (MG-COUNT)_(MGK_Graph-Matern32_product)_mean_feat_transformerOFF_target_transformerOFF

------------------------------------------------------------
Sender: LSF System <lsfadmin@gpu01>
Subject: Job 899312: <structure_numerical_20260422> in cluster <Hazel> Done

Job <structure_numerical_20260422> was submitted from host <gpu01> by user <sdehgha2> in cluster <Hazel> at Wed Apr 22 09:19:50 2026
Job was executed on host(s) <gpu01>, in queue <gpu>, as user <sdehgha2> in cluster <Hazel> at Wed Apr 22 09:19:50 2026
</home/sdehgha2> was used as the home directory.
</share/ddomlab/sdehgha2/working_space/GP_collab/code_python/training/hpc_submit_training_GP> was used as the working directory.
Started at Wed Apr 22 09:19:50 2026
Terminated at Wed Apr 22 18:47:28 2026
Results reported at Wed Apr 22 18:47:28 2026

Your job looked like:

------------------------------------------------------------
# LSBATCH: User input


#BSUB -n 1
#BSUB -W 20:40
#BSUB -q gpu
#BSUB -gpu "num=1:mode=shared:mps=no"
#BSUB -R "rusage[mem=32GB]"
#BSUB -J "structure_numerical_20260422"
#BSUB -o "/share/ddomlab/sdehgha2/working_space/GP_collab/results/HPC_history/hpc_20260422/Understanding and Designing a High-Performance Ultrafiltration Membrane Using Machine Learning/MGK_product_GPU.out"
#BSUB -e "/share/ddomlab/sdehgha2/working_space/GP_collab/results/HPC_history/hpc_20260422/Understanding and Designing a High-Performance Ultrafiltration Membrane Using Machine Learning/MGK_product_GPU.err"

source ~/.bashrc
module load cuda/12.1
module load gcc/9.3.0
conda activate /usr/local/usrapps/ddomlab/sdehgha2/env12

python ../train_structure_numerical.py  --Kernel_mixing_method product                                         --paper "Understanding and Designing a High-Performance Ultrafiltration Membrane Using Machine Learning"                                         --dataset "cleaned_dataset_Ultrafiltration Membrane"


------------------------------------------------------------

Successfully completed.

Resource usage summary:

    CPU time :                                   33824.24 sec.
    Max Memory :                                 2 GB
    Average Memory :                             1.00 GB
    Total Requested Memory :                     32.00 GB
    Delta Memory :                               30.00 GB
    Max Swap :                                   -
    Max Processes :                              14
    Max Threads :                                20
    Run time :                                   34055 sec.
    Turnaround time :                            34058 sec.

The output (if any) is above this job summary.



PS:

Read file </share/ddomlab/sdehgha2/working_space/GP_collab/results/HPC_history/hpc_20260422/Understanding and Designing a High-Performance Ultrafiltration Membrane Using Machine Learning/MGK_product_GPU.err> for stderr output of this job.

