[Parallel(n_jobs=8)]: Using backend LokyBackend with 8 concurrent workers.
[Parallel(n_jobs=8)]: Done  34 tasks      | elapsed:   27.0s
[Parallel(n_jobs=8)]: Done 318 out of 318 | elapsed:   27.0s finished
[Parallel(n_jobs=4)]: Using backend LokyBackend with 4 concurrent workers.
[Parallel(n_jobs=4)]: Done  11 out of  11 | elapsed:    1.5s finished
[I 2026-04-22 00:07:08,339] A new study created in RDB with name: optuna-study
/gpfs_common/share03/ddomlab/sdehgha2/working_space/GP_collab/code_python/training/MGK_and_tools/mgktools/mgktools/kernels/base.py:225: UserWarning: The distribution is specified by [0.1, 30] and step=1, but the range is not divisible by `step`. It will be replaced with [0.1, 29.1].
  self.unique_name: trial.suggest_float(
/usr/local/usrapps/ddomlab/sdehgha2/env12/lib/python3.12/site-packages/numpy/linalg/_linalg.py:2349: RuntimeWarning: invalid value encountered in slogdet
  sign, logdet = _umath_linalg.slogdet(a, signature=signature)
[W 2026-04-22 00:07:11,652] Trial 0 failed with parameters: {'0:atom_AtomicNumber:kDelta': 1.0, '0:atom_AtomicNumber_list_1:kConv': 0.8, '0:atom_AtomicNumber_list_2:kConv': 0.95, '0:atom_AtomicNumber_list_3:kConv': 0.75, '0:atom_AtomicNumber_list_4:kConv': 0.75, '0:atom_MorganHash:kDelta': 0.9, '0:atom_Ring_count:kDelta': 0.9, '0:atom_RingSize_list:kConv': 0.85, '0:atom_Hcount:kDelta': 0.85, '0:atom_AtomicNumber_count_1:kDelta': 0.9, '0:atom_AtomicNumber_count_2:kDelta': 0.85, '0:atom_Chiral:kDelta': 0.95, '0:bond_Order:kDelta': 0.9, '0:bond_Stereo:kDelta': 0.9, '0:bond_RingStereo:kDelta': 0.9, '0:q:q': 0.5, '1:features_kernel:Matern32': 24.1, '2:features_kernel:Matern32': 12.1, '3:features_kernel:Matern32': 26.1, '4:features_kernel:Matern32': 24.1, '5:features_kernel:Matern32': 1.1, '6:features_kernel:Matern32': 21.1, '7:features_kernel:Matern32': 24.1, '8:features_kernel:Matern32': 22.1, '9:features_kernel:Matern32': 21.1, '10:features_kernel:Matern32': 16.1, '11:features_kernel:Matern32': 3.1, 'alpha': 0.096} because of the following error: ValueError('Input contains NaN.').
Traceback (most recent call last):
  File "/usr/local/usrapps/ddomlab/sdehgha2/env12/lib/python3.12/site-packages/optuna/study/_optimize.py", line 206, in _run_trial
    value_or_values = func(trial)
                      ^^^^^^^^^^^
  File "/gpfs_common/share03/ddomlab/sdehgha2/working_space/GP_collab/code_python/training/MGK_and_tools/mgktools/mgktools/hyperparameters/optuna.py", line 250, in objective
    score = evaluate_model(
            ^^^^^^^^^^^^^^^
  File "/gpfs_common/share03/ddomlab/sdehgha2/working_space/GP_collab/code_python/training/MGK_and_tools/mgktools/mgktools/hyperparameters/optuna.py", line 65, in evaluate_model
    score = evaluator.run_cross_validation()
            ^^^^^^^^^^^^^^^^^^^^^^^^^^^^^^^^
  File "/gpfs_common/share03/ddomlab/sdehgha2/working_space/GP_collab/code_python/training/MGK_and_tools/mgktools/mgktools/evaluators/cross_validation.py", line 170, in run_cross_validation
    df_predict, df_ = self.evaluate_train_test(dataset_train, dataset_test)
                      ^^^^^^^^^^^^^^^^^^^^^^^^^^^^^^^^^^^^^^^^^^^^^^^^^^^^^
  File "/gpfs_common/share03/ddomlab/sdehgha2/working_space/GP_collab/code_python/training/MGK_and_tools/mgktools/mgktools/evaluators/cross_validation.py", line 310, in evaluate_train_test
    v = self.eval_metric(y_true_i[valid_mask], y_pred_i[valid_mask], metric)
        ^^^^^^^^^^^^^^^^^^^^^^^^^^^^^^^^^^^^^^^^^^^^^^^^^^^^^^^^^^^^^^^^^^^^
  File "/gpfs_common/share03/ddomlab/sdehgha2/working_space/GP_collab/code_python/training/MGK_and_tools/mgktools/mgktools/evaluators/cross_validation.py", line 389, in eval_metric
    return metric_regression(y, y_pred, metric)
           ^^^^^^^^^^^^^^^^^^^^^^^^^^^^^^^^^^^^
  File "/gpfs_common/share03/ddomlab/sdehgha2/working_space/GP_collab/code_python/training/MGK_and_tools/mgktools/mgktools/evaluators/metric.py", line 42, in metric_regression
    return root_mean_squared_error(y, y_pred)
           ^^^^^^^^^^^^^^^^^^^^^^^^^^^^^^^^^^
  File "/usr/local/usrapps/ddomlab/sdehgha2/env12/lib/python3.12/site-packages/sklearn/utils/_param_validation.py", line 218, in wrapper
    return func(*args, **kwargs)
           ^^^^^^^^^^^^^^^^^^^^^
  File "/usr/local/usrapps/ddomlab/sdehgha2/env12/lib/python3.12/site-packages/sklearn/metrics/_regression.py", line 666, in root_mean_squared_error
    mean_squared_error(
  File "/usr/local/usrapps/ddomlab/sdehgha2/env12/lib/python3.12/site-packages/sklearn/utils/_param_validation.py", line 191, in wrapper
    return func(*args, **kwargs)
           ^^^^^^^^^^^^^^^^^^^^^
  File "/usr/local/usrapps/ddomlab/sdehgha2/env12/lib/python3.12/site-packages/sklearn/metrics/_regression.py", line 579, in mean_squared_error
    _check_reg_targets_with_floating_dtype(
  File "/usr/local/usrapps/ddomlab/sdehgha2/env12/lib/python3.12/site-packages/sklearn/metrics/_regression.py", line 208, in _check_reg_targets_with_floating_dtype
    y_type, y_true, y_pred, sample_weight, multioutput = _check_reg_targets(
                                                         ^^^^^^^^^^^^^^^^^^^
  File "/usr/local/usrapps/ddomlab/sdehgha2/env12/lib/python3.12/site-packages/sklearn/metrics/_regression.py", line 115, in _check_reg_targets
    y_pred = check_array(y_pred, ensure_2d=False, dtype=dtype)
             ^^^^^^^^^^^^^^^^^^^^^^^^^^^^^^^^^^^^^^^^^^^^^^^^^
  File "/usr/local/usrapps/ddomlab/sdehgha2/env12/lib/python3.12/site-packages/sklearn/utils/validation.py", line 1074, in check_array
    _assert_all_finite(
  File "/usr/local/usrapps/ddomlab/sdehgha2/env12/lib/python3.12/site-packages/sklearn/utils/validation.py", line 133, in _assert_all_finite
    _assert_all_finite_element_wise(
  File "/usr/local/usrapps/ddomlab/sdehgha2/env12/lib/python3.12/site-packages/sklearn/utils/validation.py", line 182, in _assert_all_finite_element_wise
    raise ValueError(msg_err)
ValueError: Input contains NaN.
[W 2026-04-22 00:07:11,804] Trial 0 failed with value None.
Traceback (most recent call last):
  File "/gpfs_common/share03/ddomlab/sdehgha2/working_space/GP_collab/code_python/training/hpc_submit_training_GP/../train_structure_numerical.py", line 98, in <module>
    main_structural_numerical(
  File "/gpfs_common/share03/ddomlab/sdehgha2/working_space/GP_collab/code_python/training/hpc_submit_training_GP/../train_structure_numerical.py", line 49, in main_structural_numerical
    scores, predictions  =   train_regressor(
                             ^^^^^^^^^^^^^^^^
  File "/gpfs_common/share03/ddomlab/sdehgha2/working_space/GP_collab/code_python/training/training_utils_gp_special.py", line 93, in train_regressor
    scores, predictions = _prepare_data(
                          ^^^^^^^^^^^^^^
  File "/gpfs_common/share03/ddomlab/sdehgha2/working_space/GP_collab/code_python/training/training_utils_gp_special.py", line 194, in _prepare_data
    score,predication = run(
                        ^^^^
  File "/gpfs_common/share03/ddomlab/sdehgha2/working_space/GP_collab/code_python/training/training_utils_gp_special.py", line 277, in run
    alpha = bayesian_optimization(
            ^^^^^^^^^^^^^^^^^^^^^^
  File "/gpfs_common/share03/ddomlab/sdehgha2/working_space/GP_collab/code_python/training/MGK_and_tools/mgktools/mgktools/hyperparameters/optuna.py", line 283, in bayesian_optimization
    study.optimize(objective, n_trials=n_to_run)
  File "/usr/local/usrapps/ddomlab/sdehgha2/env12/lib/python3.12/site-packages/optuna/study/study.py", line 490, in optimize
    _optimize(
  File "/usr/local/usrapps/ddomlab/sdehgha2/env12/lib/python3.12/site-packages/optuna/study/_optimize.py", line 68, in _optimize
    _optimize_sequential(
  File "/usr/local/usrapps/ddomlab/sdehgha2/env12/lib/python3.12/site-packages/optuna/study/_optimize.py", line 165, in _optimize_sequential
    frozen_trial_id = _run_trial(study, func, catch)
                      ^^^^^^^^^^^^^^^^^^^^^^^^^^^^^^
  File "/usr/local/usrapps/ddomlab/sdehgha2/env12/lib/python3.12/site-packages/optuna/study/_optimize.py", line 263, in _run_trial
    raise func_err
  File "/usr/local/usrapps/ddomlab/sdehgha2/env12/lib/python3.12/site-packages/optuna/study/_optimize.py", line 206, in _run_trial
    value_or_values = func(trial)
                      ^^^^^^^^^^^
  File "/gpfs_common/share03/ddomlab/sdehgha2/working_space/GP_collab/code_python/training/MGK_and_tools/mgktools/mgktools/hyperparameters/optuna.py", line 250, in objective
    score = evaluate_model(
            ^^^^^^^^^^^^^^^
  File "/gpfs_common/share03/ddomlab/sdehgha2/working_space/GP_collab/code_python/training/MGK_and_tools/mgktools/mgktools/hyperparameters/optuna.py", line 65, in evaluate_model
    score = evaluator.run_cross_validation()
            ^^^^^^^^^^^^^^^^^^^^^^^^^^^^^^^^
  File "/gpfs_common/share03/ddomlab/sdehgha2/working_space/GP_collab/code_python/training/MGK_and_tools/mgktools/mgktools/evaluators/cross_validation.py", line 170, in run_cross_validation
    df_predict, df_ = self.evaluate_train_test(dataset_train, dataset_test)
                      ^^^^^^^^^^^^^^^^^^^^^^^^^^^^^^^^^^^^^^^^^^^^^^^^^^^^^
  File "/gpfs_common/share03/ddomlab/sdehgha2/working_space/GP_collab/code_python/training/MGK_and_tools/mgktools/mgktools/evaluators/cross_validation.py", line 310, in evaluate_train_test
    v = self.eval_metric(y_true_i[valid_mask], y_pred_i[valid_mask], metric)
        ^^^^^^^^^^^^^^^^^^^^^^^^^^^^^^^^^^^^^^^^^^^^^^^^^^^^^^^^^^^^^^^^^^^^
  File "/gpfs_common/share03/ddomlab/sdehgha2/working_space/GP_collab/code_python/training/MGK_and_tools/mgktools/mgktools/evaluators/cross_validation.py", line 389, in eval_metric
    return metric_regression(y, y_pred, metric)
           ^^^^^^^^^^^^^^^^^^^^^^^^^^^^^^^^^^^^
  File "/gpfs_common/share03/ddomlab/sdehgha2/working_space/GP_collab/code_python/training/MGK_and_tools/mgktools/mgktools/evaluators/metric.py", line 42, in metric_regression
    return root_mean_squared_error(y, y_pred)
           ^^^^^^^^^^^^^^^^^^^^^^^^^^^^^^^^^^
  File "/usr/local/usrapps/ddomlab/sdehgha2/env12/lib/python3.12/site-packages/sklearn/utils/_param_validation.py", line 218, in wrapper
    return func(*args, **kwargs)
           ^^^^^^^^^^^^^^^^^^^^^
  File "/usr/local/usrapps/ddomlab/sdehgha2/env12/lib/python3.12/site-packages/sklearn/metrics/_regression.py", line 666, in root_mean_squared_error
    mean_squared_error(
  File "/usr/local/usrapps/ddomlab/sdehgha2/env12/lib/python3.12/site-packages/sklearn/utils/_param_validation.py", line 191, in wrapper
    return func(*args, **kwargs)
           ^^^^^^^^^^^^^^^^^^^^^
  File "/usr/local/usrapps/ddomlab/sdehgha2/env12/lib/python3.12/site-packages/sklearn/metrics/_regression.py", line 579, in mean_squared_error
    _check_reg_targets_with_floating_dtype(
  File "/usr/local/usrapps/ddomlab/sdehgha2/env12/lib/python3.12/site-packages/sklearn/metrics/_regression.py", line 208, in _check_reg_targets_with_floating_dtype
    y_type, y_true, y_pred, sample_weight, multioutput = _check_reg_targets(
                                                         ^^^^^^^^^^^^^^^^^^^
  File "/usr/local/usrapps/ddomlab/sdehgha2/env12/lib/python3.12/site-packages/sklearn/metrics/_regression.py", line 115, in _check_reg_targets
    y_pred = check_array(y_pred, ensure_2d=False, dtype=dtype)
             ^^^^^^^^^^^^^^^^^^^^^^^^^^^^^^^^^^^^^^^^^^^^^^^^^
  File "/usr/local/usrapps/ddomlab/sdehgha2/env12/lib/python3.12/site-packages/sklearn/utils/validation.py", line 1074, in check_array
    _assert_all_finite(
  File "/usr/local/usrapps/ddomlab/sdehgha2/env12/lib/python3.12/site-packages/sklearn/utils/validation.py", line 133, in _assert_all_finite
    _assert_all_finite_element_wise(
  File "/usr/local/usrapps/ddomlab/sdehgha2/env12/lib/python3.12/site-packages/sklearn/utils/validation.py", line 182, in _assert_all_finite_element_wise
    raise ValueError(msg_err)
ValueError: Input contains NaN.
[Parallel(n_jobs=8)]: Using backend LokyBackend with 8 concurrent workers.
[Parallel(n_jobs=8)]: Done  34 tasks      | elapsed:   25.6s
[Parallel(n_jobs=8)]: Done 318 out of 318 | elapsed:   25.6s finished
[Parallel(n_jobs=4)]: Using backend LokyBackend with 4 concurrent workers.
[Parallel(n_jobs=4)]: Done  11 out of  11 | elapsed:    2.0s finished
[I 2026-04-22 09:20:41,446] Using an existing study with name 'optuna-study' instead of creating a new one.
/gpfs_common/share03/ddomlab/sdehgha2/working_space/GP_collab/code_python/training/MGK_and_tools/mgktools/mgktools/kernels/base.py:225: UserWarning: The distribution is specified by [0.1, 30] and step=1, but the range is not divisible by `step`. It will be replaced with [0.1, 29.1].
  self.unique_name: trial.suggest_float(
[I 2026-04-22 09:20:51,950] Trial 1 finished with value: 91.67140795527284 and parameters: {'0:atom_AtomicNumber:kDelta': 1.0, '0:atom_AtomicNumber_list_1:kConv': 0.8, '0:atom_AtomicNumber_list_2:kConv': 0.95, '0:atom_AtomicNumber_list_3:kConv': 0.75, '0:atom_AtomicNumber_list_4:kConv': 0.75, '0:atom_MorganHash:kDelta': 0.9, '0:atom_Ring_count:kDelta': 0.9, '0:atom_RingSize_list:kConv': 0.85, '0:atom_Hcount:kDelta': 0.85, '0:atom_AtomicNumber_count_1:kDelta': 0.9, '0:atom_AtomicNumber_count_2:kDelta': 0.85, '0:atom_Chiral:kDelta': 0.95, '0:bond_Order:kDelta': 0.9, '0:bond_Stereo:kDelta': 0.9, '0:bond_RingStereo:kDelta': 0.9, '0:q:q': 0.5, '1:features_kernel:Matern32': 24.1, '2:features_kernel:Matern32': 12.1, '3:features_kernel:Matern32': 26.1, '4:features_kernel:Matern32': 24.1, '5:features_kernel:Matern32': 1.1, '6:features_kernel:Matern32': 21.1, '7:features_kernel:Matern32': 24.1, '8:features_kernel:Matern32': 22.1, '9:features_kernel:Matern32': 21.1, '10:features_kernel:Matern32': 16.1, '11:features_kernel:Matern32': 3.1, 'alpha': 0.096}. Best is trial 1 with value: 91.67140795527284.
/gpfs_common/share03/ddomlab/sdehgha2/working_space/GP_collab/code_python/training/MGK_and_tools/mgktools/mgktools/kernels/base.py:225: UserWarning: The distribution is specified by [0.1, 30] and step=1, but the range is not divisible by `step`. It will be replaced with [0.1, 29.1].
  self.unique_name: trial.suggest_float(
[I 2026-04-22 09:21:01,591] Trial 2 finished with value: 91.05285787751265 and parameters: {'0:atom_AtomicNumber:kDelta': 0.85, '0:atom_AtomicNumber_list_1:kConv': 0.8, '0:atom_AtomicNumber_list_2:kConv': 0.95, '0:atom_AtomicNumber_list_3:kConv': 1.0, '0:atom_AtomicNumber_list_4:kConv': 0.8, '0:atom_MorganHash:kDelta': 0.95, '0:atom_Ring_count:kDelta': 0.9, '0:atom_RingSize_list:kConv': 0.95, '0:atom_Hcount:kDelta': 1.0, '0:atom_AtomicNumber_count_1:kDelta': 0.85, '0:atom_AtomicNumber_count_2:kDelta': 0.8, '0:atom_Chiral:kDelta': 0.85, '0:bond_Order:kDelta': 0.95, '0:bond_Stereo:kDelta': 0.95, '0:bond_RingStereo:kDelta': 0.85, '0:q:q': 0.5, '1:features_kernel:Matern32': 13.1, '2:features_kernel:Matern32': 11.1, '3:features_kernel:Matern32': 21.1, '4:features_kernel:Matern32': 2.1, '5:features_kernel:Matern32': 11.1, '6:features_kernel:Matern32': 23.1, '7:features_kernel:Matern32': 22.1, '8:features_kernel:Matern32': 8.1, '9:features_kernel:Matern32': 5.1, '10:features_kernel:Matern32': 14.1, '11:features_kernel:Matern32': 10.1, 'alpha': 0.074}. Best is trial 2 with value: 91.05285787751265.
/gpfs_common/share03/ddomlab/sdehgha2/working_space/GP_collab/code_python/training/MGK_and_tools/mgktools/mgktools/kernels/base.py:225: UserWarning: The distribution is specified by [0.1, 30] and step=1, but the range is not divisible by `step`. It will be replaced with [0.1, 29.1].
  self.unique_name: trial.suggest_float(
[I 2026-04-22 09:21:12,743] Trial 3 finished with value: 86.18386692282326 and parameters: {'0:atom_AtomicNumber:kDelta': 0.8, '0:atom_AtomicNumber_list_1:kConv': 0.8, '0:atom_AtomicNumber_list_2:kConv': 1.0, '0:atom_AtomicNumber_list_3:kConv': 0.9, '0:atom_AtomicNumber_list_4:kConv': 1.0, '0:atom_MorganHash:kDelta': 1.0, '0:atom_Ring_count:kDelta': 1.0, '0:atom_RingSize_list:kConv': 0.8, '0:atom_Hcount:kDelta': 0.9, '0:atom_AtomicNumber_count_1:kDelta': 0.85, '0:atom_AtomicNumber_count_2:kDelta': 0.85, '0:atom_Chiral:kDelta': 0.95, '0:bond_Order:kDelta': 0.95, '0:bond_Stereo:kDelta': 0.95, '0:bond_RingStereo:kDelta': 0.75, '0:q:q': 0.36000000000000004, '1:features_kernel:Matern32': 1.1, '2:features_kernel:Matern32': 5.1, '3:features_kernel:Matern32': 27.1, '4:features_kernel:Matern32': 12.1, '5:features_kernel:Matern32': 4.1, '6:features_kernel:Matern32': 20.1, '7:features_kernel:Matern32': 4.1, '8:features_kernel:Matern32': 19.1, '9:features_kernel:Matern32': 7.1, '10:features_kernel:Matern32': 1.1, '11:features_kernel:Matern32': 28.1, 'alpha': 0.007}. Best is trial 3 with value: 86.18386692282326.
/gpfs_common/share03/ddomlab/sdehgha2/working_space/GP_collab/code_python/training/MGK_and_tools/mgktools/mgktools/kernels/base.py:225: UserWarning: The distribution is specified by [0.1, 30] and step=1, but the range is not divisible by `step`. It will be replaced with [0.1, 29.1].
  self.unique_name: trial.suggest_float(
[I 2026-04-22 09:21:25,968] Trial 4 finished with value: 89.60943279427698 and parameters: {'0:atom_AtomicNumber:kDelta': 0.9, '0:atom_AtomicNumber_list_1:kConv': 0.85, '0:atom_AtomicNumber_list_2:kConv': 0.9, '0:atom_AtomicNumber_list_3:kConv': 1.0, '0:atom_AtomicNumber_list_4:kConv': 0.9, '0:atom_MorganHash:kDelta': 0.9, '0:atom_Ring_count:kDelta': 0.75, '0:atom_RingSize_list:kConv': 0.95, '0:atom_Hcount:kDelta': 0.8, '0:atom_AtomicNumber_count_1:kDelta': 0.85, '0:atom_AtomicNumber_count_2:kDelta': 0.75, '0:atom_Chiral:kDelta': 0.8, '0:bond_Order:kDelta': 1.0, '0:bond_Stereo:kDelta': 0.9, '0:bond_RingStereo:kDelta': 0.9, '0:q:q': 0.19, '1:features_kernel:Matern32': 24.1, '2:features_kernel:Matern32': 8.1, '3:features_kernel:Matern32': 3.1, '4:features_kernel:Matern32': 16.1, '5:features_kernel:Matern32': 8.1, '6:features_kernel:Matern32': 23.1, '7:features_kernel:Matern32': 5.1, '8:features_kernel:Matern32': 23.1, '9:features_kernel:Matern32': 18.1, '10:features_kernel:Matern32': 1.1, '11:features_kernel:Matern32': 16.1, 'alpha': 0.067}. Best is trial 3 with value: 86.18386692282326.
/gpfs_common/share03/ddomlab/sdehgha2/working_space/GP_collab/code_python/training/MGK_and_tools/mgktools/mgktools/kernels/base.py:225: UserWarning: The distribution is specified by [0.1, 30] and step=1, but the range is not divisible by `step`. It will be replaced with [0.1, 29.1].
  self.unique_name: trial.suggest_float(
[I 2026-04-22 09:21:37,074] Trial 5 finished with value: 88.96558353404605 and parameters: {'0:atom_AtomicNumber:kDelta': 1.0, '0:atom_AtomicNumber_list_1:kConv': 0.95, '0:atom_AtomicNumber_list_2:kConv': 0.95, '0:atom_AtomicNumber_list_3:kConv': 0.85, '0:atom_AtomicNumber_list_4:kConv': 0.75, '0:atom_MorganHash:kDelta': 0.95, '0:atom_Ring_count:kDelta': 0.75, '0:atom_RingSize_list:kConv': 0.9, '0:atom_Hcount:kDelta': 0.9, '0:atom_AtomicNumber_count_1:kDelta': 0.75, '0:atom_AtomicNumber_count_2:kDelta': 0.75, '0:atom_Chiral:kDelta': 0.9, '0:bond_Order:kDelta': 0.85, '0:bond_Stereo:kDelta': 0.8, '0:bond_RingStereo:kDelta': 0.75, '0:q:q': 0.32, '1:features_kernel:Matern32': 3.1, '2:features_kernel:Matern32': 0.1, '3:features_kernel:Matern32': 8.1, '4:features_kernel:Matern32': 9.1, '5:features_kernel:Matern32': 5.1, '6:features_kernel:Matern32': 2.1, '7:features_kernel:Matern32': 23.1, '8:features_kernel:Matern32': 12.1, '9:features_kernel:Matern32': 7.1, '10:features_kernel:Matern32': 15.1, '11:features_kernel:Matern32': 7.1, 'alpha': 0.08600000000000001}. Best is trial 3 with value: 86.18386692282326.
/gpfs_common/share03/ddomlab/sdehgha2/working_space/GP_collab/code_python/training/MGK_and_tools/mgktools/mgktools/kernels/base.py:225: UserWarning: The distribution is specified by [0.1, 30] and step=1, but the range is not divisible by `step`. It will be replaced with [0.1, 29.1].
  self.unique_name: trial.suggest_float(
[I 2026-04-22 09:21:51,857] Trial 6 finished with value: 90.11898488606981 and parameters: {'0:atom_AtomicNumber:kDelta': 0.85, '0:atom_AtomicNumber_list_1:kConv': 0.9, '0:atom_AtomicNumber_list_2:kConv': 1.0, '0:atom_AtomicNumber_list_3:kConv': 0.85, '0:atom_AtomicNumber_list_4:kConv': 0.8, '0:atom_MorganHash:kDelta': 1.0, '0:atom_Ring_count:kDelta': 0.9, '0:atom_RingSize_list:kConv': 1.0, '0:atom_Hcount:kDelta': 1.0, '0:atom_AtomicNumber_count_1:kDelta': 0.95, '0:atom_AtomicNumber_count_2:kDelta': 0.75, '0:atom_Chiral:kDelta': 0.9, '0:bond_Order:kDelta': 0.8, '0:bond_Stereo:kDelta': 0.75, '0:bond_RingStereo:kDelta': 0.85, '0:q:q': 0.11, '1:features_kernel:Matern32': 22.1, '2:features_kernel:Matern32': 28.1, '3:features_kernel:Matern32': 0.1, '4:features_kernel:Matern32': 7.1, '5:features_kernel:Matern32': 7.1, '6:features_kernel:Matern32': 4.1, '7:features_kernel:Matern32': 28.1, '8:features_kernel:Matern32': 7.1, '9:features_kernel:Matern32': 10.1, '10:features_kernel:Matern32': 1.1, '11:features_kernel:Matern32': 7.1, 'alpha': 0.089}. Best is trial 3 with value: 86.18386692282326.
/gpfs_common/share03/ddomlab/sdehgha2/working_space/GP_collab/code_python/training/MGK_and_tools/mgktools/mgktools/kernels/base.py:225: UserWarning: The distribution is specified by [0.1, 30] and step=1, but the range is not divisible by `step`. It will be replaced with [0.1, 29.1].
  self.unique_name: trial.suggest_float(
[I 2026-04-22 09:22:06,846] Trial 7 finished with value: 92.63376800202265 and parameters: {'0:atom_AtomicNumber:kDelta': 1.0, '0:atom_AtomicNumber_list_1:kConv': 0.9, '0:atom_AtomicNumber_list_2:kConv': 0.8, '0:atom_AtomicNumber_list_3:kConv': 0.75, '0:atom_AtomicNumber_list_4:kConv': 1.0, '0:atom_MorganHash:kDelta': 0.75, '0:atom_Ring_count:kDelta': 0.8, '0:atom_RingSize_list:kConv': 0.9, '0:atom_Hcount:kDelta': 0.8, '0:atom_AtomicNumber_count_1:kDelta': 1.0, '0:atom_AtomicNumber_count_2:kDelta': 0.9, '0:atom_Chiral:kDelta': 0.85, '0:bond_Order:kDelta': 1.0, '0:bond_Stereo:kDelta': 1.0, '0:bond_RingStereo:kDelta': 0.8, '0:q:q': 0.01, '1:features_kernel:Matern32': 20.1, '2:features_kernel:Matern32': 8.1, '3:features_kernel:Matern32': 0.1, '4:features_kernel:Matern32': 2.1, '5:features_kernel:Matern32': 12.1, '6:features_kernel:Matern32': 3.1, '7:features_kernel:Matern32': 6.1, '8:features_kernel:Matern32': 22.1, '9:features_kernel:Matern32': 13.1, '10:features_kernel:Matern32': 3.1, '11:features_kernel:Matern32': 6.1, 'alpha': 0.094}. Best is trial 3 with value: 86.18386692282326.
/gpfs_common/share03/ddomlab/sdehgha2/working_space/GP_collab/code_python/training/MGK_and_tools/mgktools/mgktools/kernels/base.py:225: UserWarning: The distribution is specified by [0.1, 30] and step=1, but the range is not divisible by `step`. It will be replaced with [0.1, 29.1].
  self.unique_name: trial.suggest_float(
[I 2026-04-22 09:22:19,366] Trial 8 finished with value: 86.1316975162297 and parameters: {'0:atom_AtomicNumber:kDelta': 0.75, '0:atom_AtomicNumber_list_1:kConv': 0.9, '0:atom_AtomicNumber_list_2:kConv': 0.9, '0:atom_AtomicNumber_list_3:kConv': 0.95, '0:atom_AtomicNumber_list_4:kConv': 0.9, '0:atom_MorganHash:kDelta': 0.95, '0:atom_Ring_count:kDelta': 0.95, '0:atom_RingSize_list:kConv': 0.9, '0:atom_Hcount:kDelta': 0.8, '0:atom_AtomicNumber_count_1:kDelta': 0.95, '0:atom_AtomicNumber_count_2:kDelta': 0.8, '0:atom_Chiral:kDelta': 1.0, '0:bond_Order:kDelta': 0.9, '0:bond_Stereo:kDelta': 0.75, '0:bond_RingStereo:kDelta': 1.0, '0:q:q': 0.24000000000000002, '1:features_kernel:Matern32': 28.1, '2:features_kernel:Matern32': 1.1, '3:features_kernel:Matern32': 3.1, '4:features_kernel:Matern32': 22.1, '5:features_kernel:Matern32': 1.1, '6:features_kernel:Matern32': 13.1, '7:features_kernel:Matern32': 24.1, '8:features_kernel:Matern32': 12.1, '9:features_kernel:Matern32': 5.1, '10:features_kernel:Matern32': 25.1, '11:features_kernel:Matern32': 3.1, 'alpha': 0.029}. Best is trial 8 with value: 86.1316975162297.
/gpfs_common/share03/ddomlab/sdehgha2/working_space/GP_collab/code_python/training/MGK_and_tools/mgktools/mgktools/kernels/base.py:225: UserWarning: The distribution is specified by [0.1, 30] and step=1, but the range is not divisible by `step`. It will be replaced with [0.1, 29.1].
  self.unique_name: trial.suggest_float(
[I 2026-04-22 09:22:33,356] Trial 9 finished with value: 91.13071328499284 and parameters: {'0:atom_AtomicNumber:kDelta': 0.8, '0:atom_AtomicNumber_list_1:kConv': 0.85, '0:atom_AtomicNumber_list_2:kConv': 0.8, '0:atom_AtomicNumber_list_3:kConv': 1.0, '0:atom_AtomicNumber_list_4:kConv': 0.95, '0:atom_MorganHash:kDelta': 0.95, '0:atom_Ring_count:kDelta': 0.75, '0:atom_RingSize_list:kConv': 0.9, '0:atom_Hcount:kDelta': 1.0, '0:atom_AtomicNumber_count_1:kDelta': 1.0, '0:atom_AtomicNumber_count_2:kDelta': 0.9, '0:atom_Chiral:kDelta': 0.8, '0:bond_Order:kDelta': 0.8, '0:bond_Stereo:kDelta': 0.9, '0:bond_RingStereo:kDelta': 0.95, '0:q:q': 0.16, '1:features_kernel:Matern32': 20.1, '2:features_kernel:Matern32': 15.1, '3:features_kernel:Matern32': 24.1, '4:features_kernel:Matern32': 20.1, '5:features_kernel:Matern32': 27.1, '6:features_kernel:Matern32': 3.1, '7:features_kernel:Matern32': 25.1, '8:features_kernel:Matern32': 28.1, '9:features_kernel:Matern32': 17.1, '10:features_kernel:Matern32': 0.1, '11:features_kernel:Matern32': 1.1, 'alpha': 0.042}. Best is trial 8 with value: 86.1316975162297.
/gpfs_common/share03/ddomlab/sdehgha2/working_space/GP_collab/code_python/training/MGK_and_tools/mgktools/mgktools/kernels/base.py:225: UserWarning: The distribution is specified by [0.1, 30] and step=1, but the range is not divisible by `step`. It will be replaced with [0.1, 29.1].
  self.unique_name: trial.suggest_float(
[I 2026-04-22 09:22:48,438] Trial 10 finished with value: 91.12976805171925 and parameters: {'0:atom_AtomicNumber:kDelta': 0.85, '0:atom_AtomicNumber_list_1:kConv': 0.85, '0:atom_AtomicNumber_list_2:kConv': 0.95, '0:atom_AtomicNumber_list_3:kConv': 0.95, '0:atom_AtomicNumber_list_4:kConv': 0.95, '0:atom_MorganHash:kDelta': 0.85, '0:atom_Ring_count:kDelta': 0.9, '0:atom_RingSize_list:kConv': 0.85, '0:atom_Hcount:kDelta': 0.95, '0:atom_AtomicNumber_count_1:kDelta': 0.9, '0:atom_AtomicNumber_count_2:kDelta': 0.9, '0:atom_Chiral:kDelta': 0.85, '0:bond_Order:kDelta': 0.9, '0:bond_Stereo:kDelta': 1.0, '0:bond_RingStereo:kDelta': 0.9, '0:q:q': 0.06999999999999999, '1:features_kernel:Matern32': 2.1, '2:features_kernel:Matern32': 20.1, '3:features_kernel:Matern32': 10.1, '4:features_kernel:Matern32': 9.1, '5:features_kernel:Matern32': 26.1, '6:features_kernel:Matern32': 25.1, '7:features_kernel:Matern32': 24.1, '8:features_kernel:Matern32': 10.1, '9:features_kernel:Matern32': 19.1, '10:features_kernel:Matern32': 17.1, '11:features_kernel:Matern32': 7.1, 'alpha': 0.059000000000000004}. Best is trial 8 with value: 86.1316975162297.
/gpfs_common/share03/ddomlab/sdehgha2/working_space/GP_collab/code_python/training/MGK_and_tools/mgktools/mgktools/kernels/base.py:225: UserWarning: The distribution is specified by [0.1, 30] and step=1, but the range is not divisible by `step`. It will be replaced with [0.1, 29.1].
  self.unique_name: trial.suggest_float(
[I 2026-04-22 09:23:00,212] Trial 11 finished with value: 86.93181995915924 and parameters: {'0:atom_AtomicNumber:kDelta': 0.75, '0:atom_AtomicNumber_list_1:kConv': 1.0, '0:atom_AtomicNumber_list_2:kConv': 0.75, '0:atom_AtomicNumber_list_3:kConv': 0.9, '0:atom_AtomicNumber_list_4:kConv': 0.85, '0:atom_MorganHash:kDelta': 0.8, '0:atom_Ring_count:kDelta': 1.0, '0:atom_RingSize_list:kConv': 0.75, '0:atom_Hcount:kDelta': 0.75, '0:atom_AtomicNumber_count_1:kDelta': 0.75, '0:atom_AtomicNumber_count_2:kDelta': 1.0, '0:atom_Chiral:kDelta': 1.0, '0:bond_Order:kDelta': 0.75, '0:bond_Stereo:kDelta': 0.8, '0:bond_RingStereo:kDelta': 1.0, '0:q:q': 0.27, '1:features_kernel:Matern32': 28.1, '2:features_kernel:Matern32': 0.1, '3:features_kernel:Matern32': 16.1, '4:features_kernel:Matern32': 29.1, '5:features_kernel:Matern32': 22.1, '6:features_kernel:Matern32': 12.1, '7:features_kernel:Matern32': 12.1, '8:features_kernel:Matern32': 0.1, '9:features_kernel:Matern32': 0.1, '10:features_kernel:Matern32': 29.1, '11:features_kernel:Matern32': 18.1, 'alpha': 0.030000000000000002}. Best is trial 8 with value: 86.1316975162297.
/gpfs_common/share03/ddomlab/sdehgha2/working_space/GP_collab/code_python/training/MGK_and_tools/mgktools/mgktools/kernels/base.py:225: UserWarning: The distribution is specified by [0.1, 30] and step=1, but the range is not divisible by `step`. It will be replaced with [0.1, 29.1].
  self.unique_name: trial.suggest_float(
[I 2026-04-22 09:23:11,399] Trial 12 finished with value: 116.56328622813655 and parameters: {'0:atom_AtomicNumber:kDelta': 0.75, '0:atom_AtomicNumber_list_1:kConv': 0.75, '0:atom_AtomicNumber_list_2:kConv': 0.85, '0:atom_AtomicNumber_list_3:kConv': 0.9, '0:atom_AtomicNumber_list_4:kConv': 1.0, '0:atom_MorganHash:kDelta': 1.0, '0:atom_Ring_count:kDelta': 1.0, '0:atom_RingSize_list:kConv': 0.75, '0:atom_Hcount:kDelta': 0.9, '0:atom_AtomicNumber_count_1:kDelta': 0.8, '0:atom_AtomicNumber_count_2:kDelta': 0.85, '0:atom_Chiral:kDelta': 1.0, '0:bond_Order:kDelta': 0.95, '0:bond_Stereo:kDelta': 0.75, '0:bond_RingStereo:kDelta': 0.75, '0:q:q': 0.36000000000000004, '1:features_kernel:Matern32': 10.1, '2:features_kernel:Matern32': 4.1, '3:features_kernel:Matern32': 18.1, '4:features_kernel:Matern32': 16.1, '5:features_kernel:Matern32': 0.1, '6:features_kernel:Matern32': 15.1, '7:features_kernel:Matern32': 16.1, '8:features_kernel:Matern32': 18.1, '9:features_kernel:Matern32': 29.1, '10:features_kernel:Matern32': 29.1, '11:features_kernel:Matern32': 29.1, 'alpha': 0.001}. Best is trial 8 with value: 86.1316975162297.
/gpfs_common/share03/ddomlab/sdehgha2/working_space/GP_collab/code_python/training/MGK_and_tools/mgktools/mgktools/kernels/base.py:225: UserWarning: The distribution is specified by [0.1, 30] and step=1, but the range is not divisible by `step`. It will be replaced with [0.1, 29.1].
  self.unique_name: trial.suggest_float(
[I 2026-04-22 09:23:22,226] Trial 13 finished with value: 86.07322227289919 and parameters: {'0:atom_AtomicNumber:kDelta': 0.8, '0:atom_AtomicNumber_list_1:kConv': 0.75, '0:atom_AtomicNumber_list_2:kConv': 1.0, '0:atom_AtomicNumber_list_3:kConv': 0.95, '0:atom_AtomicNumber_list_4:kConv': 0.9, '0:atom_MorganHash:kDelta': 1.0, '0:atom_Ring_count:kDelta': 0.95, '0:atom_RingSize_list:kConv': 0.8, '0:atom_Hcount:kDelta': 0.85, '0:atom_AtomicNumber_count_1:kDelta': 0.95, '0:atom_AtomicNumber_count_2:kDelta': 0.8, '0:atom_Chiral:kDelta': 0.95, '0:bond_Order:kDelta': 0.95, '0:bond_Stereo:kDelta': 0.85, '0:bond_RingStereo:kDelta': 1.0, '0:q:q': 0.39, '1:features_kernel:Matern32': 7.1, '2:features_kernel:Matern32': 4.1, '3:features_kernel:Matern32': 29.1, '4:features_kernel:Matern32': 22.1, '5:features_kernel:Matern32': 3.1, '6:features_kernel:Matern32': 13.1, '7:features_kernel:Matern32': 1.1, '8:features_kernel:Matern32': 16.1, '9:features_kernel:Matern32': 0.1, '10:features_kernel:Matern32': 22.1, '11:features_kernel:Matern32': 24.1, 'alpha': 0.011}. Best is trial 13 with value: 86.07322227289919.
/gpfs_common/share03/ddomlab/sdehgha2/working_space/GP_collab/code_python/training/MGK_and_tools/mgktools/mgktools/kernels/base.py:225: UserWarning: The distribution is specified by [0.1, 30] and step=1, but the range is not divisible by `step`. It will be replaced with [0.1, 29.1].
  self.unique_name: trial.suggest_float(
[I 2026-04-22 09:23:33,051] Trial 14 finished with value: 86.54859474328569 and parameters: {'0:atom_AtomicNumber:kDelta': 0.75, '0:atom_AtomicNumber_list_1:kConv': 0.95, '0:atom_AtomicNumber_list_2:kConv': 0.9, '0:atom_AtomicNumber_list_3:kConv': 0.95, '0:atom_AtomicNumber_list_4:kConv': 0.9, '0:atom_MorganHash:kDelta': 0.95, '0:atom_Ring_count:kDelta': 0.95, '0:atom_RingSize_list:kConv': 0.8, '0:atom_Hcount:kDelta': 0.8, '0:atom_AtomicNumber_count_1:kDelta': 0.95, '0:atom_AtomicNumber_count_2:kDelta': 0.8, '0:atom_Chiral:kDelta': 0.95, '0:bond_Order:kDelta': 0.85, '0:bond_Stereo:kDelta': 0.8, '0:bond_RingStereo:kDelta': 1.0, '0:q:q': 0.42000000000000004, '1:features_kernel:Matern32': 8.1, '2:features_kernel:Matern32': 19.1, '3:features_kernel:Matern32': 11.1, '4:features_kernel:Matern32': 23.1, '5:features_kernel:Matern32': 17.1, '6:features_kernel:Matern32': 11.1, '7:features_kernel:Matern32': 15.1, '8:features_kernel:Matern32': 15.1, '9:features_kernel:Matern32': 0.1, '10:features_kernel:Matern32': 25.1, '11:features_kernel:Matern32': 21.1, 'alpha': 0.022000000000000002}. Best is trial 13 with value: 86.07322227289919.
/gpfs_common/share03/ddomlab/sdehgha2/working_space/GP_collab/code_python/training/MGK_and_tools/mgktools/mgktools/kernels/base.py:225: UserWarning: The distribution is specified by [0.1, 30] and step=1, but the range is not divisible by `step`. It will be replaced with [0.1, 29.1].
  self.unique_name: trial.suggest_float(
[I 2026-04-22 09:23:45,190] Trial 15 finished with value: 87.39320398726173 and parameters: {'0:atom_AtomicNumber:kDelta': 0.8, '0:atom_AtomicNumber_list_1:kConv': 0.75, '0:atom_AtomicNumber_list_2:kConv': 0.85, '0:atom_AtomicNumber_list_3:kConv': 0.95, '0:atom_AtomicNumber_list_4:kConv': 0.85, '0:atom_MorganHash:kDelta': 0.85, '0:atom_Ring_count:kDelta': 0.95, '0:atom_RingSize_list:kConv': 0.8, '0:atom_Hcount:kDelta': 0.85, '0:atom_AtomicNumber_count_1:kDelta': 0.95, '0:atom_AtomicNumber_count_2:kDelta': 1.0, '0:atom_Chiral:kDelta': 1.0, '0:bond_Order:kDelta': 0.9, '0:bond_Stereo:kDelta': 0.85, '0:bond_RingStereo:kDelta': 0.95, '0:q:q': 0.24000000000000002, '1:features_kernel:Matern32': 16.1, '2:features_kernel:Matern32': 4.1, '3:features_kernel:Matern32': 29.1, '4:features_kernel:Matern32': 29.1, '5:features_kernel:Matern32': 17.1, '6:features_kernel:Matern32': 8.1, '7:features_kernel:Matern32': 0.1, '8:features_kernel:Matern32': 4.1, '9:features_kernel:Matern32': 3.1, '10:features_kernel:Matern32': 22.1, '11:features_kernel:Matern32': 24.1, 'alpha': 0.019000000000000003}. Best is trial 13 with value: 86.07322227289919.
/gpfs_common/share03/ddomlab/sdehgha2/working_space/GP_collab/code_python/training/MGK_and_tools/mgktools/mgktools/kernels/base.py:225: UserWarning: The distribution is specified by [0.1, 30] and step=1, but the range is not divisible by `step`. It will be replaced with [0.1, 29.1].
  self.unique_name: trial.suggest_float(
[I 2026-04-22 09:23:55,753] Trial 16 finished with value: 117.5337666648307 and parameters: {'0:atom_AtomicNumber:kDelta': 0.9, '0:atom_AtomicNumber_list_1:kConv': 0.95, '0:atom_AtomicNumber_list_2:kConv': 1.0, '0:atom_AtomicNumber_list_3:kConv': 0.95, '0:atom_AtomicNumber_list_4:kConv': 0.9, '0:atom_MorganHash:kDelta': 1.0, '0:atom_Ring_count:kDelta': 0.95, '0:atom_RingSize_list:kConv': 0.85, '0:atom_Hcount:kDelta': 0.75, '0:atom_AtomicNumber_count_1:kDelta': 0.95, '0:atom_AtomicNumber_count_2:kDelta': 0.8, '0:atom_Chiral:kDelta': 0.75, '0:bond_Order:kDelta': 0.95, '0:bond_Stereo:kDelta': 0.85, '0:bond_RingStereo:kDelta': 1.0, '0:q:q': 0.41000000000000003, '1:features_kernel:Matern32': 7.1, '2:features_kernel:Matern32': 0.1, '3:features_kernel:Matern32': 5.1, '4:features_kernel:Matern32': 21.1, '5:features_kernel:Matern32': 0.1, '6:features_kernel:Matern32': 29.1, '7:features_kernel:Matern32': 11.1, '8:features_kernel:Matern32': 16.1, '9:features_kernel:Matern32': 10.1, '10:features_kernel:Matern32': 22.1, '11:features_kernel:Matern32': 12.1, 'alpha': 0.041}. Best is trial 13 with value: 86.07322227289919.
/gpfs_common/share03/ddomlab/sdehgha2/working_space/GP_collab/code_python/training/MGK_and_tools/mgktools/mgktools/kernels/base.py:225: UserWarning: The distribution is specified by [0.1, 30] and step=1, but the range is not divisible by `step`. It will be replaced with [0.1, 29.1].
  self.unique_name: trial.suggest_float(
[I 2026-04-22 09:24:08,087] Trial 17 finished with value: 85.08385475576348 and parameters: {'0:atom_AtomicNumber:kDelta': 0.8, '0:atom_AtomicNumber_list_1:kConv': 0.9, '0:atom_AtomicNumber_list_2:kConv': 0.9, '0:atom_AtomicNumber_list_3:kConv': 0.8, '0:atom_AtomicNumber_list_4:kConv': 0.95, '0:atom_MorganHash:kDelta': 0.9, '0:atom_Ring_count:kDelta': 0.85, '0:atom_RingSize_list:kConv': 0.95, '0:atom_Hcount:kDelta': 0.85, '0:atom_AtomicNumber_count_1:kDelta': 1.0, '0:atom_AtomicNumber_count_2:kDelta': 0.8, '0:atom_Chiral:kDelta': 0.95, '0:bond_Order:kDelta': 1.0, '0:bond_Stereo:kDelta': 0.75, '0:bond_RingStereo:kDelta': 0.95, '0:q:q': 0.27, '1:features_kernel:Matern32': 29.1, '2:features_kernel:Matern32': 7.1, '3:features_kernel:Matern32': 12.1, '4:features_kernel:Matern32': 25.1, '5:features_kernel:Matern32': 4.1, '6:features_kernel:Matern32': 16.1, '7:features_kernel:Matern32': 20.1, '8:features_kernel:Matern32': 12.1, '9:features_kernel:Matern32': 2.1, '10:features_kernel:Matern32': 9.1, '11:features_kernel:Matern32': 24.1, 'alpha': 0.014000000000000002}. Best is trial 17 with value: 85.08385475576348.
/gpfs_common/share03/ddomlab/sdehgha2/working_space/GP_collab/code_python/training/MGK_and_tools/mgktools/mgktools/kernels/base.py:225: UserWarning: The distribution is specified by [0.1, 30] and step=1, but the range is not divisible by `step`. It will be replaced with [0.1, 29.1].
  self.unique_name: trial.suggest_float(
[I 2026-04-22 09:24:19,673] Trial 18 finished with value: 85.59231169186053 and parameters: {'0:atom_AtomicNumber:kDelta': 0.8, '0:atom_AtomicNumber_list_1:kConv': 1.0, '0:atom_AtomicNumber_list_2:kConv': 0.85, '0:atom_AtomicNumber_list_3:kConv': 0.8, '0:atom_AtomicNumber_list_4:kConv': 0.95, '0:atom_MorganHash:kDelta': 0.8, '0:atom_Ring_count:kDelta': 0.85, '0:atom_RingSize_list:kConv': 1.0, '0:atom_Hcount:kDelta': 0.85, '0:atom_AtomicNumber_count_1:kDelta': 1.0, '0:atom_AtomicNumber_count_2:kDelta': 0.95, '0:atom_Chiral:kDelta': 0.95, '0:bond_Order:kDelta': 1.0, '0:bond_Stereo:kDelta': 0.85, '0:bond_RingStereo:kDelta': 0.95, '0:q:q': 0.29000000000000004, '1:features_kernel:Matern32': 15.1, '2:features_kernel:Matern32': 8.1, '3:features_kernel:Matern32': 14.1, '4:features_kernel:Matern32': 25.1, '5:features_kernel:Matern32': 8.1, '6:features_kernel:Matern32': 16.1, '7:features_kernel:Matern32': 19.1, '8:features_kernel:Matern32': 27.1, '9:features_kernel:Matern32': 2.1, '10:features_kernel:Matern32': 8.1, '11:features_kernel:Matern32': 24.1, 'alpha': 0.011}. Best is trial 17 with value: 85.08385475576348.
/gpfs_common/share03/ddomlab/sdehgha2/working_space/GP_collab/code_python/training/MGK_and_tools/mgktools/mgktools/kernels/base.py:225: UserWarning: The distribution is specified by [0.1, 30] and step=1, but the range is not divisible by `step`. It will be replaced with [0.1, 29.1].
  self.unique_name: trial.suggest_float(
[I 2026-04-22 09:24:30,969] Trial 19 finished with value: 87.91530598637107 and parameters: {'0:atom_AtomicNumber:kDelta': 0.95, '0:atom_AtomicNumber_list_1:kConv': 1.0, '0:atom_AtomicNumber_list_2:kConv': 0.8, '0:atom_AtomicNumber_list_3:kConv': 0.8, '0:atom_AtomicNumber_list_4:kConv': 0.95, '0:atom_MorganHash:kDelta': 0.75, '0:atom_Ring_count:kDelta': 0.85, '0:atom_RingSize_list:kConv': 1.0, '0:atom_Hcount:kDelta': 0.95, '0:atom_AtomicNumber_count_1:kDelta': 1.0, '0:atom_AtomicNumber_count_2:kDelta': 0.95, '0:atom_Chiral:kDelta': 0.9, '0:bond_Order:kDelta': 1.0, '0:bond_Stereo:kDelta': 0.8, '0:bond_RingStereo:kDelta': 0.95, '0:q:q': 0.3, '1:features_kernel:Matern32': 16.1, '2:features_kernel:Matern32': 16.1, '3:features_kernel:Matern32': 13.1, '4:features_kernel:Matern32': 26.1, '5:features_kernel:Matern32': 10.1, '6:features_kernel:Matern32': 16.1, '7:features_kernel:Matern32': 19.1, '8:features_kernel:Matern32': 28.1, '9:features_kernel:Matern32': 26.1, '10:features_kernel:Matern32': 7.1, '11:features_kernel:Matern32': 25.1, 'alpha': 0.046}. Best is trial 17 with value: 85.08385475576348.
/gpfs_common/share03/ddomlab/sdehgha2/working_space/GP_collab/code_python/training/MGK_and_tools/mgktools/mgktools/kernels/base.py:225: UserWarning: The distribution is specified by [0.1, 30] and step=1, but the range is not divisible by `step`. It will be replaced with [0.1, 29.1].
  self.unique_name: trial.suggest_float(
[I 2026-04-22 09:24:43,762] Trial 20 finished with value: 87.13857839785624 and parameters: {'0:atom_AtomicNumber:kDelta': 0.8, '0:atom_AtomicNumber_list_1:kConv': 1.0, '0:atom_AtomicNumber_list_2:kConv': 0.85, '0:atom_AtomicNumber_list_3:kConv': 0.8, '0:atom_AtomicNumber_list_4:kConv': 0.95, '0:atom_MorganHash:kDelta': 0.8, '0:atom_Ring_count:kDelta': 0.85, '0:atom_RingSize_list:kConv': 0.95, '0:atom_Hcount:kDelta': 0.85, '0:atom_AtomicNumber_count_1:kDelta': 1.0, '0:atom_AtomicNumber_count_2:kDelta': 0.95, '0:atom_Chiral:kDelta': 0.95, '0:bond_Order:kDelta': 1.0, '0:bond_Stereo:kDelta': 0.75, '0:bond_RingStereo:kDelta': 0.95, '0:q:q': 0.19, '1:features_kernel:Matern32': 13.1, '2:features_kernel:Matern32': 9.1, '3:features_kernel:Matern32': 19.1, '4:features_kernel:Matern32': 18.1, '5:features_kernel:Matern32': 14.1, '6:features_kernel:Matern32': 19.1, '7:features_kernel:Matern32': 18.1, '8:features_kernel:Matern32': 24.1, '9:features_kernel:Matern32': 12.1, '10:features_kernel:Matern32': 9.1, '11:features_kernel:Matern32': 20.1, 'alpha': 0.016}. Best is trial 17 with value: 85.08385475576348.
/gpfs_common/share03/ddomlab/sdehgha2/working_space/GP_collab/code_python/training/MGK_and_tools/mgktools/mgktools/kernels/base.py:225: UserWarning: The distribution is specified by [0.1, 30] and step=1, but the range is not divisible by `step`. It will be replaced with [0.1, 29.1].
  self.unique_name: trial.suggest_float(
[I 2026-04-22 09:24:55,475] Trial 21 finished with value: 84.84793646799517 and parameters: {'0:atom_AtomicNumber:kDelta': 0.9, '0:atom_AtomicNumber_list_1:kConv': 0.95, '0:atom_AtomicNumber_list_2:kConv': 0.75, '0:atom_AtomicNumber_list_3:kConv': 0.8, '0:atom_AtomicNumber_list_4:kConv': 0.95, '0:atom_MorganHash:kDelta': 0.8, '0:atom_Ring_count:kDelta': 0.8, '0:atom_RingSize_list:kConv': 1.0, '0:atom_Hcount:kDelta': 0.95, '0:atom_AtomicNumber_count_1:kDelta': 0.9, '0:atom_AtomicNumber_count_2:kDelta': 0.95, '0:atom_Chiral:kDelta': 0.9, '0:bond_Order:kDelta': 1.0, '0:bond_Stereo:kDelta': 0.95, '0:bond_RingStereo:kDelta': 0.95, '0:q:q': 0.3, '1:features_kernel:Matern32': 18.1, '2:features_kernel:Matern32': 25.1, '3:features_kernel:Matern32': 15.1, '4:features_kernel:Matern32': 26.1, '5:features_kernel:Matern32': 7.1, '6:features_kernel:Matern32': 9.1, '7:features_kernel:Matern32': 29.1, '8:features_kernel:Matern32': 4.1, '9:features_kernel:Matern32': 3.1, '10:features_kernel:Matern32': 9.1, '11:features_kernel:Matern32': 14.1, 'alpha': 0.032}. Best is trial 21 with value: 84.84793646799517.
/gpfs_common/share03/ddomlab/sdehgha2/working_space/GP_collab/code_python/training/MGK_and_tools/mgktools/mgktools/kernels/base.py:225: UserWarning: The distribution is specified by [0.1, 30] and step=1, but the range is not divisible by `step`. It will be replaced with [0.1, 29.1].
  self.unique_name: trial.suggest_float(
[I 2026-04-22 09:25:06,841] Trial 22 finished with value: 84.52556736368383 and parameters: {'0:atom_AtomicNumber:kDelta': 0.9, '0:atom_AtomicNumber_list_1:kConv': 0.95, '0:atom_AtomicNumber_list_2:kConv': 0.75, '0:atom_AtomicNumber_list_3:kConv': 0.8, '0:atom_AtomicNumber_list_4:kConv': 0.95, '0:atom_MorganHash:kDelta': 0.8, '0:atom_Ring_count:kDelta': 0.8, '0:atom_RingSize_list:kConv': 1.0, '0:atom_Hcount:kDelta': 0.95, '0:atom_AtomicNumber_count_1:kDelta': 0.9, '0:atom_AtomicNumber_count_2:kDelta': 0.95, '0:atom_Chiral:kDelta': 0.9, '0:bond_Order:kDelta': 1.0, '0:bond_Stereo:kDelta': 0.95, '0:bond_RingStereo:kDelta': 0.95, '0:q:q': 0.31, '1:features_kernel:Matern32': 17.1, '2:features_kernel:Matern32': 29.1, '3:features_kernel:Matern32': 15.1, '4:features_kernel:Matern32': 26.1, '5:features_kernel:Matern32': 7.1, '6:features_kernel:Matern32': 8.1, '7:features_kernel:Matern32': 29.1, '8:features_kernel:Matern32': 3.1, '9:features_kernel:Matern32': 3.1, '10:features_kernel:Matern32': 9.1, '11:features_kernel:Matern32': 14.1, 'alpha': 0.031}. Best is trial 22 with value: 84.52556736368383.
/gpfs_common/share03/ddomlab/sdehgha2/working_space/GP_collab/code_python/training/MGK_and_tools/mgktools/mgktools/kernels/base.py:225: UserWarning: The distribution is specified by [0.1, 30] and step=1, but the range is not divisible by `step`. It will be replaced with [0.1, 29.1].
  self.unique_name: trial.suggest_float(
[I 2026-04-22 09:25:18,093] Trial 23 finished with value: 84.16842293147607 and parameters: {'0:atom_AtomicNumber:kDelta': 0.95, '0:atom_AtomicNumber_list_1:kConv': 0.95, '0:atom_AtomicNumber_list_2:kConv': 0.75, '0:atom_AtomicNumber_list_3:kConv': 0.8, '0:atom_AtomicNumber_list_4:kConv': 1.0, '0:atom_MorganHash:kDelta': 0.85, '0:atom_Ring_count:kDelta': 0.8, '0:atom_RingSize_list:kConv': 1.0, '0:atom_Hcount:kDelta': 0.95, '0:atom_AtomicNumber_count_1:kDelta': 0.9, '0:atom_AtomicNumber_count_2:kDelta': 0.95, '0:atom_Chiral:kDelta': 0.9, '0:bond_Order:kDelta': 1.0, '0:bond_Stereo:kDelta': 0.95, '0:bond_RingStereo:kDelta': 0.9, '0:q:q': 0.33, '1:features_kernel:Matern32': 18.1, '2:features_kernel:Matern32': 29.1, '3:features_kernel:Matern32': 16.1, '4:features_kernel:Matern32': 27.1, '5:features_kernel:Matern32': 6.1, '6:features_kernel:Matern32': 8.1, '7:features_kernel:Matern32': 29.1, '8:features_kernel:Matern32': 2.1, '9:features_kernel:Matern32': 4.1, '10:features_kernel:Matern32': 11.1, '11:features_kernel:Matern32': 14.1, 'alpha': 0.032}. Best is trial 23 with value: 84.16842293147607.
/gpfs_common/share03/ddomlab/sdehgha2/working_space/GP_collab/code_python/training/MGK_and_tools/mgktools/mgktools/kernels/base.py:225: UserWarning: The distribution is specified by [0.1, 30] and step=1, but the range is not divisible by `step`. It will be replaced with [0.1, 29.1].
  self.unique_name: trial.suggest_float(
[I 2026-04-22 09:25:29,509] Trial 24 finished with value: 84.154180277633 and parameters: {'0:atom_AtomicNumber:kDelta': 0.95, '0:atom_AtomicNumber_list_1:kConv': 0.95, '0:atom_AtomicNumber_list_2:kConv': 0.75, '0:atom_AtomicNumber_list_3:kConv': 0.75, '0:atom_AtomicNumber_list_4:kConv': 1.0, '0:atom_MorganHash:kDelta': 0.85, '0:atom_Ring_count:kDelta': 0.8, '0:atom_RingSize_list:kConv': 1.0, '0:atom_Hcount:kDelta': 0.95, '0:atom_AtomicNumber_count_1:kDelta': 0.9, '0:atom_AtomicNumber_count_2:kDelta': 0.95, '0:atom_Chiral:kDelta': 0.9, '0:bond_Order:kDelta': 0.95, '0:bond_Stereo:kDelta': 0.95, '0:bond_RingStereo:kDelta': 0.9, '0:q:q': 0.34, '1:features_kernel:Matern32': 18.1, '2:features_kernel:Matern32': 29.1, '3:features_kernel:Matern32': 16.1, '4:features_kernel:Matern32': 27.1, '5:features_kernel:Matern32': 7.1, '6:features_kernel:Matern32': 7.1, '7:features_kernel:Matern32': 29.1, '8:features_kernel:Matern32': 2.1, '9:features_kernel:Matern32': 8.1, '10:features_kernel:Matern32': 12.1, '11:features_kernel:Matern32': 13.1, 'alpha': 0.031}. Best is trial 24 with value: 84.154180277633.
/gpfs_common/share03/ddomlab/sdehgha2/working_space/GP_collab/code_python/training/MGK_and_tools/mgktools/mgktools/kernels/base.py:225: UserWarning: The distribution is specified by [0.1, 30] and step=1, but the range is not divisible by `step`. It will be replaced with [0.1, 29.1].
  self.unique_name: trial.suggest_float(
[I 2026-04-22 09:25:41,488] Trial 25 finished with value: 85.0250175642928 and parameters: {'0:atom_AtomicNumber:kDelta': 0.95, '0:atom_AtomicNumber_list_1:kConv': 0.95, '0:atom_AtomicNumber_list_2:kConv': 0.75, '0:atom_AtomicNumber_list_3:kConv': 0.75, '0:atom_AtomicNumber_list_4:kConv': 1.0, '0:atom_MorganHash:kDelta': 0.85, '0:atom_Ring_count:kDelta': 0.8, '0:atom_RingSize_list:kConv': 1.0, '0:atom_Hcount:kDelta': 0.95, '0:atom_AtomicNumber_count_1:kDelta': 0.9, '0:atom_AtomicNumber_count_2:kDelta': 1.0, '0:atom_Chiral:kDelta': 0.9, '0:bond_Order:kDelta': 0.95, '0:bond_Stereo:kDelta': 0.95, '0:bond_RingStereo:kDelta': 0.85, '0:q:q': 0.36000000000000004, '1:features_kernel:Matern32': 18.1, '2:features_kernel:Matern32': 28.1, '3:features_kernel:Matern32': 21.1, '4:features_kernel:Matern32': 28.1, '5:features_kernel:Matern32': 14.1, '6:features_kernel:Matern32': 6.1, '7:features_kernel:Matern32': 27.1, '8:features_kernel:Matern32': 0.1, '9:features_kernel:Matern32': 8.1, '10:features_kernel:Matern32': 12.1, '11:features_kernel:Matern32': 11.1, 'alpha': 0.055}. Best is trial 24 with value: 84.154180277633.
/gpfs_common/share03/ddomlab/sdehgha2/working_space/GP_collab/code_python/training/MGK_and_tools/mgktools/mgktools/kernels/base.py:225: UserWarning: The distribution is specified by [0.1, 30] and step=1, but the range is not divisible by `step`. It will be replaced with [0.1, 29.1].
  self.unique_name: trial.suggest_float(
[I 2026-04-22 09:25:52,284] Trial 26 finished with value: 151.76209231057783 and parameters: {'0:atom_AtomicNumber:kDelta': 0.95, '0:atom_AtomicNumber_list_1:kConv': 0.95, '0:atom_AtomicNumber_list_2:kConv': 0.75, '0:atom_AtomicNumber_list_3:kConv': 0.75, '0:atom_AtomicNumber_list_4:kConv': 1.0, '0:atom_MorganHash:kDelta': 0.85, '0:atom_Ring_count:kDelta': 0.8, '0:atom_RingSize_list:kConv': 0.95, '0:atom_Hcount:kDelta': 0.95, '0:atom_AtomicNumber_count_1:kDelta': 0.8, '0:atom_AtomicNumber_count_2:kDelta': 0.95, '0:atom_Chiral:kDelta': 0.85, '0:bond_Order:kDelta': 0.95, '0:bond_Stereo:kDelta': 1.0, '0:bond_RingStereo:kDelta': 0.9, '0:q:q': 0.44, '1:features_kernel:Matern32': 11.1, '2:features_kernel:Matern32': 24.1, '3:features_kernel:Matern32': 18.1, '4:features_kernel:Matern32': 27.1, '5:features_kernel:Matern32': 10.1, '6:features_kernel:Matern32': 0.1, '7:features_kernel:Matern32': 27.1, '8:features_kernel:Matern32': 3.1, '9:features_kernel:Matern32': 5.1, '10:features_kernel:Matern32': 5.1, '11:features_kernel:Matern32': 15.1, 'alpha': 0.037000000000000005}. Best is trial 24 with value: 84.154180277633.
/gpfs_common/share03/ddomlab/sdehgha2/working_space/GP_collab/code_python/training/MGK_and_tools/mgktools/mgktools/kernels/base.py:225: UserWarning: The distribution is specified by [0.1, 30] and step=1, but the range is not divisible by `step`. It will be replaced with [0.1, 29.1].
  self.unique_name: trial.suggest_float(
[I 2026-04-22 09:26:03,977] Trial 27 finished with value: 84.26594225710654 and parameters: {'0:atom_AtomicNumber:kDelta': 0.95, '0:atom_AtomicNumber_list_1:kConv': 1.0, '0:atom_AtomicNumber_list_2:kConv': 0.8, '0:atom_AtomicNumber_list_3:kConv': 0.85, '0:atom_AtomicNumber_list_4:kConv': 1.0, '0:atom_MorganHash:kDelta': 0.8, '0:atom_Ring_count:kDelta': 0.8, '0:atom_RingSize_list:kConv': 1.0, '0:atom_Hcount:kDelta': 1.0, '0:atom_AtomicNumber_count_1:kDelta': 0.9, '0:atom_AtomicNumber_count_2:kDelta': 1.0, '0:atom_Chiral:kDelta': 0.8, '0:bond_Order:kDelta': 1.0, '0:bond_Stereo:kDelta': 0.95, '0:bond_RingStereo:kDelta': 0.9, '0:q:q': 0.34, '1:features_kernel:Matern32': 19.1, '2:features_kernel:Matern32': 29.1, '3:features_kernel:Matern32': 8.1, '4:features_kernel:Matern32': 19.1, '5:features_kernel:Matern32': 6.1, '6:features_kernel:Matern32': 8.1, '7:features_kernel:Matern32': 29.1, '8:features_kernel:Matern32': 2.1, '9:features_kernel:Matern32': 10.1, '10:features_kernel:Matern32': 12.1, '11:features_kernel:Matern32': 13.1, 'alpha': 0.049}. Best is trial 24 with value: 84.154180277633.
/gpfs_common/share03/ddomlab/sdehgha2/working_space/GP_collab/code_python/training/MGK_and_tools/mgktools/mgktools/kernels/base.py:225: UserWarning: The distribution is specified by [0.1, 30] and step=1, but the range is not divisible by `step`. It will be replaced with [0.1, 29.1].
  self.unique_name: trial.suggest_float(
[I 2026-04-22 09:26:15,156] Trial 28 finished with value: 86.46861766742467 and parameters: {'0:atom_AtomicNumber:kDelta': 0.95, '0:atom_AtomicNumber_list_1:kConv': 1.0, '0:atom_AtomicNumber_list_2:kConv': 0.8, '0:atom_AtomicNumber_list_3:kConv': 0.85, '0:atom_AtomicNumber_list_4:kConv': 1.0, '0:atom_MorganHash:kDelta': 0.75, '0:atom_Ring_count:kDelta': 0.75, '0:atom_RingSize_list:kConv': 0.95, '0:atom_Hcount:kDelta': 1.0, '0:atom_AtomicNumber_count_1:kDelta': 0.85, '0:atom_AtomicNumber_count_2:kDelta': 1.0, '0:atom_Chiral:kDelta': 0.8, '0:bond_Order:kDelta': 0.95, '0:bond_Stereo:kDelta': 1.0, '0:bond_RingStereo:kDelta': 0.8, '0:q:q': 0.34, '1:features_kernel:Matern32': 24.1, '2:features_kernel:Matern32': 24.1, '3:features_kernel:Matern32': 8.1, '4:features_kernel:Matern32': 19.1, '5:features_kernel:Matern32': 17.1, '6:features_kernel:Matern32': 6.1, '7:features_kernel:Matern32': 26.1, '8:features_kernel:Matern32': 6.1, '9:features_kernel:Matern32': 15.1, '10:features_kernel:Matern32': 12.1, '11:features_kernel:Matern32': 17.1, 'alpha': 0.051000000000000004}. Best is trial 24 with value: 84.154180277633.
/gpfs_common/share03/ddomlab/sdehgha2/working_space/GP_collab/code_python/training/MGK_and_tools/mgktools/mgktools/kernels/base.py:225: UserWarning: The distribution is specified by [0.1, 30] and step=1, but the range is not divisible by `step`. It will be replaced with [0.1, 29.1].
  self.unique_name: trial.suggest_float(
[I 2026-04-22 09:26:25,663] Trial 29 finished with value: 84.92092424258797 and parameters: {'0:atom_AtomicNumber:kDelta': 0.95, '0:atom_AtomicNumber_list_1:kConv': 1.0, '0:atom_AtomicNumber_list_2:kConv': 0.8, '0:atom_AtomicNumber_list_3:kConv': 0.85, '0:atom_AtomicNumber_list_4:kConv': 1.0, '0:atom_MorganHash:kDelta': 0.85, '0:atom_Ring_count:kDelta': 0.8, '0:atom_RingSize_list:kConv': 1.0, '0:atom_Hcount:kDelta': 1.0, '0:atom_AtomicNumber_count_1:kDelta': 0.8, '0:atom_AtomicNumber_count_2:kDelta': 1.0, '0:atom_Chiral:kDelta': 0.75, '0:bond_Order:kDelta': 1.0, '0:bond_Stereo:kDelta': 0.9, '0:bond_RingStereo:kDelta': 0.9, '0:q:q': 0.45, '1:features_kernel:Matern32': 21.1, '2:features_kernel:Matern32': 26.1, '3:features_kernel:Matern32': 9.1, '4:features_kernel:Matern32': 14.1, '5:features_kernel:Matern32': 5.1, '6:features_kernel:Matern32': 10.1, '7:features_kernel:Matern32': 21.1, '8:features_kernel:Matern32': 0.1, '9:features_kernel:Matern32': 9.1, '10:features_kernel:Matern32': 12.1, '11:features_kernel:Matern32': 12.1, 'alpha': 0.062}. Best is trial 24 with value: 84.154180277633.
/gpfs_common/share03/ddomlab/sdehgha2/working_space/GP_collab/code_python/training/MGK_and_tools/mgktools/mgktools/kernels/base.py:225: UserWarning: The distribution is specified by [0.1, 30] and step=1, but the range is not divisible by `step`. It will be replaced with [0.1, 29.1].
  self.unique_name: trial.suggest_float(
[I 2026-04-22 09:26:36,216] Trial 30 finished with value: 83.34745689853642 and parameters: {'0:atom_AtomicNumber:kDelta': 1.0, '0:atom_AtomicNumber_list_1:kConv': 0.9, '0:atom_AtomicNumber_list_2:kConv': 0.75, '0:atom_AtomicNumber_list_3:kConv': 0.75, '0:atom_AtomicNumber_list_4:kConv': 1.0, '0:atom_MorganHash:kDelta': 0.9, '0:atom_Ring_count:kDelta': 0.75, '0:atom_RingSize_list:kConv': 1.0, '0:atom_Hcount:kDelta': 0.9, '0:atom_AtomicNumber_count_1:kDelta': 0.9, '0:atom_AtomicNumber_count_2:kDelta': 0.9, '0:atom_Chiral:kDelta': 0.8, '0:bond_Order:kDelta': 0.9, '0:bond_Stereo:kDelta': 0.9, '0:bond_RingStereo:kDelta': 0.85, '0:q:q': 0.39, '1:features_kernel:Matern32': 26.1, '2:features_kernel:Matern32': 21.1, '3:features_kernel:Matern32': 22.1, '4:features_kernel:Matern32': 24.1, '5:features_kernel:Matern32': 2.1, '6:features_kernel:Matern32': 6.1, '7:features_kernel:Matern32': 29.1, '8:features_kernel:Matern32': 2.1, '9:features_kernel:Matern32': 12.1, '10:features_kernel:Matern32': 18.1, '11:features_kernel:Matern32': 10.1, 'alpha': 0.022000000000000002}. Best is trial 30 with value: 83.34745689853642.
/gpfs_common/share03/ddomlab/sdehgha2/working_space/GP_collab/code_python/training/MGK_and_tools/mgktools/mgktools/kernels/base.py:225: UserWarning: The distribution is specified by [0.1, 30] and step=1, but the range is not divisible by `step`. It will be replaced with [0.1, 29.1].
  self.unique_name: trial.suggest_float(
[I 2026-04-22 09:26:46,341] Trial 31 finished with value: 83.3667244814825 and parameters: {'0:atom_AtomicNumber:kDelta': 1.0, '0:atom_AtomicNumber_list_1:kConv': 0.9, '0:atom_AtomicNumber_list_2:kConv': 0.75, '0:atom_AtomicNumber_list_3:kConv': 0.75, '0:atom_AtomicNumber_list_4:kConv': 1.0, '0:atom_MorganHash:kDelta': 0.9, '0:atom_Ring_count:kDelta': 0.75, '0:atom_RingSize_list:kConv': 0.95, '0:atom_Hcount:kDelta': 0.9, '0:atom_AtomicNumber_count_1:kDelta': 0.9, '0:atom_AtomicNumber_count_2:kDelta': 0.9, '0:atom_Chiral:kDelta': 0.85, '0:bond_Order:kDelta': 0.9, '0:bond_Stereo:kDelta': 0.9, '0:bond_RingStereo:kDelta': 0.8, '0:q:q': 0.47000000000000003, '1:features_kernel:Matern32': 26.1, '2:features_kernel:Matern32': 21.1, '3:features_kernel:Matern32': 24.1, '4:features_kernel:Matern32': 24.1, '5:features_kernel:Matern32': 2.1, '6:features_kernel:Matern32': 5.1, '7:features_kernel:Matern32': 26.1, '8:features_kernel:Matern32': 6.1, '9:features_kernel:Matern32': 16.1, '10:features_kernel:Matern32': 18.1, '11:features_kernel:Matern32': 9.1, 'alpha': 0.027000000000000003}. Best is trial 30 with value: 83.34745689853642.
/gpfs_common/share03/ddomlab/sdehgha2/working_space/GP_collab/code_python/training/MGK_and_tools/mgktools/mgktools/kernels/base.py:225: UserWarning: The distribution is specified by [0.1, 30] and step=1, but the range is not divisible by `step`. It will be replaced with [0.1, 29.1].
  self.unique_name: trial.suggest_float(
[I 2026-04-22 09:26:56,254] Trial 32 finished with value: 83.40959732479591 and parameters: {'0:atom_AtomicNumber:kDelta': 1.0, '0:atom_AtomicNumber_list_1:kConv': 0.9, '0:atom_AtomicNumber_list_2:kConv': 0.75, '0:atom_AtomicNumber_list_3:kConv': 0.75, '0:atom_AtomicNumber_list_4:kConv': 1.0, '0:atom_MorganHash:kDelta': 0.9, '0:atom_Ring_count:kDelta': 0.75, '0:atom_RingSize_list:kConv': 0.95, '0:atom_Hcount:kDelta': 0.9, '0:atom_AtomicNumber_count_1:kDelta': 0.9, '0:atom_AtomicNumber_count_2:kDelta': 0.9, '0:atom_Chiral:kDelta': 0.85, '0:bond_Order:kDelta': 0.9, '0:bond_Stereo:kDelta': 0.9, '0:bond_RingStereo:kDelta': 0.8, '0:q:q': 0.47000000000000003, '1:features_kernel:Matern32': 23.1, '2:features_kernel:Matern32': 21.1, '3:features_kernel:Matern32': 25.1, '4:features_kernel:Matern32': 23.1, '5:features_kernel:Matern32': 2.1, '6:features_kernel:Matern32': 5.1, '7:features_kernel:Matern32': 26.1, '8:features_kernel:Matern32': 6.1, '9:features_kernel:Matern32': 14.1, '10:features_kernel:Matern32': 18.1, '11:features_kernel:Matern32': 9.1, 'alpha': 0.023}. Best is trial 30 with value: 83.34745689853642.
/gpfs_common/share03/ddomlab/sdehgha2/working_space/GP_collab/code_python/training/MGK_and_tools/mgktools/mgktools/kernels/base.py:225: UserWarning: The distribution is specified by [0.1, 30] and step=1, but the range is not divisible by `step`. It will be replaced with [0.1, 29.1].
  self.unique_name: trial.suggest_float(
[I 2026-04-22 09:27:05,973] Trial 33 finished with value: 83.3876860270391 and parameters: {'0:atom_AtomicNumber:kDelta': 1.0, '0:atom_AtomicNumber_list_1:kConv': 0.9, '0:atom_AtomicNumber_list_2:kConv': 0.75, '0:atom_AtomicNumber_list_3:kConv': 0.75, '0:atom_AtomicNumber_list_4:kConv': 1.0, '0:atom_MorganHash:kDelta': 0.9, '0:atom_Ring_count:kDelta': 0.75, '0:atom_RingSize_list:kConv': 0.95, '0:atom_Hcount:kDelta': 0.9, '0:atom_AtomicNumber_count_1:kDelta': 0.85, '0:atom_AtomicNumber_count_2:kDelta': 0.9, '0:atom_Chiral:kDelta': 0.85, '0:bond_Order:kDelta': 0.85, '0:bond_Stereo:kDelta': 0.9, '0:bond_RingStereo:kDelta': 0.8, '0:q:q': 0.49, '1:features_kernel:Matern32': 26.1, '2:features_kernel:Matern32': 21.1, '3:features_kernel:Matern32': 24.1, '4:features_kernel:Matern32': 24.1, '5:features_kernel:Matern32': 2.1, '6:features_kernel:Matern32': 5.1, '7:features_kernel:Matern32': 26.1, '8:features_kernel:Matern32': 6.1, '9:features_kernel:Matern32': 15.1, '10:features_kernel:Matern32': 18.1, '11:features_kernel:Matern32': 9.1, 'alpha': 0.024}. Best is trial 30 with value: 83.34745689853642.
/gpfs_common/share03/ddomlab/sdehgha2/working_space/GP_collab/code_python/training/MGK_and_tools/mgktools/mgktools/kernels/base.py:225: UserWarning: The distribution is specified by [0.1, 30] and step=1, but the range is not divisible by `step`. It will be replaced with [0.1, 29.1].
  self.unique_name: trial.suggest_float(
[I 2026-04-22 09:27:16,052] Trial 34 finished with value: 151.77209158237056 and parameters: {'0:atom_AtomicNumber:kDelta': 1.0, '0:atom_AtomicNumber_list_1:kConv': 0.9, '0:atom_AtomicNumber_list_2:kConv': 0.75, '0:atom_AtomicNumber_list_3:kConv': 0.75, '0:atom_AtomicNumber_list_4:kConv': 1.0, '0:atom_MorganHash:kDelta': 0.9, '0:atom_Ring_count:kDelta': 0.75, '0:atom_RingSize_list:kConv': 0.95, '0:atom_Hcount:kDelta': 0.9, '0:atom_AtomicNumber_count_1:kDelta': 0.85, '0:atom_AtomicNumber_count_2:kDelta': 0.9, '0:atom_Chiral:kDelta': 0.85, '0:bond_Order:kDelta': 0.85, '0:bond_Stereo:kDelta': 0.9, '0:bond_RingStereo:kDelta': 0.8, '0:q:q': 0.48000000000000004, '1:features_kernel:Matern32': 26.1, '2:features_kernel:Matern32': 21.1, '3:features_kernel:Matern32': 25.1, '4:features_kernel:Matern32': 24.1, '5:features_kernel:Matern32': 2.1, '6:features_kernel:Matern32': 0.1, '7:features_kernel:Matern32': 22.1, '8:features_kernel:Matern32': 9.1, '9:features_kernel:Matern32': 21.1, '10:features_kernel:Matern32': 18.1, '11:features_kernel:Matern32': 9.1, 'alpha': 0.024}. Best is trial 30 with value: 83.34745689853642.
/gpfs_common/share03/ddomlab/sdehgha2/working_space/GP_collab/code_python/training/MGK_and_tools/mgktools/mgktools/kernels/base.py:225: UserWarning: The distribution is specified by [0.1, 30] and step=1, but the range is not divisible by `step`. It will be replaced with [0.1, 29.1].
  self.unique_name: trial.suggest_float(
[I 2026-04-22 09:27:25,727] Trial 35 finished with value: 83.40556829711998 and parameters: {'0:atom_AtomicNumber:kDelta': 1.0, '0:atom_AtomicNumber_list_1:kConv': 0.85, '0:atom_AtomicNumber_list_2:kConv': 0.8, '0:atom_AtomicNumber_list_3:kConv': 0.75, '0:atom_AtomicNumber_list_4:kConv': 1.0, '0:atom_MorganHash:kDelta': 0.9, '0:atom_Ring_count:kDelta': 0.75, '0:atom_RingSize_list:kConv': 0.95, '0:atom_Hcount:kDelta': 0.9, '0:atom_AtomicNumber_count_1:kDelta': 0.85, '0:atom_AtomicNumber_count_2:kDelta': 0.85, '0:atom_Chiral:kDelta': 0.8, '0:bond_Order:kDelta': 0.85, '0:bond_Stereo:kDelta': 0.9, '0:bond_RingStereo:kDelta': 0.8, '0:q:q': 0.5, '1:features_kernel:Matern32': 25.1, '2:features_kernel:Matern32': 18.1, '3:features_kernel:Matern32': 23.1, '4:features_kernel:Matern32': 23.1, '5:features_kernel:Matern32': 2.1, '6:features_kernel:Matern32': 5.1, '7:features_kernel:Matern32': 26.1, '8:features_kernel:Matern32': 6.1, '9:features_kernel:Matern32': 15.1, '10:features_kernel:Matern32': 19.1, '11:features_kernel:Matern32': 9.1, 'alpha': 0.023}. Best is trial 30 with value: 83.34745689853642.
/gpfs_common/share03/ddomlab/sdehgha2/working_space/GP_collab/code_python/training/MGK_and_tools/mgktools/mgktools/kernels/base.py:225: UserWarning: The distribution is specified by [0.1, 30] and step=1, but the range is not divisible by `step`. It will be replaced with [0.1, 29.1].
  self.unique_name: trial.suggest_float(
[I 2026-04-22 09:27:35,303] Trial 36 finished with value: 91.23356847630481 and parameters: {'0:atom_AtomicNumber:kDelta': 1.0, '0:atom_AtomicNumber_list_1:kConv': 0.85, '0:atom_AtomicNumber_list_2:kConv': 0.8, '0:atom_AtomicNumber_list_3:kConv': 0.75, '0:atom_AtomicNumber_list_4:kConv': 0.75, '0:atom_MorganHash:kDelta': 0.9, '0:atom_Ring_count:kDelta': 0.75, '0:atom_RingSize_list:kConv': 0.9, '0:atom_Hcount:kDelta': 0.9, '0:atom_AtomicNumber_count_1:kDelta': 0.85, '0:atom_AtomicNumber_count_2:kDelta': 0.85, '0:atom_Chiral:kDelta': 0.8, '0:bond_Order:kDelta': 0.8, '0:bond_Stereo:kDelta': 0.9, '0:bond_RingStereo:kDelta': 0.85, '0:q:q': 0.49, '1:features_kernel:Matern32': 26.1, '2:features_kernel:Matern32': 17.1, '3:features_kernel:Matern32': 22.1, '4:features_kernel:Matern32': 17.1, '5:features_kernel:Matern32': 3.1, '6:features_kernel:Matern32': 2.1, '7:features_kernel:Matern32': 23.1, '8:features_kernel:Matern32': 10.1, '9:features_kernel:Matern32': 16.1, '10:features_kernel:Matern32': 20.1, '11:features_kernel:Matern32': 5.1, 'alpha': 0.004}. Best is trial 30 with value: 83.34745689853642.
/gpfs_common/share03/ddomlab/sdehgha2/working_space/GP_collab/code_python/training/MGK_and_tools/mgktools/mgktools/kernels/base.py:225: UserWarning: The distribution is specified by [0.1, 30] and step=1, but the range is not divisible by `step`. It will be replaced with [0.1, 29.1].
  self.unique_name: trial.suggest_float(
[I 2026-04-22 09:27:45,017] Trial 37 finished with value: 113.3807105375636 and parameters: {'0:atom_AtomicNumber:kDelta': 1.0, '0:atom_AtomicNumber_list_1:kConv': 0.8, '0:atom_AtomicNumber_list_2:kConv': 0.8, '0:atom_AtomicNumber_list_3:kConv': 0.75, '0:atom_AtomicNumber_list_4:kConv': 0.95, '0:atom_MorganHash:kDelta': 0.9, '0:atom_Ring_count:kDelta': 0.75, '0:atom_RingSize_list:kConv': 0.95, '0:atom_Hcount:kDelta': 0.9, '0:atom_AtomicNumber_count_1:kDelta': 0.85, '0:atom_AtomicNumber_count_2:kDelta': 0.85, '0:atom_Chiral:kDelta': 0.8, '0:bond_Order:kDelta': 0.85, '0:bond_Stereo:kDelta': 0.9, '0:bond_RingStereo:kDelta': 0.8, '0:q:q': 0.5, '1:features_kernel:Matern32': 26.1, '2:features_kernel:Matern32': 22.1, '3:features_kernel:Matern32': 23.1, '4:features_kernel:Matern32': 21.1, '5:features_kernel:Matern32': 0.1, '6:features_kernel:Matern32': 5.1, '7:features_kernel:Matern32': 25.1, '8:features_kernel:Matern32': 6.1, '9:features_kernel:Matern32': 20.1, '10:features_kernel:Matern32': 15.1, '11:features_kernel:Matern32': 9.1, 'alpha': 0.007}. Best is trial 30 with value: 83.34745689853642.
/gpfs_common/share03/ddomlab/sdehgha2/working_space/GP_collab/code_python/training/MGK_and_tools/mgktools/mgktools/kernels/base.py:225: UserWarning: The distribution is specified by [0.1, 30] and step=1, but the range is not divisible by `step`. It will be replaced with [0.1, 29.1].
  self.unique_name: trial.suggest_float(
[I 2026-04-22 09:27:55,469] Trial 38 finished with value: 90.4852356398267 and parameters: {'0:atom_AtomicNumber:kDelta': 1.0, '0:atom_AtomicNumber_list_1:kConv': 0.85, '0:atom_AtomicNumber_list_2:kConv': 0.75, '0:atom_AtomicNumber_list_3:kConv': 0.75, '0:atom_AtomicNumber_list_4:kConv': 1.0, '0:atom_MorganHash:kDelta': 0.95, '0:atom_Ring_count:kDelta': 0.75, '0:atom_RingSize_list:kConv': 0.9, '0:atom_Hcount:kDelta': 0.9, '0:atom_AtomicNumber_count_1:kDelta': 0.8, '0:atom_AtomicNumber_count_2:kDelta': 0.85, '0:atom_Chiral:kDelta': 0.75, '0:bond_Order:kDelta': 0.85, '0:bond_Stereo:kDelta': 0.85, '0:bond_RingStereo:kDelta': 0.75, '0:q:q': 0.45, '1:features_kernel:Matern32': 25.1, '2:features_kernel:Matern32': 12.1, '3:features_kernel:Matern32': 27.1, '4:features_kernel:Matern32': 14.1, '5:features_kernel:Matern32': 4.1, '6:features_kernel:Matern32': 2.1, '7:features_kernel:Matern32': 27.1, '8:features_kernel:Matern32': 8.1, '9:features_kernel:Matern32': 13.1, '10:features_kernel:Matern32': 20.1, '11:features_kernel:Matern32': 4.1, 'alpha': 0.079}. Best is trial 30 with value: 83.34745689853642.
/gpfs_common/share03/ddomlab/sdehgha2/working_space/GP_collab/code_python/training/MGK_and_tools/mgktools/mgktools/kernels/base.py:225: UserWarning: The distribution is specified by [0.1, 30] and step=1, but the range is not divisible by `step`. It will be replaced with [0.1, 29.1].
  self.unique_name: trial.suggest_float(
[I 2026-04-22 09:28:05,859] Trial 39 finished with value: 83.32850293183553 and parameters: {'0:atom_AtomicNumber:kDelta': 1.0, '0:atom_AtomicNumber_list_1:kConv': 0.8, '0:atom_AtomicNumber_list_2:kConv': 0.8, '0:atom_AtomicNumber_list_3:kConv': 0.75, '0:atom_AtomicNumber_list_4:kConv': 0.8, '0:atom_MorganHash:kDelta': 0.95, '0:atom_Ring_count:kDelta': 0.75, '0:atom_RingSize_list:kConv': 0.95, '0:atom_Hcount:kDelta': 0.9, '0:atom_AtomicNumber_count_1:kDelta': 0.85, '0:atom_AtomicNumber_count_2:kDelta': 0.9, '0:atom_Chiral:kDelta': 0.8, '0:bond_Order:kDelta': 0.9, '0:bond_Stereo:kDelta': 0.9, '0:bond_RingStereo:kDelta': 0.8, '0:q:q': 0.4, '1:features_kernel:Matern32': 22.1, '2:features_kernel:Matern32': 18.1, '3:features_kernel:Matern32': 20.1, '4:features_kernel:Matern32': 24.1, '5:features_kernel:Matern32': 2.1, '6:features_kernel:Matern32': 5.1, '7:features_kernel:Matern32': 22.1, '8:features_kernel:Matern32': 5.1, '9:features_kernel:Matern32': 18.1, '10:features_kernel:Matern32': 20.1, '11:features_kernel:Matern32': 10.1, 'alpha': 0.037000000000000005}. Best is trial 39 with value: 83.32850293183553.
/gpfs_common/share03/ddomlab/sdehgha2/working_space/GP_collab/code_python/training/MGK_and_tools/mgktools/mgktools/kernels/base.py:225: UserWarning: The distribution is specified by [0.1, 30] and step=1, but the range is not divisible by `step`. It will be replaced with [0.1, 29.1].
  self.unique_name: trial.suggest_float(
[I 2026-04-22 09:28:16,534] Trial 40 finished with value: 85.71742223856182 and parameters: {'0:atom_AtomicNumber:kDelta': 1.0, '0:atom_AtomicNumber_list_1:kConv': 0.8, '0:atom_AtomicNumber_list_2:kConv': 0.75, '0:atom_AtomicNumber_list_3:kConv': 0.8, '0:atom_AtomicNumber_list_4:kConv': 0.8, '0:atom_MorganHash:kDelta': 0.95, '0:atom_Ring_count:kDelta': 0.75, '0:atom_RingSize_list:kConv': 0.85, '0:atom_Hcount:kDelta': 0.85, '0:atom_AtomicNumber_count_1:kDelta': 0.85, '0:atom_AtomicNumber_count_2:kDelta': 0.9, '0:atom_Chiral:kDelta': 0.85, '0:bond_Order:kDelta': 0.9, '0:bond_Stereo:kDelta': 0.85, '0:bond_RingStereo:kDelta': 0.85, '0:q:q': 0.4, '1:features_kernel:Matern32': 22.1, '2:features_kernel:Matern32': 13.1, '3:features_kernel:Matern32': 20.1, '4:features_kernel:Matern32': 12.1, '5:features_kernel:Matern32': 9.1, '6:features_kernel:Matern32': 4.1, '7:features_kernel:Matern32': 22.1, '8:features_kernel:Matern32': 5.1, '9:features_kernel:Matern32': 22.1, '10:features_kernel:Matern32': 16.1, '11:features_kernel:Matern32': 1.1, 'alpha': 0.038}. Best is trial 39 with value: 83.32850293183553.
/gpfs_common/share03/ddomlab/sdehgha2/working_space/GP_collab/code_python/training/MGK_and_tools/mgktools/mgktools/kernels/base.py:225: UserWarning: The distribution is specified by [0.1, 30] and step=1, but the range is not divisible by `step`. It will be replaced with [0.1, 29.1].
  self.unique_name: trial.suggest_float(
[I 2026-04-22 09:28:26,956] Trial 41 finished with value: 103.38727009895996 and parameters: {'0:atom_AtomicNumber:kDelta': 1.0, '0:atom_AtomicNumber_list_1:kConv': 0.9, '0:atom_AtomicNumber_list_2:kConv': 0.75, '0:atom_AtomicNumber_list_3:kConv': 0.75, '0:atom_AtomicNumber_list_4:kConv': 0.75, '0:atom_MorganHash:kDelta': 0.95, '0:atom_Ring_count:kDelta': 0.75, '0:atom_RingSize_list:kConv': 0.9, '0:atom_Hcount:kDelta': 0.9, '0:atom_AtomicNumber_count_1:kDelta': 0.8, '0:atom_AtomicNumber_count_2:kDelta': 0.9, '0:atom_Chiral:kDelta': 0.8, '0:bond_Order:kDelta': 0.9, '0:bond_Stereo:kDelta': 0.9, '0:bond_RingStereo:kDelta': 0.75, '0:q:q': 0.38, '1:features_kernel:Matern32': 29.1, '2:features_kernel:Matern32': 23.1, '3:features_kernel:Matern32': 26.1, '4:features_kernel:Matern32': 24.1, '5:features_kernel:Matern32': 12.1, '6:features_kernel:Matern32': 1.1, '7:features_kernel:Matern32': 24.1, '8:features_kernel:Matern32': 11.1, '9:features_kernel:Matern32': 24.1, '10:features_kernel:Matern32': 25.1, '11:features_kernel:Matern32': 7.1, 'alpha': 0.037000000000000005}. Best is trial 39 with value: 83.32850293183553.
[I 2026-04-22 09:49:44,758] Using an existing study with name 'optuna-study' instead of creating a new one.
[I 2026-04-22 10:11:24,725] Using an existing study with name 'optuna-study' instead of creating a new one.
[Parallel(n_jobs=8)]: Using backend LokyBackend with 8 concurrent workers.
[Parallel(n_jobs=8)]: Done  34 tasks      | elapsed:   25.2s
[Parallel(n_jobs=8)]: Done 318 out of 318 | elapsed:   25.3s finished
[Parallel(n_jobs=4)]: Using backend LokyBackend with 4 concurrent workers.
[Parallel(n_jobs=4)]: Done  11 out of  11 | elapsed:    2.0s finished
[I 2026-04-22 10:31:37,822] A new study created in RDB with name: optuna-study
/gpfs_common/share03/ddomlab/sdehgha2/working_space/GP_collab/code_python/training/MGK_and_tools/mgktools/mgktools/kernels/base.py:225: UserWarning: The distribution is specified by [0.1, 30] and step=1, but the range is not divisible by `step`. It will be replaced with [0.1, 29.1].
  self.unique_name: trial.suggest_float(
[I 2026-04-22 10:31:47,636] Trial 0 finished with value: 27.70256141569934 and parameters: {'0:atom_AtomicNumber:kDelta': 1.0, '0:atom_AtomicNumber_list_1:kConv': 0.8, '0:atom_AtomicNumber_list_2:kConv': 0.95, '0:atom_AtomicNumber_list_3:kConv': 0.75, '0:atom_AtomicNumber_list_4:kConv': 0.75, '0:atom_MorganHash:kDelta': 0.9, '0:atom_Ring_count:kDelta': 0.9, '0:atom_RingSize_list:kConv': 0.85, '0:atom_Hcount:kDelta': 0.85, '0:atom_AtomicNumber_count_1:kDelta': 0.9, '0:atom_AtomicNumber_count_2:kDelta': 0.85, '0:atom_Chiral:kDelta': 0.95, '0:bond_Order:kDelta': 0.9, '0:bond_Stereo:kDelta': 0.9, '0:bond_RingStereo:kDelta': 0.9, '0:q:q': 0.5, '1:features_kernel:Matern32': 24.1, '2:features_kernel:Matern32': 12.1, '3:features_kernel:Matern32': 26.1, '4:features_kernel:Matern32': 24.1, '5:features_kernel:Matern32': 1.1, '6:features_kernel:Matern32': 21.1, '7:features_kernel:Matern32': 24.1, '8:features_kernel:Matern32': 22.1, '9:features_kernel:Matern32': 21.1, '10:features_kernel:Matern32': 16.1, '11:features_kernel:Matern32': 3.1, 'alpha': 0.096}. Best is trial 0 with value: 27.70256141569934.
/gpfs_common/share03/ddomlab/sdehgha2/working_space/GP_collab/code_python/training/MGK_and_tools/mgktools/mgktools/kernels/base.py:225: UserWarning: The distribution is specified by [0.1, 30] and step=1, but the range is not divisible by `step`. It will be replaced with [0.1, 29.1].
  self.unique_name: trial.suggest_float(
[I 2026-04-22 10:31:57,605] Trial 1 finished with value: 16.553585920050093 and parameters: {'0:atom_AtomicNumber:kDelta': 0.85, '0:atom_AtomicNumber_list_1:kConv': 0.8, '0:atom_AtomicNumber_list_2:kConv': 0.95, '0:atom_AtomicNumber_list_3:kConv': 1.0, '0:atom_AtomicNumber_list_4:kConv': 0.8, '0:atom_MorganHash:kDelta': 0.95, '0:atom_Ring_count:kDelta': 0.9, '0:atom_RingSize_list:kConv': 0.95, '0:atom_Hcount:kDelta': 1.0, '0:atom_AtomicNumber_count_1:kDelta': 0.85, '0:atom_AtomicNumber_count_2:kDelta': 0.8, '0:atom_Chiral:kDelta': 0.85, '0:bond_Order:kDelta': 0.95, '0:bond_Stereo:kDelta': 0.95, '0:bond_RingStereo:kDelta': 0.85, '0:q:q': 0.5, '1:features_kernel:Matern32': 13.1, '2:features_kernel:Matern32': 11.1, '3:features_kernel:Matern32': 21.1, '4:features_kernel:Matern32': 2.1, '5:features_kernel:Matern32': 11.1, '6:features_kernel:Matern32': 23.1, '7:features_kernel:Matern32': 22.1, '8:features_kernel:Matern32': 8.1, '9:features_kernel:Matern32': 5.1, '10:features_kernel:Matern32': 14.1, '11:features_kernel:Matern32': 10.1, 'alpha': 0.074}. Best is trial 1 with value: 16.553585920050093.
/gpfs_common/share03/ddomlab/sdehgha2/working_space/GP_collab/code_python/training/MGK_and_tools/mgktools/mgktools/kernels/base.py:225: UserWarning: The distribution is specified by [0.1, 30] and step=1, but the range is not divisible by `step`. It will be replaced with [0.1, 29.1].
  self.unique_name: trial.suggest_float(
[I 2026-04-22 10:32:08,822] Trial 2 finished with value: 18.137426596809014 and parameters: {'0:atom_AtomicNumber:kDelta': 0.8, '0:atom_AtomicNumber_list_1:kConv': 0.8, '0:atom_AtomicNumber_list_2:kConv': 1.0, '0:atom_AtomicNumber_list_3:kConv': 0.9, '0:atom_AtomicNumber_list_4:kConv': 1.0, '0:atom_MorganHash:kDelta': 1.0, '0:atom_Ring_count:kDelta': 1.0, '0:atom_RingSize_list:kConv': 0.8, '0:atom_Hcount:kDelta': 0.9, '0:atom_AtomicNumber_count_1:kDelta': 0.85, '0:atom_AtomicNumber_count_2:kDelta': 0.85, '0:atom_Chiral:kDelta': 0.95, '0:bond_Order:kDelta': 0.95, '0:bond_Stereo:kDelta': 0.95, '0:bond_RingStereo:kDelta': 0.75, '0:q:q': 0.36000000000000004, '1:features_kernel:Matern32': 1.1, '2:features_kernel:Matern32': 5.1, '3:features_kernel:Matern32': 27.1, '4:features_kernel:Matern32': 12.1, '5:features_kernel:Matern32': 4.1, '6:features_kernel:Matern32': 20.1, '7:features_kernel:Matern32': 4.1, '8:features_kernel:Matern32': 19.1, '9:features_kernel:Matern32': 7.1, '10:features_kernel:Matern32': 1.1, '11:features_kernel:Matern32': 28.1, 'alpha': 0.007}. Best is trial 1 with value: 16.553585920050093.
/gpfs_common/share03/ddomlab/sdehgha2/working_space/GP_collab/code_python/training/MGK_and_tools/mgktools/mgktools/kernels/base.py:225: UserWarning: The distribution is specified by [0.1, 30] and step=1, but the range is not divisible by `step`. It will be replaced with [0.1, 29.1].
  self.unique_name: trial.suggest_float(
[I 2026-04-22 10:32:21,416] Trial 3 finished with value: 20.94815559968897 and parameters: {'0:atom_AtomicNumber:kDelta': 0.9, '0:atom_AtomicNumber_list_1:kConv': 0.85, '0:atom_AtomicNumber_list_2:kConv': 0.9, '0:atom_AtomicNumber_list_3:kConv': 1.0, '0:atom_AtomicNumber_list_4:kConv': 0.9, '0:atom_MorganHash:kDelta': 0.9, '0:atom_Ring_count:kDelta': 0.75, '0:atom_RingSize_list:kConv': 0.95, '0:atom_Hcount:kDelta': 0.8, '0:atom_AtomicNumber_count_1:kDelta': 0.85, '0:atom_AtomicNumber_count_2:kDelta': 0.75, '0:atom_Chiral:kDelta': 0.8, '0:bond_Order:kDelta': 1.0, '0:bond_Stereo:kDelta': 0.9, '0:bond_RingStereo:kDelta': 0.9, '0:q:q': 0.19, '1:features_kernel:Matern32': 24.1, '2:features_kernel:Matern32': 8.1, '3:features_kernel:Matern32': 3.1, '4:features_kernel:Matern32': 16.1, '5:features_kernel:Matern32': 8.1, '6:features_kernel:Matern32': 23.1, '7:features_kernel:Matern32': 5.1, '8:features_kernel:Matern32': 23.1, '9:features_kernel:Matern32': 18.1, '10:features_kernel:Matern32': 1.1, '11:features_kernel:Matern32': 16.1, 'alpha': 0.067}. Best is trial 1 with value: 16.553585920050093.
/gpfs_common/share03/ddomlab/sdehgha2/working_space/GP_collab/code_python/training/MGK_and_tools/mgktools/mgktools/kernels/base.py:225: UserWarning: The distribution is specified by [0.1, 30] and step=1, but the range is not divisible by `step`. It will be replaced with [0.1, 29.1].
  self.unique_name: trial.suggest_float(
[I 2026-04-22 10:32:32,935] Trial 4 finished with value: 27.55922276328736 and parameters: {'0:atom_AtomicNumber:kDelta': 1.0, '0:atom_AtomicNumber_list_1:kConv': 0.95, '0:atom_AtomicNumber_list_2:kConv': 0.95, '0:atom_AtomicNumber_list_3:kConv': 0.85, '0:atom_AtomicNumber_list_4:kConv': 0.75, '0:atom_MorganHash:kDelta': 0.95, '0:atom_Ring_count:kDelta': 0.75, '0:atom_RingSize_list:kConv': 0.9, '0:atom_Hcount:kDelta': 0.9, '0:atom_AtomicNumber_count_1:kDelta': 0.75, '0:atom_AtomicNumber_count_2:kDelta': 0.75, '0:atom_Chiral:kDelta': 0.9, '0:bond_Order:kDelta': 0.85, '0:bond_Stereo:kDelta': 0.8, '0:bond_RingStereo:kDelta': 0.75, '0:q:q': 0.32, '1:features_kernel:Matern32': 3.1, '2:features_kernel:Matern32': 0.1, '3:features_kernel:Matern32': 8.1, '4:features_kernel:Matern32': 9.1, '5:features_kernel:Matern32': 5.1, '6:features_kernel:Matern32': 2.1, '7:features_kernel:Matern32': 23.1, '8:features_kernel:Matern32': 12.1, '9:features_kernel:Matern32': 7.1, '10:features_kernel:Matern32': 15.1, '11:features_kernel:Matern32': 7.1, 'alpha': 0.08600000000000001}. Best is trial 1 with value: 16.553585920050093.
/gpfs_common/share03/ddomlab/sdehgha2/working_space/GP_collab/code_python/training/MGK_and_tools/mgktools/mgktools/kernels/base.py:225: UserWarning: The distribution is specified by [0.1, 30] and step=1, but the range is not divisible by `step`. It will be replaced with [0.1, 29.1].
  self.unique_name: trial.suggest_float(
[I 2026-04-22 10:32:47,575] Trial 5 finished with value: 35.53728711087674 and parameters: {'0:atom_AtomicNumber:kDelta': 0.85, '0:atom_AtomicNumber_list_1:kConv': 0.9, '0:atom_AtomicNumber_list_2:kConv': 1.0, '0:atom_AtomicNumber_list_3:kConv': 0.85, '0:atom_AtomicNumber_list_4:kConv': 0.8, '0:atom_MorganHash:kDelta': 1.0, '0:atom_Ring_count:kDelta': 0.9, '0:atom_RingSize_list:kConv': 1.0, '0:atom_Hcount:kDelta': 1.0, '0:atom_AtomicNumber_count_1:kDelta': 0.95, '0:atom_AtomicNumber_count_2:kDelta': 0.75, '0:atom_Chiral:kDelta': 0.9, '0:bond_Order:kDelta': 0.8, '0:bond_Stereo:kDelta': 0.75, '0:bond_RingStereo:kDelta': 0.85, '0:q:q': 0.11, '1:features_kernel:Matern32': 22.1, '2:features_kernel:Matern32': 28.1, '3:features_kernel:Matern32': 0.1, '4:features_kernel:Matern32': 7.1, '5:features_kernel:Matern32': 7.1, '6:features_kernel:Matern32': 4.1, '7:features_kernel:Matern32': 28.1, '8:features_kernel:Matern32': 7.1, '9:features_kernel:Matern32': 10.1, '10:features_kernel:Matern32': 1.1, '11:features_kernel:Matern32': 7.1, 'alpha': 0.089}. Best is trial 1 with value: 16.553585920050093.
/gpfs_common/share03/ddomlab/sdehgha2/working_space/GP_collab/code_python/training/MGK_and_tools/mgktools/mgktools/kernels/base.py:225: UserWarning: The distribution is specified by [0.1, 30] and step=1, but the range is not divisible by `step`. It will be replaced with [0.1, 29.1].
  self.unique_name: trial.suggest_float(
[I 2026-04-22 10:33:02,463] Trial 6 finished with value: 37.16097469970689 and parameters: {'0:atom_AtomicNumber:kDelta': 1.0, '0:atom_AtomicNumber_list_1:kConv': 0.9, '0:atom_AtomicNumber_list_2:kConv': 0.8, '0:atom_AtomicNumber_list_3:kConv': 0.75, '0:atom_AtomicNumber_list_4:kConv': 1.0, '0:atom_MorganHash:kDelta': 0.75, '0:atom_Ring_count:kDelta': 0.8, '0:atom_RingSize_list:kConv': 0.9, '0:atom_Hcount:kDelta': 0.8, '0:atom_AtomicNumber_count_1:kDelta': 1.0, '0:atom_AtomicNumber_count_2:kDelta': 0.9, '0:atom_Chiral:kDelta': 0.85, '0:bond_Order:kDelta': 1.0, '0:bond_Stereo:kDelta': 1.0, '0:bond_RingStereo:kDelta': 0.8, '0:q:q': 0.01, '1:features_kernel:Matern32': 20.1, '2:features_kernel:Matern32': 8.1, '3:features_kernel:Matern32': 0.1, '4:features_kernel:Matern32': 2.1, '5:features_kernel:Matern32': 12.1, '6:features_kernel:Matern32': 3.1, '7:features_kernel:Matern32': 6.1, '8:features_kernel:Matern32': 22.1, '9:features_kernel:Matern32': 13.1, '10:features_kernel:Matern32': 3.1, '11:features_kernel:Matern32': 6.1, 'alpha': 0.094}. Best is trial 1 with value: 16.553585920050093.
/gpfs_common/share03/ddomlab/sdehgha2/working_space/GP_collab/code_python/training/MGK_and_tools/mgktools/mgktools/kernels/base.py:225: UserWarning: The distribution is specified by [0.1, 30] and step=1, but the range is not divisible by `step`. It will be replaced with [0.1, 29.1].
  self.unique_name: trial.suggest_float(
[I 2026-04-22 10:33:14,497] Trial 7 finished with value: 28.629906342571285 and parameters: {'0:atom_AtomicNumber:kDelta': 0.75, '0:atom_AtomicNumber_list_1:kConv': 0.9, '0:atom_AtomicNumber_list_2:kConv': 0.9, '0:atom_AtomicNumber_list_3:kConv': 0.95, '0:atom_AtomicNumber_list_4:kConv': 0.9, '0:atom_MorganHash:kDelta': 0.95, '0:atom_Ring_count:kDelta': 0.95, '0:atom_RingSize_list:kConv': 0.9, '0:atom_Hcount:kDelta': 0.8, '0:atom_AtomicNumber_count_1:kDelta': 0.95, '0:atom_AtomicNumber_count_2:kDelta': 0.8, '0:atom_Chiral:kDelta': 1.0, '0:bond_Order:kDelta': 0.9, '0:bond_Stereo:kDelta': 0.75, '0:bond_RingStereo:kDelta': 1.0, '0:q:q': 0.24000000000000002, '1:features_kernel:Matern32': 28.1, '2:features_kernel:Matern32': 1.1, '3:features_kernel:Matern32': 3.1, '4:features_kernel:Matern32': 22.1, '5:features_kernel:Matern32': 1.1, '6:features_kernel:Matern32': 13.1, '7:features_kernel:Matern32': 24.1, '8:features_kernel:Matern32': 12.1, '9:features_kernel:Matern32': 5.1, '10:features_kernel:Matern32': 25.1, '11:features_kernel:Matern32': 3.1, 'alpha': 0.029}. Best is trial 1 with value: 16.553585920050093.
/gpfs_common/share03/ddomlab/sdehgha2/working_space/GP_collab/code_python/training/MGK_and_tools/mgktools/mgktools/kernels/base.py:225: UserWarning: The distribution is specified by [0.1, 30] and step=1, but the range is not divisible by `step`. It will be replaced with [0.1, 29.1].
  self.unique_name: trial.suggest_float(
[I 2026-04-22 10:33:28,784] Trial 8 finished with value: 20.746215154122265 and parameters: {'0:atom_AtomicNumber:kDelta': 0.8, '0:atom_AtomicNumber_list_1:kConv': 0.85, '0:atom_AtomicNumber_list_2:kConv': 0.8, '0:atom_AtomicNumber_list_3:kConv': 1.0, '0:atom_AtomicNumber_list_4:kConv': 0.95, '0:atom_MorganHash:kDelta': 0.95, '0:atom_Ring_count:kDelta': 0.75, '0:atom_RingSize_list:kConv': 0.9, '0:atom_Hcount:kDelta': 1.0, '0:atom_AtomicNumber_count_1:kDelta': 1.0, '0:atom_AtomicNumber_count_2:kDelta': 0.9, '0:atom_Chiral:kDelta': 0.8, '0:bond_Order:kDelta': 0.8, '0:bond_Stereo:kDelta': 0.9, '0:bond_RingStereo:kDelta': 0.95, '0:q:q': 0.16, '1:features_kernel:Matern32': 20.1, '2:features_kernel:Matern32': 15.1, '3:features_kernel:Matern32': 24.1, '4:features_kernel:Matern32': 20.1, '5:features_kernel:Matern32': 27.1, '6:features_kernel:Matern32': 3.1, '7:features_kernel:Matern32': 25.1, '8:features_kernel:Matern32': 28.1, '9:features_kernel:Matern32': 17.1, '10:features_kernel:Matern32': 0.1, '11:features_kernel:Matern32': 1.1, 'alpha': 0.042}. Best is trial 1 with value: 16.553585920050093.
/gpfs_common/share03/ddomlab/sdehgha2/working_space/GP_collab/code_python/training/MGK_and_tools/mgktools/mgktools/kernels/base.py:225: UserWarning: The distribution is specified by [0.1, 30] and step=1, but the range is not divisible by `step`. It will be replaced with [0.1, 29.1].
  self.unique_name: trial.suggest_float(
[I 2026-04-22 10:33:43,829] Trial 9 finished with value: 16.39513471467909 and parameters: {'0:atom_AtomicNumber:kDelta': 0.85, '0:atom_AtomicNumber_list_1:kConv': 0.85, '0:atom_AtomicNumber_list_2:kConv': 0.95, '0:atom_AtomicNumber_list_3:kConv': 0.95, '0:atom_AtomicNumber_list_4:kConv': 0.95, '0:atom_MorganHash:kDelta': 0.85, '0:atom_Ring_count:kDelta': 0.9, '0:atom_RingSize_list:kConv': 0.85, '0:atom_Hcount:kDelta': 0.95, '0:atom_AtomicNumber_count_1:kDelta': 0.9, '0:atom_AtomicNumber_count_2:kDelta': 0.9, '0:atom_Chiral:kDelta': 0.85, '0:bond_Order:kDelta': 0.9, '0:bond_Stereo:kDelta': 1.0, '0:bond_RingStereo:kDelta': 0.9, '0:q:q': 0.06999999999999999, '1:features_kernel:Matern32': 2.1, '2:features_kernel:Matern32': 20.1, '3:features_kernel:Matern32': 10.1, '4:features_kernel:Matern32': 9.1, '5:features_kernel:Matern32': 26.1, '6:features_kernel:Matern32': 25.1, '7:features_kernel:Matern32': 24.1, '8:features_kernel:Matern32': 10.1, '9:features_kernel:Matern32': 19.1, '10:features_kernel:Matern32': 17.1, '11:features_kernel:Matern32': 7.1, 'alpha': 0.059000000000000004}. Best is trial 9 with value: 16.39513471467909.
/gpfs_common/share03/ddomlab/sdehgha2/working_space/GP_collab/code_python/training/MGK_and_tools/mgktools/mgktools/kernels/base.py:225: UserWarning: The distribution is specified by [0.1, 30] and step=1, but the range is not divisible by `step`. It will be replaced with [0.1, 29.1].
  self.unique_name: trial.suggest_float(
[I 2026-04-22 10:33:59,327] Trial 10 finished with value: 16.045213625196247 and parameters: {'0:atom_AtomicNumber:kDelta': 0.9, '0:atom_AtomicNumber_list_1:kConv': 1.0, '0:atom_AtomicNumber_list_2:kConv': 0.75, '0:atom_AtomicNumber_list_3:kConv': 0.9, '0:atom_AtomicNumber_list_4:kConv': 0.95, '0:atom_MorganHash:kDelta': 0.8, '0:atom_Ring_count:kDelta': 0.85, '0:atom_RingSize_list:kConv': 0.75, '0:atom_Hcount:kDelta': 0.95, '0:atom_AtomicNumber_count_1:kDelta': 0.75, '0:atom_AtomicNumber_count_2:kDelta': 1.0, '0:atom_Chiral:kDelta': 0.75, '0:bond_Order:kDelta': 0.75, '0:bond_Stereo:kDelta': 1.0, '0:bond_RingStereo:kDelta': 1.0, '0:q:q': 0.01, '1:features_kernel:Matern32': 8.1, '2:features_kernel:Matern32': 21.1, '3:features_kernel:Matern32': 15.1, '4:features_kernel:Matern32': 27.1, '5:features_kernel:Matern32': 23.1, '6:features_kernel:Matern32': 27.1, '7:features_kernel:Matern32': 12.1, '8:features_kernel:Matern32': 0.1, '9:features_kernel:Matern32': 29.1, '10:features_kernel:Matern32': 29.1, '11:features_kernel:Matern32': 18.1, 'alpha': 0.049}. Best is trial 10 with value: 16.045213625196247.
/gpfs_common/share03/ddomlab/sdehgha2/working_space/GP_collab/code_python/training/MGK_and_tools/mgktools/mgktools/kernels/base.py:225: UserWarning: The distribution is specified by [0.1, 30] and step=1, but the range is not divisible by `step`. It will be replaced with [0.1, 29.1].
  self.unique_name: trial.suggest_float(
[I 2026-04-22 10:34:15,199] Trial 11 finished with value: 16.10306929777866 and parameters: {'0:atom_AtomicNumber:kDelta': 0.9, '0:atom_AtomicNumber_list_1:kConv': 1.0, '0:atom_AtomicNumber_list_2:kConv': 0.75, '0:atom_AtomicNumber_list_3:kConv': 0.9, '0:atom_AtomicNumber_list_4:kConv': 0.95, '0:atom_MorganHash:kDelta': 0.8, '0:atom_Ring_count:kDelta': 0.85, '0:atom_RingSize_list:kConv': 0.75, '0:atom_Hcount:kDelta': 0.95, '0:atom_AtomicNumber_count_1:kDelta': 0.75, '0:atom_AtomicNumber_count_2:kDelta': 1.0, '0:atom_Chiral:kDelta': 0.75, '0:bond_Order:kDelta': 0.75, '0:bond_Stereo:kDelta': 1.0, '0:bond_RingStereo:kDelta': 1.0, '0:q:q': 0.01, '1:features_kernel:Matern32': 8.1, '2:features_kernel:Matern32': 21.1, '3:features_kernel:Matern32': 14.1, '4:features_kernel:Matern32': 28.1, '5:features_kernel:Matern32': 24.1, '6:features_kernel:Matern32': 29.1, '7:features_kernel:Matern32': 14.1, '8:features_kernel:Matern32': 0.1, '9:features_kernel:Matern32': 29.1, '10:features_kernel:Matern32': 29.1, '11:features_kernel:Matern32': 21.1, 'alpha': 0.054}. Best is trial 10 with value: 16.045213625196247.
/gpfs_common/share03/ddomlab/sdehgha2/working_space/GP_collab/code_python/training/MGK_and_tools/mgktools/mgktools/kernels/base.py:225: UserWarning: The distribution is specified by [0.1, 30] and step=1, but the range is not divisible by `step`. It will be replaced with [0.1, 29.1].
  self.unique_name: trial.suggest_float(
[I 2026-04-22 10:34:30,597] Trial 12 finished with value: 15.975851710733217 and parameters: {'0:atom_AtomicNumber:kDelta': 0.9, '0:atom_AtomicNumber_list_1:kConv': 1.0, '0:atom_AtomicNumber_list_2:kConv': 0.75, '0:atom_AtomicNumber_list_3:kConv': 0.9, '0:atom_AtomicNumber_list_4:kConv': 0.95, '0:atom_MorganHash:kDelta': 0.8, '0:atom_Ring_count:kDelta': 0.85, '0:atom_RingSize_list:kConv': 0.75, '0:atom_Hcount:kDelta': 0.95, '0:atom_AtomicNumber_count_1:kDelta': 0.75, '0:atom_AtomicNumber_count_2:kDelta': 1.0, '0:atom_Chiral:kDelta': 0.75, '0:bond_Order:kDelta': 0.75, '0:bond_Stereo:kDelta': 1.0, '0:bond_RingStereo:kDelta': 1.0, '0:q:q': 0.02, '1:features_kernel:Matern32': 9.1, '2:features_kernel:Matern32': 23.1, '3:features_kernel:Matern32': 17.1, '4:features_kernel:Matern32': 29.1, '5:features_kernel:Matern32': 19.1, '6:features_kernel:Matern32': 28.1, '7:features_kernel:Matern32': 12.1, '8:features_kernel:Matern32': 0.1, '9:features_kernel:Matern32': 29.1, '10:features_kernel:Matern32': 29.1, '11:features_kernel:Matern32': 18.1, 'alpha': 0.041}. Best is trial 12 with value: 15.975851710733217.
/gpfs_common/share03/ddomlab/sdehgha2/working_space/GP_collab/code_python/training/MGK_and_tools/mgktools/mgktools/kernels/base.py:225: UserWarning: The distribution is specified by [0.1, 30] and step=1, but the range is not divisible by `step`. It will be replaced with [0.1, 29.1].
  self.unique_name: trial.suggest_float(
[I 2026-04-22 10:34:44,116] Trial 13 finished with value: 15.944177483964761 and parameters: {'0:atom_AtomicNumber:kDelta': 0.95, '0:atom_AtomicNumber_list_1:kConv': 1.0, '0:atom_AtomicNumber_list_2:kConv': 0.75, '0:atom_AtomicNumber_list_3:kConv': 0.8, '0:atom_AtomicNumber_list_4:kConv': 0.85, '0:atom_MorganHash:kDelta': 0.75, '0:atom_Ring_count:kDelta': 0.85, '0:atom_RingSize_list:kConv': 0.75, '0:atom_Hcount:kDelta': 0.95, '0:atom_AtomicNumber_count_1:kDelta': 0.8, '0:atom_AtomicNumber_count_2:kDelta': 1.0, '0:atom_Chiral:kDelta': 0.75, '0:bond_Order:kDelta': 0.75, '0:bond_Stereo:kDelta': 0.95, '0:bond_RingStereo:kDelta': 1.0, '0:q:q': 0.08, '1:features_kernel:Matern32': 10.1, '2:features_kernel:Matern32': 28.1, '3:features_kernel:Matern32': 18.1, '4:features_kernel:Matern32': 29.1, '5:features_kernel:Matern32': 18.1, '6:features_kernel:Matern32': 29.1, '7:features_kernel:Matern32': 12.1, '8:features_kernel:Matern32': 0.1, '9:features_kernel:Matern32': 28.1, '10:features_kernel:Matern32': 24.1, '11:features_kernel:Matern32': 20.1, 'alpha': 0.038}. Best is trial 13 with value: 15.944177483964761.
/gpfs_common/share03/ddomlab/sdehgha2/working_space/GP_collab/code_python/training/MGK_and_tools/mgktools/mgktools/kernels/base.py:225: UserWarning: The distribution is specified by [0.1, 30] and step=1, but the range is not divisible by `step`. It will be replaced with [0.1, 29.1].
  self.unique_name: trial.suggest_float(
[I 2026-04-22 10:34:57,401] Trial 14 finished with value: 15.963742803034599 and parameters: {'0:atom_AtomicNumber:kDelta': 0.95, '0:atom_AtomicNumber_list_1:kConv': 0.95, '0:atom_AtomicNumber_list_2:kConv': 0.8, '0:atom_AtomicNumber_list_3:kConv': 0.8, '0:atom_AtomicNumber_list_4:kConv': 0.85, '0:atom_MorganHash:kDelta': 0.75, '0:atom_Ring_count:kDelta': 0.8, '0:atom_RingSize_list:kConv': 0.8, '0:atom_Hcount:kDelta': 0.9, '0:atom_AtomicNumber_count_1:kDelta': 0.8, '0:atom_AtomicNumber_count_2:kDelta': 0.95, '0:atom_Chiral:kDelta': 0.75, '0:bond_Order:kDelta': 0.8, '0:bond_Stereo:kDelta': 0.95, '0:bond_RingStereo:kDelta': 0.95, '0:q:q': 0.09, '1:features_kernel:Matern32': 14.1, '2:features_kernel:Matern32': 28.1, '3:features_kernel:Matern32': 19.1, '4:features_kernel:Matern32': 29.1, '5:features_kernel:Matern32': 18.1, '6:features_kernel:Matern32': 15.1, '7:features_kernel:Matern32': 10.1, '8:features_kernel:Matern32': 4.1, '9:features_kernel:Matern32': 24.1, '10:features_kernel:Matern32': 22.1, '11:features_kernel:Matern32': 24.1, 'alpha': 0.027000000000000003}. Best is trial 13 with value: 15.944177483964761.
/gpfs_common/share03/ddomlab/sdehgha2/working_space/GP_collab/code_python/training/MGK_and_tools/mgktools/mgktools/kernels/base.py:225: UserWarning: The distribution is specified by [0.1, 30] and step=1, but the range is not divisible by `step`. It will be replaced with [0.1, 29.1].
  self.unique_name: trial.suggest_float(
[I 2026-04-22 10:35:10,870] Trial 15 finished with value: 15.946787270019403 and parameters: {'0:atom_AtomicNumber:kDelta': 0.95, '0:atom_AtomicNumber_list_1:kConv': 0.95, '0:atom_AtomicNumber_list_2:kConv': 0.8, '0:atom_AtomicNumber_list_3:kConv': 0.8, '0:atom_AtomicNumber_list_4:kConv': 0.85, '0:atom_MorganHash:kDelta': 0.75, '0:atom_Ring_count:kDelta': 0.8, '0:atom_RingSize_list:kConv': 0.8, '0:atom_Hcount:kDelta': 0.85, '0:atom_AtomicNumber_count_1:kDelta': 0.8, '0:atom_AtomicNumber_count_2:kDelta': 0.95, '0:atom_Chiral:kDelta': 0.8, '0:bond_Order:kDelta': 0.8, '0:bond_Stereo:kDelta': 0.85, '0:bond_RingStereo:kDelta': 0.95, '0:q:q': 0.09999999999999999, '1:features_kernel:Matern32': 14.1, '2:features_kernel:Matern32': 26.1, '3:features_kernel:Matern32': 20.1, '4:features_kernel:Matern32': 18.1, '5:features_kernel:Matern32': 18.1, '6:features_kernel:Matern32': 13.1, '7:features_kernel:Matern32': 18.1, '8:features_kernel:Matern32': 5.1, '9:features_kernel:Matern32': 24.1, '10:features_kernel:Matern32': 22.1, '11:features_kernel:Matern32': 26.1, 'alpha': 0.018000000000000002}. Best is trial 13 with value: 15.944177483964761.
/gpfs_common/share03/ddomlab/sdehgha2/working_space/GP_collab/code_python/training/MGK_and_tools/mgktools/mgktools/kernels/base.py:225: UserWarning: The distribution is specified by [0.1, 30] and step=1, but the range is not divisible by `step`. It will be replaced with [0.1, 29.1].
  self.unique_name: trial.suggest_float(
[I 2026-04-22 10:35:23,267] Trial 16 finished with value: 16.20091212841733 and parameters: {'0:atom_AtomicNumber:kDelta': 0.95, '0:atom_AtomicNumber_list_1:kConv': 0.95, '0:atom_AtomicNumber_list_2:kConv': 0.85, '0:atom_AtomicNumber_list_3:kConv': 0.8, '0:atom_AtomicNumber_list_4:kConv': 0.85, '0:atom_MorganHash:kDelta': 0.75, '0:atom_Ring_count:kDelta': 0.8, '0:atom_RingSize_list:kConv': 0.8, '0:atom_Hcount:kDelta': 0.75, '0:atom_AtomicNumber_count_1:kDelta': 0.8, '0:atom_AtomicNumber_count_2:kDelta': 0.95, '0:atom_Chiral:kDelta': 0.8, '0:bond_Order:kDelta': 0.85, '0:bond_Stereo:kDelta': 0.85, '0:bond_RingStereo:kDelta': 0.95, '0:q:q': 0.16, '1:features_kernel:Matern32': 17.1, '2:features_kernel:Matern32': 25.1, '3:features_kernel:Matern32': 23.1, '4:features_kernel:Matern32': 19.1, '5:features_kernel:Matern32': 17.1, '6:features_kernel:Matern32': 11.1, '7:features_kernel:Matern32': 16.1, '8:features_kernel:Matern32': 4.1, '9:features_kernel:Matern32': 24.1, '10:features_kernel:Matern32': 20.1, '11:features_kernel:Matern32': 29.1, 'alpha': 0.001}. Best is trial 13 with value: 15.944177483964761.
/gpfs_common/share03/ddomlab/sdehgha2/working_space/GP_collab/code_python/training/MGK_and_tools/mgktools/mgktools/kernels/base.py:225: UserWarning: The distribution is specified by [0.1, 30] and step=1, but the range is not divisible by `step`. It will be replaced with [0.1, 29.1].
  self.unique_name: trial.suggest_float(
[I 2026-04-22 10:35:35,313] Trial 17 finished with value: 17.064708268786887 and parameters: {'0:atom_AtomicNumber:kDelta': 0.95, '0:atom_AtomicNumber_list_1:kConv': 0.95, '0:atom_AtomicNumber_list_2:kConv': 0.85, '0:atom_AtomicNumber_list_3:kConv': 0.8, '0:atom_AtomicNumber_list_4:kConv': 0.8, '0:atom_MorganHash:kDelta': 0.85, '0:atom_Ring_count:kDelta': 0.8, '0:atom_RingSize_list:kConv': 0.8, '0:atom_Hcount:kDelta': 0.85, '0:atom_AtomicNumber_count_1:kDelta': 0.8, '0:atom_AtomicNumber_count_2:kDelta': 0.95, '0:atom_Chiral:kDelta': 0.8, '0:bond_Order:kDelta': 0.8, '0:bond_Stereo:kDelta': 0.85, '0:bond_RingStereo:kDelta': 0.95, '0:q:q': 0.25, '1:features_kernel:Matern32': 11.1, '2:features_kernel:Matern32': 29.1, '3:features_kernel:Matern32': 10.1, '4:features_kernel:Matern32': 16.1, '5:features_kernel:Matern32': 21.1, '6:features_kernel:Matern32': 8.1, '7:features_kernel:Matern32': 18.1, '8:features_kernel:Matern32': 4.1, '9:features_kernel:Matern32': 24.1, '10:features_kernel:Matern32': 9.1, '11:features_kernel:Matern32': 24.1, 'alpha': 0.022000000000000002}. Best is trial 13 with value: 15.944177483964761.
/gpfs_common/share03/ddomlab/sdehgha2/working_space/GP_collab/code_python/training/MGK_and_tools/mgktools/mgktools/kernels/base.py:225: UserWarning: The distribution is specified by [0.1, 30] and step=1, but the range is not divisible by `step`. It will be replaced with [0.1, 29.1].
  self.unique_name: trial.suggest_float(
[I 2026-04-22 10:35:46,359] Trial 18 finished with value: 16.753244595246056 and parameters: {'0:atom_AtomicNumber:kDelta': 0.95, '0:atom_AtomicNumber_list_1:kConv': 1.0, '0:atom_AtomicNumber_list_2:kConv': 0.8, '0:atom_AtomicNumber_list_3:kConv': 0.75, '0:atom_AtomicNumber_list_4:kConv': 0.85, '0:atom_MorganHash:kDelta': 0.8, '0:atom_Ring_count:kDelta': 0.95, '0:atom_RingSize_list:kConv': 0.75, '0:atom_Hcount:kDelta': 0.85, '0:atom_AtomicNumber_count_1:kDelta': 0.8, '0:atom_AtomicNumber_count_2:kDelta': 0.95, '0:atom_Chiral:kDelta': 0.8, '0:bond_Order:kDelta': 0.75, '0:bond_Stereo:kDelta': 0.8, '0:bond_RingStereo:kDelta': 0.95, '0:q:q': 0.32, '1:features_kernel:Matern32': 6.1, '2:features_kernel:Matern32': 17.1, '3:features_kernel:Matern32': 29.1, '4:features_kernel:Matern32': 24.1, '5:features_kernel:Matern32': 14.1, '6:features_kernel:Matern32': 17.1, '7:features_kernel:Matern32': 0.1, '8:features_kernel:Matern32': 17.1, '9:features_kernel:Matern32': 1.1, '10:features_kernel:Matern32': 24.1, '11:features_kernel:Matern32': 25.1, 'alpha': 0.016}. Best is trial 13 with value: 15.944177483964761.
/gpfs_common/share03/ddomlab/sdehgha2/working_space/GP_collab/code_python/training/MGK_and_tools/mgktools/mgktools/kernels/base.py:225: UserWarning: The distribution is specified by [0.1, 30] and step=1, but the range is not divisible by `step`. It will be replaced with [0.1, 29.1].
  self.unique_name: trial.suggest_float(
[I 2026-04-22 10:35:58,861] Trial 19 finished with value: 16.733309624139334 and parameters: {'0:atom_AtomicNumber:kDelta': 0.95, '0:atom_AtomicNumber_list_1:kConv': 0.75, '0:atom_AtomicNumber_list_2:kConv': 0.75, '0:atom_AtomicNumber_list_3:kConv': 0.8, '0:atom_AtomicNumber_list_4:kConv': 0.9, '0:atom_MorganHash:kDelta': 0.75, '0:atom_Ring_count:kDelta': 0.85, '0:atom_RingSize_list:kConv': 0.85, '0:atom_Hcount:kDelta': 0.75, '0:atom_AtomicNumber_count_1:kDelta': 0.8, '0:atom_AtomicNumber_count_2:kDelta': 1.0, '0:atom_Chiral:kDelta': 0.75, '0:bond_Order:kDelta': 0.85, '0:bond_Stereo:kDelta': 0.85, '0:bond_RingStereo:kDelta': 1.0, '0:q:q': 0.12, '1:features_kernel:Matern32': 17.1, '2:features_kernel:Matern32': 24.1, '3:features_kernel:Matern32': 20.1, '4:features_kernel:Matern32': 12.1, '5:features_kernel:Matern32': 29.1, '6:features_kernel:Matern32': 8.1, '7:features_kernel:Matern32': 18.1, '8:features_kernel:Matern32': 7.1, '9:features_kernel:Matern32': 26.1, '10:features_kernel:Matern32': 20.1, '11:features_kernel:Matern32': 12.1, 'alpha': 0.037000000000000005}. Best is trial 13 with value: 15.944177483964761.
/gpfs_common/share03/ddomlab/sdehgha2/working_space/GP_collab/code_python/training/MGK_and_tools/mgktools/mgktools/kernels/base.py:225: UserWarning: The distribution is specified by [0.1, 30] and step=1, but the range is not divisible by `step`. It will be replaced with [0.1, 29.1].
  self.unique_name: trial.suggest_float(
[I 2026-04-22 10:36:11,360] Trial 20 finished with value: 15.930927013227636 and parameters: {'0:atom_AtomicNumber:kDelta': 1.0, '0:atom_AtomicNumber_list_1:kConv': 0.95, '0:atom_AtomicNumber_list_2:kConv': 0.85, '0:atom_AtomicNumber_list_3:kConv': 0.85, '0:atom_AtomicNumber_list_4:kConv': 0.8, '0:atom_MorganHash:kDelta': 0.85, '0:atom_Ring_count:kDelta': 0.8, '0:atom_RingSize_list:kConv': 0.8, '0:atom_Hcount:kDelta': 0.9, '0:atom_AtomicNumber_count_1:kDelta': 0.85, '0:atom_AtomicNumber_count_2:kDelta': 0.95, '0:atom_Chiral:kDelta': 0.85, '0:bond_Order:kDelta': 0.8, '0:bond_Stereo:kDelta': 0.8, '0:bond_RingStereo:kDelta': 0.9, '0:q:q': 0.21000000000000002, '1:features_kernel:Matern32': 5.1, '2:features_kernel:Matern32': 26.1, '3:features_kernel:Matern32': 14.1, '4:features_kernel:Matern32': 25.1, '5:features_kernel:Matern32': 15.1, '6:features_kernel:Matern32': 17.1, '7:features_kernel:Matern32': 9.1, '8:features_kernel:Matern32': 3.1, '9:features_kernel:Matern32': 14.1, '10:features_kernel:Matern32': 12.1, '11:features_kernel:Matern32': 20.1, 'alpha': 0.012}. Best is trial 20 with value: 15.930927013227636.
/gpfs_common/share03/ddomlab/sdehgha2/working_space/GP_collab/code_python/training/MGK_and_tools/mgktools/mgktools/kernels/base.py:225: UserWarning: The distribution is specified by [0.1, 30] and step=1, but the range is not divisible by `step`. It will be replaced with [0.1, 29.1].
  self.unique_name: trial.suggest_float(
[I 2026-04-22 10:36:23,585] Trial 21 finished with value: 15.924838557796454 and parameters: {'0:atom_AtomicNumber:kDelta': 1.0, '0:atom_AtomicNumber_list_1:kConv': 0.95, '0:atom_AtomicNumber_list_2:kConv': 0.85, '0:atom_AtomicNumber_list_3:kConv': 0.85, '0:atom_AtomicNumber_list_4:kConv': 0.8, '0:atom_MorganHash:kDelta': 0.85, '0:atom_Ring_count:kDelta': 0.8, '0:atom_RingSize_list:kConv': 0.8, '0:atom_Hcount:kDelta': 0.9, '0:atom_AtomicNumber_count_1:kDelta': 0.85, '0:atom_AtomicNumber_count_2:kDelta': 0.95, '0:atom_Chiral:kDelta': 0.85, '0:bond_Order:kDelta': 0.8, '0:bond_Stereo:kDelta': 0.8, '0:bond_RingStereo:kDelta': 0.9, '0:q:q': 0.2, '1:features_kernel:Matern32': 4.1, '2:features_kernel:Matern32': 26.1, '3:features_kernel:Matern32': 14.1, '4:features_kernel:Matern32': 25.1, '5:features_kernel:Matern32': 16.1, '6:features_kernel:Matern32': 18.1, '7:features_kernel:Matern32': 9.1, '8:features_kernel:Matern32': 3.1, '9:features_kernel:Matern32': 13.1, '10:features_kernel:Matern32': 11.1, '11:features_kernel:Matern32': 21.1, 'alpha': 0.016}. Best is trial 21 with value: 15.924838557796454.
/gpfs_common/share03/ddomlab/sdehgha2/working_space/GP_collab/code_python/training/MGK_and_tools/mgktools/mgktools/kernels/base.py:225: UserWarning: The distribution is specified by [0.1, 30] and step=1, but the range is not divisible by `step`. It will be replaced with [0.1, 29.1].
  self.unique_name: trial.suggest_float(
[I 2026-04-22 10:36:35,633] Trial 22 finished with value: 15.96420987836176 and parameters: {'0:atom_AtomicNumber:kDelta': 1.0, '0:atom_AtomicNumber_list_1:kConv': 1.0, '0:atom_AtomicNumber_list_2:kConv': 0.85, '0:atom_AtomicNumber_list_3:kConv': 0.85, '0:atom_AtomicNumber_list_4:kConv': 0.8, '0:atom_MorganHash:kDelta': 0.85, '0:atom_Ring_count:kDelta': 0.8, '0:atom_RingSize_list:kConv': 0.75, '0:atom_Hcount:kDelta': 0.9, '0:atom_AtomicNumber_count_1:kDelta': 0.85, '0:atom_AtomicNumber_count_2:kDelta': 1.0, '0:atom_Chiral:kDelta': 0.9, '0:bond_Order:kDelta': 0.75, '0:bond_Stereo:kDelta': 0.8, '0:bond_RingStereo:kDelta': 0.85, '0:q:q': 0.22, '1:features_kernel:Matern32': 5.1, '2:features_kernel:Matern32': 19.1, '3:features_kernel:Matern32': 13.1, '4:features_kernel:Matern32': 25.1, '5:features_kernel:Matern32': 15.1, '6:features_kernel:Matern32': 18.1, '7:features_kernel:Matern32': 8.1, '8:features_kernel:Matern32': 2.1, '9:features_kernel:Matern32': 14.1, '10:features_kernel:Matern32': 10.1, '11:features_kernel:Matern32': 21.1, 'alpha': 0.010000000000000002}. Best is trial 21 with value: 15.924838557796454.
/gpfs_common/share03/ddomlab/sdehgha2/working_space/GP_collab/code_python/training/MGK_and_tools/mgktools/mgktools/kernels/base.py:225: UserWarning: The distribution is specified by [0.1, 30] and step=1, but the range is not divisible by `step`. It will be replaced with [0.1, 29.1].
  self.unique_name: trial.suggest_float(
[I 2026-04-22 10:36:48,318] Trial 23 finished with value: 16.019086204117595 and parameters: {'0:atom_AtomicNumber:kDelta': 1.0, '0:atom_AtomicNumber_list_1:kConv': 0.95, '0:atom_AtomicNumber_list_2:kConv': 0.9, '0:atom_AtomicNumber_list_3:kConv': 0.85, '0:atom_AtomicNumber_list_4:kConv': 0.75, '0:atom_MorganHash:kDelta': 0.9, '0:atom_Ring_count:kDelta': 0.85, '0:atom_RingSize_list:kConv': 0.8, '0:atom_Hcount:kDelta': 0.95, '0:atom_AtomicNumber_count_1:kDelta': 0.9, '0:atom_AtomicNumber_count_2:kDelta': 0.95, '0:atom_Chiral:kDelta': 0.85, '0:bond_Order:kDelta': 0.8, '0:bond_Stereo:kDelta': 0.8, '0:bond_RingStereo:kDelta': 0.8, '0:q:q': 0.29000000000000004, '1:features_kernel:Matern32': 5.1, '2:features_kernel:Matern32': 26.1, '3:features_kernel:Matern32': 17.1, '4:features_kernel:Matern32': 26.1, '5:features_kernel:Matern32': 15.1, '6:features_kernel:Matern32': 17.1, '7:features_kernel:Matern32': 9.1, '8:features_kernel:Matern32': 2.1, '9:features_kernel:Matern32': 11.1, '10:features_kernel:Matern32': 10.1, '11:features_kernel:Matern32': 21.1, 'alpha': 0.027000000000000003}. Best is trial 21 with value: 15.924838557796454.
/gpfs_common/share03/ddomlab/sdehgha2/working_space/GP_collab/code_python/training/MGK_and_tools/mgktools/mgktools/kernels/base.py:225: UserWarning: The distribution is specified by [0.1, 30] and step=1, but the range is not divisible by `step`. It will be replaced with [0.1, 29.1].
  self.unique_name: trial.suggest_float(
[I 2026-04-22 10:36:58,944] Trial 24 finished with value: 17.10830756077241 and parameters: {'0:atom_AtomicNumber:kDelta': 1.0, '0:atom_AtomicNumber_list_1:kConv': 0.9, '0:atom_AtomicNumber_list_2:kConv': 0.85, '0:atom_AtomicNumber_list_3:kConv': 0.85, '0:atom_AtomicNumber_list_4:kConv': 0.8, '0:atom_MorganHash:kDelta': 0.85, '0:atom_Ring_count:kDelta': 0.75, '0:atom_RingSize_list:kConv': 0.85, '0:atom_Hcount:kDelta': 0.9, '0:atom_AtomicNumber_count_1:kDelta': 0.85, '0:atom_AtomicNumber_count_2:kDelta': 0.9, '0:atom_Chiral:kDelta': 0.95, '0:bond_Order:kDelta': 0.85, '0:bond_Stereo:kDelta': 0.75, '0:bond_RingStereo:kDelta': 0.9, '0:q:q': 0.43, '1:features_kernel:Matern32': 0.1, '2:features_kernel:Matern32': 23.1, '3:features_kernel:Matern32': 11.1, '4:features_kernel:Matern32': 22.1, '5:features_kernel:Matern32': 11.1, '6:features_kernel:Matern32': 20.1, '7:features_kernel:Matern32': 1.1, '8:features_kernel:Matern32': 9.1, '9:features_kernel:Matern32': 16.1, '10:features_kernel:Matern32': 6.1, '11:features_kernel:Matern32': 15.1, 'alpha': 0.009000000000000001}. Best is trial 21 with value: 15.924838557796454.
/gpfs_common/share03/ddomlab/sdehgha2/working_space/GP_collab/code_python/training/MGK_and_tools/mgktools/mgktools/kernels/base.py:225: UserWarning: The distribution is specified by [0.1, 30] and step=1, but the range is not divisible by `step`. It will be replaced with [0.1, 29.1].
  self.unique_name: trial.suggest_float(
[I 2026-04-22 10:37:11,462] Trial 25 finished with value: 16.745783225444107 and parameters: {'0:atom_AtomicNumber:kDelta': 1.0, '0:atom_AtomicNumber_list_1:kConv': 1.0, '0:atom_AtomicNumber_list_2:kConv': 0.85, '0:atom_AtomicNumber_list_3:kConv': 0.8, '0:atom_AtomicNumber_list_4:kConv': 0.8, '0:atom_MorganHash:kDelta': 0.8, '0:atom_Ring_count:kDelta': 0.8, '0:atom_RingSize_list:kConv': 0.75, '0:atom_Hcount:kDelta': 0.95, '0:atom_AtomicNumber_count_1:kDelta': 0.9, '0:atom_AtomicNumber_count_2:kDelta': 1.0, '0:atom_Chiral:kDelta': 0.9, '0:bond_Order:kDelta': 0.75, '0:bond_Stereo:kDelta': 0.8, '0:bond_RingStereo:kDelta': 0.8, '0:q:q': 0.19, '1:features_kernel:Matern32': 11.1, '2:features_kernel:Matern32': 29.1, '3:features_kernel:Matern32': 7.1, '4:features_kernel:Matern32': 22.1, '5:features_kernel:Matern32': 20.1, '6:features_kernel:Matern32': 26.1, '7:features_kernel:Matern32': 12.1, '8:features_kernel:Matern32': 2.1, '9:features_kernel:Matern32': 13.1, '10:features_kernel:Matern32': 7.1, '11:features_kernel:Matern32': 19.1, 'alpha': 0.034}. Best is trial 21 with value: 15.924838557796454.
/gpfs_common/share03/ddomlab/sdehgha2/working_space/GP_collab/code_python/training/MGK_and_tools/mgktools/mgktools/kernels/base.py:225: UserWarning: The distribution is specified by [0.1, 30] and step=1, but the range is not divisible by `step`. It will be replaced with [0.1, 29.1].
  self.unique_name: trial.suggest_float(
[I 2026-04-22 10:37:24,531] Trial 26 finished with value: 16.743169535427192 and parameters: {'0:atom_AtomicNumber:kDelta': 0.95, '0:atom_AtomicNumber_list_1:kConv': 0.95, '0:atom_AtomicNumber_list_2:kConv': 0.9, '0:atom_AtomicNumber_list_3:kConv': 0.85, '0:atom_AtomicNumber_list_4:kConv': 0.85, '0:atom_MorganHash:kDelta': 0.85, '0:atom_Ring_count:kDelta': 0.85, '0:atom_RingSize_list:kConv': 0.8, '0:atom_Hcount:kDelta': 0.9, '0:atom_AtomicNumber_count_1:kDelta': 0.85, '0:atom_AtomicNumber_count_2:kDelta': 0.95, '0:atom_Chiral:kDelta': 0.85, '0:bond_Order:kDelta': 0.8, '0:bond_Stereo:kDelta': 0.75, '0:bond_RingStereo:kDelta': 0.85, '0:q:q': 0.15000000000000002, '1:features_kernel:Matern32': 4.1, '2:features_kernel:Matern32': 27.1, '3:features_kernel:Matern32': 17.1, '4:features_kernel:Matern32': 26.1, '5:features_kernel:Matern32': 22.1, '6:features_kernel:Matern32': 10.1, '7:features_kernel:Matern32': 3.1, '8:features_kernel:Matern32': 6.1, '9:features_kernel:Matern32': 20.1, '10:features_kernel:Matern32': 11.1, '11:features_kernel:Matern32': 13.1, 'alpha': 0.001}. Best is trial 21 with value: 15.924838557796454.
/gpfs_common/share03/ddomlab/sdehgha2/working_space/GP_collab/code_python/training/MGK_and_tools/mgktools/mgktools/kernels/base.py:225: UserWarning: The distribution is specified by [0.1, 30] and step=1, but the range is not divisible by `step`. It will be replaced with [0.1, 29.1].
  self.unique_name: trial.suggest_float(
[I 2026-04-22 10:37:39,984] Trial 27 finished with value: 16.032672684519092 and parameters: {'0:atom_AtomicNumber:kDelta': 1.0, '0:atom_AtomicNumber_list_1:kConv': 0.9, '0:atom_AtomicNumber_list_2:kConv': 0.8, '0:atom_AtomicNumber_list_3:kConv': 0.95, '0:atom_AtomicNumber_list_4:kConv': 0.75, '0:atom_MorganHash:kDelta': 0.9, '0:atom_Ring_count:kDelta': 0.75, '0:atom_RingSize_list:kConv': 0.85, '0:atom_Hcount:kDelta': 1.0, '0:atom_AtomicNumber_count_1:kDelta': 0.95, '0:atom_AtomicNumber_count_2:kDelta': 0.9, '0:atom_Chiral:kDelta': 0.85, '0:bond_Order:kDelta': 0.85, '0:bond_Stereo:kDelta': 0.9, '0:bond_RingStereo:kDelta': 0.9, '0:q:q': 0.05, '1:features_kernel:Matern32': 7.1, '2:features_kernel:Matern32': 18.1, '3:features_kernel:Matern32': 14.1, '4:features_kernel:Matern32': 23.1, '5:features_kernel:Matern32': 13.1, '6:features_kernel:Matern32': 23.1, '7:features_kernel:Matern32': 7.1, '8:features_kernel:Matern32': 14.1, '9:features_kernel:Matern32': 11.1, '10:features_kernel:Matern32': 12.1, '11:features_kernel:Matern32': 22.1, 'alpha': 0.016}. Best is trial 21 with value: 15.924838557796454.
/gpfs_common/share03/ddomlab/sdehgha2/working_space/GP_collab/code_python/training/MGK_and_tools/mgktools/mgktools/kernels/base.py:225: UserWarning: The distribution is specified by [0.1, 30] and step=1, but the range is not divisible by `step`. It will be replaced with [0.1, 29.1].
  self.unique_name: trial.suggest_float(
[I 2026-04-22 10:37:52,596] Trial 28 finished with value: 16.50410332856496 and parameters: {'0:atom_AtomicNumber:kDelta': 0.95, '0:atom_AtomicNumber_list_1:kConv': 1.0, '0:atom_AtomicNumber_list_2:kConv': 0.85, '0:atom_AtomicNumber_list_3:kConv': 0.75, '0:atom_AtomicNumber_list_4:kConv': 0.8, '0:atom_MorganHash:kDelta': 0.8, '0:atom_Ring_count:kDelta': 0.8, '0:atom_RingSize_list:kConv': 0.75, '0:atom_Hcount:kDelta': 0.95, '0:atom_AtomicNumber_count_1:kDelta': 0.8, '0:atom_AtomicNumber_count_2:kDelta': 1.0, '0:atom_Chiral:kDelta': 0.9, '0:bond_Order:kDelta': 0.75, '0:bond_Stereo:kDelta': 0.85, '0:bond_RingStereo:kDelta': 0.9, '0:q:q': 0.2, '1:features_kernel:Matern32': 10.1, '2:features_kernel:Matern32': 23.1, '3:features_kernel:Matern32': 12.1, '4:features_kernel:Matern32': 20.1, '5:features_kernel:Matern32': 16.1, '6:features_kernel:Matern32': 15.1, '7:features_kernel:Matern32': 10.1, '8:features_kernel:Matern32': 11.1, '9:features_kernel:Matern32': 16.1, '10:features_kernel:Matern32': 13.1, '11:features_kernel:Matern32': 17.1, 'alpha': 0.047}. Best is trial 21 with value: 15.924838557796454.
/gpfs_common/share03/ddomlab/sdehgha2/working_space/GP_collab/code_python/training/MGK_and_tools/mgktools/mgktools/kernels/base.py:225: UserWarning: The distribution is specified by [0.1, 30] and step=1, but the range is not divisible by `step`. It will be replaced with [0.1, 29.1].
  self.unique_name: trial.suggest_float(
[I 2026-04-22 10:38:03,913] Trial 29 finished with value: 16.374184624877188 and parameters: {'0:atom_AtomicNumber:kDelta': 1.0, '0:atom_AtomicNumber_list_1:kConv': 0.95, '0:atom_AtomicNumber_list_2:kConv': 0.9, '0:atom_AtomicNumber_list_3:kConv': 0.75, '0:atom_AtomicNumber_list_4:kConv': 0.75, '0:atom_MorganHash:kDelta': 0.9, '0:atom_Ring_count:kDelta': 0.9, '0:atom_RingSize_list:kConv': 0.85, '0:atom_Hcount:kDelta': 0.85, '0:atom_AtomicNumber_count_1:kDelta': 0.9, '0:atom_AtomicNumber_count_2:kDelta': 0.85, '0:atom_Chiral:kDelta': 0.95, '0:bond_Order:kDelta': 0.8, '0:bond_Stereo:kDelta': 0.95, '0:bond_RingStereo:kDelta': 0.9, '0:q:q': 0.28, '1:features_kernel:Matern32': 12.1, '2:features_kernel:Matern32': 15.1, '3:features_kernel:Matern32': 16.1, '4:features_kernel:Matern32': 25.1, '5:features_kernel:Matern32': 9.1, '6:features_kernel:Matern32': 19.1, '7:features_kernel:Matern32': 15.1, '8:features_kernel:Matern32': 2.1, '9:features_kernel:Matern32': 21.1, '10:features_kernel:Matern32': 18.1, '11:features_kernel:Matern32': 20.1, 'alpha': 0.022000000000000002}. Best is trial 21 with value: 15.924838557796454.
/gpfs_common/share03/ddomlab/sdehgha2/working_space/GP_collab/code_python/training/MGK_and_tools/mgktools/mgktools/kernels/base.py:225: UserWarning: The distribution is specified by [0.1, 30] and step=1, but the range is not divisible by `step`. It will be replaced with [0.1, 29.1].
  self.unique_name: trial.suggest_float(
[I 2026-04-22 10:38:14,202] Trial 30 finished with value: 17.79544526644927 and parameters: {'0:atom_AtomicNumber:kDelta': 1.0, '0:atom_AtomicNumber_list_1:kConv': 0.75, '0:atom_AtomicNumber_list_2:kConv': 0.75, '0:atom_AtomicNumber_list_3:kConv': 0.8, '0:atom_AtomicNumber_list_4:kConv': 0.85, '0:atom_MorganHash:kDelta': 0.85, '0:atom_Ring_count:kDelta': 0.95, '0:atom_RingSize_list:kConv': 0.8, '0:atom_Hcount:kDelta': 0.9, '0:atom_AtomicNumber_count_1:kDelta': 0.85, '0:atom_AtomicNumber_count_2:kDelta': 0.95, '0:atom_Chiral:kDelta': 1.0, '0:bond_Order:kDelta': 0.9, '0:bond_Stereo:kDelta': 0.9, '0:bond_RingStereo:kDelta': 0.85, '0:q:q': 0.38, '1:features_kernel:Matern32': 3.1, '2:features_kernel:Matern32': 25.1, '3:features_kernel:Matern32': 23.1, '4:features_kernel:Matern32': 27.1, '5:features_kernel:Matern32': 10.1, '6:features_kernel:Matern32': 6.1, '7:features_kernel:Matern32': 13.1, '8:features_kernel:Matern32': 14.1, '9:features_kernel:Matern32': 9.1, '10:features_kernel:Matern32': 7.1, '11:features_kernel:Matern32': 23.1, 'alpha': 0.032}. Best is trial 21 with value: 15.924838557796454.
/gpfs_common/share03/ddomlab/sdehgha2/working_space/GP_collab/code_python/training/MGK_and_tools/mgktools/mgktools/kernels/base.py:225: UserWarning: The distribution is specified by [0.1, 30] and step=1, but the range is not divisible by `step`. It will be replaced with [0.1, 29.1].
  self.unique_name: trial.suggest_float(
[I 2026-04-22 10:38:27,269] Trial 31 finished with value: 15.961262780270864 and parameters: {'0:atom_AtomicNumber:kDelta': 0.95, '0:atom_AtomicNumber_list_1:kConv': 0.95, '0:atom_AtomicNumber_list_2:kConv': 0.8, '0:atom_AtomicNumber_list_3:kConv': 0.8, '0:atom_AtomicNumber_list_4:kConv': 0.85, '0:atom_MorganHash:kDelta': 0.75, '0:atom_Ring_count:kDelta': 0.8, '0:atom_RingSize_list:kConv': 0.8, '0:atom_Hcount:kDelta': 0.85, '0:atom_AtomicNumber_count_1:kDelta': 0.8, '0:atom_AtomicNumber_count_2:kDelta': 0.95, '0:atom_Chiral:kDelta': 0.8, '0:bond_Order:kDelta': 0.8, '0:bond_Stereo:kDelta': 0.85, '0:bond_RingStereo:kDelta': 0.95, '0:q:q': 0.13, '1:features_kernel:Matern32': 17.1, '2:features_kernel:Matern32': 26.1, '3:features_kernel:Matern32': 19.1, '4:features_kernel:Matern32': 17.1, '5:features_kernel:Matern32': 17.1, '6:features_kernel:Matern32': 13.1, '7:features_kernel:Matern32': 19.1, '8:features_kernel:Matern32': 5.1, '9:features_kernel:Matern32': 26.1, '10:features_kernel:Matern32': 26.1, '11:features_kernel:Matern32': 26.1, 'alpha': 0.016}. Best is trial 21 with value: 15.924838557796454.
/gpfs_common/share03/ddomlab/sdehgha2/working_space/GP_collab/code_python/training/MGK_and_tools/mgktools/mgktools/kernels/base.py:225: UserWarning: The distribution is specified by [0.1, 30] and step=1, but the range is not divisible by `step`. It will be replaced with [0.1, 29.1].
  self.unique_name: trial.suggest_float(
[I 2026-04-22 10:38:40,549] Trial 32 finished with value: 61.001599830887685 and parameters: {'0:atom_AtomicNumber:kDelta': 0.95, '0:atom_AtomicNumber_list_1:kConv': 0.95, '0:atom_AtomicNumber_list_2:kConv': 0.8, '0:atom_AtomicNumber_list_3:kConv': 0.85, '0:atom_AtomicNumber_list_4:kConv': 0.8, '0:atom_MorganHash:kDelta': 0.75, '0:atom_Ring_count:kDelta': 0.8, '0:atom_RingSize_list:kConv': 0.8, '0:atom_Hcount:kDelta': 0.85, '0:atom_AtomicNumber_count_1:kDelta': 0.8, '0:atom_AtomicNumber_count_2:kDelta': 0.95, '0:atom_Chiral:kDelta': 0.8, '0:bond_Order:kDelta': 0.8, '0:bond_Stereo:kDelta': 0.8, '0:bond_RingStereo:kDelta': 0.95, '0:q:q': 0.08, '1:features_kernel:Matern32': 14.1, '2:features_kernel:Matern32': 22.1, '3:features_kernel:Matern32': 21.1, '4:features_kernel:Matern32': 18.1, '5:features_kernel:Matern32': 19.1, '6:features_kernel:Matern32': 0.1, '7:features_kernel:Matern32': 20.1, '8:features_kernel:Matern32': 3.1, '9:features_kernel:Matern32': 22.1, '10:features_kernel:Matern32': 15.1, '11:features_kernel:Matern32': 27.1, 'alpha': 0.022000000000000002}. Best is trial 21 with value: 15.924838557796454.
/gpfs_common/share03/ddomlab/sdehgha2/working_space/GP_collab/code_python/training/MGK_and_tools/mgktools/mgktools/kernels/base.py:225: UserWarning: The distribution is specified by [0.1, 30] and step=1, but the range is not divisible by `step`. It will be replaced with [0.1, 29.1].
  self.unique_name: trial.suggest_float(
[I 2026-04-22 10:38:54,949] Trial 33 finished with value: 15.715081235583332 and parameters: {'0:atom_AtomicNumber:kDelta': 0.9, '0:atom_AtomicNumber_list_1:kConv': 1.0, '0:atom_AtomicNumber_list_2:kConv': 0.8, '0:atom_AtomicNumber_list_3:kConv': 0.8, '0:atom_AtomicNumber_list_4:kConv': 0.9, '0:atom_MorganHash:kDelta': 0.8, '0:atom_Ring_count:kDelta': 0.85, '0:atom_RingSize_list:kConv': 0.75, '0:atom_Hcount:kDelta': 0.9, '0:atom_AtomicNumber_count_1:kDelta': 0.85, '0:atom_AtomicNumber_count_2:kDelta': 1.0, '0:atom_Chiral:kDelta': 0.8, '0:bond_Order:kDelta': 0.75, '0:bond_Stereo:kDelta': 0.85, '0:bond_RingStereo:kDelta': 0.95, '0:q:q': 0.05, '1:features_kernel:Matern32': 7.1, '2:features_kernel:Matern32': 27.1, '3:features_kernel:Matern32': 18.1, '4:features_kernel:Matern32': 13.1, '5:features_kernel:Matern32': 14.1, '6:features_kernel:Matern32': 22.1, '7:features_kernel:Matern32': 16.1, '8:features_kernel:Matern32': 6.1, '9:features_kernel:Matern32': 26.1, '10:features_kernel:Matern32': 19.1, '11:features_kernel:Matern32': 26.1, 'alpha': 0.011}. Best is trial 33 with value: 15.715081235583332.
/gpfs_common/share03/ddomlab/sdehgha2/working_space/GP_collab/code_python/training/MGK_and_tools/mgktools/mgktools/kernels/base.py:225: UserWarning: The distribution is specified by [0.1, 30] and step=1, but the range is not divisible by `step`. It will be replaced with [0.1, 29.1].
  self.unique_name: trial.suggest_float(
[I 2026-04-22 10:39:09,328] Trial 34 finished with value: 15.764842759882695 and parameters: {'0:atom_AtomicNumber:kDelta': 0.9, '0:atom_AtomicNumber_list_1:kConv': 1.0, '0:atom_AtomicNumber_list_2:kConv': 0.75, '0:atom_AtomicNumber_list_3:kConv': 0.85, '0:atom_AtomicNumber_list_4:kConv': 0.9, '0:atom_MorganHash:kDelta': 0.8, '0:atom_Ring_count:kDelta': 0.85, '0:atom_RingSize_list:kConv': 0.75, '0:atom_Hcount:kDelta': 0.9, '0:atom_AtomicNumber_count_1:kDelta': 0.85, '0:atom_AtomicNumber_count_2:kDelta': 1.0, '0:atom_Chiral:kDelta': 0.85, '0:bond_Order:kDelta': 0.75, '0:bond_Stereo:kDelta': 0.8, '0:bond_RingStereo:kDelta': 0.9, '0:q:q': 0.05, '1:features_kernel:Matern32': 6.1, '2:features_kernel:Matern32': 12.1, '3:features_kernel:Matern32': 18.1, '4:features_kernel:Matern32': 13.1, '5:features_kernel:Matern32': 13.1, '6:features_kernel:Matern32': 22.1, '7:features_kernel:Matern32': 10.1, '8:features_kernel:Matern32': 7.1, '9:features_kernel:Matern32': 27.1, '10:features_kernel:Matern32': 17.1, '11:features_kernel:Matern32': 23.1, 'alpha': 0.008}. Best is trial 33 with value: 15.715081235583332.
/gpfs_common/share03/ddomlab/sdehgha2/working_space/GP_collab/code_python/training/MGK_and_tools/mgktools/mgktools/kernels/base.py:225: UserWarning: The distribution is specified by [0.1, 30] and step=1, but the range is not divisible by `step`. It will be replaced with [0.1, 29.1].
  self.unique_name: trial.suggest_float(
[I 2026-04-22 10:39:24,389] Trial 35 finished with value: 16.262051172296232 and parameters: {'0:atom_AtomicNumber:kDelta': 0.8, '0:atom_AtomicNumber_list_1:kConv': 1.0, '0:atom_AtomicNumber_list_2:kConv': 0.85, '0:atom_AtomicNumber_list_3:kConv': 0.9, '0:atom_AtomicNumber_list_4:kConv': 0.9, '0:atom_MorganHash:kDelta': 0.8, '0:atom_Ring_count:kDelta': 0.85, '0:atom_RingSize_list:kConv': 0.75, '0:atom_Hcount:kDelta': 0.9, '0:atom_AtomicNumber_count_1:kDelta': 0.85, '0:atom_AtomicNumber_count_2:kDelta': 1.0, '0:atom_Chiral:kDelta': 0.85, '0:bond_Order:kDelta': 0.75, '0:bond_Stereo:kDelta': 0.8, '0:bond_RingStereo:kDelta': 0.9, '0:q:q': 0.05, '1:features_kernel:Matern32': 0.1, '2:features_kernel:Matern32': 13.1, '3:features_kernel:Matern32': 15.1, '4:features_kernel:Matern32': 13.1, '5:features_kernel:Matern32': 13.1, '6:features_kernel:Matern32': 21.1, '7:features_kernel:Matern32': 3.1, '8:features_kernel:Matern32': 8.1, '9:features_kernel:Matern32': 26.1, '10:features_kernel:Matern32': 18.1, '11:features_kernel:Matern32': 29.1, 'alpha': 0.007}. Best is trial 33 with value: 15.715081235583332.
/gpfs_common/share03/ddomlab/sdehgha2/working_space/GP_collab/code_python/training/MGK_and_tools/mgktools/mgktools/kernels/base.py:225: UserWarning: The distribution is specified by [0.1, 30] and step=1, but the range is not divisible by `step`. It will be replaced with [0.1, 29.1].
  self.unique_name: trial.suggest_float(
[I 2026-04-22 10:39:34,702] Trial 36 finished with value: 17.212870453781797 and parameters: {'0:atom_AtomicNumber:kDelta': 0.85, '0:atom_AtomicNumber_list_1:kConv': 1.0, '0:atom_AtomicNumber_list_2:kConv': 0.8, '0:atom_AtomicNumber_list_3:kConv': 0.85, '0:atom_AtomicNumber_list_4:kConv': 0.9, '0:atom_MorganHash:kDelta': 0.85, '0:atom_Ring_count:kDelta': 0.9, '0:atom_RingSize_list:kConv': 1.0, '0:atom_Hcount:kDelta': 0.9, '0:atom_AtomicNumber_count_1:kDelta': 0.85, '0:atom_AtomicNumber_count_2:kDelta': 1.0, '0:atom_Chiral:kDelta': 0.85, '0:bond_Order:kDelta': 0.95, '0:bond_Stereo:kDelta': 0.8, '0:bond_RingStereo:kDelta': 0.9, '0:q:q': 0.44, '1:features_kernel:Matern32': 2.1, '2:features_kernel:Matern32': 10.1, '3:features_kernel:Matern32': 8.1, '4:features_kernel:Matern32': 14.1, '5:features_kernel:Matern32': 7.1, '6:features_kernel:Matern32': 24.1, '7:features_kernel:Matern32': 10.1, '8:features_kernel:Matern32': 8.1, '9:features_kernel:Matern32': 15.1, '10:features_kernel:Matern32': 14.1, '11:features_kernel:Matern32': 24.1, 'alpha': 0.011}. Best is trial 33 with value: 15.715081235583332.
/gpfs_common/share03/ddomlab/sdehgha2/working_space/GP_collab/code_python/training/MGK_and_tools/mgktools/mgktools/kernels/base.py:225: UserWarning: The distribution is specified by [0.1, 30] and step=1, but the range is not divisible by `step`. It will be replaced with [0.1, 29.1].
  self.unique_name: trial.suggest_float(
[I 2026-04-22 10:39:46,967] Trial 37 finished with value: 16.141190252773878 and parameters: {'0:atom_AtomicNumber:kDelta': 0.9, '0:atom_AtomicNumber_list_1:kConv': 0.9, '0:atom_AtomicNumber_list_2:kConv': 0.85, '0:atom_AtomicNumber_list_3:kConv': 0.85, '0:atom_AtomicNumber_list_4:kConv': 0.9, '0:atom_MorganHash:kDelta': 0.8, '0:atom_Ring_count:kDelta': 0.75, '0:atom_RingSize_list:kConv': 0.75, '0:atom_Hcount:kDelta': 0.9, '0:atom_AtomicNumber_count_1:kDelta': 0.9, '0:atom_AtomicNumber_count_2:kDelta': 0.8, '0:atom_Chiral:kDelta': 0.9, '0:bond_Order:kDelta': 0.75, '0:bond_Stereo:kDelta': 0.75, '0:bond_RingStereo:kDelta': 0.85, '0:q:q': 0.22, '1:features_kernel:Matern32': 6.1, '2:features_kernel:Matern32': 5.1, '3:features_kernel:Matern32': 12.1, '4:features_kernel:Matern32': 10.1, '5:features_kernel:Matern32': 11.1, '6:features_kernel:Matern32': 22.1, '7:features_kernel:Matern32': 7.1, '8:features_kernel:Matern32': 6.1, '9:features_kernel:Matern32': 7.1, '10:features_kernel:Matern32': 16.1, '11:features_kernel:Matern32': 16.1, 'alpha': 0.003}. Best is trial 33 with value: 15.715081235583332.
/gpfs_common/share03/ddomlab/sdehgha2/working_space/GP_collab/code_python/training/MGK_and_tools/mgktools/mgktools/kernels/base.py:225: UserWarning: The distribution is specified by [0.1, 30] and step=1, but the range is not divisible by `step`. It will be replaced with [0.1, 29.1].
  self.unique_name: trial.suggest_float(
[I 2026-04-22 10:40:01,414] Trial 38 finished with value: 16.39100748379137 and parameters: {'0:atom_AtomicNumber:kDelta': 0.85, '0:atom_AtomicNumber_list_1:kConv': 0.8, '0:atom_AtomicNumber_list_2:kConv': 0.75, '0:atom_AtomicNumber_list_3:kConv': 0.9, '0:atom_AtomicNumber_list_4:kConv': 0.9, '0:atom_MorganHash:kDelta': 0.9, '0:atom_Ring_count:kDelta': 1.0, '0:atom_RingSize_list:kConv': 0.95, '0:atom_Hcount:kDelta': 0.85, '0:atom_AtomicNumber_count_1:kDelta': 0.85, '0:atom_AtomicNumber_count_2:kDelta': 0.85, '0:atom_Chiral:kDelta': 0.85, '0:bond_Order:kDelta': 0.75, '0:bond_Stereo:kDelta': 0.8, '0:bond_RingStereo:kDelta': 0.9, '0:q:q': 0.05, '1:features_kernel:Matern32': 4.1, '2:features_kernel:Matern32': 11.1, '3:features_kernel:Matern32': 25.1, '4:features_kernel:Matern32': 6.1, '5:features_kernel:Matern32': 13.1, '6:features_kernel:Matern32': 20.1, '7:features_kernel:Matern32': 16.1, '8:features_kernel:Matern32': 10.1, '9:features_kernel:Matern32': 17.1, '10:features_kernel:Matern32': 13.1, '11:features_kernel:Matern32': 27.1, 'alpha': 0.07300000000000001}. Best is trial 33 with value: 15.715081235583332.
/gpfs_common/share03/ddomlab/sdehgha2/working_space/GP_collab/code_python/training/MGK_and_tools/mgktools/mgktools/kernels/base.py:225: UserWarning: The distribution is specified by [0.1, 30] and step=1, but the range is not divisible by `step`. It will be replaced with [0.1, 29.1].
  self.unique_name: trial.suggest_float(
[I 2026-04-22 10:40:14,167] Trial 39 finished with value: 18.206355090649737 and parameters: {'0:atom_AtomicNumber:kDelta': 0.75, '0:atom_AtomicNumber_list_1:kConv': 1.0, '0:atom_AtomicNumber_list_2:kConv': 0.95, '0:atom_AtomicNumber_list_3:kConv': 0.85, '0:atom_AtomicNumber_list_4:kConv': 1.0, '0:atom_MorganHash:kDelta': 0.85, '0:atom_Ring_count:kDelta': 0.85, '0:atom_RingSize_list:kConv': 0.8, '0:atom_Hcount:kDelta': 0.8, '0:atom_AtomicNumber_count_1:kDelta': 0.85, '0:atom_AtomicNumber_count_2:kDelta': 0.9, '0:atom_Chiral:kDelta': 0.8, '0:bond_Order:kDelta': 0.85, '0:bond_Stereo:kDelta': 0.75, '0:bond_RingStereo:kDelta': 0.85, '0:q:q': 0.18000000000000002, '1:features_kernel:Matern32': 7.1, '2:features_kernel:Matern32': 17.1, '3:features_kernel:Matern32': 22.1, '4:features_kernel:Matern32': 15.1, '5:features_kernel:Matern32': 4.1, '6:features_kernel:Matern32': 17.1, '7:features_kernel:Matern32': 5.1, '8:features_kernel:Matern32': 12.1, '9:features_kernel:Matern32': 12.1, '10:features_kernel:Matern32': 20.1, '11:features_kernel:Matern32': 23.1, 'alpha': 0.013000000000000001}. Best is trial 33 with value: 15.715081235583332.
/gpfs_common/share03/ddomlab/sdehgha2/working_space/GP_collab/code_python/training/MGK_and_tools/mgktools/mgktools/kernels/base.py:225: UserWarning: The distribution is specified by [0.1, 30] and step=1, but the range is not divisible by `step`. It will be replaced with [0.1, 29.1].
  self.unique_name: trial.suggest_float(
[I 2026-04-22 10:40:27,447] Trial 40 finished with value: 16.56985551151118 and parameters: {'0:atom_AtomicNumber:kDelta': 0.9, '0:atom_AtomicNumber_list_1:kConv': 0.85, '0:atom_AtomicNumber_list_2:kConv': 0.9, '0:atom_AtomicNumber_list_3:kConv': 0.9, '0:atom_AtomicNumber_list_4:kConv': 0.75, '0:atom_MorganHash:kDelta': 0.8, '0:atom_Ring_count:kDelta': 0.9, '0:atom_RingSize_list:kConv': 0.75, '0:atom_Hcount:kDelta': 0.9, '0:atom_AtomicNumber_count_1:kDelta': 0.9, '0:atom_AtomicNumber_count_2:kDelta': 0.95, '0:atom_Chiral:kDelta': 0.9, '0:bond_Order:kDelta': 0.8, '0:bond_Stereo:kDelta': 0.85, '0:bond_RingStereo:kDelta': 0.9, '0:q:q': 0.13, '1:features_kernel:Matern32': 1.1, '2:features_kernel:Matern32': 9.1, '3:features_kernel:Matern32': 7.1, '4:features_kernel:Matern32': 8.1, '5:features_kernel:Matern32': 15.1, '6:features_kernel:Matern32': 22.1, '7:features_kernel:Matern32': 21.1, '8:features_kernel:Matern32': 7.1, '9:features_kernel:Matern32': 9.1, '10:features_kernel:Matern32': 4.1, '11:features_kernel:Matern32': 22.1, 'alpha': 0.006}. Best is trial 33 with value: 15.715081235583332.
/gpfs_common/share03/ddomlab/sdehgha2/working_space/GP_collab/code_python/training/MGK_and_tools/mgktools/mgktools/kernels/base.py:225: UserWarning: The distribution is specified by [0.1, 30] and step=1, but the range is not divisible by `step`. It will be replaced with [0.1, 29.1].
  self.unique_name: trial.suggest_float(
[I 2026-04-22 10:40:41,468] Trial 41 finished with value: 16.18377590754835 and parameters: {'0:atom_AtomicNumber:kDelta': 0.9, '0:atom_AtomicNumber_list_1:kConv': 1.0, '0:atom_AtomicNumber_list_2:kConv': 0.75, '0:atom_AtomicNumber_list_3:kConv': 0.8, '0:atom_AtomicNumber_list_4:kConv': 0.85, '0:atom_MorganHash:kDelta': 0.8, '0:atom_Ring_count:kDelta': 0.85, '0:atom_RingSize_list:kConv': 0.75, '0:atom_Hcount:kDelta': 0.95, '0:atom_AtomicNumber_count_1:kDelta': 0.85, '0:atom_AtomicNumber_count_2:kDelta': 1.0, '0:atom_Chiral:kDelta': 0.85, '0:bond_Order:kDelta': 0.75, '0:bond_Stereo:kDelta': 0.9, '0:bond_RingStereo:kDelta': 1.0, '0:q:q': 0.06999999999999999, '1:features_kernel:Matern32': 9.1, '2:features_kernel:Matern32': 13.1, '3:features_kernel:Matern32': 19.1, '4:features_kernel:Matern32': 5.1, '5:features_kernel:Matern32': 16.1, '6:features_kernel:Matern32': 25.1, '7:features_kernel:Matern32': 11.1, '8:features_kernel:Matern32': 1.1, '9:features_kernel:Matern32': 28.1, '10:features_kernel:Matern32': 23.1, '11:features_kernel:Matern32': 20.1, 'alpha': 0.060000000000000005}. Best is trial 33 with value: 15.715081235583332.
[I 2026-04-22 11:12:10,673] Using an existing study with name 'optuna-study' instead of creating a new one.
[I 2026-04-22 11:49:51,150] Using an existing study with name 'optuna-study' instead of creating a new one.
[Parallel(n_jobs=8)]: Using backend LokyBackend with 8 concurrent workers.
[Parallel(n_jobs=8)]: Done  34 tasks      | elapsed:   25.6s
[Parallel(n_jobs=8)]: Done 318 out of 318 | elapsed:   25.6s finished
[Parallel(n_jobs=4)]: Using backend LokyBackend with 4 concurrent workers.
[Parallel(n_jobs=4)]: Done  11 out of  11 | elapsed:    2.1s finished
[I 2026-04-22 12:30:12,161] A new study created in RDB with name: optuna-study
/gpfs_common/share03/ddomlab/sdehgha2/working_space/GP_collab/code_python/training/MGK_and_tools/mgktools/mgktools/kernels/base.py:225: UserWarning: The distribution is specified by [0.1, 30] and step=1, but the range is not divisible by `step`. It will be replaced with [0.1, 29.1].
  self.unique_name: trial.suggest_float(
[I 2026-04-22 12:30:22,929] Trial 0 finished with value: 13.639566191836712 and parameters: {'0:atom_AtomicNumber:kDelta': 1.0, '0:atom_AtomicNumber_list_1:kConv': 0.8, '0:atom_AtomicNumber_list_2:kConv': 0.95, '0:atom_AtomicNumber_list_3:kConv': 0.75, '0:atom_AtomicNumber_list_4:kConv': 0.75, '0:atom_MorganHash:kDelta': 0.9, '0:atom_Ring_count:kDelta': 0.9, '0:atom_RingSize_list:kConv': 0.85, '0:atom_Hcount:kDelta': 0.85, '0:atom_AtomicNumber_count_1:kDelta': 0.9, '0:atom_AtomicNumber_count_2:kDelta': 0.85, '0:atom_Chiral:kDelta': 0.95, '0:bond_Order:kDelta': 0.9, '0:bond_Stereo:kDelta': 0.9, '0:bond_RingStereo:kDelta': 0.9, '0:q:q': 0.5, '1:features_kernel:Matern32': 24.1, '2:features_kernel:Matern32': 12.1, '3:features_kernel:Matern32': 26.1, '4:features_kernel:Matern32': 24.1, '5:features_kernel:Matern32': 1.1, '6:features_kernel:Matern32': 21.1, '7:features_kernel:Matern32': 24.1, '8:features_kernel:Matern32': 22.1, '9:features_kernel:Matern32': 21.1, '10:features_kernel:Matern32': 16.1, '11:features_kernel:Matern32': 3.1, 'alpha': 0.096}. Best is trial 0 with value: 13.639566191836712.
/gpfs_common/share03/ddomlab/sdehgha2/working_space/GP_collab/code_python/training/MGK_and_tools/mgktools/mgktools/kernels/base.py:225: UserWarning: The distribution is specified by [0.1, 30] and step=1, but the range is not divisible by `step`. It will be replaced with [0.1, 29.1].
  self.unique_name: trial.suggest_float(
[I 2026-04-22 12:30:33,491] Trial 1 finished with value: 12.620828249737762 and parameters: {'0:atom_AtomicNumber:kDelta': 0.85, '0:atom_AtomicNumber_list_1:kConv': 0.8, '0:atom_AtomicNumber_list_2:kConv': 0.95, '0:atom_AtomicNumber_list_3:kConv': 1.0, '0:atom_AtomicNumber_list_4:kConv': 0.8, '0:atom_MorganHash:kDelta': 0.95, '0:atom_Ring_count:kDelta': 0.9, '0:atom_RingSize_list:kConv': 0.95, '0:atom_Hcount:kDelta': 1.0, '0:atom_AtomicNumber_count_1:kDelta': 0.85, '0:atom_AtomicNumber_count_2:kDelta': 0.8, '0:atom_Chiral:kDelta': 0.85, '0:bond_Order:kDelta': 0.95, '0:bond_Stereo:kDelta': 0.95, '0:bond_RingStereo:kDelta': 0.85, '0:q:q': 0.5, '1:features_kernel:Matern32': 13.1, '2:features_kernel:Matern32': 11.1, '3:features_kernel:Matern32': 21.1, '4:features_kernel:Matern32': 2.1, '5:features_kernel:Matern32': 11.1, '6:features_kernel:Matern32': 23.1, '7:features_kernel:Matern32': 22.1, '8:features_kernel:Matern32': 8.1, '9:features_kernel:Matern32': 5.1, '10:features_kernel:Matern32': 14.1, '11:features_kernel:Matern32': 10.1, 'alpha': 0.074}. Best is trial 1 with value: 12.620828249737762.
/gpfs_common/share03/ddomlab/sdehgha2/working_space/GP_collab/code_python/training/MGK_and_tools/mgktools/mgktools/kernels/base.py:225: UserWarning: The distribution is specified by [0.1, 30] and step=1, but the range is not divisible by `step`. It will be replaced with [0.1, 29.1].
  self.unique_name: trial.suggest_float(
[I 2026-04-22 12:30:48,488] Trial 2 finished with value: 13.103986167524829 and parameters: {'0:atom_AtomicNumber:kDelta': 0.8, '0:atom_AtomicNumber_list_1:kConv': 0.8, '0:atom_AtomicNumber_list_2:kConv': 1.0, '0:atom_AtomicNumber_list_3:kConv': 0.9, '0:atom_AtomicNumber_list_4:kConv': 1.0, '0:atom_MorganHash:kDelta': 1.0, '0:atom_Ring_count:kDelta': 1.0, '0:atom_RingSize_list:kConv': 0.8, '0:atom_Hcount:kDelta': 0.9, '0:atom_AtomicNumber_count_1:kDelta': 0.85, '0:atom_AtomicNumber_count_2:kDelta': 0.85, '0:atom_Chiral:kDelta': 0.95, '0:bond_Order:kDelta': 0.95, '0:bond_Stereo:kDelta': 0.95, '0:bond_RingStereo:kDelta': 0.75, '0:q:q': 0.36000000000000004, '1:features_kernel:Matern32': 1.1, '2:features_kernel:Matern32': 5.1, '3:features_kernel:Matern32': 27.1, '4:features_kernel:Matern32': 12.1, '5:features_kernel:Matern32': 4.1, '6:features_kernel:Matern32': 20.1, '7:features_kernel:Matern32': 4.1, '8:features_kernel:Matern32': 19.1, '9:features_kernel:Matern32': 7.1, '10:features_kernel:Matern32': 1.1, '11:features_kernel:Matern32': 28.1, 'alpha': 0.007}. Best is trial 1 with value: 12.620828249737762.
/gpfs_common/share03/ddomlab/sdehgha2/working_space/GP_collab/code_python/training/MGK_and_tools/mgktools/mgktools/kernels/base.py:225: UserWarning: The distribution is specified by [0.1, 30] and step=1, but the range is not divisible by `step`. It will be replaced with [0.1, 29.1].
  self.unique_name: trial.suggest_float(
[I 2026-04-22 12:31:05,347] Trial 3 finished with value: 13.065150742191712 and parameters: {'0:atom_AtomicNumber:kDelta': 0.9, '0:atom_AtomicNumber_list_1:kConv': 0.85, '0:atom_AtomicNumber_list_2:kConv': 0.9, '0:atom_AtomicNumber_list_3:kConv': 1.0, '0:atom_AtomicNumber_list_4:kConv': 0.9, '0:atom_MorganHash:kDelta': 0.9, '0:atom_Ring_count:kDelta': 0.75, '0:atom_RingSize_list:kConv': 0.95, '0:atom_Hcount:kDelta': 0.8, '0:atom_AtomicNumber_count_1:kDelta': 0.85, '0:atom_AtomicNumber_count_2:kDelta': 0.75, '0:atom_Chiral:kDelta': 0.8, '0:bond_Order:kDelta': 1.0, '0:bond_Stereo:kDelta': 0.9, '0:bond_RingStereo:kDelta': 0.9, '0:q:q': 0.19, '1:features_kernel:Matern32': 24.1, '2:features_kernel:Matern32': 8.1, '3:features_kernel:Matern32': 3.1, '4:features_kernel:Matern32': 16.1, '5:features_kernel:Matern32': 8.1, '6:features_kernel:Matern32': 23.1, '7:features_kernel:Matern32': 5.1, '8:features_kernel:Matern32': 23.1, '9:features_kernel:Matern32': 18.1, '10:features_kernel:Matern32': 1.1, '11:features_kernel:Matern32': 16.1, 'alpha': 0.067}. Best is trial 1 with value: 12.620828249737762.
/gpfs_common/share03/ddomlab/sdehgha2/working_space/GP_collab/code_python/training/MGK_and_tools/mgktools/mgktools/kernels/base.py:225: UserWarning: The distribution is specified by [0.1, 30] and step=1, but the range is not divisible by `step`. It will be replaced with [0.1, 29.1].
  self.unique_name: trial.suggest_float(
[I 2026-04-22 12:31:19,396] Trial 4 finished with value: 17.22040795293821 and parameters: {'0:atom_AtomicNumber:kDelta': 1.0, '0:atom_AtomicNumber_list_1:kConv': 0.95, '0:atom_AtomicNumber_list_2:kConv': 0.95, '0:atom_AtomicNumber_list_3:kConv': 0.85, '0:atom_AtomicNumber_list_4:kConv': 0.75, '0:atom_MorganHash:kDelta': 0.95, '0:atom_Ring_count:kDelta': 0.75, '0:atom_RingSize_list:kConv': 0.9, '0:atom_Hcount:kDelta': 0.9, '0:atom_AtomicNumber_count_1:kDelta': 0.75, '0:atom_AtomicNumber_count_2:kDelta': 0.75, '0:atom_Chiral:kDelta': 0.9, '0:bond_Order:kDelta': 0.85, '0:bond_Stereo:kDelta': 0.8, '0:bond_RingStereo:kDelta': 0.75, '0:q:q': 0.32, '1:features_kernel:Matern32': 3.1, '2:features_kernel:Matern32': 0.1, '3:features_kernel:Matern32': 8.1, '4:features_kernel:Matern32': 9.1, '5:features_kernel:Matern32': 5.1, '6:features_kernel:Matern32': 2.1, '7:features_kernel:Matern32': 23.1, '8:features_kernel:Matern32': 12.1, '9:features_kernel:Matern32': 7.1, '10:features_kernel:Matern32': 15.1, '11:features_kernel:Matern32': 7.1, 'alpha': 0.08600000000000001}. Best is trial 1 with value: 12.620828249737762.
/gpfs_common/share03/ddomlab/sdehgha2/working_space/GP_collab/code_python/training/MGK_and_tools/mgktools/mgktools/kernels/base.py:225: UserWarning: The distribution is specified by [0.1, 30] and step=1, but the range is not divisible by `step`. It will be replaced with [0.1, 29.1].
  self.unique_name: trial.suggest_float(
[I 2026-04-22 12:31:38,437] Trial 5 finished with value: 18.42947873620447 and parameters: {'0:atom_AtomicNumber:kDelta': 0.85, '0:atom_AtomicNumber_list_1:kConv': 0.9, '0:atom_AtomicNumber_list_2:kConv': 1.0, '0:atom_AtomicNumber_list_3:kConv': 0.85, '0:atom_AtomicNumber_list_4:kConv': 0.8, '0:atom_MorganHash:kDelta': 1.0, '0:atom_Ring_count:kDelta': 0.9, '0:atom_RingSize_list:kConv': 1.0, '0:atom_Hcount:kDelta': 1.0, '0:atom_AtomicNumber_count_1:kDelta': 0.95, '0:atom_AtomicNumber_count_2:kDelta': 0.75, '0:atom_Chiral:kDelta': 0.9, '0:bond_Order:kDelta': 0.8, '0:bond_Stereo:kDelta': 0.75, '0:bond_RingStereo:kDelta': 0.85, '0:q:q': 0.11, '1:features_kernel:Matern32': 22.1, '2:features_kernel:Matern32': 28.1, '3:features_kernel:Matern32': 0.1, '4:features_kernel:Matern32': 7.1, '5:features_kernel:Matern32': 7.1, '6:features_kernel:Matern32': 4.1, '7:features_kernel:Matern32': 28.1, '8:features_kernel:Matern32': 7.1, '9:features_kernel:Matern32': 10.1, '10:features_kernel:Matern32': 1.1, '11:features_kernel:Matern32': 7.1, 'alpha': 0.089}. Best is trial 1 with value: 12.620828249737762.
/gpfs_common/share03/ddomlab/sdehgha2/working_space/GP_collab/code_python/training/MGK_and_tools/mgktools/mgktools/kernels/base.py:225: UserWarning: The distribution is specified by [0.1, 30] and step=1, but the range is not divisible by `step`. It will be replaced with [0.1, 29.1].
  self.unique_name: trial.suggest_float(
[I 2026-04-22 12:31:54,522] Trial 6 finished with value: 19.6730876831939 and parameters: {'0:atom_AtomicNumber:kDelta': 1.0, '0:atom_AtomicNumber_list_1:kConv': 0.9, '0:atom_AtomicNumber_list_2:kConv': 0.8, '0:atom_AtomicNumber_list_3:kConv': 0.75, '0:atom_AtomicNumber_list_4:kConv': 1.0, '0:atom_MorganHash:kDelta': 0.75, '0:atom_Ring_count:kDelta': 0.8, '0:atom_RingSize_list:kConv': 0.9, '0:atom_Hcount:kDelta': 0.8, '0:atom_AtomicNumber_count_1:kDelta': 1.0, '0:atom_AtomicNumber_count_2:kDelta': 0.9, '0:atom_Chiral:kDelta': 0.85, '0:bond_Order:kDelta': 1.0, '0:bond_Stereo:kDelta': 1.0, '0:bond_RingStereo:kDelta': 0.8, '0:q:q': 0.01, '1:features_kernel:Matern32': 20.1, '2:features_kernel:Matern32': 8.1, '3:features_kernel:Matern32': 0.1, '4:features_kernel:Matern32': 2.1, '5:features_kernel:Matern32': 12.1, '6:features_kernel:Matern32': 3.1, '7:features_kernel:Matern32': 6.1, '8:features_kernel:Matern32': 22.1, '9:features_kernel:Matern32': 13.1, '10:features_kernel:Matern32': 3.1, '11:features_kernel:Matern32': 6.1, 'alpha': 0.094}. Best is trial 1 with value: 12.620828249737762.
/gpfs_common/share03/ddomlab/sdehgha2/working_space/GP_collab/code_python/training/MGK_and_tools/mgktools/mgktools/kernels/base.py:225: UserWarning: The distribution is specified by [0.1, 30] and step=1, but the range is not divisible by `step`. It will be replaced with [0.1, 29.1].
  self.unique_name: trial.suggest_float(
[I 2026-04-22 12:32:06,599] Trial 7 finished with value: 14.131402774040815 and parameters: {'0:atom_AtomicNumber:kDelta': 0.75, '0:atom_AtomicNumber_list_1:kConv': 0.9, '0:atom_AtomicNumber_list_2:kConv': 0.9, '0:atom_AtomicNumber_list_3:kConv': 0.95, '0:atom_AtomicNumber_list_4:kConv': 0.9, '0:atom_MorganHash:kDelta': 0.95, '0:atom_Ring_count:kDelta': 0.95, '0:atom_RingSize_list:kConv': 0.9, '0:atom_Hcount:kDelta': 0.8, '0:atom_AtomicNumber_count_1:kDelta': 0.95, '0:atom_AtomicNumber_count_2:kDelta': 0.8, '0:atom_Chiral:kDelta': 1.0, '0:bond_Order:kDelta': 0.9, '0:bond_Stereo:kDelta': 0.75, '0:bond_RingStereo:kDelta': 1.0, '0:q:q': 0.24000000000000002, '1:features_kernel:Matern32': 28.1, '2:features_kernel:Matern32': 1.1, '3:features_kernel:Matern32': 3.1, '4:features_kernel:Matern32': 22.1, '5:features_kernel:Matern32': 1.1, '6:features_kernel:Matern32': 13.1, '7:features_kernel:Matern32': 24.1, '8:features_kernel:Matern32': 12.1, '9:features_kernel:Matern32': 5.1, '10:features_kernel:Matern32': 25.1, '11:features_kernel:Matern32': 3.1, 'alpha': 0.029}. Best is trial 1 with value: 12.620828249737762.
/gpfs_common/share03/ddomlab/sdehgha2/working_space/GP_collab/code_python/training/MGK_and_tools/mgktools/mgktools/kernels/base.py:225: UserWarning: The distribution is specified by [0.1, 30] and step=1, but the range is not divisible by `step`. It will be replaced with [0.1, 29.1].
  self.unique_name: trial.suggest_float(
[I 2026-04-22 12:32:20,798] Trial 8 finished with value: 15.752482776869831 and parameters: {'0:atom_AtomicNumber:kDelta': 0.8, '0:atom_AtomicNumber_list_1:kConv': 0.85, '0:atom_AtomicNumber_list_2:kConv': 0.8, '0:atom_AtomicNumber_list_3:kConv': 1.0, '0:atom_AtomicNumber_list_4:kConv': 0.95, '0:atom_MorganHash:kDelta': 0.95, '0:atom_Ring_count:kDelta': 0.75, '0:atom_RingSize_list:kConv': 0.9, '0:atom_Hcount:kDelta': 1.0, '0:atom_AtomicNumber_count_1:kDelta': 1.0, '0:atom_AtomicNumber_count_2:kDelta': 0.9, '0:atom_Chiral:kDelta': 0.8, '0:bond_Order:kDelta': 0.8, '0:bond_Stereo:kDelta': 0.9, '0:bond_RingStereo:kDelta': 0.95, '0:q:q': 0.16, '1:features_kernel:Matern32': 20.1, '2:features_kernel:Matern32': 15.1, '3:features_kernel:Matern32': 24.1, '4:features_kernel:Matern32': 20.1, '5:features_kernel:Matern32': 27.1, '6:features_kernel:Matern32': 3.1, '7:features_kernel:Matern32': 25.1, '8:features_kernel:Matern32': 28.1, '9:features_kernel:Matern32': 17.1, '10:features_kernel:Matern32': 0.1, '11:features_kernel:Matern32': 1.1, 'alpha': 0.042}. Best is trial 1 with value: 12.620828249737762.
/gpfs_common/share03/ddomlab/sdehgha2/working_space/GP_collab/code_python/training/MGK_and_tools/mgktools/mgktools/kernels/base.py:225: UserWarning: The distribution is specified by [0.1, 30] and step=1, but the range is not divisible by `step`. It will be replaced with [0.1, 29.1].
  self.unique_name: trial.suggest_float(
[I 2026-04-22 12:32:35,908] Trial 9 finished with value: 12.535428298646773 and parameters: {'0:atom_AtomicNumber:kDelta': 0.85, '0:atom_AtomicNumber_list_1:kConv': 0.85, '0:atom_AtomicNumber_list_2:kConv': 0.95, '0:atom_AtomicNumber_list_3:kConv': 0.95, '0:atom_AtomicNumber_list_4:kConv': 0.95, '0:atom_MorganHash:kDelta': 0.85, '0:atom_Ring_count:kDelta': 0.9, '0:atom_RingSize_list:kConv': 0.85, '0:atom_Hcount:kDelta': 0.95, '0:atom_AtomicNumber_count_1:kDelta': 0.9, '0:atom_AtomicNumber_count_2:kDelta': 0.9, '0:atom_Chiral:kDelta': 0.85, '0:bond_Order:kDelta': 0.9, '0:bond_Stereo:kDelta': 1.0, '0:bond_RingStereo:kDelta': 0.9, '0:q:q': 0.06999999999999999, '1:features_kernel:Matern32': 2.1, '2:features_kernel:Matern32': 20.1, '3:features_kernel:Matern32': 10.1, '4:features_kernel:Matern32': 9.1, '5:features_kernel:Matern32': 26.1, '6:features_kernel:Matern32': 25.1, '7:features_kernel:Matern32': 24.1, '8:features_kernel:Matern32': 10.1, '9:features_kernel:Matern32': 19.1, '10:features_kernel:Matern32': 17.1, '11:features_kernel:Matern32': 7.1, 'alpha': 0.059000000000000004}. Best is trial 9 with value: 12.535428298646773.
/gpfs_common/share03/ddomlab/sdehgha2/working_space/GP_collab/code_python/training/MGK_and_tools/mgktools/mgktools/kernels/base.py:225: UserWarning: The distribution is specified by [0.1, 30] and step=1, but the range is not divisible by `step`. It will be replaced with [0.1, 29.1].
  self.unique_name: trial.suggest_float(
[I 2026-04-22 12:32:51,426] Trial 10 finished with value: 12.513519206025585 and parameters: {'0:atom_AtomicNumber:kDelta': 0.9, '0:atom_AtomicNumber_list_1:kConv': 1.0, '0:atom_AtomicNumber_list_2:kConv': 0.75, '0:atom_AtomicNumber_list_3:kConv': 0.9, '0:atom_AtomicNumber_list_4:kConv': 0.95, '0:atom_MorganHash:kDelta': 0.8, '0:atom_Ring_count:kDelta': 0.85, '0:atom_RingSize_list:kConv': 0.75, '0:atom_Hcount:kDelta': 0.95, '0:atom_AtomicNumber_count_1:kDelta': 0.75, '0:atom_AtomicNumber_count_2:kDelta': 1.0, '0:atom_Chiral:kDelta': 0.75, '0:bond_Order:kDelta': 0.75, '0:bond_Stereo:kDelta': 1.0, '0:bond_RingStereo:kDelta': 1.0, '0:q:q': 0.01, '1:features_kernel:Matern32': 8.1, '2:features_kernel:Matern32': 21.1, '3:features_kernel:Matern32': 15.1, '4:features_kernel:Matern32': 27.1, '5:features_kernel:Matern32': 23.1, '6:features_kernel:Matern32': 27.1, '7:features_kernel:Matern32': 12.1, '8:features_kernel:Matern32': 0.1, '9:features_kernel:Matern32': 29.1, '10:features_kernel:Matern32': 29.1, '11:features_kernel:Matern32': 18.1, 'alpha': 0.049}. Best is trial 10 with value: 12.513519206025585.
/gpfs_common/share03/ddomlab/sdehgha2/working_space/GP_collab/code_python/training/MGK_and_tools/mgktools/mgktools/kernels/base.py:225: UserWarning: The distribution is specified by [0.1, 30] and step=1, but the range is not divisible by `step`. It will be replaced with [0.1, 29.1].
  self.unique_name: trial.suggest_float(
[I 2026-04-22 12:33:08,518] Trial 11 finished with value: 12.511564464386197 and parameters: {'0:atom_AtomicNumber:kDelta': 0.9, '0:atom_AtomicNumber_list_1:kConv': 1.0, '0:atom_AtomicNumber_list_2:kConv': 0.75, '0:atom_AtomicNumber_list_3:kConv': 0.9, '0:atom_AtomicNumber_list_4:kConv': 0.95, '0:atom_MorganHash:kDelta': 0.8, '0:atom_Ring_count:kDelta': 0.85, '0:atom_RingSize_list:kConv': 0.75, '0:atom_Hcount:kDelta': 0.95, '0:atom_AtomicNumber_count_1:kDelta': 0.75, '0:atom_AtomicNumber_count_2:kDelta': 1.0, '0:atom_Chiral:kDelta': 0.75, '0:bond_Order:kDelta': 0.75, '0:bond_Stereo:kDelta': 1.0, '0:bond_RingStereo:kDelta': 1.0, '0:q:q': 0.01, '1:features_kernel:Matern32': 8.1, '2:features_kernel:Matern32': 21.1, '3:features_kernel:Matern32': 14.1, '4:features_kernel:Matern32': 28.1, '5:features_kernel:Matern32': 24.1, '6:features_kernel:Matern32': 29.1, '7:features_kernel:Matern32': 14.1, '8:features_kernel:Matern32': 0.1, '9:features_kernel:Matern32': 29.1, '10:features_kernel:Matern32': 29.1, '11:features_kernel:Matern32': 21.1, 'alpha': 0.054}. Best is trial 11 with value: 12.511564464386197.
/gpfs_common/share03/ddomlab/sdehgha2/working_space/GP_collab/code_python/training/MGK_and_tools/mgktools/mgktools/kernels/base.py:225: UserWarning: The distribution is specified by [0.1, 30] and step=1, but the range is not divisible by `step`. It will be replaced with [0.1, 29.1].
  self.unique_name: trial.suggest_float(
[I 2026-04-22 12:33:23,864] Trial 12 finished with value: 12.498811535371557 and parameters: {'0:atom_AtomicNumber:kDelta': 0.9, '0:atom_AtomicNumber_list_1:kConv': 1.0, '0:atom_AtomicNumber_list_2:kConv': 0.75, '0:atom_AtomicNumber_list_3:kConv': 0.9, '0:atom_AtomicNumber_list_4:kConv': 0.95, '0:atom_MorganHash:kDelta': 0.8, '0:atom_Ring_count:kDelta': 0.85, '0:atom_RingSize_list:kConv': 0.75, '0:atom_Hcount:kDelta': 0.95, '0:atom_AtomicNumber_count_1:kDelta': 0.75, '0:atom_AtomicNumber_count_2:kDelta': 1.0, '0:atom_Chiral:kDelta': 0.75, '0:bond_Order:kDelta': 0.75, '0:bond_Stereo:kDelta': 1.0, '0:bond_RingStereo:kDelta': 1.0, '0:q:q': 0.02, '1:features_kernel:Matern32': 9.1, '2:features_kernel:Matern32': 23.1, '3:features_kernel:Matern32': 17.1, '4:features_kernel:Matern32': 29.1, '5:features_kernel:Matern32': 19.1, '6:features_kernel:Matern32': 28.1, '7:features_kernel:Matern32': 12.1, '8:features_kernel:Matern32': 0.1, '9:features_kernel:Matern32': 29.1, '10:features_kernel:Matern32': 29.1, '11:features_kernel:Matern32': 18.1, 'alpha': 0.041}. Best is trial 12 with value: 12.498811535371557.
/gpfs_common/share03/ddomlab/sdehgha2/working_space/GP_collab/code_python/training/MGK_and_tools/mgktools/mgktools/kernels/base.py:225: UserWarning: The distribution is specified by [0.1, 30] and step=1, but the range is not divisible by `step`. It will be replaced with [0.1, 29.1].
  self.unique_name: trial.suggest_float(
[I 2026-04-22 12:33:37,497] Trial 13 finished with value: 12.486407813062648 and parameters: {'0:atom_AtomicNumber:kDelta': 0.95, '0:atom_AtomicNumber_list_1:kConv': 1.0, '0:atom_AtomicNumber_list_2:kConv': 0.75, '0:atom_AtomicNumber_list_3:kConv': 0.8, '0:atom_AtomicNumber_list_4:kConv': 0.85, '0:atom_MorganHash:kDelta': 0.75, '0:atom_Ring_count:kDelta': 0.85, '0:atom_RingSize_list:kConv': 0.75, '0:atom_Hcount:kDelta': 0.95, '0:atom_AtomicNumber_count_1:kDelta': 0.8, '0:atom_AtomicNumber_count_2:kDelta': 1.0, '0:atom_Chiral:kDelta': 0.75, '0:bond_Order:kDelta': 0.75, '0:bond_Stereo:kDelta': 0.95, '0:bond_RingStereo:kDelta': 1.0, '0:q:q': 0.08, '1:features_kernel:Matern32': 10.1, '2:features_kernel:Matern32': 28.1, '3:features_kernel:Matern32': 17.1, '4:features_kernel:Matern32': 29.1, '5:features_kernel:Matern32': 19.1, '6:features_kernel:Matern32': 29.1, '7:features_kernel:Matern32': 13.1, '8:features_kernel:Matern32': 0.1, '9:features_kernel:Matern32': 28.1, '10:features_kernel:Matern32': 24.1, '11:features_kernel:Matern32': 22.1, 'alpha': 0.025}. Best is trial 13 with value: 12.486407813062648.
/gpfs_common/share03/ddomlab/sdehgha2/working_space/GP_collab/code_python/training/MGK_and_tools/mgktools/mgktools/kernels/base.py:225: UserWarning: The distribution is specified by [0.1, 30] and step=1, but the range is not divisible by `step`. It will be replaced with [0.1, 29.1].
  self.unique_name: trial.suggest_float(
[I 2026-04-22 12:33:51,212] Trial 14 finished with value: 12.767875770040222 and parameters: {'0:atom_AtomicNumber:kDelta': 0.95, '0:atom_AtomicNumber_list_1:kConv': 0.95, '0:atom_AtomicNumber_list_2:kConv': 0.8, '0:atom_AtomicNumber_list_3:kConv': 0.8, '0:atom_AtomicNumber_list_4:kConv': 0.85, '0:atom_MorganHash:kDelta': 0.75, '0:atom_Ring_count:kDelta': 0.8, '0:atom_RingSize_list:kConv': 0.8, '0:atom_Hcount:kDelta': 0.9, '0:atom_AtomicNumber_count_1:kDelta': 0.8, '0:atom_AtomicNumber_count_2:kDelta': 0.95, '0:atom_Chiral:kDelta': 0.75, '0:bond_Order:kDelta': 0.8, '0:bond_Stereo:kDelta': 0.95, '0:bond_RingStereo:kDelta': 0.95, '0:q:q': 0.09, '1:features_kernel:Matern32': 14.1, '2:features_kernel:Matern32': 28.1, '3:features_kernel:Matern32': 19.1, '4:features_kernel:Matern32': 29.1, '5:features_kernel:Matern32': 18.1, '6:features_kernel:Matern32': 15.1, '7:features_kernel:Matern32': 10.1, '8:features_kernel:Matern32': 4.1, '9:features_kernel:Matern32': 24.1, '10:features_kernel:Matern32': 22.1, '11:features_kernel:Matern32': 24.1, 'alpha': 0.021}. Best is trial 13 with value: 12.486407813062648.
/gpfs_common/share03/ddomlab/sdehgha2/working_space/GP_collab/code_python/training/MGK_and_tools/mgktools/mgktools/kernels/base.py:225: UserWarning: The distribution is specified by [0.1, 30] and step=1, but the range is not divisible by `step`. It will be replaced with [0.1, 29.1].
  self.unique_name: trial.suggest_float(
[I 2026-04-22 12:34:04,109] Trial 15 finished with value: 12.606701190861491 and parameters: {'0:atom_AtomicNumber:kDelta': 0.95, '0:atom_AtomicNumber_list_1:kConv': 1.0, '0:atom_AtomicNumber_list_2:kConv': 0.85, '0:atom_AtomicNumber_list_3:kConv': 0.8, '0:atom_AtomicNumber_list_4:kConv': 0.85, '0:atom_MorganHash:kDelta': 0.8, '0:atom_Ring_count:kDelta': 0.8, '0:atom_RingSize_list:kConv': 0.8, '0:atom_Hcount:kDelta': 0.95, '0:atom_AtomicNumber_count_1:kDelta': 0.8, '0:atom_AtomicNumber_count_2:kDelta': 0.95, '0:atom_Chiral:kDelta': 0.8, '0:bond_Order:kDelta': 0.75, '0:bond_Stereo:kDelta': 0.85, '0:bond_RingStereo:kDelta': 0.95, '0:q:q': 0.15000000000000002, '1:features_kernel:Matern32': 9.1, '2:features_kernel:Matern32': 25.1, '3:features_kernel:Matern32': 17.1, '4:features_kernel:Matern32': 18.1, '5:features_kernel:Matern32': 18.1, '6:features_kernel:Matern32': 18.1, '7:features_kernel:Matern32': 18.1, '8:features_kernel:Matern32': 4.1, '9:features_kernel:Matern32': 24.1, '10:features_kernel:Matern32': 22.1, '11:features_kernel:Matern32': 23.1, 'alpha': 0.034}. Best is trial 13 with value: 12.486407813062648.
/gpfs_common/share03/ddomlab/sdehgha2/working_space/GP_collab/code_python/training/MGK_and_tools/mgktools/mgktools/kernels/base.py:225: UserWarning: The distribution is specified by [0.1, 30] and step=1, but the range is not divisible by `step`. It will be replaced with [0.1, 29.1].
  self.unique_name: trial.suggest_float(
[I 2026-04-22 12:34:15,790] Trial 16 finished with value: 15.88850779673241 and parameters: {'0:atom_AtomicNumber:kDelta': 0.95, '0:atom_AtomicNumber_list_1:kConv': 0.95, '0:atom_AtomicNumber_list_2:kConv': 0.75, '0:atom_AtomicNumber_list_3:kConv': 0.8, '0:atom_AtomicNumber_list_4:kConv': 0.9, '0:atom_MorganHash:kDelta': 0.75, '0:atom_Ring_count:kDelta': 0.85, '0:atom_RingSize_list:kConv': 0.75, '0:atom_Hcount:kDelta': 0.75, '0:atom_AtomicNumber_count_1:kDelta': 0.8, '0:atom_AtomicNumber_count_2:kDelta': 1.0, '0:atom_Chiral:kDelta': 0.75, '0:bond_Order:kDelta': 0.85, '0:bond_Stereo:kDelta': 0.95, '0:bond_RingStereo:kDelta': 1.0, '0:q:q': 0.25, '1:features_kernel:Matern32': 12.1, '2:features_kernel:Matern32': 24.1, '3:features_kernel:Matern32': 10.1, '4:features_kernel:Matern32': 24.1, '5:features_kernel:Matern32': 19.1, '6:features_kernel:Matern32': 8.1, '7:features_kernel:Matern32': 18.1, '8:features_kernel:Matern32': 4.1, '9:features_kernel:Matern32': 25.1, '10:features_kernel:Matern32': 9.1, '11:features_kernel:Matern32': 13.1, 'alpha': 0.001}. Best is trial 13 with value: 12.486407813062648.
/gpfs_common/share03/ddomlab/sdehgha2/working_space/GP_collab/code_python/training/MGK_and_tools/mgktools/mgktools/kernels/base.py:225: UserWarning: The distribution is specified by [0.1, 30] and step=1, but the range is not divisible by `step`. It will be replaced with [0.1, 29.1].
  self.unique_name: trial.suggest_float(
[I 2026-04-22 12:34:29,464] Trial 17 finished with value: 12.64842057495499 and parameters: {'0:atom_AtomicNumber:kDelta': 0.95, '0:atom_AtomicNumber_list_1:kConv': 0.75, '0:atom_AtomicNumber_list_2:kConv': 0.85, '0:atom_AtomicNumber_list_3:kConv': 0.85, '0:atom_AtomicNumber_list_4:kConv': 0.85, '0:atom_MorganHash:kDelta': 0.85, '0:atom_Ring_count:kDelta': 0.95, '0:atom_RingSize_list:kConv': 0.8, '0:atom_Hcount:kDelta': 0.85, '0:atom_AtomicNumber_count_1:kDelta': 0.8, '0:atom_AtomicNumber_count_2:kDelta': 0.95, '0:atom_Chiral:kDelta': 0.8, '0:bond_Order:kDelta': 0.8, '0:bond_Stereo:kDelta': 0.85, '0:bond_RingStereo:kDelta': 0.95, '0:q:q': 0.08, '1:features_kernel:Matern32': 5.1, '2:features_kernel:Matern32': 17.1, '3:features_kernel:Matern32': 22.1, '4:features_kernel:Matern32': 27.1, '5:features_kernel:Matern32': 14.1, '6:features_kernel:Matern32': 29.1, '7:features_kernel:Matern32': 0.1, '8:features_kernel:Matern32': 17.1, '9:features_kernel:Matern32': 26.1, '10:features_kernel:Matern32': 26.1, '11:features_kernel:Matern32': 29.1, 'alpha': 0.017}. Best is trial 13 with value: 12.486407813062648.
/gpfs_common/share03/ddomlab/sdehgha2/working_space/GP_collab/code_python/training/MGK_and_tools/mgktools/mgktools/kernels/base.py:225: UserWarning: The distribution is specified by [0.1, 30] and step=1, but the range is not divisible by `step`. It will be replaced with [0.1, 29.1].
  self.unique_name: trial.suggest_float(
[I 2026-04-22 12:34:40,958] Trial 18 finished with value: 12.999001729400916 and parameters: {'0:atom_AtomicNumber:kDelta': 0.9, '0:atom_AtomicNumber_list_1:kConv': 1.0, '0:atom_AtomicNumber_list_2:kConv': 0.8, '0:atom_AtomicNumber_list_3:kConv': 0.95, '0:atom_AtomicNumber_list_4:kConv': 0.8, '0:atom_MorganHash:kDelta': 0.8, '0:atom_Ring_count:kDelta': 0.8, '0:atom_RingSize_list:kConv': 0.75, '0:atom_Hcount:kDelta': 0.95, '0:atom_AtomicNumber_count_1:kDelta': 0.75, '0:atom_AtomicNumber_count_2:kDelta': 1.0, '0:atom_Chiral:kDelta': 0.75, '0:bond_Order:kDelta': 0.75, '0:bond_Stereo:kDelta': 0.95, '0:bond_RingStereo:kDelta': 1.0, '0:q:q': 0.35000000000000003, '1:features_kernel:Matern32': 16.1, '2:features_kernel:Matern32': 29.1, '3:features_kernel:Matern32': 14.1, '4:features_kernel:Matern32': 24.1, '5:features_kernel:Matern32': 21.1, '6:features_kernel:Matern32': 11.1, '7:features_kernel:Matern32': 9.1, '8:features_kernel:Matern32': 0.1, '9:features_kernel:Matern32': 1.1, '10:features_kernel:Matern32': 20.1, '11:features_kernel:Matern32': 19.1, 'alpha': 0.039}. Best is trial 13 with value: 12.486407813062648.
/gpfs_common/share03/ddomlab/sdehgha2/working_space/GP_collab/code_python/training/MGK_and_tools/mgktools/mgktools/kernels/base.py:225: UserWarning: The distribution is specified by [0.1, 30] and step=1, but the range is not divisible by `step`. It will be replaced with [0.1, 29.1].
  self.unique_name: trial.suggest_float(
[I 2026-04-22 12:34:59,918] Trial 19 finished with value: 12.485199003242077 and parameters: {'0:atom_AtomicNumber:kDelta': 0.95, '0:atom_AtomicNumber_list_1:kConv': 0.95, '0:atom_AtomicNumber_list_2:kConv': 0.75, '0:atom_AtomicNumber_list_3:kConv': 0.8, '0:atom_AtomicNumber_list_4:kConv': 1.0, '0:atom_MorganHash:kDelta': 0.75, '0:atom_Ring_count:kDelta': 0.95, '0:atom_RingSize_list:kConv': 0.85, '0:atom_Hcount:kDelta': 1.0, '0:atom_AtomicNumber_count_1:kDelta': 0.8, '0:atom_AtomicNumber_count_2:kDelta': 0.95, '0:atom_Chiral:kDelta': 0.8, '0:bond_Order:kDelta': 0.85, '0:bond_Stereo:kDelta': 1.0, '0:bond_RingStereo:kDelta': 0.95, '0:q:q': 0.05, '1:features_kernel:Matern32': 10.1, '2:features_kernel:Matern32': 25.1, '3:features_kernel:Matern32': 18.1, '4:features_kernel:Matern32': 15.1, '5:features_kernel:Matern32': 29.1, '6:features_kernel:Matern32': 26.1, '7:features_kernel:Matern32': 18.1, '8:features_kernel:Matern32': 3.1, '9:features_kernel:Matern32': 21.1, '10:features_kernel:Matern32': 26.1, '11:features_kernel:Matern32': 14.1, 'alpha': 0.023}. Best is trial 19 with value: 12.485199003242077.
/gpfs_common/share03/ddomlab/sdehgha2/working_space/GP_collab/code_python/training/MGK_and_tools/mgktools/mgktools/kernels/base.py:225: UserWarning: The distribution is specified by [0.1, 30] and step=1, but the range is not divisible by `step`. It will be replaced with [0.1, 29.1].
  self.unique_name: trial.suggest_float(
[I 2026-04-22 12:35:16,051] Trial 20 finished with value: 12.70747426352208 and parameters: {'0:atom_AtomicNumber:kDelta': 0.95, '0:atom_AtomicNumber_list_1:kConv': 0.95, '0:atom_AtomicNumber_list_2:kConv': 0.85, '0:atom_AtomicNumber_list_3:kConv': 0.75, '0:atom_AtomicNumber_list_4:kConv': 1.0, '0:atom_MorganHash:kDelta': 0.75, '0:atom_Ring_count:kDelta': 1.0, '0:atom_RingSize_list:kConv': 0.85, '0:atom_Hcount:kDelta': 1.0, '0:atom_AtomicNumber_count_1:kDelta': 0.8, '0:atom_AtomicNumber_count_2:kDelta': 0.95, '0:atom_Chiral:kDelta': 0.8, '0:bond_Order:kDelta': 0.85, '0:bond_Stereo:kDelta': 0.9, '0:bond_RingStereo:kDelta': 0.95, '0:q:q': 0.19, '1:features_kernel:Matern32': 16.1, '2:features_kernel:Matern32': 26.1, '3:features_kernel:Matern32': 21.1, '4:features_kernel:Matern32': 14.1, '5:features_kernel:Matern32': 27.1, '6:features_kernel:Matern32': 17.1, '7:features_kernel:Matern32': 18.1, '8:features_kernel:Matern32': 6.1, '9:features_kernel:Matern32': 22.1, '10:features_kernel:Matern32': 10.1, '11:features_kernel:Matern32': 13.1, 'alpha': 0.017}. Best is trial 19 with value: 12.485199003242077.
/gpfs_common/share03/ddomlab/sdehgha2/working_space/GP_collab/code_python/training/MGK_and_tools/mgktools/mgktools/kernels/base.py:225: UserWarning: The distribution is specified by [0.1, 30] and step=1, but the range is not divisible by `step`. It will be replaced with [0.1, 29.1].
  self.unique_name: trial.suggest_float(
[I 2026-04-22 12:35:32,858] Trial 21 finished with value: 12.491252998063032 and parameters: {'0:atom_AtomicNumber:kDelta': 0.95, '0:atom_AtomicNumber_list_1:kConv': 1.0, '0:atom_AtomicNumber_list_2:kConv': 0.75, '0:atom_AtomicNumber_list_3:kConv': 0.8, '0:atom_AtomicNumber_list_4:kConv': 1.0, '0:atom_MorganHash:kDelta': 0.75, '0:atom_Ring_count:kDelta': 0.95, '0:atom_RingSize_list:kConv': 0.8, '0:atom_Hcount:kDelta': 1.0, '0:atom_AtomicNumber_count_1:kDelta': 0.75, '0:atom_AtomicNumber_count_2:kDelta': 1.0, '0:atom_Chiral:kDelta': 0.75, '0:bond_Order:kDelta': 0.8, '0:bond_Stereo:kDelta': 1.0, '0:bond_RingStereo:kDelta': 1.0, '0:q:q': 0.060000000000000005, '1:features_kernel:Matern32': 6.1, '2:features_kernel:Matern32': 23.1, '3:features_kernel:Matern32': 18.1, '4:features_kernel:Matern32': 20.1, '5:features_kernel:Matern32': 29.1, '6:features_kernel:Matern32': 25.1, '7:features_kernel:Matern32': 16.1, '8:features_kernel:Matern32': 2.1, '9:features_kernel:Matern32': 27.1, '10:features_kernel:Matern32': 26.1, '11:features_kernel:Matern32': 15.1, 'alpha': 0.028}. Best is trial 19 with value: 12.485199003242077.
/gpfs_common/share03/ddomlab/sdehgha2/working_space/GP_collab/code_python/training/MGK_and_tools/mgktools/mgktools/kernels/base.py:225: UserWarning: The distribution is specified by [0.1, 30] and step=1, but the range is not divisible by `step`. It will be replaced with [0.1, 29.1].
  self.unique_name: trial.suggest_float(
[I 2026-04-22 12:35:47,116] Trial 22 finished with value: 12.490273695715596 and parameters: {'0:atom_AtomicNumber:kDelta': 1.0, '0:atom_AtomicNumber_list_1:kConv': 0.95, '0:atom_AtomicNumber_list_2:kConv': 0.75, '0:atom_AtomicNumber_list_3:kConv': 0.8, '0:atom_AtomicNumber_list_4:kConv': 1.0, '0:atom_MorganHash:kDelta': 0.75, '0:atom_Ring_count:kDelta': 0.95, '0:atom_RingSize_list:kConv': 0.8, '0:atom_Hcount:kDelta': 1.0, '0:atom_AtomicNumber_count_1:kDelta': 0.8, '0:atom_AtomicNumber_count_2:kDelta': 0.95, '0:atom_Chiral:kDelta': 0.8, '0:bond_Order:kDelta': 0.8, '0:bond_Stereo:kDelta': 1.0, '0:bond_RingStereo:kDelta': 0.95, '0:q:q': 0.060000000000000005, '1:features_kernel:Matern32': 5.1, '2:features_kernel:Matern32': 19.1, '3:features_kernel:Matern32': 29.1, '4:features_kernel:Matern32': 18.1, '5:features_kernel:Matern32': 29.1, '6:features_kernel:Matern32': 26.1, '7:features_kernel:Matern32': 16.1, '8:features_kernel:Matern32': 3.1, '9:features_kernel:Matern32': 26.1, '10:features_kernel:Matern32': 25.1, '11:features_kernel:Matern32': 15.1, 'alpha': 0.026000000000000002}. Best is trial 19 with value: 12.485199003242077.
/gpfs_common/share03/ddomlab/sdehgha2/working_space/GP_collab/code_python/training/MGK_and_tools/mgktools/mgktools/kernels/base.py:225: UserWarning: The distribution is specified by [0.1, 30] and step=1, but the range is not divisible by `step`. It will be replaced with [0.1, 29.1].
  self.unique_name: trial.suggest_float(
[I 2026-04-22 12:36:01,170] Trial 23 finished with value: 12.58622948612496 and parameters: {'0:atom_AtomicNumber:kDelta': 1.0, '0:atom_AtomicNumber_list_1:kConv': 0.95, '0:atom_AtomicNumber_list_2:kConv': 0.8, '0:atom_AtomicNumber_list_3:kConv': 0.8, '0:atom_AtomicNumber_list_4:kConv': 1.0, '0:atom_MorganHash:kDelta': 0.75, '0:atom_Ring_count:kDelta': 0.95, '0:atom_RingSize_list:kConv': 0.85, '0:atom_Hcount:kDelta': 1.0, '0:atom_AtomicNumber_count_1:kDelta': 0.85, '0:atom_AtomicNumber_count_2:kDelta': 0.95, '0:atom_Chiral:kDelta': 0.8, '0:bond_Order:kDelta': 0.85, '0:bond_Stereo:kDelta': 0.95, '0:bond_RingStereo:kDelta': 0.95, '0:q:q': 0.09999999999999999, '1:features_kernel:Matern32': 11.1, '2:features_kernel:Matern32': 18.1, '3:features_kernel:Matern32': 29.1, '4:features_kernel:Matern32': 13.1, '5:features_kernel:Matern32': 24.1, '6:features_kernel:Matern32': 25.1, '7:features_kernel:Matern32': 20.1, '8:features_kernel:Matern32': 3.1, '9:features_kernel:Matern32': 21.1, '10:features_kernel:Matern32': 23.1, '11:features_kernel:Matern32': 11.1, 'alpha': 0.011}. Best is trial 19 with value: 12.485199003242077.
/gpfs_common/share03/ddomlab/sdehgha2/working_space/GP_collab/code_python/training/MGK_and_tools/mgktools/mgktools/kernels/base.py:225: UserWarning: The distribution is specified by [0.1, 30] and step=1, but the range is not divisible by `step`. It will be replaced with [0.1, 29.1].
  self.unique_name: trial.suggest_float(
[I 2026-04-22 12:36:14,617] Trial 24 finished with value: 12.484136121254316 and parameters: {'0:atom_AtomicNumber:kDelta': 1.0, '0:atom_AtomicNumber_list_1:kConv': 0.95, '0:atom_AtomicNumber_list_2:kConv': 0.75, '0:atom_AtomicNumber_list_3:kConv': 0.75, '0:atom_AtomicNumber_list_4:kConv': 0.9, '0:atom_MorganHash:kDelta': 0.85, '0:atom_Ring_count:kDelta': 1.0, '0:atom_RingSize_list:kConv': 0.8, '0:atom_Hcount:kDelta': 1.0, '0:atom_AtomicNumber_count_1:kDelta': 0.8, '0:atom_AtomicNumber_count_2:kDelta': 0.95, '0:atom_Chiral:kDelta': 0.85, '0:bond_Order:kDelta': 0.8, '0:bond_Stereo:kDelta': 1.0, '0:bond_RingStereo:kDelta': 0.9, '0:q:q': 0.15000000000000002, '1:features_kernel:Matern32': 5.1, '2:features_kernel:Matern32': 26.1, '3:features_kernel:Matern32': 24.1, '4:features_kernel:Matern32': 17.1, '5:features_kernel:Matern32': 28.1, '6:features_kernel:Matern32': 26.1, '7:features_kernel:Matern32': 15.1, '8:features_kernel:Matern32': 9.1, '9:features_kernel:Matern32': 15.1, '10:features_kernel:Matern32': 18.1, '11:features_kernel:Matern32': 25.1, 'alpha': 0.024}. Best is trial 24 with value: 12.484136121254316.
/gpfs_common/share03/ddomlab/sdehgha2/working_space/GP_collab/code_python/training/MGK_and_tools/mgktools/mgktools/kernels/base.py:225: UserWarning: The distribution is specified by [0.1, 30] and step=1, but the range is not divisible by `step`. It will be replaced with [0.1, 29.1].
  self.unique_name: trial.suggest_float(
[I 2026-04-22 12:36:28,052] Trial 25 finished with value: 12.691473315051457 and parameters: {'0:atom_AtomicNumber:kDelta': 1.0, '0:atom_AtomicNumber_list_1:kConv': 0.9, '0:atom_AtomicNumber_list_2:kConv': 0.8, '0:atom_AtomicNumber_list_3:kConv': 0.75, '0:atom_AtomicNumber_list_4:kConv': 0.9, '0:atom_MorganHash:kDelta': 0.85, '0:atom_Ring_count:kDelta': 1.0, '0:atom_RingSize_list:kConv': 0.85, '0:atom_Hcount:kDelta': 0.95, '0:atom_AtomicNumber_count_1:kDelta': 0.85, '0:atom_AtomicNumber_count_2:kDelta': 0.9, '0:atom_Chiral:kDelta': 0.85, '0:bond_Order:kDelta': 0.85, '0:bond_Stereo:kDelta': 0.95, '0:bond_RingStereo:kDelta': 0.9, '0:q:q': 0.13, '1:features_kernel:Matern32': 11.1, '2:features_kernel:Matern32': 26.1, '3:features_kernel:Matern32': 23.1, '4:features_kernel:Matern32': 5.1, '5:features_kernel:Matern32': 22.1, '6:features_kernel:Matern32': 22.1, '7:features_kernel:Matern32': 14.1, '8:features_kernel:Matern32': 9.1, '9:features_kernel:Matern32': 15.1, '10:features_kernel:Matern32': 21.1, '11:features_kernel:Matern32': 25.1, 'alpha': 0.009000000000000001}. Best is trial 24 with value: 12.484136121254316.
/gpfs_common/share03/ddomlab/sdehgha2/working_space/GP_collab/code_python/training/MGK_and_tools/mgktools/mgktools/kernels/base.py:225: UserWarning: The distribution is specified by [0.1, 30] and step=1, but the range is not divisible by `step`. It will be replaced with [0.1, 29.1].
  self.unique_name: trial.suggest_float(
[I 2026-04-22 12:36:41,219] Trial 26 finished with value: 12.572409046875432 and parameters: {'0:atom_AtomicNumber:kDelta': 0.95, '0:atom_AtomicNumber_list_1:kConv': 0.95, '0:atom_AtomicNumber_list_2:kConv': 0.75, '0:atom_AtomicNumber_list_3:kConv': 0.75, '0:atom_AtomicNumber_list_4:kConv': 0.85, '0:atom_MorganHash:kDelta': 0.85, '0:atom_Ring_count:kDelta': 1.0, '0:atom_RingSize_list:kConv': 0.8, '0:atom_Hcount:kDelta': 0.9, '0:atom_AtomicNumber_count_1:kDelta': 0.8, '0:atom_AtomicNumber_count_2:kDelta': 0.95, '0:atom_Chiral:kDelta': 0.9, '0:bond_Order:kDelta': 0.8, '0:bond_Stereo:kDelta': 1.0, '0:bond_RingStereo:kDelta': 0.85, '0:q:q': 0.21000000000000002, '1:features_kernel:Matern32': 4.1, '2:features_kernel:Matern32': 29.1, '3:features_kernel:Matern32': 25.1, '4:features_kernel:Matern32': 16.1, '5:features_kernel:Matern32': 25.1, '6:features_kernel:Matern32': 19.1, '7:features_kernel:Matern32': 9.1, '8:features_kernel:Matern32': 6.1, '9:features_kernel:Matern32': 13.1, '10:features_kernel:Matern32': 19.1, '11:features_kernel:Matern32': 27.1, 'alpha': 0.034}. Best is trial 24 with value: 12.484136121254316.
/gpfs_common/share03/ddomlab/sdehgha2/working_space/GP_collab/code_python/training/MGK_and_tools/mgktools/mgktools/kernels/base.py:225: UserWarning: The distribution is specified by [0.1, 30] and step=1, but the range is not divisible by `step`. It will be replaced with [0.1, 29.1].
  self.unique_name: trial.suggest_float(
[I 2026-04-22 12:36:54,115] Trial 27 finished with value: 12.4824115716312 and parameters: {'0:atom_AtomicNumber:kDelta': 1.0, '0:atom_AtomicNumber_list_1:kConv': 0.9, '0:atom_AtomicNumber_list_2:kConv': 0.8, '0:atom_AtomicNumber_list_3:kConv': 0.85, '0:atom_AtomicNumber_list_4:kConv': 0.8, '0:atom_MorganHash:kDelta': 0.8, '0:atom_Ring_count:kDelta': 1.0, '0:atom_RingSize_list:kConv': 0.75, '0:atom_Hcount:kDelta': 1.0, '0:atom_AtomicNumber_count_1:kDelta': 0.9, '0:atom_AtomicNumber_count_2:kDelta': 0.9, '0:atom_Chiral:kDelta': 0.85, '0:bond_Order:kDelta': 0.75, '0:bond_Stereo:kDelta': 0.95, '0:bond_RingStereo:kDelta': 0.9, '0:q:q': 0.15000000000000002, '1:features_kernel:Matern32': 7.1, '2:features_kernel:Matern32': 26.1, '3:features_kernel:Matern32': 20.1, '4:features_kernel:Matern32': 11.1, '5:features_kernel:Matern32': 16.1, '6:features_kernel:Matern32': 27.1, '7:features_kernel:Matern32': 12.1, '8:features_kernel:Matern32': 14.1, '9:features_kernel:Matern32': 16.1, '10:features_kernel:Matern32': 18.1, '11:features_kernel:Matern32': 21.1, 'alpha': 0.023}. Best is trial 27 with value: 12.4824115716312.
/gpfs_common/share03/ddomlab/sdehgha2/working_space/GP_collab/code_python/training/MGK_and_tools/mgktools/mgktools/kernels/base.py:225: UserWarning: The distribution is specified by [0.1, 30] and step=1, but the range is not divisible by `step`. It will be replaced with [0.1, 29.1].
  self.unique_name: trial.suggest_float(
[I 2026-04-22 12:37:05,821] Trial 28 finished with value: 12.569438105229986 and parameters: {'0:atom_AtomicNumber:kDelta': 1.0, '0:atom_AtomicNumber_list_1:kConv': 0.9, '0:atom_AtomicNumber_list_2:kConv': 0.8, '0:atom_AtomicNumber_list_3:kConv': 0.85, '0:atom_AtomicNumber_list_4:kConv': 0.8, '0:atom_MorganHash:kDelta': 0.8, '0:atom_Ring_count:kDelta': 1.0, '0:atom_RingSize_list:kConv': 0.85, '0:atom_Hcount:kDelta': 1.0, '0:atom_AtomicNumber_count_1:kDelta': 0.9, '0:atom_AtomicNumber_count_2:kDelta': 0.85, '0:atom_Chiral:kDelta': 0.85, '0:bond_Order:kDelta': 0.85, '0:bond_Stereo:kDelta': 1.0, '0:bond_RingStereo:kDelta': 0.8, '0:q:q': 0.29000000000000004, '1:features_kernel:Matern32': 7.1, '2:features_kernel:Matern32': 22.1, '3:features_kernel:Matern32': 19.1, '4:features_kernel:Matern32': 11.1, '5:features_kernel:Matern32': 16.1, '6:features_kernel:Matern32': 23.1, '7:features_kernel:Matern32': 20.1, '8:features_kernel:Matern32': 14.1, '9:features_kernel:Matern32': 15.1, '10:features_kernel:Matern32': 12.1, '11:features_kernel:Matern32': 26.1, 'alpha': 0.016}. Best is trial 27 with value: 12.4824115716312.
/gpfs_common/share03/ddomlab/sdehgha2/working_space/GP_collab/code_python/training/MGK_and_tools/mgktools/mgktools/kernels/base.py:225: UserWarning: The distribution is specified by [0.1, 30] and step=1, but the range is not divisible by `step`. It will be replaced with [0.1, 29.1].
  self.unique_name: trial.suggest_float(
[I 2026-04-22 12:37:18,815] Trial 29 finished with value: 12.561376806494938 and parameters: {'0:atom_AtomicNumber:kDelta': 1.0, '0:atom_AtomicNumber_list_1:kConv': 0.9, '0:atom_AtomicNumber_list_2:kConv': 0.85, '0:atom_AtomicNumber_list_3:kConv': 0.75, '0:atom_AtomicNumber_list_4:kConv': 0.75, '0:atom_MorganHash:kDelta': 0.9, '0:atom_Ring_count:kDelta': 1.0, '0:atom_RingSize_list:kConv': 0.8, '0:atom_Hcount:kDelta': 0.85, '0:atom_AtomicNumber_count_1:kDelta': 0.95, '0:atom_AtomicNumber_count_2:kDelta': 0.9, '0:atom_Chiral:kDelta': 0.9, '0:bond_Order:kDelta': 0.9, '0:bond_Stereo:kDelta': 0.9, '0:bond_RingStereo:kDelta': 0.9, '0:q:q': 0.17, '1:features_kernel:Matern32': 0.1, '2:features_kernel:Matern32': 15.1, '3:features_kernel:Matern32': 26.1, '4:features_kernel:Matern32': 10.1, '5:features_kernel:Matern32': 28.1, '6:features_kernel:Matern32': 21.1, '7:features_kernel:Matern32': 16.1, '8:features_kernel:Matern32': 16.1, '9:features_kernel:Matern32': 21.1, '10:features_kernel:Matern32': 18.1, '11:features_kernel:Matern32': 20.1, 'alpha': 0.048}. Best is trial 27 with value: 12.4824115716312.
/gpfs_common/share03/ddomlab/sdehgha2/working_space/GP_collab/code_python/training/MGK_and_tools/mgktools/mgktools/kernels/base.py:225: UserWarning: The distribution is specified by [0.1, 30] and step=1, but the range is not divisible by `step`. It will be replaced with [0.1, 29.1].
  self.unique_name: trial.suggest_float(
[I 2026-04-22 12:37:32,521] Trial 30 finished with value: 12.48548822996661 and parameters: {'0:atom_AtomicNumber:kDelta': 1.0, '0:atom_AtomicNumber_list_1:kConv': 0.85, '0:atom_AtomicNumber_list_2:kConv': 0.8, '0:atom_AtomicNumber_list_3:kConv': 0.85, '0:atom_AtomicNumber_list_4:kConv': 0.75, '0:atom_MorganHash:kDelta': 0.85, '0:atom_Ring_count:kDelta': 0.95, '0:atom_RingSize_list:kConv': 0.85, '0:atom_Hcount:kDelta': 1.0, '0:atom_AtomicNumber_count_1:kDelta': 0.9, '0:atom_AtomicNumber_count_2:kDelta': 0.85, '0:atom_Chiral:kDelta': 0.95, '0:bond_Order:kDelta': 0.8, '0:bond_Stereo:kDelta': 0.9, '0:bond_RingStereo:kDelta': 0.9, '0:q:q': 0.13, '1:features_kernel:Matern32': 16.1, '2:features_kernel:Matern32': 26.1, '3:features_kernel:Matern32': 21.1, '4:features_kernel:Matern32': 15.1, '5:features_kernel:Matern32': 21.1, '6:features_kernel:Matern32': 26.1, '7:features_kernel:Matern32': 11.1, '8:features_kernel:Matern32': 11.1, '9:features_kernel:Matern32': 12.1, '10:features_kernel:Matern32': 6.1, '11:features_kernel:Matern32': 22.1, 'alpha': 0.034}. Best is trial 27 with value: 12.4824115716312.
/gpfs_common/share03/ddomlab/sdehgha2/working_space/GP_collab/code_python/training/MGK_and_tools/mgktools/mgktools/kernels/base.py:225: UserWarning: The distribution is specified by [0.1, 30] and step=1, but the range is not divisible by `step`. It will be replaced with [0.1, 29.1].
  self.unique_name: trial.suggest_float(
[I 2026-04-22 12:37:45,527] Trial 31 finished with value: 12.48316264868245 and parameters: {'0:atom_AtomicNumber:kDelta': 1.0, '0:atom_AtomicNumber_list_1:kConv': 0.85, '0:atom_AtomicNumber_list_2:kConv': 0.8, '0:atom_AtomicNumber_list_3:kConv': 0.85, '0:atom_AtomicNumber_list_4:kConv': 0.75, '0:atom_MorganHash:kDelta': 0.85, '0:atom_Ring_count:kDelta': 0.95, '0:atom_RingSize_list:kConv': 0.85, '0:atom_Hcount:kDelta': 1.0, '0:atom_AtomicNumber_count_1:kDelta': 0.9, '0:atom_AtomicNumber_count_2:kDelta': 0.85, '0:atom_Chiral:kDelta': 0.95, '0:bond_Order:kDelta': 0.8, '0:bond_Stereo:kDelta': 0.85, '0:bond_RingStereo:kDelta': 0.9, '0:q:q': 0.14, '1:features_kernel:Matern32': 17.1, '2:features_kernel:Matern32': 26.1, '3:features_kernel:Matern32': 20.1, '4:features_kernel:Matern32': 15.1, '5:features_kernel:Matern32': 15.1, '6:features_kernel:Matern32': 27.1, '7:features_kernel:Matern32': 10.1, '8:features_kernel:Matern32': 11.1, '9:features_kernel:Matern32': 11.1, '10:features_kernel:Matern32': 6.1, '11:features_kernel:Matern32': 22.1, 'alpha': 0.031}. Best is trial 27 with value: 12.4824115716312.
/gpfs_common/share03/ddomlab/sdehgha2/working_space/GP_collab/code_python/training/MGK_and_tools/mgktools/mgktools/kernels/base.py:225: UserWarning: The distribution is specified by [0.1, 30] and step=1, but the range is not divisible by `step`. It will be replaced with [0.1, 29.1].
  self.unique_name: trial.suggest_float(
[I 2026-04-22 12:37:55,395] Trial 32 finished with value: 13.33526355169749 and parameters: {'0:atom_AtomicNumber:kDelta': 1.0, '0:atom_AtomicNumber_list_1:kConv': 0.75, '0:atom_AtomicNumber_list_2:kConv': 0.75, '0:atom_AtomicNumber_list_3:kConv': 0.85, '0:atom_AtomicNumber_list_4:kConv': 0.75, '0:atom_MorganHash:kDelta': 0.9, '0:atom_Ring_count:kDelta': 1.0, '0:atom_RingSize_list:kConv': 0.85, '0:atom_Hcount:kDelta': 1.0, '0:atom_AtomicNumber_count_1:kDelta': 0.9, '0:atom_AtomicNumber_count_2:kDelta': 0.8, '0:atom_Chiral:kDelta': 0.95, '0:bond_Order:kDelta': 0.75, '0:bond_Stereo:kDelta': 0.85, '0:bond_RingStereo:kDelta': 0.85, '0:q:q': 0.47000000000000003, '1:features_kernel:Matern32': 18.1, '2:features_kernel:Matern32': 25.1, '3:features_kernel:Matern32': 20.1, '4:features_kernel:Matern32': 13.1, '5:features_kernel:Matern32': 15.1, '6:features_kernel:Matern32': 24.1, '7:features_kernel:Matern32': 7.1, '8:features_kernel:Matern32': 13.1, '9:features_kernel:Matern32': 11.1, '10:features_kernel:Matern32': 13.1, '11:features_kernel:Matern32': 25.1, 'alpha': 0.002}. Best is trial 27 with value: 12.4824115716312.
/gpfs_common/share03/ddomlab/sdehgha2/working_space/GP_collab/code_python/training/MGK_and_tools/mgktools/mgktools/kernels/base.py:225: UserWarning: The distribution is specified by [0.1, 30] and step=1, but the range is not divisible by `step`. It will be replaced with [0.1, 29.1].
  self.unique_name: trial.suggest_float(
[I 2026-04-22 12:38:07,485] Trial 33 finished with value: 12.501386178709522 and parameters: {'0:atom_AtomicNumber:kDelta': 1.0, '0:atom_AtomicNumber_list_1:kConv': 0.8, '0:atom_AtomicNumber_list_2:kConv': 0.8, '0:atom_AtomicNumber_list_3:kConv': 0.8, '0:atom_AtomicNumber_list_4:kConv': 0.8, '0:atom_MorganHash:kDelta': 0.85, '0:atom_Ring_count:kDelta': 0.9, '0:atom_RingSize_list:kConv': 0.95, '0:atom_Hcount:kDelta': 1.0, '0:atom_AtomicNumber_count_1:kDelta': 0.95, '0:atom_AtomicNumber_count_2:kDelta': 0.85, '0:atom_Chiral:kDelta': 1.0, '0:bond_Order:kDelta': 0.8, '0:bond_Stereo:kDelta': 0.8, '0:bond_RingStereo:kDelta': 0.9, '0:q:q': 0.22, '1:features_kernel:Matern32': 14.1, '2:features_kernel:Matern32': 27.1, '3:features_kernel:Matern32': 23.1, '4:features_kernel:Matern32': 18.1, '5:features_kernel:Matern32': 11.1, '6:features_kernel:Matern32': 27.1, '7:features_kernel:Matern32': 8.1, '8:features_kernel:Matern32': 16.1, '9:features_kernel:Matern32': 9.1, '10:features_kernel:Matern32': 7.1, '11:features_kernel:Matern32': 17.1, 'alpha': 0.021}. Best is trial 27 with value: 12.4824115716312.
/gpfs_common/share03/ddomlab/sdehgha2/working_space/GP_collab/code_python/training/MGK_and_tools/mgktools/mgktools/kernels/base.py:225: UserWarning: The distribution is specified by [0.1, 30] and step=1, but the range is not divisible by `step`. It will be replaced with [0.1, 29.1].
  self.unique_name: trial.suggest_float(
[I 2026-04-22 12:38:20,880] Trial 34 finished with value: 12.739296616085216 and parameters: {'0:atom_AtomicNumber:kDelta': 1.0, '0:atom_AtomicNumber_list_1:kConv': 0.85, '0:atom_AtomicNumber_list_2:kConv': 0.85, '0:atom_AtomicNumber_list_3:kConv': 0.75, '0:atom_AtomicNumber_list_4:kConv': 0.8, '0:atom_MorganHash:kDelta': 0.9, '0:atom_Ring_count:kDelta': 0.95, '0:atom_RingSize_list:kConv': 0.8, '0:atom_Hcount:kDelta': 1.0, '0:atom_AtomicNumber_count_1:kDelta': 0.85, '0:atom_AtomicNumber_count_2:kDelta': 0.9, '0:atom_Chiral:kDelta': 0.85, '0:bond_Order:kDelta': 0.85, '0:bond_Stereo:kDelta': 0.8, '0:bond_RingStereo:kDelta': 0.9, '0:q:q': 0.14, '1:features_kernel:Matern32': 13.1, '2:features_kernel:Matern32': 24.1, '3:features_kernel:Matern32': 27.1, '4:features_kernel:Matern32': 16.1, '5:features_kernel:Matern32': 9.1, '6:features_kernel:Matern32': 21.1, '7:features_kernel:Matern32': 3.1, '8:features_kernel:Matern32': 19.1, '9:features_kernel:Matern32': 16.1, '10:features_kernel:Matern32': 15.1, '11:features_kernel:Matern32': 20.1, 'alpha': 0.012}. Best is trial 27 with value: 12.4824115716312.
/gpfs_common/share03/ddomlab/sdehgha2/working_space/GP_collab/code_python/training/MGK_and_tools/mgktools/mgktools/kernels/base.py:225: UserWarning: The distribution is specified by [0.1, 30] and step=1, but the range is not divisible by `step`. It will be replaced with [0.1, 29.1].
  self.unique_name: trial.suggest_float(
[I 2026-04-22 12:38:39,229] Trial 35 finished with value: 12.528091226721042 and parameters: {'0:atom_AtomicNumber:kDelta': 0.95, '0:atom_AtomicNumber_list_1:kConv': 0.8, '0:atom_AtomicNumber_list_2:kConv': 0.9, '0:atom_AtomicNumber_list_3:kConv': 0.85, '0:atom_AtomicNumber_list_4:kConv': 0.75, '0:atom_MorganHash:kDelta': 0.8, '0:atom_Ring_count:kDelta': 1.0, '0:atom_RingSize_list:kConv': 0.9, '0:atom_Hcount:kDelta': 0.95, '0:atom_AtomicNumber_count_1:kDelta': 0.9, '0:atom_AtomicNumber_count_2:kDelta': 0.85, '0:atom_Chiral:kDelta': 0.9, '0:bond_Order:kDelta': 0.95, '0:bond_Stereo:kDelta': 0.85, '0:bond_RingStereo:kDelta': 0.85, '0:q:q': 0.04, '1:features_kernel:Matern32': 6.1, '2:features_kernel:Matern32': 22.1, '3:features_kernel:Matern32': 24.1, '4:features_kernel:Matern32': 11.1, '5:features_kernel:Matern32': 14.1, '6:features_kernel:Matern32': 23.1, '7:features_kernel:Matern32': 21.1, '8:features_kernel:Matern32': 9.1, '9:features_kernel:Matern32': 19.1, '10:features_kernel:Matern32': 16.1, '11:features_kernel:Matern32': 10.1, 'alpha': 0.031}. Best is trial 27 with value: 12.4824115716312.
/gpfs_common/share03/ddomlab/sdehgha2/working_space/GP_collab/code_python/training/MGK_and_tools/mgktools/mgktools/kernels/base.py:225: UserWarning: The distribution is specified by [0.1, 30] and step=1, but the range is not divisible by `step`. It will be replaced with [0.1, 29.1].
  self.unique_name: trial.suggest_float(
[I 2026-04-22 12:38:52,049] Trial 36 finished with value: 12.783324671564442 and parameters: {'0:atom_AtomicNumber:kDelta': 1.0, '0:atom_AtomicNumber_list_1:kConv': 0.9, '0:atom_AtomicNumber_list_2:kConv': 0.75, '0:atom_AtomicNumber_list_3:kConv': 0.9, '0:atom_AtomicNumber_list_4:kConv': 0.75, '0:atom_MorganHash:kDelta': 0.85, '0:atom_Ring_count:kDelta': 0.95, '0:atom_RingSize_list:kConv': 1.0, '0:atom_Hcount:kDelta': 0.9, '0:atom_AtomicNumber_count_1:kDelta': 0.85, '0:atom_AtomicNumber_count_2:kDelta': 0.9, '0:atom_Chiral:kDelta': 1.0, '0:bond_Order:kDelta': 0.8, '0:bond_Stereo:kDelta': 0.95, '0:bond_RingStereo:kDelta': 0.9, '0:q:q': 0.43, '1:features_kernel:Matern32': 3.1, '2:features_kernel:Matern32': 12.1, '3:features_kernel:Matern32': 15.1, '4:features_kernel:Matern32': 8.1, '5:features_kernel:Matern32': 3.1, '6:features_kernel:Matern32': 27.1, '7:features_kernel:Matern32': 15.1, '8:features_kernel:Matern32': 8.1, '9:features_kernel:Matern32': 8.1, '10:features_kernel:Matern32': 4.1, '11:features_kernel:Matern32': 28.1, 'alpha': 0.023}. Best is trial 27 with value: 12.4824115716312.
/gpfs_common/share03/ddomlab/sdehgha2/working_space/GP_collab/code_python/training/MGK_and_tools/mgktools/mgktools/kernels/base.py:225: UserWarning: The distribution is specified by [0.1, 30] and step=1, but the range is not divisible by `step`. It will be replaced with [0.1, 29.1].
  self.unique_name: trial.suggest_float(
[I 2026-04-22 12:39:07,626] Trial 37 finished with value: 12.751478693611425 and parameters: {'0:atom_AtomicNumber:kDelta': 0.95, '0:atom_AtomicNumber_list_1:kConv': 0.85, '0:atom_AtomicNumber_list_2:kConv': 0.8, '0:atom_AtomicNumber_list_3:kConv': 0.85, '0:atom_AtomicNumber_list_4:kConv': 0.9, '0:atom_MorganHash:kDelta': 0.8, '0:atom_Ring_count:kDelta': 0.9, '0:atom_RingSize_list:kConv': 0.75, '0:atom_Hcount:kDelta': 1.0, '0:atom_AtomicNumber_count_1:kDelta': 0.85, '0:atom_AtomicNumber_count_2:kDelta': 0.8, '0:atom_Chiral:kDelta': 0.85, '0:bond_Order:kDelta': 0.75, '0:bond_Stereo:kDelta': 0.8, '0:bond_RingStereo:kDelta': 0.8, '0:q:q': 0.18000000000000002, '1:features_kernel:Matern32': 0.1, '2:features_kernel:Matern32': 24.1, '3:features_kernel:Matern32': 13.1, '4:features_kernel:Matern32': 6.1, '5:features_kernel:Matern32': 12.1, '6:features_kernel:Matern32': 16.1, '7:features_kernel:Matern32': 11.1, '8:features_kernel:Matern32': 20.1, '9:features_kernel:Matern32': 18.1, '10:features_kernel:Matern32': 11.1, '11:features_kernel:Matern32': 23.1, 'alpha': 0.079}. Best is trial 27 with value: 12.4824115716312.
/gpfs_common/share03/ddomlab/sdehgha2/working_space/GP_collab/code_python/training/MGK_and_tools/mgktools/mgktools/kernels/base.py:225: UserWarning: The distribution is specified by [0.1, 30] and step=1, but the range is not divisible by `step`. It will be replaced with [0.1, 29.1].
  self.unique_name: trial.suggest_float(
[I 2026-04-22 12:39:19,290] Trial 38 finished with value: 12.627068705381296 and parameters: {'0:atom_AtomicNumber:kDelta': 1.0, '0:atom_AtomicNumber_list_1:kConv': 0.95, '0:atom_AtomicNumber_list_2:kConv': 0.75, '0:atom_AtomicNumber_list_3:kConv': 0.8, '0:atom_AtomicNumber_list_4:kConv': 0.8, '0:atom_MorganHash:kDelta': 0.9, '0:atom_Ring_count:kDelta': 1.0, '0:atom_RingSize_list:kConv': 0.95, '0:atom_Hcount:kDelta': 1.0, '0:atom_AtomicNumber_count_1:kDelta': 0.95, '0:atom_AtomicNumber_count_2:kDelta': 0.9, '0:atom_Chiral:kDelta': 0.95, '0:bond_Order:kDelta': 0.9, '0:bond_Stereo:kDelta': 0.9, '0:bond_RingStereo:kDelta': 0.85, '0:q:q': 0.29000000000000004, '1:features_kernel:Matern32': 24.1, '2:features_kernel:Matern32': 17.1, '3:features_kernel:Matern32': 20.1, '4:features_kernel:Matern32': 12.1, '5:features_kernel:Matern32': 16.1, '6:features_kernel:Matern32': 20.1, '7:features_kernel:Matern32': 27.1, '8:features_kernel:Matern32': 11.1, '9:features_kernel:Matern32': 13.1, '10:features_kernel:Matern32': 18.1, '11:features_kernel:Matern32': 12.1, 'alpha': 0.065}. Best is trial 27 with value: 12.4824115716312.
/gpfs_common/share03/ddomlab/sdehgha2/working_space/GP_collab/code_python/training/MGK_and_tools/mgktools/mgktools/kernels/base.py:225: UserWarning: The distribution is specified by [0.1, 30] and step=1, but the range is not divisible by `step`. It will be replaced with [0.1, 29.1].
  self.unique_name: trial.suggest_float(
[I 2026-04-22 12:39:32,202] Trial 39 finished with value: 32.89112456774581 and parameters: {'0:atom_AtomicNumber:kDelta': 0.8, '0:atom_AtomicNumber_list_1:kConv': 0.9, '0:atom_AtomicNumber_list_2:kConv': 0.8, '0:atom_AtomicNumber_list_3:kConv': 0.75, '0:atom_AtomicNumber_list_4:kConv': 0.75, '0:atom_MorganHash:kDelta': 0.8, '0:atom_Ring_count:kDelta': 0.95, '0:atom_RingSize_list:kConv': 0.9, '0:atom_Hcount:kDelta': 0.75, '0:atom_AtomicNumber_count_1:kDelta': 0.9, '0:atom_AtomicNumber_count_2:kDelta': 0.95, '0:atom_Chiral:kDelta': 0.95, '0:bond_Order:kDelta': 0.8, '0:bond_Stereo:kDelta': 0.95, '0:bond_RingStereo:kDelta': 0.9, '0:q:q': 0.12, '1:features_kernel:Matern32': 20.1, '2:features_kernel:Matern32': 27.1, '3:features_kernel:Matern32': 12.1, '4:features_kernel:Matern32': 3.1, '5:features_kernel:Matern32': 10.1, '6:features_kernel:Matern32': 0.1, '7:features_kernel:Matern32': 5.1, '8:features_kernel:Matern32': 14.1, '9:features_kernel:Matern32': 6.1, '10:features_kernel:Matern32': 8.1, '11:features_kernel:Matern32': 16.1, 'alpha': 0.044000000000000004}. Best is trial 27 with value: 12.4824115716312.
/gpfs_common/share03/ddomlab/sdehgha2/working_space/GP_collab/code_python/training/MGK_and_tools/mgktools/mgktools/kernels/base.py:225: UserWarning: The distribution is specified by [0.1, 30] and step=1, but the range is not divisible by `step`. It will be replaced with [0.1, 29.1].
  self.unique_name: trial.suggest_float(
[I 2026-04-22 12:39:44,703] Trial 40 finished with value: 12.569970240491857 and parameters: {'0:atom_AtomicNumber:kDelta': 0.85, '0:atom_AtomicNumber_list_1:kConv': 0.9, '0:atom_AtomicNumber_list_2:kConv': 0.85, '0:atom_AtomicNumber_list_3:kConv': 0.85, '0:atom_AtomicNumber_list_4:kConv': 0.9, '0:atom_MorganHash:kDelta': 0.85, '0:atom_Ring_count:kDelta': 0.9, '0:atom_RingSize_list:kConv': 0.85, '0:atom_Hcount:kDelta': 0.95, '0:atom_AtomicNumber_count_1:kDelta': 0.85, '0:atom_AtomicNumber_count_2:kDelta': 0.8, '0:atom_Chiral:kDelta': 0.9, '0:bond_Order:kDelta': 0.85, '0:bond_Stereo:kDelta': 1.0, '0:bond_RingStereo:kDelta': 0.95, '0:q:q': 0.21000000000000002, '1:features_kernel:Matern32': 18.1, '2:features_kernel:Matern32': 5.1, '3:features_kernel:Matern32': 27.1, '4:features_kernel:Matern32': 20.1, '5:features_kernel:Matern32': 7.1, '6:features_kernel:Matern32': 24.1, '7:features_kernel:Matern32': 17.1, '8:features_kernel:Matern32': 7.1, '9:features_kernel:Matern32': 10.1, '10:features_kernel:Matern32': 14.1, '11:features_kernel:Matern32': 27.1, 'alpha': 0.037000000000000005}. Best is trial 27 with value: 12.4824115716312.
/gpfs_common/share03/ddomlab/sdehgha2/working_space/GP_collab/code_python/training/MGK_and_tools/mgktools/mgktools/kernels/base.py:225: UserWarning: The distribution is specified by [0.1, 30] and step=1, but the range is not divisible by `step`. It will be replaced with [0.1, 29.1].
  self.unique_name: trial.suggest_float(
[I 2026-04-22 12:39:58,144] Trial 41 finished with value: 12.484587480371758 and parameters: {'0:atom_AtomicNumber:kDelta': 1.0, '0:atom_AtomicNumber_list_1:kConv': 0.85, '0:atom_AtomicNumber_list_2:kConv': 0.8, '0:atom_AtomicNumber_list_3:kConv': 0.85, '0:atom_AtomicNumber_list_4:kConv': 0.75, '0:atom_MorganHash:kDelta': 0.85, '0:atom_Ring_count:kDelta': 0.95, '0:atom_RingSize_list:kConv': 0.85, '0:atom_Hcount:kDelta': 1.0, '0:atom_AtomicNumber_count_1:kDelta': 0.9, '0:atom_AtomicNumber_count_2:kDelta': 0.85, '0:atom_Chiral:kDelta': 0.95, '0:bond_Order:kDelta': 0.8, '0:bond_Stereo:kDelta': 0.9, '0:bond_RingStereo:kDelta': 0.9, '0:q:q': 0.12, '1:features_kernel:Matern32': 16.1, '2:features_kernel:Matern32': 26.1, '3:features_kernel:Matern32': 21.1, '4:features_kernel:Matern32': 15.1, '5:features_kernel:Matern32': 21.1, '6:features_kernel:Matern32': 26.1, '7:features_kernel:Matern32': 12.1, '8:features_kernel:Matern32': 11.1, '9:features_kernel:Matern32': 12.1, '10:features_kernel:Matern32': 5.1, '11:features_kernel:Matern32': 22.1, 'alpha': 0.031}. Best is trial 27 with value: 12.4824115716312.
[I 2026-04-22 13:01:28,837] Using an existing study with name 'optuna-study' instead of creating a new one.
[I 2026-04-22 13:27:03,626] Using an existing study with name 'optuna-study' instead of creating a new one.
[Parallel(n_jobs=8)]: Using backend LokyBackend with 8 concurrent workers.
[Parallel(n_jobs=8)]: Done  34 tasks      | elapsed:   27.4s
[Parallel(n_jobs=8)]: Done 303 out of 318 | elapsed:   27.5s remaining:    1.4s
[Parallel(n_jobs=8)]: Done 318 out of 318 | elapsed:   27.5s finished
[Parallel(n_jobs=4)]: Using backend LokyBackend with 4 concurrent workers.
[Parallel(n_jobs=4)]: Done  11 out of  11 | elapsed:    2.2s finished
[I 2026-04-22 13:57:02,115] A new study created in RDB with name: optuna-study
/gpfs_common/share03/ddomlab/sdehgha2/working_space/GP_collab/code_python/training/MGK_and_tools/mgktools/mgktools/kernels/base.py:225: UserWarning: The distribution is specified by [0.1, 30] and step=1, but the range is not divisible by `step`. It will be replaced with [0.1, 29.1].
  self.unique_name: trial.suggest_float(
[I 2026-04-22 13:57:12,100] Trial 0 finished with value: 24.669632234027496 and parameters: {'0:atom_AtomicNumber:kDelta': 1.0, '0:atom_AtomicNumber_list_1:kConv': 0.8, '0:atom_AtomicNumber_list_2:kConv': 0.95, '0:atom_AtomicNumber_list_3:kConv': 0.75, '0:atom_AtomicNumber_list_4:kConv': 0.75, '0:atom_MorganHash:kDelta': 0.9, '0:atom_Ring_count:kDelta': 0.9, '0:atom_RingSize_list:kConv': 0.85, '0:atom_Hcount:kDelta': 0.85, '0:atom_AtomicNumber_count_1:kDelta': 0.9, '0:atom_AtomicNumber_count_2:kDelta': 0.85, '0:atom_Chiral:kDelta': 0.95, '0:bond_Order:kDelta': 0.9, '0:bond_Stereo:kDelta': 0.9, '0:bond_RingStereo:kDelta': 0.9, '0:q:q': 0.5, '1:features_kernel:Matern32': 24.1, '2:features_kernel:Matern32': 12.1, '3:features_kernel:Matern32': 26.1, '4:features_kernel:Matern32': 24.1, '5:features_kernel:Matern32': 1.1, '6:features_kernel:Matern32': 21.1, '7:features_kernel:Matern32': 24.1, '8:features_kernel:Matern32': 22.1, '9:features_kernel:Matern32': 21.1, '10:features_kernel:Matern32': 16.1, '11:features_kernel:Matern32': 3.1, 'alpha': 0.096}. Best is trial 0 with value: 24.669632234027496.
/gpfs_common/share03/ddomlab/sdehgha2/working_space/GP_collab/code_python/training/MGK_and_tools/mgktools/mgktools/kernels/base.py:225: UserWarning: The distribution is specified by [0.1, 30] and step=1, but the range is not divisible by `step`. It will be replaced with [0.1, 29.1].
  self.unique_name: trial.suggest_float(
[I 2026-04-22 13:57:21,981] Trial 1 finished with value: 16.621263863210046 and parameters: {'0:atom_AtomicNumber:kDelta': 0.85, '0:atom_AtomicNumber_list_1:kConv': 0.8, '0:atom_AtomicNumber_list_2:kConv': 0.95, '0:atom_AtomicNumber_list_3:kConv': 1.0, '0:atom_AtomicNumber_list_4:kConv': 0.8, '0:atom_MorganHash:kDelta': 0.95, '0:atom_Ring_count:kDelta': 0.9, '0:atom_RingSize_list:kConv': 0.95, '0:atom_Hcount:kDelta': 1.0, '0:atom_AtomicNumber_count_1:kDelta': 0.85, '0:atom_AtomicNumber_count_2:kDelta': 0.8, '0:atom_Chiral:kDelta': 0.85, '0:bond_Order:kDelta': 0.95, '0:bond_Stereo:kDelta': 0.95, '0:bond_RingStereo:kDelta': 0.85, '0:q:q': 0.5, '1:features_kernel:Matern32': 13.1, '2:features_kernel:Matern32': 11.1, '3:features_kernel:Matern32': 21.1, '4:features_kernel:Matern32': 2.1, '5:features_kernel:Matern32': 11.1, '6:features_kernel:Matern32': 23.1, '7:features_kernel:Matern32': 22.1, '8:features_kernel:Matern32': 8.1, '9:features_kernel:Matern32': 5.1, '10:features_kernel:Matern32': 14.1, '11:features_kernel:Matern32': 10.1, 'alpha': 0.074}. Best is trial 1 with value: 16.621263863210046.
/gpfs_common/share03/ddomlab/sdehgha2/working_space/GP_collab/code_python/training/MGK_and_tools/mgktools/mgktools/kernels/base.py:225: UserWarning: The distribution is specified by [0.1, 30] and step=1, but the range is not divisible by `step`. It will be replaced with [0.1, 29.1].
  self.unique_name: trial.suggest_float(
[I 2026-04-22 13:57:34,586] Trial 2 finished with value: 17.035911691537862 and parameters: {'0:atom_AtomicNumber:kDelta': 0.8, '0:atom_AtomicNumber_list_1:kConv': 0.8, '0:atom_AtomicNumber_list_2:kConv': 1.0, '0:atom_AtomicNumber_list_3:kConv': 0.9, '0:atom_AtomicNumber_list_4:kConv': 1.0, '0:atom_MorganHash:kDelta': 1.0, '0:atom_Ring_count:kDelta': 1.0, '0:atom_RingSize_list:kConv': 0.8, '0:atom_Hcount:kDelta': 0.9, '0:atom_AtomicNumber_count_1:kDelta': 0.85, '0:atom_AtomicNumber_count_2:kDelta': 0.85, '0:atom_Chiral:kDelta': 0.95, '0:bond_Order:kDelta': 0.95, '0:bond_Stereo:kDelta': 0.95, '0:bond_RingStereo:kDelta': 0.75, '0:q:q': 0.36000000000000004, '1:features_kernel:Matern32': 1.1, '2:features_kernel:Matern32': 5.1, '3:features_kernel:Matern32': 27.1, '4:features_kernel:Matern32': 12.1, '5:features_kernel:Matern32': 4.1, '6:features_kernel:Matern32': 20.1, '7:features_kernel:Matern32': 4.1, '8:features_kernel:Matern32': 19.1, '9:features_kernel:Matern32': 7.1, '10:features_kernel:Matern32': 1.1, '11:features_kernel:Matern32': 28.1, 'alpha': 0.007}. Best is trial 1 with value: 16.621263863210046.
/gpfs_common/share03/ddomlab/sdehgha2/working_space/GP_collab/code_python/training/MGK_and_tools/mgktools/mgktools/kernels/base.py:225: UserWarning: The distribution is specified by [0.1, 30] and step=1, but the range is not divisible by `step`. It will be replaced with [0.1, 29.1].
  self.unique_name: trial.suggest_float(
[I 2026-04-22 13:57:51,470] Trial 3 finished with value: 19.291653656660504 and parameters: {'0:atom_AtomicNumber:kDelta': 0.9, '0:atom_AtomicNumber_list_1:kConv': 0.85, '0:atom_AtomicNumber_list_2:kConv': 0.9, '0:atom_AtomicNumber_list_3:kConv': 1.0, '0:atom_AtomicNumber_list_4:kConv': 0.9, '0:atom_MorganHash:kDelta': 0.9, '0:atom_Ring_count:kDelta': 0.75, '0:atom_RingSize_list:kConv': 0.95, '0:atom_Hcount:kDelta': 0.8, '0:atom_AtomicNumber_count_1:kDelta': 0.85, '0:atom_AtomicNumber_count_2:kDelta': 0.75, '0:atom_Chiral:kDelta': 0.8, '0:bond_Order:kDelta': 1.0, '0:bond_Stereo:kDelta': 0.9, '0:bond_RingStereo:kDelta': 0.9, '0:q:q': 0.19, '1:features_kernel:Matern32': 24.1, '2:features_kernel:Matern32': 8.1, '3:features_kernel:Matern32': 3.1, '4:features_kernel:Matern32': 16.1, '5:features_kernel:Matern32': 8.1, '6:features_kernel:Matern32': 23.1, '7:features_kernel:Matern32': 5.1, '8:features_kernel:Matern32': 23.1, '9:features_kernel:Matern32': 18.1, '10:features_kernel:Matern32': 1.1, '11:features_kernel:Matern32': 16.1, 'alpha': 0.067}. Best is trial 1 with value: 16.621263863210046.
/gpfs_common/share03/ddomlab/sdehgha2/working_space/GP_collab/code_python/training/MGK_and_tools/mgktools/mgktools/kernels/base.py:225: UserWarning: The distribution is specified by [0.1, 30] and step=1, but the range is not divisible by `step`. It will be replaced with [0.1, 29.1].
  self.unique_name: trial.suggest_float(
[I 2026-04-22 13:58:06,417] Trial 4 finished with value: 24.05258065241866 and parameters: {'0:atom_AtomicNumber:kDelta': 1.0, '0:atom_AtomicNumber_list_1:kConv': 0.95, '0:atom_AtomicNumber_list_2:kConv': 0.95, '0:atom_AtomicNumber_list_3:kConv': 0.85, '0:atom_AtomicNumber_list_4:kConv': 0.75, '0:atom_MorganHash:kDelta': 0.95, '0:atom_Ring_count:kDelta': 0.75, '0:atom_RingSize_list:kConv': 0.9, '0:atom_Hcount:kDelta': 0.9, '0:atom_AtomicNumber_count_1:kDelta': 0.75, '0:atom_AtomicNumber_count_2:kDelta': 0.75, '0:atom_Chiral:kDelta': 0.9, '0:bond_Order:kDelta': 0.85, '0:bond_Stereo:kDelta': 0.8, '0:bond_RingStereo:kDelta': 0.75, '0:q:q': 0.32, '1:features_kernel:Matern32': 3.1, '2:features_kernel:Matern32': 0.1, '3:features_kernel:Matern32': 8.1, '4:features_kernel:Matern32': 9.1, '5:features_kernel:Matern32': 5.1, '6:features_kernel:Matern32': 2.1, '7:features_kernel:Matern32': 23.1, '8:features_kernel:Matern32': 12.1, '9:features_kernel:Matern32': 7.1, '10:features_kernel:Matern32': 15.1, '11:features_kernel:Matern32': 7.1, 'alpha': 0.08600000000000001}. Best is trial 1 with value: 16.621263863210046.
/gpfs_common/share03/ddomlab/sdehgha2/working_space/GP_collab/code_python/training/MGK_and_tools/mgktools/mgktools/kernels/base.py:225: UserWarning: The distribution is specified by [0.1, 30] and step=1, but the range is not divisible by `step`. It will be replaced with [0.1, 29.1].
  self.unique_name: trial.suggest_float(
[I 2026-04-22 13:58:25,570] Trial 5 finished with value: 31.892373625902394 and parameters: {'0:atom_AtomicNumber:kDelta': 0.85, '0:atom_AtomicNumber_list_1:kConv': 0.9, '0:atom_AtomicNumber_list_2:kConv': 1.0, '0:atom_AtomicNumber_list_3:kConv': 0.85, '0:atom_AtomicNumber_list_4:kConv': 0.8, '0:atom_MorganHash:kDelta': 1.0, '0:atom_Ring_count:kDelta': 0.9, '0:atom_RingSize_list:kConv': 1.0, '0:atom_Hcount:kDelta': 1.0, '0:atom_AtomicNumber_count_1:kDelta': 0.95, '0:atom_AtomicNumber_count_2:kDelta': 0.75, '0:atom_Chiral:kDelta': 0.9, '0:bond_Order:kDelta': 0.8, '0:bond_Stereo:kDelta': 0.75, '0:bond_RingStereo:kDelta': 0.85, '0:q:q': 0.11, '1:features_kernel:Matern32': 22.1, '2:features_kernel:Matern32': 28.1, '3:features_kernel:Matern32': 0.1, '4:features_kernel:Matern32': 7.1, '5:features_kernel:Matern32': 7.1, '6:features_kernel:Matern32': 4.1, '7:features_kernel:Matern32': 28.1, '8:features_kernel:Matern32': 7.1, '9:features_kernel:Matern32': 10.1, '10:features_kernel:Matern32': 1.1, '11:features_kernel:Matern32': 7.1, 'alpha': 0.089}. Best is trial 1 with value: 16.621263863210046.
/gpfs_common/share03/ddomlab/sdehgha2/working_space/GP_collab/code_python/training/MGK_and_tools/mgktools/mgktools/kernels/base.py:225: UserWarning: The distribution is specified by [0.1, 30] and step=1, but the range is not divisible by `step`. It will be replaced with [0.1, 29.1].
  self.unique_name: trial.suggest_float(
[I 2026-04-22 13:58:45,174] Trial 6 finished with value: 33.16148040516685 and parameters: {'0:atom_AtomicNumber:kDelta': 1.0, '0:atom_AtomicNumber_list_1:kConv': 0.9, '0:atom_AtomicNumber_list_2:kConv': 0.8, '0:atom_AtomicNumber_list_3:kConv': 0.75, '0:atom_AtomicNumber_list_4:kConv': 1.0, '0:atom_MorganHash:kDelta': 0.75, '0:atom_Ring_count:kDelta': 0.8, '0:atom_RingSize_list:kConv': 0.9, '0:atom_Hcount:kDelta': 0.8, '0:atom_AtomicNumber_count_1:kDelta': 1.0, '0:atom_AtomicNumber_count_2:kDelta': 0.9, '0:atom_Chiral:kDelta': 0.85, '0:bond_Order:kDelta': 1.0, '0:bond_Stereo:kDelta': 1.0, '0:bond_RingStereo:kDelta': 0.8, '0:q:q': 0.01, '1:features_kernel:Matern32': 20.1, '2:features_kernel:Matern32': 8.1, '3:features_kernel:Matern32': 0.1, '4:features_kernel:Matern32': 2.1, '5:features_kernel:Matern32': 12.1, '6:features_kernel:Matern32': 3.1, '7:features_kernel:Matern32': 6.1, '8:features_kernel:Matern32': 22.1, '9:features_kernel:Matern32': 13.1, '10:features_kernel:Matern32': 3.1, '11:features_kernel:Matern32': 6.1, 'alpha': 0.094}. Best is trial 1 with value: 16.621263863210046.
/gpfs_common/share03/ddomlab/sdehgha2/working_space/GP_collab/code_python/training/MGK_and_tools/mgktools/mgktools/kernels/base.py:225: UserWarning: The distribution is specified by [0.1, 30] and step=1, but the range is not divisible by `step`. It will be replaced with [0.1, 29.1].
  self.unique_name: trial.suggest_float(
[I 2026-04-22 13:58:58,051] Trial 7 finished with value: 25.397179223562954 and parameters: {'0:atom_AtomicNumber:kDelta': 0.75, '0:atom_AtomicNumber_list_1:kConv': 0.9, '0:atom_AtomicNumber_list_2:kConv': 0.9, '0:atom_AtomicNumber_list_3:kConv': 0.95, '0:atom_AtomicNumber_list_4:kConv': 0.9, '0:atom_MorganHash:kDelta': 0.95, '0:atom_Ring_count:kDelta': 0.95, '0:atom_RingSize_list:kConv': 0.9, '0:atom_Hcount:kDelta': 0.8, '0:atom_AtomicNumber_count_1:kDelta': 0.95, '0:atom_AtomicNumber_count_2:kDelta': 0.8, '0:atom_Chiral:kDelta': 1.0, '0:bond_Order:kDelta': 0.9, '0:bond_Stereo:kDelta': 0.75, '0:bond_RingStereo:kDelta': 1.0, '0:q:q': 0.24000000000000002, '1:features_kernel:Matern32': 28.1, '2:features_kernel:Matern32': 1.1, '3:features_kernel:Matern32': 3.1, '4:features_kernel:Matern32': 22.1, '5:features_kernel:Matern32': 1.1, '6:features_kernel:Matern32': 13.1, '7:features_kernel:Matern32': 24.1, '8:features_kernel:Matern32': 12.1, '9:features_kernel:Matern32': 5.1, '10:features_kernel:Matern32': 25.1, '11:features_kernel:Matern32': 3.1, 'alpha': 0.029}. Best is trial 1 with value: 16.621263863210046.
/gpfs_common/share03/ddomlab/sdehgha2/working_space/GP_collab/code_python/training/MGK_and_tools/mgktools/mgktools/kernels/base.py:225: UserWarning: The distribution is specified by [0.1, 30] and step=1, but the range is not divisible by `step`. It will be replaced with [0.1, 29.1].
  self.unique_name: trial.suggest_float(
[I 2026-04-22 13:59:16,168] Trial 8 finished with value: 19.83666399671345 and parameters: {'0:atom_AtomicNumber:kDelta': 0.8, '0:atom_AtomicNumber_list_1:kConv': 0.85, '0:atom_AtomicNumber_list_2:kConv': 0.8, '0:atom_AtomicNumber_list_3:kConv': 1.0, '0:atom_AtomicNumber_list_4:kConv': 0.95, '0:atom_MorganHash:kDelta': 0.95, '0:atom_Ring_count:kDelta': 0.75, '0:atom_RingSize_list:kConv': 0.9, '0:atom_Hcount:kDelta': 1.0, '0:atom_AtomicNumber_count_1:kDelta': 1.0, '0:atom_AtomicNumber_count_2:kDelta': 0.9, '0:atom_Chiral:kDelta': 0.8, '0:bond_Order:kDelta': 0.8, '0:bond_Stereo:kDelta': 0.9, '0:bond_RingStereo:kDelta': 0.95, '0:q:q': 0.16, '1:features_kernel:Matern32': 20.1, '2:features_kernel:Matern32': 15.1, '3:features_kernel:Matern32': 24.1, '4:features_kernel:Matern32': 20.1, '5:features_kernel:Matern32': 27.1, '6:features_kernel:Matern32': 3.1, '7:features_kernel:Matern32': 25.1, '8:features_kernel:Matern32': 28.1, '9:features_kernel:Matern32': 17.1, '10:features_kernel:Matern32': 0.1, '11:features_kernel:Matern32': 1.1, 'alpha': 0.042}. Best is trial 1 with value: 16.621263863210046.
/gpfs_common/share03/ddomlab/sdehgha2/working_space/GP_collab/code_python/training/MGK_and_tools/mgktools/mgktools/kernels/base.py:225: UserWarning: The distribution is specified by [0.1, 30] and step=1, but the range is not divisible by `step`. It will be replaced with [0.1, 29.1].
  self.unique_name: trial.suggest_float(
[I 2026-04-22 13:59:32,395] Trial 9 finished with value: 16.547705313527608 and parameters: {'0:atom_AtomicNumber:kDelta': 0.85, '0:atom_AtomicNumber_list_1:kConv': 0.85, '0:atom_AtomicNumber_list_2:kConv': 0.95, '0:atom_AtomicNumber_list_3:kConv': 0.95, '0:atom_AtomicNumber_list_4:kConv': 0.95, '0:atom_MorganHash:kDelta': 0.85, '0:atom_Ring_count:kDelta': 0.9, '0:atom_RingSize_list:kConv': 0.85, '0:atom_Hcount:kDelta': 0.95, '0:atom_AtomicNumber_count_1:kDelta': 0.9, '0:atom_AtomicNumber_count_2:kDelta': 0.9, '0:atom_Chiral:kDelta': 0.85, '0:bond_Order:kDelta': 0.9, '0:bond_Stereo:kDelta': 1.0, '0:bond_RingStereo:kDelta': 0.9, '0:q:q': 0.06999999999999999, '1:features_kernel:Matern32': 2.1, '2:features_kernel:Matern32': 20.1, '3:features_kernel:Matern32': 10.1, '4:features_kernel:Matern32': 9.1, '5:features_kernel:Matern32': 26.1, '6:features_kernel:Matern32': 25.1, '7:features_kernel:Matern32': 24.1, '8:features_kernel:Matern32': 10.1, '9:features_kernel:Matern32': 19.1, '10:features_kernel:Matern32': 17.1, '11:features_kernel:Matern32': 7.1, 'alpha': 0.059000000000000004}. Best is trial 9 with value: 16.547705313527608.
/gpfs_common/share03/ddomlab/sdehgha2/working_space/GP_collab/code_python/training/MGK_and_tools/mgktools/mgktools/kernels/base.py:225: UserWarning: The distribution is specified by [0.1, 30] and step=1, but the range is not divisible by `step`. It will be replaced with [0.1, 29.1].
  self.unique_name: trial.suggest_float(
[I 2026-04-22 13:59:52,969] Trial 10 finished with value: 16.550477017855698 and parameters: {'0:atom_AtomicNumber:kDelta': 0.9, '0:atom_AtomicNumber_list_1:kConv': 1.0, '0:atom_AtomicNumber_list_2:kConv': 0.75, '0:atom_AtomicNumber_list_3:kConv': 0.9, '0:atom_AtomicNumber_list_4:kConv': 0.95, '0:atom_MorganHash:kDelta': 0.8, '0:atom_Ring_count:kDelta': 0.85, '0:atom_RingSize_list:kConv': 0.75, '0:atom_Hcount:kDelta': 0.95, '0:atom_AtomicNumber_count_1:kDelta': 0.75, '0:atom_AtomicNumber_count_2:kDelta': 1.0, '0:atom_Chiral:kDelta': 0.75, '0:bond_Order:kDelta': 0.75, '0:bond_Stereo:kDelta': 1.0, '0:bond_RingStereo:kDelta': 1.0, '0:q:q': 0.01, '1:features_kernel:Matern32': 8.1, '2:features_kernel:Matern32': 21.1, '3:features_kernel:Matern32': 15.1, '4:features_kernel:Matern32': 27.1, '5:features_kernel:Matern32': 23.1, '6:features_kernel:Matern32': 27.1, '7:features_kernel:Matern32': 12.1, '8:features_kernel:Matern32': 0.1, '9:features_kernel:Matern32': 29.1, '10:features_kernel:Matern32': 29.1, '11:features_kernel:Matern32': 18.1, 'alpha': 0.049}. Best is trial 9 with value: 16.547705313527608.
/gpfs_common/share03/ddomlab/sdehgha2/working_space/GP_collab/code_python/training/MGK_and_tools/mgktools/mgktools/kernels/base.py:225: UserWarning: The distribution is specified by [0.1, 30] and step=1, but the range is not divisible by `step`. It will be replaced with [0.1, 29.1].
  self.unique_name: trial.suggest_float(
[I 2026-04-22 14:00:13,590] Trial 11 finished with value: 16.593948471614876 and parameters: {'0:atom_AtomicNumber:kDelta': 0.9, '0:atom_AtomicNumber_list_1:kConv': 1.0, '0:atom_AtomicNumber_list_2:kConv': 0.75, '0:atom_AtomicNumber_list_3:kConv': 0.9, '0:atom_AtomicNumber_list_4:kConv': 0.95, '0:atom_MorganHash:kDelta': 0.8, '0:atom_Ring_count:kDelta': 0.85, '0:atom_RingSize_list:kConv': 0.75, '0:atom_Hcount:kDelta': 0.95, '0:atom_AtomicNumber_count_1:kDelta': 0.75, '0:atom_AtomicNumber_count_2:kDelta': 1.0, '0:atom_Chiral:kDelta': 0.75, '0:bond_Order:kDelta': 0.75, '0:bond_Stereo:kDelta': 1.0, '0:bond_RingStereo:kDelta': 1.0, '0:q:q': 0.01, '1:features_kernel:Matern32': 8.1, '2:features_kernel:Matern32': 21.1, '3:features_kernel:Matern32': 14.1, '4:features_kernel:Matern32': 28.1, '5:features_kernel:Matern32': 24.1, '6:features_kernel:Matern32': 29.1, '7:features_kernel:Matern32': 14.1, '8:features_kernel:Matern32': 0.1, '9:features_kernel:Matern32': 29.1, '10:features_kernel:Matern32': 29.1, '11:features_kernel:Matern32': 21.1, 'alpha': 0.054}. Best is trial 9 with value: 16.547705313527608.
/gpfs_common/share03/ddomlab/sdehgha2/working_space/GP_collab/code_python/training/MGK_and_tools/mgktools/mgktools/kernels/base.py:225: UserWarning: The distribution is specified by [0.1, 30] and step=1, but the range is not divisible by `step`. It will be replaced with [0.1, 29.1].
  self.unique_name: trial.suggest_float(
[I 2026-04-22 14:00:31,077] Trial 12 finished with value: 16.490778113759283 and parameters: {'0:atom_AtomicNumber:kDelta': 0.95, '0:atom_AtomicNumber_list_1:kConv': 1.0, '0:atom_AtomicNumber_list_2:kConv': 0.85, '0:atom_AtomicNumber_list_3:kConv': 0.95, '0:atom_AtomicNumber_list_4:kConv': 0.95, '0:atom_MorganHash:kDelta': 0.8, '0:atom_Ring_count:kDelta': 0.85, '0:atom_RingSize_list:kConv': 0.75, '0:atom_Hcount:kDelta': 0.95, '0:atom_AtomicNumber_count_1:kDelta': 0.8, '0:atom_AtomicNumber_count_2:kDelta': 1.0, '0:atom_Chiral:kDelta': 0.75, '0:bond_Order:kDelta': 0.75, '0:bond_Stereo:kDelta': 1.0, '0:bond_RingStereo:kDelta': 0.95, '0:q:q': 0.08, '1:features_kernel:Matern32': 7.1, '2:features_kernel:Matern32': 20.1, '3:features_kernel:Matern32': 13.1, '4:features_kernel:Matern32': 29.1, '5:features_kernel:Matern32': 21.1, '6:features_kernel:Matern32': 28.1, '7:features_kernel:Matern32': 14.1, '8:features_kernel:Matern32': 0.1, '9:features_kernel:Matern32': 29.1, '10:features_kernel:Matern32': 21.1, '11:features_kernel:Matern32': 15.1, 'alpha': 0.043000000000000003}. Best is trial 12 with value: 16.490778113759283.
/gpfs_common/share03/ddomlab/sdehgha2/working_space/GP_collab/code_python/training/MGK_and_tools/mgktools/mgktools/kernels/base.py:225: UserWarning: The distribution is specified by [0.1, 30] and step=1, but the range is not divisible by `step`. It will be replaced with [0.1, 29.1].
  self.unique_name: trial.suggest_float(
[I 2026-04-22 14:00:48,499] Trial 13 finished with value: 16.36353242423884 and parameters: {'0:atom_AtomicNumber:kDelta': 0.95, '0:atom_AtomicNumber_list_1:kConv': 0.75, '0:atom_AtomicNumber_list_2:kConv': 0.85, '0:atom_AtomicNumber_list_3:kConv': 0.95, '0:atom_AtomicNumber_list_4:kConv': 0.85, '0:atom_MorganHash:kDelta': 0.85, '0:atom_Ring_count:kDelta': 0.95, '0:atom_RingSize_list:kConv': 0.8, '0:atom_Hcount:kDelta': 0.95, '0:atom_AtomicNumber_count_1:kDelta': 0.8, '0:atom_AtomicNumber_count_2:kDelta': 0.95, '0:atom_Chiral:kDelta': 0.8, '0:bond_Order:kDelta': 0.85, '0:bond_Stereo:kDelta': 0.95, '0:bond_RingStereo:kDelta': 0.95, '0:q:q': 0.11, '1:features_kernel:Matern32': 7.1, '2:features_kernel:Matern32': 20.1, '3:features_kernel:Matern32': 12.1, '4:features_kernel:Matern32': 15.1, '5:features_kernel:Matern32': 19.1, '6:features_kernel:Matern32': 13.1, '7:features_kernel:Matern32': 18.1, '8:features_kernel:Matern32': 5.1, '9:features_kernel:Matern32': 23.1, '10:features_kernel:Matern32': 20.1, '11:features_kernel:Matern32': 12.1, 'alpha': 0.026000000000000002}. Best is trial 13 with value: 16.36353242423884.
/gpfs_common/share03/ddomlab/sdehgha2/working_space/GP_collab/code_python/training/MGK_and_tools/mgktools/mgktools/kernels/base.py:225: UserWarning: The distribution is specified by [0.1, 30] and step=1, but the range is not divisible by `step`. It will be replaced with [0.1, 29.1].
  self.unique_name: trial.suggest_float(
[I 2026-04-22 14:01:03,816] Trial 14 finished with value: 16.391679449797838 and parameters: {'0:atom_AtomicNumber:kDelta': 0.95, '0:atom_AtomicNumber_list_1:kConv': 0.75, '0:atom_AtomicNumber_list_2:kConv': 0.85, '0:atom_AtomicNumber_list_3:kConv': 0.95, '0:atom_AtomicNumber_list_4:kConv': 0.85, '0:atom_MorganHash:kDelta': 0.8, '0:atom_Ring_count:kDelta': 1.0, '0:atom_RingSize_list:kConv': 0.8, '0:atom_Hcount:kDelta': 0.9, '0:atom_AtomicNumber_count_1:kDelta': 0.8, '0:atom_AtomicNumber_count_2:kDelta': 0.95, '0:atom_Chiral:kDelta': 0.8, '0:bond_Order:kDelta': 0.8, '0:bond_Stereo:kDelta': 0.95, '0:bond_RingStereo:kDelta': 0.95, '0:q:q': 0.11, '1:features_kernel:Matern32': 9.1, '2:features_kernel:Matern32': 27.1, '3:features_kernel:Matern32': 18.1, '4:features_kernel:Matern32': 19.1, '5:features_kernel:Matern32': 19.1, '6:features_kernel:Matern32': 12.1, '7:features_kernel:Matern32': 18.1, '8:features_kernel:Matern32': 4.1, '9:features_kernel:Matern32': 24.1, '10:features_kernel:Matern32': 22.1, '11:features_kernel:Matern32': 12.1, 'alpha': 0.025}. Best is trial 13 with value: 16.36353242423884.
/gpfs_common/share03/ddomlab/sdehgha2/working_space/GP_collab/code_python/training/MGK_and_tools/mgktools/mgktools/kernels/base.py:225: UserWarning: The distribution is specified by [0.1, 30] and step=1, but the range is not divisible by `step`. It will be replaced with [0.1, 29.1].
  self.unique_name: trial.suggest_float(
[I 2026-04-22 14:01:20,285] Trial 15 finished with value: 16.408973138205663 and parameters: {'0:atom_AtomicNumber:kDelta': 0.95, '0:atom_AtomicNumber_list_1:kConv': 0.75, '0:atom_AtomicNumber_list_2:kConv': 0.85, '0:atom_AtomicNumber_list_3:kConv': 0.95, '0:atom_AtomicNumber_list_4:kConv': 0.85, '0:atom_MorganHash:kDelta': 0.85, '0:atom_Ring_count:kDelta': 1.0, '0:atom_RingSize_list:kConv': 0.8, '0:atom_Hcount:kDelta': 0.85, '0:atom_AtomicNumber_count_1:kDelta': 0.8, '0:atom_AtomicNumber_count_2:kDelta': 0.95, '0:atom_Chiral:kDelta': 0.8, '0:bond_Order:kDelta': 0.85, '0:bond_Stereo:kDelta': 0.85, '0:bond_RingStereo:kDelta': 0.95, '0:q:q': 0.16, '1:features_kernel:Matern32': 14.1, '2:features_kernel:Matern32': 26.1, '3:features_kernel:Matern32': 19.1, '4:features_kernel:Matern32': 18.1, '5:features_kernel:Matern32': 18.1, '6:features_kernel:Matern32': 11.1, '7:features_kernel:Matern32': 18.1, '8:features_kernel:Matern32': 5.1, '9:features_kernel:Matern32': 24.1, '10:features_kernel:Matern32': 10.1, '11:features_kernel:Matern32': 11.1, 'alpha': 0.018000000000000002}. Best is trial 13 with value: 16.36353242423884.
/gpfs_common/share03/ddomlab/sdehgha2/working_space/GP_collab/code_python/training/MGK_and_tools/mgktools/mgktools/kernels/base.py:225: UserWarning: The distribution is specified by [0.1, 30] and step=1, but the range is not divisible by `step`. It will be replaced with [0.1, 29.1].
  self.unique_name: trial.suggest_float(
[I 2026-04-22 14:01:34,539] Trial 16 finished with value: 16.650749005728535 and parameters: {'0:atom_AtomicNumber:kDelta': 0.95, '0:atom_AtomicNumber_list_1:kConv': 0.75, '0:atom_AtomicNumber_list_2:kConv': 0.8, '0:atom_AtomicNumber_list_3:kConv': 0.8, '0:atom_AtomicNumber_list_4:kConv': 0.85, '0:atom_MorganHash:kDelta': 0.75, '0:atom_Ring_count:kDelta': 0.95, '0:atom_RingSize_list:kConv': 0.8, '0:atom_Hcount:kDelta': 0.75, '0:atom_AtomicNumber_count_1:kDelta': 0.8, '0:atom_AtomicNumber_count_2:kDelta': 0.95, '0:atom_Chiral:kDelta': 0.8, '0:bond_Order:kDelta': 0.8, '0:bond_Stereo:kDelta': 0.95, '0:bond_RingStereo:kDelta': 0.95, '0:q:q': 0.25, '1:features_kernel:Matern32': 12.1, '2:features_kernel:Matern32': 26.1, '3:features_kernel:Matern32': 19.1, '4:features_kernel:Matern32': 14.1, '5:features_kernel:Matern32': 17.1, '6:features_kernel:Matern32': 9.1, '7:features_kernel:Matern32': 19.1, '8:features_kernel:Matern32': 4.1, '9:features_kernel:Matern32': 24.1, '10:features_kernel:Matern32': 23.1, '11:features_kernel:Matern32': 21.1, 'alpha': 0.029}. Best is trial 13 with value: 16.36353242423884.
/gpfs_common/share03/ddomlab/sdehgha2/working_space/GP_collab/code_python/training/MGK_and_tools/mgktools/mgktools/kernels/base.py:225: UserWarning: The distribution is specified by [0.1, 30] and step=1, but the range is not divisible by `step`. It will be replaced with [0.1, 29.1].
  self.unique_name: trial.suggest_float(
[I 2026-04-22 14:01:48,463] Trial 17 finished with value: 16.54074487680963 and parameters: {'0:atom_AtomicNumber:kDelta': 0.95, '0:atom_AtomicNumber_list_1:kConv': 0.75, '0:atom_AtomicNumber_list_2:kConv': 0.85, '0:atom_AtomicNumber_list_3:kConv': 0.95, '0:atom_AtomicNumber_list_4:kConv': 0.8, '0:atom_MorganHash:kDelta': 0.85, '0:atom_Ring_count:kDelta': 0.95, '0:atom_RingSize_list:kConv': 0.8, '0:atom_Hcount:kDelta': 0.9, '0:atom_AtomicNumber_count_1:kDelta': 0.8, '0:atom_AtomicNumber_count_2:kDelta': 0.95, '0:atom_Chiral:kDelta': 0.8, '0:bond_Order:kDelta': 0.85, '0:bond_Stereo:kDelta': 0.85, '0:bond_RingStereo:kDelta': 0.95, '0:q:q': 0.33, '1:features_kernel:Matern32': 5.1, '2:features_kernel:Matern32': 16.1, '3:features_kernel:Matern32': 9.1, '4:features_kernel:Matern32': 18.1, '5:features_kernel:Matern32': 19.1, '6:features_kernel:Matern32': 16.1, '7:features_kernel:Matern32': 9.1, '8:features_kernel:Matern32': 3.1, '9:features_kernel:Matern32': 24.1, '10:features_kernel:Matern32': 20.1, '11:features_kernel:Matern32': 10.1, 'alpha': 0.001}. Best is trial 13 with value: 16.36353242423884.
/gpfs_common/share03/ddomlab/sdehgha2/working_space/GP_collab/code_python/training/MGK_and_tools/mgktools/mgktools/kernels/base.py:225: UserWarning: The distribution is specified by [0.1, 30] and step=1, but the range is not divisible by `step`. It will be replaced with [0.1, 29.1].
  self.unique_name: trial.suggest_float(
[I 2026-04-22 14:02:05,757] Trial 18 finished with value: 17.445394217876462 and parameters: {'0:atom_AtomicNumber:kDelta': 0.95, '0:atom_AtomicNumber_list_1:kConv': 0.75, '0:atom_AtomicNumber_list_2:kConv': 0.9, '0:atom_AtomicNumber_list_3:kConv': 0.9, '0:atom_AtomicNumber_list_4:kConv': 0.85, '0:atom_MorganHash:kDelta': 0.8, '0:atom_Ring_count:kDelta': 1.0, '0:atom_RingSize_list:kConv': 0.85, '0:atom_Hcount:kDelta': 0.85, '0:atom_AtomicNumber_count_1:kDelta': 0.8, '0:atom_AtomicNumber_count_2:kDelta': 0.95, '0:atom_Chiral:kDelta': 0.75, '0:bond_Order:kDelta': 0.8, '0:bond_Stereo:kDelta': 0.95, '0:bond_RingStereo:kDelta': 0.9, '0:q:q': 0.11, '1:features_kernel:Matern32': 11.1, '2:features_kernel:Matern32': 24.1, '3:features_kernel:Matern32': 17.1, '4:features_kernel:Matern32': 24.1, '5:features_kernel:Matern32': 15.1, '6:features_kernel:Matern32': 7.1, '7:features_kernel:Matern32': 0.1, '8:features_kernel:Matern32': 15.1, '9:features_kernel:Matern32': 1.1, '10:features_kernel:Matern32': 10.1, '11:features_kernel:Matern32': 12.1, 'alpha': 0.028}. Best is trial 13 with value: 16.36353242423884.
/gpfs_common/share03/ddomlab/sdehgha2/working_space/GP_collab/code_python/training/MGK_and_tools/mgktools/mgktools/kernels/base.py:225: UserWarning: The distribution is specified by [0.1, 30] and step=1, but the range is not divisible by `step`. It will be replaced with [0.1, 29.1].
  self.unique_name: trial.suggest_float(
[I 2026-04-22 14:02:20,992] Trial 19 finished with value: 16.35944612343214 and parameters: {'0:atom_AtomicNumber:kDelta': 1.0, '0:atom_AtomicNumber_list_1:kConv': 0.8, '0:atom_AtomicNumber_list_2:kConv': 0.8, '0:atom_AtomicNumber_list_3:kConv': 1.0, '0:atom_AtomicNumber_list_4:kConv': 0.9, '0:atom_MorganHash:kDelta': 0.75, '0:atom_Ring_count:kDelta': 0.95, '0:atom_RingSize_list:kConv': 0.8, '0:atom_Hcount:kDelta': 0.9, '0:atom_AtomicNumber_count_1:kDelta': 0.75, '0:atom_AtomicNumber_count_2:kDelta': 0.95, '0:atom_Chiral:kDelta': 0.85, '0:bond_Order:kDelta': 0.85, '0:bond_Stereo:kDelta': 0.95, '0:bond_RingStereo:kDelta': 1.0, '0:q:q': 0.21000000000000002, '1:features_kernel:Matern32': 17.1, '2:features_kernel:Matern32': 29.1, '3:features_kernel:Matern32': 23.1, '4:features_kernel:Matern32': 13.1, '5:features_kernel:Matern32': 29.1, '6:features_kernel:Matern32': 17.1, '7:features_kernel:Matern32': 18.1, '8:features_kernel:Matern32': 15.1, '9:features_kernel:Matern32': 22.1, '10:features_kernel:Matern32': 25.1, '11:features_kernel:Matern32': 19.1, 'alpha': 0.021}. Best is trial 19 with value: 16.35944612343214.
/gpfs_common/share03/ddomlab/sdehgha2/working_space/GP_collab/code_python/training/MGK_and_tools/mgktools/mgktools/kernels/base.py:225: UserWarning: The distribution is specified by [0.1, 30] and step=1, but the range is not divisible by `step`. It will be replaced with [0.1, 29.1].
  self.unique_name: trial.suggest_float(
[I 2026-04-22 14:02:34,158] Trial 20 finished with value: 16.33607853352188 and parameters: {'0:atom_AtomicNumber:kDelta': 1.0, '0:atom_AtomicNumber_list_1:kConv': 0.8, '0:atom_AtomicNumber_list_2:kConv': 0.8, '0:atom_AtomicNumber_list_3:kConv': 1.0, '0:atom_AtomicNumber_list_4:kConv': 0.9, '0:atom_MorganHash:kDelta': 0.75, '0:atom_Ring_count:kDelta': 0.95, '0:atom_RingSize_list:kConv': 0.75, '0:atom_Hcount:kDelta': 0.95, '0:atom_AtomicNumber_count_1:kDelta': 0.75, '0:atom_AtomicNumber_count_2:kDelta': 1.0, '0:atom_Chiral:kDelta': 0.9, '0:bond_Order:kDelta': 0.95, '0:bond_Stereo:kDelta': 0.85, '0:bond_RingStereo:kDelta': 1.0, '0:q:q': 0.21000000000000002, '1:features_kernel:Matern32': 16.1, '2:features_kernel:Matern32': 29.1, '3:features_kernel:Matern32': 29.1, '4:features_kernel:Matern32': 12.1, '5:features_kernel:Matern32': 27.1, '6:features_kernel:Matern32': 17.1, '7:features_kernel:Matern32': 20.1, '8:features_kernel:Matern32': 16.1, '9:features_kernel:Matern32': 14.1, '10:features_kernel:Matern32': 26.1, '11:features_kernel:Matern32': 27.1, 'alpha': 0.013000000000000001}. Best is trial 20 with value: 16.33607853352188.
/gpfs_common/share03/ddomlab/sdehgha2/working_space/GP_collab/code_python/training/MGK_and_tools/mgktools/mgktools/kernels/base.py:225: UserWarning: The distribution is specified by [0.1, 30] and step=1, but the range is not divisible by `step`. It will be replaced with [0.1, 29.1].
  self.unique_name: trial.suggest_float(
[I 2026-04-22 14:02:50,194] Trial 21 finished with value: 16.38715351204287 and parameters: {'0:atom_AtomicNumber:kDelta': 1.0, '0:atom_AtomicNumber_list_1:kConv': 0.8, '0:atom_AtomicNumber_list_2:kConv': 0.8, '0:atom_AtomicNumber_list_3:kConv': 1.0, '0:atom_AtomicNumber_list_4:kConv': 0.9, '0:atom_MorganHash:kDelta': 0.75, '0:atom_Ring_count:kDelta': 0.95, '0:atom_RingSize_list:kConv': 0.75, '0:atom_Hcount:kDelta': 0.95, '0:atom_AtomicNumber_count_1:kDelta': 0.75, '0:atom_AtomicNumber_count_2:kDelta': 1.0, '0:atom_Chiral:kDelta': 0.9, '0:bond_Order:kDelta': 0.95, '0:bond_Stereo:kDelta': 0.85, '0:bond_RingStereo:kDelta': 1.0, '0:q:q': 0.2, '1:features_kernel:Matern32': 18.1, '2:features_kernel:Matern32': 29.1, '3:features_kernel:Matern32': 29.1, '4:features_kernel:Matern32': 12.1, '5:features_kernel:Matern32': 29.1, '6:features_kernel:Matern32': 17.1, '7:features_kernel:Matern32': 20.1, '8:features_kernel:Matern32': 16.1, '9:features_kernel:Matern32': 14.1, '10:features_kernel:Matern32': 26.1, '11:features_kernel:Matern32': 26.1, 'alpha': 0.017}. Best is trial 20 with value: 16.33607853352188.
/gpfs_common/share03/ddomlab/sdehgha2/working_space/GP_collab/code_python/training/MGK_and_tools/mgktools/mgktools/kernels/base.py:225: UserWarning: The distribution is specified by [0.1, 30] and step=1, but the range is not divisible by `step`. It will be replaced with [0.1, 29.1].
  self.unique_name: trial.suggest_float(
[I 2026-04-22 14:03:04,420] Trial 22 finished with value: 16.31494348168422 and parameters: {'0:atom_AtomicNumber:kDelta': 1.0, '0:atom_AtomicNumber_list_1:kConv': 0.8, '0:atom_AtomicNumber_list_2:kConv': 0.75, '0:atom_AtomicNumber_list_3:kConv': 1.0, '0:atom_AtomicNumber_list_4:kConv': 0.9, '0:atom_MorganHash:kDelta': 0.75, '0:atom_Ring_count:kDelta': 0.95, '0:atom_RingSize_list:kConv': 0.75, '0:atom_Hcount:kDelta': 0.95, '0:atom_AtomicNumber_count_1:kDelta': 0.75, '0:atom_AtomicNumber_count_2:kDelta': 1.0, '0:atom_Chiral:kDelta': 0.85, '0:bond_Order:kDelta': 0.85, '0:bond_Stereo:kDelta': 0.8, '0:bond_RingStereo:kDelta': 1.0, '0:q:q': 0.28, '1:features_kernel:Matern32': 16.1, '2:features_kernel:Matern32': 24.1, '3:features_kernel:Matern32': 23.1, '4:features_kernel:Matern32': 5.1, '5:features_kernel:Matern32': 29.1, '6:features_kernel:Matern32': 18.1, '7:features_kernel:Matern32': 16.1, '8:features_kernel:Matern32': 17.1, '9:features_kernel:Matern32': 21.1, '10:features_kernel:Matern32': 25.1, '11:features_kernel:Matern32': 23.1, 'alpha': 0.014000000000000002}. Best is trial 22 with value: 16.31494348168422.
/gpfs_common/share03/ddomlab/sdehgha2/working_space/GP_collab/code_python/training/MGK_and_tools/mgktools/mgktools/kernels/base.py:225: UserWarning: The distribution is specified by [0.1, 30] and step=1, but the range is not divisible by `step`. It will be replaced with [0.1, 29.1].
  self.unique_name: trial.suggest_float(
[I 2026-04-22 14:03:17,239] Trial 23 finished with value: 16.29817127178053 and parameters: {'0:atom_AtomicNumber:kDelta': 1.0, '0:atom_AtomicNumber_list_1:kConv': 0.8, '0:atom_AtomicNumber_list_2:kConv': 0.75, '0:atom_AtomicNumber_list_3:kConv': 1.0, '0:atom_AtomicNumber_list_4:kConv': 0.9, '0:atom_MorganHash:kDelta': 0.75, '0:atom_Ring_count:kDelta': 0.95, '0:atom_RingSize_list:kConv': 0.75, '0:atom_Hcount:kDelta': 0.9, '0:atom_AtomicNumber_count_1:kDelta': 0.75, '0:atom_AtomicNumber_count_2:kDelta': 1.0, '0:atom_Chiral:kDelta': 0.95, '0:bond_Order:kDelta': 0.9, '0:bond_Stereo:kDelta': 0.8, '0:bond_RingStereo:kDelta': 1.0, '0:q:q': 0.29000000000000004, '1:features_kernel:Matern32': 17.1, '2:features_kernel:Matern32': 23.1, '3:features_kernel:Matern32': 23.1, '4:features_kernel:Matern32': 5.1, '5:features_kernel:Matern32': 29.1, '6:features_kernel:Matern32': 18.1, '7:features_kernel:Matern32': 11.1, '8:features_kernel:Matern32': 18.1, '9:features_kernel:Matern32': 12.1, '10:features_kernel:Matern32': 24.1, '11:features_kernel:Matern32': 24.1, 'alpha': 0.010000000000000002}. Best is trial 23 with value: 16.29817127178053.
/gpfs_common/share03/ddomlab/sdehgha2/working_space/GP_collab/code_python/training/MGK_and_tools/mgktools/mgktools/kernels/base.py:225: UserWarning: The distribution is specified by [0.1, 30] and step=1, but the range is not divisible by `step`. It will be replaced with [0.1, 29.1].
  self.unique_name: trial.suggest_float(
[I 2026-04-22 14:03:31,551] Trial 24 finished with value: 16.31920474943888 and parameters: {'0:atom_AtomicNumber:kDelta': 1.0, '0:atom_AtomicNumber_list_1:kConv': 0.85, '0:atom_AtomicNumber_list_2:kConv': 0.75, '0:atom_AtomicNumber_list_3:kConv': 1.0, '0:atom_AtomicNumber_list_4:kConv': 0.9, '0:atom_MorganHash:kDelta': 0.75, '0:atom_Ring_count:kDelta': 0.9, '0:atom_RingSize_list:kConv': 0.75, '0:atom_Hcount:kDelta': 1.0, '0:atom_AtomicNumber_count_1:kDelta': 0.75, '0:atom_AtomicNumber_count_2:kDelta': 1.0, '0:atom_Chiral:kDelta': 0.95, '0:bond_Order:kDelta': 0.95, '0:bond_Stereo:kDelta': 0.8, '0:bond_RingStereo:kDelta': 1.0, '0:q:q': 0.3, '1:features_kernel:Matern32': 16.1, '2:features_kernel:Matern32': 24.1, '3:features_kernel:Matern32': 29.1, '4:features_kernel:Matern32': 5.1, '5:features_kernel:Matern32': 26.1, '6:features_kernel:Matern32': 19.1, '7:features_kernel:Matern32': 11.1, '8:features_kernel:Matern32': 18.1, '9:features_kernel:Matern32': 11.1, '10:features_kernel:Matern32': 27.1, '11:features_kernel:Matern32': 25.1, 'alpha': 0.011}. Best is trial 23 with value: 16.29817127178053.
/gpfs_common/share03/ddomlab/sdehgha2/working_space/GP_collab/code_python/training/MGK_and_tools/mgktools/mgktools/kernels/base.py:225: UserWarning: The distribution is specified by [0.1, 30] and step=1, but the range is not divisible by `step`. It will be replaced with [0.1, 29.1].
  self.unique_name: trial.suggest_float(
[I 2026-04-22 14:03:44,415] Trial 25 finished with value: 16.449754883493522 and parameters: {'0:atom_AtomicNumber:kDelta': 1.0, '0:atom_AtomicNumber_list_1:kConv': 0.85, '0:atom_AtomicNumber_list_2:kConv': 0.75, '0:atom_AtomicNumber_list_3:kConv': 1.0, '0:atom_AtomicNumber_list_4:kConv': 0.9, '0:atom_MorganHash:kDelta': 0.75, '0:atom_Ring_count:kDelta': 0.9, '0:atom_RingSize_list:kConv': 0.75, '0:atom_Hcount:kDelta': 1.0, '0:atom_AtomicNumber_count_1:kDelta': 0.75, '0:atom_AtomicNumber_count_2:kDelta': 1.0, '0:atom_Chiral:kDelta': 1.0, '0:bond_Order:kDelta': 0.9, '0:bond_Stereo:kDelta': 0.8, '0:bond_RingStereo:kDelta': 1.0, '0:q:q': 0.41000000000000003, '1:features_kernel:Matern32': 16.1, '2:features_kernel:Matern32': 24.1, '3:features_kernel:Matern32': 25.1, '4:features_kernel:Matern32': 5.1, '5:features_kernel:Matern32': 24.1, '6:features_kernel:Matern32': 20.1, '7:features_kernel:Matern32': 11.1, '8:features_kernel:Matern32': 18.1, '9:features_kernel:Matern32': 11.1, '10:features_kernel:Matern32': 29.1, '11:features_kernel:Matern32': 24.1, 'alpha': 0.001}. Best is trial 23 with value: 16.29817127178053.
/gpfs_common/share03/ddomlab/sdehgha2/working_space/GP_collab/code_python/training/MGK_and_tools/mgktools/mgktools/kernels/base.py:225: UserWarning: The distribution is specified by [0.1, 30] and step=1, but the range is not divisible by `step`. It will be replaced with [0.1, 29.1].
  self.unique_name: trial.suggest_float(
[I 2026-04-22 14:03:57,035] Trial 26 finished with value: 16.321496366379048 and parameters: {'0:atom_AtomicNumber:kDelta': 1.0, '0:atom_AtomicNumber_list_1:kConv': 0.85, '0:atom_AtomicNumber_list_2:kConv': 0.75, '0:atom_AtomicNumber_list_3:kConv': 1.0, '0:atom_AtomicNumber_list_4:kConv': 0.95, '0:atom_MorganHash:kDelta': 0.8, '0:atom_Ring_count:kDelta': 0.8, '0:atom_RingSize_list:kConv': 0.75, '0:atom_Hcount:kDelta': 1.0, '0:atom_AtomicNumber_count_1:kDelta': 0.75, '0:atom_AtomicNumber_count_2:kDelta': 1.0, '0:atom_Chiral:kDelta': 0.95, '0:bond_Order:kDelta': 0.9, '0:bond_Stereo:kDelta': 0.8, '0:bond_RingStereo:kDelta': 1.0, '0:q:q': 0.29000000000000004, '1:features_kernel:Matern32': 19.1, '2:features_kernel:Matern32': 17.1, '3:features_kernel:Matern32': 22.1, '4:features_kernel:Matern32': 5.1, '5:features_kernel:Matern32': 29.1, '6:features_kernel:Matern32': 19.1, '7:features_kernel:Matern32': 8.1, '8:features_kernel:Matern32': 20.1, '9:features_kernel:Matern32': 11.1, '10:features_kernel:Matern32': 18.1, '11:features_kernel:Matern32': 23.1, 'alpha': 0.010000000000000002}. Best is trial 23 with value: 16.29817127178053.
/gpfs_common/share03/ddomlab/sdehgha2/working_space/GP_collab/code_python/training/MGK_and_tools/mgktools/mgktools/kernels/base.py:225: UserWarning: The distribution is specified by [0.1, 30] and step=1, but the range is not divisible by `step`. It will be replaced with [0.1, 29.1].
  self.unique_name: trial.suggest_float(
[I 2026-04-22 14:04:10,636] Trial 27 finished with value: 16.51293343329935 and parameters: {'0:atom_AtomicNumber:kDelta': 0.9, '0:atom_AtomicNumber_list_1:kConv': 0.95, '0:atom_AtomicNumber_list_2:kConv': 0.75, '0:atom_AtomicNumber_list_3:kConv': 1.0, '0:atom_AtomicNumber_list_4:kConv': 0.9, '0:atom_MorganHash:kDelta': 0.75, '0:atom_Ring_count:kDelta': 0.9, '0:atom_RingSize_list:kConv': 0.75, '0:atom_Hcount:kDelta': 1.0, '0:atom_AtomicNumber_count_1:kDelta': 0.85, '0:atom_AtomicNumber_count_2:kDelta': 1.0, '0:atom_Chiral:kDelta': 0.95, '0:bond_Order:kDelta': 1.0, '0:bond_Stereo:kDelta': 0.8, '0:bond_RingStereo:kDelta': 0.8, '0:q:q': 0.4, '1:features_kernel:Matern32': 11.1, '2:features_kernel:Matern32': 23.1, '3:features_kernel:Matern32': 27.1, '4:features_kernel:Matern32': 0.1, '5:features_kernel:Matern32': 26.1, '6:features_kernel:Matern32': 23.1, '7:features_kernel:Matern32': 15.1, '8:features_kernel:Matern32': 25.1, '9:features_kernel:Matern32': 17.1, '10:features_kernel:Matern32': 24.1, '11:features_kernel:Matern32': 29.1, 'alpha': 0.038}. Best is trial 23 with value: 16.29817127178053.
/gpfs_common/share03/ddomlab/sdehgha2/working_space/GP_collab/code_python/training/MGK_and_tools/mgktools/mgktools/kernels/base.py:225: UserWarning: The distribution is specified by [0.1, 30] and step=1, but the range is not divisible by `step`. It will be replaced with [0.1, 29.1].
  self.unique_name: trial.suggest_float(
[I 2026-04-22 14:04:25,740] Trial 28 finished with value: 16.307509620669634 and parameters: {'0:atom_AtomicNumber:kDelta': 1.0, '0:atom_AtomicNumber_list_1:kConv': 0.8, '0:atom_AtomicNumber_list_2:kConv': 0.75, '0:atom_AtomicNumber_list_3:kConv': 0.8, '0:atom_AtomicNumber_list_4:kConv': 1.0, '0:atom_MorganHash:kDelta': 0.75, '0:atom_Ring_count:kDelta': 1.0, '0:atom_RingSize_list:kConv': 0.85, '0:atom_Hcount:kDelta': 0.9, '0:atom_AtomicNumber_count_1:kDelta': 0.75, '0:atom_AtomicNumber_count_2:kDelta': 0.9, '0:atom_Chiral:kDelta': 1.0, '0:bond_Order:kDelta': 0.95, '0:bond_Stereo:kDelta': 0.75, '0:bond_RingStereo:kDelta': 1.0, '0:q:q': 0.28, '1:features_kernel:Matern32': 22.1, '2:features_kernel:Matern32': 18.1, '3:features_kernel:Matern32': 22.1, '4:features_kernel:Matern32': 5.1, '5:features_kernel:Matern32': 23.1, '6:features_kernel:Matern32': 15.1, '7:features_kernel:Matern32': 11.1, '8:features_kernel:Matern32': 13.1, '9:features_kernel:Matern32': 9.1, '10:features_kernel:Matern32': 27.1, '11:features_kernel:Matern32': 25.1, 'alpha': 0.006}. Best is trial 23 with value: 16.29817127178053.
/gpfs_common/share03/ddomlab/sdehgha2/working_space/GP_collab/code_python/training/MGK_and_tools/mgktools/mgktools/kernels/base.py:225: UserWarning: The distribution is specified by [0.1, 30] and step=1, but the range is not divisible by `step`. It will be replaced with [0.1, 29.1].
  self.unique_name: trial.suggest_float(
[I 2026-04-22 14:04:38,843] Trial 29 finished with value: 16.4874319533082 and parameters: {'0:atom_AtomicNumber:kDelta': 1.0, '0:atom_AtomicNumber_list_1:kConv': 0.8, '0:atom_AtomicNumber_list_2:kConv': 0.75, '0:atom_AtomicNumber_list_3:kConv': 0.75, '0:atom_AtomicNumber_list_4:kConv': 1.0, '0:atom_MorganHash:kDelta': 0.8, '0:atom_Ring_count:kDelta': 1.0, '0:atom_RingSize_list:kConv': 0.85, '0:atom_Hcount:kDelta': 0.85, '0:atom_AtomicNumber_count_1:kDelta': 0.9, '0:atom_AtomicNumber_count_2:kDelta': 0.85, '0:atom_Chiral:kDelta': 1.0, '0:bond_Order:kDelta': 0.9, '0:bond_Stereo:kDelta': 0.75, '0:bond_RingStereo:kDelta': 0.9, '0:q:q': 0.37, '1:features_kernel:Matern32': 26.1, '2:features_kernel:Matern32': 18.1, '3:features_kernel:Matern32': 21.1, '4:features_kernel:Matern32': 8.1, '5:features_kernel:Matern32': 23.1, '6:features_kernel:Matern32': 15.1, '7:features_kernel:Matern32': 8.1, '8:features_kernel:Matern32': 12.1, '9:features_kernel:Matern32': 8.1, '10:features_kernel:Matern32': 13.1, '11:features_kernel:Matern32': 21.1, 'alpha': 0.035}. Best is trial 23 with value: 16.29817127178053.
/gpfs_common/share03/ddomlab/sdehgha2/working_space/GP_collab/code_python/training/MGK_and_tools/mgktools/mgktools/kernels/base.py:225: UserWarning: The distribution is specified by [0.1, 30] and step=1, but the range is not divisible by `step`. It will be replaced with [0.1, 29.1].
  self.unique_name: trial.suggest_float(
[I 2026-04-22 14:04:51,893] Trial 30 finished with value: 16.800592102628194 and parameters: {'0:atom_AtomicNumber:kDelta': 0.95, '0:atom_AtomicNumber_list_1:kConv': 0.8, '0:atom_AtomicNumber_list_2:kConv': 0.75, '0:atom_AtomicNumber_list_3:kConv': 0.8, '0:atom_AtomicNumber_list_4:kConv': 1.0, '0:atom_MorganHash:kDelta': 0.9, '0:atom_Ring_count:kDelta': 1.0, '0:atom_RingSize_list:kConv': 0.95, '0:atom_Hcount:kDelta': 0.9, '0:atom_AtomicNumber_count_1:kDelta': 0.8, '0:atom_AtomicNumber_count_2:kDelta': 0.9, '0:atom_Chiral:kDelta': 1.0, '0:bond_Order:kDelta': 0.9, '0:bond_Stereo:kDelta': 0.75, '0:bond_RingStereo:kDelta': 0.95, '0:q:q': 0.44, '1:features_kernel:Matern32': 22.1, '2:features_kernel:Matern32': 22.1, '3:features_kernel:Matern32': 16.1, '4:features_kernel:Matern32': 2.1, '5:features_kernel:Matern32': 21.1, '6:features_kernel:Matern32': 8.1, '7:features_kernel:Matern32': 16.1, '8:features_kernel:Matern32': 24.1, '9:features_kernel:Matern32': 2.1, '10:features_kernel:Matern32': 19.1, '11:features_kernel:Matern32': 23.1, 'alpha': 0.006}. Best is trial 23 with value: 16.29817127178053.
/gpfs_common/share03/ddomlab/sdehgha2/working_space/GP_collab/code_python/training/MGK_and_tools/mgktools/mgktools/kernels/base.py:225: UserWarning: The distribution is specified by [0.1, 30] and step=1, but the range is not divisible by `step`. It will be replaced with [0.1, 29.1].
  self.unique_name: trial.suggest_float(
[I 2026-04-22 14:05:06,406] Trial 31 finished with value: 16.363335347872763 and parameters: {'0:atom_AtomicNumber:kDelta': 1.0, '0:atom_AtomicNumber_list_1:kConv': 0.85, '0:atom_AtomicNumber_list_2:kConv': 0.75, '0:atom_AtomicNumber_list_3:kConv': 0.8, '0:atom_AtomicNumber_list_4:kConv': 0.95, '0:atom_MorganHash:kDelta': 0.75, '0:atom_Ring_count:kDelta': 0.95, '0:atom_RingSize_list:kConv': 0.75, '0:atom_Hcount:kDelta': 0.95, '0:atom_AtomicNumber_count_1:kDelta': 0.75, '0:atom_AtomicNumber_count_2:kDelta': 0.8, '0:atom_Chiral:kDelta': 0.95, '0:bond_Order:kDelta': 0.95, '0:bond_Stereo:kDelta': 0.8, '0:bond_RingStereo:kDelta': 1.0, '0:q:q': 0.28, '1:features_kernel:Matern32': 15.1, '2:features_kernel:Matern32': 13.1, '3:features_kernel:Matern32': 26.1, '4:features_kernel:Matern32': 6.1, '5:features_kernel:Matern32': 26.1, '6:features_kernel:Matern32': 19.1, '7:features_kernel:Matern32': 11.1, '8:features_kernel:Matern32': 18.1, '9:features_kernel:Matern32': 9.1, '10:features_kernel:Matern32': 27.1, '11:features_kernel:Matern32': 25.1, 'alpha': 0.013000000000000001}. Best is trial 23 with value: 16.29817127178053.
/gpfs_common/share03/ddomlab/sdehgha2/working_space/GP_collab/code_python/training/MGK_and_tools/mgktools/mgktools/kernels/base.py:225: UserWarning: The distribution is specified by [0.1, 30] and step=1, but the range is not divisible by `step`. It will be replaced with [0.1, 29.1].
  self.unique_name: trial.suggest_float(
[I 2026-04-22 14:05:17,325] Trial 32 finished with value: 16.219096662557025 and parameters: {'0:atom_AtomicNumber:kDelta': 1.0, '0:atom_AtomicNumber_list_1:kConv': 0.8, '0:atom_AtomicNumber_list_2:kConv': 0.75, '0:atom_AtomicNumber_list_3:kConv': 0.8, '0:atom_AtomicNumber_list_4:kConv': 0.8, '0:atom_MorganHash:kDelta': 0.75, '0:atom_Ring_count:kDelta': 0.9, '0:atom_RingSize_list:kConv': 0.8, '0:atom_Hcount:kDelta': 0.9, '0:atom_AtomicNumber_count_1:kDelta': 0.75, '0:atom_AtomicNumber_count_2:kDelta': 0.85, '0:atom_Chiral:kDelta': 0.95, '0:bond_Order:kDelta': 0.95, '0:bond_Stereo:kDelta': 0.75, '0:bond_RingStereo:kDelta': 1.0, '0:q:q': 0.29000000000000004, '1:features_kernel:Matern32': 23.1, '2:features_kernel:Matern32': 25.1, '3:features_kernel:Matern32': 21.1, '4:features_kernel:Matern32': 4.1, '5:features_kernel:Matern32': 28.1, '6:features_kernel:Matern32': 22.1, '7:features_kernel:Matern32': 12.1, '8:features_kernel:Matern32': 20.1, '9:features_kernel:Matern32': 16.1, '10:features_kernel:Matern32': 27.1, '11:features_kernel:Matern32': 25.1, 'alpha': 0.005}. Best is trial 32 with value: 16.219096662557025.
/gpfs_common/share03/ddomlab/sdehgha2/working_space/GP_collab/code_python/training/MGK_and_tools/mgktools/mgktools/kernels/base.py:225: UserWarning: The distribution is specified by [0.1, 30] and step=1, but the range is not divisible by `step`. It will be replaced with [0.1, 29.1].
  self.unique_name: trial.suggest_float(
[I 2026-04-22 14:05:31,357] Trial 33 finished with value: 16.25391069574996 and parameters: {'0:atom_AtomicNumber:kDelta': 1.0, '0:atom_AtomicNumber_list_1:kConv': 0.8, '0:atom_AtomicNumber_list_2:kConv': 0.8, '0:atom_AtomicNumber_list_3:kConv': 0.85, '0:atom_AtomicNumber_list_4:kConv': 0.75, '0:atom_MorganHash:kDelta': 0.75, '0:atom_Ring_count:kDelta': 1.0, '0:atom_RingSize_list:kConv': 0.85, '0:atom_Hcount:kDelta': 0.85, '0:atom_AtomicNumber_count_1:kDelta': 0.75, '0:atom_AtomicNumber_count_2:kDelta': 0.85, '0:atom_Chiral:kDelta': 0.95, '0:bond_Order:kDelta': 0.95, '0:bond_Stereo:kDelta': 0.75, '0:bond_RingStereo:kDelta': 1.0, '0:q:q': 0.27, '1:features_kernel:Matern32': 22.1, '2:features_kernel:Matern32': 18.1, '3:features_kernel:Matern32': 21.1, '4:features_kernel:Matern32': 0.1, '5:features_kernel:Matern32': 29.1, '6:features_kernel:Matern32': 22.1, '7:features_kernel:Matern32': 13.1, '8:features_kernel:Matern32': 21.1, '9:features_kernel:Matern32': 16.1, '10:features_kernel:Matern32': 23.1, '11:features_kernel:Matern32': 29.1, 'alpha': 0.004}. Best is trial 32 with value: 16.219096662557025.
/gpfs_common/share03/ddomlab/sdehgha2/working_space/GP_collab/code_python/training/MGK_and_tools/mgktools/mgktools/kernels/base.py:225: UserWarning: The distribution is specified by [0.1, 30] and step=1, but the range is not divisible by `step`. It will be replaced with [0.1, 29.1].
  self.unique_name: trial.suggest_float(
[I 2026-04-22 14:05:42,012] Trial 34 finished with value: 16.190929773899047 and parameters: {'0:atom_AtomicNumber:kDelta': 0.95, '0:atom_AtomicNumber_list_1:kConv': 0.8, '0:atom_AtomicNumber_list_2:kConv': 0.8, '0:atom_AtomicNumber_list_3:kConv': 0.85, '0:atom_AtomicNumber_list_4:kConv': 0.75, '0:atom_MorganHash:kDelta': 0.8, '0:atom_Ring_count:kDelta': 1.0, '0:atom_RingSize_list:kConv': 0.85, '0:atom_Hcount:kDelta': 0.85, '0:atom_AtomicNumber_count_1:kDelta': 0.8, '0:atom_AtomicNumber_count_2:kDelta': 0.85, '0:atom_Chiral:kDelta': 0.95, '0:bond_Order:kDelta': 0.95, '0:bond_Stereo:kDelta': 0.75, '0:bond_RingStereo:kDelta': 0.95, '0:q:q': 0.33, '1:features_kernel:Matern32': 23.1, '2:features_kernel:Matern32': 13.1, '3:features_kernel:Matern32': 20.1, '4:features_kernel:Matern32': 0.1, '5:features_kernel:Matern32': 22.1, '6:features_kernel:Matern32': 22.1, '7:features_kernel:Matern32': 13.1, '8:features_kernel:Matern32': 20.1, '9:features_kernel:Matern32': 16.1, '10:features_kernel:Matern32': 23.1, '11:features_kernel:Matern32': 27.1, 'alpha': 0.005}. Best is trial 34 with value: 16.190929773899047.
/gpfs_common/share03/ddomlab/sdehgha2/working_space/GP_collab/code_python/training/MGK_and_tools/mgktools/mgktools/kernels/base.py:225: UserWarning: The distribution is specified by [0.1, 30] and step=1, but the range is not divisible by `step`. It will be replaced with [0.1, 29.1].
  self.unique_name: trial.suggest_float(
[I 2026-04-22 14:05:52,894] Trial 35 finished with value: 16.320829358647316 and parameters: {'0:atom_AtomicNumber:kDelta': 0.95, '0:atom_AtomicNumber_list_1:kConv': 0.8, '0:atom_AtomicNumber_list_2:kConv': 0.8, '0:atom_AtomicNumber_list_3:kConv': 0.85, '0:atom_AtomicNumber_list_4:kConv': 0.75, '0:atom_MorganHash:kDelta': 0.8, '0:atom_Ring_count:kDelta': 1.0, '0:atom_RingSize_list:kConv': 0.85, '0:atom_Hcount:kDelta': 0.85, '0:atom_AtomicNumber_count_1:kDelta': 0.85, '0:atom_AtomicNumber_count_2:kDelta': 0.85, '0:atom_Chiral:kDelta': 0.95, '0:bond_Order:kDelta': 1.0, '0:bond_Stereo:kDelta': 0.75, '0:bond_RingStereo:kDelta': 0.95, '0:q:q': 0.34, '1:features_kernel:Matern32': 24.1, '2:features_kernel:Matern32': 12.1, '3:features_kernel:Matern32': 20.1, '4:features_kernel:Matern32': 0.1, '5:features_kernel:Matern32': 28.1, '6:features_kernel:Matern32': 22.1, '7:features_kernel:Matern32': 13.1, '8:features_kernel:Matern32': 21.1, '9:features_kernel:Matern32': 16.1, '10:features_kernel:Matern32': 23.1, '11:features_kernel:Matern32': 29.1, 'alpha': 0.002}. Best is trial 34 with value: 16.190929773899047.
/gpfs_common/share03/ddomlab/sdehgha2/working_space/GP_collab/code_python/training/MGK_and_tools/mgktools/mgktools/kernels/base.py:225: UserWarning: The distribution is specified by [0.1, 30] and step=1, but the range is not divisible by `step`. It will be replaced with [0.1, 29.1].
  self.unique_name: trial.suggest_float(
[I 2026-04-22 14:06:05,476] Trial 36 finished with value: 16.351626700605426 and parameters: {'0:atom_AtomicNumber:kDelta': 0.9, '0:atom_AtomicNumber_list_1:kConv': 0.8, '0:atom_AtomicNumber_list_2:kConv': 0.8, '0:atom_AtomicNumber_list_3:kConv': 0.85, '0:atom_AtomicNumber_list_4:kConv': 0.75, '0:atom_MorganHash:kDelta': 0.8, '0:atom_Ring_count:kDelta': 1.0, '0:atom_RingSize_list:kConv': 0.85, '0:atom_Hcount:kDelta': 0.85, '0:atom_AtomicNumber_count_1:kDelta': 0.8, '0:atom_AtomicNumber_count_2:kDelta': 0.85, '0:atom_Chiral:kDelta': 0.95, '0:bond_Order:kDelta': 0.95, '0:bond_Stereo:kDelta': 0.75, '0:bond_RingStereo:kDelta': 0.95, '0:q:q': 0.45, '1:features_kernel:Matern32': 29.1, '2:features_kernel:Matern32': 8.1, '3:features_kernel:Matern32': 20.1, '4:features_kernel:Matern32': 3.1, '5:features_kernel:Matern32': 21.1, '6:features_kernel:Matern32': 24.1, '7:features_kernel:Matern32': 9.1, '8:features_kernel:Matern32': 26.1, '9:features_kernel:Matern32': 19.1, '10:features_kernel:Matern32': 22.1, '11:features_kernel:Matern32': 27.1, 'alpha': 0.021}. Best is trial 34 with value: 16.190929773899047.
/gpfs_common/share03/ddomlab/sdehgha2/working_space/GP_collab/code_python/training/MGK_and_tools/mgktools/mgktools/kernels/base.py:225: UserWarning: The distribution is specified by [0.1, 30] and step=1, but the range is not divisible by `step`. It will be replaced with [0.1, 29.1].
  self.unique_name: trial.suggest_float(
[I 2026-04-22 14:06:18,720] Trial 37 finished with value: 16.86543161680194 and parameters: {'0:atom_AtomicNumber:kDelta': 0.95, '0:atom_AtomicNumber_list_1:kConv': 0.75, '0:atom_AtomicNumber_list_2:kConv': 0.8, '0:atom_AtomicNumber_list_3:kConv': 0.85, '0:atom_AtomicNumber_list_4:kConv': 0.8, '0:atom_MorganHash:kDelta': 0.75, '0:atom_Ring_count:kDelta': 1.0, '0:atom_RingSize_list:kConv': 0.8, '0:atom_Hcount:kDelta': 0.8, '0:atom_AtomicNumber_count_1:kDelta': 0.8, '0:atom_AtomicNumber_count_2:kDelta': 0.8, '0:atom_Chiral:kDelta': 0.9, '0:bond_Order:kDelta': 1.0, '0:bond_Stereo:kDelta': 0.75, '0:bond_RingStereo:kDelta': 0.85, '0:q:q': 0.36000000000000004, '1:features_kernel:Matern32': 25.1, '2:features_kernel:Matern32': 10.1, '3:features_kernel:Matern32': 17.1, '4:features_kernel:Matern32': 0.1, '5:features_kernel:Matern32': 24.1, '6:features_kernel:Matern32': 26.1, '7:features_kernel:Matern32': 4.1, '8:features_kernel:Matern32': 20.1, '9:features_kernel:Matern32': 13.1, '10:features_kernel:Matern32': 15.1, '11:features_kernel:Matern32': 18.1, 'alpha': 0.079}. Best is trial 34 with value: 16.190929773899047.
/gpfs_common/share03/ddomlab/sdehgha2/working_space/GP_collab/code_python/training/MGK_and_tools/mgktools/mgktools/kernels/base.py:225: UserWarning: The distribution is specified by [0.1, 30] and step=1, but the range is not divisible by `step`. It will be replaced with [0.1, 29.1].
  self.unique_name: trial.suggest_float(
[I 2026-04-22 14:06:32,964] Trial 38 finished with value: 16.136230034882615 and parameters: {'0:atom_AtomicNumber:kDelta': 1.0, '0:atom_AtomicNumber_list_1:kConv': 0.85, '0:atom_AtomicNumber_list_2:kConv': 0.8, '0:atom_AtomicNumber_list_3:kConv': 0.8, '0:atom_AtomicNumber_list_4:kConv': 0.75, '0:atom_MorganHash:kDelta': 0.9, '0:atom_Ring_count:kDelta': 0.95, '0:atom_RingSize_list:kConv': 0.9, '0:atom_Hcount:kDelta': 0.85, '0:atom_AtomicNumber_count_1:kDelta': 0.85, '0:atom_AtomicNumber_count_2:kDelta': 0.85, '0:atom_Chiral:kDelta': 0.95, '0:bond_Order:kDelta': 0.95, '0:bond_Stereo:kDelta': 0.75, '0:bond_RingStereo:kDelta': 1.0, '0:q:q': 0.31, '1:features_kernel:Matern32': 23.1, '2:features_kernel:Matern32': 14.1, '3:features_kernel:Matern32': 25.1, '4:features_kernel:Matern32': 3.1, '5:features_kernel:Matern32': 11.1, '6:features_kernel:Matern32': 22.1, '7:features_kernel:Matern32': 6.1, '8:features_kernel:Matern32': 22.1, '9:features_kernel:Matern32': 16.1, '10:features_kernel:Matern32': 4.1, '11:features_kernel:Matern32': 28.1, 'alpha': 0.007}. Best is trial 38 with value: 16.136230034882615.
/gpfs_common/share03/ddomlab/sdehgha2/working_space/GP_collab/code_python/training/MGK_and_tools/mgktools/mgktools/kernels/base.py:225: UserWarning: The distribution is specified by [0.1, 30] and step=1, but the range is not divisible by `step`. It will be replaced with [0.1, 29.1].
  self.unique_name: trial.suggest_float(
[I 2026-04-22 14:06:46,684] Trial 39 finished with value: 16.44968337274603 and parameters: {'0:atom_AtomicNumber:kDelta': 0.8, '0:atom_AtomicNumber_list_1:kConv': 0.9, '0:atom_AtomicNumber_list_2:kConv': 0.8, '0:atom_AtomicNumber_list_3:kConv': 0.75, '0:atom_AtomicNumber_list_4:kConv': 0.75, '0:atom_MorganHash:kDelta': 0.9, '0:atom_Ring_count:kDelta': 0.9, '0:atom_RingSize_list:kConv': 0.9, '0:atom_Hcount:kDelta': 0.8, '0:atom_AtomicNumber_count_1:kDelta': 0.9, '0:atom_AtomicNumber_count_2:kDelta': 0.8, '0:atom_Chiral:kDelta': 0.9, '0:bond_Order:kDelta': 1.0, '0:bond_Stereo:kDelta': 0.75, '0:bond_RingStereo:kDelta': 0.9, '0:q:q': 0.24000000000000002, '1:features_kernel:Matern32': 27.1, '2:features_kernel:Matern32': 13.1, '3:features_kernel:Matern32': 27.1, '4:features_kernel:Matern32': 3.1, '5:features_kernel:Matern32': 12.1, '6:features_kernel:Matern32': 21.1, '7:features_kernel:Matern32': 2.1, '8:features_kernel:Matern32': 23.1, '9:features_kernel:Matern32': 16.1, '10:features_kernel:Matern32': 5.1, '11:features_kernel:Matern32': 28.1, 'alpha': 0.006}. Best is trial 38 with value: 16.136230034882615.
/gpfs_common/share03/ddomlab/sdehgha2/working_space/GP_collab/code_python/training/MGK_and_tools/mgktools/mgktools/kernels/base.py:225: UserWarning: The distribution is specified by [0.1, 30] and step=1, but the range is not divisible by `step`. It will be replaced with [0.1, 29.1].
  self.unique_name: trial.suggest_float(
[I 2026-04-22 14:06:57,949] Trial 40 finished with value: 16.881226430419318 and parameters: {'0:atom_AtomicNumber:kDelta': 0.75, '0:atom_AtomicNumber_list_1:kConv': 0.85, '0:atom_AtomicNumber_list_2:kConv': 0.85, '0:atom_AtomicNumber_list_3:kConv': 0.8, '0:atom_AtomicNumber_list_4:kConv': 0.8, '0:atom_MorganHash:kDelta': 0.95, '0:atom_Ring_count:kDelta': 1.0, '0:atom_RingSize_list:kConv': 0.95, '0:atom_Hcount:kDelta': 0.75, '0:atom_AtomicNumber_count_1:kDelta': 0.85, '0:atom_AtomicNumber_count_2:kDelta': 0.85, '0:atom_Chiral:kDelta': 0.95, '0:bond_Order:kDelta': 0.95, '0:bond_Stereo:kDelta': 0.75, '0:bond_RingStereo:kDelta': 0.8, '0:q:q': 0.38, '1:features_kernel:Matern32': 23.1, '2:features_kernel:Matern32': 5.1, '3:features_kernel:Matern32': 25.1, '4:features_kernel:Matern32': 10.1, '5:features_kernel:Matern32': 10.1, '6:features_kernel:Matern32': 22.1, '7:features_kernel:Matern32': 6.1, '8:features_kernel:Matern32': 28.1, '9:features_kernel:Matern32': 19.1, '10:features_kernel:Matern32': 4.1, '11:features_kernel:Matern32': 29.1, 'alpha': 0.099}. Best is trial 38 with value: 16.136230034882615.
/gpfs_common/share03/ddomlab/sdehgha2/working_space/GP_collab/code_python/training/MGK_and_tools/mgktools/mgktools/kernels/base.py:225: UserWarning: The distribution is specified by [0.1, 30] and step=1, but the range is not divisible by `step`. It will be replaced with [0.1, 29.1].
  self.unique_name: trial.suggest_float(
[I 2026-04-22 14:07:10,756] Trial 41 finished with value: 16.10589712409137 and parameters: {'0:atom_AtomicNumber:kDelta': 1.0, '0:atom_AtomicNumber_list_1:kConv': 0.8, '0:atom_AtomicNumber_list_2:kConv': 0.8, '0:atom_AtomicNumber_list_3:kConv': 0.85, '0:atom_AtomicNumber_list_4:kConv': 0.75, '0:atom_MorganHash:kDelta': 0.9, '0:atom_Ring_count:kDelta': 0.95, '0:atom_RingSize_list:kConv': 0.9, '0:atom_Hcount:kDelta': 0.85, '0:atom_AtomicNumber_count_1:kDelta': 0.85, '0:atom_AtomicNumber_count_2:kDelta': 0.85, '0:atom_Chiral:kDelta': 0.95, '0:bond_Order:kDelta': 0.95, '0:bond_Stereo:kDelta': 0.8, '0:bond_RingStereo:kDelta': 1.0, '0:q:q': 0.32, '1:features_kernel:Matern32': 21.1, '2:features_kernel:Matern32': 14.1, '3:features_kernel:Matern32': 24.1, '4:features_kernel:Matern32': 3.1, '5:features_kernel:Matern32': 9.1, '6:features_kernel:Matern32': 24.1, '7:features_kernel:Matern32': 9.1, '8:features_kernel:Matern32': 22.1, '9:features_kernel:Matern32': 16.1, '10:features_kernel:Matern32': 8.1, '11:features_kernel:Matern32': 27.1, 'alpha': 0.008}. Best is trial 41 with value: 16.10589712409137.
[I 2026-04-22 14:21:25,496] Using an existing study with name 'optuna-study' instead of creating a new one.
[I 2026-04-22 14:41:00,620] Using an existing study with name 'optuna-study' instead of creating a new one.
[Parallel(n_jobs=8)]: Using backend LokyBackend with 8 concurrent workers.
[Parallel(n_jobs=8)]: Done  34 tasks      | elapsed:   26.9s
[Parallel(n_jobs=8)]: Done 318 out of 318 | elapsed:   27.0s finished
[Parallel(n_jobs=4)]: Using backend LokyBackend with 4 concurrent workers.
[Parallel(n_jobs=4)]: Done  11 out of  11 | elapsed:    2.4s finished
[I 2026-04-22 14:57:33,546] A new study created in RDB with name: optuna-study
/gpfs_common/share03/ddomlab/sdehgha2/working_space/GP_collab/code_python/training/MGK_and_tools/mgktools/mgktools/kernels/base.py:225: UserWarning: The distribution is specified by [0.1, 30] and step=1, but the range is not divisible by `step`. It will be replaced with [0.1, 29.1].
  self.unique_name: trial.suggest_float(
[I 2026-04-22 14:57:43,615] Trial 0 finished with value: 18.29888950147659 and parameters: {'0:atom_AtomicNumber:kDelta': 1.0, '0:atom_AtomicNumber_list_1:kConv': 0.8, '0:atom_AtomicNumber_list_2:kConv': 0.95, '0:atom_AtomicNumber_list_3:kConv': 0.75, '0:atom_AtomicNumber_list_4:kConv': 0.75, '0:atom_MorganHash:kDelta': 0.9, '0:atom_Ring_count:kDelta': 0.9, '0:atom_RingSize_list:kConv': 0.85, '0:atom_Hcount:kDelta': 0.85, '0:atom_AtomicNumber_count_1:kDelta': 0.9, '0:atom_AtomicNumber_count_2:kDelta': 0.85, '0:atom_Chiral:kDelta': 0.95, '0:bond_Order:kDelta': 0.9, '0:bond_Stereo:kDelta': 0.9, '0:bond_RingStereo:kDelta': 0.9, '0:q:q': 0.5, '1:features_kernel:Matern32': 24.1, '2:features_kernel:Matern32': 12.1, '3:features_kernel:Matern32': 26.1, '4:features_kernel:Matern32': 24.1, '5:features_kernel:Matern32': 1.1, '6:features_kernel:Matern32': 21.1, '7:features_kernel:Matern32': 24.1, '8:features_kernel:Matern32': 22.1, '9:features_kernel:Matern32': 21.1, '10:features_kernel:Matern32': 16.1, '11:features_kernel:Matern32': 3.1, 'alpha': 0.096}. Best is trial 0 with value: 18.29888950147659.
/gpfs_common/share03/ddomlab/sdehgha2/working_space/GP_collab/code_python/training/MGK_and_tools/mgktools/mgktools/kernels/base.py:225: UserWarning: The distribution is specified by [0.1, 30] and step=1, but the range is not divisible by `step`. It will be replaced with [0.1, 29.1].
  self.unique_name: trial.suggest_float(
[I 2026-04-22 14:57:53,596] Trial 1 finished with value: 12.698710708912994 and parameters: {'0:atom_AtomicNumber:kDelta': 0.85, '0:atom_AtomicNumber_list_1:kConv': 0.8, '0:atom_AtomicNumber_list_2:kConv': 0.95, '0:atom_AtomicNumber_list_3:kConv': 1.0, '0:atom_AtomicNumber_list_4:kConv': 0.8, '0:atom_MorganHash:kDelta': 0.95, '0:atom_Ring_count:kDelta': 0.9, '0:atom_RingSize_list:kConv': 0.95, '0:atom_Hcount:kDelta': 1.0, '0:atom_AtomicNumber_count_1:kDelta': 0.85, '0:atom_AtomicNumber_count_2:kDelta': 0.8, '0:atom_Chiral:kDelta': 0.85, '0:bond_Order:kDelta': 0.95, '0:bond_Stereo:kDelta': 0.95, '0:bond_RingStereo:kDelta': 0.85, '0:q:q': 0.5, '1:features_kernel:Matern32': 13.1, '2:features_kernel:Matern32': 11.1, '3:features_kernel:Matern32': 21.1, '4:features_kernel:Matern32': 2.1, '5:features_kernel:Matern32': 11.1, '6:features_kernel:Matern32': 23.1, '7:features_kernel:Matern32': 22.1, '8:features_kernel:Matern32': 8.1, '9:features_kernel:Matern32': 5.1, '10:features_kernel:Matern32': 14.1, '11:features_kernel:Matern32': 10.1, 'alpha': 0.074}. Best is trial 1 with value: 12.698710708912994.
/gpfs_common/share03/ddomlab/sdehgha2/working_space/GP_collab/code_python/training/MGK_and_tools/mgktools/mgktools/kernels/base.py:225: UserWarning: The distribution is specified by [0.1, 30] and step=1, but the range is not divisible by `step`. It will be replaced with [0.1, 29.1].
  self.unique_name: trial.suggest_float(
[I 2026-04-22 14:58:04,934] Trial 2 finished with value: 12.525354956108364 and parameters: {'0:atom_AtomicNumber:kDelta': 0.8, '0:atom_AtomicNumber_list_1:kConv': 0.8, '0:atom_AtomicNumber_list_2:kConv': 1.0, '0:atom_AtomicNumber_list_3:kConv': 0.9, '0:atom_AtomicNumber_list_4:kConv': 1.0, '0:atom_MorganHash:kDelta': 1.0, '0:atom_Ring_count:kDelta': 1.0, '0:atom_RingSize_list:kConv': 0.8, '0:atom_Hcount:kDelta': 0.9, '0:atom_AtomicNumber_count_1:kDelta': 0.85, '0:atom_AtomicNumber_count_2:kDelta': 0.85, '0:atom_Chiral:kDelta': 0.95, '0:bond_Order:kDelta': 0.95, '0:bond_Stereo:kDelta': 0.95, '0:bond_RingStereo:kDelta': 0.75, '0:q:q': 0.36000000000000004, '1:features_kernel:Matern32': 1.1, '2:features_kernel:Matern32': 5.1, '3:features_kernel:Matern32': 27.1, '4:features_kernel:Matern32': 12.1, '5:features_kernel:Matern32': 4.1, '6:features_kernel:Matern32': 20.1, '7:features_kernel:Matern32': 4.1, '8:features_kernel:Matern32': 19.1, '9:features_kernel:Matern32': 7.1, '10:features_kernel:Matern32': 1.1, '11:features_kernel:Matern32': 28.1, 'alpha': 0.007}. Best is trial 2 with value: 12.525354956108364.
/gpfs_common/share03/ddomlab/sdehgha2/working_space/GP_collab/code_python/training/MGK_and_tools/mgktools/mgktools/kernels/base.py:225: UserWarning: The distribution is specified by [0.1, 30] and step=1, but the range is not divisible by `step`. It will be replaced with [0.1, 29.1].
  self.unique_name: trial.suggest_float(
[I 2026-04-22 14:58:17,644] Trial 3 finished with value: 14.10358355462986 and parameters: {'0:atom_AtomicNumber:kDelta': 0.9, '0:atom_AtomicNumber_list_1:kConv': 0.85, '0:atom_AtomicNumber_list_2:kConv': 0.9, '0:atom_AtomicNumber_list_3:kConv': 1.0, '0:atom_AtomicNumber_list_4:kConv': 0.9, '0:atom_MorganHash:kDelta': 0.9, '0:atom_Ring_count:kDelta': 0.75, '0:atom_RingSize_list:kConv': 0.95, '0:atom_Hcount:kDelta': 0.8, '0:atom_AtomicNumber_count_1:kDelta': 0.85, '0:atom_AtomicNumber_count_2:kDelta': 0.75, '0:atom_Chiral:kDelta': 0.8, '0:bond_Order:kDelta': 1.0, '0:bond_Stereo:kDelta': 0.9, '0:bond_RingStereo:kDelta': 0.9, '0:q:q': 0.19, '1:features_kernel:Matern32': 24.1, '2:features_kernel:Matern32': 8.1, '3:features_kernel:Matern32': 3.1, '4:features_kernel:Matern32': 16.1, '5:features_kernel:Matern32': 8.1, '6:features_kernel:Matern32': 23.1, '7:features_kernel:Matern32': 5.1, '8:features_kernel:Matern32': 23.1, '9:features_kernel:Matern32': 18.1, '10:features_kernel:Matern32': 1.1, '11:features_kernel:Matern32': 16.1, 'alpha': 0.067}. Best is trial 2 with value: 12.525354956108364.
/gpfs_common/share03/ddomlab/sdehgha2/working_space/GP_collab/code_python/training/MGK_and_tools/mgktools/mgktools/kernels/base.py:225: UserWarning: The distribution is specified by [0.1, 30] and step=1, but the range is not divisible by `step`. It will be replaced with [0.1, 29.1].
  self.unique_name: trial.suggest_float(
[I 2026-04-22 14:58:29,102] Trial 4 finished with value: 13.89978855721824 and parameters: {'0:atom_AtomicNumber:kDelta': 1.0, '0:atom_AtomicNumber_list_1:kConv': 0.95, '0:atom_AtomicNumber_list_2:kConv': 0.95, '0:atom_AtomicNumber_list_3:kConv': 0.85, '0:atom_AtomicNumber_list_4:kConv': 0.75, '0:atom_MorganHash:kDelta': 0.95, '0:atom_Ring_count:kDelta': 0.75, '0:atom_RingSize_list:kConv': 0.9, '0:atom_Hcount:kDelta': 0.9, '0:atom_AtomicNumber_count_1:kDelta': 0.75, '0:atom_AtomicNumber_count_2:kDelta': 0.75, '0:atom_Chiral:kDelta': 0.9, '0:bond_Order:kDelta': 0.85, '0:bond_Stereo:kDelta': 0.8, '0:bond_RingStereo:kDelta': 0.75, '0:q:q': 0.32, '1:features_kernel:Matern32': 3.1, '2:features_kernel:Matern32': 0.1, '3:features_kernel:Matern32': 8.1, '4:features_kernel:Matern32': 9.1, '5:features_kernel:Matern32': 5.1, '6:features_kernel:Matern32': 2.1, '7:features_kernel:Matern32': 23.1, '8:features_kernel:Matern32': 12.1, '9:features_kernel:Matern32': 7.1, '10:features_kernel:Matern32': 15.1, '11:features_kernel:Matern32': 7.1, 'alpha': 0.08600000000000001}. Best is trial 2 with value: 12.525354956108364.
/gpfs_common/share03/ddomlab/sdehgha2/working_space/GP_collab/code_python/training/MGK_and_tools/mgktools/mgktools/kernels/base.py:225: UserWarning: The distribution is specified by [0.1, 30] and step=1, but the range is not divisible by `step`. It will be replaced with [0.1, 29.1].
  self.unique_name: trial.suggest_float(
[I 2026-04-22 14:58:44,687] Trial 5 finished with value: 20.14498608498803 and parameters: {'0:atom_AtomicNumber:kDelta': 0.85, '0:atom_AtomicNumber_list_1:kConv': 0.9, '0:atom_AtomicNumber_list_2:kConv': 1.0, '0:atom_AtomicNumber_list_3:kConv': 0.85, '0:atom_AtomicNumber_list_4:kConv': 0.8, '0:atom_MorganHash:kDelta': 1.0, '0:atom_Ring_count:kDelta': 0.9, '0:atom_RingSize_list:kConv': 1.0, '0:atom_Hcount:kDelta': 1.0, '0:atom_AtomicNumber_count_1:kDelta': 0.95, '0:atom_AtomicNumber_count_2:kDelta': 0.75, '0:atom_Chiral:kDelta': 0.9, '0:bond_Order:kDelta': 0.8, '0:bond_Stereo:kDelta': 0.75, '0:bond_RingStereo:kDelta': 0.85, '0:q:q': 0.11, '1:features_kernel:Matern32': 22.1, '2:features_kernel:Matern32': 28.1, '3:features_kernel:Matern32': 0.1, '4:features_kernel:Matern32': 7.1, '5:features_kernel:Matern32': 7.1, '6:features_kernel:Matern32': 4.1, '7:features_kernel:Matern32': 28.1, '8:features_kernel:Matern32': 7.1, '9:features_kernel:Matern32': 10.1, '10:features_kernel:Matern32': 1.1, '11:features_kernel:Matern32': 7.1, 'alpha': 0.089}. Best is trial 2 with value: 12.525354956108364.
/gpfs_common/share03/ddomlab/sdehgha2/working_space/GP_collab/code_python/training/MGK_and_tools/mgktools/mgktools/kernels/base.py:225: UserWarning: The distribution is specified by [0.1, 30] and step=1, but the range is not divisible by `step`. It will be replaced with [0.1, 29.1].
  self.unique_name: trial.suggest_float(
[I 2026-04-22 14:59:04,899] Trial 6 finished with value: 20.304225097918167 and parameters: {'0:atom_AtomicNumber:kDelta': 1.0, '0:atom_AtomicNumber_list_1:kConv': 0.9, '0:atom_AtomicNumber_list_2:kConv': 0.8, '0:atom_AtomicNumber_list_3:kConv': 0.75, '0:atom_AtomicNumber_list_4:kConv': 1.0, '0:atom_MorganHash:kDelta': 0.75, '0:atom_Ring_count:kDelta': 0.8, '0:atom_RingSize_list:kConv': 0.9, '0:atom_Hcount:kDelta': 0.8, '0:atom_AtomicNumber_count_1:kDelta': 1.0, '0:atom_AtomicNumber_count_2:kDelta': 0.9, '0:atom_Chiral:kDelta': 0.85, '0:bond_Order:kDelta': 1.0, '0:bond_Stereo:kDelta': 1.0, '0:bond_RingStereo:kDelta': 0.8, '0:q:q': 0.01, '1:features_kernel:Matern32': 20.1, '2:features_kernel:Matern32': 8.1, '3:features_kernel:Matern32': 0.1, '4:features_kernel:Matern32': 2.1, '5:features_kernel:Matern32': 12.1, '6:features_kernel:Matern32': 3.1, '7:features_kernel:Matern32': 6.1, '8:features_kernel:Matern32': 22.1, '9:features_kernel:Matern32': 13.1, '10:features_kernel:Matern32': 3.1, '11:features_kernel:Matern32': 6.1, 'alpha': 0.094}. Best is trial 2 with value: 12.525354956108364.
/gpfs_common/share03/ddomlab/sdehgha2/working_space/GP_collab/code_python/training/MGK_and_tools/mgktools/mgktools/kernels/base.py:225: UserWarning: The distribution is specified by [0.1, 30] and step=1, but the range is not divisible by `step`. It will be replaced with [0.1, 29.1].
  self.unique_name: trial.suggest_float(
[I 2026-04-22 14:59:21,302] Trial 7 finished with value: 18.469025525477587 and parameters: {'0:atom_AtomicNumber:kDelta': 0.75, '0:atom_AtomicNumber_list_1:kConv': 0.9, '0:atom_AtomicNumber_list_2:kConv': 0.9, '0:atom_AtomicNumber_list_3:kConv': 0.95, '0:atom_AtomicNumber_list_4:kConv': 0.9, '0:atom_MorganHash:kDelta': 0.95, '0:atom_Ring_count:kDelta': 0.95, '0:atom_RingSize_list:kConv': 0.9, '0:atom_Hcount:kDelta': 0.8, '0:atom_AtomicNumber_count_1:kDelta': 0.95, '0:atom_AtomicNumber_count_2:kDelta': 0.8, '0:atom_Chiral:kDelta': 1.0, '0:bond_Order:kDelta': 0.9, '0:bond_Stereo:kDelta': 0.75, '0:bond_RingStereo:kDelta': 1.0, '0:q:q': 0.24000000000000002, '1:features_kernel:Matern32': 28.1, '2:features_kernel:Matern32': 1.1, '3:features_kernel:Matern32': 3.1, '4:features_kernel:Matern32': 22.1, '5:features_kernel:Matern32': 1.1, '6:features_kernel:Matern32': 13.1, '7:features_kernel:Matern32': 24.1, '8:features_kernel:Matern32': 12.1, '9:features_kernel:Matern32': 5.1, '10:features_kernel:Matern32': 25.1, '11:features_kernel:Matern32': 3.1, 'alpha': 0.029}. Best is trial 2 with value: 12.525354956108364.
/gpfs_common/share03/ddomlab/sdehgha2/working_space/GP_collab/code_python/training/MGK_and_tools/mgktools/mgktools/kernels/base.py:225: UserWarning: The distribution is specified by [0.1, 30] and step=1, but the range is not divisible by `step`. It will be replaced with [0.1, 29.1].
  self.unique_name: trial.suggest_float(
[I 2026-04-22 14:59:39,259] Trial 8 finished with value: 12.959379518916199 and parameters: {'0:atom_AtomicNumber:kDelta': 0.8, '0:atom_AtomicNumber_list_1:kConv': 0.85, '0:atom_AtomicNumber_list_2:kConv': 0.8, '0:atom_AtomicNumber_list_3:kConv': 1.0, '0:atom_AtomicNumber_list_4:kConv': 0.95, '0:atom_MorganHash:kDelta': 0.95, '0:atom_Ring_count:kDelta': 0.75, '0:atom_RingSize_list:kConv': 0.9, '0:atom_Hcount:kDelta': 1.0, '0:atom_AtomicNumber_count_1:kDelta': 1.0, '0:atom_AtomicNumber_count_2:kDelta': 0.9, '0:atom_Chiral:kDelta': 0.8, '0:bond_Order:kDelta': 0.8, '0:bond_Stereo:kDelta': 0.9, '0:bond_RingStereo:kDelta': 0.95, '0:q:q': 0.16, '1:features_kernel:Matern32': 20.1, '2:features_kernel:Matern32': 15.1, '3:features_kernel:Matern32': 24.1, '4:features_kernel:Matern32': 20.1, '5:features_kernel:Matern32': 27.1, '6:features_kernel:Matern32': 3.1, '7:features_kernel:Matern32': 25.1, '8:features_kernel:Matern32': 28.1, '9:features_kernel:Matern32': 17.1, '10:features_kernel:Matern32': 0.1, '11:features_kernel:Matern32': 1.1, 'alpha': 0.042}. Best is trial 2 with value: 12.525354956108364.
/gpfs_common/share03/ddomlab/sdehgha2/working_space/GP_collab/code_python/training/MGK_and_tools/mgktools/mgktools/kernels/base.py:225: UserWarning: The distribution is specified by [0.1, 30] and step=1, but the range is not divisible by `step`. It will be replaced with [0.1, 29.1].
  self.unique_name: trial.suggest_float(
[I 2026-04-22 14:59:58,262] Trial 9 finished with value: 12.65969805575016 and parameters: {'0:atom_AtomicNumber:kDelta': 0.85, '0:atom_AtomicNumber_list_1:kConv': 0.85, '0:atom_AtomicNumber_list_2:kConv': 0.95, '0:atom_AtomicNumber_list_3:kConv': 0.95, '0:atom_AtomicNumber_list_4:kConv': 0.95, '0:atom_MorganHash:kDelta': 0.85, '0:atom_Ring_count:kDelta': 0.9, '0:atom_RingSize_list:kConv': 0.85, '0:atom_Hcount:kDelta': 0.95, '0:atom_AtomicNumber_count_1:kDelta': 0.9, '0:atom_AtomicNumber_count_2:kDelta': 0.9, '0:atom_Chiral:kDelta': 0.85, '0:bond_Order:kDelta': 0.9, '0:bond_Stereo:kDelta': 1.0, '0:bond_RingStereo:kDelta': 0.9, '0:q:q': 0.06999999999999999, '1:features_kernel:Matern32': 2.1, '2:features_kernel:Matern32': 20.1, '3:features_kernel:Matern32': 10.1, '4:features_kernel:Matern32': 9.1, '5:features_kernel:Matern32': 26.1, '6:features_kernel:Matern32': 25.1, '7:features_kernel:Matern32': 24.1, '8:features_kernel:Matern32': 10.1, '9:features_kernel:Matern32': 19.1, '10:features_kernel:Matern32': 17.1, '11:features_kernel:Matern32': 7.1, 'alpha': 0.059000000000000004}. Best is trial 2 with value: 12.525354956108364.
/gpfs_common/share03/ddomlab/sdehgha2/working_space/GP_collab/code_python/training/MGK_and_tools/mgktools/mgktools/kernels/base.py:225: UserWarning: The distribution is specified by [0.1, 30] and step=1, but the range is not divisible by `step`. It will be replaced with [0.1, 29.1].
  self.unique_name: trial.suggest_float(
[I 2026-04-22 15:00:09,089] Trial 10 finished with value: 12.187130407280357 and parameters: {'0:atom_AtomicNumber:kDelta': 0.75, '0:atom_AtomicNumber_list_1:kConv': 0.75, '0:atom_AtomicNumber_list_2:kConv': 0.75, '0:atom_AtomicNumber_list_3:kConv': 0.9, '0:atom_AtomicNumber_list_4:kConv': 1.0, '0:atom_MorganHash:kDelta': 0.8, '0:atom_Ring_count:kDelta': 1.0, '0:atom_RingSize_list:kConv': 0.75, '0:atom_Hcount:kDelta': 0.9, '0:atom_AtomicNumber_count_1:kDelta': 0.75, '0:atom_AtomicNumber_count_2:kDelta': 1.0, '0:atom_Chiral:kDelta': 1.0, '0:bond_Order:kDelta': 0.75, '0:bond_Stereo:kDelta': 0.85, '0:bond_RingStereo:kDelta': 0.75, '0:q:q': 0.36000000000000004, '1:features_kernel:Matern32': 9.1, '2:features_kernel:Matern32': 5.1, '3:features_kernel:Matern32': 18.1, '4:features_kernel:Matern32': 15.1, '5:features_kernel:Matern32': 21.1, '6:features_kernel:Matern32': 15.1, '7:features_kernel:Matern32': 0.1, '8:features_kernel:Matern32': 0.1, '9:features_kernel:Matern32': 28.1, '10:features_kernel:Matern32': 8.1, '11:features_kernel:Matern32': 29.1, 'alpha': 0.007}. Best is trial 10 with value: 12.187130407280357.
/gpfs_common/share03/ddomlab/sdehgha2/working_space/GP_collab/code_python/training/MGK_and_tools/mgktools/mgktools/kernels/base.py:225: UserWarning: The distribution is specified by [0.1, 30] and step=1, but the range is not divisible by `step`. It will be replaced with [0.1, 29.1].
  self.unique_name: trial.suggest_float(
[I 2026-04-22 15:00:22,457] Trial 11 finished with value: 12.662608842192837 and parameters: {'0:atom_AtomicNumber:kDelta': 0.75, '0:atom_AtomicNumber_list_1:kConv': 0.75, '0:atom_AtomicNumber_list_2:kConv': 0.75, '0:atom_AtomicNumber_list_3:kConv': 0.9, '0:atom_AtomicNumber_list_4:kConv': 1.0, '0:atom_MorganHash:kDelta': 0.8, '0:atom_Ring_count:kDelta': 1.0, '0:atom_RingSize_list:kConv': 0.75, '0:atom_Hcount:kDelta': 0.9, '0:atom_AtomicNumber_count_1:kDelta': 0.75, '0:atom_AtomicNumber_count_2:kDelta': 1.0, '0:atom_Chiral:kDelta': 1.0, '0:bond_Order:kDelta': 0.75, '0:bond_Stereo:kDelta': 0.85, '0:bond_RingStereo:kDelta': 0.75, '0:q:q': 0.36000000000000004, '1:features_kernel:Matern32': 9.1, '2:features_kernel:Matern32': 3.1, '3:features_kernel:Matern32': 18.1, '4:features_kernel:Matern32': 15.1, '5:features_kernel:Matern32': 19.1, '6:features_kernel:Matern32': 15.1, '7:features_kernel:Matern32': 0.1, '8:features_kernel:Matern32': 0.1, '9:features_kernel:Matern32': 29.1, '10:features_kernel:Matern32': 7.1, '11:features_kernel:Matern32': 29.1, 'alpha': 0.001}. Best is trial 10 with value: 12.187130407280357.
/gpfs_common/share03/ddomlab/sdehgha2/working_space/GP_collab/code_python/training/MGK_and_tools/mgktools/mgktools/kernels/base.py:225: UserWarning: The distribution is specified by [0.1, 30] and step=1, but the range is not divisible by `step`. It will be replaced with [0.1, 29.1].
  self.unique_name: trial.suggest_float(
[I 2026-04-22 15:00:35,427] Trial 12 finished with value: 12.366877052021085 and parameters: {'0:atom_AtomicNumber:kDelta': 0.8, '0:atom_AtomicNumber_list_1:kConv': 0.75, '0:atom_AtomicNumber_list_2:kConv': 0.85, '0:atom_AtomicNumber_list_3:kConv': 0.9, '0:atom_AtomicNumber_list_4:kConv': 1.0, '0:atom_MorganHash:kDelta': 0.8, '0:atom_Ring_count:kDelta': 1.0, '0:atom_RingSize_list:kConv': 0.75, '0:atom_Hcount:kDelta': 0.85, '0:atom_AtomicNumber_count_1:kDelta': 0.8, '0:atom_AtomicNumber_count_2:kDelta': 1.0, '0:atom_Chiral:kDelta': 0.95, '0:bond_Order:kDelta': 0.75, '0:bond_Stereo:kDelta': 0.85, '0:bond_RingStereo:kDelta': 0.8, '0:q:q': 0.39, '1:features_kernel:Matern32': 7.1, '2:features_kernel:Matern32': 5.1, '3:features_kernel:Matern32': 29.1, '4:features_kernel:Matern32': 13.1, '5:features_kernel:Matern32': 20.1, '6:features_kernel:Matern32': 15.1, '7:features_kernel:Matern32': 12.1, '8:features_kernel:Matern32': 0.1, '9:features_kernel:Matern32': 0.1, '10:features_kernel:Matern32': 9.1, '11:features_kernel:Matern32': 29.1, 'alpha': 0.004}. Best is trial 10 with value: 12.187130407280357.
/gpfs_common/share03/ddomlab/sdehgha2/working_space/GP_collab/code_python/training/MGK_and_tools/mgktools/mgktools/kernels/base.py:225: UserWarning: The distribution is specified by [0.1, 30] and step=1, but the range is not divisible by `step`. It will be replaced with [0.1, 29.1].
  self.unique_name: trial.suggest_float(
[I 2026-04-22 15:00:46,066] Trial 13 finished with value: 12.107286075147158 and parameters: {'0:atom_AtomicNumber:kDelta': 0.75, '0:atom_AtomicNumber_list_1:kConv': 0.75, '0:atom_AtomicNumber_list_2:kConv': 0.75, '0:atom_AtomicNumber_list_3:kConv': 0.8, '0:atom_AtomicNumber_list_4:kConv': 0.95, '0:atom_MorganHash:kDelta': 0.75, '0:atom_Ring_count:kDelta': 1.0, '0:atom_RingSize_list:kConv': 0.75, '0:atom_Hcount:kDelta': 0.75, '0:atom_AtomicNumber_count_1:kDelta': 0.8, '0:atom_AtomicNumber_count_2:kDelta': 1.0, '0:atom_Chiral:kDelta': 0.95, '0:bond_Order:kDelta': 0.75, '0:bond_Stereo:kDelta': 0.85, '0:bond_RingStereo:kDelta': 0.8, '0:q:q': 0.42000000000000004, '1:features_kernel:Matern32': 8.1, '2:features_kernel:Matern32': 17.1, '3:features_kernel:Matern32': 17.1, '4:features_kernel:Matern32': 29.1, '5:features_kernel:Matern32': 19.1, '6:features_kernel:Matern32': 11.1, '7:features_kernel:Matern32': 13.1, '8:features_kernel:Matern32': 0.1, '9:features_kernel:Matern32': 1.1, '10:features_kernel:Matern32': 8.1, '11:features_kernel:Matern32': 23.1, 'alpha': 0.018000000000000002}. Best is trial 13 with value: 12.107286075147158.
/gpfs_common/share03/ddomlab/sdehgha2/working_space/GP_collab/code_python/training/MGK_and_tools/mgktools/mgktools/kernels/base.py:225: UserWarning: The distribution is specified by [0.1, 30] and step=1, but the range is not divisible by `step`. It will be replaced with [0.1, 29.1].
  self.unique_name: trial.suggest_float(
[I 2026-04-22 15:00:59,442] Trial 14 finished with value: 12.041379883683513 and parameters: {'0:atom_AtomicNumber:kDelta': 0.75, '0:atom_AtomicNumber_list_1:kConv': 1.0, '0:atom_AtomicNumber_list_2:kConv': 0.75, '0:atom_AtomicNumber_list_3:kConv': 0.8, '0:atom_AtomicNumber_list_4:kConv': 0.95, '0:atom_MorganHash:kDelta': 0.75, '0:atom_Ring_count:kDelta': 0.95, '0:atom_RingSize_list:kConv': 0.8, '0:atom_Hcount:kDelta': 0.75, '0:atom_AtomicNumber_count_1:kDelta': 0.8, '0:atom_AtomicNumber_count_2:kDelta': 0.95, '0:atom_Chiral:kDelta': 1.0, '0:bond_Order:kDelta': 0.8, '0:bond_Stereo:kDelta': 0.8, '0:bond_RingStereo:kDelta': 0.8, '0:q:q': 0.44, '1:features_kernel:Matern32': 14.1, '2:features_kernel:Matern32': 19.1, '3:features_kernel:Matern32': 13.1, '4:features_kernel:Matern32': 29.1, '5:features_kernel:Matern32': 19.1, '6:features_kernel:Matern32': 9.1, '7:features_kernel:Matern32': 16.1, '8:features_kernel:Matern32': 4.1, '9:features_kernel:Matern32': 28.1, '10:features_kernel:Matern32': 9.1, '11:features_kernel:Matern32': 23.1, 'alpha': 0.02}. Best is trial 14 with value: 12.041379883683513.
/gpfs_common/share03/ddomlab/sdehgha2/working_space/GP_collab/code_python/training/MGK_and_tools/mgktools/mgktools/kernels/base.py:225: UserWarning: The distribution is specified by [0.1, 30] and step=1, but the range is not divisible by `step`. It will be replaced with [0.1, 29.1].
  self.unique_name: trial.suggest_float(
[I 2026-04-22 15:01:12,364] Trial 15 finished with value: 12.02160314421015 and parameters: {'0:atom_AtomicNumber:kDelta': 0.9, '0:atom_AtomicNumber_list_1:kConv': 1.0, '0:atom_AtomicNumber_list_2:kConv': 0.8, '0:atom_AtomicNumber_list_3:kConv': 0.8, '0:atom_AtomicNumber_list_4:kConv': 0.95, '0:atom_MorganHash:kDelta': 0.75, '0:atom_Ring_count:kDelta': 0.95, '0:atom_RingSize_list:kConv': 0.8, '0:atom_Hcount:kDelta': 0.75, '0:atom_AtomicNumber_count_1:kDelta': 0.8, '0:atom_AtomicNumber_count_2:kDelta': 0.95, '0:atom_Chiral:kDelta': 0.75, '0:bond_Order:kDelta': 0.8, '0:bond_Stereo:kDelta': 0.8, '0:bond_RingStereo:kDelta': 0.8, '0:q:q': 0.43, '1:features_kernel:Matern32': 15.1, '2:features_kernel:Matern32': 20.1, '3:features_kernel:Matern32': 12.1, '4:features_kernel:Matern32': 29.1, '5:features_kernel:Matern32': 16.1, '6:features_kernel:Matern32': 9.1, '7:features_kernel:Matern32': 17.1, '8:features_kernel:Matern32': 5.1, '9:features_kernel:Matern32': 24.1, '10:features_kernel:Matern32': 11.1, '11:features_kernel:Matern32': 20.1, 'alpha': 0.026000000000000002}. Best is trial 15 with value: 12.02160314421015.
/gpfs_common/share03/ddomlab/sdehgha2/working_space/GP_collab/code_python/training/MGK_and_tools/mgktools/mgktools/kernels/base.py:225: UserWarning: The distribution is specified by [0.1, 30] and step=1, but the range is not divisible by `step`. It will be replaced with [0.1, 29.1].
  self.unique_name: trial.suggest_float(
[I 2026-04-22 15:01:25,370] Trial 16 finished with value: 12.032347369344556 and parameters: {'0:atom_AtomicNumber:kDelta': 0.95, '0:atom_AtomicNumber_list_1:kConv': 1.0, '0:atom_AtomicNumber_list_2:kConv': 0.8, '0:atom_AtomicNumber_list_3:kConv': 0.8, '0:atom_AtomicNumber_list_4:kConv': 0.85, '0:atom_MorganHash:kDelta': 0.75, '0:atom_Ring_count:kDelta': 0.95, '0:atom_RingSize_list:kConv': 0.8, '0:atom_Hcount:kDelta': 0.75, '0:atom_AtomicNumber_count_1:kDelta': 0.8, '0:atom_AtomicNumber_count_2:kDelta': 0.95, '0:atom_Chiral:kDelta': 0.75, '0:bond_Order:kDelta': 0.8, '0:bond_Stereo:kDelta': 0.8, '0:bond_RingStereo:kDelta': 0.8, '0:q:q': 0.44, '1:features_kernel:Matern32': 14.1, '2:features_kernel:Matern32': 23.1, '3:features_kernel:Matern32': 12.1, '4:features_kernel:Matern32': 29.1, '5:features_kernel:Matern32': 15.1, '6:features_kernel:Matern32': 8.1, '7:features_kernel:Matern32': 17.1, '8:features_kernel:Matern32': 5.1, '9:features_kernel:Matern32': 24.1, '10:features_kernel:Matern32': 21.1, '11:features_kernel:Matern32': 19.1, 'alpha': 0.035}. Best is trial 15 with value: 12.02160314421015.
/gpfs_common/share03/ddomlab/sdehgha2/working_space/GP_collab/code_python/training/MGK_and_tools/mgktools/mgktools/kernels/base.py:225: UserWarning: The distribution is specified by [0.1, 30] and step=1, but the range is not divisible by `step`. It will be replaced with [0.1, 29.1].
  self.unique_name: trial.suggest_float(
[I 2026-04-22 15:01:39,289] Trial 17 finished with value: 12.045842294116946 and parameters: {'0:atom_AtomicNumber:kDelta': 0.95, '0:atom_AtomicNumber_list_1:kConv': 1.0, '0:atom_AtomicNumber_list_2:kConv': 0.8, '0:atom_AtomicNumber_list_3:kConv': 0.8, '0:atom_AtomicNumber_list_4:kConv': 0.85, '0:atom_MorganHash:kDelta': 0.85, '0:atom_Ring_count:kDelta': 0.85, '0:atom_RingSize_list:kConv': 0.8, '0:atom_Hcount:kDelta': 0.75, '0:atom_AtomicNumber_count_1:kDelta': 0.8, '0:atom_AtomicNumber_count_2:kDelta': 0.95, '0:atom_Chiral:kDelta': 0.75, '0:bond_Order:kDelta': 0.85, '0:bond_Stereo:kDelta': 0.8, '0:bond_RingStereo:kDelta': 0.85, '0:q:q': 0.28, '1:features_kernel:Matern32': 16.1, '2:features_kernel:Matern32': 24.1, '3:features_kernel:Matern32': 12.1, '4:features_kernel:Matern32': 27.1, '5:features_kernel:Matern32': 15.1, '6:features_kernel:Matern32': 7.1, '7:features_kernel:Matern32': 18.1, '8:features_kernel:Matern32': 5.1, '9:features_kernel:Matern32': 24.1, '10:features_kernel:Matern32': 22.1, '11:features_kernel:Matern32': 17.1, 'alpha': 0.041}. Best is trial 15 with value: 12.02160314421015.
/gpfs_common/share03/ddomlab/sdehgha2/working_space/GP_collab/code_python/training/MGK_and_tools/mgktools/mgktools/kernels/base.py:225: UserWarning: The distribution is specified by [0.1, 30] and step=1, but the range is not divisible by `step`. It will be replaced with [0.1, 29.1].
  self.unique_name: trial.suggest_float(
[I 2026-04-22 15:01:51,238] Trial 18 finished with value: 12.102618368089658 and parameters: {'0:atom_AtomicNumber:kDelta': 0.95, '0:atom_AtomicNumber_list_1:kConv': 0.95, '0:atom_AtomicNumber_list_2:kConv': 0.85, '0:atom_AtomicNumber_list_3:kConv': 0.75, '0:atom_AtomicNumber_list_4:kConv': 0.85, '0:atom_MorganHash:kDelta': 0.8, '0:atom_Ring_count:kDelta': 0.95, '0:atom_RingSize_list:kConv': 0.8, '0:atom_Hcount:kDelta': 0.8, '0:atom_AtomicNumber_count_1:kDelta': 0.8, '0:atom_AtomicNumber_count_2:kDelta': 0.95, '0:atom_Chiral:kDelta': 0.75, '0:bond_Order:kDelta': 0.8, '0:bond_Stereo:kDelta': 0.75, '0:bond_RingStereo:kDelta': 0.8, '0:q:q': 0.46, '1:features_kernel:Matern32': 16.1, '2:features_kernel:Matern32': 25.1, '3:features_kernel:Matern32': 7.1, '4:features_kernel:Matern32': 25.1, '5:features_kernel:Matern32': 14.1, '6:features_kernel:Matern32': 7.1, '7:features_kernel:Matern32': 10.1, '8:features_kernel:Matern32': 15.1, '9:features_kernel:Matern32': 23.1, '10:features_kernel:Matern32': 21.1, '11:features_kernel:Matern32': 20.1, 'alpha': 0.037000000000000005}. Best is trial 15 with value: 12.02160314421015.
/gpfs_common/share03/ddomlab/sdehgha2/working_space/GP_collab/code_python/training/MGK_and_tools/mgktools/mgktools/kernels/base.py:225: UserWarning: The distribution is specified by [0.1, 30] and step=1, but the range is not divisible by `step`. It will be replaced with [0.1, 29.1].
  self.unique_name: trial.suggest_float(
[I 2026-04-22 15:02:05,299] Trial 19 finished with value: 12.762288092037911 and parameters: {'0:atom_AtomicNumber:kDelta': 0.9, '0:atom_AtomicNumber_list_1:kConv': 0.95, '0:atom_AtomicNumber_list_2:kConv': 0.85, '0:atom_AtomicNumber_list_3:kConv': 0.8, '0:atom_AtomicNumber_list_4:kConv': 0.9, '0:atom_MorganHash:kDelta': 0.75, '0:atom_Ring_count:kDelta': 0.85, '0:atom_RingSize_list:kConv': 0.85, '0:atom_Hcount:kDelta': 0.75, '0:atom_AtomicNumber_count_1:kDelta': 0.75, '0:atom_AtomicNumber_count_2:kDelta': 0.95, '0:atom_Chiral:kDelta': 0.8, '0:bond_Order:kDelta': 0.85, '0:bond_Stereo:kDelta': 0.8, '0:bond_RingStereo:kDelta': 0.85, '0:q:q': 0.28, '1:features_kernel:Matern32': 12.1, '2:features_kernel:Matern32': 22.1, '3:features_kernel:Matern32': 16.1, '4:features_kernel:Matern32': 19.1, '5:features_kernel:Matern32': 16.1, '6:features_kernel:Matern32': 29.1, '7:features_kernel:Matern32': 19.1, '8:features_kernel:Matern32': 4.1, '9:features_kernel:Matern32': 25.1, '10:features_kernel:Matern32': 28.1, '11:features_kernel:Matern32': 12.1, 'alpha': 0.053000000000000005}. Best is trial 15 with value: 12.02160314421015.
/gpfs_common/share03/ddomlab/sdehgha2/working_space/GP_collab/code_python/training/MGK_and_tools/mgktools/mgktools/kernels/base.py:225: UserWarning: The distribution is specified by [0.1, 30] and step=1, but the range is not divisible by `step`. It will be replaced with [0.1, 29.1].
  self.unique_name: trial.suggest_float(
[I 2026-04-22 15:02:18,562] Trial 20 finished with value: 24.18984239336627 and parameters: {'0:atom_AtomicNumber:kDelta': 0.95, '0:atom_AtomicNumber_list_1:kConv': 1.0, '0:atom_AtomicNumber_list_2:kConv': 0.8, '0:atom_AtomicNumber_list_3:kConv': 0.85, '0:atom_AtomicNumber_list_4:kConv': 0.85, '0:atom_MorganHash:kDelta': 0.85, '0:atom_Ring_count:kDelta': 0.95, '0:atom_RingSize_list:kConv': 0.8, '0:atom_Hcount:kDelta': 0.85, '0:atom_AtomicNumber_count_1:kDelta': 0.85, '0:atom_AtomicNumber_count_2:kDelta': 0.95, '0:atom_Chiral:kDelta': 0.75, '0:bond_Order:kDelta': 0.8, '0:bond_Stereo:kDelta': 0.8, '0:bond_RingStereo:kDelta': 0.95, '0:q:q': 0.42000000000000004, '1:features_kernel:Matern32': 18.1, '2:features_kernel:Matern32': 29.1, '3:features_kernel:Matern32': 7.1, '4:features_kernel:Matern32': 25.1, '5:features_kernel:Matern32': 24.1, '6:features_kernel:Matern32': 0.1, '7:features_kernel:Matern32': 19.1, '8:features_kernel:Matern32': 15.1, '9:features_kernel:Matern32': 13.1, '10:features_kernel:Matern32': 12.1, '11:features_kernel:Matern32': 20.1, 'alpha': 0.021}. Best is trial 15 with value: 12.02160314421015.
/gpfs_common/share03/ddomlab/sdehgha2/working_space/GP_collab/code_python/training/MGK_and_tools/mgktools/mgktools/kernels/base.py:225: UserWarning: The distribution is specified by [0.1, 30] and step=1, but the range is not divisible by `step`. It will be replaced with [0.1, 29.1].
  self.unique_name: trial.suggest_float(
[I 2026-04-22 15:02:29,034] Trial 21 finished with value: 12.022739779159181 and parameters: {'0:atom_AtomicNumber:kDelta': 0.9, '0:atom_AtomicNumber_list_1:kConv': 1.0, '0:atom_AtomicNumber_list_2:kConv': 0.75, '0:atom_AtomicNumber_list_3:kConv': 0.8, '0:atom_AtomicNumber_list_4:kConv': 0.95, '0:atom_MorganHash:kDelta': 0.75, '0:atom_Ring_count:kDelta': 0.95, '0:atom_RingSize_list:kConv': 0.8, '0:atom_Hcount:kDelta': 0.75, '0:atom_AtomicNumber_count_1:kDelta': 0.8, '0:atom_AtomicNumber_count_2:kDelta': 0.95, '0:atom_Chiral:kDelta': 0.8, '0:bond_Order:kDelta': 0.8, '0:bond_Stereo:kDelta': 0.8, '0:bond_RingStereo:kDelta': 0.8, '0:q:q': 0.45, '1:features_kernel:Matern32': 12.1, '2:features_kernel:Matern32': 19.1, '3:features_kernel:Matern32': 13.1, '4:features_kernel:Matern32': 28.1, '5:features_kernel:Matern32': 17.1, '6:features_kernel:Matern32': 9.1, '7:features_kernel:Matern32': 16.1, '8:features_kernel:Matern32': 4.1, '9:features_kernel:Matern32': 26.1, '10:features_kernel:Matern32': 19.1, '11:features_kernel:Matern32': 24.1, 'alpha': 0.021}. Best is trial 15 with value: 12.02160314421015.
/gpfs_common/share03/ddomlab/sdehgha2/working_space/GP_collab/code_python/training/MGK_and_tools/mgktools/mgktools/kernels/base.py:225: UserWarning: The distribution is specified by [0.1, 30] and step=1, but the range is not divisible by `step`. It will be replaced with [0.1, 29.1].
  self.unique_name: trial.suggest_float(
[I 2026-04-22 15:02:41,182] Trial 22 finished with value: 12.01911877713302 and parameters: {'0:atom_AtomicNumber:kDelta': 0.9, '0:atom_AtomicNumber_list_1:kConv': 1.0, '0:atom_AtomicNumber_list_2:kConv': 0.8, '0:atom_AtomicNumber_list_3:kConv': 0.8, '0:atom_AtomicNumber_list_4:kConv': 0.9, '0:atom_MorganHash:kDelta': 0.75, '0:atom_Ring_count:kDelta': 0.95, '0:atom_RingSize_list:kConv': 0.85, '0:atom_Hcount:kDelta': 0.75, '0:atom_AtomicNumber_count_1:kDelta': 0.8, '0:atom_AtomicNumber_count_2:kDelta': 0.9, '0:atom_Chiral:kDelta': 0.75, '0:bond_Order:kDelta': 0.85, '0:bond_Stereo:kDelta': 0.75, '0:bond_RingStereo:kDelta': 0.8, '0:q:q': 0.47000000000000003, '1:features_kernel:Matern32': 12.1, '2:features_kernel:Matern32': 21.1, '3:features_kernel:Matern32': 13.1, '4:features_kernel:Matern32': 27.1, '5:features_kernel:Matern32': 16.1, '6:features_kernel:Matern32': 7.1, '7:features_kernel:Matern32': 16.1, '8:features_kernel:Matern32': 3.1, '9:features_kernel:Matern32': 22.1, '10:features_kernel:Matern32': 20.1, '11:features_kernel:Matern32': 22.1, 'alpha': 0.030000000000000002}. Best is trial 22 with value: 12.01911877713302.
/gpfs_common/share03/ddomlab/sdehgha2/working_space/GP_collab/code_python/training/MGK_and_tools/mgktools/mgktools/kernels/base.py:225: UserWarning: The distribution is specified by [0.1, 30] and step=1, but the range is not divisible by `step`. It will be replaced with [0.1, 29.1].
  self.unique_name: trial.suggest_float(
[I 2026-04-22 15:02:53,543] Trial 23 finished with value: 12.18283454137981 and parameters: {'0:atom_AtomicNumber:kDelta': 0.9, '0:atom_AtomicNumber_list_1:kConv': 0.95, '0:atom_AtomicNumber_list_2:kConv': 0.75, '0:atom_AtomicNumber_list_3:kConv': 0.75, '0:atom_AtomicNumber_list_4:kConv': 0.9, '0:atom_MorganHash:kDelta': 0.8, '0:atom_Ring_count:kDelta': 0.95, '0:atom_RingSize_list:kConv': 0.85, '0:atom_Hcount:kDelta': 0.8, '0:atom_AtomicNumber_count_1:kDelta': 0.85, '0:atom_AtomicNumber_count_2:kDelta': 0.9, '0:atom_Chiral:kDelta': 0.8, '0:bond_Order:kDelta': 0.85, '0:bond_Stereo:kDelta': 0.75, '0:bond_RingStereo:kDelta': 0.75, '0:q:q': 0.46, '1:features_kernel:Matern32': 5.1, '2:features_kernel:Matern32': 18.1, '3:features_kernel:Matern32': 14.1, '4:features_kernel:Matern32': 22.1, '5:features_kernel:Matern32': 23.1, '6:features_kernel:Matern32': 11.1, '7:features_kernel:Matern32': 10.1, '8:features_kernel:Matern32': 3.1, '9:features_kernel:Matern32': 21.1, '10:features_kernel:Matern32': 19.1, '11:features_kernel:Matern32': 25.1, 'alpha': 0.029}. Best is trial 22 with value: 12.01911877713302.
/gpfs_common/share03/ddomlab/sdehgha2/working_space/GP_collab/code_python/training/MGK_and_tools/mgktools/mgktools/kernels/base.py:225: UserWarning: The distribution is specified by [0.1, 30] and step=1, but the range is not divisible by `step`. It will be replaced with [0.1, 29.1].
  self.unique_name: trial.suggest_float(
[I 2026-04-22 15:03:05,528] Trial 24 finished with value: 12.326359080311827 and parameters: {'0:atom_AtomicNumber:kDelta': 0.9, '0:atom_AtomicNumber_list_1:kConv': 1.0, '0:atom_AtomicNumber_list_2:kConv': 0.8, '0:atom_AtomicNumber_list_3:kConv': 0.85, '0:atom_AtomicNumber_list_4:kConv': 0.95, '0:atom_MorganHash:kDelta': 0.75, '0:atom_Ring_count:kDelta': 0.85, '0:atom_RingSize_list:kConv': 0.85, '0:atom_Hcount:kDelta': 0.75, '0:atom_AtomicNumber_count_1:kDelta': 0.75, '0:atom_AtomicNumber_count_2:kDelta': 0.85, '0:atom_Chiral:kDelta': 0.75, '0:bond_Order:kDelta': 0.85, '0:bond_Stereo:kDelta': 0.75, '0:bond_RingStereo:kDelta': 0.85, '0:q:q': 0.5, '1:features_kernel:Matern32': 11.1, '2:features_kernel:Matern32': 21.1, '3:features_kernel:Matern32': 21.1, '4:features_kernel:Matern32': 26.1, '5:features_kernel:Matern32': 17.1, '6:features_kernel:Matern32': 5.1, '7:features_kernel:Matern32': 15.1, '8:features_kernel:Matern32': 8.1, '9:features_kernel:Matern32': 26.1, '10:features_kernel:Matern32': 12.1, '11:features_kernel:Matern32': 25.1, 'alpha': 0.016}. Best is trial 22 with value: 12.01911877713302.
/gpfs_common/share03/ddomlab/sdehgha2/working_space/GP_collab/code_python/training/MGK_and_tools/mgktools/mgktools/kernels/base.py:225: UserWarning: The distribution is specified by [0.1, 30] and step=1, but the range is not divisible by `step`. It will be replaced with [0.1, 29.1].
  self.unique_name: trial.suggest_float(
[I 2026-04-22 15:03:18,013] Trial 25 finished with value: 12.116970666897329 and parameters: {'0:atom_AtomicNumber:kDelta': 0.9, '0:atom_AtomicNumber_list_1:kConv': 0.95, '0:atom_AtomicNumber_list_2:kConv': 0.85, '0:atom_AtomicNumber_list_3:kConv': 0.8, '0:atom_AtomicNumber_list_4:kConv': 0.95, '0:atom_MorganHash:kDelta': 0.8, '0:atom_Ring_count:kDelta': 0.9, '0:atom_RingSize_list:kConv': 0.8, '0:atom_Hcount:kDelta': 0.8, '0:atom_AtomicNumber_count_1:kDelta': 0.8, '0:atom_AtomicNumber_count_2:kDelta': 0.9, '0:atom_Chiral:kDelta': 0.8, '0:bond_Order:kDelta': 0.8, '0:bond_Stereo:kDelta': 0.75, '0:bond_RingStereo:kDelta': 0.8, '0:q:q': 0.4, '1:features_kernel:Matern32': 11.1, '2:features_kernel:Matern32': 15.1, '3:features_kernel:Matern32': 10.1, '4:features_kernel:Matern32': 22.1, '5:features_kernel:Matern32': 12.1, '6:features_kernel:Matern32': 11.1, '7:features_kernel:Matern32': 20.1, '8:features_kernel:Matern32': 2.1, '9:features_kernel:Matern32': 21.1, '10:features_kernel:Matern32': 24.1, '11:features_kernel:Matern32': 23.1, 'alpha': 0.046}. Best is trial 22 with value: 12.01911877713302.
/gpfs_common/share03/ddomlab/sdehgha2/working_space/GP_collab/code_python/training/MGK_and_tools/mgktools/mgktools/kernels/base.py:225: UserWarning: The distribution is specified by [0.1, 30] and step=1, but the range is not divisible by `step`. It will be replaced with [0.1, 29.1].
  self.unique_name: trial.suggest_float(
[I 2026-04-22 15:03:32,261] Trial 26 finished with value: 12.482610494523836 and parameters: {'0:atom_AtomicNumber:kDelta': 0.85, '0:atom_AtomicNumber_list_1:kConv': 1.0, '0:atom_AtomicNumber_list_2:kConv': 0.75, '0:atom_AtomicNumber_list_3:kConv': 0.75, '0:atom_AtomicNumber_list_4:kConv': 0.9, '0:atom_MorganHash:kDelta': 0.75, '0:atom_Ring_count:kDelta': 0.95, '0:atom_RingSize_list:kConv': 0.85, '0:atom_Hcount:kDelta': 0.75, '0:atom_AtomicNumber_count_1:kDelta': 0.9, '0:atom_AtomicNumber_count_2:kDelta': 0.95, '0:atom_Chiral:kDelta': 0.75, '0:bond_Order:kDelta': 0.85, '0:bond_Stereo:kDelta': 0.8, '0:bond_RingStereo:kDelta': 0.8, '0:q:q': 0.32, '1:features_kernel:Matern32': 17.1, '2:features_kernel:Matern32': 26.1, '3:features_kernel:Matern32': 15.1, '4:features_kernel:Matern32': 18.1, '5:features_kernel:Matern32': 29.1, '6:features_kernel:Matern32': 18.1, '7:features_kernel:Matern32': 13.1, '8:features_kernel:Matern32': 6.1, '9:features_kernel:Matern32': 16.1, '10:features_kernel:Matern32': 18.1, '11:features_kernel:Matern32': 14.1, 'alpha': 0.029}. Best is trial 22 with value: 12.01911877713302.
/gpfs_common/share03/ddomlab/sdehgha2/working_space/GP_collab/code_python/training/MGK_and_tools/mgktools/mgktools/kernels/base.py:225: UserWarning: The distribution is specified by [0.1, 30] and step=1, but the range is not divisible by `step`. It will be replaced with [0.1, 29.1].
  self.unique_name: trial.suggest_float(
[I 2026-04-22 15:03:44,334] Trial 27 finished with value: 12.135892000018384 and parameters: {'0:atom_AtomicNumber:kDelta': 0.95, '0:atom_AtomicNumber_list_1:kConv': 0.95, '0:atom_AtomicNumber_list_2:kConv': 0.8, '0:atom_AtomicNumber_list_3:kConv': 0.85, '0:atom_AtomicNumber_list_4:kConv': 0.95, '0:atom_MorganHash:kDelta': 0.8, '0:atom_Ring_count:kDelta': 0.95, '0:atom_RingSize_list:kConv': 0.75, '0:atom_Hcount:kDelta': 0.8, '0:atom_AtomicNumber_count_1:kDelta': 0.8, '0:atom_AtomicNumber_count_2:kDelta': 0.9, '0:atom_Chiral:kDelta': 0.8, '0:bond_Order:kDelta': 0.75, '0:bond_Stereo:kDelta': 0.85, '0:bond_RingStereo:kDelta': 0.85, '0:q:q': 0.47000000000000003, '1:features_kernel:Matern32': 6.1, '2:features_kernel:Matern32': 17.1, '3:features_kernel:Matern32': 20.1, '4:features_kernel:Matern32': 27.1, '5:features_kernel:Matern32': 10.1, '6:features_kernel:Matern32': 6.1, '7:features_kernel:Matern32': 11.1, '8:features_kernel:Matern32': 10.1, '9:features_kernel:Matern32': 26.1, '10:features_kernel:Matern32': 29.1, '11:features_kernel:Matern32': 18.1, 'alpha': 0.012}. Best is trial 22 with value: 12.01911877713302.
/gpfs_common/share03/ddomlab/sdehgha2/working_space/GP_collab/code_python/training/MGK_and_tools/mgktools/mgktools/kernels/base.py:225: UserWarning: The distribution is specified by [0.1, 30] and step=1, but the range is not divisible by `step`. It will be replaced with [0.1, 29.1].
  self.unique_name: trial.suggest_float(
[I 2026-04-22 15:03:57,139] Trial 28 finished with value: 11.973934674052469 and parameters: {'0:atom_AtomicNumber:kDelta': 0.9, '0:atom_AtomicNumber_list_1:kConv': 1.0, '0:atom_AtomicNumber_list_2:kConv': 0.85, '0:atom_AtomicNumber_list_3:kConv': 0.8, '0:atom_AtomicNumber_list_4:kConv': 0.9, '0:atom_MorganHash:kDelta': 0.75, '0:atom_Ring_count:kDelta': 0.9, '0:atom_RingSize_list:kConv': 0.8, '0:atom_Hcount:kDelta': 0.75, '0:atom_AtomicNumber_count_1:kDelta': 0.85, '0:atom_AtomicNumber_count_2:kDelta': 1.0, '0:atom_Chiral:kDelta': 0.75, '0:bond_Order:kDelta': 0.9, '0:bond_Stereo:kDelta': 0.75, '0:bond_RingStereo:kDelta': 0.75, '0:q:q': 0.39, '1:features_kernel:Matern32': 11.1, '2:features_kernel:Matern32': 12.1, '3:features_kernel:Matern32': 10.1, '4:features_kernel:Matern32': 24.1, '5:features_kernel:Matern32': 17.1, '6:features_kernel:Matern32': 9.1, '7:features_kernel:Matern32': 8.1, '8:features_kernel:Matern32': 2.1, '9:features_kernel:Matern32': 20.1, '10:features_kernel:Matern32': 13.1, '11:features_kernel:Matern32': 26.1, 'alpha': 0.025}. Best is trial 28 with value: 11.973934674052469.
/gpfs_common/share03/ddomlab/sdehgha2/working_space/GP_collab/code_python/training/MGK_and_tools/mgktools/mgktools/kernels/base.py:225: UserWarning: The distribution is specified by [0.1, 30] and step=1, but the range is not divisible by `step`. It will be replaced with [0.1, 29.1].
  self.unique_name: trial.suggest_float(
[I 2026-04-22 15:04:10,533] Trial 29 finished with value: 12.209761291715209 and parameters: {'0:atom_AtomicNumber:kDelta': 0.85, '0:atom_AtomicNumber_list_1:kConv': 0.95, '0:atom_AtomicNumber_list_2:kConv': 0.9, '0:atom_AtomicNumber_list_3:kConv': 0.75, '0:atom_AtomicNumber_list_4:kConv': 0.9, '0:atom_MorganHash:kDelta': 0.85, '0:atom_Ring_count:kDelta': 0.8, '0:atom_RingSize_list:kConv': 0.85, '0:atom_Hcount:kDelta': 0.85, '0:atom_AtomicNumber_count_1:kDelta': 0.9, '0:atom_AtomicNumber_count_2:kDelta': 1.0, '0:atom_Chiral:kDelta': 0.75, '0:bond_Order:kDelta': 0.95, '0:bond_Stereo:kDelta': 0.75, '0:bond_RingStereo:kDelta': 0.75, '0:q:q': 0.33, '1:features_kernel:Matern32': 4.1, '2:features_kernel:Matern32': 12.1, '3:features_kernel:Matern32': 10.1, '4:features_kernel:Matern32': 23.1, '5:features_kernel:Matern32': 22.1, '6:features_kernel:Matern32': 12.1, '7:features_kernel:Matern32': 8.1, '8:features_kernel:Matern32': 2.1, '9:features_kernel:Matern32': 21.1, '10:features_kernel:Matern32': 13.1, '11:features_kernel:Matern32': 26.1, 'alpha': 0.05}. Best is trial 28 with value: 11.973934674052469.
/gpfs_common/share03/ddomlab/sdehgha2/working_space/GP_collab/code_python/training/MGK_and_tools/mgktools/mgktools/kernels/base.py:225: UserWarning: The distribution is specified by [0.1, 30] and step=1, but the range is not divisible by `step`. It will be replaced with [0.1, 29.1].
  self.unique_name: trial.suggest_float(
[I 2026-04-22 15:04:24,250] Trial 30 finished with value: 24.222983203691612 and parameters: {'0:atom_AtomicNumber:kDelta': 0.95, '0:atom_AtomicNumber_list_1:kConv': 1.0, '0:atom_AtomicNumber_list_2:kConv': 0.85, '0:atom_AtomicNumber_list_3:kConv': 0.8, '0:atom_AtomicNumber_list_4:kConv': 0.8, '0:atom_MorganHash:kDelta': 0.9, '0:atom_Ring_count:kDelta': 0.9, '0:atom_RingSize_list:kConv': 0.95, '0:atom_Hcount:kDelta': 0.85, '0:atom_AtomicNumber_count_1:kDelta': 0.85, '0:atom_AtomicNumber_count_2:kDelta': 1.0, '0:atom_Chiral:kDelta': 0.75, '0:bond_Order:kDelta': 0.9, '0:bond_Stereo:kDelta': 0.75, '0:bond_RingStereo:kDelta': 0.75, '0:q:q': 0.39, '1:features_kernel:Matern32': 19.1, '2:features_kernel:Matern32': 12.1, '3:features_kernel:Matern32': 8.1, '4:features_kernel:Matern32': 24.1, '5:features_kernel:Matern32': 13.1, '6:features_kernel:Matern32': 0.1, '7:features_kernel:Matern32': 21.1, '8:features_kernel:Matern32': 10.1, '9:features_kernel:Matern32': 20.1, '10:features_kernel:Matern32': 11.1, '11:features_kernel:Matern32': 21.1, 'alpha': 0.032}. Best is trial 28 with value: 11.973934674052469.
/gpfs_common/share03/ddomlab/sdehgha2/working_space/GP_collab/code_python/training/MGK_and_tools/mgktools/mgktools/kernels/base.py:225: UserWarning: The distribution is specified by [0.1, 30] and step=1, but the range is not divisible by `step`. It will be replaced with [0.1, 29.1].
  self.unique_name: trial.suggest_float(
[I 2026-04-22 15:04:36,302] Trial 31 finished with value: 12.025660445563862 and parameters: {'0:atom_AtomicNumber:kDelta': 0.9, '0:atom_AtomicNumber_list_1:kConv': 1.0, '0:atom_AtomicNumber_list_2:kConv': 0.8, '0:atom_AtomicNumber_list_3:kConv': 0.8, '0:atom_AtomicNumber_list_4:kConv': 0.9, '0:atom_MorganHash:kDelta': 0.75, '0:atom_Ring_count:kDelta': 0.9, '0:atom_RingSize_list:kConv': 0.8, '0:atom_Hcount:kDelta': 0.75, '0:atom_AtomicNumber_count_1:kDelta': 0.85, '0:atom_AtomicNumber_count_2:kDelta': 0.95, '0:atom_Chiral:kDelta': 0.8, '0:bond_Order:kDelta': 0.9, '0:bond_Stereo:kDelta': 0.8, '0:bond_RingStereo:kDelta': 0.8, '0:q:q': 0.48000000000000004, '1:features_kernel:Matern32': 10.1, '2:features_kernel:Matern32': 14.1, '3:features_kernel:Matern32': 11.1, '4:features_kernel:Matern32': 27.1, '5:features_kernel:Matern32': 17.1, '6:features_kernel:Matern32': 9.1, '7:features_kernel:Matern32': 15.1, '8:features_kernel:Matern32': 6.1, '9:features_kernel:Matern32': 22.1, '10:features_kernel:Matern32': 16.1, '11:features_kernel:Matern32': 26.1, 'alpha': 0.027000000000000003}. Best is trial 28 with value: 11.973934674052469.
/gpfs_common/share03/ddomlab/sdehgha2/working_space/GP_collab/code_python/training/MGK_and_tools/mgktools/mgktools/kernels/base.py:225: UserWarning: The distribution is specified by [0.1, 30] and step=1, but the range is not divisible by `step`. It will be replaced with [0.1, 29.1].
  self.unique_name: trial.suggest_float(
[I 2026-04-22 15:04:48,683] Trial 32 finished with value: 12.23726411854564 and parameters: {'0:atom_AtomicNumber:kDelta': 0.9, '0:atom_AtomicNumber_list_1:kConv': 1.0, '0:atom_AtomicNumber_list_2:kConv': 0.85, '0:atom_AtomicNumber_list_3:kConv': 0.85, '0:atom_AtomicNumber_list_4:kConv': 0.95, '0:atom_MorganHash:kDelta': 0.75, '0:atom_Ring_count:kDelta': 0.95, '0:atom_RingSize_list:kConv': 0.8, '0:atom_Hcount:kDelta': 0.75, '0:atom_AtomicNumber_count_1:kDelta': 0.8, '0:atom_AtomicNumber_count_2:kDelta': 1.0, '0:atom_Chiral:kDelta': 0.75, '0:bond_Order:kDelta': 0.9, '0:bond_Stereo:kDelta': 0.75, '0:bond_RingStereo:kDelta': 0.75, '0:q:q': 0.43, '1:features_kernel:Matern32': 13.1, '2:features_kernel:Matern32': 20.1, '3:features_kernel:Matern32': 5.1, '4:features_kernel:Matern32': 29.1, '5:features_kernel:Matern32': 17.1, '6:features_kernel:Matern32': 8.1, '7:features_kernel:Matern32': 17.1, '8:features_kernel:Matern32': 2.1, '9:features_kernel:Matern32': 27.1, '10:features_kernel:Matern32': 19.1, '11:features_kernel:Matern32': 22.1, 'alpha': 0.023}. Best is trial 28 with value: 11.973934674052469.
/gpfs_common/share03/ddomlab/sdehgha2/working_space/GP_collab/code_python/training/MGK_and_tools/mgktools/mgktools/kernels/base.py:225: UserWarning: The distribution is specified by [0.1, 30] and step=1, but the range is not divisible by `step`. It will be replaced with [0.1, 29.1].
  self.unique_name: trial.suggest_float(
[I 2026-04-22 15:05:00,903] Trial 33 finished with value: 12.016650369220113 and parameters: {'0:atom_AtomicNumber:kDelta': 0.9, '0:atom_AtomicNumber_list_1:kConv': 1.0, '0:atom_AtomicNumber_list_2:kConv': 0.75, '0:atom_AtomicNumber_list_3:kConv': 0.75, '0:atom_AtomicNumber_list_4:kConv': 0.9, '0:atom_MorganHash:kDelta': 0.75, '0:atom_Ring_count:kDelta': 0.9, '0:atom_RingSize_list:kConv': 0.85, '0:atom_Hcount:kDelta': 0.95, '0:atom_AtomicNumber_count_1:kDelta': 0.85, '0:atom_AtomicNumber_count_2:kDelta': 0.85, '0:atom_Chiral:kDelta': 0.8, '0:bond_Order:kDelta': 0.95, '0:bond_Stereo:kDelta': 0.8, '0:bond_RingStereo:kDelta': 0.8, '0:q:q': 0.49, '1:features_kernel:Matern32': 16.1, '2:features_kernel:Matern32': 10.1, '3:features_kernel:Matern32': 14.1, '4:features_kernel:Matern32': 27.1, '5:features_kernel:Matern32': 9.1, '6:features_kernel:Matern32': 13.1, '7:features_kernel:Matern32': 8.1, '8:features_kernel:Matern32': 8.1, '9:features_kernel:Matern32': 23.1, '10:features_kernel:Matern32': 15.1, '11:features_kernel:Matern32': 27.1, 'alpha': 0.012}. Best is trial 28 with value: 11.973934674052469.
/gpfs_common/share03/ddomlab/sdehgha2/working_space/GP_collab/code_python/training/MGK_and_tools/mgktools/mgktools/kernels/base.py:225: UserWarning: The distribution is specified by [0.1, 30] and step=1, but the range is not divisible by `step`. It will be replaced with [0.1, 29.1].
  self.unique_name: trial.suggest_float(
[I 2026-04-22 15:05:12,859] Trial 34 finished with value: 12.076160874692734 and parameters: {'0:atom_AtomicNumber:kDelta': 0.85, '0:atom_AtomicNumber_list_1:kConv': 0.95, '0:atom_AtomicNumber_list_2:kConv': 0.8, '0:atom_AtomicNumber_list_3:kConv': 0.75, '0:atom_AtomicNumber_list_4:kConv': 0.9, '0:atom_MorganHash:kDelta': 0.8, '0:atom_Ring_count:kDelta': 0.85, '0:atom_RingSize_list:kConv': 0.85, '0:atom_Hcount:kDelta': 0.95, '0:atom_AtomicNumber_count_1:kDelta': 0.9, '0:atom_AtomicNumber_count_2:kDelta': 0.85, '0:atom_Chiral:kDelta': 0.85, '0:bond_Order:kDelta': 0.95, '0:bond_Stereo:kDelta': 0.75, '0:bond_RingStereo:kDelta': 0.75, '0:q:q': 0.5, '1:features_kernel:Matern32': 15.1, '2:features_kernel:Matern32': 9.1, '3:features_kernel:Matern32': 15.1, '4:features_kernel:Matern32': 25.1, '5:features_kernel:Matern32': 9.1, '6:features_kernel:Matern32': 17.1, '7:features_kernel:Matern32': 8.1, '8:features_kernel:Matern32': 19.1, '9:features_kernel:Matern32': 15.1, '10:features_kernel:Matern32': 6.1, '11:features_kernel:Matern32': 26.1, 'alpha': 0.011}. Best is trial 28 with value: 11.973934674052469.
/gpfs_common/share03/ddomlab/sdehgha2/working_space/GP_collab/code_python/training/MGK_and_tools/mgktools/mgktools/kernels/base.py:225: UserWarning: The distribution is specified by [0.1, 30] and step=1, but the range is not divisible by `step`. It will be replaced with [0.1, 29.1].
  self.unique_name: trial.suggest_float(
[I 2026-04-22 15:05:24,783] Trial 35 finished with value: 12.181124675421719 and parameters: {'0:atom_AtomicNumber:kDelta': 0.9, '0:atom_AtomicNumber_list_1:kConv': 1.0, '0:atom_AtomicNumber_list_2:kConv': 0.9, '0:atom_AtomicNumber_list_3:kConv': 0.75, '0:atom_AtomicNumber_list_4:kConv': 0.85, '0:atom_MorganHash:kDelta': 0.75, '0:atom_Ring_count:kDelta': 0.9, '0:atom_RingSize_list:kConv': 0.9, '0:atom_Hcount:kDelta': 0.95, '0:atom_AtomicNumber_count_1:kDelta': 0.85, '0:atom_AtomicNumber_count_2:kDelta': 0.8, '0:atom_Chiral:kDelta': 0.75, '0:bond_Order:kDelta': 0.95, '0:bond_Stereo:kDelta': 0.9, '0:bond_RingStereo:kDelta': 0.85, '0:q:q': 0.48000000000000004, '1:features_kernel:Matern32': 17.1, '2:features_kernel:Matern32': 9.1, '3:features_kernel:Matern32': 9.1, '4:features_kernel:Matern32': 20.1, '5:features_kernel:Matern32': 7.1, '6:features_kernel:Matern32': 13.1, '7:features_kernel:Matern32': 2.1, '8:features_kernel:Matern32': 8.1, '9:features_kernel:Matern32': 18.1, '10:features_kernel:Matern32': 14.1, '11:features_kernel:Matern32': 27.1, 'alpha': 0.012}. Best is trial 28 with value: 11.973934674052469.
/gpfs_common/share03/ddomlab/sdehgha2/working_space/GP_collab/code_python/training/MGK_and_tools/mgktools/mgktools/kernels/base.py:225: UserWarning: The distribution is specified by [0.1, 30] and step=1, but the range is not divisible by `step`. It will be replaced with [0.1, 29.1].
  self.unique_name: trial.suggest_float(
[I 2026-04-22 15:05:35,837] Trial 36 finished with value: 13.504008615155618 and parameters: {'0:atom_AtomicNumber:kDelta': 0.85, '0:atom_AtomicNumber_list_1:kConv': 0.9, '0:atom_AtomicNumber_list_2:kConv': 0.85, '0:atom_AtomicNumber_list_3:kConv': 0.75, '0:atom_AtomicNumber_list_4:kConv': 0.9, '0:atom_MorganHash:kDelta': 0.8, '0:atom_Ring_count:kDelta': 0.9, '0:atom_RingSize_list:kConv': 1.0, '0:atom_Hcount:kDelta': 0.95, '0:atom_AtomicNumber_count_1:kDelta': 0.85, '0:atom_AtomicNumber_count_2:kDelta': 0.85, '0:atom_Chiral:kDelta': 0.8, '0:bond_Order:kDelta': 1.0, '0:bond_Stereo:kDelta': 0.95, '0:bond_RingStereo:kDelta': 0.9, '0:q:q': 0.4, '1:features_kernel:Matern32': 22.1, '2:features_kernel:Matern32': 13.1, '3:features_kernel:Matern32': 5.1, '4:features_kernel:Matern32': 24.1, '5:features_kernel:Matern32': 4.1, '6:features_kernel:Matern32': 18.1, '7:features_kernel:Matern32': 7.1, '8:features_kernel:Matern32': 13.1, '9:features_kernel:Matern32': 23.1, '10:features_kernel:Matern32': 15.1, '11:features_kernel:Matern32': 15.1, 'alpha': 0.04}. Best is trial 28 with value: 11.973934674052469.
/gpfs_common/share03/ddomlab/sdehgha2/working_space/GP_collab/code_python/training/MGK_and_tools/mgktools/mgktools/kernels/base.py:225: UserWarning: The distribution is specified by [0.1, 30] and step=1, but the range is not divisible by `step`. It will be replaced with [0.1, 29.1].
  self.unique_name: trial.suggest_float(
[I 2026-04-22 15:05:49,537] Trial 37 finished with value: 12.274296648196286 and parameters: {'0:atom_AtomicNumber:kDelta': 1.0, '0:atom_AtomicNumber_list_1:kConv': 0.8, '0:atom_AtomicNumber_list_2:kConv': 0.8, '0:atom_AtomicNumber_list_3:kConv': 0.8, '0:atom_AtomicNumber_list_4:kConv': 0.8, '0:atom_MorganHash:kDelta': 0.75, '0:atom_Ring_count:kDelta': 0.9, '0:atom_RingSize_list:kConv': 0.85, '0:atom_Hcount:kDelta': 1.0, '0:atom_AtomicNumber_count_1:kDelta': 0.9, '0:atom_AtomicNumber_count_2:kDelta': 0.85, '0:atom_Chiral:kDelta': 0.75, '0:bond_Order:kDelta': 0.9, '0:bond_Stereo:kDelta': 0.8, '0:bond_RingStereo:kDelta': 0.75, '0:q:q': 0.34, '1:features_kernel:Matern32': 13.1, '2:features_kernel:Matern32': 10.1, '3:features_kernel:Matern32': 14.1, '4:features_kernel:Matern32': 26.1, '5:features_kernel:Matern32': 10.1, '6:features_kernel:Matern32': 10.1, '7:features_kernel:Matern32': 4.1, '8:features_kernel:Matern32': 8.1, '9:features_kernel:Matern32': 20.1, '10:features_kernel:Matern32': 11.1, '11:features_kernel:Matern32': 21.1, 'alpha': 0.079}. Best is trial 28 with value: 11.973934674052469.
/gpfs_common/share03/ddomlab/sdehgha2/working_space/GP_collab/code_python/training/MGK_and_tools/mgktools/mgktools/kernels/base.py:225: UserWarning: The distribution is specified by [0.1, 30] and step=1, but the range is not divisible by `step`. It will be replaced with [0.1, 29.1].
  self.unique_name: trial.suggest_float(
[I 2026-04-22 15:06:03,535] Trial 38 finished with value: 17.808076373493105 and parameters: {'0:atom_AtomicNumber:kDelta': 0.95, '0:atom_AtomicNumber_list_1:kConv': 0.95, '0:atom_AtomicNumber_list_2:kConv': 0.75, '0:atom_AtomicNumber_list_3:kConv': 0.85, '0:atom_AtomicNumber_list_4:kConv': 0.9, '0:atom_MorganHash:kDelta': 0.9, '0:atom_Ring_count:kDelta': 0.85, '0:atom_RingSize_list:kConv': 0.95, '0:atom_Hcount:kDelta': 0.8, '0:atom_AtomicNumber_count_1:kDelta': 0.95, '0:atom_AtomicNumber_count_2:kDelta': 0.9, '0:atom_Chiral:kDelta': 0.85, '0:bond_Order:kDelta': 0.95, '0:bond_Stereo:kDelta': 0.75, '0:bond_RingStereo:kDelta': 0.8, '0:q:q': 0.37, '1:features_kernel:Matern32': 0.1, '2:features_kernel:Matern32': 16.1, '3:features_kernel:Matern32': 21.1, '4:features_kernel:Matern32': 21.1, '5:features_kernel:Matern32': 1.1, '6:features_kernel:Matern32': 4.1, '7:features_kernel:Matern32': 9.1, '8:features_kernel:Matern32': 2.1, '9:features_kernel:Matern32': 18.1, '10:features_kernel:Matern32': 4.1, '11:features_kernel:Matern32': 27.1, 'alpha': 0.062}. Best is trial 28 with value: 11.973934674052469.
/gpfs_common/share03/ddomlab/sdehgha2/working_space/GP_collab/code_python/training/MGK_and_tools/mgktools/mgktools/kernels/base.py:225: UserWarning: The distribution is specified by [0.1, 30] and step=1, but the range is not divisible by `step`. It will be replaced with [0.1, 29.1].
  self.unique_name: trial.suggest_float(
[I 2026-04-22 15:06:18,539] Trial 39 finished with value: 12.016321454662027 and parameters: {'0:atom_AtomicNumber:kDelta': 0.9, '0:atom_AtomicNumber_list_1:kConv': 1.0, '0:atom_AtomicNumber_list_2:kConv': 0.8, '0:atom_AtomicNumber_list_3:kConv': 0.75, '0:atom_AtomicNumber_list_4:kConv': 0.75, '0:atom_MorganHash:kDelta': 0.75, '0:atom_Ring_count:kDelta': 0.8, '0:atom_RingSize_list:kConv': 0.9, '0:atom_Hcount:kDelta': 0.9, '0:atom_AtomicNumber_count_1:kDelta': 0.85, '0:atom_AtomicNumber_count_2:kDelta': 0.8, '0:atom_Chiral:kDelta': 0.8, '0:bond_Order:kDelta': 0.95, '0:bond_Stereo:kDelta': 0.75, '0:bond_RingStereo:kDelta': 0.75, '0:q:q': 0.22, '1:features_kernel:Matern32': 26.1, '2:features_kernel:Matern32': 27.1, '3:features_kernel:Matern32': 12.1, '4:features_kernel:Matern32': 3.1, '5:features_kernel:Matern32': 13.1, '6:features_kernel:Matern32': 6.1, '7:features_kernel:Matern32': 13.1, '8:features_kernel:Matern32': 7.1, '9:features_kernel:Matern32': 11.1, '10:features_kernel:Matern32': 15.1, '11:features_kernel:Matern32': 24.1, 'alpha': 0.024}. Best is trial 28 with value: 11.973934674052469.
/gpfs_common/share03/ddomlab/sdehgha2/working_space/GP_collab/code_python/training/MGK_and_tools/mgktools/mgktools/kernels/base.py:225: UserWarning: The distribution is specified by [0.1, 30] and step=1, but the range is not divisible by `step`. It will be replaced with [0.1, 29.1].
  self.unique_name: trial.suggest_float(
[I 2026-04-22 15:06:33,913] Trial 40 finished with value: 13.36546415121748 and parameters: {'0:atom_AtomicNumber:kDelta': 0.8, '0:atom_AtomicNumber_list_1:kConv': 0.9, '0:atom_AtomicNumber_list_2:kConv': 0.9, '0:atom_AtomicNumber_list_3:kConv': 0.75, '0:atom_AtomicNumber_list_4:kConv': 0.75, '0:atom_MorganHash:kDelta': 0.8, '0:atom_Ring_count:kDelta': 0.8, '0:atom_RingSize_list:kConv': 0.9, '0:atom_Hcount:kDelta': 0.9, '0:atom_AtomicNumber_count_1:kDelta': 0.85, '0:atom_AtomicNumber_count_2:kDelta': 0.8, '0:atom_Chiral:kDelta': 0.85, '0:bond_Order:kDelta': 0.95, '0:bond_Stereo:kDelta': 0.75, '0:bond_RingStereo:kDelta': 0.75, '0:q:q': 0.21000000000000002, '1:features_kernel:Matern32': 29.1, '2:features_kernel:Matern32': 7.1, '3:features_kernel:Matern32': 23.1, '4:features_kernel:Matern32': 6.1, '5:features_kernel:Matern32': 12.1, '6:features_kernel:Matern32': 2.1, '7:features_kernel:Matern32': 6.1, '8:features_kernel:Matern32': 18.1, '9:features_kernel:Matern32': 10.1, '10:features_kernel:Matern32': 16.1, '11:features_kernel:Matern32': 24.1, 'alpha': 0.016}. Best is trial 28 with value: 11.973934674052469.
/gpfs_common/share03/ddomlab/sdehgha2/working_space/GP_collab/code_python/training/MGK_and_tools/mgktools/mgktools/kernels/base.py:225: UserWarning: The distribution is specified by [0.1, 30] and step=1, but the range is not divisible by `step`. It will be replaced with [0.1, 29.1].
  self.unique_name: trial.suggest_float(
[I 2026-04-22 15:06:49,239] Trial 41 finished with value: 12.021823224154607 and parameters: {'0:atom_AtomicNumber:kDelta': 0.9, '0:atom_AtomicNumber_list_1:kConv': 1.0, '0:atom_AtomicNumber_list_2:kConv': 0.8, '0:atom_AtomicNumber_list_3:kConv': 0.75, '0:atom_AtomicNumber_list_4:kConv': 0.75, '0:atom_MorganHash:kDelta': 0.75, '0:atom_Ring_count:kDelta': 0.8, '0:atom_RingSize_list:kConv': 0.9, '0:atom_Hcount:kDelta': 0.95, '0:atom_AtomicNumber_count_1:kDelta': 0.85, '0:atom_AtomicNumber_count_2:kDelta': 0.75, '0:atom_Chiral:kDelta': 0.8, '0:bond_Order:kDelta': 1.0, '0:bond_Stereo:kDelta': 0.75, '0:bond_RingStereo:kDelta': 0.75, '0:q:q': 0.17, '1:features_kernel:Matern32': 27.1, '2:features_kernel:Matern32': 27.1, '3:features_kernel:Matern32': 12.1, '4:features_kernel:Matern32': 0.1, '5:features_kernel:Matern32': 14.1, '6:features_kernel:Matern32': 6.1, '7:features_kernel:Matern32': 13.1, '8:features_kernel:Matern32': 7.1, '9:features_kernel:Matern32': 12.1, '10:features_kernel:Matern32': 14.1, '11:features_kernel:Matern32': 27.1, 'alpha': 0.024}. Best is trial 28 with value: 11.973934674052469.
[I 2026-04-22 15:49:12,404] Using an existing study with name 'optuna-study' instead of creating a new one.
[I 2026-04-22 16:37:37,401] Using an existing study with name 'optuna-study' instead of creating a new one.
[Parallel(n_jobs=8)]: Using backend LokyBackend with 8 concurrent workers.
[Parallel(n_jobs=8)]: Done  34 tasks      | elapsed:   29.1s
[Parallel(n_jobs=8)]: Done 318 out of 318 | elapsed:   29.2s finished
[Parallel(n_jobs=4)]: Using backend LokyBackend with 4 concurrent workers.
[Parallel(n_jobs=4)]: Done  11 out of  11 | elapsed:    2.4s finished
[I 2026-04-22 17:25:40,442] A new study created in RDB with name: optuna-study
/gpfs_common/share03/ddomlab/sdehgha2/working_space/GP_collab/code_python/training/MGK_and_tools/mgktools/mgktools/kernels/base.py:225: UserWarning: The distribution is specified by [0.1, 30] and step=1, but the range is not divisible by `step`. It will be replaced with [0.1, 29.1].
  self.unique_name: trial.suggest_float(
[I 2026-04-22 17:25:50,649] Trial 0 finished with value: 13.762753362575785 and parameters: {'0:atom_AtomicNumber:kDelta': 1.0, '0:atom_AtomicNumber_list_1:kConv': 0.8, '0:atom_AtomicNumber_list_2:kConv': 0.95, '0:atom_AtomicNumber_list_3:kConv': 0.75, '0:atom_AtomicNumber_list_4:kConv': 0.75, '0:atom_MorganHash:kDelta': 0.9, '0:atom_Ring_count:kDelta': 0.9, '0:atom_RingSize_list:kConv': 0.85, '0:atom_Hcount:kDelta': 0.85, '0:atom_AtomicNumber_count_1:kDelta': 0.9, '0:atom_AtomicNumber_count_2:kDelta': 0.85, '0:atom_Chiral:kDelta': 0.95, '0:bond_Order:kDelta': 0.9, '0:bond_Stereo:kDelta': 0.9, '0:bond_RingStereo:kDelta': 0.9, '0:q:q': 0.5, '1:features_kernel:Matern32': 24.1, '2:features_kernel:Matern32': 12.1, '3:features_kernel:Matern32': 26.1, '4:features_kernel:Matern32': 24.1, '5:features_kernel:Matern32': 1.1, '6:features_kernel:Matern32': 21.1, '7:features_kernel:Matern32': 24.1, '8:features_kernel:Matern32': 22.1, '9:features_kernel:Matern32': 21.1, '10:features_kernel:Matern32': 16.1, '11:features_kernel:Matern32': 3.1, 'alpha': 0.096}. Best is trial 0 with value: 13.762753362575785.
/gpfs_common/share03/ddomlab/sdehgha2/working_space/GP_collab/code_python/training/MGK_and_tools/mgktools/mgktools/kernels/base.py:225: UserWarning: The distribution is specified by [0.1, 30] and step=1, but the range is not divisible by `step`. It will be replaced with [0.1, 29.1].
  self.unique_name: trial.suggest_float(
[I 2026-04-22 17:26:02,734] Trial 1 finished with value: 12.700863459667357 and parameters: {'0:atom_AtomicNumber:kDelta': 0.85, '0:atom_AtomicNumber_list_1:kConv': 0.8, '0:atom_AtomicNumber_list_2:kConv': 0.95, '0:atom_AtomicNumber_list_3:kConv': 1.0, '0:atom_AtomicNumber_list_4:kConv': 0.8, '0:atom_MorganHash:kDelta': 0.95, '0:atom_Ring_count:kDelta': 0.9, '0:atom_RingSize_list:kConv': 0.95, '0:atom_Hcount:kDelta': 1.0, '0:atom_AtomicNumber_count_1:kDelta': 0.85, '0:atom_AtomicNumber_count_2:kDelta': 0.8, '0:atom_Chiral:kDelta': 0.85, '0:bond_Order:kDelta': 0.95, '0:bond_Stereo:kDelta': 0.95, '0:bond_RingStereo:kDelta': 0.85, '0:q:q': 0.5, '1:features_kernel:Matern32': 13.1, '2:features_kernel:Matern32': 11.1, '3:features_kernel:Matern32': 21.1, '4:features_kernel:Matern32': 2.1, '5:features_kernel:Matern32': 11.1, '6:features_kernel:Matern32': 23.1, '7:features_kernel:Matern32': 22.1, '8:features_kernel:Matern32': 8.1, '9:features_kernel:Matern32': 5.1, '10:features_kernel:Matern32': 14.1, '11:features_kernel:Matern32': 10.1, 'alpha': 0.074}. Best is trial 1 with value: 12.700863459667357.
/gpfs_common/share03/ddomlab/sdehgha2/working_space/GP_collab/code_python/training/MGK_and_tools/mgktools/mgktools/kernels/base.py:225: UserWarning: The distribution is specified by [0.1, 30] and step=1, but the range is not divisible by `step`. It will be replaced with [0.1, 29.1].
  self.unique_name: trial.suggest_float(
[I 2026-04-22 17:26:17,026] Trial 2 finished with value: 12.592367323066552 and parameters: {'0:atom_AtomicNumber:kDelta': 0.8, '0:atom_AtomicNumber_list_1:kConv': 0.8, '0:atom_AtomicNumber_list_2:kConv': 1.0, '0:atom_AtomicNumber_list_3:kConv': 0.9, '0:atom_AtomicNumber_list_4:kConv': 1.0, '0:atom_MorganHash:kDelta': 1.0, '0:atom_Ring_count:kDelta': 1.0, '0:atom_RingSize_list:kConv': 0.8, '0:atom_Hcount:kDelta': 0.9, '0:atom_AtomicNumber_count_1:kDelta': 0.85, '0:atom_AtomicNumber_count_2:kDelta': 0.85, '0:atom_Chiral:kDelta': 0.95, '0:bond_Order:kDelta': 0.95, '0:bond_Stereo:kDelta': 0.95, '0:bond_RingStereo:kDelta': 0.75, '0:q:q': 0.36000000000000004, '1:features_kernel:Matern32': 1.1, '2:features_kernel:Matern32': 5.1, '3:features_kernel:Matern32': 27.1, '4:features_kernel:Matern32': 12.1, '5:features_kernel:Matern32': 4.1, '6:features_kernel:Matern32': 20.1, '7:features_kernel:Matern32': 4.1, '8:features_kernel:Matern32': 19.1, '9:features_kernel:Matern32': 7.1, '10:features_kernel:Matern32': 1.1, '11:features_kernel:Matern32': 28.1, 'alpha': 0.007}. Best is trial 2 with value: 12.592367323066552.
/gpfs_common/share03/ddomlab/sdehgha2/working_space/GP_collab/code_python/training/MGK_and_tools/mgktools/mgktools/kernels/base.py:225: UserWarning: The distribution is specified by [0.1, 30] and step=1, but the range is not divisible by `step`. It will be replaced with [0.1, 29.1].
  self.unique_name: trial.suggest_float(
[I 2026-04-22 17:26:33,426] Trial 3 finished with value: 13.275905755763679 and parameters: {'0:atom_AtomicNumber:kDelta': 0.9, '0:atom_AtomicNumber_list_1:kConv': 0.85, '0:atom_AtomicNumber_list_2:kConv': 0.9, '0:atom_AtomicNumber_list_3:kConv': 1.0, '0:atom_AtomicNumber_list_4:kConv': 0.9, '0:atom_MorganHash:kDelta': 0.9, '0:atom_Ring_count:kDelta': 0.75, '0:atom_RingSize_list:kConv': 0.95, '0:atom_Hcount:kDelta': 0.8, '0:atom_AtomicNumber_count_1:kDelta': 0.85, '0:atom_AtomicNumber_count_2:kDelta': 0.75, '0:atom_Chiral:kDelta': 0.8, '0:bond_Order:kDelta': 1.0, '0:bond_Stereo:kDelta': 0.9, '0:bond_RingStereo:kDelta': 0.9, '0:q:q': 0.19, '1:features_kernel:Matern32': 24.1, '2:features_kernel:Matern32': 8.1, '3:features_kernel:Matern32': 3.1, '4:features_kernel:Matern32': 16.1, '5:features_kernel:Matern32': 8.1, '6:features_kernel:Matern32': 23.1, '7:features_kernel:Matern32': 5.1, '8:features_kernel:Matern32': 23.1, '9:features_kernel:Matern32': 18.1, '10:features_kernel:Matern32': 1.1, '11:features_kernel:Matern32': 16.1, 'alpha': 0.067}. Best is trial 2 with value: 12.592367323066552.
/gpfs_common/share03/ddomlab/sdehgha2/working_space/GP_collab/code_python/training/MGK_and_tools/mgktools/mgktools/kernels/base.py:225: UserWarning: The distribution is specified by [0.1, 30] and step=1, but the range is not divisible by `step`. It will be replaced with [0.1, 29.1].
  self.unique_name: trial.suggest_float(
[I 2026-04-22 17:26:44,668] Trial 4 finished with value: 13.929500024667243 and parameters: {'0:atom_AtomicNumber:kDelta': 1.0, '0:atom_AtomicNumber_list_1:kConv': 0.95, '0:atom_AtomicNumber_list_2:kConv': 0.95, '0:atom_AtomicNumber_list_3:kConv': 0.85, '0:atom_AtomicNumber_list_4:kConv': 0.75, '0:atom_MorganHash:kDelta': 0.95, '0:atom_Ring_count:kDelta': 0.75, '0:atom_RingSize_list:kConv': 0.9, '0:atom_Hcount:kDelta': 0.9, '0:atom_AtomicNumber_count_1:kDelta': 0.75, '0:atom_AtomicNumber_count_2:kDelta': 0.75, '0:atom_Chiral:kDelta': 0.9, '0:bond_Order:kDelta': 0.85, '0:bond_Stereo:kDelta': 0.8, '0:bond_RingStereo:kDelta': 0.75, '0:q:q': 0.32, '1:features_kernel:Matern32': 3.1, '2:features_kernel:Matern32': 0.1, '3:features_kernel:Matern32': 8.1, '4:features_kernel:Matern32': 9.1, '5:features_kernel:Matern32': 5.1, '6:features_kernel:Matern32': 2.1, '7:features_kernel:Matern32': 23.1, '8:features_kernel:Matern32': 12.1, '9:features_kernel:Matern32': 7.1, '10:features_kernel:Matern32': 15.1, '11:features_kernel:Matern32': 7.1, 'alpha': 0.08600000000000001}. Best is trial 2 with value: 12.592367323066552.
/gpfs_common/share03/ddomlab/sdehgha2/working_space/GP_collab/code_python/training/MGK_and_tools/mgktools/mgktools/kernels/base.py:225: UserWarning: The distribution is specified by [0.1, 30] and step=1, but the range is not divisible by `step`. It will be replaced with [0.1, 29.1].
  self.unique_name: trial.suggest_float(
[I 2026-04-22 17:27:02,208] Trial 5 finished with value: 15.015045852774405 and parameters: {'0:atom_AtomicNumber:kDelta': 0.85, '0:atom_AtomicNumber_list_1:kConv': 0.9, '0:atom_AtomicNumber_list_2:kConv': 1.0, '0:atom_AtomicNumber_list_3:kConv': 0.85, '0:atom_AtomicNumber_list_4:kConv': 0.8, '0:atom_MorganHash:kDelta': 1.0, '0:atom_Ring_count:kDelta': 0.9, '0:atom_RingSize_list:kConv': 1.0, '0:atom_Hcount:kDelta': 1.0, '0:atom_AtomicNumber_count_1:kDelta': 0.95, '0:atom_AtomicNumber_count_2:kDelta': 0.75, '0:atom_Chiral:kDelta': 0.9, '0:bond_Order:kDelta': 0.8, '0:bond_Stereo:kDelta': 0.75, '0:bond_RingStereo:kDelta': 0.85, '0:q:q': 0.11, '1:features_kernel:Matern32': 22.1, '2:features_kernel:Matern32': 28.1, '3:features_kernel:Matern32': 0.1, '4:features_kernel:Matern32': 7.1, '5:features_kernel:Matern32': 7.1, '6:features_kernel:Matern32': 4.1, '7:features_kernel:Matern32': 28.1, '8:features_kernel:Matern32': 7.1, '9:features_kernel:Matern32': 10.1, '10:features_kernel:Matern32': 1.1, '11:features_kernel:Matern32': 7.1, 'alpha': 0.089}. Best is trial 2 with value: 12.592367323066552.
/gpfs_common/share03/ddomlab/sdehgha2/working_space/GP_collab/code_python/training/MGK_and_tools/mgktools/mgktools/kernels/base.py:225: UserWarning: The distribution is specified by [0.1, 30] and step=1, but the range is not divisible by `step`. It will be replaced with [0.1, 29.1].
  self.unique_name: trial.suggest_float(
[I 2026-04-22 17:27:17,571] Trial 6 finished with value: 15.301066404737014 and parameters: {'0:atom_AtomicNumber:kDelta': 1.0, '0:atom_AtomicNumber_list_1:kConv': 0.9, '0:atom_AtomicNumber_list_2:kConv': 0.8, '0:atom_AtomicNumber_list_3:kConv': 0.75, '0:atom_AtomicNumber_list_4:kConv': 1.0, '0:atom_MorganHash:kDelta': 0.75, '0:atom_Ring_count:kDelta': 0.8, '0:atom_RingSize_list:kConv': 0.9, '0:atom_Hcount:kDelta': 0.8, '0:atom_AtomicNumber_count_1:kDelta': 1.0, '0:atom_AtomicNumber_count_2:kDelta': 0.9, '0:atom_Chiral:kDelta': 0.85, '0:bond_Order:kDelta': 1.0, '0:bond_Stereo:kDelta': 1.0, '0:bond_RingStereo:kDelta': 0.8, '0:q:q': 0.01, '1:features_kernel:Matern32': 20.1, '2:features_kernel:Matern32': 8.1, '3:features_kernel:Matern32': 0.1, '4:features_kernel:Matern32': 2.1, '5:features_kernel:Matern32': 12.1, '6:features_kernel:Matern32': 3.1, '7:features_kernel:Matern32': 6.1, '8:features_kernel:Matern32': 22.1, '9:features_kernel:Matern32': 13.1, '10:features_kernel:Matern32': 3.1, '11:features_kernel:Matern32': 6.1, 'alpha': 0.094}. Best is trial 2 with value: 12.592367323066552.
/gpfs_common/share03/ddomlab/sdehgha2/working_space/GP_collab/code_python/training/MGK_and_tools/mgktools/mgktools/kernels/base.py:225: UserWarning: The distribution is specified by [0.1, 30] and step=1, but the range is not divisible by `step`. It will be replaced with [0.1, 29.1].
  self.unique_name: trial.suggest_float(
[I 2026-04-22 17:27:29,753] Trial 7 finished with value: 13.8534054887406 and parameters: {'0:atom_AtomicNumber:kDelta': 0.75, '0:atom_AtomicNumber_list_1:kConv': 0.9, '0:atom_AtomicNumber_list_2:kConv': 0.9, '0:atom_AtomicNumber_list_3:kConv': 0.95, '0:atom_AtomicNumber_list_4:kConv': 0.9, '0:atom_MorganHash:kDelta': 0.95, '0:atom_Ring_count:kDelta': 0.95, '0:atom_RingSize_list:kConv': 0.9, '0:atom_Hcount:kDelta': 0.8, '0:atom_AtomicNumber_count_1:kDelta': 0.95, '0:atom_AtomicNumber_count_2:kDelta': 0.8, '0:atom_Chiral:kDelta': 1.0, '0:bond_Order:kDelta': 0.9, '0:bond_Stereo:kDelta': 0.75, '0:bond_RingStereo:kDelta': 1.0, '0:q:q': 0.24000000000000002, '1:features_kernel:Matern32': 28.1, '2:features_kernel:Matern32': 1.1, '3:features_kernel:Matern32': 3.1, '4:features_kernel:Matern32': 22.1, '5:features_kernel:Matern32': 1.1, '6:features_kernel:Matern32': 13.1, '7:features_kernel:Matern32': 24.1, '8:features_kernel:Matern32': 12.1, '9:features_kernel:Matern32': 5.1, '10:features_kernel:Matern32': 25.1, '11:features_kernel:Matern32': 3.1, 'alpha': 0.029}. Best is trial 2 with value: 12.592367323066552.
/gpfs_common/share03/ddomlab/sdehgha2/working_space/GP_collab/code_python/training/MGK_and_tools/mgktools/mgktools/kernels/base.py:225: UserWarning: The distribution is specified by [0.1, 30] and step=1, but the range is not divisible by `step`. It will be replaced with [0.1, 29.1].
  self.unique_name: trial.suggest_float(
[I 2026-04-22 17:27:48,440] Trial 8 finished with value: 13.225390762360348 and parameters: {'0:atom_AtomicNumber:kDelta': 0.8, '0:atom_AtomicNumber_list_1:kConv': 0.85, '0:atom_AtomicNumber_list_2:kConv': 0.8, '0:atom_AtomicNumber_list_3:kConv': 1.0, '0:atom_AtomicNumber_list_4:kConv': 0.95, '0:atom_MorganHash:kDelta': 0.95, '0:atom_Ring_count:kDelta': 0.75, '0:atom_RingSize_list:kConv': 0.9, '0:atom_Hcount:kDelta': 1.0, '0:atom_AtomicNumber_count_1:kDelta': 1.0, '0:atom_AtomicNumber_count_2:kDelta': 0.9, '0:atom_Chiral:kDelta': 0.8, '0:bond_Order:kDelta': 0.8, '0:bond_Stereo:kDelta': 0.9, '0:bond_RingStereo:kDelta': 0.95, '0:q:q': 0.16, '1:features_kernel:Matern32': 20.1, '2:features_kernel:Matern32': 15.1, '3:features_kernel:Matern32': 24.1, '4:features_kernel:Matern32': 20.1, '5:features_kernel:Matern32': 27.1, '6:features_kernel:Matern32': 3.1, '7:features_kernel:Matern32': 25.1, '8:features_kernel:Matern32': 28.1, '9:features_kernel:Matern32': 17.1, '10:features_kernel:Matern32': 0.1, '11:features_kernel:Matern32': 1.1, 'alpha': 0.042}. Best is trial 2 with value: 12.592367323066552.
/gpfs_common/share03/ddomlab/sdehgha2/working_space/GP_collab/code_python/training/MGK_and_tools/mgktools/mgktools/kernels/base.py:225: UserWarning: The distribution is specified by [0.1, 30] and step=1, but the range is not divisible by `step`. It will be replaced with [0.1, 29.1].
  self.unique_name: trial.suggest_float(
[I 2026-04-22 17:28:09,140] Trial 9 finished with value: 12.733212075960505 and parameters: {'0:atom_AtomicNumber:kDelta': 0.85, '0:atom_AtomicNumber_list_1:kConv': 0.85, '0:atom_AtomicNumber_list_2:kConv': 0.95, '0:atom_AtomicNumber_list_3:kConv': 0.95, '0:atom_AtomicNumber_list_4:kConv': 0.95, '0:atom_MorganHash:kDelta': 0.85, '0:atom_Ring_count:kDelta': 0.9, '0:atom_RingSize_list:kConv': 0.85, '0:atom_Hcount:kDelta': 0.95, '0:atom_AtomicNumber_count_1:kDelta': 0.9, '0:atom_AtomicNumber_count_2:kDelta': 0.9, '0:atom_Chiral:kDelta': 0.85, '0:bond_Order:kDelta': 0.9, '0:bond_Stereo:kDelta': 1.0, '0:bond_RingStereo:kDelta': 0.9, '0:q:q': 0.06999999999999999, '1:features_kernel:Matern32': 2.1, '2:features_kernel:Matern32': 20.1, '3:features_kernel:Matern32': 10.1, '4:features_kernel:Matern32': 9.1, '5:features_kernel:Matern32': 26.1, '6:features_kernel:Matern32': 25.1, '7:features_kernel:Matern32': 24.1, '8:features_kernel:Matern32': 10.1, '9:features_kernel:Matern32': 19.1, '10:features_kernel:Matern32': 17.1, '11:features_kernel:Matern32': 7.1, 'alpha': 0.059000000000000004}. Best is trial 2 with value: 12.592367323066552.
/gpfs_common/share03/ddomlab/sdehgha2/working_space/GP_collab/code_python/training/MGK_and_tools/mgktools/mgktools/kernels/base.py:225: UserWarning: The distribution is specified by [0.1, 30] and step=1, but the range is not divisible by `step`. It will be replaced with [0.1, 29.1].
  self.unique_name: trial.suggest_float(
[I 2026-04-22 17:28:22,420] Trial 10 finished with value: 12.669803498492733 and parameters: {'0:atom_AtomicNumber:kDelta': 0.75, '0:atom_AtomicNumber_list_1:kConv': 0.75, '0:atom_AtomicNumber_list_2:kConv': 0.75, '0:atom_AtomicNumber_list_3:kConv': 0.9, '0:atom_AtomicNumber_list_4:kConv': 1.0, '0:atom_MorganHash:kDelta': 0.8, '0:atom_Ring_count:kDelta': 1.0, '0:atom_RingSize_list:kConv': 0.75, '0:atom_Hcount:kDelta': 0.9, '0:atom_AtomicNumber_count_1:kDelta': 0.75, '0:atom_AtomicNumber_count_2:kDelta': 1.0, '0:atom_Chiral:kDelta': 1.0, '0:bond_Order:kDelta': 0.75, '0:bond_Stereo:kDelta': 0.85, '0:bond_RingStereo:kDelta': 0.75, '0:q:q': 0.36000000000000004, '1:features_kernel:Matern32': 9.1, '2:features_kernel:Matern32': 5.1, '3:features_kernel:Matern32': 18.1, '4:features_kernel:Matern32': 15.1, '5:features_kernel:Matern32': 21.1, '6:features_kernel:Matern32': 15.1, '7:features_kernel:Matern32': 0.1, '8:features_kernel:Matern32': 0.1, '9:features_kernel:Matern32': 28.1, '10:features_kernel:Matern32': 8.1, '11:features_kernel:Matern32': 29.1, 'alpha': 0.007}. Best is trial 2 with value: 12.592367323066552.
/gpfs_common/share03/ddomlab/sdehgha2/working_space/GP_collab/code_python/training/MGK_and_tools/mgktools/mgktools/kernels/base.py:225: UserWarning: The distribution is specified by [0.1, 30] and step=1, but the range is not divisible by `step`. It will be replaced with [0.1, 29.1].
  self.unique_name: trial.suggest_float(
[I 2026-04-22 17:28:35,689] Trial 11 finished with value: 13.032265950870977 and parameters: {'0:atom_AtomicNumber:kDelta': 0.75, '0:atom_AtomicNumber_list_1:kConv': 0.75, '0:atom_AtomicNumber_list_2:kConv': 0.75, '0:atom_AtomicNumber_list_3:kConv': 0.9, '0:atom_AtomicNumber_list_4:kConv': 1.0, '0:atom_MorganHash:kDelta': 0.8, '0:atom_Ring_count:kDelta': 1.0, '0:atom_RingSize_list:kConv': 0.75, '0:atom_Hcount:kDelta': 0.9, '0:atom_AtomicNumber_count_1:kDelta': 0.75, '0:atom_AtomicNumber_count_2:kDelta': 1.0, '0:atom_Chiral:kDelta': 1.0, '0:bond_Order:kDelta': 0.75, '0:bond_Stereo:kDelta': 0.85, '0:bond_RingStereo:kDelta': 0.75, '0:q:q': 0.36000000000000004, '1:features_kernel:Matern32': 9.1, '2:features_kernel:Matern32': 3.1, '3:features_kernel:Matern32': 18.1, '4:features_kernel:Matern32': 15.1, '5:features_kernel:Matern32': 19.1, '6:features_kernel:Matern32': 15.1, '7:features_kernel:Matern32': 0.1, '8:features_kernel:Matern32': 0.1, '9:features_kernel:Matern32': 29.1, '10:features_kernel:Matern32': 7.1, '11:features_kernel:Matern32': 29.1, 'alpha': 0.001}. Best is trial 2 with value: 12.592367323066552.
/gpfs_common/share03/ddomlab/sdehgha2/working_space/GP_collab/code_python/training/MGK_and_tools/mgktools/mgktools/kernels/base.py:225: UserWarning: The distribution is specified by [0.1, 30] and step=1, but the range is not divisible by `step`. It will be replaced with [0.1, 29.1].
  self.unique_name: trial.suggest_float(
[I 2026-04-22 17:28:48,256] Trial 12 finished with value: 12.550930391443295 and parameters: {'0:atom_AtomicNumber:kDelta': 0.8, '0:atom_AtomicNumber_list_1:kConv': 0.75, '0:atom_AtomicNumber_list_2:kConv': 0.85, '0:atom_AtomicNumber_list_3:kConv': 0.9, '0:atom_AtomicNumber_list_4:kConv': 1.0, '0:atom_MorganHash:kDelta': 0.8, '0:atom_Ring_count:kDelta': 1.0, '0:atom_RingSize_list:kConv': 0.75, '0:atom_Hcount:kDelta': 0.85, '0:atom_AtomicNumber_count_1:kDelta': 0.8, '0:atom_AtomicNumber_count_2:kDelta': 1.0, '0:atom_Chiral:kDelta': 0.95, '0:bond_Order:kDelta': 0.75, '0:bond_Stereo:kDelta': 0.85, '0:bond_RingStereo:kDelta': 0.8, '0:q:q': 0.39, '1:features_kernel:Matern32': 7.1, '2:features_kernel:Matern32': 5.1, '3:features_kernel:Matern32': 29.1, '4:features_kernel:Matern32': 13.1, '5:features_kernel:Matern32': 20.1, '6:features_kernel:Matern32': 15.1, '7:features_kernel:Matern32': 12.1, '8:features_kernel:Matern32': 0.1, '9:features_kernel:Matern32': 0.1, '10:features_kernel:Matern32': 9.1, '11:features_kernel:Matern32': 29.1, 'alpha': 0.004}. Best is trial 12 with value: 12.550930391443295.
/gpfs_common/share03/ddomlab/sdehgha2/working_space/GP_collab/code_python/training/MGK_and_tools/mgktools/mgktools/kernels/base.py:225: UserWarning: The distribution is specified by [0.1, 30] and step=1, but the range is not divisible by `step`. It will be replaced with [0.1, 29.1].
  self.unique_name: trial.suggest_float(
[I 2026-04-22 17:28:58,764] Trial 13 finished with value: 12.534003001225352 and parameters: {'0:atom_AtomicNumber:kDelta': 0.8, '0:atom_AtomicNumber_list_1:kConv': 0.8, '0:atom_AtomicNumber_list_2:kConv': 0.85, '0:atom_AtomicNumber_list_3:kConv': 0.8, '0:atom_AtomicNumber_list_4:kConv': 0.95, '0:atom_MorganHash:kDelta': 0.75, '0:atom_Ring_count:kDelta': 1.0, '0:atom_RingSize_list:kConv': 0.8, '0:atom_Hcount:kDelta': 0.75, '0:atom_AtomicNumber_count_1:kDelta': 0.8, '0:atom_AtomicNumber_count_2:kDelta': 0.95, '0:atom_Chiral:kDelta': 0.95, '0:bond_Order:kDelta': 0.95, '0:bond_Stereo:kDelta': 0.95, '0:bond_RingStereo:kDelta': 0.8, '0:q:q': 0.42000000000000004, '1:features_kernel:Matern32': 0.1, '2:features_kernel:Matern32': 17.1, '3:features_kernel:Matern32': 29.1, '4:features_kernel:Matern32': 29.1, '5:features_kernel:Matern32': 17.1, '6:features_kernel:Matern32': 29.1, '7:features_kernel:Matern32': 13.1, '8:features_kernel:Matern32': 17.1, '9:features_kernel:Matern32': 0.1, '10:features_kernel:Matern32': 8.1, '11:features_kernel:Matern32': 23.1, 'alpha': 0.018000000000000002}. Best is trial 13 with value: 12.534003001225352.
/gpfs_common/share03/ddomlab/sdehgha2/working_space/GP_collab/code_python/training/MGK_and_tools/mgktools/mgktools/kernels/base.py:225: UserWarning: The distribution is specified by [0.1, 30] and step=1, but the range is not divisible by `step`. It will be replaced with [0.1, 29.1].
  self.unique_name: trial.suggest_float(
[I 2026-04-22 17:29:08,598] Trial 14 finished with value: 12.609654686077734 and parameters: {'0:atom_AtomicNumber:kDelta': 0.9, '0:atom_AtomicNumber_list_1:kConv': 0.75, '0:atom_AtomicNumber_list_2:kConv': 0.85, '0:atom_AtomicNumber_list_3:kConv': 0.8, '0:atom_AtomicNumber_list_4:kConv': 0.95, '0:atom_MorganHash:kDelta': 0.75, '0:atom_Ring_count:kDelta': 0.95, '0:atom_RingSize_list:kConv': 0.8, '0:atom_Hcount:kDelta': 0.75, '0:atom_AtomicNumber_count_1:kDelta': 0.8, '0:atom_AtomicNumber_count_2:kDelta': 0.95, '0:atom_Chiral:kDelta': 0.95, '0:bond_Order:kDelta': 0.85, '0:bond_Stereo:kDelta': 0.95, '0:bond_RingStereo:kDelta': 0.8, '0:q:q': 0.44, '1:features_kernel:Matern32': 6.1, '2:features_kernel:Matern32': 19.1, '3:features_kernel:Matern32': 29.1, '4:features_kernel:Matern32': 29.1, '5:features_kernel:Matern32': 18.1, '6:features_kernel:Matern32': 28.1, '7:features_kernel:Matern32': 14.1, '8:features_kernel:Matern32': 17.1, '9:features_kernel:Matern32': 0.1, '10:features_kernel:Matern32': 9.1, '11:features_kernel:Matern32': 23.1, 'alpha': 0.026000000000000002}. Best is trial 13 with value: 12.534003001225352.
/gpfs_common/share03/ddomlab/sdehgha2/working_space/GP_collab/code_python/training/MGK_and_tools/mgktools/mgktools/kernels/base.py:225: UserWarning: The distribution is specified by [0.1, 30] and step=1, but the range is not divisible by `step`. It will be replaced with [0.1, 29.1].
  self.unique_name: trial.suggest_float(
[I 2026-04-22 17:29:19,052] Trial 15 finished with value: 12.526802640672248 and parameters: {'0:atom_AtomicNumber:kDelta': 0.8, '0:atom_AtomicNumber_list_1:kConv': 1.0, '0:atom_AtomicNumber_list_2:kConv': 0.85, '0:atom_AtomicNumber_list_3:kConv': 0.8, '0:atom_AtomicNumber_list_4:kConv': 0.85, '0:atom_MorganHash:kDelta': 0.8, '0:atom_Ring_count:kDelta': 0.95, '0:atom_RingSize_list:kConv': 0.8, '0:atom_Hcount:kDelta': 0.75, '0:atom_AtomicNumber_count_1:kDelta': 0.8, '0:atom_AtomicNumber_count_2:kDelta': 0.95, '0:atom_Chiral:kDelta': 0.75, '0:bond_Order:kDelta': 0.95, '0:bond_Stereo:kDelta': 0.8, '0:bond_RingStereo:kDelta': 0.8, '0:q:q': 0.42000000000000004, '1:features_kernel:Matern32': 14.1, '2:features_kernel:Matern32': 23.1, '3:features_kernel:Matern32': 23.1, '4:features_kernel:Matern32': 29.1, '5:features_kernel:Matern32': 23.1, '6:features_kernel:Matern32': 10.1, '7:features_kernel:Matern32': 14.1, '8:features_kernel:Matern32': 4.1, '9:features_kernel:Matern32': 1.1, '10:features_kernel:Matern32': 11.1, '11:features_kernel:Matern32': 23.1, 'alpha': 0.023}. Best is trial 15 with value: 12.526802640672248.
/gpfs_common/share03/ddomlab/sdehgha2/working_space/GP_collab/code_python/training/MGK_and_tools/mgktools/mgktools/kernels/base.py:225: UserWarning: The distribution is specified by [0.1, 30] and step=1, but the range is not divisible by `step`. It will be replaced with [0.1, 29.1].
  self.unique_name: trial.suggest_float(
[I 2026-04-22 17:29:30,458] Trial 16 finished with value: 12.574396653521532 and parameters: {'0:atom_AtomicNumber:kDelta': 0.8, '0:atom_AtomicNumber_list_1:kConv': 1.0, '0:atom_AtomicNumber_list_2:kConv': 0.8, '0:atom_AtomicNumber_list_3:kConv': 0.8, '0:atom_AtomicNumber_list_4:kConv': 0.85, '0:atom_MorganHash:kDelta': 0.75, '0:atom_Ring_count:kDelta': 0.95, '0:atom_RingSize_list:kConv': 0.8, '0:atom_Hcount:kDelta': 0.75, '0:atom_AtomicNumber_count_1:kDelta': 0.8, '0:atom_AtomicNumber_count_2:kDelta': 0.95, '0:atom_Chiral:kDelta': 0.75, '0:bond_Order:kDelta': 0.95, '0:bond_Stereo:kDelta': 0.8, '0:bond_RingStereo:kDelta': 0.8, '0:q:q': 0.29000000000000004, '1:features_kernel:Matern32': 13.1, '2:features_kernel:Matern32': 25.1, '3:features_kernel:Matern32': 22.1, '4:features_kernel:Matern32': 29.1, '5:features_kernel:Matern32': 24.1, '6:features_kernel:Matern32': 8.1, '7:features_kernel:Matern32': 18.1, '8:features_kernel:Matern32': 5.1, '9:features_kernel:Matern32': 2.1, '10:features_kernel:Matern32': 21.1, '11:features_kernel:Matern32': 20.1, 'alpha': 0.024}. Best is trial 15 with value: 12.526802640672248.
/gpfs_common/share03/ddomlab/sdehgha2/working_space/GP_collab/code_python/training/MGK_and_tools/mgktools/mgktools/kernels/base.py:225: UserWarning: The distribution is specified by [0.1, 30] and step=1, but the range is not divisible by `step`. It will be replaced with [0.1, 29.1].
  self.unique_name: trial.suggest_float(
[I 2026-04-22 17:29:42,402] Trial 17 finished with value: 12.519767378252808 and parameters: {'0:atom_AtomicNumber:kDelta': 0.95, '0:atom_AtomicNumber_list_1:kConv': 1.0, '0:atom_AtomicNumber_list_2:kConv': 0.85, '0:atom_AtomicNumber_list_3:kConv': 0.8, '0:atom_AtomicNumber_list_4:kConv': 0.85, '0:atom_MorganHash:kDelta': 0.85, '0:atom_Ring_count:kDelta': 0.85, '0:atom_RingSize_list:kConv': 0.8, '0:atom_Hcount:kDelta': 0.75, '0:atom_AtomicNumber_count_1:kDelta': 0.8, '0:atom_AtomicNumber_count_2:kDelta': 0.95, '0:atom_Chiral:kDelta': 0.75, '0:bond_Order:kDelta': 1.0, '0:bond_Stereo:kDelta': 0.8, '0:bond_RingStereo:kDelta': 0.85, '0:q:q': 0.43, '1:features_kernel:Matern32': 16.1, '2:features_kernel:Matern32': 23.1, '3:features_kernel:Matern32': 15.1, '4:features_kernel:Matern32': 27.1, '5:features_kernel:Matern32': 15.1, '6:features_kernel:Matern32': 9.1, '7:features_kernel:Matern32': 10.1, '8:features_kernel:Matern32': 15.1, '9:features_kernel:Matern32': 12.1, '10:features_kernel:Matern32': 12.1, '11:features_kernel:Matern32': 24.1, 'alpha': 0.043000000000000003}. Best is trial 17 with value: 12.519767378252808.
/gpfs_common/share03/ddomlab/sdehgha2/working_space/GP_collab/code_python/training/MGK_and_tools/mgktools/mgktools/kernels/base.py:225: UserWarning: The distribution is specified by [0.1, 30] and step=1, but the range is not divisible by `step`. It will be replaced with [0.1, 29.1].
  self.unique_name: trial.suggest_float(
[I 2026-04-22 17:29:52,322] Trial 18 finished with value: 12.55504084224616 and parameters: {'0:atom_AtomicNumber:kDelta': 0.95, '0:atom_AtomicNumber_list_1:kConv': 1.0, '0:atom_AtomicNumber_list_2:kConv': 0.9, '0:atom_AtomicNumber_list_3:kConv': 0.75, '0:atom_AtomicNumber_list_4:kConv': 0.85, '0:atom_MorganHash:kDelta': 0.85, '0:atom_Ring_count:kDelta': 0.85, '0:atom_RingSize_list:kConv': 0.85, '0:atom_Hcount:kDelta': 0.8, '0:atom_AtomicNumber_count_1:kDelta': 0.8, '0:atom_AtomicNumber_count_2:kDelta': 0.95, '0:atom_Chiral:kDelta': 0.75, '0:bond_Order:kDelta': 1.0, '0:bond_Stereo:kDelta': 0.8, '0:bond_RingStereo:kDelta': 0.85, '0:q:q': 0.46, '1:features_kernel:Matern32': 17.1, '2:features_kernel:Matern32': 22.1, '3:features_kernel:Matern32': 14.1, '4:features_kernel:Matern32': 25.1, '5:features_kernel:Matern32': 29.1, '6:features_kernel:Matern32': 9.1, '7:features_kernel:Matern32': 9.1, '8:features_kernel:Matern32': 14.1, '9:features_kernel:Matern32': 24.1, '10:features_kernel:Matern32': 12.1, '11:features_kernel:Matern32': 16.1, 'alpha': 0.044000000000000004}. Best is trial 17 with value: 12.519767378252808.
/gpfs_common/share03/ddomlab/sdehgha2/working_space/GP_collab/code_python/training/MGK_and_tools/mgktools/mgktools/kernels/base.py:225: UserWarning: The distribution is specified by [0.1, 30] and step=1, but the range is not divisible by `step`. It will be replaced with [0.1, 29.1].
  self.unique_name: trial.suggest_float(
[I 2026-04-22 17:30:04,029] Trial 19 finished with value: 12.499935627346334 and parameters: {'0:atom_AtomicNumber:kDelta': 0.95, '0:atom_AtomicNumber_list_1:kConv': 0.95, '0:atom_AtomicNumber_list_2:kConv': 0.8, '0:atom_AtomicNumber_list_3:kConv': 0.8, '0:atom_AtomicNumber_list_4:kConv': 0.8, '0:atom_MorganHash:kDelta': 0.85, '0:atom_Ring_count:kDelta': 0.85, '0:atom_RingSize_list:kConv': 0.8, '0:atom_Hcount:kDelta': 0.75, '0:atom_AtomicNumber_count_1:kDelta': 0.75, '0:atom_AtomicNumber_count_2:kDelta': 0.95, '0:atom_Chiral:kDelta': 0.8, '0:bond_Order:kDelta': 1.0, '0:bond_Stereo:kDelta': 0.75, '0:bond_RingStereo:kDelta': 0.95, '0:q:q': 0.26, '1:features_kernel:Matern32': 16.1, '2:features_kernel:Matern32': 28.1, '3:features_kernel:Matern32': 14.1, '4:features_kernel:Matern32': 19.1, '5:features_kernel:Matern32': 14.1, '6:features_kernel:Matern32': 8.1, '7:features_kernel:Matern32': 18.1, '8:features_kernel:Matern32': 3.1, '9:features_kernel:Matern32': 13.1, '10:features_kernel:Matern32': 20.1, '11:features_kernel:Matern32': 23.1, 'alpha': 0.036000000000000004}. Best is trial 19 with value: 12.499935627346334.
/gpfs_common/share03/ddomlab/sdehgha2/working_space/GP_collab/code_python/training/MGK_and_tools/mgktools/mgktools/kernels/base.py:225: UserWarning: The distribution is specified by [0.1, 30] and step=1, but the range is not divisible by `step`. It will be replaced with [0.1, 29.1].
  self.unique_name: trial.suggest_float(
[I 2026-04-22 17:30:16,305] Trial 20 finished with value: 12.613687393071384 and parameters: {'0:atom_AtomicNumber:kDelta': 0.95, '0:atom_AtomicNumber_list_1:kConv': 0.95, '0:atom_AtomicNumber_list_2:kConv': 0.8, '0:atom_AtomicNumber_list_3:kConv': 0.85, '0:atom_AtomicNumber_list_4:kConv': 0.8, '0:atom_MorganHash:kDelta': 0.85, '0:atom_Ring_count:kDelta': 0.85, '0:atom_RingSize_list:kConv': 0.75, '0:atom_Hcount:kDelta': 0.85, '0:atom_AtomicNumber_count_1:kDelta': 0.75, '0:atom_AtomicNumber_count_2:kDelta': 1.0, '0:atom_Chiral:kDelta': 0.8, '0:bond_Order:kDelta': 1.0, '0:bond_Stereo:kDelta': 0.75, '0:bond_RingStereo:kDelta': 1.0, '0:q:q': 0.26, '1:features_kernel:Matern32': 16.1, '2:features_kernel:Matern32': 29.1, '3:features_kernel:Matern32': 12.1, '4:features_kernel:Matern32': 19.1, '5:features_kernel:Matern32': 15.1, '6:features_kernel:Matern32': 6.1, '7:features_kernel:Matern32': 17.1, '8:features_kernel:Matern32': 27.1, '9:features_kernel:Matern32': 14.1, '10:features_kernel:Matern32': 20.1, '11:features_kernel:Matern32': 19.1, 'alpha': 0.038}. Best is trial 19 with value: 12.499935627346334.
/gpfs_common/share03/ddomlab/sdehgha2/working_space/GP_collab/code_python/training/MGK_and_tools/mgktools/mgktools/kernels/base.py:225: UserWarning: The distribution is specified by [0.1, 30] and step=1, but the range is not divisible by `step`. It will be replaced with [0.1, 29.1].
  self.unique_name: trial.suggest_float(
[I 2026-04-22 17:30:27,620] Trial 21 finished with value: 12.51447920861414 and parameters: {'0:atom_AtomicNumber:kDelta': 0.95, '0:atom_AtomicNumber_list_1:kConv': 0.95, '0:atom_AtomicNumber_list_2:kConv': 0.85, '0:atom_AtomicNumber_list_3:kConv': 0.8, '0:atom_AtomicNumber_list_4:kConv': 0.85, '0:atom_MorganHash:kDelta': 0.8, '0:atom_Ring_count:kDelta': 0.8, '0:atom_RingSize_list:kConv': 0.8, '0:atom_Hcount:kDelta': 0.75, '0:atom_AtomicNumber_count_1:kDelta': 0.75, '0:atom_AtomicNumber_count_2:kDelta': 0.95, '0:atom_Chiral:kDelta': 0.75, '0:bond_Order:kDelta': 1.0, '0:bond_Stereo:kDelta': 0.8, '0:bond_RingStereo:kDelta': 0.95, '0:q:q': 0.31, '1:features_kernel:Matern32': 12.1, '2:features_kernel:Matern32': 25.1, '3:features_kernel:Matern32': 17.1, '4:features_kernel:Matern32': 26.1, '5:features_kernel:Matern32': 13.1, '6:features_kernel:Matern32': 11.1, '7:features_kernel:Matern32': 18.1, '8:features_kernel:Matern32': 4.1, '9:features_kernel:Matern32': 12.1, '10:features_kernel:Matern32': 27.1, '11:features_kernel:Matern32': 24.1, 'alpha': 0.056}. Best is trial 19 with value: 12.499935627346334.
/gpfs_common/share03/ddomlab/sdehgha2/working_space/GP_collab/code_python/training/MGK_and_tools/mgktools/mgktools/kernels/base.py:225: UserWarning: The distribution is specified by [0.1, 30] and step=1, but the range is not divisible by `step`. It will be replaced with [0.1, 29.1].
  self.unique_name: trial.suggest_float(
[I 2026-04-22 17:30:39,528] Trial 22 finished with value: 12.511374877664155 and parameters: {'0:atom_AtomicNumber:kDelta': 0.95, '0:atom_AtomicNumber_list_1:kConv': 0.95, '0:atom_AtomicNumber_list_2:kConv': 0.8, '0:atom_AtomicNumber_list_3:kConv': 0.8, '0:atom_AtomicNumber_list_4:kConv': 0.8, '0:atom_MorganHash:kDelta': 0.85, '0:atom_Ring_count:kDelta': 0.8, '0:atom_RingSize_list:kConv': 0.85, '0:atom_Hcount:kDelta': 0.75, '0:atom_AtomicNumber_count_1:kDelta': 0.75, '0:atom_AtomicNumber_count_2:kDelta': 0.9, '0:atom_Chiral:kDelta': 0.75, '0:bond_Order:kDelta': 1.0, '0:bond_Stereo:kDelta': 0.75, '0:bond_RingStereo:kDelta': 0.95, '0:q:q': 0.22, '1:features_kernel:Matern32': 11.1, '2:features_kernel:Matern32': 26.1, '3:features_kernel:Matern32': 17.1, '4:features_kernel:Matern32': 25.1, '5:features_kernel:Matern32': 13.1, '6:features_kernel:Matern32': 12.1, '7:features_kernel:Matern32': 16.1, '8:features_kernel:Matern32': 4.1, '9:features_kernel:Matern32': 11.1, '10:features_kernel:Matern32': 29.1, '11:features_kernel:Matern32': 24.1, 'alpha': 0.053000000000000005}. Best is trial 19 with value: 12.499935627346334.
/gpfs_common/share03/ddomlab/sdehgha2/working_space/GP_collab/code_python/training/MGK_and_tools/mgktools/mgktools/kernels/base.py:225: UserWarning: The distribution is specified by [0.1, 30] and step=1, but the range is not divisible by `step`. It will be replaced with [0.1, 29.1].
  self.unique_name: trial.suggest_float(
[I 2026-04-22 17:30:52,632] Trial 23 finished with value: 12.499898153358556 and parameters: {'0:atom_AtomicNumber:kDelta': 0.95, '0:atom_AtomicNumber_list_1:kConv': 0.95, '0:atom_AtomicNumber_list_2:kConv': 0.75, '0:atom_AtomicNumber_list_3:kConv': 0.75, '0:atom_AtomicNumber_list_4:kConv': 0.8, '0:atom_MorganHash:kDelta': 0.9, '0:atom_Ring_count:kDelta': 0.8, '0:atom_RingSize_list:kConv': 0.85, '0:atom_Hcount:kDelta': 0.8, '0:atom_AtomicNumber_count_1:kDelta': 0.75, '0:atom_AtomicNumber_count_2:kDelta': 0.9, '0:atom_Chiral:kDelta': 0.8, '0:bond_Order:kDelta': 1.0, '0:bond_Stereo:kDelta': 0.75, '0:bond_RingStereo:kDelta': 0.95, '0:q:q': 0.21000000000000002, '1:features_kernel:Matern32': 10.1, '2:features_kernel:Matern32': 26.1, '3:features_kernel:Matern32': 18.1, '4:features_kernel:Matern32': 19.1, '5:features_kernel:Matern32': 11.1, '6:features_kernel:Matern32': 12.1, '7:features_kernel:Matern32': 19.1, '8:features_kernel:Matern32': 3.1, '9:features_kernel:Matern32': 10.1, '10:features_kernel:Matern32': 29.1, '11:features_kernel:Matern32': 26.1, 'alpha': 0.055}. Best is trial 23 with value: 12.499898153358556.
/gpfs_common/share03/ddomlab/sdehgha2/working_space/GP_collab/code_python/training/MGK_and_tools/mgktools/mgktools/kernels/base.py:225: UserWarning: The distribution is specified by [0.1, 30] and step=1, but the range is not divisible by `step`. It will be replaced with [0.1, 29.1].
  self.unique_name: trial.suggest_float(
[I 2026-04-22 17:31:08,370] Trial 24 finished with value: 12.546013932313333 and parameters: {'0:atom_AtomicNumber:kDelta': 0.9, '0:atom_AtomicNumber_list_1:kConv': 0.95, '0:atom_AtomicNumber_list_2:kConv': 0.75, '0:atom_AtomicNumber_list_3:kConv': 0.75, '0:atom_AtomicNumber_list_4:kConv': 0.8, '0:atom_MorganHash:kDelta': 0.9, '0:atom_Ring_count:kDelta': 0.8, '0:atom_RingSize_list:kConv': 0.85, '0:atom_Hcount:kDelta': 0.8, '0:atom_AtomicNumber_count_1:kDelta': 0.75, '0:atom_AtomicNumber_count_2:kDelta': 0.9, '0:atom_Chiral:kDelta': 0.8, '0:bond_Order:kDelta': 0.95, '0:bond_Stereo:kDelta': 0.75, '0:bond_RingStereo:kDelta': 0.95, '0:q:q': 0.2, '1:features_kernel:Matern32': 10.1, '2:features_kernel:Matern32': 27.1, '3:features_kernel:Matern32': 20.1, '4:features_kernel:Matern32': 18.1, '5:features_kernel:Matern32': 9.1, '6:features_kernel:Matern32': 18.1, '7:features_kernel:Matern32': 20.1, '8:features_kernel:Matern32': 3.1, '9:features_kernel:Matern32': 9.1, '10:features_kernel:Matern32': 29.1, '11:features_kernel:Matern32': 20.1, 'alpha': 0.055}. Best is trial 23 with value: 12.499898153358556.
/gpfs_common/share03/ddomlab/sdehgha2/working_space/GP_collab/code_python/training/MGK_and_tools/mgktools/mgktools/kernels/base.py:225: UserWarning: The distribution is specified by [0.1, 30] and step=1, but the range is not divisible by `step`. It will be replaced with [0.1, 29.1].
  self.unique_name: trial.suggest_float(
[I 2026-04-22 17:31:24,582] Trial 25 finished with value: 22.266732474779232 and parameters: {'0:atom_AtomicNumber:kDelta': 0.95, '0:atom_AtomicNumber_list_1:kConv': 0.95, '0:atom_AtomicNumber_list_2:kConv': 0.75, '0:atom_AtomicNumber_list_3:kConv': 0.75, '0:atom_AtomicNumber_list_4:kConv': 0.75, '0:atom_MorganHash:kDelta': 0.9, '0:atom_Ring_count:kDelta': 0.8, '0:atom_RingSize_list:kConv': 0.85, '0:atom_Hcount:kDelta': 0.8, '0:atom_AtomicNumber_count_1:kDelta': 0.75, '0:atom_AtomicNumber_count_2:kDelta': 0.85, '0:atom_Chiral:kDelta': 0.8, '0:bond_Order:kDelta': 1.0, '0:bond_Stereo:kDelta': 0.75, '0:bond_RingStereo:kDelta': 0.95, '0:q:q': 0.15000000000000002, '1:features_kernel:Matern32': 5.1, '2:features_kernel:Matern32': 26.1, '3:features_kernel:Matern32': 14.1, '4:features_kernel:Matern32': 23.1, '5:features_kernel:Matern32': 10.1, '6:features_kernel:Matern32': 0.1, '7:features_kernel:Matern32': 16.1, '8:features_kernel:Matern32': 7.1, '9:features_kernel:Matern32': 16.1, '10:features_kernel:Matern32': 23.1, '11:features_kernel:Matern32': 27.1, 'alpha': 0.066}. Best is trial 23 with value: 12.499898153358556.
/gpfs_common/share03/ddomlab/sdehgha2/working_space/GP_collab/code_python/training/MGK_and_tools/mgktools/mgktools/kernels/base.py:225: UserWarning: The distribution is specified by [0.1, 30] and step=1, but the range is not divisible by `step`. It will be replaced with [0.1, 29.1].
  self.unique_name: trial.suggest_float(
[I 2026-04-22 17:31:39,884] Trial 26 finished with value: 12.513082888736722 and parameters: {'0:atom_AtomicNumber:kDelta': 1.0, '0:atom_AtomicNumber_list_1:kConv': 0.9, '0:atom_AtomicNumber_list_2:kConv': 0.8, '0:atom_AtomicNumber_list_3:kConv': 0.85, '0:atom_AtomicNumber_list_4:kConv': 0.8, '0:atom_MorganHash:kDelta': 0.85, '0:atom_Ring_count:kDelta': 0.85, '0:atom_RingSize_list:kConv': 0.85, '0:atom_Hcount:kDelta': 0.75, '0:atom_AtomicNumber_count_1:kDelta': 0.75, '0:atom_AtomicNumber_count_2:kDelta': 0.9, '0:atom_Chiral:kDelta': 0.8, '0:bond_Order:kDelta': 0.95, '0:bond_Stereo:kDelta': 0.75, '0:bond_RingStereo:kDelta': 1.0, '0:q:q': 0.23, '1:features_kernel:Matern32': 18.1, '2:features_kernel:Matern32': 29.1, '3:features_kernel:Matern32': 8.1, '4:features_kernel:Matern32': 22.1, '5:features_kernel:Matern32': 14.1, '6:features_kernel:Matern32': 12.1, '7:features_kernel:Matern32': 20.1, '8:features_kernel:Matern32': 2.1, '9:features_kernel:Matern32': 10.1, '10:features_kernel:Matern32': 29.1, '11:features_kernel:Matern32': 13.1, 'alpha': 0.034}. Best is trial 23 with value: 12.499898153358556.
/gpfs_common/share03/ddomlab/sdehgha2/working_space/GP_collab/code_python/training/MGK_and_tools/mgktools/mgktools/kernels/base.py:225: UserWarning: The distribution is specified by [0.1, 30] and step=1, but the range is not divisible by `step`. It will be replaced with [0.1, 29.1].
  self.unique_name: trial.suggest_float(
[I 2026-04-22 17:31:51,947] Trial 27 finished with value: 12.625143858101872 and parameters: {'0:atom_AtomicNumber:kDelta': 0.9, '0:atom_AtomicNumber_list_1:kConv': 0.95, '0:atom_AtomicNumber_list_2:kConv': 0.75, '0:atom_AtomicNumber_list_3:kConv': 0.75, '0:atom_AtomicNumber_list_4:kConv': 0.75, '0:atom_MorganHash:kDelta': 0.9, '0:atom_Ring_count:kDelta': 0.8, '0:atom_RingSize_list:kConv': 0.95, '0:atom_Hcount:kDelta': 0.8, '0:atom_AtomicNumber_count_1:kDelta': 0.85, '0:atom_AtomicNumber_count_2:kDelta': 0.85, '0:atom_Chiral:kDelta': 0.85, '0:bond_Order:kDelta': 1.0, '0:bond_Stereo:kDelta': 0.75, '0:bond_RingStereo:kDelta': 0.95, '0:q:q': 0.2, '1:features_kernel:Matern32': 11.1, '2:features_kernel:Matern32': 21.1, '3:features_kernel:Matern32': 16.1, '4:features_kernel:Matern32': 20.1, '5:features_kernel:Matern32': 17.1, '6:features_kernel:Matern32': 6.1, '7:features_kernel:Matern32': 20.1, '8:features_kernel:Matern32': 9.1, '9:features_kernel:Matern32': 15.1, '10:features_kernel:Matern32': 25.1, '11:features_kernel:Matern32': 25.1, 'alpha': 0.049}. Best is trial 23 with value: 12.499898153358556.
/gpfs_common/share03/ddomlab/sdehgha2/working_space/GP_collab/code_python/training/MGK_and_tools/mgktools/mgktools/kernels/base.py:225: UserWarning: The distribution is specified by [0.1, 30] and step=1, but the range is not divisible by `step`. It will be replaced with [0.1, 29.1].
  self.unique_name: trial.suggest_float(
[I 2026-04-22 17:32:03,664] Trial 28 finished with value: 12.672610335371418 and parameters: {'0:atom_AtomicNumber:kDelta': 0.95, '0:atom_AtomicNumber_list_1:kConv': 1.0, '0:atom_AtomicNumber_list_2:kConv': 0.8, '0:atom_AtomicNumber_list_3:kConv': 0.8, '0:atom_AtomicNumber_list_4:kConv': 0.8, '0:atom_MorganHash:kDelta': 0.85, '0:atom_Ring_count:kDelta': 0.8, '0:atom_RingSize_list:kConv': 0.85, '0:atom_Hcount:kDelta': 0.85, '0:atom_AtomicNumber_count_1:kDelta': 0.75, '0:atom_AtomicNumber_count_2:kDelta': 0.9, '0:atom_Chiral:kDelta': 0.75, '0:bond_Order:kDelta': 0.9, '0:bond_Stereo:kDelta': 0.8, '0:bond_RingStereo:kDelta': 1.0, '0:q:q': 0.26, '1:features_kernel:Matern32': 7.1, '2:features_kernel:Matern32': 18.1, '3:features_kernel:Matern32': 12.1, '4:features_kernel:Matern32': 17.1, '5:features_kernel:Matern32': 6.1, '6:features_kernel:Matern32': 6.1, '7:features_kernel:Matern32': 29.1, '8:features_kernel:Matern32': 6.1, '9:features_kernel:Matern32': 21.1, '10:features_kernel:Matern32': 20.1, '11:features_kernel:Matern32': 26.1, 'alpha': 0.074}. Best is trial 23 with value: 12.499898153358556.
/gpfs_common/share03/ddomlab/sdehgha2/working_space/GP_collab/code_python/training/MGK_and_tools/mgktools/mgktools/kernels/base.py:225: UserWarning: The distribution is specified by [0.1, 30] and step=1, but the range is not divisible by `step`. It will be replaced with [0.1, 29.1].
  self.unique_name: trial.suggest_float(
[I 2026-04-22 17:32:17,065] Trial 29 finished with value: 12.99423172164831 and parameters: {'0:atom_AtomicNumber:kDelta': 1.0, '0:atom_AtomicNumber_list_1:kConv': 0.9, '0:atom_AtomicNumber_list_2:kConv': 0.75, '0:atom_AtomicNumber_list_3:kConv': 0.75, '0:atom_AtomicNumber_list_4:kConv': 0.75, '0:atom_MorganHash:kDelta': 0.9, '0:atom_Ring_count:kDelta': 0.85, '0:atom_RingSize_list:kConv': 0.85, '0:atom_Hcount:kDelta': 0.85, '0:atom_AtomicNumber_count_1:kDelta': 0.9, '0:atom_AtomicNumber_count_2:kDelta': 0.8, '0:atom_Chiral:kDelta': 0.8, '0:bond_Order:kDelta': 1.0, '0:bond_Stereo:kDelta': 0.85, '0:bond_RingStereo:kDelta': 0.9, '0:q:q': 0.11, '1:features_kernel:Matern32': 14.1, '2:features_kernel:Matern32': 24.1, '3:features_kernel:Matern32': 20.1, '4:features_kernel:Matern32': 24.1, '5:features_kernel:Matern32': 2.1, '6:features_kernel:Matern32': 17.1, '7:features_kernel:Matern32': 16.1, '8:features_kernel:Matern32': 2.1, '9:features_kernel:Matern32': 21.1, '10:features_kernel:Matern32': 18.1, '11:features_kernel:Matern32': 21.1, 'alpha': 0.049}. Best is trial 23 with value: 12.499898153358556.
/gpfs_common/share03/ddomlab/sdehgha2/working_space/GP_collab/code_python/training/MGK_and_tools/mgktools/mgktools/kernels/base.py:225: UserWarning: The distribution is specified by [0.1, 30] and step=1, but the range is not divisible by `step`. It will be replaced with [0.1, 29.1].
  self.unique_name: trial.suggest_float(
[I 2026-04-22 17:32:29,866] Trial 30 finished with value: 12.560585548897402 and parameters: {'0:atom_AtomicNumber:kDelta': 0.9, '0:atom_AtomicNumber_list_1:kConv': 0.95, '0:atom_AtomicNumber_list_2:kConv': 0.8, '0:atom_AtomicNumber_list_3:kConv': 0.85, '0:atom_AtomicNumber_list_4:kConv': 0.75, '0:atom_MorganHash:kDelta': 0.85, '0:atom_Ring_count:kDelta': 0.75, '0:atom_RingSize_list:kConv': 0.9, '0:atom_Hcount:kDelta': 0.75, '0:atom_AtomicNumber_count_1:kDelta': 0.8, '0:atom_AtomicNumber_count_2:kDelta': 0.85, '0:atom_Chiral:kDelta': 0.85, '0:bond_Order:kDelta': 0.95, '0:bond_Stereo:kDelta': 0.75, '0:bond_RingStereo:kDelta': 0.95, '0:q:q': 0.16, '1:features_kernel:Matern32': 19.1, '2:features_kernel:Matern32': 27.1, '3:features_kernel:Matern32': 12.1, '4:features_kernel:Matern32': 21.1, '5:features_kernel:Matern32': 11.1, '6:features_kernel:Matern32': 13.1, '7:features_kernel:Matern32': 11.1, '8:features_kernel:Matern32': 11.1, '9:features_kernel:Matern32': 7.1, '10:features_kernel:Matern32': 26.1, '11:features_kernel:Matern32': 18.1, 'alpha': 0.062}. Best is trial 23 with value: 12.499898153358556.
/gpfs_common/share03/ddomlab/sdehgha2/working_space/GP_collab/code_python/training/MGK_and_tools/mgktools/mgktools/kernels/base.py:225: UserWarning: The distribution is specified by [0.1, 30] and step=1, but the range is not divisible by `step`. It will be replaced with [0.1, 29.1].
  self.unique_name: trial.suggest_float(
[I 2026-04-22 17:32:42,029] Trial 31 finished with value: 12.554179776576035 and parameters: {'0:atom_AtomicNumber:kDelta': 1.0, '0:atom_AtomicNumber_list_1:kConv': 0.9, '0:atom_AtomicNumber_list_2:kConv': 0.8, '0:atom_AtomicNumber_list_3:kConv': 0.85, '0:atom_AtomicNumber_list_4:kConv': 0.8, '0:atom_MorganHash:kDelta': 0.85, '0:atom_Ring_count:kDelta': 0.85, '0:atom_RingSize_list:kConv': 0.85, '0:atom_Hcount:kDelta': 0.75, '0:atom_AtomicNumber_count_1:kDelta': 0.75, '0:atom_AtomicNumber_count_2:kDelta': 0.9, '0:atom_Chiral:kDelta': 0.8, '0:bond_Order:kDelta': 0.95, '0:bond_Stereo:kDelta': 0.75, '0:bond_RingStereo:kDelta': 1.0, '0:q:q': 0.22, '1:features_kernel:Matern32': 18.1, '2:features_kernel:Matern32': 29.1, '3:features_kernel:Matern32': 7.1, '4:features_kernel:Matern32': 22.1, '5:features_kernel:Matern32': 13.1, '6:features_kernel:Matern32': 11.1, '7:features_kernel:Matern32': 21.1, '8:features_kernel:Matern32': 2.1, '9:features_kernel:Matern32': 10.1, '10:features_kernel:Matern32': 29.1, '11:features_kernel:Matern32': 13.1, 'alpha': 0.035}. Best is trial 23 with value: 12.499898153358556.
/gpfs_common/share03/ddomlab/sdehgha2/working_space/GP_collab/code_python/training/MGK_and_tools/mgktools/mgktools/kernels/base.py:225: UserWarning: The distribution is specified by [0.1, 30] and step=1, but the range is not divisible by `step`. It will be replaced with [0.1, 29.1].
  self.unique_name: trial.suggest_float(
[I 2026-04-22 17:32:53,954] Trial 32 finished with value: 12.547657438228205 and parameters: {'0:atom_AtomicNumber:kDelta': 1.0, '0:atom_AtomicNumber_list_1:kConv': 0.9, '0:atom_AtomicNumber_list_2:kConv': 0.8, '0:atom_AtomicNumber_list_3:kConv': 0.8, '0:atom_AtomicNumber_list_4:kConv': 0.8, '0:atom_MorganHash:kDelta': 0.9, '0:atom_Ring_count:kDelta': 0.85, '0:atom_RingSize_list:kConv': 0.85, '0:atom_Hcount:kDelta': 0.75, '0:atom_AtomicNumber_count_1:kDelta': 0.75, '0:atom_AtomicNumber_count_2:kDelta': 0.9, '0:atom_Chiral:kDelta': 0.8, '0:bond_Order:kDelta': 1.0, '0:bond_Stereo:kDelta': 0.75, '0:bond_RingStereo:kDelta': 1.0, '0:q:q': 0.24000000000000002, '1:features_kernel:Matern32': 23.1, '2:features_kernel:Matern32': 29.1, '3:features_kernel:Matern32': 7.1, '4:features_kernel:Matern32': 18.1, '5:features_kernel:Matern32': 15.1, '6:features_kernel:Matern32': 12.1, '7:features_kernel:Matern32': 19.1, '8:features_kernel:Matern32': 2.1, '9:features_kernel:Matern32': 11.1, '10:features_kernel:Matern32': 28.1, '11:features_kernel:Matern32': 12.1, 'alpha': 0.033}. Best is trial 23 with value: 12.499898153358556.
/gpfs_common/share03/ddomlab/sdehgha2/working_space/GP_collab/code_python/training/MGK_and_tools/mgktools/mgktools/kernels/base.py:225: UserWarning: The distribution is specified by [0.1, 30] and step=1, but the range is not divisible by `step`. It will be replaced with [0.1, 29.1].
  self.unique_name: trial.suggest_float(
[I 2026-04-22 17:33:05,552] Trial 33 finished with value: 12.402751108685134 and parameters: {'0:atom_AtomicNumber:kDelta': 0.95, '0:atom_AtomicNumber_list_1:kConv': 0.95, '0:atom_AtomicNumber_list_2:kConv': 0.75, '0:atom_AtomicNumber_list_3:kConv': 0.85, '0:atom_AtomicNumber_list_4:kConv': 0.8, '0:atom_MorganHash:kDelta': 0.85, '0:atom_Ring_count:kDelta': 0.8, '0:atom_RingSize_list:kConv': 0.8, '0:atom_Hcount:kDelta': 0.8, '0:atom_AtomicNumber_count_1:kDelta': 0.75, '0:atom_AtomicNumber_count_2:kDelta': 0.85, '0:atom_Chiral:kDelta': 0.75, '0:bond_Order:kDelta': 0.95, '0:bond_Stereo:kDelta': 0.75, '0:bond_RingStereo:kDelta': 0.95, '0:q:q': 0.29000000000000004, '1:features_kernel:Matern32': 15.1, '2:features_kernel:Matern32': 26.1, '3:features_kernel:Matern32': 10.1, '4:features_kernel:Matern32': 24.1, '5:features_kernel:Matern32': 13.1, '6:features_kernel:Matern32': 18.1, '7:features_kernel:Matern32': 16.1, '8:features_kernel:Matern32': 5.1, '9:features_kernel:Matern32': 4.1, '10:features_kernel:Matern32': 23.1, '11:features_kernel:Matern32': 16.1, 'alpha': 0.016}. Best is trial 33 with value: 12.402751108685134.
/gpfs_common/share03/ddomlab/sdehgha2/working_space/GP_collab/code_python/training/MGK_and_tools/mgktools/mgktools/kernels/base.py:225: UserWarning: The distribution is specified by [0.1, 30] and step=1, but the range is not divisible by `step`. It will be replaced with [0.1, 29.1].
  self.unique_name: trial.suggest_float(
[I 2026-04-22 17:33:16,841] Trial 34 finished with value: 12.41453341636115 and parameters: {'0:atom_AtomicNumber:kDelta': 0.95, '0:atom_AtomicNumber_list_1:kConv': 0.95, '0:atom_AtomicNumber_list_2:kConv': 0.75, '0:atom_AtomicNumber_list_3:kConv': 0.75, '0:atom_AtomicNumber_list_4:kConv': 0.8, '0:atom_MorganHash:kDelta': 0.9, '0:atom_Ring_count:kDelta': 0.8, '0:atom_RingSize_list:kConv': 0.8, '0:atom_Hcount:kDelta': 0.8, '0:atom_AtomicNumber_count_1:kDelta': 0.8, '0:atom_AtomicNumber_count_2:kDelta': 0.85, '0:atom_Chiral:kDelta': 0.75, '0:bond_Order:kDelta': 1.0, '0:bond_Stereo:kDelta': 0.8, '0:bond_RingStereo:kDelta': 0.9, '0:q:q': 0.3, '1:features_kernel:Matern32': 15.1, '2:features_kernel:Matern32': 26.1, '3:features_kernel:Matern32': 10.1, '4:features_kernel:Matern32': 26.1, '5:features_kernel:Matern32': 10.1, '6:features_kernel:Matern32': 18.1, '7:features_kernel:Matern32': 16.1, '8:features_kernel:Matern32': 8.1, '9:features_kernel:Matern32': 5.1, '10:features_kernel:Matern32': 23.1, '11:features_kernel:Matern32': 17.1, 'alpha': 0.018000000000000002}. Best is trial 33 with value: 12.402751108685134.
/gpfs_common/share03/ddomlab/sdehgha2/working_space/GP_collab/code_python/training/MGK_and_tools/mgktools/mgktools/kernels/base.py:225: UserWarning: The distribution is specified by [0.1, 30] and step=1, but the range is not divisible by `step`. It will be replaced with [0.1, 29.1].
  self.unique_name: trial.suggest_float(
[I 2026-04-22 17:33:28,304] Trial 35 finished with value: 12.436313280824534 and parameters: {'0:atom_AtomicNumber:kDelta': 0.95, '0:atom_AtomicNumber_list_1:kConv': 1.0, '0:atom_AtomicNumber_list_2:kConv': 0.75, '0:atom_AtomicNumber_list_3:kConv': 0.75, '0:atom_AtomicNumber_list_4:kConv': 0.75, '0:atom_MorganHash:kDelta': 0.95, '0:atom_Ring_count:kDelta': 0.75, '0:atom_RingSize_list:kConv': 0.8, '0:atom_Hcount:kDelta': 0.8, '0:atom_AtomicNumber_count_1:kDelta': 0.85, '0:atom_AtomicNumber_count_2:kDelta': 0.85, '0:atom_Chiral:kDelta': 0.75, '0:bond_Order:kDelta': 0.95, '0:bond_Stereo:kDelta': 0.8, '0:bond_RingStereo:kDelta': 0.9, '0:q:q': 0.29000000000000004, '1:features_kernel:Matern32': 15.1, '2:features_kernel:Matern32': 15.1, '3:features_kernel:Matern32': 10.1, '4:features_kernel:Matern32': 27.1, '5:features_kernel:Matern32': 9.1, '6:features_kernel:Matern32': 19.1, '7:features_kernel:Matern32': 8.1, '8:features_kernel:Matern32': 8.1, '9:features_kernel:Matern32': 4.1, '10:features_kernel:Matern32': 23.1, '11:features_kernel:Matern32': 17.1, 'alpha': 0.018000000000000002}. Best is trial 33 with value: 12.402751108685134.
/gpfs_common/share03/ddomlab/sdehgha2/working_space/GP_collab/code_python/training/MGK_and_tools/mgktools/mgktools/kernels/base.py:225: UserWarning: The distribution is specified by [0.1, 30] and step=1, but the range is not divisible by `step`. It will be replaced with [0.1, 29.1].
  self.unique_name: trial.suggest_float(
[I 2026-04-22 17:33:39,837] Trial 36 finished with value: 12.597552121745503 and parameters: {'0:atom_AtomicNumber:kDelta': 0.9, '0:atom_AtomicNumber_list_1:kConv': 1.0, '0:atom_AtomicNumber_list_2:kConv': 0.75, '0:atom_AtomicNumber_list_3:kConv': 0.75, '0:atom_AtomicNumber_list_4:kConv': 0.75, '0:atom_MorganHash:kDelta': 0.95, '0:atom_Ring_count:kDelta': 0.75, '0:atom_RingSize_list:kConv': 0.75, '0:atom_Hcount:kDelta': 0.85, '0:atom_AtomicNumber_count_1:kDelta': 0.85, '0:atom_AtomicNumber_count_2:kDelta': 0.8, '0:atom_Chiral:kDelta': 0.75, '0:bond_Order:kDelta': 0.9, '0:bond_Stereo:kDelta': 0.8, '0:bond_RingStereo:kDelta': 0.9, '0:q:q': 0.3, '1:features_kernel:Matern32': 15.1, '2:features_kernel:Matern32': 12.1, '3:features_kernel:Matern32': 10.1, '4:features_kernel:Matern32': 27.1, '5:features_kernel:Matern32': 4.1, '6:features_kernel:Matern32': 21.1, '7:features_kernel:Matern32': 7.1, '8:features_kernel:Matern32': 8.1, '9:features_kernel:Matern32': 3.1, '10:features_kernel:Matern32': 23.1, '11:features_kernel:Matern32': 16.1, 'alpha': 0.013000000000000001}. Best is trial 33 with value: 12.402751108685134.
/gpfs_common/share03/ddomlab/sdehgha2/working_space/GP_collab/code_python/training/MGK_and_tools/mgktools/mgktools/kernels/base.py:225: UserWarning: The distribution is specified by [0.1, 30] and step=1, but the range is not divisible by `step`. It will be replaced with [0.1, 29.1].
  self.unique_name: trial.suggest_float(
[I 2026-04-22 17:33:52,574] Trial 37 finished with value: 12.752612932402174 and parameters: {'0:atom_AtomicNumber:kDelta': 0.95, '0:atom_AtomicNumber_list_1:kConv': 1.0, '0:atom_AtomicNumber_list_2:kConv': 0.75, '0:atom_AtomicNumber_list_3:kConv': 0.75, '0:atom_AtomicNumber_list_4:kConv': 0.75, '0:atom_MorganHash:kDelta': 1.0, '0:atom_Ring_count:kDelta': 0.75, '0:atom_RingSize_list:kConv': 0.8, '0:atom_Hcount:kDelta': 0.8, '0:atom_AtomicNumber_count_1:kDelta': 0.85, '0:atom_AtomicNumber_count_2:kDelta': 0.85, '0:atom_Chiral:kDelta': 0.75, '0:bond_Order:kDelta': 0.9, '0:bond_Stereo:kDelta': 0.8, '0:bond_RingStereo:kDelta': 0.9, '0:q:q': 0.33, '1:features_kernel:Matern32': 13.1, '2:features_kernel:Matern32': 15.1, '3:features_kernel:Matern32': 5.1, '4:features_kernel:Matern32': 27.1, '5:features_kernel:Matern32': 8.1, '6:features_kernel:Matern32': 19.1, '7:features_kernel:Matern32': 3.1, '8:features_kernel:Matern32': 6.1, '9:features_kernel:Matern32': 4.1, '10:features_kernel:Matern32': 23.1, '11:features_kernel:Matern32': 10.1, 'alpha': 0.016}. Best is trial 33 with value: 12.402751108685134.
/gpfs_common/share03/ddomlab/sdehgha2/working_space/GP_collab/code_python/training/MGK_and_tools/mgktools/mgktools/kernels/base.py:225: UserWarning: The distribution is specified by [0.1, 30] and step=1, but the range is not divisible by `step`. It will be replaced with [0.1, 29.1].
  self.unique_name: trial.suggest_float(
[I 2026-04-22 17:34:06,885] Trial 38 finished with value: 12.417440850962494 and parameters: {'0:atom_AtomicNumber:kDelta': 0.9, '0:atom_AtomicNumber_list_1:kConv': 1.0, '0:atom_AtomicNumber_list_2:kConv': 0.75, '0:atom_AtomicNumber_list_3:kConv': 0.75, '0:atom_AtomicNumber_list_4:kConv': 0.9, '0:atom_MorganHash:kDelta': 0.95, '0:atom_Ring_count:kDelta': 0.75, '0:atom_RingSize_list:kConv': 0.75, '0:atom_Hcount:kDelta': 0.8, '0:atom_AtomicNumber_count_1:kDelta': 0.85, '0:atom_AtomicNumber_count_2:kDelta': 0.85, '0:atom_Chiral:kDelta': 0.75, '0:bond_Order:kDelta': 0.95, '0:bond_Stereo:kDelta': 0.85, '0:bond_RingStereo:kDelta': 0.9, '0:q:q': 0.34, '1:features_kernel:Matern32': 27.1, '2:features_kernel:Matern32': 12.1, '3:features_kernel:Matern32': 9.1, '4:features_kernel:Matern32': 25.1, '5:features_kernel:Matern32': 10.1, '6:features_kernel:Matern32': 21.1, '7:features_kernel:Matern32': 8.1, '8:features_kernel:Matern32': 9.1, '9:features_kernel:Matern32': 5.1, '10:features_kernel:Matern32': 24.1, '11:features_kernel:Matern32': 17.1, 'alpha': 0.012}. Best is trial 33 with value: 12.402751108685134.
/gpfs_common/share03/ddomlab/sdehgha2/working_space/GP_collab/code_python/training/MGK_and_tools/mgktools/mgktools/kernels/base.py:225: UserWarning: The distribution is specified by [0.1, 30] and step=1, but the range is not divisible by `step`. It will be replaced with [0.1, 29.1].
  self.unique_name: trial.suggest_float(
[I 2026-04-22 17:34:21,081] Trial 39 finished with value: 12.387378655191693 and parameters: {'0:atom_AtomicNumber:kDelta': 0.9, '0:atom_AtomicNumber_list_1:kConv': 1.0, '0:atom_AtomicNumber_list_2:kConv': 0.75, '0:atom_AtomicNumber_list_3:kConv': 0.75, '0:atom_AtomicNumber_list_4:kConv': 0.9, '0:atom_MorganHash:kDelta': 0.95, '0:atom_Ring_count:kDelta': 0.75, '0:atom_RingSize_list:kConv': 0.75, '0:atom_Hcount:kDelta': 0.85, '0:atom_AtomicNumber_count_1:kDelta': 0.9, '0:atom_AtomicNumber_count_2:kDelta': 0.8, '0:atom_Chiral:kDelta': 0.75, '0:bond_Order:kDelta': 0.85, '0:bond_Stereo:kDelta': 0.9, '0:bond_RingStereo:kDelta': 0.9, '0:q:q': 0.34, '1:features_kernel:Matern32': 29.1, '2:features_kernel:Matern32': 11.1, '3:features_kernel:Matern32': 10.1, '4:features_kernel:Matern32': 24.1, '5:features_kernel:Matern32': 8.1, '6:features_kernel:Matern32': 23.1, '7:features_kernel:Matern32': 8.1, '8:features_kernel:Matern32': 13.1, '9:features_kernel:Matern32': 5.1, '10:features_kernel:Matern32': 22.1, '11:features_kernel:Matern32': 17.1, 'alpha': 0.009000000000000001}. Best is trial 39 with value: 12.387378655191693.
/gpfs_common/share03/ddomlab/sdehgha2/working_space/GP_collab/code_python/training/MGK_and_tools/mgktools/mgktools/kernels/base.py:225: UserWarning: The distribution is specified by [0.1, 30] and step=1, but the range is not divisible by `step`. It will be replaced with [0.1, 29.1].
  self.unique_name: trial.suggest_float(
[I 2026-04-22 17:34:33,309] Trial 40 finished with value: 12.85381464517628 and parameters: {'0:atom_AtomicNumber:kDelta': 0.85, '0:atom_AtomicNumber_list_1:kConv': 1.0, '0:atom_AtomicNumber_list_2:kConv': 0.75, '0:atom_AtomicNumber_list_3:kConv': 0.95, '0:atom_AtomicNumber_list_4:kConv': 0.9, '0:atom_MorganHash:kDelta': 0.95, '0:atom_Ring_count:kDelta': 0.75, '0:atom_RingSize_list:kConv': 0.75, '0:atom_Hcount:kDelta': 0.85, '0:atom_AtomicNumber_count_1:kDelta': 0.9, '0:atom_AtomicNumber_count_2:kDelta': 0.8, '0:atom_Chiral:kDelta': 0.9, '0:bond_Order:kDelta': 0.85, '0:bond_Stereo:kDelta': 0.9, '0:bond_RingStereo:kDelta': 0.85, '0:q:q': 0.36000000000000004, '1:features_kernel:Matern32': 29.1, '2:features_kernel:Matern32': 12.1, '3:features_kernel:Matern32': 4.1, '4:features_kernel:Matern32': 24.1, '5:features_kernel:Matern32': 7.1, '6:features_kernel:Matern32': 23.1, '7:features_kernel:Matern32': 3.1, '8:features_kernel:Matern32': 14.1, '9:features_kernel:Matern32': 7.1, '10:features_kernel:Matern32': 18.1, '11:features_kernel:Matern32': 15.1, 'alpha': 0.010000000000000002}. Best is trial 39 with value: 12.387378655191693.
/gpfs_common/share03/ddomlab/sdehgha2/working_space/GP_collab/code_python/training/MGK_and_tools/mgktools/mgktools/kernels/base.py:225: UserWarning: The distribution is specified by [0.1, 30] and step=1, but the range is not divisible by `step`. It will be replaced with [0.1, 29.1].
  self.unique_name: trial.suggest_float(
[I 2026-04-22 17:34:44,569] Trial 41 finished with value: 12.483264830392178 and parameters: {'0:atom_AtomicNumber:kDelta': 0.9, '0:atom_AtomicNumber_list_1:kConv': 1.0, '0:atom_AtomicNumber_list_2:kConv': 0.75, '0:atom_AtomicNumber_list_3:kConv': 0.75, '0:atom_AtomicNumber_list_4:kConv': 0.9, '0:atom_MorganHash:kDelta': 0.95, '0:atom_Ring_count:kDelta': 0.75, '0:atom_RingSize_list:kConv': 0.75, '0:atom_Hcount:kDelta': 0.8, '0:atom_AtomicNumber_count_1:kDelta': 0.9, '0:atom_AtomicNumber_count_2:kDelta': 0.85, '0:atom_Chiral:kDelta': 0.75, '0:bond_Order:kDelta': 0.8, '0:bond_Stereo:kDelta': 0.85, '0:bond_RingStereo:kDelta': 0.9, '0:q:q': 0.33, '1:features_kernel:Matern32': 26.1, '2:features_kernel:Matern32': 9.1, '3:features_kernel:Matern32': 9.1, '4:features_kernel:Matern32': 26.1, '5:features_kernel:Matern32': 9.1, '6:features_kernel:Matern32': 24.1, '7:features_kernel:Matern32': 9.1, '8:features_kernel:Matern32': 12.1, '9:features_kernel:Matern32': 6.1, '10:features_kernel:Matern32': 22.1, '11:features_kernel:Matern32': 18.1, 'alpha': 0.017}. Best is trial 39 with value: 12.387378655191693.
[I 2026-04-22 17:55:41,948] Using an existing study with name 'optuna-study' instead of creating a new one.
[I 2026-04-22 18:27:29,479] Using an existing study with name 'optuna-study' instead of creating a new one.
