[Parallel(n_jobs=8)]: Using backend LokyBackend with 8 concurrent workers.
[Parallel(n_jobs=8)]: Done  34 tasks      | elapsed:   22.3s
[Parallel(n_jobs=8)]: Done 318 out of 318 | elapsed:   22.3s finished
[Parallel(n_jobs=4)]: Using backend LokyBackend with 4 concurrent workers.
[Parallel(n_jobs=4)]: Done  11 out of  11 | elapsed:    1.9s finished
[I 2026-05-06 14:51:05,050] A new study created in RDB with name: optuna-study
/usr/local/usrapps/ddomlab/sdehgha2/env12/lib/python3.12/site-packages/numpy/linalg/_linalg.py:2349: RuntimeWarning: invalid value encountered in slogdet
  sign, logdet = _umath_linalg.slogdet(a, signature=signature)
[W 2026-05-06 14:51:11,286] Trial 0 failed with parameters: {'0:atom_AtomicNumber:kDelta': 1.0, '0:atom_AtomicNumber_list_1:kConv': 0.8, '0:atom_AtomicNumber_list_2:kConv': 0.95, '0:atom_AtomicNumber_list_3:kConv': 0.75, '0:atom_AtomicNumber_list_4:kConv': 0.75, '0:atom_MorganHash:kDelta': 0.9, '0:atom_Ring_count:kDelta': 0.9, '0:atom_RingSize_list:kConv': 0.85, '0:atom_Hcount:kDelta': 0.85, '0:atom_AtomicNumber_count_1:kDelta': 0.9, '0:atom_AtomicNumber_count_2:kDelta': 0.85, '0:atom_Chiral:kDelta': 0.95, '0:bond_Order:kDelta': 0.9, '0:bond_Stereo:kDelta': 0.9, '0:bond_RingStereo:kDelta': 0.9, '0:q:q': 0.5, '1:features_kernel:Matern32': 25.0, '2:features_kernel:Matern32': 13.0, '3:features_kernel:Matern32': 27.0, '4:features_kernel:Matern32': 25.0, '5:features_kernel:Matern32': 2.0, '6:features_kernel:Matern32': 22.0, '7:features_kernel:Matern32': 25.0, '8:features_kernel:Matern32': 23.0, '9:features_kernel:Matern32': 22.0, '10:features_kernel:Matern32': 17.0, '11:features_kernel:Matern32': 4.0, 'alpha': 0.096} because of the following error: ValueError('Input contains NaN.').
Traceback (most recent call last):
  File "/usr/local/usrapps/ddomlab/sdehgha2/env12/lib/python3.12/site-packages/optuna/study/_optimize.py", line 206, in _run_trial
    value_or_values = func(trial)
                      ^^^^^^^^^^^
  File "/gpfs_common/share03/ddomlab/sdehgha2/working_space/GP_collab/code_python/training/MGK_and_tools/mgktools/mgktools/hyperparameters/optuna.py", line 255, in objective
    score = evaluate_model(
            ^^^^^^^^^^^^^^^
  File "/gpfs_common/share03/ddomlab/sdehgha2/working_space/GP_collab/code_python/training/MGK_and_tools/mgktools/mgktools/hyperparameters/optuna.py", line 68, in evaluate_model
    score = evaluator.run_cross_validation()
            ^^^^^^^^^^^^^^^^^^^^^^^^^^^^^^^^
  File "/gpfs_common/share03/ddomlab/sdehgha2/working_space/GP_collab/code_python/training/MGK_and_tools/mgktools/mgktools/evaluators/cross_validation.py", line 170, in run_cross_validation
    df_predict, df_ = self.evaluate_train_test(dataset_train, dataset_test)
                      ^^^^^^^^^^^^^^^^^^^^^^^^^^^^^^^^^^^^^^^^^^^^^^^^^^^^^
  File "/gpfs_common/share03/ddomlab/sdehgha2/working_space/GP_collab/code_python/training/MGK_and_tools/mgktools/mgktools/evaluators/cross_validation.py", line 310, in evaluate_train_test
    v = self.eval_metric(y_true_i[valid_mask], y_pred_i[valid_mask], metric)
        ^^^^^^^^^^^^^^^^^^^^^^^^^^^^^^^^^^^^^^^^^^^^^^^^^^^^^^^^^^^^^^^^^^^^
  File "/gpfs_common/share03/ddomlab/sdehgha2/working_space/GP_collab/code_python/training/MGK_and_tools/mgktools/mgktools/evaluators/cross_validation.py", line 389, in eval_metric
    return metric_regression(y, y_pred, metric)
           ^^^^^^^^^^^^^^^^^^^^^^^^^^^^^^^^^^^^
  File "/gpfs_common/share03/ddomlab/sdehgha2/working_space/GP_collab/code_python/training/MGK_and_tools/mgktools/mgktools/evaluators/metric.py", line 42, in metric_regression
    return root_mean_squared_error(y, y_pred)
           ^^^^^^^^^^^^^^^^^^^^^^^^^^^^^^^^^^
  File "/usr/local/usrapps/ddomlab/sdehgha2/env12/lib/python3.12/site-packages/sklearn/utils/_param_validation.py", line 218, in wrapper
    return func(*args, **kwargs)
           ^^^^^^^^^^^^^^^^^^^^^
  File "/usr/local/usrapps/ddomlab/sdehgha2/env12/lib/python3.12/site-packages/sklearn/metrics/_regression.py", line 666, in root_mean_squared_error
    mean_squared_error(
  File "/usr/local/usrapps/ddomlab/sdehgha2/env12/lib/python3.12/site-packages/sklearn/utils/_param_validation.py", line 191, in wrapper
    return func(*args, **kwargs)
           ^^^^^^^^^^^^^^^^^^^^^
  File "/usr/local/usrapps/ddomlab/sdehgha2/env12/lib/python3.12/site-packages/sklearn/metrics/_regression.py", line 579, in mean_squared_error
    _check_reg_targets_with_floating_dtype(
  File "/usr/local/usrapps/ddomlab/sdehgha2/env12/lib/python3.12/site-packages/sklearn/metrics/_regression.py", line 208, in _check_reg_targets_with_floating_dtype
    y_type, y_true, y_pred, sample_weight, multioutput = _check_reg_targets(
                                                         ^^^^^^^^^^^^^^^^^^^
  File "/usr/local/usrapps/ddomlab/sdehgha2/env12/lib/python3.12/site-packages/sklearn/metrics/_regression.py", line 115, in _check_reg_targets
    y_pred = check_array(y_pred, ensure_2d=False, dtype=dtype)
             ^^^^^^^^^^^^^^^^^^^^^^^^^^^^^^^^^^^^^^^^^^^^^^^^^
  File "/usr/local/usrapps/ddomlab/sdehgha2/env12/lib/python3.12/site-packages/sklearn/utils/validation.py", line 1074, in check_array
    _assert_all_finite(
  File "/usr/local/usrapps/ddomlab/sdehgha2/env12/lib/python3.12/site-packages/sklearn/utils/validation.py", line 133, in _assert_all_finite
    _assert_all_finite_element_wise(
  File "/usr/local/usrapps/ddomlab/sdehgha2/env12/lib/python3.12/site-packages/sklearn/utils/validation.py", line 182, in _assert_all_finite_element_wise
    raise ValueError(msg_err)
ValueError: Input contains NaN.
[W 2026-05-06 14:51:11,428] Trial 0 failed with value None.
Traceback (most recent call last):
  File "/gpfs_common/share03/ddomlab/sdehgha2/working_space/GP_collab/code_python/training/hpc_submit_training_GP/../train_structure_numerical.py", line 98, in <module>
    main_structural_numerical(
  File "/gpfs_common/share03/ddomlab/sdehgha2/working_space/GP_collab/code_python/training/hpc_submit_training_GP/../train_structure_numerical.py", line 49, in main_structural_numerical
    scores, predictions  =   train_regressor(
                             ^^^^^^^^^^^^^^^^
  File "/gpfs_common/share03/ddomlab/sdehgha2/working_space/GP_collab/code_python/training/training_utils_gp_special.py", line 89, in train_regressor
    scores, predictions = _prepare_data(
                          ^^^^^^^^^^^^^^
  File "/gpfs_common/share03/ddomlab/sdehgha2/working_space/GP_collab/code_python/training/training_utils_gp_special.py", line 201, in _prepare_data
    score,predication = run(
                        ^^^^
  File "/gpfs_common/share03/ddomlab/sdehgha2/working_space/GP_collab/code_python/training/training_utils_gp_special.py", line 301, in run
    alpha = bayesian_optimization(
            ^^^^^^^^^^^^^^^^^^^^^^
  File "/gpfs_common/share03/ddomlab/sdehgha2/working_space/GP_collab/code_python/training/MGK_and_tools/mgktools/mgktools/hyperparameters/optuna.py", line 290, in bayesian_optimization
    study.optimize(objective, n_trials=n_to_run)
  File "/usr/local/usrapps/ddomlab/sdehgha2/env12/lib/python3.12/site-packages/optuna/study/study.py", line 490, in optimize
    _optimize(
  File "/usr/local/usrapps/ddomlab/sdehgha2/env12/lib/python3.12/site-packages/optuna/study/_optimize.py", line 68, in _optimize
    _optimize_sequential(
  File "/usr/local/usrapps/ddomlab/sdehgha2/env12/lib/python3.12/site-packages/optuna/study/_optimize.py", line 165, in _optimize_sequential
    frozen_trial_id = _run_trial(study, func, catch)
                      ^^^^^^^^^^^^^^^^^^^^^^^^^^^^^^
  File "/usr/local/usrapps/ddomlab/sdehgha2/env12/lib/python3.12/site-packages/optuna/study/_optimize.py", line 263, in _run_trial
    raise func_err
  File "/usr/local/usrapps/ddomlab/sdehgha2/env12/lib/python3.12/site-packages/optuna/study/_optimize.py", line 206, in _run_trial
    value_or_values = func(trial)
                      ^^^^^^^^^^^
  File "/gpfs_common/share03/ddomlab/sdehgha2/working_space/GP_collab/code_python/training/MGK_and_tools/mgktools/mgktools/hyperparameters/optuna.py", line 255, in objective
    score = evaluate_model(
            ^^^^^^^^^^^^^^^
  File "/gpfs_common/share03/ddomlab/sdehgha2/working_space/GP_collab/code_python/training/MGK_and_tools/mgktools/mgktools/hyperparameters/optuna.py", line 68, in evaluate_model
    score = evaluator.run_cross_validation()
            ^^^^^^^^^^^^^^^^^^^^^^^^^^^^^^^^
  File "/gpfs_common/share03/ddomlab/sdehgha2/working_space/GP_collab/code_python/training/MGK_and_tools/mgktools/mgktools/evaluators/cross_validation.py", line 170, in run_cross_validation
    df_predict, df_ = self.evaluate_train_test(dataset_train, dataset_test)
                      ^^^^^^^^^^^^^^^^^^^^^^^^^^^^^^^^^^^^^^^^^^^^^^^^^^^^^
  File "/gpfs_common/share03/ddomlab/sdehgha2/working_space/GP_collab/code_python/training/MGK_and_tools/mgktools/mgktools/evaluators/cross_validation.py", line 310, in evaluate_train_test
    v = self.eval_metric(y_true_i[valid_mask], y_pred_i[valid_mask], metric)
        ^^^^^^^^^^^^^^^^^^^^^^^^^^^^^^^^^^^^^^^^^^^^^^^^^^^^^^^^^^^^^^^^^^^^
  File "/gpfs_common/share03/ddomlab/sdehgha2/working_space/GP_collab/code_python/training/MGK_and_tools/mgktools/mgktools/evaluators/cross_validation.py", line 389, in eval_metric
    return metric_regression(y, y_pred, metric)
           ^^^^^^^^^^^^^^^^^^^^^^^^^^^^^^^^^^^^
  File "/gpfs_common/share03/ddomlab/sdehgha2/working_space/GP_collab/code_python/training/MGK_and_tools/mgktools/mgktools/evaluators/metric.py", line 42, in metric_regression
    return root_mean_squared_error(y, y_pred)
           ^^^^^^^^^^^^^^^^^^^^^^^^^^^^^^^^^^
  File "/usr/local/usrapps/ddomlab/sdehgha2/env12/lib/python3.12/site-packages/sklearn/utils/_param_validation.py", line 218, in wrapper
    return func(*args, **kwargs)
           ^^^^^^^^^^^^^^^^^^^^^
  File "/usr/local/usrapps/ddomlab/sdehgha2/env12/lib/python3.12/site-packages/sklearn/metrics/_regression.py", line 666, in root_mean_squared_error
    mean_squared_error(
  File "/usr/local/usrapps/ddomlab/sdehgha2/env12/lib/python3.12/site-packages/sklearn/utils/_param_validation.py", line 191, in wrapper
    return func(*args, **kwargs)
           ^^^^^^^^^^^^^^^^^^^^^
  File "/usr/local/usrapps/ddomlab/sdehgha2/env12/lib/python3.12/site-packages/sklearn/metrics/_regression.py", line 579, in mean_squared_error
    _check_reg_targets_with_floating_dtype(
  File "/usr/local/usrapps/ddomlab/sdehgha2/env12/lib/python3.12/site-packages/sklearn/metrics/_regression.py", line 208, in _check_reg_targets_with_floating_dtype
    y_type, y_true, y_pred, sample_weight, multioutput = _check_reg_targets(
                                                         ^^^^^^^^^^^^^^^^^^^
  File "/usr/local/usrapps/ddomlab/sdehgha2/env12/lib/python3.12/site-packages/sklearn/metrics/_regression.py", line 115, in _check_reg_targets
    y_pred = check_array(y_pred, ensure_2d=False, dtype=dtype)
             ^^^^^^^^^^^^^^^^^^^^^^^^^^^^^^^^^^^^^^^^^^^^^^^^^
  File "/usr/local/usrapps/ddomlab/sdehgha2/env12/lib/python3.12/site-packages/sklearn/utils/validation.py", line 1074, in check_array
    _assert_all_finite(
  File "/usr/local/usrapps/ddomlab/sdehgha2/env12/lib/python3.12/site-packages/sklearn/utils/validation.py", line 133, in _assert_all_finite
    _assert_all_finite_element_wise(
  File "/usr/local/usrapps/ddomlab/sdehgha2/env12/lib/python3.12/site-packages/sklearn/utils/validation.py", line 182, in _assert_all_finite_element_wise
    raise ValueError(msg_err)
ValueError: Input contains NaN.
[Parallel(n_jobs=8)]: Using backend LokyBackend with 8 concurrent workers.
[Parallel(n_jobs=8)]: Done  34 tasks      | elapsed:   22.0s
[Parallel(n_jobs=8)]: Done 318 out of 318 | elapsed:   22.0s finished
[Parallel(n_jobs=4)]: Using backend LokyBackend with 4 concurrent workers.
[Parallel(n_jobs=4)]: Done  11 out of  11 | elapsed:    1.8s finished
[I 2026-05-06 23:41:56,856] Using an existing study with name 'optuna-study' instead of creating a new one.
[I 2026-05-06 23:42:04,267] Trial 1 finished with value: 10.468081583124142 and parameters: {'0:atom_AtomicNumber:kDelta': 1.0, '0:atom_AtomicNumber_list_1:kConv': 0.8, '0:atom_AtomicNumber_list_2:kConv': 0.95, '0:atom_AtomicNumber_list_3:kConv': 0.75, '0:atom_AtomicNumber_list_4:kConv': 0.75, '0:atom_MorganHash:kDelta': 0.9, '0:atom_Ring_count:kDelta': 0.9, '0:atom_RingSize_list:kConv': 0.85, '0:atom_Hcount:kDelta': 0.85, '0:atom_AtomicNumber_count_1:kDelta': 0.9, '0:atom_AtomicNumber_count_2:kDelta': 0.85, '0:atom_Chiral:kDelta': 0.95, '0:bond_Order:kDelta': 0.9, '0:bond_Stereo:kDelta': 0.9, '0:bond_RingStereo:kDelta': 0.9, '0:q:q': 0.5, '1:features_kernel:Matern32': 25.0, '2:features_kernel:Matern32': 13.0, '3:features_kernel:Matern32': 27.0, '4:features_kernel:Matern32': 25.0, '5:features_kernel:Matern32': 2.0, '6:features_kernel:Matern32': 22.0, '7:features_kernel:Matern32': 25.0, '8:features_kernel:Matern32': 23.0, '9:features_kernel:Matern32': 22.0, '10:features_kernel:Matern32': 17.0, '11:features_kernel:Matern32': 4.0, 'alpha': 0.096}. Best is trial 1 with value: 10.468081583124142.
[I 2026-05-06 23:42:08,698] Trial 2 finished with value: 10.657292092970318 and parameters: {'0:atom_AtomicNumber:kDelta': 0.85, '0:atom_AtomicNumber_list_1:kConv': 0.8, '0:atom_AtomicNumber_list_2:kConv': 0.95, '0:atom_AtomicNumber_list_3:kConv': 1.0, '0:atom_AtomicNumber_list_4:kConv': 0.8, '0:atom_MorganHash:kDelta': 0.95, '0:atom_Ring_count:kDelta': 0.9, '0:atom_RingSize_list:kConv': 0.95, '0:atom_Hcount:kDelta': 1.0, '0:atom_AtomicNumber_count_1:kDelta': 0.85, '0:atom_AtomicNumber_count_2:kDelta': 0.8, '0:atom_Chiral:kDelta': 0.85, '0:bond_Order:kDelta': 0.95, '0:bond_Stereo:kDelta': 0.95, '0:bond_RingStereo:kDelta': 0.85, '0:q:q': 0.5, '1:features_kernel:Matern32': 14.0, '2:features_kernel:Matern32': 12.0, '3:features_kernel:Matern32': 22.0, '4:features_kernel:Matern32': 3.0, '5:features_kernel:Matern32': 12.0, '6:features_kernel:Matern32': 24.0, '7:features_kernel:Matern32': 23.0, '8:features_kernel:Matern32': 9.0, '9:features_kernel:Matern32': 6.0, '10:features_kernel:Matern32': 15.0, '11:features_kernel:Matern32': 11.0, 'alpha': 0.074}. Best is trial 1 with value: 10.468081583124142.
[I 2026-05-06 23:42:13,565] Trial 3 finished with value: 10.056120491707194 and parameters: {'0:atom_AtomicNumber:kDelta': 0.8, '0:atom_AtomicNumber_list_1:kConv': 0.8, '0:atom_AtomicNumber_list_2:kConv': 1.0, '0:atom_AtomicNumber_list_3:kConv': 0.9, '0:atom_AtomicNumber_list_4:kConv': 1.0, '0:atom_MorganHash:kDelta': 1.0, '0:atom_Ring_count:kDelta': 1.0, '0:atom_RingSize_list:kConv': 0.8, '0:atom_Hcount:kDelta': 0.9, '0:atom_AtomicNumber_count_1:kDelta': 0.85, '0:atom_AtomicNumber_count_2:kDelta': 0.85, '0:atom_Chiral:kDelta': 0.95, '0:bond_Order:kDelta': 0.95, '0:bond_Stereo:kDelta': 0.95, '0:bond_RingStereo:kDelta': 0.75, '0:q:q': 0.36000000000000004, '1:features_kernel:Matern32': 2.0, '2:features_kernel:Matern32': 6.0, '3:features_kernel:Matern32': 28.0, '4:features_kernel:Matern32': 13.0, '5:features_kernel:Matern32': 5.0, '6:features_kernel:Matern32': 21.0, '7:features_kernel:Matern32': 5.0, '8:features_kernel:Matern32': 20.0, '9:features_kernel:Matern32': 8.0, '10:features_kernel:Matern32': 2.0, '11:features_kernel:Matern32': 29.0, 'alpha': 0.007}. Best is trial 3 with value: 10.056120491707194.
[I 2026-05-06 23:42:19,264] Trial 4 finished with value: 10.5658357609097 and parameters: {'0:atom_AtomicNumber:kDelta': 0.9, '0:atom_AtomicNumber_list_1:kConv': 0.85, '0:atom_AtomicNumber_list_2:kConv': 0.9, '0:atom_AtomicNumber_list_3:kConv': 1.0, '0:atom_AtomicNumber_list_4:kConv': 0.9, '0:atom_MorganHash:kDelta': 0.9, '0:atom_Ring_count:kDelta': 0.75, '0:atom_RingSize_list:kConv': 0.95, '0:atom_Hcount:kDelta': 0.8, '0:atom_AtomicNumber_count_1:kDelta': 0.85, '0:atom_AtomicNumber_count_2:kDelta': 0.75, '0:atom_Chiral:kDelta': 0.8, '0:bond_Order:kDelta': 1.0, '0:bond_Stereo:kDelta': 0.9, '0:bond_RingStereo:kDelta': 0.9, '0:q:q': 0.19, '1:features_kernel:Matern32': 25.0, '2:features_kernel:Matern32': 9.0, '3:features_kernel:Matern32': 4.0, '4:features_kernel:Matern32': 17.0, '5:features_kernel:Matern32': 9.0, '6:features_kernel:Matern32': 24.0, '7:features_kernel:Matern32': 6.0, '8:features_kernel:Matern32': 24.0, '9:features_kernel:Matern32': 19.0, '10:features_kernel:Matern32': 2.0, '11:features_kernel:Matern32': 17.0, 'alpha': 0.067}. Best is trial 3 with value: 10.056120491707194.
[I 2026-05-06 23:42:24,095] Trial 5 finished with value: 10.976997830106164 and parameters: {'0:atom_AtomicNumber:kDelta': 1.0, '0:atom_AtomicNumber_list_1:kConv': 0.95, '0:atom_AtomicNumber_list_2:kConv': 0.95, '0:atom_AtomicNumber_list_3:kConv': 0.85, '0:atom_AtomicNumber_list_4:kConv': 0.75, '0:atom_MorganHash:kDelta': 0.95, '0:atom_Ring_count:kDelta': 0.75, '0:atom_RingSize_list:kConv': 0.9, '0:atom_Hcount:kDelta': 0.9, '0:atom_AtomicNumber_count_1:kDelta': 0.75, '0:atom_AtomicNumber_count_2:kDelta': 0.75, '0:atom_Chiral:kDelta': 0.9, '0:bond_Order:kDelta': 0.85, '0:bond_Stereo:kDelta': 0.8, '0:bond_RingStereo:kDelta': 0.75, '0:q:q': 0.32, '1:features_kernel:Matern32': 4.0, '2:features_kernel:Matern32': 1.0, '3:features_kernel:Matern32': 9.0, '4:features_kernel:Matern32': 10.0, '5:features_kernel:Matern32': 6.0, '6:features_kernel:Matern32': 3.0, '7:features_kernel:Matern32': 24.0, '8:features_kernel:Matern32': 13.0, '9:features_kernel:Matern32': 8.0, '10:features_kernel:Matern32': 16.0, '11:features_kernel:Matern32': 8.0, 'alpha': 0.08600000000000001}. Best is trial 3 with value: 10.056120491707194.
[I 2026-05-06 23:42:29,932] Trial 6 finished with value: 10.569456030475726 and parameters: {'0:atom_AtomicNumber:kDelta': 0.85, '0:atom_AtomicNumber_list_1:kConv': 0.9, '0:atom_AtomicNumber_list_2:kConv': 1.0, '0:atom_AtomicNumber_list_3:kConv': 0.85, '0:atom_AtomicNumber_list_4:kConv': 0.8, '0:atom_MorganHash:kDelta': 1.0, '0:atom_Ring_count:kDelta': 0.9, '0:atom_RingSize_list:kConv': 1.0, '0:atom_Hcount:kDelta': 1.0, '0:atom_AtomicNumber_count_1:kDelta': 0.95, '0:atom_AtomicNumber_count_2:kDelta': 0.75, '0:atom_Chiral:kDelta': 0.9, '0:bond_Order:kDelta': 0.8, '0:bond_Stereo:kDelta': 0.75, '0:bond_RingStereo:kDelta': 0.85, '0:q:q': 0.11, '1:features_kernel:Matern32': 23.0, '2:features_kernel:Matern32': 29.0, '3:features_kernel:Matern32': 1.0, '4:features_kernel:Matern32': 8.0, '5:features_kernel:Matern32': 8.0, '6:features_kernel:Matern32': 5.0, '7:features_kernel:Matern32': 29.0, '8:features_kernel:Matern32': 8.0, '9:features_kernel:Matern32': 11.0, '10:features_kernel:Matern32': 2.0, '11:features_kernel:Matern32': 8.0, 'alpha': 0.089}. Best is trial 3 with value: 10.056120491707194.
[I 2026-05-06 23:42:36,144] Trial 7 finished with value: 10.711957219683056 and parameters: {'0:atom_AtomicNumber:kDelta': 1.0, '0:atom_AtomicNumber_list_1:kConv': 0.9, '0:atom_AtomicNumber_list_2:kConv': 0.8, '0:atom_AtomicNumber_list_3:kConv': 0.75, '0:atom_AtomicNumber_list_4:kConv': 1.0, '0:atom_MorganHash:kDelta': 0.75, '0:atom_Ring_count:kDelta': 0.8, '0:atom_RingSize_list:kConv': 0.9, '0:atom_Hcount:kDelta': 0.8, '0:atom_AtomicNumber_count_1:kDelta': 1.0, '0:atom_AtomicNumber_count_2:kDelta': 0.9, '0:atom_Chiral:kDelta': 0.85, '0:bond_Order:kDelta': 1.0, '0:bond_Stereo:kDelta': 1.0, '0:bond_RingStereo:kDelta': 0.8, '0:q:q': 0.01, '1:features_kernel:Matern32': 21.0, '2:features_kernel:Matern32': 9.0, '3:features_kernel:Matern32': 1.0, '4:features_kernel:Matern32': 3.0, '5:features_kernel:Matern32': 13.0, '6:features_kernel:Matern32': 4.0, '7:features_kernel:Matern32': 7.0, '8:features_kernel:Matern32': 23.0, '9:features_kernel:Matern32': 14.0, '10:features_kernel:Matern32': 4.0, '11:features_kernel:Matern32': 7.0, 'alpha': 0.094}. Best is trial 3 with value: 10.056120491707194.
[I 2026-05-06 23:42:41,276] Trial 8 finished with value: 9.713638821512967 and parameters: {'0:atom_AtomicNumber:kDelta': 0.75, '0:atom_AtomicNumber_list_1:kConv': 0.9, '0:atom_AtomicNumber_list_2:kConv': 0.9, '0:atom_AtomicNumber_list_3:kConv': 0.95, '0:atom_AtomicNumber_list_4:kConv': 0.9, '0:atom_MorganHash:kDelta': 0.95, '0:atom_Ring_count:kDelta': 0.95, '0:atom_RingSize_list:kConv': 0.9, '0:atom_Hcount:kDelta': 0.8, '0:atom_AtomicNumber_count_1:kDelta': 0.95, '0:atom_AtomicNumber_count_2:kDelta': 0.8, '0:atom_Chiral:kDelta': 1.0, '0:bond_Order:kDelta': 0.9, '0:bond_Stereo:kDelta': 0.75, '0:bond_RingStereo:kDelta': 1.0, '0:q:q': 0.24000000000000002, '1:features_kernel:Matern32': 29.0, '2:features_kernel:Matern32': 2.0, '3:features_kernel:Matern32': 4.0, '4:features_kernel:Matern32': 23.0, '5:features_kernel:Matern32': 2.0, '6:features_kernel:Matern32': 14.0, '7:features_kernel:Matern32': 25.0, '8:features_kernel:Matern32': 13.0, '9:features_kernel:Matern32': 6.0, '10:features_kernel:Matern32': 26.0, '11:features_kernel:Matern32': 4.0, 'alpha': 0.029}. Best is trial 8 with value: 9.713638821512967.
[I 2026-05-06 23:42:46,863] Trial 9 finished with value: 10.640598790213312 and parameters: {'0:atom_AtomicNumber:kDelta': 0.8, '0:atom_AtomicNumber_list_1:kConv': 0.85, '0:atom_AtomicNumber_list_2:kConv': 0.8, '0:atom_AtomicNumber_list_3:kConv': 1.0, '0:atom_AtomicNumber_list_4:kConv': 0.95, '0:atom_MorganHash:kDelta': 0.95, '0:atom_Ring_count:kDelta': 0.75, '0:atom_RingSize_list:kConv': 0.9, '0:atom_Hcount:kDelta': 1.0, '0:atom_AtomicNumber_count_1:kDelta': 1.0, '0:atom_AtomicNumber_count_2:kDelta': 0.9, '0:atom_Chiral:kDelta': 0.8, '0:bond_Order:kDelta': 0.8, '0:bond_Stereo:kDelta': 0.9, '0:bond_RingStereo:kDelta': 0.95, '0:q:q': 0.16, '1:features_kernel:Matern32': 21.0, '2:features_kernel:Matern32': 16.0, '3:features_kernel:Matern32': 25.0, '4:features_kernel:Matern32': 21.0, '5:features_kernel:Matern32': 28.0, '6:features_kernel:Matern32': 4.0, '7:features_kernel:Matern32': 26.0, '8:features_kernel:Matern32': 29.0, '9:features_kernel:Matern32': 18.0, '10:features_kernel:Matern32': 1.0, '11:features_kernel:Matern32': 2.0, 'alpha': 0.042}. Best is trial 8 with value: 9.713638821512967.
[I 2026-05-06 23:42:53,116] Trial 10 finished with value: 10.86309909888802 and parameters: {'0:atom_AtomicNumber:kDelta': 0.85, '0:atom_AtomicNumber_list_1:kConv': 0.85, '0:atom_AtomicNumber_list_2:kConv': 0.95, '0:atom_AtomicNumber_list_3:kConv': 0.95, '0:atom_AtomicNumber_list_4:kConv': 0.95, '0:atom_MorganHash:kDelta': 0.85, '0:atom_Ring_count:kDelta': 0.9, '0:atom_RingSize_list:kConv': 0.85, '0:atom_Hcount:kDelta': 0.95, '0:atom_AtomicNumber_count_1:kDelta': 0.9, '0:atom_AtomicNumber_count_2:kDelta': 0.9, '0:atom_Chiral:kDelta': 0.85, '0:bond_Order:kDelta': 0.9, '0:bond_Stereo:kDelta': 1.0, '0:bond_RingStereo:kDelta': 0.9, '0:q:q': 0.06999999999999999, '1:features_kernel:Matern32': 3.0, '2:features_kernel:Matern32': 21.0, '3:features_kernel:Matern32': 11.0, '4:features_kernel:Matern32': 10.0, '5:features_kernel:Matern32': 27.0, '6:features_kernel:Matern32': 26.0, '7:features_kernel:Matern32': 25.0, '8:features_kernel:Matern32': 11.0, '9:features_kernel:Matern32': 20.0, '10:features_kernel:Matern32': 18.0, '11:features_kernel:Matern32': 8.0, 'alpha': 0.059000000000000004}. Best is trial 8 with value: 9.713638821512967.
[I 2026-05-06 23:42:58,135] Trial 11 finished with value: 10.503528756444892 and parameters: {'0:atom_AtomicNumber:kDelta': 0.75, '0:atom_AtomicNumber_list_1:kConv': 1.0, '0:atom_AtomicNumber_list_2:kConv': 0.75, '0:atom_AtomicNumber_list_3:kConv': 0.9, '0:atom_AtomicNumber_list_4:kConv': 0.85, '0:atom_MorganHash:kDelta': 0.8, '0:atom_Ring_count:kDelta': 1.0, '0:atom_RingSize_list:kConv': 0.75, '0:atom_Hcount:kDelta': 0.75, '0:atom_AtomicNumber_count_1:kDelta': 0.75, '0:atom_AtomicNumber_count_2:kDelta': 1.0, '0:atom_Chiral:kDelta': 1.0, '0:bond_Order:kDelta': 0.75, '0:bond_Stereo:kDelta': 0.8, '0:bond_RingStereo:kDelta': 1.0, '0:q:q': 0.27, '1:features_kernel:Matern32': 29.0, '2:features_kernel:Matern32': 1.0, '3:features_kernel:Matern32': 17.0, '4:features_kernel:Matern32': 30.0, '5:features_kernel:Matern32': 23.0, '6:features_kernel:Matern32': 13.0, '7:features_kernel:Matern32': 13.0, '8:features_kernel:Matern32': 1.0, '9:features_kernel:Matern32': 1.0, '10:features_kernel:Matern32': 30.0, '11:features_kernel:Matern32': 19.0, 'alpha': 0.030000000000000002}. Best is trial 8 with value: 9.713638821512967.
[I 2026-05-06 23:43:03,085] Trial 12 finished with value: 9.990382616195102 and parameters: {'0:atom_AtomicNumber:kDelta': 0.75, '0:atom_AtomicNumber_list_1:kConv': 0.75, '0:atom_AtomicNumber_list_2:kConv': 0.85, '0:atom_AtomicNumber_list_3:kConv': 0.9, '0:atom_AtomicNumber_list_4:kConv': 1.0, '0:atom_MorganHash:kDelta': 1.0, '0:atom_Ring_count:kDelta': 1.0, '0:atom_RingSize_list:kConv': 0.75, '0:atom_Hcount:kDelta': 0.9, '0:atom_AtomicNumber_count_1:kDelta': 0.8, '0:atom_AtomicNumber_count_2:kDelta': 0.85, '0:atom_Chiral:kDelta': 1.0, '0:bond_Order:kDelta': 0.95, '0:bond_Stereo:kDelta': 0.75, '0:bond_RingStereo:kDelta': 0.75, '0:q:q': 0.36000000000000004, '1:features_kernel:Matern32': 11.0, '2:features_kernel:Matern32': 5.0, '3:features_kernel:Matern32': 19.0, '4:features_kernel:Matern32': 17.0, '5:features_kernel:Matern32': 1.0, '6:features_kernel:Matern32': 16.0, '7:features_kernel:Matern32': 17.0, '8:features_kernel:Matern32': 19.0, '9:features_kernel:Matern32': 30.0, '10:features_kernel:Matern32': 30.0, '11:features_kernel:Matern32': 30.0, 'alpha': 0.001}. Best is trial 8 with value: 9.713638821512967.
[I 2026-05-06 23:43:08,054] Trial 13 finished with value: 9.836790506561815 and parameters: {'0:atom_AtomicNumber:kDelta': 0.75, '0:atom_AtomicNumber_list_1:kConv': 0.75, '0:atom_AtomicNumber_list_2:kConv': 0.85, '0:atom_AtomicNumber_list_3:kConv': 0.95, '0:atom_AtomicNumber_list_4:kConv': 0.9, '0:atom_MorganHash:kDelta': 1.0, '0:atom_Ring_count:kDelta': 0.95, '0:atom_RingSize_list:kConv': 0.75, '0:atom_Hcount:kDelta': 0.85, '0:atom_AtomicNumber_count_1:kDelta': 0.8, '0:atom_AtomicNumber_count_2:kDelta': 0.8, '0:atom_Chiral:kDelta': 1.0, '0:bond_Order:kDelta': 0.95, '0:bond_Stereo:kDelta': 0.75, '0:bond_RingStereo:kDelta': 1.0, '0:q:q': 0.39, '1:features_kernel:Matern32': 12.0, '2:features_kernel:Matern32': 4.0, '3:features_kernel:Matern32': 19.0, '4:features_kernel:Matern32': 20.0, '5:features_kernel:Matern32': 1.0, '6:features_kernel:Matern32': 15.0, '7:features_kernel:Matern32': 17.0, '8:features_kernel:Matern32': 17.0, '9:features_kernel:Matern32': 29.0, '10:features_kernel:Matern32': 30.0, '11:features_kernel:Matern32': 29.0, 'alpha': 0.006}. Best is trial 8 with value: 9.713638821512967.
[I 2026-05-06 23:43:12,757] Trial 14 finished with value: 10.474662417115614 and parameters: {'0:atom_AtomicNumber:kDelta': 0.75, '0:atom_AtomicNumber_list_1:kConv': 0.95, '0:atom_AtomicNumber_list_2:kConv': 0.85, '0:atom_AtomicNumber_list_3:kConv': 0.95, '0:atom_AtomicNumber_list_4:kConv': 0.9, '0:atom_MorganHash:kDelta': 0.95, '0:atom_Ring_count:kDelta': 0.95, '0:atom_RingSize_list:kConv': 0.8, '0:atom_Hcount:kDelta': 0.8, '0:atom_AtomicNumber_count_1:kDelta': 0.95, '0:atom_AtomicNumber_count_2:kDelta': 0.8, '0:atom_Chiral:kDelta': 1.0, '0:bond_Order:kDelta': 0.85, '0:bond_Stereo:kDelta': 0.8, '0:bond_RingStereo:kDelta': 1.0, '0:q:q': 0.42000000000000004, '1:features_kernel:Matern32': 9.0, '2:features_kernel:Matern32': 20.0, '3:features_kernel:Matern32': 12.0, '4:features_kernel:Matern32': 23.0, '5:features_kernel:Matern32': 18.0, '6:features_kernel:Matern32': 12.0, '7:features_kernel:Matern32': 18.0, '8:features_kernel:Matern32': 16.0, '9:features_kernel:Matern32': 29.0, '10:features_kernel:Matern32': 25.0, '11:features_kernel:Matern32': 22.0, 'alpha': 0.022000000000000002}. Best is trial 8 with value: 9.713638821512967.
[I 2026-05-06 23:43:17,864] Trial 15 finished with value: 10.113023597793475 and parameters: {'0:atom_AtomicNumber:kDelta': 0.8, '0:atom_AtomicNumber_list_1:kConv': 0.75, '0:atom_AtomicNumber_list_2:kConv': 0.9, '0:atom_AtomicNumber_list_3:kConv': 0.95, '0:atom_AtomicNumber_list_4:kConv': 0.85, '0:atom_MorganHash:kDelta': 0.85, '0:atom_Ring_count:kDelta': 0.95, '0:atom_RingSize_list:kConv': 0.8, '0:atom_Hcount:kDelta': 0.85, '0:atom_AtomicNumber_count_1:kDelta': 0.8, '0:atom_AtomicNumber_count_2:kDelta': 1.0, '0:atom_Chiral:kDelta': 0.95, '0:bond_Order:kDelta': 0.9, '0:bond_Stereo:kDelta': 0.75, '0:bond_RingStereo:kDelta': 0.95, '0:q:q': 0.24000000000000002, '1:features_kernel:Matern32': 17.0, '2:features_kernel:Matern32': 5.0, '3:features_kernel:Matern32': 7.0, '4:features_kernel:Matern32': 28.0, '5:features_kernel:Matern32': 19.0, '6:features_kernel:Matern32': 17.0, '7:features_kernel:Matern32': 14.0, '8:features_kernel:Matern32': 5.0, '9:features_kernel:Matern32': 25.0, '10:features_kernel:Matern32': 24.0, '11:features_kernel:Matern32': 25.0, 'alpha': 0.018000000000000002}. Best is trial 8 with value: 9.713638821512967.
[I 2026-05-06 23:43:22,865] Trial 16 finished with value: 10.59681661208494 and parameters: {'0:atom_AtomicNumber:kDelta': 0.9, '0:atom_AtomicNumber_list_1:kConv': 0.95, '0:atom_AtomicNumber_list_2:kConv': 0.85, '0:atom_AtomicNumber_list_3:kConv': 0.95, '0:atom_AtomicNumber_list_4:kConv': 0.9, '0:atom_MorganHash:kDelta': 1.0, '0:atom_Ring_count:kDelta': 0.95, '0:atom_RingSize_list:kConv': 0.95, '0:atom_Hcount:kDelta': 0.75, '0:atom_AtomicNumber_count_1:kDelta': 0.95, '0:atom_AtomicNumber_count_2:kDelta': 0.8, '0:atom_Chiral:kDelta': 0.75, '0:bond_Order:kDelta': 0.95, '0:bond_Stereo:kDelta': 0.85, '0:bond_RingStereo:kDelta': 1.0, '0:q:q': 0.41000000000000003, '1:features_kernel:Matern32': 30.0, '2:features_kernel:Matern32': 1.0, '3:features_kernel:Matern32': 14.0, '4:features_kernel:Matern32': 20.0, '5:features_kernel:Matern32': 1.0, '6:features_kernel:Matern32': 30.0, '7:features_kernel:Matern32': 21.0, '8:features_kernel:Matern32': 17.0, '9:features_kernel:Matern32': 3.0, '10:features_kernel:Matern32': 24.0, '11:features_kernel:Matern32': 13.0, 'alpha': 0.041}. Best is trial 8 with value: 9.713638821512967.
[I 2026-05-06 23:43:27,900] Trial 17 finished with value: 9.9627512924592 and parameters: {'0:atom_AtomicNumber:kDelta': 0.75, '0:atom_AtomicNumber_list_1:kConv': 0.9, '0:atom_AtomicNumber_list_2:kConv': 0.8, '0:atom_AtomicNumber_list_3:kConv': 0.8, '0:atom_AtomicNumber_list_4:kConv': 0.95, '0:atom_MorganHash:kDelta': 0.9, '0:atom_Ring_count:kDelta': 0.85, '0:atom_RingSize_list:kConv': 0.85, '0:atom_Hcount:kDelta': 0.85, '0:atom_AtomicNumber_count_1:kDelta': 0.8, '0:atom_AtomicNumber_count_2:kDelta': 0.8, '0:atom_Chiral:kDelta': 0.95, '0:bond_Order:kDelta': 1.0, '0:bond_Stereo:kDelta': 0.85, '0:bond_RingStereo:kDelta': 0.95, '0:q:q': 0.27, '1:features_kernel:Matern32': 17.0, '2:features_kernel:Matern32': 8.0, '3:features_kernel:Matern32': 20.0, '4:features_kernel:Matern32': 25.0, '5:features_kernel:Matern32': 5.0, '6:features_kernel:Matern32': 9.0, '7:features_kernel:Matern32': 10.0, '8:features_kernel:Matern32': 13.0, '9:features_kernel:Matern32': 13.0, '10:features_kernel:Matern32': 27.0, '11:features_kernel:Matern32': 25.0, 'alpha': 0.013000000000000001}. Best is trial 8 with value: 9.713638821512967.
[I 2026-05-06 23:43:32,617] Trial 18 finished with value: 10.709521130622022 and parameters: {'0:atom_AtomicNumber:kDelta': 0.8, '0:atom_AtomicNumber_list_1:kConv': 1.0, '0:atom_AtomicNumber_list_2:kConv': 0.9, '0:atom_AtomicNumber_list_3:kConv': 0.95, '0:atom_AtomicNumber_list_4:kConv': 0.85, '0:atom_MorganHash:kDelta': 0.95, '0:atom_Ring_count:kDelta': 0.85, '0:atom_RingSize_list:kConv': 1.0, '0:atom_Hcount:kDelta': 0.8, '0:atom_AtomicNumber_count_1:kDelta': 0.9, '0:atom_AtomicNumber_count_2:kDelta': 0.95, '0:atom_Chiral:kDelta': 1.0, '0:bond_Order:kDelta': 0.85, '0:bond_Stereo:kDelta': 0.8, '0:bond_RingStereo:kDelta': 1.0, '0:q:q': 0.43, '1:features_kernel:Matern32': 8.0, '2:features_kernel:Matern32': 29.0, '3:features_kernel:Matern32': 15.0, '4:features_kernel:Matern32': 19.0, '5:features_kernel:Matern32': 11.0, '6:features_kernel:Matern32': 9.0, '7:features_kernel:Matern32': 1.0, '8:features_kernel:Matern32': 29.0, '9:features_kernel:Matern32': 25.0, '10:features_kernel:Matern32': 21.0, '11:features_kernel:Matern32': 16.0, 'alpha': 0.031}. Best is trial 8 with value: 9.713638821512967.
[I 2026-05-06 23:43:38,038] Trial 19 finished with value: 9.895006858445594 and parameters: {'0:atom_AtomicNumber:kDelta': 0.95, '0:atom_AtomicNumber_list_1:kConv': 0.75, '0:atom_AtomicNumber_list_2:kConv': 0.75, '0:atom_AtomicNumber_list_3:kConv': 0.9, '0:atom_AtomicNumber_list_4:kConv': 0.9, '0:atom_MorganHash:kDelta': 1.0, '0:atom_Ring_count:kDelta': 0.95, '0:atom_RingSize_list:kConv': 0.75, '0:atom_Hcount:kDelta': 0.75, '0:atom_AtomicNumber_count_1:kDelta': 0.8, '0:atom_AtomicNumber_count_2:kDelta': 0.8, '0:atom_Chiral:kDelta': 0.9, '0:bond_Order:kDelta': 0.9, '0:bond_Stereo:kDelta': 0.75, '0:bond_RingStereo:kDelta': 0.95, '0:q:q': 0.2, '1:features_kernel:Matern32': 13.0, '2:features_kernel:Matern32': 4.0, '3:features_kernel:Matern32': 23.0, '4:features_kernel:Matern32': 14.0, '5:features_kernel:Matern32': 15.0, '6:features_kernel:Matern32': 18.0, '7:features_kernel:Matern32': 30.0, '8:features_kernel:Matern32': 5.0, '9:features_kernel:Matern32': 10.0, '10:features_kernel:Matern32': 11.0, '11:features_kernel:Matern32': 1.0, 'alpha': 0.028}. Best is trial 8 with value: 9.713638821512967.
[I 2026-05-06 23:43:43,137] Trial 20 finished with value: 10.3115740691095 and parameters: {'0:atom_AtomicNumber:kDelta': 0.75, '0:atom_AtomicNumber_list_1:kConv': 0.8, '0:atom_AtomicNumber_list_2:kConv': 0.85, '0:atom_AtomicNumber_list_3:kConv': 1.0, '0:atom_AtomicNumber_list_4:kConv': 0.95, '0:atom_MorganHash:kDelta': 0.9, '0:atom_Ring_count:kDelta': 0.95, '0:atom_RingSize_list:kConv': 0.8, '0:atom_Hcount:kDelta': 0.95, '0:atom_AtomicNumber_count_1:kDelta': 0.95, '0:atom_AtomicNumber_count_2:kDelta': 0.75, '0:atom_Chiral:kDelta': 1.0, '0:bond_Order:kDelta': 0.95, '0:bond_Stereo:kDelta': 0.85, '0:bond_RingStereo:kDelta': 1.0, '0:q:q': 0.3, '1:features_kernel:Matern32': 6.0, '2:features_kernel:Matern32': 19.0, '3:features_kernel:Matern32': 7.0, '4:features_kernel:Matern32': 26.0, '5:features_kernel:Matern32': 4.0, '6:features_kernel:Matern32': 13.0, '7:features_kernel:Matern32': 19.0, '8:features_kernel:Matern32': 15.0, '9:features_kernel:Matern32': 16.0, '10:features_kernel:Matern32': 27.0, '11:features_kernel:Matern32': 12.0, 'alpha': 0.046}. Best is trial 8 with value: 9.713638821512967.
[I 2026-05-06 23:43:47,865] Trial 21 finished with value: 9.62465888128832 and parameters: {'0:atom_AtomicNumber:kDelta': 0.8, '0:atom_AtomicNumber_list_1:kConv': 0.85, '0:atom_AtomicNumber_list_2:kConv': 0.9, '0:atom_AtomicNumber_list_3:kConv': 0.85, '0:atom_AtomicNumber_list_4:kConv': 0.8, '0:atom_MorganHash:kDelta': 0.95, '0:atom_Ring_count:kDelta': 1.0, '0:atom_RingSize_list:kConv': 0.85, '0:atom_Hcount:kDelta': 0.85, '0:atom_AtomicNumber_count_1:kDelta': 0.75, '0:atom_AtomicNumber_count_2:kDelta': 0.85, '0:atom_Chiral:kDelta': 0.95, '0:bond_Order:kDelta': 0.8, '0:bond_Stereo:kDelta': 0.75, '0:bond_RingStereo:kDelta': 0.95, '0:q:q': 0.37, '1:features_kernel:Matern32': 19.0, '2:features_kernel:Matern32': 25.0, '3:features_kernel:Matern32': 17.0, '4:features_kernel:Matern32': 22.0, '5:features_kernel:Matern32': 8.0, '6:features_kernel:Matern32': 8.0, '7:features_kernel:Matern32': 21.0, '8:features_kernel:Matern32': 19.0, '9:features_kernel:Matern32': 25.0, '10:features_kernel:Matern32': 21.0, '11:features_kernel:Matern32': 20.0, 'alpha': 0.002}. Best is trial 21 with value: 9.62465888128832.
[I 2026-05-06 23:43:52,718] Trial 22 finished with value: 9.619901835635671 and parameters: {'0:atom_AtomicNumber:kDelta': 0.8, '0:atom_AtomicNumber_list_1:kConv': 0.85, '0:atom_AtomicNumber_list_2:kConv': 0.9, '0:atom_AtomicNumber_list_3:kConv': 0.85, '0:atom_AtomicNumber_list_4:kConv': 0.85, '0:atom_MorganHash:kDelta': 0.95, '0:atom_Ring_count:kDelta': 1.0, '0:atom_RingSize_list:kConv': 0.85, '0:atom_Hcount:kDelta': 0.85, '0:atom_AtomicNumber_count_1:kDelta': 0.75, '0:atom_AtomicNumber_count_2:kDelta': 0.85, '0:atom_Chiral:kDelta': 0.95, '0:bond_Order:kDelta': 0.75, '0:bond_Stereo:kDelta': 0.75, '0:bond_RingStereo:kDelta': 0.95, '0:q:q': 0.35000000000000003, '1:features_kernel:Matern32': 18.0, '2:features_kernel:Matern32': 22.0, '3:features_kernel:Matern32': 18.0, '4:features_kernel:Matern32': 22.0, '5:features_kernel:Matern32': 8.0, '6:features_kernel:Matern32': 9.0, '7:features_kernel:Matern32': 21.0, '8:features_kernel:Matern32': 19.0, '9:features_kernel:Matern32': 26.0, '10:features_kernel:Matern32': 21.0, '11:features_kernel:Matern32': 21.0, 'alpha': 0.001}. Best is trial 22 with value: 9.619901835635671.
[I 2026-05-06 23:43:57,926] Trial 23 finished with value: 10.101740145295443 and parameters: {'0:atom_AtomicNumber:kDelta': 0.8, '0:atom_AtomicNumber_list_1:kConv': 0.85, '0:atom_AtomicNumber_list_2:kConv': 0.9, '0:atom_AtomicNumber_list_3:kConv': 0.8, '0:atom_AtomicNumber_list_4:kConv': 0.8, '0:atom_MorganHash:kDelta': 0.95, '0:atom_Ring_count:kDelta': 1.0, '0:atom_RingSize_list:kConv': 0.85, '0:atom_Hcount:kDelta': 0.8, '0:atom_AtomicNumber_count_1:kDelta': 0.75, '0:atom_AtomicNumber_count_2:kDelta': 0.85, '0:atom_Chiral:kDelta': 0.95, '0:bond_Order:kDelta': 0.75, '0:bond_Stereo:kDelta': 0.8, '0:bond_RingStereo:kDelta': 0.95, '0:q:q': 0.33, '1:features_kernel:Matern32': 19.0, '2:features_kernel:Matern32': 25.0, '3:features_kernel:Matern32': 16.0, '4:features_kernel:Matern32': 23.0, '5:features_kernel:Matern32': 8.0, '6:features_kernel:Matern32': 9.0, '7:features_kernel:Matern32': 20.0, '8:features_kernel:Matern32': 20.0, '9:features_kernel:Matern32': 22.0, '10:features_kernel:Matern32': 22.0, '11:features_kernel:Matern32': 20.0, 'alpha': 0.014000000000000002}. Best is trial 22 with value: 9.619901835635671.
[I 2026-05-06 23:44:03,013] Trial 24 finished with value: 9.901031027105102 and parameters: {'0:atom_AtomicNumber:kDelta': 0.8, '0:atom_AtomicNumber_list_1:kConv': 0.9, '0:atom_AtomicNumber_list_2:kConv': 0.9, '0:atom_AtomicNumber_list_3:kConv': 0.85, '0:atom_AtomicNumber_list_4:kConv': 0.8, '0:atom_MorganHash:kDelta': 0.85, '0:atom_Ring_count:kDelta': 1.0, '0:atom_RingSize_list:kConv': 0.9, '0:atom_Hcount:kDelta': 0.85, '0:atom_AtomicNumber_count_1:kDelta': 0.75, '0:atom_AtomicNumber_count_2:kDelta': 0.85, '0:atom_Chiral:kDelta': 0.95, '0:bond_Order:kDelta': 0.8, '0:bond_Stereo:kDelta': 0.75, '0:bond_RingStereo:kDelta': 0.95, '0:q:q': 0.23, '1:features_kernel:Matern32': 27.0, '2:features_kernel:Matern32': 25.0, '3:features_kernel:Matern32': 12.0, '4:features_kernel:Matern32': 22.0, '5:features_kernel:Matern32': 10.0, '6:features_kernel:Matern32': 7.0, '7:features_kernel:Matern32': 22.0, '8:features_kernel:Matern32': 24.0, '9:features_kernel:Matern32': 25.0, '10:features_kernel:Matern32': 20.0, '11:features_kernel:Matern32': 23.0, 'alpha': 0.001}. Best is trial 22 with value: 9.619901835635671.
[I 2026-05-06 23:44:07,931] Trial 25 finished with value: 10.339771983699363 and parameters: {'0:atom_AtomicNumber:kDelta': 0.85, '0:atom_AtomicNumber_list_1:kConv': 0.85, '0:atom_AtomicNumber_list_2:kConv': 0.95, '0:atom_AtomicNumber_list_3:kConv': 0.8, '0:atom_AtomicNumber_list_4:kConv': 0.85, '0:atom_MorganHash:kDelta': 0.9, '0:atom_Ring_count:kDelta': 1.0, '0:atom_RingSize_list:kConv': 0.85, '0:atom_Hcount:kDelta': 0.9, '0:atom_AtomicNumber_count_1:kDelta': 0.75, '0:atom_AtomicNumber_count_2:kDelta': 0.95, '0:atom_Chiral:kDelta': 0.9, '0:bond_Order:kDelta': 0.75, '0:bond_Stereo:kDelta': 0.8, '0:bond_RingStereo:kDelta': 0.9, '0:q:q': 0.3, '1:features_kernel:Matern32': 16.0, '2:features_kernel:Matern32': 24.0, '3:features_kernel:Matern32': 22.0, '4:features_kernel:Matern32': 28.0, '5:features_kernel:Matern32': 7.0, '6:features_kernel:Matern32': 11.0, '7:features_kernel:Matern32': 27.0, '8:features_kernel:Matern32': 13.0, '9:features_kernel:Matern32': 26.0, '10:features_kernel:Matern32': 11.0, '11:features_kernel:Matern32': 19.0, 'alpha': 0.025}. Best is trial 22 with value: 9.619901835635671.
[I 2026-05-06 23:44:12,866] Trial 26 finished with value: 11.602415985718793 and parameters: {'0:atom_AtomicNumber:kDelta': 0.8, '0:atom_AtomicNumber_list_1:kConv': 0.9, '0:atom_AtomicNumber_list_2:kConv': 0.9, '0:atom_AtomicNumber_list_3:kConv': 0.85, '0:atom_AtomicNumber_list_4:kConv': 0.85, '0:atom_MorganHash:kDelta': 0.95, '0:atom_Ring_count:kDelta': 1.0, '0:atom_RingSize_list:kConv': 0.9, '0:atom_Hcount:kDelta': 0.8, '0:atom_AtomicNumber_count_1:kDelta': 1.0, '0:atom_AtomicNumber_count_2:kDelta': 0.9, '0:atom_Chiral:kDelta': 0.95, '0:bond_Order:kDelta': 0.8, '0:bond_Stereo:kDelta': 0.75, '0:bond_RingStereo:kDelta': 0.95, '0:q:q': 0.46, '1:features_kernel:Matern32': 20.0, '2:features_kernel:Matern32': 23.0, '3:features_kernel:Matern32': 17.0, '4:features_kernel:Matern32': 18.0, '5:features_kernel:Matern32': 4.0, '6:features_kernel:Matern32': 1.0, '7:features_kernel:Matern32': 28.0, '8:features_kernel:Matern32': 26.0, '9:features_kernel:Matern32': 27.0, '10:features_kernel:Matern32': 14.0, '11:features_kernel:Matern32': 15.0, 'alpha': 0.010000000000000002}. Best is trial 22 with value: 9.619901835635671.
[I 2026-05-06 23:44:17,636] Trial 27 finished with value: 10.6287949645306 and parameters: {'0:atom_AtomicNumber:kDelta': 0.9, '0:atom_AtomicNumber_list_1:kConv': 0.95, '0:atom_AtomicNumber_list_2:kConv': 0.95, '0:atom_AtomicNumber_list_3:kConv': 0.8, '0:atom_AtomicNumber_list_4:kConv': 0.75, '0:atom_MorganHash:kDelta': 0.9, '0:atom_Ring_count:kDelta': 0.95, '0:atom_RingSize_list:kConv': 0.95, '0:atom_Hcount:kDelta': 0.85, '0:atom_AtomicNumber_count_1:kDelta': 0.85, '0:atom_AtomicNumber_count_2:kDelta': 0.85, '0:atom_Chiral:kDelta': 0.9, '0:bond_Order:kDelta': 0.75, '0:bond_Stereo:kDelta': 0.8, '0:bond_RingStereo:kDelta': 0.85, '0:q:q': 0.36000000000000004, '1:features_kernel:Matern32': 24.0, '2:features_kernel:Matern32': 16.0, '3:features_kernel:Matern32': 14.0, '4:features_kernel:Matern32': 15.0, '5:features_kernel:Matern32': 15.0, '6:features_kernel:Matern32': 7.0, '7:features_kernel:Matern32': 15.0, '8:features_kernel:Matern32': 20.0, '9:features_kernel:Matern32': 23.0, '10:features_kernel:Matern32': 19.0, '11:features_kernel:Matern32': 26.0, 'alpha': 0.036000000000000004}. Best is trial 22 with value: 9.619901835635671.
[I 2026-05-06 23:44:23,009] Trial 28 finished with value: 9.815072307775713 and parameters: {'0:atom_AtomicNumber:kDelta': 0.85, '0:atom_AtomicNumber_list_1:kConv': 0.85, '0:atom_AtomicNumber_list_2:kConv': 0.9, '0:atom_AtomicNumber_list_3:kConv': 0.85, '0:atom_AtomicNumber_list_4:kConv': 0.8, '0:atom_MorganHash:kDelta': 0.95, '0:atom_Ring_count:kDelta': 1.0, '0:atom_RingSize_list:kConv': 0.85, '0:atom_Hcount:kDelta': 0.75, '0:atom_AtomicNumber_count_1:kDelta': 0.75, '0:atom_AtomicNumber_count_2:kDelta': 0.95, '0:atom_Chiral:kDelta': 1.0, '0:bond_Order:kDelta': 0.8, '0:bond_Stereo:kDelta': 0.75, '0:bond_RingStereo:kDelta': 0.9, '0:q:q': 0.15000000000000002, '1:features_kernel:Matern32': 28.0, '2:features_kernel:Matern32': 18.0, '3:features_kernel:Matern32': 6.0, '4:features_kernel:Matern32': 27.0, '5:features_kernel:Matern32': 3.0, '6:features_kernel:Matern32': 7.0, '7:features_kernel:Matern32': 22.0, '8:features_kernel:Matern32': 18.0, '9:features_kernel:Matern32': 17.0, '10:features_kernel:Matern32': 22.0, '11:features_kernel:Matern32': 22.0, 'alpha': 0.017}. Best is trial 22 with value: 9.619901835635671.
[I 2026-05-06 23:44:27,901] Trial 29 finished with value: 10.760258931021111 and parameters: {'0:atom_AtomicNumber:kDelta': 0.75, '0:atom_AtomicNumber_list_1:kConv': 0.8, '0:atom_AtomicNumber_list_2:kConv': 0.85, '0:atom_AtomicNumber_list_3:kConv': 0.9, '0:atom_AtomicNumber_list_4:kConv': 0.85, '0:atom_MorganHash:kDelta': 0.8, '0:atom_Ring_count:kDelta': 0.95, '0:atom_RingSize_list:kConv': 0.8, '0:atom_Hcount:kDelta': 0.95, '0:atom_AtomicNumber_count_1:kDelta': 0.9, '0:atom_AtomicNumber_count_2:kDelta': 0.8, '0:atom_Chiral:kDelta': 0.95, '0:bond_Order:kDelta': 0.85, '0:bond_Stereo:kDelta': 0.85, '0:bond_RingStereo:kDelta': 1.0, '0:q:q': 0.46, '1:features_kernel:Matern32': 18.0, '2:features_kernel:Matern32': 27.0, '3:features_kernel:Matern32': 10.0, '4:features_kernel:Matern32': 24.0, '5:features_kernel:Matern32': 13.0, '6:features_kernel:Matern32': 19.0, '7:features_kernel:Matern32': 20.0, '8:features_kernel:Matern32': 15.0, '9:features_kernel:Matern32': 21.0, '10:features_kernel:Matern32': 27.0, '11:features_kernel:Matern32': 14.0, 'alpha': 0.049}. Best is trial 22 with value: 9.619901835635671.
[I 2026-05-06 23:44:32,770] Trial 30 finished with value: 10.20526251355116 and parameters: {'0:atom_AtomicNumber:kDelta': 0.8, '0:atom_AtomicNumber_list_1:kConv': 0.8, '0:atom_AtomicNumber_list_2:kConv': 1.0, '0:atom_AtomicNumber_list_3:kConv': 0.8, '0:atom_AtomicNumber_list_4:kConv': 0.75, '0:atom_MorganHash:kDelta': 0.9, '0:atom_Ring_count:kDelta': 0.9, '0:atom_RingSize_list:kConv': 0.85, '0:atom_Hcount:kDelta': 0.85, '0:atom_AtomicNumber_count_1:kDelta': 0.8, '0:atom_AtomicNumber_count_2:kDelta': 0.85, '0:atom_Chiral:kDelta': 1.0, '0:bond_Order:kDelta': 0.75, '0:bond_Stereo:kDelta': 0.75, '0:bond_RingStereo:kDelta': 0.9, '0:q:q': 0.34, '1:features_kernel:Matern32': 25.0, '2:features_kernel:Matern32': 13.0, '3:features_kernel:Matern32': 30.0, '4:features_kernel:Matern32': 25.0, '5:features_kernel:Matern32': 18.0, '6:features_kernel:Matern32': 14.0, '7:features_kernel:Matern32': 25.0, '8:features_kernel:Matern32': 21.0, '9:features_kernel:Matern32': 23.0, '10:features_kernel:Matern32': 18.0, '11:features_kernel:Matern32': 5.0, 'alpha': 0.022000000000000002}. Best is trial 22 with value: 9.619901835635671.
[I 2026-05-06 23:44:37,765] Trial 31 finished with value: 10.140324949659167 and parameters: {'0:atom_AtomicNumber:kDelta': 0.75, '0:atom_AtomicNumber_list_1:kConv': 0.9, '0:atom_AtomicNumber_list_2:kConv': 0.95, '0:atom_AtomicNumber_list_3:kConv': 0.75, '0:atom_AtomicNumber_list_4:kConv': 0.8, '0:atom_MorganHash:kDelta': 0.95, '0:atom_Ring_count:kDelta': 0.85, '0:atom_RingSize_list:kConv': 0.9, '0:atom_Hcount:kDelta': 0.8, '0:atom_AtomicNumber_count_1:kDelta': 0.95, '0:atom_AtomicNumber_count_2:kDelta': 0.85, '0:atom_Chiral:kDelta': 0.95, '0:bond_Order:kDelta': 0.9, '0:bond_Stereo:kDelta': 0.8, '0:bond_RingStereo:kDelta': 0.95, '0:q:q': 0.29000000000000004, '1:features_kernel:Matern32': 22.0, '2:features_kernel:Matern32': 27.0, '3:features_kernel:Matern32': 24.0, '4:features_kernel:Matern32': 30.0, '5:features_kernel:Matern32': 3.0, '6:features_kernel:Matern32': 11.0, '7:features_kernel:Matern32': 12.0, '8:features_kernel:Matern32': 22.0, '9:features_kernel:Matern32': 4.0, '10:features_kernel:Matern32': 12.0, '11:features_kernel:Matern32': 17.0, 'alpha': 0.059000000000000004}. Best is trial 22 with value: 9.619901835635671.
[I 2026-05-06 23:44:43,480] Trial 32 finished with value: 9.773379135866662 and parameters: {'0:atom_AtomicNumber:kDelta': 0.85, '0:atom_AtomicNumber_list_1:kConv': 0.85, '0:atom_AtomicNumber_list_2:kConv': 0.9, '0:atom_AtomicNumber_list_3:kConv': 0.85, '0:atom_AtomicNumber_list_4:kConv': 0.8, '0:atom_MorganHash:kDelta': 0.95, '0:atom_Ring_count:kDelta': 1.0, '0:atom_RingSize_list:kConv': 0.85, '0:atom_Hcount:kDelta': 0.75, '0:atom_AtomicNumber_count_1:kDelta': 0.75, '0:atom_AtomicNumber_count_2:kDelta': 0.95, '0:atom_Chiral:kDelta': 1.0, '0:bond_Order:kDelta': 0.8, '0:bond_Stereo:kDelta': 0.75, '0:bond_RingStereo:kDelta': 0.9, '0:q:q': 0.13, '1:features_kernel:Matern32': 27.0, '2:features_kernel:Matern32': 22.0, '3:features_kernel:Matern32': 5.0, '4:features_kernel:Matern32': 28.0, '5:features_kernel:Matern32': 3.0, '6:features_kernel:Matern32': 7.0, '7:features_kernel:Matern32': 22.0, '8:features_kernel:Matern32': 18.0, '9:features_kernel:Matern32': 17.0, '10:features_kernel:Matern32': 22.0, '11:features_kernel:Matern32': 22.0, 'alpha': 0.016}. Best is trial 22 with value: 9.619901835635671.
[I 2026-05-06 23:44:49,164] Trial 33 finished with value: 9.619065282737669 and parameters: {'0:atom_AtomicNumber:kDelta': 0.85, '0:atom_AtomicNumber_list_1:kConv': 0.85, '0:atom_AtomicNumber_list_2:kConv': 0.9, '0:atom_AtomicNumber_list_3:kConv': 0.85, '0:atom_AtomicNumber_list_4:kConv': 0.8, '0:atom_MorganHash:kDelta': 0.95, '0:atom_Ring_count:kDelta': 1.0, '0:atom_RingSize_list:kConv': 0.85, '0:atom_Hcount:kDelta': 0.75, '0:atom_AtomicNumber_count_1:kDelta': 0.75, '0:atom_AtomicNumber_count_2:kDelta': 0.9, '0:atom_Chiral:kDelta': 1.0, '0:bond_Order:kDelta': 0.8, '0:bond_Stereo:kDelta': 0.75, '0:bond_RingStereo:kDelta': 0.85, '0:q:q': 0.08, '1:features_kernel:Matern32': 27.0, '2:features_kernel:Matern32': 22.0, '3:features_kernel:Matern32': 4.0, '4:features_kernel:Matern32': 22.0, '5:features_kernel:Matern32': 6.0, '6:features_kernel:Matern32': 10.0, '7:features_kernel:Matern32': 23.0, '8:features_kernel:Matern32': 26.0, '9:features_kernel:Matern32': 14.0, '10:features_kernel:Matern32': 23.0, '11:features_kernel:Matern32': 21.0, 'alpha': 0.007}. Best is trial 33 with value: 9.619065282737669.
[I 2026-05-06 23:44:55,526] Trial 34 finished with value: 9.606064938514235 and parameters: {'0:atom_AtomicNumber:kDelta': 0.8, '0:atom_AtomicNumber_list_1:kConv': 0.8, '0:atom_AtomicNumber_list_2:kConv': 0.95, '0:atom_AtomicNumber_list_3:kConv': 0.85, '0:atom_AtomicNumber_list_4:kConv': 0.75, '0:atom_MorganHash:kDelta': 1.0, '0:atom_Ring_count:kDelta': 1.0, '0:atom_RingSize_list:kConv': 0.85, '0:atom_Hcount:kDelta': 0.8, '0:atom_AtomicNumber_count_1:kDelta': 0.75, '0:atom_AtomicNumber_count_2:kDelta': 0.9, '0:atom_Chiral:kDelta': 0.95, '0:bond_Order:kDelta': 0.85, '0:bond_Stereo:kDelta': 0.75, '0:bond_RingStereo:kDelta': 0.85, '0:q:q': 0.01, '1:features_kernel:Matern32': 15.0, '2:features_kernel:Matern32': 18.0, '3:features_kernel:Matern32': 3.0, '4:features_kernel:Matern32': 22.0, '5:features_kernel:Matern32': 6.0, '6:features_kernel:Matern32': 11.0, '7:features_kernel:Matern32': 24.0, '8:features_kernel:Matern32': 25.0, '9:features_kernel:Matern32': 11.0, '10:features_kernel:Matern32': 25.0, '11:features_kernel:Matern32': 20.0, 'alpha': 0.006}. Best is trial 34 with value: 9.606064938514235.
[I 2026-05-06 23:45:01,750] Trial 35 finished with value: 9.59630398912556 and parameters: {'0:atom_AtomicNumber:kDelta': 0.85, '0:atom_AtomicNumber_list_1:kConv': 0.8, '0:atom_AtomicNumber_list_2:kConv': 0.95, '0:atom_AtomicNumber_list_3:kConv': 0.85, '0:atom_AtomicNumber_list_4:kConv': 0.75, '0:atom_MorganHash:kDelta': 1.0, '0:atom_Ring_count:kDelta': 1.0, '0:atom_RingSize_list:kConv': 0.8, '0:atom_Hcount:kDelta': 0.75, '0:atom_AtomicNumber_count_1:kDelta': 0.75, '0:atom_AtomicNumber_count_2:kDelta': 0.9, '0:atom_Chiral:kDelta': 0.95, '0:bond_Order:kDelta': 0.8, '0:bond_Stereo:kDelta': 0.8, '0:bond_RingStereo:kDelta': 0.8, '0:q:q': 0.02, '1:features_kernel:Matern32': 16.0, '2:features_kernel:Matern32': 17.0, '3:features_kernel:Matern32': 3.0, '4:features_kernel:Matern32': 16.0, '5:features_kernel:Matern32': 10.0, '6:features_kernel:Matern32': 11.0, '7:features_kernel:Matern32': 23.0, '8:features_kernel:Matern32': 27.0, '9:features_kernel:Matern32': 12.0, '10:features_kernel:Matern32': 23.0, '11:features_kernel:Matern32': 19.0, 'alpha': 0.006}. Best is trial 35 with value: 9.59630398912556.
[I 2026-05-06 23:45:07,913] Trial 36 finished with value: 9.637690490524543 and parameters: {'0:atom_AtomicNumber:kDelta': 0.9, '0:atom_AtomicNumber_list_1:kConv': 0.8, '0:atom_AtomicNumber_list_2:kConv': 1.0, '0:atom_AtomicNumber_list_3:kConv': 0.85, '0:atom_AtomicNumber_list_4:kConv': 0.75, '0:atom_MorganHash:kDelta': 1.0, '0:atom_Ring_count:kDelta': 1.0, '0:atom_RingSize_list:kConv': 0.8, '0:atom_Hcount:kDelta': 0.75, '0:atom_AtomicNumber_count_1:kDelta': 0.8, '0:atom_AtomicNumber_count_2:kDelta': 0.9, '0:atom_Chiral:kDelta': 0.9, '0:bond_Order:kDelta': 0.85, '0:bond_Stereo:kDelta': 0.8, '0:bond_RingStereo:kDelta': 0.8, '0:q:q': 0.01, '1:features_kernel:Matern32': 13.0, '2:features_kernel:Matern32': 18.0, '3:features_kernel:Matern32': 3.0, '4:features_kernel:Matern32': 12.0, '5:features_kernel:Matern32': 10.0, '6:features_kernel:Matern32': 11.0, '7:features_kernel:Matern32': 23.0, '8:features_kernel:Matern32': 27.0, '9:features_kernel:Matern32': 13.0, '10:features_kernel:Matern32': 24.0, '11:features_kernel:Matern32': 17.0, 'alpha': 0.006}. Best is trial 35 with value: 9.59630398912556.
[I 2026-05-06 23:45:13,772] Trial 37 finished with value: 9.603403080818492 and parameters: {'0:atom_AtomicNumber:kDelta': 0.85, '0:atom_AtomicNumber_list_1:kConv': 0.8, '0:atom_AtomicNumber_list_2:kConv': 0.95, '0:atom_AtomicNumber_list_3:kConv': 0.8, '0:atom_AtomicNumber_list_4:kConv': 0.75, '0:atom_MorganHash:kDelta': 1.0, '0:atom_Ring_count:kDelta': 1.0, '0:atom_RingSize_list:kConv': 0.8, '0:atom_Hcount:kDelta': 0.75, '0:atom_AtomicNumber_count_1:kDelta': 0.75, '0:atom_AtomicNumber_count_2:kDelta': 0.9, '0:atom_Chiral:kDelta': 0.95, '0:bond_Order:kDelta': 0.75, '0:bond_Stereo:kDelta': 0.95, '0:bond_RingStereo:kDelta': 0.8, '0:q:q': 0.05, '1:features_kernel:Matern32': 14.0, '2:features_kernel:Matern32': 14.0, '3:features_kernel:Matern32': 2.0, '4:features_kernel:Matern32': 16.0, '5:features_kernel:Matern32': 6.0, '6:features_kernel:Matern32': 10.0, '7:features_kernel:Matern32': 27.0, '8:features_kernel:Matern32': 27.0, '9:features_kernel:Matern32': 10.0, '10:features_kernel:Matern32': 15.0, '11:features_kernel:Matern32': 27.0, 'alpha': 0.008}. Best is trial 35 with value: 9.59630398912556.
[I 2026-05-06 23:45:20,912] Trial 38 finished with value: 9.62267234974784 and parameters: {'0:atom_AtomicNumber:kDelta': 0.85, '0:atom_AtomicNumber_list_1:kConv': 0.8, '0:atom_AtomicNumber_list_2:kConv': 0.95, '0:atom_AtomicNumber_list_3:kConv': 0.75, '0:atom_AtomicNumber_list_4:kConv': 0.75, '0:atom_MorganHash:kDelta': 1.0, '0:atom_Ring_count:kDelta': 0.9, '0:atom_RingSize_list:kConv': 0.8, '0:atom_Hcount:kDelta': 0.75, '0:atom_AtomicNumber_count_1:kDelta': 0.75, '0:atom_AtomicNumber_count_2:kDelta': 0.9, '0:atom_Chiral:kDelta': 0.9, '0:bond_Order:kDelta': 0.8, '0:bond_Stereo:kDelta': 0.95, '0:bond_RingStereo:kDelta': 0.8, '0:q:q': 0.05, '1:features_kernel:Matern32': 15.0, '2:features_kernel:Matern32': 11.0, '3:features_kernel:Matern32': 2.0, '4:features_kernel:Matern32': 16.0, '5:features_kernel:Matern32': 6.0, '6:features_kernel:Matern32': 11.0, '7:features_kernel:Matern32': 28.0, '8:features_kernel:Matern32': 26.0, '9:features_kernel:Matern32': 11.0, '10:features_kernel:Matern32': 8.0, '11:features_kernel:Matern32': 26.0, 'alpha': 0.010000000000000002}. Best is trial 35 with value: 9.59630398912556.
[I 2026-05-06 23:45:26,700] Trial 39 finished with value: 11.142845779846139 and parameters: {'0:atom_AtomicNumber:kDelta': 0.95, '0:atom_AtomicNumber_list_1:kConv': 0.8, '0:atom_AtomicNumber_list_2:kConv': 1.0, '0:atom_AtomicNumber_list_3:kConv': 0.8, '0:atom_AtomicNumber_list_4:kConv': 0.75, '0:atom_MorganHash:kDelta': 1.0, '0:atom_Ring_count:kDelta': 0.8, '0:atom_RingSize_list:kConv': 0.8, '0:atom_Hcount:kDelta': 0.75, '0:atom_AtomicNumber_count_1:kDelta': 0.85, '0:atom_AtomicNumber_count_2:kDelta': 0.95, '0:atom_Chiral:kDelta': 0.95, '0:bond_Order:kDelta': 0.85, '0:bond_Stereo:kDelta': 0.95, '0:bond_RingStereo:kDelta': 0.85, '0:q:q': 0.06999999999999999, '1:features_kernel:Matern32': 9.0, '2:features_kernel:Matern32': 13.0, '3:features_kernel:Matern32': 3.0, '4:features_kernel:Matern32': 7.0, '5:features_kernel:Matern32': 6.0, '6:features_kernel:Matern32': 2.0, '7:features_kernel:Matern32': 30.0, '8:features_kernel:Matern32': 30.0, '9:features_kernel:Matern32': 9.0, '10:features_kernel:Matern32': 14.0, '11:features_kernel:Matern32': 24.0, 'alpha': 0.009000000000000001}. Best is trial 35 with value: 9.59630398912556.
[I 2026-05-06 23:45:32,512] Trial 40 finished with value: 10.696256281988733 and parameters: {'0:atom_AtomicNumber:kDelta': 0.85, '0:atom_AtomicNumber_list_1:kConv': 0.8, '0:atom_AtomicNumber_list_2:kConv': 0.95, '0:atom_AtomicNumber_list_3:kConv': 0.8, '0:atom_AtomicNumber_list_4:kConv': 0.75, '0:atom_MorganHash:kDelta': 1.0, '0:atom_Ring_count:kDelta': 1.0, '0:atom_RingSize_list:kConv': 0.8, '0:atom_Hcount:kDelta': 0.75, '0:atom_AtomicNumber_count_1:kDelta': 0.8, '0:atom_AtomicNumber_count_2:kDelta': 0.9, '0:atom_Chiral:kDelta': 0.85, '0:bond_Order:kDelta': 0.8, '0:bond_Stereo:kDelta': 0.9, '0:bond_RingStereo:kDelta': 0.8, '0:q:q': 0.05, '1:features_kernel:Matern32': 14.0, '2:features_kernel:Matern32': 14.0, '3:features_kernel:Matern32': 8.0, '4:features_kernel:Matern32': 11.0, '5:features_kernel:Matern32': 12.0, '6:features_kernel:Matern32': 20.0, '7:features_kernel:Matern32': 24.0, '8:features_kernel:Matern32': 27.0, '9:features_kernel:Matern32': 7.0, '10:features_kernel:Matern32': 17.0, '11:features_kernel:Matern32': 27.0, 'alpha': 0.07300000000000001}. Best is trial 35 with value: 9.59630398912556.
[I 2026-05-06 23:45:38,591] Trial 41 finished with value: 10.323097337061224 and parameters: {'0:atom_AtomicNumber:kDelta': 0.9, '0:atom_AtomicNumber_list_1:kConv': 0.75, '0:atom_AtomicNumber_list_2:kConv': 1.0, '0:atom_AtomicNumber_list_3:kConv': 0.75, '0:atom_AtomicNumber_list_4:kConv': 0.75, '0:atom_MorganHash:kDelta': 1.0, '0:atom_Ring_count:kDelta': 0.95, '0:atom_RingSize_list:kConv': 0.75, '0:atom_Hcount:kDelta': 0.8, '0:atom_AtomicNumber_count_1:kDelta': 0.75, '0:atom_AtomicNumber_count_2:kDelta': 0.9, '0:atom_Chiral:kDelta': 0.8, '0:bond_Order:kDelta': 0.85, '0:bond_Stereo:kDelta': 1.0, '0:bond_RingStereo:kDelta': 0.85, '0:q:q': 0.09999999999999999, '1:features_kernel:Matern32': 11.0, '2:features_kernel:Matern32': 17.0, '3:features_kernel:Matern32': 1.0, '4:features_kernel:Matern32': 18.0, '5:features_kernel:Matern32': 10.0, '6:features_kernel:Matern32': 5.0, '7:features_kernel:Matern32': 27.0, '8:features_kernel:Matern32': 25.0, '9:features_kernel:Matern32': 15.0, '10:features_kernel:Matern32': 8.0, '11:features_kernel:Matern32': 28.0, 'alpha': 0.022000000000000002}. Best is trial 35 with value: 9.59630398912556.
[I 2026-05-06 23:54:17,532] A new study created in RDB with name: optuna-study
[I 2026-05-06 23:54:22,801] Trial 0 finished with value: 11.267126522081414 and parameters: {'0:atom_AtomicNumber:kDelta': 0.95, '0:atom_AtomicNumber_list_1:kConv': 0.8, '0:atom_AtomicNumber_list_2:kConv': 0.95, '0:atom_AtomicNumber_list_3:kConv': 1.0, '0:atom_AtomicNumber_list_4:kConv': 1.0, '0:atom_MorganHash:kDelta': 0.85, '0:atom_Ring_count:kDelta': 0.9, '0:atom_RingSize_list:kConv': 0.95, '0:atom_Hcount:kDelta': 0.9, '0:atom_AtomicNumber_count_1:kDelta': 0.95, '0:atom_AtomicNumber_count_2:kDelta': 0.75, '0:atom_Chiral:kDelta': 0.8, '0:bond_Order:kDelta': 0.75, '0:bond_Stereo:kDelta': 1.0, '0:bond_RingStereo:kDelta': 0.85, '0:q:q': 0.34, '1:features_kernel:Matern32': 8.0, '2:features_kernel:Matern32': 11.0, '3:features_kernel:Matern32': 1.0, '4:features_kernel:Matern32': 11.0, '5:features_kernel:Matern32': 29.0, '6:features_kernel:Matern32': 7.0, '7:features_kernel:Matern32': 10.0, '8:features_kernel:Matern32': 28.0, '9:features_kernel:Matern32': 1.0, '10:features_kernel:Matern32': 2.0, '11:features_kernel:Matern32': 19.0, 'alpha': 0.08800000000000001}. Best is trial 0 with value: 11.267126522081414.
[I 2026-05-06 23:54:28,239] Trial 1 finished with value: 10.361267322906519 and parameters: {'0:atom_AtomicNumber:kDelta': 0.75, '0:atom_AtomicNumber_list_1:kConv': 0.95, '0:atom_AtomicNumber_list_2:kConv': 0.95, '0:atom_AtomicNumber_list_3:kConv': 0.75, '0:atom_AtomicNumber_list_4:kConv': 0.9, '0:atom_MorganHash:kDelta': 0.9, '0:atom_Ring_count:kDelta': 0.85, '0:atom_RingSize_list:kConv': 1.0, '0:atom_Hcount:kDelta': 0.75, '0:atom_AtomicNumber_count_1:kDelta': 0.8, '0:atom_AtomicNumber_count_2:kDelta': 0.95, '0:atom_Chiral:kDelta': 0.8, '0:bond_Order:kDelta': 0.8, '0:bond_Stereo:kDelta': 0.95, '0:bond_RingStereo:kDelta': 1.0, '0:q:q': 0.13, '1:features_kernel:Matern32': 14.0, '2:features_kernel:Matern32': 8.0, '3:features_kernel:Matern32': 12.0, '4:features_kernel:Matern32': 19.0, '5:features_kernel:Matern32': 24.0, '6:features_kernel:Matern32': 3.0, '7:features_kernel:Matern32': 21.0, '8:features_kernel:Matern32': 17.0, '9:features_kernel:Matern32': 5.0, '10:features_kernel:Matern32': 3.0, '11:features_kernel:Matern32': 8.0, 'alpha': 0.016}. Best is trial 1 with value: 10.361267322906519.
[I 2026-05-06 23:54:33,826] Trial 2 finished with value: 10.00331252155055 and parameters: {'0:atom_AtomicNumber:kDelta': 1.0, '0:atom_AtomicNumber_list_1:kConv': 0.95, '0:atom_AtomicNumber_list_2:kConv': 0.8, '0:atom_AtomicNumber_list_3:kConv': 0.9, '0:atom_AtomicNumber_list_4:kConv': 0.9, '0:atom_MorganHash:kDelta': 0.75, '0:atom_Ring_count:kDelta': 1.0, '0:atom_RingSize_list:kConv': 0.85, '0:atom_Hcount:kDelta': 0.75, '0:atom_AtomicNumber_count_1:kDelta': 0.8, '0:atom_AtomicNumber_count_2:kDelta': 0.85, '0:atom_Chiral:kDelta': 0.95, '0:bond_Order:kDelta': 1.0, '0:bond_Stereo:kDelta': 1.0, '0:bond_RingStereo:kDelta': 0.85, '0:q:q': 0.060000000000000005, '1:features_kernel:Matern32': 28.0, '2:features_kernel:Matern32': 11.0, '3:features_kernel:Matern32': 7.0, '4:features_kernel:Matern32': 27.0, '5:features_kernel:Matern32': 5.0, '6:features_kernel:Matern32': 8.0, '7:features_kernel:Matern32': 18.0, '8:features_kernel:Matern32': 17.0, '9:features_kernel:Matern32': 29.0, '10:features_kernel:Matern32': 14.0, '11:features_kernel:Matern32': 4.0, 'alpha': 0.077}. Best is trial 2 with value: 10.00331252155055.
[I 2026-05-06 23:54:38,875] Trial 3 finished with value: 9.694288944198153 and parameters: {'0:atom_AtomicNumber:kDelta': 0.8, '0:atom_AtomicNumber_list_1:kConv': 0.8, '0:atom_AtomicNumber_list_2:kConv': 0.85, '0:atom_AtomicNumber_list_3:kConv': 0.85, '0:atom_AtomicNumber_list_4:kConv': 1.0, '0:atom_MorganHash:kDelta': 0.75, '0:atom_Ring_count:kDelta': 1.0, '0:atom_RingSize_list:kConv': 0.95, '0:atom_Hcount:kDelta': 0.75, '0:atom_AtomicNumber_count_1:kDelta': 0.75, '0:atom_AtomicNumber_count_2:kDelta': 1.0, '0:atom_Chiral:kDelta': 0.8, '0:bond_Order:kDelta': 0.75, '0:bond_Stereo:kDelta': 0.8, '0:bond_RingStereo:kDelta': 0.9, '0:q:q': 0.28, '1:features_kernel:Matern32': 21.0, '2:features_kernel:Matern32': 29.0, '3:features_kernel:Matern32': 9.0, '4:features_kernel:Matern32': 8.0, '5:features_kernel:Matern32': 26.0, '6:features_kernel:Matern32': 7.0, '7:features_kernel:Matern32': 21.0, '8:features_kernel:Matern32': 5.0, '9:features_kernel:Matern32': 7.0, '10:features_kernel:Matern32': 3.0, '11:features_kernel:Matern32': 23.0, 'alpha': 0.019000000000000003}. Best is trial 3 with value: 9.694288944198153.
[I 2026-05-06 23:54:44,782] Trial 4 finished with value: 11.120733506759905 and parameters: {'0:atom_AtomicNumber:kDelta': 0.75, '0:atom_AtomicNumber_list_1:kConv': 0.8, '0:atom_AtomicNumber_list_2:kConv': 0.8, '0:atom_AtomicNumber_list_3:kConv': 0.75, '0:atom_AtomicNumber_list_4:kConv': 0.8, '0:atom_MorganHash:kDelta': 0.95, '0:atom_Ring_count:kDelta': 0.95, '0:atom_RingSize_list:kConv': 0.8, '0:atom_Hcount:kDelta': 0.9, '0:atom_AtomicNumber_count_1:kDelta': 1.0, '0:atom_AtomicNumber_count_2:kDelta': 0.9, '0:atom_Chiral:kDelta': 0.85, '0:bond_Order:kDelta': 0.75, '0:bond_Stereo:kDelta': 0.95, '0:bond_RingStereo:kDelta': 0.95, '0:q:q': 0.04, '1:features_kernel:Matern32': 6.0, '2:features_kernel:Matern32': 26.0, '3:features_kernel:Matern32': 17.0, '4:features_kernel:Matern32': 11.0, '5:features_kernel:Matern32': 5.0, '6:features_kernel:Matern32': 3.0, '7:features_kernel:Matern32': 17.0, '8:features_kernel:Matern32': 22.0, '9:features_kernel:Matern32': 29.0, '10:features_kernel:Matern32': 23.0, '11:features_kernel:Matern32': 12.0, 'alpha': 0.076}. Best is trial 3 with value: 9.694288944198153.
[I 2026-05-06 23:54:49,989] Trial 5 finished with value: 9.80658396335545 and parameters: {'0:atom_AtomicNumber:kDelta': 0.75, '0:atom_AtomicNumber_list_1:kConv': 0.9, '0:atom_AtomicNumber_list_2:kConv': 0.95, '0:atom_AtomicNumber_list_3:kConv': 0.75, '0:atom_AtomicNumber_list_4:kConv': 0.85, '0:atom_MorganHash:kDelta': 0.75, '0:atom_Ring_count:kDelta': 0.8, '0:atom_RingSize_list:kConv': 0.8, '0:atom_Hcount:kDelta': 0.8, '0:atom_AtomicNumber_count_1:kDelta': 0.75, '0:atom_AtomicNumber_count_2:kDelta': 0.95, '0:atom_Chiral:kDelta': 0.75, '0:bond_Order:kDelta': 0.9, '0:bond_Stereo:kDelta': 0.8, '0:bond_RingStereo:kDelta': 0.9, '0:q:q': 0.15000000000000002, '1:features_kernel:Matern32': 12.0, '2:features_kernel:Matern32': 16.0, '3:features_kernel:Matern32': 4.0, '4:features_kernel:Matern32': 4.0, '5:features_kernel:Matern32': 26.0, '6:features_kernel:Matern32': 12.0, '7:features_kernel:Matern32': 6.0, '8:features_kernel:Matern32': 25.0, '9:features_kernel:Matern32': 28.0, '10:features_kernel:Matern32': 25.0, '11:features_kernel:Matern32': 22.0, 'alpha': 0.010000000000000002}. Best is trial 3 with value: 9.694288944198153.
[I 2026-05-06 23:54:55,836] Trial 6 finished with value: 10.333932011826674 and parameters: {'0:atom_AtomicNumber:kDelta': 1.0, '0:atom_AtomicNumber_list_1:kConv': 0.9, '0:atom_AtomicNumber_list_2:kConv': 1.0, '0:atom_AtomicNumber_list_3:kConv': 0.9, '0:atom_AtomicNumber_list_4:kConv': 0.75, '0:atom_MorganHash:kDelta': 1.0, '0:atom_Ring_count:kDelta': 0.75, '0:atom_RingSize_list:kConv': 0.95, '0:atom_Hcount:kDelta': 0.85, '0:atom_AtomicNumber_count_1:kDelta': 0.8, '0:atom_AtomicNumber_count_2:kDelta': 0.75, '0:atom_Chiral:kDelta': 0.95, '0:bond_Order:kDelta': 0.8, '0:bond_Stereo:kDelta': 0.9, '0:bond_RingStereo:kDelta': 1.0, '0:q:q': 0.11, '1:features_kernel:Matern32': 4.0, '2:features_kernel:Matern32': 12.0, '3:features_kernel:Matern32': 21.0, '4:features_kernel:Matern32': 29.0, '5:features_kernel:Matern32': 5.0, '6:features_kernel:Matern32': 14.0, '7:features_kernel:Matern32': 9.0, '8:features_kernel:Matern32': 7.0, '9:features_kernel:Matern32': 10.0, '10:features_kernel:Matern32': 24.0, '11:features_kernel:Matern32': 3.0, 'alpha': 0.08700000000000001}. Best is trial 3 with value: 9.694288944198153.
[I 2026-05-06 23:55:00,449] Trial 7 finished with value: 10.511868249968336 and parameters: {'0:atom_AtomicNumber:kDelta': 1.0, '0:atom_AtomicNumber_list_1:kConv': 0.95, '0:atom_AtomicNumber_list_2:kConv': 0.8, '0:atom_AtomicNumber_list_3:kConv': 0.75, '0:atom_AtomicNumber_list_4:kConv': 1.0, '0:atom_MorganHash:kDelta': 0.75, '0:atom_Ring_count:kDelta': 0.85, '0:atom_RingSize_list:kConv': 0.85, '0:atom_Hcount:kDelta': 0.75, '0:atom_AtomicNumber_count_1:kDelta': 1.0, '0:atom_AtomicNumber_count_2:kDelta': 0.8, '0:atom_Chiral:kDelta': 0.95, '0:bond_Order:kDelta': 1.0, '0:bond_Stereo:kDelta': 0.95, '0:bond_RingStereo:kDelta': 0.75, '0:q:q': 0.4, '1:features_kernel:Matern32': 7.0, '2:features_kernel:Matern32': 29.0, '3:features_kernel:Matern32': 3.0, '4:features_kernel:Matern32': 20.0, '5:features_kernel:Matern32': 19.0, '6:features_kernel:Matern32': 15.0, '7:features_kernel:Matern32': 5.0, '8:features_kernel:Matern32': 8.0, '9:features_kernel:Matern32': 22.0, '10:features_kernel:Matern32': 29.0, '11:features_kernel:Matern32': 28.0, 'alpha': 0.074}. Best is trial 3 with value: 9.694288944198153.
[I 2026-05-06 23:55:05,240] Trial 8 finished with value: 10.381536943386811 and parameters: {'0:atom_AtomicNumber:kDelta': 0.8, '0:atom_AtomicNumber_list_1:kConv': 0.95, '0:atom_AtomicNumber_list_2:kConv': 0.8, '0:atom_AtomicNumber_list_3:kConv': 0.8, '0:atom_AtomicNumber_list_4:kConv': 0.95, '0:atom_MorganHash:kDelta': 0.95, '0:atom_Ring_count:kDelta': 0.8, '0:atom_RingSize_list:kConv': 0.75, '0:atom_Hcount:kDelta': 0.75, '0:atom_AtomicNumber_count_1:kDelta': 0.85, '0:atom_AtomicNumber_count_2:kDelta': 0.95, '0:atom_Chiral:kDelta': 0.8, '0:bond_Order:kDelta': 0.9, '0:bond_Stereo:kDelta': 0.8, '0:bond_RingStereo:kDelta': 0.8, '0:q:q': 0.35000000000000003, '1:features_kernel:Matern32': 16.0, '2:features_kernel:Matern32': 27.0, '3:features_kernel:Matern32': 25.0, '4:features_kernel:Matern32': 9.0, '5:features_kernel:Matern32': 1.0, '6:features_kernel:Matern32': 20.0, '7:features_kernel:Matern32': 27.0, '8:features_kernel:Matern32': 26.0, '9:features_kernel:Matern32': 1.0, '10:features_kernel:Matern32': 5.0, '11:features_kernel:Matern32': 6.0, 'alpha': 0.029}. Best is trial 3 with value: 9.694288944198153.
[I 2026-05-06 23:55:10,081] Trial 9 finished with value: 10.738962304721507 and parameters: {'0:atom_AtomicNumber:kDelta': 0.8, '0:atom_AtomicNumber_list_1:kConv': 0.75, '0:atom_AtomicNumber_list_2:kConv': 0.85, '0:atom_AtomicNumber_list_3:kConv': 1.0, '0:atom_AtomicNumber_list_4:kConv': 0.75, '0:atom_MorganHash:kDelta': 0.95, '0:atom_Ring_count:kDelta': 0.75, '0:atom_RingSize_list:kConv': 0.75, '0:atom_Hcount:kDelta': 0.85, '0:atom_AtomicNumber_count_1:kDelta': 1.0, '0:atom_AtomicNumber_count_2:kDelta': 0.8, '0:atom_Chiral:kDelta': 1.0, '0:bond_Order:kDelta': 0.75, '0:bond_Stereo:kDelta': 1.0, '0:bond_RingStereo:kDelta': 0.9, '0:q:q': 0.42000000000000004, '1:features_kernel:Matern32': 15.0, '2:features_kernel:Matern32': 8.0, '3:features_kernel:Matern32': 26.0, '4:features_kernel:Matern32': 11.0, '5:features_kernel:Matern32': 22.0, '6:features_kernel:Matern32': 29.0, '7:features_kernel:Matern32': 28.0, '8:features_kernel:Matern32': 16.0, '9:features_kernel:Matern32': 8.0, '10:features_kernel:Matern32': 24.0, '11:features_kernel:Matern32': 2.0, 'alpha': 0.09}. Best is trial 3 with value: 9.694288944198153.
[I 2026-05-06 23:55:15,279] Trial 10 finished with value: 10.189815829545877 and parameters: {'0:atom_AtomicNumber:kDelta': 0.9, '0:atom_AtomicNumber_list_1:kConv': 0.8, '0:atom_AtomicNumber_list_2:kConv': 0.9, '0:atom_AtomicNumber_list_3:kConv': 0.85, '0:atom_AtomicNumber_list_4:kConv': 0.95, '0:atom_MorganHash:kDelta': 0.85, '0:atom_Ring_count:kDelta': 1.0, '0:atom_RingSize_list:kConv': 0.95, '0:atom_Hcount:kDelta': 1.0, '0:atom_AtomicNumber_count_1:kDelta': 0.9, '0:atom_AtomicNumber_count_2:kDelta': 1.0, '0:atom_Chiral:kDelta': 0.75, '0:bond_Order:kDelta': 0.85, '0:bond_Stereo:kDelta': 0.75, '0:bond_RingStereo:kDelta': 0.95, '0:q:q': 0.24000000000000002, '1:features_kernel:Matern32': 24.0, '2:features_kernel:Matern32': 21.0, '3:features_kernel:Matern32': 12.0, '4:features_kernel:Matern32': 3.0, '5:features_kernel:Matern32': 14.0, '6:features_kernel:Matern32': 21.0, '7:features_kernel:Matern32': 24.0, '8:features_kernel:Matern32': 3.0, '9:features_kernel:Matern32': 15.0, '10:features_kernel:Matern32': 11.0, '11:features_kernel:Matern32': 30.0, 'alpha': 0.042}. Best is trial 3 with value: 9.694288944198153.
[I 2026-05-06 23:55:20,340] Trial 11 finished with value: 10.649917853509587 and parameters: {'0:atom_AtomicNumber:kDelta': 0.85, '0:atom_AtomicNumber_list_1:kConv': 0.85, '0:atom_AtomicNumber_list_2:kConv': 0.9, '0:atom_AtomicNumber_list_3:kConv': 0.85, '0:atom_AtomicNumber_list_4:kConv': 0.85, '0:atom_MorganHash:kDelta': 0.8, '0:atom_Ring_count:kDelta': 0.9, '0:atom_RingSize_list:kConv': 0.9, '0:atom_Hcount:kDelta': 0.8, '0:atom_AtomicNumber_count_1:kDelta': 0.75, '0:atom_AtomicNumber_count_2:kDelta': 1.0, '0:atom_Chiral:kDelta': 0.75, '0:bond_Order:kDelta': 0.9, '0:bond_Stereo:kDelta': 0.8, '0:bond_RingStereo:kDelta': 0.9, '0:q:q': 0.23, '1:features_kernel:Matern32': 21.0, '2:features_kernel:Matern32': 1.0, '3:features_kernel:Matern32': 7.0, '4:features_kernel:Matern32': 1.0, '5:features_kernel:Matern32': 30.0, '6:features_kernel:Matern32': 11.0, '7:features_kernel:Matern32': 2.0, '8:features_kernel:Matern32': 10.0, '9:features_kernel:Matern32': 20.0, '10:features_kernel:Matern32': 17.0, '11:features_kernel:Matern32': 22.0, 'alpha': 0.002}. Best is trial 3 with value: 9.694288944198153.
[I 2026-05-06 23:55:25,919] Trial 12 finished with value: 9.695731919427654 and parameters: {'0:atom_AtomicNumber:kDelta': 0.8, '0:atom_AtomicNumber_list_1:kConv': 0.9, '0:atom_AtomicNumber_list_2:kConv': 1.0, '0:atom_AtomicNumber_list_3:kConv': 0.8, '0:atom_AtomicNumber_list_4:kConv': 0.85, '0:atom_MorganHash:kDelta': 0.8, '0:atom_Ring_count:kDelta': 0.8, '0:atom_RingSize_list:kConv': 0.8, '0:atom_Hcount:kDelta': 0.8, '0:atom_AtomicNumber_count_1:kDelta': 0.75, '0:atom_AtomicNumber_count_2:kDelta': 0.95, '0:atom_Chiral:kDelta': 0.85, '0:bond_Order:kDelta': 0.95, '0:bond_Stereo:kDelta': 0.8, '0:bond_RingStereo:kDelta': 0.9, '0:q:q': 0.17, '1:features_kernel:Matern32': 19.0, '2:features_kernel:Matern32': 19.0, '3:features_kernel:Matern32': 8.0, '4:features_kernel:Matern32': 5.0, '5:features_kernel:Matern32': 14.0, '6:features_kernel:Matern32': 8.0, '7:features_kernel:Matern32': 13.0, '8:features_kernel:Matern32': 1.0, '9:features_kernel:Matern32': 14.0, '10:features_kernel:Matern32': 30.0, '11:features_kernel:Matern32': 23.0, 'alpha': 0.004}. Best is trial 3 with value: 9.694288944198153.
[I 2026-05-06 23:55:30,343] Trial 13 finished with value: 10.020376492856567 and parameters: {'0:atom_AtomicNumber:kDelta': 0.85, '0:atom_AtomicNumber_list_1:kConv': 0.85, '0:atom_AtomicNumber_list_2:kConv': 0.75, '0:atom_AtomicNumber_list_3:kConv': 0.8, '0:atom_AtomicNumber_list_4:kConv': 0.8, '0:atom_MorganHash:kDelta': 0.8, '0:atom_Ring_count:kDelta': 0.95, '0:atom_RingSize_list:kConv': 0.9, '0:atom_Hcount:kDelta': 0.8, '0:atom_AtomicNumber_count_1:kDelta': 0.75, '0:atom_AtomicNumber_count_2:kDelta': 1.0, '0:atom_Chiral:kDelta': 0.85, '0:bond_Order:kDelta': 0.95, '0:bond_Stereo:kDelta': 0.85, '0:bond_RingStereo:kDelta': 0.95, '0:q:q': 0.49, '1:features_kernel:Matern32': 21.0, '2:features_kernel:Matern32': 22.0, '3:features_kernel:Matern32': 12.0, '4:features_kernel:Matern32': 7.0, '5:features_kernel:Matern32': 14.0, '6:features_kernel:Matern32': 6.0, '7:features_kernel:Matern32': 15.0, '8:features_kernel:Matern32': 1.0, '9:features_kernel:Matern32': 14.0, '10:features_kernel:Matern32': 8.0, '11:features_kernel:Matern32': 25.0, 'alpha': 0.027000000000000003}. Best is trial 3 with value: 9.694288944198153.
[I 2026-05-06 23:55:35,739] Trial 14 finished with value: 11.807829065991232 and parameters: {'0:atom_AtomicNumber:kDelta': 0.8, '0:atom_AtomicNumber_list_1:kConv': 1.0, '0:atom_AtomicNumber_list_2:kConv': 1.0, '0:atom_AtomicNumber_list_3:kConv': 0.95, '0:atom_AtomicNumber_list_4:kConv': 0.95, '0:atom_MorganHash:kDelta': 0.8, '0:atom_Ring_count:kDelta': 0.95, '0:atom_RingSize_list:kConv': 1.0, '0:atom_Hcount:kDelta': 1.0, '0:atom_AtomicNumber_count_1:kDelta': 0.85, '0:atom_AtomicNumber_count_2:kDelta': 0.9, '0:atom_Chiral:kDelta': 0.9, '0:bond_Order:kDelta': 0.95, '0:bond_Stereo:kDelta': 0.75, '0:bond_RingStereo:kDelta': 0.8, '0:q:q': 0.2, '1:features_kernel:Matern32': 29.0, '2:features_kernel:Matern32': 20.0, '3:features_kernel:Matern32': 9.0, '4:features_kernel:Matern32': 16.0, '5:features_kernel:Matern32': 11.0, '6:features_kernel:Matern32': 1.0, '7:features_kernel:Matern32': 13.0, '8:features_kernel:Matern32': 5.0, '9:features_kernel:Matern32': 12.0, '10:features_kernel:Matern32': 18.0, '11:features_kernel:Matern32': 15.0, 'alpha': 0.051000000000000004}. Best is trial 3 with value: 9.694288944198153.
[I 2026-05-06 23:55:40,548] Trial 15 finished with value: 9.53003005832217 and parameters: {'0:atom_AtomicNumber:kDelta': 0.9, '0:atom_AtomicNumber_list_1:kConv': 0.75, '0:atom_AtomicNumber_list_2:kConv': 0.85, '0:atom_AtomicNumber_list_3:kConv': 0.8, '0:atom_AtomicNumber_list_4:kConv': 0.85, '0:atom_MorganHash:kDelta': 0.8, '0:atom_Ring_count:kDelta': 0.8, '0:atom_RingSize_list:kConv': 0.8, '0:atom_Hcount:kDelta': 0.8, '0:atom_AtomicNumber_count_1:kDelta': 0.75, '0:atom_AtomicNumber_count_2:kDelta': 0.95, '0:atom_Chiral:kDelta': 0.85, '0:bond_Order:kDelta': 0.85, '0:bond_Stereo:kDelta': 0.85, '0:bond_RingStereo:kDelta': 0.85, '0:q:q': 0.3, '1:features_kernel:Matern32': 20.0, '2:features_kernel:Matern32': 30.0, '3:features_kernel:Matern32': 17.0, '4:features_kernel:Matern32': 6.0, '5:features_kernel:Matern32': 20.0, '6:features_kernel:Matern32': 19.0, '7:features_kernel:Matern32': 21.0, '8:features_kernel:Matern32': 11.0, '9:features_kernel:Matern32': 19.0, '10:features_kernel:Matern32': 30.0, '11:features_kernel:Matern32': 18.0, 'alpha': 0.001}. Best is trial 15 with value: 9.53003005832217.
[I 2026-05-06 23:55:45,648] Trial 16 finished with value: 10.379656607063362 and parameters: {'0:atom_AtomicNumber:kDelta': 0.9, '0:atom_AtomicNumber_list_1:kConv': 0.75, '0:atom_AtomicNumber_list_2:kConv': 0.85, '0:atom_AtomicNumber_list_3:kConv': 0.85, '0:atom_AtomicNumber_list_4:kConv': 0.8, '0:atom_MorganHash:kDelta': 0.75, '0:atom_Ring_count:kDelta': 0.85, '0:atom_RingSize_list:kConv': 0.85, '0:atom_Hcount:kDelta': 0.85, '0:atom_AtomicNumber_count_1:kDelta': 0.8, '0:atom_AtomicNumber_count_2:kDelta': 1.0, '0:atom_Chiral:kDelta': 0.9, '0:bond_Order:kDelta': 0.8, '0:bond_Stereo:kDelta': 0.85, '0:bond_RingStereo:kDelta': 0.8, '0:q:q': 0.3, '1:features_kernel:Matern32': 24.0, '2:features_kernel:Matern32': 25.0, '3:features_kernel:Matern32': 17.0, '4:features_kernel:Matern32': 13.0, '5:features_kernel:Matern32': 19.0, '6:features_kernel:Matern32': 20.0, '7:features_kernel:Matern32': 21.0, '8:features_kernel:Matern32': 12.0, '9:features_kernel:Matern32': 20.0, '10:features_kernel:Matern32': 8.0, '11:features_kernel:Matern32': 17.0, 'alpha': 0.022000000000000002}. Best is trial 15 with value: 9.53003005832217.
[I 2026-05-06 23:55:50,590] Trial 17 finished with value: 10.805427026828722 and parameters: {'0:atom_AtomicNumber:kDelta': 0.95, '0:atom_AtomicNumber_list_1:kConv': 0.75, '0:atom_AtomicNumber_list_2:kConv': 0.85, '0:atom_AtomicNumber_list_3:kConv': 0.9, '0:atom_AtomicNumber_list_4:kConv': 0.9, '0:atom_MorganHash:kDelta': 0.85, '0:atom_Ring_count:kDelta': 0.9, '0:atom_RingSize_list:kConv': 0.9, '0:atom_Hcount:kDelta': 0.95, '0:atom_AtomicNumber_count_1:kDelta': 0.9, '0:atom_AtomicNumber_count_2:kDelta': 0.9, '0:atom_Chiral:kDelta': 0.8, '0:bond_Order:kDelta': 0.85, '0:bond_Stereo:kDelta': 0.9, '0:bond_RingStereo:kDelta': 0.85, '0:q:q': 0.3, '1:features_kernel:Matern32': 24.0, '2:features_kernel:Matern32': 30.0, '3:features_kernel:Matern32': 20.0, '4:features_kernel:Matern32': 7.0, '5:features_kernel:Matern32': 19.0, '6:features_kernel:Matern32': 25.0, '7:features_kernel:Matern32': 21.0, '8:features_kernel:Matern32': 13.0, '9:features_kernel:Matern32': 18.0, '10:features_kernel:Matern32': 20.0, '11:features_kernel:Matern32': 12.0, 'alpha': 0.042}. Best is trial 15 with value: 9.53003005832217.
[I 2026-05-06 23:55:55,531] Trial 18 finished with value: 11.181191444037406 and parameters: {'0:atom_AtomicNumber:kDelta': 0.85, '0:atom_AtomicNumber_list_1:kConv': 0.8, '0:atom_AtomicNumber_list_2:kConv': 0.75, '0:atom_AtomicNumber_list_3:kConv': 0.8, '0:atom_AtomicNumber_list_4:kConv': 1.0, '0:atom_MorganHash:kDelta': 0.8, '0:atom_Ring_count:kDelta': 0.8, '0:atom_RingSize_list:kConv': 0.8, '0:atom_Hcount:kDelta': 0.8, '0:atom_AtomicNumber_count_1:kDelta': 0.85, '0:atom_AtomicNumber_count_2:kDelta': 0.95, '0:atom_Chiral:kDelta': 0.9, '0:bond_Order:kDelta': 0.85, '0:bond_Stereo:kDelta': 0.85, '0:bond_RingStereo:kDelta': 0.75, '0:q:q': 0.29000000000000004, '1:features_kernel:Matern32': 18.0, '2:features_kernel:Matern32': 24.0, '3:features_kernel:Matern32': 29.0, '4:features_kernel:Matern32': 16.0, '5:features_kernel:Matern32': 26.0, '6:features_kernel:Matern32': 18.0, '7:features_kernel:Matern32': 30.0, '8:features_kernel:Matern32': 20.0, '9:features_kernel:Matern32': 24.0, '10:features_kernel:Matern32': 13.0, '11:features_kernel:Matern32': 19.0, 'alpha': 0.058}. Best is trial 15 with value: 9.53003005832217.
[I 2026-05-06 23:56:00,482] Trial 19 finished with value: 10.420431269388649 and parameters: {'0:atom_AtomicNumber:kDelta': 0.9, '0:atom_AtomicNumber_list_1:kConv': 0.75, '0:atom_AtomicNumber_list_2:kConv': 0.9, '0:atom_AtomicNumber_list_3:kConv': 0.95, '0:atom_AtomicNumber_list_4:kConv': 0.95, '0:atom_MorganHash:kDelta': 0.9, '0:atom_Ring_count:kDelta': 1.0, '0:atom_RingSize_list:kConv': 0.95, '0:atom_Hcount:kDelta': 0.75, '0:atom_AtomicNumber_count_1:kDelta': 0.75, '0:atom_AtomicNumber_count_2:kDelta': 0.85, '0:atom_Chiral:kDelta': 0.85, '0:bond_Order:kDelta': 0.8, '0:bond_Stereo:kDelta': 0.75, '0:bond_RingStereo:kDelta': 0.85, '0:q:q': 0.4, '1:features_kernel:Matern32': 11.0, '2:features_kernel:Matern32': 30.0, '3:features_kernel:Matern32': 15.0, '4:features_kernel:Matern32': 1.0, '5:features_kernel:Matern32': 21.0, '6:features_kernel:Matern32': 26.0, '7:features_kernel:Matern32': 24.0, '8:features_kernel:Matern32': 9.0, '9:features_kernel:Matern32': 7.0, '10:features_kernel:Matern32': 6.0, '11:features_kernel:Matern32': 26.0, 'alpha': 0.037000000000000005}. Best is trial 15 with value: 9.53003005832217.
[I 2026-05-06 23:56:04,943] Trial 20 finished with value: 10.340811623677855 and parameters: {'0:atom_AtomicNumber:kDelta': 0.95, '0:atom_AtomicNumber_list_1:kConv': 0.85, '0:atom_AtomicNumber_list_2:kConv': 0.85, '0:atom_AtomicNumber_list_3:kConv': 0.85, '0:atom_AtomicNumber_list_4:kConv': 0.9, '0:atom_MorganHash:kDelta': 0.75, '0:atom_Ring_count:kDelta': 0.75, '0:atom_RingSize_list:kConv': 0.75, '0:atom_Hcount:kDelta': 0.85, '0:atom_AtomicNumber_count_1:kDelta': 0.8, '0:atom_AtomicNumber_count_2:kDelta': 1.0, '0:atom_Chiral:kDelta': 0.8, '0:bond_Order:kDelta': 0.75, '0:bond_Stereo:kDelta': 0.9, '0:bond_RingStereo:kDelta': 0.8, '0:q:q': 0.5, '1:features_kernel:Matern32': 27.0, '2:features_kernel:Matern32': 17.0, '3:features_kernel:Matern32': 21.0, '4:features_kernel:Matern32': 24.0, '5:features_kernel:Matern32': 27.0, '6:features_kernel:Matern32': 23.0, '7:features_kernel:Matern32': 24.0, '8:features_kernel:Matern32': 6.0, '9:features_kernel:Matern32': 25.0, '10:features_kernel:Matern32': 11.0, '11:features_kernel:Matern32': 13.0, 'alpha': 0.015}. Best is trial 15 with value: 9.53003005832217.
[I 2026-05-06 23:56:10,046] Trial 21 finished with value: 9.6823552612219 and parameters: {'0:atom_AtomicNumber:kDelta': 0.8, '0:atom_AtomicNumber_list_1:kConv': 0.9, '0:atom_AtomicNumber_list_2:kConv': 0.9, '0:atom_AtomicNumber_list_3:kConv': 0.8, '0:atom_AtomicNumber_list_4:kConv': 0.85, '0:atom_MorganHash:kDelta': 0.8, '0:atom_Ring_count:kDelta': 0.8, '0:atom_RingSize_list:kConv': 0.8, '0:atom_Hcount:kDelta': 0.8, '0:atom_AtomicNumber_count_1:kDelta': 0.75, '0:atom_AtomicNumber_count_2:kDelta': 0.95, '0:atom_Chiral:kDelta': 0.85, '0:bond_Order:kDelta': 0.95, '0:bond_Stereo:kDelta': 0.8, '0:bond_RingStereo:kDelta': 0.9, '0:q:q': 0.19, '1:features_kernel:Matern32': 19.0, '2:features_kernel:Matern32': 18.0, '3:features_kernel:Matern32': 9.0, '4:features_kernel:Matern32': 6.0, '5:features_kernel:Matern32': 16.0, '6:features_kernel:Matern32': 10.0, '7:features_kernel:Matern32': 15.0, '8:features_kernel:Matern32': 1.0, '9:features_kernel:Matern32': 17.0, '10:features_kernel:Matern32': 29.0, '11:features_kernel:Matern32': 23.0, 'alpha': 0.005}. Best is trial 15 with value: 9.53003005832217.
[I 2026-05-06 23:56:15,385] Trial 22 finished with value: 9.64466619152795 and parameters: {'0:atom_AtomicNumber:kDelta': 0.85, '0:atom_AtomicNumber_list_1:kConv': 0.8, '0:atom_AtomicNumber_list_2:kConv': 0.9, '0:atom_AtomicNumber_list_3:kConv': 0.8, '0:atom_AtomicNumber_list_4:kConv': 0.85, '0:atom_MorganHash:kDelta': 0.8, '0:atom_Ring_count:kDelta': 0.8, '0:atom_RingSize_list:kConv': 0.85, '0:atom_Hcount:kDelta': 0.8, '0:atom_AtomicNumber_count_1:kDelta': 0.75, '0:atom_AtomicNumber_count_2:kDelta': 0.95, '0:atom_Chiral:kDelta': 0.85, '0:bond_Order:kDelta': 0.95, '0:bond_Stereo:kDelta': 0.85, '0:bond_RingStereo:kDelta': 0.95, '0:q:q': 0.2, '1:features_kernel:Matern32': 21.0, '2:features_kernel:Matern32': 27.0, '3:features_kernel:Matern32': 14.0, '4:features_kernel:Matern32': 7.0, '5:features_kernel:Matern32': 17.0, '6:features_kernel:Matern32': 11.0, '7:features_kernel:Matern32': 19.0, '8:features_kernel:Matern32': 3.0, '9:features_kernel:Matern32': 17.0, '10:features_kernel:Matern32': 27.0, '11:features_kernel:Matern32': 19.0, 'alpha': 0.010000000000000002}. Best is trial 15 with value: 9.53003005832217.
[I 2026-05-06 23:56:20,568] Trial 23 finished with value: 9.476414780599544 and parameters: {'0:atom_AtomicNumber:kDelta': 0.85, '0:atom_AtomicNumber_list_1:kConv': 0.85, '0:atom_AtomicNumber_list_2:kConv': 0.9, '0:atom_AtomicNumber_list_3:kConv': 0.8, '0:atom_AtomicNumber_list_4:kConv': 0.85, '0:atom_MorganHash:kDelta': 0.85, '0:atom_Ring_count:kDelta': 0.8, '0:atom_RingSize_list:kConv': 0.85, '0:atom_Hcount:kDelta': 0.8, '0:atom_AtomicNumber_count_1:kDelta': 0.8, '0:atom_AtomicNumber_count_2:kDelta': 0.9, '0:atom_Chiral:kDelta': 0.85, '0:bond_Order:kDelta': 0.95, '0:bond_Stereo:kDelta': 0.85, '0:bond_RingStereo:kDelta': 0.95, '0:q:q': 0.2, '1:features_kernel:Matern32': 18.0, '2:features_kernel:Matern32': 23.0, '3:features_kernel:Matern32': 14.0, '4:features_kernel:Matern32': 5.0, '5:features_kernel:Matern32': 17.0, '6:features_kernel:Matern32': 17.0, '7:features_kernel:Matern32': 17.0, '8:features_kernel:Matern32': 3.0, '9:features_kernel:Matern32': 17.0, '10:features_kernel:Matern32': 27.0, '11:features_kernel:Matern32': 19.0, 'alpha': 0.001}. Best is trial 23 with value: 9.476414780599544.
[I 2026-05-06 23:56:26,130] Trial 24 finished with value: 9.571996378211772 and parameters: {'0:atom_AtomicNumber:kDelta': 0.85, '0:atom_AtomicNumber_list_1:kConv': 0.85, '0:atom_AtomicNumber_list_2:kConv': 0.95, '0:atom_AtomicNumber_list_3:kConv': 0.8, '0:atom_AtomicNumber_list_4:kConv': 0.8, '0:atom_MorganHash:kDelta': 0.85, '0:atom_Ring_count:kDelta': 0.75, '0:atom_RingSize_list:kConv': 0.85, '0:atom_Hcount:kDelta': 0.9, '0:atom_AtomicNumber_count_1:kDelta': 0.8, '0:atom_AtomicNumber_count_2:kDelta': 0.9, '0:atom_Chiral:kDelta': 0.9, '0:bond_Order:kDelta': 1.0, '0:bond_Stereo:kDelta': 0.85, '0:bond_RingStereo:kDelta': 0.95, '0:q:q': 0.09, '1:features_kernel:Matern32': 26.0, '2:features_kernel:Matern32': 23.0, '3:features_kernel:Matern32': 15.0, '4:features_kernel:Matern32': 3.0, '5:features_kernel:Matern32': 11.0, '6:features_kernel:Matern32': 18.0, '7:features_kernel:Matern32': 19.0, '8:features_kernel:Matern32': 12.0, '9:features_kernel:Matern32': 18.0, '10:features_kernel:Matern32': 27.0, '11:features_kernel:Matern32': 19.0, 'alpha': 0.001}. Best is trial 23 with value: 9.476414780599544.
[I 2026-05-06 23:56:32,334] Trial 25 finished with value: 9.594395479773498 and parameters: {'0:atom_AtomicNumber:kDelta': 0.9, '0:atom_AtomicNumber_list_1:kConv': 0.85, '0:atom_AtomicNumber_list_2:kConv': 0.95, '0:atom_AtomicNumber_list_3:kConv': 0.75, '0:atom_AtomicNumber_list_4:kConv': 0.8, '0:atom_MorganHash:kDelta': 0.85, '0:atom_Ring_count:kDelta': 0.75, '0:atom_RingSize_list:kConv': 0.85, '0:atom_Hcount:kDelta': 0.9, '0:atom_AtomicNumber_count_1:kDelta': 0.8, '0:atom_AtomicNumber_count_2:kDelta': 0.9, '0:atom_Chiral:kDelta': 0.9, '0:bond_Order:kDelta': 1.0, '0:bond_Stereo:kDelta': 0.85, '0:bond_RingStereo:kDelta': 1.0, '0:q:q': 0.02, '1:features_kernel:Matern32': 25.0, '2:features_kernel:Matern32': 23.0, '3:features_kernel:Matern32': 18.0, '4:features_kernel:Matern32': 3.0, '5:features_kernel:Matern32': 11.0, '6:features_kernel:Matern32': 17.0, '7:features_kernel:Matern32': 18.0, '8:features_kernel:Matern32': 13.0, '9:features_kernel:Matern32': 20.0, '10:features_kernel:Matern32': 21.0, '11:features_kernel:Matern32': 16.0, 'alpha': 0.003}. Best is trial 23 with value: 9.476414780599544.
[I 2026-05-06 23:56:37,921] Trial 26 finished with value: 10.052717523923187 and parameters: {'0:atom_AtomicNumber:kDelta': 0.85, '0:atom_AtomicNumber_list_1:kConv': 0.85, '0:atom_AtomicNumber_list_2:kConv': 0.95, '0:atom_AtomicNumber_list_3:kConv': 0.8, '0:atom_AtomicNumber_list_4:kConv': 0.8, '0:atom_MorganHash:kDelta': 0.9, '0:atom_Ring_count:kDelta': 0.75, '0:atom_RingSize_list:kConv': 0.9, '0:atom_Hcount:kDelta': 0.95, '0:atom_AtomicNumber_count_1:kDelta': 0.8, '0:atom_AtomicNumber_count_2:kDelta': 0.85, '0:atom_Chiral:kDelta': 0.9, '0:bond_Order:kDelta': 1.0, '0:bond_Stereo:kDelta': 0.9, '0:bond_RingStereo:kDelta': 0.95, '0:q:q': 0.09, '1:features_kernel:Matern32': 26.0, '2:features_kernel:Matern32': 23.0, '3:features_kernel:Matern32': 24.0, '4:features_kernel:Matern32': 1.0, '5:features_kernel:Matern32': 10.0, '6:features_kernel:Matern32': 17.0, '7:features_kernel:Matern32': 12.0, '8:features_kernel:Matern32': 11.0, '9:features_kernel:Matern32': 23.0, '10:features_kernel:Matern32': 27.0, '11:features_kernel:Matern32': 18.0, 'alpha': 0.029}. Best is trial 23 with value: 9.476414780599544.
[I 2026-05-06 23:56:43,673] Trial 27 finished with value: 9.996479392911958 and parameters: {'0:atom_AtomicNumber:kDelta': 0.9, '0:atom_AtomicNumber_list_1:kConv': 1.0, '0:atom_AtomicNumber_list_2:kConv': 0.9, '0:atom_AtomicNumber_list_3:kConv': 0.8, '0:atom_AtomicNumber_list_4:kConv': 0.75, '0:atom_MorganHash:kDelta': 0.85, '0:atom_Ring_count:kDelta': 0.85, '0:atom_RingSize_list:kConv': 0.8, '0:atom_Hcount:kDelta': 0.95, '0:atom_AtomicNumber_count_1:kDelta': 0.85, '0:atom_AtomicNumber_count_2:kDelta': 0.9, '0:atom_Chiral:kDelta': 1.0, '0:bond_Order:kDelta': 0.9, '0:bond_Stereo:kDelta': 0.85, '0:bond_RingStereo:kDelta': 1.0, '0:q:q': 0.08, '1:features_kernel:Matern32': 1.0, '2:features_kernel:Matern32': 14.0, '3:features_kernel:Matern32': 14.0, '4:features_kernel:Matern32': 4.0, '5:features_kernel:Matern32': 10.0, '6:features_kernel:Matern32': 24.0, '7:features_kernel:Matern32': 16.0, '8:features_kernel:Matern32': 14.0, '9:features_kernel:Matern32': 26.0, '10:features_kernel:Matern32': 27.0, '11:features_kernel:Matern32': 10.0, 'alpha': 0.010000000000000002}. Best is trial 23 with value: 9.476414780599544.
[I 2026-05-06 23:56:48,742] Trial 28 finished with value: 10.78788959676083 and parameters: {'0:atom_AtomicNumber:kDelta': 0.95, '0:atom_AtomicNumber_list_1:kConv': 0.85, '0:atom_AtomicNumber_list_2:kConv': 0.95, '0:atom_AtomicNumber_list_3:kConv': 0.85, '0:atom_AtomicNumber_list_4:kConv': 0.8, '0:atom_MorganHash:kDelta': 0.9, '0:atom_Ring_count:kDelta': 0.75, '0:atom_RingSize_list:kConv': 0.85, '0:atom_Hcount:kDelta': 0.9, '0:atom_AtomicNumber_count_1:kDelta': 0.9, '0:atom_AtomicNumber_count_2:kDelta': 0.85, '0:atom_Chiral:kDelta': 0.95, '0:bond_Order:kDelta': 1.0, '0:bond_Stereo:kDelta': 0.9, '0:bond_RingStereo:kDelta': 0.95, '0:q:q': 0.35000000000000003, '1:features_kernel:Matern32': 17.0, '2:features_kernel:Matern32': 27.0, '3:features_kernel:Matern32': 19.0, '4:features_kernel:Matern32': 13.0, '5:features_kernel:Matern32': 8.0, '6:features_kernel:Matern32': 14.0, '7:features_kernel:Matern32': 23.0, '8:features_kernel:Matern32': 20.0, '9:features_kernel:Matern32': 12.0, '10:features_kernel:Matern32': 20.0, '11:features_kernel:Matern32': 14.0, 'alpha': 0.062}. Best is trial 23 with value: 9.476414780599544.
[I 2026-05-06 23:56:53,674] Trial 29 finished with value: 10.591329152029559 and parameters: {'0:atom_AtomicNumber:kDelta': 0.85, '0:atom_AtomicNumber_list_1:kConv': 0.8, '0:atom_AtomicNumber_list_2:kConv': 0.95, '0:atom_AtomicNumber_list_3:kConv': 0.75, '0:atom_AtomicNumber_list_4:kConv': 0.85, '0:atom_MorganHash:kDelta': 0.85, '0:atom_Ring_count:kDelta': 0.8, '0:atom_RingSize_list:kConv': 0.75, '0:atom_Hcount:kDelta': 0.85, '0:atom_AtomicNumber_count_1:kDelta': 0.95, '0:atom_AtomicNumber_count_2:kDelta': 0.9, '0:atom_Chiral:kDelta': 0.9, '0:bond_Order:kDelta': 0.85, '0:bond_Stereo:kDelta': 0.85, '0:bond_RingStereo:kDelta': 0.85, '0:q:q': 0.26, '1:features_kernel:Matern32': 30.0, '2:features_kernel:Matern32': 21.0, '3:features_kernel:Matern32': 16.0, '4:features_kernel:Matern32': 9.0, '5:features_kernel:Matern32': 23.0, '6:features_kernel:Matern32': 19.0, '7:features_kernel:Matern32': 10.0, '8:features_kernel:Matern32': 29.0, '9:features_kernel:Matern32': 18.0, '10:features_kernel:Matern32': 26.0, '11:features_kernel:Matern32': 20.0, 'alpha': 0.024}. Best is trial 23 with value: 9.476414780599544.
[I 2026-05-06 23:56:59,543] Trial 30 finished with value: 11.002716436725718 and parameters: {'0:atom_AtomicNumber:kDelta': 0.95, '0:atom_AtomicNumber_list_1:kConv': 0.75, '0:atom_AtomicNumber_list_2:kConv': 1.0, '0:atom_AtomicNumber_list_3:kConv': 0.8, '0:atom_AtomicNumber_list_4:kConv': 0.75, '0:atom_MorganHash:kDelta': 0.85, '0:atom_Ring_count:kDelta': 0.85, '0:atom_RingSize_list:kConv': 0.8, '0:atom_Hcount:kDelta': 0.9, '0:atom_AtomicNumber_count_1:kDelta': 0.85, '0:atom_AtomicNumber_count_2:kDelta': 0.8, '0:atom_Chiral:kDelta': 0.85, '0:bond_Order:kDelta': 0.95, '0:bond_Stereo:kDelta': 0.9, '0:bond_RingStereo:kDelta': 0.85, '0:q:q': 0.01, '1:features_kernel:Matern32': 12.0, '2:features_kernel:Matern32': 25.0, '3:features_kernel:Matern32': 23.0, '4:features_kernel:Matern32': 14.0, '5:features_kernel:Matern32': 18.0, '6:features_kernel:Matern32': 28.0, '7:features_kernel:Matern32': 26.0, '8:features_kernel:Matern32': 15.0, '9:features_kernel:Matern32': 22.0, '10:features_kernel:Matern32': 22.0, '11:features_kernel:Matern32': 20.0, 'alpha': 0.034}. Best is trial 23 with value: 9.476414780599544.
[I 2026-05-06 23:57:05,684] Trial 31 finished with value: 9.485023363647908 and parameters: {'0:atom_AtomicNumber:kDelta': 0.9, '0:atom_AtomicNumber_list_1:kConv': 0.85, '0:atom_AtomicNumber_list_2:kConv': 0.95, '0:atom_AtomicNumber_list_3:kConv': 0.75, '0:atom_AtomicNumber_list_4:kConv': 0.8, '0:atom_MorganHash:kDelta': 0.85, '0:atom_Ring_count:kDelta': 0.75, '0:atom_RingSize_list:kConv': 0.85, '0:atom_Hcount:kDelta': 0.9, '0:atom_AtomicNumber_count_1:kDelta': 0.8, '0:atom_AtomicNumber_count_2:kDelta': 0.9, '0:atom_Chiral:kDelta': 0.9, '0:bond_Order:kDelta': 1.0, '0:bond_Stereo:kDelta': 0.85, '0:bond_RingStereo:kDelta': 1.0, '0:q:q': 0.01, '1:features_kernel:Matern32': 25.0, '2:features_kernel:Matern32': 23.0, '3:features_kernel:Matern32': 18.0, '4:features_kernel:Matern32': 3.0, '5:features_kernel:Matern32': 12.0, '6:features_kernel:Matern32': 17.0, '7:features_kernel:Matern32': 19.0, '8:features_kernel:Matern32': 11.0, '9:features_kernel:Matern32': 19.0, '10:features_kernel:Matern32': 21.0, '11:features_kernel:Matern32': 16.0, 'alpha': 0.001}. Best is trial 23 with value: 9.476414780599544.
[I 2026-05-06 23:57:11,117] Trial 32 finished with value: 10.051023023176718 and parameters: {'0:atom_AtomicNumber:kDelta': 0.9, '0:atom_AtomicNumber_list_1:kConv': 0.9, '0:atom_AtomicNumber_list_2:kConv': 0.95, '0:atom_AtomicNumber_list_3:kConv': 0.75, '0:atom_AtomicNumber_list_4:kConv': 0.8, '0:atom_MorganHash:kDelta': 0.85, '0:atom_Ring_count:kDelta': 0.75, '0:atom_RingSize_list:kConv': 0.85, '0:atom_Hcount:kDelta': 0.9, '0:atom_AtomicNumber_count_1:kDelta': 0.8, '0:atom_AtomicNumber_count_2:kDelta': 0.9, '0:atom_Chiral:kDelta': 0.9, '0:bond_Order:kDelta': 1.0, '0:bond_Stereo:kDelta': 0.85, '0:bond_RingStereo:kDelta': 1.0, '0:q:q': 0.13, '1:features_kernel:Matern32': 23.0, '2:features_kernel:Matern32': 14.0, '3:features_kernel:Matern32': 12.0, '4:features_kernel:Matern32': 3.0, '5:features_kernel:Matern32': 13.0, '6:features_kernel:Matern32': 22.0, '7:features_kernel:Matern32': 20.0, '8:features_kernel:Matern32': 10.0, '9:features_kernel:Matern32': 20.0, '10:features_kernel:Matern32': 30.0, '11:features_kernel:Matern32': 16.0, 'alpha': 0.013000000000000001}. Best is trial 23 with value: 9.476414780599544.
[I 2026-05-06 23:57:16,998] Trial 33 finished with value: 9.39852410945022 and parameters: {'0:atom_AtomicNumber:kDelta': 0.9, '0:atom_AtomicNumber_list_1:kConv': 0.85, '0:atom_AtomicNumber_list_2:kConv': 0.95, '0:atom_AtomicNumber_list_3:kConv': 0.75, '0:atom_AtomicNumber_list_4:kConv': 0.85, '0:atom_MorganHash:kDelta': 0.9, '0:atom_Ring_count:kDelta': 0.75, '0:atom_RingSize_list:kConv': 0.85, '0:atom_Hcount:kDelta': 0.95, '0:atom_AtomicNumber_count_1:kDelta': 0.8, '0:atom_AtomicNumber_count_2:kDelta': 0.85, '0:atom_Chiral:kDelta': 0.95, '0:bond_Order:kDelta': 1.0, '0:bond_Stereo:kDelta': 0.85, '0:bond_RingStereo:kDelta': 1.0, '0:q:q': 0.05, '1:features_kernel:Matern32': 22.0, '2:features_kernel:Matern32': 28.0, '3:features_kernel:Matern32': 15.0, '4:features_kernel:Matern32': 5.0, '5:features_kernel:Matern32': 7.0, '6:features_kernel:Matern32': 16.0, '7:features_kernel:Matern32': 17.0, '8:features_kernel:Matern32': 18.0, '9:features_kernel:Matern32': 16.0, '10:features_kernel:Matern32': 28.0, '11:features_kernel:Matern32': 10.0, 'alpha': 0.001}. Best is trial 33 with value: 9.39852410945022.
[I 2026-05-06 23:57:23,047] Trial 34 finished with value: 9.986033665133164 and parameters: {'0:atom_AtomicNumber:kDelta': 0.9, '0:atom_AtomicNumber_list_1:kConv': 0.8, '0:atom_AtomicNumber_list_2:kConv': 0.9, '0:atom_AtomicNumber_list_3:kConv': 0.75, '0:atom_AtomicNumber_list_4:kConv': 0.9, '0:atom_MorganHash:kDelta': 0.9, '0:atom_Ring_count:kDelta': 0.8, '0:atom_RingSize_list:kConv': 0.9, '0:atom_Hcount:kDelta': 0.95, '0:atom_AtomicNumber_count_1:kDelta': 0.8, '0:atom_AtomicNumber_count_2:kDelta': 0.85, '0:atom_Chiral:kDelta': 0.95, '0:bond_Order:kDelta': 0.95, '0:bond_Stereo:kDelta': 0.8, '0:bond_RingStereo:kDelta': 1.0, '0:q:q': 0.05, '1:features_kernel:Matern32': 22.0, '2:features_kernel:Matern32': 28.0, '3:features_kernel:Matern32': 13.0, '4:features_kernel:Matern32': 9.0, '5:features_kernel:Matern32': 7.0, '6:features_kernel:Matern32': 16.0, '7:features_kernel:Matern32': 16.0, '8:features_kernel:Matern32': 20.0, '9:features_kernel:Matern32': 16.0, '10:features_kernel:Matern32': 28.0, '11:features_kernel:Matern32': 9.0, 'alpha': 0.019000000000000003}. Best is trial 33 with value: 9.39852410945022.
[I 2026-05-06 23:57:28,902] Trial 35 finished with value: 9.497165678621476 and parameters: {'0:atom_AtomicNumber:kDelta': 0.95, '0:atom_AtomicNumber_list_1:kConv': 0.85, '0:atom_AtomicNumber_list_2:kConv': 0.85, '0:atom_AtomicNumber_list_3:kConv': 0.75, '0:atom_AtomicNumber_list_4:kConv': 0.85, '0:atom_MorganHash:kDelta': 0.9, '0:atom_Ring_count:kDelta': 0.75, '0:atom_RingSize_list:kConv': 0.85, '0:atom_Hcount:kDelta': 0.95, '0:atom_AtomicNumber_count_1:kDelta': 0.8, '0:atom_AtomicNumber_count_2:kDelta': 0.85, '0:atom_Chiral:kDelta': 1.0, '0:bond_Order:kDelta': 1.0, '0:bond_Stereo:kDelta': 0.85, '0:bond_RingStereo:kDelta': 1.0, '0:q:q': 0.04, '1:features_kernel:Matern32': 19.0, '2:features_kernel:Matern32': 25.0, '3:features_kernel:Matern32': 18.0, '4:features_kernel:Matern32': 11.0, '5:features_kernel:Matern32': 3.0, '6:features_kernel:Matern32': 14.0, '7:features_kernel:Matern32': 22.0, '8:features_kernel:Matern32': 18.0, '9:features_kernel:Matern32': 12.0, '10:features_kernel:Matern32': 23.0, '11:features_kernel:Matern32': 6.0, 'alpha': 0.008}. Best is trial 33 with value: 9.39852410945022.
[I 2026-05-06 23:57:34,881] Trial 36 finished with value: 9.696611746799 and parameters: {'0:atom_AtomicNumber:kDelta': 0.95, '0:atom_AtomicNumber_list_1:kConv': 0.85, '0:atom_AtomicNumber_list_2:kConv': 0.9, '0:atom_AtomicNumber_list_3:kConv': 0.75, '0:atom_AtomicNumber_list_4:kConv': 0.85, '0:atom_MorganHash:kDelta': 0.95, '0:atom_Ring_count:kDelta': 0.75, '0:atom_RingSize_list:kConv': 0.85, '0:atom_Hcount:kDelta': 0.95, '0:atom_AtomicNumber_count_1:kDelta': 0.85, '0:atom_AtomicNumber_count_2:kDelta': 0.8, '0:atom_Chiral:kDelta': 1.0, '0:bond_Order:kDelta': 1.0, '0:bond_Stereo:kDelta': 0.95, '0:bond_RingStereo:kDelta': 1.0, '0:q:q': 0.04, '1:features_kernel:Matern32': 14.0, '2:features_kernel:Matern32': 26.0, '3:features_kernel:Matern32': 19.0, '4:features_kernel:Matern32': 18.0, '5:features_kernel:Matern32': 1.0, '6:features_kernel:Matern32': 13.0, '7:features_kernel:Matern32': 17.0, '8:features_kernel:Matern32': 18.0, '9:features_kernel:Matern32': 12.0, '10:features_kernel:Matern32': 23.0, '11:features_kernel:Matern32': 6.0, 'alpha': 0.010000000000000002}. Best is trial 33 with value: 9.39852410945022.
[I 2026-05-06 23:57:41,433] Trial 37 finished with value: 9.720492364023867 and parameters: {'0:atom_AtomicNumber:kDelta': 0.95, '0:atom_AtomicNumber_list_1:kConv': 0.9, '0:atom_AtomicNumber_list_2:kConv': 1.0, '0:atom_AtomicNumber_list_3:kConv': 0.75, '0:atom_AtomicNumber_list_4:kConv': 0.9, '0:atom_MorganHash:kDelta': 0.9, '0:atom_Ring_count:kDelta': 0.75, '0:atom_RingSize_list:kConv': 0.9, '0:atom_Hcount:kDelta': 1.0, '0:atom_AtomicNumber_count_1:kDelta': 0.8, '0:atom_AtomicNumber_count_2:kDelta': 0.85, '0:atom_Chiral:kDelta': 1.0, '0:bond_Order:kDelta': 1.0, '0:bond_Stereo:kDelta': 0.9, '0:bond_RingStereo:kDelta': 1.0, '0:q:q': 0.01, '1:features_kernel:Matern32': 17.0, '2:features_kernel:Matern32': 25.0, '3:features_kernel:Matern32': 11.0, '4:features_kernel:Matern32': 11.0, '5:features_kernel:Matern32': 4.0, '6:features_kernel:Matern32': 15.0, '7:features_kernel:Matern32': 22.0, '8:features_kernel:Matern32': 22.0, '9:features_kernel:Matern32': 9.0, '10:features_kernel:Matern32': 25.0, '11:features_kernel:Matern32': 6.0, 'alpha': 0.018000000000000002}. Best is trial 33 with value: 9.39852410945022.
[I 2026-05-06 23:57:47,089] Trial 38 finished with value: 9.552138581289395 and parameters: {'0:atom_AtomicNumber:kDelta': 1.0, '0:atom_AtomicNumber_list_1:kConv': 0.85, '0:atom_AtomicNumber_list_2:kConv': 0.8, '0:atom_AtomicNumber_list_3:kConv': 0.75, '0:atom_AtomicNumber_list_4:kConv': 0.85, '0:atom_MorganHash:kDelta': 1.0, '0:atom_Ring_count:kDelta': 0.75, '0:atom_RingSize_list:kConv': 0.85, '0:atom_Hcount:kDelta': 0.95, '0:atom_AtomicNumber_count_1:kDelta': 0.85, '0:atom_AtomicNumber_count_2:kDelta': 0.85, '0:atom_Chiral:kDelta': 0.95, '0:bond_Order:kDelta': 1.0, '0:bond_Stereo:kDelta': 0.8, '0:bond_RingStereo:kDelta': 1.0, '0:q:q': 0.12, '1:features_kernel:Matern32': 19.0, '2:features_kernel:Matern32': 19.0, '3:features_kernel:Matern32': 22.0, '4:features_kernel:Matern32': 5.0, '5:features_kernel:Matern32': 3.0, '6:features_kernel:Matern32': 13.0, '7:features_kernel:Matern32': 14.0, '8:features_kernel:Matern32': 18.0, '9:features_kernel:Matern32': 14.0, '10:features_kernel:Matern32': 18.0, '11:features_kernel:Matern32': 10.0, 'alpha': 0.007}. Best is trial 33 with value: 9.39852410945022.
[I 2026-05-06 23:57:52,876] Trial 39 finished with value: 9.768989535795237 and parameters: {'0:atom_AtomicNumber:kDelta': 0.95, '0:atom_AtomicNumber_list_1:kConv': 0.9, '0:atom_AtomicNumber_list_2:kConv': 0.95, '0:atom_AtomicNumber_list_3:kConv': 0.75, '0:atom_AtomicNumber_list_4:kConv': 0.9, '0:atom_MorganHash:kDelta': 0.9, '0:atom_Ring_count:kDelta': 0.75, '0:atom_RingSize_list:kConv': 0.9, '0:atom_Hcount:kDelta': 1.0, '0:atom_AtomicNumber_count_1:kDelta': 0.8, '0:atom_AtomicNumber_count_2:kDelta': 0.75, '0:atom_Chiral:kDelta': 0.95, '0:bond_Order:kDelta': 0.95, '0:bond_Stereo:kDelta': 0.95, '0:bond_RingStereo:kDelta': 0.95, '0:q:q': 0.06999999999999999, '1:features_kernel:Matern32': 10.0, '2:features_kernel:Matern32': 28.0, '3:features_kernel:Matern32': 16.0, '4:features_kernel:Matern32': 9.0, '5:features_kernel:Matern32': 7.0, '6:features_kernel:Matern32': 15.0, '7:features_kernel:Matern32': 11.0, '8:features_kernel:Matern32': 17.0, '9:features_kernel:Matern32': 4.0, '10:features_kernel:Matern32': 22.0, '11:features_kernel:Matern32': 1.0, 'alpha': 0.014000000000000002}. Best is trial 33 with value: 9.39852410945022.
[I 2026-05-06 23:57:58,528] Trial 40 finished with value: 9.52204369677787 and parameters: {'0:atom_AtomicNumber:kDelta': 0.9, '0:atom_AtomicNumber_list_1:kConv': 0.85, '0:atom_AtomicNumber_list_2:kConv': 0.85, '0:atom_AtomicNumber_list_3:kConv': 0.75, '0:atom_AtomicNumber_list_4:kConv': 0.85, '0:atom_MorganHash:kDelta': 0.95, '0:atom_Ring_count:kDelta': 0.8, '0:atom_RingSize_list:kConv': 0.85, '0:atom_Hcount:kDelta': 0.95, '0:atom_AtomicNumber_count_1:kDelta': 0.8, '0:atom_AtomicNumber_count_2:kDelta': 0.8, '0:atom_Chiral:kDelta': 1.0, '0:bond_Order:kDelta': 1.0, '0:bond_Stereo:kDelta': 0.85, '0:bond_RingStereo:kDelta': 1.0, '0:q:q': 0.15000000000000002, '1:features_kernel:Matern32': 15.0, '2:features_kernel:Matern32': 1.0, '3:features_kernel:Matern32': 10.0, '4:features_kernel:Matern32': 23.0, '5:features_kernel:Matern32': 8.0, '6:features_kernel:Matern32': 9.0, '7:features_kernel:Matern32': 8.0, '8:features_kernel:Matern32': 23.0, '9:features_kernel:Matern32': 12.0, '10:features_kernel:Matern32': 15.0, '11:features_kernel:Matern32': 8.0, 'alpha': 0.007}. Best is trial 33 with value: 9.39852410945022.
[I 2026-05-06 23:58:03,923] Trial 41 finished with value: 9.742427274472545 and parameters: {'0:atom_AtomicNumber:kDelta': 0.9, '0:atom_AtomicNumber_list_1:kConv': 0.85, '0:atom_AtomicNumber_list_2:kConv': 0.85, '0:atom_AtomicNumber_list_3:kConv': 0.75, '0:atom_AtomicNumber_list_4:kConv': 0.85, '0:atom_MorganHash:kDelta': 0.95, '0:atom_Ring_count:kDelta': 0.8, '0:atom_RingSize_list:kConv': 0.85, '0:atom_Hcount:kDelta': 0.95, '0:atom_AtomicNumber_count_1:kDelta': 0.8, '0:atom_AtomicNumber_count_2:kDelta': 0.8, '0:atom_Chiral:kDelta': 1.0, '0:bond_Order:kDelta': 1.0, '0:bond_Stereo:kDelta': 0.85, '0:bond_RingStereo:kDelta': 1.0, '0:q:q': 0.14, '1:features_kernel:Matern32': 14.0, '2:features_kernel:Matern32': 8.0, '3:features_kernel:Matern32': 5.0, '4:features_kernel:Matern32': 24.0, '5:features_kernel:Matern32': 8.0, '6:features_kernel:Matern32': 5.0, '7:features_kernel:Matern32': 8.0, '8:features_kernel:Matern32': 24.0, '9:features_kernel:Matern32': 11.0, '10:features_kernel:Matern32': 16.0, '11:features_kernel:Matern32': 4.0, 'alpha': 0.008}. Best is trial 33 with value: 9.39852410945022.
[I 2026-05-07 00:05:03,280] A new study created in RDB with name: optuna-study
[I 2026-05-07 00:05:09,149] Trial 0 finished with value: 10.398263721740115 and parameters: {'0:atom_AtomicNumber:kDelta': 0.85, '0:atom_AtomicNumber_list_1:kConv': 1.0, '0:atom_AtomicNumber_list_2:kConv': 0.95, '0:atom_AtomicNumber_list_3:kConv': 0.9, '0:atom_AtomicNumber_list_4:kConv': 0.75, '0:atom_MorganHash:kDelta': 0.75, '0:atom_Ring_count:kDelta': 0.75, '0:atom_RingSize_list:kConv': 1.0, '0:atom_Hcount:kDelta': 0.9, '0:atom_AtomicNumber_count_1:kDelta': 0.95, '0:atom_AtomicNumber_count_2:kDelta': 0.75, '0:atom_Chiral:kDelta': 1.0, '0:bond_Order:kDelta': 0.95, '0:bond_Stereo:kDelta': 0.8, '0:bond_RingStereo:kDelta': 0.8, '0:q:q': 0.09999999999999999, '1:features_kernel:Matern32': 10.0, '2:features_kernel:Matern32': 16.0, '3:features_kernel:Matern32': 13.0, '4:features_kernel:Matern32': 9.0, '5:features_kernel:Matern32': 19.0, '6:features_kernel:Matern32': 5.0, '7:features_kernel:Matern32': 9.0, '8:features_kernel:Matern32': 11.0, '9:features_kernel:Matern32': 14.0, '10:features_kernel:Matern32': 24.0, '11:features_kernel:Matern32': 6.0, 'alpha': 0.052000000000000005}. Best is trial 0 with value: 10.398263721740115.
[I 2026-05-07 00:05:13,603] Trial 1 finished with value: 11.18851602489205 and parameters: {'0:atom_AtomicNumber:kDelta': 0.9, '0:atom_AtomicNumber_list_1:kConv': 0.75, '0:atom_AtomicNumber_list_2:kConv': 0.9, '0:atom_AtomicNumber_list_3:kConv': 0.8, '0:atom_AtomicNumber_list_4:kConv': 0.75, '0:atom_MorganHash:kDelta': 1.0, '0:atom_Ring_count:kDelta': 1.0, '0:atom_RingSize_list:kConv': 0.95, '0:atom_Hcount:kDelta': 0.8, '0:atom_AtomicNumber_count_1:kDelta': 0.75, '0:atom_AtomicNumber_count_2:kDelta': 0.95, '0:atom_Chiral:kDelta': 0.85, '0:bond_Order:kDelta': 0.75, '0:bond_Stereo:kDelta': 0.85, '0:bond_RingStereo:kDelta': 0.75, '0:q:q': 0.46, '1:features_kernel:Matern32': 8.0, '2:features_kernel:Matern32': 20.0, '3:features_kernel:Matern32': 10.0, '4:features_kernel:Matern32': 16.0, '5:features_kernel:Matern32': 17.0, '6:features_kernel:Matern32': 6.0, '7:features_kernel:Matern32': 30.0, '8:features_kernel:Matern32': 24.0, '9:features_kernel:Matern32': 29.0, '10:features_kernel:Matern32': 27.0, '11:features_kernel:Matern32': 18.0, 'alpha': 0.093}. Best is trial 0 with value: 10.398263721740115.
[I 2026-05-07 00:05:18,841] Trial 2 finished with value: 10.374656400937878 and parameters: {'0:atom_AtomicNumber:kDelta': 0.75, '0:atom_AtomicNumber_list_1:kConv': 0.8, '0:atom_AtomicNumber_list_2:kConv': 0.75, '0:atom_AtomicNumber_list_3:kConv': 0.8, '0:atom_AtomicNumber_list_4:kConv': 0.85, '0:atom_MorganHash:kDelta': 0.8, '0:atom_Ring_count:kDelta': 0.95, '0:atom_RingSize_list:kConv': 0.85, '0:atom_Hcount:kDelta': 0.8, '0:atom_AtomicNumber_count_1:kDelta': 0.9, '0:atom_AtomicNumber_count_2:kDelta': 0.75, '0:atom_Chiral:kDelta': 0.95, '0:bond_Order:kDelta': 0.75, '0:bond_Stereo:kDelta': 1.0, '0:bond_RingStereo:kDelta': 0.95, '0:q:q': 0.09999999999999999, '1:features_kernel:Matern32': 1.0, '2:features_kernel:Matern32': 25.0, '3:features_kernel:Matern32': 22.0, '4:features_kernel:Matern32': 22.0, '5:features_kernel:Matern32': 24.0, '6:features_kernel:Matern32': 3.0, '7:features_kernel:Matern32': 11.0, '8:features_kernel:Matern32': 4.0, '9:features_kernel:Matern32': 26.0, '10:features_kernel:Matern32': 19.0, '11:features_kernel:Matern32': 10.0, 'alpha': 0.007}. Best is trial 2 with value: 10.374656400937878.
[I 2026-05-07 00:05:25,054] Trial 3 finished with value: 9.790962989206811 and parameters: {'0:atom_AtomicNumber:kDelta': 0.8, '0:atom_AtomicNumber_list_1:kConv': 0.8, '0:atom_AtomicNumber_list_2:kConv': 0.95, '0:atom_AtomicNumber_list_3:kConv': 0.9, '0:atom_AtomicNumber_list_4:kConv': 1.0, '0:atom_MorganHash:kDelta': 0.85, '0:atom_Ring_count:kDelta': 0.75, '0:atom_RingSize_list:kConv': 0.95, '0:atom_Hcount:kDelta': 0.95, '0:atom_AtomicNumber_count_1:kDelta': 0.9, '0:atom_AtomicNumber_count_2:kDelta': 0.95, '0:atom_Chiral:kDelta': 0.85, '0:bond_Order:kDelta': 0.9, '0:bond_Stereo:kDelta': 0.85, '0:bond_RingStereo:kDelta': 0.75, '0:q:q': 0.060000000000000005, '1:features_kernel:Matern32': 1.0, '2:features_kernel:Matern32': 20.0, '3:features_kernel:Matern32': 10.0, '4:features_kernel:Matern32': 16.0, '5:features_kernel:Matern32': 28.0, '6:features_kernel:Matern32': 8.0, '7:features_kernel:Matern32': 13.0, '8:features_kernel:Matern32': 23.0, '9:features_kernel:Matern32': 7.0, '10:features_kernel:Matern32': 3.0, '11:features_kernel:Matern32': 9.0, 'alpha': 0.017}. Best is trial 3 with value: 9.790962989206811.
[I 2026-05-07 00:05:29,810] Trial 4 finished with value: 10.413170524801183 and parameters: {'0:atom_AtomicNumber:kDelta': 1.0, '0:atom_AtomicNumber_list_1:kConv': 0.95, '0:atom_AtomicNumber_list_2:kConv': 0.9, '0:atom_AtomicNumber_list_3:kConv': 1.0, '0:atom_AtomicNumber_list_4:kConv': 0.95, '0:atom_MorganHash:kDelta': 0.8, '0:atom_Ring_count:kDelta': 1.0, '0:atom_RingSize_list:kConv': 0.9, '0:atom_Hcount:kDelta': 0.95, '0:atom_AtomicNumber_count_1:kDelta': 1.0, '0:atom_AtomicNumber_count_2:kDelta': 0.8, '0:atom_Chiral:kDelta': 0.75, '0:bond_Order:kDelta': 0.8, '0:bond_Stereo:kDelta': 0.85, '0:bond_RingStereo:kDelta': 0.95, '0:q:q': 0.44, '1:features_kernel:Matern32': 1.0, '2:features_kernel:Matern32': 16.0, '3:features_kernel:Matern32': 13.0, '4:features_kernel:Matern32': 7.0, '5:features_kernel:Matern32': 4.0, '6:features_kernel:Matern32': 11.0, '7:features_kernel:Matern32': 29.0, '8:features_kernel:Matern32': 10.0, '9:features_kernel:Matern32': 16.0, '10:features_kernel:Matern32': 22.0, '11:features_kernel:Matern32': 11.0, 'alpha': 0.098}. Best is trial 3 with value: 9.790962989206811.
[I 2026-05-07 00:05:35,046] Trial 5 finished with value: 9.861373582806301 and parameters: {'0:atom_AtomicNumber:kDelta': 1.0, '0:atom_AtomicNumber_list_1:kConv': 0.8, '0:atom_AtomicNumber_list_2:kConv': 0.85, '0:atom_AtomicNumber_list_3:kConv': 0.8, '0:atom_AtomicNumber_list_4:kConv': 0.8, '0:atom_MorganHash:kDelta': 0.75, '0:atom_Ring_count:kDelta': 0.9, '0:atom_RingSize_list:kConv': 0.9, '0:atom_Hcount:kDelta': 0.75, '0:atom_AtomicNumber_count_1:kDelta': 0.8, '0:atom_AtomicNumber_count_2:kDelta': 1.0, '0:atom_Chiral:kDelta': 0.8, '0:bond_Order:kDelta': 0.75, '0:bond_Stereo:kDelta': 0.85, '0:bond_RingStereo:kDelta': 1.0, '0:q:q': 0.13, '1:features_kernel:Matern32': 21.0, '2:features_kernel:Matern32': 23.0, '3:features_kernel:Matern32': 8.0, '4:features_kernel:Matern32': 22.0, '5:features_kernel:Matern32': 12.0, '6:features_kernel:Matern32': 19.0, '7:features_kernel:Matern32': 20.0, '8:features_kernel:Matern32': 17.0, '9:features_kernel:Matern32': 3.0, '10:features_kernel:Matern32': 26.0, '11:features_kernel:Matern32': 10.0, 'alpha': 0.019000000000000003}. Best is trial 3 with value: 9.790962989206811.
[I 2026-05-07 00:05:40,330] Trial 6 finished with value: 10.772574972082836 and parameters: {'0:atom_AtomicNumber:kDelta': 0.75, '0:atom_AtomicNumber_list_1:kConv': 0.9, '0:atom_AtomicNumber_list_2:kConv': 0.95, '0:atom_AtomicNumber_list_3:kConv': 0.75, '0:atom_AtomicNumber_list_4:kConv': 0.9, '0:atom_MorganHash:kDelta': 0.8, '0:atom_Ring_count:kDelta': 0.9, '0:atom_RingSize_list:kConv': 0.8, '0:atom_Hcount:kDelta': 0.95, '0:atom_AtomicNumber_count_1:kDelta': 0.85, '0:atom_AtomicNumber_count_2:kDelta': 1.0, '0:atom_Chiral:kDelta': 0.75, '0:bond_Order:kDelta': 0.85, '0:bond_Stereo:kDelta': 0.75, '0:bond_RingStereo:kDelta': 1.0, '0:q:q': 0.44, '1:features_kernel:Matern32': 8.0, '2:features_kernel:Matern32': 20.0, '3:features_kernel:Matern32': 25.0, '4:features_kernel:Matern32': 17.0, '5:features_kernel:Matern32': 16.0, '6:features_kernel:Matern32': 8.0, '7:features_kernel:Matern32': 3.0, '8:features_kernel:Matern32': 27.0, '9:features_kernel:Matern32': 28.0, '10:features_kernel:Matern32': 19.0, '11:features_kernel:Matern32': 11.0, 'alpha': 0.035}. Best is trial 3 with value: 9.790962989206811.
[I 2026-05-07 00:05:45,352] Trial 7 finished with value: 10.130831242528677 and parameters: {'0:atom_AtomicNumber:kDelta': 0.95, '0:atom_AtomicNumber_list_1:kConv': 1.0, '0:atom_AtomicNumber_list_2:kConv': 1.0, '0:atom_AtomicNumber_list_3:kConv': 0.95, '0:atom_AtomicNumber_list_4:kConv': 0.9, '0:atom_MorganHash:kDelta': 0.75, '0:atom_Ring_count:kDelta': 0.75, '0:atom_RingSize_list:kConv': 1.0, '0:atom_Hcount:kDelta': 0.9, '0:atom_AtomicNumber_count_1:kDelta': 0.75, '0:atom_AtomicNumber_count_2:kDelta': 0.75, '0:atom_Chiral:kDelta': 0.9, '0:bond_Order:kDelta': 0.75, '0:bond_Stereo:kDelta': 0.75, '0:bond_RingStereo:kDelta': 0.9, '0:q:q': 0.35000000000000003, '1:features_kernel:Matern32': 20.0, '2:features_kernel:Matern32': 7.0, '3:features_kernel:Matern32': 22.0, '4:features_kernel:Matern32': 8.0, '5:features_kernel:Matern32': 10.0, '6:features_kernel:Matern32': 23.0, '7:features_kernel:Matern32': 20.0, '8:features_kernel:Matern32': 26.0, '9:features_kernel:Matern32': 20.0, '10:features_kernel:Matern32': 18.0, '11:features_kernel:Matern32': 3.0, 'alpha': 0.037000000000000005}. Best is trial 3 with value: 9.790962989206811.
[I 2026-05-07 00:05:51,114] Trial 8 finished with value: 10.198777176564562 and parameters: {'0:atom_AtomicNumber:kDelta': 0.8, '0:atom_AtomicNumber_list_1:kConv': 0.8, '0:atom_AtomicNumber_list_2:kConv': 1.0, '0:atom_AtomicNumber_list_3:kConv': 0.85, '0:atom_AtomicNumber_list_4:kConv': 1.0, '0:atom_MorganHash:kDelta': 0.9, '0:atom_Ring_count:kDelta': 0.95, '0:atom_RingSize_list:kConv': 0.9, '0:atom_Hcount:kDelta': 0.9, '0:atom_AtomicNumber_count_1:kDelta': 0.85, '0:atom_AtomicNumber_count_2:kDelta': 0.8, '0:atom_Chiral:kDelta': 0.95, '0:bond_Order:kDelta': 0.8, '0:bond_Stereo:kDelta': 0.75, '0:bond_RingStereo:kDelta': 0.9, '0:q:q': 0.09, '1:features_kernel:Matern32': 29.0, '2:features_kernel:Matern32': 29.0, '3:features_kernel:Matern32': 28.0, '4:features_kernel:Matern32': 12.0, '5:features_kernel:Matern32': 1.0, '6:features_kernel:Matern32': 28.0, '7:features_kernel:Matern32': 13.0, '8:features_kernel:Matern32': 29.0, '9:features_kernel:Matern32': 29.0, '10:features_kernel:Matern32': 26.0, '11:features_kernel:Matern32': 9.0, 'alpha': 0.039}. Best is trial 3 with value: 9.790962989206811.
[I 2026-05-07 00:05:55,974] Trial 9 finished with value: 11.541042404376375 and parameters: {'0:atom_AtomicNumber:kDelta': 1.0, '0:atom_AtomicNumber_list_1:kConv': 0.8, '0:atom_AtomicNumber_list_2:kConv': 0.8, '0:atom_AtomicNumber_list_3:kConv': 0.9, '0:atom_AtomicNumber_list_4:kConv': 1.0, '0:atom_MorganHash:kDelta': 0.95, '0:atom_Ring_count:kDelta': 0.9, '0:atom_RingSize_list:kConv': 0.75, '0:atom_Hcount:kDelta': 0.9, '0:atom_AtomicNumber_count_1:kDelta': 1.0, '0:atom_AtomicNumber_count_2:kDelta': 0.75, '0:atom_Chiral:kDelta': 0.9, '0:bond_Order:kDelta': 1.0, '0:bond_Stereo:kDelta': 0.95, '0:bond_RingStereo:kDelta': 0.95, '0:q:q': 0.36000000000000004, '1:features_kernel:Matern32': 11.0, '2:features_kernel:Matern32': 9.0, '3:features_kernel:Matern32': 25.0, '4:features_kernel:Matern32': 25.0, '5:features_kernel:Matern32': 27.0, '6:features_kernel:Matern32': 28.0, '7:features_kernel:Matern32': 16.0, '8:features_kernel:Matern32': 16.0, '9:features_kernel:Matern32': 24.0, '10:features_kernel:Matern32': 20.0, '11:features_kernel:Matern32': 22.0, 'alpha': 0.08}. Best is trial 3 with value: 9.790962989206811.
[I 2026-05-07 00:06:01,710] Trial 10 finished with value: 11.427177850445153 and parameters: {'0:atom_AtomicNumber:kDelta': 0.85, '0:atom_AtomicNumber_list_1:kConv': 0.9, '0:atom_AtomicNumber_list_2:kConv': 0.85, '0:atom_AtomicNumber_list_3:kConv': 1.0, '0:atom_AtomicNumber_list_4:kConv': 0.95, '0:atom_MorganHash:kDelta': 0.9, '0:atom_Ring_count:kDelta': 0.8, '0:atom_RingSize_list:kConv': 0.95, '0:atom_Hcount:kDelta': 1.0, '0:atom_AtomicNumber_count_1:kDelta': 0.9, '0:atom_AtomicNumber_count_2:kDelta': 0.9, '0:atom_Chiral:kDelta': 0.85, '0:bond_Order:kDelta': 0.9, '0:bond_Stereo:kDelta': 0.95, '0:bond_RingStereo:kDelta': 0.8, '0:q:q': 0.2, '1:features_kernel:Matern32': 30.0, '2:features_kernel:Matern32': 1.0, '3:features_kernel:Matern32': 1.0, '4:features_kernel:Matern32': 1.0, '5:features_kernel:Matern32': 30.0, '6:features_kernel:Matern32': 13.0, '7:features_kernel:Matern32': 3.0, '8:features_kernel:Matern32': 21.0, '9:features_kernel:Matern32': 4.0, '10:features_kernel:Matern32': 2.0, '11:features_kernel:Matern32': 28.0, 'alpha': 0.065}. Best is trial 3 with value: 9.790962989206811.
[I 2026-05-07 00:06:06,837] Trial 11 finished with value: 9.895904727452388 and parameters: {'0:atom_AtomicNumber:kDelta': 0.9, '0:atom_AtomicNumber_list_1:kConv': 0.75, '0:atom_AtomicNumber_list_2:kConv': 0.85, '0:atom_AtomicNumber_list_3:kConv': 0.85, '0:atom_AtomicNumber_list_4:kConv': 0.8, '0:atom_MorganHash:kDelta': 0.85, '0:atom_Ring_count:kDelta': 0.85, '0:atom_RingSize_list:kConv': 0.85, '0:atom_Hcount:kDelta': 0.75, '0:atom_AtomicNumber_count_1:kDelta': 0.8, '0:atom_AtomicNumber_count_2:kDelta': 1.0, '0:atom_Chiral:kDelta': 0.8, '0:bond_Order:kDelta': 0.9, '0:bond_Stereo:kDelta': 0.9, '0:bond_RingStereo:kDelta': 0.75, '0:q:q': 0.2, '1:features_kernel:Matern32': 21.0, '2:features_kernel:Matern32': 24.0, '3:features_kernel:Matern32': 6.0, '4:features_kernel:Matern32': 30.0, '5:features_kernel:Matern32': 10.0, '6:features_kernel:Matern32': 20.0, '7:features_kernel:Matern32': 22.0, '8:features_kernel:Matern32': 19.0, '9:features_kernel:Matern32': 1.0, '10:features_kernel:Matern32': 9.0, '11:features_kernel:Matern32': 1.0, 'alpha': 0.004}. Best is trial 3 with value: 9.790962989206811.
[I 2026-05-07 00:06:12,534] Trial 12 finished with value: 9.855409537999753 and parameters: {'0:atom_AtomicNumber:kDelta': 0.8, '0:atom_AtomicNumber_list_1:kConv': 0.85, '0:atom_AtomicNumber_list_2:kConv': 0.8, '0:atom_AtomicNumber_list_3:kConv': 0.75, '0:atom_AtomicNumber_list_4:kConv': 0.8, '0:atom_MorganHash:kDelta': 0.85, '0:atom_Ring_count:kDelta': 0.85, '0:atom_RingSize_list:kConv': 0.95, '0:atom_Hcount:kDelta': 0.75, '0:atom_AtomicNumber_count_1:kDelta': 0.8, '0:atom_AtomicNumber_count_2:kDelta': 0.95, '0:atom_Chiral:kDelta': 0.8, '0:bond_Order:kDelta': 0.85, '0:bond_Stereo:kDelta': 0.9, '0:bond_RingStereo:kDelta': 0.85, '0:q:q': 0.03, '1:features_kernel:Matern32': 22.0, '2:features_kernel:Matern32': 29.0, '3:features_kernel:Matern32': 6.0, '4:features_kernel:Matern32': 22.0, '5:features_kernel:Matern32': 9.0, '6:features_kernel:Matern32': 18.0, '7:features_kernel:Matern32': 22.0, '8:features_kernel:Matern32': 13.0, '9:features_kernel:Matern32': 8.0, '10:features_kernel:Matern32': 12.0, '11:features_kernel:Matern32': 17.0, 'alpha': 0.018000000000000002}. Best is trial 3 with value: 9.790962989206811.
[I 2026-05-07 00:06:18,675] Trial 13 finished with value: 9.712143034250035 and parameters: {'0:atom_AtomicNumber:kDelta': 0.8, '0:atom_AtomicNumber_list_1:kConv': 0.85, '0:atom_AtomicNumber_list_2:kConv': 0.75, '0:atom_AtomicNumber_list_3:kConv': 0.75, '0:atom_AtomicNumber_list_4:kConv': 0.85, '0:atom_MorganHash:kDelta': 0.85, '0:atom_Ring_count:kDelta': 0.8, '0:atom_RingSize_list:kConv': 0.95, '0:atom_Hcount:kDelta': 1.0, '0:atom_AtomicNumber_count_1:kDelta': 0.8, '0:atom_AtomicNumber_count_2:kDelta': 0.9, '0:atom_Chiral:kDelta': 0.8, '0:bond_Order:kDelta': 0.85, '0:bond_Stereo:kDelta': 0.9, '0:bond_RingStereo:kDelta': 0.85, '0:q:q': 0.01, '1:features_kernel:Matern32': 18.0, '2:features_kernel:Matern32': 27.0, '3:features_kernel:Matern32': 2.0, '4:features_kernel:Matern32': 20.0, '5:features_kernel:Matern32': 22.0, '6:features_kernel:Matern32': 16.0, '7:features_kernel:Matern32': 23.0, '8:features_kernel:Matern32': 10.0, '9:features_kernel:Matern32': 8.0, '10:features_kernel:Matern32': 11.0, '11:features_kernel:Matern32': 17.0, 'alpha': 0.021}. Best is trial 13 with value: 9.712143034250035.
[I 2026-05-07 00:06:24,940] Trial 14 finished with value: 9.820407867611337 and parameters: {'0:atom_AtomicNumber:kDelta': 0.8, '0:atom_AtomicNumber_list_1:kConv': 0.85, '0:atom_AtomicNumber_list_2:kConv': 0.75, '0:atom_AtomicNumber_list_3:kConv': 0.95, '0:atom_AtomicNumber_list_4:kConv': 0.85, '0:atom_MorganHash:kDelta': 0.85, '0:atom_Ring_count:kDelta': 0.8, '0:atom_RingSize_list:kConv': 1.0, '0:atom_Hcount:kDelta': 1.0, '0:atom_AtomicNumber_count_1:kDelta': 0.95, '0:atom_AtomicNumber_count_2:kDelta': 0.9, '0:atom_Chiral:kDelta': 0.85, '0:bond_Order:kDelta': 0.95, '0:bond_Stereo:kDelta': 0.8, '0:bond_RingStereo:kDelta': 0.8, '0:q:q': 0.01, '1:features_kernel:Matern32': 14.0, '2:features_kernel:Matern32': 12.0, '3:features_kernel:Matern32': 3.0, '4:features_kernel:Matern32': 17.0, '5:features_kernel:Matern32': 22.0, '6:features_kernel:Matern32': 14.0, '7:features_kernel:Matern32': 26.0, '8:features_kernel:Matern32': 6.0, '9:features_kernel:Matern32': 10.0, '10:features_kernel:Matern32': 2.0, '11:features_kernel:Matern32': 23.0, 'alpha': 0.021}. Best is trial 13 with value: 9.712143034250035.
[I 2026-05-07 00:06:30,421] Trial 15 finished with value: 11.964725770949522 and parameters: {'0:atom_AtomicNumber:kDelta': 0.8, '0:atom_AtomicNumber_list_1:kConv': 0.85, '0:atom_AtomicNumber_list_2:kConv': 0.95, '0:atom_AtomicNumber_list_3:kConv': 0.9, '0:atom_AtomicNumber_list_4:kConv': 0.95, '0:atom_MorganHash:kDelta': 0.95, '0:atom_Ring_count:kDelta': 0.8, '0:atom_RingSize_list:kConv': 0.95, '0:atom_Hcount:kDelta': 0.95, '0:atom_AtomicNumber_count_1:kDelta': 0.85, '0:atom_AtomicNumber_count_2:kDelta': 0.85, '0:atom_Chiral:kDelta': 0.8, '0:bond_Order:kDelta': 0.9, '0:bond_Stereo:kDelta': 0.95, '0:bond_RingStereo:kDelta': 0.85, '0:q:q': 0.18000000000000002, '1:features_kernel:Matern32': 16.0, '2:features_kernel:Matern32': 20.0, '3:features_kernel:Matern32': 16.0, '4:features_kernel:Matern32': 12.0, '5:features_kernel:Matern32': 30.0, '6:features_kernel:Matern32': 1.0, '7:features_kernel:Matern32': 16.0, '8:features_kernel:Matern32': 1.0, '9:features_kernel:Matern32': 8.0, '10:features_kernel:Matern32': 9.0, '11:features_kernel:Matern32': 15.0, 'alpha': 0.051000000000000004}. Best is trial 13 with value: 9.712143034250035.
[I 2026-05-07 00:06:36,978] Trial 16 finished with value: 10.429736127751001 and parameters: {'0:atom_AtomicNumber:kDelta': 0.75, '0:atom_AtomicNumber_list_1:kConv': 0.9, '0:atom_AtomicNumber_list_2:kConv': 0.8, '0:atom_AtomicNumber_list_3:kConv': 0.95, '0:atom_AtomicNumber_list_4:kConv': 0.9, '0:atom_MorganHash:kDelta': 0.9, '0:atom_Ring_count:kDelta': 0.75, '0:atom_RingSize_list:kConv': 0.95, '0:atom_Hcount:kDelta': 1.0, '0:atom_AtomicNumber_count_1:kDelta': 0.9, '0:atom_AtomicNumber_count_2:kDelta': 0.95, '0:atom_Chiral:kDelta': 0.75, '0:bond_Order:kDelta': 0.85, '0:bond_Stereo:kDelta': 0.9, '0:bond_RingStereo:kDelta': 0.75, '0:q:q': 0.04, '1:features_kernel:Matern32': 4.0, '2:features_kernel:Matern32': 30.0, '3:features_kernel:Matern32': 17.0, '4:features_kernel:Matern32': 26.0, '5:features_kernel:Matern32': 23.0, '6:features_kernel:Matern32': 10.0, '7:features_kernel:Matern32': 7.0, '8:features_kernel:Matern32': 22.0, '9:features_kernel:Matern32': 12.0, '10:features_kernel:Matern32': 6.0, '11:features_kernel:Matern32': 21.0, 'alpha': 0.025}. Best is trial 13 with value: 9.712143034250035.
[I 2026-05-07 00:06:41,937] Trial 17 finished with value: 9.310161596391502 and parameters: {'0:atom_AtomicNumber:kDelta': 0.85, '0:atom_AtomicNumber_list_1:kConv': 0.75, '0:atom_AtomicNumber_list_2:kConv': 0.9, '0:atom_AtomicNumber_list_3:kConv': 0.85, '0:atom_AtomicNumber_list_4:kConv': 0.85, '0:atom_MorganHash:kDelta': 0.85, '0:atom_Ring_count:kDelta': 0.8, '0:atom_RingSize_list:kConv': 0.9, '0:atom_Hcount:kDelta': 0.95, '0:atom_AtomicNumber_count_1:kDelta': 0.95, '0:atom_AtomicNumber_count_2:kDelta': 0.85, '0:atom_Chiral:kDelta': 0.9, '0:bond_Order:kDelta': 0.95, '0:bond_Stereo:kDelta': 0.8, '0:bond_RingStereo:kDelta': 0.85, '0:q:q': 0.3, '1:features_kernel:Matern32': 26.0, '2:features_kernel:Matern32': 26.0, '3:features_kernel:Matern32': 3.0, '4:features_kernel:Matern32': 19.0, '5:features_kernel:Matern32': 26.0, '6:features_kernel:Matern32': 16.0, '7:features_kernel:Matern32': 25.0, '8:features_kernel:Matern32': 8.0, '9:features_kernel:Matern32': 6.0, '10:features_kernel:Matern32': 13.0, '11:features_kernel:Matern32': 14.0, 'alpha': 0.002}. Best is trial 17 with value: 9.310161596391502.
[I 2026-05-07 00:06:46,954] Trial 18 finished with value: 9.74053370318331 and parameters: {'0:atom_AtomicNumber:kDelta': 0.85, '0:atom_AtomicNumber_list_1:kConv': 0.75, '0:atom_AtomicNumber_list_2:kConv': 0.9, '0:atom_AtomicNumber_list_3:kConv': 0.75, '0:atom_AtomicNumber_list_4:kConv': 0.85, '0:atom_MorganHash:kDelta': 0.95, '0:atom_Ring_count:kDelta': 0.8, '0:atom_RingSize_list:kConv': 0.85, '0:atom_Hcount:kDelta': 0.85, '0:atom_AtomicNumber_count_1:kDelta': 0.95, '0:atom_AtomicNumber_count_2:kDelta': 0.85, '0:atom_Chiral:kDelta': 0.95, '0:bond_Order:kDelta': 1.0, '0:bond_Stereo:kDelta': 0.8, '0:bond_RingStereo:kDelta': 0.85, '0:q:q': 0.31, '1:features_kernel:Matern32': 26.0, '2:features_kernel:Matern32': 26.0, '3:features_kernel:Matern32': 1.0, '4:features_kernel:Matern32': 20.0, '5:features_kernel:Matern32': 20.0, '6:features_kernel:Matern32': 24.0, '7:features_kernel:Matern32': 26.0, '8:features_kernel:Matern32': 8.0, '9:features_kernel:Matern32': 16.0, '10:features_kernel:Matern32': 14.0, '11:features_kernel:Matern32': 14.0, 'alpha': 0.003}. Best is trial 17 with value: 9.310161596391502.
[I 2026-05-07 00:06:52,142] Trial 19 finished with value: 10.023985323776598 and parameters: {'0:atom_AtomicNumber:kDelta': 0.9, '0:atom_AtomicNumber_list_1:kConv': 0.95, '0:atom_AtomicNumber_list_2:kConv': 0.75, '0:atom_AtomicNumber_list_3:kConv': 0.85, '0:atom_AtomicNumber_list_4:kConv': 0.8, '0:atom_MorganHash:kDelta': 0.8, '0:atom_Ring_count:kDelta': 0.85, '0:atom_RingSize_list:kConv': 0.8, '0:atom_Hcount:kDelta': 1.0, '0:atom_AtomicNumber_count_1:kDelta': 0.8, '0:atom_AtomicNumber_count_2:kDelta': 0.85, '0:atom_Chiral:kDelta': 0.9, '0:bond_Order:kDelta': 0.95, '0:bond_Stereo:kDelta': 1.0, '0:bond_RingStereo:kDelta': 0.9, '0:q:q': 0.28, '1:features_kernel:Matern32': 25.0, '2:features_kernel:Matern32': 26.0, '3:features_kernel:Matern32': 4.0, '4:features_kernel:Matern32': 30.0, '5:features_kernel:Matern32': 26.0, '6:features_kernel:Matern32': 18.0, '7:features_kernel:Matern32': 26.0, '8:features_kernel:Matern32': 13.0, '9:features_kernel:Matern32': 5.0, '10:features_kernel:Matern32': 15.0, '11:features_kernel:Matern32': 27.0, 'alpha': 0.032}. Best is trial 17 with value: 9.310161596391502.
[I 2026-05-07 00:06:57,285] Trial 20 finished with value: 9.747262397538545 and parameters: {'0:atom_AtomicNumber:kDelta': 0.95, '0:atom_AtomicNumber_list_1:kConv': 0.75, '0:atom_AtomicNumber_list_2:kConv': 0.8, '0:atom_AtomicNumber_list_3:kConv': 0.8, '0:atom_AtomicNumber_list_4:kConv': 0.85, '0:atom_MorganHash:kDelta': 0.9, '0:atom_Ring_count:kDelta': 0.8, '0:atom_RingSize_list:kConv': 0.9, '0:atom_Hcount:kDelta': 0.95, '0:atom_AtomicNumber_count_1:kDelta': 0.95, '0:atom_AtomicNumber_count_2:kDelta': 0.9, '0:atom_Chiral:kDelta': 1.0, '0:bond_Order:kDelta': 0.8, '0:bond_Stereo:kDelta': 0.8, '0:bond_RingStereo:kDelta': 0.85, '0:q:q': 0.24000000000000002, '1:features_kernel:Matern32': 17.0, '2:features_kernel:Matern32': 14.0, '3:features_kernel:Matern32': 5.0, '4:features_kernel:Matern32': 26.0, '5:features_kernel:Matern32': 20.0, '6:features_kernel:Matern32': 16.0, '7:features_kernel:Matern32': 23.0, '8:features_kernel:Matern32': 3.0, '9:features_kernel:Matern32': 20.0, '10:features_kernel:Matern32': 11.0, '11:features_kernel:Matern32': 19.0, 'alpha': 0.012}. Best is trial 17 with value: 9.310161596391502.
[I 2026-05-07 00:07:02,203] Trial 21 finished with value: 9.753681982916966 and parameters: {'0:atom_AtomicNumber:kDelta': 0.85, '0:atom_AtomicNumber_list_1:kConv': 0.75, '0:atom_AtomicNumber_list_2:kConv': 0.9, '0:atom_AtomicNumber_list_3:kConv': 0.75, '0:atom_AtomicNumber_list_4:kConv': 0.85, '0:atom_MorganHash:kDelta': 0.95, '0:atom_Ring_count:kDelta': 0.8, '0:atom_RingSize_list:kConv': 0.85, '0:atom_Hcount:kDelta': 0.85, '0:atom_AtomicNumber_count_1:kDelta': 0.95, '0:atom_AtomicNumber_count_2:kDelta': 0.85, '0:atom_Chiral:kDelta': 0.95, '0:bond_Order:kDelta': 1.0, '0:bond_Stereo:kDelta': 0.8, '0:bond_RingStereo:kDelta': 0.85, '0:q:q': 0.31, '1:features_kernel:Matern32': 26.0, '2:features_kernel:Matern32': 27.0, '3:features_kernel:Matern32': 1.0, '4:features_kernel:Matern32': 20.0, '5:features_kernel:Matern32': 20.0, '6:features_kernel:Matern32': 22.0, '7:features_kernel:Matern32': 26.0, '8:features_kernel:Matern32': 8.0, '9:features_kernel:Matern32': 17.0, '10:features_kernel:Matern32': 15.0, '11:features_kernel:Matern32': 14.0, 'alpha': 0.005}. Best is trial 17 with value: 9.310161596391502.
[I 2026-05-07 00:07:07,229] Trial 22 finished with value: 9.698823318633265 and parameters: {'0:atom_AtomicNumber:kDelta': 0.85, '0:atom_AtomicNumber_list_1:kConv': 0.75, '0:atom_AtomicNumber_list_2:kConv': 0.9, '0:atom_AtomicNumber_list_3:kConv': 0.75, '0:atom_AtomicNumber_list_4:kConv': 0.85, '0:atom_MorganHash:kDelta': 1.0, '0:atom_Ring_count:kDelta': 0.85, '0:atom_RingSize_list:kConv': 0.8, '0:atom_Hcount:kDelta': 0.85, '0:atom_AtomicNumber_count_1:kDelta': 1.0, '0:atom_AtomicNumber_count_2:kDelta': 0.8, '0:atom_Chiral:kDelta': 0.95, '0:bond_Order:kDelta': 1.0, '0:bond_Stereo:kDelta': 0.8, '0:bond_RingStereo:kDelta': 0.8, '0:q:q': 0.37, '1:features_kernel:Matern32': 26.0, '2:features_kernel:Matern32': 23.0, '3:features_kernel:Matern32': 1.0, '4:features_kernel:Matern32': 20.0, '5:features_kernel:Matern32': 25.0, '6:features_kernel:Matern32': 25.0, '7:features_kernel:Matern32': 28.0, '8:features_kernel:Matern32': 7.0, '9:features_kernel:Matern32': 12.0, '10:features_kernel:Matern32': 12.0, '11:features_kernel:Matern32': 14.0, 'alpha': 0.002}. Best is trial 17 with value: 9.310161596391502.
[I 2026-05-07 00:07:12,005] Trial 23 finished with value: 9.592751910674428 and parameters: {'0:atom_AtomicNumber:kDelta': 0.85, '0:atom_AtomicNumber_list_1:kConv': 0.85, '0:atom_AtomicNumber_list_2:kConv': 0.85, '0:atom_AtomicNumber_list_3:kConv': 0.8, '0:atom_AtomicNumber_list_4:kConv': 0.9, '0:atom_MorganHash:kDelta': 1.0, '0:atom_Ring_count:kDelta': 0.85, '0:atom_RingSize_list:kConv': 0.75, '0:atom_Hcount:kDelta': 0.85, '0:atom_AtomicNumber_count_1:kDelta': 1.0, '0:atom_AtomicNumber_count_2:kDelta': 0.8, '0:atom_Chiral:kDelta': 0.9, '0:bond_Order:kDelta': 0.95, '0:bond_Stereo:kDelta': 0.9, '0:bond_RingStereo:kDelta': 0.8, '0:q:q': 0.39, '1:features_kernel:Matern32': 24.0, '2:features_kernel:Matern32': 22.0, '3:features_kernel:Matern32': 3.0, '4:features_kernel:Matern32': 13.0, '5:features_kernel:Matern32': 25.0, '6:features_kernel:Matern32': 26.0, '7:features_kernel:Matern32': 28.0, '8:features_kernel:Matern32': 6.0, '9:features_kernel:Matern32': 13.0, '10:features_kernel:Matern32': 8.0, '11:features_kernel:Matern32': 14.0, 'alpha': 0.002}. Best is trial 17 with value: 9.310161596391502.
[I 2026-05-07 00:07:16,923] Trial 24 finished with value: 9.926585990372368 and parameters: {'0:atom_AtomicNumber:kDelta': 0.85, '0:atom_AtomicNumber_list_1:kConv': 0.75, '0:atom_AtomicNumber_list_2:kConv': 0.85, '0:atom_AtomicNumber_list_3:kConv': 0.8, '0:atom_AtomicNumber_list_4:kConv': 0.9, '0:atom_MorganHash:kDelta': 1.0, '0:atom_Ring_count:kDelta': 0.85, '0:atom_RingSize_list:kConv': 0.75, '0:atom_Hcount:kDelta': 0.85, '0:atom_AtomicNumber_count_1:kDelta': 1.0, '0:atom_AtomicNumber_count_2:kDelta': 0.8, '0:atom_Chiral:kDelta': 0.9, '0:bond_Order:kDelta': 0.95, '0:bond_Stereo:kDelta': 0.85, '0:bond_RingStereo:kDelta': 0.8, '0:q:q': 0.37, '1:features_kernel:Matern32': 24.0, '2:features_kernel:Matern32': 23.0, '3:features_kernel:Matern32': 8.0, '4:features_kernel:Matern32': 12.0, '5:features_kernel:Matern32': 25.0, '6:features_kernel:Matern32': 30.0, '7:features_kernel:Matern32': 29.0, '8:features_kernel:Matern32': 5.0, '9:features_kernel:Matern32': 11.0, '10:features_kernel:Matern32': 6.0, '11:features_kernel:Matern32': 13.0, 'alpha': 0.011}. Best is trial 17 with value: 9.310161596391502.
[I 2026-05-07 00:07:21,747] Trial 25 finished with value: 9.373884662513902 and parameters: {'0:atom_AtomicNumber:kDelta': 0.9, '0:atom_AtomicNumber_list_1:kConv': 0.8, '0:atom_AtomicNumber_list_2:kConv': 0.9, '0:atom_AtomicNumber_list_3:kConv': 0.85, '0:atom_AtomicNumber_list_4:kConv': 0.9, '0:atom_MorganHash:kDelta': 1.0, '0:atom_Ring_count:kDelta': 0.85, '0:atom_RingSize_list:kConv': 0.8, '0:atom_Hcount:kDelta': 0.8, '0:atom_AtomicNumber_count_1:kDelta': 1.0, '0:atom_AtomicNumber_count_2:kDelta': 0.8, '0:atom_Chiral:kDelta': 0.95, '0:bond_Order:kDelta': 1.0, '0:bond_Stereo:kDelta': 0.75, '0:bond_RingStereo:kDelta': 0.8, '0:q:q': 0.4, '1:features_kernel:Matern32': 28.0, '2:features_kernel:Matern32': 22.0, '3:features_kernel:Matern32': 4.0, '4:features_kernel:Matern32': 14.0, '5:features_kernel:Matern32': 28.0, '6:features_kernel:Matern32': 26.0, '7:features_kernel:Matern32': 28.0, '8:features_kernel:Matern32': 7.0, '9:features_kernel:Matern32': 13.0, '10:features_kernel:Matern32': 30.0, '11:features_kernel:Matern32': 6.0, 'alpha': 0.001}. Best is trial 17 with value: 9.310161596391502.
[I 2026-05-07 00:07:27,627] Trial 26 finished with value: 9.976776583992482 and parameters: {'0:atom_AtomicNumber:kDelta': 0.95, '0:atom_AtomicNumber_list_1:kConv': 0.8, '0:atom_AtomicNumber_list_2:kConv': 0.85, '0:atom_AtomicNumber_list_3:kConv': 0.85, '0:atom_AtomicNumber_list_4:kConv': 0.95, '0:atom_MorganHash:kDelta': 1.0, '0:atom_Ring_count:kDelta': 0.9, '0:atom_RingSize_list:kConv': 0.75, '0:atom_Hcount:kDelta': 0.8, '0:atom_AtomicNumber_count_1:kDelta': 1.0, '0:atom_AtomicNumber_count_2:kDelta': 0.8, '0:atom_Chiral:kDelta': 1.0, '0:bond_Order:kDelta': 0.95, '0:bond_Stereo:kDelta': 0.75, '0:bond_RingStereo:kDelta': 0.8, '0:q:q': 0.41000000000000003, '1:features_kernel:Matern32': 28.0, '2:features_kernel:Matern32': 18.0, '3:features_kernel:Matern32': 8.0, '4:features_kernel:Matern32': 13.0, '5:features_kernel:Matern32': 28.0, '6:features_kernel:Matern32': 26.0, '7:features_kernel:Matern32': 24.0, '8:features_kernel:Matern32': 1.0, '9:features_kernel:Matern32': 21.0, '10:features_kernel:Matern32': 6.0, '11:features_kernel:Matern32': 5.0, 'alpha': 0.029}. Best is trial 17 with value: 9.310161596391502.
[I 2026-05-07 00:07:32,154] Trial 27 finished with value: 10.414083712958336 and parameters: {'0:atom_AtomicNumber:kDelta': 0.9, '0:atom_AtomicNumber_list_1:kConv': 0.85, '0:atom_AtomicNumber_list_2:kConv': 0.9, '0:atom_AtomicNumber_list_3:kConv': 0.85, '0:atom_AtomicNumber_list_4:kConv': 0.9, '0:atom_MorganHash:kDelta': 0.95, '0:atom_Ring_count:kDelta': 0.85, '0:atom_RingSize_list:kConv': 0.8, '0:atom_Hcount:kDelta': 0.8, '0:atom_AtomicNumber_count_1:kDelta': 1.0, '0:atom_AtomicNumber_count_2:kDelta': 0.8, '0:atom_Chiral:kDelta': 0.9, '0:bond_Order:kDelta': 1.0, '0:bond_Stereo:kDelta': 0.75, '0:bond_RingStereo:kDelta': 0.8, '0:q:q': 0.48000000000000004, '1:features_kernel:Matern32': 23.0, '2:features_kernel:Matern32': 22.0, '3:features_kernel:Matern32': 12.0, '4:features_kernel:Matern32': 6.0, '5:features_kernel:Matern32': 30.0, '6:features_kernel:Matern32': 21.0, '7:features_kernel:Matern32': 19.0, '8:features_kernel:Matern32': 14.0, '9:features_kernel:Matern32': 14.0, '10:features_kernel:Matern32': 30.0, '11:features_kernel:Matern32': 5.0, 'alpha': 0.045}. Best is trial 17 with value: 9.310161596391502.
[I 2026-05-07 00:07:36,885] Trial 28 finished with value: 9.974182973798326 and parameters: {'0:atom_AtomicNumber:kDelta': 0.9, '0:atom_AtomicNumber_list_1:kConv': 0.8, '0:atom_AtomicNumber_list_2:kConv': 0.95, '0:atom_AtomicNumber_list_3:kConv': 0.8, '0:atom_AtomicNumber_list_4:kConv': 0.9, '0:atom_MorganHash:kDelta': 1.0, '0:atom_Ring_count:kDelta': 0.95, '0:atom_RingSize_list:kConv': 0.75, '0:atom_Hcount:kDelta': 0.8, '0:atom_AtomicNumber_count_1:kDelta': 0.95, '0:atom_AtomicNumber_count_2:kDelta': 0.85, '0:atom_Chiral:kDelta': 0.95, '0:bond_Order:kDelta': 0.95, '0:bond_Stereo:kDelta': 0.75, '0:bond_RingStereo:kDelta': 0.75, '0:q:q': 0.41000000000000003, '1:features_kernel:Matern32': 27.0, '2:features_kernel:Matern32': 18.0, '3:features_kernel:Matern32': 4.0, '4:features_kernel:Matern32': 14.0, '5:features_kernel:Matern32': 14.0, '6:features_kernel:Matern32': 30.0, '7:features_kernel:Matern32': 28.0, '8:features_kernel:Matern32': 3.0, '9:features_kernel:Matern32': 18.0, '10:features_kernel:Matern32': 17.0, '11:features_kernel:Matern32': 25.0, 'alpha': 0.011}. Best is trial 17 with value: 9.310161596391502.
[I 2026-05-07 00:07:42,200] Trial 29 finished with value: 10.552261924390624 and parameters: {'0:atom_AtomicNumber:kDelta': 0.95, '0:atom_AtomicNumber_list_1:kConv': 0.85, '0:atom_AtomicNumber_list_2:kConv': 0.95, '0:atom_AtomicNumber_list_3:kConv': 0.85, '0:atom_AtomicNumber_list_4:kConv': 0.95, '0:atom_MorganHash:kDelta': 0.95, '0:atom_Ring_count:kDelta': 0.75, '0:atom_RingSize_list:kConv': 0.8, '0:atom_Hcount:kDelta': 0.9, '0:atom_AtomicNumber_count_1:kDelta': 0.95, '0:atom_AtomicNumber_count_2:kDelta': 0.75, '0:atom_Chiral:kDelta': 1.0, '0:bond_Order:kDelta': 0.95, '0:bond_Stereo:kDelta': 0.8, '0:bond_RingStereo:kDelta': 0.8, '0:q:q': 0.32, '1:features_kernel:Matern32': 29.0, '2:features_kernel:Matern32': 13.0, '3:features_kernel:Matern32': 6.0, '4:features_kernel:Matern32': 10.0, '5:features_kernel:Matern32': 18.0, '6:features_kernel:Matern32': 27.0, '7:features_kernel:Matern32': 30.0, '8:features_kernel:Matern32': 9.0, '9:features_kernel:Matern32': 14.0, '10:features_kernel:Matern32': 22.0, '11:features_kernel:Matern32': 7.0, 'alpha': 0.057}. Best is trial 17 with value: 9.310161596391502.
[I 2026-05-07 00:07:47,607] Trial 30 finished with value: 9.41306998256546 and parameters: {'0:atom_AtomicNumber:kDelta': 0.9, '0:atom_AtomicNumber_list_1:kConv': 0.8, '0:atom_AtomicNumber_list_2:kConv': 0.85, '0:atom_AtomicNumber_list_3:kConv': 0.9, '0:atom_AtomicNumber_list_4:kConv': 0.9, '0:atom_MorganHash:kDelta': 1.0, '0:atom_Ring_count:kDelta': 0.85, '0:atom_RingSize_list:kConv': 0.75, '0:atom_Hcount:kDelta': 0.85, '0:atom_AtomicNumber_count_1:kDelta': 1.0, '0:atom_AtomicNumber_count_2:kDelta': 0.8, '0:atom_Chiral:kDelta': 0.9, '0:bond_Order:kDelta': 1.0, '0:bond_Stereo:kDelta': 0.95, '0:bond_RingStereo:kDelta': 0.9, '0:q:q': 0.25, '1:features_kernel:Matern32': 19.0, '2:features_kernel:Matern32': 18.0, '3:features_kernel:Matern32': 18.0, '4:features_kernel:Matern32': 5.0, '5:features_kernel:Matern32': 27.0, '6:features_kernel:Matern32': 24.0, '7:features_kernel:Matern32': 18.0, '8:features_kernel:Matern32': 12.0, '9:features_kernel:Matern32': 6.0, '10:features_kernel:Matern32': 30.0, '11:features_kernel:Matern32': 7.0, 'alpha': 0.001}. Best is trial 17 with value: 9.310161596391502.
[I 2026-05-07 00:07:52,779] Trial 31 finished with value: 10.017624243452929 and parameters: {'0:atom_AtomicNumber:kDelta': 0.9, '0:atom_AtomicNumber_list_1:kConv': 0.8, '0:atom_AtomicNumber_list_2:kConv': 0.85, '0:atom_AtomicNumber_list_3:kConv': 0.9, '0:atom_AtomicNumber_list_4:kConv': 0.9, '0:atom_MorganHash:kDelta': 1.0, '0:atom_Ring_count:kDelta': 0.85, '0:atom_RingSize_list:kConv': 0.75, '0:atom_Hcount:kDelta': 0.85, '0:atom_AtomicNumber_count_1:kDelta': 1.0, '0:atom_AtomicNumber_count_2:kDelta': 0.8, '0:atom_Chiral:kDelta': 0.9, '0:bond_Order:kDelta': 1.0, '0:bond_Stereo:kDelta': 0.95, '0:bond_RingStereo:kDelta': 0.9, '0:q:q': 0.25, '1:features_kernel:Matern32': 19.0, '2:features_kernel:Matern32': 18.0, '3:features_kernel:Matern32': 20.0, '4:features_kernel:Matern32': 3.0, '5:features_kernel:Matern32': 26.0, '6:features_kernel:Matern32': 24.0, '7:features_kernel:Matern32': 18.0, '8:features_kernel:Matern32': 12.0, '9:features_kernel:Matern32': 6.0, '10:features_kernel:Matern32': 28.0, '11:features_kernel:Matern32': 7.0, 'alpha': 0.011}. Best is trial 17 with value: 9.310161596391502.
[I 2026-05-07 00:07:57,545] Trial 32 finished with value: 10.206824105066074 and parameters: {'0:atom_AtomicNumber:kDelta': 0.9, '0:atom_AtomicNumber_list_1:kConv': 0.8, '0:atom_AtomicNumber_list_2:kConv': 0.9, '0:atom_AtomicNumber_list_3:kConv': 0.9, '0:atom_AtomicNumber_list_4:kConv': 0.75, '0:atom_MorganHash:kDelta': 1.0, '0:atom_Ring_count:kDelta': 0.9, '0:atom_RingSize_list:kConv': 0.75, '0:atom_Hcount:kDelta': 0.85, '0:atom_AtomicNumber_count_1:kDelta': 1.0, '0:atom_AtomicNumber_count_2:kDelta': 0.85, '0:atom_Chiral:kDelta': 0.9, '0:bond_Order:kDelta': 1.0, '0:bond_Stereo:kDelta': 0.95, '0:bond_RingStereo:kDelta': 0.9, '0:q:q': 0.5, '1:features_kernel:Matern32': 23.0, '2:features_kernel:Matern32': 21.0, '3:features_kernel:Matern32': 18.0, '4:features_kernel:Matern32': 5.0, '5:features_kernel:Matern32': 28.0, '6:features_kernel:Matern32': 26.0, '7:features_kernel:Matern32': 24.0, '8:features_kernel:Matern32': 11.0, '9:features_kernel:Matern32': 1.0, '10:features_kernel:Matern32': 30.0, '11:features_kernel:Matern32': 3.0, 'alpha': 0.001}. Best is trial 17 with value: 9.310161596391502.
[I 2026-05-07 00:08:02,549] Trial 33 finished with value: 9.907972209562594 and parameters: {'0:atom_AtomicNumber:kDelta': 0.85, '0:atom_AtomicNumber_list_1:kConv': 0.75, '0:atom_AtomicNumber_list_2:kConv': 0.85, '0:atom_AtomicNumber_list_3:kConv': 0.8, '0:atom_AtomicNumber_list_4:kConv': 0.9, '0:atom_MorganHash:kDelta': 1.0, '0:atom_Ring_count:kDelta': 0.85, '0:atom_RingSize_list:kConv': 0.8, '0:atom_Hcount:kDelta': 0.8, '0:atom_AtomicNumber_count_1:kDelta': 0.95, '0:atom_AtomicNumber_count_2:kDelta': 0.75, '0:atom_Chiral:kDelta': 0.95, '0:bond_Order:kDelta': 0.95, '0:bond_Stereo:kDelta': 1.0, '0:bond_RingStereo:kDelta': 0.85, '0:q:q': 0.28, '1:features_kernel:Matern32': 24.0, '2:features_kernel:Matern32': 18.0, '3:features_kernel:Matern32': 15.0, '4:features_kernel:Matern32': 10.0, '5:features_kernel:Matern32': 23.0, '6:features_kernel:Matern32': 22.0, '7:features_kernel:Matern32': 27.0, '8:features_kernel:Matern32': 6.0, '9:features_kernel:Matern32': 10.0, '10:features_kernel:Matern32': 24.0, '11:features_kernel:Matern32': 12.0, 'alpha': 0.011}. Best is trial 17 with value: 9.310161596391502.
[I 2026-05-07 00:08:07,815] Trial 34 finished with value: 10.76961723371614 and parameters: {'0:atom_AtomicNumber:kDelta': 0.9, '0:atom_AtomicNumber_list_1:kConv': 0.8, '0:atom_AtomicNumber_list_2:kConv': 0.9, '0:atom_AtomicNumber_list_3:kConv': 0.85, '0:atom_AtomicNumber_list_4:kConv': 0.95, '0:atom_MorganHash:kDelta': 0.95, '0:atom_Ring_count:kDelta': 0.8, '0:atom_RingSize_list:kConv': 0.75, '0:atom_Hcount:kDelta': 0.85, '0:atom_AtomicNumber_count_1:kDelta': 1.0, '0:atom_AtomicNumber_count_2:kDelta': 0.8, '0:atom_Chiral:kDelta': 0.85, '0:bond_Order:kDelta': 1.0, '0:bond_Stereo:kDelta': 0.9, '0:bond_RingStereo:kDelta': 0.8, '0:q:q': 0.4, '1:features_kernel:Matern32': 14.0, '2:features_kernel:Matern32': 16.0, '3:features_kernel:Matern32': 11.0, '4:features_kernel:Matern32': 15.0, '5:features_kernel:Matern32': 28.0, '6:features_kernel:Matern32': 29.0, '7:features_kernel:Matern32': 8.0, '8:features_kernel:Matern32': 4.0, '9:features_kernel:Matern32': 3.0, '10:features_kernel:Matern32': 28.0, '11:features_kernel:Matern32': 8.0, 'alpha': 0.074}. Best is trial 17 with value: 9.310161596391502.
[I 2026-05-07 00:08:13,125] Trial 35 finished with value: 10.004131003823476 and parameters: {'0:atom_AtomicNumber:kDelta': 0.85, '0:atom_AtomicNumber_list_1:kConv': 0.85, '0:atom_AtomicNumber_list_2:kConv': 0.8, '0:atom_AtomicNumber_list_3:kConv': 0.9, '0:atom_AtomicNumber_list_4:kConv': 0.9, '0:atom_MorganHash:kDelta': 1.0, '0:atom_Ring_count:kDelta': 0.85, '0:atom_RingSize_list:kConv': 0.85, '0:atom_Hcount:kDelta': 0.8, '0:atom_AtomicNumber_count_1:kDelta': 0.95, '0:atom_AtomicNumber_count_2:kDelta': 0.8, '0:atom_Chiral:kDelta': 0.85, '0:bond_Order:kDelta': 0.95, '0:bond_Stereo:kDelta': 0.95, '0:bond_RingStereo:kDelta': 0.95, '0:q:q': 0.34, '1:features_kernel:Matern32': 30.0, '2:features_kernel:Matern32': 24.0, '3:features_kernel:Matern32': 13.0, '4:features_kernel:Matern32': 17.0, '5:features_kernel:Matern32': 24.0, '6:features_kernel:Matern32': 25.0, '7:features_kernel:Matern32': 30.0, '8:features_kernel:Matern32': 9.0, '9:features_kernel:Matern32': 13.0, '10:features_kernel:Matern32': 8.0, '11:features_kernel:Matern32': 3.0, 'alpha': 0.026000000000000002}. Best is trial 17 with value: 9.310161596391502.
[I 2026-05-07 00:08:18,317] Trial 36 finished with value: 9.830467691110556 and parameters: {'0:atom_AtomicNumber:kDelta': 0.95, '0:atom_AtomicNumber_list_1:kConv': 0.8, '0:atom_AtomicNumber_list_2:kConv': 0.85, '0:atom_AtomicNumber_list_3:kConv': 0.85, '0:atom_AtomicNumber_list_4:kConv': 0.85, '0:atom_MorganHash:kDelta': 0.9, '0:atom_Ring_count:kDelta': 0.9, '0:atom_RingSize_list:kConv': 0.8, '0:atom_Hcount:kDelta': 0.9, '0:atom_AtomicNumber_count_1:kDelta': 1.0, '0:atom_AtomicNumber_count_2:kDelta': 0.75, '0:atom_Chiral:kDelta': 0.9, '0:bond_Order:kDelta': 1.0, '0:bond_Stereo:kDelta': 0.85, '0:bond_RingStereo:kDelta': 0.75, '0:q:q': 0.28, '1:features_kernel:Matern32': 28.0, '2:features_kernel:Matern32': 25.0, '3:features_kernel:Matern32': 9.0, '4:features_kernel:Matern32': 9.0, '5:features_kernel:Matern32': 27.0, '6:features_kernel:Matern32': 27.0, '7:features_kernel:Matern32': 13.0, '8:features_kernel:Matern32': 7.0, '9:features_kernel:Matern32': 10.0, '10:features_kernel:Matern32': 23.0, '11:features_kernel:Matern32': 19.0, 'alpha': 0.007}. Best is trial 17 with value: 9.310161596391502.
[I 2026-05-07 00:08:23,894] Trial 37 finished with value: 10.190360099279943 and parameters: {'0:atom_AtomicNumber:kDelta': 0.9, '0:atom_AtomicNumber_list_1:kConv': 0.9, '0:atom_AtomicNumber_list_2:kConv': 0.9, '0:atom_AtomicNumber_list_3:kConv': 0.95, '0:atom_AtomicNumber_list_4:kConv': 0.95, '0:atom_MorganHash:kDelta': 1.0, '0:atom_Ring_count:kDelta': 0.85, '0:atom_RingSize_list:kConv': 0.75, '0:atom_Hcount:kDelta': 0.75, '0:atom_AtomicNumber_count_1:kDelta': 0.9, '0:atom_AtomicNumber_count_2:kDelta': 0.85, '0:atom_Chiral:kDelta': 0.95, '0:bond_Order:kDelta': 0.9, '0:bond_Stereo:kDelta': 0.9, '0:bond_RingStereo:kDelta': 0.85, '0:q:q': 0.15000000000000002, '1:features_kernel:Matern32': 21.0, '2:features_kernel:Matern32': 22.0, '3:features_kernel:Matern32': 20.0, '4:features_kernel:Matern32': 18.0, '5:features_kernel:Matern32': 29.0, '6:features_kernel:Matern32': 20.0, '7:features_kernel:Matern32': 21.0, '8:features_kernel:Matern32': 15.0, '9:features_kernel:Matern32': 6.0, '10:features_kernel:Matern32': 4.0, '11:features_kernel:Matern32': 10.0, 'alpha': 0.015}. Best is trial 17 with value: 9.310161596391502.
[I 2026-05-07 00:08:28,808] Trial 38 finished with value: 11.52978265373611 and parameters: {'0:atom_AtomicNumber:kDelta': 0.85, '0:atom_AtomicNumber_list_1:kConv': 0.95, '0:atom_AtomicNumber_list_2:kConv': 0.95, '0:atom_AtomicNumber_list_3:kConv': 0.8, '0:atom_AtomicNumber_list_4:kConv': 0.9, '0:atom_MorganHash:kDelta': 0.8, '0:atom_Ring_count:kDelta': 0.95, '0:atom_RingSize_list:kConv': 0.9, '0:atom_Hcount:kDelta': 0.8, '0:atom_AtomicNumber_count_1:kDelta': 1.0, '0:atom_AtomicNumber_count_2:kDelta': 0.8, '0:atom_Chiral:kDelta': 0.85, '0:bond_Order:kDelta': 1.0, '0:bond_Stereo:kDelta': 1.0, '0:bond_RingStereo:kDelta': 0.9, '0:q:q': 0.45, '1:features_kernel:Matern32': 19.0, '2:features_kernel:Matern32': 19.0, '3:features_kernel:Matern32': 3.0, '4:features_kernel:Matern32': 4.0, '5:features_kernel:Matern32': 22.0, '6:features_kernel:Matern32': 4.0, '7:features_kernel:Matern32': 25.0, '8:features_kernel:Matern32': 10.0, '9:features_kernel:Matern32': 9.0, '10:features_kernel:Matern32': 27.0, '11:features_kernel:Matern32': 1.0, 'alpha': 0.001}. Best is trial 17 with value: 9.310161596391502.
[I 2026-05-07 00:08:33,914] Trial 39 finished with value: 10.098465929246855 and parameters: {'0:atom_AtomicNumber:kDelta': 0.95, '0:atom_AtomicNumber_list_1:kConv': 0.8, '0:atom_AtomicNumber_list_2:kConv': 0.85, '0:atom_AtomicNumber_list_3:kConv': 0.8, '0:atom_AtomicNumber_list_4:kConv': 0.75, '0:atom_MorganHash:kDelta': 0.95, '0:atom_Ring_count:kDelta': 0.75, '0:atom_RingSize_list:kConv': 0.8, '0:atom_Hcount:kDelta': 0.9, '0:atom_AtomicNumber_count_1:kDelta': 0.95, '0:atom_AtomicNumber_count_2:kDelta': 0.75, '0:atom_Chiral:kDelta': 0.9, '0:bond_Order:kDelta': 0.9, '0:bond_Stereo:kDelta': 0.85, '0:bond_RingStereo:kDelta': 0.95, '0:q:q': 0.23, '1:features_kernel:Matern32': 24.0, '2:features_kernel:Matern32': 28.0, '3:features_kernel:Matern32': 14.0, '4:features_kernel:Matern32': 1.0, '5:features_kernel:Matern32': 25.0, '6:features_kernel:Matern32': 23.0, '7:features_kernel:Matern32': 28.0, '8:features_kernel:Matern32': 12.0, '9:features_kernel:Matern32': 3.0, '10:features_kernel:Matern32': 25.0, '11:features_kernel:Matern32': 12.0, 'alpha': 0.007}. Best is trial 17 with value: 9.310161596391502.
[I 2026-05-07 00:08:38,708] Trial 40 finished with value: 9.74319506340281 and parameters: {'0:atom_AtomicNumber:kDelta': 0.9, '0:atom_AtomicNumber_list_1:kConv': 0.75, '0:atom_AtomicNumber_list_2:kConv': 1.0, '0:atom_AtomicNumber_list_3:kConv': 0.9, '0:atom_AtomicNumber_list_4:kConv': 0.85, '0:atom_MorganHash:kDelta': 1.0, '0:atom_Ring_count:kDelta': 0.9, '0:atom_RingSize_list:kConv': 0.75, '0:atom_Hcount:kDelta': 0.85, '0:atom_AtomicNumber_count_1:kDelta': 1.0, '0:atom_AtomicNumber_count_2:kDelta': 0.8, '0:atom_Chiral:kDelta': 0.95, '0:bond_Order:kDelta': 0.95, '0:bond_Stereo:kDelta': 0.75, '0:bond_RingStereo:kDelta': 0.9, '0:q:q': 0.39, '1:features_kernel:Matern32': 27.0, '2:features_kernel:Matern32': 15.0, '3:features_kernel:Matern32': 7.0, '4:features_kernel:Matern32': 15.0, '5:features_kernel:Matern32': 15.0, '6:features_kernel:Matern32': 8.0, '7:features_kernel:Matern32': 17.0, '8:features_kernel:Matern32': 17.0, '9:features_kernel:Matern32': 15.0, '10:features_kernel:Matern32': 20.0, '11:features_kernel:Matern32': 8.0, 'alpha': 0.016}. Best is trial 17 with value: 9.310161596391502.
[I 2026-05-07 00:08:43,519] Trial 41 finished with value: 9.526397675369672 and parameters: {'0:atom_AtomicNumber:kDelta': 0.85, '0:atom_AtomicNumber_list_1:kConv': 0.75, '0:atom_AtomicNumber_list_2:kConv': 0.9, '0:atom_AtomicNumber_list_3:kConv': 0.8, '0:atom_AtomicNumber_list_4:kConv': 0.85, '0:atom_MorganHash:kDelta': 1.0, '0:atom_Ring_count:kDelta': 0.85, '0:atom_RingSize_list:kConv': 0.8, '0:atom_Hcount:kDelta': 0.85, '0:atom_AtomicNumber_count_1:kDelta': 1.0, '0:atom_AtomicNumber_count_2:kDelta': 0.8, '0:atom_Chiral:kDelta': 0.95, '0:bond_Order:kDelta': 1.0, '0:bond_Stereo:kDelta': 0.8, '0:bond_RingStereo:kDelta': 0.8, '0:q:q': 0.38, '1:features_kernel:Matern32': 25.0, '2:features_kernel:Matern32': 22.0, '3:features_kernel:Matern32': 3.0, '4:features_kernel:Matern32': 24.0, '5:features_kernel:Matern32': 26.0, '6:features_kernel:Matern32': 25.0, '7:features_kernel:Matern32': 28.0, '8:features_kernel:Matern32': 7.0, '9:features_kernel:Matern32': 13.0, '10:features_kernel:Matern32': 12.0, '11:features_kernel:Matern32': 16.0, 'alpha': 0.001}. Best is trial 17 with value: 9.310161596391502.
