Running seed: 6
No hyperparameter optimization
|        logP|       dlogP|     y^T.K.y|     log|K| |     Cond(K)|  GPU time|  CPU time|
|------------|------------|------------|------------|------------|----------|----------|
|      218.81|      52.296|      608.25|     -389.44|      807.23|        21|     0.073|
|     -34.296|      222.03|      1042.4|     -1076.6|      1841.7|        25|     0.075|
|      215.16|       53.54|      607.77|     -392.61|      809.88|        16|     0.065|
|     -1.1964|       118.3|      611.01|     -612.21|      1423.9|        16|     0.065|
|     -109.64|      173.59|      789.25|     -898.89|      1743.8|        17|     0.075|
|     -43.589|       218.1|        1031|     -1074.6|      1840.7|        17|      0.07|
|     -93.981|      189.19|      889.22|      -983.2|      1791.6|        17|     0.072|
|     -105.17|      180.58|      835.83|     -940.99|      1768.6|        17|     0.075|
|     -108.25|      176.88|      811.34|     -919.59|      1756.3|        17|     0.076|
|     -109.27|      174.89|      797.94|      -907.2|      1748.9|        17|     0.072|
|     -109.57|       173.9|      791.44|     -901.01|      1745.1|        17|     0.078|
|     -109.63|      173.66|      789.71|     -899.34|      1744.1|        17|     0.071|
|     -109.64|       173.6|      789.34|     -898.98|      1743.9|        17|     0.076|
|     -109.64|      173.59|      789.27|     -898.91|      1743.8|        17|     0.078|
|     -109.64|      173.59|      789.32|     -898.96|      1743.8|        17|     0.076|
|     -109.64|      173.58|      789.28|     -898.92|      1743.8|        17|     0.081|
|     -109.64|      173.59|      789.27|     -898.91|      1743.8|        17|     0.082|
|     -109.64|      173.58|      789.27|     -898.91|      1743.8|        17|     0.082|
Optimization result:
  message: CONVERGENCE: RELATIVE REDUCTION OF F <= FACTR*EPSMCH
  success: True
   status: 0
      fun: -109.64063895102254
        x: [-4.603e+00 -2.877e-01 ...  1.125e+00  2.804e+00]
      nit: 2
      jac: [-2.027e-01  1.290e-02 ...  1.651e+02  2.014e+03]
     nfev: 18
     njev: 18
 hess_inv: <22x22 LbfgsInvHessProduct with dtype=float64>
|        logP|       dlogP|     y^T.K.y|     log|K| |     Cond(K)|  GPU time|  CPU time|
|------------|------------|------------|------------|------------|----------|----------|
|      249.44|      42.484|      655.09|     -405.65|      967.76|        21|     0.065|
|       39.18|      213.67|      1100.9|     -1061.7|        1638|        18|      0.23|
|      246.82|       43.71|      654.53|     -407.72|      969.71|        16|     0.072|
|      41.642|      113.48|      639.37|     -597.73|      999.63|        17|     0.074|
|     -53.934|      160.05|      829.06|        -883|      1315.2|        17|     0.094|
|     -55.022|      158.09|      819.22|     -874.24|      1298.1|        17|       0.1|
|     -55.753|      156.35|      810.54|      -866.3|      1282.6|        17|      0.11|
|      22.057|      212.56|      1079.4|     -1057.3|      1634.6|        18|      0.19|
|     -37.232|      178.76|      921.51|     -958.74|      1461.4|        18|     0.098|
|     -50.574|      166.46|      862.05|     -912.63|        1374|        17|      0.11|
|     -54.209|      161.02|      834.74|     -888.94|      1327.7|        17|      0.11|
|     -55.389|      158.06|      819.41|      -874.8|      1299.6|        17|      0.11|
|     -55.688|      156.76|       812.7|     -868.39|      1286.8|        17|      0.12|
|      -55.74|      156.45|      810.99|     -866.73|      1283.5|        17|      0.11|
|     -55.752|      156.37|      810.63|     -866.38|      1282.8|        17|       0.1|
|     -55.754|      156.37|      810.56|     -866.31|      1282.7|        17|      0.11|
|     -55.752|      156.36|      810.61|     -866.36|      1282.7|        17|      0.11|
|     -55.755|      156.35|      810.57|     -866.32|      1282.7|        17|      0.11|
|     -55.752|      156.38|       810.6|     -866.35|      1282.7|        17|      0.11|
|     -55.753|      156.36|      810.57|     -866.33|      1282.7|        17|      0.11|
|     -55.753|      156.35|      810.57|     -866.32|      1282.6|        17|      0.12|
|     -55.752|      156.35|      810.57|     -866.32|      1282.7|        17|      0.11|
Optimization result:
  message: CONVERGENCE: RELATIVE REDUCTION OF F <= FACTR*EPSMCH
  success: True
   status: 0
      fun: -55.75229396930558
        x: [-4.603e+00 -2.877e-01 ...  1.429e+00  2.747e+00]
      nit: 2
      jac: [-1.834e-01  2.516e-01 ...  1.930e+02  1.751e+03]
     nfev: 22
     njev: 22
 hess_inv: <22x22 LbfgsInvHessProduct with dtype=float64>
|        logP|       dlogP|     y^T.K.y|     log|K| |     Cond(K)|  GPU time|  CPU time|
|------------|------------|------------|------------|------------|----------|----------|
|      197.84|      54.417|      601.29|     -403.45|      871.13|        21|     0.069|
|     -249.78|      143.18|      940.32|     -1190.1|      2746.6|        18|     0.065|
|         191|      57.235|      600.56|     -409.56|      874.87|        17|     0.074|
|     -55.536|      141.76|      589.79|     -645.33|      1255.4|        17|     0.066|
|     -249.51|      144.69|         715|     -964.51|      1714.5|        18|     0.065|
|     -267.71|      133.79|      827.67|     -1095.4|      2213.7|        18|      0.07|
|     -267.89|      134.06|       820.7|     -1088.6|      2177.2|        18|     0.068|
|     -265.64|      136.64|      914.48|     -1180.1|      2697.4|        18|     0.071|
|     -269.94|      131.75|      866.25|     -1136.2|      2443.6|        18|     0.066|
|     -339.51|      83.662|      702.28|     -1041.8|      2278.8|        18|     0.065|
|     -350.05|      80.443|      719.43|     -1069.5|      2546.2|        19|     0.071|
|     -359.54|       81.99|      743.64|     -1103.2|      2781.9|        19|     0.064|
|     -355.02|      79.979|      728.34|     -1083.4|      2648.1|        19|     0.067|
|     -364.26|        80.4|         740|     -1104.3|      2758.3|        19|     0.073|
|     -383.43|      113.96|      799.96|     -1183.4|      2984.4|        21|     0.071|
|     -372.65|      83.122|      751.76|     -1124.4|      2831.9|        20|     0.067|
|     -395.52|      148.61|      826.58|     -1222.1|        3028|        22|      0.07|
|     -380.08|      90.453|      762.01|     -1142.1|      2875.7|        20|     0.064|
|     -419.17|      183.18|      885.59|     -1304.8|      4027.9|        22|     0.071|
|      -391.6|      108.89|      775.51|     -1167.1|      2922.2|        20|      0.07|
|     -410.56|      150.29|       814.6|     -1225.2|      3038.9|        21|     0.066|
|     -387.02|      261.69|        1119|       -1506|      7020.8|        22|     0.067|
|      -427.4|       195.9|       934.4|     -1361.8|        4867|        21|     0.065|
|     -418.49|      164.92|      835.17|     -1253.7|      3328.4|        21|     0.068|
|     -406.52|      246.83|      1090.4|     -1496.9|      6817.5|        21|     0.073|
|     -433.79|      198.45|      944.49|     -1378.3|      5111.6|        21|     0.069|
|     -439.76|      219.12|      1025.4|     -1465.2|      6133.3|        20|     0.069|
|     -516.97|      184.93|      886.91|     -1403.9|      4942.6|        18|     0.066|
|     -569.93|      150.25|      778.65|     -1348.6|      4155.4|        17|     0.065|
|     -584.99|      143.44|      735.06|     -1320.1|      3819.4|        16|     0.069|
|     -591.86|       144.4|      704.93|     -1296.8|      3584.6|        16|     0.065|
|     -594.29|       147.3|      686.93|     -1281.2|      3447.2|        16|     0.064|
|     -595.19|      149.79|      677.02|     -1272.2|      3375.2|        16|     0.065|
|     -595.84|      151.85|       671.5|     -1267.3|      3341.4|        16|     0.068|
|     -597.13|      155.33|      664.95|     -1262.1|      3309.9|        16|     0.068|
|     -600.28|      163.36|      656.41|     -1256.7|      3272.5|        17|      0.07|
|      -601.1|      166.57|       653.7|     -1254.8|      3248.3|        17|     0.068|
|     -604.31|      172.51|      652.88|     -1257.2|        3233|        18|     0.068|
|     -608.24|      172.18|      659.08|     -1267.3|      3316.7|        18|     0.075|
|     -615.37|      168.42|      675.33|     -1290.7|      3543.8|        19|      0.07|
|     -619.45|      158.96|      719.99|     -1339.4|      4155.1|        19|     0.065|
|     -618.69|       164.7|      689.24|     -1307.9|      3755.7|        19|     0.066|
|      -605.7|      149.97|      768.53|     -1374.2|      4764.3|        19|     0.066|
|     -619.52|      155.03|      720.17|     -1339.7|      4229.1|        19|     0.065|
|      -620.7|      160.34|      703.32|       -1324|      3983.4|        19|     0.065|
|     -620.84|      159.04|      707.17|       -1328|      4047.4|        19|     0.065|
|     -620.98|      158.61|      708.98|       -1330|        4076|        19|     0.071|
|     -621.35|       158.7|       709.8|     -1331.1|      4095.6|        19|     0.067|
|     -621.52|         159|      708.99|     -1330.5|      4081.7|        19|      0.07|
|     -621.55|      158.86|      708.91|     -1330.5|      4080.1|        19|     0.065|
|     -621.61|      158.78|       708.8|     -1330.4|      4077.5|        19|     0.068|
|     -621.62|      158.73|      708.85|     -1330.5|      4078.2|        19|     0.068|
|      -621.8|      158.69|      708.27|     -1330.1|      4059.5|        20|     0.064|
|     -621.81|       158.7|      708.14|       -1330|      4055.8|        20|     0.069|
|     -621.89|      158.91|      707.46|     -1329.3|      4029.2|        20|      0.07|
|     -621.71|      158.91|      706.94|     -1328.7|        3973|        20|     0.066|
|     -621.91|      158.92|      707.23|     -1329.1|      4014.9|        20|      0.07|
|     -620.16|      159.03|      708.81|       -1329|      3908.8|        21|     0.066|
|     -621.85|       158.9|      707.07|     -1328.9|        3989|        20|     0.069|
|     -621.91|      158.92|      707.18|     -1329.1|      4009.7|        20|     0.064|
|     -621.91|       158.9|      707.22|     -1329.1|      4013.8|        20|     0.076|
|     -621.91|      158.91|       707.2|     -1329.1|      4011.1|        20|     0.064|
|     -621.91|       158.9|      707.22|     -1329.1|      4013.2|        20|     0.072|
|     -621.91|       158.9|      707.22|     -1329.1|      4013.7|        20|     0.065|
|     -621.91|      158.92|      707.22|     -1329.1|      4013.5|        20|     0.065|
Optimization result:
  message: CONVERGENCE: RELATIVE REDUCTION OF F <= FACTR*EPSMCH
  success: True
   status: 0
      fun: -621.910176068239
        x: [-4.555e+00 -2.141e-01 ...  1.349e-01  2.179e+00]
      nit: 37
      jac: [-4.882e-01 -1.929e+00 ... -1.697e+00 -2.281e+01]
     nfev: 65
     njev: 65
 hess_inv: <22x22 LbfgsInvHessProduct with dtype=float64>
|        logP|       dlogP|     y^T.K.y|     log|K| |     Cond(K)|  GPU time|  CPU time|
|------------|------------|------------|------------|------------|----------|----------|
|      257.23|      48.984|      618.31|     -361.09|      807.23|        20|     0.069|
|     -108.08|      208.13|        1142|     -1250.1|      2920.1|        18|     0.067|
|      254.24|      50.667|      618.09|     -363.85|      809.31|        16|     0.068|
|      1.7386|      137.15|      617.92|     -616.18|      1420.8|        17|      0.07|
|     -180.41|       184.7|      814.47|     -994.88|      2258.9|        17|     0.071|
|     -154.93|      197.01|      1003.7|     -1158.6|      2654.6|        17|     0.066|
|     -175.74|      192.36|      905.79|     -1081.5|      2461.3|        17|     0.069|
|     -180.41|      184.71|      814.47|     -994.88|      2258.9|        17|     0.069|
|     -444.85|      184.97|      785.73|     -1230.6|      2545.6|        23|     0.067|
|     -445.23|      184.84|      783.86|     -1229.1|      2535.8|        23|     0.077|
|     -446.98|       184.4|      771.21|     -1218.2|      2460.8|        23|     0.065|
|     -447.18|      184.25|       768.8|       -1216|      2439.5|        23|     0.065|
|      -447.2|      184.43|       765.3|     -1212.5|      2422.1|        23|     0.066|
|     -447.22|      184.19|      766.74|       -1214|      2425.7|        23|     0.065|
|     -447.22|      184.18|      766.72|     -1213.9|      2425.8|        18|     0.064|
Optimization result:
  message: CONVERGENCE: RELATIVE REDUCTION OF F <= FACTR*EPSMCH
  success: True
   status: 0
      fun: -447.2201918411886
        x: [-4.047e+00 -8.246e-03 ... -2.278e+00 -2.290e+00]
      nit: 8
      jac: [ 8.987e-01  2.575e+00 ... -3.018e-01 -8.239e-02]
     nfev: 15
     njev: 15
 hess_inv: <22x22 LbfgsInvHessProduct with dtype=float64>
|        logP|       dlogP|     y^T.K.y|     log|K| |     Cond(K)|  GPU time|  CPU time|
|------------|------------|------------|------------|------------|----------|----------|
|      219.33|      42.809|      628.91|     -409.58|      966.53|        17|     0.066|
|     -144.31|      203.72|      1071.2|     -1215.6|      2205.2|        14|     0.064|
|      216.52|      44.153|      628.89|     -412.37|      968.68|        13|     0.065|
|     -5.5398|      122.59|      649.31|     -654.85|      1106.2|        13|     0.064|
|     -188.79|      127.96|      809.98|     -998.78|      1622.3|        14|     0.062|
|     -181.13|      158.01|      954.98|     -1136.1|      1896.7|        14|     0.063|
|     -192.68|      135.73|       880.1|     -1072.8|      1762.4|        14|     0.063|
|      136.43|      75.081|      626.74|     -490.31|      993.75|        13|     0.064|
|      -145.3|       136.7|       720.8|      -866.1|      1367.5|        14|     0.063|
|     -182.96|      128.09|      783.46|     -966.42|        1561|        14|     0.063|
|     -192.01|      127.59|      825.08|     -1017.1|      1655.8|        14|     0.063|
|     -193.64|      130.29|         851|     -1044.6|      1707.9|        14|     0.071|
|     -236.43|      100.12|      923.73|     -1160.2|      2075.4|        14|     0.063|
|     -251.63|      80.262|      893.11|     -1144.7|      2126.5|        14|     0.062|
|     -258.89|      72.092|      872.05|     -1130.9|      2171.2|        14|     0.063|
|      -262.7|       70.31|      869.06|     -1131.8|      2303.1|        15|     0.064|
|     -264.12|       70.59|      873.46|     -1137.6|      2339.7|        15|     0.064|
|     -267.42|      74.792|      879.14|     -1146.6|        2370|        16|      0.07|
|     -273.44|      98.509|      884.57|       -1158|        2396|        18|     0.064|
|     -281.76|      106.91|      884.86|     -1166.6|      2410.3|        18|     0.065|
|     -289.48|      108.98|      881.89|     -1171.4|      2429.1|        19|     0.064|
|     -295.62|      109.04|       879.8|     -1175.4|      2444.3|        19|     0.064|
|      -324.4|       112.8|      882.66|     -1207.1|      2540.3|        19|     0.063|
|     -334.31|      112.08|      885.88|     -1220.2|      2733.4|        19|     0.064|
|     -421.66|      273.04|      994.95|     -1416.6|      4707.9|        18|     0.064|
|     -462.08|       133.1|      881.83|     -1343.9|        3795|        12|     0.063|
|     -469.54|      143.18|      879.04|     -1348.6|      3851.3|        12|     0.063|
|     -470.91|      143.78|      862.83|     -1333.7|      3733.8|        12|     0.063|
|     -471.57|      145.67|      852.51|     -1324.1|      3651.1|        12|     0.063|
|     -471.82|      147.52|      848.33|     -1320.2|      3607.6|        11|     0.063|
|     -472.01|      148.97|      847.52|     -1319.5|      3593.3|        11|     0.064|
|     -472.14|      148.85|      847.68|     -1319.8|      3595.1|        12|     0.063|
|     -472.56|         148|      848.08|     -1320.6|      3604.7|        12|     0.063|
|      -473.6|      145.16|      848.59|     -1322.2|      3631.1|        12|     0.063|
|     -475.68|      136.64|      849.89|     -1325.6|      3666.4|        13|     0.063|
|     -475.78|      135.92|      849.06|     -1324.8|      3663.5|        13|     0.064|
|     -476.36|      130.72|      844.28|     -1320.6|      3643.2|        14|     0.063|
|      -476.6|      128.68|      843.15|     -1319.8|      3634.2|        14|     0.063|
|     -476.74|      124.87|      841.41|     -1318.2|      3615.2|        14|     0.063|
|     -476.76|      124.92|      841.28|       -1318|      3614.4|        14|     0.084|
|     -476.93|      125.12|      842.17|     -1319.1|      3625.2|        14|     0.063|
|     -477.03|      125.12|      843.53|     -1320.6|      3641.3|        14|     0.065|
|     -477.05|      124.96|      844.51|     -1321.6|      3653.4|        14|     0.062|
|     -477.04|         125|      844.99|       -1322|      3659.6|        14|     0.064|
|     -477.05|      125.01|      844.58|     -1321.6|      3654.3|        14|     0.063|
|     -477.05|      125.01|      844.52|     -1321.6|      3653.6|        14|     0.063|
|     -477.05|      124.99|      844.51|     -1321.6|      3653.5|        14|     0.064|
|     -477.05|      125.02|      844.51|     -1321.6|      3653.5|        14|     0.063|
|     -477.05|      125.02|      844.51|     -1321.6|      3653.4|        14|     0.063|
|     -477.05|         125|      844.51|     -1321.6|      3653.5|        14|     0.064|
Optimization result:
  message: CONVERGENCE: RELATIVE REDUCTION OF F <= FACTR*EPSMCH
  success: True
   status: 0
      fun: -477.04637242043293
        x: [-4.517e+00 -1.449e-01 ... -2.727e-03  2.148e+00]
      nit: 32
      jac: [-5.830e-01 -3.567e+00 ...  2.649e-01  1.355e+00]
     nfev: 50
     njev: 50
 hess_inv: <22x22 LbfgsInvHessProduct with dtype=float64>
Running seed: 13
No hyperparameter optimization
|        logP|       dlogP|     y^T.K.y|     log|K| |     Cond(K)|  GPU time|  CPU time|
|------------|------------|------------|------------|------------|----------|----------|
|      252.25|      37.967|      653.56|     -401.31|      875.11|        16|     0.062|
|     -70.656|      154.82|       987.6|     -1058.3|      1819.4|        13|      0.21|
|      249.32|       38.99|      653.04|     -403.72|      876.93|        12|     0.061|
|      56.288|      114.95|      651.07|     -594.78|      1193.5|        12|     0.064|
|     -98.564|      116.23|      781.03|     -879.59|      1534.8|        13|     0.093|
|     -98.313|      118.93|      893.51|     -991.82|        1609|        13|      0.17|
|     -104.64|      110.86|      833.72|     -938.36|      1573.9|        13|       0.1|
|     -142.04|      261.69|      1165.2|     -1307.3|      3770.4|        12|      0.15|
|     -104.83|      111.28|      834.99|     -939.82|      1574.7|        13|       0.1|
|     -137.43|      261.53|      1175.3|     -1312.7|      3771.7|       7.6|      0.14|
|     -104.99|      111.64|      835.99|     -940.98|      1575.4|        13|       0.1|
|     -137.43|      261.53|      1175.3|     -1312.7|      3771.7|       7.6|      0.14|
|     -105.13|      111.96|      836.81|     -941.94|        1576|        13|       0.1|
|     -137.43|      261.53|      1175.3|     -1312.7|      3771.7|       7.6|      0.14|
|     -105.26|      112.23|      837.48|     -942.74|      1576.5|        13|       0.1|
|     -137.43|      261.53|      1175.3|     -1312.7|      3771.7|       7.6|      0.14|
|     -105.38|      112.47|      838.04|     -943.42|      1576.9|        13|       0.1|
|     -137.43|      261.53|      1175.3|     -1312.7|      3771.8|       7.6|      0.14|
|     -105.48|      112.69|      838.52|        -944|      1577.2|        13|       0.1|
|     -137.44|      261.53|      1175.3|     -1312.7|      3771.8|       7.6|      0.14|
|     -105.57|      112.89|      838.92|     -944.49|      1577.6|        13|       0.1|
|     -137.43|      261.53|      1175.3|     -1312.7|      3771.7|       7.6|      0.14|
|     -105.65|      113.05|      839.26|     -944.91|      1577.8|        13|       0.1|
|     -137.43|      261.53|      1175.3|     -1312.7|      3771.8|       7.6|      0.14|
|     -105.72|      113.21|      839.56|     -945.28|      1578.1|        13|       0.1|
|     -137.43|      261.53|      1175.3|     -1312.7|      3771.8|       7.6|      0.14|
|     -105.78|      113.34|      839.81|     -945.59|      1578.2|        13|       0.1|
|      -147.4|      137.56|      864.61|       -1012|      1813.5|        12|      0.12|
|     -201.67|      182.11|      923.11|     -1124.8|      2679.8|        12|      0.19|
|     -225.57|      188.64|      935.16|     -1160.7|      2975.5|        12|      0.22|
|     -248.07|      197.82|      959.04|     -1207.1|      3294.9|        12|      0.18|
|     -177.74|      168.51|      551.12|     -728.86|      2535.8|        12|      0.27|
|     -304.21|      167.83|      642.66|     -946.88|      2474.5|        12|      0.15|
|     -354.95|       125.9|      705.67|     -1060.6|      2707.6|        12|      0.15|
|     -375.21|      88.735|      828.36|     -1203.6|      3146.7|        12|      0.16|
|     -372.08|      100.22|      759.48|     -1131.6|      2713.5|        12|      0.15|
|     -379.56|      89.374|      828.88|     -1208.4|      3248.5|        12|      0.16|
|     -378.48|      89.043|      791.98|     -1170.5|      2963.5|        12|      0.16|
|     -384.09|      88.606|      814.44|     -1198.5|      3236.1|        21|      0.17|
|     -385.32|      102.05|      830.36|     -1215.7|      3433.8|        21|      0.19|
|     -392.35|      102.51|      802.72|     -1195.1|      3296.6|        21|      0.19|
|     -400.73|      114.88|      777.79|     -1178.5|      3191.5|        21|      0.19|
|     -407.05|      124.57|      764.98|       -1172|      3118.5|        22|      0.16|
|     -411.08|      132.71|      760.15|     -1171.2|      3079.4|        22|      0.14|
|     -417.43|      145.24|      754.32|     -1171.7|      3052.5|        22|      0.12|
|     -425.82|      149.54|      760.65|     -1186.5|        3183|        21|      0.17|
|     -427.37|      145.68|      768.79|     -1196.2|      3239.3|        18|      0.15|
|     -429.96|      145.11|      765.54|     -1195.5|      3229.8|        16|      0.12|
|     -430.87|      145.44|      761.58|     -1192.5|        3212|        16|      0.12|
|     -431.51|      145.52|      759.96|     -1191.5|      3205.7|        17|      0.11|
|     -432.47|      145.39|      758.52|       -1191|      3199.9|        17|      0.11|
|     -432.59|       144.9|      759.19|     -1191.8|      3200.7|        17|       0.1|
|     -432.75|      144.93|      759.54|     -1192.3|      3205.8|        17|     0.099|
|     -432.94|      144.69|      760.47|     -1193.4|      3213.1|        16|     0.099|
|     -433.09|      144.54|      760.64|     -1193.7|      3215.6|        17|     0.097|
|     -433.62|      144.22|      760.29|     -1193.9|      3220.1|        16|     0.093|
|     -434.11|      144.19|      758.97|     -1193.1|      3220.1|        15|     0.092|
|     -434.42|      144.33|      757.47|     -1191.9|      3218.1|        15|     0.097|
|     -434.44|      144.41|      757.07|     -1191.5|      3216.6|        15|     0.097|
|     -434.46|      144.46|      756.86|     -1191.3|      3215.9|        15|     0.097|
|     -434.51|      144.51|      756.74|     -1191.2|      3215.6|        15|     0.099|
|     -434.75|      144.65|      756.51|     -1191.3|      3215.4|        16|      0.12|
|      -435.3|      144.89|      756.23|     -1191.5|      3215.3|        16|      0.14|
|     -435.41|      144.86|      756.36|     -1191.8|      3215.8|        16|      0.13|
|     -436.06|      144.67|      757.13|     -1193.2|      3218.3|        16|      0.15|
|     -436.29|      144.68|      757.08|     -1193.4|      3217.6|        15|      0.15|
|     -437.18|      144.74|      756.94|     -1194.1|      3214.9|        15|      0.13|
|     -441.71|      144.54|      755.98|     -1197.7|      3199.8|        14|     0.067|
|     -445.89|      144.07|      753.78|     -1199.7|      3181.9|        14|     0.074|
|     -456.94|      139.45|      771.74|     -1228.7|        3209|        16|     0.061|
|     -450.68|      143.52|      752.38|     -1203.1|      3161.3|        14|     0.061|
|     -456.27|      141.68|      754.83|     -1211.1|        3138|        15|     0.061|
|     -457.58|      139.07|      762.54|     -1220.1|      3157.8|        16|      0.06|
|      -457.7|      138.81|      763.58|     -1221.3|      3163.8|        16|     0.063|
|     -458.14|      137.84|      767.82|       -1226|      3188.7|        16|     0.061|
|      -281.8|      151.61|        1085|     -1366.8|      4034.5|        21|      0.06|
|      -424.2|      125.94|      809.57|     -1233.8|      2944.8|        21|     0.061|
|      -453.7|      134.75|      768.49|     -1222.2|      3139.1|        18|      0.06|
|     -456.96|      136.08|      767.28|     -1224.2|      3176.8|        17|     0.059|
|     -457.91|       137.4|      767.67|     -1225.6|      3186.3|        16|      0.06|
|      -458.1|      137.76|      767.79|     -1225.9|      3188.3|        16|      0.06|
|     -458.13|      137.82|      767.82|       -1226|      3188.7|        16|      0.06|
|     -458.14|      137.83|      767.82|       -1226|      3188.7|        16|      0.06|
|     -458.14|      137.84|      767.82|       -1226|      3188.7|        16|      0.06|
|     -458.14|      137.84|      767.82|       -1226|      3188.7|        16|     0.061|
|     -458.14|      137.84|      767.82|       -1226|      3188.7|        16|     0.059|
|     -458.14|      137.84|      767.82|       -1226|      3188.7|        16|      0.06|
|     -458.14|      137.84|      767.82|       -1226|      3188.7|        16|     0.061|
|     -458.14|      137.84|      767.82|       -1226|      3188.7|        16|     0.065|
|     -458.14|      137.84|      767.82|       -1226|      3188.7|        16|      0.06|
Optimization result:
  message: CONVERGENCE: RELATIVE REDUCTION OF F <= FACTR*EPSMCH
  success: True
   status: 0
      fun: -458.1406846379041
        x: [-1.060e+00 -3.659e-03 ...  2.081e-01  2.030e+00]
      nit: 50
      jac: [ 5.933e-01  1.107e+00 ...  1.567e+01  7.764e+00]
     nfev: 90
     njev: 90
 hess_inv: <22x22 LbfgsInvHessProduct with dtype=float64>
|        logP|       dlogP|     y^T.K.y|     log|K| |     Cond(K)|  GPU time|  CPU time|
|------------|------------|------------|------------|------------|----------|----------|
|         217|      47.383|      598.57|     -381.57|      869.08|        25|     0.064|
|     -129.62|      182.19|      1006.6|     -1136.3|      1984.2|        23|     0.062|
|      213.87|      48.854|      598.37|      -384.5|      871.24|        21|     0.064|
|     -29.035|      146.37|      576.16|      -605.2|        1456|        21|     0.062|
|     -197.79|      139.96|      727.56|     -925.35|      1804.4|        22|     0.062|
|        -170|      163.59|      892.29|     -1062.3|      1864.8|        22|     0.079|
|     -191.47|      149.53|      803.78|     -995.24|      1836.2|        22|     0.061|
|     -197.79|      139.93|      727.56|     -925.35|      1804.4|        22|     0.062|
|     -491.42|      178.95|      660.68|     -1152.1|      2393.7|        30|     0.061|
|     -460.19|       196.3|      641.95|     -1102.1|      2392.7|        32|      0.26|
|     -490.92|      181.37|      637.78|     -1128.7|      2363.4|        31|     0.063|
|     -493.93|      179.41|       647.6|     -1141.5|        2370|        30|     0.065|
|     -493.99|      180.33|      647.17|     -1141.2|      2370.7|        30|     0.066|
|      -494.2|      184.64|       646.3|     -1140.5|      2375.4|        31|     0.067|
|     -494.48|       193.5|      645.81|     -1140.3|        2385|        32|     0.062|
|     -495.04|      226.81|      645.97|       -1141|      2409.8|        35|     0.063|
|     -495.06|      227.02|      646.33|     -1141.4|      2410.5|        35|     0.063|
|     -495.12|      228.25|      648.46|     -1143.6|      2414.3|        35|     0.062|
|     -495.15|       228.2|      648.17|     -1143.3|      2413.8|        35|     0.063|
|     -495.24|      228.43|       647.8|       -1143|      2413.2|        35|     0.061|
|      -495.7|      229.92|      646.62|     -1142.3|      2412.1|        36|     0.062|
|     -496.64|      232.69|      644.99|     -1141.6|      2410.9|        37|     0.063|
|     -498.58|       246.1|      643.45|       -1142|        2412|        38|     0.061|
|     -498.63|      246.66|      643.81|     -1142.4|      2412.7|        38|     0.062|
|     -499.87|      261.14|      647.35|     -1147.2|      2421.5|        40|     0.061|
|     -500.59|      263.59|      648.04|     -1148.6|      2423.6|        40|     0.061|
|     -501.33|      261.73|      648.73|     -1150.1|      2425.6|        40|     0.062|
|     -504.66|      248.11|      652.22|     -1156.9|      2434.6|        40|     0.061|
|     -513.51|      409.07|      710.57|     -1224.1|      2574.4|        40|      0.06|
|     -515.59|      519.96|      749.24|     -1264.8|      2753.5|        40|     0.063|
|     -515.13|      455.44|      723.42|     -1238.6|      2631.1|        40|     0.065|
|     -516.08|      490.43|      735.72|     -1251.8|      2687.4|        40|     0.062|
|     -104.74|      369.17|      1333.7|     -1438.4|      5697.6|        38|      0.13|
|     -465.81|      118.89|      775.51|     -1241.3|      2993.4|        39|     0.062|
|      -500.3|      145.76|      720.14|     -1220.4|      2555.1|        39|     0.061|
|     -514.47|      149.53|      719.81|     -1234.3|        2682|        40|     0.061|
|      -517.2|      214.38|      725.44|     -1242.6|      2701.7|        40|     0.062|
|     -346.82|      295.39|      975.38|     -1322.2|      3814.4|        34|     0.063|
|     -570.66|      190.23|      661.71|     -1232.4|      3174.8|        36|     0.062|
|     -319.25|      269.67|      952.12|     -1271.4|      3708.3|        28|      0.15|
|     -535.69|      173.55|      701.38|     -1237.1|      3545.2|        30|     0.062|
|     -564.49|      179.37|      665.57|     -1230.1|      3348.5|        31|     0.062|
|     -570.32|      186.82|      660.99|     -1231.3|      3209.2|        32|     0.061|
|     -570.62|      189.51|      661.52|     -1232.1|      3181.4|        33|      0.06|
|     -570.66|      190.07|      661.67|     -1232.3|        3176|        32|     0.061|
|     -570.66|       190.2|       661.7|     -1232.4|        3175|        32|     0.062|
|     -570.66|      190.13|      661.68|     -1232.3|      3175.7|        32|     0.061|
|     -570.66|      190.18|       661.7|     -1232.4|      3175.1|        32|     0.061|
|     -570.66|      190.19|       661.7|     -1232.4|        3175|        32|      0.06|
|     -570.66|       190.2|       661.7|     -1232.4|        3175|        32|     0.061|
Optimization result:
  message: CONVERGENCE: RELATIVE REDUCTION OF F <= FACTR*EPSMCH
  success: True
   status: 0
      fun: -570.6587441063435
        x: [-4.605e+00  0.000e+00 ...  3.236e+00  1.319e+00]
      nit: 21
      jac: [ 4.367e-01 -1.979e+00 ... -1.304e+02 -9.572e+01]
     nfev: 50
     njev: 50
 hess_inv: <22x22 LbfgsInvHessProduct with dtype=float64>
|        logP|       dlogP|     y^T.K.y|     log|K| |     Cond(K)|  GPU time|  CPU time|
|------------|------------|------------|------------|------------|----------|----------|
|      208.14|      60.971|      580.62|     -372.48|      966.94|        25|     0.067|
|     -45.717|      221.03|      1050.6|     -1096.3|      1750.9|        23|     0.065|
|      204.13|      62.151|       579.8|     -375.68|      969.32|        20|     0.066|
|     -34.409|      124.21|      564.22|     -598.63|      999.61|        21|     0.064|
|     -135.06|      181.41|      769.29|     -904.36|      1387.7|        22|     0.065|
|     -136.62|      178.65|      752.86|     -889.48|      1358.4|        22|     0.065|
|     -137.47|      175.69|       736.7|     -874.17|        1328|        22|     0.064|
|     -69.344|      219.36|      1020.5|     -1089.8|      1744.4|        22|     0.065|
|        -123|      193.21|      860.56|     -983.56|      1545.6|        22|     0.064|
|     -134.56|      184.95|      796.73|     -931.29|      1443.4|        22|     0.066|
|     -137.22|      180.49|      765.85|     -903.07|      1386.9|        22|     0.064|
|     -137.67|      177.53|      747.38|     -885.04|      1350.3|        22|     0.064|
|     -223.31|      192.17|      851.88|     -1075.2|        1816|        23|     0.064|
|      -350.6|      127.36|      723.31|     -1073.9|        1949|        25|     0.064|
|     -393.56|      152.56|      711.02|     -1104.6|      2126.9|        25|     0.073|
|     -491.56|      124.22|      782.44|       -1274|      3037.2|        24|     0.065|
|     -495.54|      115.95|      801.35|     -1296.9|      3154.4|        24|     0.065|
|     -527.49|      122.58|      723.35|     -1250.8|      2704.1|        24|     0.065|
|      -537.4|      132.21|      695.09|     -1232.5|      2647.8|        24|     0.064|
|     -552.28|      149.19|       650.5|     -1202.8|      2623.8|        24|     0.066|
|     -556.41|      155.22|       631.5|     -1187.9|      2631.1|        25|     0.064|
|     -557.21|      155.75|      631.34|     -1188.6|      2643.7|        25|     0.064|
|     -560.05|      157.86|      631.12|     -1191.2|      2690.8|        25|     0.067|
|     -568.33|      161.24|      644.26|     -1212.6|      2929.7|        28|     0.064|
|     -570.18|      162.46|      652.42|     -1222.6|      2997.1|        29|     0.064|
|     -571.14|      159.29|      673.18|     -1244.3|        3149|        30|     0.065|
|     -571.67|      161.51|      661.39|     -1233.1|      3064.8|        29|     0.065|
|     -571.86|      161.14|       663.7|     -1235.6|        3078|        30|     0.065|
|      -572.1|      162.41|      662.09|     -1234.2|        3067|        30|     0.065|
|     -572.48|      165.15|       660.5|       -1233|      3056.9|        30|     0.065|
|     -572.78|      169.19|      660.92|     -1233.7|      3062.2|        31|     0.065|
|     -572.87|      170.88|      661.37|     -1234.2|      3066.7|        32|     0.068|
|     -573.03|      173.23|      662.02|     -1235.1|      3071.3|        32|     0.064|
|     -573.35|      179.83|      663.04|     -1236.4|      3076.3|        33|     0.065|
|     -573.67|       192.4|      664.22|     -1237.9|      3076.2|        36|     0.065|
|     -573.72|      193.46|      663.67|     -1237.4|      3071.2|        36|     0.065|
|     -573.76|      195.07|      661.82|     -1235.6|      3055.4|        37|     0.066|
|     -573.76|      194.14|      661.65|     -1235.4|      3054.8|        36|     0.065|
Optimization result:
  message: CONVERGENCE: RELATIVE REDUCTION OF F <= FACTR*EPSMCH
  success: True
   status: 0
      fun: -573.7633072496548
        x: [-4.582e+00 -6.406e-02 ...  9.312e-01  1.725e+00]
      nit: 25
      jac: [ 2.427e-01  9.877e-02 ...  8.101e-03 -5.527e-02]
     nfev: 38
     njev: 38
 hess_inv: <22x22 LbfgsInvHessProduct with dtype=float64>
|        logP|       dlogP|     y^T.K.y|     log|K| |     Cond(K)|  GPU time|  CPU time|
|------------|------------|------------|------------|------------|----------|----------|
|      243.96|      44.691|      642.05|     -398.09|      868.58|        23|     0.068|
|     -39.084|      194.33|      1023.5|     -1062.6|      1731.4|        21|      0.22|
|      240.77|      46.436|      641.33|     -400.56|      870.73|        18|     0.069|
|      15.575|      117.86|      620.98|      -605.4|      1281.3|        19|     0.068|
|     -106.57|      148.35|      780.63|      -887.2|      1630.3|        20|     0.098|
|      -79.17|       168.2|      922.75|     -1001.9|      1699.6|        21|      0.19|
|     -99.672|      155.46|      845.72|     -945.39|      1667.7|        20|      0.12|
|     -106.57|      148.36|      780.63|      -887.2|      1630.3|        20|     0.099|
|     -374.04|      163.86|      731.45|     -1105.5|      2624.8|        25|     0.082|
|     -23.418|      831.38|      694.25|     -717.67|        1416|        36|      0.14|
|     -225.25|      212.35|      570.71|     -795.97|      2616.3|        27|     0.065|
|     -360.58|      190.19|      607.19|     -967.78|      2624.3|        25|     0.067|
|     -378.87|       168.6|      661.63|     -1040.5|      2624.7|        25|     0.073|
|     -380.03|      163.63|      681.74|     -1061.8|      2624.7|        25|     0.079|
|     -379.68|      161.99|      693.88|     -1073.6|      2624.8|        25|     0.078|
|     -379.99|      162.89|      686.24|     -1066.2|      2624.7|        25|     0.079|
|     -380.04|      163.41|      682.88|     -1062.9|      2624.7|        25|     0.078|
|     -380.04|      163.58|      681.99|       -1062|      2624.7|        25|     0.079|
|     -380.04|      163.47|      682.58|     -1062.6|      2624.7|        25|     0.079|
|     -380.04|      163.42|      682.78|     -1062.8|      2624.8|        25|     0.079|
Optimization result:
  message: CONVERGENCE: RELATIVE REDUCTION OF F <= FACTR*EPSMCH
  success: True
   status: 0
      fun: -380.0365197937483
        x: [-4.436e+00 -2.760e-01 ... -2.281e+00 -2.299e+00]
      nit: 5
      jac: [ 3.170e-01 -4.003e-01 ... -5.096e-01 -9.033e-02]
     nfev: 20
     njev: 20
 hess_inv: <22x22 LbfgsInvHessProduct with dtype=float64>
|        logP|       dlogP|     y^T.K.y|     log|K| |     Cond(K)|  GPU time|  CPU time|
|------------|------------|------------|------------|------------|----------|----------|
|      249.95|      48.484|      662.99|     -413.04|      870.48|        23|     0.071|
|      -148.1|      225.56|        1099|     -1247.1|      2963.6|        21|     0.064|
|      246.01|      50.219|      662.84|     -416.84|       872.8|        19|     0.066|
|     -13.307|      127.02|      655.13|     -668.44|        1304|        20|     0.064|
|     -195.89|      173.53|      820.52|     -1016.4|      1812.9|        20|     0.064|
|     -185.85|      204.03|      975.05|     -1160.9|      2483.6|        21|     0.066|
|     -198.22|      188.46|         894|     -1092.2|      2113.1|        21|     0.063|
|      4.1797|      124.46|      650.21|     -646.03|      1253.9|        20|     0.066|
|     -158.47|      153.87|      724.42|     -882.89|        1514|        20|     0.081|
|     -191.96|      166.55|      790.58|     -982.55|      1735.8|        20|     0.064|
|     -199.07|      175.63|      833.88|     -1032.9|        1849|        20|     0.064|
|     -199.74|      183.47|      870.43|     -1070.2|      1999.7|        20|     0.064|
|      -291.2|      117.47|      888.38|     -1179.6|      2825.8|        21|     0.063|
|     -313.69|      87.454|      828.47|     -1142.2|      2694.3|        21|     0.064|
|     -316.02|      85.751|      824.48|     -1140.5|        2722|        21|     0.064|
|     -317.61|      86.133|      819.57|     -1137.2|      2712.9|        21|     0.064|
|     -320.75|      88.445|      813.64|     -1134.4|      2693.7|        22|     0.065|
|     -333.13|      114.61|      798.77|     -1131.9|      2639.3|        26|     0.065|
|     -341.77|      138.72|       793.4|     -1135.2|      2631.9|        28|     0.066|
|     -358.09|      156.16|       782.6|     -1140.7|      2617.4|        29|     0.064|
|      -362.8|      159.17|      780.19|       -1143|      2616.9|        29|     0.063|
|     -421.87|      138.58|      775.48|     -1197.4|      3209.8|        29|     0.065|
|      -421.9|      138.59|      775.49|     -1197.4|      3210.3|        29|     0.065|
|     -500.07|      218.87|      850.93|       -1351|      4426.1|        28|     0.064|
|     -521.25|      108.14|       794.1|     -1315.4|      3867.1|        22|     0.066|
|     -528.03|      116.82|      782.65|     -1310.7|      3767.9|        21|     0.064|
|      -536.3|      128.57|      772.58|     -1308.9|      3690.1|        19|     0.064|
|     -551.04|      158.32|      777.32|     -1328.4|        3744|        16|     0.063|
|     -550.93|       157.2|      783.64|     -1334.6|      3796.7|        16|     0.064|
|     -551.08|      158.24|      779.17|     -1330.2|      3759.8|        16|     0.064|
|     -551.68|      156.76|      782.54|     -1334.2|        3799|        16|     0.063|
|     -552.25|      156.25|      780.56|     -1332.8|      3790.2|        16|     0.063|
|     -553.11|      154.18|      778.66|     -1331.8|      3788.4|        17|     0.064|
|     -553.15|      154.52|      778.93|     -1332.1|      3792.8|        17|     0.064|
|      -554.4|      150.68|      780.93|     -1335.3|      3857.8|        18|     0.065|
|     -558.34|       124.5|      792.35|     -1350.7|      4305.7|        22|     0.064|
|      -558.4|      122.74|      791.55|       -1350|      4316.5|        22|     0.064|
|     -558.66|      128.37|      786.17|     -1344.8|        4197|        21|     0.064|
|     -558.82|      131.37|      784.32|     -1343.1|      4152.3|        21|     0.064|
|     -559.14|      130.45|      784.72|     -1343.9|      4175.7|        21|     0.064|
|     -559.81|      128.47|      785.68|     -1345.5|      4228.8|        22|     0.064|
|     -559.95|      128.94|      785.35|     -1345.3|      4225.4|        22|     0.065|
|     -560.51|      130.84|      783.42|     -1343.9|      4206.8|        22|     0.065|
|     -560.56|      131.21|      783.03|     -1343.6|      4200.8|        21|     0.064|
|     -560.85|      132.68|      779.67|     -1340.5|      4136.2|        22|     0.066|
|     -560.88|      132.45|      779.86|     -1340.7|      4138.6|        22|     0.064|
|     -560.92|      131.63|      781.69|     -1342.6|      4171.6|        22|     0.065|
|     -560.95|      131.15|      782.13|     -1343.1|      4184.3|        22|     0.064|
|     -560.88|      128.24|      784.52|     -1345.4|        4257|        22|     0.064|
|     -560.97|      129.93|      783.14|     -1344.1|      4217.4|        22|     0.065|
|     -560.97|      130.07|      782.85|     -1343.8|      4211.3|        22|     0.065|
Optimization result:
  message: CONVERGENCE: RELATIVE REDUCTION OF F <= FACTR*EPSMCH
  success: True
   status: 0
      fun: -560.972211227058
        x: [-4.550e+00 -1.783e-01 ...  5.247e-01  1.843e+00]
      nit: 36
      jac: [-4.544e-01 -1.895e+00 ...  3.328e-01  1.115e+00]
     nfev: 51
     njev: 51
 hess_inv: <22x22 LbfgsInvHessProduct with dtype=float64>
Running seed: 42
No hyperparameter optimization
|        logP|       dlogP|     y^T.K.y|     log|K| |     Cond(K)|  GPU time|  CPU time|
|------------|------------|------------|------------|------------|----------|----------|
|      220.79|      51.642|      622.75|     -401.95|      966.94|        24|     0.065|
|     -58.518|      161.05|      1009.6|     -1068.1|      1761.6|        21|       0.2|
|       216.3|       52.93|      621.64|     -405.33|      969.67|        19|     0.063|
|     -9.9778|      108.36|      600.38|     -610.36|      1074.8|        20|     0.064|
|      -125.9|      103.14|      763.31|     -889.21|      1363.4|        21|     0.093|
|     -67.264|       159.8|         998|     -1065.3|      1758.2|        21|      0.17|
|     -113.19|      117.74|      861.46|     -974.65|      1557.2|        21|      0.11|
|     -122.77|       107.9|      810.14|     -932.91|      1462.9|        21|       0.1|
|     -125.12|      105.04|      786.57|     -911.69|      1414.7|        21|       0.1|
|     -125.75|      103.92|      774.05|     -899.79|      1387.6|        21|       0.1|
|     -125.89|      103.37|      766.59|     -892.48|      1370.8|        21|     0.094|
|      -125.9|      103.19|      764.08|     -889.98|      1365.1|        21|     0.092|
|      -125.9|      103.31|      765.73|     -891.63|      1368.9|        21|      0.11|
|      -125.9|      103.21|      764.45|     -890.35|        1366|        21|     0.092|
|      -125.9|      103.27|      765.29|     -891.19|      1367.9|        21|     0.093|
|      -205.2|      64.397|      799.14|     -1004.3|      1724.9|        21|      0.11|
|     -220.14|      31.405|      760.54|     -980.68|      1712.6|        21|     0.098|
|      -220.8|      31.867|      758.37|     -979.17|      1712.2|        21|     0.095|
|     -224.56|      39.116|      749.52|     -974.08|      1710.7|        22|      0.09|
|     -313.86|       142.6|      679.13|     -992.99|      1879.4|        22|      0.12|
|     -455.03|      156.15|      682.85|     -1137.9|      2598.2|        21|      0.14|
|     -455.51|      162.98|      643.86|     -1099.4|      2596.4|        21|      0.14|
|     -456.13|      157.61|      667.27|     -1123.4|      2597.5|        21|      0.15|
|      -456.3|      157.25|      669.76|     -1126.1|      2597.8|        21|      0.14|
|     -456.77|      157.07|      671.12|     -1127.9|      2598.1|        21|      0.14|
|     -459.32|      156.66|      674.09|     -1133.4|      2599.3|        21|      0.11|
|     -473.64|      153.24|      680.46|     -1154.1|      2605.1|        22|      0.14|
|     -485.32|      143.12|      706.03|     -1191.4|      2838.7|        23|       0.1|
|     -484.93|      148.74|      675.36|     -1160.3|      2617.3|        23|     0.097|
|     -485.84|      145.48|      689.62|     -1175.5|      2727.7|        23|     0.079|
|     -485.87|      144.75|      694.24|     -1180.1|      2763.4|        23|     0.094|
|     -486.11|      145.17|      694.66|     -1180.8|      2764.9|        23|     0.087|
|     -486.52|      146.26|      694.19|     -1180.7|      2761.9|        24|     0.081|
|     -491.01|      170.15|      689.96|       -1181|      2723.9|        27|     0.096|
|     -491.53|      170.12|      690.35|     -1181.9|        2729|        27|     0.098|
|     -494.81|      167.84|       707.4|     -1202.2|        2809|        27|     0.099|
|     -493.87|      169.64|      695.71|     -1189.6|      2763.3|        27|     0.099|
|     -482.86|      170.15|      735.98|     -1218.8|      2858.9|        28|      0.11|
|     -494.53|      167.61|      710.44|       -1205|      2824.2|        27|       0.1|
|     -494.83|      169.12|       698.9|     -1193.7|      2780.6|        27|       0.1|
|     -495.26|      168.32|      706.35|     -1201.6|      2811.1|        27|     0.098|
|     -495.29|      168.85|      701.08|     -1196.4|      2791.1|        27|     0.099|
|     -495.53|      169.16|      701.61|     -1197.1|      2792.7|        27|     0.098|
|     -495.58|      169.47|      701.09|     -1196.7|      2790.4|        27|     0.096|
|     -495.75|      170.42|      700.46|     -1196.2|        2788|        28|     0.094|
|     -495.87|      171.63|      700.48|     -1196.4|      2789.3|        28|       0.1|
|     -495.98|      174.23|       701.3|     -1197.3|      2794.9|        28|      0.12|
|     -496.04|      175.53|      701.76|     -1197.8|      2797.5|        29|      0.13|
|      -496.2|       178.2|      702.51|     -1198.7|      2801.2|        29|      0.13|
|     -496.39|      182.52|      703.23|     -1199.6|      2803.8|        30|      0.13|
|     -496.58|      192.13|       703.7|     -1200.3|      2803.6|        31|      0.14|
|     -497.27|      277.47|      704.63|     -1201.9|      2800.8|        37|      0.13|
|     -498.31|      378.96|      703.82|     -1202.1|      2787.6|        42|     0.075|
|     -497.45|      285.75|      704.41|     -1201.9|      2798.7|        38|      0.15|
|     -497.09|      329.34|      705.51|     -1202.6|      2804.9|        40|      0.13|
|     -497.43|      288.91|      704.48|     -1201.9|      2799.1|        38|      0.14|
|     -497.45|      286.03|      704.41|     -1201.9|      2798.8|        38|      0.15|
|     -497.44|      287.87|      704.46|     -1201.9|        2799|        38|      0.15|
|     -497.45|      286.21|      704.42|     -1201.9|      2798.8|        38|      0.15|
|     -497.45|      286.03|      704.42|     -1201.9|      2798.7|        38|      0.15|
|     -497.45|      286.03|      704.42|     -1201.9|      2798.8|        38|      0.15|
Optimization result:
  message: CONVERGENCE: RELATIVE REDUCTION OF F <= FACTR*EPSMCH
  success: True
   status: 0
      fun: -497.44768088152796
        x: [-4.594e+00 -5.618e-02 ... -1.605e-01  2.278e+00]
      nit: 35
      jac: [ 5.695e-01  2.017e-01 ...  2.929e+00  2.364e+01]
     nfev: 61
     njev: 61
 hess_inv: <22x22 LbfgsInvHessProduct with dtype=float64>
|        logP|       dlogP|     y^T.K.y|     log|K| |     Cond(K)|  GPU time|  CPU time|
|------------|------------|------------|------------|------------|----------|----------|
|      296.27|       42.35|      648.82|     -352.55|      869.08|        23|     0.068|
|     -204.73|      163.02|      993.35|     -1198.1|      2852.5|        19|     0.074|
|      291.95|      44.732|      648.93|     -356.98|      872.03|        18|     0.067|
|      42.216|      136.76|      648.17|     -605.96|        1066|        18|     0.065|
|     -189.07|      158.42|      773.09|     -962.16|      1889.9|        19|     0.065|
|     -219.44|      146.27|      877.49|     -1096.9|      2319.2|        19|     0.064|
|     -293.34|      230.45|        1066|     -1359.4|      4451.3|        22|     0.065|
|     -406.57|       92.21|      807.92|     -1214.5|      2733.2|        22|     0.064|
|     -409.51|      94.765|      806.51|       -1216|      2737.3|        22|     0.066|
|     -410.06|      95.285|      806.23|     -1216.3|        2738|        22|     0.064|
|     -412.42|       100.4|      801.97|     -1214.4|      2742.5|        22|     0.065|
|     -427.81|      131.65|      773.32|     -1201.1|        2741|        21|     0.065|
|     -433.65|      141.15|      762.53|     -1196.2|      2713.5|        21|     0.065|
|     -438.33|      152.58|      755.05|     -1193.4|      2636.2|        21|     0.064|
|      -438.6|      156.71|      754.63|     -1193.2|      2582.1|        22|     0.064|
|     -437.92|       163.2|      762.68|     -1200.6|      2494.9|        22|     0.064|
|      -438.6|      158.72|      755.25|     -1193.8|      2553.1|        22|     0.065|
|     -438.62|      157.14|      754.72|     -1193.3|        2576|        21|     0.064|
|     -438.62|      157.49|       754.8|     -1193.4|      2571.3|        22|     0.065|
|     -438.62|      157.76|      754.88|     -1193.5|      2567.4|        22|     0.066|
|     -438.62|      157.97|      754.95|     -1193.6|      2564.4|        22|     0.065|
|     -438.62|      157.79|      754.89|     -1193.5|      2566.7|        22|     0.065|
|     -438.62|      157.83|      754.91|     -1193.5|      2566.4|        22|     0.064|
|     -438.62|       157.8|      754.89|     -1193.5|      2566.7|        22|     0.064|
|     -438.03|      163.34|      764.44|     -1202.5|      2496.2|        22|     0.066|
|     -438.51|      159.76|      755.83|     -1194.3|      2537.5|        22|     0.065|
|     -438.61|      158.21|      755.04|     -1193.7|      2560.5|        22|     0.064|
|     -438.62|       157.9|      754.92|     -1193.5|      2565.4|        22|     0.064|
|     -438.62|      157.83|       754.9|     -1193.5|      2566.6|        22|     0.065|
|     -438.62|       157.8|      754.89|     -1193.5|      2566.8|        22|     0.065|
|     -438.62|      157.81|       754.9|     -1193.5|      2566.6|        22|     0.064|
|     -438.62|       157.8|      754.89|     -1193.5|      2566.7|        22|     0.065|
|     -438.62|       157.8|      754.89|     -1193.5|      2566.7|        22|     0.066|
|     -438.62|       157.8|       754.9|     -1193.5|      2566.8|        22|     0.065|
Optimization result:
  message: CONVERGENCE: RELATIVE REDUCTION OF F <= FACTR*EPSMCH
  success: True
   status: 0
      fun: -438.61829303985814
        x: [-4.213e+00  0.000e+00 ...  3.017e-01 -5.217e-01]
      nit: 10
      jac: [-4.180e-01 -1.776e-02 ... -1.927e+01 -5.120e+00]
     nfev: 34
     njev: 34
 hess_inv: <22x22 LbfgsInvHessProduct with dtype=float64>
|        logP|       dlogP|     y^T.K.y|     log|K| |     Cond(K)|  GPU time|  CPU time|
|------------|------------|------------|------------|------------|----------|----------|
|      185.45|      58.153|      590.06|      -404.6|      868.58|        23|     0.064|
|     -189.47|      193.62|      1048.8|     -1238.3|      2625.2|        21|     0.064|
|      180.65|      59.578|      589.53|     -408.88|      871.31|        19|     0.066|
|     -49.597|      130.72|       610.5|      -660.1|      1545.8|        20|     0.064|
|     -225.45|      162.86|      785.42|     -1010.9|      1993.8|        20|     0.064|
|     -223.02|      169.87|      928.85|     -1151.9|      2204.8|        21|     0.064|
|     -231.29|      163.45|       851.8|     -1083.1|      2092.2|        20|     0.064|
|     -481.54|      359.59|       766.1|     -1247.6|      2485.5|        28|     0.065|
|     -487.02|      271.28|      755.42|     -1242.4|      2484.6|        27|     0.064|
|     -491.27|      239.55|       742.7|       -1234|      2483.1|        26|     0.064|
|     -493.75|      203.48|      733.71|     -1227.5|      2481.9|        25|     0.064|
|     -494.81|      184.23|      729.05|     -1223.9|      2481.3|        25|     0.064|
|     -495.52|      172.01|      726.57|     -1222.1|        2481|        24|     0.065|
|     -496.16|      163.23|      724.93|     -1221.1|      2480.9|        23|     0.064|
|     -497.94|      149.93|      720.82|     -1218.8|      2480.3|        20|     0.065|
|     -498.93|      146.56|      718.86|     -1217.8|      2479.8|        19|     0.064|
|     -499.14|      145.81|      719.63|     -1218.8|      2479.4|        18|     0.065|
|     -499.14|      145.93|       719.3|     -1218.4|      2479.5|        18|     0.065|
|     -499.15|      145.92|      719.35|     -1218.5|      2479.5|        18|     0.064|
|     -499.16|      145.91|      719.38|     -1218.5|      2479.4|        18|     0.064|
|     -499.22|      145.92|      719.56|     -1218.8|      2479.6|        18|     0.067|
|     -499.36|      145.98|      719.92|     -1219.3|      2479.7|        18|     0.064|
|     -499.63|      146.29|       720.8|     -1220.4|        2480|        18|     0.064|
|     -499.86|      147.19|      721.92|     -1221.8|      2480.4|        19|     0.064|
|     -499.88|      149.21|      723.12|       -1223|      2480.8|        20|     0.064|
|     -499.73|      149.63|      722.28|       -1222|      2480.8|        20|     0.064|
|     -499.85|      149.29|      722.92|     -1222.8|      2480.9|        20|     0.064|
|     -499.88|      149.22|      723.09|       -1223|      2480.8|        20|     0.064|
|     -499.88|      149.22|      723.11|       -1223|      2480.8|        20|     0.065|
|     -499.88|      149.21|      723.12|       -1223|      2480.8|        20|     0.065|
|     -499.88|      149.21|      723.12|       -1223|      2480.8|        23|     0.064|
|     -499.88|      149.21|      723.12|       -1223|      2480.8|        21|     0.067|
|     -499.88|       149.2|      723.12|       -1223|      2480.8|        20|     0.064|
|     -499.88|      149.21|      723.12|       -1223|      2480.8|        20|     0.064|
Optimization result:
  message: CONVERGENCE: RELATIVE REDUCTION OF F <= FACTR*EPSMCH
  success: True
   status: 0
      fun: -499.88264238000363
        x: [-4.125e+00 -1.685e-01 ... -2.146e+00 -2.278e+00]
      nit: 20
      jac: [ 5.283e-01  3.045e+00 ... -9.691e-01 -9.801e-02]
     nfev: 34
     njev: 34
 hess_inv: <22x22 LbfgsInvHessProduct with dtype=float64>
|        logP|       dlogP|     y^T.K.y|     log|K| |     Cond(K)|  GPU time|  CPU time|
|------------|------------|------------|------------|------------|----------|----------|
|      245.63|      45.764|      651.76|     -406.13|      867.93|        22|     0.068|
|      29.807|      236.85|      1279.2|     -1249.4|      2956.3|        20|     0.065|
|      243.34|      46.732|      651.95|      -408.6|      869.54|        18|     0.069|
|       34.73|      120.81|       689.8|     -655.07|      1419.5|        19|     0.065|
|     -74.998|       209.7|         935|       -1010|      2337.1|        19|     0.066|
|     -77.244|      203.35|      912.15|     -989.39|      2287.2|        19|     0.065|
|     -78.431|      196.06|      888.97|      -967.4|      2233.2|        19|     0.065|
|      4.3282|      238.19|      1243.1|     -1238.8|      2912.3|        20|     0.064|
|     -61.745|      226.68|      1036.5|     -1098.3|      2543.2|        20|     0.065|
|     -74.948|      214.74|      959.44|     -1034.4|      2392.4|        19|     0.065|
|     -77.972|      206.23|      923.64|     -1001.6|      2315.2|        19|     0.065|
|     -78.574|      200.53|      903.36|     -981.93|      2268.2|        19|     0.066|
|     -55.686|      265.85|      1200.7|     -1256.4|      3133.8|        20|     0.065|
|     -90.077|      230.04|        1036|       -1126|      2733.9|        20|     0.064|
|     -193.59|       119.7|       961.9|     -1155.5|      2635.7|        20|     0.065|
|     -207.64|      96.297|      902.11|     -1109.7|      2418.7|        20|     0.065|
|     -208.41|      96.013|      894.15|     -1102.6|      2383.1|        20|     0.065|
|     -209.11|      96.568|      884.99|     -1094.1|      2338.4|        20|     0.065|
|     -210.12|      98.126|      880.79|     -1090.9|      2318.1|        20|     0.066|
|     -215.16|      108.12|      873.12|     -1088.3|      2283.8|        23|     0.065|
|     -221.58|      118.28|      868.04|     -1089.6|      2260.1|        26|     0.065|
|     -224.44|      118.98|      870.04|     -1094.5|      2303.1|        27|     0.065|
|     -225.13|      123.98|      873.58|     -1098.7|        2365|        28|     0.066|
|     -226.42|      151.44|      878.78|     -1105.2|      2408.4|        30|     0.065|
|      -226.6|       157.1|      878.35|     -1104.9|      2397.7|        30|     0.065|
|     -227.48|      177.86|      878.04|     -1105.5|      2393.3|        32|     0.065|
|     -231.31|      299.12|      878.92|     -1110.2|      2418.9|        39|     0.065|
|     -233.58|      384.27|      879.08|     -1112.7|      2460.5|        42|     0.064|
|     -237.81|      797.88|      879.17|       -1117|        2533|        47|     0.065|
|     -234.71|      501.05|      869.93|     -1104.6|      2481.5|        38|     0.065|
|     -235.46|      575.85|      874.38|     -1109.8|      2519.2|        43|     0.065|
|     -236.68|      672.38|      876.77|     -1113.4|      2530.1|        45|     0.065|
|     -237.67|       797.2|      877.93|     -1115.6|      2532.4|        47|     0.067|
|     -237.88|      823.25|      878.56|     -1116.4|      2532.9|        47|     0.065|
|     -238.52|      879.85|      879.16|     -1117.7|      2563.5|        47|     0.064|
|     -241.24|        1249|      880.99|     -1122.2|      2664.7|        44|     0.065|
|      -241.4|      1279.7|      880.08|     -1121.5|      2660.8|        45|     0.065|
|     -241.78|      1286.1|      878.19|       -1120|      2638.8|        46|     0.065|
|     -244.31|      1266.3|      873.19|     -1117.5|      2597.6|        47|     0.065|
|     -257.09|      1669.7|      856.09|     -1113.2|      2427.3|        49|     0.065|
|     -258.51|      1835.6|      854.74|     -1113.3|      2413.2|        48|     0.074|
|     -272.55|      1724.5|      843.47|       -1116|      2457.4|        47|     0.064|
|     -355.73|      1324.3|      819.06|     -1174.8|        3152|        46|     0.064|
|     -451.62|      1407.8|       865.8|     -1317.4|      4263.6|        44|     0.064|
|     -468.59|      152.48|      806.01|     -1274.6|      3692.2|        33|     0.065|
|     -468.86|      154.34|      805.15|       -1274|      3680.2|        33|     0.064|
|     -469.52|      158.61|      803.49|       -1273|      3641.2|        32|     0.065|
|     -469.96|      160.68|      803.05|       -1273|      3609.9|        31|     0.065|
|     -470.95|      162.38|      803.05|       -1274|      3526.2|        30|     0.065|
|     -470.94|      162.29|      803.38|     -1274.3|      3526.5|        34|     0.065|
|     -470.95|      162.37|      803.12|     -1274.1|      3526.3|        30|     0.065|
|     -470.95|      162.38|      803.06|       -1274|      3526.2|        30|     0.065|
|     -470.95|      162.38|      803.05|       -1274|      3526.2|        30|     0.066|
|     -470.94|      162.37|      803.05|       -1274|      3526.2|        30|     0.064|
|     -470.95|      162.38|      803.05|       -1274|      3526.3|        30|     0.064|
|     -470.95|      162.35|      803.05|       -1274|      3526.2|        30|     0.065|
|     -470.95|      162.38|      803.05|       -1274|      3526.2|        30|     0.064|
Optimization result:
  message: CONVERGENCE: RELATIVE REDUCTION OF F <= FACTR*EPSMCH
  success: True
   status: 0
      fun: -470.94509159670724
        x: [-4.429e+00 -4.585e-02 ...  4.393e-02  2.022e+00]
      nit: 30
      jac: [-7.336e-01 -2.484e+00 ... -8.195e-01 -9.352e+00]
     nfev: 57
     njev: 57
 hess_inv: <22x22 LbfgsInvHessProduct with dtype=float64>
|        logP|       dlogP|     y^T.K.y|     log|K| |     Cond(K)|  GPU time|  CPU time|
|------------|------------|------------|------------|------------|----------|----------|
|      208.76|      44.655|      605.47|     -396.71|      869.13|        22|     0.068|
|     -117.94|      242.05|      1031.5|     -1149.5|      1777.9|        18|     0.065|
|      206.38|      45.979|      605.47|     -399.09|      870.84|        18|     0.068|
|     -43.462|      140.19|      589.59|     -633.06|      1279.3|        18|     0.064|
|     -197.08|      158.15|      758.41|     -955.49|      1631.8|        18|     0.064|
|     -126.28|      237.99|      1020.9|     -1147.2|      1776.9|        18|     0.065|
|     -183.27|      187.43|      862.19|     -1045.5|      1687.3|        18|     0.065|
|        -194|      170.69|       806.9|     -1000.9|      1660.2|        18|     0.064|
|     -196.42|      164.12|      782.82|     -979.24|      1646.9|        18|     0.064|
|        -197|      161.07|      770.69|     -967.69|      1639.6|        18|     0.065|
|     -197.11|      159.31|      763.46|     -960.58|      1635.1|        18|     0.068|
|     -309.54|      101.84|      785.28|     -1094.8|      1773.6|        18|     0.075|
|     -320.28|      120.83|      693.61|     -1013.9|      1786.1|        18|     0.064|
|     -324.18|      95.511|      730.77|     -1054.9|      1680.1|        18|     0.065|
|     -331.55|      94.692|      747.98|     -1079.5|      1771.3|        18|     0.064|
|     -336.68|      101.16|      750.39|     -1087.1|      1823.1|        19|     0.065|
|     -354.55|      133.93|      745.81|     -1100.4|      2010.2|        19|     0.065|
|     -374.07|      170.14|      761.71|     -1135.8|      2288.7|        20|     0.067|
|     -435.82|      181.84|      773.82|     -1209.6|      2869.6|        21|     0.064|
|     -449.35|      175.39|      783.75|     -1233.1|        3046|        21|     0.064|
|     -504.14|      118.77|       821.2|     -1325.3|      3496.4|        22|     0.065|
|     -533.79|       144.4|      700.13|     -1233.9|      2724.8|        21|     0.068|
|     -535.18|      141.55|      700.15|     -1235.3|      2701.4|        21|     0.064|
|     -524.85|      114.51|      765.32|     -1290.2|      3207.7|        22|     0.065|
|     -536.44|       123.6|      723.12|     -1259.6|      2792.9|        22|     0.064|
|     -529.19|      113.18|       762.7|     -1291.9|      3130.3|        22|     0.066|
|     -534.41|      117.56|      739.64|       -1274|      2920.9|        22|     0.065|
|     -536.09|      121.82|      727.23|     -1263.3|      2821.9|        22|     0.065|
|     -536.38|      123.27|      723.93|     -1260.3|      2798.4|        22|     0.065|
|     -536.43|      123.53|      723.27|     -1259.7|      2793.9|        22|     0.065|
|     -536.44|      123.61|      723.14|     -1259.6|        2793|        22|     0.065|
|     -536.44|       123.6|      723.12|     -1259.6|      2792.8|        22|     0.065|
|     -536.44|      123.64|      723.14|     -1259.6|        2793|        22|     0.065|
|     -536.44|      123.61|      723.12|     -1259.6|      2792.9|        22|     0.064|
|     -536.44|      123.65|      723.13|     -1259.6|      2792.9|        22|     0.065|
|     -536.44|      123.56|      723.12|     -1259.6|      2792.8|        22|     0.065|
|     -536.44|      123.57|      723.12|     -1259.6|      2792.9|        22|     0.065|
|     -536.44|      123.61|      723.12|     -1259.6|      2792.9|        22|     0.065|
Optimization result:
  message: CONVERGENCE: RELATIVE REDUCTION OF F <= FACTR*EPSMCH
  success: True
   status: 0
      fun: -536.4373636722656
        x: [-4.596e+00 -2.529e-01 ...  2.655e+00  7.155e-01]
      nit: 13
      jac: [-5.380e-01 -3.528e+00 ... -1.012e+02 -8.606e+01]
     nfev: 38
     njev: 38
 hess_inv: <22x22 LbfgsInvHessProduct with dtype=float64>
Average scores:	 rmse: 0.24±0.06	 r2: 0.85±0.07
Filename: (MG-COUNT)_(MGK_Graph-Matern32_product)_hypOFF_feat_transformerOFF_target_transformerOFF
Running seed: 6
No hyperparameter optimization
|        logP|       dlogP|     y^T.K.y|     log|K| |     Cond(K)|  GPU time|  CPU time|
|------------|------------|------------|------------|------------|----------|----------|
|     -17.234|      94.728|      372.21|     -389.44|      807.22|        23|     0.064|
|     -680.39|      337.94|      594.55|     -1274.9|        3104|        20|      0.06|
|     -30.627|       97.19|      367.23|     -397.86|      813.64|        18|     0.061|
|     -394.44|      180.43|      270.02|     -664.46|      1434.1|        20|     0.059|
|     -678.85|      267.81|      341.43|     -1020.3|      2371.3|        19|     0.059|
|     -704.43|      314.25|      462.38|     -1166.8|      2719.1|        19|     0.062|
|     -704.83|      309.65|      446.61|     -1151.4|        2681|        19|      0.06|
|      -704.8|      308.12|      441.64|     -1146.4|      2668.8|        20|     0.059|
|     -660.33|      354.08|      673.22|     -1333.6|      3667.1|        20|     0.059|
|     -700.12|      330.58|      538.58|     -1238.7|      3019.2|        20|     0.059|
|     -705.84|      321.65|      490.59|     -1196.4|      2873.2|        20|     0.059|
|     -705.55|      310.93|      450.01|     -1155.6|      2708.7|        19|      0.06|
|     -726.22|      317.81|      480.89|     -1207.1|      2986.5|        20|      0.06|
|     -752.55|      185.49|       278.4|       -1031|      2046.5|        20|      0.06|
|     -841.54|      223.17|      220.69|     -1062.2|      2375.2|        20|      0.12|
|     -904.36|      209.16|      230.14|     -1134.5|        2595|        20|      0.06|
|     -919.25|      205.93|      245.56|     -1164.8|      2779.5|        21|     0.059|
|     -923.46|      204.07|      254.74|     -1178.2|      2871.4|        21|     0.059|
|     -927.12|      203.87|      255.92|       -1183|      2900.7|        21|     0.061|
|     -883.95|      256.33|      388.81|     -1272.8|      3286.1|        25|      0.06|
|     -933.01|      204.59|      296.13|     -1229.1|      3127.8|        23|     0.059|
|     -933.91|      202.18|      264.64|     -1198.6|      2986.3|        22|     0.069|
|     -937.81|      209.02|      289.93|     -1227.7|      3116.2|        24|      0.06|
|     -936.88|      203.16|      271.87|     -1208.7|      3034.9|        22|      0.06|
|     -940.69|      210.89|      275.41|     -1216.1|      3057.4|        24|     0.059|
|     -944.24|      220.73|      273.64|     -1217.9|      3052.8|        25|      0.06|
|     -946.55|      225.54|       272.1|     -1218.7|      3057.1|        26|     0.059|
|     -947.93|      228.69|       271.2|     -1219.1|      3059.9|        26|      0.06|
|     -951.48|      231.82|      270.11|     -1221.6|      3073.9|        27|      0.06|
|     -956.79|      236.13|      268.54|     -1225.3|      3096.1|        27|     0.059|
|     -988.73|      263.12|      260.53|     -1249.3|      3345.2|        30|     0.059|
|     -1082.6|      398.99|      257.46|       -1340|      4976.7|        38|      0.06|
|     -1214.2|      855.85|      302.36|     -1516.6|      7934.3|        44|      0.06|
|     -1220.1|      254.95|      216.12|     -1436.2|      5784.1|        22|     0.059|
|     -1220.4|      250.65|      222.88|     -1443.3|      5861.4|        22|     0.059|
|     -1220.5|      250.33|      224.82|     -1445.4|      5894.2|        22|      0.06|
|     -1220.8|      250.78|       226.5|     -1447.3|      5934.4|        22|     0.059|
|       -1221|       250.9|      226.83|     -1447.8|      5957.3|        22|      0.06|
|     -1222.2|      251.09|      227.58|     -1449.7|      6055.2|        23|     0.065|
|     -1226.3|       254.2|      232.89|     -1459.2|      6498.4|        26|     0.059|
|     -1226.3|      253.86|      231.79|     -1458.1|      6477.4|        26|      0.06|
|     -1226.6|      253.49|      229.47|     -1456.1|      6436.1|        26|      0.06|
|       -1227|      255.58|      229.72|     -1456.7|      6457.9|        26|     0.063|
|     -1228.6|      273.71|      230.73|     -1459.4|      6561.6|        30|     0.059|
|     -1229.2|      284.77|      231.07|     -1460.3|      6602.7|        31|     0.059|
|     -1229.3|       286.8|      231.04|     -1460.3|      6609.3|        32|      0.06|
|     -1230.3|      317.97|      230.95|     -1461.2|      6686.2|        34|      0.06|
|     -1230.3|       319.8|      231.06|     -1461.4|      6691.5|        34|      0.06|
|     -1230.6|      328.14|      231.59|     -1462.2|      6714.9|        36|     0.062|
|     -1232.3|      552.38|      239.29|     -1471.6|      6978.9|        45|      0.06|
|     -1231.3|      358.89|      232.71|       -1464|      6773.4|        38|      0.06|
|     -1232.1|       670.2|      243.56|     -1475.7|      7094.7|        48|      0.06|
|     -1231.4|      368.58|      233.02|     -1464.4|      6788.9|        39|      0.06|
|     -1232.2|      438.43|      235.42|     -1467.6|      6886.8|        42|      0.06|
|     -1231.4|      827.42|      247.06|     -1478.5|      7171.8|        49|      0.06|
|     -1232.5|       497.7|       237.6|     -1470.1|      6959.9|        45|     0.059|
|       -1233|      600.76|      240.51|     -1473.5|        7086|        48|      0.06|
|     -1231.6|      500.84|      223.46|       -1455|      7040.3|        36|     0.064|
|     -1233.1|      583.15|      227.85|       -1461|      6971.4|        43|      0.06|
|       -1233|      534.24|      228.79|     -1461.8|      7046.2|        40|     0.059|
|     -1233.2|      579.61|      228.16|     -1461.3|      7002.9|        43|      0.06|
|     -1217.9|       11696|      279.95|     -1497.8|      7584.7|        50|      0.06|
|     -1233.9|      612.63|         233|     -1466.9|      7074.2|        45|     0.059|
|     -1213.8|       17189|       285.6|     -1499.5|      7609.1|        50|      0.06|
|     -1234.2|      627.57|      237.17|     -1471.4|      7135.2|        47|     0.059|
|     -1234.2|      631.54|      236.85|     -1471.1|      7130.9|        46|     0.059|
|     -1234.4|      615.74|      237.01|     -1471.4|      7155.4|        56|     0.068|
|     -1234.6|       630.9|      236.52|     -1471.1|      7149.1|        72|     0.068|
|     -1234.8|      614.22|      235.97|     -1470.8|      7155.2|        71|     0.068|
|     -1234.9|      656.14|      235.86|     -1470.8|      7134.6|        71|     0.068|
|       -1235|      627.88|      236.06|       -1471|      7147.5|        71|      0.07|
|       -1235|      586.25|      236.84|     -1471.8|      7166.4|        71|     0.066|
Optimization result:
  message: CONVERGENCE: RELATIVE REDUCTION OF F <= FACTR*EPSMCH
  success: True
   status: 0
      fun: -1234.9558606350583
        x: [-4.351e+00  0.000e+00 ...  2.711e+00  1.938e+00]
      nit: 46
      jac: [-7.542e-02 -9.564e+01 ... -1.635e+00 -1.600e+00]
     nfev: 72
     njev: 72
 hess_inv: <22x22 LbfgsInvHessProduct with dtype=float64>
|        logP|       dlogP|     y^T.K.y|     log|K| |     Cond(K)|  GPU time|  CPU time|
|------------|------------|------------|------------|------------|----------|----------|
|     -27.868|      85.978|      377.79|     -405.65|      967.76|        33|     0.073|
|     -683.31|      287.32|      650.27|     -1333.6|      3367.8|        31|     0.073|
|     -36.413|      87.445|      374.28|     -410.69|      971.03|        28|     0.075|
|     -408.75|      176.98|      256.75|      -665.5|      1363.9|        30|     0.073|
|     -712.01|       248.4|      347.78|     -1059.8|      2660.3|        30|     0.073|
|     -722.35|      273.78|      503.95|     -1226.3|      3078.9|        31|     0.074|
|     -727.45|      261.81|      415.99|     -1143.4|      2871.2|        30|     0.073|
|     -1094.4|      1969.5|       169.1|     -1263.5|        2699|        60|     0.074|
|     -1094.4|      1969.5|       169.1|     -1263.5|      2699.3|        60|     0.073|
|     -1094.4|      1969.5|       169.1|     -1263.5|      2699.2|        60|     0.074|
|     -1094.4|      1969.5|       169.1|     -1263.5|      2699.2|        60|     0.074|
|     -1094.4|      1969.5|       169.1|     -1263.5|      2699.2|        60|     0.074|
Optimization result:
  message: CONVERGENCE: RELATIVE REDUCTION OF F <= FACTR*EPSMCH
  success: True
   status: 0
      fun: -1094.387238215259
        x: [-3.634e+00  0.000e+00 ... -2.303e+00 -2.303e+00]
      nit: 3
      jac: [-4.308e-01 -1.194e+02 ... -3.520e-01 -7.018e-02]
     nfev: 12
     njev: 12
 hess_inv: <22x22 LbfgsInvHessProduct with dtype=float64>
|        logP|       dlogP|     y^T.K.y|     log|K| |     Cond(K)|  GPU time|  CPU time|
|------------|------------|------------|------------|------------|----------|----------|
|     -29.711|      82.756|      373.74|     -403.45|      871.12|        34|     0.077|
|      -699.2|      335.02|      602.62|     -1301.8|      3638.5|        31|     0.073|
|     -40.985|      84.741|      369.21|      -410.2|      875.13|        29|     0.074|
|     -391.97|      176.99|      268.55|     -660.52|      1303.2|        30|     0.073|
|     -692.79|       279.3|      337.14|     -1029.9|      2210.4|        31|     0.072|
|        -723|      322.08|      460.78|     -1183.8|      2810.2|        32|     0.073|
|     -723.09|      320.58|      453.71|     -1176.8|      2763.5|        31|     0.073|
|      -719.1|      334.81|      575.09|     -1294.2|      3581.4|        32|     0.072|
|     -725.83|      329.63|       512.9|     -1238.7|      3187.2|        31|     0.073|
|     -907.93|      229.61|      332.96|     -1240.9|      3387.7|        32|     0.073|
|     -924.76|      215.64|      301.71|     -1226.5|      3322.9|        31|     0.073|
|     -935.31|      209.99|      275.16|     -1210.5|      3251.4|        31|     0.073|
|      -938.6|      209.93|      262.66|     -1201.3|        3212|        33|     0.073|
|        -940|      210.91|       256.4|     -1196.4|      3194.1|        33|     0.073|
|     -941.13|      212.47|      254.18|     -1195.3|      3194.6|        35|     0.073|
|     -942.85|         216|      253.14|       -1196|        3201|        36|     0.073|
|     -947.93|       227.4|      252.78|     -1200.7|      3227.9|        42|     0.072|
|     -948.97|      228.49|      253.89|     -1202.9|      3239.4|        44|     0.073|
|      -952.4|       233.1|      258.18|     -1210.6|      3282.7|        47|     0.073|
|     -971.55|      316.05|      271.18|     -1242.7|      3467.8|        60|     0.073|
|     -977.31|      356.46|      269.99|     -1247.3|      3494.6|        64|     0.078|
|     -977.67|      359.62|      269.92|     -1247.6|      3496.4|        64|     0.072|
|     -985.37|       421.2|      267.85|     -1253.2|      3533.9|        68|     0.073|
|       -1002|      763.87|      263.44|     -1265.4|      3622.1|        71|     0.073|
|     -1016.6|       731.7|      262.35|       -1279|      3753.6|        71|     0.073|
|     -1095.2|      577.08|      269.71|     -1364.9|      5207.8|        77|     0.073|
|     -1135.6|        2371|      286.13|     -1421.7|      6194.8|        75|     0.072|
|     -1012.2|       419.1|      543.76|       -1556|      6967.9|        32|     0.073|
|     -1115.9|       345.4|      366.69|     -1482.5|      6286.3|        39|     0.073|
|     -1137.1|      351.27|      292.83|     -1429.9|      5785.6|        49|     0.073|
|     -1020.5|      399.35|      572.33|     -1592.8|      8300.8|        20|     0.072|
|     -1107.5|      326.97|      406.54|     -1514.1|      6919.5|        35|     0.072|
|     -1129.3|      305.97|      344.44|     -1473.7|      6328.9|        42|     0.073|
|     -1135.2|       317.6|      315.72|       -1451|        6032|        45|     0.073|
|     -1136.9|       338.3|      299.47|     -1436.3|      5857.5|        48|     0.072|
|     -1137.1|      348.06|      294.33|     -1431.4|      5801.9|        49|     0.073|
|     -1137.1|      350.57|      293.15|     -1430.2|      5789.1|        49|     0.073|
|     -1137.1|      351.12|       292.9|       -1430|      5786.3|        49|     0.073|
|     -1137.1|      351.24|      292.85|     -1429.9|      5785.7|        49|     0.073|
|     -1137.1|      351.26|      292.83|     -1429.9|      5785.8|        50|     0.073|
|     -1137.1|      351.27|      292.83|     -1429.9|      5785.6|        49|     0.072|
|     -1137.1|      351.27|      292.83|     -1429.9|      5785.7|        49|     0.073|
|     -1137.1|      351.25|      292.83|     -1429.9|      5785.6|        49|     0.073|
|     -1137.1|      351.26|      292.83|     -1429.9|      5785.6|        49|     0.073|
|     -1137.1|      351.26|      292.83|     -1429.9|      5785.6|        49|     0.073|
|     -1137.1|      351.27|      292.83|     -1429.9|      5785.6|        49|     0.073|
Optimization result:
  message: CONVERGENCE: RELATIVE REDUCTION OF F <= FACTR*EPSMCH
  success: True
   status: 0
      fun: -1137.0899004213904
        x: [-4.477e+00  0.000e+00 ...  3.352e+00  2.526e+00]
      nit: 18
      jac: [-2.741e+00  9.471e+00 ...  2.737e+02  1.161e+03]
     nfev: 46
     njev: 46
 hess_inv: <22x22 LbfgsInvHessProduct with dtype=float64>
|        logP|       dlogP|     y^T.K.y|     log|K| |     Cond(K)|  GPU time|  CPU time|
|------------|------------|------------|------------|------------|----------|----------|
|      24.606|      87.633|      385.69|     -361.09|      807.23|        33|     0.077|
|     -740.81|      270.73|         576|     -1316.8|        3458|        30|     0.073|
|      9.8006|      90.517|      379.26|     -369.46|      814.95|        28|     0.074|
|     -371.48|      194.73|      263.28|     -634.76|      1435.9|        29|     0.074|
|     -704.85|      258.16|      321.75|     -1026.6|      2628.5|        30|     0.073|
|     -751.54|      266.51|      428.08|     -1179.6|        2974|        30|     0.073|
|     -1070.8|      1937.2|      178.66|     -1249.5|      2556.6|        58|     0.073|
|     -1070.8|      1937.2|      178.66|     -1249.5|      2556.8|        58|     0.074|
|     -1070.8|      1937.1|      178.66|     -1249.5|      2556.6|        58|     0.073|
|     -1070.8|      1936.7|      178.65|     -1249.5|      2556.8|        58|     0.073|
|     -1070.8|        1935|      178.63|     -1249.5|      2556.8|        58|     0.073|
|       -1071|      1928.6|      178.53|     -1249.5|      2556.6|        58|     0.074|
|     -1071.6|      1903.8|      178.12|     -1249.7|      2556.7|        58|     0.073|
|     -1073.2|      1859.2|      177.18|     -1250.4|      2556.6|        58|     0.075|
|     -1073.2|      1859.2|      177.18|     -1250.4|      2556.9|        58|     0.073|
|     -1073.2|      1859.4|      177.17|     -1250.4|      2556.7|        58|     0.073|
|     -1073.2|        1860|      177.15|     -1250.4|      2556.6|        57|     0.073|
|     -1073.3|      1862.5|      177.07|     -1250.4|      2556.7|        57|     0.073|
|     -1073.7|      1872.4|      176.76|     -1250.5|      2556.6|        57|     0.073|
|     -1075.6|      1908.8|      175.38|       -1251|      2556.9|        58|     0.073|
|     -1086.3|      1906.8|      169.48|     -1255.8|      2556.6|        59|     0.073|
|     -1170.6|       12461|      198.76|     -1369.3|      5259.5|        65|     0.073|
|     -1198.7|       17379|      245.02|     -1443.7|      5900.9|        67|     0.073|
|     -1189.5|       14661|      219.11|     -1408.6|      5532.3|        67|     0.073|
|     -1195.8|       16248|      234.53|     -1430.3|      5735.3|        67|     0.073|
|     -1198.7|       17378|      245.02|     -1443.7|      5900.9|        64|     0.073|
|     -1071.2|      1760.3|      178.76|       -1250|      2556.7|        55|     0.073|
|     -1166.5|       12084|      196.36|     -1362.9|      5206.3|        64|     0.073|
|     -1188.9|       14524|      218.05|       -1407|      5520.5|        65|     0.073|
|     -1195.5|       16155|      233.76|     -1429.3|      5724.7|        66|     0.073|
|       -1198|       17065|      242.19|     -1440.1|      5853.7|        66|     0.072|
|     -1198.5|       17314|      244.45|       -1443|      5891.9|        74|     0.073|
|     -1198.6|       17365|      244.91|     -1443.5|        5899|        89|     0.073|
|     -1198.6|       17376|         245|     -1443.6|      5899.8|        89|     0.073|
|     -1198.7|       17377|      245.01|     -1443.7|        5901|        88|     0.073|
|     -1198.7|       17378|      245.02|     -1443.7|      5900.3|        89|     0.073|
|     -1198.7|       17378|      245.02|     -1443.7|      5900.9|        89|     0.072|
|     -1198.7|       17378|      245.02|     -1443.7|      5900.8|        88|     0.073|
|     -1198.7|       17379|      245.02|     -1443.7|      5900.8|        88|     0.073|
|     -1198.7|       17379|      245.02|     -1443.7|        5901|        88|     0.073|
Optimization result:
  message: CONVERGENCE: RELATIVE REDUCTION OF F <= FACTR*EPSMCH
  success: True
   status: 0
      fun: -1198.6533092234245
        x: [-4.229e+00  0.000e+00 ...  3.401e+00  9.690e-01]
      nit: 5
      jac: [-1.122e-04  7.619e+02 ...  1.746e+02 -8.175e+01]
     nfev: 40
     njev: 40
 hess_inv: <22x22 LbfgsInvHessProduct with dtype=float64>
|        logP|       dlogP|     y^T.K.y|     log|K| |     Cond(K)|  GPU time|  CPU time|
|------------|------------|------------|------------|------------|----------|----------|
|     -42.877|      82.016|       366.7|     -409.58|      966.54|        44|     0.077|
|     -623.78|      384.38|      721.46|     -1345.2|        3212|        42|      0.07|
|     -48.864|      83.324|      364.16|     -413.03|       969.1|        38|      0.08|
|     -408.66|      180.29|      264.41|     -673.07|      1208.6|        40|      0.07|
|      -685.7|      303.21|      388.72|     -1074.4|      2304.1|        41|     0.069|
|     -674.27|      366.62|      571.65|     -1245.9|      2671.2|        42|     0.069|
|     -690.73|      341.34|      476.18|     -1166.9|      2499.8|        41|      0.07|
|     -178.71|       118.7|      313.71|     -492.42|       993.5|        39|      0.07|
|     -616.01|      238.01|      288.72|     -904.73|      1905.1|        41|      0.07|
|     -676.39|      282.82|      353.56|     -1029.9|      2205.5|        41|      0.07|
|     -690.31|       311.4|       405.1|     -1095.4|      2348.2|        41|      0.07|
|     -692.49|      327.49|      440.15|     -1132.6|      2427.2|        41|     0.069|
|     -781.88|      335.07|      533.15|       -1315|      3124.1|        42|      0.07|
|      -884.7|      240.59|      391.93|     -1276.6|      2972.2|        43|      0.07|
|     -914.86|      209.38|      338.35|     -1253.2|      2869.5|        42|     0.069|
|     -928.81|      200.11|      303.33|     -1232.1|      2772.2|        44|     0.069|
|     -934.05|      200.81|       281.7|     -1215.7|      2692.7|        43|     0.069|
|     -935.87|      203.75|      268.85|     -1204.7|      2636.6|        44|     0.069|
|     -936.68|      205.92|      263.24|     -1199.9|      2610.5|        45|     0.069|
|     -937.57|      207.75|      260.38|       -1198|      2597.9|        46|      0.07|
|     -940.31|      212.62|      256.01|     -1196.3|      2581.9|        48|      0.07|
|     -949.41|      228.88|      248.53|     -1197.9|      2598.9|        57|     0.069|
|     -950.78|      230.46|      250.38|     -1201.2|      2612.9|        57|     0.069|
|     -982.88|      273.77|      275.57|     -1258.4|      3040.8|        65|     0.069|
|     -1101.9|      435.76|      319.16|     -1421.1|      5807.3|        81|     0.069|
|     -1235.4|      668.02|      258.69|     -1494.1|      7159.3|        92|     0.069|
|     -1239.1|      725.63|      239.46|     -1478.6|      6862.4|        93|     0.075|
|     -1240.7|      875.92|      233.85|     -1474.6|      6792.5|        95|     0.075|
|     -1241.9|      1048.6|      231.16|     -1473.1|      6786.8|        96|     0.074|
|     -1242.2|      1109.3|      231.93|     -1474.1|      6800.7|        96|     0.074|
|     -1242.4|      1176.4|      233.56|     -1475.9|      6829.5|        96|     0.074|
|     -1242.5|      1212.7|      234.82|     -1477.3|      6852.8|        95|     0.071|
|     -1242.5|        1243|      236.04|     -1478.6|      6876.1|        95|     0.073|
|     -1242.6|      1257.8|      236.42|     -1479.1|        6886|        94|     0.073|
|     -1243.2|      1308.4|      237.24|     -1480.4|      6921.4|        88|     0.073|
|     -1244.1|      1050.4|      239.69|     -1483.8|      6989.4|        86|     0.073|
|     -1243.4|      1318.9|       237.5|     -1480.9|      6934.2|        85|     0.073|
|     -1244.2|      1205.7|      237.67|     -1481.9|      6968.5|        85|      0.07|
|     -1244.3|      1310.4|      233.67|       -1478|      6902.4|        92|     0.069|
|     -1244.4|      1077.5|      235.39|     -1479.8|        6941|        88|      0.07|
|     -1244.4|      1189.4|      234.68|     -1479.1|      6927.8|        91|      0.07|
|     -1244.4|      1189.2|      234.73|     -1479.2|      6927.8|        91|      0.07|
Optimization result:
  message: CONVERGENCE: RELATIVE REDUCTION OF F <= FACTR*EPSMCH
  success: True
   status: 0
      fun: -1244.430267172797
        x: [-4.536e+00  0.000e+00 ...  2.686e+00  1.954e+00]
      nit: 31
      jac: [-2.347e-01 -6.659e+01 ... -3.320e+00 -1.815e+00]
     nfev: 42
     njev: 42
 hess_inv: <22x22 LbfgsInvHessProduct with dtype=float64>
Running seed: 13
No hyperparameter optimization
|        logP|       dlogP|     y^T.K.y|     log|K| |     Cond(K)|  GPU time|  CPU time|
|------------|------------|------------|------------|------------|----------|----------|
|     -28.778|      80.874|      372.53|     -401.31|      875.11|        39|     0.073|
|     -736.65|      279.98|      587.68|     -1324.3|      3232.5|        38|     0.068|
|     -40.482|      83.634|      367.73|     -408.21|      878.76|        35|     0.083|
|     -404.16|      186.04|      252.64|     -656.79|      1378.1|        36|     0.069|
|     -716.48|      260.07|      324.31|     -1040.8|      2421.7|        37|     0.069|
|     -753.19|       274.9|      445.74|     -1198.9|      2746.5|        37|     0.069|
|     -1098.7|      1306.8|      165.93|     -1264.6|      2657.9|        72|      0.07|
|     -1098.7|      1306.7|      165.93|     -1264.6|      2657.6|        72|     0.071|
|     -1098.7|      1306.6|      165.93|     -1264.6|      2657.6|        73|     0.069|
|     -1098.7|      1306.1|      165.92|     -1264.6|      2657.6|        73|     0.069|
|     -1098.8|      1303.9|      165.87|     -1264.6|      2657.6|        72|     0.069|
|       -1099|      1295.6|      165.69|     -1264.7|      2657.7|        72|     0.069|
|     -1100.4|      1267.4|      164.87|     -1265.3|      2657.9|        72|     0.069|
|       -1101|      1257.8|      164.52|     -1265.6|      2657.5|        72|     0.068|
|       -1101|      1257.9|      164.52|     -1265.6|      2657.5|        72|      0.07|
|       -1101|        1258|      164.51|     -1265.6|      2657.5|        72|     0.069|
|     -1101.1|      1258.7|      164.48|     -1265.6|      2657.5|        72|     0.069|
|     -1101.3|      1261.4|      164.34|     -1265.6|      2657.9|        72|     0.072|
|       -1102|      1271.7|      163.79|     -1265.8|      2657.6|        72|      0.07|
|     -1105.7|      1300.6|      161.27|     -1266.9|      2658.4|        73|     0.069|
|       -1128|      634.19|      154.83|     -1282.8|      2780.2|        75|     0.075|
|     -1210.3|       22047|      231.59|     -1441.9|      5717.9|        83|      0.07|
|       -1131|      1181.6|      155.66|     -1286.7|      2975.1|        76|      0.07|
|       -1198|       17428|      193.31|     -1391.3|      5403.1|        81|      0.07|
|     -1207.1|       20164|      215.54|     -1422.6|      5575.8|        82|     0.069|
|     -1210.3|       22047|      231.58|     -1441.9|      5717.4|        83|     0.069|
|     -1099.4|      1226.5|       165.8|     -1265.2|      2657.6|        71|     0.074|
|     -1182.1|       14723|      177.94|       -1360|      5137.1|        80|     0.069|
|     -1204.3|       19047|      205.98|     -1410.2|      5505.7|        80|     0.068|
|     -1208.7|       21019|      222.96|     -1431.7|      5636.8|        81|     0.069|
|     -1209.9|       21800|      229.57|     -1439.5|      5696.4|        81|     0.068|
|     -1210.2|       21995|      231.17|     -1441.4|      5712.3|        81|     0.068|
|     -1210.3|       22037|       231.5|     -1441.8|      5715.3|        81|     0.068|
|     -1210.3|       22044|      231.57|     -1441.9|        5716|        81|     0.068|
|     -1210.3|       22046|      231.58|     -1441.9|      5715.8|        81|     0.069|
|     -1210.3|       22048|      231.59|     -1441.9|      5716.7|        81|     0.068|
|     -1210.3|       22047|      231.59|     -1441.9|      5717.4|        81|     0.068|
|     -1210.3|       22047|      231.59|     -1441.9|      5717.9|        81|     0.069|
|     -1210.3|       22047|      231.59|     -1441.9|      5718.3|        81|     0.069|
|     -1210.3|       22047|      231.59|     -1441.9|      5717.4|        81|     0.069|
|     -1210.3|       22047|      231.59|     -1441.9|      5717.1|        81|     0.069|
|     -1210.3|       22047|      231.59|     -1441.9|      5717.2|        81|     0.082|
Optimization result:
  message: CONVERGENCE: RELATIVE REDUCTION OF F <= FACTR*EPSMCH
  success: True
   status: 0
      fun: -1210.2869570613755
        x: [-4.221e+00  0.000e+00 ...  3.401e+00  7.518e-01]
      nit: 5
      jac: [-6.234e-04  8.543e+02 ...  2.811e+02 -6.720e+01]
     nfev: 42
     njev: 42
 hess_inv: <22x22 LbfgsInvHessProduct with dtype=float64>
|        logP|       dlogP|     y^T.K.y|     log|K| |     Cond(K)|  GPU time|  CPU time|
|------------|------------|------------|------------|------------|----------|----------|
|     -10.025|      83.763|      371.54|     -381.57|      869.06|        41|      0.09|
|     -677.75|      332.69|      636.66|     -1314.4|      3456.5|        39|     0.085|
|     -17.099|      84.961|      368.58|     -385.68|      871.81|        35|     0.088|
|     -374.79|      184.73|      262.44|     -637.23|      1458.9|        37|      0.09|
|     -698.09|      265.24|      340.25|     -1038.3|      2586.5|        38|     0.091|
|     -718.55|      303.52|      485.96|     -1204.5|      2939.7|        38|      0.09|
|     -718.61|      281.01|      396.47|     -1115.1|      2750.3|        38|     0.091|
|     -1149.6|       15071|      254.07|     -1403.7|      5035.9|        75|      0.09|
|     -1153.4|      255.71|      199.92|     -1353.4|        4285|        43|     0.089|
|     -1158.9|      304.82|      201.48|     -1360.4|      4558.8|        60|     0.089|
|     -1158.9|      304.78|      201.48|     -1360.4|      4560.7|        60|     0.089|
|     -1159.1|      304.65|      201.47|     -1360.6|      4568.5|        60|     0.089|
|     -1159.9|      304.43|      201.47|     -1361.4|      4600.1|        60|     0.089|
|     -1161.2|      305.21|      201.51|     -1362.7|      4644.1|        61|     0.089|
|     -1161.2|      305.34|      201.51|     -1362.7|      4644.9|        61|     0.086|
|     -1161.3|      305.91|      201.52|     -1362.9|      4648.2|        61|     0.084|
|       -1162|      308.48|      201.58|     -1363.5|      4661.8|        62|     0.084|
|     -1164.8|         327|      202.33|     -1367.1|      4715.9|        66|     0.084|
|     -1164.9|      328.05|      202.37|     -1367.2|      4717.9|        65|     0.085|
|       -1165|      329.43|      202.42|     -1367.4|      4720.5|        65|     0.085|
|       -1165|       330.1|      202.46|     -1367.5|      4722.4|        65|     0.085|
|     -1165.3|      332.86|       202.6|     -1367.9|      4730.6|        66|     0.085|
|     -1166.5|      345.65|      203.38|     -1369.9|      4765.6|        67|     0.084|
|     -1168.8|      371.78|      205.84|     -1374.6|      4832.4|        70|     0.085|
|     -1168.8|      373.41|      205.96|     -1374.8|      4836.2|        70|     0.084|
|     -1169.1|      378.44|      206.36|     -1375.5|        4848|        71|     0.085|
|     -1169.2|      379.28|      206.41|     -1375.6|      4849.1|        71|     0.085|
|     -1169.2|      380.08|      206.46|     -1375.7|      4850.2|        72|     0.086|
|     -1169.3|      383.32|      206.69|       -1376|      4854.5|        72|     0.084|
|     -1169.9|      396.26|      207.83|     -1377.7|      4872.3|        73|     0.085|
|     -1170.3|       407.6|      209.47|     -1379.8|      4890.9|        75|     0.084|
|     -1170.5|      415.18|      209.98|     -1380.5|      4907.2|        76|     0.085|
|     -1170.7|      422.09|      210.54|     -1381.2|        4923|        76|     0.086|
|     -1170.7|      425.51|      210.92|     -1381.7|      4930.8|        77|     0.086|
|     -1170.7|      458.39|      213.07|     -1383.8|      4961.1|        78|     0.086|
Optimization result:
  message: CONVERGENCE: RELATIVE REDUCTION OF F <= FACTR*EPSMCH
  success: True
   status: 0
      fun: -1170.7429748129732
        x: [-3.673e+00  0.000e+00 ...  3.285e+00 -2.277e+00]
      nit: 13
      jac: [ 5.929e-01 -4.296e+01 ...  5.018e+01 -8.058e-02]
     nfev: 35
     njev: 35
 hess_inv: <22x22 LbfgsInvHessProduct with dtype=float64>
|        logP|       dlogP|     y^T.K.y|     log|K| |     Cond(K)|  GPU time|  CPU time|
|------------|------------|------------|------------|------------|----------|----------|
|      6.1495|      88.096|      378.63|     -372.48|      966.93|        44|     0.088|
|     -673.85|      355.03|      651.54|     -1325.4|        3708|        42|     0.086|
|     -2.6972|      89.533|      375.15|     -377.85|      970.28|        38|     0.086|
|     -379.66|      182.22|      267.69|     -647.35|      1450.9|        40|     0.084|
|     -695.09|       280.3|      351.01|     -1046.1|      2625.1|        41|     0.084|
|      -712.7|      329.95|      501.13|     -1213.8|      2951.2|        41|     0.084|
|      -713.8|      303.69|      410.37|     -1124.2|      2777.7|        41|     0.085|
|     -1142.1|       12689|      264.91|       -1407|      5013.2|        83|     0.084|
|     -1140.9|      244.79|       210.6|     -1351.5|      4187.9|        42|     0.085|
|     -1146.3|      283.65|      212.36|     -1358.7|      4465.5|        58|     0.085|
|     -1146.4|      283.48|      212.37|     -1358.8|      4467.3|        58|     0.085|
|     -1146.6|      282.82|       212.4|       -1359|      4474.6|        58|     0.084|
|     -1147.4|       280.5|      212.55|     -1359.9|      4503.4|        58|     0.084|
|     -1148.6|      277.74|      212.83|     -1361.5|      4548.5|        58|     0.085|
|     -1148.7|      277.75|      212.84|     -1361.5|      4549.2|        58|     0.085|
|     -1148.8|      277.82|      212.87|     -1361.7|      4551.8|        58|     0.085|
|     -1149.3|      278.17|      213.01|     -1362.3|      4561.8|        58|     0.085|
|     -1151.6|      281.41|       213.9|     -1365.5|      4603.8|        60|     0.085|
|     -1154.7|      290.04|      215.88|     -1370.6|      4650.8|        62|     0.085|
|     -1154.8|      290.66|      215.94|     -1370.7|      4653.1|        62|     0.084|
|       -1155|      293.26|       216.2|     -1371.2|      4662.3|        63|     0.085|
|     -1155.3|      295.58|      216.43|     -1371.7|      4670.1|        63|     0.085|
|     -1155.3|      296.09|      216.47|     -1371.8|      4671.5|        63|     0.085|
|     -1155.5|      298.21|      216.65|     -1372.1|      4677.2|        63|      0.07|
|     -1156.2|       308.4|      217.46|     -1373.6|      4701.4|        64|      0.07|
|     -1156.2|      308.53|      217.47|     -1373.6|      4701.7|        64|     0.069|
|     -1156.2|      309.11|      217.51|     -1373.7|        4703|        64|     0.069|
|     -1156.4|      311.57|       217.7|     -1374.1|      4707.9|        64|      0.07|
|     -1156.6|       314.6|      217.93|     -1374.5|      4713.5|        65|     0.069|
|     -1156.6|      315.15|      217.97|     -1374.6|      4714.9|        65|      0.07|
|     -1156.7|      317.44|      218.15|     -1374.9|      4720.4|        65|     0.074|
|     -1157.3|      327.53|      218.98|     -1376.3|      4743.8|        66|     0.074|
|     -1158.8|      357.72|      222.35|     -1381.1|      4809.4|        71|     0.075|
|     -1158.8|      359.09|       222.4|     -1381.2|      4812.3|        71|     0.074|
|     -1158.9|      364.74|       222.6|     -1381.5|      4824.4|        72|     0.074|
|       -1159|      369.71|      222.78|     -1381.8|      4834.9|        73|     0.074|
|     -1159.1|      371.38|      222.83|     -1381.9|      4838.3|        73|     0.073|
|     -1159.1|      371.53|      222.84|     -1381.9|      4838.5|        73|     0.073|
|     -1159.1|      372.94|      222.88|       -1382|      4841.2|        73|     0.073|
|     -1159.2|      378.78|      223.05|     -1382.3|      4851.5|        73|     0.074|
|     -1159.5|      390.38|       223.4|     -1382.9|      4871.4|        74|     0.074|
|     -1159.5|      391.71|      223.44|       -1383|      4873.5|        74|     0.071|
|     -1159.6|      397.17|      223.63|     -1383.3|        4882|        75|     0.069|
|     -1159.7|      400.09|      223.73|     -1383.4|      4886.7|        75|      0.07|
|     -1159.7|      400.88|      223.78|     -1383.5|      4887.6|        75|     0.069|
|     -1159.8|      404.11|      223.98|     -1383.7|      4892.3|        75|      0.07|
|     -1160.1|      417.42|      224.88|     -1384.9|        4910|        76|     0.069|
|     -1160.9|      485.15|      231.67|     -1392.6|      5002.7|        80|      0.07|
|     -1161.3|      491.46|      230.58|     -1391.9|      5014.7|        79|      0.07|
|     -1161.5|       505.4|      228.75|     -1390.2|      5015.1|        79|     0.069|
|     -1161.6|      519.35|      227.63|     -1389.2|      5016.4|        77|     0.069|
|     -1161.7|      527.64|      227.04|     -1388.7|      5016.7|        75|     0.069|
|     -1161.7|      542.98|      225.48|     -1387.2|      5017.3|        75|      0.07|
|     -1161.7|      539.92|      226.11|     -1387.8|      5016.8|        75|     0.069|
|     -1161.8|      534.27|      227.13|     -1388.9|      5017.3|        75|      0.07|
|     -1161.8|      534.77|      227.53|     -1389.3|      5017.7|        75|     0.072|
|     -1162.8|      622.99|      227.89|     -1390.7|      5023.3|        72|      0.07|
|     -1162.9|      634.19|      227.35|     -1390.3|      5023.9|        72|     0.069|
|     -1163.3|      667.93|      225.12|     -1388.4|      5027.4|        70|     0.069|
|     -1163.4|       675.1|       224.1|     -1387.5|      5029.5|        70|      0.07|
|     -1163.4|      676.96|       223.3|     -1386.7|      5031.9|        69|      0.07|
|     -1163.4|      676.45|      222.82|     -1386.2|      5033.8|        68|     0.069|
|     -1163.4|      675.05|      222.43|     -1385.9|        5036|        68|     0.069|
|     -1163.4|      672.08|      221.96|     -1385.4|      5040.5|        67|     0.069|
|     -1163.5|      664.42|      221.26|     -1384.7|      5047.9|        66|      0.07|
|     -1163.7|      634.93|      220.39|       -1384|      5070.6|        65|      0.07|
|     -1164.1|      540.71|       221.2|     -1385.3|      5094.4|        64|     0.069|
|     -1142.8|      9552.1|      266.75|     -1409.6|        5094|        72|     0.069|
|     -1164.4|      525.16|      224.03|     -1388.5|      5093.8|        66|      0.07|
|     -1164.4|      512.11|      225.24|     -1389.7|      5093.7|        67|     0.069|
|     -1164.4|      519.61|      224.59|       -1389|      5093.5|        66|     0.073|
Optimization result:
  message: CONVERGENCE: RELATIVE REDUCTION OF F <= FACTR*EPSMCH
  success: True
   status: 0
      fun: -1164.4425418982216
        x: [-3.523e+00  0.000e+00 ...  3.401e+00 -2.247e+00]
      nit: 35
      jac: [-3.272e-01 -1.612e+01 ... -2.825e+01 -1.099e-01]
     nfev: 71
     njev: 71
 hess_inv: <22x22 LbfgsInvHessProduct with dtype=float64>
|        logP|       dlogP|     y^T.K.y|     log|K| |     Cond(K)|  GPU time|  CPU time|
|------------|------------|------------|------------|------------|----------|----------|
|     -26.612|      87.514|      371.47|     -398.09|      868.57|        38|     0.074|
|     -621.45|      328.98|      710.84|     -1332.3|      3595.8|        37|      0.07|
|     -34.007|      88.804|      368.54|     -402.55|      871.28|        33|     0.072|
|     -404.03|      175.12|      267.29|     -671.31|      1297.1|        35|     0.069|
|     -675.93|      280.63|      386.09|       -1062|      2507.7|        36|      0.07|
|     -668.27|      321.55|      563.94|     -1232.2|      2921.7|        36|      0.07|
|      -682.3|      307.74|      470.83|     -1153.1|        2729|        36|     0.069|
|     -241.46|      137.27|       296.6|     -538.06|      987.37|        34|      0.07|
|      -614.6|       227.4|      291.41|     -906.01|        2082|        35|     0.069|
|      -668.6|      265.44|      354.45|     -1023.1|      2406.8|        36|     0.074|
|     -681.26|      287.41|      403.36|     -1084.6|      2562.2|        36|     0.074|
|      -683.5|      298.41|      435.45|       -1119|      2646.2|        36|     0.074|
|     -797.62|      292.05|      495.66|     -1293.3|      3452.6|        37|     0.074|
|     -893.73|      203.43|      348.27|       -1242|      3194.5|        38|     0.074|
|     -908.62|      195.81|      313.73|     -1222.4|      3083.4|        38|     0.074|
|     -920.03|      198.36|      274.43|     -1194.5|      2920.5|        38|     0.074|
|     -922.47|      202.24|      259.81|     -1182.3|      2848.1|        39|      0.07|
|     -923.71|       204.8|      254.25|       -1178|      2820.8|        40|      0.07|
|     -925.87|      208.43|      249.81|     -1175.7|      2802.8|        41|     0.069|
|     -938.64|       230.6|      235.29|     -1173.9|      2758.9|        46|      0.07|
|     -943.83|       235.2|       232.9|     -1176.7|      2766.3|        48|     0.069|
|     -951.45|      241.74|       227.9|     -1179.4|      2774.6|        49|     0.069|
|     -964.51|       250.7|      218.83|     -1183.3|      2834.1|        50|     0.074|
|     -1012.6|      289.68|      196.78|     -1209.4|      3292.8|        54|     0.073|
|     -1151.8|      374.02|      172.05|     -1323.8|      4709.9|        62|     0.074|
|     -1197.3|      405.28|      172.21|     -1369.5|      5046.3|        66|     0.074|
|     -1200.9|      413.93|      175.71|     -1376.6|      5163.4|        67|     0.074|
|     -1207.2|      432.14|      182.94|     -1390.1|      5384.4|        69|     0.074|
|     -1210.4|      442.56|       187.4|     -1397.8|      5507.9|        70|     0.069|
|     -1210.7|      421.57|      302.85|     -1513.5|      7518.9|        76|     0.069|
|     -1219.1|      438.63|      203.97|     -1423.1|      5933.8|        71|      0.07|
|     -1115.8|      629.84|      465.09|     -1580.9|      8491.3|        80|     0.074|
|       -1212|      411.73|      295.16|     -1507.2|      7404.5|        75|     0.074|
|     -1223.8|      418.75|      244.84|     -1468.6|        6728|        73|     0.072|
|     -1226.2|       464.1|      233.35|     -1459.5|        6583|        74|     0.073|
|     -1229.8|      541.21|      233.52|     -1463.3|      6675.2|        76|     0.073|
|     -1231.8|       783.4|      237.41|     -1469.2|        6815|        81|     0.073|
|     -1231.9|       785.6|       234.2|     -1466.1|      6773.9|        81|     0.073|
|       -1233|      1032.3|      232.99|       -1466|      6868.3|        83|     0.073|
|     -1233.4|      1124.2|      232.72|     -1466.1|        6914|        76|      0.07|
|     -1233.6|      1128.6|      233.61|     -1467.2|      6938.6|        76|     0.069|
|     -1235.4|        1025|      240.62|       -1476|      7146.5|        77|      0.07|
|     -1235.6|      681.16|      241.54|     -1477.2|      7173.4|        78|     0.069|
|     -1228.7|      451.33|      222.59|     -1451.3|        6660|        85|      0.07|
|     -1232.9|      808.33|      232.59|     -1465.5|      6912.7|        86|      0.07|
|     -1235.1|      1132.8|      237.82|     -1472.9|      7071.6|        86|     0.069|
|     -1235.7|      942.57|      240.19|     -1475.9|      7142.5|        85|     0.069|
|     -1235.4|      1119.2|       235.4|     -1470.8|      7044.7|        87|      0.07|
|     -1235.6|      1035.4|      238.29|     -1473.9|      7104.8|        86|     0.069|
|     -1235.7|      970.38|      239.69|     -1475.4|      7132.8|        85|     0.069|
|     -1235.7|      948.78|      240.08|     -1475.8|      7140.4|        85|      0.07|
|     -1235.7|      943.88|      240.17|     -1475.8|      7142.1|        85|     0.071|
|     -1235.7|      947.15|      240.11|     -1475.8|      7141.4|        85|     0.071|
|     -1235.7|      944.54|      240.16|     -1475.8|      7141.9|        85|     0.069|
|     -1235.7|      943.98|      240.17|     -1475.8|      7142.2|        85|      0.07|
|     -1235.7|      943.87|      240.17|     -1475.8|        7142|        85|     0.069|
Optimization result:
  message: CONVERGENCE: RELATIVE REDUCTION OF F <= FACTR*EPSMCH
  success: True
   status: 0
      fun: -1235.6724496963568
        x: [-4.540e+00 -4.749e-04 ...  2.703e+00  1.977e+00]
      nit: 28
      jac: [-3.433e-01 -8.350e+01 ...  1.219e+01  2.984e+01]
     nfev: 56
     njev: 56
 hess_inv: <22x22 LbfgsInvHessProduct with dtype=float64>
|        logP|       dlogP|     y^T.K.y|     log|K| |     Cond(K)|  GPU time|  CPU time|
|------------|------------|------------|------------|------------|----------|----------|
|      -29.16|      92.306|      383.88|     -413.04|      870.48|        39|     0.077|
|     -707.44|      333.01|       555.2|     -1262.6|      2974.2|        37|     0.072|
|     -47.164|      95.958|      376.68|     -423.84|      876.57|        34|     0.075|
|     -406.15|      182.38|      274.42|     -680.57|      1318.4|        36|     0.074|
|     -685.37|      263.64|      330.69|     -1016.1|      1937.4|        37|     0.073|
|     -720.51|      306.65|      426.12|     -1146.6|        2342|        37|     0.072|
|     -1157.3|       10753|      266.89|     -1424.2|      5087.7|        73|     0.072|
|     -1156.3|       228.7|      216.24|     -1372.5|      4048.5|        32|     0.073|
|       -1162|      244.57|      217.67|     -1379.7|      4401.5|        45|     0.073|
|     -1162.2|      244.63|      217.34|     -1379.5|      4402.5|        45|     0.073|
|     -1162.7|      244.93|      215.98|     -1378.6|      4406.7|        45|     0.073|
|     -1164.6|      246.33|      210.42|       -1375|      4422.1|        45|     0.073|
|     -1170.1|      254.03|      187.63|     -1357.7|      4474.9|        46|     0.073|
|       -1170|      252.71|      191.22|     -1361.2|      4487.1|        46|     0.073|
|     -1170.1|      253.66|      188.62|     -1358.7|      4478.5|        46|     0.073|
|     -1170.1|      253.95|      187.85|       -1358|      4475.8|        46|     0.074|
|     -1170.1|      254.01|      187.68|     -1357.8|      4475.1|        46|     0.073|
|     -1170.1|      254.03|      187.64|     -1357.8|      4474.9|        46|     0.073|
|     -1170.1|      254.02|      187.67|     -1357.8|      4475.1|        46|     0.073|
|     -1170.1|      254.02|      187.65|     -1357.8|      4474.9|        46|     0.073|
|     -1170.1|      254.03|      187.64|     -1357.8|        4475|        46|     0.073|
|     -1170.1|      254.03|      187.64|     -1357.8|      4474.9|        46|     0.073|
|     -1170.1|      254.02|      187.64|     -1357.8|        4475|        46|     0.073|
|     -1170.1|      254.03|      187.64|     -1357.8|        4475|        46|     0.073|
Optimization result:
  message: CONVERGENCE: RELATIVE REDUCTION OF F <= FACTR*EPSMCH
  success: True
   status: 0
      fun: -1170.1113142000213
        x: [-3.722e+00 -4.248e-02 ...  2.659e+00 -1.744e+00]
      nit: 6
      jac: [-2.101e+00 -2.943e-01 ... -5.210e+01 -7.652e-01]
     nfev: 24
     njev: 24
 hess_inv: <22x22 LbfgsInvHessProduct with dtype=float64>
Running seed: 42
No hyperparameter optimization
|        logP|       dlogP|     y^T.K.y|     log|K| |     Cond(K)|  GPU time|  CPU time|
|------------|------------|------------|------------|------------|----------|----------|
|     -35.188|       87.95|      366.77|     -401.95|      966.93|        40|     0.074|
|     -707.26|      282.04|      612.52|     -1319.8|      3664.4|        39|     0.069|
|     -45.941|       89.43|      362.77|     -408.71|      971.13|        35|      0.07|
|     -399.27|      170.89|      268.75|     -668.02|      1362.3|        37|     0.069|
|     -704.01|      251.78|      343.93|     -1047.9|      2486.4|        38|     0.068|
|     -733.08|      273.16|      471.64|     -1204.7|      2887.6|        38|     0.069|
|     -733.32|       272.1|      461.28|     -1194.6|      2821.6|        39|     0.068|
|     -733.33|      271.67|       457.2|     -1190.5|      2795.2|        38|     0.068|
|     -712.28|      283.26|       609.3|     -1321.6|      3680.2|        40|     0.068|
|      -731.5|      276.51|      505.92|     -1237.4|      3103.7|        39|      0.07|
|     -733.32|      273.82|      476.83|     -1210.1|        2923|        39|     0.068|
|     -733.45|      272.93|      468.35|     -1201.8|      2868.6|        39|     0.068|
|     -733.34|      271.71|      457.51|     -1190.8|      2797.3|        38|     0.068|
|     -842.06|      236.18|      413.33|     -1255.4|      3263.7|        34|     0.093|
|      -878.4|      210.75|      348.47|     -1226.9|      3126.6|        34|     0.087|
|     -900.31|      201.82|      311.15|     -1211.5|      3089.5|        34|      0.31|
|     -904.22|       202.2|      296.67|     -1200.9|      3037.8|        35|      0.22|
|     -907.47|      204.69|       277.3|     -1184.8|      2959.8|        35|      0.14|
|     -908.09|      205.69|      272.28|     -1180.4|      2939.9|        36|      0.11|
|     -908.64|       206.1|      270.57|     -1179.2|      2936.3|        36|     0.071|
|     -910.07|      206.89|      268.89|       -1179|      2940.5|        38|     0.069|
|      -916.5|       214.5|      266.12|     -1182.6|      2966.6|        45|     0.068|
|     -917.31|      215.68|      265.74|     -1183.1|      2968.4|        46|     0.068|
|     -920.62|      219.31|      265.67|     -1186.3|      2984.7|        48|     0.068|
|     -929.32|      227.24|      263.22|     -1192.5|        3015|        52|     0.068|
|     -1006.4|      246.14|      232.17|     -1238.6|      3403.9|        57|     0.068|
|     -1211.9|      237.38|      240.03|     -1451.9|      6638.6|        59|     0.068|
|     -1212.4|      238.75|      236.33|     -1448.7|        6477|        55|     0.068|
|     -1212.4|      238.34|      239.12|     -1451.5|      6472.3|        52|     0.068|
|     -1212.4|      238.84|      236.97|     -1449.4|      6472.8|        54|     0.068|
|     -1212.4|      237.53|      241.72|     -1454.1|      6522.5|        52|     0.068|
|     -1212.5|      238.51|      238.48|     -1450.9|      6488.3|        53|     0.069|
|     -1212.5|       237.5|      242.24|     -1454.8|      6554.1|        53|     0.068|
|     -1212.7|      237.43|      242.76|     -1455.4|      6582.7|        53|     0.068|
|     -1212.9|      237.08|      243.88|     -1456.7|        6640|        55|     0.071|
|       -1213|      236.28|      244.47|     -1457.4|      6681.4|        55|     0.069|
|       -1213|      236.44|      244.84|     -1457.9|      6702.5|        56|     0.068|
|     -1213.6|      245.59|      245.75|     -1459.4|      6752.3|        69|     0.069|
|     -1218.9|       664.8|      233.89|     -1452.8|        6310|        74|     0.069|
|     -1219.1|      645.22|       237.6|     -1456.7|      6382.1|        74|     0.068|
|     -1219.2|      639.36|      244.98|     -1464.2|      6522.4|        74|     0.068|
|     -1219.4|      673.51|      244.95|     -1464.3|      6522.4|        75|     0.068|
|     -1220.3|      1070.3|      245.66|     -1465.9|      6528.5|        80|     0.068|
|     -1220.2|      975.81|      245.12|     -1465.3|      6522.3|        79|     0.068|
|     -1220.3|      1052.5|      245.55|     -1465.8|      6527.2|        79|      0.07|
|     -1220.3|      1067.1|      245.64|     -1465.9|        6528|        80|     0.069|
|     -1220.3|      1069.7|      245.66|     -1465.9|      6528.1|        80|     0.069|
|     -1220.3|      1070.2|      245.66|     -1465.9|      6528.4|        80|     0.069|
|     -1220.3|      1070.2|      245.66|     -1465.9|      6528.3|        80|     0.068|
|     -1220.3|      1070.2|      245.66|     -1465.9|      6528.2|        80|     0.069|
|     -1220.3|      1070.2|      245.66|     -1465.9|      6528.5|        80|     0.068|
Optimization result:
  message: CONVERGENCE: RELATIVE REDUCTION OF F <= FACTR*EPSMCH
  success: True
   status: 0
      fun: -1220.277405414559
        x: [-4.505e+00  0.000e+00 ...  2.812e+00  2.020e+00]
      nit: 28
      jac: [-2.814e+00 -3.597e+01 ...  9.510e+00 -8.733e+00]
     nfev: 51
     njev: 51
 hess_inv: <22x22 LbfgsInvHessProduct with dtype=float64>
|        logP|       dlogP|     y^T.K.y|     log|K| |     Cond(K)|  GPU time|  CPU time|
|------------|------------|------------|------------|------------|----------|----------|
|      38.144|       82.65|       390.7|     -352.55|      869.07|        38|     0.075|
|     -654.32|      350.96|      652.22|     -1306.5|        3529|        34|     0.069|
|      30.897|       84.33|      387.65|     -356.75|      871.87|        33|     0.072|
|     -349.92|      190.49|      267.57|      -617.5|      1303.5|        34|     0.071|
|     -676.79|      278.92|      347.93|     -1024.7|        2584|        34|     0.069|
|     -694.36|      322.38|      500.81|     -1195.2|        2999|        34|     0.069|
|     -695.87|      298.55|      409.38|     -1105.2|      2780.5|        34|     0.069|
|     -1057.3|      522.79|      178.66|       -1236|        2672|        68|      0.07|
|     -1057.4|      525.15|      178.67|       -1236|        2672|        68|      0.07|
|     -1057.5|      534.97|      178.69|     -1236.2|      2672.1|        68|     0.071|
|     -1057.9|      580.65|      178.77|     -1236.7|      2672.4|        70|     0.071|
|     -1060.4|      990.35|      179.38|     -1239.8|      2674.4|        76|      0.07|
|     -1063.1|      1747.1|      180.13|     -1243.3|      2676.7|        70|     0.071|
|     -1063.1|      1747.1|      180.13|     -1243.3|      2676.3|        70|      0.07|
|     -1063.1|        1747|      180.12|     -1243.3|      2676.4|        70|      0.07|
|     -1063.2|      1746.7|      180.12|     -1243.3|      2676.3|        70|      0.07|
|     -1063.2|      1745.3|      180.09|     -1243.3|      2676.8|        71|      0.07|
|     -1063.4|      1740.2|      179.98|     -1243.3|      2676.3|        70|      0.07|
|     -1064.1|      1721.1|       179.5|     -1243.6|      2676.3|        70|      0.07|
|     -1065.5|      1696.5|      178.69|     -1244.2|      2676.3|        70|     0.069|
|     -1065.5|      1696.6|      178.69|     -1244.2|      2676.4|        69|     0.069|
|     -1065.5|      1696.8|      178.68|     -1244.2|      2676.5|        70|      0.07|
|     -1065.5|      1697.3|      178.66|     -1244.2|      2676.6|        70|      0.07|
|     -1065.6|      1699.8|      178.58|     -1244.2|      2676.4|        70|     0.069|
|     -1066.1|      1709.4|      178.24|     -1244.3|      2676.5|        69|     0.069|
|     -1068.1|      1746.4|      176.74|     -1244.8|      2676.6|        69|      0.07|
|     -1079.7|        1796|         170|     -1249.7|      2676.6|        72|     0.069|
|     -1156.3|       15089|      203.56|     -1359.9|      5305.8|        78|     0.069|
|     -1175.4|       20780|      255.67|       -1431|      5781.6|        81|      0.07|
|     -1165.6|       16621|      215.74|     -1381.3|      5434.1|        79|     0.069|
|     -1173.1|       19175|      240.06|     -1413.2|      5619.4|        80|     0.069|
|     -1175.4|       20779|      255.67|       -1431|      5781.2|        81|     0.069|
|     -1063.5|      1619.2|      180.28|     -1243.8|      2676.4|        69|      0.07|
|     -1143.9|       13407|      194.48|     -1338.4|      5101.3|        77|     0.069|
|     -1169.9|       17744|      226.29|     -1396.2|      5513.2|        79|     0.073|
|       -1174|       19773|      246.06|     -1420.1|        5675|        80|     0.069|
|     -1175.1|       20542|      253.44|     -1428.5|      5754.2|        81|      0.07|
|     -1175.3|       20729|       255.2|     -1430.5|      5775.6|        81|      0.07|
|     -1175.4|       20768|      255.57|     -1430.9|      5779.8|        81|     0.069|
|     -1175.4|       20777|      255.65|       -1431|      5780.9|        81|      0.07|
|     -1175.4|       20779|      255.66|       -1431|      5781.3|        80|      0.07|
|     -1175.4|       20780|      255.67|       -1431|      5781.8|        81|     0.069|
|     -1175.4|       20779|      255.67|       -1431|      5781.3|        81|     0.069|
|     -1175.4|       20779|      255.67|       -1431|      5781.4|        81|      0.07|
|     -1175.4|       20779|      255.66|       -1431|      5781.5|        81|     0.069|
|     -1175.4|       20779|      255.67|       -1431|      5781.1|        81|      0.07|
|     -1175.4|       20779|      255.66|       -1431|      5781.3|        81|     0.069|
|     -1175.4|       20779|      255.66|       -1431|      5781.7|        81|     0.069|
Optimization result:
  message: CONVERGENCE: RELATIVE REDUCTION OF F <= FACTR*EPSMCH
  success: True
   status: 0
      fun: -1175.3662422173174
        x: [-4.238e+00  0.000e+00 ...  3.401e+00  7.860e-01]
      nit: 6
      jac: [ 4.332e-04  7.001e+02 ...  3.927e+02 -7.961e+01]
     nfev: 48
     njev: 48
 hess_inv: <22x22 LbfgsInvHessProduct with dtype=float64>
|        logP|       dlogP|     y^T.K.y|     log|K| |     Cond(K)|  GPU time|  CPU time|
|------------|------------|------------|------------|------------|----------|----------|
|     -35.666|      89.807|      368.94|      -404.6|      868.58|        40|     0.076|
|     -695.38|      366.38|      641.52|     -1336.9|      3445.3|        38|      0.07|
|     -44.738|      91.419|      365.12|     -409.86|      871.88|        35|     0.072|
|     -413.68|      187.43|      260.01|     -673.69|      1548.7|        36|     0.069|
|     -714.54|      290.43|      351.34|     -1065.9|      2393.7|        37|      0.07|
|     -731.11|      343.14|      497.74|     -1228.8|      2727.6|        38|     0.071|
|        -732|      315.92|      409.95|     -1141.9|      2553.2|        38|     0.069|
|     -1183.1|       13968|      229.94|       -1413|      4920.8|        75|      0.07|
|       -1182|      247.93|      178.45|     -1360.5|      4097.9|        38|     0.069|
|     -1187.2|      284.79|      179.86|     -1367.1|      4374.9|        53|      0.07|
|     -1187.3|      284.62|      179.87|     -1367.1|      4376.4|        53|     0.071|
|     -1187.4|      283.96|      179.89|     -1367.3|      4382.4|        53|     0.069|
|     -1188.1|      281.62|      179.98|     -1368.1|      4406.2|        53|     0.071|
|     -1189.7|      277.88|      180.25|     -1369.9|      4458.6|        53|     0.069|
|     -1189.7|       277.9|      180.25|       -1370|      4459.2|        53|     0.069|
|     -1189.8|      277.95|      180.27|     -1370.1|        4461|        54|      0.07|
|     -1190.2|      278.23|      180.37|     -1370.6|      4468.3|        54|      0.07|
|       -1192|      280.64|      180.96|       -1373|      4497.9|        55|      0.07|
|       -1194|      285.67|      181.91|     -1375.9|      4525.1|        57|      0.07|
|     -1194.1|       286.1|      181.94|       -1376|        4527|        57|      0.07|
|     -1194.3|      287.87|      182.09|     -1376.4|      4534.6|        57|     0.069|
|     -1195.4|      296.41|      182.82|     -1378.2|      4566.8|        59|     0.069|
|     -1196.3|       303.7|      183.43|     -1379.7|      4590.2|        60|     0.069|
|     -1196.3|      304.56|      183.49|     -1379.8|      4592.7|        60|     0.069|
|     -1196.6|      308.22|      183.73|     -1380.3|      4602.7|        61|      0.07|
|     -1196.8|      310.54|      183.88|     -1380.7|      4608.7|        61|     0.069|
|     -1196.8|      311.29|      183.92|     -1380.7|      4610.3|        62|     0.069|
|       -1197|      314.42|      184.09|     -1381.1|      4616.9|        62|      0.07|
|       -1197|      314.94|      184.11|     -1381.1|      4617.9|        62|     0.072|
|       -1197|      315.38|      184.14|     -1381.2|      4618.9|        62|     0.069|
|     -1197.1|      317.18|      184.24|     -1381.4|      4623.5|        63|     0.069|
|     -1197.5|      325.12|       184.7|     -1382.2|        4642|        63|      0.07|
|       -1199|      366.45|       187.3|     -1386.3|      4719.3|        69|      0.07|
|     -1199.1|      367.52|      187.37|     -1386.4|      4720.7|        69|      0.07|
|     -1199.2|      371.88|      187.69|     -1386.9|      4726.6|        69|     0.069|
|     -1199.4|      377.95|      188.16|     -1387.5|      4734.7|        70|     0.069|
|     -1199.4|      379.21|      188.25|     -1387.7|      4736.4|        70|      0.07|
|     -1199.5|      384.32|      188.62|     -1388.2|      4743.4|        71|     0.069|
|     -1199.8|      393.11|      189.33|     -1389.1|      4755.3|        72|      0.07|
|     -1199.8|      394.49|      189.36|     -1389.2|      4757.5|        72|     0.069|
|     -1199.9|      400.17|      189.51|     -1389.4|      4766.2|        72|     0.069|
|     -1200.2|      418.73|      189.98|     -1390.2|      4793.4|        74|     0.069|
|     -1200.2|      420.16|      190.02|     -1390.3|      4795.4|        74|     0.069|
|     -1200.3|      426.03|      190.18|     -1390.5|      4803.2|        74|     0.069|
|     -1200.5|      438.14|       190.5|       -1391|        4819|        75|      0.07|
|     -1200.5|      439.15|      190.54|     -1391.1|      4820.2|        75|     0.069|
|     -1200.6|      443.25|      190.72|     -1391.3|      4824.9|        76|     0.074|
|     -1200.9|       460.5|      191.49|     -1392.4|      4845.1|        76|     0.074|
|     -1201.6|      508.05|      194.63|     -1396.3|      4911.4|        80|     0.073|
|     -1201.6|      508.21|      194.61|     -1396.3|      4911.4|        80|     0.074|
|     -1201.7|      508.85|      194.56|     -1396.2|      4911.5|        80|     0.073|
|     -1201.7|       511.5|      194.36|       -1396|      4911.8|        80|     0.073|
|     -1201.8|       537.9|      192.65|     -1394.5|      4916.7|        79|     0.078|
|     -1201.9|      557.31|      191.76|     -1393.7|      4922.6|        78|     0.073|
|       -1202|      558.51|      192.03|       -1394|      4924.3|        75|     0.069|
|       -1202|      549.16|      193.01|       -1395|      4924.3|        75|     0.069|
|       -1202|      550.98|      192.86|     -1394.9|      4924.6|        75|      0.07|
Optimization result:
  message: CONVERGENCE: RELATIVE REDUCTION OF F <= FACTR*EPSMCH
  success: True
   status: 0
      fun: -1202.0410414956682
        x: [-3.708e+00  0.000e+00 ...  3.401e+00 -2.303e+00]
      nit: 20
      jac: [-1.432e+00 -5.441e+01 ... -1.315e+02 -7.520e-02]
     nfev: 57
     njev: 57
 hess_inv: <22x22 LbfgsInvHessProduct with dtype=float64>
|        logP|       dlogP|     y^T.K.y|     log|K| |     Cond(K)|  GPU time|  CPU time|
|------------|------------|------------|------------|------------|----------|----------|
|     -32.579|       90.72|      373.55|     -406.13|      867.91|        38|     0.079|
|     -662.74|      315.96|      654.56|     -1317.3|      3331.8|        37|     0.074|
|     -41.404|      92.285|      369.97|     -411.37|      871.25|        33|     0.075|
|     -404.26|      178.48|      262.59|     -666.85|      1450.6|        35|     0.074|
|     -689.49|      280.58|      358.68|     -1048.2|      2668.3|        36|     0.074|
|     -699.05|       313.8|      513.26|     -1212.3|      3034.2|        36|     0.074|
|      -703.6|      302.15|      426.48|     -1130.1|      2853.3|        36|     0.074|
|     -1072.4|      1873.2|       181.7|     -1254.1|        2698|        70|     0.075|
|     -1072.4|      1873.2|       181.7|     -1254.1|        2698|        70|     0.075|
|     -1072.4|      1873.1|       181.7|     -1254.1|      2697.9|        71|     0.075|
|     -1072.4|      1872.5|      181.69|     -1254.1|        2698|        70|     0.075|
|     -1072.5|      1870.6|      181.65|     -1254.1|        2698|        70|     0.076|
|     -1072.7|      1862.8|       181.5|     -1254.2|        2698|        71|     0.075|
|     -1073.7|      1835.3|      180.86|     -1254.6|        2698|        70|     0.075|
|     -1074.6|      1819.1|       180.4|       -1255|      2697.9|        70|     0.074|
|     -1074.6|      1819.2|      180.39|       -1255|      2697.9|        70|     0.074|
|     -1074.6|      1819.4|      180.39|       -1255|      2697.9|        69|     0.075|
|     -1074.6|      1820.1|      180.36|       -1255|      2698.1|        70|     0.074|
|     -1074.7|      1823.2|      180.27|       -1255|      2698.2|        70|     0.075|
|     -1075.2|      1835.4|      179.86|     -1255.1|      2698.3|        70|     0.077|
|     -1077.7|      1880.6|      178.06|     -1255.8|        2698|        70|     0.074|
|     -1092.1|      1785.8|      171.06|     -1263.2|      2697.8|        72|     0.074|
|       -1177|       21320|      244.77|     -1421.8|      5644.4|        80|     0.074|
|     -1098.1|      1335.6|      170.47|     -1268.6|      2698.1|        73|     0.073|
|     -1165.7|       17583|      216.24|     -1381.9|      5444.8|        79|     0.074|
|     -1173.3|       19596|      231.18|     -1404.5|      5561.8|        80|     0.074|
|       -1177|       21319|      244.77|     -1421.8|      5643.8|        80|     0.074|
|     -1072.8|        1762|      181.81|     -1254.6|      2697.9|        70|     0.074|
|     -1154.9|       15774|      204.86|     -1359.8|        5267|        78|     0.074|
|     -1170.7|       18773|      224.95|     -1395.7|      5520.8|        79|     0.074|
|     -1174.9|       20246|      236.27|     -1411.2|      5592.7|        80|     0.074|
|     -1176.5|       21034|       242.5|       -1419|      5630.9|        81|     0.074|
|     -1176.9|       21263|      244.31|     -1421.2|      5641.1|        81|     0.075|
|       -1177|       21309|      244.68|     -1421.7|      5643.5|        81|     0.074|
|       -1177|       21317|      244.75|     -1421.8|      5643.6|        80|     0.074|
|       -1177|       21319|      244.76|     -1421.8|      5644.4|        80|     0.074|
|       -1177|       21319|      244.77|     -1421.8|      5644.6|        80|     0.074|
|       -1177|       21319|      244.77|     -1421.8|        5644|        80|     0.073|
|       -1177|       21320|      244.77|     -1421.8|      5644.1|        80|     0.074|
|       -1177|       21320|      244.77|     -1421.8|      5644.1|        80|     0.074|
|       -1177|       21320|      244.77|     -1421.8|      5644.1|        80|     0.076|
|       -1177|       21320|      244.77|     -1421.8|      5644.2|        80|     0.074|
|       -1177|       21319|      244.77|     -1421.8|      5644.2|        80|     0.074|
Optimization result:
  message: CONVERGENCE: RELATIVE REDUCTION OF F <= FACTR*EPSMCH
  success: True
   status: 0
      fun: -1177.0043353472593
        x: [-4.190e+00  0.000e+00 ...  2.995e+00  4.619e-01]
      nit: 5
      jac: [ 5.575e-04  8.050e+02 ...  9.606e+01 -4.269e+01]
     nfev: 43
     njev: 43
 hess_inv: <22x22 LbfgsInvHessProduct with dtype=float64>
|        logP|       dlogP|     y^T.K.y|     log|K| |     Cond(K)|  GPU time|  CPU time|
|------------|------------|------------|------------|------------|----------|----------|
|     -23.727|      86.732|      372.98|     -396.71|      869.13|        38|     0.079|
|      -671.7|      361.77|      681.82|     -1353.5|        3419|        34|     0.074|
|     -31.329|      88.177|      370.02|     -401.34|      871.99|        33|     0.077|
|     -410.61|         189|      263.22|     -673.84|      1341.3|        33|     0.074|
|     -713.14|      286.54|      368.67|     -1081.8|      2351.2|        34|     0.075|
|     -716.19|      339.61|      534.31|     -1250.5|      2741.3|        34|     0.073|
|     -724.97|      310.25|      427.91|     -1152.9|      2492.9|        34|     0.074|
|     -1090.9|      1198.2|      171.66|     -1262.6|      2541.8|        65|     0.074|
|     -1090.9|      1198.1|      171.66|     -1262.6|        2542|        65|     0.074|
|     -1090.9|      1197.8|      171.66|     -1262.6|      2541.9|        65|     0.075|
|       -1091|      1196.7|      171.64|     -1262.7|      2541.9|        65|     0.075|
|     -1091.4|      1193.7|      171.58|       -1263|      2542.1|        66|     0.075|
|     -1094.3|      1256.8|      171.16|     -1265.4|      2543.3|        71|     0.074|
|     -1099.3|      1721.3|      170.78|     -1270.1|      2544.2|        71|     0.078|
|     -1099.3|      1721.3|      170.78|     -1270.1|      2543.9|        71|     0.077|
|     -1099.3|      1721.2|      170.78|     -1270.1|      2544.2|        71|     0.075|
|     -1099.3|      1720.9|      170.77|     -1270.1|      2543.9|        71|     0.074|
|     -1099.4|      1719.6|      170.75|     -1270.1|        2544|        71|     0.075|
|     -1099.5|      1714.5|      170.65|     -1270.2|        2544|        71|     0.075|
|     -1100.3|      1697.2|      170.24|     -1270.5|      2544.1|        71|     0.074|
|     -1100.9|      1685.5|      169.89|     -1270.8|      2543.8|        70|     0.073|
|     -1100.9|      1685.5|      169.89|     -1270.8|      2543.9|        70|     0.073|
|       -1101|      1685.6|      169.88|     -1270.8|      2544.1|        70|     0.074|
|       -1101|        1686|      169.87|     -1270.8|      2544.1|        70|     0.074|
|       -1101|      1687.5|      169.82|     -1270.9|        2544|        71|     0.074|
|     -1101.3|      1693.3|      169.59|     -1270.9|      2543.9|        71|     0.074|
|     -1102.6|      1716.3|      168.61|     -1271.2|      2543.9|        71|     0.074|
|     -1109.9|      1781.7|      163.73|     -1273.7|      2545.5|        72|     0.074|
|     -1160.4|       10875|      172.48|     -1332.8|      4641.2|        76|     0.074|
|     -1216.1|       18998|      239.55|     -1455.6|      5947.6|        80|     0.074|
|     -1185.1|       14994|      182.67|     -1367.8|      5309.2|        77|     0.074|
|     -1209.8|       17149|      210.79|     -1420.5|      5717.7|        79|     0.074|
|     -1214.3|       18306|      229.34|     -1443.7|      5852.9|        80|     0.074|
|     -1216.1|       18998|      239.54|     -1455.6|      5947.1|        80|     0.074|
|     -1099.6|      1616.8|      170.99|     -1270.6|      2544.1|        70|     0.075|
|     -1187.7|       15144|      184.15|     -1371.9|      5359.5|        77|     0.074|
|     -1210.1|       17161|      211.67|     -1421.7|      5722.9|        79|     0.074|
|     -1214.4|       18324|      229.85|     -1444.3|      5856.5|        80|     0.073|
|     -1215.7|       18838|      237.31|       -1453|      5924.6|        80|     0.074|
|       -1216|       18966|      239.08|     -1455.1|        5943|        80|     0.074|
|       -1216|       18992|      239.45|     -1455.5|      5945.8|        80|     0.074|
|     -1216.1|       18998|      239.53|     -1455.6|      5947.2|        80|     0.074|
|     -1216.1|       18998|      239.54|     -1455.6|      5947.9|        80|     0.074|
|     -1216.1|       18999|      239.54|     -1455.6|      5947.7|        80|     0.073|
|     -1216.1|       18998|      239.54|     -1455.6|      5947.5|        80|     0.074|
|     -1216.1|       18999|      239.55|     -1455.6|      5947.3|        80|     0.074|
|     -1216.1|       18999|      239.54|     -1455.6|      5947.8|        80|     0.074|
|     -1216.1|       18999|      239.55|     -1455.6|      5947.6|        80|     0.074|
|     -1216.1|       18999|      239.55|     -1455.6|      5947.9|        80|     0.074|
Optimization result:
  message: CONVERGENCE: RELATIVE REDUCTION OF F <= FACTR*EPSMCH
  success: True
   status: 0
      fun: -1216.0550755557078
        x: [-4.205e+00  0.000e+00 ...  3.401e+00  7.273e-01]
      nit: 6
      jac: [ 7.990e-04  5.787e+02 ...  2.432e+02 -6.092e+01]
     nfev: 49
     njev: 49
 hess_inv: <22x22 LbfgsInvHessProduct with dtype=float64>
Average scores:	 rmse: 0.28±0.04	 r2: 0.97±0.01
Filename: (MG-COUNT)_(MGK_Graph-Matern32_product)_hypOFF_feat_transformerOFF_target_transformerOFF

------------------------------------------------------------
Sender: LSF System <lsfadmin@gpu01>
Subject: Job 798515: <structure_numerical_20260420> in cluster <Hazel> Done

Job <structure_numerical_20260420> was submitted from host <gpu01> by user <sdehgha2> in cluster <Hazel> at Mon Apr 20 17:02:08 2026
Job was executed on host(s) <gpu01>, in queue <gpu>, as user <sdehgha2> in cluster <Hazel> at Mon Apr 20 17:02:08 2026
</home/sdehgha2> was used as the home directory.
</share/ddomlab/sdehgha2/working_space/GP_collab/code_python/training/hpc_submit_training_GP> was used as the working directory.
Started at Mon Apr 20 17:02:08 2026
Terminated at Tue Apr 21 08:33:21 2026
Results reported at Tue Apr 21 08:33:21 2026

Your job looked like:

------------------------------------------------------------
# LSBATCH: User input


#BSUB -n 1
#BSUB -W 20:40
#BSUB -q gpu
#BSUB -gpu "num=1:mode=shared:mps=no"
#BSUB -R "rusage[mem=32GB]"
#BSUB -J "structure_numerical_20260420"
#BSUB -o "/share/ddomlab/sdehgha2/working_space/GP_collab/results/HPC_history/hpc_20260420/Machine Learning-Enabled Prediction and High-Throughput Screening of Polymer Membranes for Pervaporation Separation/MGK_product_GPU.out"
#BSUB -e "/share/ddomlab/sdehgha2/working_space/GP_collab/results/HPC_history/hpc_20260420/Machine Learning-Enabled Prediction and High-Throughput Screening of Polymer Membranes for Pervaporation Separation/MGK_product_GPU.err"

source ~/.bashrc
module load cuda/12.1
module load gcc/9.3.0
conda activate /usr/local/usrapps/ddomlab/sdehgha2/env12

python ../train_structure_numerical.py  --Kernel_mixing_method product                                         --paper "Machine Learning-Enabled Prediction and High-Throughput Screening of Polymer Membranes for Pervaporation Separation"                                         --dataset "cleaned_dataset_pervaporation_membranes_wang"


------------------------------------------------------------

Successfully completed.

Resource usage summary:

    CPU time :                                   55700.60 sec.
    Max Memory :                                 2 GB
    Average Memory :                             1.00 GB
    Total Requested Memory :                     32.00 GB
    Delta Memory :                               30.00 GB
    Max Swap :                                   -
    Max Processes :                              14
    Max Threads :                                18
    Run time :                                   55861 sec.
    Turnaround time :                            55873 sec.

The output (if any) is above this job summary.



PS:

Read file </share/ddomlab/sdehgha2/working_space/GP_collab/results/HPC_history/hpc_20260420/Machine Learning-Enabled Prediction and High-Throughput Screening of Polymer Membranes for Pervaporation Separation/MGK_product_GPU.err> for stderr output of this job.

