6,13,42,69,420,1234567890,473129,log (Separation factor)
1.7137842075490406,1.679629838961269,1.6023895508310577,1.6883641842444104,1.6108716975950714,1.6908042895381525,1.674430567052006,2.782915040137594
1.6790417297633162,1.6151796088272965,1.7235806074383886,1.7068147330939003,1.7310425084923668,1.679895081761666,1.7313850916356615,2.410529135682256
1.7137842075490406,1.679629838961269,1.7158807655552668,1.6965904272371723,1.740161697408002,1.7506237784886827,1.6452709403419923,2.0883098426358813
1.6998923286799645,1.679629838961269,1.664127995804256,1.6965904272371723,1.6742783505560792,1.6908042895381525,1.6452709403419923,1.8664610930195247
1.6573830481183354,1.7064426438433948,1.7235806074383886,1.6883641842444104,1.740161697408002,1.7251442790174032,1.7313850916356615,1.6903698339638435
-1.0048853427793751,-0.9461591766195774,-0.9754383915851421,-0.9878024337955492,-0.9519220069775316,-0.9517262074634434,-0.9420465382802465,-1.5496738959385876
-0.9732832810925289,-0.9461591766195774,-0.9386590724881072,-0.9878024337955492,-0.9519220069775316,-0.9517262074634434,-0.9924377765486991,-1.542102971317716
-0.9590755784052705,-1.0173634397691342,-0.9868830311116864,-0.9425881472791569,-0.9519220069775316,-0.9762155783079223,-0.9420465382802465,-1.5395381732734006
-1.280199944819241,-1.2492547808583765,-1.2438276572004723,-1.265958989520697,-1.2980070711991953,-1.30399085271088,-1.2876470243404885,-0.32538942028106693
-1.2561729306241913,-1.2604501005451263,-1.2519023960224662,-1.2453033223428436,-1.2980070711991953,-1.30399085271088,-1.2716704410519415,-0.43012474165323444
-1.280199944819241,-1.2547540943407696,-1.2632831440002945,-1.2536112302791274,-1.2980070711991953,-1.30399085271088,-1.2876470243404885,-0.5144456088957532
-1.2550290196255172,-1.2313176081926405,-1.2519023960224662,-1.2536112302791274,-1.245430799444992,-1.2564754228159956,-1.2716704410519415,-0.5472380875206616
-1.280199944819241,-1.2492547808583765,-1.2557608889776564,-1.2629863944423385,-1.245430799444992,-1.30399085271088,-1.2876470243404885,-0.6556320199734675
-1.2550290196255172,-1.2604501005451263,-1.249189436972262,-1.2629863944423385,-1.2343395902298313,-1.2564754228159956,-1.2054618809319153,-0.6609608610483607
-1.2354308365930915,-1.2313176081926405,-1.249189436972262,-1.265958989520697,-1.2112364575615053,-1.2564754228159956,-1.2716704410519415,-0.7156299407687646
2.517471782611858,2.564376403719618,2.4922025409494695,2.568250642873977,2.46283547180439,2.479476120158719,2.564048452244827,3.1958074358152864
2.47200635230332,2.564376403719618,2.5750261121124507,2.613822774660073,2.5360498827831783,2.694542670606877,2.564048452244827,3.1958074358152864
2.517471782611858,2.7625025615057974,2.5750261121124507,2.6307398938478967,2.681368271685699,2.6034482224592628,2.54783485425377,1.8916346250702947
2.667431184931086,2.600889776025399,2.4922025409494695,2.568250642873977,2.5551883670596,2.479476120158719,2.6304831579240666,3.0189315434284336
2.47200635230332,2.5103527259505265,2.5750261121124507,2.4950140573282917,2.5551883670596,2.5971519974286696,2.54783485425377,3.1958074358152864
2.47200635230332,2.564376403719618,2.6580055967240788,2.6307398938478967,2.46283547180439,2.540981737714425,2.5901468152941067,3.0189315434284336
2.667431184931086,2.564376403719618,2.6580055967240788,2.613822774660073,2.46283547180439,2.694542670606877,2.5901468152941067,1.754670152523498
2.517471782611858,2.5103527259505265,2.4922025409494695,2.597541694022558,2.46283547180439,2.5971519974286696,2.54783485425377,3.1958074358152864
2.667431184931086,2.7625025615057974,2.4922025409494695,2.597541694022558,2.681368271685699,2.694542670606877,2.5901468152941067,2.661812685537261
2.667431184931086,2.7625025615057974,2.600665904504103,2.4950140573282917,2.46283547180439,2.6034482224592628,2.5901468152941067,2.949877704036875
2.7442994314152607,2.7625025615057974,2.5750261121124507,2.6307398938478967,2.5551883670596,2.5971519974286696,2.5901468152941067,1.906295126853184
2.57200450437092,2.5420512580031476,2.5750261121124507,2.6307398938478967,2.46283547180439,2.540981737714425,2.5901468152941067,2.967079734144497
2.7442994314152607,2.564376403719618,2.6580055967240788,2.6307398938478967,2.46283547180439,2.694542670606877,2.6304831579240666,2.298853076409707
2.7442994314152607,2.7625025615057974,2.4922025409494695,2.568250642873977,2.630065548555243,2.694542670606877,2.6304831579240666,1.8342288931015198
2.667431184931086,2.600889776025399,2.4922025409494695,2.597541694022558,2.681368271685699,2.5971519974286696,2.564048452244827,1.906295126853184
2.7442994314152607,2.564376403719618,2.600665904504103,2.613822774660073,2.46283547180439,2.5971519974286696,2.599809783757136,2.334740887922817
3.4077391062568783,3.3788208271757814,3.3561272792209307,3.3688367468265596,3.4426682958095327,3.4082734667362176,3.4849390060989474,3.129593598631454
3.318424061336822,3.3660862317962814,3.4238862533647803,3.271554059059057,3.349412780584415,3.4082734667362176,3.4069449888343692,2.9756166540720357
3.3711716658170885,3.3716015862356175,3.25737702097929,3.4227712644899997,3.4426682958095327,3.3627210004505264,3.4069449888343692,3.0110889721802105
3.3603318461129836,3.4179715153527175,3.4238862533647803,3.395676090310766,3.382706443860479,3.3876470323201207,3.4849390060989474,3.043881485530335
3.3481526183870036,3.4179715153527175,3.4238862533647803,3.4227712644899997,3.4426682958095327,3.4082734667362176,3.4069449888343692,3.0110889721802105
3.4077391062568783,3.3660862317962814,3.4123778627242136,3.4227712644899997,3.382706443860479,3.3285912605810455,3.4849390060989474,2.9369872517800037
3.318424061336822,3.3716015862356175,3.343338343566576,3.390230492014412,3.382706443860479,3.3285912605810455,3.3004077263588427,3.4648867983522846
3.3603318461129836,3.3660862317962814,3.4123778627242136,3.271554059059057,3.4426682958095327,3.3285912605810455,3.3004077263588427,3.252908802698647
3.4077391062568783,3.3716015862356175,3.3561272792209307,3.390230492014412,3.4426682958095327,3.4082734667362176,3.4849390060989474,3.1727505157617624
3.318424061336822,3.3660862317962814,3.4238862533647803,3.3688367468265596,3.349412780584415,3.3285912605810455,3.4069449888343692,3.721428571424871
3.3711716658170885,3.3660862317962814,3.3561272792209307,3.271554059059057,3.349412780584415,3.4082734667362176,3.3004077263588427,3.721428571424871
3.4077391062568783,3.3660862317962814,3.25737702097929,3.271554059059057,3.3134690294399287,3.3285912605810455,3.3004077263588427,3.721428571424871
3.318424061336822,3.3203554542215734,3.25737702097929,3.271554059059057,3.382706443860479,3.3627210004505264,3.324697756435955,3.721428571424871
1.9781916072786947,2.016476043004415,1.9846869924760897,1.9203990115991205,1.968777274279626,2.0315537557154992,2.012179504109061,0.692907962872534
1.9549819541044364,1.9485185708695254,2.037975806183523,1.9698847040924803,1.968777274279626,2.0315537557154992,1.95441027859074,0.7083283371027844
1.9384495556815597,1.8585154430001725,2.037975806183523,1.9698847040924803,1.9601136416043392,2.0315537557154992,1.9601684891488498,0.7515534544607227
1.9685083946950754,1.9591937169110203,1.9279674128235842,2.0063288018147767,1.9817877754593574,1.9415666345028262,2.012179504109061,0.9137089734924423
1.9384495556815597,1.8585154430001725,2.037975806183523,1.9698847040924803,1.9817877754593574,1.975707462397747,2.012179504109061,1.0433428227646813
1.9781916072786947,1.9591937169110203,1.9846869924760897,2.0063288018147767,1.9817877754593574,2.0315537557154992,1.9439130816039367,1.091196668422001
1.9781916072786947,1.9591937169110203,2.037975806183523,2.0063288018147767,1.9817877754593574,2.0315537557154992,1.95441027859074,0.47424512184005757
1.932013769887682,2.016476043004415,1.9846869924760897,2.0063288018147767,1.9787020157917334,1.9415666345028262,1.927221512923019,0.3031746641091766
1.9685083946950754,2.016476043004415,1.9279674128235842,1.9698847040924803,1.9787020157917334,1.9548405559241875,1.95441027859074,0.22098790803886847
1.9384495556815597,1.8585154430001725,1.9276998421179692,1.9513632485235477,1.9143642921070991,1.9415666345028262,1.9439130816039367,0.5650525358640097
1.9781916072786947,1.8585154430001725,1.9846869924760897,1.9513632485235477,1.9787020157917334,2.0315537557154992,2.012179504109061,1.8864907251724818
1.9781916072786947,1.9485185708695254,1.9846869924760897,1.9698847040924803,1.9601136416043392,1.9415666345028262,1.927221512923019,1.7708520116421442
1.932013769887682,1.9485185708695254,1.9846869924760897,1.9203990115991205,1.9143642921070991,1.9415666345028262,1.9439130816039367,1.662757831681574
1.9549819541044364,1.9591937169110203,2.037975806183523,1.9698847040924803,1.9143642921070991,1.9548405559241875,2.012179504109061,1.4771212547196624
1.9685083946950754,2.016476043004415,1.9279674128235842,1.9698847040924803,1.9787020157917334,1.8595846321721892,2.012179504109061,2.1550322287909704
1.932013769887682,1.9591937169110203,1.9276998421179692,2.0063288018147767,1.9787020157917334,1.9548405559241875,1.9601684891488498,2.06126394230025
1.9549819541044364,1.9485185708695254,1.9846869924760897,1.9698847040924803,1.9817877754593574,1.975707462397747,2.012179504109061,1.8915932043489652
1.9781916072786947,1.8585154430001725,1.9051718680031038,1.9203990115991205,1.968777274279626,2.0315537557154992,1.927221512923019,2.171053287559376
1.9549819541044364,1.8585154430001725,1.9279674128235842,2.0063288018147767,1.9601136416043392,2.0315537557154992,1.927221512923019,2.016029963076024
1.9549819541044364,1.9485185708695254,1.9846869924760897,2.0063288018147767,1.9787020157917334,1.9548405559241875,1.95441027859074,2.138113146487167
1.9685083946950754,1.9485185708695254,1.9279674128235842,1.9698847040924803,1.968777274279626,1.9415666345028262,1.95441027859074,1.7580788222496126
1.9781916072786947,2.016476043004415,1.9846869924760897,1.9513632485235477,1.968777274279626,1.9415666345028262,1.9439130816039367,1.9790473269479647
1.9384495556815597,1.8585154430001725,1.9051718680031038,2.0063288018147767,1.9601136416043392,1.9548405559241875,1.9601684891488498,1.9916690073799486
1.9685083946950754,1.9552567269257521,2.037975806183523,1.9698847040924803,1.968777274279626,1.9415666345028262,1.95441027859074,1.8935953338198832
1.9549819541044364,1.9552567269257521,1.9051718680031038,1.9286450956603944,1.9601136416043392,1.9548405559241875,1.927221512923019,1.9066582176715998
1.9781916072786947,1.9552567269257521,1.9846869924760897,1.9286450956603944,1.9817877754593574,1.9548405559241875,1.95441027859074,1.95535095736766
1.9549819541044364,1.9485185708695254,1.9846869924760897,1.9698847040924803,1.968777274279626,2.0315537557154992,1.95441027859074,2.0230877669954452
1.9384495556815597,2.016476043004415,1.9279674128235842,1.9698847040924803,1.9143642921070991,1.8595846321721892,1.95441027859074,1.9648722086377752
1.9781916072786947,1.9485185708695254,1.9846869924760897,1.9286450956603944,1.9787020157917334,1.975707462397747,1.927221512923019,2.0808428588345618
1.9384495556815597,1.8585154430001725,1.9051718680031038,1.9203990115991205,1.9787020157917334,1.9548405559241875,1.9601684891488498,2.002511631284908
1.9781916072786947,1.9591937169110203,1.9276998421179692,1.9286450956603944,1.9601136416043392,1.9415666345028262,1.927221512923019,1.9916247345340055
1.9549819541044364,1.9591937169110203,1.9051718680031038,1.9513632485235477,1.968777274279626,1.8595846321721892,1.927221512923019,1.9839418589838882
1.9549819541044364,2.016476043004415,1.9846869924760897,1.9698847040924803,1.9787020157917334,1.975707462397747,1.9439130816039367,1.914977472444331
1.9549819541044364,2.016476043004415,1.9846869924760897,1.9203990115991205,1.9817877754593574,1.8595846321721892,1.95441027859074,1.9404666776635289
1.9685083946950754,1.8585154430001725,1.9846869924760897,1.9286450956603944,1.9143642921070991,1.8595846321721892,2.012179504109061,1.8754664158663856
1.932013769887682,1.8585154430001725,1.9051718680031038,1.9513632485235477,1.9143642921070991,1.975707462397747,2.012179504109061,1.9549175537349588
1.9384495556815597,1.8585154430001725,1.9279674128235842,1.9203990115991205,1.968777274279626,1.9548405559241875,1.9601684891488498,1.9789561652175915
1.9781916072786947,1.9591937169110203,1.9846869924760897,2.0063288018147767,1.9817877754593574,1.9548405559241875,1.9601684891488498,2.048325250931222
1.9549819541044364,1.8585154430001725,1.9846869924760897,1.9513632485235477,1.9817877754593574,1.8595846321721892,1.95441027859074,1.994844849553398
1.9384495556815597,1.8585154430001725,1.9051718680031038,2.0063288018147767,1.9143642921070991,2.0315537557154992,1.9601684891488498,1.926188049107206
1.9781916072786947,1.9485185708695254,1.9051718680031038,1.9698847040924803,1.968777274279626,1.975707462397747,1.927221512923019,1.8996563803056357
1.9781916072786947,2.016476043004415,1.9279674128235842,1.9698847040924803,1.9817877754593574,1.9415666345028262,1.9601684891488498,2.0250189722827594
1.9781916072786947,1.9485185708695254,1.9846869924760897,1.9286450956603944,1.9143642921070991,1.975707462397747,2.012179504109061,1.9643067823039364
1.9384495556815597,1.9485185708695254,1.9279674128235842,1.9698847040924803,1.9143642921070991,1.8595846321721892,2.012179504109061,1.8516252031533091
1.932013769887682,1.9485185708695254,1.9051718680031038,1.9513632485235477,1.9787020157917334,1.9548405559241875,1.9439130816039367,2.024854948305018
1.9685083946950754,1.9591937169110203,1.9051718680031038,1.9203990115991205,1.9817877754593574,1.975707462397747,2.012179504109061,2.0141003215196207
1.9384495556815597,1.8585154430001725,1.9846869924760897,1.9513632485235477,1.968777274279626,1.8595846321721892,1.927221512923019,1.9457639231111736
1.932013769887682,1.9591937169110203,1.9279674128235842,1.9286450956603944,1.968777274279626,1.975707462397747,1.927221512923019,1.839540892968969
1.9781916072786947,1.8585154430001725,1.9051718680031038,2.0063288018147767,1.9787020157917334,1.9548405559241875,1.95441027859074,1.9484618700612835
1.932013769887682,1.9552567269257521,1.9051718680031038,1.9513632485235477,1.9601136416043392,1.9548405559241875,1.9601684891488498,1.9435439771534544
1.9685083946950754,2.016476043004415,2.037975806183523,1.9513632485235477,1.9601136416043392,1.975707462397747,1.9601684891488498,1.6865468990630061
1.932013769887682,1.9485185708695254,1.9279674128235842,1.9286450956603944,1.968777274279626,1.8595846321721892,1.9601684891488498,1.6138418218760693
1.9685083946950754,1.9485185708695254,1.9276998421179692,1.9698847040924803,1.968777274279626,1.9548405559241875,1.95441027859074,1.721315880605899
1.9685083946950754,1.9552567269257521,1.9276998421179692,1.9513632485235477,1.9601136416043392,2.0315537557154992,2.012179504109061,1.7841178164629232
1.9384495556815597,2.016476043004415,1.9279674128235842,1.9698847040924803,1.9787020157917334,1.9415666345028262,1.9439130816039367,2.0969100130080562
1.9685083946950754,2.016476043004415,1.9279674128235842,1.9286450956603944,1.9601136416043392,2.0315537557154992,1.9601684891488498,2.2133020250809263
1.9781916072786947,1.8585154430001725,2.037975806183523,1.9203990115991205,1.968777274279626,1.8595846321721892,1.9439130816039367,1.7403626894942439
1.9549819541044364,2.016476043004415,1.9846869924760897,1.9286450956603944,1.9817877754593574,1.975707462397747,2.012179504109061,1.5563025007672873
1.9685083946950754,1.9591937169110203,1.9279674128235842,1.9286450956603944,1.9143642921070991,2.0315537557154992,1.9439130816039367,1.3617278360175928
1.7137842075490406,1.7064426438433948,1.739145546721486,1.6741636949281238,1.6742783505560792,1.5921588002084186,1.7289901526046965,3.494845360876192
1.6790417297633162,1.6151796088272965,1.6023895508310577,1.7068147330939003,1.740161697408002,1.679895081761666,1.6902629586262337,2.648351648047793
1.9473656763405973,1.9734068688474604,2.009339144976824,2.052883450959817,2.059192846719948,2.046921018774172,2.0330690366985826,3.7472527472702843
2.0158098371762314,2.0366462247798633,2.009339144976824,2.0182142244380947,1.9885721858583376,1.9812104523830687,2.044135718215566,3.5567010309527096
1.7137842075490406,1.6993854194240887,1.664127995804256,1.7068147330939003,1.6742783505560792,1.679895081761666,1.7313850916356615,2.2527472516219995
1.6790417297633162,1.679629838961269,1.7158807655552668,1.6741636949281238,1.7310425084923668,1.679895081761666,1.7313850916356615,3.185567010348935
1.9473656763405973,2.030967330515607,2.0131875481238377,2.052883450959817,2.014392524283035,2.017493076260406,2.044135718215566,3.373626373692846
2.04164812775191,2.030967330515607,2.0131875481238377,2.0182142244380947,1.9885721858583376,2.02747249978093,2.0433946703124115,3.1758241758842307
1.7100237645573086,1.679629838961269,1.739145546721486,1.6965904272371723,1.740161697408002,1.7506237784886827,1.6902629586262337,1.8791208808326323
1.7100237645573086,1.679629838961269,1.739145546721486,1.6965904272371723,1.712006872153263,1.5921588002084186,1.6902629586262337,2.5876288655023565
1.9473656763405973,1.9734068688474604,1.999927262256694,2.0182142244380947,1.9885721858583376,2.02747249978093,2.02581413544772,3.109890109743888
1.7100237645573086,1.6993854194240887,1.6023895508310577,1.7271575022327608,1.712006872153263,1.679895081761666,1.7289901526046965,1.6153846171849842
1.7137842075490406,1.679629838961269,1.739145546721486,1.6741636949281238,1.740161697408002,1.7506237784886827,1.674430567052006,2.0721649499840895
1.9473656763405973,2.0627409835418646,2.021428672859327,1.9670118034339004,2.0276974262897896,1.9812104523830687,1.9923247055312765,3.1443298969803704
2.0158098371762314,2.0627409835418646,2.021428672859327,2.052883450959817,1.9885721858583376,2.017493076260406,2.0433946703124115,3.0
2.069515143866559,1.9734068688474604,2.0131875481238377,1.9934177034212945,2.0306464345723496,2.046921018774172,1.9923247055312765,2.5857539203001383
2.026189315835818,1.9734068688474604,2.1079230951457557,2.0182142244380947,2.0276974262897896,2.017493076260406,2.02581413544772,2.2329961103921536
2.026189315835818,2.050867129210448,2.0131875481238377,2.052883450959817,2.0276974262897896,1.9812104523830687,2.02581413544772,2.091139153825755
2.069515143866559,2.030967330515607,2.009339144976824,2.0182142244380947,2.059192846719948,1.9812104523830687,2.044135718215566,2.014142361545006
2.0158098371762314,2.050867129210448,2.1079230951457557,1.9934177034212945,2.0276974262897896,2.0699497099259,2.044135718215566,1.797059694699971
2.026189315835818,2.0627409835418646,2.1079230951457557,2.127896954105768,1.9885721858583376,2.02747249978093,2.0433946703124115,1.4313637641589874
2.026189315835818,2.030967330515607,1.999927262256694,1.9670118034339004,1.9885721858583376,2.02747249978093,2.02581413544772,1.9433460983565907
2.026189315835818,1.9734068688474604,2.1079230951457557,2.127896954105768,2.014392524283035,2.02747249978093,2.044135718215566,1.1958996524092338
2.04164812775191,2.030967330515607,1.999927262256694,1.9934177034212945,2.0306464345723496,1.9812104523830687,1.9923247055312765,1.3384564936046048
2.026189315835818,2.0366462247798633,2.1079230951457557,2.0182142244380947,1.9885721858583376,2.0699497099259,1.9923247055312765,0.8000293592441343
2.069515143866559,2.0627409835418646,2.009339144976824,2.0182142244380947,2.059192846719948,2.017493076260406,2.0330690366985826,0.43136376415898736
2.026189315835818,2.0627409835418646,2.1079230951457557,2.052883450959817,2.059192846719948,2.0699497099259,2.044135718215566,0.5976951859255123
2.026189315835818,2.050867129210448,2.009339144976824,2.127896954105768,2.059192846719948,2.017493076260406,2.02581413544772,1.3489140642805864
2.069515143866559,2.030967330515607,2.0131875481238377,2.127896954105768,2.059192846719948,1.9812104523830687,1.9923247055312765,1.4458273795107597
2.069515143866559,2.050867129210448,2.0131875481238377,2.0182142244380947,2.059192846719948,2.046921018774172,2.044135718215566,1.0235287559107962
2.04164812775191,2.0366462247798633,2.0131875481238377,2.127896954105768,1.9885721858583376,2.0699497099259,2.0433946703124115,0.8182450338304359
2.0158098371762314,1.9734068688474604,2.009339144976824,2.127896954105768,2.0276974262897896,2.017493076260406,2.0433946703124115,1.411493961191841
2.069515143866559,2.0366462247798633,2.0131875481238377,1.9670118034339004,1.9885721858583376,2.017493076260406,2.044135718215566,1.3789952173028488
1.9473656763405973,2.0366462247798633,2.0131875481238377,2.127896954105768,2.014392524283035,2.017493076260406,1.9923247055312765,3.384430915612883
2.069515143866559,2.050867129210448,2.021428672859327,1.9934177034212945,2.0276974262897896,2.0699497099259,2.0433946703124115,2.5533746738435656
2.0158098371762314,2.050867129210448,2.009339144976824,2.052883450959817,2.014392524283035,2.017493076260406,2.0433946703124115,1.3358747436403984
2.04164812775191,2.050867129210448,2.1079230951457557,1.9670118034339004,2.0306464345723496,2.017493076260406,1.9923247055312765,2.7283360648802804
2.069515143866559,2.0366462247798633,2.021428672859327,2.127896954105768,1.9885721858583376,2.046921018774172,2.0433946703124115,2.4559758310734465
2.069515143866559,2.0627409835418646,1.999927262256694,2.052883450959817,2.059192846719948,2.02747249978093,1.9923247055312765,2.348835676780415
1.9473656763405973,1.9734068688474604,1.999927262256694,2.0182142244380947,2.0276974262897896,2.017493076260406,2.02581413544772,2.2933186743860787
2.069515143866559,2.0627409835418646,2.1079230951457557,1.9670118034339004,1.9885721858583376,2.0699497099259,2.02581413544772,2.2035943611024584
2.026189315835818,2.0366462247798633,1.999927262256694,1.9670118034339004,1.9885721858583376,2.02747249978093,2.0433946703124115,2.814913181275074
1.9473656763405973,2.030967330515607,2.0131875481238377,2.0182142244380947,2.0306464345723496,2.046921018774172,2.0330690366985826,2.531478917042255
2.069515143866559,2.0627409835418646,2.1079230951457557,2.127896954105768,2.0306464345723496,2.02747249978093,2.0433946703124115,2.385606273598312
2.026189315835818,1.9734068688474604,2.1079230951457557,2.127896954105768,2.0276974262897896,1.9812104523830687,2.0433946703124115,2.2764618041732443
1.9473656763405973,2.0627409835418646,2.0131875481238377,2.127896954105768,2.059192846719948,2.0699497099259,2.0330690366985826,2.2405492482825995
2.026189315835818,2.050867129210448,1.999927262256694,1.9934177034212945,2.0276974262897896,2.017493076260406,2.044135718215566,2.146128035678238
2.04164812775191,2.0366462247798633,2.1079230951457557,2.127896954105768,1.9885721858583376,2.0699497099259,2.044135718215566,2.037426497940624
2.026189315835818,1.9734068688474604,2.1079230951457557,2.127896954105768,2.014392524283035,2.0699497099259,2.0433946703124115,1.9294189257142929
2.04164812775191,2.030967330515607,2.1079230951457557,2.052883450959817,2.014392524283035,2.046921018774172,2.0330690366985826,1.5797835966168101
2.0158098371762314,2.050867129210448,2.021428672859327,2.0182142244380947,1.9885721858583376,2.017493076260406,2.044135718215566,1.3979400086720377
2.069515143866559,2.030967330515607,1.999927262256694,2.052883450959817,2.014392524283035,2.02747249978093,2.0433946703124115,1.5440680443502757
1.9473656763405973,1.9734068688474604,2.0131875481238377,2.052883450959817,1.9885721858583376,2.046921018774172,2.02581413544772,1.0791812460476249
2.069515143866559,2.0366462247798633,2.009339144976824,2.0182142244380947,2.0276974262897896,2.0699497099259,2.044135718215566,0.7781512503836436
2.026189315835818,2.0366462247798633,1.999927262256694,1.9670118034339004,2.0276974262897896,2.0699497099259,1.9923247055312765,2.814913181275074
2.069515143866559,2.030967330515607,2.0131875481238377,2.0182142244380947,2.014392524283035,2.017493076260406,2.0433946703124115,2.3483048630481607
2.04164812775191,1.9734068688474604,2.009339144976824,2.127896954105768,1.9885721858583376,2.02747249978093,1.9923247055312765,2.103803720955957
2.069515143866559,2.050867129210448,2.009339144976824,1.9670118034339004,1.9885721858583376,2.017493076260406,2.044135718215566,2.814913181275074
2.026189315835818,2.0366462247798633,2.009339144976824,2.0182142244380947,2.0276974262897896,2.046921018774172,2.0433946703124115,2.3483048630481607
2.0158098371762314,1.9734068688474604,1.999927262256694,1.9670118034339004,2.0276974262897896,2.046921018774172,1.9923247055312765,2.103803720955957
1.9473656763405973,2.030967330515607,2.021428672859327,2.127896954105768,2.0306464345723496,2.02747249978093,2.0433946703124115,1.5797835966168101
2.069515143866559,2.050867129210448,2.0131875481238377,2.127896954105768,2.0276974262897896,2.0699497099259,2.02581413544772,1.3979400086720377
2.0158098371762314,1.9734068688474604,2.021428672859327,1.9670118034339004,1.9885721858583376,2.0699497099259,2.02581413544772,2.814913181275074
2.069515143866559,2.050867129210448,2.009339144976824,1.9934177034212945,1.9885721858583376,1.9812104523830687,2.044135718215566,2.3483048630481607
2.04164812775191,2.030967330515607,2.021428672859327,2.0182142244380947,2.059192846719948,2.02747249978093,2.02581413544772,2.550228353055094
2.04164812775191,2.0366462247798633,1.999927262256694,1.9670118034339004,2.059192846719948,1.9812104523830687,2.044135718215566,2.103803720955957
2.0158098371762314,2.030967330515607,1.999927262256694,2.0182142244380947,2.014392524283035,2.02747249978093,2.02581413544772,2.45484486000851
2.04164812775191,1.9734068688474604,2.009339144976824,2.052883450959817,1.9885721858583376,2.02747249978093,2.0330690366985826,1.7481880270062005
1.9473656763405973,2.0627409835418646,2.1079230951457557,2.052883450959817,1.9885721858583376,2.046921018774172,2.0330690366985826,2.0718820073061255
2.026189315835818,2.0627409835418646,1.999927262256694,2.127896954105768,2.0306464345723496,2.046921018774172,2.044135718215566,1.5797835966168101
1.9473656763405973,2.050867129210448,1.999927262256694,2.127896954105768,2.059192846719948,1.9812104523830687,2.02581413544772,1.968482948553935
2.04164812775191,2.050867129210448,2.0131875481238377,2.0182142244380947,2.0306464345723496,2.02747249978093,1.9923247055312765,1.3979400086720377
1.9473656763405973,2.0627409835418646,1.999927262256694,1.9934177034212945,2.0306464345723496,1.9812104523830687,2.02581413544772,1.5314789170422551
2.04164812775191,2.050867129210448,2.0131875481238377,2.127896954105768,2.0276974262897896,2.017493076260406,2.02581413544772,1.380211241711606
1.9473656763405973,2.030967330515607,2.021428672859327,2.0182142244380947,2.0276974262897896,2.046921018774172,2.0433946703124115,1.2304489213782739
2.069515143866559,2.050867129210448,2.021428672859327,2.0182142244380947,1.9885721858583376,2.017493076260406,2.0433946703124115,2.8312296938670634
2.0158098371762314,1.9734068688474604,1.999927262256694,2.052883450959817,2.059192846719948,2.046921018774172,2.02581413544772,1.1139433523068367
2.04164812775191,2.030967330515607,1.999927262256694,2.127896954105768,2.059192846719948,2.017493076260406,2.0330690366985826,0.9030899869919435
2.04164812775191,2.0627409835418646,2.0131875481238377,2.052883450959817,2.0276974262897896,2.017493076260406,2.044135718215566,2.444044795918076
2.0158098371762314,2.030967330515607,2.0131875481238377,1.9670118034339004,2.014392524283035,2.017493076260406,2.0433946703124115,2.515873843711679
1.9473656763405973,1.9734068688474604,2.1079230951457557,1.9934177034212945,2.0276974262897896,2.02747249978093,2.02581413544772,2.1702617153949575
1.6790417297633162,1.7064426438433948,1.6023895508310577,1.6741636949281238,1.7310425084923668,1.6908042895381525,1.7313850916356615,2.625312450961674
1.7100237645573086,1.7064426438433948,1.664127995804256,1.7271575022327608,1.6742783505560792,1.679895081761666,1.6902629586262337,2.2329961103921536
1.6790417297633162,1.679629838961269,1.739145546721486,1.7068147330939003,1.6108716975950714,1.679895081761666,1.6452709403419923,1.8203046135268586
1.6790417297633162,1.6993854194240887,1.7235806074383886,1.7068147330939003,1.740161697408002,1.7506237784886827,1.7313850916356615,1.6161846334984153
1.7137842075490406,1.6993854194240887,1.6023895508310577,1.6883641842444104,1.6742783505560792,1.7251442790174032,1.6902629586262337,2.0203612826477078
1.6573830481183354,1.679629838961269,1.7235806074383886,1.7271575022327608,1.7310425084923668,1.7506237784886827,1.7313850916356615,1.3943358768754412
1.7100237645573086,1.6151796088272965,1.664127995804256,1.6741636949281238,1.6742783505560792,1.679895081761666,1.6452709403419923,1.3943358768754412
1.6790417297633162,1.7331897966644987,1.7235806074383886,1.7271575022327608,1.6108716975950714,1.5921588002084186,1.6452709403419923,1.8627275283179747
1.6573830481183354,1.679629838961269,1.6023895508310577,1.7068147330939003,1.6742783505560792,1.5921588002084186,1.7289901526046965,3.1672727939401932
1.6998923286799645,1.6993854194240887,1.664127995804256,1.6741636949281238,1.712006872153263,1.679895081761666,1.674430567052006,2.732555387821718
1.6998923286799645,1.7064426438433948,1.664127995804256,1.7068147330939003,1.7310425084923668,1.6908042895381525,1.674430567052006,2.245214967977794
1.7100237645573086,1.6993854194240887,1.664127995804256,1.7068147330939003,1.6108716975950714,1.7506237784886827,1.6452709403419923,1.7011469211582442
1.7137842075490406,1.679629838961269,1.6023895508310577,1.6741636949281238,1.6742783505560792,1.5921588002084186,1.6902629586262337,1.7011469211582442
1.6998923286799645,1.7331897966644987,1.739145546721486,1.7271575022327608,1.6742783505560792,1.7251442790174032,1.7313850916356615,2.7904043667870764
1.6790417297633162,1.6993854194240887,1.739145546721486,1.6741636949281238,1.6108716975950714,1.6908042895381525,1.6452709403419923,2.423245873936808
1.7137842075490406,1.7331897966644987,1.7158807655552668,1.6965904272371723,1.7310425084923668,1.6908042895381525,1.6452709403419923,1.988772021023035
1.6573830481183354,1.6993854194240887,1.7235806074383886,1.7068147330939003,1.6742783505560792,1.6908042895381525,1.674430567052006,2.0211892990699383
1.7100237645573086,1.6993854194240887,1.7235806074383886,1.6965904272371723,1.7310425084923668,1.5921588002084186,1.674430567052006,1.863322860120456
1.6573830481183354,1.6151796088272965,1.739145546721486,1.6741636949281238,1.7310425084923668,1.5921588002084186,1.6902629586262337,1.7634279935629373
1.7137842075490406,1.7064426438433948,1.6023895508310577,1.6741636949281238,1.6742783505560792,1.679895081761666,1.7289901526046965,1.5116507707600613
1.6998923286799645,1.679629838961269,1.7158807655552668,1.7271575022327608,1.7310425084923668,1.7251442790174032,1.7313850916356615,1.5116507707600613
1.9473656763405973,2.030967330515607,2.009339144976824,1.9670118034339004,1.9885721858583376,2.046921018774172,2.0330690366985826,2.7503469106520897
2.026189315835818,1.9734068688474604,2.009339144976824,1.9670118034339004,2.0276974262897896,1.9812104523830687,2.044135718215566,3.295541529929717
1.932013769887682,1.8585154430001725,1.9276998421179692,1.9286450956603944,1.9143642921070991,1.9415666345028262,2.012179504109061,2.3717120565379637
2.0158098371762314,2.0366462247798633,2.021428672859327,1.9934177034212945,2.059192846719948,1.9812104523830687,2.0330690366985826,2.9342635071094874
1.9685083946950754,1.9591937169110203,1.9846869924760897,2.0063288018147767,1.968777274279626,1.9415666345028262,1.9439130816039367,2.70895422526236
1.9781916072786947,1.9552567269257521,1.9846869924760897,1.9698847040924803,1.9817877754593574,1.9548405559241875,1.9439130816039367,2.758172248053806
-1.6245126548921602,-1.6164194023316967,-1.6643889747129645,-1.59910815137941,-1.5867423392985598,-1.6044196297506752,-1.600391383862999,-1.8560488835760365
-1.6257291769779976,-1.6258190671189814,-1.6643889747129645,-1.6273418864244278,-1.5867423392985598,-1.62192049439615,-1.6294239520995064,-1.866716634139011
-1.6552356561869468,-1.6344299018081192,-1.6643889747129645,-1.6730808194663853,-1.6198594190311284,-1.6113047324190188,-1.630793320578634,-1.8991816042684635
-1.6177397643570421,-1.6112796297262646,-1.594032533511269,-1.6041469081019943,-1.6198594190311284,-1.6582112702557104,-1.6294239520995064,-1.9145667025830104
-1.5830861173201722,-1.6112796297262646,-1.6643889747129645,-1.6273418864244278,-1.634374594866247,-1.6587412504321748,-1.600391383862999,-1.905039997563334
-1.6552356561869468,-1.6112796297262646,-1.594032533511269,-1.6296192511730858,-1.634374594866247,-1.6044196297506752,-1.600391383862999,-1.9126800877935992
-1.6245126548921602,-1.6344299018081192,-1.594032533511269,-1.6730808194663853,-1.6364185232701913,-1.6113047324190188,-1.6113825298183553,-1.9126800877935992
-1.5830861173201722,-1.6164194023316967,-1.5939820881035915,-1.59910815137941,-1.6364185232701913,-1.62192049439615,-1.600391383862999,-1.9183287127090762
-1.6177397643570421,-1.6342639588392969,-1.6441901704581148,-1.59910815137941,-1.634374594866247,-1.6587412504321748,-1.6113825298183553,-1.9257688619796745
-1.6177397643570421,-1.6258190671189814,-1.5939820881035915,-1.59910815137941,-1.5867423392985598,-1.6044196297506752,-1.6113825298183553,-1.9330408021328778
-1.5830861173201722,-1.6164194023316967,-1.5939820881035915,-1.6041469081019943,-1.6364185232701913,-1.6044196297506752,-1.6477791324089186,-1.9525304253801434
-1.6257291769779976,-1.6342639588392969,-1.6444852626716022,-1.6296192511730858,-1.5867423392985598,-1.6113047324190188,-1.6294239520995064,-1.7159981321322852
-1.6257291769779976,-1.6342639588392969,-1.5939820881035915,-1.6041469081019943,-1.6364185232701913,-1.6044196297506752,-1.6113825298183553,-1.7403583465711394
-1.5830861173201722,-1.6164194023316967,-1.6441901704581148,-1.6296192511730858,-1.6364185232701913,-1.6113047324190188,-1.6294239520995064,-1.8920780998137208
-1.6177397643570421,-1.6258190671189814,-1.6444852626716022,-1.6273418864244278,-1.5867423392985598,-1.6113047324190188,-1.6477791324089186,-1.7075667017559786
-1.6257291769779976,-1.6342639588392969,-1.6441901704581148,-1.59910815137941,-1.5867423392985598,-1.62192049439615,-1.6477791324089186,-1.7853415611200816
-1.6552356561869468,-1.6112796297262646,-1.5939820881035915,-1.6273418864244278,-1.634374594866247,-1.62192049439615,-1.6113825298183553,-1.6720896064189503
-1.6257291769779976,-1.6258190671189814,-1.6444852626716022,-1.6296192511730858,-1.5867423392985598,-1.6582112702557104,-1.6477791324089186,-1.7923925580880862
-1.6245126548921602,-1.6344299018081192,-1.6444852626716022,-1.59910815137941,-1.5867423392985598,-1.6113047324190188,-1.6477791324089186,-1.8450893542114766
-1.5830861173201722,-1.6164194023316967,-1.594032533511269,-1.6041469081019943,-1.6364185232701913,-1.6587412504321748,-1.600391383862999,-1.8450893542114766
-1.6245126548921602,-1.6258190671189814,-1.6643889747129645,-1.6296192511730858,-1.5867423392985598,-1.6113047324190188,-1.6294239520995064,-1.6127881996862694
3.3614931724513433,3.389113268378421,3.0135152691640354,3.044460133684991,3.4590424156114965,3.4044919277419226,3.3727765086514636,3.4514794051248616
3.0080711599374057,2.841540436944287,3.0135152691640354,3.044460133684991,3.4495486083178646,3.465604654292456,3.506105610049355,3.3334472744967503
3.0080711599374057,2.841540436944287,3.3228790434537263,3.160781694604846,3.3171604785677866,3.2714851612184415,3.227053819733012,3.752893154884594
3.3481526183870036,3.3716015862356175,3.25737702097929,3.4227712644899997,3.4426682958095327,3.4082734667362176,3.345101451428363,3.752893154884594
3.3603318461129836,3.3203554542215734,3.25737702097929,3.271554059059057,3.3134690294399287,3.3464245832878996,3.4069449888343692,3.752893154884594
3.318424061336822,3.3716015862356175,3.343338343566576,3.4227712644899997,3.3717555255835405,3.4082734667362176,3.324697756435955,3.450557009418329
3.2989851900430294,3.0752934892501185,3.1081347857954635,3.0963790951368817,3.2500374855880407,3.1713912405977966,2.9851957294628213,3.1360860973840974
2.9337080957958293,2.854612957897219,2.8309971864988484,2.829817825725705,2.848207061839485,2.9476794772084443,2.9239190244406346,3.752893154884594
3.2989851900430294,3.2647361185559047,3.3216490379567256,2.829817825725705,3.284564896686784,3.4025107612050665,3.294920904350048,2.7032913781186614
-1.2550290196255172,-1.2492547808583765,-1.249189436972262,-1.2453033223428436,-1.2343395902298313,-1.2564754228159956,-1.221618547769914,-1.5812513837504258
-1.280199944819241,-1.2492547808583765,-1.249189436972262,-1.2239262576549406,-1.245430799444992,-1.206662985785134,-1.2054618809319153,-1.5453075507605232
-1.280199944819241,-1.2313176081926405,-1.249189436972262,-1.265958989520697,-1.2343395902298313,-1.2564754228159956,-1.2054618809319153,-1.533013817133032
-1.2354308365930915,-1.2313176081926405,-1.2519023960224662,-1.2536112302791274,-1.2112364575615053,-1.2564754228159956,-1.2054618809319153,-1.5296042111849706
-1.2550290196255172,-1.2295469876595955,-1.2557608889776564,-1.2629863944423385,-1.245430799444992,-1.2564754228159956,-1.2716704410519415,-1.5296042111849706
-1.2173126219333985,-1.2492547808583765,-1.2438276572004723,-1.2239262576549406,-1.2980070711991953,-1.206662985785134,-1.221618547769914,-1.5238497543207328
-1.280199944819241,-1.2547540943407696,-1.2519023960224662,-1.2536112302791274,-1.2508434593520903,-1.2362767701815933,-1.221618547769914,-1.5133003844857955
-1.2550290196255172,-1.2492547808583765,-1.2632831440002945,-1.2629863944423385,-1.2112364575615053,-1.2564754228159956,-1.221618547769914,-1.5024760242964594
-1.2550290196255172,-1.2492547808583765,-1.2519023960224662,-1.2239262576549406,-1.2112364575615053,-1.30399085271088,-1.2876470243404885,-1.5000381344038098
-1.2173126219333985,-1.2313176081926405,-1.2519023960224662,-1.2453033223428436,-1.245430799444992,-1.206662985785134,-1.2494073475870682,-1.4951215405897842
-1.2561729306241913,-1.2547540943407696,-1.249189436972262,-1.2536112302791274,-1.2112364575615053,-1.206662985785134,-1.2054618809319153,-1.4913894895705875
-1.2354308365930915,-1.2492547808583765,-1.249189436972262,-1.265958989520697,-1.2112364575615053,-1.30399085271088,-1.2054618809319153,-1.470954829234231
-1.2354308365930915,-1.2313176081926405,-1.2438276572004723,-1.265958989520697,-1.2112364575615053,-1.2362767701815933,-1.2716704410519415,-1.452237597746271
-1.2173126219333985,-1.2604501005451263,-1.2438276572004723,-1.2453033223428436,-1.245430799444992,-1.2365658276756002,-1.221618547769914,-1.4467482507373315
-1.2354308365930915,-1.2313176081926405,-1.2557608889776564,-1.2239262576549406,-1.245430799444992,-1.206662985785134,-1.2716704410519415,-1.4269310360683782
-1.2173126219333985,-1.2313176081926405,-1.2632831440002945,-1.2453033223428436,-1.2112364575615053,-1.2362767701815933,-1.2716704410519415,-1.4061824691376896
-1.280199944819241,-1.2295469876595955,-1.2519023960224662,-1.265958989520697,-1.2112364575615053,-1.2365658276756002,-1.2876470243404885,-1.4000623717448568
-1.2173126219333985,-1.2492547808583765,-1.2438276572004723,-1.2453033223428436,-1.2112364575615053,-1.30399085271088,-1.2054618809319153,-1.396974776872414
-1.2354308365930915,-1.2604501005451263,-1.2519023960224662,-1.2453033223428436,-1.2508434593520903,-1.2365658276756002,-1.2876470243404885,-1.3938551963006236
-1.280199944819241,-1.2547540943407696,-1.2632831440002945,-1.2536112302791274,-1.2343395902298313,-1.2362767701815933,-1.2054618809319153,-1.3907258275954124
-1.2354308365930915,-1.2604501005451263,-1.2557608889776564,-1.2239262576549406,-1.2112364575615053,-1.206662985785134,-1.2054618809319153,-1.3714169581560063
-1.2173126219333985,-1.2313176081926405,-1.2438276572004723,-1.2536112302791274,-1.2508434593520903,-1.206662985785134,-1.2716704410519415,-1.34251389224094
-1.2173126219333985,-1.2547540943407696,-1.2557608889776564,-1.2536112302791274,-1.2343395902298313,-1.2365658276756002,-1.2054618809319153,-1.3354238316236207
-1.2561729306241913,-1.2547540943407696,-1.2632831440002945,-1.265958989520697,-1.245430799444992,-1.2564754228159956,-1.2716704410519415,-1.3354238316236207
-1.280199944819241,-1.2492547808583765,-1.2519023960224662,-1.2239262576549406,-1.2343395902298313,-1.206662985785134,-1.2716704410519415,-1.3096532725069365
-1.280199944819241,-1.2295469876595955,-1.2438276572004723,-1.2536112302791274,-1.2980070711991953,-1.2365658276756002,-1.2876470243404885,-1.3077525210966168
-1.2173126219333985,-1.2604501005451263,-1.2438276572004723,-1.2453033223428436,-1.2343395902298313,-1.2564754228159956,-1.2716704410519415,-1.3077525210966168
-1.2173126219333985,-1.2604501005451263,-1.2557608889776564,-1.2453033223428436,-1.2980070711991953,-1.2365658276756002,-1.2716704410519415,-1.3000582639581695
-1.280199944819241,-1.2604501005451263,-1.249189436972262,-1.2239262576549406,-1.2980070711991953,-1.2362767701815933,-1.2716704410519415,-1.276150439812741
-1.2561729306241913,-1.2295469876595955,-1.249189436972262,-1.265958989520697,-1.2508434593520903,-1.2564754228159956,-1.221618547769914,-1.2699610197551283
-1.2354308365930915,-1.2604501005451263,-1.2632831440002945,-1.2239262576549406,-1.2508434593520903,-1.206662985785134,-1.2876470243404885,-1.237614064799184
-1.2173126219333985,-1.2295469876595955,-1.2557608889776564,-1.2453033223428436,-1.245430799444992,-1.206662985785134,-1.2494073475870682,-1.1953291038227962
-1.2550290196255172,-1.2547540943407696,-1.249189436972262,-1.2453033223428436,-1.2508434593520903,-1.30399085271088,-1.2494073475870682,-1.1457121807273067
-1.2354308365930915,-1.2604501005451263,-1.2557608889776564,-1.2239262576549406,-1.2508434593520903,-1.30399085271088,-1.221618547769914,-1.1081783090614614
-1.2354308365930915,-1.2492547808583765,-1.2632831440002945,-1.2629863944423385,-1.2508434593520903,-1.2365658276756002,-1.2716704410519415,-1.0990323760808758
-1.2173126219333985,-1.2492547808583765,-1.249189436972262,-1.265958989520697,-1.2508434593520903,-1.206662985785134,-1.2716704410519415,-1.0990323760808758
-1.2550290196255172,-1.2547540943407696,-1.2519023960224662,-1.265958989520697,-1.2980070711991953,-1.30399085271088,-1.2054618809319153,-1.089690492715642
-1.2173126219333985,-1.2313176081926405,-1.2632831440002945,-1.2453033223428436,-1.2508434593520903,-1.206662985785134,-1.2054618809319153,-1.4708906082386384
-1.2550290196255172,-1.2604501005451263,-1.2438276572004723,-1.2629863944423385,-1.2112364575615053,-1.30399085271088,-1.2054618809319153,-1.4031610861748427
-1.2550290196255172,-1.2313176081926405,-1.2557608889776564,-1.265958989520697,-1.245430799444992,-1.206662985785134,-1.2876470243404885,-1.2427786352254133
-1.2561729306241913,-1.2547540943407696,-1.2632831440002945,-1.2629863944423385,-1.2343395902298313,-1.30399085271088,-1.2054618809319153,-1.3703967446635097
-1.280199944819241,-1.2295469876595955,-1.2438276572004723,-1.2239262576549406,-1.2980070711991953,-1.2564754228159956,-1.2054618809319153,-1.33426895474132
-1.2354308365930915,-1.2547540943407696,-1.2557608889776564,-1.2239262576549406,-1.2508434593520903,-1.2362767701815933,-1.2494073475870682,-1.3309901169490612
-1.2561729306241913,-1.2295469876595955,-1.2519023960224662,-1.2453033223428436,-1.245430799444992,-1.30399085271088,-1.2494073475870682,-1.3309901169490612
-1.2173126219333985,-1.2547540943407696,-1.2557608889776564,-1.2536112302791274,-1.2343395902298313,-1.206662985785134,-1.2054618809319153,-1.3132654447552288
-1.2550290196255172,-1.2492547808583765,-1.2632831440002945,-1.2629863944423385,-1.245430799444992,-1.206662985785134,-1.2054618809319153,-1.3047197567707973
-1.2550290196255172,-1.2547540943407696,-1.2557608889776564,-1.2536112302791274,-1.2508434593520903,-1.2564754228159956,-1.2876470243404885,-1.292310622169266
-1.280199944819241,-1.2295469876595955,-1.249189436972262,-1.265958989520697,-1.2508434593520903,-1.2362767701815933,-1.2054618809319153,-1.2621079589593571
-1.2561729306241913,-1.2547540943407696,-1.2632831440002945,-1.265958989520697,-1.2343395902298313,-1.2362767701815933,-1.221618547769914,-1.2454605556029916
-1.280199944819241,-1.2604501005451263,-1.2632831440002945,-1.2629863944423385,-1.2508434593520903,-1.2365658276756002,-1.2494073475870682,-1.18020608807606
-1.280199944819241,-1.2492547808583765,-1.2632831440002945,-1.2453033223428436,-1.2343395902298313,-1.2362767701815933,-1.2054618809319153,-1.127360151716975
-1.280199944819241,-1.2547540943407696,-1.2632831440002945,-1.2629863944423385,-1.2980070711991953,-1.2564754228159956,-1.2876470243404885,-0.9684829474247695
-0.9732832810925289,-1.0034393799111665,-0.9579726049865305,-0.9425881472791569,-0.9519220069775316,-0.9762155783079223,-0.986073560440287,-1.6088530935840089
-1.0048853427793751,-1.0173634397691342,-0.9868830311116864,-0.9799714461453801,-0.9826306597528534,-0.9517262074634434,-0.96587489399754,-1.609594843519919
-0.98054416735823,-0.9461591766195774,-1.0361914344063499,-1.007623098701696,-0.9516851377270272,-0.9517262074634434,-1.0132492567694165,-1.606635414814998
-0.963589148928464,-0.9312719268163423,-0.9386590724881072,-0.9878024337955492,-0.9826306597528534,-0.9893439938162585,-1.0132492567694165,-1.6473737631691967
-1.0048853427793751,-1.0034393799111665,-0.9579726049865305,-0.9791888932864237,-1.0399760549566663,-0.9762155783079223,-0.9420465382802465,-1.6717427502687636
-0.9590755784052705,-1.0034393799111665,-0.9754383915851421,-1.007623098701696,-0.9519220069775316,-0.9517262074634434,-0.986073560440287,-1.6325508927313956
-0.963589148928464,-0.9461591766195774,-0.9754383915851421,-1.007623098701696,-0.9519220069775316,-0.949772861745974,-1.0132492567694165,-1.6324577264794233
-0.963589148928464,-0.9312719268163423,-0.9386590724881072,-1.007623098701696,-0.9516851377270272,-1.040403344782448,-0.9420465382802465,-1.6327559288647748
-0.98054416735823,-0.9312719268163423,-0.9754383915851421,-0.9791888932864237,-0.9826306597528534,-0.9762155783079223,-0.9420465382802465,-1.6118632602369263
-0.9590755784052705,-1.0173634397691342,-0.9868830311116864,-0.9791888932864237,-0.9519220069775316,-0.9893439938162585,-0.986073560440287,-1.6269959952327262
-0.98054416735823,-0.9461591766195774,-0.9579726049865305,-0.9799714461453801,-0.9519220069775316,-0.9517262074634434,-0.9420465382802465,-1.5899148157308518
-0.9732832810925289,-0.9967921272489737,-0.9868830311116864,-0.9791888932864237,-0.9826306597528534,-0.949772861745974,-0.986073560440287,-1.5778042568016075
-0.9732832810925289,-0.9312719268163423,-0.9754383915851421,-0.9799714461453801,-0.9687746625532787,-0.949772861745974,-0.9924377765486991,-1.5980999632394146
-0.98054416735823,-1.0173634397691342,-0.9386590724881072,-0.9799714461453801,-0.9826306597528534,-0.9762155783079223,-0.9420465382802465,-1.5606673061697374
-0.963589148928464,-0.9967921272489737,-0.9579726049865305,-0.9799714461453801,-0.9516851377270272,-0.9517262074634434,-0.9924377765486991,-1.5452008576063436
-0.9732832810925289,-0.9461591766195774,-1.0361914344063499,-0.9878024337955492,-0.9826306597528534,-0.9893439938162585,-1.0132492567694165,-1.5482135644757098
-0.9590755784052705,-0.9312719268163423,-0.9754383915851421,-0.9878024337955492,-0.9516851377270272,-0.9517262074634434,-0.986073560440287,-1.474683033955726
-0.9590755784052705,-0.9967921272489737,-0.9386590724881072,-1.007623098701696,-0.9519220069775316,-0.949772861745974,-0.9420465382802465,-1.4130752918551797
-0.963589148928464,-1.0034393799111665,-0.9386590724881072,-0.9425881472791569,-1.0399760549566663,-0.9517262074634434,-0.9420465382802465,-1.6231311783613316
-0.9590755784052705,-1.0034393799111665,-0.9754383915851421,-0.9878024337955492,-0.9687746625532787,-0.9893439938162585,-0.9924377765486991,-1.7247116855643982
-0.98054416735823,-0.9967921272489737,-1.0361914344063499,-0.9425881472791569,-0.9687746625532787,-0.9762155783079223,-0.9420465382802465,-1.762255246124815
-0.9732832810925289,-0.9312719268163423,-0.9868830311116864,-0.9425881472791569,-0.9687746625532787,-0.949772861745974,-0.9924377765486991,-1.7277173557091348
-0.9590755784052705,-0.9312719268163423,-1.0361914344063499,-0.9878024337955492,-0.9516851377270272,-0.9893439938162585,-0.96587489399754,-1.6491320037134354
-0.9732832810925289,-0.9967921272489737,-0.9754383915851421,-0.9878024337955492,-0.9687746625532787,-1.040403344782448,-0.9420465382802465,-1.5713955145280445
-0.963589148928464,-1.0173634397691342,-0.9579726049865305,-0.9425881472791569,-0.9826306597528534,-0.9762155783079223,-0.9924377765486991,-1.592966196671962
-0.98054416735823,-1.0034393799111665,-0.9868830311116864,-0.9425881472791569,-0.9519220069775316,-0.949772861745974,-0.9420465382802465,-1.6232406045951202
-0.98054416735823,-1.0173634397691342,-0.9868830311116864,-0.9799714461453801,-0.9687746625532787,-1.040403344782448,-0.986073560440287,-1.620313848093045
-1.0048853427793751,-1.0173634397691342,-0.9386590724881072,-0.9791888932864237,-0.9516851377270272,-0.949772861745974,-1.0132492567694165,-1.6229306351803472
-0.9732832810925289,-0.9967921272489737,-0.9868830311116864,-0.9425881472791569,-0.9826306597528534,-0.949772861745974,-0.96587489399754,-1.6307099105613192
-0.98054416735823,-0.9967921272489737,-0.9754383915851421,-0.9791888932864237,-1.0399760549566663,-0.9762155783079223,-1.0132492567694165,-1.6468341950342424
-0.963589148928464,-1.0173634397691342,-0.9579726049865305,-0.9425881472791569,-0.9826306597528534,-0.9517262074634434,-0.9420465382802465,-1.6718243385616773
-0.98054416735823,-1.0034393799111665,-0.9579726049865305,-0.9799714461453801,-1.0399760549566663,-0.949772861745974,-0.9420465382802465,-1.6479333091948056
-0.963589148928464,-0.9461591766195774,-0.9579726049865305,-0.9425881472791569,-0.9519220069775316,-0.9762155783079223,-0.96587489399754,-1.6801239332608504
-0.98054416735823,-0.9461591766195774,-0.9868830311116864,-1.007623098701696,-0.9687746625532787,-0.9762155783079223,-0.986073560440287,-1.6657875906068238
-0.98054416735823,-0.9312719268163423,-0.9386590724881072,-0.9799714461453801,-0.9519220069775316,-0.9762155783079223,-0.96587489399754,-1.5865828748906314
-0.9590755784052705,-0.9312719268163423,-0.9386590724881072,-1.007623098701696,-0.9516851377270272,-0.949772861745974,-0.96587489399754,-1.6237516252244835
-0.9732832810925289,-0.9967921272489737,-0.9386590724881072,-0.9425881472791569,-0.9519220069775316,-1.040403344782448,-0.9420465382802465,-0.8586693995576704
-1.0048853427793751,-0.9461591766195774,-1.0361914344063499,-0.9878024337955492,-0.9519220069775316,-1.040403344782448,-0.9420465382802465,-1.3010299956639813
1.932013769887682,2.016476043004415,1.9051718680031038,1.9698847040924803,1.9787020157917334,1.975707462397747,1.9439130816039367,1.4833702095804502
1.9781916072786947,1.9485185708695254,2.037975806183523,1.9698847040924803,1.9143642921070991,2.0315537557154992,1.95441027859074,1.4833702095804502
1.9549819541044364,1.9485185708695254,1.9051718680031038,1.9286450956603944,1.9817877754593574,2.0315537557154992,2.012179504109061,3.0707069384290415
1.9781916072786947,2.016476043004415,1.9051718680031038,1.9286450956603944,1.9143642921070991,1.975707462397747,1.927221512923019,2.00624894772595
1.9549819541044364,1.9552567269257521,1.9846869924760897,1.9203990115991205,1.968777274279626,1.8595846321721892,1.95441027859074,2.9200628016758503
1.932013769887682,1.8585154430001725,2.037975806183523,1.9513632485235477,1.9143642921070991,1.9548405559241875,1.9601684891488498,2.738642709134438
1.9781916072786947,2.016476043004415,1.9279674128235842,2.0063288018147767,1.9817877754593574,1.9548405559241875,2.012179504109061,1.307278943389931
1.9685083946950754,1.9591937169110203,2.037975806183523,2.0063288018147767,1.9817877754593574,2.0315537557154992,1.9601684891488498,1.307278943389931
1.9781916072786947,1.9591937169110203,1.9279674128235842,1.9513632485235477,1.968777274279626,1.8595846321721892,1.9601684891488498,1.307278943389931
1.9685083946950754,1.9552567269257521,1.9846869924760897,1.9286450956603944,1.9143642921070991,1.9415666345028262,1.927221512923019,3.0961540607315317
1.9549819541044364,1.9485185708695254,1.9846869924760897,1.9203990115991205,1.9817877754593574,1.8595846321721892,2.012179504109061,2.0476416348300397
1.9549819541044364,2.016476043004415,1.9051718680031038,1.9203990115991205,1.9817877754593574,1.9548405559241875,1.95441027859074,2.9457682020667706
1.9384495556815597,1.8585154430001725,1.9279674128235842,1.9286450956603944,1.9143642921070991,1.8595846321721892,1.95441027859074,2.738642709134438
1.932013769887682,1.9591937169110203,1.9846869924760897,1.9286450956603944,1.9787020157917334,1.9415666345028262,1.9601684891488498,1.4833702095804502
1.9384495556815597,1.9485185708695254,1.9279674128235842,1.9203990115991205,1.9601136416043392,1.8595846321721892,1.9439130816039367,2.960491458592242
1.932013769887682,1.9552567269257521,1.9051718680031038,1.9513632485235477,1.968777274279626,1.9415666345028262,1.9601684891488498,3.1201923016792876
1.9685083946950754,1.8585154430001725,1.9276998421179692,1.9513632485235477,1.968777274279626,1.8595846321721892,1.927221512923019,2.738642709134438
1.932013769887682,1.8585154430001725,1.9276998421179692,1.9203990115991205,1.9817877754593574,1.975707462397747,1.927221512923019,2.0476416348300397
-0.9732832810925289,-0.9461591766195774,-0.9386590724881072,-0.9791888932864237,-0.9687746625532787,-0.949772861745974,-0.9924377765486991,-1.2571256792208478
-0.963589148928464,-1.0034393799111665,-0.9868830311116864,-0.9799714461453801,-0.9687746625532787,-0.949772861745974,-0.9420465382802465,-1.1127034759429923
-0.9732832810925289,-1.0034393799111665,-0.9579726049865305,-0.9799714461453801,-0.9519220069775316,-1.040403344782448,-0.9924377765486991,-1.1165032305689844
-0.98054416735823,-1.0173634397691342,-0.9386590724881072,-0.9791888932864237,-1.0399760549566663,-0.949772861745974,-0.9924377765486991,-1.062146236388665
-1.0048853427793751,-1.0034393799111665,-0.9386590724881072,-0.9799714461453801,-1.0399760549566663,-1.040403344782448,-1.0132492567694165,-1.0827413785135804
-0.9732832810925289,-0.9461591766195774,-0.9386590724881072,-0.9425881472791569,-0.9519220069775316,-0.9517262074634434,-0.9420465382802465,-1.0163917524809387
-0.98054416735823,-1.0034393799111665,-0.9754383915851421,-0.9878024337955492,-1.0399760549566663,-0.9893439938162585,-0.986073560440287,-1.0335250447709192
-0.9590755784052705,-1.0173634397691342,-0.9868830311116864,-0.9425881472791569,-1.0399760549566663,-0.949772861745974,-1.0132492567694165,-0.9973113708472432
-0.9732832810925289,-1.0173634397691342,-0.9386590724881072,-0.9425881472791569,-0.9516851377270272,-0.949772861745974,-0.9420465382802465,-0.8774794030927773
-0.98054416735823,-0.9967921272489737,-0.9579726049865305,-0.9791888932864237,-0.9519220069775316,-1.040403344782448,-0.96587489399754,-0.977596375643883
-0.7342418831336297,-0.7178981546784293,-0.7647384024981665,-0.7497358208858826,-0.7289715477900145,-0.7719782517472369,-0.7342565045199065,-0.48750905195823524
-0.6377527086083343,-0.7178981546784293,-0.6947213761231451,-0.6696123385670668,-0.7289715477900145,-0.6797068017194192,-0.7342565045199065,-0.8440569820281633
-1.0048853427793751,-0.9312719268163423,-0.9754383915851421,-0.9799714461453801,-0.9826306597528534,-0.9893439938162585,-0.986073560440287,-0.8610912918184903
-0.98054416735823,-0.9967921272489737,-0.9868830311116864,-0.9791888932864237,-1.0399760549566663,-0.9893439938162585,-0.96587489399754,-0.9512669516760316
-0.6377527086083343,-0.7336220285164801,-0.7270463566093102,-0.7058756780635942,-0.7479932043828916,-0.7719782517472369,-0.71016339058003,-0.6222076258556914
-0.7342418831336297,-0.7178981546784293,-0.6817894806893574,-0.7058756780635942,-0.697296941979757,-0.6913190157337998,-0.7027754777623182,-0.7885403820467886
-0.98054416735823,-0.9312719268163423,-0.9579726049865305,-1.007623098701696,-1.0399760549566663,-0.9762155783079223,-0.9420465382802465,-0.8440569820281633
-0.9732832810925289,-1.0173634397691342,-1.0361914344063499,-0.9791888932864237,-0.9687746625532787,-0.9893439938162585,-0.9420465382802465,-0.9646303066778977
-0.9590755784052705,-1.0034393799111665,-0.9868830311116864,-0.9791888932864237,-0.9826306597528534,-1.040403344782448,-1.0132492567694165,-0.8440569820281633
-0.6377527086083343,-0.7336220285164801,-0.7647384024981665,-0.7497358208858826,-0.7479932043828916,-0.718218252883646,-0.71016339058003,-0.6765663799799019
-1.0048853427793751,-0.9312719268163423,-0.9754383915851421,-1.007623098701696,-0.9826306597528534,-0.949772861745974,-0.9420465382802465,-0.9646303066778977
-0.6991351177256444,-0.7040401536906127,-0.6817894806893574,-0.7497358208858826,-0.7479932043828916,-0.6797068017194192,-0.6819755283695632,-0.7683367533355472
-0.6377527086083343,-0.7040401536906127,-0.7647384024981665,-0.7149668987647908,-0.7479932043828916,-0.7719782517472369,-0.7342565045199065,-0.7013892358368838
-0.6377527086083343,-0.7035224981422694,-0.6985447400939175,-0.6696123385670668,-0.699770914593794,-0.7719782517472369,-0.71016339058003,-0.7885403820467886
-0.963589148928464,-0.9312719268163423,-0.9579726049865305,-1.007623098701696,-1.0399760549566663,-1.040403344782448,-0.9924377765486991,-0.8846058574743971
-1.0048853427793751,-0.9967921272489737,-0.9754383915851421,-1.007623098701696,-0.9826306597528534,-1.040403344782448,-0.9420465382802465,-0.5290385369682233
-0.963589148928464,-0.9967921272489737,-0.9868830311116864,-1.007623098701696,-0.9687746625532787,-0.9893439938162585,-0.9924377765486991,-0.5102889561907537
-0.963589148928464,-1.0034393799111665,-0.9579726049865305,-1.007623098701696,-1.0399760549566663,-1.040403344782448,-0.986073560440287,-0.2688449400403264
-0.9732832810925289,-0.9312719268163423,-0.9386590724881072,-0.9799714461453801,-0.9826306597528534,-0.9517262074634434,-0.9924377765486991,-0.8681119898227769
-0.9732832810925289,-1.0034393799111665,-1.0361914344063499,-0.9799714461453801,-1.0399760549566663,-0.9893439938162585,-0.9420465382802465,-0.8596239623199455
-0.9732832810925289,-1.0034393799111665,-1.0361914344063499,-0.9878024337955492,-0.9826306597528534,-0.9517262074634434,-0.96587489399754,-0.49069395850550057
-0.98054416735823,-1.0034393799111665,-0.9754383915851421,-0.9799714461453801,-0.9687746625532787,-0.9762155783079223,-0.9420465382802465,-0.24598209844216795
-0.9732832810925289,-1.0173634397691342,-0.9754383915851421,-0.9799714461453801,-1.0399760549566663,-0.9893439938162585,-0.9924377765486991,-0.24598209844216795
-0.963589148928464,-0.9461591766195774,-0.9868830311116864,-0.9425881472791569,-1.0399760549566663,-0.9893439938162585,-0.9924377765486991,-0.4631109125294204
-0.9732832810925289,-1.0034393799111665,-0.9579726049865305,-1.007623098701696,-0.9519220069775316,-0.949772861745974,-0.96587489399754,-0.8331171770258415
-0.9732832810925289,-1.0034393799111665,-0.9579726049865305,-0.9878024337955492,-0.9516851377270272,-0.9762155783079223,-1.0132492567694165,-0.22184874961635637
-0.963589148928464,-0.9312719268163423,-1.0361914344063499,-1.007623098701696,-0.9826306597528534,-1.040403344782448,-0.96587489399754,-0.8239087409443188
-0.9590755784052705,-0.9967921272489737,-0.9579726049865305,-0.9799714461453801,-0.9826306597528534,-1.040403344782448,-0.986073560440287,-0.4486329650765712
-1.0048853427793751,-1.0034393799111665,-1.0361914344063499,-1.007623098701696,-0.9519220069775316,-0.9762155783079223,-0.986073560440287,-0.1962943969757637
-0.9590755784052705,-0.9967921272489737,-0.9386590724881072,-0.9878024337955492,-0.9826306597528534,-0.9893439938162585,-0.96587489399754,-0.8851789241011143
-1.0048853427793751,-0.9312719268163423,-1.0361914344063499,-0.9425881472791569,-0.9826306597528534,-1.040403344782448,-0.9420465382802465,-0.5228787452803376
-0.963589148928464,-1.0173634397691342,-0.9754383915851421,-0.9791888932864237,-0.9826306597528534,-0.949772861745974,-0.96587489399754,-0.466763198114751
-1.0048853427793751,-1.0173634397691342,-1.0361914344063499,-0.9425881472791569,-1.0399760549566663,-0.9762155783079223,-0.9420465382802465,-0.2596373105057561
-1.0048853427793751,-0.9967921272489737,-1.0361914344063499,-0.9878024337955492,-0.9826306597528534,-0.9517262074634434,-0.9924377765486991,-0.20848478805837486
-0.963589148928464,-1.0173634397691342,-0.9868830311116864,-1.007623098701696,-0.9687746625532787,-1.040403344782448,-0.9420465382802465,-0.045757490560675115
1.7137842075490406,1.7064426438433948,1.739145546721486,1.6883641842444104,1.740161697408002,1.6908042895381525,1.6902629586262337,0.4839931619052586
1.6790417297633162,1.7331897966644987,1.6023895508310577,1.6965904272371723,1.712006872153263,1.7251442790174032,1.7289901526046965,0.5026753343752224
1.7137842075490406,1.6993854194240887,1.6023895508310577,1.6741636949281238,1.740161697408002,1.7506237784886827,1.7289901526046965,0.537789008123533
1.6790417297633162,1.6993854194240887,1.7235806074383886,1.7271575022327608,1.6742783505560792,1.7506237784886827,1.7289901526046965,0.6584906695724873
1.7100237645573086,1.7064426438433948,1.664127995804256,1.7068147330939003,1.6742783505560792,1.679895081761666,1.7289901526046965,0.5543355246304233
1.7100237645573086,1.7331897966644987,1.664127995804256,1.6883641842444104,1.7310425084923668,1.6908042895381525,1.674430567052006,0.5072229862964996
1.7100237645573086,1.679629838961269,1.739145546721486,1.6883641842444104,1.740161697408002,1.679895081761666,1.7313850916356615,0.6004987225948004
1.7137842075490406,1.7064426438433948,1.7235806074383886,1.6965904272371723,1.740161697408002,1.5921588002084186,1.7313850916356615,0.6922690907616533
1.6573830481183354,1.6993854194240887,1.739145546721486,1.6965904272371723,1.7310425084923668,1.7506237784886827,1.6452709403419923,0.6004987225948004
1.6573830481183354,1.6151796088272965,1.739145546721486,1.6883641842444104,1.7310425084923668,1.7251442790174032,1.6452709403419923,0.5741697566312904
1.6998923286799645,1.679629838961269,1.6023895508310577,1.6741636949281238,1.712006872153263,1.6908042895381525,1.6452709403419923,0.5117235111953695
1.7100237645573086,1.679629838961269,1.6023895508310577,1.6741636949281238,1.712006872153263,1.679895081761666,1.6902629586262337,0.6321616891371097
1.6998923286799645,1.7064426438433948,1.7235806074383886,1.7068147330939003,1.7310425084923668,1.7251442790174032,1.674430567052006,0.7236088385015975
1.6573830481183354,1.679629838961269,1.739145546721486,1.6741636949281238,1.6742783505560792,1.7506237784886827,1.7313850916356615,0.5419851445059987
1.6790417297633162,1.7331897966644987,1.664127995804256,1.7271575022327608,1.6108716975950714,1.7251442790174032,1.674430567052006,0.6422230685031098
1.7137842075490406,1.6151796088272965,1.7158807655552668,1.7068147330939003,1.7310425084923668,1.679895081761666,1.7313850916356615,0.6710797696393469
1.6998923286799645,1.6151796088272965,1.739145546721486,1.7271575022327608,1.7310425084923668,1.7506237784886827,1.7313850916356615,0.7152834888984626
1.7137842075490406,1.679629838961269,1.7158807655552668,1.7271575022327608,1.7310425084923668,1.7506237784886827,1.7289901526046965,0.7704644333502404
1.7137842075490406,1.6151796088272965,1.664127995804256,1.6741636949281238,1.740161697408002,1.7506237784886827,1.674430567052006,0.6863197266147095
1.6790417297633162,1.7064426438433948,1.7235806074383886,1.6965904272371723,1.7310425084923668,1.7251442790174032,1.6902629586262337,0.7554006825805436
1.7100237645573086,1.679629838961269,1.739145546721486,1.6883641842444104,1.6742783505560792,1.7506237784886827,1.674430567052006,0.7517713333546332
1.6998923286799645,1.7064426438433948,1.739145546721486,1.7271575022327608,1.712006872153263,1.679895081761666,1.6902629586262337,0.6336295186630205
1.7137842075490406,1.6993854194240887,1.739145546721486,1.7271575022327608,1.740161697408002,1.679895081761666,1.7289901526046965,0.5154377414620255
1.6790417297633162,1.7064426438433948,1.6023895508310577,1.7068147330939003,1.740161697408002,1.6908042895381525,1.7313850916356615,0.5470103885032926
1.6573830481183354,1.7331897966644987,1.7235806074383886,1.7271575022327608,1.7310425084923668,1.5921588002084186,1.674430567052006,0.5783216808001675
1.6573830481183354,1.679629838961269,1.739145546721486,1.6883641842444104,1.7310425084923668,1.5921588002084186,1.674430567052006,0.572762898855467
2.069515143866559,2.050867129210448,1.999927262256694,1.9934177034212945,1.9885721858583376,2.0699497099259,2.0330690366985826,2.814913181275074
1.9781916072786947,1.8585154430001725,1.9051718680031038,1.9698847040924803,1.9817877754593574,1.8595846321721892,1.95441027859074,2.6225816587732296
1.9384495556815597,1.9485185708695254,1.9051718680031038,2.0063288018147767,1.9787020157917334,1.9415666345028262,1.9601684891488498,3.2272437815030623
1.9685083946950754,1.8585154430001725,1.9276998421179692,1.9286450956603944,1.968777274279626,1.9415666345028262,1.9439130816039367,3.2241800436363333
1.9549819541044364,1.9485185708695254,1.9846869924760897,1.9203990115991205,1.9787020157917334,2.0315537557154992,1.927221512923019,2.781623173956947
1.9685083946950754,2.016476043004415,2.037975806183523,1.9203990115991205,1.9787020157917334,1.8595846321721892,2.012179504109061,3.000614712920779
1.9685083946950754,1.8585154430001725,2.037975806183523,1.9698847040924803,1.9817877754593574,1.8595846321721892,1.95441027859074,3.0
1.9384495556815597,1.9591937169110203,1.9279674128235842,1.9203990115991205,1.9601136416043392,1.9415666345028262,1.95441027859074,3.3959670604014707
1.9685083946950754,1.9485185708695254,1.9051718680031038,1.9698847040924803,1.9143642921070991,1.8595846321721892,2.012179504109061,3.3979400086720375
1.932013769887682,1.9591937169110203,1.9846869924760897,1.9513632485235477,1.9817877754593574,1.9415666345028262,1.95441027859074,2.773603622632923
1.932013769887682,1.9485185708695254,1.9846869924760897,2.0063288018147767,1.968777274279626,1.9415666345028262,1.9601684891488498,2.473414593785519
1.9384495556815597,1.9591937169110203,2.037975806183523,1.9513632485235477,1.9787020157917334,1.8595846321721892,1.927221512923019,2.472573626968942
1.9781916072786947,1.9591937169110203,2.037975806183523,1.9698847040924803,1.9601136416043392,1.9548405559241875,2.012179504109061,3.1432100326610257
1.9549819541044364,1.8585154430001725,1.9276998421179692,2.0063288018147767,1.9817877754593574,2.0315537557154992,1.927221512923019,3.1424213746398046
1.9384495556815597,1.9485185708695254,1.9276998421179692,1.9286450956603944,1.9817877754593574,1.9548405559241875,1.927221512923019,3.1694796072331544
1.9384495556815597,1.8585154430001725,1.9279674128235842,1.9513632485235477,1.9143642921070991,1.9548405559241875,1.927221512923019,3.1715436313049605
1.932013769887682,1.9485185708695254,1.9846869924760897,1.9698847040924803,1.9601136416043392,1.8595846321721892,1.9439130816039367,3.0861984503271986
1.932013769887682,1.8585154430001725,1.9051718680031038,1.9513632485235477,1.9143642921070991,1.9548405559241875,1.95441027859074,3.0859146287065933
1.932013769887682,1.9591937169110203,1.9276998421179692,1.9203990115991205,1.9601136416043392,2.0315537557154992,1.9601684891488498,2.950535848505181
1.9384495556815597,1.9485185708695254,1.9051718680031038,1.9513632485235477,1.9787020157917334,1.8595846321721892,1.95441027859074,2.9572480195790503
1.9781916072786947,1.8585154430001725,1.9276998421179692,1.9203990115991205,1.9817877754593574,1.9415666345028262,1.9439130816039367,2.901390202114049
1.932013769887682,1.8585154430001725,1.9276998421179692,1.9286450956603944,1.9817877754593574,2.0315537557154992,1.95441027859074,2.8993833258752932
1.932013769887682,2.016476043004415,1.9276998421179692,1.9286450956603944,1.9143642921070991,1.9548405559241875,1.95441027859074,3.000614712920779
1.9685083946950754,1.9485185708695254,1.9051718680031038,1.9203990115991205,1.968777274279626,1.8595846321721892,1.927221512923019,3.0067333826589686
1.932013769887682,1.8585154430001725,1.9051718680031038,2.0063288018147767,1.9601136416043392,1.8595846321721892,1.9439130816039367,2.5917600346881504
1.9781916072786947,2.016476043004415,2.037975806183523,1.9513632485235477,1.968777274279626,2.0315537557154992,1.9439130816039367,2.5873579455307953
1.932013769887682,1.9485185708695254,1.9276998421179692,1.9513632485235477,1.968777274279626,1.9548405559241875,1.9439130816039367,2.0969100130080562
1.932013769887682,1.9591937169110203,1.9051718680031038,2.0063288018147767,1.9143642921070991,1.8595846321721892,1.9601684891488498,2.110236690811133
1.932013769887682,1.9552567269257521,2.037975806183523,1.9513632485235477,1.9787020157917334,1.9415666345028262,1.9601684891488498,2.8475516878877527
1.9685083946950754,1.9591937169110203,1.9051718680031038,1.9698847040924803,1.9787020157917334,1.9415666345028262,1.9439130816039367,2.8470325397914564
1.9549819541044364,1.9591937169110203,1.9276998421179692,1.9286450956603944,1.968777274279626,1.9548405559241875,2.012179504109061,2.2973233339998096
1.9549819541044364,1.9591937169110203,1.9276998421179692,1.9286450956603944,1.9143642921070991,1.975707462397747,1.927221512923019,2.3077633783229494
1.9685083946950754,1.8585154430001725,1.9846869924760897,1.9286450956603944,1.9601136416043392,1.9548405559241875,2.012179504109061,1.7958800173440752
1.9685083946950754,1.9552567269257521,2.037975806183523,1.9203990115991205,1.9817877754593574,1.8595846321721892,1.9439130816039367,1.8413913780372158
1.9781916072786947,1.9485185708695254,1.9279674128235842,2.0063288018147767,1.9143642921070991,1.8595846321721892,1.927221512923019,3.095940959412866
1.9549819541044364,1.9591937169110203,1.9279674128235842,1.9513632485235477,1.9817877754593574,2.0315537557154992,1.927221512923019,3.029520295164345
1.9549819541044364,1.8585154430001725,1.9276998421179692,1.9286450956603944,1.968777274279626,1.9415666345028262,1.9439130816039367,2.9704797049233105
1.9781916072786947,1.9591937169110203,1.9051718680031038,1.9286450956603944,1.9143642921070991,1.8595846321721892,1.927221512923019,2.924858731585223
1.9549819541044364,1.8585154430001725,1.9279674128235842,1.9286450956603944,1.968777274279626,1.9548405559241875,1.9439130816039367,2.778597785992014
1.9781916072786947,1.9552567269257521,1.9279674128235842,1.9203990115991205,1.9601136416043392,1.975707462397747,1.95441027859074,2.9662514169781424
1.9549819541044364,1.9552567269257521,1.9279674128235842,1.9698847040924803,1.9143642921070991,1.9548405559241875,2.012179504109061,3.4067788693285026
1.9781916072786947,1.8585154430001725,1.9279674128235842,2.0063288018147767,1.9787020157917334,1.975707462397747,1.9601684891488498,3.3508274639865863
1.9384495556815597,1.8585154430001725,2.037975806183523,1.9203990115991205,1.9787020157917334,1.8595846321721892,1.95441027859074,3.7399935484064395
1.9384495556815597,1.9591937169110203,1.9276998421179692,1.9698847040924803,1.9143642921070991,1.8595846321721892,1.9601684891488498,3.026669428201376
1.9384495556815597,1.8585154430001725,1.9051718680031038,1.9513632485235477,1.9143642921070991,1.9415666345028262,1.9601684891488498,3.0791812460476247
1.932013769887682,1.9485185708695254,1.9846869924760897,1.9698847040924803,1.9601136416043392,1.9415666345028262,1.9439130816039367,2.8920946026904804
1.9549819541044364,1.9591937169110203,1.9279674128235842,1.9698847040924803,1.9817877754593574,1.975707462397747,1.9601684891488498,2.8492146064139448
2.31027517835581,2.405946439126901,2.466378276849812,2.481819601148687,2.4538769603354336,2.356326418858562,2.3817489250616726,2.681241237375587
2.31027517835581,2.5315918817412904,2.4423886256237695,2.5434443065843433,2.4734772469069917,2.4723203872330957,2.4096003877313215,2.6434526764861874
2.4207176818868192,2.4956865270056556,2.48524949802141,2.5017129107989438,2.5691442183726974,2.356326418858562,2.5182394963055703,2.6020599913279625
2.644163189229591,2.405946439126901,2.4423886256237695,2.5017129107989438,2.539748909062547,2.4683532208161374,2.3817489250616726,2.4673614169369897
1.6106162554473977,1.6058126271350222,1.6426212992387343,1.6132159960726213,1.6055258920787798,1.6615891783275754,1.6145615677910357,1.772445426346
1.6106162554473977,1.629304359614376,1.6855985371980653,1.6132159960726213,1.6055258920787798,1.5951656851788523,1.6244157862612996,1.5613399414589013
1.694475596531675,1.6711748545217096,1.6855985371980653,1.6426981608831546,1.6832683049537462,1.6615891783275754,1.6651848348075013,1.2730012720637376
1.694475596531675,1.629304359614376,1.6426212992387343,1.6154165153874307,1.6055258920787798,1.6410759524507452,1.6212958989814246,1.5922878159521308
1.694475596531675,1.5914023953323548,1.6426212992387343,1.6426981608831546,1.6832683049537462,1.6615891783275754,1.5860542163548335,1.6030360562505217
1.622329650212428,1.597639450591455,1.6426212992387343,1.6132159960726213,1.6055258920787798,1.5951656851788523,1.6244157862612996,1.6327608884794387
1.622329650212428,1.6711748545217096,1.6075739977994359,1.6426981608831546,1.6225334712276571,1.6131075655851532,1.6244157862612996,1.675228253593064
1.6106162554473977,1.597639450591455,1.6855985371980653,1.623105606973334,1.6208281421714994,1.5951656851788523,1.5860542163548335,1.708675792726537
1.603418269845419,1.5914023953323548,1.5956345227316344,1.6426981608831546,1.6003658545687198,1.5951656851788523,1.5860542163548335,1.8093576702111058
1.7100237645573086,1.7064426438433948,1.7158807655552668,1.7271575022327608,1.712006872153263,1.679895081761666,1.7313850916356615,2.281091665663499
1.7137842075490406,1.679629838961269,1.6023895508310577,1.7271575022327608,1.712006872153263,1.7506237784886827,1.674430567052006,2.0163904168315687
1.7137842075490406,1.6993854194240887,1.664127995804256,1.6883641842444104,1.6108716975950714,1.679895081761666,1.674430567052006,1.7981014785788747
1.6998923286799645,1.6151796088272965,1.6023895508310577,1.7068147330939003,1.712006872153263,1.5921588002084186,1.6902629586262337,2.106299572916015
1.6790417297633162,1.679629838961269,1.7235806074383886,1.6883641842444104,1.740161697408002,1.7251442790174032,1.7289901526046965,1.9375075510718127
1.6998923286799645,1.7064426438433948,1.739145546721486,1.6965904272371723,1.6742783505560792,1.6908042895381525,1.6452709403419923,1.8669264750160817
1.7100237645573086,1.679629838961269,1.7158807655552668,1.7068147330939003,1.7310425084923668,1.5921588002084186,1.6902629586262337,1.7928247593001219
1.6573830481183354,1.6151796088272965,1.6023895508310577,1.7068147330939003,1.712006872153263,1.7251442790174032,1.6452709403419923,2.369698138949881
1.6573830481183354,1.6993854194240887,1.739145546721486,1.7271575022327608,1.7310425084923668,1.679895081761666,1.674430567052006,1.790102116443042
1.6790417297633162,1.6151796088272965,1.7235806074383886,1.7271575022327608,1.740161697408002,1.5921588002084186,1.6452709403419923,1.4520625774204234
1.7137842075490406,1.6151796088272965,1.7158807655552668,1.7068147330939003,1.740161697408002,1.6908042895381525,1.6902629586262337,0.9072500828813285
1.6998923286799645,1.7331897966644987,1.7235806074383886,1.6965904272371723,1.712006872153263,1.7251442790174032,1.7313850916356615,0.6211762817750351
1.7100237645573086,1.6993854194240887,1.7235806074383886,1.6883641842444104,1.712006872153263,1.7251442790174032,1.7289901526046965,1.7513580706372016
1.6573830481183354,1.6151796088272965,1.664127995804256,1.6883641842444104,1.6108716975950714,1.679895081761666,1.6902629586262337,2.7596678446896306
1.9549819541044364,2.016476043004415,1.9846869924760897,1.9286450956603944,1.968777274279626,1.975707462397747,1.9601684891488498,2.5490032620257876
1.6998923286799645,1.7064426438433948,1.6023895508310577,1.6741636949281238,1.740161697408002,1.6908042895381525,1.7289901526046965,2.1137185266842535
1.6573830481183354,1.6151796088272965,1.739145546721486,1.6965904272371723,1.740161697408002,1.6908042895381525,1.674430567052006,1.8077360152522643
1.6790417297633162,1.7064426438433948,1.7158807655552668,1.7271575022327608,1.6108716975950714,1.679895081761666,1.7289901526046965,1.384439870103492
1.7100237645573086,1.6993854194240887,1.7235806074383886,1.6741636949281238,1.712006872153263,1.7251442790174032,1.7313850916356615,0.40732137779296895
1.6573830481183354,1.6151796088272965,1.7158807655552668,1.7068147330939003,1.712006872153263,1.5921588002084186,1.7289901526046965,0.04139268515822507
1.7137842075490406,1.6151796088272965,1.664127995804256,1.6741636949281238,1.6108716975950714,1.5921588002084186,1.674430567052006,3.109983294819892
1.6573830481183354,1.679629838961269,1.6023895508310577,1.6965904272371723,1.712006872153263,1.5921588002084186,1.6452709403419923,3.6560342834463664
1.7100237645573086,1.6151796088272965,1.7235806074383886,1.7271575022327608,1.6108716975950714,1.5921588002084186,1.7289901526046965,3.6560342834463664
1.6573830481183354,1.6151796088272965,1.6023895508310577,1.6883641842444104,1.740161697408002,1.7251442790174032,1.6452709403419923,3.126159652375837
1.6573830481183354,1.6151796088272965,1.7235806074383886,1.6883641842444104,1.7310425084923668,1.6908042895381525,1.674430567052006,2.900913067737669
1.6790417297633162,1.6993854194240887,1.739145546721486,1.6883641842444104,1.6108716975950714,1.7506237784886827,1.6452709403419923,2.900913067737669
1.6573830481183354,1.6151796088272965,1.6023895508310577,1.7271575022327608,1.7310425084923668,1.7251442790174032,1.6902629586262337,2.9060179692461596
1.7100237645573086,1.7064426438433948,1.664127995804256,1.6965904272371723,1.7310425084923668,1.7251442790174032,1.674430567052006,2.2973957102789804
2.04164812775191,2.030967330515607,2.009339144976824,1.9670118034339004,2.0306464345723496,1.9812104523830687,2.02581413544772,2.2307692308068616
2.04164812775191,2.0366462247798633,2.1079230951457557,2.0182142244380947,2.0306464345723496,2.02747249978093,2.0433946703124115,1.978733823568585
2.04164812775191,2.0627409835418646,2.009339144976824,1.9934177034212945,2.014392524283035,2.0699497099259,2.02581413544772,1.9692307711828732
2.0158098371762314,2.0627409835418646,2.1079230951457557,2.127896954105768,2.0276974262897896,2.0699497099259,2.02581413544772,1.892307694340667
2.04164812775191,1.9734068688474604,2.1079230951457557,1.9670118034339004,2.0306464345723496,2.02747249978093,2.0433946703124115,1.7999999969162366
2.026189315835818,2.030967330515607,2.021428672859327,1.9934177034212945,1.9885721858583376,2.02747249978093,2.0433946703124115,1.287801729930226
2.069515143866559,2.0627409835418646,1.999927262256694,1.9670118034339004,1.9885721858583376,2.017493076260406,1.9923247055312765,1.2041199826559248
2.04164812775191,2.050867129210448,2.1079230951457557,1.9670118034339004,1.9885721858583376,2.0699497099259,2.0433946703124115,1.0086001717619175
2.069515143866559,2.030967330515607,2.1079230951457557,2.127896954105768,2.014392524283035,2.046921018774172,1.9923247055312765,0.8450980400142568
2.069515143866559,2.0366462247798633,2.021428672859327,2.127896954105768,2.014392524283035,2.017493076260406,2.0433946703124115,0.6989700043360189
1.9473656763405973,2.030967330515607,2.1079230951457557,2.127896954105768,2.0276974262897896,2.02747249978093,2.044135718215566,1.5797835966168101
2.026189315835818,2.0366462247798633,2.021428672859327,1.9670118034339004,2.0306464345723496,2.017493076260406,2.02581413544772,1.7781512503836436
2.04164812775191,2.050867129210448,2.009339144976824,2.127896954105768,2.0276974262897896,2.046921018774172,2.0433946703124115,1.9912260756924949
2.0158098371762314,2.0627409835418646,2.021428672859327,2.0182142244380947,2.014392524283035,2.017493076260406,1.9923247055312765,2.1271047983648077
2.04164812775191,2.0366462247798633,2.021428672859327,1.9934177034212945,2.0276974262897896,2.017493076260406,2.02581413544772,1.3424226808222062
2.0158098371762314,2.0627409835418646,2.1079230951457557,1.9934177034212945,2.059192846719948,2.0699497099259,2.044135718215566,1.146128035678238
2.0158098371762314,1.9734068688474604,2.009339144976824,2.127896954105768,1.9885721858583376,1.9812104523830687,2.02581413544772,1.1760912590556813
1.9473656763405973,2.0627409835418646,2.1079230951457557,2.127896954105768,1.9885721858583376,2.046921018774172,1.9923247055312765,0.9542425094393249
2.04164812775191,2.0366462247798633,2.1079230951457557,2.052883450959817,2.0276974262897896,2.046921018774172,2.044135718215566,1.1139433523068367
2.026189315835818,2.0627409835418646,2.1079230951457557,1.9934177034212945,2.014392524283035,1.9812104523830687,2.044135718215566,1.0
2.069515143866559,2.050867129210448,2.0131875481238377,2.052883450959817,2.0306464345723496,1.9812104523830687,2.02581413544772,0.7781512503836436
2.04164812775191,2.030967330515607,2.0131875481238377,1.9670118034339004,2.0306464345723496,2.0699497099259,2.0330690366985826,0.9542425094393249
1.9685083946950754,2.016476043004415,1.9276998421179692,1.9286450956603944,1.9143642921070991,1.8595846321721892,1.9439130816039367,0.24551266781414982
1.9384495556815597,1.9485185708695254,1.9051718680031038,1.9698847040924803,1.9143642921070991,2.0315537557154992,1.95441027859074,0.08990511143939793
1.9549819541044364,1.9485185708695254,2.037975806183523,1.9698847040924803,1.9817877754593574,2.0315537557154992,1.95441027859074,0.021189299069938092
1.932013769887682,1.9591937169110203,2.037975806183523,1.9203990115991205,1.9817877754593574,1.9415666345028262,1.95441027859074,1.2498152044957964
1.4233404918377734,1.3452923930418401,1.3872732559864451,1.5055366652699929,1.415538761084811,1.4749606316379054,1.360133622135206,0.5185139398778874
1.4233404918377734,1.4222848682898594,1.4174340077621883,1.5055366652699929,1.723103123638102,1.514087655236651,1.5761289101655187,0.568201724066995
1.5737622233754751,1.3452923930418401,1.3872732559864451,1.4191107395356277,1.3703773050666301,1.514087655236651,1.5761289101655187,0.6434526764861874
1.4854446141233892,1.3452923930418401,1.5708072852157628,1.6489543117472945,1.415538761084811,1.4275885272251263,1.3212260233131676,0.9493900066449128
1.5737622233754751,1.3182107544959365,1.4174340077621883,1.6489543117472945,1.723103123638102,1.514087655236651,1.5404396363770971,0.8260748027008264
1.4233404918377734,1.4924834337253872,1.4174340077621883,1.6489543117472945,1.723103123638102,1.4749606316379054,1.330696548660062,0.7558748556724915
1.4039490624670332,1.4924834337253872,1.29284541880516,1.6489543117472945,1.3703773050666301,1.4275885272251263,1.5761289101655187,1.173186268412274
1.5737622233754751,1.4969115276770215,1.5708072852157628,1.4191107395356277,1.2281854835191788,1.4275885272251263,1.330696548660062,0.724275869600789
1.4854446141233892,1.4969115276770215,1.3872732559864451,1.3002408780453676,1.723103123638102,1.559851233950051,1.330696548660062,0.9138138523837167
1.2313843716817847,1.4222848682898594,1.4684182050619714,1.6489543117472945,1.723103123638102,1.559851233950051,1.5761289101655187,0.8388490907372553
1.4233404918377734,1.4969115276770215,1.4174340077621883,1.351535002781548,1.3703773050666301,1.1662632050436696,1.5404396363770971,1.1038037209559568
1.5737622233754751,1.4924834337253872,1.5708072852157628,1.3002408780453676,1.415538761084811,1.559851233950051,1.5404396363770971,0.8195439355418687
-0.963589148928464,-1.0173634397691342,-1.0361914344063499,-0.9799714461453801,-0.9519220069775316,-0.949772861745974,-0.9420465382802465,-0.19027064065837837
-0.98054416735823,-1.0173634397691342,-0.9386590724881072,-0.9425881472791569,-1.0399760549566663,-0.949772861745974,-0.96587489399754,-0.09789480570879569
-0.98054416735823,-0.9967921272489737,-0.9868830311116864,-0.9878024337955492,-1.0399760549566663,-0.9762155783079223,-1.0132492567694165,-0.17406393441079837
-0.98054416735823,-1.0034393799111665,-0.9386590724881072,-0.9878024337955492,-0.9826306597528534,-0.9893439938162585,-0.986073560440287,-0.18036855635661647
-1.0048853427793751,-0.9967921272489737,-0.9579726049865305,-0.9878024337955492,-0.9687746625532787,-0.9762155783079223,-0.9924377765486991,-0.14113630205649785
-0.9590755784052705,-1.0173634397691342,-0.9386590724881072,-0.9791888932864237,-0.9516851377270272,-0.9893439938162585,-0.986073560440287,-0.1939258981997734
-0.98054416735823,-1.0173634397691342,-0.9754383915851421,-0.9799714461453801,-0.9519220069775316,-1.040403344782448,-1.0132492567694165,-0.1309766742338382
-0.98054416735823,-0.9461591766195774,-1.0361914344063499,-0.9791888932864237,-0.9519220069775316,-0.949772861745974,-1.0132492567694165,-0.24428289044235987
-0.98054416735823,-1.0173634397691342,-0.9868830311116864,-0.9425881472791569,-1.0399760549566663,-0.9517262074634434,-0.986073560440287,-0.23333958636951027
-0.98054416735823,-0.9967921272489737,-1.0361914344063499,-0.9791888932864237,-0.9687746625532787,-0.9893439938162585,-0.9420465382802465,-0.2528423170671802
-1.0048853427793751,-1.0034393799111665,-0.9754383915851421,-0.9791888932864237,-0.9519220069775316,-1.040403344782448,-0.986073560440287,-0.2117566594096218
-0.9590755784052705,-1.0173634397691342,-0.9754383915851421,-1.007623098701696,-0.9519220069775316,-0.9762155783079223,-1.0132492567694165,-0.2581081307584723
-0.9732832810925289,-0.9461591766195774,-0.9868830311116864,-1.007623098701696,-1.0399760549566663,-1.040403344782448,-0.9420465382802465,-0.263310348299661
-0.9732832810925289,-1.0034393799111665,-0.9868830311116864,-0.9878024337955492,-0.9826306597528534,-0.9517262074634434,-1.0132492567694165,-0.14413814739178446
-1.0048853427793751,-0.9312719268163423,-1.0361914344063499,-0.9799714461453801,-0.9826306597528534,-1.040403344782448,-1.0132492567694165,-0.2601967260854237
-0.9590755784052705,-0.9461591766195774,-1.0361914344063499,-0.9791888932864237,-1.0399760549566663,-0.9762155783079223,-1.0132492567694165,-0.27454085737483547
-0.9732832810925289,-1.0173634397691342,-1.0361914344063499,-1.007623098701696,-1.0399760549566663,-1.040403344782448,-1.0132492567694165,-0.30565194441676663
-0.98054416735823,-1.0034393799111665,-0.9868830311116864,-0.9799714461453801,-0.9687746625532787,-1.040403344782448,-0.9924377765486991,-0.1674355267009823
3.001929132828703,2.764835245828239,2.029625765080257,3.193042997162697,1.6670264572573448,2.9568491711093587,2.990009530785077,3.6989700043360187
3.2090660418853854,2.9395457708533757,2.029625765080257,2.7201490508372954,1.6670264572573448,3.101143440902706,3.128279861232742,3.6989700043360187
1.4233404918377734,1.4222848682898594,1.29284541880516,1.3002408780453676,1.2281854835191788,1.514087655236651,1.330696548660062,2.746874658338978
1.5737622233754751,1.4924834337253872,1.4174340077621883,1.4191107395356277,1.3703773050666301,1.4275885272251263,1.330696548660062,2.4165289159282226
1.2313843716817847,1.3452923930418401,1.3872732559864451,1.4191107395356277,1.3703773050666301,1.4749606316379054,1.330696548660062,2.3540075827213145
1.4233404918377734,1.3182107544959365,1.3872732559864451,1.351535002781548,1.415538761084811,1.1662632050436696,1.3212260233131676,3.21045229296202
1.2313843716817847,1.3182107544959365,1.4174340077621883,1.6489543117472945,1.2281854835191788,1.1662632050436696,1.3212260233131676,0.9325682743251955
1.2313843716817847,1.3452923930418401,1.4174340077621883,1.3002408780453676,1.2281854835191788,1.1662632050436696,1.360133622135206,3.5122395591010913
1.2313843716817847,1.3182107544959365,1.29284541880516,1.5055366652699929,1.2281854835191788,1.1662632050436696,1.3212260233131676,2.304183927444558
1.932013769887682,2.016476043004415,1.9279674128235842,2.0063288018147767,1.9143642921070991,1.8595846321721892,1.9601684891488498,1.8970770032094204
1.9473656763405973,2.0366462247798633,2.021428672859327,2.127896954105768,2.014392524283035,2.0699497099259,1.9923247055312765,1.7403626894942439
1.6998923286799645,1.7331897966644987,1.664127995804256,1.6965904272371723,1.6742783505560792,1.7506237784886827,1.6452709403419923,2.1825002473792
-0.9590755784052705,-0.9967921272489737,-0.9579726049865305,-0.9791888932864237,-0.9826306597528534,-0.9762155783079223,-0.9924377765486991,-0.8830935322935174
2.069515143866559,1.9734068688474604,1.999927262256694,1.9670118034339004,2.059192846719948,1.9812104523830687,2.02581413544772,2.7483431044875495
2.04164812775191,2.0627409835418646,2.009339144976824,1.9670118034339004,2.0306464345723496,2.017493076260406,2.02581413544772,2.8374369137301994
1.9473656763405973,2.0627409835418646,2.0131875481238377,1.9934177034212945,1.9885721858583376,2.017493076260406,1.9923247055312765,2.78801273285574
2.026189315835818,2.030967330515607,2.009339144976824,2.127896954105768,2.014392524283035,1.9812104523830687,2.044135718215566,3.141305507230986
2.069515143866559,1.9734068688474604,2.0131875481238377,1.9670118034339004,2.0306464345723496,2.0699497099259,2.044135718215566,2.462368045522524
2.0158098371762314,2.030967330515607,2.0131875481238377,1.9934177034212945,2.0306464345723496,2.0699497099259,2.02581413544772,2.741939077729199
2.069515143866559,1.9734068688474604,1.999927262256694,2.127896954105768,2.0276974262897896,2.046921018774172,2.044135718215566,3.0
1.9473656763405973,2.050867129210448,2.0131875481238377,2.127896954105768,2.0306464345723496,2.017493076260406,1.9923247055312765,2.9354820739988465
2.026189315835818,2.030967330515607,1.999927262256694,1.9934177034212945,1.9885721858583376,1.9812104523830687,2.02581413544772,2.814274238747904
2.026189315835818,2.050867129210448,2.0131875481238377,2.0182142244380947,2.014392524283035,2.046921018774172,2.02581413544772,2.70687133673295
1.9473656763405973,1.9734068688474604,2.0131875481238377,1.9934177034212945,2.014392524283035,2.046921018774172,1.9923247055312765,3.20652095363069
2.04164812775191,2.0366462247798633,1.999927262256694,1.9934177034212945,1.9885721858583376,1.9812104523830687,1.9923247055312765,3.3586960995738107
2.04164812775191,2.0627409835418646,2.1079230951457557,1.9670118034339004,1.9885721858583376,2.017493076260406,2.0330690366985826,3.076086756743291
2.0158098371762314,1.9734068688474604,2.1079230951457557,1.9934177034212945,2.0306464345723496,2.02747249978093,2.0433946703124115,2.9565237915936438
2.2389990433175107,2.2919493909742994,2.290739514509235,2.380411685357233,2.3012674351903417,2.306679401665488,2.2422698479163916,2.155336037465062
2.276175485652657,2.2919493909742994,2.290739514509235,2.2298681110365886,2.2336370869617825,2.2895966799904874,2.259089201012132,2.3010299956639813
2.238459382250729,2.2721385298352548,2.221576776748245,2.2353508290047315,2.1777861670472234,2.182714371547908,2.259089201012132,2.4082399653118496
2.3330336283076187,2.3240565385925787,2.3214822969754403,2.380411685357233,2.315267896099637,2.306679401665488,2.259089201012132,2.012837224705172
2.2636081173640323,2.3240565385925787,2.221576776748245,2.2353508290047315,2.315267896099637,2.182714371547908,2.2422698479163916,2.4082399653118496
2.2389990433175107,2.2670461958826658,2.3214822969754403,2.2298681110365886,2.1777861670472234,2.306679401665488,2.2422698479163916,2.44870631990508
1.9549819541044364,1.9591937169110203,1.9051718680031038,2.0063288018147767,1.9817877754593574,1.975707462397747,1.9601684891488498,1.8487323228597905
1.9685083946950754,1.9552567269257521,1.9051718680031038,1.9698847040924803,1.9787020157917334,1.9548405559241875,1.95441027859074,1.6911547233885742
1.9685083946950754,1.9552567269257521,2.037975806183523,1.9513632485235477,1.968777274279626,1.8595846321721892,1.927221512923019,1.8273016807154139
1.9685083946950754,1.8585154430001725,1.9279674128235842,1.9698847040924803,1.9601136416043392,1.975707462397747,2.012179504109061,1.749807017901001
1.9685083946950754,1.9552567269257521,1.9276998421179692,2.0063288018147767,1.9817877754593574,1.9415666345028262,2.012179504109061,1.7718984742630428
1.9384495556815597,1.9485185708695254,1.9276998421179692,1.9513632485235477,1.968777274279626,1.975707462397747,1.95441027859074,1.630063952650961
1.9384495556815597,1.9552567269257521,1.9846869924760897,1.9203990115991205,1.9817877754593574,2.0315537557154992,1.9439130816039367,1.7697723174478275
1.932013769887682,2.016476043004415,1.9276998421179692,1.9513632485235477,1.9601136416043392,1.9548405559241875,1.95441027859074,1.5817214203849028
1.9685083946950754,1.9591937169110203,1.9279674128235842,1.9286450956603944,1.9143642921070991,1.9548405559241875,1.9601684891488498,1.3746432963453468
1.9384495556815597,1.8585154430001725,1.9276998421179692,1.9698847040924803,1.9601136416043392,1.9415666345028262,1.9601684891488498,1.5279582682846446
1.9384495556815597,1.8585154430001725,2.037975806183523,1.9286450956603944,1.968777274279626,1.975707462397747,1.9439130816039367,1.5007691607550182
1.9781916072786947,1.9591937169110203,1.9051718680031038,1.9286450956603944,1.9787020157917334,1.8595846321721892,2.012179504109061,1.430205792067269
1.9549819541044364,1.9552567269257521,1.9846869924760897,1.9286450956603944,1.9787020157917334,1.8595846321721892,1.927221512923019,1.4742734181326773
1.9781916072786947,1.9485185708695254,1.9051718680031038,2.0063288018147767,1.9143642921070991,1.9548405559241875,1.9439130816039367,1.413813520543354
1.932013769887682,1.9485185708695254,1.9276998421179692,1.9286450956603944,1.9787020157917334,2.0315537557154992,2.012179504109061,1.4743461977881533
1.932013769887682,1.9552567269257521,1.9276998421179692,1.9203990115991205,1.9787020157917334,1.975707462397747,1.927221512923019,1.2354641059591605
1.9384495556815597,1.8585154430001725,1.9276998421179692,1.9513632485235477,1.9601136416043392,1.9548405559241875,1.95441027859074,1.3764099587970406
1.9685083946950754,1.9552567269257521,1.9279674128235842,1.9513632485235477,1.968777274279626,2.0315537557154992,1.927221512923019,1.3804753391098448
1.9384495556815597,1.9485185708695254,2.037975806183523,1.9203990115991205,1.9601136416043392,1.9415666345028262,1.9601684891488498,1.2966491780990934
1.9781916072786947,1.9485185708695254,1.9846869924760897,1.9203990115991205,1.9601136416043392,1.8595846321721892,1.9601684891488498,1.2981821517911347
1.932013769887682,1.9552567269257521,1.9276998421179692,1.9286450956603944,1.9817877754593574,1.9548405559241875,1.9439130816039367,1.280691413343001
1.9549819541044364,2.016476043004415,1.9846869924760897,1.9513632485235477,1.9817877754593574,1.9548405559241875,1.95441027859074,1.0941349531626912
1.932013769887682,1.9552567269257521,2.037975806183523,1.9513632485235477,1.968777274279626,2.0315537557154992,2.012179504109061,1.2302819158169285
1.9685083946950754,1.9485185708695254,1.9276998421179692,1.9698847040924803,1.968777274279626,2.0315537557154992,1.9439130816039367,1.239856395556882
1.9685083946950754,1.9591937169110203,1.9051718680031038,1.9203990115991205,1.968777274279626,1.9548405559241875,1.95441027859074,1.3604028425674604
1.9549819541044364,2.016476043004415,2.037975806183523,2.0063288018147767,1.9817877754593574,1.975707462397747,2.012179504109061,0.9887917815307437
1.9781916072786947,1.9485185708695254,2.037975806183523,1.9513632485235477,1.9817877754593574,1.975707462397747,1.927221512923019,1.0801263997448851
1.932013769887682,2.016476043004415,2.037975806183523,2.0063288018147767,1.968777274279626,1.9548405559241875,2.012179504109061,1.0801263997448851
1.9685083946950754,1.9591937169110203,2.037975806183523,2.0063288018147767,1.9601136416043392,1.9415666345028262,2.012179504109061,1.1555354937858646
1.9549819541044364,1.9552567269257521,2.037975806183523,1.9513632485235477,1.9601136416043392,2.0315537557154992,1.927221512923019,1.0458367464142944
1.9384495556815597,1.9485185708695254,2.037975806183523,2.0063288018147767,1.9787020157917334,1.9415666345028262,1.9601684891488498,0.6961949619737903
1.9384495556815597,1.9552567269257521,1.9279674128235842,1.9203990115991205,1.9143642921070991,1.9548405559241875,2.012179504109061,1.0508370135649823
1.9781916072786947,2.016476043004415,2.037975806183523,1.9513632485235477,1.968777274279626,2.0315537557154992,2.012179504109061,0.797579815793672
1.9549819541044364,1.9591937169110203,1.9276998421179692,2.0063288018147767,1.9787020157917334,2.0315537557154992,1.9601684891488498,0.8305933515989188
1.9781916072786947,2.016476043004415,1.9846869924760897,2.0063288018147767,1.9787020157917334,1.975707462397747,2.012179504109061,0.797579815793672
1.9781916072786947,1.8585154430001725,1.9846869924760897,1.9286450956603944,1.9787020157917334,1.9415666345028262,1.927221512923019,0.9614366144771598
1.9549819541044364,1.9552567269257521,2.037975806183523,1.9698847040924803,1.9787020157917334,1.9548405559241875,1.9601684891488498,0.9871310649941744
1.9384495556815597,1.9485185708695254,1.9846869924760897,1.9203990115991205,1.968777274279626,1.9548405559241875,1.927221512923019,1.1263196365340924
1.9384495556815597,1.9591937169110203,1.9279674128235842,1.9698847040924803,1.9817877754593574,2.0315537557154992,1.927221512923019,0.7183985420597738
1.9549819541044364,1.9552567269257521,1.9051718680031038,1.9286450956603944,1.9143642921070991,1.9415666345028262,1.9601684891488498,0.7083774685149052
1.9549819541044364,1.9485185708695254,1.9846869924760897,1.9513632485235477,1.9601136416043392,1.9415666345028262,1.9439130816039367,1.0215842860140794
1.9549819541044364,1.9591937169110203,1.9051718680031038,2.0063288018147767,1.9787020157917334,1.9415666345028262,2.012179504109061,0.7436195787442547
1.6790417297633162,1.679629838961269,1.7235806074383886,1.7068147330939003,1.7310425084923668,1.7506237784886827,1.674430567052006,2.3089697081782496
-0.98054416735823,-1.0034393799111665,-0.9579726049865305,-0.9878024337955492,-1.0399760549566663,-0.9893439938162585,-0.96587489399754,-0.9642581622839809
-1.6257291769779976,-1.6164194023316967,-1.6441901704581148,-1.6730808194663853,-1.634374594866247,-1.6587412504321748,-1.6477791324089186,-1.3857673833012918
-1.6257291769779976,-1.6344299018081192,-1.6643889747129645,-1.6273418864244278,-1.5867423392985598,-1.6113047324190188,-1.6477791324089186,-1.3730337962190438
-1.6257291769779976,-1.6342639588392969,-1.6444852626716022,-1.6730808194663853,-1.6364185232701913,-1.6582112702557104,-1.6477791324089186,-1.3845128816013417
-1.6552356561869468,-1.6342639588392969,-1.6643889747129645,-1.59910815137941,-1.6364185232701913,-1.6044196297506752,-1.630793320578634,-1.3819832992045376
-1.6552356561869468,-1.6164194023316967,-1.6441901704581148,-1.6730808194663853,-1.634374594866247,-1.6587412504321748,-1.6113825298183553,-1.3477536589966768
-1.6177397643570421,-1.6344299018081192,-1.6441901704581148,-1.6296192511730858,-1.6198594190311284,-1.62192049439615,-1.6294239520995064,-1.3486638254569079
-1.6177397643570421,-1.6344299018081192,-1.5939820881035915,-1.6730808194663853,-1.6364185232701913,-1.6113047324190188,-1.6294239520995064,-1.347028827982411
-1.6245126548921602,-1.6112796297262646,-1.6643889747129645,-1.6730808194663853,-1.5867423392985598,-1.6587412504321748,-1.6477791324089186,-1.320018231549058
-1.6177397643570421,-1.6112796297262646,-1.6643889747129645,-1.6730808194663853,-1.6364185232701913,-1.6044196297506752,-1.600391383862999,-1.3129975050754203
-1.6552356561869468,-1.6258190671189814,-1.6444852626716022,-1.6296192511730858,-1.634374594866247,-1.6587412504321748,-1.6294239520995064,-1.2702441295679425
-1.0048853427793751,-1.0034393799111665,-0.9754383915851421,-1.007623098701696,-0.9516851377270272,-0.9762155783079223,-0.9924377765486991,-0.8512585658663705
-0.963589148928464,-1.0034393799111665,-0.9754383915851421,-0.9791888932864237,-0.9516851377270272,-0.9762155783079223,-0.96587489399754,-0.8260740209714625
-1.6552356561869468,-1.6344299018081192,-1.6643889747129645,-1.6273418864244278,-1.6364185232701913,-1.6587412504321748,-1.630793320578634,-1.281805664527351
-1.6552356561869468,-1.6164194023316967,-1.6643889747129645,-1.6296192511730858,-1.6364185232701913,-1.6582112702557104,-1.600391383862999,-1.1793126128942129
-1.5830861173201722,-1.6258190671189814,-1.6441901704581148,-1.59910815137941,-1.6409988598833307,-1.6582112702557104,-1.6113825298183553,-1.1442204668542997
-1.6245126548921602,-1.6342639588392969,-1.6444852626716022,-1.6041469081019943,-1.634374594866247,-1.62192049439615,-1.6477791324089186,-1.193528332390942
-0.9732832810925289,-1.0173634397691342,-0.9754383915851421,-0.9799714461453801,-0.9519220069775316,-0.9762155783079223,-0.986073560440287,-0.9066588769311237
-1.0048853427793751,-0.9312719268163423,-0.9579726049865305,-0.9791888932864237,-1.0399760549566663,-0.9517262074634434,-0.986073560440287,-0.9395174720148929
1.9384495556815597,1.9552567269257521,2.037975806183523,1.9698847040924803,1.9143642921070991,2.0315537557154992,1.927221512923019,2.7158002125209113
1.9549819541044364,1.8585154430001725,2.037975806183523,1.9203990115991205,1.9143642921070991,2.0315537557154992,1.927221512923019,2.597415086445643
1.9781916072786947,1.9591937169110203,1.9279674128235842,1.9513632485235477,1.9143642921070991,1.975707462397747,1.9439130816039367,2.3254133417105067
1.9384495556815597,1.9591937169110203,1.9051718680031038,1.9698847040924803,1.9143642921070991,1.9548405559241875,2.012179504109061,2.2151978629265603
-0.98054416735823,-1.0173634397691342,-1.0361914344063499,-0.9425881472791569,-0.9826306597528534,-0.949772861745974,-0.9924377765486991,-0.7563221486733889
1.6573830481183354,1.6151796088272965,1.7235806074383886,1.6883641842444104,1.712006872153263,1.7506237784886827,1.6452709403419923,2.1994639048906626
2.04164812775191,2.030967330515607,2.009339144976824,2.052883450959817,2.014392524283035,2.046921018774172,2.044135718215566,1.8114400989511272
1.9473656763405973,1.9734068688474604,2.021428672859327,2.127896954105768,1.9885721858583376,1.9812104523830687,2.0330690366985826,1.432071328734167
2.0158098371762314,2.0366462247798633,2.021428672859327,2.0182142244380947,2.0306464345723496,2.046921018774172,2.02581413544772,1.366804595051468
2.069515143866559,2.0366462247798633,2.0131875481238377,2.052883450959817,2.0276974262897896,2.017493076260406,2.0433946703124115,1.7479928841299552
1.9384495556815597,2.016476043004415,1.9051718680031038,1.9203990115991205,1.9143642921070991,1.975707462397747,1.927221512923019,2.3314430320711645
1.9685083946950754,1.9552567269257521,1.9279674128235842,1.9513632485235477,1.9143642921070991,1.975707462397747,1.9439130816039367,1.7478664447500405
1.9781916072786947,1.9485185708695254,2.037975806183523,2.0063288018147767,1.9817877754593574,1.975707462397747,1.9601684891488498,0.9697152021274
1.9549819541044364,2.016476043004415,1.9846869924760897,1.9513632485235477,1.9601136416043392,2.0315537557154992,1.927221512923019,0.9697152021274
1.7100237645573086,1.6151796088272965,1.6023895508310577,1.6883641842444104,1.740161697408002,1.7251442790174032,1.674430567052006,2.4899584794248346
-0.9590755784052705,-0.9967921272489737,-0.9754383915851421,-0.9791888932864237,-0.9687746625532787,-0.9517262074634434,-0.986073560440287,-0.9158958046558494
-0.963589148928464,-0.9312719268163423,-1.0361914344063499,-1.007623098701696,-0.9519220069775316,-0.9517262074634434,-0.96587489399754,-0.9084104134950777
-0.9590755784052705,-0.9461591766195774,-0.9386590724881072,-0.9425881472791569,-0.9687746625532787,-0.9893439938162585,-1.0132492567694165,-0.9280959104850157
-0.98054416735823,-0.9312719268163423,-0.9386590724881072,-0.9791888932864237,-0.9826306597528534,-0.9762155783079223,-0.9924377765486991,-0.9411338301253493
-0.963589148928464,-1.0034393799111665,-1.0361914344063499,-1.007623098701696,-0.9826306597528534,-0.9762155783079223,-0.9420465382802465,-0.9158958046558494
-0.98054416735823,-0.9312719268163423,-0.9754383915851421,-0.9799714461453801,-0.9687746625532787,-1.040403344782448,-0.986073560440287,-1.0
-0.9732832810925289,-1.0173634397691342,-0.9754383915851421,-0.9799714461453801,-0.9516851377270272,-0.949772861745974,-0.9924377765486991,-0.954242943734024
