paper,target,model,fp kernel,count kernel,mixing method,ood_test_rmse,ood_test_r2,ood_test_mae,ood_test_cvpp_ama,ood_test_cdf_ama,ood_test_nll,ood_test_ece,ood_test_Cv,ood_test_RUSC,ood_test_sharpness,ood_test_run_time_sec,iid_test_rmse,iid_test_r2,iid_test_mae,iid_test_cvpp_ama,iid_test_cdf_ama,iid_test_nll,iid_test_ece,iid_test_Cv,iid_test_RUSC,iid_test_sharpness,iid_test_run_time_sec
Robust Learning from Literature Data_Model Generalizability and Uncertainty for Predicting Conjugated Polymer Solution Conformation,target_log Rg (nm),RF,,,,,,,,,,,,,,,,,,,,,,,,,
Robust Learning from Literature Data_Model Generalizability and Uncertainty for Predicting Conjugated Polymer Solution Conformation,target_log Rg (nm),XGBR,,,,,,,,,,,,,,,,,,,,,,,,,
Robust Learning from Literature Data_Model Generalizability and Uncertainty for Predicting Conjugated Polymer Solution Conformation,target_log Rg (nm),NGB,,,,,,,,,,,,,,,,,,,,,,,,,
Robust Learning from Literature Data_Model Generalizability and Uncertainty for Predicting Conjugated Polymer Solution Conformation,target_log Rg (nm),GpyroHMC,TanimotoMatern32,Matern32,sum,,,,,,,,,,,,,,,,,,,,,,
Robust Learning from Literature Data_Model Generalizability and Uncertainty for Predicting Conjugated Polymer Solution Conformation,target_log Rg (nm),GpyroHMC,TanimotoMatern32,Matern32,product,,,,,,,,,,,,,,,,,,,,,,
Robust Learning from Literature Data_Model Generalizability and Uncertainty for Predicting Conjugated Polymer Solution Conformation,target_log Rg (nm),GpyroHMC,TanimotoMatern32,Matern32,averageProduct,,,,,,,,,,,,,,,,,,,,,,
Robust Learning from Literature Data_Model Generalizability and Uncertainty for Predicting Conjugated Polymer Solution Conformation,target_log Rg (nm),GpyroHMC,TanimotoMatern32,Matern32,(count:+)x(fp:x),,,,,,,,,,,,,,,,,,,,,,
Robust Learning from Literature Data_Model Generalizability and Uncertainty for Predicting Conjugated Polymer Solution Conformation,target_log Rg (nm),GpyroHMC,TanimotoMatern32,Matern32,(count:+)x(fp:+),,,,,,,,,,,,,,,,,,,,,,
Robust Learning from Literature Data_Model Generalizability and Uncertainty for Predicting Conjugated Polymer Solution Conformation,target_log Rg (nm),GpyroHMC,TanimotoMatern32,Matern32,(count:x)+(fp:x),,,,,,,,,,,,,,,,,,,,,,
Robust Learning from Literature Data_Model Generalizability and Uncertainty for Predicting Conjugated Polymer Solution Conformation,target_log Rg (nm),GpyroHMC,TanimotoMatern32,Matern52,sum,,,,,,,,,,,,,,,,,,,,,,
Robust Learning from Literature Data_Model Generalizability and Uncertainty for Predicting Conjugated Polymer Solution Conformation,target_log Rg (nm),GpyroHMC,TanimotoMatern32,Matern52,product,,,,,,,,,,,,,,,,,,,,,,
Robust Learning from Literature Data_Model Generalizability and Uncertainty for Predicting Conjugated Polymer Solution Conformation,target_log Rg (nm),GpyroHMC,TanimotoMatern32,Matern52,averageProduct,,,,,,,,,,,,,,,,,,,,,,
Robust Learning from Literature Data_Model Generalizability and Uncertainty for Predicting Conjugated Polymer Solution Conformation,target_log Rg (nm),GpyroHMC,TanimotoMatern32,Matern52,(count:+)x(fp:x),,,,,,,,,,,,,,,,,,,,,,
Robust Learning from Literature Data_Model Generalizability and Uncertainty for Predicting Conjugated Polymer Solution Conformation,target_log Rg (nm),GpyroHMC,TanimotoMatern32,Matern52,(count:+)x(fp:+),,,,,,,,,,,,,,,,,,,,,,
Robust Learning from Literature Data_Model Generalizability and Uncertainty for Predicting Conjugated Polymer Solution Conformation,target_log Rg (nm),GpyroHMC,TanimotoMatern32,Matern52,(count:x)+(fp:x),,,,,,,,,,,,,,,,,,,,,,
Robust Learning from Literature Data_Model Generalizability and Uncertainty for Predicting Conjugated Polymer Solution Conformation,target_log Rg (nm),GpyroHMC,TanimotoMatern32,RBF,sum,,,,,,,,,,,,,,,,,,,,,,
Robust Learning from Literature Data_Model Generalizability and Uncertainty for Predicting Conjugated Polymer Solution Conformation,target_log Rg (nm),GpyroHMC,TanimotoMatern32,RBF,product,,,,,,,,,,,,,,,,,,,,,,
Robust Learning from Literature Data_Model Generalizability and Uncertainty for Predicting Conjugated Polymer Solution Conformation,target_log Rg (nm),GpyroHMC,TanimotoMatern32,RBF,averageProduct,,,,,,,,,,,,,,,,,,,,,,
Robust Learning from Literature Data_Model Generalizability and Uncertainty for Predicting Conjugated Polymer Solution Conformation,target_log Rg (nm),GpyroHMC,TanimotoMatern32,RBF,(count:+)x(fp:x),,,,,,,,,,,,,,,,,,,,,,
Robust Learning from Literature Data_Model Generalizability and Uncertainty for Predicting Conjugated Polymer Solution Conformation,target_log Rg (nm),GpyroHMC,TanimotoMatern32,RBF,(count:+)x(fp:+),,,,,,,,,,,,,,,,,,,,,,
Robust Learning from Literature Data_Model Generalizability and Uncertainty for Predicting Conjugated Polymer Solution Conformation,target_log Rg (nm),GpyroHMC,TanimotoMatern32,RBF,(count:x)+(fp:x),,,,,,,,,,,,,,,,,,,,,,
Robust Learning from Literature Data_Model Generalizability and Uncertainty for Predicting Conjugated Polymer Solution Conformation,target_log Rg (nm),GpyroHMC,TanimotoMatern52,Matern32,sum,,,,,,,,,,,,,,,,,,,,,,
Robust Learning from Literature Data_Model Generalizability and Uncertainty for Predicting Conjugated Polymer Solution Conformation,target_log Rg (nm),GpyroHMC,TanimotoMatern52,Matern32,product,,,,,,,,,,,,,,,,,,,,,,
Robust Learning from Literature Data_Model Generalizability and Uncertainty for Predicting Conjugated Polymer Solution Conformation,target_log Rg (nm),GpyroHMC,TanimotoMatern52,Matern32,averageProduct,,,,,,,,,,,,,,,,,,,,,,
Robust Learning from Literature Data_Model Generalizability and Uncertainty for Predicting Conjugated Polymer Solution Conformation,target_log Rg (nm),GpyroHMC,TanimotoMatern52,Matern32,(count:+)x(fp:x),,,,,,,,,,,,,,,,,,,,,,
Robust Learning from Literature Data_Model Generalizability and Uncertainty for Predicting Conjugated Polymer Solution Conformation,target_log Rg (nm),GpyroHMC,TanimotoMatern52,Matern32,(count:+)x(fp:+),,,,,,,,,,,,,,,,,,,,,,
Robust Learning from Literature Data_Model Generalizability and Uncertainty for Predicting Conjugated Polymer Solution Conformation,target_log Rg (nm),GpyroHMC,TanimotoMatern52,Matern32,(count:x)+(fp:x),,,,,,,,,,,,,,,,,,,,,,
Robust Learning from Literature Data_Model Generalizability and Uncertainty for Predicting Conjugated Polymer Solution Conformation,target_log Rg (nm),GpyroHMC,TanimotoMatern52,Matern52,sum,,,,,,,,,,,,,,,,,,,,,,
Robust Learning from Literature Data_Model Generalizability and Uncertainty for Predicting Conjugated Polymer Solution Conformation,target_log Rg (nm),GpyroHMC,TanimotoMatern52,Matern52,product,,,,,,,,,,,,,,,,,,,,,,
Robust Learning from Literature Data_Model Generalizability and Uncertainty for Predicting Conjugated Polymer Solution Conformation,target_log Rg (nm),GpyroHMC,TanimotoMatern52,Matern52,averageProduct,,,,,,,,,,,,,,,,,,,,,,
Robust Learning from Literature Data_Model Generalizability and Uncertainty for Predicting Conjugated Polymer Solution Conformation,target_log Rg (nm),GpyroHMC,TanimotoMatern52,Matern52,(count:+)x(fp:x),,,,,,,,,,,,,,,,,,,,,,
Robust Learning from Literature Data_Model Generalizability and Uncertainty for Predicting Conjugated Polymer Solution Conformation,target_log Rg (nm),GpyroHMC,TanimotoMatern52,Matern52,(count:+)x(fp:+),,,,,,,,,,,,,,,,,,,,,,
Robust Learning from Literature Data_Model Generalizability and Uncertainty for Predicting Conjugated Polymer Solution Conformation,target_log Rg (nm),GpyroHMC,TanimotoMatern52,Matern52,(count:x)+(fp:x),,,,,,,,,,,,,,,,,,,,,,
Robust Learning from Literature Data_Model Generalizability and Uncertainty for Predicting Conjugated Polymer Solution Conformation,target_log Rg (nm),GpyroHMC,TanimotoMatern52,RBF,sum,,,,,,,,,,,,,,,,,,,,,,
Robust Learning from Literature Data_Model Generalizability and Uncertainty for Predicting Conjugated Polymer Solution Conformation,target_log Rg (nm),GpyroHMC,TanimotoMatern52,RBF,product,,,,,,,,,,,,,,,,,,,,,,
Robust Learning from Literature Data_Model Generalizability and Uncertainty for Predicting Conjugated Polymer Solution Conformation,target_log Rg (nm),GpyroHMC,TanimotoMatern52,RBF,averageProduct,,,,,,,,,,,,,,,,,,,,,,
Robust Learning from Literature Data_Model Generalizability and Uncertainty for Predicting Conjugated Polymer Solution Conformation,target_log Rg (nm),GpyroHMC,TanimotoMatern52,RBF,(count:+)x(fp:x),,,,,,,,,,,,,,,,,,,,,,
Robust Learning from Literature Data_Model Generalizability and Uncertainty for Predicting Conjugated Polymer Solution Conformation,target_log Rg (nm),GpyroHMC,TanimotoMatern52,RBF,(count:+)x(fp:+),,,,,,,,,,,,,,,,,,,,,,
Robust Learning from Literature Data_Model Generalizability and Uncertainty for Predicting Conjugated Polymer Solution Conformation,target_log Rg (nm),GpyroHMC,TanimotoMatern52,RBF,(count:x)+(fp:x),,,,,,,,,,,,,,,,,,,,,,
Robust Learning from Literature Data_Model Generalizability and Uncertainty for Predicting Conjugated Polymer Solution Conformation,target_log Rg (nm),GpyroHMC,TanimotoRBF,Matern32,sum,,,,,,,,,,,,,,,,,,,,,,
Robust Learning from Literature Data_Model Generalizability and Uncertainty for Predicting Conjugated Polymer Solution Conformation,target_log Rg (nm),GpyroHMC,TanimotoRBF,Matern32,product,,,,,,,,,,,,,,,,,,,,,,
Robust Learning from Literature Data_Model Generalizability and Uncertainty for Predicting Conjugated Polymer Solution Conformation,target_log Rg (nm),GpyroHMC,TanimotoRBF,Matern32,averageProduct,,,,,,,,,,,,,,,,,,,,,,
Robust Learning from Literature Data_Model Generalizability and Uncertainty for Predicting Conjugated Polymer Solution Conformation,target_log Rg (nm),GpyroHMC,TanimotoRBF,Matern32,(count:+)x(fp:x),,,,,,,,,,,,,,,,,,,,,,
Robust Learning from Literature Data_Model Generalizability and Uncertainty for Predicting Conjugated Polymer Solution Conformation,target_log Rg (nm),GpyroHMC,TanimotoRBF,Matern32,(count:+)x(fp:+),,,,,,,,,,,,,,,,,,,,,,
Robust Learning from Literature Data_Model Generalizability and Uncertainty for Predicting Conjugated Polymer Solution Conformation,target_log Rg (nm),GpyroHMC,TanimotoRBF,Matern32,(count:x)+(fp:x),,,,,,,,,,,,,,,,,,,,,,
Robust Learning from Literature Data_Model Generalizability and Uncertainty for Predicting Conjugated Polymer Solution Conformation,target_log Rg (nm),GpyroHMC,TanimotoRBF,Matern52,sum,,,,,,,,,,,,,,,,,,,,,,
Robust Learning from Literature Data_Model Generalizability and Uncertainty for Predicting Conjugated Polymer Solution Conformation,target_log Rg (nm),GpyroHMC,TanimotoRBF,Matern52,product,,,,,,,,,,,,,,,,,,,,,,
Robust Learning from Literature Data_Model Generalizability and Uncertainty for Predicting Conjugated Polymer Solution Conformation,target_log Rg (nm),GpyroHMC,TanimotoRBF,Matern52,averageProduct,,,,,,,,,,,,,,,,,,,,,,
Robust Learning from Literature Data_Model Generalizability and Uncertainty for Predicting Conjugated Polymer Solution Conformation,target_log Rg (nm),GpyroHMC,TanimotoRBF,Matern52,(count:+)x(fp:x),,,,,,,,,,,,,,,,,,,,,,
Robust Learning from Literature Data_Model Generalizability and Uncertainty for Predicting Conjugated Polymer Solution Conformation,target_log Rg (nm),GpyroHMC,TanimotoRBF,Matern52,(count:+)x(fp:+),,,,,,,,,,,,,,,,,,,,,,
Robust Learning from Literature Data_Model Generalizability and Uncertainty for Predicting Conjugated Polymer Solution Conformation,target_log Rg (nm),GpyroHMC,TanimotoRBF,Matern52,(count:x)+(fp:x),,,,,,,,,,,,,,,,,,,,,,
Robust Learning from Literature Data_Model Generalizability and Uncertainty for Predicting Conjugated Polymer Solution Conformation,target_log Rg (nm),GpyroHMC,TanimotoRBF,RBF,sum,,,,,,,,,,,,,,,,,,,,,,
Robust Learning from Literature Data_Model Generalizability and Uncertainty for Predicting Conjugated Polymer Solution Conformation,target_log Rg (nm),GpyroHMC,TanimotoRBF,RBF,product,,,,,,,,,,,,,,,,,,,,,,
Robust Learning from Literature Data_Model Generalizability and Uncertainty for Predicting Conjugated Polymer Solution Conformation,target_log Rg (nm),GpyroHMC,TanimotoRBF,RBF,averageProduct,,,,,,,,,,,,,,,,,,,,,,
Robust Learning from Literature Data_Model Generalizability and Uncertainty for Predicting Conjugated Polymer Solution Conformation,target_log Rg (nm),GpyroHMC,TanimotoRBF,RBF,(count:+)x(fp:x),,,,,,,,,,,,,,,,,,,,,,
Robust Learning from Literature Data_Model Generalizability and Uncertainty for Predicting Conjugated Polymer Solution Conformation,target_log Rg (nm),GpyroHMC,TanimotoRBF,RBF,(count:+)x(fp:+),,,,,,,,,,,,,,,,,,,,,,
Robust Learning from Literature Data_Model Generalizability and Uncertainty for Predicting Conjugated Polymer Solution Conformation,target_log Rg (nm),GpyroHMC,TanimotoRBF,RBF,(count:x)+(fp:x),,,,,,,,,,,,,,,,,,,,,,
Robust Learning from Literature Data_Model Generalizability and Uncertainty for Predicting Conjugated Polymer Solution Conformation,target_log Rg (nm),GpyroHMC,Tanimoto,Matern32,sum,,,,,,,,,,,,,,,,,,,,,,
Robust Learning from Literature Data_Model Generalizability and Uncertainty for Predicting Conjugated Polymer Solution Conformation,target_log Rg (nm),GpyroHMC,Tanimoto,Matern32,product,,,,,,,,,,,,,,,,,,,,,,
Robust Learning from Literature Data_Model Generalizability and Uncertainty for Predicting Conjugated Polymer Solution Conformation,target_log Rg (nm),GpyroHMC,Tanimoto,Matern32,averageProduct,,,,,,,,,,,,,,,,,,,,,,
Robust Learning from Literature Data_Model Generalizability and Uncertainty for Predicting Conjugated Polymer Solution Conformation,target_log Rg (nm),GpyroHMC,Tanimoto,Matern32,(count:+)x(fp:x),,,,,,,,,,,,,,,,,,,,,,
Robust Learning from Literature Data_Model Generalizability and Uncertainty for Predicting Conjugated Polymer Solution Conformation,target_log Rg (nm),GpyroHMC,Tanimoto,Matern32,(count:+)x(fp:+),,,,,,,,,,,,,,,,,,,,,,
Robust Learning from Literature Data_Model Generalizability and Uncertainty for Predicting Conjugated Polymer Solution Conformation,target_log Rg (nm),GpyroHMC,Tanimoto,Matern32,(count:x)+(fp:x),,,,,,,,,,,,,,,,,,,,,,
Robust Learning from Literature Data_Model Generalizability and Uncertainty for Predicting Conjugated Polymer Solution Conformation,target_log Rg (nm),GpyroHMC,Tanimoto,Matern52,sum,,,,,,,,,,,,,,,,,,,,,,
Robust Learning from Literature Data_Model Generalizability and Uncertainty for Predicting Conjugated Polymer Solution Conformation,target_log Rg (nm),GpyroHMC,Tanimoto,Matern52,product,,,,,,,,,,,,,,,,,,,,,,
Robust Learning from Literature Data_Model Generalizability and Uncertainty for Predicting Conjugated Polymer Solution Conformation,target_log Rg (nm),GpyroHMC,Tanimoto,Matern52,averageProduct,,,,,,,,,,,,,,,,,,,,,,
Robust Learning from Literature Data_Model Generalizability and Uncertainty for Predicting Conjugated Polymer Solution Conformation,target_log Rg (nm),GpyroHMC,Tanimoto,Matern52,(count:+)x(fp:x),,,,,,,,,,,,,,,,,,,,,,
Robust Learning from Literature Data_Model Generalizability and Uncertainty for Predicting Conjugated Polymer Solution Conformation,target_log Rg (nm),GpyroHMC,Tanimoto,Matern52,(count:+)x(fp:+),,,,,,,,,,,,,,,,,,,,,,
Robust Learning from Literature Data_Model Generalizability and Uncertainty for Predicting Conjugated Polymer Solution Conformation,target_log Rg (nm),GpyroHMC,Tanimoto,Matern52,(count:x)+(fp:x),,,,,,,,,,,,,,,,,,,,,,
Robust Learning from Literature Data_Model Generalizability and Uncertainty for Predicting Conjugated Polymer Solution Conformation,target_log Rg (nm),GpyroHMC,Tanimoto,RBF,sum,,,,,,,,,,,,,,,,,,,,,,
Robust Learning from Literature Data_Model Generalizability and Uncertainty for Predicting Conjugated Polymer Solution Conformation,target_log Rg (nm),GpyroHMC,Tanimoto,RBF,product,,,,,,,,,,,,,,,,,,,,,,
Robust Learning from Literature Data_Model Generalizability and Uncertainty for Predicting Conjugated Polymer Solution Conformation,target_log Rg (nm),GpyroHMC,Tanimoto,RBF,averageProduct,,,,,,,,,,,,,,,,,,,,,,
Robust Learning from Literature Data_Model Generalizability and Uncertainty for Predicting Conjugated Polymer Solution Conformation,target_log Rg (nm),GpyroHMC,Tanimoto,RBF,(count:+)x(fp:x),,,,,,,,,,,,,,,,,,,,,,
Robust Learning from Literature Data_Model Generalizability and Uncertainty for Predicting Conjugated Polymer Solution Conformation,target_log Rg (nm),GpyroHMC,Tanimoto,RBF,(count:+)x(fp:+),,,,,,,,,,,,,,,,,,,,,,
Robust Learning from Literature Data_Model Generalizability and Uncertainty for Predicting Conjugated Polymer Solution Conformation,target_log Rg (nm),GpyroHMC,Tanimoto,RBF,(count:x)+(fp:x),,,,,,,,,,,,,,,,,,,,,,
Robust Learning from Literature Data_Model Generalizability and Uncertainty for Predicting Conjugated Polymer Solution Conformation,target_log Rg (nm),GpyroHMC,Matern32,Matern32,sum,,,,,,,,,,,,,,,,,,,,,,
Robust Learning from Literature Data_Model Generalizability and Uncertainty for Predicting Conjugated Polymer Solution Conformation,target_log Rg (nm),GpyroHMC,Matern32,Matern32,product,,,,,,,,,,,,,,,,,,,,,,
Robust Learning from Literature Data_Model Generalizability and Uncertainty for Predicting Conjugated Polymer Solution Conformation,target_log Rg (nm),GpyroHMC,Matern32,Matern32,averageProduct,,,,,,,,,,,,,,,,,,,,,,
Robust Learning from Literature Data_Model Generalizability and Uncertainty for Predicting Conjugated Polymer Solution Conformation,target_log Rg (nm),GpyroHMC,Matern32,Matern32,(count:+)x(fp:x),,,,,,,,,,,,,,,,,,,,,,
Robust Learning from Literature Data_Model Generalizability and Uncertainty for Predicting Conjugated Polymer Solution Conformation,target_log Rg (nm),GpyroHMC,Matern32,Matern32,(count:+)x(fp:+),,,,,,,,,,,,,,,,,,,,,,
Robust Learning from Literature Data_Model Generalizability and Uncertainty for Predicting Conjugated Polymer Solution Conformation,target_log Rg (nm),GpyroHMC,Matern32,Matern32,(count:x)+(fp:x),,,,,,,,,,,,,,,,,,,,,,
Robust Learning from Literature Data_Model Generalizability and Uncertainty for Predicting Conjugated Polymer Solution Conformation,target_log Rg (nm),GpyroHMC,Matern32,Matern52,sum,,,,,,,,,,,,,,,,,,,,,,
Robust Learning from Literature Data_Model Generalizability and Uncertainty for Predicting Conjugated Polymer Solution Conformation,target_log Rg (nm),GpyroHMC,Matern32,Matern52,product,,,,,,,,,,,,,,,,,,,,,,
Robust Learning from Literature Data_Model Generalizability and Uncertainty for Predicting Conjugated Polymer Solution Conformation,target_log Rg (nm),GpyroHMC,Matern32,Matern52,averageProduct,,,,,,,,,,,,,,,,,,,,,,
Robust Learning from Literature Data_Model Generalizability and Uncertainty for Predicting Conjugated Polymer Solution Conformation,target_log Rg (nm),GpyroHMC,Matern32,Matern52,(count:+)x(fp:x),,,,,,,,,,,,,,,,,,,,,,
Robust Learning from Literature Data_Model Generalizability and Uncertainty for Predicting Conjugated Polymer Solution Conformation,target_log Rg (nm),GpyroHMC,Matern32,Matern52,(count:+)x(fp:+),,,,,,,,,,,,,,,,,,,,,,
Robust Learning from Literature Data_Model Generalizability and Uncertainty for Predicting Conjugated Polymer Solution Conformation,target_log Rg (nm),GpyroHMC,Matern32,Matern52,(count:x)+(fp:x),,,,,,,,,,,,,,,,,,,,,,
Robust Learning from Literature Data_Model Generalizability and Uncertainty for Predicting Conjugated Polymer Solution Conformation,target_log Rg (nm),GpyroHMC,Matern32,RBF,sum,,,,,,,,,,,,,,,,,,,,,,
Robust Learning from Literature Data_Model Generalizability and Uncertainty for Predicting Conjugated Polymer Solution Conformation,target_log Rg (nm),GpyroHMC,Matern32,RBF,product,,,,,,,,,,,,,,,,,,,,,,
Robust Learning from Literature Data_Model Generalizability and Uncertainty for Predicting Conjugated Polymer Solution Conformation,target_log Rg (nm),GpyroHMC,Matern32,RBF,averageProduct,,,,,,,,,,,,,,,,,,,,,,
Robust Learning from Literature Data_Model Generalizability and Uncertainty for Predicting Conjugated Polymer Solution Conformation,target_log Rg (nm),GpyroHMC,Matern32,RBF,(count:+)x(fp:x),,,,,,,,,,,,,,,,,,,,,,
Robust Learning from Literature Data_Model Generalizability and Uncertainty for Predicting Conjugated Polymer Solution Conformation,target_log Rg (nm),GpyroHMC,Matern32,RBF,(count:+)x(fp:+),,,,,,,,,,,,,,,,,,,,,,
Robust Learning from Literature Data_Model Generalizability and Uncertainty for Predicting Conjugated Polymer Solution Conformation,target_log Rg (nm),GpyroHMC,Matern32,RBF,(count:x)+(fp:x),,,,,,,,,,,,,,,,,,,,,,
Robust Learning from Literature Data_Model Generalizability and Uncertainty for Predicting Conjugated Polymer Solution Conformation,target_log Rg (nm),GpyroHMC,Matern52,Matern32,sum,,,,,,,,,,,,,,,,,,,,,,
Robust Learning from Literature Data_Model Generalizability and Uncertainty for Predicting Conjugated Polymer Solution Conformation,target_log Rg (nm),GpyroHMC,Matern52,Matern32,product,,,,,,,,,,,,,,,,,,,,,,
Robust Learning from Literature Data_Model Generalizability and Uncertainty for Predicting Conjugated Polymer Solution Conformation,target_log Rg (nm),GpyroHMC,Matern52,Matern32,averageProduct,,,,,,,,,,,,,,,,,,,,,,
Robust Learning from Literature Data_Model Generalizability and Uncertainty for Predicting Conjugated Polymer Solution Conformation,target_log Rg (nm),GpyroHMC,Matern52,Matern32,(count:+)x(fp:x),,,,,,,,,,,,,,,,,,,,,,
Robust Learning from Literature Data_Model Generalizability and Uncertainty for Predicting Conjugated Polymer Solution Conformation,target_log Rg (nm),GpyroHMC,Matern52,Matern32,(count:+)x(fp:+),,,,,,,,,,,,,,,,,,,,,,
Robust Learning from Literature Data_Model Generalizability and Uncertainty for Predicting Conjugated Polymer Solution Conformation,target_log Rg (nm),GpyroHMC,Matern52,Matern32,(count:x)+(fp:x),,,,,,,,,,,,,,,,,,,,,,
Robust Learning from Literature Data_Model Generalizability and Uncertainty for Predicting Conjugated Polymer Solution Conformation,target_log Rg (nm),GpyroHMC,Matern52,Matern52,sum,,,,,,,,,,,,,,,,,,,,,,
Robust Learning from Literature Data_Model Generalizability and Uncertainty for Predicting Conjugated Polymer Solution Conformation,target_log Rg (nm),GpyroHMC,Matern52,Matern52,product,,,,,,,,,,,,,,,,,,,,,,
Robust Learning from Literature Data_Model Generalizability and Uncertainty for Predicting Conjugated Polymer Solution Conformation,target_log Rg (nm),GpyroHMC,Matern52,Matern52,averageProduct,,,,,,,,,,,,,,,,,,,,,,
Robust Learning from Literature Data_Model Generalizability and Uncertainty for Predicting Conjugated Polymer Solution Conformation,target_log Rg (nm),GpyroHMC,Matern52,Matern52,(count:+)x(fp:x),,,,,,,,,,,,,,,,,,,,,,
Robust Learning from Literature Data_Model Generalizability and Uncertainty for Predicting Conjugated Polymer Solution Conformation,target_log Rg (nm),GpyroHMC,Matern52,Matern52,(count:+)x(fp:+),,,,,,,,,,,,,,,,,,,,,,
Robust Learning from Literature Data_Model Generalizability and Uncertainty for Predicting Conjugated Polymer Solution Conformation,target_log Rg (nm),GpyroHMC,Matern52,Matern52,(count:x)+(fp:x),,,,,,,,,,,,,,,,,,,,,,
Robust Learning from Literature Data_Model Generalizability and Uncertainty for Predicting Conjugated Polymer Solution Conformation,target_log Rg (nm),GpyroHMC,Matern52,RBF,sum,,,,,,,,,,,,,,,,,,,,,,
Robust Learning from Literature Data_Model Generalizability and Uncertainty for Predicting Conjugated Polymer Solution Conformation,target_log Rg (nm),GpyroHMC,Matern52,RBF,product,,,,,,,,,,,,,,,,,,,,,,
Robust Learning from Literature Data_Model Generalizability and Uncertainty for Predicting Conjugated Polymer Solution Conformation,target_log Rg (nm),GpyroHMC,Matern52,RBF,averageProduct,,,,,,,,,,,,,,,,,,,,,,
Robust Learning from Literature Data_Model Generalizability and Uncertainty for Predicting Conjugated Polymer Solution Conformation,target_log Rg (nm),GpyroHMC,Matern52,RBF,(count:+)x(fp:x),,,,,,,,,,,,,,,,,,,,,,
Robust Learning from Literature Data_Model Generalizability and Uncertainty for Predicting Conjugated Polymer Solution Conformation,target_log Rg (nm),GpyroHMC,Matern52,RBF,(count:+)x(fp:+),,,,,,,,,,,,,,,,,,,,,,
Robust Learning from Literature Data_Model Generalizability and Uncertainty for Predicting Conjugated Polymer Solution Conformation,target_log Rg (nm),GpyroHMC,Matern52,RBF,(count:x)+(fp:x),,,,,,,,,,,,,,,,,,,,,,
Robust Learning from Literature Data_Model Generalizability and Uncertainty for Predicting Conjugated Polymer Solution Conformation,target_log Rg (nm),GpyroHMC,RBF,Matern32,sum,,,,,,,,,,,,,,,,,,,,,,
Robust Learning from Literature Data_Model Generalizability and Uncertainty for Predicting Conjugated Polymer Solution Conformation,target_log Rg (nm),GpyroHMC,RBF,Matern32,product,,,,,,,,,,,,,,,,,,,,,,
Robust Learning from Literature Data_Model Generalizability and Uncertainty for Predicting Conjugated Polymer Solution Conformation,target_log Rg (nm),GpyroHMC,RBF,Matern32,averageProduct,,,,,,,,,,,,,,,,,,,,,,
Robust Learning from Literature Data_Model Generalizability and Uncertainty for Predicting Conjugated Polymer Solution Conformation,target_log Rg (nm),GpyroHMC,RBF,Matern32,(count:+)x(fp:x),,,,,,,,,,,,,,,,,,,,,,
Robust Learning from Literature Data_Model Generalizability and Uncertainty for Predicting Conjugated Polymer Solution Conformation,target_log Rg (nm),GpyroHMC,RBF,Matern32,(count:+)x(fp:+),,,,,,,,,,,,,,,,,,,,,,
Robust Learning from Literature Data_Model Generalizability and Uncertainty for Predicting Conjugated Polymer Solution Conformation,target_log Rg (nm),GpyroHMC,RBF,Matern32,(count:x)+(fp:x),,,,,,,,,,,,,,,,,,,,,,
Robust Learning from Literature Data_Model Generalizability and Uncertainty for Predicting Conjugated Polymer Solution Conformation,target_log Rg (nm),GpyroHMC,RBF,Matern52,sum,,,,,,,,,,,,,,,,,,,,,,
Robust Learning from Literature Data_Model Generalizability and Uncertainty for Predicting Conjugated Polymer Solution Conformation,target_log Rg (nm),GpyroHMC,RBF,Matern52,product,,,,,,,,,,,,,,,,,,,,,,
Robust Learning from Literature Data_Model Generalizability and Uncertainty for Predicting Conjugated Polymer Solution Conformation,target_log Rg (nm),GpyroHMC,RBF,Matern52,averageProduct,,,,,,,,,,,,,,,,,,,,,,
Robust Learning from Literature Data_Model Generalizability and Uncertainty for Predicting Conjugated Polymer Solution Conformation,target_log Rg (nm),GpyroHMC,RBF,Matern52,(count:+)x(fp:x),,,,,,,,,,,,,,,,,,,,,,
Robust Learning from Literature Data_Model Generalizability and Uncertainty for Predicting Conjugated Polymer Solution Conformation,target_log Rg (nm),GpyroHMC,RBF,Matern52,(count:+)x(fp:+),,,,,,,,,,,,,,,,,,,,,,
Robust Learning from Literature Data_Model Generalizability and Uncertainty for Predicting Conjugated Polymer Solution Conformation,target_log Rg (nm),GpyroHMC,RBF,Matern52,(count:x)+(fp:x),,,,,,,,,,,,,,,,,,,,,,
Robust Learning from Literature Data_Model Generalizability and Uncertainty for Predicting Conjugated Polymer Solution Conformation,target_log Rg (nm),GpyroHMC,RBF,RBF,sum,,,,,,,,,,,,,,,,,,,,,,
Robust Learning from Literature Data_Model Generalizability and Uncertainty for Predicting Conjugated Polymer Solution Conformation,target_log Rg (nm),GpyroHMC,RBF,RBF,product,,,,,,,,,,,,,,,,,,,,,,
Robust Learning from Literature Data_Model Generalizability and Uncertainty for Predicting Conjugated Polymer Solution Conformation,target_log Rg (nm),GpyroHMC,RBF,RBF,averageProduct,,,,,,,,,,,,,,,,,,,,,,
Robust Learning from Literature Data_Model Generalizability and Uncertainty for Predicting Conjugated Polymer Solution Conformation,target_log Rg (nm),GpyroHMC,RBF,RBF,(count:+)x(fp:x),,,,,,,,,,,,,,,,,,,,,,
Robust Learning from Literature Data_Model Generalizability and Uncertainty for Predicting Conjugated Polymer Solution Conformation,target_log Rg (nm),GpyroHMC,RBF,RBF,(count:+)x(fp:+),,,,,,,,,,,,,,,,,,,,,,
Robust Learning from Literature Data_Model Generalizability and Uncertainty for Predicting Conjugated Polymer Solution Conformation,target_log Rg (nm),GpyroHMC,RBF,RBF,(count:x)+(fp:x),,,,,,,,,,,,,,,,,,,,,,
Robust Learning from Literature Data_Model Generalizability and Uncertainty for Predicting Conjugated Polymer Solution Conformation,target_log Rg (nm),GPytorchMAP,TanimotoMatern32,Matern32,sum,,,,,,,,,,,,,,,,,,,,,,
Robust Learning from Literature Data_Model Generalizability and Uncertainty for Predicting Conjugated Polymer Solution Conformation,target_log Rg (nm),GPytorchMAP,TanimotoMatern32,Matern32,product,,,,,,,,,,,,,,,,,,,,,,
Robust Learning from Literature Data_Model Generalizability and Uncertainty for Predicting Conjugated Polymer Solution Conformation,target_log Rg (nm),GPytorchMAP,TanimotoMatern32,Matern32,averageProduct,,,,,,,,,,,,,,,,,,,,,,
Robust Learning from Literature Data_Model Generalizability and Uncertainty for Predicting Conjugated Polymer Solution Conformation,target_log Rg (nm),GPytorchMAP,TanimotoMatern32,Matern32,(count:+)x(fp:x),,,,,,,,,,,,,,,,,,,,,,
Robust Learning from Literature Data_Model Generalizability and Uncertainty for Predicting Conjugated Polymer Solution Conformation,target_log Rg (nm),GPytorchMAP,TanimotoMatern32,Matern32,(count:+)x(fp:+),,,,,,,,,,,,,,,,,,,,,,
Robust Learning from Literature Data_Model Generalizability and Uncertainty for Predicting Conjugated Polymer Solution Conformation,target_log Rg (nm),GPytorchMAP,TanimotoMatern32,Matern32,(count:x)+(fp:x),,,,,,,,,,,,,,,,,,,,,,
Robust Learning from Literature Data_Model Generalizability and Uncertainty for Predicting Conjugated Polymer Solution Conformation,target_log Rg (nm),GPytorchMAP,TanimotoMatern32,Matern52,sum,,,,,,,,,,,,,,,,,,,,,,
Robust Learning from Literature Data_Model Generalizability and Uncertainty for Predicting Conjugated Polymer Solution Conformation,target_log Rg (nm),GPytorchMAP,TanimotoMatern32,Matern52,product,,,,,,,,,,,,,,,,,,,,,,
Robust Learning from Literature Data_Model Generalizability and Uncertainty for Predicting Conjugated Polymer Solution Conformation,target_log Rg (nm),GPytorchMAP,TanimotoMatern32,Matern52,averageProduct,,,,,,,,,,,,,,,,,,,,,,
Robust Learning from Literature Data_Model Generalizability and Uncertainty for Predicting Conjugated Polymer Solution Conformation,target_log Rg (nm),GPytorchMAP,TanimotoMatern32,Matern52,(count:+)x(fp:x),,,,,,,,,,,,,,,,,,,,,,
Robust Learning from Literature Data_Model Generalizability and Uncertainty for Predicting Conjugated Polymer Solution Conformation,target_log Rg (nm),GPytorchMAP,TanimotoMatern32,Matern52,(count:+)x(fp:+),,,,,,,,,,,,,,,,,,,,,,
Robust Learning from Literature Data_Model Generalizability and Uncertainty for Predicting Conjugated Polymer Solution Conformation,target_log Rg (nm),GPytorchMAP,TanimotoMatern32,Matern52,(count:x)+(fp:x),,,,,,,,,,,,,,,,,,,,,,
Robust Learning from Literature Data_Model Generalizability and Uncertainty for Predicting Conjugated Polymer Solution Conformation,target_log Rg (nm),GPytorchMAP,TanimotoMatern32,RBF,sum,,,,,,,,,,,,,,,,,,,,,,
Robust Learning from Literature Data_Model Generalizability and Uncertainty for Predicting Conjugated Polymer Solution Conformation,target_log Rg (nm),GPytorchMAP,TanimotoMatern32,RBF,product,,,,,,,,,,,,,,,,,,,,,,
Robust Learning from Literature Data_Model Generalizability and Uncertainty for Predicting Conjugated Polymer Solution Conformation,target_log Rg (nm),GPytorchMAP,TanimotoMatern32,RBF,averageProduct,,,,,,,,,,,,,,,,,,,,,,
Robust Learning from Literature Data_Model Generalizability and Uncertainty for Predicting Conjugated Polymer Solution Conformation,target_log Rg (nm),GPytorchMAP,TanimotoMatern32,RBF,(count:+)x(fp:x),,,,,,,,,,,,,,,,,,,,,,
Robust Learning from Literature Data_Model Generalizability and Uncertainty for Predicting Conjugated Polymer Solution Conformation,target_log Rg (nm),GPytorchMAP,TanimotoMatern32,RBF,(count:+)x(fp:+),,,,,,,,,,,,,,,,,,,,,,
Robust Learning from Literature Data_Model Generalizability and Uncertainty for Predicting Conjugated Polymer Solution Conformation,target_log Rg (nm),GPytorchMAP,TanimotoMatern32,RBF,(count:x)+(fp:x),,,,,,,,,,,,,,,,,,,,,,
Robust Learning from Literature Data_Model Generalizability and Uncertainty for Predicting Conjugated Polymer Solution Conformation,target_log Rg (nm),GPytorchMAP,TanimotoMatern52,Matern32,sum,,,,,,,,,,,,,,,,,,,,,,
Robust Learning from Literature Data_Model Generalizability and Uncertainty for Predicting Conjugated Polymer Solution Conformation,target_log Rg (nm),GPytorchMAP,TanimotoMatern52,Matern32,product,,,,,,,,,,,,,,,,,,,,,,
Robust Learning from Literature Data_Model Generalizability and Uncertainty for Predicting Conjugated Polymer Solution Conformation,target_log Rg (nm),GPytorchMAP,TanimotoMatern52,Matern32,averageProduct,,,,,,,,,,,,,,,,,,,,,,
Robust Learning from Literature Data_Model Generalizability and Uncertainty for Predicting Conjugated Polymer Solution Conformation,target_log Rg (nm),GPytorchMAP,TanimotoMatern52,Matern32,(count:+)x(fp:x),,,,,,,,,,,,,,,,,,,,,,
Robust Learning from Literature Data_Model Generalizability and Uncertainty for Predicting Conjugated Polymer Solution Conformation,target_log Rg (nm),GPytorchMAP,TanimotoMatern52,Matern32,(count:+)x(fp:+),,,,,,,,,,,,,,,,,,,,,,
Robust Learning from Literature Data_Model Generalizability and Uncertainty for Predicting Conjugated Polymer Solution Conformation,target_log Rg (nm),GPytorchMAP,TanimotoMatern52,Matern32,(count:x)+(fp:x),,,,,,,,,,,,,,,,,,,,,,
Robust Learning from Literature Data_Model Generalizability and Uncertainty for Predicting Conjugated Polymer Solution Conformation,target_log Rg (nm),GPytorchMAP,TanimotoMatern52,Matern52,sum,,,,,,,,,,,,,,,,,,,,,,
Robust Learning from Literature Data_Model Generalizability and Uncertainty for Predicting Conjugated Polymer Solution Conformation,target_log Rg (nm),GPytorchMAP,TanimotoMatern52,Matern52,product,,,,,,,,,,,,,,,,,,,,,,
Robust Learning from Literature Data_Model Generalizability and Uncertainty for Predicting Conjugated Polymer Solution Conformation,target_log Rg (nm),GPytorchMAP,TanimotoMatern52,Matern52,averageProduct,,,,,,,,,,,,,,,,,,,,,,
Robust Learning from Literature Data_Model Generalizability and Uncertainty for Predicting Conjugated Polymer Solution Conformation,target_log Rg (nm),GPytorchMAP,TanimotoMatern52,Matern52,(count:+)x(fp:x),,,,,,,,,,,,,,,,,,,,,,
Robust Learning from Literature Data_Model Generalizability and Uncertainty for Predicting Conjugated Polymer Solution Conformation,target_log Rg (nm),GPytorchMAP,TanimotoMatern52,Matern52,(count:+)x(fp:+),,,,,,,,,,,,,,,,,,,,,,
Robust Learning from Literature Data_Model Generalizability and Uncertainty for Predicting Conjugated Polymer Solution Conformation,target_log Rg (nm),GPytorchMAP,TanimotoMatern52,Matern52,(count:x)+(fp:x),,,,,,,,,,,,,,,,,,,,,,
Robust Learning from Literature Data_Model Generalizability and Uncertainty for Predicting Conjugated Polymer Solution Conformation,target_log Rg (nm),GPytorchMAP,TanimotoMatern52,RBF,sum,,,,,,,,,,,,,,,,,,,,,,
Robust Learning from Literature Data_Model Generalizability and Uncertainty for Predicting Conjugated Polymer Solution Conformation,target_log Rg (nm),GPytorchMAP,TanimotoMatern52,RBF,product,,,,,,,,,,,,,,,,,,,,,,
Robust Learning from Literature Data_Model Generalizability and Uncertainty for Predicting Conjugated Polymer Solution Conformation,target_log Rg (nm),GPytorchMAP,TanimotoMatern52,RBF,averageProduct,,,,,,,,,,,,,,,,,,,,,,
Robust Learning from Literature Data_Model Generalizability and Uncertainty for Predicting Conjugated Polymer Solution Conformation,target_log Rg (nm),GPytorchMAP,TanimotoMatern52,RBF,(count:+)x(fp:x),,,,,,,,,,,,,,,,,,,,,,
Robust Learning from Literature Data_Model Generalizability and Uncertainty for Predicting Conjugated Polymer Solution Conformation,target_log Rg (nm),GPytorchMAP,TanimotoMatern52,RBF,(count:+)x(fp:+),,,,,,,,,,,,,,,,,,,,,,
Robust Learning from Literature Data_Model Generalizability and Uncertainty for Predicting Conjugated Polymer Solution Conformation,target_log Rg (nm),GPytorchMAP,TanimotoMatern52,RBF,(count:x)+(fp:x),,,,,,,,,,,,,,,,,,,,,,
Robust Learning from Literature Data_Model Generalizability and Uncertainty for Predicting Conjugated Polymer Solution Conformation,target_log Rg (nm),GPytorchMAP,TanimotoRBF,Matern32,sum,,,,,,,,,,,,,,,,,,,,,,
Robust Learning from Literature Data_Model Generalizability and Uncertainty for Predicting Conjugated Polymer Solution Conformation,target_log Rg (nm),GPytorchMAP,TanimotoRBF,Matern32,product,,,,,,,,,,,,,,,,,,,,,,
Robust Learning from Literature Data_Model Generalizability and Uncertainty for Predicting Conjugated Polymer Solution Conformation,target_log Rg (nm),GPytorchMAP,TanimotoRBF,Matern32,averageProduct,,,,,,,,,,,,,,,,,,,,,,
Robust Learning from Literature Data_Model Generalizability and Uncertainty for Predicting Conjugated Polymer Solution Conformation,target_log Rg (nm),GPytorchMAP,TanimotoRBF,Matern32,(count:+)x(fp:x),,,,,,,,,,,,,,,,,,,,,,
Robust Learning from Literature Data_Model Generalizability and Uncertainty for Predicting Conjugated Polymer Solution Conformation,target_log Rg (nm),GPytorchMAP,TanimotoRBF,Matern32,(count:+)x(fp:+),,,,,,,,,,,,,,,,,,,,,,
Robust Learning from Literature Data_Model Generalizability and Uncertainty for Predicting Conjugated Polymer Solution Conformation,target_log Rg (nm),GPytorchMAP,TanimotoRBF,Matern32,(count:x)+(fp:x),,,,,,,,,,,,,,,,,,,,,,
Robust Learning from Literature Data_Model Generalizability and Uncertainty for Predicting Conjugated Polymer Solution Conformation,target_log Rg (nm),GPytorchMAP,TanimotoRBF,Matern52,sum,,,,,,,,,,,,,,,,,,,,,,
Robust Learning from Literature Data_Model Generalizability and Uncertainty for Predicting Conjugated Polymer Solution Conformation,target_log Rg (nm),GPytorchMAP,TanimotoRBF,Matern52,product,,,,,,,,,,,,,,,,,,,,,,
Robust Learning from Literature Data_Model Generalizability and Uncertainty for Predicting Conjugated Polymer Solution Conformation,target_log Rg (nm),GPytorchMAP,TanimotoRBF,Matern52,averageProduct,,,,,,,,,,,,,,,,,,,,,,
Robust Learning from Literature Data_Model Generalizability and Uncertainty for Predicting Conjugated Polymer Solution Conformation,target_log Rg (nm),GPytorchMAP,TanimotoRBF,Matern52,(count:+)x(fp:x),,,,,,,,,,,,,,,,,,,,,,
Robust Learning from Literature Data_Model Generalizability and Uncertainty for Predicting Conjugated Polymer Solution Conformation,target_log Rg (nm),GPytorchMAP,TanimotoRBF,Matern52,(count:+)x(fp:+),,,,,,,,,,,,,,,,,,,,,,
Robust Learning from Literature Data_Model Generalizability and Uncertainty for Predicting Conjugated Polymer Solution Conformation,target_log Rg (nm),GPytorchMAP,TanimotoRBF,Matern52,(count:x)+(fp:x),,,,,,,,,,,,,,,,,,,,,,
Robust Learning from Literature Data_Model Generalizability and Uncertainty for Predicting Conjugated Polymer Solution Conformation,target_log Rg (nm),GPytorchMAP,TanimotoRBF,RBF,sum,,,,,,,,,,,,,,,,,,,,,,
Robust Learning from Literature Data_Model Generalizability and Uncertainty for Predicting Conjugated Polymer Solution Conformation,target_log Rg (nm),GPytorchMAP,TanimotoRBF,RBF,product,,,,,,,,,,,,,,,,,,,,,,
Robust Learning from Literature Data_Model Generalizability and Uncertainty for Predicting Conjugated Polymer Solution Conformation,target_log Rg (nm),GPytorchMAP,TanimotoRBF,RBF,averageProduct,,,,,,,,,,,,,,,,,,,,,,
Robust Learning from Literature Data_Model Generalizability and Uncertainty for Predicting Conjugated Polymer Solution Conformation,target_log Rg (nm),GPytorchMAP,TanimotoRBF,RBF,(count:+)x(fp:x),,,,,,,,,,,,,,,,,,,,,,
Robust Learning from Literature Data_Model Generalizability and Uncertainty for Predicting Conjugated Polymer Solution Conformation,target_log Rg (nm),GPytorchMAP,TanimotoRBF,RBF,(count:+)x(fp:+),,,,,,,,,,,,,,,,,,,,,,
Robust Learning from Literature Data_Model Generalizability and Uncertainty for Predicting Conjugated Polymer Solution Conformation,target_log Rg (nm),GPytorchMAP,TanimotoRBF,RBF,(count:x)+(fp:x),,,,,,,,,,,,,,,,,,,,,,
Robust Learning from Literature Data_Model Generalizability and Uncertainty for Predicting Conjugated Polymer Solution Conformation,target_log Rg (nm),GPytorchMAP,Tanimoto,Matern32,sum,,,,,,,,,,,,,,,,,,,,,,
Robust Learning from Literature Data_Model Generalizability and Uncertainty for Predicting Conjugated Polymer Solution Conformation,target_log Rg (nm),GPytorchMAP,Tanimoto,Matern32,product,,,,,,,,,,,,,,,,,,,,,,
Robust Learning from Literature Data_Model Generalizability and Uncertainty for Predicting Conjugated Polymer Solution Conformation,target_log Rg (nm),GPytorchMAP,Tanimoto,Matern32,averageProduct,,,,,,,,,,,,,,,,,,,,,,
Robust Learning from Literature Data_Model Generalizability and Uncertainty for Predicting Conjugated Polymer Solution Conformation,target_log Rg (nm),GPytorchMAP,Tanimoto,Matern32,(count:+)x(fp:x),,,,,,,,,,,,,,,,,,,,,,
Robust Learning from Literature Data_Model Generalizability and Uncertainty for Predicting Conjugated Polymer Solution Conformation,target_log Rg (nm),GPytorchMAP,Tanimoto,Matern32,(count:+)x(fp:+),,,,,,,,,,,,,,,,,,,,,,
Robust Learning from Literature Data_Model Generalizability and Uncertainty for Predicting Conjugated Polymer Solution Conformation,target_log Rg (nm),GPytorchMAP,Tanimoto,Matern32,(count:x)+(fp:x),,,,,,,,,,,,,,,,,,,,,,
Robust Learning from Literature Data_Model Generalizability and Uncertainty for Predicting Conjugated Polymer Solution Conformation,target_log Rg (nm),GPytorchMAP,Tanimoto,Matern52,sum,,,,,,,,,,,,,,,,,,,,,,
Robust Learning from Literature Data_Model Generalizability and Uncertainty for Predicting Conjugated Polymer Solution Conformation,target_log Rg (nm),GPytorchMAP,Tanimoto,Matern52,product,,,,,,,,,,,,,,,,,,,,,,
Robust Learning from Literature Data_Model Generalizability and Uncertainty for Predicting Conjugated Polymer Solution Conformation,target_log Rg (nm),GPytorchMAP,Tanimoto,Matern52,averageProduct,,,,,,,,,,,,,,,,,,,,,,
Robust Learning from Literature Data_Model Generalizability and Uncertainty for Predicting Conjugated Polymer Solution Conformation,target_log Rg (nm),GPytorchMAP,Tanimoto,Matern52,(count:+)x(fp:x),,,,,,,,,,,,,,,,,,,,,,
Robust Learning from Literature Data_Model Generalizability and Uncertainty for Predicting Conjugated Polymer Solution Conformation,target_log Rg (nm),GPytorchMAP,Tanimoto,Matern52,(count:+)x(fp:+),,,,,,,,,,,,,,,,,,,,,,
Robust Learning from Literature Data_Model Generalizability and Uncertainty for Predicting Conjugated Polymer Solution Conformation,target_log Rg (nm),GPytorchMAP,Tanimoto,Matern52,(count:x)+(fp:x),,,,,,,,,,,,,,,,,,,,,,
Robust Learning from Literature Data_Model Generalizability and Uncertainty for Predicting Conjugated Polymer Solution Conformation,target_log Rg (nm),GPytorchMAP,Tanimoto,RBF,sum,,,,,,,,,,,,,,,,,,,,,,
Robust Learning from Literature Data_Model Generalizability and Uncertainty for Predicting Conjugated Polymer Solution Conformation,target_log Rg (nm),GPytorchMAP,Tanimoto,RBF,product,,,,,,,,,,,,,,,,,,,,,,
Robust Learning from Literature Data_Model Generalizability and Uncertainty for Predicting Conjugated Polymer Solution Conformation,target_log Rg (nm),GPytorchMAP,Tanimoto,RBF,averageProduct,,,,,,,,,,,,,,,,,,,,,,
Robust Learning from Literature Data_Model Generalizability and Uncertainty for Predicting Conjugated Polymer Solution Conformation,target_log Rg (nm),GPytorchMAP,Tanimoto,RBF,(count:+)x(fp:x),,,,,,,,,,,,,,,,,,,,,,
Robust Learning from Literature Data_Model Generalizability and Uncertainty for Predicting Conjugated Polymer Solution Conformation,target_log Rg (nm),GPytorchMAP,Tanimoto,RBF,(count:+)x(fp:+),,,,,,,,,,,,,,,,,,,,,,
Robust Learning from Literature Data_Model Generalizability and Uncertainty for Predicting Conjugated Polymer Solution Conformation,target_log Rg (nm),GPytorchMAP,Tanimoto,RBF,(count:x)+(fp:x),,,,,,,,,,,,,,,,,,,,,,
Robust Learning from Literature Data_Model Generalizability and Uncertainty for Predicting Conjugated Polymer Solution Conformation,target_log Rg (nm),GPytorchMAP,Matern32,Matern32,sum,,,,,,,,,,,,,,,,,,,,,,
Robust Learning from Literature Data_Model Generalizability and Uncertainty for Predicting Conjugated Polymer Solution Conformation,target_log Rg (nm),GPytorchMAP,Matern32,Matern32,product,,,,,,,,,,,,,,,,,,,,,,
Robust Learning from Literature Data_Model Generalizability and Uncertainty for Predicting Conjugated Polymer Solution Conformation,target_log Rg (nm),GPytorchMAP,Matern32,Matern32,averageProduct,,,,,,,,,,,,,,,,,,,,,,
Robust Learning from Literature Data_Model Generalizability and Uncertainty for Predicting Conjugated Polymer Solution Conformation,target_log Rg (nm),GPytorchMAP,Matern32,Matern32,(count:+)x(fp:x),,,,,,,,,,,,,,,,,,,,,,
Robust Learning from Literature Data_Model Generalizability and Uncertainty for Predicting Conjugated Polymer Solution Conformation,target_log Rg (nm),GPytorchMAP,Matern32,Matern32,(count:+)x(fp:+),,,,,,,,,,,,,,,,,,,,,,
Robust Learning from Literature Data_Model Generalizability and Uncertainty for Predicting Conjugated Polymer Solution Conformation,target_log Rg (nm),GPytorchMAP,Matern32,Matern32,(count:x)+(fp:x),,,,,,,,,,,,,,,,,,,,,,
Robust Learning from Literature Data_Model Generalizability and Uncertainty for Predicting Conjugated Polymer Solution Conformation,target_log Rg (nm),GPytorchMAP,Matern32,Matern52,sum,,,,,,,,,,,,,,,,,,,,,,
Robust Learning from Literature Data_Model Generalizability and Uncertainty for Predicting Conjugated Polymer Solution Conformation,target_log Rg (nm),GPytorchMAP,Matern32,Matern52,product,,,,,,,,,,,,,,,,,,,,,,
Robust Learning from Literature Data_Model Generalizability and Uncertainty for Predicting Conjugated Polymer Solution Conformation,target_log Rg (nm),GPytorchMAP,Matern32,Matern52,averageProduct,,,,,,,,,,,,,,,,,,,,,,
Robust Learning from Literature Data_Model Generalizability and Uncertainty for Predicting Conjugated Polymer Solution Conformation,target_log Rg (nm),GPytorchMAP,Matern32,Matern52,(count:+)x(fp:x),,,,,,,,,,,,,,,,,,,,,,
Robust Learning from Literature Data_Model Generalizability and Uncertainty for Predicting Conjugated Polymer Solution Conformation,target_log Rg (nm),GPytorchMAP,Matern32,Matern52,(count:+)x(fp:+),,,,,,,,,,,,,,,,,,,,,,
Robust Learning from Literature Data_Model Generalizability and Uncertainty for Predicting Conjugated Polymer Solution Conformation,target_log Rg (nm),GPytorchMAP,Matern32,Matern52,(count:x)+(fp:x),,,,,,,,,,,,,,,,,,,,,,
Robust Learning from Literature Data_Model Generalizability and Uncertainty for Predicting Conjugated Polymer Solution Conformation,target_log Rg (nm),GPytorchMAP,Matern32,RBF,sum,,,,,,,,,,,,,,,,,,,,,,
Robust Learning from Literature Data_Model Generalizability and Uncertainty for Predicting Conjugated Polymer Solution Conformation,target_log Rg (nm),GPytorchMAP,Matern32,RBF,product,,,,,,,,,,,,,,,,,,,,,,
Robust Learning from Literature Data_Model Generalizability and Uncertainty for Predicting Conjugated Polymer Solution Conformation,target_log Rg (nm),GPytorchMAP,Matern32,RBF,averageProduct,,,,,,,,,,,,,,,,,,,,,,
Robust Learning from Literature Data_Model Generalizability and Uncertainty for Predicting Conjugated Polymer Solution Conformation,target_log Rg (nm),GPytorchMAP,Matern32,RBF,(count:+)x(fp:x),,,,,,,,,,,,,,,,,,,,,,
Robust Learning from Literature Data_Model Generalizability and Uncertainty for Predicting Conjugated Polymer Solution Conformation,target_log Rg (nm),GPytorchMAP,Matern32,RBF,(count:+)x(fp:+),,,,,,,,,,,,,,,,,,,,,,
Robust Learning from Literature Data_Model Generalizability and Uncertainty for Predicting Conjugated Polymer Solution Conformation,target_log Rg (nm),GPytorchMAP,Matern32,RBF,(count:x)+(fp:x),,,,,,,,,,,,,,,,,,,,,,
Robust Learning from Literature Data_Model Generalizability and Uncertainty for Predicting Conjugated Polymer Solution Conformation,target_log Rg (nm),GPytorchMAP,Matern52,Matern32,sum,,,,,,,,,,,,,,,,,,,,,,
Robust Learning from Literature Data_Model Generalizability and Uncertainty for Predicting Conjugated Polymer Solution Conformation,target_log Rg (nm),GPytorchMAP,Matern52,Matern32,product,,,,,,,,,,,,,,,,,,,,,,
Robust Learning from Literature Data_Model Generalizability and Uncertainty for Predicting Conjugated Polymer Solution Conformation,target_log Rg (nm),GPytorchMAP,Matern52,Matern32,averageProduct,,,,,,,,,,,,,,,,,,,,,,
Robust Learning from Literature Data_Model Generalizability and Uncertainty for Predicting Conjugated Polymer Solution Conformation,target_log Rg (nm),GPytorchMAP,Matern52,Matern32,(count:+)x(fp:x),,,,,,,,,,,,,,,,,,,,,,
Robust Learning from Literature Data_Model Generalizability and Uncertainty for Predicting Conjugated Polymer Solution Conformation,target_log Rg (nm),GPytorchMAP,Matern52,Matern32,(count:+)x(fp:+),,,,,,,,,,,,,,,,,,,,,,
Robust Learning from Literature Data_Model Generalizability and Uncertainty for Predicting Conjugated Polymer Solution Conformation,target_log Rg (nm),GPytorchMAP,Matern52,Matern32,(count:x)+(fp:x),,,,,,,,,,,,,,,,,,,,,,
Robust Learning from Literature Data_Model Generalizability and Uncertainty for Predicting Conjugated Polymer Solution Conformation,target_log Rg (nm),GPytorchMAP,Matern52,Matern52,sum,,,,,,,,,,,,,,,,,,,,,,
Robust Learning from Literature Data_Model Generalizability and Uncertainty for Predicting Conjugated Polymer Solution Conformation,target_log Rg (nm),GPytorchMAP,Matern52,Matern52,product,,,,,,,,,,,,,,,,,,,,,,
Robust Learning from Literature Data_Model Generalizability and Uncertainty for Predicting Conjugated Polymer Solution Conformation,target_log Rg (nm),GPytorchMAP,Matern52,Matern52,averageProduct,,,,,,,,,,,,,,,,,,,,,,
Robust Learning from Literature Data_Model Generalizability and Uncertainty for Predicting Conjugated Polymer Solution Conformation,target_log Rg (nm),GPytorchMAP,Matern52,Matern52,(count:+)x(fp:x),,,,,,,,,,,,,,,,,,,,,,
Robust Learning from Literature Data_Model Generalizability and Uncertainty for Predicting Conjugated Polymer Solution Conformation,target_log Rg (nm),GPytorchMAP,Matern52,Matern52,(count:+)x(fp:+),,,,,,,,,,,,,,,,,,,,,,
Robust Learning from Literature Data_Model Generalizability and Uncertainty for Predicting Conjugated Polymer Solution Conformation,target_log Rg (nm),GPytorchMAP,Matern52,Matern52,(count:x)+(fp:x),,,,,,,,,,,,,,,,,,,,,,
Robust Learning from Literature Data_Model Generalizability and Uncertainty for Predicting Conjugated Polymer Solution Conformation,target_log Rg (nm),GPytorchMAP,Matern52,RBF,sum,,,,,,,,,,,,,,,,,,,,,,
Robust Learning from Literature Data_Model Generalizability and Uncertainty for Predicting Conjugated Polymer Solution Conformation,target_log Rg (nm),GPytorchMAP,Matern52,RBF,product,,,,,,,,,,,,,,,,,,,,,,
Robust Learning from Literature Data_Model Generalizability and Uncertainty for Predicting Conjugated Polymer Solution Conformation,target_log Rg (nm),GPytorchMAP,Matern52,RBF,averageProduct,,,,,,,,,,,,,,,,,,,,,,
Robust Learning from Literature Data_Model Generalizability and Uncertainty for Predicting Conjugated Polymer Solution Conformation,target_log Rg (nm),GPytorchMAP,Matern52,RBF,(count:+)x(fp:x),,,,,,,,,,,,,,,,,,,,,,
Robust Learning from Literature Data_Model Generalizability and Uncertainty for Predicting Conjugated Polymer Solution Conformation,target_log Rg (nm),GPytorchMAP,Matern52,RBF,(count:+)x(fp:+),,,,,,,,,,,,,,,,,,,,,,
Robust Learning from Literature Data_Model Generalizability and Uncertainty for Predicting Conjugated Polymer Solution Conformation,target_log Rg (nm),GPytorchMAP,Matern52,RBF,(count:x)+(fp:x),,,,,,,,,,,,,,,,,,,,,,
Robust Learning from Literature Data_Model Generalizability and Uncertainty for Predicting Conjugated Polymer Solution Conformation,target_log Rg (nm),GPytorchMAP,RBF,Matern32,sum,,,,,,,,,,,,,,,,,,,,,,
Robust Learning from Literature Data_Model Generalizability and Uncertainty for Predicting Conjugated Polymer Solution Conformation,target_log Rg (nm),GPytorchMAP,RBF,Matern32,product,,,,,,,,,,,,,,,,,,,,,,
Robust Learning from Literature Data_Model Generalizability and Uncertainty for Predicting Conjugated Polymer Solution Conformation,target_log Rg (nm),GPytorchMAP,RBF,Matern32,averageProduct,,,,,,,,,,,,,,,,,,,,,,
Robust Learning from Literature Data_Model Generalizability and Uncertainty for Predicting Conjugated Polymer Solution Conformation,target_log Rg (nm),GPytorchMAP,RBF,Matern32,(count:+)x(fp:x),,,,,,,,,,,,,,,,,,,,,,
Robust Learning from Literature Data_Model Generalizability and Uncertainty for Predicting Conjugated Polymer Solution Conformation,target_log Rg (nm),GPytorchMAP,RBF,Matern32,(count:+)x(fp:+),,,,,,,,,,,,,,,,,,,,,,
Robust Learning from Literature Data_Model Generalizability and Uncertainty for Predicting Conjugated Polymer Solution Conformation,target_log Rg (nm),GPytorchMAP,RBF,Matern32,(count:x)+(fp:x),,,,,,,,,,,,,,,,,,,,,,
Robust Learning from Literature Data_Model Generalizability and Uncertainty for Predicting Conjugated Polymer Solution Conformation,target_log Rg (nm),GPytorchMAP,RBF,Matern52,sum,,,,,,,,,,,,,,,,,,,,,,
Robust Learning from Literature Data_Model Generalizability and Uncertainty for Predicting Conjugated Polymer Solution Conformation,target_log Rg (nm),GPytorchMAP,RBF,Matern52,product,,,,,,,,,,,,,,,,,,,,,,
Robust Learning from Literature Data_Model Generalizability and Uncertainty for Predicting Conjugated Polymer Solution Conformation,target_log Rg (nm),GPytorchMAP,RBF,Matern52,averageProduct,,,,,,,,,,,,,,,,,,,,,,
Robust Learning from Literature Data_Model Generalizability and Uncertainty for Predicting Conjugated Polymer Solution Conformation,target_log Rg (nm),GPytorchMAP,RBF,Matern52,(count:+)x(fp:x),,,,,,,,,,,,,,,,,,,,,,
Robust Learning from Literature Data_Model Generalizability and Uncertainty for Predicting Conjugated Polymer Solution Conformation,target_log Rg (nm),GPytorchMAP,RBF,Matern52,(count:+)x(fp:+),,,,,,,,,,,,,,,,,,,,,,
Robust Learning from Literature Data_Model Generalizability and Uncertainty for Predicting Conjugated Polymer Solution Conformation,target_log Rg (nm),GPytorchMAP,RBF,Matern52,(count:x)+(fp:x),,,,,,,,,,,,,,,,,,,,,,
Robust Learning from Literature Data_Model Generalizability and Uncertainty for Predicting Conjugated Polymer Solution Conformation,target_log Rg (nm),GPytorchMAP,RBF,RBF,sum,,,,,,,,,,,,,,,,,,,,,,
Robust Learning from Literature Data_Model Generalizability and Uncertainty for Predicting Conjugated Polymer Solution Conformation,target_log Rg (nm),GPytorchMAP,RBF,RBF,product,,,,,,,,,,,,,,,,,,,,,,
Robust Learning from Literature Data_Model Generalizability and Uncertainty for Predicting Conjugated Polymer Solution Conformation,target_log Rg (nm),GPytorchMAP,RBF,RBF,averageProduct,,,,,,,,,,,,,,,,,,,,,,
Robust Learning from Literature Data_Model Generalizability and Uncertainty for Predicting Conjugated Polymer Solution Conformation,target_log Rg (nm),GPytorchMAP,RBF,RBF,(count:+)x(fp:x),,,,,,,,,,,,,,,,,,,,,,
Robust Learning from Literature Data_Model Generalizability and Uncertainty for Predicting Conjugated Polymer Solution Conformation,target_log Rg (nm),GPytorchMAP,RBF,RBF,(count:+)x(fp:+),,,,,,,,,,,,,,,,,,,,,,
Robust Learning from Literature Data_Model Generalizability and Uncertainty for Predicting Conjugated Polymer Solution Conformation,target_log Rg (nm),GPytorchMAP,RBF,RBF,(count:x)+(fp:x),,,,,,,,,,,,,,,,,,,,,,
Robust Learning from Literature Data_Model Generalizability and Uncertainty for Predicting Conjugated Polymer Solution Conformation,target_log Rg (nm),MGK,Graph,Matern32,sum,,,,,,,,,,,,,,,,,,,,,,
Robust Learning from Literature Data_Model Generalizability and Uncertainty for Predicting Conjugated Polymer Solution Conformation,target_log Rg (nm),MGK,Graph,Matern32,product,,,,,,,,,,,,,,,,,,,,,,
Robust Learning from Literature Data_Model Generalizability and Uncertainty for Predicting Conjugated Polymer Solution Conformation,target_log Rg (nm),MGK,Graph,Matern32,averageProduct,,,,,,,,,,,,,,,,,,,,,,
Robust Learning from Literature Data_Model Generalizability and Uncertainty for Predicting Conjugated Polymer Solution Conformation,target_log Rg (nm),MGK,Graph,Matern32,(count:+)x(graph:x),,,,,,,,,,,,,,,,,,,,,,
Robust Learning from Literature Data_Model Generalizability and Uncertainty for Predicting Conjugated Polymer Solution Conformation,target_log Rg (nm),MGK,Graph,Matern32,(count:+)x(graph:+),,,,,,,,,,,,,,,,,,,,,,
Robust Learning from Literature Data_Model Generalizability and Uncertainty for Predicting Conjugated Polymer Solution Conformation,target_log Rg (nm),MGK,Graph,Matern32,(count:x)+(graph:x),,,,,,,,,,,,,,,,,,,,,,
Robust Learning from Literature Data_Model Generalizability and Uncertainty for Predicting Conjugated Polymer Solution Conformation,target_log Rg (nm),MGK,Graph,Matern52,sum,,,,,,,,,,,,,,,,,,,,,,
Robust Learning from Literature Data_Model Generalizability and Uncertainty for Predicting Conjugated Polymer Solution Conformation,target_log Rg (nm),MGK,Graph,Matern52,product,,,,,,,,,,,,,,,,,,,,,,
Robust Learning from Literature Data_Model Generalizability and Uncertainty for Predicting Conjugated Polymer Solution Conformation,target_log Rg (nm),MGK,Graph,Matern52,averageProduct,,,,,,,,,,,,,,,,,,,,,,
Robust Learning from Literature Data_Model Generalizability and Uncertainty for Predicting Conjugated Polymer Solution Conformation,target_log Rg (nm),MGK,Graph,Matern52,(count:+)x(graph:x),,,,,,,,,,,,,,,,,,,,,,
Robust Learning from Literature Data_Model Generalizability and Uncertainty for Predicting Conjugated Polymer Solution Conformation,target_log Rg (nm),MGK,Graph,Matern52,(count:+)x(graph:+),,,,,,,,,,,,,,,,,,,,,,
Robust Learning from Literature Data_Model Generalizability and Uncertainty for Predicting Conjugated Polymer Solution Conformation,target_log Rg (nm),MGK,Graph,Matern52,(count:x)+(graph:x),,,,,,,,,,,,,,,,,,,,,,
Robust Learning from Literature Data_Model Generalizability and Uncertainty for Predicting Conjugated Polymer Solution Conformation,target_log Rg (nm),MGK,Graph,RBF,sum,,,,,,,,,,,,,,,,,,,,,,
Robust Learning from Literature Data_Model Generalizability and Uncertainty for Predicting Conjugated Polymer Solution Conformation,target_log Rg (nm),MGK,Graph,RBF,product,,,,,,,,,,,,,,,,,,,,,,
Robust Learning from Literature Data_Model Generalizability and Uncertainty for Predicting Conjugated Polymer Solution Conformation,target_log Rg (nm),MGK,Graph,RBF,averageProduct,,,,,,,,,,,,,,,,,,,,,,
Robust Learning from Literature Data_Model Generalizability and Uncertainty for Predicting Conjugated Polymer Solution Conformation,target_log Rg (nm),MGK,Graph,RBF,(count:+)x(graph:x),,,,,,,,,,,,,,,,,,,,,,
Robust Learning from Literature Data_Model Generalizability and Uncertainty for Predicting Conjugated Polymer Solution Conformation,target_log Rg (nm),MGK,Graph,RBF,(count:+)x(graph:+),,,,,,,,,,,,,,,,,,,,,,
Robust Learning from Literature Data_Model Generalizability and Uncertainty for Predicting Conjugated Polymer Solution Conformation,target_log Rg (nm),MGK,Graph,RBF,(count:x)+(graph:x),,,,,,,,,,,,,,,,,,,,,,
Beyond molecular structure_ critically assessing machine learning for designing organic photovoltaic materials and devices,target_calculated PCE (%),RF,,,,"{""0"": 2.490290856649687, ""1"": 2.8413147137600054}","{""0"": 0.21359827887653582, ""1"": 0.3307950288784287}","{""0"": 2.0561203078907226, ""1"": 2.155199471390875}","{""0"": 0.048212898212898196, ""1"": 0.02865633074935402}","{""0"": 0.10351384713773545, ""1"": 0.09794734393503196}","{""0"": 2.356033209338917, ""1"": 2.698461872483219}","{""0"": 0.10263403263403266, ""1"": 0.08643410852713176}","{""0"": 0.16768615762671904, ""1"": 0.26937773746872234}","{""0"": 0.1742078691874288, ""1"": 0.062533891625065}","{""0"": 3.111261281172229, ""1"": 2.3810466702219837}","{""0"": 5.912336515262723, ""1"": 12.40545754134655}","{""0"": [2.1653041371123956, 2.163311125943608, 2.385270596409255, 2.218409864320888, 2.4508081221905886], ""1"": [1.8509194397108906, 2.116281462226358, 1.9758580101183578, 1.7053635024341272, 1.9159037084149952]}","{""0"": [0.493066677033397, 0.5082695647717617, 0.43766931994743186, 0.47051751699412137, 0.4122041266873958], ""1"": [0.6130311020331018, 0.5706702105535728, 0.5682849476354903, 0.7231913745139851, 0.5528438624173906]}","{""0"": [1.6721422499610954, 1.6864722549030668, 1.8057467473825408, 1.6817322788403735, 1.8997395408779953], ""1"": [1.371882902907669, 1.525433402499579, 1.4645837682971834, 1.3328090936411758, 1.4698862535712178]}","{""0"": [0.056666666666666636, 0.04619269619269616, 0.022649572649572673, 0.024592074592074558, 0.03422688422688426], ""1"": [0.018733850129198953, 0.033772609819121426, 0.03087855297157622, 0.04602067183462529, 0.040852713178294545]}","{""0"": [0.036467078079589134, 0.03546801805573688, 0.02850383365804024, 0.037633259344324294, 0.02043986267051672], ""1"": [0.02073582186083053, 0.02298579459303285, 0.032966682716793, 0.03711854365753389, 0.023296691939904066]}","{""0"": [2.163074126205249, 2.1781614953827297, 2.2719763092892413, 2.1921732475365086, 2.284071063778373], ""1"": [2.7820916608363278, 2.143038756381114, 2.8945849082968023, 1.912261558864958, 1.9820636024707432]}","{""0"": [0.03596736596736597, 0.03517482517482516, 0.021701631701631696, 0.03573426573426573, 0.01974358974358974], ""1"": [0.017441860465116275, 0.027984496124031, 0.027054263565891468, 0.043333333333333314, 0.025038759689922457]}","{""0"": [0.25749525316084004, 0.25593003081620863, 0.30578366566491333, 0.27144415002066136, 0.2560099464849741], ""1"": [0.40874916127695404, 0.31656652056352524, 0.36609378241948176, 0.3469266300669837, 0.3342484998667907]}","{""0"": [0.3398686944478644, 0.19571435970037188, 0.24884859831055073, 0.25114079117861915, 0.2445222906387917], ""1"": [0.3709234022395823, 0.35136732916979924, 0.3853264348361286, 0.2660278762690941, 0.3653973280862025]}","{""0"": [2.4935032913781385, 2.4619045642262365, 2.0785239038704435, 2.2245579804180657, 2.1372432738406864], ""1"": [1.8226448982405423, 1.983109256575398, 1.988692787345716, 1.9831330789131874, 2.0236316182882397]}","{""0"": [6.405522244051099, 6.212026208639145, 6.456473506987095, 6.055142264813185, 6.40876255556941], ""1"": [12.296066794544458, 11.966998955234885, 12.206904660910368, 12.675798373296857, 13.082498360425234]}"
Beyond molecular structure_ critically assessing machine learning for designing organic photovoltaic materials and devices,target_calculated PCE (%),XGBR,,,,"{""0"": 2.563198895348047, ""1"": 2.995790045884731}","{""0"": 0.16687738835657862, ""1"": 0.2560508968252364}","{""0"": 2.007824613791677, ""1"": 2.3195422036114146}",,,,,,,,"{""0"": 2.2937464825809, ""1"": 2.458596086129546}","{""0"": [2.460685256834275, 2.355059811945089, 2.573820931980327, 2.2744251340023425, 2.4585448064110587], ""1"": [1.9734461779674015, 1.9886543856917405, 2.1243970434326505, 1.970114502434023, 1.9547174504994094]}","{""0"": [0.3453258948067466, 0.4172356121490245, 0.3452535889250452, 0.4434408675788333, 0.40848717397332523], ""1"": [0.5601023925890698, 0.6208921365347043, 0.50093501074268, 0.6305730057230065, 0.5345427275235223]}","{""0"": [1.8605033002935876, 1.7845495923992656, 1.9567550658424768, 1.7190593110251953, 1.890718436733403], ""1"": [1.397877944230194, 1.4366015706620692, 1.515095869972229, 1.4544470484209795, 1.4440166292466279]}",,,,,,,,"{""0"": [1.7744215168058872, 1.9839844424277544, 2.0958338491618633, 1.8903630301356316, 2.3967581503093243], ""1"": [2.439799690619111, 2.118674313649535, 2.2580197881907225, 2.1370239071547985, 2.042398875579238]}"
Beyond molecular structure_ critically assessing machine learning for designing organic photovoltaic materials and devices,target_calculated PCE (%),NGB,,,,"{""0"": 2.472355602219003, ""1"": 2.6672917435040904}","{""0"": 0.22488493221550065, ""1"": 0.41025873230737986}","{""0"": 2.0285570571179066, ""1"": 1.9968552985653893}","{""0"": 0.29700854700854706, ""1"": 0.15315245478036182}","{""0"": 0.21703407104375105, ""1"": 0.0854458041445113}","{""0"": 6.3395589110204424, ""1"": 3.417328486175599}","{""0"": 0.19419580419580418, ""1"": 0.07418604651162791}","{""0"": 0.2741977544089589, ""1"": 0.31905458019168714}","{""0"": -0.02458338946031125, ""1"": 0.13012797846891708}","{""0"": 0.9021835869163217, ""1"": 1.390922444027991}","{""0"": 14.04702777415514, ""1"": 22.07514112070203}","{""0"": [2.2069226345082456, 2.2283044154336276, 2.454185899375576, 2.241210076084927, 2.378550651233614], ""1"": [1.9443940547175265, 1.9967514402037023, 1.998845461202713, 1.8700261857412517, 2.1173826511002938]}","{""0"": [0.47339224950949954, 0.47827918582602313, 0.4047061682275648, 0.45957783366281235, 0.4463532955580748], ""1"": [0.5729589776310934, 0.6177986816796237, 0.5581812281645168, 0.6671557441142155, 0.45385175708140146]}","{""0"": [1.7448629507537172, 1.717528691722237, 1.8404692618795149, 1.70555757242506, 1.8524480534233112], ""1"": [1.4724738219508118, 1.4880454179941716, 1.5102190420408548, 1.4860623771102908, 1.650316083110242]}","{""0"": [0.2486790986790987, 0.21270396270396277, 0.28861693861693866, 0.2796814296814297, 0.2930458430458431], ""1"": [0.13785529715762276, 0.11227390180878558, 0.13346253229974167, 0.1180103359173127, 0.18565891472868223]}","{""0"": [0.1272376631153859, 0.10945797232858949, 0.14740975392862773, 0.14945764700951542, 0.1495122711630542], ""1"": [0.1302229578089662, 0.05677281151989076, 0.07941302700030572, 0.07813757503441805, 0.1040715686338379]}","{""0"": [4.356506202613682, 4.521314169937489, 8.731876627767914, 7.6329120440211895, 7.844607536139845], ""1"": [2.401858379410329, 2.5405203420738878, 2.388606871142816, 2.4003828843686645, 2.7670620730388187]}","{""0"": [0.11340326340326339, 0.09662004662004661, 0.12715617715617716, 0.12603729603729605, 0.12622377622377626], ""1"": [0.059457364341085284, 0.05310077519379845, 0.07108527131782946, 0.07108527131782946, 0.09031007751937985]}","{""0"": [0.28321942928912425, 0.2660159613019575, 0.2530878917663033, 0.28634325967596896, 0.3087313133077913], ""1"": [0.2090279391878509, 0.21893354115770902, 0.22237843552501382, 0.258238869384208, 0.2638125173137509]}","{""0"": [0.09461414318502798, -0.04046353823762554, 0.08408777336209453, -0.04915714326990118, -0.0758031862991753], ""1"": [0.09621907638530809, 0.05224488655152263, 0.24620833077492718, 0.008662606980425326, 0.18998703027311836]}","{""0"": [0.9325942401590344, 0.9721135279016214, 0.6668085122580325, 0.690799533730106, 0.7375573409620702], ""1"": [1.1843344716229078, 1.2353779579495516, 1.234761258811279, 1.2740082994675783, 1.1960726027844002]}","{""0"": [14.375580847263336, 13.747883344069123, 13.832627210766077, 14.480930717661977, 13.341055676341057], ""1"": [20.772505927830935, 22.645046090707183, 23.211389115080237, 23.453563682734966, 22.714305033907294]}"
Beyond molecular structure_ critically assessing machine learning for designing organic photovoltaic materials and devices,target_calculated PCE (%),GpyroHMC,TanimotoMatern32,Matern32,sum,,,,,,,,,,,,,,,,,,,,,,
Beyond molecular structure_ critically assessing machine learning for designing organic photovoltaic materials and devices,target_calculated PCE (%),GpyroHMC,TanimotoMatern32,Matern32,product,,,,,,,,,,,,,,,,,,,,,,
Beyond molecular structure_ critically assessing machine learning for designing organic photovoltaic materials and devices,target_calculated PCE (%),GpyroHMC,TanimotoMatern32,Matern32,averageProduct,,,,,,,,,,,,,,,,,,,,,,
Beyond molecular structure_ critically assessing machine learning for designing organic photovoltaic materials and devices,target_calculated PCE (%),GpyroHMC,TanimotoMatern32,Matern32,(count:+)x(fp:x),,,,,,,,,,,,,,,,,,,,,,
Beyond molecular structure_ critically assessing machine learning for designing organic photovoltaic materials and devices,target_calculated PCE (%),GpyroHMC,TanimotoMatern32,Matern32,(count:+)x(fp:+),,,,,,,,,,,,,,,,,,,,,,
Beyond molecular structure_ critically assessing machine learning for designing organic photovoltaic materials and devices,target_calculated PCE (%),GpyroHMC,TanimotoMatern32,Matern32,(count:x)+(fp:x),,,,,,,,,,,,,,,,,,,,,,
Beyond molecular structure_ critically assessing machine learning for designing organic photovoltaic materials and devices,target_calculated PCE (%),GpyroHMC,TanimotoMatern32,Matern52,sum,,,,,,,,,,,,,,,,,,,,,,
Beyond molecular structure_ critically assessing machine learning for designing organic photovoltaic materials and devices,target_calculated PCE (%),GpyroHMC,TanimotoMatern32,Matern52,product,,,,,,,,,,,,,,,,,,,,,,
Beyond molecular structure_ critically assessing machine learning for designing organic photovoltaic materials and devices,target_calculated PCE (%),GpyroHMC,TanimotoMatern32,Matern52,averageProduct,,,,,,,,,,,,,,,,,,,,,,
Beyond molecular structure_ critically assessing machine learning for designing organic photovoltaic materials and devices,target_calculated PCE (%),GpyroHMC,TanimotoMatern32,Matern52,(count:+)x(fp:x),,,,,,,,,,,,,,,,,,,,,,
Beyond molecular structure_ critically assessing machine learning for designing organic photovoltaic materials and devices,target_calculated PCE (%),GpyroHMC,TanimotoMatern32,Matern52,(count:+)x(fp:+),,,,,,,,,,,,,,,,,,,,,,
Beyond molecular structure_ critically assessing machine learning for designing organic photovoltaic materials and devices,target_calculated PCE (%),GpyroHMC,TanimotoMatern32,Matern52,(count:x)+(fp:x),,,,,,,,,,,,,,,,,,,,,,
Beyond molecular structure_ critically assessing machine learning for designing organic photovoltaic materials and devices,target_calculated PCE (%),GpyroHMC,TanimotoMatern32,RBF,sum,,,,,,,,,,,,,,,,,,,,,,
Beyond molecular structure_ critically assessing machine learning for designing organic photovoltaic materials and devices,target_calculated PCE (%),GpyroHMC,TanimotoMatern32,RBF,product,,,,,,,,,,,,,,,,,,,,,,
Beyond molecular structure_ critically assessing machine learning for designing organic photovoltaic materials and devices,target_calculated PCE (%),GpyroHMC,TanimotoMatern32,RBF,averageProduct,,,,,,,,,,,,,,,,,,,,,,
Beyond molecular structure_ critically assessing machine learning for designing organic photovoltaic materials and devices,target_calculated PCE (%),GpyroHMC,TanimotoMatern32,RBF,(count:+)x(fp:x),,,,,,,,,,,,,,,,,,,,,,
Beyond molecular structure_ critically assessing machine learning for designing organic photovoltaic materials and devices,target_calculated PCE (%),GpyroHMC,TanimotoMatern32,RBF,(count:+)x(fp:+),,,,,,,,,,,,,,,,,,,,,,
Beyond molecular structure_ critically assessing machine learning for designing organic photovoltaic materials and devices,target_calculated PCE (%),GpyroHMC,TanimotoMatern32,RBF,(count:x)+(fp:x),,,,,,,,,,,,,,,,,,,,,,
Beyond molecular structure_ critically assessing machine learning for designing organic photovoltaic materials and devices,target_calculated PCE (%),GpyroHMC,TanimotoMatern52,Matern32,sum,,,,,,,,,,,,,,,,,,,,,,
Beyond molecular structure_ critically assessing machine learning for designing organic photovoltaic materials and devices,target_calculated PCE (%),GpyroHMC,TanimotoMatern52,Matern32,product,,,,,,,,,,,,,,,,,,,,,,
Beyond molecular structure_ critically assessing machine learning for designing organic photovoltaic materials and devices,target_calculated PCE (%),GpyroHMC,TanimotoMatern52,Matern32,averageProduct,,,,,,,,,,,,,,,,,,,,,,
Beyond molecular structure_ critically assessing machine learning for designing organic photovoltaic materials and devices,target_calculated PCE (%),GpyroHMC,TanimotoMatern52,Matern32,(count:+)x(fp:x),,,,,,,,,,,,,,,,,,,,,,
Beyond molecular structure_ critically assessing machine learning for designing organic photovoltaic materials and devices,target_calculated PCE (%),GpyroHMC,TanimotoMatern52,Matern32,(count:+)x(fp:+),,,,,,,,,,,,,,,,,,,,,,
Beyond molecular structure_ critically assessing machine learning for designing organic photovoltaic materials and devices,target_calculated PCE (%),GpyroHMC,TanimotoMatern52,Matern32,(count:x)+(fp:x),,,,,,,,,,,,,,,,,,,,,,
Beyond molecular structure_ critically assessing machine learning for designing organic photovoltaic materials and devices,target_calculated PCE (%),GpyroHMC,TanimotoMatern52,Matern52,sum,,,,,,,,,,,,,,,,,,,,,,
Beyond molecular structure_ critically assessing machine learning for designing organic photovoltaic materials and devices,target_calculated PCE (%),GpyroHMC,TanimotoMatern52,Matern52,product,,,,,,,,,,,,,,,,,,,,,,
Beyond molecular structure_ critically assessing machine learning for designing organic photovoltaic materials and devices,target_calculated PCE (%),GpyroHMC,TanimotoMatern52,Matern52,averageProduct,,,,,,,,,,,,,,,,,,,,,,
Beyond molecular structure_ critically assessing machine learning for designing organic photovoltaic materials and devices,target_calculated PCE (%),GpyroHMC,TanimotoMatern52,Matern52,(count:+)x(fp:x),,,,,,,,,,,,,,,,,,,,,,
Beyond molecular structure_ critically assessing machine learning for designing organic photovoltaic materials and devices,target_calculated PCE (%),GpyroHMC,TanimotoMatern52,Matern52,(count:+)x(fp:+),,,,,,,,,,,,,,,,,,,,,,
Beyond molecular structure_ critically assessing machine learning for designing organic photovoltaic materials and devices,target_calculated PCE (%),GpyroHMC,TanimotoMatern52,Matern52,(count:x)+(fp:x),,,,,,,,,,,,,,,,,,,,,,
Beyond molecular structure_ critically assessing machine learning for designing organic photovoltaic materials and devices,target_calculated PCE (%),GpyroHMC,TanimotoMatern52,RBF,sum,,,,,,,,,,,,,,,,,,,,,,
Beyond molecular structure_ critically assessing machine learning for designing organic photovoltaic materials and devices,target_calculated PCE (%),GpyroHMC,TanimotoMatern52,RBF,product,,,,,,,,,,,,,,,,,,,,,,
Beyond molecular structure_ critically assessing machine learning for designing organic photovoltaic materials and devices,target_calculated PCE (%),GpyroHMC,TanimotoMatern52,RBF,averageProduct,,,,,,,,,,,,,,,,,,,,,,
Beyond molecular structure_ critically assessing machine learning for designing organic photovoltaic materials and devices,target_calculated PCE (%),GpyroHMC,TanimotoMatern52,RBF,(count:+)x(fp:x),,,,,,,,,,,,,,,,,,,,,,
Beyond molecular structure_ critically assessing machine learning for designing organic photovoltaic materials and devices,target_calculated PCE (%),GpyroHMC,TanimotoMatern52,RBF,(count:+)x(fp:+),,,,,,,,,,,,,,,,,,,,,,
Beyond molecular structure_ critically assessing machine learning for designing organic photovoltaic materials and devices,target_calculated PCE (%),GpyroHMC,TanimotoMatern52,RBF,(count:x)+(fp:x),,,,,,,,,,,,,,,,,,,,,,
Beyond molecular structure_ critically assessing machine learning for designing organic photovoltaic materials and devices,target_calculated PCE (%),GpyroHMC,TanimotoRBF,Matern32,sum,,,,,,,,,,,,,,,,,,,,,,
Beyond molecular structure_ critically assessing machine learning for designing organic photovoltaic materials and devices,target_calculated PCE (%),GpyroHMC,TanimotoRBF,Matern32,product,,,,,,,,,,,,,,,,,,,,,,
Beyond molecular structure_ critically assessing machine learning for designing organic photovoltaic materials and devices,target_calculated PCE (%),GpyroHMC,TanimotoRBF,Matern32,averageProduct,,,,,,,,,,,,,,,,,,,,,,
Beyond molecular structure_ critically assessing machine learning for designing organic photovoltaic materials and devices,target_calculated PCE (%),GpyroHMC,TanimotoRBF,Matern32,(count:+)x(fp:x),,,,,,,,,,,,,,,,,,,,,,
Beyond molecular structure_ critically assessing machine learning for designing organic photovoltaic materials and devices,target_calculated PCE (%),GpyroHMC,TanimotoRBF,Matern32,(count:+)x(fp:+),,,,,,,,,,,,,,,,,,,,,,
Beyond molecular structure_ critically assessing machine learning for designing organic photovoltaic materials and devices,target_calculated PCE (%),GpyroHMC,TanimotoRBF,Matern32,(count:x)+(fp:x),,,,,,,,,,,,,,,,,,,,,,
Beyond molecular structure_ critically assessing machine learning for designing organic photovoltaic materials and devices,target_calculated PCE (%),GpyroHMC,TanimotoRBF,Matern52,sum,,,,,,,,,,,,,,,,,,,,,,
Beyond molecular structure_ critically assessing machine learning for designing organic photovoltaic materials and devices,target_calculated PCE (%),GpyroHMC,TanimotoRBF,Matern52,product,,,,,,,,,,,,,,,,,,,,,,
Beyond molecular structure_ critically assessing machine learning for designing organic photovoltaic materials and devices,target_calculated PCE (%),GpyroHMC,TanimotoRBF,Matern52,averageProduct,,,,,,,,,,,,,,,,,,,,,,
Beyond molecular structure_ critically assessing machine learning for designing organic photovoltaic materials and devices,target_calculated PCE (%),GpyroHMC,TanimotoRBF,Matern52,(count:+)x(fp:x),,,,,,,,,,,,,,,,,,,,,,
Beyond molecular structure_ critically assessing machine learning for designing organic photovoltaic materials and devices,target_calculated PCE (%),GpyroHMC,TanimotoRBF,Matern52,(count:+)x(fp:+),,,,,,,,,,,,,,,,,,,,,,
Beyond molecular structure_ critically assessing machine learning for designing organic photovoltaic materials and devices,target_calculated PCE (%),GpyroHMC,TanimotoRBF,Matern52,(count:x)+(fp:x),,,,,,,,,,,,,,,,,,,,,,
Beyond molecular structure_ critically assessing machine learning for designing organic photovoltaic materials and devices,target_calculated PCE (%),GpyroHMC,TanimotoRBF,RBF,sum,,,,,,,,,,,,,,,,,,,,,,
Beyond molecular structure_ critically assessing machine learning for designing organic photovoltaic materials and devices,target_calculated PCE (%),GpyroHMC,TanimotoRBF,RBF,product,,,,,,,,,,,,,,,,,,,,,,
Beyond molecular structure_ critically assessing machine learning for designing organic photovoltaic materials and devices,target_calculated PCE (%),GpyroHMC,TanimotoRBF,RBF,averageProduct,,,,,,,,,,,,,,,,,,,,,,
Beyond molecular structure_ critically assessing machine learning for designing organic photovoltaic materials and devices,target_calculated PCE (%),GpyroHMC,TanimotoRBF,RBF,(count:+)x(fp:x),,,,,,,,,,,,,,,,,,,,,,
Beyond molecular structure_ critically assessing machine learning for designing organic photovoltaic materials and devices,target_calculated PCE (%),GpyroHMC,TanimotoRBF,RBF,(count:+)x(fp:+),,,,,,,,,,,,,,,,,,,,,,
Beyond molecular structure_ critically assessing machine learning for designing organic photovoltaic materials and devices,target_calculated PCE (%),GpyroHMC,TanimotoRBF,RBF,(count:x)+(fp:x),,,,,,,,,,,,,,,,,,,,,,
Beyond molecular structure_ critically assessing machine learning for designing organic photovoltaic materials and devices,target_calculated PCE (%),GpyroHMC,Tanimoto,Matern32,sum,,,,,,,,,,,,,,,,,,,,,,
Beyond molecular structure_ critically assessing machine learning for designing organic photovoltaic materials and devices,target_calculated PCE (%),GpyroHMC,Tanimoto,Matern32,product,,,,,,,,,,,,,,,,,,,,,,
Beyond molecular structure_ critically assessing machine learning for designing organic photovoltaic materials and devices,target_calculated PCE (%),GpyroHMC,Tanimoto,Matern32,averageProduct,,,,,,,,,,,,,,,,,,,,,,
Beyond molecular structure_ critically assessing machine learning for designing organic photovoltaic materials and devices,target_calculated PCE (%),GpyroHMC,Tanimoto,Matern32,(count:+)x(fp:x),,,,,,,,,,,,,,,,,,,,,,
Beyond molecular structure_ critically assessing machine learning for designing organic photovoltaic materials and devices,target_calculated PCE (%),GpyroHMC,Tanimoto,Matern32,(count:+)x(fp:+),,,,,,,,,,,,,,,,,,,,,,
Beyond molecular structure_ critically assessing machine learning for designing organic photovoltaic materials and devices,target_calculated PCE (%),GpyroHMC,Tanimoto,Matern32,(count:x)+(fp:x),,,,,,,,,,,,,,,,,,,,,,
Beyond molecular structure_ critically assessing machine learning for designing organic photovoltaic materials and devices,target_calculated PCE (%),GpyroHMC,Tanimoto,Matern52,sum,,,,,,,,,,,,,,,,,,,,,,
Beyond molecular structure_ critically assessing machine learning for designing organic photovoltaic materials and devices,target_calculated PCE (%),GpyroHMC,Tanimoto,Matern52,product,,,,,,,,,,,,,,,,,,,,,,
Beyond molecular structure_ critically assessing machine learning for designing organic photovoltaic materials and devices,target_calculated PCE (%),GpyroHMC,Tanimoto,Matern52,averageProduct,,,,,,,,,,,,,,,,,,,,,,
Beyond molecular structure_ critically assessing machine learning for designing organic photovoltaic materials and devices,target_calculated PCE (%),GpyroHMC,Tanimoto,Matern52,(count:+)x(fp:x),,,,,,,,,,,,,,,,,,,,,,
Beyond molecular structure_ critically assessing machine learning for designing organic photovoltaic materials and devices,target_calculated PCE (%),GpyroHMC,Tanimoto,Matern52,(count:+)x(fp:+),,,,,,,,,,,,,,,,,,,,,,
Beyond molecular structure_ critically assessing machine learning for designing organic photovoltaic materials and devices,target_calculated PCE (%),GpyroHMC,Tanimoto,Matern52,(count:x)+(fp:x),,,,,,,,,,,,,,,,,,,,,,
Beyond molecular structure_ critically assessing machine learning for designing organic photovoltaic materials and devices,target_calculated PCE (%),GpyroHMC,Tanimoto,RBF,sum,,,,,,,,,,,,,,,,,,,,,,
Beyond molecular structure_ critically assessing machine learning for designing organic photovoltaic materials and devices,target_calculated PCE (%),GpyroHMC,Tanimoto,RBF,product,,,,,,,,,,,,,,,,,,,,,,
Beyond molecular structure_ critically assessing machine learning for designing organic photovoltaic materials and devices,target_calculated PCE (%),GpyroHMC,Tanimoto,RBF,averageProduct,,,,,,,,,,,,,,,,,,,,,,
Beyond molecular structure_ critically assessing machine learning for designing organic photovoltaic materials and devices,target_calculated PCE (%),GpyroHMC,Tanimoto,RBF,(count:+)x(fp:x),,,,,,,,,,,,,,,,,,,,,,
Beyond molecular structure_ critically assessing machine learning for designing organic photovoltaic materials and devices,target_calculated PCE (%),GpyroHMC,Tanimoto,RBF,(count:+)x(fp:+),,,,,,,,,,,,,,,,,,,,,,
Beyond molecular structure_ critically assessing machine learning for designing organic photovoltaic materials and devices,target_calculated PCE (%),GpyroHMC,Tanimoto,RBF,(count:x)+(fp:x),,,,,,,,,,,,,,,,,,,,,,
Beyond molecular structure_ critically assessing machine learning for designing organic photovoltaic materials and devices,target_calculated PCE (%),GpyroHMC,Matern32,Matern32,sum,,,,,,,,,,,,,,,,,,,,,,
Beyond molecular structure_ critically assessing machine learning for designing organic photovoltaic materials and devices,target_calculated PCE (%),GpyroHMC,Matern32,Matern32,product,,,,,,,,,,,,,,,,,,,,,,
Beyond molecular structure_ critically assessing machine learning for designing organic photovoltaic materials and devices,target_calculated PCE (%),GpyroHMC,Matern32,Matern32,averageProduct,,,,,,,,,,,,,,,,,,,,,,
Beyond molecular structure_ critically assessing machine learning for designing organic photovoltaic materials and devices,target_calculated PCE (%),GpyroHMC,Matern32,Matern32,(count:+)x(fp:x),,,,,,,,,,,,,,,,,,,,,,
Beyond molecular structure_ critically assessing machine learning for designing organic photovoltaic materials and devices,target_calculated PCE (%),GpyroHMC,Matern32,Matern32,(count:+)x(fp:+),,,,,,,,,,,,,,,,,,,,,,
Beyond molecular structure_ critically assessing machine learning for designing organic photovoltaic materials and devices,target_calculated PCE (%),GpyroHMC,Matern32,Matern32,(count:x)+(fp:x),,,,,,,,,,,,,,,,,,,,,,
Beyond molecular structure_ critically assessing machine learning for designing organic photovoltaic materials and devices,target_calculated PCE (%),GpyroHMC,Matern32,Matern52,sum,,,,,,,,,,,,,,,,,,,,,,
Beyond molecular structure_ critically assessing machine learning for designing organic photovoltaic materials and devices,target_calculated PCE (%),GpyroHMC,Matern32,Matern52,product,,,,,,,,,,,,,,,,,,,,,,
Beyond molecular structure_ critically assessing machine learning for designing organic photovoltaic materials and devices,target_calculated PCE (%),GpyroHMC,Matern32,Matern52,averageProduct,,,,,,,,,,,,,,,,,,,,,,
Beyond molecular structure_ critically assessing machine learning for designing organic photovoltaic materials and devices,target_calculated PCE (%),GpyroHMC,Matern32,Matern52,(count:+)x(fp:x),,,,,,,,,,,,,,,,,,,,,,
Beyond molecular structure_ critically assessing machine learning for designing organic photovoltaic materials and devices,target_calculated PCE (%),GpyroHMC,Matern32,Matern52,(count:+)x(fp:+),,,,,,,,,,,,,,,,,,,,,,
Beyond molecular structure_ critically assessing machine learning for designing organic photovoltaic materials and devices,target_calculated PCE (%),GpyroHMC,Matern32,Matern52,(count:x)+(fp:x),,,,,,,,,,,,,,,,,,,,,,
Beyond molecular structure_ critically assessing machine learning for designing organic photovoltaic materials and devices,target_calculated PCE (%),GpyroHMC,Matern32,RBF,sum,,,,,,,,,,,,,,,,,,,,,,
Beyond molecular structure_ critically assessing machine learning for designing organic photovoltaic materials and devices,target_calculated PCE (%),GpyroHMC,Matern32,RBF,product,,,,,,,,,,,,,,,,,,,,,,
Beyond molecular structure_ critically assessing machine learning for designing organic photovoltaic materials and devices,target_calculated PCE (%),GpyroHMC,Matern32,RBF,averageProduct,,,,,,,,,,,,,,,,,,,,,,
Beyond molecular structure_ critically assessing machine learning for designing organic photovoltaic materials and devices,target_calculated PCE (%),GpyroHMC,Matern32,RBF,(count:+)x(fp:x),,,,,,,,,,,,,,,,,,,,,,
Beyond molecular structure_ critically assessing machine learning for designing organic photovoltaic materials and devices,target_calculated PCE (%),GpyroHMC,Matern32,RBF,(count:+)x(fp:+),,,,,,,,,,,,,,,,,,,,,,
Beyond molecular structure_ critically assessing machine learning for designing organic photovoltaic materials and devices,target_calculated PCE (%),GpyroHMC,Matern32,RBF,(count:x)+(fp:x),,,,,,,,,,,,,,,,,,,,,,
Beyond molecular structure_ critically assessing machine learning for designing organic photovoltaic materials and devices,target_calculated PCE (%),GpyroHMC,Matern52,Matern32,sum,,,,,,,,,,,,,,,,,,,,,,
Beyond molecular structure_ critically assessing machine learning for designing organic photovoltaic materials and devices,target_calculated PCE (%),GpyroHMC,Matern52,Matern32,product,,,,,,,,,,,,,,,,,,,,,,
Beyond molecular structure_ critically assessing machine learning for designing organic photovoltaic materials and devices,target_calculated PCE (%),GpyroHMC,Matern52,Matern32,averageProduct,,,,,,,,,,,,,,,,,,,,,,
Beyond molecular structure_ critically assessing machine learning for designing organic photovoltaic materials and devices,target_calculated PCE (%),GpyroHMC,Matern52,Matern32,(count:+)x(fp:x),,,,,,,,,,,,,,,,,,,,,,
Beyond molecular structure_ critically assessing machine learning for designing organic photovoltaic materials and devices,target_calculated PCE (%),GpyroHMC,Matern52,Matern32,(count:+)x(fp:+),,,,,,,,,,,,,,,,,,,,,,
Beyond molecular structure_ critically assessing machine learning for designing organic photovoltaic materials and devices,target_calculated PCE (%),GpyroHMC,Matern52,Matern32,(count:x)+(fp:x),,,,,,,,,,,,,,,,,,,,,,
Beyond molecular structure_ critically assessing machine learning for designing organic photovoltaic materials and devices,target_calculated PCE (%),GpyroHMC,Matern52,Matern52,sum,,,,,,,,,,,,,,,,,,,,,,
Beyond molecular structure_ critically assessing machine learning for designing organic photovoltaic materials and devices,target_calculated PCE (%),GpyroHMC,Matern52,Matern52,product,,,,,,,,,,,,,,,,,,,,,,
Beyond molecular structure_ critically assessing machine learning for designing organic photovoltaic materials and devices,target_calculated PCE (%),GpyroHMC,Matern52,Matern52,averageProduct,,,,,,,,,,,,,,,,,,,,,,
Beyond molecular structure_ critically assessing machine learning for designing organic photovoltaic materials and devices,target_calculated PCE (%),GpyroHMC,Matern52,Matern52,(count:+)x(fp:x),,,,,,,,,,,,,,,,,,,,,,
Beyond molecular structure_ critically assessing machine learning for designing organic photovoltaic materials and devices,target_calculated PCE (%),GpyroHMC,Matern52,Matern52,(count:+)x(fp:+),,,,,,,,,,,,,,,,,,,,,,
Beyond molecular structure_ critically assessing machine learning for designing organic photovoltaic materials and devices,target_calculated PCE (%),GpyroHMC,Matern52,Matern52,(count:x)+(fp:x),,,,,,,,,,,,,,,,,,,,,,
Beyond molecular structure_ critically assessing machine learning for designing organic photovoltaic materials and devices,target_calculated PCE (%),GpyroHMC,Matern52,RBF,sum,,,,,,,,,,,,,,,,,,,,,,
Beyond molecular structure_ critically assessing machine learning for designing organic photovoltaic materials and devices,target_calculated PCE (%),GpyroHMC,Matern52,RBF,product,,,,,,,,,,,,,,,,,,,,,,
Beyond molecular structure_ critically assessing machine learning for designing organic photovoltaic materials and devices,target_calculated PCE (%),GpyroHMC,Matern52,RBF,averageProduct,,,,,,,,,,,,,,,,,,,,,,
Beyond molecular structure_ critically assessing machine learning for designing organic photovoltaic materials and devices,target_calculated PCE (%),GpyroHMC,Matern52,RBF,(count:+)x(fp:x),,,,,,,,,,,,,,,,,,,,,,
Beyond molecular structure_ critically assessing machine learning for designing organic photovoltaic materials and devices,target_calculated PCE (%),GpyroHMC,Matern52,RBF,(count:+)x(fp:+),,,,,,,,,,,,,,,,,,,,,,
Beyond molecular structure_ critically assessing machine learning for designing organic photovoltaic materials and devices,target_calculated PCE (%),GpyroHMC,Matern52,RBF,(count:x)+(fp:x),,,,,,,,,,,,,,,,,,,,,,
Beyond molecular structure_ critically assessing machine learning for designing organic photovoltaic materials and devices,target_calculated PCE (%),GpyroHMC,RBF,Matern32,sum,,,,,,,,,,,,,,,,,,,,,,
Beyond molecular structure_ critically assessing machine learning for designing organic photovoltaic materials and devices,target_calculated PCE (%),GpyroHMC,RBF,Matern32,product,,,,,,,,,,,,,,,,,,,,,,
Beyond molecular structure_ critically assessing machine learning for designing organic photovoltaic materials and devices,target_calculated PCE (%),GpyroHMC,RBF,Matern32,averageProduct,,,,,,,,,,,,,,,,,,,,,,
Beyond molecular structure_ critically assessing machine learning for designing organic photovoltaic materials and devices,target_calculated PCE (%),GpyroHMC,RBF,Matern32,(count:+)x(fp:x),,,,,,,,,,,,,,,,,,,,,,
Beyond molecular structure_ critically assessing machine learning for designing organic photovoltaic materials and devices,target_calculated PCE (%),GpyroHMC,RBF,Matern32,(count:+)x(fp:+),,,,,,,,,,,,,,,,,,,,,,
Beyond molecular structure_ critically assessing machine learning for designing organic photovoltaic materials and devices,target_calculated PCE (%),GpyroHMC,RBF,Matern32,(count:x)+(fp:x),,,,,,,,,,,,,,,,,,,,,,
Beyond molecular structure_ critically assessing machine learning for designing organic photovoltaic materials and devices,target_calculated PCE (%),GpyroHMC,RBF,Matern52,sum,,,,,,,,,,,,,,,,,,,,,,
Beyond molecular structure_ critically assessing machine learning for designing organic photovoltaic materials and devices,target_calculated PCE (%),GpyroHMC,RBF,Matern52,product,,,,,,,,,,,,,,,,,,,,,,
Beyond molecular structure_ critically assessing machine learning for designing organic photovoltaic materials and devices,target_calculated PCE (%),GpyroHMC,RBF,Matern52,averageProduct,,,,,,,,,,,,,,,,,,,,,,
Beyond molecular structure_ critically assessing machine learning for designing organic photovoltaic materials and devices,target_calculated PCE (%),GpyroHMC,RBF,Matern52,(count:+)x(fp:x),,,,,,,,,,,,,,,,,,,,,,
Beyond molecular structure_ critically assessing machine learning for designing organic photovoltaic materials and devices,target_calculated PCE (%),GpyroHMC,RBF,Matern52,(count:+)x(fp:+),,,,,,,,,,,,,,,,,,,,,,
Beyond molecular structure_ critically assessing machine learning for designing organic photovoltaic materials and devices,target_calculated PCE (%),GpyroHMC,RBF,Matern52,(count:x)+(fp:x),,,,,,,,,,,,,,,,,,,,,,
Beyond molecular structure_ critically assessing machine learning for designing organic photovoltaic materials and devices,target_calculated PCE (%),GpyroHMC,RBF,RBF,sum,,,,,,,,,,,,,,,,,,,,,,
Beyond molecular structure_ critically assessing machine learning for designing organic photovoltaic materials and devices,target_calculated PCE (%),GpyroHMC,RBF,RBF,product,,,,,,,,,,,,,,,,,,,,,,
Beyond molecular structure_ critically assessing machine learning for designing organic photovoltaic materials and devices,target_calculated PCE (%),GpyroHMC,RBF,RBF,averageProduct,,,,,,,,,,,,,,,,,,,,,,
Beyond molecular structure_ critically assessing machine learning for designing organic photovoltaic materials and devices,target_calculated PCE (%),GpyroHMC,RBF,RBF,(count:+)x(fp:x),,,,,,,,,,,,,,,,,,,,,,
Beyond molecular structure_ critically assessing machine learning for designing organic photovoltaic materials and devices,target_calculated PCE (%),GpyroHMC,RBF,RBF,(count:+)x(fp:+),,,,,,,,,,,,,,,,,,,,,,
Beyond molecular structure_ critically assessing machine learning for designing organic photovoltaic materials and devices,target_calculated PCE (%),GpyroHMC,RBF,RBF,(count:x)+(fp:x),,,,,,,,,,,,,,,,,,,,,,
Beyond molecular structure_ critically assessing machine learning for designing organic photovoltaic materials and devices,target_calculated PCE (%),GPytorchMAP,TanimotoMatern32,Matern32,sum,,,,,,,,,,,,,,,,,,,,,,
Beyond molecular structure_ critically assessing machine learning for designing organic photovoltaic materials and devices,target_calculated PCE (%),GPytorchMAP,TanimotoMatern32,Matern32,product,,,,,,,,,,,,,,,,,,,,,,
Beyond molecular structure_ critically assessing machine learning for designing organic photovoltaic materials and devices,target_calculated PCE (%),GPytorchMAP,TanimotoMatern32,Matern32,averageProduct,,,,,,,,,,,,,,,,,,,,,,
Beyond molecular structure_ critically assessing machine learning for designing organic photovoltaic materials and devices,target_calculated PCE (%),GPytorchMAP,TanimotoMatern32,Matern32,(count:+)x(fp:x),,,,,,,,,,,,,,,,,,,,,,
Beyond molecular structure_ critically assessing machine learning for designing organic photovoltaic materials and devices,target_calculated PCE (%),GPytorchMAP,TanimotoMatern32,Matern32,(count:+)x(fp:+),,,,,,,,,,,,,,,,,,,,,,
Beyond molecular structure_ critically assessing machine learning for designing organic photovoltaic materials and devices,target_calculated PCE (%),GPytorchMAP,TanimotoMatern32,Matern32,(count:x)+(fp:x),,,,,,,,,,,,,,,,,,,,,,
Beyond molecular structure_ critically assessing machine learning for designing organic photovoltaic materials and devices,target_calculated PCE (%),GPytorchMAP,TanimotoMatern32,Matern52,sum,,,,,,,,,,,,,,,,,,,,,,
Beyond molecular structure_ critically assessing machine learning for designing organic photovoltaic materials and devices,target_calculated PCE (%),GPytorchMAP,TanimotoMatern32,Matern52,product,,,,,,,,,,,,,,,,,,,,,,
Beyond molecular structure_ critically assessing machine learning for designing organic photovoltaic materials and devices,target_calculated PCE (%),GPytorchMAP,TanimotoMatern32,Matern52,averageProduct,,,,,,,,,,,,,,,,,,,,,,
Beyond molecular structure_ critically assessing machine learning for designing organic photovoltaic materials and devices,target_calculated PCE (%),GPytorchMAP,TanimotoMatern32,Matern52,(count:+)x(fp:x),,,,,,,,,,,,,,,,,,,,,,
Beyond molecular structure_ critically assessing machine learning for designing organic photovoltaic materials and devices,target_calculated PCE (%),GPytorchMAP,TanimotoMatern32,Matern52,(count:+)x(fp:+),,,,,,,,,,,,,,,,,,,,,,
Beyond molecular structure_ critically assessing machine learning for designing organic photovoltaic materials and devices,target_calculated PCE (%),GPytorchMAP,TanimotoMatern32,Matern52,(count:x)+(fp:x),,,,,,,,,,,,,,,,,,,,,,
Beyond molecular structure_ critically assessing machine learning for designing organic photovoltaic materials and devices,target_calculated PCE (%),GPytorchMAP,TanimotoMatern32,RBF,sum,,,,,,,,,,,,,,,,,,,,,,
Beyond molecular structure_ critically assessing machine learning for designing organic photovoltaic materials and devices,target_calculated PCE (%),GPytorchMAP,TanimotoMatern32,RBF,product,,,,,,,,,,,,,,,,,,,,,,
Beyond molecular structure_ critically assessing machine learning for designing organic photovoltaic materials and devices,target_calculated PCE (%),GPytorchMAP,TanimotoMatern32,RBF,averageProduct,,,,,,,,,,,,,,,,,,,,,,
Beyond molecular structure_ critically assessing machine learning for designing organic photovoltaic materials and devices,target_calculated PCE (%),GPytorchMAP,TanimotoMatern32,RBF,(count:+)x(fp:x),,,,,,,,,,,,,,,,,,,,,,
Beyond molecular structure_ critically assessing machine learning for designing organic photovoltaic materials and devices,target_calculated PCE (%),GPytorchMAP,TanimotoMatern32,RBF,(count:+)x(fp:+),,,,,,,,,,,,,,,,,,,,,,
Beyond molecular structure_ critically assessing machine learning for designing organic photovoltaic materials and devices,target_calculated PCE (%),GPytorchMAP,TanimotoMatern32,RBF,(count:x)+(fp:x),,,,,,,,,,,,,,,,,,,,,,
Beyond molecular structure_ critically assessing machine learning for designing organic photovoltaic materials and devices,target_calculated PCE (%),GPytorchMAP,TanimotoMatern52,Matern32,sum,,,,,,,,,,,,,,,,,,,,,,
Beyond molecular structure_ critically assessing machine learning for designing organic photovoltaic materials and devices,target_calculated PCE (%),GPytorchMAP,TanimotoMatern52,Matern32,product,,,,,,,,,,,,,,,,,,,,,,
Beyond molecular structure_ critically assessing machine learning for designing organic photovoltaic materials and devices,target_calculated PCE (%),GPytorchMAP,TanimotoMatern52,Matern32,averageProduct,,,,,,,,,,,,,,,,,,,,,,
Beyond molecular structure_ critically assessing machine learning for designing organic photovoltaic materials and devices,target_calculated PCE (%),GPytorchMAP,TanimotoMatern52,Matern32,(count:+)x(fp:x),,,,,,,,,,,,,,,,,,,,,,
Beyond molecular structure_ critically assessing machine learning for designing organic photovoltaic materials and devices,target_calculated PCE (%),GPytorchMAP,TanimotoMatern52,Matern32,(count:+)x(fp:+),,,,,,,,,,,,,,,,,,,,,,
Beyond molecular structure_ critically assessing machine learning for designing organic photovoltaic materials and devices,target_calculated PCE (%),GPytorchMAP,TanimotoMatern52,Matern32,(count:x)+(fp:x),,,,,,,,,,,,,,,,,,,,,,
Beyond molecular structure_ critically assessing machine learning for designing organic photovoltaic materials and devices,target_calculated PCE (%),GPytorchMAP,TanimotoMatern52,Matern52,sum,,,,,,,,,,,,,,,,,,,,,,
Beyond molecular structure_ critically assessing machine learning for designing organic photovoltaic materials and devices,target_calculated PCE (%),GPytorchMAP,TanimotoMatern52,Matern52,product,,,,,,,,,,,,,,,,,,,,,,
Beyond molecular structure_ critically assessing machine learning for designing organic photovoltaic materials and devices,target_calculated PCE (%),GPytorchMAP,TanimotoMatern52,Matern52,averageProduct,,,,,,,,,,,,,,,,,,,,,,
Beyond molecular structure_ critically assessing machine learning for designing organic photovoltaic materials and devices,target_calculated PCE (%),GPytorchMAP,TanimotoMatern52,Matern52,(count:+)x(fp:x),,,,,,,,,,,,,,,,,,,,,,
Beyond molecular structure_ critically assessing machine learning for designing organic photovoltaic materials and devices,target_calculated PCE (%),GPytorchMAP,TanimotoMatern52,Matern52,(count:+)x(fp:+),,,,,,,,,,,,,,,,,,,,,,
Beyond molecular structure_ critically assessing machine learning for designing organic photovoltaic materials and devices,target_calculated PCE (%),GPytorchMAP,TanimotoMatern52,Matern52,(count:x)+(fp:x),,,,,,,,,,,,,,,,,,,,,,
Beyond molecular structure_ critically assessing machine learning for designing organic photovoltaic materials and devices,target_calculated PCE (%),GPytorchMAP,TanimotoMatern52,RBF,sum,,,,,,,,,,,,,,,,,,,,,,
Beyond molecular structure_ critically assessing machine learning for designing organic photovoltaic materials and devices,target_calculated PCE (%),GPytorchMAP,TanimotoMatern52,RBF,product,,,,,,,,,,,,,,,,,,,,,,
Beyond molecular structure_ critically assessing machine learning for designing organic photovoltaic materials and devices,target_calculated PCE (%),GPytorchMAP,TanimotoMatern52,RBF,averageProduct,,,,,,,,,,,,,,,,,,,,,,
Beyond molecular structure_ critically assessing machine learning for designing organic photovoltaic materials and devices,target_calculated PCE (%),GPytorchMAP,TanimotoMatern52,RBF,(count:+)x(fp:x),,,,,,,,,,,,,,,,,,,,,,
Beyond molecular structure_ critically assessing machine learning for designing organic photovoltaic materials and devices,target_calculated PCE (%),GPytorchMAP,TanimotoMatern52,RBF,(count:+)x(fp:+),,,,,,,,,,,,,,,,,,,,,,
Beyond molecular structure_ critically assessing machine learning for designing organic photovoltaic materials and devices,target_calculated PCE (%),GPytorchMAP,TanimotoMatern52,RBF,(count:x)+(fp:x),,,,,,,,,,,,,,,,,,,,,,
Beyond molecular structure_ critically assessing machine learning for designing organic photovoltaic materials and devices,target_calculated PCE (%),GPytorchMAP,TanimotoRBF,Matern32,sum,,,,,,,,,,,,,,,,,,,,,,
Beyond molecular structure_ critically assessing machine learning for designing organic photovoltaic materials and devices,target_calculated PCE (%),GPytorchMAP,TanimotoRBF,Matern32,product,,,,,,,,,,,,,,,,,,,,,,
Beyond molecular structure_ critically assessing machine learning for designing organic photovoltaic materials and devices,target_calculated PCE (%),GPytorchMAP,TanimotoRBF,Matern32,averageProduct,,,,,,,,,,,,,,,,,,,,,,
Beyond molecular structure_ critically assessing machine learning for designing organic photovoltaic materials and devices,target_calculated PCE (%),GPytorchMAP,TanimotoRBF,Matern32,(count:+)x(fp:x),,,,,,,,,,,,,,,,,,,,,,
Beyond molecular structure_ critically assessing machine learning for designing organic photovoltaic materials and devices,target_calculated PCE (%),GPytorchMAP,TanimotoRBF,Matern32,(count:+)x(fp:+),,,,,,,,,,,,,,,,,,,,,,
Beyond molecular structure_ critically assessing machine learning for designing organic photovoltaic materials and devices,target_calculated PCE (%),GPytorchMAP,TanimotoRBF,Matern32,(count:x)+(fp:x),,,,,,,,,,,,,,,,,,,,,,
Beyond molecular structure_ critically assessing machine learning for designing organic photovoltaic materials and devices,target_calculated PCE (%),GPytorchMAP,TanimotoRBF,Matern52,sum,,,,,,,,,,,,,,,,,,,,,,
Beyond molecular structure_ critically assessing machine learning for designing organic photovoltaic materials and devices,target_calculated PCE (%),GPytorchMAP,TanimotoRBF,Matern52,product,,,,,,,,,,,,,,,,,,,,,,
Beyond molecular structure_ critically assessing machine learning for designing organic photovoltaic materials and devices,target_calculated PCE (%),GPytorchMAP,TanimotoRBF,Matern52,averageProduct,,,,,,,,,,,,,,,,,,,,,,
Beyond molecular structure_ critically assessing machine learning for designing organic photovoltaic materials and devices,target_calculated PCE (%),GPytorchMAP,TanimotoRBF,Matern52,(count:+)x(fp:x),,,,,,,,,,,,,,,,,,,,,,
Beyond molecular structure_ critically assessing machine learning for designing organic photovoltaic materials and devices,target_calculated PCE (%),GPytorchMAP,TanimotoRBF,Matern52,(count:+)x(fp:+),,,,,,,,,,,,,,,,,,,,,,
Beyond molecular structure_ critically assessing machine learning for designing organic photovoltaic materials and devices,target_calculated PCE (%),GPytorchMAP,TanimotoRBF,Matern52,(count:x)+(fp:x),,,,,,,,,,,,,,,,,,,,,,
Beyond molecular structure_ critically assessing machine learning for designing organic photovoltaic materials and devices,target_calculated PCE (%),GPytorchMAP,TanimotoRBF,RBF,sum,,,,,,,,,,,,,,,,,,,,,,
Beyond molecular structure_ critically assessing machine learning for designing organic photovoltaic materials and devices,target_calculated PCE (%),GPytorchMAP,TanimotoRBF,RBF,product,,,,,,,,,,,,,,,,,,,,,,
Beyond molecular structure_ critically assessing machine learning for designing organic photovoltaic materials and devices,target_calculated PCE (%),GPytorchMAP,TanimotoRBF,RBF,averageProduct,,,,,,,,,,,,,,,,,,,,,,
Beyond molecular structure_ critically assessing machine learning for designing organic photovoltaic materials and devices,target_calculated PCE (%),GPytorchMAP,TanimotoRBF,RBF,(count:+)x(fp:x),,,,,,,,,,,,,,,,,,,,,,
Beyond molecular structure_ critically assessing machine learning for designing organic photovoltaic materials and devices,target_calculated PCE (%),GPytorchMAP,TanimotoRBF,RBF,(count:+)x(fp:+),,,,,,,,,,,,,,,,,,,,,,
Beyond molecular structure_ critically assessing machine learning for designing organic photovoltaic materials and devices,target_calculated PCE (%),GPytorchMAP,TanimotoRBF,RBF,(count:x)+(fp:x),,,,,,,,,,,,,,,,,,,,,,
Beyond molecular structure_ critically assessing machine learning for designing organic photovoltaic materials and devices,target_calculated PCE (%),GPytorchMAP,Tanimoto,Matern32,sum,,,,,,,,,,,,,,,,,,,,,,
Beyond molecular structure_ critically assessing machine learning for designing organic photovoltaic materials and devices,target_calculated PCE (%),GPytorchMAP,Tanimoto,Matern32,product,,,,,,,,,,,,,,,,,,,,,,
Beyond molecular structure_ critically assessing machine learning for designing organic photovoltaic materials and devices,target_calculated PCE (%),GPytorchMAP,Tanimoto,Matern32,averageProduct,,,,,,,,,,,,,,,,,,,,,,
Beyond molecular structure_ critically assessing machine learning for designing organic photovoltaic materials and devices,target_calculated PCE (%),GPytorchMAP,Tanimoto,Matern32,(count:+)x(fp:x),,,,,,,,,,,,,,,,,,,,,,
Beyond molecular structure_ critically assessing machine learning for designing organic photovoltaic materials and devices,target_calculated PCE (%),GPytorchMAP,Tanimoto,Matern32,(count:+)x(fp:+),,,,,,,,,,,,,,,,,,,,,,
Beyond molecular structure_ critically assessing machine learning for designing organic photovoltaic materials and devices,target_calculated PCE (%),GPytorchMAP,Tanimoto,Matern32,(count:x)+(fp:x),,,,,,,,,,,,,,,,,,,,,,
Beyond molecular structure_ critically assessing machine learning for designing organic photovoltaic materials and devices,target_calculated PCE (%),GPytorchMAP,Tanimoto,Matern52,sum,,,,,,,,,,,,,,,,,,,,,,
Beyond molecular structure_ critically assessing machine learning for designing organic photovoltaic materials and devices,target_calculated PCE (%),GPytorchMAP,Tanimoto,Matern52,product,,,,,,,,,,,,,,,,,,,,,,
Beyond molecular structure_ critically assessing machine learning for designing organic photovoltaic materials and devices,target_calculated PCE (%),GPytorchMAP,Tanimoto,Matern52,averageProduct,,,,,,,,,,,,,,,,,,,,,,
Beyond molecular structure_ critically assessing machine learning for designing organic photovoltaic materials and devices,target_calculated PCE (%),GPytorchMAP,Tanimoto,Matern52,(count:+)x(fp:x),,,,,,,,,,,,,,,,,,,,,,
Beyond molecular structure_ critically assessing machine learning for designing organic photovoltaic materials and devices,target_calculated PCE (%),GPytorchMAP,Tanimoto,Matern52,(count:+)x(fp:+),,,,,,,,,,,,,,,,,,,,,,
Beyond molecular structure_ critically assessing machine learning for designing organic photovoltaic materials and devices,target_calculated PCE (%),GPytorchMAP,Tanimoto,Matern52,(count:x)+(fp:x),,,,,,,,,,,,,,,,,,,,,,
Beyond molecular structure_ critically assessing machine learning for designing organic photovoltaic materials and devices,target_calculated PCE (%),GPytorchMAP,Tanimoto,RBF,sum,,,,,,,,,,,,,,,,,,,,,,
Beyond molecular structure_ critically assessing machine learning for designing organic photovoltaic materials and devices,target_calculated PCE (%),GPytorchMAP,Tanimoto,RBF,product,,,,,,,,,,,,,,,,,,,,,,
Beyond molecular structure_ critically assessing machine learning for designing organic photovoltaic materials and devices,target_calculated PCE (%),GPytorchMAP,Tanimoto,RBF,averageProduct,,,,,,,,,,,,,,,,,,,,,,
Beyond molecular structure_ critically assessing machine learning for designing organic photovoltaic materials and devices,target_calculated PCE (%),GPytorchMAP,Tanimoto,RBF,(count:+)x(fp:x),,,,,,,,,,,,,,,,,,,,,,
Beyond molecular structure_ critically assessing machine learning for designing organic photovoltaic materials and devices,target_calculated PCE (%),GPytorchMAP,Tanimoto,RBF,(count:+)x(fp:+),,,,,,,,,,,,,,,,,,,,,,
Beyond molecular structure_ critically assessing machine learning for designing organic photovoltaic materials and devices,target_calculated PCE (%),GPytorchMAP,Tanimoto,RBF,(count:x)+(fp:x),,,,,,,,,,,,,,,,,,,,,,
Beyond molecular structure_ critically assessing machine learning for designing organic photovoltaic materials and devices,target_calculated PCE (%),GPytorchMAP,Matern32,Matern32,sum,,,,,,,,,,,,,,,,,,,,,,
Beyond molecular structure_ critically assessing machine learning for designing organic photovoltaic materials and devices,target_calculated PCE (%),GPytorchMAP,Matern32,Matern32,product,,,,,,,,,,,,,,,,,,,,,,
Beyond molecular structure_ critically assessing machine learning for designing organic photovoltaic materials and devices,target_calculated PCE (%),GPytorchMAP,Matern32,Matern32,averageProduct,,,,,,,,,,,,,,,,,,,,,,
Beyond molecular structure_ critically assessing machine learning for designing organic photovoltaic materials and devices,target_calculated PCE (%),GPytorchMAP,Matern32,Matern32,(count:+)x(fp:x),,,,,,,,,,,,,,,,,,,,,,
Beyond molecular structure_ critically assessing machine learning for designing organic photovoltaic materials and devices,target_calculated PCE (%),GPytorchMAP,Matern32,Matern32,(count:+)x(fp:+),,,,,,,,,,,,,,,,,,,,,,
Beyond molecular structure_ critically assessing machine learning for designing organic photovoltaic materials and devices,target_calculated PCE (%),GPytorchMAP,Matern32,Matern32,(count:x)+(fp:x),,,,,,,,,,,,,,,,,,,,,,
Beyond molecular structure_ critically assessing machine learning for designing organic photovoltaic materials and devices,target_calculated PCE (%),GPytorchMAP,Matern32,Matern52,sum,,,,,,,,,,,,,,,,,,,,,,
Beyond molecular structure_ critically assessing machine learning for designing organic photovoltaic materials and devices,target_calculated PCE (%),GPytorchMAP,Matern32,Matern52,product,,,,,,,,,,,,,,,,,,,,,,
Beyond molecular structure_ critically assessing machine learning for designing organic photovoltaic materials and devices,target_calculated PCE (%),GPytorchMAP,Matern32,Matern52,averageProduct,,,,,,,,,,,,,,,,,,,,,,
Beyond molecular structure_ critically assessing machine learning for designing organic photovoltaic materials and devices,target_calculated PCE (%),GPytorchMAP,Matern32,Matern52,(count:+)x(fp:x),,,,,,,,,,,,,,,,,,,,,,
Beyond molecular structure_ critically assessing machine learning for designing organic photovoltaic materials and devices,target_calculated PCE (%),GPytorchMAP,Matern32,Matern52,(count:+)x(fp:+),,,,,,,,,,,,,,,,,,,,,,
Beyond molecular structure_ critically assessing machine learning for designing organic photovoltaic materials and devices,target_calculated PCE (%),GPytorchMAP,Matern32,Matern52,(count:x)+(fp:x),,,,,,,,,,,,,,,,,,,,,,
Beyond molecular structure_ critically assessing machine learning for designing organic photovoltaic materials and devices,target_calculated PCE (%),GPytorchMAP,Matern32,RBF,sum,,,,,,,,,,,,,,,,,,,,,,
Beyond molecular structure_ critically assessing machine learning for designing organic photovoltaic materials and devices,target_calculated PCE (%),GPytorchMAP,Matern32,RBF,product,,,,,,,,,,,,,,,,,,,,,,
Beyond molecular structure_ critically assessing machine learning for designing organic photovoltaic materials and devices,target_calculated PCE (%),GPytorchMAP,Matern32,RBF,averageProduct,,,,,,,,,,,,,,,,,,,,,,
Beyond molecular structure_ critically assessing machine learning for designing organic photovoltaic materials and devices,target_calculated PCE (%),GPytorchMAP,Matern32,RBF,(count:+)x(fp:x),,,,,,,,,,,,,,,,,,,,,,
Beyond molecular structure_ critically assessing machine learning for designing organic photovoltaic materials and devices,target_calculated PCE (%),GPytorchMAP,Matern32,RBF,(count:+)x(fp:+),,,,,,,,,,,,,,,,,,,,,,
Beyond molecular structure_ critically assessing machine learning for designing organic photovoltaic materials and devices,target_calculated PCE (%),GPytorchMAP,Matern32,RBF,(count:x)+(fp:x),,,,,,,,,,,,,,,,,,,,,,
Beyond molecular structure_ critically assessing machine learning for designing organic photovoltaic materials and devices,target_calculated PCE (%),GPytorchMAP,Matern52,Matern32,sum,,,,,,,,,,,,,,,,,,,,,,
Beyond molecular structure_ critically assessing machine learning for designing organic photovoltaic materials and devices,target_calculated PCE (%),GPytorchMAP,Matern52,Matern32,product,,,,,,,,,,,,,,,,,,,,,,
Beyond molecular structure_ critically assessing machine learning for designing organic photovoltaic materials and devices,target_calculated PCE (%),GPytorchMAP,Matern52,Matern32,averageProduct,,,,,,,,,,,,,,,,,,,,,,
Beyond molecular structure_ critically assessing machine learning for designing organic photovoltaic materials and devices,target_calculated PCE (%),GPytorchMAP,Matern52,Matern32,(count:+)x(fp:x),,,,,,,,,,,,,,,,,,,,,,
Beyond molecular structure_ critically assessing machine learning for designing organic photovoltaic materials and devices,target_calculated PCE (%),GPytorchMAP,Matern52,Matern32,(count:+)x(fp:+),,,,,,,,,,,,,,,,,,,,,,
Beyond molecular structure_ critically assessing machine learning for designing organic photovoltaic materials and devices,target_calculated PCE (%),GPytorchMAP,Matern52,Matern32,(count:x)+(fp:x),,,,,,,,,,,,,,,,,,,,,,
Beyond molecular structure_ critically assessing machine learning for designing organic photovoltaic materials and devices,target_calculated PCE (%),GPytorchMAP,Matern52,Matern52,sum,,,,,,,,,,,,,,,,,,,,,,
Beyond molecular structure_ critically assessing machine learning for designing organic photovoltaic materials and devices,target_calculated PCE (%),GPytorchMAP,Matern52,Matern52,product,,,,,,,,,,,,,,,,,,,,,,
Beyond molecular structure_ critically assessing machine learning for designing organic photovoltaic materials and devices,target_calculated PCE (%),GPytorchMAP,Matern52,Matern52,averageProduct,,,,,,,,,,,,,,,,,,,,,,
Beyond molecular structure_ critically assessing machine learning for designing organic photovoltaic materials and devices,target_calculated PCE (%),GPytorchMAP,Matern52,Matern52,(count:+)x(fp:x),,,,,,,,,,,,,,,,,,,,,,
Beyond molecular structure_ critically assessing machine learning for designing organic photovoltaic materials and devices,target_calculated PCE (%),GPytorchMAP,Matern52,Matern52,(count:+)x(fp:+),,,,,,,,,,,,,,,,,,,,,,
Beyond molecular structure_ critically assessing machine learning for designing organic photovoltaic materials and devices,target_calculated PCE (%),GPytorchMAP,Matern52,Matern52,(count:x)+(fp:x),,,,,,,,,,,,,,,,,,,,,,
Beyond molecular structure_ critically assessing machine learning for designing organic photovoltaic materials and devices,target_calculated PCE (%),GPytorchMAP,Matern52,RBF,sum,,,,,,,,,,,,,,,,,,,,,,
Beyond molecular structure_ critically assessing machine learning for designing organic photovoltaic materials and devices,target_calculated PCE (%),GPytorchMAP,Matern52,RBF,product,,,,,,,,,,,,,,,,,,,,,,
Beyond molecular structure_ critically assessing machine learning for designing organic photovoltaic materials and devices,target_calculated PCE (%),GPytorchMAP,Matern52,RBF,averageProduct,,,,,,,,,,,,,,,,,,,,,,
Beyond molecular structure_ critically assessing machine learning for designing organic photovoltaic materials and devices,target_calculated PCE (%),GPytorchMAP,Matern52,RBF,(count:+)x(fp:x),,,,,,,,,,,,,,,,,,,,,,
Beyond molecular structure_ critically assessing machine learning for designing organic photovoltaic materials and devices,target_calculated PCE (%),GPytorchMAP,Matern52,RBF,(count:+)x(fp:+),,,,,,,,,,,,,,,,,,,,,,
Beyond molecular structure_ critically assessing machine learning for designing organic photovoltaic materials and devices,target_calculated PCE (%),GPytorchMAP,Matern52,RBF,(count:x)+(fp:x),,,,,,,,,,,,,,,,,,,,,,
Beyond molecular structure_ critically assessing machine learning for designing organic photovoltaic materials and devices,target_calculated PCE (%),GPytorchMAP,RBF,Matern32,sum,,,,,,,,,,,,,,,,,,,,,,
Beyond molecular structure_ critically assessing machine learning for designing organic photovoltaic materials and devices,target_calculated PCE (%),GPytorchMAP,RBF,Matern32,product,,,,,,,,,,,,,,,,,,,,,,
Beyond molecular structure_ critically assessing machine learning for designing organic photovoltaic materials and devices,target_calculated PCE (%),GPytorchMAP,RBF,Matern32,averageProduct,,,,,,,,,,,,,,,,,,,,,,
Beyond molecular structure_ critically assessing machine learning for designing organic photovoltaic materials and devices,target_calculated PCE (%),GPytorchMAP,RBF,Matern32,(count:+)x(fp:x),,,,,,,,,,,,,,,,,,,,,,
Beyond molecular structure_ critically assessing machine learning for designing organic photovoltaic materials and devices,target_calculated PCE (%),GPytorchMAP,RBF,Matern32,(count:+)x(fp:+),,,,,,,,,,,,,,,,,,,,,,
Beyond molecular structure_ critically assessing machine learning for designing organic photovoltaic materials and devices,target_calculated PCE (%),GPytorchMAP,RBF,Matern32,(count:x)+(fp:x),,,,,,,,,,,,,,,,,,,,,,
Beyond molecular structure_ critically assessing machine learning for designing organic photovoltaic materials and devices,target_calculated PCE (%),GPytorchMAP,RBF,Matern52,sum,,,,,,,,,,,,,,,,,,,,,,
Beyond molecular structure_ critically assessing machine learning for designing organic photovoltaic materials and devices,target_calculated PCE (%),GPytorchMAP,RBF,Matern52,product,,,,,,,,,,,,,,,,,,,,,,
Beyond molecular structure_ critically assessing machine learning for designing organic photovoltaic materials and devices,target_calculated PCE (%),GPytorchMAP,RBF,Matern52,averageProduct,,,,,,,,,,,,,,,,,,,,,,
Beyond molecular structure_ critically assessing machine learning for designing organic photovoltaic materials and devices,target_calculated PCE (%),GPytorchMAP,RBF,Matern52,(count:+)x(fp:x),,,,,,,,,,,,,,,,,,,,,,
Beyond molecular structure_ critically assessing machine learning for designing organic photovoltaic materials and devices,target_calculated PCE (%),GPytorchMAP,RBF,Matern52,(count:+)x(fp:+),,,,,,,,,,,,,,,,,,,,,,
Beyond molecular structure_ critically assessing machine learning for designing organic photovoltaic materials and devices,target_calculated PCE (%),GPytorchMAP,RBF,Matern52,(count:x)+(fp:x),,,,,,,,,,,,,,,,,,,,,,
Beyond molecular structure_ critically assessing machine learning for designing organic photovoltaic materials and devices,target_calculated PCE (%),GPytorchMAP,RBF,RBF,sum,,,,,,,,,,,,,,,,,,,,,,
Beyond molecular structure_ critically assessing machine learning for designing organic photovoltaic materials and devices,target_calculated PCE (%),GPytorchMAP,RBF,RBF,product,,,,,,,,,,,,,,,,,,,,,,
Beyond molecular structure_ critically assessing machine learning for designing organic photovoltaic materials and devices,target_calculated PCE (%),GPytorchMAP,RBF,RBF,averageProduct,,,,,,,,,,,,,,,,,,,,,,
Beyond molecular structure_ critically assessing machine learning for designing organic photovoltaic materials and devices,target_calculated PCE (%),GPytorchMAP,RBF,RBF,(count:+)x(fp:x),,,,,,,,,,,,,,,,,,,,,,
Beyond molecular structure_ critically assessing machine learning for designing organic photovoltaic materials and devices,target_calculated PCE (%),GPytorchMAP,RBF,RBF,(count:+)x(fp:+),,,,,,,,,,,,,,,,,,,,,,
Beyond molecular structure_ critically assessing machine learning for designing organic photovoltaic materials and devices,target_calculated PCE (%),GPytorchMAP,RBF,RBF,(count:x)+(fp:x),,,,,,,,,,,,,,,,,,,,,,
Beyond molecular structure_ critically assessing machine learning for designing organic photovoltaic materials and devices,target_calculated PCE (%),MGK,Graph,Matern32,sum,,,,,,,,,,,,,,,,,,,,,,
Beyond molecular structure_ critically assessing machine learning for designing organic photovoltaic materials and devices,target_calculated PCE (%),MGK,Graph,Matern32,product,,,,,,,,,,,,,,,,,,,,,,
Beyond molecular structure_ critically assessing machine learning for designing organic photovoltaic materials and devices,target_calculated PCE (%),MGK,Graph,Matern32,averageProduct,,,,,,,,,,,,,,,,,,,,,,
Beyond molecular structure_ critically assessing machine learning for designing organic photovoltaic materials and devices,target_calculated PCE (%),MGK,Graph,Matern32,(count:+)x(graph:x),,,,,,,,,,,,,,,,,,,,,,
Beyond molecular structure_ critically assessing machine learning for designing organic photovoltaic materials and devices,target_calculated PCE (%),MGK,Graph,Matern32,(count:+)x(graph:+),,,,,,,,,,,,,,,,,,,,,,
Beyond molecular structure_ critically assessing machine learning for designing organic photovoltaic materials and devices,target_calculated PCE (%),MGK,Graph,Matern32,(count:x)+(graph:x),,,,,,,,,,,,,,,,,,,,,,
Beyond molecular structure_ critically assessing machine learning for designing organic photovoltaic materials and devices,target_calculated PCE (%),MGK,Graph,Matern52,sum,,,,,,,,,,,,,,,,,,,,,,
Beyond molecular structure_ critically assessing machine learning for designing organic photovoltaic materials and devices,target_calculated PCE (%),MGK,Graph,Matern52,product,,,,,,,,,,,,,,,,,,,,,,
Beyond molecular structure_ critically assessing machine learning for designing organic photovoltaic materials and devices,target_calculated PCE (%),MGK,Graph,Matern52,averageProduct,,,,,,,,,,,,,,,,,,,,,,
Beyond molecular structure_ critically assessing machine learning for designing organic photovoltaic materials and devices,target_calculated PCE (%),MGK,Graph,Matern52,(count:+)x(graph:x),,,,,,,,,,,,,,,,,,,,,,
Beyond molecular structure_ critically assessing machine learning for designing organic photovoltaic materials and devices,target_calculated PCE (%),MGK,Graph,Matern52,(count:+)x(graph:+),,,,,,,,,,,,,,,,,,,,,,
Beyond molecular structure_ critically assessing machine learning for designing organic photovoltaic materials and devices,target_calculated PCE (%),MGK,Graph,Matern52,(count:x)+(graph:x),,,,,,,,,,,,,,,,,,,,,,
Beyond molecular structure_ critically assessing machine learning for designing organic photovoltaic materials and devices,target_calculated PCE (%),MGK,Graph,RBF,sum,,,,,,,,,,,,,,,,,,,,,,
Beyond molecular structure_ critically assessing machine learning for designing organic photovoltaic materials and devices,target_calculated PCE (%),MGK,Graph,RBF,product,,,,,,,,,,,,,,,,,,,,,,
Beyond molecular structure_ critically assessing machine learning for designing organic photovoltaic materials and devices,target_calculated PCE (%),MGK,Graph,RBF,averageProduct,,,,,,,,,,,,,,,,,,,,,,
Beyond molecular structure_ critically assessing machine learning for designing organic photovoltaic materials and devices,target_calculated PCE (%),MGK,Graph,RBF,(count:+)x(graph:x),,,,,,,,,,,,,,,,,,,,,,
Beyond molecular structure_ critically assessing machine learning for designing organic photovoltaic materials and devices,target_calculated PCE (%),MGK,Graph,RBF,(count:+)x(graph:+),,,,,,,,,,,,,,,,,,,,,,
Beyond molecular structure_ critically assessing machine learning for designing organic photovoltaic materials and devices,target_calculated PCE (%),MGK,Graph,RBF,(count:x)+(graph:x),,,,,,,,,,,,,,,,,,,,,,
Machine Learning for Polymer Design to Enhance Pervaporation-Based Organic Recovery,target_log (Separation factor),RF,,,,"{""0"": 0.6286998988637675, ""1"": 0.6794785117476135, ""2"": 0.3429123405409798, ""3"": 0.9271207168216077}","{""0"": 0.51947541506333, ""1"": 0.4692411975001952, ""2"": 0.8003375665088365, ""3"": -0.05964977322145826}","{""0"": 0.4670823054677596, ""1"": 0.48353068107377406, ""2"": 0.23472218358117863, ""3"": 0.8122132004790344}","{""0"": 0.036707472583524595, ""1"": 0.019610162067455143, ""2"": 0.0732950191570881, ""3"": 0.11714975845410633}","{""0"": 0.04752051386741259, ""1"": 0.00711396242280362, ""2"": 0.11072392198939293, ""3"": 0.19550815310830824}","{""0"": 0.7591658592789894, ""1"": 0.7804146116282559, ""2"": 0.16012906623394565, ""3"": 1.3785069175200482}","{""0"": 0.047352716143840845, ""1"": 0.03042049934296979, ""2"": 0.11172413793103445, ""3"": 0.20797101449275365}","{""0"": 0.375538468911677, ""1"": 0.46567400254508706, ""2"": 0.3589994596108335, ""3"": 0.14477215917871492}","{""0"": 0.5570490735584565, ""1"": 0.5943916538242395, ""2"": 0.5089010269286827, ""3"": -0.14518250585159548}","{""0"": 0.6196591232312106, ""1"": 0.5527909117716056, ""2"": 0.34632259889767425, ""3"": 0.8396294320080849}","{""0"": 325.2649769317359, ""1"": 383.5716118644923, ""2"": 164.91991545632482, ""3"": 64.01733536273241}","{""0"": [0.38625375902883646, 0.3826670934702187, 0.3838701559381172, 0.38634125533767466, 0.38906283698253274], ""1"": [0.3531137639370417, 0.3454031822674357, 0.3406727885376182, 0.34687180257562744, 0.3461122708882144], ""2"": [0.3168631147578396, 0.34111982213175973, 0.3235125037424435, 0.2988120782429733, 0.29698031667286906], ""3"": [0.29126956666940107, 0.30497787220922645, 0.2568377345285719, 0.3045575807310358, 0.2568333937317412]}","{""0"": [0.8203002475719315, 0.824987925979994, 0.8274315337558575, 0.8252250328184807, 0.8220635227461441], ""1"": [0.8542992617172928, 0.8610170874889789, 0.8627440674769009, 0.8611477970533147, 0.8528334350038764], ""2"": [0.8663644388564249, 0.8518257082419082, 0.8644188739090105, 0.9040131951224316, 0.8848268574491849], ""3"": [0.8802467382384508, 0.872233712717964, 0.9304512295807252, 0.882383247985634, 0.9303510526953735]}","{""0"": [0.25736660050279403, 0.25539503170387634, 0.25993362164557404, 0.2624508835783046, 0.26223537444795847], ""1"": [0.229959996866771, 0.22531947581105644, 0.22259310572011703, 0.23086198737133953, 0.22320817011589644], ""2"": [0.19400476357708307, 0.20325101645902952, 0.1985185839083829, 0.1971874311479001, 0.19089037919543925], ""3"": [0.16368753492712673, 0.1848502545846548, 0.18495573217968805, 0.21783364084760656, 0.156545677917803]}","{""0"": [0.08381790359602138, 0.09901810762560569, 0.07200969140525375, 0.08073195613363937, 0.08116551900025502], ""1"": [0.08144984669294787, 0.08359614542268942, 0.07816469557599648, 0.06554095488392465, 0.07873412176960139], ""2"": [0.10498084291187738, 0.10655172413793103, 0.10157088122605364, 0.0793486590038314, 0.11494252873563217], ""3"": [0.15676328502415457, 0.14468599033816423, 0.11135265700483091, 0.07357487922705312, 0.12971014492753621]}","{""0"": [0.046462869797607, 0.0497919794996176, 0.03770634197975897, 0.04226496723587878, 0.0406941279310747], ""1"": [0.043285673422325976, 0.043104196521661725, 0.03909769794688131, 0.034643413197547795, 459182.2443521932], ""2"": [0.0519301431031126, 0.056293605148311734, 0.05655625248575661, 0.22257388532749836, 0.04500150697207288], ""3"": [0.08738286346529733, 0.19926432910873604, 0.3299563757715185, 0.05448458429119135, 0.07202905480110366]}","{""0"": [0.21778084262911265, 0.17441952547918185, 0.2176967813549279, 0.23157094609674475, 0.38079357516104584], ""1"": [0.04390548184050885, 0.18068266575899541, 0.16595161823159668, 0.09345214351918177, 0.1996716672488301], ""2"": [0.5915350776858567, 0.5302289566609787, -0.003239276282199391, 0.7672150146204909, -0.04968156567140761], ""3"": [-0.15007684972030497, -0.14150358476662084, 0.11656409679865662, 0.207011024672987, -0.19657778003150894]}","{""0"": [0.04765876052027543, 0.04923488905891353, 0.038599846977811776, 0.04188982402448354, 0.039977046671767415], ""1"": [0.04316688567674114, 0.04172141918528253, 0.0397503285151117, 0.03265440210249671, 0.040538764783180026], ""2"": [0.04885057471264369, 0.056321839080459776, 0.047126436781609195, 0.03908045977011494, 0.054597701149425304], ""3"": [0.07608695652173912, 0.07289855072463769, 0.06855072463768115, 0.04826086956521738, 0.06884057971014493]}","{""0"": [0.5616253941477148, 0.5582627300017676, 0.5599742230783572, 0.5498510074138926, 0.5352732595800352], ""1"": [0.6012668958294926, 0.6044153154942182, 0.5955104419861558, 0.6107526266548625, 0.6227410593273965], ""2"": [0.6153872290915309, 0.5772732670120011, 0.6137165255841033, 0.6329005291842417, 0.5516164326277895], ""3"": [0.5885853907367858, 0.5824400808247935, 0.5525900531752643, 0.5117762329682125, 0.6429511847317522]}","{""0"": [0.5515660095997695, 0.5880766561586347, 0.5454801153794341, 0.5409569143744528, 0.5668158804456243], ""1"": [0.5805071241270149, 0.5599291850367926, 0.5774487619144648, 0.5744224822662656, 0.5672716401020522], ""2"": [0.47733135909336827, 0.5537450119565873, 0.6054419637959184, 0.5389905971074065, 0.541753561899095], ""3"": [0.4939349652904641, 0.6092436974789917, 0.43610190083935474, 0.580403547736559, 0.4963829009864816]}","{""0"": [0.39898842678295704, 0.4085267103307794, 0.3886142201786987, 0.3976521758770127, 0.3963321321874494], ""1"": [0.3527652416480748, 0.35494890683273433, 0.3462457187099756, 0.34306904179508285, 0.3385272400941095], ""2"": [0.3178826029908148, 0.31220054714389117, 0.2939905408535514, 0.30259231491894156, 0.3322081794431132], ""3"": [0.30290707886875323, 0.3354143180597777, 0.34608796869404523, 0.3385196377445603, 0.29081695159322873]}","{""0"": [396.80338324792683, 393.1483418010175, 393.365692647174, 392.7716116104275, 394.0544114783406], ""1"": [437.27586230263114, 430.7670119833201, 439.96903009340167, 435.1667720004916, 439.97756203264], ""2"": [161.93766576610506, 158.3661044612527, 164.74317564815283, 159.25690940767527, 166.51758304052055], ""3"": [68.65648359805346, 67.8564928304404, 74.56302909739316, 66.74585776031017, 65.60153439454734]}"
Machine Learning for Polymer Design to Enhance Pervaporation-Based Organic Recovery,target_log (Separation factor),XGBR,,,,"{""0"": 0.6904007919734916, ""1"": 0.6975036472078604, ""2"": 0.3674913746741714, ""3"": 1.0748706008371587}","{""0"": 0.420529417931091, ""1"": 0.4407078581031819, ""2"": 0.7706892411710079, ""3"": -0.424302207042464}","{""0"": 0.48585226150541433, ""1"": 0.4783243391293131, ""2"": 0.2323004016183233, ""3"": 0.9211665558073427}",,,,,,,,"{""0"": 42.15605619363487, ""1"": 40.37197984196246, ""2"": 15.234888136386871, ""3"": 6.596413053572178}","{""0"": [0.38689707317737804, 0.3648226715231435, 0.3649077362962722, 0.3768719915127305, 0.3532657082950984], ""1"": [0.3460503399530127, 0.3459593956268552, 0.3291130730726354, 0.3193387053097432, 0.3057862388922683], ""2"": [0.29619251119057105, 0.3525303117386327, 0.28144884001606507, 0.3033714662285331, 0.28171276391430317], ""3"": [0.28859992200995915, 0.30356232056073634, 0.32389586218549093, 0.2813765881130095, 0.27786317088497026]}","{""0"": [0.8197011612949879, 0.8409295848107621, 0.844059514298325, 0.8336875423791468, 0.853300560593928], ""1"": [0.8600699399433693, 0.8605691101727992, 0.8719007752458661, 0.8823158701898219, 0.8851288327880149], ""2"": [0.8832312005059213, 0.8417470272059459, 0.8973837780091543, 0.9010616415284296, 0.8963644076550137], ""3"": [0.8824318861957721, 0.8734170120037644, 0.8893930045928752, 0.899606343402009, 0.9184782393500963]}","{""0"": [0.23975322581988262, 0.2335807906142548, 0.23660271783080689, 0.24662998324164007, 0.2288664368767762], ""1"": [0.2171451152461233, 0.2166322968727328, 0.20705389624110102, 0.19963361031971052, 0.19439027458845232], ""2"": [0.18149346832433036, 0.1900260513944875, 0.18065483701603535, 0.19703035444326045, 0.18938905877369888], ""3"": [0.1742777376467506, 0.1557619160027323, 0.19437937487582466, 0.1850000199619083, 0.17747416333201382]}",,,,,,,,"{""0"": [45.786034151911736, 44.74908495135605, 45.80605774000287, 45.08571765944362, 45.890151804313064], ""1"": [39.58545823581517, 41.95092922076583, 40.38734660297632, 42.70461334846914, 40.32705442607403], ""2"": [14.198055773973465, 13.564577583223581, 13.731670048087835, 13.145242050290108, 13.768985450267792], ""3"": [6.297786297276616, 6.681040918454528, 6.236401583999395, 6.5318125784397125, 6.322509711608291]}"
Machine Learning for Polymer Design to Enhance Pervaporation-Based Organic Recovery,target_log (Separation factor),NGB,,,,"{""0"": 0.6759672394725992, ""1"": 0.6920143001093155, ""2"": 0.42218911838724, ""3"": 0.9996671025356932}","{""0"": 0.44450503314278667, ""1"": 0.44947646508615036, ""2"": 0.6973475444370792, ""3"": -0.23197126713156235}","{""0"": 0.5234992459114783, ""1"": 0.5306936926190735, ""2"": 0.30840040234987187, ""3"": 0.857727397718469}","{""0"": 0.14183881662841116, ""1"": 0.11390713972842756, ""2"": 0.014750957854406152, ""3"": 0.260144927536232}","{""0"": 0.09453708173883069, ""1"": 0.06053402524633437, ""2"": 0.07400636412764386, ""3"": 0.21971345199508505}","{""0"": 1.3773159135269435, ""1"": 1.1516845922940322, ""2"": 0.38238862823630143, ""3"": 2.210673930778763}","{""0"": 0.08846977811782708, ""1"": 0.0555190538764783, ""2"": 0.07528735632183907, ""3"": 0.2155072463768116}","{""0"": 0.3794246353222375, ""1"": 0.3249486602178094, ""2"": 0.30467804356647327, ""3"": 0.12133685060289476}","{""0"": 0.386053531053287, ""1"": 0.37948210197075816, ""2"": 0.6318661546659557, ""3"": -0.22372815143799185}","{""0"": 0.4219752001459547, ""1"": 0.45350205130167637, ""2"": 0.3378658241803404, ""3"": 0.5306975132483202}","{""0"": 84.13735134340823, ""1"": 83.08498143218458, ""2"": 53.139550963416696, ""3"": 41.59836529195309}","{""0"": [0.5040952885761766, 0.533000248652292, 0.5359213864868712, 0.5290790937097272, 0.5214722544955387], ""1"": [0.5372318847844436, 0.5135675535343518, 0.4974355056220672, 0.5375450637610985, 0.5127209914850366], ""2"": [0.49984456633499025, 0.5395055671596621, 0.45786707599461596, 0.5347832661028258, 0.5225930362605513], ""3"": [0.46963538093489937, 0.516351281797808, 0.5453633215645449, 0.5426678148739975, 0.48900312222240977]}","{""0"": [0.6939253809869339, 0.6604680878077192, 0.6636473004499858, 0.6722231646260528, 0.6803402891811817], ""1"": [0.6627468455436412, 0.6927415077248726, 0.7073626228819916, 0.6665393931280128, 0.677048462605522], ""2"": [0.6674563813222687, 0.629361262371494, 0.7284211615563295, 0.6925525764191949, 0.6433656905230614], ""3"": [0.6886715942329151, 0.6337563245652644, 0.6864233995711023, 0.6265792183253993, 0.7475154314346761]}","{""0"": [0.3835506296398836, 0.40105788898986644, 0.41346978830108855, 0.4024533087173118, 0.40122535219948], ""1"": [0.40530173118759627, 0.3890442812874535, 0.3752457313151729, 0.4060098883243912, 0.3798859446889674], ""2"": [0.3756949972914427, 0.38794268685457944, 0.3569734571997137, 0.4039885381231629, 0.4044535779421121], ""3"": [0.3609121618546179, 0.4092679421916043, 0.4116246614032541, 0.4378849519541594, 0.3673179071622722]}","{""0"": [0.013713338434072965, 0.030362152512114295, 0.05737056873246624, 0.04234889058913546, 0.056732976281560876], ""1"": [0.026784932106876953, 0.013985983355234377, 0.007363118703460362, 0.027617170389837964, 0.015851949189662744], ""2"": [0.009195402298850559, 0.02153256704980842, 0.015363984674329492, 0.024252873563218424, 0.031724137931034506], ""3"": [0.021690821256038637, 0.03096618357487923, 0.018985507246376827, 0.06932367149758459, 0.03289855072463769]}","{""0"": [0.04222949509722412, 0.02198226582250523, 0.0402849646818972, 0.022513356721395653, 0.02917664103024531], ""1"": [0.019491704201395527, 0.10593285334418781, 0.027417265933096374, 0.025254749166211878, 0.02683477968048209], ""2"": [0.010733594301460413, 0.05068538518899394, 0.02801368714057639, 0.039286783073494286, 0.10626988208022985], ""3"": [0.055249438441720894, 0.04495698979236577, 0.015320609555409783, 0.11256838091408501, 0.014696057868116941]}","{""0"": [0.6029131156706484, 0.6617974797753515, 0.6872830943318479, 0.6713257033473082, 0.6769595035625403], ""1"": [0.6482664403264622, 0.6240197563348192, 0.6020799414127898, 0.677071285469599, 0.6088361864773291], ""2"": [0.57464103721694, 0.6927391057321821, 0.49675002985224526, 0.7299292319220781, 0.6348710692451699], ""3"": [0.6037475572047399, 0.6355833646307911, 0.6707054816340434, 0.7521230516638738, 0.5377012932300673]}","{""0"": [0.04009946442234125, 0.02467482785003825, 0.0378806426931905, 0.02052792654934965, 0.04462892119357308], ""1"": [0.01875164257555849, 0.029763469119579507, 0.025558475689881722, 0.02316688567674114, 0.030420499342969788], ""2"": [0.022988505747126433, 0.03551724137931034, 0.02804597701149425, 0.029425287356321828, 0.04954022988505748], ""3"": [0.05260869565217391, 0.0418840579710145, 0.03927536231884059, 0.07782608695652174, 0.03927536231884059]}","{""0"": [0.3043929643053464, 0.3273873139303777, 0.3310680561837683, 0.31684553444492836, 0.3259136364909595], ""1"": [0.30128405906351374, 0.302458600352446, 0.30217218826058806, 0.3160601164364785, 0.31640983901787656], ""2"": [0.31084026164410167, 0.33795150483324776, 0.30611498634661893, 0.3279591608747868, 0.2878079361699232], ""3"": [0.35517156212762035, 0.2918937576830318, 0.283060532537222, 0.299119661961753, 0.32730919862553837]}","{""0"": [0.4578521073524426, 0.46223411873416587, 0.4550338455587848, 0.4926982992155836, 0.4586448368836731], ""1"": [0.496768574463921, 0.46056335960989514, 0.4336376752782739, 0.42321887298853944, 0.40373001292231764], ""2"": [0.45939633693644527, 0.5311181769757537, 0.504092738074359, 0.42927916058942733, 0.4528178316040727], ""3"": [0.3115471401142208, 0.5145378322979484, 0.42178337207206335, 0.45829222873954, 0.5519036846072801]}","{""0"": [0.44990002734727497, 0.4433457367412796, 0.4320971272548898, 0.42895917177421383, 0.4221721126594351], ""1"": [0.4529448220472525, 0.45323772685692987, 0.44703807838879067, 0.45506784369361875, 0.4400975972895531], ""2"": [0.4488852009811506, 0.4391765647421914, 0.43934574592081543, 0.45870713513989064, 0.4671427980864329], ""3"": [0.47217555516378373, 0.47418992483574984, 0.47587301988316555, 0.4533576033953888, 0.46453358149154145]}","{""0"": [91.37086532451212, 88.13770701922476, 83.85488081350923, 86.88346371985972, 86.76216676644981], ""1"": [88.10095534846187, 85.97206885181367, 87.41154462657869, 86.27982799336314, 87.31666686199605], ""2"": [53.281341997906566, 53.10924715176225, 52.55609162338078, 52.519959380850196, 51.45640258304775], ""3"": [41.74883262254298, 41.100352140143514, 40.902587527409196, 40.59630059078336, 43.03680651821196]}"
Machine Learning for Polymer Design to Enhance Pervaporation-Based Organic Recovery,target_log (Separation factor),GpyroHMC,TanimotoMatern32,Matern32,sum,,,,,,,,,,,,,,,,,,,,,,
Machine Learning for Polymer Design to Enhance Pervaporation-Based Organic Recovery,target_log (Separation factor),GpyroHMC,TanimotoMatern32,Matern32,product,,,,,,,,,,,,,,,,,,,,,,
Machine Learning for Polymer Design to Enhance Pervaporation-Based Organic Recovery,target_log (Separation factor),GpyroHMC,TanimotoMatern32,Matern32,averageProduct,,,,,,,,,,,,,,,,,,,,,,
Machine Learning for Polymer Design to Enhance Pervaporation-Based Organic Recovery,target_log (Separation factor),GpyroHMC,TanimotoMatern32,Matern32,(count:+)x(fp:x),,,,,,,,,,,,,,,,,,,,,,
Machine Learning for Polymer Design to Enhance Pervaporation-Based Organic Recovery,target_log (Separation factor),GpyroHMC,TanimotoMatern32,Matern32,(count:+)x(fp:+),,,,,,,,,,,,,,,,,,,,,,
Machine Learning for Polymer Design to Enhance Pervaporation-Based Organic Recovery,target_log (Separation factor),GpyroHMC,TanimotoMatern32,Matern32,(count:x)+(fp:x),,,,,,,,,,,,,,,,,,,,,,
Machine Learning for Polymer Design to Enhance Pervaporation-Based Organic Recovery,target_log (Separation factor),GpyroHMC,TanimotoMatern32,Matern52,sum,,,,,,,,,,,,,,,,,,,,,,
Machine Learning for Polymer Design to Enhance Pervaporation-Based Organic Recovery,target_log (Separation factor),GpyroHMC,TanimotoMatern32,Matern52,product,,,,,,,,,,,,,,,,,,,,,,
Machine Learning for Polymer Design to Enhance Pervaporation-Based Organic Recovery,target_log (Separation factor),GpyroHMC,TanimotoMatern32,Matern52,averageProduct,,,,,,,,,,,,,,,,,,,,,,
Machine Learning for Polymer Design to Enhance Pervaporation-Based Organic Recovery,target_log (Separation factor),GpyroHMC,TanimotoMatern32,Matern52,(count:+)x(fp:x),,,,,,,,,,,,,,,,,,,,,,
Machine Learning for Polymer Design to Enhance Pervaporation-Based Organic Recovery,target_log (Separation factor),GpyroHMC,TanimotoMatern32,Matern52,(count:+)x(fp:+),,,,,,,,,,,,,,,,,,,,,,
Machine Learning for Polymer Design to Enhance Pervaporation-Based Organic Recovery,target_log (Separation factor),GpyroHMC,TanimotoMatern32,Matern52,(count:x)+(fp:x),,,,,,,,,,,,,,,,,,,,,,
Machine Learning for Polymer Design to Enhance Pervaporation-Based Organic Recovery,target_log (Separation factor),GpyroHMC,TanimotoMatern32,RBF,sum,,,,,,,,,,,,,,,,,,,,,,
Machine Learning for Polymer Design to Enhance Pervaporation-Based Organic Recovery,target_log (Separation factor),GpyroHMC,TanimotoMatern32,RBF,product,,,,,,,,,,,,,,,,,,,,,,
Machine Learning for Polymer Design to Enhance Pervaporation-Based Organic Recovery,target_log (Separation factor),GpyroHMC,TanimotoMatern32,RBF,averageProduct,,,,,,,,,,,,,,,,,,,,,,
Machine Learning for Polymer Design to Enhance Pervaporation-Based Organic Recovery,target_log (Separation factor),GpyroHMC,TanimotoMatern32,RBF,(count:+)x(fp:x),,,,,,,,,,,,,,,,,,,,,,
Machine Learning for Polymer Design to Enhance Pervaporation-Based Organic Recovery,target_log (Separation factor),GpyroHMC,TanimotoMatern32,RBF,(count:+)x(fp:+),,,,,,,,,,,,,,,,,,,,,,
Machine Learning for Polymer Design to Enhance Pervaporation-Based Organic Recovery,target_log (Separation factor),GpyroHMC,TanimotoMatern32,RBF,(count:x)+(fp:x),,,,,,,,,,,,,,,,,,,,,,
Machine Learning for Polymer Design to Enhance Pervaporation-Based Organic Recovery,target_log (Separation factor),GpyroHMC,TanimotoMatern52,Matern32,sum,,,,,,,,,,,,,,,,,,,,,,
Machine Learning for Polymer Design to Enhance Pervaporation-Based Organic Recovery,target_log (Separation factor),GpyroHMC,TanimotoMatern52,Matern32,product,,,,,,,,,,,,,,,,,,,,,,
Machine Learning for Polymer Design to Enhance Pervaporation-Based Organic Recovery,target_log (Separation factor),GpyroHMC,TanimotoMatern52,Matern32,averageProduct,,,,,,,,,,,,,,,,,,,,,,
Machine Learning for Polymer Design to Enhance Pervaporation-Based Organic Recovery,target_log (Separation factor),GpyroHMC,TanimotoMatern52,Matern32,(count:+)x(fp:x),,,,,,,,,,,,,,,,,,,,,,
Machine Learning for Polymer Design to Enhance Pervaporation-Based Organic Recovery,target_log (Separation factor),GpyroHMC,TanimotoMatern52,Matern32,(count:+)x(fp:+),,,,,,,,,,,,,,,,,,,,,,
Machine Learning for Polymer Design to Enhance Pervaporation-Based Organic Recovery,target_log (Separation factor),GpyroHMC,TanimotoMatern52,Matern32,(count:x)+(fp:x),,,,,,,,,,,,,,,,,,,,,,
Machine Learning for Polymer Design to Enhance Pervaporation-Based Organic Recovery,target_log (Separation factor),GpyroHMC,TanimotoMatern52,Matern52,sum,,,,,,,,,,,,,,,,,,,,,,
Machine Learning for Polymer Design to Enhance Pervaporation-Based Organic Recovery,target_log (Separation factor),GpyroHMC,TanimotoMatern52,Matern52,product,,,,,,,,,,,,,,,,,,,,,,
Machine Learning for Polymer Design to Enhance Pervaporation-Based Organic Recovery,target_log (Separation factor),GpyroHMC,TanimotoMatern52,Matern52,averageProduct,,,,,,,,,,,,,,,,,,,,,,
Machine Learning for Polymer Design to Enhance Pervaporation-Based Organic Recovery,target_log (Separation factor),GpyroHMC,TanimotoMatern52,Matern52,(count:+)x(fp:x),,,,,,,,,,,,,,,,,,,,,,
Machine Learning for Polymer Design to Enhance Pervaporation-Based Organic Recovery,target_log (Separation factor),GpyroHMC,TanimotoMatern52,Matern52,(count:+)x(fp:+),,,,,,,,,,,,,,,,,,,,,,
Machine Learning for Polymer Design to Enhance Pervaporation-Based Organic Recovery,target_log (Separation factor),GpyroHMC,TanimotoMatern52,Matern52,(count:x)+(fp:x),,,,,,,,,,,,,,,,,,,,,,
Machine Learning for Polymer Design to Enhance Pervaporation-Based Organic Recovery,target_log (Separation factor),GpyroHMC,TanimotoMatern52,RBF,sum,,,,,,,,,,,,,,,,,,,,,,
Machine Learning for Polymer Design to Enhance Pervaporation-Based Organic Recovery,target_log (Separation factor),GpyroHMC,TanimotoMatern52,RBF,product,,,,,,,,,,,,,,,,,,,,,,
Machine Learning for Polymer Design to Enhance Pervaporation-Based Organic Recovery,target_log (Separation factor),GpyroHMC,TanimotoMatern52,RBF,averageProduct,,,,,,,,,,,,,,,,,,,,,,
Machine Learning for Polymer Design to Enhance Pervaporation-Based Organic Recovery,target_log (Separation factor),GpyroHMC,TanimotoMatern52,RBF,(count:+)x(fp:x),,,,,,,,,,,,,,,,,,,,,,
Machine Learning for Polymer Design to Enhance Pervaporation-Based Organic Recovery,target_log (Separation factor),GpyroHMC,TanimotoMatern52,RBF,(count:+)x(fp:+),,,,,,,,,,,,,,,,,,,,,,
Machine Learning for Polymer Design to Enhance Pervaporation-Based Organic Recovery,target_log (Separation factor),GpyroHMC,TanimotoMatern52,RBF,(count:x)+(fp:x),,,,,,,,,,,,,,,,,,,,,,
Machine Learning for Polymer Design to Enhance Pervaporation-Based Organic Recovery,target_log (Separation factor),GpyroHMC,TanimotoRBF,Matern32,sum,,,,,,,,,,,,,,,,,,,,,,
Machine Learning for Polymer Design to Enhance Pervaporation-Based Organic Recovery,target_log (Separation factor),GpyroHMC,TanimotoRBF,Matern32,product,,,,,,,,,,,,,,,,,,,,,,
Machine Learning for Polymer Design to Enhance Pervaporation-Based Organic Recovery,target_log (Separation factor),GpyroHMC,TanimotoRBF,Matern32,averageProduct,,,,,,,,,,,,,,,,,,,,,,
Machine Learning for Polymer Design to Enhance Pervaporation-Based Organic Recovery,target_log (Separation factor),GpyroHMC,TanimotoRBF,Matern32,(count:+)x(fp:x),,,,,,,,,,,,,,,,,,,,,,
Machine Learning for Polymer Design to Enhance Pervaporation-Based Organic Recovery,target_log (Separation factor),GpyroHMC,TanimotoRBF,Matern32,(count:+)x(fp:+),,,,,,,,,,,,,,,,,,,,,,
Machine Learning for Polymer Design to Enhance Pervaporation-Based Organic Recovery,target_log (Separation factor),GpyroHMC,TanimotoRBF,Matern32,(count:x)+(fp:x),,,,,,,,,,,,,,,,,,,,,,
Machine Learning for Polymer Design to Enhance Pervaporation-Based Organic Recovery,target_log (Separation factor),GpyroHMC,TanimotoRBF,Matern52,sum,,,,,,,,,,,,,,,,,,,,,,
Machine Learning for Polymer Design to Enhance Pervaporation-Based Organic Recovery,target_log (Separation factor),GpyroHMC,TanimotoRBF,Matern52,product,,,,,,,,,,,,,,,,,,,,,,
Machine Learning for Polymer Design to Enhance Pervaporation-Based Organic Recovery,target_log (Separation factor),GpyroHMC,TanimotoRBF,Matern52,averageProduct,,,,,,,,,,,,,,,,,,,,,,
Machine Learning for Polymer Design to Enhance Pervaporation-Based Organic Recovery,target_log (Separation factor),GpyroHMC,TanimotoRBF,Matern52,(count:+)x(fp:x),,,,,,,,,,,,,,,,,,,,,,
Machine Learning for Polymer Design to Enhance Pervaporation-Based Organic Recovery,target_log (Separation factor),GpyroHMC,TanimotoRBF,Matern52,(count:+)x(fp:+),,,,,,,,,,,,,,,,,,,,,,
Machine Learning for Polymer Design to Enhance Pervaporation-Based Organic Recovery,target_log (Separation factor),GpyroHMC,TanimotoRBF,Matern52,(count:x)+(fp:x),,,,,,,,,,,,,,,,,,,,,,
Machine Learning for Polymer Design to Enhance Pervaporation-Based Organic Recovery,target_log (Separation factor),GpyroHMC,TanimotoRBF,RBF,sum,,,,,,,,,,,,,,,,,,,,,,
Machine Learning for Polymer Design to Enhance Pervaporation-Based Organic Recovery,target_log (Separation factor),GpyroHMC,TanimotoRBF,RBF,product,,,,,,,,,,,,,,,,,,,,,,
Machine Learning for Polymer Design to Enhance Pervaporation-Based Organic Recovery,target_log (Separation factor),GpyroHMC,TanimotoRBF,RBF,averageProduct,,,,,,,,,,,,,,,,,,,,,,
Machine Learning for Polymer Design to Enhance Pervaporation-Based Organic Recovery,target_log (Separation factor),GpyroHMC,TanimotoRBF,RBF,(count:+)x(fp:x),,,,,,,,,,,,,,,,,,,,,,
Machine Learning for Polymer Design to Enhance Pervaporation-Based Organic Recovery,target_log (Separation factor),GpyroHMC,TanimotoRBF,RBF,(count:+)x(fp:+),,,,,,,,,,,,,,,,,,,,,,
Machine Learning for Polymer Design to Enhance Pervaporation-Based Organic Recovery,target_log (Separation factor),GpyroHMC,TanimotoRBF,RBF,(count:x)+(fp:x),,,,,,,,,,,,,,,,,,,,,,
Machine Learning for Polymer Design to Enhance Pervaporation-Based Organic Recovery,target_log (Separation factor),GpyroHMC,Tanimoto,Matern32,sum,,,,,,,,,,,,,,,,,,,,,,
Machine Learning for Polymer Design to Enhance Pervaporation-Based Organic Recovery,target_log (Separation factor),GpyroHMC,Tanimoto,Matern32,product,,,,,,,,,,,,,,,,,,,,,,
Machine Learning for Polymer Design to Enhance Pervaporation-Based Organic Recovery,target_log (Separation factor),GpyroHMC,Tanimoto,Matern32,averageProduct,,,,,,,,,,,,,,,,,,,,,,
Machine Learning for Polymer Design to Enhance Pervaporation-Based Organic Recovery,target_log (Separation factor),GpyroHMC,Tanimoto,Matern32,(count:+)x(fp:x),,,,,,,,,,,,,,,,,,,,,,
Machine Learning for Polymer Design to Enhance Pervaporation-Based Organic Recovery,target_log (Separation factor),GpyroHMC,Tanimoto,Matern32,(count:+)x(fp:+),,,,,,,,,,,,,,,,,,,,,,
Machine Learning for Polymer Design to Enhance Pervaporation-Based Organic Recovery,target_log (Separation factor),GpyroHMC,Tanimoto,Matern32,(count:x)+(fp:x),,,,,,,,,,,,,,,,,,,,,,
Machine Learning for Polymer Design to Enhance Pervaporation-Based Organic Recovery,target_log (Separation factor),GpyroHMC,Tanimoto,Matern52,sum,,,,,,,,,,,,,,,,,,,,,,
Machine Learning for Polymer Design to Enhance Pervaporation-Based Organic Recovery,target_log (Separation factor),GpyroHMC,Tanimoto,Matern52,product,,,,,,,,,,,,,,,,,,,,,,
Machine Learning for Polymer Design to Enhance Pervaporation-Based Organic Recovery,target_log (Separation factor),GpyroHMC,Tanimoto,Matern52,averageProduct,,,,,,,,,,,,,,,,,,,,,,
Machine Learning for Polymer Design to Enhance Pervaporation-Based Organic Recovery,target_log (Separation factor),GpyroHMC,Tanimoto,Matern52,(count:+)x(fp:x),,,,,,,,,,,,,,,,,,,,,,
Machine Learning for Polymer Design to Enhance Pervaporation-Based Organic Recovery,target_log (Separation factor),GpyroHMC,Tanimoto,Matern52,(count:+)x(fp:+),,,,,,,,,,,,,,,,,,,,,,
Machine Learning for Polymer Design to Enhance Pervaporation-Based Organic Recovery,target_log (Separation factor),GpyroHMC,Tanimoto,Matern52,(count:x)+(fp:x),,,,,,,,,,,,,,,,,,,,,,
Machine Learning for Polymer Design to Enhance Pervaporation-Based Organic Recovery,target_log (Separation factor),GpyroHMC,Tanimoto,RBF,sum,,,,,,,,,,,,,,,,,,,,,,
Machine Learning for Polymer Design to Enhance Pervaporation-Based Organic Recovery,target_log (Separation factor),GpyroHMC,Tanimoto,RBF,product,,,,,,,,,,,,,,,,,,,,,,
Machine Learning for Polymer Design to Enhance Pervaporation-Based Organic Recovery,target_log (Separation factor),GpyroHMC,Tanimoto,RBF,averageProduct,,,,,,,,,,,,,,,,,,,,,,
Machine Learning for Polymer Design to Enhance Pervaporation-Based Organic Recovery,target_log (Separation factor),GpyroHMC,Tanimoto,RBF,(count:+)x(fp:x),,,,,,,,,,,,,,,,,,,,,,
Machine Learning for Polymer Design to Enhance Pervaporation-Based Organic Recovery,target_log (Separation factor),GpyroHMC,Tanimoto,RBF,(count:+)x(fp:+),,,,,,,,,,,,,,,,,,,,,,
Machine Learning for Polymer Design to Enhance Pervaporation-Based Organic Recovery,target_log (Separation factor),GpyroHMC,Tanimoto,RBF,(count:x)+(fp:x),,,,,,,,,,,,,,,,,,,,,,
Machine Learning for Polymer Design to Enhance Pervaporation-Based Organic Recovery,target_log (Separation factor),GpyroHMC,Matern32,Matern32,sum,,,,,,,,,,,,,,,,,,,,,,
Machine Learning for Polymer Design to Enhance Pervaporation-Based Organic Recovery,target_log (Separation factor),GpyroHMC,Matern32,Matern32,product,,,,,,,,,,,,,,,,,,,,,,
Machine Learning for Polymer Design to Enhance Pervaporation-Based Organic Recovery,target_log (Separation factor),GpyroHMC,Matern32,Matern32,averageProduct,,,,,,,,,,,,,,,,,,,,,,
Machine Learning for Polymer Design to Enhance Pervaporation-Based Organic Recovery,target_log (Separation factor),GpyroHMC,Matern32,Matern32,(count:+)x(fp:x),,,,,,,,,,,,,,,,,,,,,,
Machine Learning for Polymer Design to Enhance Pervaporation-Based Organic Recovery,target_log (Separation factor),GpyroHMC,Matern32,Matern32,(count:+)x(fp:+),,,,,,,,,,,,,,,,,,,,,,
Machine Learning for Polymer Design to Enhance Pervaporation-Based Organic Recovery,target_log (Separation factor),GpyroHMC,Matern32,Matern32,(count:x)+(fp:x),,,,,,,,,,,,,,,,,,,,,,
Machine Learning for Polymer Design to Enhance Pervaporation-Based Organic Recovery,target_log (Separation factor),GpyroHMC,Matern32,Matern52,sum,,,,,,,,,,,,,,,,,,,,,,
Machine Learning for Polymer Design to Enhance Pervaporation-Based Organic Recovery,target_log (Separation factor),GpyroHMC,Matern32,Matern52,product,,,,,,,,,,,,,,,,,,,,,,
Machine Learning for Polymer Design to Enhance Pervaporation-Based Organic Recovery,target_log (Separation factor),GpyroHMC,Matern32,Matern52,averageProduct,,,,,,,,,,,,,,,,,,,,,,
Machine Learning for Polymer Design to Enhance Pervaporation-Based Organic Recovery,target_log (Separation factor),GpyroHMC,Matern32,Matern52,(count:+)x(fp:x),,,,,,,,,,,,,,,,,,,,,,
Machine Learning for Polymer Design to Enhance Pervaporation-Based Organic Recovery,target_log (Separation factor),GpyroHMC,Matern32,Matern52,(count:+)x(fp:+),,,,,,,,,,,,,,,,,,,,,,
Machine Learning for Polymer Design to Enhance Pervaporation-Based Organic Recovery,target_log (Separation factor),GpyroHMC,Matern32,Matern52,(count:x)+(fp:x),,,,,,,,,,,,,,,,,,,,,,
Machine Learning for Polymer Design to Enhance Pervaporation-Based Organic Recovery,target_log (Separation factor),GpyroHMC,Matern32,RBF,sum,,,,,,,,,,,,,,,,,,,,,,
Machine Learning for Polymer Design to Enhance Pervaporation-Based Organic Recovery,target_log (Separation factor),GpyroHMC,Matern32,RBF,product,,,,,,,,,,,,,,,,,,,,,,
Machine Learning for Polymer Design to Enhance Pervaporation-Based Organic Recovery,target_log (Separation factor),GpyroHMC,Matern32,RBF,averageProduct,,,,,,,,,,,,,,,,,,,,,,
Machine Learning for Polymer Design to Enhance Pervaporation-Based Organic Recovery,target_log (Separation factor),GpyroHMC,Matern32,RBF,(count:+)x(fp:x),,,,,,,,,,,,,,,,,,,,,,
Machine Learning for Polymer Design to Enhance Pervaporation-Based Organic Recovery,target_log (Separation factor),GpyroHMC,Matern32,RBF,(count:+)x(fp:+),,,,,,,,,,,,,,,,,,,,,,
Machine Learning for Polymer Design to Enhance Pervaporation-Based Organic Recovery,target_log (Separation factor),GpyroHMC,Matern32,RBF,(count:x)+(fp:x),,,,,,,,,,,,,,,,,,,,,,
Machine Learning for Polymer Design to Enhance Pervaporation-Based Organic Recovery,target_log (Separation factor),GpyroHMC,Matern52,Matern32,sum,,,,,,,,,,,,,,,,,,,,,,
Machine Learning for Polymer Design to Enhance Pervaporation-Based Organic Recovery,target_log (Separation factor),GpyroHMC,Matern52,Matern32,product,,,,,,,,,,,,,,,,,,,,,,
Machine Learning for Polymer Design to Enhance Pervaporation-Based Organic Recovery,target_log (Separation factor),GpyroHMC,Matern52,Matern32,averageProduct,,,,,,,,,,,,,,,,,,,,,,
Machine Learning for Polymer Design to Enhance Pervaporation-Based Organic Recovery,target_log (Separation factor),GpyroHMC,Matern52,Matern32,(count:+)x(fp:x),,,,,,,,,,,,,,,,,,,,,,
Machine Learning for Polymer Design to Enhance Pervaporation-Based Organic Recovery,target_log (Separation factor),GpyroHMC,Matern52,Matern32,(count:+)x(fp:+),,,,,,,,,,,,,,,,,,,,,,
Machine Learning for Polymer Design to Enhance Pervaporation-Based Organic Recovery,target_log (Separation factor),GpyroHMC,Matern52,Matern32,(count:x)+(fp:x),,,,,,,,,,,,,,,,,,,,,,
Machine Learning for Polymer Design to Enhance Pervaporation-Based Organic Recovery,target_log (Separation factor),GpyroHMC,Matern52,Matern52,sum,,,,,,,,,,,,,,,,,,,,,,
Machine Learning for Polymer Design to Enhance Pervaporation-Based Organic Recovery,target_log (Separation factor),GpyroHMC,Matern52,Matern52,product,,,,,,,,,,,,,,,,,,,,,,
Machine Learning for Polymer Design to Enhance Pervaporation-Based Organic Recovery,target_log (Separation factor),GpyroHMC,Matern52,Matern52,averageProduct,,,,,,,,,,,,,,,,,,,,,,
Machine Learning for Polymer Design to Enhance Pervaporation-Based Organic Recovery,target_log (Separation factor),GpyroHMC,Matern52,Matern52,(count:+)x(fp:x),,,,,,,,,,,,,,,,,,,,,,
Machine Learning for Polymer Design to Enhance Pervaporation-Based Organic Recovery,target_log (Separation factor),GpyroHMC,Matern52,Matern52,(count:+)x(fp:+),,,,,,,,,,,,,,,,,,,,,,
Machine Learning for Polymer Design to Enhance Pervaporation-Based Organic Recovery,target_log (Separation factor),GpyroHMC,Matern52,Matern52,(count:x)+(fp:x),,,,,,,,,,,,,,,,,,,,,,
Machine Learning for Polymer Design to Enhance Pervaporation-Based Organic Recovery,target_log (Separation factor),GpyroHMC,Matern52,RBF,sum,,,,,,,,,,,,,,,,,,,,,,
Machine Learning for Polymer Design to Enhance Pervaporation-Based Organic Recovery,target_log (Separation factor),GpyroHMC,Matern52,RBF,product,,,,,,,,,,,,,,,,,,,,,,
Machine Learning for Polymer Design to Enhance Pervaporation-Based Organic Recovery,target_log (Separation factor),GpyroHMC,Matern52,RBF,averageProduct,,,,,,,,,,,,,,,,,,,,,,
Machine Learning for Polymer Design to Enhance Pervaporation-Based Organic Recovery,target_log (Separation factor),GpyroHMC,Matern52,RBF,(count:+)x(fp:x),,,,,,,,,,,,,,,,,,,,,,
Machine Learning for Polymer Design to Enhance Pervaporation-Based Organic Recovery,target_log (Separation factor),GpyroHMC,Matern52,RBF,(count:+)x(fp:+),,,,,,,,,,,,,,,,,,,,,,
Machine Learning for Polymer Design to Enhance Pervaporation-Based Organic Recovery,target_log (Separation factor),GpyroHMC,Matern52,RBF,(count:x)+(fp:x),,,,,,,,,,,,,,,,,,,,,,
Machine Learning for Polymer Design to Enhance Pervaporation-Based Organic Recovery,target_log (Separation factor),GpyroHMC,RBF,Matern32,sum,,,,,,,,,,,,,,,,,,,,,,
Machine Learning for Polymer Design to Enhance Pervaporation-Based Organic Recovery,target_log (Separation factor),GpyroHMC,RBF,Matern32,product,,,,,,,,,,,,,,,,,,,,,,
Machine Learning for Polymer Design to Enhance Pervaporation-Based Organic Recovery,target_log (Separation factor),GpyroHMC,RBF,Matern32,averageProduct,,,,,,,,,,,,,,,,,,,,,,
Machine Learning for Polymer Design to Enhance Pervaporation-Based Organic Recovery,target_log (Separation factor),GpyroHMC,RBF,Matern32,(count:+)x(fp:x),,,,,,,,,,,,,,,,,,,,,,
Machine Learning for Polymer Design to Enhance Pervaporation-Based Organic Recovery,target_log (Separation factor),GpyroHMC,RBF,Matern32,(count:+)x(fp:+),,,,,,,,,,,,,,,,,,,,,,
Machine Learning for Polymer Design to Enhance Pervaporation-Based Organic Recovery,target_log (Separation factor),GpyroHMC,RBF,Matern32,(count:x)+(fp:x),,,,,,,,,,,,,,,,,,,,,,
Machine Learning for Polymer Design to Enhance Pervaporation-Based Organic Recovery,target_log (Separation factor),GpyroHMC,RBF,Matern52,sum,,,,,,,,,,,,,,,,,,,,,,
Machine Learning for Polymer Design to Enhance Pervaporation-Based Organic Recovery,target_log (Separation factor),GpyroHMC,RBF,Matern52,product,,,,,,,,,,,,,,,,,,,,,,
Machine Learning for Polymer Design to Enhance Pervaporation-Based Organic Recovery,target_log (Separation factor),GpyroHMC,RBF,Matern52,averageProduct,,,,,,,,,,,,,,,,,,,,,,
Machine Learning for Polymer Design to Enhance Pervaporation-Based Organic Recovery,target_log (Separation factor),GpyroHMC,RBF,Matern52,(count:+)x(fp:x),,,,,,,,,,,,,,,,,,,,,,
Machine Learning for Polymer Design to Enhance Pervaporation-Based Organic Recovery,target_log (Separation factor),GpyroHMC,RBF,Matern52,(count:+)x(fp:+),,,,,,,,,,,,,,,,,,,,,,
Machine Learning for Polymer Design to Enhance Pervaporation-Based Organic Recovery,target_log (Separation factor),GpyroHMC,RBF,Matern52,(count:x)+(fp:x),,,,,,,,,,,,,,,,,,,,,,
Machine Learning for Polymer Design to Enhance Pervaporation-Based Organic Recovery,target_log (Separation factor),GpyroHMC,RBF,RBF,sum,,,,,,,,,,,,,,,,,,,,,,
Machine Learning for Polymer Design to Enhance Pervaporation-Based Organic Recovery,target_log (Separation factor),GpyroHMC,RBF,RBF,product,,,,,,,,,,,,,,,,,,,,,,
Machine Learning for Polymer Design to Enhance Pervaporation-Based Organic Recovery,target_log (Separation factor),GpyroHMC,RBF,RBF,averageProduct,,,,,,,,,,,,,,,,,,,,,,
Machine Learning for Polymer Design to Enhance Pervaporation-Based Organic Recovery,target_log (Separation factor),GpyroHMC,RBF,RBF,(count:+)x(fp:x),,,,,,,,,,,,,,,,,,,,,,
Machine Learning for Polymer Design to Enhance Pervaporation-Based Organic Recovery,target_log (Separation factor),GpyroHMC,RBF,RBF,(count:+)x(fp:+),,,,,,,,,,,,,,,,,,,,,,
Machine Learning for Polymer Design to Enhance Pervaporation-Based Organic Recovery,target_log (Separation factor),GpyroHMC,RBF,RBF,(count:x)+(fp:x),,,,,,,,,,,,,,,,,,,,,,
Machine Learning for Polymer Design to Enhance Pervaporation-Based Organic Recovery,target_log (Separation factor),GPytorchMAP,TanimotoMatern32,Matern32,sum,,,,,,,,,,,,,,,,,,,,,,
Machine Learning for Polymer Design to Enhance Pervaporation-Based Organic Recovery,target_log (Separation factor),GPytorchMAP,TanimotoMatern32,Matern32,product,,,,,,,,,,,,,,,,,,,,,,
Machine Learning for Polymer Design to Enhance Pervaporation-Based Organic Recovery,target_log (Separation factor),GPytorchMAP,TanimotoMatern32,Matern32,averageProduct,,,,,,,,,,,,,,,,,,,,,,
Machine Learning for Polymer Design to Enhance Pervaporation-Based Organic Recovery,target_log (Separation factor),GPytorchMAP,TanimotoMatern32,Matern32,(count:+)x(fp:x),,,,,,,,,,,,,,,,,,,,,,
Machine Learning for Polymer Design to Enhance Pervaporation-Based Organic Recovery,target_log (Separation factor),GPytorchMAP,TanimotoMatern32,Matern32,(count:+)x(fp:+),,,,,,,,,,,,,,,,,,,,,,
Machine Learning for Polymer Design to Enhance Pervaporation-Based Organic Recovery,target_log (Separation factor),GPytorchMAP,TanimotoMatern32,Matern32,(count:x)+(fp:x),,,,,,,,,,,,,,,,,,,,,,
Machine Learning for Polymer Design to Enhance Pervaporation-Based Organic Recovery,target_log (Separation factor),GPytorchMAP,TanimotoMatern32,Matern52,sum,,,,,,,,,,,,,,,,,,,,,,
Machine Learning for Polymer Design to Enhance Pervaporation-Based Organic Recovery,target_log (Separation factor),GPytorchMAP,TanimotoMatern32,Matern52,product,,,,,,,,,,,,,,,,,,,,,,
Machine Learning for Polymer Design to Enhance Pervaporation-Based Organic Recovery,target_log (Separation factor),GPytorchMAP,TanimotoMatern32,Matern52,averageProduct,,,,,,,,,,,,,,,,,,,,,,
Machine Learning for Polymer Design to Enhance Pervaporation-Based Organic Recovery,target_log (Separation factor),GPytorchMAP,TanimotoMatern32,Matern52,(count:+)x(fp:x),,,,,,,,,,,,,,,,,,,,,,
Machine Learning for Polymer Design to Enhance Pervaporation-Based Organic Recovery,target_log (Separation factor),GPytorchMAP,TanimotoMatern32,Matern52,(count:+)x(fp:+),,,,,,,,,,,,,,,,,,,,,,
Machine Learning for Polymer Design to Enhance Pervaporation-Based Organic Recovery,target_log (Separation factor),GPytorchMAP,TanimotoMatern32,Matern52,(count:x)+(fp:x),,,,,,,,,,,,,,,,,,,,,,
Machine Learning for Polymer Design to Enhance Pervaporation-Based Organic Recovery,target_log (Separation factor),GPytorchMAP,TanimotoMatern32,RBF,sum,,,,,,,,,,,,,,,,,,,,,,
Machine Learning for Polymer Design to Enhance Pervaporation-Based Organic Recovery,target_log (Separation factor),GPytorchMAP,TanimotoMatern32,RBF,product,,,,,,,,,,,,,,,,,,,,,,
Machine Learning for Polymer Design to Enhance Pervaporation-Based Organic Recovery,target_log (Separation factor),GPytorchMAP,TanimotoMatern32,RBF,averageProduct,,,,,,,,,,,,,,,,,,,,,,
Machine Learning for Polymer Design to Enhance Pervaporation-Based Organic Recovery,target_log (Separation factor),GPytorchMAP,TanimotoMatern32,RBF,(count:+)x(fp:x),,,,,,,,,,,,,,,,,,,,,,
Machine Learning for Polymer Design to Enhance Pervaporation-Based Organic Recovery,target_log (Separation factor),GPytorchMAP,TanimotoMatern32,RBF,(count:+)x(fp:+),,,,,,,,,,,,,,,,,,,,,,
Machine Learning for Polymer Design to Enhance Pervaporation-Based Organic Recovery,target_log (Separation factor),GPytorchMAP,TanimotoMatern32,RBF,(count:x)+(fp:x),,,,,,,,,,,,,,,,,,,,,,
Machine Learning for Polymer Design to Enhance Pervaporation-Based Organic Recovery,target_log (Separation factor),GPytorchMAP,TanimotoMatern52,Matern32,sum,,,,,,,,,,,,,,,,,,,,,,
Machine Learning for Polymer Design to Enhance Pervaporation-Based Organic Recovery,target_log (Separation factor),GPytorchMAP,TanimotoMatern52,Matern32,product,,,,,,,,,,,,,,,,,,,,,,
Machine Learning for Polymer Design to Enhance Pervaporation-Based Organic Recovery,target_log (Separation factor),GPytorchMAP,TanimotoMatern52,Matern32,averageProduct,,,,,,,,,,,,,,,,,,,,,,
Machine Learning for Polymer Design to Enhance Pervaporation-Based Organic Recovery,target_log (Separation factor),GPytorchMAP,TanimotoMatern52,Matern32,(count:+)x(fp:x),,,,,,,,,,,,,,,,,,,,,,
Machine Learning for Polymer Design to Enhance Pervaporation-Based Organic Recovery,target_log (Separation factor),GPytorchMAP,TanimotoMatern52,Matern32,(count:+)x(fp:+),,,,,,,,,,,,,,,,,,,,,,
Machine Learning for Polymer Design to Enhance Pervaporation-Based Organic Recovery,target_log (Separation factor),GPytorchMAP,TanimotoMatern52,Matern32,(count:x)+(fp:x),,,,,,,,,,,,,,,,,,,,,,
Machine Learning for Polymer Design to Enhance Pervaporation-Based Organic Recovery,target_log (Separation factor),GPytorchMAP,TanimotoMatern52,Matern52,sum,,,,,,,,,,,,,,,,,,,,,,
Machine Learning for Polymer Design to Enhance Pervaporation-Based Organic Recovery,target_log (Separation factor),GPytorchMAP,TanimotoMatern52,Matern52,product,,,,,,,,,,,,,,,,,,,,,,
Machine Learning for Polymer Design to Enhance Pervaporation-Based Organic Recovery,target_log (Separation factor),GPytorchMAP,TanimotoMatern52,Matern52,averageProduct,,,,,,,,,,,,,,,,,,,,,,
Machine Learning for Polymer Design to Enhance Pervaporation-Based Organic Recovery,target_log (Separation factor),GPytorchMAP,TanimotoMatern52,Matern52,(count:+)x(fp:x),,,,,,,,,,,,,,,,,,,,,,
Machine Learning for Polymer Design to Enhance Pervaporation-Based Organic Recovery,target_log (Separation factor),GPytorchMAP,TanimotoMatern52,Matern52,(count:+)x(fp:+),,,,,,,,,,,,,,,,,,,,,,
Machine Learning for Polymer Design to Enhance Pervaporation-Based Organic Recovery,target_log (Separation factor),GPytorchMAP,TanimotoMatern52,Matern52,(count:x)+(fp:x),,,,,,,,,,,,,,,,,,,,,,
Machine Learning for Polymer Design to Enhance Pervaporation-Based Organic Recovery,target_log (Separation factor),GPytorchMAP,TanimotoMatern52,RBF,sum,,,,,,,,,,,,,,,,,,,,,,
Machine Learning for Polymer Design to Enhance Pervaporation-Based Organic Recovery,target_log (Separation factor),GPytorchMAP,TanimotoMatern52,RBF,product,,,,,,,,,,,,,,,,,,,,,,
Machine Learning for Polymer Design to Enhance Pervaporation-Based Organic Recovery,target_log (Separation factor),GPytorchMAP,TanimotoMatern52,RBF,averageProduct,,,,,,,,,,,,,,,,,,,,,,
Machine Learning for Polymer Design to Enhance Pervaporation-Based Organic Recovery,target_log (Separation factor),GPytorchMAP,TanimotoMatern52,RBF,(count:+)x(fp:x),,,,,,,,,,,,,,,,,,,,,,
Machine Learning for Polymer Design to Enhance Pervaporation-Based Organic Recovery,target_log (Separation factor),GPytorchMAP,TanimotoMatern52,RBF,(count:+)x(fp:+),,,,,,,,,,,,,,,,,,,,,,
Machine Learning for Polymer Design to Enhance Pervaporation-Based Organic Recovery,target_log (Separation factor),GPytorchMAP,TanimotoMatern52,RBF,(count:x)+(fp:x),,,,,,,,,,,,,,,,,,,,,,
Machine Learning for Polymer Design to Enhance Pervaporation-Based Organic Recovery,target_log (Separation factor),GPytorchMAP,TanimotoRBF,Matern32,sum,,,,,,,,,,,,,,,,,,,,,,
Machine Learning for Polymer Design to Enhance Pervaporation-Based Organic Recovery,target_log (Separation factor),GPytorchMAP,TanimotoRBF,Matern32,product,,,,,,,,,,,,,,,,,,,,,,
Machine Learning for Polymer Design to Enhance Pervaporation-Based Organic Recovery,target_log (Separation factor),GPytorchMAP,TanimotoRBF,Matern32,averageProduct,,,,,,,,,,,,,,,,,,,,,,
Machine Learning for Polymer Design to Enhance Pervaporation-Based Organic Recovery,target_log (Separation factor),GPytorchMAP,TanimotoRBF,Matern32,(count:+)x(fp:x),,,,,,,,,,,,,,,,,,,,,,
Machine Learning for Polymer Design to Enhance Pervaporation-Based Organic Recovery,target_log (Separation factor),GPytorchMAP,TanimotoRBF,Matern32,(count:+)x(fp:+),,,,,,,,,,,,,,,,,,,,,,
Machine Learning for Polymer Design to Enhance Pervaporation-Based Organic Recovery,target_log (Separation factor),GPytorchMAP,TanimotoRBF,Matern32,(count:x)+(fp:x),,,,,,,,,,,,,,,,,,,,,,
Machine Learning for Polymer Design to Enhance Pervaporation-Based Organic Recovery,target_log (Separation factor),GPytorchMAP,TanimotoRBF,Matern52,sum,,,,,,,,,,,,,,,,,,,,,,
Machine Learning for Polymer Design to Enhance Pervaporation-Based Organic Recovery,target_log (Separation factor),GPytorchMAP,TanimotoRBF,Matern52,product,,,,,,,,,,,,,,,,,,,,,,
Machine Learning for Polymer Design to Enhance Pervaporation-Based Organic Recovery,target_log (Separation factor),GPytorchMAP,TanimotoRBF,Matern52,averageProduct,,,,,,,,,,,,,,,,,,,,,,
Machine Learning for Polymer Design to Enhance Pervaporation-Based Organic Recovery,target_log (Separation factor),GPytorchMAP,TanimotoRBF,Matern52,(count:+)x(fp:x),,,,,,,,,,,,,,,,,,,,,,
Machine Learning for Polymer Design to Enhance Pervaporation-Based Organic Recovery,target_log (Separation factor),GPytorchMAP,TanimotoRBF,Matern52,(count:+)x(fp:+),,,,,,,,,,,,,,,,,,,,,,
Machine Learning for Polymer Design to Enhance Pervaporation-Based Organic Recovery,target_log (Separation factor),GPytorchMAP,TanimotoRBF,Matern52,(count:x)+(fp:x),,,,,,,,,,,,,,,,,,,,,,
Machine Learning for Polymer Design to Enhance Pervaporation-Based Organic Recovery,target_log (Separation factor),GPytorchMAP,TanimotoRBF,RBF,sum,,,,,,,,,,,,,,,,,,,,,,
Machine Learning for Polymer Design to Enhance Pervaporation-Based Organic Recovery,target_log (Separation factor),GPytorchMAP,TanimotoRBF,RBF,product,,,,,,,,,,,,,,,,,,,,,,
Machine Learning for Polymer Design to Enhance Pervaporation-Based Organic Recovery,target_log (Separation factor),GPytorchMAP,TanimotoRBF,RBF,averageProduct,,,,,,,,,,,,,,,,,,,,,,
Machine Learning for Polymer Design to Enhance Pervaporation-Based Organic Recovery,target_log (Separation factor),GPytorchMAP,TanimotoRBF,RBF,(count:+)x(fp:x),,,,,,,,,,,,,,,,,,,,,,
Machine Learning for Polymer Design to Enhance Pervaporation-Based Organic Recovery,target_log (Separation factor),GPytorchMAP,TanimotoRBF,RBF,(count:+)x(fp:+),,,,,,,,,,,,,,,,,,,,,,
Machine Learning for Polymer Design to Enhance Pervaporation-Based Organic Recovery,target_log (Separation factor),GPytorchMAP,TanimotoRBF,RBF,(count:x)+(fp:x),,,,,,,,,,,,,,,,,,,,,,
Machine Learning for Polymer Design to Enhance Pervaporation-Based Organic Recovery,target_log (Separation factor),GPytorchMAP,Tanimoto,Matern32,sum,,,,,,,,,,,,,,,,,,,,,,
Machine Learning for Polymer Design to Enhance Pervaporation-Based Organic Recovery,target_log (Separation factor),GPytorchMAP,Tanimoto,Matern32,product,,,,,,,,,,,,,,,,,,,,,,
Machine Learning for Polymer Design to Enhance Pervaporation-Based Organic Recovery,target_log (Separation factor),GPytorchMAP,Tanimoto,Matern32,averageProduct,,,,,,,,,,,,,,,,,,,,,,
Machine Learning for Polymer Design to Enhance Pervaporation-Based Organic Recovery,target_log (Separation factor),GPytorchMAP,Tanimoto,Matern32,(count:+)x(fp:x),,,,,,,,,,,,,,,,,,,,,,
Machine Learning for Polymer Design to Enhance Pervaporation-Based Organic Recovery,target_log (Separation factor),GPytorchMAP,Tanimoto,Matern32,(count:+)x(fp:+),,,,,,,,,,,,,,,,,,,,,,
Machine Learning for Polymer Design to Enhance Pervaporation-Based Organic Recovery,target_log (Separation factor),GPytorchMAP,Tanimoto,Matern32,(count:x)+(fp:x),,,,,,,,,,,,,,,,,,,,,,
Machine Learning for Polymer Design to Enhance Pervaporation-Based Organic Recovery,target_log (Separation factor),GPytorchMAP,Tanimoto,Matern52,sum,,,,,,,,,,,,,,,,,,,,,,
Machine Learning for Polymer Design to Enhance Pervaporation-Based Organic Recovery,target_log (Separation factor),GPytorchMAP,Tanimoto,Matern52,product,,,,,,,,,,,,,,,,,,,,,,
Machine Learning for Polymer Design to Enhance Pervaporation-Based Organic Recovery,target_log (Separation factor),GPytorchMAP,Tanimoto,Matern52,averageProduct,,,,,,,,,,,,,,,,,,,,,,
Machine Learning for Polymer Design to Enhance Pervaporation-Based Organic Recovery,target_log (Separation factor),GPytorchMAP,Tanimoto,Matern52,(count:+)x(fp:x),,,,,,,,,,,,,,,,,,,,,,
Machine Learning for Polymer Design to Enhance Pervaporation-Based Organic Recovery,target_log (Separation factor),GPytorchMAP,Tanimoto,Matern52,(count:+)x(fp:+),,,,,,,,,,,,,,,,,,,,,,
Machine Learning for Polymer Design to Enhance Pervaporation-Based Organic Recovery,target_log (Separation factor),GPytorchMAP,Tanimoto,Matern52,(count:x)+(fp:x),,,,,,,,,,,,,,,,,,,,,,
Machine Learning for Polymer Design to Enhance Pervaporation-Based Organic Recovery,target_log (Separation factor),GPytorchMAP,Tanimoto,RBF,sum,,,,,,,,,,,,,,,,,,,,,,
Machine Learning for Polymer Design to Enhance Pervaporation-Based Organic Recovery,target_log (Separation factor),GPytorchMAP,Tanimoto,RBF,product,,,,,,,,,,,,,,,,,,,,,,
Machine Learning for Polymer Design to Enhance Pervaporation-Based Organic Recovery,target_log (Separation factor),GPytorchMAP,Tanimoto,RBF,averageProduct,,,,,,,,,,,,,,,,,,,,,,
Machine Learning for Polymer Design to Enhance Pervaporation-Based Organic Recovery,target_log (Separation factor),GPytorchMAP,Tanimoto,RBF,(count:+)x(fp:x),,,,,,,,,,,,,,,,,,,,,,
Machine Learning for Polymer Design to Enhance Pervaporation-Based Organic Recovery,target_log (Separation factor),GPytorchMAP,Tanimoto,RBF,(count:+)x(fp:+),,,,,,,,,,,,,,,,,,,,,,
Machine Learning for Polymer Design to Enhance Pervaporation-Based Organic Recovery,target_log (Separation factor),GPytorchMAP,Tanimoto,RBF,(count:x)+(fp:x),,,,,,,,,,,,,,,,,,,,,,
Machine Learning for Polymer Design to Enhance Pervaporation-Based Organic Recovery,target_log (Separation factor),GPytorchMAP,Matern32,Matern32,sum,,,,,,,,,,,,,,,,,,,,,,
Machine Learning for Polymer Design to Enhance Pervaporation-Based Organic Recovery,target_log (Separation factor),GPytorchMAP,Matern32,Matern32,product,,,,,,,,,,,,,,,,,,,,,,
Machine Learning for Polymer Design to Enhance Pervaporation-Based Organic Recovery,target_log (Separation factor),GPytorchMAP,Matern32,Matern32,averageProduct,,,,,,,,,,,,,,,,,,,,,,
Machine Learning for Polymer Design to Enhance Pervaporation-Based Organic Recovery,target_log (Separation factor),GPytorchMAP,Matern32,Matern32,(count:+)x(fp:x),,,,,,,,,,,,,,,,,,,,,,
Machine Learning for Polymer Design to Enhance Pervaporation-Based Organic Recovery,target_log (Separation factor),GPytorchMAP,Matern32,Matern32,(count:+)x(fp:+),,,,,,,,,,,,,,,,,,,,,,
Machine Learning for Polymer Design to Enhance Pervaporation-Based Organic Recovery,target_log (Separation factor),GPytorchMAP,Matern32,Matern32,(count:x)+(fp:x),,,,,,,,,,,,,,,,,,,,,,
Machine Learning for Polymer Design to Enhance Pervaporation-Based Organic Recovery,target_log (Separation factor),GPytorchMAP,Matern32,Matern52,sum,,,,,,,,,,,,,,,,,,,,,,
Machine Learning for Polymer Design to Enhance Pervaporation-Based Organic Recovery,target_log (Separation factor),GPytorchMAP,Matern32,Matern52,product,,,,,,,,,,,,,,,,,,,,,,
Machine Learning for Polymer Design to Enhance Pervaporation-Based Organic Recovery,target_log (Separation factor),GPytorchMAP,Matern32,Matern52,averageProduct,,,,,,,,,,,,,,,,,,,,,,
Machine Learning for Polymer Design to Enhance Pervaporation-Based Organic Recovery,target_log (Separation factor),GPytorchMAP,Matern32,Matern52,(count:+)x(fp:x),,,,,,,,,,,,,,,,,,,,,,
Machine Learning for Polymer Design to Enhance Pervaporation-Based Organic Recovery,target_log (Separation factor),GPytorchMAP,Matern32,Matern52,(count:+)x(fp:+),,,,,,,,,,,,,,,,,,,,,,
Machine Learning for Polymer Design to Enhance Pervaporation-Based Organic Recovery,target_log (Separation factor),GPytorchMAP,Matern32,Matern52,(count:x)+(fp:x),,,,,,,,,,,,,,,,,,,,,,
Machine Learning for Polymer Design to Enhance Pervaporation-Based Organic Recovery,target_log (Separation factor),GPytorchMAP,Matern32,RBF,sum,,,,,,,,,,,,,,,,,,,,,,
Machine Learning for Polymer Design to Enhance Pervaporation-Based Organic Recovery,target_log (Separation factor),GPytorchMAP,Matern32,RBF,product,,,,,,,,,,,,,,,,,,,,,,
Machine Learning for Polymer Design to Enhance Pervaporation-Based Organic Recovery,target_log (Separation factor),GPytorchMAP,Matern32,RBF,averageProduct,,,,,,,,,,,,,,,,,,,,,,
Machine Learning for Polymer Design to Enhance Pervaporation-Based Organic Recovery,target_log (Separation factor),GPytorchMAP,Matern32,RBF,(count:+)x(fp:x),,,,,,,,,,,,,,,,,,,,,,
Machine Learning for Polymer Design to Enhance Pervaporation-Based Organic Recovery,target_log (Separation factor),GPytorchMAP,Matern32,RBF,(count:+)x(fp:+),,,,,,,,,,,,,,,,,,,,,,
Machine Learning for Polymer Design to Enhance Pervaporation-Based Organic Recovery,target_log (Separation factor),GPytorchMAP,Matern32,RBF,(count:x)+(fp:x),,,,,,,,,,,,,,,,,,,,,,
Machine Learning for Polymer Design to Enhance Pervaporation-Based Organic Recovery,target_log (Separation factor),GPytorchMAP,Matern52,Matern32,sum,,,,,,,,,,,,,,,,,,,,,,
Machine Learning for Polymer Design to Enhance Pervaporation-Based Organic Recovery,target_log (Separation factor),GPytorchMAP,Matern52,Matern32,product,,,,,,,,,,,,,,,,,,,,,,
Machine Learning for Polymer Design to Enhance Pervaporation-Based Organic Recovery,target_log (Separation factor),GPytorchMAP,Matern52,Matern32,averageProduct,,,,,,,,,,,,,,,,,,,,,,
Machine Learning for Polymer Design to Enhance Pervaporation-Based Organic Recovery,target_log (Separation factor),GPytorchMAP,Matern52,Matern32,(count:+)x(fp:x),,,,,,,,,,,,,,,,,,,,,,
Machine Learning for Polymer Design to Enhance Pervaporation-Based Organic Recovery,target_log (Separation factor),GPytorchMAP,Matern52,Matern32,(count:+)x(fp:+),,,,,,,,,,,,,,,,,,,,,,
Machine Learning for Polymer Design to Enhance Pervaporation-Based Organic Recovery,target_log (Separation factor),GPytorchMAP,Matern52,Matern32,(count:x)+(fp:x),,,,,,,,,,,,,,,,,,,,,,
Machine Learning for Polymer Design to Enhance Pervaporation-Based Organic Recovery,target_log (Separation factor),GPytorchMAP,Matern52,Matern52,sum,,,,,,,,,,,,,,,,,,,,,,
Machine Learning for Polymer Design to Enhance Pervaporation-Based Organic Recovery,target_log (Separation factor),GPytorchMAP,Matern52,Matern52,product,,,,,,,,,,,,,,,,,,,,,,
Machine Learning for Polymer Design to Enhance Pervaporation-Based Organic Recovery,target_log (Separation factor),GPytorchMAP,Matern52,Matern52,averageProduct,,,,,,,,,,,,,,,,,,,,,,
Machine Learning for Polymer Design to Enhance Pervaporation-Based Organic Recovery,target_log (Separation factor),GPytorchMAP,Matern52,Matern52,(count:+)x(fp:x),,,,,,,,,,,,,,,,,,,,,,
Machine Learning for Polymer Design to Enhance Pervaporation-Based Organic Recovery,target_log (Separation factor),GPytorchMAP,Matern52,Matern52,(count:+)x(fp:+),,,,,,,,,,,,,,,,,,,,,,
Machine Learning for Polymer Design to Enhance Pervaporation-Based Organic Recovery,target_log (Separation factor),GPytorchMAP,Matern52,Matern52,(count:x)+(fp:x),,,,,,,,,,,,,,,,,,,,,,
Machine Learning for Polymer Design to Enhance Pervaporation-Based Organic Recovery,target_log (Separation factor),GPytorchMAP,Matern52,RBF,sum,,,,,,,,,,,,,,,,,,,,,,
Machine Learning for Polymer Design to Enhance Pervaporation-Based Organic Recovery,target_log (Separation factor),GPytorchMAP,Matern52,RBF,product,,,,,,,,,,,,,,,,,,,,,,
Machine Learning for Polymer Design to Enhance Pervaporation-Based Organic Recovery,target_log (Separation factor),GPytorchMAP,Matern52,RBF,averageProduct,,,,,,,,,,,,,,,,,,,,,,
Machine Learning for Polymer Design to Enhance Pervaporation-Based Organic Recovery,target_log (Separation factor),GPytorchMAP,Matern52,RBF,(count:+)x(fp:x),,,,,,,,,,,,,,,,,,,,,,
Machine Learning for Polymer Design to Enhance Pervaporation-Based Organic Recovery,target_log (Separation factor),GPytorchMAP,Matern52,RBF,(count:+)x(fp:+),,,,,,,,,,,,,,,,,,,,,,
Machine Learning for Polymer Design to Enhance Pervaporation-Based Organic Recovery,target_log (Separation factor),GPytorchMAP,Matern52,RBF,(count:x)+(fp:x),,,,,,,,,,,,,,,,,,,,,,
Machine Learning for Polymer Design to Enhance Pervaporation-Based Organic Recovery,target_log (Separation factor),GPytorchMAP,RBF,Matern32,sum,,,,,,,,,,,,,,,,,,,,,,
Machine Learning for Polymer Design to Enhance Pervaporation-Based Organic Recovery,target_log (Separation factor),GPytorchMAP,RBF,Matern32,product,,,,,,,,,,,,,,,,,,,,,,
Machine Learning for Polymer Design to Enhance Pervaporation-Based Organic Recovery,target_log (Separation factor),GPytorchMAP,RBF,Matern32,averageProduct,,,,,,,,,,,,,,,,,,,,,,
Machine Learning for Polymer Design to Enhance Pervaporation-Based Organic Recovery,target_log (Separation factor),GPytorchMAP,RBF,Matern32,(count:+)x(fp:x),,,,,,,,,,,,,,,,,,,,,,
Machine Learning for Polymer Design to Enhance Pervaporation-Based Organic Recovery,target_log (Separation factor),GPytorchMAP,RBF,Matern32,(count:+)x(fp:+),,,,,,,,,,,,,,,,,,,,,,
Machine Learning for Polymer Design to Enhance Pervaporation-Based Organic Recovery,target_log (Separation factor),GPytorchMAP,RBF,Matern32,(count:x)+(fp:x),,,,,,,,,,,,,,,,,,,,,,
Machine Learning for Polymer Design to Enhance Pervaporation-Based Organic Recovery,target_log (Separation factor),GPytorchMAP,RBF,Matern52,sum,,,,,,,,,,,,,,,,,,,,,,
Machine Learning for Polymer Design to Enhance Pervaporation-Based Organic Recovery,target_log (Separation factor),GPytorchMAP,RBF,Matern52,product,,,,,,,,,,,,,,,,,,,,,,
Machine Learning for Polymer Design to Enhance Pervaporation-Based Organic Recovery,target_log (Separation factor),GPytorchMAP,RBF,Matern52,averageProduct,,,,,,,,,,,,,,,,,,,,,,
Machine Learning for Polymer Design to Enhance Pervaporation-Based Organic Recovery,target_log (Separation factor),GPytorchMAP,RBF,Matern52,(count:+)x(fp:x),,,,,,,,,,,,,,,,,,,,,,
Machine Learning for Polymer Design to Enhance Pervaporation-Based Organic Recovery,target_log (Separation factor),GPytorchMAP,RBF,Matern52,(count:+)x(fp:+),,,,,,,,,,,,,,,,,,,,,,
Machine Learning for Polymer Design to Enhance Pervaporation-Based Organic Recovery,target_log (Separation factor),GPytorchMAP,RBF,Matern52,(count:x)+(fp:x),,,,,,,,,,,,,,,,,,,,,,
Machine Learning for Polymer Design to Enhance Pervaporation-Based Organic Recovery,target_log (Separation factor),GPytorchMAP,RBF,RBF,sum,,,,,,,,,,,,,,,,,,,,,,
Machine Learning for Polymer Design to Enhance Pervaporation-Based Organic Recovery,target_log (Separation factor),GPytorchMAP,RBF,RBF,product,,,,,,,,,,,,,,,,,,,,,,
Machine Learning for Polymer Design to Enhance Pervaporation-Based Organic Recovery,target_log (Separation factor),GPytorchMAP,RBF,RBF,averageProduct,,,,,,,,,,,,,,,,,,,,,,
Machine Learning for Polymer Design to Enhance Pervaporation-Based Organic Recovery,target_log (Separation factor),GPytorchMAP,RBF,RBF,(count:+)x(fp:x),,,,,,,,,,,,,,,,,,,,,,
Machine Learning for Polymer Design to Enhance Pervaporation-Based Organic Recovery,target_log (Separation factor),GPytorchMAP,RBF,RBF,(count:+)x(fp:+),,,,,,,,,,,,,,,,,,,,,,
Machine Learning for Polymer Design to Enhance Pervaporation-Based Organic Recovery,target_log (Separation factor),GPytorchMAP,RBF,RBF,(count:x)+(fp:x),,,,,,,,,,,,,,,,,,,,,,
Machine Learning for Polymer Design to Enhance Pervaporation-Based Organic Recovery,target_log (Separation factor),MGK,Graph,Matern32,sum,,,,,,,,,,,,,,,,,,,,,,
Machine Learning for Polymer Design to Enhance Pervaporation-Based Organic Recovery,target_log (Separation factor),MGK,Graph,Matern32,product,,,,,,,,,,,,,,,,,,,,,,
Machine Learning for Polymer Design to Enhance Pervaporation-Based Organic Recovery,target_log (Separation factor),MGK,Graph,Matern32,averageProduct,,,,,,,,,,,,,,,,,,,,,,
Machine Learning for Polymer Design to Enhance Pervaporation-Based Organic Recovery,target_log (Separation factor),MGK,Graph,Matern32,(count:+)x(graph:x),,,,,,,,,,,,,,,,,,,,,,
Machine Learning for Polymer Design to Enhance Pervaporation-Based Organic Recovery,target_log (Separation factor),MGK,Graph,Matern32,(count:+)x(graph:+),,,,,,,,,,,,,,,,,,,,,,
Machine Learning for Polymer Design to Enhance Pervaporation-Based Organic Recovery,target_log (Separation factor),MGK,Graph,Matern32,(count:x)+(graph:x),,,,,,,,,,,,,,,,,,,,,,
Machine Learning for Polymer Design to Enhance Pervaporation-Based Organic Recovery,target_log (Separation factor),MGK,Graph,Matern52,sum,,,,,,,,,,,,,,,,,,,,,,
Machine Learning for Polymer Design to Enhance Pervaporation-Based Organic Recovery,target_log (Separation factor),MGK,Graph,Matern52,product,,,,,,,,,,,,,,,,,,,,,,
Machine Learning for Polymer Design to Enhance Pervaporation-Based Organic Recovery,target_log (Separation factor),MGK,Graph,Matern52,averageProduct,,,,,,,,,,,,,,,,,,,,,,
Machine Learning for Polymer Design to Enhance Pervaporation-Based Organic Recovery,target_log (Separation factor),MGK,Graph,Matern52,(count:+)x(graph:x),,,,,,,,,,,,,,,,,,,,,,
Machine Learning for Polymer Design to Enhance Pervaporation-Based Organic Recovery,target_log (Separation factor),MGK,Graph,Matern52,(count:+)x(graph:+),,,,,,,,,,,,,,,,,,,,,,
Machine Learning for Polymer Design to Enhance Pervaporation-Based Organic Recovery,target_log (Separation factor),MGK,Graph,Matern52,(count:x)+(graph:x),,,,,,,,,,,,,,,,,,,,,,
Machine Learning for Polymer Design to Enhance Pervaporation-Based Organic Recovery,target_log (Separation factor),MGK,Graph,RBF,sum,,,,,,,,,,,,,,,,,,,,,,
Machine Learning for Polymer Design to Enhance Pervaporation-Based Organic Recovery,target_log (Separation factor),MGK,Graph,RBF,product,,,,,,,,,,,,,,,,,,,,,,
Machine Learning for Polymer Design to Enhance Pervaporation-Based Organic Recovery,target_log (Separation factor),MGK,Graph,RBF,averageProduct,,,,,,,,,,,,,,,,,,,,,,
Machine Learning for Polymer Design to Enhance Pervaporation-Based Organic Recovery,target_log (Separation factor),MGK,Graph,RBF,(count:+)x(graph:x),,,,,,,,,,,,,,,,,,,,,,
Machine Learning for Polymer Design to Enhance Pervaporation-Based Organic Recovery,target_log (Separation factor),MGK,Graph,RBF,(count:+)x(graph:+),,,,,,,,,,,,,,,,,,,,,,
Machine Learning for Polymer Design to Enhance Pervaporation-Based Organic Recovery,target_log (Separation factor),MGK,Graph,RBF,(count:x)+(graph:x),,,,,,,,,,,,,,,,,,,,,,
Machine Learning for Polymer Design to Enhance Pervaporation-Based Organic Recovery,target_log (Total flux),RF,,,,"{""0"": 0.5266039717889434, ""1"": 0.5749648221605881, ""2"": 0.7137344577279958, ""3"": 0.4509437968906145, ""4"": 0.2543612844160258, ""5"": 0.512042689387647, ""6"": 0.5983639925165041}","{""0"": 0.5244903113695748, ""1"": 0.36370127177982503, ""2"": -0.09193142284847577, ""3"": 0.4702082475591396, ""4"": 0.26169312742111095, ""5"": 0.46548774192306464, ""6"": 0.22061888333453106}","{""0"": 0.342234650173117, ""1"": 0.41903732048589776, ""2"": 0.5613801067203938, ""3"": 0.3465312527736945, ""4"": 0.1637916703859095, ""5"": 0.38104358336554317, ""6"": 0.4691364677526085}","{""0"": 0.11166875260742593, ""1"": 0.03333333333333337, ""2"": 0.0637837837837838, ""3"": 0.03787878787878791, ""4"": 0.2625786163522013, ""5"": 0.030751879699248096, ""6"": 0.05574712643678163}","{""0"": 0.09480904874444003, ""1"": 0.16792255677110243, ""2"": 0.034326424251023155, ""3"": 311002000053114.2, ""4"": 0.10780194901333678, ""5"": 0.02610054677643191, ""6"": 0.142746578003112}","{""0"": 0.6526384186720118, ""1"": 0.766962243879091, ""2"": 0.8756025892839208, ""3"": 1.6696151781556985, ""4"": 0.5192849609860019, ""5"": 0.6687113130023206, ""6"": 1.0066152046073784}","{""0"": 0.06939924906132665, ""1"": 0.16777408637873753, ""2"": 0.05, ""3"": 0.16939393939393937, ""4"": 0.13867924528301886, ""5"": 0.025451127819548863, ""6"": 0.12241379310344828}","{""0"": 0.5536896450440465, ""1"": 0.6248158024836694, ""2"": 0.3666289635436319, ""3"": 0.4652046713669078, ""4"": 0.3116111952904232, ""5"": 0.4644612021718891, ""6"": 0.44429713800778203}","{""0"": 0.4295919441010194, ""1"": 0.4380916843173511, ""2"": 0.6680489016583896, ""3"": 0.4830789657326546, ""4"": -0.13195718348882265, ""5"": 0.32802387263892463, ""6"": 0.1714065986597535}","{""0"": 0.554902702630626, ""1"": 0.49987771215688837, ""2"": 0.6304448768053771, ""3"": 0.38581587406637485, ""4"": 0.5301515444502368, ""5"": 0.5343481047824189, ""6"": 0.5648956280945598}","{""0"": 390.6148739848286, ""1"": 359.76776876859367, ""2"": 71.18512549996376, ""3"": 157.9299014620483, ""4"": 48.64498568512499, ""5"": 308.2573810014874, ""6"": 57.75121464766562}","{""0"": [0.2980791431751671, 0.3253164022502219, 0.2914364144865453, 0.31820789207887357, 0.3189110595032432], ""1"": [0.2864175245710565, 0.3330566579209513, 0.2855843316612817, 0.3312115751700701, 0.2740094573530732], ""2"": [0.24594249115130176, 0.25329759130349405, 0.2675686432998518, 0.1904704329615294, 0.29747517896274234], ""3"": [0.2170709587294057, 0.2509594943107872, 0.25864350643794515, 0.2717888197113519, 0.2231604925878675], ""4"": [0.267822157958966, 0.16133891583612786, 0.3257584979339893, 0.1986815753505746, 0.2702057698428411], ""5"": [0.2963546393505629, 0.30869785865594024, 0.28669716194344014, 0.2660758671913386, 0.3057571528841016], ""6"": [0.21276117953825002, 0.2945583674405786, 0.24435748188380976, 0.3002680128356544, 0.28992128380538307]}","{""0"": [0.8470526031187171, 0.8019889106823531, 0.8373549171239998, 0.8196233479927919, 0.8205298878226774], ""1"": [0.8458286168148956, 0.765692008081724, 0.8513065781885051, 0.8170845896966659, 0.8581093749732913], ""2"": [0.8385423129254379, 0.8494810686061294, 0.9113380841532243, 0.9255648234456917, 0.7485012520792135], ""3"": [0.9137862395064034, 0.8766165225361748, 0.8737852324438931, 0.8566614701802031, 0.9227268155275851], ""4"": [0.8319546873219377, 0.9092749530974569, 0.8477540282759829, 0.9163001869845677, 0.7983024183636493], ""5"": [0.8572003048976419, 0.8474306629253952, 0.8184533939933544, 0.8336684666023717, 0.8178168643424449], ""6"": [0.904256508626016, 0.7772243563978438, 0.9073843410536437, 0.8040087140854313, 0.9169224062354577]}","{""0"": [0.19655276274665875, 0.19568157935200017, 0.18908513516215067, 0.19412226192565138, 0.19612734590224795], ""1"": [0.18771667462287953, 0.19977968241413455, 0.18987486573754112, 0.1953912633343577, 0.17450818971694643], ""2"": [0.16723740380444374, 0.16933539757828553, 0.14985097899174465, 0.13366424772016328, 0.17429583266137494], ""3"": [0.1493633790519837, 0.16822521243160152, 0.17400060199602788, 0.168463949304334, 0.15205304021157703], ""4"": [0.15778778030304735, 0.109414711864536, 0.17932756343774486, 0.13691547305594812, 0.17953004770723682], ""5"": [0.19167893641501904, 0.19400974628545167, 0.17713869942540636, 0.1707149539952163, 0.1866009226776942], ""6"": [0.1553562299557827, 0.18844778215431982, 0.15465411612948235, 0.1900158477506315, 0.17996939339773804]}","{""0"": [0.08934084272006673, 0.09388819357530245, 0.08954943679599497, 0.09476428869420109, 0.07957863996662494], ""1"": [0.08698781838316719, 0.07356589147286821, 0.06830564784053154, 0.07882613510520486, 0.10675526024363231], ""2"": [0.08648648648648649, 0.07873873873873874, 0.18288288288288287, 0.09882882882882882, 0.0844144144144144], ""3"": [0.07727272727272727, 0.10595959595959593, 0.09686868686868685, 0.13727272727272727, 0.09242424242424242], ""4"": [0.16823899371069184, 0.13955974842767296, 0.13088050314465408, 0.12320754716981133, 0.07037735849056603], ""5"": [0.08289473684210526, 0.08142857142857142, 0.07205513784461151, 0.10375939849624059, 0.08602756892230576], ""6"": [0.0903448275862069, 0.0628735632183908, 0.08873563218390802, 0.07356321839080457, 0.06781609195402298]}","{""0"": [0.043427804174657365, 0.04637470982285, 0.046006208313961336, 0.051191627145135976, 0.043147103457782957], ""1"": [0.045766170167188314, 0.048112866607946, 0.035783530253368716, 0.035051152309287625, 0.05920796414407155], ""2"": [0.002151520829560849, 0.042408475990231245, 0.1720275825933409, 0.07155156587978292, 0.04328812715594454], ""3"": [0.03770962891758892, 0.073557184391046, 0.056564276232703097, 0.06865561376245986, 0.0488394717019112], ""4"": [0.1328924138398054, 0.09221861743359468, 0.07668011373632606, 0.06369527969615614, 0.06311822701526718], ""5"": [0.04540407987216962, 0.04934374282197417, 0.03887837709635128, 0.003414443037737969, 0.04350552718000606], ""6"": [0.05470736200295661, 0.039946203883717224, 0.05463089035286977, 0.04422694492544515, 0.027567520367568082]}","{""0"": [-0.018994064095151437, -0.01127717209434599, -0.03191440133728868, 0.03066897641511463, -0.04219778171119211], ""1"": [-0.09345225106516042, 0.17098911792027138, 0.04024518228601157, 0.08936410063324553, -0.10682854873710634], ""2"": [-0.19465576459774359, -0.2986460040099224, -0.2803875524545424, -0.2374265824616971, -0.05813868509501858], ""3"": [-0.08475132307085817, -0.02786967644648887, 0.0005192663800375749, -0.1373367164746068, -0.08178711693817467], ""4"": [-0.2678985045278259, -0.3450078027883626, -0.10355404212597838, -0.1382834100858648, 0.3121355886086657], ""5"": [0.006322451290717997, 0.04167042940194165, -0.08983262494114062, -0.11239740741258684, -0.07365241941485276], ""6"": [-0.18749689174254955, -0.08468695866218598, -0.17959957682364755, -0.08244537527001017, -0.18382963863068663]}","{""0"": [0.04486858573216521, 0.04586983729662078, 0.04612015018773466, 0.04849812265331664, 0.04136420525657072], ""1"": [0.04269102990033224, 0.038704318936877084, 0.03637873754152824, 0.041528239202657816, 0.054983388704318924], ""2"": [0.04432432432432433, 0.04594594594594594, 0.09324324324324326, 0.06324324324324324, 0.04054054054054055], ""3"": [0.043333333333333335, 0.06999999999999999, 0.04939393939393939, 0.06999999999999999, 0.045151515151515165], ""4"": [0.09150943396226416, 0.08018867924528303, 0.07641509433962265, 0.06698113207547171, 0.034528301886792456], ""5"": [0.04154135338345864, 0.0455639097744361, 0.03973684210526315, 0.053834586466165416, 0.044736842105263165], ""6"": [0.05172413793103449, 0.02827586206896552, 0.0596551724137931, 0.04206896551724139, 0.03620689655172414]}","{""0"": [0.6069870037296634, 0.6000492538639589, 0.6208869073474563, 0.6698424024909094, 0.6500831705253376], ""1"": [0.6040846500427748, 0.6635199842234818, 0.6379068403182114, 0.6529446237779459, 0.6413081075426023], ""2"": [0.5956113565320957, 0.5645618762516229, 0.666483876961466, 0.6550452030109821, 0.7291966421016939], ""3"": [0.6669337664479574, 0.6616700665561264, 0.6142424176468121, 0.6237873070093864, 0.6897647266351996], ""4"": [0.620668359956617, 0.7279768276345179, 0.6631836633897285, 0.6255105911243849, 0.7305336058677682], ""5"": [0.6504739354522273, 0.6385509720079858, 0.6508301107427695, 0.6572565603922189, 0.6655333929739651], ""6"": [0.5791659592950299, 0.769443852633753, 0.776106921703101, 0.5974535386153575, 0.7148695784271829]}","{""0"": [0.4757916374250211, 0.46647104146389656, 0.48614957686289445, 0.42110021592431945, 0.484084238392578], ""1"": [0.49944853828165464, 0.4170012287448307, 0.4503003877758841, 0.43757612876843355, 0.49108582153224317], ""2"": [0.45300259163272855, 0.6263309885227692, 0.5543576453165494, 0.2998445020362828, 0.42625160130605017], ""3"": [0.4683006972457458, 0.5396414928004702, 0.5045020496652507, 0.41566292820710815, 0.41529961217358413], ""4"": [0.6369940332204483, 0.15457184325108855, 0.48443799387195613, 0.3183824864073426, 0.4212223834865344], ""5"": [0.45980074878353766, 0.4933299947792039, 0.46857265728939224, 0.4754168086704585, 0.5140193040351615], ""6"": [0.48051308868313397, 0.4661785966962995, 0.3589467532068043, 0.3730966809191301, 0.34861115383432284]}","{""0"": [0.320253378285207, 0.30743427136705204, 0.30866931038405776, 0.32621392180501835, 0.30936982761781767], ""1"": [0.30084079545990905, 0.2971763081824009, 0.2930159524821509, 0.3018986035513518, 0.30311726131674693], ""2"": [0.269672725379029, 0.24643406989170372, 0.30217119821014876, 0.24652351178565657, 0.27276940414811], ""3"": [0.24816928231806337, 0.28822092982665404, 0.2790992518871049, 0.2948505551881176, 0.2618060177762472], ""4"": [0.28911235243703914, 0.2554563184055143, 0.2877355625821105, 0.2753141214817618, 0.2802337420722684], ""5"": [0.30306603887235256, 0.2961627220738702, 0.2804611181568863, 0.2845273977201364, 0.2982550604010361], ""6"": [0.2639673376844975, 0.2905398537877107, 0.25440254927259837, 0.29281197202975284, 0.29549543770624676]}","{""0"": [433.37342021614313, 435.1552375536412, 427.8971473649144, 431.4706191010773, 430.1458227932453], ""1"": [393.2162487246096, 394.90288563258946, 393.55840645357966, 395.038263136521, 396.0040714312345], ""2"": [72.01519400812685, 70.38889303058386, 74.99613536894321, 73.42360954172909, 71.76286354102194], ""3"": [151.02514537610114, 150.54632175154984, 152.07548512890935, 153.45642694458365, 153.64552452601492], ""4"": [54.00785259902477, 57.376565635204315, 52.71769183687866, 53.30628835596144, 50.915121803060174], ""5"": [371.0209250152111, 368.74981380067766, 366.24322021752596, 362.81554402038455, 362.4997355528176], ""6"": [57.77021278999746, 59.31433753669262, 58.0605902671814, 55.999577321112156, 55.54693796299398]}"
Machine Learning for Polymer Design to Enhance Pervaporation-Based Organic Recovery,target_log (Total flux),XGBR,,,,"{""0"": 0.5363882126008196, ""1"": 0.5273077765312454, ""2"": 0.40955553254628724, ""3"": 0.3520281335666055, ""4"": 0.3196835553953638, ""5"": 0.6002545203585666, ""6"": 0.7178476576209344}","{""0"": 0.5066563297773381, ""1"": 0.46481139370896696, ""2"": 0.6404596558809099, ""3"": 0.6771393589411867, ""4"": -0.16620657526092764, ""5"": 0.26545871883888617, ""6"": -0.12171764574508703}","{""0"": 0.3564248471287531, ""1"": 0.34265509304027075, ""2"": 0.32465436331757414, ""3"": 0.25103564677380374, ""4"": 0.2375394171994216, ""5"": 0.4074147547509229, ""6"": 0.5519254899328702}",,,,,,,,"{""0"": 36.54527943208814, ""1"": 35.304124522954226, ""2"": 6.566605037078261, ""3"": 12.4992023576051, ""4"": 5.873658133670688, ""5"": 30.349813086912036, ""6"": 5.1695252656936646}","{""0"": [0.2600760463350197, 0.2939926127838891, 0.2691480383283117, 0.2873861682948253, 0.28605931287457614], ""1"": [0.25093175986802496, 0.2978502347031689, 0.26020769974959757, 0.30088579224092765, 0.24917260102489305], ""2"": [0.22710641230145337, 0.19352983868772375, 0.337723738946853, 0.1936703207245552, 0.2932189216565478], ""3"": [0.1926491464076994, 0.2643106032116884, 0.19714598400217576, 0.21133068034073024, 0.21521459564536793], ""4"": [0.26341726465124937, 0.17467544811566604, 0.24285564906973736, 0.22247614345659966, 0.20778187633769854], ""5"": [0.2528966580373347, 0.2971740922624269, 0.2513237148094249, 0.26750256400266664, 0.276883266299875], ""6"": [0.21137610816154329, 0.271662002748321, 0.22404101136885798, 0.2659705483373116, 0.20708669983968986]}","{""0"": [0.8835660528907086, 0.838284954437949, 0.8612810651530476, 0.8528737545177025, 0.855600677456497], ""1"": [0.8816642793637457, 0.8126098513222324, 0.8765579033063579, 0.8490466882977669, 0.882666191407016], ""2"": [0.8623264900959587, 0.9121331867465803, 0.8587495448950458, 0.9230428052559795, 0.7556466244538915], ""3"": [0.9320941299462547, 0.8631392496054525, 0.9266697978390063, 0.9133387652112803, 0.9281316572659739], ""4"": [0.8374369404341548, 0.8936560799972686, 0.9153843445410875, 0.8950515102687586, 0.8807312187100204], ""5"": [0.8960103779007156, 0.8586089515326246, 0.8604890527913311, 0.8318799475325112, 0.8506007764636512], ""6"": [0.9054990277759153, 0.8105115362108538, 0.9221446990340799, 0.8462250055582662, 0.9576134445074014]}","{""0"": [0.1693877884913982, 0.17917304871051265, 0.16848778424015978, 0.17523302328146664, 0.1790672741950716], ""1"": [0.16206796976182813, 0.179059462244123, 0.17169697373442278, 0.1774959469725943, 0.1557295409922796], ""2"": [0.1529121529740846, 0.13874195027343017, 0.16848987225599849, 0.12918138772453971, 0.17051795508620915], ""3"": [0.13047955583520474, 0.17323489610952936, 0.1349849461100712, 0.1368537911811587, 0.13623420132855527], ""4"": [0.14902545562385713, 0.12434126704583538, 0.15236736322860508, 0.14629030174566798, 0.1422770058953845], ""5"": [0.1649177636364679, 0.17969425012732612, 0.15991914695574405, 0.16230221655902796, 0.17305261321488005], ""6"": [0.15373953263423762, 0.17848237030845748, 0.1495881248292836, 0.15553355238209401, 0.14154553009158796]}",,,,,,,,"{""0"": [38.87964561767876, 39.64586978778243, 37.98486881889403, 40.70897503197193, 39.12279028631747], ""1"": [31.775070806965232, 33.065235003829, 34.7116252053529, 34.817244343459606, 31.803909845650196], ""2"": [6.5272150710225105, 6.541864672675729, 6.844686847180128, 6.818360351026058, 6.378093503415585], ""3"": [12.587224246934056, 11.4946716632694, 12.044431021437049, 12.879881355911493, 12.564636075869203], ""4"": [5.044554824009538, 5.087408814579248, 4.981935158371925, 5.272876936942339, 4.890596115961671], ""5"": [31.44818160496652, 30.54647320136428, 31.08620490692556, 30.60113454796374, 31.519669450819492], ""6"": [5.348452046513557, 5.542160272598267, 5.084150440990925, 4.741813696920872, 5.381306208670139]}"
Machine Learning for Polymer Design to Enhance Pervaporation-Based Organic Recovery,target_log (Total flux),NGB,,,,"{""0"": 0.5749385474702308, ""1"": 0.6214096466402421, ""2"": 0.5175277985797853, ""3"": 0.4234644717494301, ""4"": 0.26884279506155073, ""5"": 0.5375049741953032, ""6"": 0.7597506985718623}","{""0"": 0.4331946192557038, ""1"": 0.2567507348800677, ""2"": 0.42589754936452817, ""3"": 0.5328091620024065, ""4"": 0.17523220154988028, ""5"": 0.41100676740567754, ""6"": -0.2564962384213725}","{""0"": 0.3858181422481205, ""1"": 0.4487514058290971, ""2"": 0.42474004587218683, ""3"": 0.32729568284620325, ""4"": 0.19960444233287356, ""5"": 0.41830845749064316, ""6"": 0.6369872168895736}","{""0"": 0.024593241551939954, ""1"": 0.08488372093023261, ""2"": 0.0958558558558559, ""3"": 0.14737373737373743, ""4"": 0.15377358490566037, ""5"": 0.1059273182957394, ""6"": 0.26379310344827595}","{""0"": 0.016548509515046005, ""1"": 0.10675915388520961, ""2"": 0.12440697190776936, ""3"": 0.1526766986382662, ""4"": 0.17456634407606772, ""5"": 0.05191192594284357, ""6"": 0.21866235067685239}","{""0"": 0.8378905912500673, ""1"": 1.1218606899517034, ""2"": 0.934254174645464, ""3"": 0.9520452934791761, ""4"": 0.24737612899887115, ""5"": 0.904831862520168, ""6"": 2.1554320640115394}","{""0"": 0.01500625782227783, ""1"": 0.10016611295681063, ""2"": 0.12864864864864867, ""3"": 0.14757575757575755, ""4"": 0.07641509433962265, ""5"": 0.04887218045112783, ""6"": 0.20586206896551723}","{""0"": 0.4009453891527233, ""1"": 0.24950561151858228, ""2"": 0.20639545112380459, ""3"": 0.3655335425901773, ""4"": 0.10606872427938142, ""5"": 0.27679192393538365, ""6"": 0.16784340529749242}","{""0"": 0.30231020220663174, ""1"": 0.26145280430876, ""2"": -0.187888320074374, ""3"": 0.3484993112684159, ""4"": -0.17742855087805393, ""5"": 0.3182242403283079, ""6"": 0.07041821523389565}","{""0"": 0.39485721785733185, ""1"": 0.3764022723801729, ""2"": 0.4226736319305759, ""3"": 0.24948397193658914, ""4"": 0.4078674136910139, ""5"": 0.3787280527620255, ""6"": 0.36780715315688495}","{""0"": 80.1160495877266, ""1"": 76.5294056031853, ""2"": 41.12441413104534, ""3"": 47.95230053924024, ""4"": 38.50178324058652, ""5"": 68.52558722160757, ""6"": 36.65605406463146}","{""0"": [0.43228339579016606, 0.4286289385227565, 0.4132035043342314, 0.4302495648431636, 0.42636380606328633], ""1"": [0.41705656724194085, 0.43067168566630587, 0.4281490612808055, 0.4349679923677068, 0.4017742070684282], ""2"": [0.4039149026764495, 0.37095812435433756, 0.4831979725955722, 0.3837831545768103, 0.37871255083538263], ""3"": [0.4019738684227592, 0.4479154547064258, 0.4169245989565655, 0.4135181253245217, 0.4263608778307941], ""4"": [0.34621720301053394, 0.33339847591016136, 0.48846796357260674, 0.47852993472806377, 0.4052416078795528], ""5"": [0.4195587862354547, 0.46629770974174783, 0.4136359271754685, 0.4094149458311871, 0.43713796303240476], ""6"": [0.4178329018816448, 0.4423621282761407, 0.4342298827284975, 0.3682560437872842, 0.512671257937454]}","{""0"": [0.6783259550169842, 0.6562516921040115, 0.6730500314742935, 0.6702389875331851, 0.6792153087682968], ""1"": [0.6731153528526104, 0.6082188805358729, 0.6657949600196602, 0.6845330379728314, 0.6949389913749513], ""2"": [0.5645168602375066, 0.6771663617674109, 0.7108542021056079, 0.6977996928450969, 0.5923816236145929], ""3"": [0.7043561953865738, 0.6069553944660799, 0.67203911295319, 0.6681904580392372, 0.7179352060887529], ""4"": [0.7191782896486567, 0.6125852484867012, 0.6576845712605945, 0.5144571993007457, 0.546330572190631], ""5"": [0.71378693130444, 0.651881911534199, 0.6220991636550282, 0.606186133354609, 0.6276151793691953], ""6"": [0.6307421370629431, 0.497563876181349, 0.7075359070394007, 0.705206170338162, 0.7402224292387063]}","{""0"": [0.31335868278154566, 0.3169367684505591, 0.3039500220668423, 0.3148096074044926, 0.3068336910410718], ""1"": [0.3118914904527959, 0.3121310558445098, 0.32025743845307325, 0.32193346280948326, 0.294268217320442], ""2"": [0.2827871130689464, 0.28068044127218666, 0.32130891552205953, 0.26879262443900837, 0.2859232130678513], ""3"": [0.29828860678622415, 0.32036886736635184, 0.3134977217528915, 0.3163253348822183, 0.31711331168727963], ""4"": [0.25769075369114747, 0.2538313799456697, 0.3171380306227278, 0.33438582451304694, 0.31967270609678816], ""5"": [0.31528798053279483, 0.3308368775779892, 0.3055331551251958, 0.2990985098031436, 0.3182883881509145], ""6"": [0.3251141768551389, 0.32166894131714446, 0.29613256357438994, 0.2745263449402391, 0.3953952833577345]}","{""0"": [0.009766374634960372, 0.009524405506883642, 0.008957029620358777, 0.011493533583646243, 0.0054443053817271655], ""1"": [0.00932447397563677, 0.0098671096345515, 0.024396456256921398, 0.016234772978959037, 0.020841638981173836], ""2"": [0.04819819819819819, 0.031981981981981975, 0.03711711711711709, 0.020540540540540525, 0.020810810810810806], ""3"": [0.017676767676767693, 0.022323232323232335, 0.016262626262626277, 0.01949494949494952, 0.023535353535353565], ""4"": [0.06232704402515723, 0.0432075471698113, 0.055534591194968536, 0.03163522012578617, 0.03377358490566039], ""5"": [0.011165413533834585, 0.017644110275689243, 0.00908521303258145, 0.014060150375939825, 0.019185463659147875], ""6"": [0.05103448275862071, 0.027241379310344833, 0.04574712643678159, 0.050919540229885034, 0.08172413793103452]}","{""0"": [0.011594312546563658, 0.021512979201573967, 0.01351664895252353, 0.017305264376183786, 0.03901625842395716], ""1"": [0.012668072848695965, 0.036720608913237036, 0.01597155550729526, 0.00958375073960621, 0.013826527380865887], ""2"": [0.04031132650090423, 0.02345444959744347, 0.042720340682374125, 0.01826848244744914, 0.0336647236766882], ""3"": [0.01464414931723559, 0.04336966815112461, 0.015704821413493383, 0.12393556210939459, 0.03759295976978191], ""4"": [0.03960017838109607, 0.04047828344139773, 0.05306292430256984, 0.026911775990742137, 0.07004215642535183], ""5"": [0.021742182710212776, 0.01357919113132525, 0.03371532262621785, 0.014677490912638536, 0.028513537864041098], ""6"": [0.10581000755608935, 0.06939922775767907, 0.055843196236176965, 0.04325644493387876, 0.053546232006197576]}","{""0"": [0.4352533242458589, 0.44912906009794035, 0.4361098014205003, 0.4327485938044523, 0.43157355820676885], ""1"": [0.43582537434427987, 0.4605448575668919, 0.46353034422446326, 0.4772558372213858, 0.37074865251382744], ""2"": [0.3348581671932969, 0.3154636682788375, 0.3561900867839201, 0.28584493873215794, 0.3444198196795958], ""3"": [0.35565803763432274, 0.4803773738917109, 0.44312929993989336, 0.4374073073329752, 0.3898833505040505], ""4"": [0.27164766337854906, 0.23704764680911733, 0.5018862267628837, 0.4586461806319682, 0.40200883591574343], ""5"": [0.40761078933298134, 0.5038321710217105, 0.38606945701559936, 0.3880430313680003, 0.43077131358797693], ""6"": [0.45662747095165246, 0.37997836337402996, 0.40277669802018395, 0.3417848447243678, 0.542910143235109]}","{""0"": [0.026971214017521887, 0.021314142678347935, 0.01370463078848561, 0.018660826032540677, 0.03798498122653317], ""1"": [0.00960132890365448, 0.034053156146179396, 0.01478405315614618, 0.008405315614617933, 0.01335548172757475], ""2"": [0.03405405405405406, 0.03243243243243241, 0.058108108108108104, 0.015135135135135144, 0.036216216216216214], ""3"": [0.009999999999999992, 0.03424242424242423, 0.035454545454545454, 0.049393939393939414, 0.024545454545454554], ""4"": [0.026981132075471693, 0.0530188679245283, 0.04660377358490566, 0.041320754716981135, 0.0839622641509434], ""5"": [0.015112781954887211, 0.010338345864661643, 0.03421052631578947, 0.011879699248120303, 0.0280827067669173], ""6"": [0.05137931034482761, 0.032068965517241366, 0.03275862068965517, 0.03551724137931034, 0.04206896551724138]}","{""0"": [0.3158609744564482, 0.25774910746349383, 0.27960390846030836, 0.28140010116467346, 0.32267716468066837], ""1"": [0.2936159067407494, 0.28801927239922104, 0.3089430029608778, 0.2956501394526505, 0.30520176874180477], ""2"": [0.2635230854493131, 0.23122306050272248, 0.3832176535959085, 0.35632509887962494, 0.28877507652579404], ""3"": [0.31732899016387983, 0.283232270283891, 0.24991183013870116, 0.2506246890786822, 0.35818362786612545], ""4"": [0.27241123095082986, 0.2768363668468929, 0.37410832309572456, 0.38147897302301537, 0.2344003735683268], ""5"": [0.30395919231541463, 0.30717663869106815, 0.3117703347264532, 0.26894686239140225, 0.29405617867830586], ""6"": [0.2778048862638345, 0.2978975454639592, 0.2587808904357851, 0.21276275638238898, 0.36028047064846414]}","{""0"": [0.38429197661402503, 0.3843502098533708, 0.2998284201949395, 0.3693595803083486, 0.3453267670009711], ""1"": [0.37081018610324357, 0.3075618942637021, 0.39112546647534224, 0.4125324003464527, 0.3590398099398393], ""2"": [0.40828748519852237, 0.25241395654684357, 0.40983715951402716, 0.06442153901541713, 0.44320529723208246], ""3"": [0.3910457370826042, 0.3120814535913964, 0.3682359802059001, 0.31838782454677855, 0.5237265813162616], ""4"": [0.4558411458794957, 0.22875342686663444, 0.49759106587810853, 0.4078135712704533, 0.49706694629810405], ""5"": [0.4684026215953523, 0.4098935308714163, 0.35655998492010443, 0.4123952192393819, 0.4036028200511014], ""6"": [0.17955027838444743, 0.4411049936056566, 0.2890895403692619, 0.4219511820484632, 0.5755506339624846]}","{""0"": [0.37485339809085816, 0.3666200816676708, 0.3676306826337143, 0.3647051370191694, 0.35927728069900877], ""1"": [0.36954990565238, 0.36551901103761186, 0.35753451381921814, 0.3713442173445054, 0.3745817414931257], ""2"": [0.36795360630206586, 0.36361504928349786, 0.40414513234330773, 0.3620254852162312, 0.35654426569431147], ""3"": [0.3641903783234602, 0.37413536884928617, 0.3762944865302495, 0.3710163033136448, 0.3602469044574841], ""4"": [0.37986165800880084, 0.3566299563931933, 0.38497219333037486, 0.39026497381691005, 0.368560222145622], ""5"": [0.377248233333706, 0.36237987954105716, 0.3727717421957056, 0.3655906933920127, 0.36853475558655235], ""6"": [0.38317799762891547, 0.3690337104985255, 0.3775093305219869, 0.37204573648904715, 0.40192985118663077]}","{""0"": [80.1598744597286, 78.56762696057558, 79.96162366680801, 81.61343253403902, 80.02473275735974], ""1"": [76.01821686327457, 75.06341605633497, 73.6509827375412, 73.79563865251839, 73.73241101205349], ""2"": [41.276324685662985, 40.75266124494374, 40.08151033334434, 39.80163277126849, 43.58693446405232], ""3"": [48.52616978622973, 48.5395382810384, 49.48394960351288, 48.92062723264098, 48.422584518790245], ""4"": [39.726237988099456, 37.97930918633938, 38.25227398611605, 39.65731364488602, 39.36730462871492], ""5"": [72.50074719823897, 72.66839189454913, 69.60494919866323, 70.75217690318823, 72.77761361002922], ""6"": [40.27990134060383, 37.78446905873716, 39.95004205405712, 40.46518360637128, 36.33975519053638]}"
Machine Learning for Polymer Design to Enhance Pervaporation-Based Organic Recovery,target_log (Total flux),GpyroHMC,TanimotoMatern32,Matern32,sum,,,,,,,,,,,,,,,,,,,,,,
Machine Learning for Polymer Design to Enhance Pervaporation-Based Organic Recovery,target_log (Total flux),GpyroHMC,TanimotoMatern32,Matern32,product,,,,,,,,,,,,,,,,,,,,,,
Machine Learning for Polymer Design to Enhance Pervaporation-Based Organic Recovery,target_log (Total flux),GpyroHMC,TanimotoMatern32,Matern32,averageProduct,,,,,,,,,,,,,,,,,,,,,,
Machine Learning for Polymer Design to Enhance Pervaporation-Based Organic Recovery,target_log (Total flux),GpyroHMC,TanimotoMatern32,Matern32,(count:+)x(fp:x),,,,,,,,,,,,,,,,,,,,,,
Machine Learning for Polymer Design to Enhance Pervaporation-Based Organic Recovery,target_log (Total flux),GpyroHMC,TanimotoMatern32,Matern32,(count:+)x(fp:+),,,,,,,,,,,,,,,,,,,,,,
Machine Learning for Polymer Design to Enhance Pervaporation-Based Organic Recovery,target_log (Total flux),GpyroHMC,TanimotoMatern32,Matern32,(count:x)+(fp:x),,,,,,,,,,,,,,,,,,,,,,
Machine Learning for Polymer Design to Enhance Pervaporation-Based Organic Recovery,target_log (Total flux),GpyroHMC,TanimotoMatern32,Matern52,sum,,,,,,,,,,,,,,,,,,,,,,
Machine Learning for Polymer Design to Enhance Pervaporation-Based Organic Recovery,target_log (Total flux),GpyroHMC,TanimotoMatern32,Matern52,product,,,,,,,,,,,,,,,,,,,,,,
Machine Learning for Polymer Design to Enhance Pervaporation-Based Organic Recovery,target_log (Total flux),GpyroHMC,TanimotoMatern32,Matern52,averageProduct,,,,,,,,,,,,,,,,,,,,,,
Machine Learning for Polymer Design to Enhance Pervaporation-Based Organic Recovery,target_log (Total flux),GpyroHMC,TanimotoMatern32,Matern52,(count:+)x(fp:x),,,,,,,,,,,,,,,,,,,,,,
Machine Learning for Polymer Design to Enhance Pervaporation-Based Organic Recovery,target_log (Total flux),GpyroHMC,TanimotoMatern32,Matern52,(count:+)x(fp:+),,,,,,,,,,,,,,,,,,,,,,
Machine Learning for Polymer Design to Enhance Pervaporation-Based Organic Recovery,target_log (Total flux),GpyroHMC,TanimotoMatern32,Matern52,(count:x)+(fp:x),,,,,,,,,,,,,,,,,,,,,,
Machine Learning for Polymer Design to Enhance Pervaporation-Based Organic Recovery,target_log (Total flux),GpyroHMC,TanimotoMatern32,RBF,sum,,,,,,,,,,,,,,,,,,,,,,
Machine Learning for Polymer Design to Enhance Pervaporation-Based Organic Recovery,target_log (Total flux),GpyroHMC,TanimotoMatern32,RBF,product,,,,,,,,,,,,,,,,,,,,,,
Machine Learning for Polymer Design to Enhance Pervaporation-Based Organic Recovery,target_log (Total flux),GpyroHMC,TanimotoMatern32,RBF,averageProduct,,,,,,,,,,,,,,,,,,,,,,
Machine Learning for Polymer Design to Enhance Pervaporation-Based Organic Recovery,target_log (Total flux),GpyroHMC,TanimotoMatern32,RBF,(count:+)x(fp:x),,,,,,,,,,,,,,,,,,,,,,
Machine Learning for Polymer Design to Enhance Pervaporation-Based Organic Recovery,target_log (Total flux),GpyroHMC,TanimotoMatern32,RBF,(count:+)x(fp:+),,,,,,,,,,,,,,,,,,,,,,
Machine Learning for Polymer Design to Enhance Pervaporation-Based Organic Recovery,target_log (Total flux),GpyroHMC,TanimotoMatern32,RBF,(count:x)+(fp:x),,,,,,,,,,,,,,,,,,,,,,
Machine Learning for Polymer Design to Enhance Pervaporation-Based Organic Recovery,target_log (Total flux),GpyroHMC,TanimotoMatern52,Matern32,sum,,,,,,,,,,,,,,,,,,,,,,
Machine Learning for Polymer Design to Enhance Pervaporation-Based Organic Recovery,target_log (Total flux),GpyroHMC,TanimotoMatern52,Matern32,product,,,,,,,,,,,,,,,,,,,,,,
Machine Learning for Polymer Design to Enhance Pervaporation-Based Organic Recovery,target_log (Total flux),GpyroHMC,TanimotoMatern52,Matern32,averageProduct,,,,,,,,,,,,,,,,,,,,,,
Machine Learning for Polymer Design to Enhance Pervaporation-Based Organic Recovery,target_log (Total flux),GpyroHMC,TanimotoMatern52,Matern32,(count:+)x(fp:x),,,,,,,,,,,,,,,,,,,,,,
Machine Learning for Polymer Design to Enhance Pervaporation-Based Organic Recovery,target_log (Total flux),GpyroHMC,TanimotoMatern52,Matern32,(count:+)x(fp:+),,,,,,,,,,,,,,,,,,,,,,
Machine Learning for Polymer Design to Enhance Pervaporation-Based Organic Recovery,target_log (Total flux),GpyroHMC,TanimotoMatern52,Matern32,(count:x)+(fp:x),,,,,,,,,,,,,,,,,,,,,,
Machine Learning for Polymer Design to Enhance Pervaporation-Based Organic Recovery,target_log (Total flux),GpyroHMC,TanimotoMatern52,Matern52,sum,,,,,,,,,,,,,,,,,,,,,,
Machine Learning for Polymer Design to Enhance Pervaporation-Based Organic Recovery,target_log (Total flux),GpyroHMC,TanimotoMatern52,Matern52,product,,,,,,,,,,,,,,,,,,,,,,
Machine Learning for Polymer Design to Enhance Pervaporation-Based Organic Recovery,target_log (Total flux),GpyroHMC,TanimotoMatern52,Matern52,averageProduct,,,,,,,,,,,,,,,,,,,,,,
Machine Learning for Polymer Design to Enhance Pervaporation-Based Organic Recovery,target_log (Total flux),GpyroHMC,TanimotoMatern52,Matern52,(count:+)x(fp:x),,,,,,,,,,,,,,,,,,,,,,
Machine Learning for Polymer Design to Enhance Pervaporation-Based Organic Recovery,target_log (Total flux),GpyroHMC,TanimotoMatern52,Matern52,(count:+)x(fp:+),,,,,,,,,,,,,,,,,,,,,,
Machine Learning for Polymer Design to Enhance Pervaporation-Based Organic Recovery,target_log (Total flux),GpyroHMC,TanimotoMatern52,Matern52,(count:x)+(fp:x),,,,,,,,,,,,,,,,,,,,,,
Machine Learning for Polymer Design to Enhance Pervaporation-Based Organic Recovery,target_log (Total flux),GpyroHMC,TanimotoMatern52,RBF,sum,,,,,,,,,,,,,,,,,,,,,,
Machine Learning for Polymer Design to Enhance Pervaporation-Based Organic Recovery,target_log (Total flux),GpyroHMC,TanimotoMatern52,RBF,product,,,,,,,,,,,,,,,,,,,,,,
Machine Learning for Polymer Design to Enhance Pervaporation-Based Organic Recovery,target_log (Total flux),GpyroHMC,TanimotoMatern52,RBF,averageProduct,,,,,,,,,,,,,,,,,,,,,,
Machine Learning for Polymer Design to Enhance Pervaporation-Based Organic Recovery,target_log (Total flux),GpyroHMC,TanimotoMatern52,RBF,(count:+)x(fp:x),,,,,,,,,,,,,,,,,,,,,,
Machine Learning for Polymer Design to Enhance Pervaporation-Based Organic Recovery,target_log (Total flux),GpyroHMC,TanimotoMatern52,RBF,(count:+)x(fp:+),,,,,,,,,,,,,,,,,,,,,,
Machine Learning for Polymer Design to Enhance Pervaporation-Based Organic Recovery,target_log (Total flux),GpyroHMC,TanimotoMatern52,RBF,(count:x)+(fp:x),,,,,,,,,,,,,,,,,,,,,,
Machine Learning for Polymer Design to Enhance Pervaporation-Based Organic Recovery,target_log (Total flux),GpyroHMC,TanimotoRBF,Matern32,sum,,,,,,,,,,,,,,,,,,,,,,
Machine Learning for Polymer Design to Enhance Pervaporation-Based Organic Recovery,target_log (Total flux),GpyroHMC,TanimotoRBF,Matern32,product,,,,,,,,,,,,,,,,,,,,,,
Machine Learning for Polymer Design to Enhance Pervaporation-Based Organic Recovery,target_log (Total flux),GpyroHMC,TanimotoRBF,Matern32,averageProduct,,,,,,,,,,,,,,,,,,,,,,
Machine Learning for Polymer Design to Enhance Pervaporation-Based Organic Recovery,target_log (Total flux),GpyroHMC,TanimotoRBF,Matern32,(count:+)x(fp:x),,,,,,,,,,,,,,,,,,,,,,
Machine Learning for Polymer Design to Enhance Pervaporation-Based Organic Recovery,target_log (Total flux),GpyroHMC,TanimotoRBF,Matern32,(count:+)x(fp:+),,,,,,,,,,,,,,,,,,,,,,
Machine Learning for Polymer Design to Enhance Pervaporation-Based Organic Recovery,target_log (Total flux),GpyroHMC,TanimotoRBF,Matern32,(count:x)+(fp:x),,,,,,,,,,,,,,,,,,,,,,
Machine Learning for Polymer Design to Enhance Pervaporation-Based Organic Recovery,target_log (Total flux),GpyroHMC,TanimotoRBF,Matern52,sum,,,,,,,,,,,,,,,,,,,,,,
Machine Learning for Polymer Design to Enhance Pervaporation-Based Organic Recovery,target_log (Total flux),GpyroHMC,TanimotoRBF,Matern52,product,,,,,,,,,,,,,,,,,,,,,,
Machine Learning for Polymer Design to Enhance Pervaporation-Based Organic Recovery,target_log (Total flux),GpyroHMC,TanimotoRBF,Matern52,averageProduct,,,,,,,,,,,,,,,,,,,,,,
Machine Learning for Polymer Design to Enhance Pervaporation-Based Organic Recovery,target_log (Total flux),GpyroHMC,TanimotoRBF,Matern52,(count:+)x(fp:x),,,,,,,,,,,,,,,,,,,,,,
Machine Learning for Polymer Design to Enhance Pervaporation-Based Organic Recovery,target_log (Total flux),GpyroHMC,TanimotoRBF,Matern52,(count:+)x(fp:+),,,,,,,,,,,,,,,,,,,,,,
Machine Learning for Polymer Design to Enhance Pervaporation-Based Organic Recovery,target_log (Total flux),GpyroHMC,TanimotoRBF,Matern52,(count:x)+(fp:x),,,,,,,,,,,,,,,,,,,,,,
Machine Learning for Polymer Design to Enhance Pervaporation-Based Organic Recovery,target_log (Total flux),GpyroHMC,TanimotoRBF,RBF,sum,,,,,,,,,,,,,,,,,,,,,,
Machine Learning for Polymer Design to Enhance Pervaporation-Based Organic Recovery,target_log (Total flux),GpyroHMC,TanimotoRBF,RBF,product,,,,,,,,,,,,,,,,,,,,,,
Machine Learning for Polymer Design to Enhance Pervaporation-Based Organic Recovery,target_log (Total flux),GpyroHMC,TanimotoRBF,RBF,averageProduct,,,,,,,,,,,,,,,,,,,,,,
Machine Learning for Polymer Design to Enhance Pervaporation-Based Organic Recovery,target_log (Total flux),GpyroHMC,TanimotoRBF,RBF,(count:+)x(fp:x),,,,,,,,,,,,,,,,,,,,,,
Machine Learning for Polymer Design to Enhance Pervaporation-Based Organic Recovery,target_log (Total flux),GpyroHMC,TanimotoRBF,RBF,(count:+)x(fp:+),,,,,,,,,,,,,,,,,,,,,,
Machine Learning for Polymer Design to Enhance Pervaporation-Based Organic Recovery,target_log (Total flux),GpyroHMC,TanimotoRBF,RBF,(count:x)+(fp:x),,,,,,,,,,,,,,,,,,,,,,
Machine Learning for Polymer Design to Enhance Pervaporation-Based Organic Recovery,target_log (Total flux),GpyroHMC,Tanimoto,Matern32,sum,,,,,,,,,,,,,,,,,,,,,,
Machine Learning for Polymer Design to Enhance Pervaporation-Based Organic Recovery,target_log (Total flux),GpyroHMC,Tanimoto,Matern32,product,,,,,,,,,,,,,,,,,,,,,,
Machine Learning for Polymer Design to Enhance Pervaporation-Based Organic Recovery,target_log (Total flux),GpyroHMC,Tanimoto,Matern32,averageProduct,,,,,,,,,,,,,,,,,,,,,,
Machine Learning for Polymer Design to Enhance Pervaporation-Based Organic Recovery,target_log (Total flux),GpyroHMC,Tanimoto,Matern32,(count:+)x(fp:x),,,,,,,,,,,,,,,,,,,,,,
Machine Learning for Polymer Design to Enhance Pervaporation-Based Organic Recovery,target_log (Total flux),GpyroHMC,Tanimoto,Matern32,(count:+)x(fp:+),,,,,,,,,,,,,,,,,,,,,,
Machine Learning for Polymer Design to Enhance Pervaporation-Based Organic Recovery,target_log (Total flux),GpyroHMC,Tanimoto,Matern32,(count:x)+(fp:x),,,,,,,,,,,,,,,,,,,,,,
Machine Learning for Polymer Design to Enhance Pervaporation-Based Organic Recovery,target_log (Total flux),GpyroHMC,Tanimoto,Matern52,sum,,,,,,,,,,,,,,,,,,,,,,
Machine Learning for Polymer Design to Enhance Pervaporation-Based Organic Recovery,target_log (Total flux),GpyroHMC,Tanimoto,Matern52,product,,,,,,,,,,,,,,,,,,,,,,
Machine Learning for Polymer Design to Enhance Pervaporation-Based Organic Recovery,target_log (Total flux),GpyroHMC,Tanimoto,Matern52,averageProduct,,,,,,,,,,,,,,,,,,,,,,
Machine Learning for Polymer Design to Enhance Pervaporation-Based Organic Recovery,target_log (Total flux),GpyroHMC,Tanimoto,Matern52,(count:+)x(fp:x),,,,,,,,,,,,,,,,,,,,,,
Machine Learning for Polymer Design to Enhance Pervaporation-Based Organic Recovery,target_log (Total flux),GpyroHMC,Tanimoto,Matern52,(count:+)x(fp:+),,,,,,,,,,,,,,,,,,,,,,
Machine Learning for Polymer Design to Enhance Pervaporation-Based Organic Recovery,target_log (Total flux),GpyroHMC,Tanimoto,Matern52,(count:x)+(fp:x),,,,,,,,,,,,,,,,,,,,,,
Machine Learning for Polymer Design to Enhance Pervaporation-Based Organic Recovery,target_log (Total flux),GpyroHMC,Tanimoto,RBF,sum,,,,,,,,,,,,,,,,,,,,,,
Machine Learning for Polymer Design to Enhance Pervaporation-Based Organic Recovery,target_log (Total flux),GpyroHMC,Tanimoto,RBF,product,,,,,,,,,,,,,,,,,,,,,,
Machine Learning for Polymer Design to Enhance Pervaporation-Based Organic Recovery,target_log (Total flux),GpyroHMC,Tanimoto,RBF,averageProduct,,,,,,,,,,,,,,,,,,,,,,
Machine Learning for Polymer Design to Enhance Pervaporation-Based Organic Recovery,target_log (Total flux),GpyroHMC,Tanimoto,RBF,(count:+)x(fp:x),,,,,,,,,,,,,,,,,,,,,,
Machine Learning for Polymer Design to Enhance Pervaporation-Based Organic Recovery,target_log (Total flux),GpyroHMC,Tanimoto,RBF,(count:+)x(fp:+),,,,,,,,,,,,,,,,,,,,,,
Machine Learning for Polymer Design to Enhance Pervaporation-Based Organic Recovery,target_log (Total flux),GpyroHMC,Tanimoto,RBF,(count:x)+(fp:x),,,,,,,,,,,,,,,,,,,,,,
Machine Learning for Polymer Design to Enhance Pervaporation-Based Organic Recovery,target_log (Total flux),GpyroHMC,Matern32,Matern32,sum,,,,,,,,,,,,,,,,,,,,,,
Machine Learning for Polymer Design to Enhance Pervaporation-Based Organic Recovery,target_log (Total flux),GpyroHMC,Matern32,Matern32,product,,,,,,,,,,,,,,,,,,,,,,
Machine Learning for Polymer Design to Enhance Pervaporation-Based Organic Recovery,target_log (Total flux),GpyroHMC,Matern32,Matern32,averageProduct,,,,,,,,,,,,,,,,,,,,,,
Machine Learning for Polymer Design to Enhance Pervaporation-Based Organic Recovery,target_log (Total flux),GpyroHMC,Matern32,Matern32,(count:+)x(fp:x),,,,,,,,,,,,,,,,,,,,,,
Machine Learning for Polymer Design to Enhance Pervaporation-Based Organic Recovery,target_log (Total flux),GpyroHMC,Matern32,Matern32,(count:+)x(fp:+),,,,,,,,,,,,,,,,,,,,,,
Machine Learning for Polymer Design to Enhance Pervaporation-Based Organic Recovery,target_log (Total flux),GpyroHMC,Matern32,Matern32,(count:x)+(fp:x),,,,,,,,,,,,,,,,,,,,,,
Machine Learning for Polymer Design to Enhance Pervaporation-Based Organic Recovery,target_log (Total flux),GpyroHMC,Matern32,Matern52,sum,,,,,,,,,,,,,,,,,,,,,,
Machine Learning for Polymer Design to Enhance Pervaporation-Based Organic Recovery,target_log (Total flux),GpyroHMC,Matern32,Matern52,product,,,,,,,,,,,,,,,,,,,,,,
Machine Learning for Polymer Design to Enhance Pervaporation-Based Organic Recovery,target_log (Total flux),GpyroHMC,Matern32,Matern52,averageProduct,,,,,,,,,,,,,,,,,,,,,,
Machine Learning for Polymer Design to Enhance Pervaporation-Based Organic Recovery,target_log (Total flux),GpyroHMC,Matern32,Matern52,(count:+)x(fp:x),,,,,,,,,,,,,,,,,,,,,,
Machine Learning for Polymer Design to Enhance Pervaporation-Based Organic Recovery,target_log (Total flux),GpyroHMC,Matern32,Matern52,(count:+)x(fp:+),,,,,,,,,,,,,,,,,,,,,,
Machine Learning for Polymer Design to Enhance Pervaporation-Based Organic Recovery,target_log (Total flux),GpyroHMC,Matern32,Matern52,(count:x)+(fp:x),,,,,,,,,,,,,,,,,,,,,,
Machine Learning for Polymer Design to Enhance Pervaporation-Based Organic Recovery,target_log (Total flux),GpyroHMC,Matern32,RBF,sum,,,,,,,,,,,,,,,,,,,,,,
Machine Learning for Polymer Design to Enhance Pervaporation-Based Organic Recovery,target_log (Total flux),GpyroHMC,Matern32,RBF,product,,,,,,,,,,,,,,,,,,,,,,
Machine Learning for Polymer Design to Enhance Pervaporation-Based Organic Recovery,target_log (Total flux),GpyroHMC,Matern32,RBF,averageProduct,,,,,,,,,,,,,,,,,,,,,,
Machine Learning for Polymer Design to Enhance Pervaporation-Based Organic Recovery,target_log (Total flux),GpyroHMC,Matern32,RBF,(count:+)x(fp:x),,,,,,,,,,,,,,,,,,,,,,
Machine Learning for Polymer Design to Enhance Pervaporation-Based Organic Recovery,target_log (Total flux),GpyroHMC,Matern32,RBF,(count:+)x(fp:+),,,,,,,,,,,,,,,,,,,,,,
Machine Learning for Polymer Design to Enhance Pervaporation-Based Organic Recovery,target_log (Total flux),GpyroHMC,Matern32,RBF,(count:x)+(fp:x),,,,,,,,,,,,,,,,,,,,,,
Machine Learning for Polymer Design to Enhance Pervaporation-Based Organic Recovery,target_log (Total flux),GpyroHMC,Matern52,Matern32,sum,,,,,,,,,,,,,,,,,,,,,,
Machine Learning for Polymer Design to Enhance Pervaporation-Based Organic Recovery,target_log (Total flux),GpyroHMC,Matern52,Matern32,product,,,,,,,,,,,,,,,,,,,,,,
Machine Learning for Polymer Design to Enhance Pervaporation-Based Organic Recovery,target_log (Total flux),GpyroHMC,Matern52,Matern32,averageProduct,,,,,,,,,,,,,,,,,,,,,,
Machine Learning for Polymer Design to Enhance Pervaporation-Based Organic Recovery,target_log (Total flux),GpyroHMC,Matern52,Matern32,(count:+)x(fp:x),,,,,,,,,,,,,,,,,,,,,,
Machine Learning for Polymer Design to Enhance Pervaporation-Based Organic Recovery,target_log (Total flux),GpyroHMC,Matern52,Matern32,(count:+)x(fp:+),,,,,,,,,,,,,,,,,,,,,,
Machine Learning for Polymer Design to Enhance Pervaporation-Based Organic Recovery,target_log (Total flux),GpyroHMC,Matern52,Matern32,(count:x)+(fp:x),,,,,,,,,,,,,,,,,,,,,,
Machine Learning for Polymer Design to Enhance Pervaporation-Based Organic Recovery,target_log (Total flux),GpyroHMC,Matern52,Matern52,sum,,,,,,,,,,,,,,,,,,,,,,
Machine Learning for Polymer Design to Enhance Pervaporation-Based Organic Recovery,target_log (Total flux),GpyroHMC,Matern52,Matern52,product,,,,,,,,,,,,,,,,,,,,,,
Machine Learning for Polymer Design to Enhance Pervaporation-Based Organic Recovery,target_log (Total flux),GpyroHMC,Matern52,Matern52,averageProduct,,,,,,,,,,,,,,,,,,,,,,
Machine Learning for Polymer Design to Enhance Pervaporation-Based Organic Recovery,target_log (Total flux),GpyroHMC,Matern52,Matern52,(count:+)x(fp:x),,,,,,,,,,,,,,,,,,,,,,
Machine Learning for Polymer Design to Enhance Pervaporation-Based Organic Recovery,target_log (Total flux),GpyroHMC,Matern52,Matern52,(count:+)x(fp:+),,,,,,,,,,,,,,,,,,,,,,
Machine Learning for Polymer Design to Enhance Pervaporation-Based Organic Recovery,target_log (Total flux),GpyroHMC,Matern52,Matern52,(count:x)+(fp:x),,,,,,,,,,,,,,,,,,,,,,
Machine Learning for Polymer Design to Enhance Pervaporation-Based Organic Recovery,target_log (Total flux),GpyroHMC,Matern52,RBF,sum,,,,,,,,,,,,,,,,,,,,,,
Machine Learning for Polymer Design to Enhance Pervaporation-Based Organic Recovery,target_log (Total flux),GpyroHMC,Matern52,RBF,product,,,,,,,,,,,,,,,,,,,,,,
Machine Learning for Polymer Design to Enhance Pervaporation-Based Organic Recovery,target_log (Total flux),GpyroHMC,Matern52,RBF,averageProduct,,,,,,,,,,,,,,,,,,,,,,
Machine Learning for Polymer Design to Enhance Pervaporation-Based Organic Recovery,target_log (Total flux),GpyroHMC,Matern52,RBF,(count:+)x(fp:x),,,,,,,,,,,,,,,,,,,,,,
Machine Learning for Polymer Design to Enhance Pervaporation-Based Organic Recovery,target_log (Total flux),GpyroHMC,Matern52,RBF,(count:+)x(fp:+),,,,,,,,,,,,,,,,,,,,,,
Machine Learning for Polymer Design to Enhance Pervaporation-Based Organic Recovery,target_log (Total flux),GpyroHMC,Matern52,RBF,(count:x)+(fp:x),,,,,,,,,,,,,,,,,,,,,,
Machine Learning for Polymer Design to Enhance Pervaporation-Based Organic Recovery,target_log (Total flux),GpyroHMC,RBF,Matern32,sum,,,,,,,,,,,,,,,,,,,,,,
Machine Learning for Polymer Design to Enhance Pervaporation-Based Organic Recovery,target_log (Total flux),GpyroHMC,RBF,Matern32,product,,,,,,,,,,,,,,,,,,,,,,
Machine Learning for Polymer Design to Enhance Pervaporation-Based Organic Recovery,target_log (Total flux),GpyroHMC,RBF,Matern32,averageProduct,,,,,,,,,,,,,,,,,,,,,,
Machine Learning for Polymer Design to Enhance Pervaporation-Based Organic Recovery,target_log (Total flux),GpyroHMC,RBF,Matern32,(count:+)x(fp:x),,,,,,,,,,,,,,,,,,,,,,
Machine Learning for Polymer Design to Enhance Pervaporation-Based Organic Recovery,target_log (Total flux),GpyroHMC,RBF,Matern32,(count:+)x(fp:+),,,,,,,,,,,,,,,,,,,,,,
Machine Learning for Polymer Design to Enhance Pervaporation-Based Organic Recovery,target_log (Total flux),GpyroHMC,RBF,Matern32,(count:x)+(fp:x),,,,,,,,,,,,,,,,,,,,,,
Machine Learning for Polymer Design to Enhance Pervaporation-Based Organic Recovery,target_log (Total flux),GpyroHMC,RBF,Matern52,sum,,,,,,,,,,,,,,,,,,,,,,
Machine Learning for Polymer Design to Enhance Pervaporation-Based Organic Recovery,target_log (Total flux),GpyroHMC,RBF,Matern52,product,,,,,,,,,,,,,,,,,,,,,,
Machine Learning for Polymer Design to Enhance Pervaporation-Based Organic Recovery,target_log (Total flux),GpyroHMC,RBF,Matern52,averageProduct,,,,,,,,,,,,,,,,,,,,,,
Machine Learning for Polymer Design to Enhance Pervaporation-Based Organic Recovery,target_log (Total flux),GpyroHMC,RBF,Matern52,(count:+)x(fp:x),,,,,,,,,,,,,,,,,,,,,,
Machine Learning for Polymer Design to Enhance Pervaporation-Based Organic Recovery,target_log (Total flux),GpyroHMC,RBF,Matern52,(count:+)x(fp:+),,,,,,,,,,,,,,,,,,,,,,
Machine Learning for Polymer Design to Enhance Pervaporation-Based Organic Recovery,target_log (Total flux),GpyroHMC,RBF,Matern52,(count:x)+(fp:x),,,,,,,,,,,,,,,,,,,,,,
Machine Learning for Polymer Design to Enhance Pervaporation-Based Organic Recovery,target_log (Total flux),GpyroHMC,RBF,RBF,sum,,,,,,,,,,,,,,,,,,,,,,
Machine Learning for Polymer Design to Enhance Pervaporation-Based Organic Recovery,target_log (Total flux),GpyroHMC,RBF,RBF,product,,,,,,,,,,,,,,,,,,,,,,
Machine Learning for Polymer Design to Enhance Pervaporation-Based Organic Recovery,target_log (Total flux),GpyroHMC,RBF,RBF,averageProduct,,,,,,,,,,,,,,,,,,,,,,
Machine Learning for Polymer Design to Enhance Pervaporation-Based Organic Recovery,target_log (Total flux),GpyroHMC,RBF,RBF,(count:+)x(fp:x),,,,,,,,,,,,,,,,,,,,,,
Machine Learning for Polymer Design to Enhance Pervaporation-Based Organic Recovery,target_log (Total flux),GpyroHMC,RBF,RBF,(count:+)x(fp:+),,,,,,,,,,,,,,,,,,,,,,
Machine Learning for Polymer Design to Enhance Pervaporation-Based Organic Recovery,target_log (Total flux),GpyroHMC,RBF,RBF,(count:x)+(fp:x),,,,,,,,,,,,,,,,,,,,,,
Machine Learning for Polymer Design to Enhance Pervaporation-Based Organic Recovery,target_log (Total flux),GPytorchMAP,TanimotoMatern32,Matern32,sum,,,,,,,,,,,,,,,,,,,,,,
Machine Learning for Polymer Design to Enhance Pervaporation-Based Organic Recovery,target_log (Total flux),GPytorchMAP,TanimotoMatern32,Matern32,product,,,,,,,,,,,,,,,,,,,,,,
Machine Learning for Polymer Design to Enhance Pervaporation-Based Organic Recovery,target_log (Total flux),GPytorchMAP,TanimotoMatern32,Matern32,averageProduct,,,,,,,,,,,,,,,,,,,,,,
Machine Learning for Polymer Design to Enhance Pervaporation-Based Organic Recovery,target_log (Total flux),GPytorchMAP,TanimotoMatern32,Matern32,(count:+)x(fp:x),,,,,,,,,,,,,,,,,,,,,,
Machine Learning for Polymer Design to Enhance Pervaporation-Based Organic Recovery,target_log (Total flux),GPytorchMAP,TanimotoMatern32,Matern32,(count:+)x(fp:+),,,,,,,,,,,,,,,,,,,,,,
Machine Learning for Polymer Design to Enhance Pervaporation-Based Organic Recovery,target_log (Total flux),GPytorchMAP,TanimotoMatern32,Matern32,(count:x)+(fp:x),,,,,,,,,,,,,,,,,,,,,,
Machine Learning for Polymer Design to Enhance Pervaporation-Based Organic Recovery,target_log (Total flux),GPytorchMAP,TanimotoMatern32,Matern52,sum,,,,,,,,,,,,,,,,,,,,,,
Machine Learning for Polymer Design to Enhance Pervaporation-Based Organic Recovery,target_log (Total flux),GPytorchMAP,TanimotoMatern32,Matern52,product,,,,,,,,,,,,,,,,,,,,,,
Machine Learning for Polymer Design to Enhance Pervaporation-Based Organic Recovery,target_log (Total flux),GPytorchMAP,TanimotoMatern32,Matern52,averageProduct,,,,,,,,,,,,,,,,,,,,,,
Machine Learning for Polymer Design to Enhance Pervaporation-Based Organic Recovery,target_log (Total flux),GPytorchMAP,TanimotoMatern32,Matern52,(count:+)x(fp:x),,,,,,,,,,,,,,,,,,,,,,
Machine Learning for Polymer Design to Enhance Pervaporation-Based Organic Recovery,target_log (Total flux),GPytorchMAP,TanimotoMatern32,Matern52,(count:+)x(fp:+),,,,,,,,,,,,,,,,,,,,,,
Machine Learning for Polymer Design to Enhance Pervaporation-Based Organic Recovery,target_log (Total flux),GPytorchMAP,TanimotoMatern32,Matern52,(count:x)+(fp:x),,,,,,,,,,,,,,,,,,,,,,
Machine Learning for Polymer Design to Enhance Pervaporation-Based Organic Recovery,target_log (Total flux),GPytorchMAP,TanimotoMatern32,RBF,sum,,,,,,,,,,,,,,,,,,,,,,
Machine Learning for Polymer Design to Enhance Pervaporation-Based Organic Recovery,target_log (Total flux),GPytorchMAP,TanimotoMatern32,RBF,product,,,,,,,,,,,,,,,,,,,,,,
Machine Learning for Polymer Design to Enhance Pervaporation-Based Organic Recovery,target_log (Total flux),GPytorchMAP,TanimotoMatern32,RBF,averageProduct,,,,,,,,,,,,,,,,,,,,,,
Machine Learning for Polymer Design to Enhance Pervaporation-Based Organic Recovery,target_log (Total flux),GPytorchMAP,TanimotoMatern32,RBF,(count:+)x(fp:x),,,,,,,,,,,,,,,,,,,,,,
Machine Learning for Polymer Design to Enhance Pervaporation-Based Organic Recovery,target_log (Total flux),GPytorchMAP,TanimotoMatern32,RBF,(count:+)x(fp:+),,,,,,,,,,,,,,,,,,,,,,
Machine Learning for Polymer Design to Enhance Pervaporation-Based Organic Recovery,target_log (Total flux),GPytorchMAP,TanimotoMatern32,RBF,(count:x)+(fp:x),,,,,,,,,,,,,,,,,,,,,,
Machine Learning for Polymer Design to Enhance Pervaporation-Based Organic Recovery,target_log (Total flux),GPytorchMAP,TanimotoMatern52,Matern32,sum,,,,,,,,,,,,,,,,,,,,,,
Machine Learning for Polymer Design to Enhance Pervaporation-Based Organic Recovery,target_log (Total flux),GPytorchMAP,TanimotoMatern52,Matern32,product,,,,,,,,,,,,,,,,,,,,,,
Machine Learning for Polymer Design to Enhance Pervaporation-Based Organic Recovery,target_log (Total flux),GPytorchMAP,TanimotoMatern52,Matern32,averageProduct,,,,,,,,,,,,,,,,,,,,,,
Machine Learning for Polymer Design to Enhance Pervaporation-Based Organic Recovery,target_log (Total flux),GPytorchMAP,TanimotoMatern52,Matern32,(count:+)x(fp:x),,,,,,,,,,,,,,,,,,,,,,
Machine Learning for Polymer Design to Enhance Pervaporation-Based Organic Recovery,target_log (Total flux),GPytorchMAP,TanimotoMatern52,Matern32,(count:+)x(fp:+),,,,,,,,,,,,,,,,,,,,,,
Machine Learning for Polymer Design to Enhance Pervaporation-Based Organic Recovery,target_log (Total flux),GPytorchMAP,TanimotoMatern52,Matern32,(count:x)+(fp:x),,,,,,,,,,,,,,,,,,,,,,
Machine Learning for Polymer Design to Enhance Pervaporation-Based Organic Recovery,target_log (Total flux),GPytorchMAP,TanimotoMatern52,Matern52,sum,,,,,,,,,,,,,,,,,,,,,,
Machine Learning for Polymer Design to Enhance Pervaporation-Based Organic Recovery,target_log (Total flux),GPytorchMAP,TanimotoMatern52,Matern52,product,,,,,,,,,,,,,,,,,,,,,,
Machine Learning for Polymer Design to Enhance Pervaporation-Based Organic Recovery,target_log (Total flux),GPytorchMAP,TanimotoMatern52,Matern52,averageProduct,,,,,,,,,,,,,,,,,,,,,,
Machine Learning for Polymer Design to Enhance Pervaporation-Based Organic Recovery,target_log (Total flux),GPytorchMAP,TanimotoMatern52,Matern52,(count:+)x(fp:x),,,,,,,,,,,,,,,,,,,,,,
Machine Learning for Polymer Design to Enhance Pervaporation-Based Organic Recovery,target_log (Total flux),GPytorchMAP,TanimotoMatern52,Matern52,(count:+)x(fp:+),,,,,,,,,,,,,,,,,,,,,,
Machine Learning for Polymer Design to Enhance Pervaporation-Based Organic Recovery,target_log (Total flux),GPytorchMAP,TanimotoMatern52,Matern52,(count:x)+(fp:x),,,,,,,,,,,,,,,,,,,,,,
Machine Learning for Polymer Design to Enhance Pervaporation-Based Organic Recovery,target_log (Total flux),GPytorchMAP,TanimotoMatern52,RBF,sum,,,,,,,,,,,,,,,,,,,,,,
Machine Learning for Polymer Design to Enhance Pervaporation-Based Organic Recovery,target_log (Total flux),GPytorchMAP,TanimotoMatern52,RBF,product,,,,,,,,,,,,,,,,,,,,,,
Machine Learning for Polymer Design to Enhance Pervaporation-Based Organic Recovery,target_log (Total flux),GPytorchMAP,TanimotoMatern52,RBF,averageProduct,,,,,,,,,,,,,,,,,,,,,,
Machine Learning for Polymer Design to Enhance Pervaporation-Based Organic Recovery,target_log (Total flux),GPytorchMAP,TanimotoMatern52,RBF,(count:+)x(fp:x),,,,,,,,,,,,,,,,,,,,,,
Machine Learning for Polymer Design to Enhance Pervaporation-Based Organic Recovery,target_log (Total flux),GPytorchMAP,TanimotoMatern52,RBF,(count:+)x(fp:+),,,,,,,,,,,,,,,,,,,,,,
Machine Learning for Polymer Design to Enhance Pervaporation-Based Organic Recovery,target_log (Total flux),GPytorchMAP,TanimotoMatern52,RBF,(count:x)+(fp:x),,,,,,,,,,,,,,,,,,,,,,
Machine Learning for Polymer Design to Enhance Pervaporation-Based Organic Recovery,target_log (Total flux),GPytorchMAP,TanimotoRBF,Matern32,sum,,,,,,,,,,,,,,,,,,,,,,
Machine Learning for Polymer Design to Enhance Pervaporation-Based Organic Recovery,target_log (Total flux),GPytorchMAP,TanimotoRBF,Matern32,product,,,,,,,,,,,,,,,,,,,,,,
Machine Learning for Polymer Design to Enhance Pervaporation-Based Organic Recovery,target_log (Total flux),GPytorchMAP,TanimotoRBF,Matern32,averageProduct,,,,,,,,,,,,,,,,,,,,,,
Machine Learning for Polymer Design to Enhance Pervaporation-Based Organic Recovery,target_log (Total flux),GPytorchMAP,TanimotoRBF,Matern32,(count:+)x(fp:x),,,,,,,,,,,,,,,,,,,,,,
Machine Learning for Polymer Design to Enhance Pervaporation-Based Organic Recovery,target_log (Total flux),GPytorchMAP,TanimotoRBF,Matern32,(count:+)x(fp:+),,,,,,,,,,,,,,,,,,,,,,
Machine Learning for Polymer Design to Enhance Pervaporation-Based Organic Recovery,target_log (Total flux),GPytorchMAP,TanimotoRBF,Matern32,(count:x)+(fp:x),,,,,,,,,,,,,,,,,,,,,,
Machine Learning for Polymer Design to Enhance Pervaporation-Based Organic Recovery,target_log (Total flux),GPytorchMAP,TanimotoRBF,Matern52,sum,,,,,,,,,,,,,,,,,,,,,,
Machine Learning for Polymer Design to Enhance Pervaporation-Based Organic Recovery,target_log (Total flux),GPytorchMAP,TanimotoRBF,Matern52,product,,,,,,,,,,,,,,,,,,,,,,
Machine Learning for Polymer Design to Enhance Pervaporation-Based Organic Recovery,target_log (Total flux),GPytorchMAP,TanimotoRBF,Matern52,averageProduct,,,,,,,,,,,,,,,,,,,,,,
Machine Learning for Polymer Design to Enhance Pervaporation-Based Organic Recovery,target_log (Total flux),GPytorchMAP,TanimotoRBF,Matern52,(count:+)x(fp:x),,,,,,,,,,,,,,,,,,,,,,
Machine Learning for Polymer Design to Enhance Pervaporation-Based Organic Recovery,target_log (Total flux),GPytorchMAP,TanimotoRBF,Matern52,(count:+)x(fp:+),,,,,,,,,,,,,,,,,,,,,,
Machine Learning for Polymer Design to Enhance Pervaporation-Based Organic Recovery,target_log (Total flux),GPytorchMAP,TanimotoRBF,Matern52,(count:x)+(fp:x),,,,,,,,,,,,,,,,,,,,,,
Machine Learning for Polymer Design to Enhance Pervaporation-Based Organic Recovery,target_log (Total flux),GPytorchMAP,TanimotoRBF,RBF,sum,,,,,,,,,,,,,,,,,,,,,,
Machine Learning for Polymer Design to Enhance Pervaporation-Based Organic Recovery,target_log (Total flux),GPytorchMAP,TanimotoRBF,RBF,product,,,,,,,,,,,,,,,,,,,,,,
Machine Learning for Polymer Design to Enhance Pervaporation-Based Organic Recovery,target_log (Total flux),GPytorchMAP,TanimotoRBF,RBF,averageProduct,,,,,,,,,,,,,,,,,,,,,,
Machine Learning for Polymer Design to Enhance Pervaporation-Based Organic Recovery,target_log (Total flux),GPytorchMAP,TanimotoRBF,RBF,(count:+)x(fp:x),,,,,,,,,,,,,,,,,,,,,,
Machine Learning for Polymer Design to Enhance Pervaporation-Based Organic Recovery,target_log (Total flux),GPytorchMAP,TanimotoRBF,RBF,(count:+)x(fp:+),,,,,,,,,,,,,,,,,,,,,,
Machine Learning for Polymer Design to Enhance Pervaporation-Based Organic Recovery,target_log (Total flux),GPytorchMAP,TanimotoRBF,RBF,(count:x)+(fp:x),,,,,,,,,,,,,,,,,,,,,,
Machine Learning for Polymer Design to Enhance Pervaporation-Based Organic Recovery,target_log (Total flux),GPytorchMAP,Tanimoto,Matern32,sum,,,,,,,,,,,,,,,,,,,,,,
Machine Learning for Polymer Design to Enhance Pervaporation-Based Organic Recovery,target_log (Total flux),GPytorchMAP,Tanimoto,Matern32,product,,,,,,,,,,,,,,,,,,,,,,
Machine Learning for Polymer Design to Enhance Pervaporation-Based Organic Recovery,target_log (Total flux),GPytorchMAP,Tanimoto,Matern32,averageProduct,,,,,,,,,,,,,,,,,,,,,,
Machine Learning for Polymer Design to Enhance Pervaporation-Based Organic Recovery,target_log (Total flux),GPytorchMAP,Tanimoto,Matern32,(count:+)x(fp:x),,,,,,,,,,,,,,,,,,,,,,
Machine Learning for Polymer Design to Enhance Pervaporation-Based Organic Recovery,target_log (Total flux),GPytorchMAP,Tanimoto,Matern32,(count:+)x(fp:+),,,,,,,,,,,,,,,,,,,,,,
Machine Learning for Polymer Design to Enhance Pervaporation-Based Organic Recovery,target_log (Total flux),GPytorchMAP,Tanimoto,Matern32,(count:x)+(fp:x),,,,,,,,,,,,,,,,,,,,,,
Machine Learning for Polymer Design to Enhance Pervaporation-Based Organic Recovery,target_log (Total flux),GPytorchMAP,Tanimoto,Matern52,sum,,,,,,,,,,,,,,,,,,,,,,
Machine Learning for Polymer Design to Enhance Pervaporation-Based Organic Recovery,target_log (Total flux),GPytorchMAP,Tanimoto,Matern52,product,,,,,,,,,,,,,,,,,,,,,,
Machine Learning for Polymer Design to Enhance Pervaporation-Based Organic Recovery,target_log (Total flux),GPytorchMAP,Tanimoto,Matern52,averageProduct,,,,,,,,,,,,,,,,,,,,,,
Machine Learning for Polymer Design to Enhance Pervaporation-Based Organic Recovery,target_log (Total flux),GPytorchMAP,Tanimoto,Matern52,(count:+)x(fp:x),,,,,,,,,,,,,,,,,,,,,,
Machine Learning for Polymer Design to Enhance Pervaporation-Based Organic Recovery,target_log (Total flux),GPytorchMAP,Tanimoto,Matern52,(count:+)x(fp:+),,,,,,,,,,,,,,,,,,,,,,
Machine Learning for Polymer Design to Enhance Pervaporation-Based Organic Recovery,target_log (Total flux),GPytorchMAP,Tanimoto,Matern52,(count:x)+(fp:x),,,,,,,,,,,,,,,,,,,,,,
Machine Learning for Polymer Design to Enhance Pervaporation-Based Organic Recovery,target_log (Total flux),GPytorchMAP,Tanimoto,RBF,sum,,,,,,,,,,,,,,,,,,,,,,
Machine Learning for Polymer Design to Enhance Pervaporation-Based Organic Recovery,target_log (Total flux),GPytorchMAP,Tanimoto,RBF,product,,,,,,,,,,,,,,,,,,,,,,
Machine Learning for Polymer Design to Enhance Pervaporation-Based Organic Recovery,target_log (Total flux),GPytorchMAP,Tanimoto,RBF,averageProduct,,,,,,,,,,,,,,,,,,,,,,
Machine Learning for Polymer Design to Enhance Pervaporation-Based Organic Recovery,target_log (Total flux),GPytorchMAP,Tanimoto,RBF,(count:+)x(fp:x),,,,,,,,,,,,,,,,,,,,,,
Machine Learning for Polymer Design to Enhance Pervaporation-Based Organic Recovery,target_log (Total flux),GPytorchMAP,Tanimoto,RBF,(count:+)x(fp:+),,,,,,,,,,,,,,,,,,,,,,
Machine Learning for Polymer Design to Enhance Pervaporation-Based Organic Recovery,target_log (Total flux),GPytorchMAP,Tanimoto,RBF,(count:x)+(fp:x),,,,,,,,,,,,,,,,,,,,,,
Machine Learning for Polymer Design to Enhance Pervaporation-Based Organic Recovery,target_log (Total flux),GPytorchMAP,Matern32,Matern32,sum,,,,,,,,,,,,,,,,,,,,,,
Machine Learning for Polymer Design to Enhance Pervaporation-Based Organic Recovery,target_log (Total flux),GPytorchMAP,Matern32,Matern32,product,,,,,,,,,,,,,,,,,,,,,,
Machine Learning for Polymer Design to Enhance Pervaporation-Based Organic Recovery,target_log (Total flux),GPytorchMAP,Matern32,Matern32,averageProduct,,,,,,,,,,,,,,,,,,,,,,
Machine Learning for Polymer Design to Enhance Pervaporation-Based Organic Recovery,target_log (Total flux),GPytorchMAP,Matern32,Matern32,(count:+)x(fp:x),,,,,,,,,,,,,,,,,,,,,,
Machine Learning for Polymer Design to Enhance Pervaporation-Based Organic Recovery,target_log (Total flux),GPytorchMAP,Matern32,Matern32,(count:+)x(fp:+),,,,,,,,,,,,,,,,,,,,,,
Machine Learning for Polymer Design to Enhance Pervaporation-Based Organic Recovery,target_log (Total flux),GPytorchMAP,Matern32,Matern32,(count:x)+(fp:x),,,,,,,,,,,,,,,,,,,,,,
Machine Learning for Polymer Design to Enhance Pervaporation-Based Organic Recovery,target_log (Total flux),GPytorchMAP,Matern32,Matern52,sum,,,,,,,,,,,,,,,,,,,,,,
Machine Learning for Polymer Design to Enhance Pervaporation-Based Organic Recovery,target_log (Total flux),GPytorchMAP,Matern32,Matern52,product,,,,,,,,,,,,,,,,,,,,,,
Machine Learning for Polymer Design to Enhance Pervaporation-Based Organic Recovery,target_log (Total flux),GPytorchMAP,Matern32,Matern52,averageProduct,,,,,,,,,,,,,,,,,,,,,,
Machine Learning for Polymer Design to Enhance Pervaporation-Based Organic Recovery,target_log (Total flux),GPytorchMAP,Matern32,Matern52,(count:+)x(fp:x),,,,,,,,,,,,,,,,,,,,,,
Machine Learning for Polymer Design to Enhance Pervaporation-Based Organic Recovery,target_log (Total flux),GPytorchMAP,Matern32,Matern52,(count:+)x(fp:+),,,,,,,,,,,,,,,,,,,,,,
Machine Learning for Polymer Design to Enhance Pervaporation-Based Organic Recovery,target_log (Total flux),GPytorchMAP,Matern32,Matern52,(count:x)+(fp:x),,,,,,,,,,,,,,,,,,,,,,
Machine Learning for Polymer Design to Enhance Pervaporation-Based Organic Recovery,target_log (Total flux),GPytorchMAP,Matern32,RBF,sum,,,,,,,,,,,,,,,,,,,,,,
Machine Learning for Polymer Design to Enhance Pervaporation-Based Organic Recovery,target_log (Total flux),GPytorchMAP,Matern32,RBF,product,,,,,,,,,,,,,,,,,,,,,,
Machine Learning for Polymer Design to Enhance Pervaporation-Based Organic Recovery,target_log (Total flux),GPytorchMAP,Matern32,RBF,averageProduct,,,,,,,,,,,,,,,,,,,,,,
Machine Learning for Polymer Design to Enhance Pervaporation-Based Organic Recovery,target_log (Total flux),GPytorchMAP,Matern32,RBF,(count:+)x(fp:x),,,,,,,,,,,,,,,,,,,,,,
Machine Learning for Polymer Design to Enhance Pervaporation-Based Organic Recovery,target_log (Total flux),GPytorchMAP,Matern32,RBF,(count:+)x(fp:+),,,,,,,,,,,,,,,,,,,,,,
Machine Learning for Polymer Design to Enhance Pervaporation-Based Organic Recovery,target_log (Total flux),GPytorchMAP,Matern32,RBF,(count:x)+(fp:x),,,,,,,,,,,,,,,,,,,,,,
Machine Learning for Polymer Design to Enhance Pervaporation-Based Organic Recovery,target_log (Total flux),GPytorchMAP,Matern52,Matern32,sum,,,,,,,,,,,,,,,,,,,,,,
Machine Learning for Polymer Design to Enhance Pervaporation-Based Organic Recovery,target_log (Total flux),GPytorchMAP,Matern52,Matern32,product,,,,,,,,,,,,,,,,,,,,,,
Machine Learning for Polymer Design to Enhance Pervaporation-Based Organic Recovery,target_log (Total flux),GPytorchMAP,Matern52,Matern32,averageProduct,,,,,,,,,,,,,,,,,,,,,,
Machine Learning for Polymer Design to Enhance Pervaporation-Based Organic Recovery,target_log (Total flux),GPytorchMAP,Matern52,Matern32,(count:+)x(fp:x),,,,,,,,,,,,,,,,,,,,,,
Machine Learning for Polymer Design to Enhance Pervaporation-Based Organic Recovery,target_log (Total flux),GPytorchMAP,Matern52,Matern32,(count:+)x(fp:+),,,,,,,,,,,,,,,,,,,,,,
Machine Learning for Polymer Design to Enhance Pervaporation-Based Organic Recovery,target_log (Total flux),GPytorchMAP,Matern52,Matern32,(count:x)+(fp:x),,,,,,,,,,,,,,,,,,,,,,
Machine Learning for Polymer Design to Enhance Pervaporation-Based Organic Recovery,target_log (Total flux),GPytorchMAP,Matern52,Matern52,sum,,,,,,,,,,,,,,,,,,,,,,
Machine Learning for Polymer Design to Enhance Pervaporation-Based Organic Recovery,target_log (Total flux),GPytorchMAP,Matern52,Matern52,product,,,,,,,,,,,,,,,,,,,,,,
Machine Learning for Polymer Design to Enhance Pervaporation-Based Organic Recovery,target_log (Total flux),GPytorchMAP,Matern52,Matern52,averageProduct,,,,,,,,,,,,,,,,,,,,,,
Machine Learning for Polymer Design to Enhance Pervaporation-Based Organic Recovery,target_log (Total flux),GPytorchMAP,Matern52,Matern52,(count:+)x(fp:x),,,,,,,,,,,,,,,,,,,,,,
Machine Learning for Polymer Design to Enhance Pervaporation-Based Organic Recovery,target_log (Total flux),GPytorchMAP,Matern52,Matern52,(count:+)x(fp:+),,,,,,,,,,,,,,,,,,,,,,
Machine Learning for Polymer Design to Enhance Pervaporation-Based Organic Recovery,target_log (Total flux),GPytorchMAP,Matern52,Matern52,(count:x)+(fp:x),,,,,,,,,,,,,,,,,,,,,,
Machine Learning for Polymer Design to Enhance Pervaporation-Based Organic Recovery,target_log (Total flux),GPytorchMAP,Matern52,RBF,sum,,,,,,,,,,,,,,,,,,,,,,
Machine Learning for Polymer Design to Enhance Pervaporation-Based Organic Recovery,target_log (Total flux),GPytorchMAP,Matern52,RBF,product,,,,,,,,,,,,,,,,,,,,,,
Machine Learning for Polymer Design to Enhance Pervaporation-Based Organic Recovery,target_log (Total flux),GPytorchMAP,Matern52,RBF,averageProduct,,,,,,,,,,,,,,,,,,,,,,
Machine Learning for Polymer Design to Enhance Pervaporation-Based Organic Recovery,target_log (Total flux),GPytorchMAP,Matern52,RBF,(count:+)x(fp:x),,,,,,,,,,,,,,,,,,,,,,
Machine Learning for Polymer Design to Enhance Pervaporation-Based Organic Recovery,target_log (Total flux),GPytorchMAP,Matern52,RBF,(count:+)x(fp:+),,,,,,,,,,,,,,,,,,,,,,
Machine Learning for Polymer Design to Enhance Pervaporation-Based Organic Recovery,target_log (Total flux),GPytorchMAP,Matern52,RBF,(count:x)+(fp:x),,,,,,,,,,,,,,,,,,,,,,
Machine Learning for Polymer Design to Enhance Pervaporation-Based Organic Recovery,target_log (Total flux),GPytorchMAP,RBF,Matern32,sum,,,,,,,,,,,,,,,,,,,,,,
Machine Learning for Polymer Design to Enhance Pervaporation-Based Organic Recovery,target_log (Total flux),GPytorchMAP,RBF,Matern32,product,,,,,,,,,,,,,,,,,,,,,,
Machine Learning for Polymer Design to Enhance Pervaporation-Based Organic Recovery,target_log (Total flux),GPytorchMAP,RBF,Matern32,averageProduct,,,,,,,,,,,,,,,,,,,,,,
Machine Learning for Polymer Design to Enhance Pervaporation-Based Organic Recovery,target_log (Total flux),GPytorchMAP,RBF,Matern32,(count:+)x(fp:x),,,,,,,,,,,,,,,,,,,,,,
Machine Learning for Polymer Design to Enhance Pervaporation-Based Organic Recovery,target_log (Total flux),GPytorchMAP,RBF,Matern32,(count:+)x(fp:+),,,,,,,,,,,,,,,,,,,,,,
Machine Learning for Polymer Design to Enhance Pervaporation-Based Organic Recovery,target_log (Total flux),GPytorchMAP,RBF,Matern32,(count:x)+(fp:x),,,,,,,,,,,,,,,,,,,,,,
Machine Learning for Polymer Design to Enhance Pervaporation-Based Organic Recovery,target_log (Total flux),GPytorchMAP,RBF,Matern52,sum,,,,,,,,,,,,,,,,,,,,,,
Machine Learning for Polymer Design to Enhance Pervaporation-Based Organic Recovery,target_log (Total flux),GPytorchMAP,RBF,Matern52,product,,,,,,,,,,,,,,,,,,,,,,
Machine Learning for Polymer Design to Enhance Pervaporation-Based Organic Recovery,target_log (Total flux),GPytorchMAP,RBF,Matern52,averageProduct,,,,,,,,,,,,,,,,,,,,,,
Machine Learning for Polymer Design to Enhance Pervaporation-Based Organic Recovery,target_log (Total flux),GPytorchMAP,RBF,Matern52,(count:+)x(fp:x),,,,,,,,,,,,,,,,,,,,,,
Machine Learning for Polymer Design to Enhance Pervaporation-Based Organic Recovery,target_log (Total flux),GPytorchMAP,RBF,Matern52,(count:+)x(fp:+),,,,,,,,,,,,,,,,,,,,,,
Machine Learning for Polymer Design to Enhance Pervaporation-Based Organic Recovery,target_log (Total flux),GPytorchMAP,RBF,Matern52,(count:x)+(fp:x),,,,,,,,,,,,,,,,,,,,,,
Machine Learning for Polymer Design to Enhance Pervaporation-Based Organic Recovery,target_log (Total flux),GPytorchMAP,RBF,RBF,sum,,,,,,,,,,,,,,,,,,,,,,
Machine Learning for Polymer Design to Enhance Pervaporation-Based Organic Recovery,target_log (Total flux),GPytorchMAP,RBF,RBF,product,,,,,,,,,,,,,,,,,,,,,,
Machine Learning for Polymer Design to Enhance Pervaporation-Based Organic Recovery,target_log (Total flux),GPytorchMAP,RBF,RBF,averageProduct,,,,,,,,,,,,,,,,,,,,,,
Machine Learning for Polymer Design to Enhance Pervaporation-Based Organic Recovery,target_log (Total flux),GPytorchMAP,RBF,RBF,(count:+)x(fp:x),,,,,,,,,,,,,,,,,,,,,,
Machine Learning for Polymer Design to Enhance Pervaporation-Based Organic Recovery,target_log (Total flux),GPytorchMAP,RBF,RBF,(count:+)x(fp:+),,,,,,,,,,,,,,,,,,,,,,
Machine Learning for Polymer Design to Enhance Pervaporation-Based Organic Recovery,target_log (Total flux),GPytorchMAP,RBF,RBF,(count:x)+(fp:x),,,,,,,,,,,,,,,,,,,,,,
Machine Learning for Polymer Design to Enhance Pervaporation-Based Organic Recovery,target_log (Total flux),MGK,Graph,Matern32,sum,,,,,,,,,,,,,,,,,,,,,,
Machine Learning for Polymer Design to Enhance Pervaporation-Based Organic Recovery,target_log (Total flux),MGK,Graph,Matern32,product,,,,,,,,,,,,,,,,,,,,,,
Machine Learning for Polymer Design to Enhance Pervaporation-Based Organic Recovery,target_log (Total flux),MGK,Graph,Matern32,averageProduct,,,,,,,,,,,,,,,,,,,,,,
Machine Learning for Polymer Design to Enhance Pervaporation-Based Organic Recovery,target_log (Total flux),MGK,Graph,Matern32,(count:+)x(graph:x),,,,,,,,,,,,,,,,,,,,,,
Machine Learning for Polymer Design to Enhance Pervaporation-Based Organic Recovery,target_log (Total flux),MGK,Graph,Matern32,(count:+)x(graph:+),,,,,,,,,,,,,,,,,,,,,,
Machine Learning for Polymer Design to Enhance Pervaporation-Based Organic Recovery,target_log (Total flux),MGK,Graph,Matern32,(count:x)+(graph:x),,,,,,,,,,,,,,,,,,,,,,
Machine Learning for Polymer Design to Enhance Pervaporation-Based Organic Recovery,target_log (Total flux),MGK,Graph,Matern52,sum,,,,,,,,,,,,,,,,,,,,,,
Machine Learning for Polymer Design to Enhance Pervaporation-Based Organic Recovery,target_log (Total flux),MGK,Graph,Matern52,product,,,,,,,,,,,,,,,,,,,,,,
Machine Learning for Polymer Design to Enhance Pervaporation-Based Organic Recovery,target_log (Total flux),MGK,Graph,Matern52,averageProduct,,,,,,,,,,,,,,,,,,,,,,
Machine Learning for Polymer Design to Enhance Pervaporation-Based Organic Recovery,target_log (Total flux),MGK,Graph,Matern52,(count:+)x(graph:x),,,,,,,,,,,,,,,,,,,,,,
Machine Learning for Polymer Design to Enhance Pervaporation-Based Organic Recovery,target_log (Total flux),MGK,Graph,Matern52,(count:+)x(graph:+),,,,,,,,,,,,,,,,,,,,,,
Machine Learning for Polymer Design to Enhance Pervaporation-Based Organic Recovery,target_log (Total flux),MGK,Graph,Matern52,(count:x)+(graph:x),,,,,,,,,,,,,,,,,,,,,,
Machine Learning for Polymer Design to Enhance Pervaporation-Based Organic Recovery,target_log (Total flux),MGK,Graph,RBF,sum,,,,,,,,,,,,,,,,,,,,,,
Machine Learning for Polymer Design to Enhance Pervaporation-Based Organic Recovery,target_log (Total flux),MGK,Graph,RBF,product,,,,,,,,,,,,,,,,,,,,,,
Machine Learning for Polymer Design to Enhance Pervaporation-Based Organic Recovery,target_log (Total flux),MGK,Graph,RBF,averageProduct,,,,,,,,,,,,,,,,,,,,,,
Machine Learning for Polymer Design to Enhance Pervaporation-Based Organic Recovery,target_log (Total flux),MGK,Graph,RBF,(count:+)x(graph:x),,,,,,,,,,,,,,,,,,,,,,
Machine Learning for Polymer Design to Enhance Pervaporation-Based Organic Recovery,target_log (Total flux),MGK,Graph,RBF,(count:+)x(graph:+),,,,,,,,,,,,,,,,,,,,,,
Machine Learning for Polymer Design to Enhance Pervaporation-Based Organic Recovery,target_log (Total flux),MGK,Graph,RBF,(count:x)+(graph:x),,,,,,,,,,,,,,,,,,,,,,
Machine Learning-Enabled Prediction and High-Throughput Screening of Polymer Membranes for Pervaporation Separation,target_log (Separation factor),RF,,,,"{""0"": 0.5575438331965311, ""1"": 0.7133033654221581, ""2"": 0.9382974543773115, ""3"": 1.1429600051982003, ""4"": 0.3576452719269837, ""5"": 1.028191377790592}","{""0"": 0.5206314626539337, ""1"": -0.22206165551750368, ""2"": -0.6261802808891823, ""3"": -0.6738444421182701, ""4"": 0.6380273684744564, ""5"": -2.482795230120338}","{""0"": 0.4317355050098238, ""1"": 0.5980988651101191, ""2"": 0.8642903052761717, ""3"": 0.842999696743535, ""4"": 0.26602576177501436, ""5"": 0.8845731653283591}","{""0"": 0.07893939393939396, ""1"": 0.06824175824175828, ""2"": 0.25538302277432723, ""3"": 0.011753171856978098, ""4"": 0.31458333333333327, ""5"": 0.20885416666666673}","{""0"": 0.199065698462147, ""1"": 0.27503583797420406, ""2"": 0.22513120512526005, ""3"": 0.10305048513858735, ""4"": 0.14193670986080148, ""5"": 0.10015825284166328}","{""0"": 0.9209921549335713, ""1"": 1.1542304164002464, ""2"": 1.8113364682710755, ""3"": 1.374844480359607, ""4"": 1.2694684803377554, ""5"": 1.7674835796663522}","{""0"": 0.17045454545454547, ""1"": 0.22142857142857145, ""2"": 0.37422360248447206, ""3"": 0.12716262975778544, ""4"": 0.171875, ""5"": 0.33281249999999996}","{""0"": 0.5275496114029644, ""1"": 0.1686178771957835, ""2"": 0.4489730872206073, ""3"": 0.33008602925034153, ""4"": 0.2891201452438056, ""5"": 0.3559437968556733}","{""0"": 0.33852776504356147, ""1"": -0.07725589210772588, ""2"": 0.16996849417791435, ""3"": 0.513171611305042, ""4"": -0.1541851882599781, ""5"": 0.28422865730438435}","{""0"": 0.6237299424023844, ""1"": 0.6449405025963162, ""2"": 0.6670583478131644, ""3"": 0.9989412542155195, ""4"": 1.2404591709757509, ""5"": 0.6374045790927194}","{""0"": 6.2974185310304165, ""1"": 11.134236752986908, ""2"": 14.798893064260483, ""3"": 15.46095335111022, ""4"": 4.55120593868196, ""5"": 8.071966167539358}","{""0"": [0.26712220966370387, 0.3251576352704668, 0.1535572800157865, 0.2721057059782203, 0.2187059595364994], ""1"": [0.33970369837992864, 0.2176463501574, 0.22029706034574376, 0.2560725928957646, 0.25553426791774303], ""2"": [0.3569612640843685, 0.23706768208824489, 0.26100509569152364, 0.2445765001082774, 0.2654658140548571], ""3"": [0.3109807259519128, 0.3385462656598077, 0.43223377858811485, 0.34363467831479916, 0.3003781759655885], ""4"": [0.25421595960148297, 0.24486228065938095, 0.29799205355178215, 0.23357533859530855, 0.26720710530059366], ""5"": [0.29590877413183847, 0.2892807738632571, 0.21112388811892205, 0.26242919675447013, 0.16953394301897795]}","{""0"": [0.9665558242925826, 0.9668272043891925, 0.9908732490862852, 0.9689786821247385, 0.9812578863601996], ""1"": [0.9536914165366884, 0.9834826366798955, 0.9827247338146098, 0.973945977510781, 0.9771308072443308], ""2"": [0.9522681711852389, 0.9785674063566793, 0.9786632720099123, 0.9804282425560777, 0.9747648318914828], ""3"": [0.9646235236261118, 0.9594674765492125, 0.9252102448845576, 0.9576926741284508, 0.9683694477313252], ""4"": [0.9757325816432788, 0.9677825950742333, 0.9699216006516078, 0.980849265353164, 0.9710522882340596], ""5"": [0.9616264080136818, 0.9686476606945027, 0.9830211307796242, 0.9746141826424017, 0.9894306842370884]}","{""0"": [0.1727636739270639, 0.2075270314622838, 0.10514254319890964, 0.17470164722762532, 0.13899021091006092], ""1"": [0.19971468911603735, 0.14195379856670146, 0.15082196151437846, 0.15534761305221267, 0.15850838300522546], ""2"": [0.21468930031512223, 0.16196171463463738, 0.16745335241511514, 0.15570454021080832, 0.150010062072158], ""3"": [0.20208608380309817, 0.20147542898474646, 0.25107814622454977, 0.2107575208196008, 0.1862444101966289], ""4"": [0.13416913351256488, 0.1536989366250905, 0.18363036951577177, 0.16163677264406112, 0.1833902157314699], ""5"": [0.1872959348105884, 0.20065732879379133, 0.12961481184518103, 0.17403679827432184, 0.1152954273828352]}","{""0"": [0.1346969696969697, 0.07393939393939393, 0.12712121212121208, 0.07166666666666664, 0.14242424242424243], ""1"": [0.09534798534798535, 0.11373626373626373, 0.14926739926739926, 0.11849816849816851, 0.11996336996336995], ""2"": [0.09782608695652173, 0.14026915113871635, 0.1100414078674948, 0.09695652173913041, 0.1508281573498964], ""3"": [0.09472895040369086, 0.10305651672433679, 0.11159169550173009, 0.10328719723183391, 0.13018454440599767], ""4"": [0.15416666666666662, 0.1608333333333333, 0.16041666666666665, 0.09749999999999999, 0.08541666666666665], ""5"": [0.106875, 0.07937499999999999, 0.14135416666666667, 0.09020833333333332, 0.11874999999999997]}","{""0"": [0.05365207081750972, -0.04346488922891758, 0.04947557013519681, 0.08625843567729036, 0.07545092680002677], ""1"": [0.05563170817742754, 0.04962346576317648, 0.07432560670529424, 0.10029241052513788, 0.055995485023737634], ""2"": [0.05556271988507164, 0.07734500176987072, 0.05729250364313606, 0.04622332751019533, 0.06914576021195329], ""3"": [0.06568551211965372, 0.06620300095508033, 0.07594242752492239, 0.06891031573472714, 0.0641052617560274], ""4"": [0.07295282228175394, 0.15312063432659792, 0.02279857670674601, 0.07582858719066934, 0.06682147770403356], ""5"": [0.06970248420353738, 0.07735264197582987, 0.10962033241067665, 0.12535512909619187, 0.12314221183993752]}","{""0"": [-0.16693825227983083, -0.23761425530425245, 0.28038351083184515, -0.49076262959043876, -0.4185352451108768], ""1"": [-0.23401631502411682, -0.5163796896726103, -0.30567967297545356, -0.31582968290937247, -0.05934093317916745], ""2"": [0.1800277016339426, 0.10099356918912411, -0.1932792207154354, -0.03907963389458704, -0.1581432410064317], ""3"": [0.08293172527202161, -0.22957479067699743, 0.028707246552508774, -0.1774900866740182, 0.02953955922519409], ""4"": [-0.5238901835332228, -0.3072111079471679, -0.3471661905814612, -0.1469935845962752, -0.35633643954575167], ""5"": [-0.11235365457803026, -0.1663011671049, 0.03857514917849064, 0.044319807474002, -0.5297261902759367]}","{""0"": [0.06136363636363636, 0.06545454545454546, 0.06136363636363636, 0.04272727272727273, 0.07272727272727272], ""1"": [0.048901098901098915, 0.05791208791208792, 0.07197802197802197, 0.08098901098901098, 0.059890109890109886], ""2"": [0.05447204968944099, 0.07173913043478261, 0.05372670807453415, 0.05124223602484471, 0.07546583850931676], ""3"": [0.0672318339100346, 0.05719723183391003, 0.061418685121107264, 0.07103806228373702, 0.06591695501730103], ""4"": [0.078125, 0.11687500000000002, 0.0875, 0.08, 0.060625], ""5"": [0.053125, 0.056874999999999995, 0.065625, 0.0984375, 0.0578125]}","{""0"": [0.6516984251144748, 0.9520328569964466, 0.7750253095659677, 0.9304661439281855, 0.7764730876410353], ""1"": [0.7610314253537172, 0.7584952785257315, 0.7617483469812901, 0.7394671688862064, 0.792150802534034], ""2"": [0.781823800100918, 0.6939581119997659, 0.7226082418999022, 0.7899210723754925, 0.8056841710061362], ""3"": [0.7388839521122363, 0.74046943873563, 0.7295372018068802, 0.7976457688940138, 0.7997284168906887], ""4"": [0.8018243789891604, 0.6196636072158855, 0.7298416279375781, 0.8459570574814635, 0.8482933652346994], ""5"": [0.707837528952808, 0.6960931645371059, 0.8979043375910721, 0.8182901796080527, 0.6513125208490962]}","{""0"": [0.5877087884981322, 0.751092318534179, 0.5045984710134377, 0.6841215042714398, 0.5501057082452431], ""1"": [0.7668993314117936, 0.710137483730948, 0.6545652901193378, 0.5730018554239279, 0.5501224344623027], ""2"": [0.6564238380560503, 0.6533187925849859, 0.6435920588424229, 0.5947592791051826, 0.6966781954207532], ""3"": [0.6154714843391756, 0.6336733292674878, 0.6623302033538493, 0.6945947457830961, 0.6099180170963454], ""4"": [0.4974340175953078, 0.7339382305593393, 0.6950146627565981, 0.49523460410557174, 0.690982404692082], ""5"": [0.6044025229622512, 0.6377664325488359, 0.515413409070044, 0.5543854027415035, 0.5051168755187193]}","{""0"": [0.3219565743460995, 0.3251211945312401, 0.2632850919386888, 0.2974187178597141, 0.28874236724522945], ""1"": [0.31029108546598794, 0.26901404790738037, 0.3237124927381044, 0.27075218982118576, 0.2993689809519702], ""2"": [0.3488278911800846, 0.33929835394981867, 0.31151070699711797, 0.2885412197165445, 0.316741685099426], ""3"": [0.36246533097240935, 0.3212965179915839, 0.378796800068398, 0.3527401912605587, 0.3609472361225433], ""4"": [0.2598787855118856, 0.318559696045867, 0.3396526471244088, 0.3283081591343511, 0.318352471922593], ""5"": [0.3063918518697938, 0.3349362597753729, 0.2696529856200263, 0.2946690589084541, 0.22109226295927914]}","{""0"": [5.908844908699393, 5.634073153138161, 5.688038116320968, 5.70172905176878, 5.678710764274001], ""1"": [10.307580905035138, 11.050974257290363, 10.896606611087918, 11.632652530446649, 10.867838405072689], ""2"": [16.487374125048518, 15.946452239528298, 15.910273883491755, 15.905344879254699, 16.38095609098673], ""3"": [18.944907918572426, 18.421696742996573, 18.23598380573094, 18.40405524894595, 18.543861601501703], ""4"": [4.6215760335326195, 4.487867990508676, 4.474047942087054, 4.612317901104689, 4.608965177088976], ""5"": [8.194478278979659, 8.542140876874328, 8.651472270488739, 8.325821036472917, 8.009523272514343]}"
Machine Learning-Enabled Prediction and High-Throughput Screening of Polymer Membranes for Pervaporation Separation,target_log (Separation factor),XGBR,,,,"{""0"": 0.5794957682537072, ""1"": 0.5724462668404693, ""2"": 1.0368148757520839, ""3"": 1.0233206855761134, ""4"": 1.0864196221972573, ""5"": 0.8170155302618162}","{""0"": 0.48214040070982567, ""1"": 0.21292879071754922, ""2"": -0.9855921793593032, ""3"": -0.34176522967247713, ""4"": -2.3401499253690967, ""5"": -1.1990780796785825}","{""0"": 0.46916844279533865, ""1"": 0.4519175441692338, ""2"": 0.9044402817393196, ""3"": 0.7348956174184994, ""4"": 0.9790763432901058, ""5"": 0.5852622444450966}",,,,,,,,"{""0"": 1.6757015008479357, ""1"": 2.5499192774295807, ""2"": 3.981997137889266, ""3"": 4.362642278894782, ""4"": 1.471948141232133, ""5"": 2.1774250976741314}","{""0"": [0.26712213715128375, 0.3595321815398604, 0.16743340092571465, 0.18969820313131389, 0.18110228732069056], ""1"": [0.40790013075190307, 0.17850203202549067, 0.23858572978267958, 0.23923342095400618, 0.31731469292991354], ""2"": [0.3755793221686398, 0.20271089186271157, 0.2088930830757969, 0.21890989569955055, 0.2600734013538917], ""3"": [0.38219094918420105, 0.3068970903887362, 0.3886275665232119, 0.32210265577827535, 0.3428071458656893], ""4"": [0.30081397290730055, 0.2698589747543956, 0.39776564490709115, 0.17122032024503162, 0.23218743662892244], ""5"": [0.2612491425118388, 0.22554287613854374, 0.18796043862255907, 0.21220105435175612, 0.1924998619411576]}","{""0"": [0.966555842449948, 0.9594426379347475, 0.9891492545866041, 0.9849231233930379, 0.9871487550012037], ""1"": [0.9332319587921986, 0.9888897386962776, 0.97973734861852, 0.9772599043641148, 0.9647358920659022], ""2"": [0.947159217505239, 0.9843294517180955, 0.9863328497912245, 0.9843205378510503, 0.9757796243940299], ""3"": [0.9465671396126818, 0.9666916492466955, 0.9395394754790332, 0.9628284888100677, 0.9588026049690912], ""4"": [0.9660207362651845, 0.9608690395774411, 0.9464080085317543, 0.9897093673660299, 0.9781427424883974], ""5"": [0.9700893042528959, 0.9809414858920197, 0.9865424218014607, 0.9834017644423515, 0.9863731840031088]}","{""0"": [0.1696954454505882, 0.15225981237568628, 0.09830887318769112, 0.14008207833143738, 0.11892957780008637], ""1"": [0.1874889143822561, 0.11311252956501458, 0.15149626328000787, 0.1317481741046724, 0.1507459872335121], ""2"": [0.18936970401932476, 0.12925448867188183, 0.13656712435494317, 0.13165773306355646, 0.15416321657720164], ""3"": [0.20367234128775774, 0.18281849943768272, 0.2193354517286576, 0.17564235593824415, 0.1793376240489855], ""4"": [0.15079896056238484, 0.13311321932193232, 0.18011428520391298, 0.12030148358957848, 0.1449509978575911], ""5"": [0.14540074935743996, 0.14294725872919262, 0.114018915588183, 0.14377952849944103, 0.11581741234112305]}",,,,,,,,"{""0"": [1.6569998282939196, 1.74370794929564, 1.5958674363791943, 1.6288019474595785, 1.675326207652688], ""1"": [3.280780239030719, 2.76911679841578, 2.49071360565722, 2.5032265912741423, 2.5940274000167847], ""2"": [3.700216731056571, 3.728922536596656, 3.938819931820035, 3.711960358545184, 3.7626114673912525], ""3"": [5.111043259501457, 4.94443516805768, 4.483641872182488, 4.810882987454534, 4.695322437211871], ""4"": [1.3877580910921097, 1.352242762222886, 1.3261225204914808, 1.3834757767617702, 1.3370697982609272], ""5"": [1.9726603366434574, 2.0486839339137077, 2.029042897745967, 1.9265149589627981, 1.9759315960109234]}"
Machine Learning-Enabled Prediction and High-Throughput Screening of Polymer Membranes for Pervaporation Separation,target_log (Separation factor),NGB,,,,"{""0"": 0.6605207393908448, ""1"": 0.7080814695200658, ""2"": 0.9020909487283069, ""3"": 0.8852923228228059, ""4"": 0.8032597001443718, ""5"": 0.6508447803538365}","{""0"": 0.3272024366512907, ""1"": -0.20423440124632086, ""2"": -0.5031013501386372, ""3"": -0.004214350673717782, ""4"": -0.8259240821793945, ""5"": -0.395516186499284}","{""0"": 0.564070880777742, ""1"": 0.5614689333008054, ""2"": 0.8136448625192285, ""3"": 0.6585669526994623, ""4"": 0.6414288742146937, ""5"": 0.5151535410983534}","{""0"": 0.37878787878787884, ""1"": 0.18003663003663012, ""2"": 0.38954451345755703, ""3"": 0.30836216839677055, ""4"": 0.3458333333333334, ""5"": 0.17343750000000005}","{""0"": 0.384272425193122, ""1"": 0.08810241877756045, ""2"": 0.43367713911450834, ""3"": 0.16140626039417225, ""4"": 0.44734407184560254, ""5"": 0.24925573993162567}","{""0"": 8.49223267401201, ""1"": 1.906423056972124, ""2"": 8.72470023014934, ""3"": 9.887061691604478, ""4"": 12.00734228649172, ""5"": 3.1690040539084525}","{""0"": 0.35909090909090907, ""1"": 0.08076923076923077, ""2"": 0.3940993788819876, ""3"": 0.13235294117647062, ""4"": 0.18, ""5"": 0.2328125}","{""0"": 0.2368953327611776, ""1"": 0.15400347641467924, ""2"": 0.19656467479044373, ""3"": 0.32027457336187126, ""4"": 0.3116085037771444, ""5"": 0.4019700653053031}","{""0"": -0.4691827396618269, ""1"": 0.08698009953706809, ""2"": -0.048023452776604164, ""3"": 0.18575752527587125, ""4"": -0.0808018589769055, ""5"": -0.3002702316510773}","{""0"": 0.17251233429279875, ""1"": 0.35960755667920785, ""2"": 0.21617599076665836, ""3"": 0.2054632044693449, ""4"": 0.16977048032070485, ""5"": 0.37732395959555076}","{""0"": 11.797399539500475, ""1"": 12.80952056311071, ""2"": 13.415595373138785, ""3"": 13.688973328098655, ""4"": 11.463217981159687, ""5"": 12.265248632058501}","{""0"": [0.3642547861302666, 0.3963261215887693, 0.24454305221499886, 0.3465022650240577, 0.24068273002699678], ""1"": [0.4056926494256517, 0.29024220085861696, 0.2926626714004017, 0.3373990866845402, 0.38058634189417456], ""2"": [0.4014242895089247, 0.29693212203535013, 0.30814668273219575, 0.32512580224945103, 0.32515773450297464], ""3"": [0.4168373038548961, 0.35490439257907247, 0.4409718299486049, 0.3992431938984692, 0.3698969062207102], ""4"": [0.34191768434608294, 0.3007149723137023, 0.4894187438342074, 0.33178587466284093, 0.33183491762152245], ""5"": [0.4333581925522172, 0.3743752987553219, 0.29797510017330364, 0.37564806841188725, 0.2819363244116882]}","{""0"": [0.9378113637662582, 0.9507167256197416, 0.9768534625317826, 0.949696627576595, 0.9773020209857977], ""1"": [0.933952676297738, 0.9706262724952184, 0.9695110822299312, 0.9547689790219905, 0.9492706923369001], ""2"": [0.9396366703668303, 0.966376386331526, 0.9702597344707805, 0.965413768298123, 0.9621402992738519], ""3"": [0.9364404544008114, 0.955455884836033, 0.9221557752377724, 0.9428920397362548, 0.9520342299417252], ""4"": [0.9561003477106294, 0.9514088834451876, 0.9188653156241933, 0.9613590985289766, 0.9553560717632218], ""5"": [0.9176979239459113, 0.9474896174774818, 0.9661784146102013, 0.9479849322018552, 0.9707695424122162]}","{""0"": [0.2810702999960394, 0.2769784564088245, 0.19427839344715767, 0.24008715013688436, 0.17873292921800998], ""1"": [0.2656562164655516, 0.21612383902620297, 0.22696487245974084, 0.23846272631365417, 0.2534393836580456], ""2"": [0.2707097412685996, 0.22812825057121616, 0.2289835781226497, 0.23943534600190294, 0.2300146992718832], ""3"": [0.2822644135507137, 0.25556689522941534, 0.30393632874789484, 0.28769661326479096, 0.2444725933099701], ""4"": [0.2197776232606285, 0.22477084414624526, 0.3198921838488351, 0.2426774039511202, 0.25959410135504735], ""5"": [0.31747299653588024, 0.27630060281548685, 0.22885502931119517, 0.28648805652170783, 0.21351827367173207]}","{""0"": [0.09090909090909095, 0.037878787878787915, 0.05378787878787877, 0.03348484848484848, 0.04924242424242423], ""1"": [0.03366300366300368, 0.025457875457875444, 0.04347985347985348, 0.043772893772893805, 0.025091575091575117], ""2"": [0.05207039337474124, 0.030538302277432736, 0.04726708074534164, 0.04503105590062115, 0.021304347826086974], ""3"": [0.0732987312572088, 0.07422145328719727, 0.09212226066897351, 0.10524798154555945, 0.03581314878892737], ""4"": [0.04375000000000001, 0.051250000000000004, 0.054583333333333366, 0.03895833333333337, 0.08208333333333337], ""5"": [0.10520833333333338, 0.0854166666666667, 0.04010416666666669, 0.09427083333333337, 0.03812500000000002]}","{""0"": [0.053292877314122494, 0.06340787146160667, 0.04137963525983664, 0.1703354272706496, 0.023235393453011947], ""1"": [0.04773340445774453, 0.01924016162569914, 0.030844476460863565, 0.09202830468597273, 0.06622119133258683], ""2"": [0.03904657996974093, 0.061687175016416226, 0.07288354534256498, 0.025038426363436176, 0.055210913257675395], ""3"": [0.06574615728464359, 0.03715258663995152, 0.0921527421394394, 0.06716966196992864, 0.019803183712937433], ""4"": [0.0025097017716125334, 0.08425391279432864, 0.17320338388337306, 0.0666131531790599, 0.08574057545507213], ""5"": [0.05887250405989094, 0.09050696529771479, 0.025485574068800785, 0.14539203430379144, 0.05636196413831652]}","{""0"": [0.28950397517252857, 0.3415287207148364, -0.029023490627060975, 0.2365976637365499, -0.21699441245243428], ""1"": [0.3873826702711362, -0.009516030032126354, 0.12518784140115571, 0.42147077456192983, 0.49326027339967027], ""2"": [0.7245062054249126, 0.12064825352384537, 0.032421047769738885, 0.06739460447282891, 0.1161300448860733], ""3"": [1.3276539973881054, 0.5337365235469005, 1.2908871712894563, 0.6615059004762648, 0.420432820511894], ""4"": [0.2399344250040587, -0.009637941539951747, 2.285686092069197, 0.3230317643733135, 0.15088820214572488], ""5"": [0.6613992009382749, 0.36528535197270456, 0.10641000095654227, 0.29695537994472665, 0.08011542663321732]}","{""0"": [0.0640909090909091, 0.05045454545454546, 0.025454545454545445, 0.025, 0.02681818181818184], ""1"": [0.035494505494505516, 0.016373626373626365, 0.028461538461538448, 0.07417582417582418, 0.04890109890109891], ""2"": [0.03881987577639751, 0.028136645962732926, 0.029006211180124225, 0.025155279503105588, 0.04888198757763975], ""3"": [0.06024221453287197, 0.03408304498269897, 0.06231833910034603, 0.0630103806228374, 0.01435986159169551], ""4"": [0.028749999999999998, 0.053749999999999985, 0.040625, 0.0875, 0.069375], ""5"": [0.0546875, 0.07843750000000001, 0.025312500000000005, 0.128125, 0.0640625]}","{""0"": [0.363706981982989, 0.39694266171992415, 0.3301883582271865, 0.3821484141076001, 0.41980126267454165], ""1"": [0.3301509885460121, 0.4010841524787893, 0.418678948763028, 0.366650202226876, 0.3963207954634296], ""2"": [0.4062199223238919, 0.39253157649414844, 0.44990695696580874, 0.39314713866511797, 0.35257275702392576], ""3"": [0.36967554475097614, 0.3790450335867475, 0.39827416997842413, 0.44975780448455593, 0.36891138414745467], ""4"": [0.3757974319389919, 0.372837714559545, 0.35595266389999064, 0.392754754832328, 0.3717267233611863], ""5"": [0.33362550564708277, 0.4114259220415451, 0.40346098976872646, 0.4351233848043707, 0.38316011795269644]}","{""0"": [0.5195757130477101, 0.6159430565848546, 0.386212255788712, 0.5492476331923463, 0.5353631492017275], ""1"": [0.6204274073216254, 0.5260093988169839, 0.4002819179844327, 0.2354922719095376, 0.46198935598998586], ""2"": [0.4414387087365011, 0.42375339078517926, 0.5329469277996773, 0.6123967539264265, 0.39301556205435517], ""3"": [0.4078968304720814, 0.4010964310687564, 0.4102748184619368, 0.4846428892505628, 0.4718934377333689], ""4"": [0.19796535689412745, 0.6207149508513528, 0.3291788856304985, 0.3070577503473172, 0.506827973900243], ""5"": [0.6502873712546191, 0.5058094946719283, 0.4380745242136793, 0.6076653630653934, 0.3123540458423595]}","{""0"": [0.2686014781771189, 0.27106140645435894, 0.27321591550422214, 0.27579799418347606, 0.2486425614544875], ""1"": [0.25571329595190756, 0.2643993236628516, 0.26712125890848576, 0.2482308328948407, 0.2578242064346128], ""2"": [0.2562326482333218, 0.26070005760631987, 0.25491364861097493, 0.2512537656854231, 0.26847726017512086], ""3"": [0.24551431538134041, 0.23389081569467315, 0.23705293794157217, 0.24835007241286083, 0.23261151110185235], ""4"": [0.2490449966064685, 0.27739387557734896, 0.2577459139724505, 0.277358608388104, 0.27295988564437873], ""5"": [0.26417276410218893, 0.25346561272573553, 0.25818468889255286, 0.27733449683859385, 0.25790012791649]}","{""0"": [15.214186239987612, 13.80164971202612, 15.240338444709778, 13.831492925062776, 13.660376904532313], ""1"": [14.350141007453203, 13.716665912419558, 13.76535938680172, 13.931113835424185, 13.521301379427314], ""2"": [15.448147736489773, 15.653583690524101, 14.136252650991082, 14.54367071017623, 14.877572383731604], ""3"": [14.672372562810779, 16.42715549841523, 16.311079746112227, 15.251542309299111, 15.568407908082008], ""4"": [13.249906973913312, 13.494044763967395, 14.604567704722285, 14.591396464034915, 11.423183100298047], ""5"": [12.224839571863413, 11.887951347976923, 11.715341432020068, 11.59508810006082, 11.769255377352238]}"
Machine Learning-Enabled Prediction and High-Throughput Screening of Polymer Membranes for Pervaporation Separation,target_log (Separation factor),GpyroHMC,TanimotoMatern32,Matern32,sum,,,,,,,,,,,,,,,,,,,,,,
Machine Learning-Enabled Prediction and High-Throughput Screening of Polymer Membranes for Pervaporation Separation,target_log (Separation factor),GpyroHMC,TanimotoMatern32,Matern32,product,,,,,,,,,,,,,,,,,,,,,,
Machine Learning-Enabled Prediction and High-Throughput Screening of Polymer Membranes for Pervaporation Separation,target_log (Separation factor),GpyroHMC,TanimotoMatern32,Matern32,averageProduct,,,,,,,,,,,,,,,,,,,,,,
Machine Learning-Enabled Prediction and High-Throughput Screening of Polymer Membranes for Pervaporation Separation,target_log (Separation factor),GpyroHMC,TanimotoMatern32,Matern32,(count:+)x(fp:x),,,,,,,,,,,,,,,,,,,,,,
Machine Learning-Enabled Prediction and High-Throughput Screening of Polymer Membranes for Pervaporation Separation,target_log (Separation factor),GpyroHMC,TanimotoMatern32,Matern32,(count:+)x(fp:+),,,,,,,,,,,,,,,,,,,,,,
Machine Learning-Enabled Prediction and High-Throughput Screening of Polymer Membranes for Pervaporation Separation,target_log (Separation factor),GpyroHMC,TanimotoMatern32,Matern32,(count:x)+(fp:x),,,,,,,,,,,,,,,,,,,,,,
Machine Learning-Enabled Prediction and High-Throughput Screening of Polymer Membranes for Pervaporation Separation,target_log (Separation factor),GpyroHMC,TanimotoMatern32,Matern52,sum,,,,,,,,,,,,,,,,,,,,,,
Machine Learning-Enabled Prediction and High-Throughput Screening of Polymer Membranes for Pervaporation Separation,target_log (Separation factor),GpyroHMC,TanimotoMatern32,Matern52,product,,,,,,,,,,,,,,,,,,,,,,
Machine Learning-Enabled Prediction and High-Throughput Screening of Polymer Membranes for Pervaporation Separation,target_log (Separation factor),GpyroHMC,TanimotoMatern32,Matern52,averageProduct,,,,,,,,,,,,,,,,,,,,,,
Machine Learning-Enabled Prediction and High-Throughput Screening of Polymer Membranes for Pervaporation Separation,target_log (Separation factor),GpyroHMC,TanimotoMatern32,Matern52,(count:+)x(fp:x),,,,,,,,,,,,,,,,,,,,,,
Machine Learning-Enabled Prediction and High-Throughput Screening of Polymer Membranes for Pervaporation Separation,target_log (Separation factor),GpyroHMC,TanimotoMatern32,Matern52,(count:+)x(fp:+),,,,,,,,,,,,,,,,,,,,,,
Machine Learning-Enabled Prediction and High-Throughput Screening of Polymer Membranes for Pervaporation Separation,target_log (Separation factor),GpyroHMC,TanimotoMatern32,Matern52,(count:x)+(fp:x),,,,,,,,,,,,,,,,,,,,,,
Machine Learning-Enabled Prediction and High-Throughput Screening of Polymer Membranes for Pervaporation Separation,target_log (Separation factor),GpyroHMC,TanimotoMatern32,RBF,sum,,,,,,,,,,,,,,,,,,,,,,
Machine Learning-Enabled Prediction and High-Throughput Screening of Polymer Membranes for Pervaporation Separation,target_log (Separation factor),GpyroHMC,TanimotoMatern32,RBF,product,,,,,,,,,,,,,,,,,,,,,,
Machine Learning-Enabled Prediction and High-Throughput Screening of Polymer Membranes for Pervaporation Separation,target_log (Separation factor),GpyroHMC,TanimotoMatern32,RBF,averageProduct,,,,,,,,,,,,,,,,,,,,,,
Machine Learning-Enabled Prediction and High-Throughput Screening of Polymer Membranes for Pervaporation Separation,target_log (Separation factor),GpyroHMC,TanimotoMatern32,RBF,(count:+)x(fp:x),,,,,,,,,,,,,,,,,,,,,,
Machine Learning-Enabled Prediction and High-Throughput Screening of Polymer Membranes for Pervaporation Separation,target_log (Separation factor),GpyroHMC,TanimotoMatern32,RBF,(count:+)x(fp:+),,,,,,,,,,,,,,,,,,,,,,
Machine Learning-Enabled Prediction and High-Throughput Screening of Polymer Membranes for Pervaporation Separation,target_log (Separation factor),GpyroHMC,TanimotoMatern32,RBF,(count:x)+(fp:x),,,,,,,,,,,,,,,,,,,,,,
Machine Learning-Enabled Prediction and High-Throughput Screening of Polymer Membranes for Pervaporation Separation,target_log (Separation factor),GpyroHMC,TanimotoMatern52,Matern32,sum,,,,,,,,,,,,,,,,,,,,,,
Machine Learning-Enabled Prediction and High-Throughput Screening of Polymer Membranes for Pervaporation Separation,target_log (Separation factor),GpyroHMC,TanimotoMatern52,Matern32,product,,,,,,,,,,,,,,,,,,,,,,
Machine Learning-Enabled Prediction and High-Throughput Screening of Polymer Membranes for Pervaporation Separation,target_log (Separation factor),GpyroHMC,TanimotoMatern52,Matern32,averageProduct,,,,,,,,,,,,,,,,,,,,,,
Machine Learning-Enabled Prediction and High-Throughput Screening of Polymer Membranes for Pervaporation Separation,target_log (Separation factor),GpyroHMC,TanimotoMatern52,Matern32,(count:+)x(fp:x),,,,,,,,,,,,,,,,,,,,,,
Machine Learning-Enabled Prediction and High-Throughput Screening of Polymer Membranes for Pervaporation Separation,target_log (Separation factor),GpyroHMC,TanimotoMatern52,Matern32,(count:+)x(fp:+),,,,,,,,,,,,,,,,,,,,,,
Machine Learning-Enabled Prediction and High-Throughput Screening of Polymer Membranes for Pervaporation Separation,target_log (Separation factor),GpyroHMC,TanimotoMatern52,Matern32,(count:x)+(fp:x),,,,,,,,,,,,,,,,,,,,,,
Machine Learning-Enabled Prediction and High-Throughput Screening of Polymer Membranes for Pervaporation Separation,target_log (Separation factor),GpyroHMC,TanimotoMatern52,Matern52,sum,,,,,,,,,,,,,,,,,,,,,,
Machine Learning-Enabled Prediction and High-Throughput Screening of Polymer Membranes for Pervaporation Separation,target_log (Separation factor),GpyroHMC,TanimotoMatern52,Matern52,product,,,,,,,,,,,,,,,,,,,,,,
Machine Learning-Enabled Prediction and High-Throughput Screening of Polymer Membranes for Pervaporation Separation,target_log (Separation factor),GpyroHMC,TanimotoMatern52,Matern52,averageProduct,,,,,,,,,,,,,,,,,,,,,,
Machine Learning-Enabled Prediction and High-Throughput Screening of Polymer Membranes for Pervaporation Separation,target_log (Separation factor),GpyroHMC,TanimotoMatern52,Matern52,(count:+)x(fp:x),,,,,,,,,,,,,,,,,,,,,,
Machine Learning-Enabled Prediction and High-Throughput Screening of Polymer Membranes for Pervaporation Separation,target_log (Separation factor),GpyroHMC,TanimotoMatern52,Matern52,(count:+)x(fp:+),,,,,,,,,,,,,,,,,,,,,,
Machine Learning-Enabled Prediction and High-Throughput Screening of Polymer Membranes for Pervaporation Separation,target_log (Separation factor),GpyroHMC,TanimotoMatern52,Matern52,(count:x)+(fp:x),,,,,,,,,,,,,,,,,,,,,,
Machine Learning-Enabled Prediction and High-Throughput Screening of Polymer Membranes for Pervaporation Separation,target_log (Separation factor),GpyroHMC,TanimotoMatern52,RBF,sum,,,,,,,,,,,,,,,,,,,,,,
Machine Learning-Enabled Prediction and High-Throughput Screening of Polymer Membranes for Pervaporation Separation,target_log (Separation factor),GpyroHMC,TanimotoMatern52,RBF,product,,,,,,,,,,,,,,,,,,,,,,
Machine Learning-Enabled Prediction and High-Throughput Screening of Polymer Membranes for Pervaporation Separation,target_log (Separation factor),GpyroHMC,TanimotoMatern52,RBF,averageProduct,,,,,,,,,,,,,,,,,,,,,,
Machine Learning-Enabled Prediction and High-Throughput Screening of Polymer Membranes for Pervaporation Separation,target_log (Separation factor),GpyroHMC,TanimotoMatern52,RBF,(count:+)x(fp:x),,,,,,,,,,,,,,,,,,,,,,
Machine Learning-Enabled Prediction and High-Throughput Screening of Polymer Membranes for Pervaporation Separation,target_log (Separation factor),GpyroHMC,TanimotoMatern52,RBF,(count:+)x(fp:+),,,,,,,,,,,,,,,,,,,,,,
Machine Learning-Enabled Prediction and High-Throughput Screening of Polymer Membranes for Pervaporation Separation,target_log (Separation factor),GpyroHMC,TanimotoMatern52,RBF,(count:x)+(fp:x),,,,,,,,,,,,,,,,,,,,,,
Machine Learning-Enabled Prediction and High-Throughput Screening of Polymer Membranes for Pervaporation Separation,target_log (Separation factor),GpyroHMC,TanimotoRBF,Matern32,sum,,,,,,,,,,,,,,,,,,,,,,
Machine Learning-Enabled Prediction and High-Throughput Screening of Polymer Membranes for Pervaporation Separation,target_log (Separation factor),GpyroHMC,TanimotoRBF,Matern32,product,,,,,,,,,,,,,,,,,,,,,,
Machine Learning-Enabled Prediction and High-Throughput Screening of Polymer Membranes for Pervaporation Separation,target_log (Separation factor),GpyroHMC,TanimotoRBF,Matern32,averageProduct,,,,,,,,,,,,,,,,,,,,,,
Machine Learning-Enabled Prediction and High-Throughput Screening of Polymer Membranes for Pervaporation Separation,target_log (Separation factor),GpyroHMC,TanimotoRBF,Matern32,(count:+)x(fp:x),,,,,,,,,,,,,,,,,,,,,,
Machine Learning-Enabled Prediction and High-Throughput Screening of Polymer Membranes for Pervaporation Separation,target_log (Separation factor),GpyroHMC,TanimotoRBF,Matern32,(count:+)x(fp:+),,,,,,,,,,,,,,,,,,,,,,
Machine Learning-Enabled Prediction and High-Throughput Screening of Polymer Membranes for Pervaporation Separation,target_log (Separation factor),GpyroHMC,TanimotoRBF,Matern32,(count:x)+(fp:x),,,,,,,,,,,,,,,,,,,,,,
Machine Learning-Enabled Prediction and High-Throughput Screening of Polymer Membranes for Pervaporation Separation,target_log (Separation factor),GpyroHMC,TanimotoRBF,Matern52,sum,,,,,,,,,,,,,,,,,,,,,,
Machine Learning-Enabled Prediction and High-Throughput Screening of Polymer Membranes for Pervaporation Separation,target_log (Separation factor),GpyroHMC,TanimotoRBF,Matern52,product,,,,,,,,,,,,,,,,,,,,,,
Machine Learning-Enabled Prediction and High-Throughput Screening of Polymer Membranes for Pervaporation Separation,target_log (Separation factor),GpyroHMC,TanimotoRBF,Matern52,averageProduct,,,,,,,,,,,,,,,,,,,,,,
Machine Learning-Enabled Prediction and High-Throughput Screening of Polymer Membranes for Pervaporation Separation,target_log (Separation factor),GpyroHMC,TanimotoRBF,Matern52,(count:+)x(fp:x),,,,,,,,,,,,,,,,,,,,,,
Machine Learning-Enabled Prediction and High-Throughput Screening of Polymer Membranes for Pervaporation Separation,target_log (Separation factor),GpyroHMC,TanimotoRBF,Matern52,(count:+)x(fp:+),,,,,,,,,,,,,,,,,,,,,,
Machine Learning-Enabled Prediction and High-Throughput Screening of Polymer Membranes for Pervaporation Separation,target_log (Separation factor),GpyroHMC,TanimotoRBF,Matern52,(count:x)+(fp:x),,,,,,,,,,,,,,,,,,,,,,
Machine Learning-Enabled Prediction and High-Throughput Screening of Polymer Membranes for Pervaporation Separation,target_log (Separation factor),GpyroHMC,TanimotoRBF,RBF,sum,,,,,,,,,,,,,,,,,,,,,,
Machine Learning-Enabled Prediction and High-Throughput Screening of Polymer Membranes for Pervaporation Separation,target_log (Separation factor),GpyroHMC,TanimotoRBF,RBF,product,,,,,,,,,,,,,,,,,,,,,,
Machine Learning-Enabled Prediction and High-Throughput Screening of Polymer Membranes for Pervaporation Separation,target_log (Separation factor),GpyroHMC,TanimotoRBF,RBF,averageProduct,,,,,,,,,,,,,,,,,,,,,,
Machine Learning-Enabled Prediction and High-Throughput Screening of Polymer Membranes for Pervaporation Separation,target_log (Separation factor),GpyroHMC,TanimotoRBF,RBF,(count:+)x(fp:x),,,,,,,,,,,,,,,,,,,,,,
Machine Learning-Enabled Prediction and High-Throughput Screening of Polymer Membranes for Pervaporation Separation,target_log (Separation factor),GpyroHMC,TanimotoRBF,RBF,(count:+)x(fp:+),,,,,,,,,,,,,,,,,,,,,,
Machine Learning-Enabled Prediction and High-Throughput Screening of Polymer Membranes for Pervaporation Separation,target_log (Separation factor),GpyroHMC,TanimotoRBF,RBF,(count:x)+(fp:x),,,,,,,,,,,,,,,,,,,,,,
Machine Learning-Enabled Prediction and High-Throughput Screening of Polymer Membranes for Pervaporation Separation,target_log (Separation factor),GpyroHMC,Tanimoto,Matern32,sum,,,,,,,,,,,,,,,,,,,,,,
Machine Learning-Enabled Prediction and High-Throughput Screening of Polymer Membranes for Pervaporation Separation,target_log (Separation factor),GpyroHMC,Tanimoto,Matern32,product,,,,,,,,,,,,,,,,,,,,,,
Machine Learning-Enabled Prediction and High-Throughput Screening of Polymer Membranes for Pervaporation Separation,target_log (Separation factor),GpyroHMC,Tanimoto,Matern32,averageProduct,,,,,,,,,,,,,,,,,,,,,,
Machine Learning-Enabled Prediction and High-Throughput Screening of Polymer Membranes for Pervaporation Separation,target_log (Separation factor),GpyroHMC,Tanimoto,Matern32,(count:+)x(fp:x),,,,,,,,,,,,,,,,,,,,,,
Machine Learning-Enabled Prediction and High-Throughput Screening of Polymer Membranes for Pervaporation Separation,target_log (Separation factor),GpyroHMC,Tanimoto,Matern32,(count:+)x(fp:+),,,,,,,,,,,,,,,,,,,,,,
Machine Learning-Enabled Prediction and High-Throughput Screening of Polymer Membranes for Pervaporation Separation,target_log (Separation factor),GpyroHMC,Tanimoto,Matern32,(count:x)+(fp:x),,,,,,,,,,,,,,,,,,,,,,
Machine Learning-Enabled Prediction and High-Throughput Screening of Polymer Membranes for Pervaporation Separation,target_log (Separation factor),GpyroHMC,Tanimoto,Matern52,sum,,,,,,,,,,,,,,,,,,,,,,
Machine Learning-Enabled Prediction and High-Throughput Screening of Polymer Membranes for Pervaporation Separation,target_log (Separation factor),GpyroHMC,Tanimoto,Matern52,product,,,,,,,,,,,,,,,,,,,,,,
Machine Learning-Enabled Prediction and High-Throughput Screening of Polymer Membranes for Pervaporation Separation,target_log (Separation factor),GpyroHMC,Tanimoto,Matern52,averageProduct,,,,,,,,,,,,,,,,,,,,,,
Machine Learning-Enabled Prediction and High-Throughput Screening of Polymer Membranes for Pervaporation Separation,target_log (Separation factor),GpyroHMC,Tanimoto,Matern52,(count:+)x(fp:x),,,,,,,,,,,,,,,,,,,,,,
Machine Learning-Enabled Prediction and High-Throughput Screening of Polymer Membranes for Pervaporation Separation,target_log (Separation factor),GpyroHMC,Tanimoto,Matern52,(count:+)x(fp:+),,,,,,,,,,,,,,,,,,,,,,
Machine Learning-Enabled Prediction and High-Throughput Screening of Polymer Membranes for Pervaporation Separation,target_log (Separation factor),GpyroHMC,Tanimoto,Matern52,(count:x)+(fp:x),,,,,,,,,,,,,,,,,,,,,,
Machine Learning-Enabled Prediction and High-Throughput Screening of Polymer Membranes for Pervaporation Separation,target_log (Separation factor),GpyroHMC,Tanimoto,RBF,sum,,,,,,,,,,,,,,,,,,,,,,
Machine Learning-Enabled Prediction and High-Throughput Screening of Polymer Membranes for Pervaporation Separation,target_log (Separation factor),GpyroHMC,Tanimoto,RBF,product,,,,,,,,,,,,,,,,,,,,,,
Machine Learning-Enabled Prediction and High-Throughput Screening of Polymer Membranes for Pervaporation Separation,target_log (Separation factor),GpyroHMC,Tanimoto,RBF,averageProduct,,,,,,,,,,,,,,,,,,,,,,
Machine Learning-Enabled Prediction and High-Throughput Screening of Polymer Membranes for Pervaporation Separation,target_log (Separation factor),GpyroHMC,Tanimoto,RBF,(count:+)x(fp:x),,,,,,,,,,,,,,,,,,,,,,
Machine Learning-Enabled Prediction and High-Throughput Screening of Polymer Membranes for Pervaporation Separation,target_log (Separation factor),GpyroHMC,Tanimoto,RBF,(count:+)x(fp:+),,,,,,,,,,,,,,,,,,,,,,
Machine Learning-Enabled Prediction and High-Throughput Screening of Polymer Membranes for Pervaporation Separation,target_log (Separation factor),GpyroHMC,Tanimoto,RBF,(count:x)+(fp:x),,,,,,,,,,,,,,,,,,,,,,
Machine Learning-Enabled Prediction and High-Throughput Screening of Polymer Membranes for Pervaporation Separation,target_log (Separation factor),GpyroHMC,Matern32,Matern32,sum,,,,,,,,,,,,,,,,,,,,,,
Machine Learning-Enabled Prediction and High-Throughput Screening of Polymer Membranes for Pervaporation Separation,target_log (Separation factor),GpyroHMC,Matern32,Matern32,product,,,,,,,,,,,,,,,,,,,,,,
Machine Learning-Enabled Prediction and High-Throughput Screening of Polymer Membranes for Pervaporation Separation,target_log (Separation factor),GpyroHMC,Matern32,Matern32,averageProduct,,,,,,,,,,,,,,,,,,,,,,
Machine Learning-Enabled Prediction and High-Throughput Screening of Polymer Membranes for Pervaporation Separation,target_log (Separation factor),GpyroHMC,Matern32,Matern32,(count:+)x(fp:x),,,,,,,,,,,,,,,,,,,,,,
Machine Learning-Enabled Prediction and High-Throughput Screening of Polymer Membranes for Pervaporation Separation,target_log (Separation factor),GpyroHMC,Matern32,Matern32,(count:+)x(fp:+),,,,,,,,,,,,,,,,,,,,,,
Machine Learning-Enabled Prediction and High-Throughput Screening of Polymer Membranes for Pervaporation Separation,target_log (Separation factor),GpyroHMC,Matern32,Matern32,(count:x)+(fp:x),,,,,,,,,,,,,,,,,,,,,,
Machine Learning-Enabled Prediction and High-Throughput Screening of Polymer Membranes for Pervaporation Separation,target_log (Separation factor),GpyroHMC,Matern32,Matern52,sum,,,,,,,,,,,,,,,,,,,,,,
Machine Learning-Enabled Prediction and High-Throughput Screening of Polymer Membranes for Pervaporation Separation,target_log (Separation factor),GpyroHMC,Matern32,Matern52,product,,,,,,,,,,,,,,,,,,,,,,
Machine Learning-Enabled Prediction and High-Throughput Screening of Polymer Membranes for Pervaporation Separation,target_log (Separation factor),GpyroHMC,Matern32,Matern52,averageProduct,,,,,,,,,,,,,,,,,,,,,,
Machine Learning-Enabled Prediction and High-Throughput Screening of Polymer Membranes for Pervaporation Separation,target_log (Separation factor),GpyroHMC,Matern32,Matern52,(count:+)x(fp:x),,,,,,,,,,,,,,,,,,,,,,
Machine Learning-Enabled Prediction and High-Throughput Screening of Polymer Membranes for Pervaporation Separation,target_log (Separation factor),GpyroHMC,Matern32,Matern52,(count:+)x(fp:+),,,,,,,,,,,,,,,,,,,,,,
Machine Learning-Enabled Prediction and High-Throughput Screening of Polymer Membranes for Pervaporation Separation,target_log (Separation factor),GpyroHMC,Matern32,Matern52,(count:x)+(fp:x),,,,,,,,,,,,,,,,,,,,,,
Machine Learning-Enabled Prediction and High-Throughput Screening of Polymer Membranes for Pervaporation Separation,target_log (Separation factor),GpyroHMC,Matern32,RBF,sum,,,,,,,,,,,,,,,,,,,,,,
Machine Learning-Enabled Prediction and High-Throughput Screening of Polymer Membranes for Pervaporation Separation,target_log (Separation factor),GpyroHMC,Matern32,RBF,product,,,,,,,,,,,,,,,,,,,,,,
Machine Learning-Enabled Prediction and High-Throughput Screening of Polymer Membranes for Pervaporation Separation,target_log (Separation factor),GpyroHMC,Matern32,RBF,averageProduct,,,,,,,,,,,,,,,,,,,,,,
Machine Learning-Enabled Prediction and High-Throughput Screening of Polymer Membranes for Pervaporation Separation,target_log (Separation factor),GpyroHMC,Matern32,RBF,(count:+)x(fp:x),,,,,,,,,,,,,,,,,,,,,,
Machine Learning-Enabled Prediction and High-Throughput Screening of Polymer Membranes for Pervaporation Separation,target_log (Separation factor),GpyroHMC,Matern32,RBF,(count:+)x(fp:+),,,,,,,,,,,,,,,,,,,,,,
Machine Learning-Enabled Prediction and High-Throughput Screening of Polymer Membranes for Pervaporation Separation,target_log (Separation factor),GpyroHMC,Matern32,RBF,(count:x)+(fp:x),,,,,,,,,,,,,,,,,,,,,,
Machine Learning-Enabled Prediction and High-Throughput Screening of Polymer Membranes for Pervaporation Separation,target_log (Separation factor),GpyroHMC,Matern52,Matern32,sum,,,,,,,,,,,,,,,,,,,,,,
Machine Learning-Enabled Prediction and High-Throughput Screening of Polymer Membranes for Pervaporation Separation,target_log (Separation factor),GpyroHMC,Matern52,Matern32,product,,,,,,,,,,,,,,,,,,,,,,
Machine Learning-Enabled Prediction and High-Throughput Screening of Polymer Membranes for Pervaporation Separation,target_log (Separation factor),GpyroHMC,Matern52,Matern32,averageProduct,,,,,,,,,,,,,,,,,,,,,,
Machine Learning-Enabled Prediction and High-Throughput Screening of Polymer Membranes for Pervaporation Separation,target_log (Separation factor),GpyroHMC,Matern52,Matern32,(count:+)x(fp:x),,,,,,,,,,,,,,,,,,,,,,
Machine Learning-Enabled Prediction and High-Throughput Screening of Polymer Membranes for Pervaporation Separation,target_log (Separation factor),GpyroHMC,Matern52,Matern32,(count:+)x(fp:+),,,,,,,,,,,,,,,,,,,,,,
Machine Learning-Enabled Prediction and High-Throughput Screening of Polymer Membranes for Pervaporation Separation,target_log (Separation factor),GpyroHMC,Matern52,Matern32,(count:x)+(fp:x),,,,,,,,,,,,,,,,,,,,,,
Machine Learning-Enabled Prediction and High-Throughput Screening of Polymer Membranes for Pervaporation Separation,target_log (Separation factor),GpyroHMC,Matern52,Matern52,sum,,,,,,,,,,,,,,,,,,,,,,
Machine Learning-Enabled Prediction and High-Throughput Screening of Polymer Membranes for Pervaporation Separation,target_log (Separation factor),GpyroHMC,Matern52,Matern52,product,,,,,,,,,,,,,,,,,,,,,,
Machine Learning-Enabled Prediction and High-Throughput Screening of Polymer Membranes for Pervaporation Separation,target_log (Separation factor),GpyroHMC,Matern52,Matern52,averageProduct,,,,,,,,,,,,,,,,,,,,,,
Machine Learning-Enabled Prediction and High-Throughput Screening of Polymer Membranes for Pervaporation Separation,target_log (Separation factor),GpyroHMC,Matern52,Matern52,(count:+)x(fp:x),,,,,,,,,,,,,,,,,,,,,,
Machine Learning-Enabled Prediction and High-Throughput Screening of Polymer Membranes for Pervaporation Separation,target_log (Separation factor),GpyroHMC,Matern52,Matern52,(count:+)x(fp:+),,,,,,,,,,,,,,,,,,,,,,
Machine Learning-Enabled Prediction and High-Throughput Screening of Polymer Membranes for Pervaporation Separation,target_log (Separation factor),GpyroHMC,Matern52,Matern52,(count:x)+(fp:x),,,,,,,,,,,,,,,,,,,,,,
Machine Learning-Enabled Prediction and High-Throughput Screening of Polymer Membranes for Pervaporation Separation,target_log (Separation factor),GpyroHMC,Matern52,RBF,sum,,,,,,,,,,,,,,,,,,,,,,
Machine Learning-Enabled Prediction and High-Throughput Screening of Polymer Membranes for Pervaporation Separation,target_log (Separation factor),GpyroHMC,Matern52,RBF,product,,,,,,,,,,,,,,,,,,,,,,
Machine Learning-Enabled Prediction and High-Throughput Screening of Polymer Membranes for Pervaporation Separation,target_log (Separation factor),GpyroHMC,Matern52,RBF,averageProduct,,,,,,,,,,,,,,,,,,,,,,
Machine Learning-Enabled Prediction and High-Throughput Screening of Polymer Membranes for Pervaporation Separation,target_log (Separation factor),GpyroHMC,Matern52,RBF,(count:+)x(fp:x),,,,,,,,,,,,,,,,,,,,,,
Machine Learning-Enabled Prediction and High-Throughput Screening of Polymer Membranes for Pervaporation Separation,target_log (Separation factor),GpyroHMC,Matern52,RBF,(count:+)x(fp:+),,,,,,,,,,,,,,,,,,,,,,
Machine Learning-Enabled Prediction and High-Throughput Screening of Polymer Membranes for Pervaporation Separation,target_log (Separation factor),GpyroHMC,Matern52,RBF,(count:x)+(fp:x),,,,,,,,,,,,,,,,,,,,,,
Machine Learning-Enabled Prediction and High-Throughput Screening of Polymer Membranes for Pervaporation Separation,target_log (Separation factor),GpyroHMC,RBF,Matern32,sum,,,,,,,,,,,,,,,,,,,,,,
Machine Learning-Enabled Prediction and High-Throughput Screening of Polymer Membranes for Pervaporation Separation,target_log (Separation factor),GpyroHMC,RBF,Matern32,product,,,,,,,,,,,,,,,,,,,,,,
Machine Learning-Enabled Prediction and High-Throughput Screening of Polymer Membranes for Pervaporation Separation,target_log (Separation factor),GpyroHMC,RBF,Matern32,averageProduct,,,,,,,,,,,,,,,,,,,,,,
Machine Learning-Enabled Prediction and High-Throughput Screening of Polymer Membranes for Pervaporation Separation,target_log (Separation factor),GpyroHMC,RBF,Matern32,(count:+)x(fp:x),,,,,,,,,,,,,,,,,,,,,,
Machine Learning-Enabled Prediction and High-Throughput Screening of Polymer Membranes for Pervaporation Separation,target_log (Separation factor),GpyroHMC,RBF,Matern32,(count:+)x(fp:+),,,,,,,,,,,,,,,,,,,,,,
Machine Learning-Enabled Prediction and High-Throughput Screening of Polymer Membranes for Pervaporation Separation,target_log (Separation factor),GpyroHMC,RBF,Matern32,(count:x)+(fp:x),,,,,,,,,,,,,,,,,,,,,,
Machine Learning-Enabled Prediction and High-Throughput Screening of Polymer Membranes for Pervaporation Separation,target_log (Separation factor),GpyroHMC,RBF,Matern52,sum,,,,,,,,,,,,,,,,,,,,,,
Machine Learning-Enabled Prediction and High-Throughput Screening of Polymer Membranes for Pervaporation Separation,target_log (Separation factor),GpyroHMC,RBF,Matern52,product,,,,,,,,,,,,,,,,,,,,,,
Machine Learning-Enabled Prediction and High-Throughput Screening of Polymer Membranes for Pervaporation Separation,target_log (Separation factor),GpyroHMC,RBF,Matern52,averageProduct,,,,,,,,,,,,,,,,,,,,,,
Machine Learning-Enabled Prediction and High-Throughput Screening of Polymer Membranes for Pervaporation Separation,target_log (Separation factor),GpyroHMC,RBF,Matern52,(count:+)x(fp:x),,,,,,,,,,,,,,,,,,,,,,
Machine Learning-Enabled Prediction and High-Throughput Screening of Polymer Membranes for Pervaporation Separation,target_log (Separation factor),GpyroHMC,RBF,Matern52,(count:+)x(fp:+),,,,,,,,,,,,,,,,,,,,,,
Machine Learning-Enabled Prediction and High-Throughput Screening of Polymer Membranes for Pervaporation Separation,target_log (Separation factor),GpyroHMC,RBF,Matern52,(count:x)+(fp:x),,,,,,,,,,,,,,,,,,,,,,
Machine Learning-Enabled Prediction and High-Throughput Screening of Polymer Membranes for Pervaporation Separation,target_log (Separation factor),GpyroHMC,RBF,RBF,sum,,,,,,,,,,,,,,,,,,,,,,
Machine Learning-Enabled Prediction and High-Throughput Screening of Polymer Membranes for Pervaporation Separation,target_log (Separation factor),GpyroHMC,RBF,RBF,product,,,,,,,,,,,,,,,,,,,,,,
Machine Learning-Enabled Prediction and High-Throughput Screening of Polymer Membranes for Pervaporation Separation,target_log (Separation factor),GpyroHMC,RBF,RBF,averageProduct,,,,,,,,,,,,,,,,,,,,,,
Machine Learning-Enabled Prediction and High-Throughput Screening of Polymer Membranes for Pervaporation Separation,target_log (Separation factor),GpyroHMC,RBF,RBF,(count:+)x(fp:x),,,,,,,,,,,,,,,,,,,,,,
Machine Learning-Enabled Prediction and High-Throughput Screening of Polymer Membranes for Pervaporation Separation,target_log (Separation factor),GpyroHMC,RBF,RBF,(count:+)x(fp:+),,,,,,,,,,,,,,,,,,,,,,
Machine Learning-Enabled Prediction and High-Throughput Screening of Polymer Membranes for Pervaporation Separation,target_log (Separation factor),GpyroHMC,RBF,RBF,(count:x)+(fp:x),,,,,,,,,,,,,,,,,,,,,,
Machine Learning-Enabled Prediction and High-Throughput Screening of Polymer Membranes for Pervaporation Separation,target_log (Separation factor),GPytorchMAP,TanimotoMatern32,Matern32,sum,"{""0"": 0.6141465795441017, ""1"": 0.7844495445306713, ""2"": 1.0840203214241901, ""3"": 1.0052664700741012, ""4"": 1.4409665731790329, ""5"": 0.9086944633048043}","{""0"": 0.4183582559750142, ""1"": -0.47800057067131085, ""2"": -1.1705133520342352, ""3"": -0.2948379563445931, ""4"": -4.875956496740054, ""5"": -1.7202936610603623}","{""0"": 0.501423373515518, ""1"": 0.6579356582340317, ""2"": 0.8241707291160733, ""3"": 0.7620254146511369, ""4"": 1.2636412378330837, ""5"": 0.8136270640864178}","{""0"": 0.08696969696969697, ""1"": 0.16282051282051288, ""2"": 0.1299585921325052, ""3"": 0.16247981545559406, ""4"": 0.3166666666666667, ""5"": 0.32447916666666676}","{""0"": 0.1172999980103564, ""1"": 0.1725965422064539, ""2"": 0.2767454368321003, ""3"": 0.07984002727922726, ""4"": 0.3179613218498643, ""5"": 0.3525863433022315}","{""0"": 0.934168761917746, ""1"": 1.4212668613911557, ""2"": 2.0231115578827428, ""3"": 2.0199580090754705, ""4"": 3.6859806879727275, ""5"": 2.2528590571462894}","{""0"": 0.06681818181818182, ""1"": 0.27307692307692305, ""2"": 0.2574534161490683, ""3"": 0.07491349480968859, ""4"": 0.21187499999999998, ""5"": 0.3421875}","{""0"": 0.2739209532737732, ""1"": 0.11749144643545151, ""2"": 0.16060934960842133, ""3"": 0.24228978157043457, ""4"": 0.18905165791511536, ""5"": 0.11648768186569214}","{""0"": 0.5346395108069582, ""1"": -0.496252610705993, ""2"": 0.5903389000602842, ""3"": 0.283302985445295, ""4"": -0.2749266862170087, ""5"": -0.026835495505979773}","{""0"": 0.7652021050453186, ""1"": 0.5391033887863159, ""2"": 0.5298648476600647, ""3"": 0.5090981125831604, ""4"": 0.5915182828903198, ""5"": 0.43634071946144104}","{""0"": 70.78070706594735, ""1"": 70.50321565568447, ""2"": 64.78636624198407, ""3"": 58.82452490599826, ""4"": 76.0180767858401, ""5"": 70.48578113364056}","{""0"": [0.4537224811639365, 0.3382417524321794, 0.26451343411876277, 0.3552225095089427, 0.3006927952789469], ""1"": [0.4019928571078041, 0.2670537175573263, 0.37648808833711334, 0.32345700017197787, 0.37038919131560966], ""2"": [0.38251766585836594, 0.3240206348916351, 0.32360648256966057, 0.3349756943419216, 0.35765795793684824], ""3"": [0.3617631416423253, 0.39126996290102417, 0.4135686602303134, 0.37759961725160857, 0.3675955260864488], ""4"": [0.28711661802162075, 0.31138686616439126, 0.47489263464809733, 0.33020725625375985, 0.3844821770559244], ""5"": [0.43173424595124443, 0.3892263374181706, 0.2916683137104091, 0.33380977107151594, 0.3301790929126717]}","{""0"": [0.9035102689363985, 0.9641037904832638, 0.9729186166921856, 0.9471328495737246, 0.9645722658650547], ""1"": [0.9351518458209449, 0.9751323239884446, 0.9495443477974949, 0.958429840140128, 0.951952682361635], ""2"": [0.9451888534665823, 0.959961724800195, 0.9672007227478483, 0.9632864005880963, 0.9541937452761133], ""3"": [0.9521263808613849, 0.9458597065195151, 0.9315300601770962, 0.9489160234326576, 0.9526292285520683], ""4"": [0.9690447288309118, 0.9478988443322707, 0.9236100505045033, 0.9617259262187082, 0.9400663592533478], ""5"": [0.9183135982504016, 0.9432409329180159, 0.9675949635754274, 0.9589261948349661, 0.9599103110089474]}","{""0"": [0.3117750680497457, 0.24165883580140715, 0.20676702824622642, 0.26042578606795713, 0.2092537446968926], ""1"": [0.2758426331603009, 0.19897150401949334, 0.27566947072527725, 0.23651127392821034, 0.26824238265498357], ""2"": [0.28486417374341005, 0.23708470499165166, 0.255871308960219, 0.2597145990041958, 0.26015916835869224], ""3"": [0.2668640744292116, 0.2957124433068037, 0.2962477498503681, 0.2798289083754354, 0.2588912045956004], ""4"": [0.20920316087137825, 0.23996627535449405, 0.32962558533790565, 0.24959953589833894, 0.2760068235489967], ""5"": [0.32048796900319415, 0.2977094995539479, 0.22803462094833865, 0.2683499674411337, 0.25909459094203635]}","{""0"": [0.09848484848484851, 0.10515151515151515, 0.13636363636363635, 0.08333333333333333, 0.1559090909090909], ""1"": [0.08326007326007324, 0.15476190476190477, 0.05549450549450549, 0.11190476190476188, 0.07256410256410255], ""2"": [0.04494824016563145, 0.117287784679089, 0.079648033126294, 0.0719461697722567, 0.07178053830227739], ""3"": [0.08056516724336793, 0.04907727797001151, 0.06224913494809686, 0.06861591695501729, 0.0933679354094579], ""4"": [0.15208333333333332, 0.095625, 0.07083333333333335, 0.08708333333333332, 0.07395833333333332], ""5"": [0.024166666666666663, 0.039270833333333324, 0.10927083333333332, 0.051562499999999976, 0.06624999999999998]}","{""0"": [0.02423567597677132, 0.07721182917185346, 0.09138745030934683, 0.11371177125775436, 0.0820724659514417], ""1"": [0.08817273919107826, 0.0535312425871129, 0.04330513559037852, 0.07030952449444239, 0.0306443195325776], ""2"": [0.023759454047289106, 0.07546439544554884, 0.04370643264361969, 0.038729999189017504, 0.039292094626631024], ""3"": [0.04747669035138276, 0.02879567669412517, 0.04267129972636216, 0.04482763099430735, -0.016439551856531266], ""4"": [0.080605043460179, 0.06485103816361092, 0.08690377401168106, 0.061051538714849, 0.11348857219801177], ""5"": [0.03701686033433877, 0.08253686042434932, 0.05977352693325495, 0.15031287507042537, 0.022969631358394606]}","{""0"": [0.6676214735371494, 0.3493423230787325, 0.2409961068980347, 0.37870086479785514, 0.26749024166666024], ""1"": [0.48745598606365936, 0.2195969221802076, 0.4120118749612045, 0.3268808297087697, 0.427606419146516], ""2"": [0.4471873250377132, 0.3369673823345679, 0.33029265800178004, 0.35707568598470085, 0.38126292815635804], ""3"": [0.4049248354541276, 0.45835829619279017, 0.5056932523717965, 0.43844972344906025, 0.40462081311300613], ""4"": [0.25963379063979103, 0.29024788222919007, 0.6996821489767578, 0.33430695569901975, 0.4787278492439938], ""5"": [0.5645645111871505, 0.4695652136429776, 0.2774175101883735, 0.3516918292255882, 0.3428127204673931]}","{""0"": [0.04454545454545455, 0.05409090909090909, 0.0659090909090909, 0.0631818181818182, 0.08136363636363636], ""1"": [0.041208791208791215, 0.07417582417582418, 0.03857142857142857, 0.059890109890109886, 0.04230769230769232], ""2"": [0.02540372670807455, 0.06677018633540373, 0.04701863354037267, 0.03844720496894409, 0.03385093167701865], ""3"": [0.04411764705882354, 0.02432525951557094, 0.04058823529411763, 0.05027681660899654, 0.047577854671280284], ""4"": [0.071875, 0.05125, 0.061250000000000006, 0.08249999999999999, 0.044375], ""5"": [0.0453125, 0.075, 0.0590625, 0.0821875, 0.03874999999999999]}","{""0"": [0.03259076550602913, 0.07025379687547684, 0.24831095337867737, 0.07933511584997177, 0.11801542341709137], ""1"": [0.1347598284482956, 0.11425705254077911, 0.06754001975059509, 0.18280306458473206, 0.12413938343524933], ""2"": [0.12421617656946182, 0.18989986181259155, 0.1280352771282196, 0.17317914962768555, 0.06677287071943283], ""3"": [0.13551539182662964, 0.1765143722295761, 0.12170147895812988, 0.13498735427856445, 0.14358100295066833], ""4"": [0.21998266875743866, 0.03438183665275574, 0.12523862719535828, 0.10435990989208221, 0.2140423208475113], ""5"": [0.05212904140353203, 0.0934072956442833, 0.16011853516101837, 0.16524450480937958, 0.22945749759674072]}","{""0"": [-0.10282250966600637, 0.11444679351656094, 0.03636363636363636, 0.24609746658923523, -0.01818181818181818], ""1"": [0.22964213479795315, 0.15154543536286452, 0.26932050741821734, 0.055948622187982036, 0.06786139457528935], ""2"": [0.12324167178398003, 0.11791067952243472, 0.2229561276640448, 0.07847991885255057, 0.11881928370105237], ""3"": [0.19898773534660522, 0.2974171901959196, 0.27852925271206713, 0.13172061186893788, 0.18700450302273652], ""4"": [0.1341765196726864, -0.08577712609970674, 0.09310850439882698, 0.2001466275659824, 0.04875366568914955], ""5"": [0.22202635104878454, 0.21431106126703153, -0.04253663003663003, 0.11030346044061083, 0.09670551068263929]}","{""0"": [0.3758968114852905, 0.39233407378196716, 0.4098728895187378, 0.38623419404029846, 0.39178410172462463], ""1"": [0.3894197940826416, 0.39833128452301025, 0.38556694984436035, 0.40128886699676514, 0.38375046849250793], ""2"": [0.38802775740623474, 0.4138958752155304, 0.40277260541915894, 0.4018732011318207, 0.3839627206325531], ""3"": [0.4071832001209259, 0.4130389988422394, 0.40268152952194214, 0.4046878218650818, 0.3935849964618683], ""4"": [0.4030808210372925, 0.3866422772407532, 0.3926708698272705, 0.3895822763442993, 0.39742356538772583], ""5"": [0.3784225881099701, 0.38923320174217224, 0.3973713517189026, 0.3968534469604492, 0.3998244106769562]}","{""0"": [70.63635079236701, 70.72497814893723, 70.73914457624778, 70.51712641771883, 70.60368418321013], ""1"": [70.15441299322993, 70.09267026511952, 70.06115064304322, 69.87512421701103, 69.96521549019963], ""2"": [64.36309726070613, 64.19930878700688, 63.65041742101312, 63.65943483868614, 61.80253897793591], ""3"": [57.746515905018896, 58.46329648187384, 57.24838019069284, 57.23948345007375, 54.608487385790795], ""4"": [73.17700564768165, 76.15375739522278, 76.238673214335, 74.80687401210889, 74.53300059214234], ""5"": [70.89872698904946, 70.79842975502834, 70.86947682499886, 70.79882392566651, 70.80030386615545]}"
Machine Learning-Enabled Prediction and High-Throughput Screening of Polymer Membranes for Pervaporation Separation,target_log (Separation factor),GPytorchMAP,TanimotoMatern32,Matern32,product,,,,,,,,,,,,,,,,,,,,,,
Machine Learning-Enabled Prediction and High-Throughput Screening of Polymer Membranes for Pervaporation Separation,target_log (Separation factor),GPytorchMAP,TanimotoMatern32,Matern32,averageProduct,,,,,,,,,,,,,,,,,,,,,,
Machine Learning-Enabled Prediction and High-Throughput Screening of Polymer Membranes for Pervaporation Separation,target_log (Separation factor),GPytorchMAP,TanimotoMatern32,Matern32,(count:+)x(fp:x),,,,,,,,,,,,,,,,,,,,,,
Machine Learning-Enabled Prediction and High-Throughput Screening of Polymer Membranes for Pervaporation Separation,target_log (Separation factor),GPytorchMAP,TanimotoMatern32,Matern32,(count:+)x(fp:+),,,,,,,,,,,,,,,,,,,,,,
Machine Learning-Enabled Prediction and High-Throughput Screening of Polymer Membranes for Pervaporation Separation,target_log (Separation factor),GPytorchMAP,TanimotoMatern32,Matern32,(count:x)+(fp:x),,,,,,,,,,,,,,,,,,,,,,
Machine Learning-Enabled Prediction and High-Throughput Screening of Polymer Membranes for Pervaporation Separation,target_log (Separation factor),GPytorchMAP,TanimotoMatern32,Matern52,sum,,,,,,,,,,,,,,,,,,,,,,
Machine Learning-Enabled Prediction and High-Throughput Screening of Polymer Membranes for Pervaporation Separation,target_log (Separation factor),GPytorchMAP,TanimotoMatern32,Matern52,product,,,,,,,,,,,,,,,,,,,,,,
Machine Learning-Enabled Prediction and High-Throughput Screening of Polymer Membranes for Pervaporation Separation,target_log (Separation factor),GPytorchMAP,TanimotoMatern32,Matern52,averageProduct,,,,,,,,,,,,,,,,,,,,,,
Machine Learning-Enabled Prediction and High-Throughput Screening of Polymer Membranes for Pervaporation Separation,target_log (Separation factor),GPytorchMAP,TanimotoMatern32,Matern52,(count:+)x(fp:x),,,,,,,,,,,,,,,,,,,,,,
Machine Learning-Enabled Prediction and High-Throughput Screening of Polymer Membranes for Pervaporation Separation,target_log (Separation factor),GPytorchMAP,TanimotoMatern32,Matern52,(count:+)x(fp:+),,,,,,,,,,,,,,,,,,,,,,
Machine Learning-Enabled Prediction and High-Throughput Screening of Polymer Membranes for Pervaporation Separation,target_log (Separation factor),GPytorchMAP,TanimotoMatern32,Matern52,(count:x)+(fp:x),,,,,,,,,,,,,,,,,,,,,,
Machine Learning-Enabled Prediction and High-Throughput Screening of Polymer Membranes for Pervaporation Separation,target_log (Separation factor),GPytorchMAP,TanimotoMatern32,RBF,sum,,,,,,,,,,,,,,,,,,,,,,
Machine Learning-Enabled Prediction and High-Throughput Screening of Polymer Membranes for Pervaporation Separation,target_log (Separation factor),GPytorchMAP,TanimotoMatern32,RBF,product,,,,,,,,,,,,,,,,,,,,,,
Machine Learning-Enabled Prediction and High-Throughput Screening of Polymer Membranes for Pervaporation Separation,target_log (Separation factor),GPytorchMAP,TanimotoMatern32,RBF,averageProduct,,,,,,,,,,,,,,,,,,,,,,
Machine Learning-Enabled Prediction and High-Throughput Screening of Polymer Membranes for Pervaporation Separation,target_log (Separation factor),GPytorchMAP,TanimotoMatern32,RBF,(count:+)x(fp:x),,,,,,,,,,,,,,,,,,,,,,
Machine Learning-Enabled Prediction and High-Throughput Screening of Polymer Membranes for Pervaporation Separation,target_log (Separation factor),GPytorchMAP,TanimotoMatern32,RBF,(count:+)x(fp:+),,,,,,,,,,,,,,,,,,,,,,
Machine Learning-Enabled Prediction and High-Throughput Screening of Polymer Membranes for Pervaporation Separation,target_log (Separation factor),GPytorchMAP,TanimotoMatern32,RBF,(count:x)+(fp:x),,,,,,,,,,,,,,,,,,,,,,
Machine Learning-Enabled Prediction and High-Throughput Screening of Polymer Membranes for Pervaporation Separation,target_log (Separation factor),GPytorchMAP,TanimotoMatern52,Matern32,sum,,,,,,,,,,,,,,,,,,,,,,
Machine Learning-Enabled Prediction and High-Throughput Screening of Polymer Membranes for Pervaporation Separation,target_log (Separation factor),GPytorchMAP,TanimotoMatern52,Matern32,product,,,,,,,,,,,,,,,,,,,,,,
Machine Learning-Enabled Prediction and High-Throughput Screening of Polymer Membranes for Pervaporation Separation,target_log (Separation factor),GPytorchMAP,TanimotoMatern52,Matern32,averageProduct,,,,,,,,,,,,,,,,,,,,,,
Machine Learning-Enabled Prediction and High-Throughput Screening of Polymer Membranes for Pervaporation Separation,target_log (Separation factor),GPytorchMAP,TanimotoMatern52,Matern32,(count:+)x(fp:x),,,,,,,,,,,,,,,,,,,,,,
Machine Learning-Enabled Prediction and High-Throughput Screening of Polymer Membranes for Pervaporation Separation,target_log (Separation factor),GPytorchMAP,TanimotoMatern52,Matern32,(count:+)x(fp:+),,,,,,,,,,,,,,,,,,,,,,
Machine Learning-Enabled Prediction and High-Throughput Screening of Polymer Membranes for Pervaporation Separation,target_log (Separation factor),GPytorchMAP,TanimotoMatern52,Matern32,(count:x)+(fp:x),,,,,,,,,,,,,,,,,,,,,,
Machine Learning-Enabled Prediction and High-Throughput Screening of Polymer Membranes for Pervaporation Separation,target_log (Separation factor),GPytorchMAP,TanimotoMatern52,Matern52,sum,,,,,,,,,,,,,,,,,,,,,,
Machine Learning-Enabled Prediction and High-Throughput Screening of Polymer Membranes for Pervaporation Separation,target_log (Separation factor),GPytorchMAP,TanimotoMatern52,Matern52,product,,,,,,,,,,,,,,,,,,,,,,
Machine Learning-Enabled Prediction and High-Throughput Screening of Polymer Membranes for Pervaporation Separation,target_log (Separation factor),GPytorchMAP,TanimotoMatern52,Matern52,averageProduct,,,,,,,,,,,,,,,,,,,,,,
Machine Learning-Enabled Prediction and High-Throughput Screening of Polymer Membranes for Pervaporation Separation,target_log (Separation factor),GPytorchMAP,TanimotoMatern52,Matern52,(count:+)x(fp:x),,,,,,,,,,,,,,,,,,,,,,
Machine Learning-Enabled Prediction and High-Throughput Screening of Polymer Membranes for Pervaporation Separation,target_log (Separation factor),GPytorchMAP,TanimotoMatern52,Matern52,(count:+)x(fp:+),,,,,,,,,,,,,,,,,,,,,,
Machine Learning-Enabled Prediction and High-Throughput Screening of Polymer Membranes for Pervaporation Separation,target_log (Separation factor),GPytorchMAP,TanimotoMatern52,Matern52,(count:x)+(fp:x),,,,,,,,,,,,,,,,,,,,,,
Machine Learning-Enabled Prediction and High-Throughput Screening of Polymer Membranes for Pervaporation Separation,target_log (Separation factor),GPytorchMAP,TanimotoMatern52,RBF,sum,,,,,,,,,,,,,,,,,,,,,,
Machine Learning-Enabled Prediction and High-Throughput Screening of Polymer Membranes for Pervaporation Separation,target_log (Separation factor),GPytorchMAP,TanimotoMatern52,RBF,product,,,,,,,,,,,,,,,,,,,,,,
Machine Learning-Enabled Prediction and High-Throughput Screening of Polymer Membranes for Pervaporation Separation,target_log (Separation factor),GPytorchMAP,TanimotoMatern52,RBF,averageProduct,,,,,,,,,,,,,,,,,,,,,,
Machine Learning-Enabled Prediction and High-Throughput Screening of Polymer Membranes for Pervaporation Separation,target_log (Separation factor),GPytorchMAP,TanimotoMatern52,RBF,(count:+)x(fp:x),,,,,,,,,,,,,,,,,,,,,,
Machine Learning-Enabled Prediction and High-Throughput Screening of Polymer Membranes for Pervaporation Separation,target_log (Separation factor),GPytorchMAP,TanimotoMatern52,RBF,(count:+)x(fp:+),,,,,,,,,,,,,,,,,,,,,,
Machine Learning-Enabled Prediction and High-Throughput Screening of Polymer Membranes for Pervaporation Separation,target_log (Separation factor),GPytorchMAP,TanimotoMatern52,RBF,(count:x)+(fp:x),,,,,,,,,,,,,,,,,,,,,,
Machine Learning-Enabled Prediction and High-Throughput Screening of Polymer Membranes for Pervaporation Separation,target_log (Separation factor),GPytorchMAP,TanimotoRBF,Matern32,sum,,,,,,,,,,,,,,,,,,,,,,
Machine Learning-Enabled Prediction and High-Throughput Screening of Polymer Membranes for Pervaporation Separation,target_log (Separation factor),GPytorchMAP,TanimotoRBF,Matern32,product,,,,,,,,,,,,,,,,,,,,,,
Machine Learning-Enabled Prediction and High-Throughput Screening of Polymer Membranes for Pervaporation Separation,target_log (Separation factor),GPytorchMAP,TanimotoRBF,Matern32,averageProduct,,,,,,,,,,,,,,,,,,,,,,
Machine Learning-Enabled Prediction and High-Throughput Screening of Polymer Membranes for Pervaporation Separation,target_log (Separation factor),GPytorchMAP,TanimotoRBF,Matern32,(count:+)x(fp:x),,,,,,,,,,,,,,,,,,,,,,
Machine Learning-Enabled Prediction and High-Throughput Screening of Polymer Membranes for Pervaporation Separation,target_log (Separation factor),GPytorchMAP,TanimotoRBF,Matern32,(count:+)x(fp:+),,,,,,,,,,,,,,,,,,,,,,
Machine Learning-Enabled Prediction and High-Throughput Screening of Polymer Membranes for Pervaporation Separation,target_log (Separation factor),GPytorchMAP,TanimotoRBF,Matern32,(count:x)+(fp:x),,,,,,,,,,,,,,,,,,,,,,
Machine Learning-Enabled Prediction and High-Throughput Screening of Polymer Membranes for Pervaporation Separation,target_log (Separation factor),GPytorchMAP,TanimotoRBF,Matern52,sum,,,,,,,,,,,,,,,,,,,,,,
Machine Learning-Enabled Prediction and High-Throughput Screening of Polymer Membranes for Pervaporation Separation,target_log (Separation factor),GPytorchMAP,TanimotoRBF,Matern52,product,,,,,,,,,,,,,,,,,,,,,,
Machine Learning-Enabled Prediction and High-Throughput Screening of Polymer Membranes for Pervaporation Separation,target_log (Separation factor),GPytorchMAP,TanimotoRBF,Matern52,averageProduct,,,,,,,,,,,,,,,,,,,,,,
Machine Learning-Enabled Prediction and High-Throughput Screening of Polymer Membranes for Pervaporation Separation,target_log (Separation factor),GPytorchMAP,TanimotoRBF,Matern52,(count:+)x(fp:x),,,,,,,,,,,,,,,,,,,,,,
Machine Learning-Enabled Prediction and High-Throughput Screening of Polymer Membranes for Pervaporation Separation,target_log (Separation factor),GPytorchMAP,TanimotoRBF,Matern52,(count:+)x(fp:+),,,,,,,,,,,,,,,,,,,,,,
Machine Learning-Enabled Prediction and High-Throughput Screening of Polymer Membranes for Pervaporation Separation,target_log (Separation factor),GPytorchMAP,TanimotoRBF,Matern52,(count:x)+(fp:x),,,,,,,,,,,,,,,,,,,,,,
Machine Learning-Enabled Prediction and High-Throughput Screening of Polymer Membranes for Pervaporation Separation,target_log (Separation factor),GPytorchMAP,TanimotoRBF,RBF,sum,,,,,,,,,,,,,,,,,,,,,,
Machine Learning-Enabled Prediction and High-Throughput Screening of Polymer Membranes for Pervaporation Separation,target_log (Separation factor),GPytorchMAP,TanimotoRBF,RBF,product,,,,,,,,,,,,,,,,,,,,,,
Machine Learning-Enabled Prediction and High-Throughput Screening of Polymer Membranes for Pervaporation Separation,target_log (Separation factor),GPytorchMAP,TanimotoRBF,RBF,averageProduct,,,,,,,,,,,,,,,,,,,,,,
Machine Learning-Enabled Prediction and High-Throughput Screening of Polymer Membranes for Pervaporation Separation,target_log (Separation factor),GPytorchMAP,TanimotoRBF,RBF,(count:+)x(fp:x),,,,,,,,,,,,,,,,,,,,,,
Machine Learning-Enabled Prediction and High-Throughput Screening of Polymer Membranes for Pervaporation Separation,target_log (Separation factor),GPytorchMAP,TanimotoRBF,RBF,(count:+)x(fp:+),,,,,,,,,,,,,,,,,,,,,,
Machine Learning-Enabled Prediction and High-Throughput Screening of Polymer Membranes for Pervaporation Separation,target_log (Separation factor),GPytorchMAP,TanimotoRBF,RBF,(count:x)+(fp:x),,,,,,,,,,,,,,,,,,,,,,
Machine Learning-Enabled Prediction and High-Throughput Screening of Polymer Membranes for Pervaporation Separation,target_log (Separation factor),GPytorchMAP,Tanimoto,Matern32,sum,,,,,,,,,,,,,,,,,,,,,,
Machine Learning-Enabled Prediction and High-Throughput Screening of Polymer Membranes for Pervaporation Separation,target_log (Separation factor),GPytorchMAP,Tanimoto,Matern32,product,,,,,,,,,,,,,,,,,,,,,,
Machine Learning-Enabled Prediction and High-Throughput Screening of Polymer Membranes for Pervaporation Separation,target_log (Separation factor),GPytorchMAP,Tanimoto,Matern32,averageProduct,,,,,,,,,,,,,,,,,,,,,,
Machine Learning-Enabled Prediction and High-Throughput Screening of Polymer Membranes for Pervaporation Separation,target_log (Separation factor),GPytorchMAP,Tanimoto,Matern32,(count:+)x(fp:x),,,,,,,,,,,,,,,,,,,,,,
Machine Learning-Enabled Prediction and High-Throughput Screening of Polymer Membranes for Pervaporation Separation,target_log (Separation factor),GPytorchMAP,Tanimoto,Matern32,(count:+)x(fp:+),,,,,,,,,,,,,,,,,,,,,,
Machine Learning-Enabled Prediction and High-Throughput Screening of Polymer Membranes for Pervaporation Separation,target_log (Separation factor),GPytorchMAP,Tanimoto,Matern32,(count:x)+(fp:x),,,,,,,,,,,,,,,,,,,,,,
Machine Learning-Enabled Prediction and High-Throughput Screening of Polymer Membranes for Pervaporation Separation,target_log (Separation factor),GPytorchMAP,Tanimoto,Matern52,sum,,,,,,,,,,,,,,,,,,,,,,
Machine Learning-Enabled Prediction and High-Throughput Screening of Polymer Membranes for Pervaporation Separation,target_log (Separation factor),GPytorchMAP,Tanimoto,Matern52,product,,,,,,,,,,,,,,,,,,,,,,
Machine Learning-Enabled Prediction and High-Throughput Screening of Polymer Membranes for Pervaporation Separation,target_log (Separation factor),GPytorchMAP,Tanimoto,Matern52,averageProduct,,,,,,,,,,,,,,,,,,,,,,
Machine Learning-Enabled Prediction and High-Throughput Screening of Polymer Membranes for Pervaporation Separation,target_log (Separation factor),GPytorchMAP,Tanimoto,Matern52,(count:+)x(fp:x),,,,,,,,,,,,,,,,,,,,,,
Machine Learning-Enabled Prediction and High-Throughput Screening of Polymer Membranes for Pervaporation Separation,target_log (Separation factor),GPytorchMAP,Tanimoto,Matern52,(count:+)x(fp:+),,,,,,,,,,,,,,,,,,,,,,
Machine Learning-Enabled Prediction and High-Throughput Screening of Polymer Membranes for Pervaporation Separation,target_log (Separation factor),GPytorchMAP,Tanimoto,Matern52,(count:x)+(fp:x),,,,,,,,,,,,,,,,,,,,,,
Machine Learning-Enabled Prediction and High-Throughput Screening of Polymer Membranes for Pervaporation Separation,target_log (Separation factor),GPytorchMAP,Tanimoto,RBF,sum,,,,,,,,,,,,,,,,,,,,,,
Machine Learning-Enabled Prediction and High-Throughput Screening of Polymer Membranes for Pervaporation Separation,target_log (Separation factor),GPytorchMAP,Tanimoto,RBF,product,,,,,,,,,,,,,,,,,,,,,,
Machine Learning-Enabled Prediction and High-Throughput Screening of Polymer Membranes for Pervaporation Separation,target_log (Separation factor),GPytorchMAP,Tanimoto,RBF,averageProduct,,,,,,,,,,,,,,,,,,,,,,
Machine Learning-Enabled Prediction and High-Throughput Screening of Polymer Membranes for Pervaporation Separation,target_log (Separation factor),GPytorchMAP,Tanimoto,RBF,(count:+)x(fp:x),,,,,,,,,,,,,,,,,,,,,,
Machine Learning-Enabled Prediction and High-Throughput Screening of Polymer Membranes for Pervaporation Separation,target_log (Separation factor),GPytorchMAP,Tanimoto,RBF,(count:+)x(fp:+),,,,,,,,,,,,,,,,,,,,,,
Machine Learning-Enabled Prediction and High-Throughput Screening of Polymer Membranes for Pervaporation Separation,target_log (Separation factor),GPytorchMAP,Tanimoto,RBF,(count:x)+(fp:x),,,,,,,,,,,,,,,,,,,,,,
Machine Learning-Enabled Prediction and High-Throughput Screening of Polymer Membranes for Pervaporation Separation,target_log (Separation factor),GPytorchMAP,Matern32,Matern32,sum,,,,,,,,,,,,,,,,,,,,,,
Machine Learning-Enabled Prediction and High-Throughput Screening of Polymer Membranes for Pervaporation Separation,target_log (Separation factor),GPytorchMAP,Matern32,Matern32,product,,,,,,,,,,,,,,,,,,,,,,
Machine Learning-Enabled Prediction and High-Throughput Screening of Polymer Membranes for Pervaporation Separation,target_log (Separation factor),GPytorchMAP,Matern32,Matern32,averageProduct,,,,,,,,,,,,,,,,,,,,,,
Machine Learning-Enabled Prediction and High-Throughput Screening of Polymer Membranes for Pervaporation Separation,target_log (Separation factor),GPytorchMAP,Matern32,Matern32,(count:+)x(fp:x),,,,,,,,,,,,,,,,,,,,,,
Machine Learning-Enabled Prediction and High-Throughput Screening of Polymer Membranes for Pervaporation Separation,target_log (Separation factor),GPytorchMAP,Matern32,Matern32,(count:+)x(fp:+),,,,,,,,,,,,,,,,,,,,,,
Machine Learning-Enabled Prediction and High-Throughput Screening of Polymer Membranes for Pervaporation Separation,target_log (Separation factor),GPytorchMAP,Matern32,Matern32,(count:x)+(fp:x),,,,,,,,,,,,,,,,,,,,,,
Machine Learning-Enabled Prediction and High-Throughput Screening of Polymer Membranes for Pervaporation Separation,target_log (Separation factor),GPytorchMAP,Matern32,Matern52,sum,,,,,,,,,,,,,,,,,,,,,,
Machine Learning-Enabled Prediction and High-Throughput Screening of Polymer Membranes for Pervaporation Separation,target_log (Separation factor),GPytorchMAP,Matern32,Matern52,product,,,,,,,,,,,,,,,,,,,,,,
Machine Learning-Enabled Prediction and High-Throughput Screening of Polymer Membranes for Pervaporation Separation,target_log (Separation factor),GPytorchMAP,Matern32,Matern52,averageProduct,,,,,,,,,,,,,,,,,,,,,,
Machine Learning-Enabled Prediction and High-Throughput Screening of Polymer Membranes for Pervaporation Separation,target_log (Separation factor),GPytorchMAP,Matern32,Matern52,(count:+)x(fp:x),,,,,,,,,,,,,,,,,,,,,,
Machine Learning-Enabled Prediction and High-Throughput Screening of Polymer Membranes for Pervaporation Separation,target_log (Separation factor),GPytorchMAP,Matern32,Matern52,(count:+)x(fp:+),,,,,,,,,,,,,,,,,,,,,,
Machine Learning-Enabled Prediction and High-Throughput Screening of Polymer Membranes for Pervaporation Separation,target_log (Separation factor),GPytorchMAP,Matern32,Matern52,(count:x)+(fp:x),,,,,,,,,,,,,,,,,,,,,,
Machine Learning-Enabled Prediction and High-Throughput Screening of Polymer Membranes for Pervaporation Separation,target_log (Separation factor),GPytorchMAP,Matern32,RBF,sum,,,,,,,,,,,,,,,,,,,,,,
Machine Learning-Enabled Prediction and High-Throughput Screening of Polymer Membranes for Pervaporation Separation,target_log (Separation factor),GPytorchMAP,Matern32,RBF,product,,,,,,,,,,,,,,,,,,,,,,
Machine Learning-Enabled Prediction and High-Throughput Screening of Polymer Membranes for Pervaporation Separation,target_log (Separation factor),GPytorchMAP,Matern32,RBF,averageProduct,,,,,,,,,,,,,,,,,,,,,,
Machine Learning-Enabled Prediction and High-Throughput Screening of Polymer Membranes for Pervaporation Separation,target_log (Separation factor),GPytorchMAP,Matern32,RBF,(count:+)x(fp:x),,,,,,,,,,,,,,,,,,,,,,
Machine Learning-Enabled Prediction and High-Throughput Screening of Polymer Membranes for Pervaporation Separation,target_log (Separation factor),GPytorchMAP,Matern32,RBF,(count:+)x(fp:+),,,,,,,,,,,,,,,,,,,,,,
Machine Learning-Enabled Prediction and High-Throughput Screening of Polymer Membranes for Pervaporation Separation,target_log (Separation factor),GPytorchMAP,Matern32,RBF,(count:x)+(fp:x),,,,,,,,,,,,,,,,,,,,,,
Machine Learning-Enabled Prediction and High-Throughput Screening of Polymer Membranes for Pervaporation Separation,target_log (Separation factor),GPytorchMAP,Matern52,Matern32,sum,,,,,,,,,,,,,,,,,,,,,,
Machine Learning-Enabled Prediction and High-Throughput Screening of Polymer Membranes for Pervaporation Separation,target_log (Separation factor),GPytorchMAP,Matern52,Matern32,product,,,,,,,,,,,,,,,,,,,,,,
Machine Learning-Enabled Prediction and High-Throughput Screening of Polymer Membranes for Pervaporation Separation,target_log (Separation factor),GPytorchMAP,Matern52,Matern32,averageProduct,,,,,,,,,,,,,,,,,,,,,,
Machine Learning-Enabled Prediction and High-Throughput Screening of Polymer Membranes for Pervaporation Separation,target_log (Separation factor),GPytorchMAP,Matern52,Matern32,(count:+)x(fp:x),,,,,,,,,,,,,,,,,,,,,,
Machine Learning-Enabled Prediction and High-Throughput Screening of Polymer Membranes for Pervaporation Separation,target_log (Separation factor),GPytorchMAP,Matern52,Matern32,(count:+)x(fp:+),,,,,,,,,,,,,,,,,,,,,,
Machine Learning-Enabled Prediction and High-Throughput Screening of Polymer Membranes for Pervaporation Separation,target_log (Separation factor),GPytorchMAP,Matern52,Matern32,(count:x)+(fp:x),,,,,,,,,,,,,,,,,,,,,,
Machine Learning-Enabled Prediction and High-Throughput Screening of Polymer Membranes for Pervaporation Separation,target_log (Separation factor),GPytorchMAP,Matern52,Matern52,sum,,,,,,,,,,,,,,,,,,,,,,
Machine Learning-Enabled Prediction and High-Throughput Screening of Polymer Membranes for Pervaporation Separation,target_log (Separation factor),GPytorchMAP,Matern52,Matern52,product,,,,,,,,,,,,,,,,,,,,,,
Machine Learning-Enabled Prediction and High-Throughput Screening of Polymer Membranes for Pervaporation Separation,target_log (Separation factor),GPytorchMAP,Matern52,Matern52,averageProduct,,,,,,,,,,,,,,,,,,,,,,
Machine Learning-Enabled Prediction and High-Throughput Screening of Polymer Membranes for Pervaporation Separation,target_log (Separation factor),GPytorchMAP,Matern52,Matern52,(count:+)x(fp:x),,,,,,,,,,,,,,,,,,,,,,
Machine Learning-Enabled Prediction and High-Throughput Screening of Polymer Membranes for Pervaporation Separation,target_log (Separation factor),GPytorchMAP,Matern52,Matern52,(count:+)x(fp:+),,,,,,,,,,,,,,,,,,,,,,
Machine Learning-Enabled Prediction and High-Throughput Screening of Polymer Membranes for Pervaporation Separation,target_log (Separation factor),GPytorchMAP,Matern52,Matern52,(count:x)+(fp:x),,,,,,,,,,,,,,,,,,,,,,
Machine Learning-Enabled Prediction and High-Throughput Screening of Polymer Membranes for Pervaporation Separation,target_log (Separation factor),GPytorchMAP,Matern52,RBF,sum,,,,,,,,,,,,,,,,,,,,,,
Machine Learning-Enabled Prediction and High-Throughput Screening of Polymer Membranes for Pervaporation Separation,target_log (Separation factor),GPytorchMAP,Matern52,RBF,product,,,,,,,,,,,,,,,,,,,,,,
Machine Learning-Enabled Prediction and High-Throughput Screening of Polymer Membranes for Pervaporation Separation,target_log (Separation factor),GPytorchMAP,Matern52,RBF,averageProduct,,,,,,,,,,,,,,,,,,,,,,
Machine Learning-Enabled Prediction and High-Throughput Screening of Polymer Membranes for Pervaporation Separation,target_log (Separation factor),GPytorchMAP,Matern52,RBF,(count:+)x(fp:x),,,,,,,,,,,,,,,,,,,,,,
Machine Learning-Enabled Prediction and High-Throughput Screening of Polymer Membranes for Pervaporation Separation,target_log (Separation factor),GPytorchMAP,Matern52,RBF,(count:+)x(fp:+),,,,,,,,,,,,,,,,,,,,,,
Machine Learning-Enabled Prediction and High-Throughput Screening of Polymer Membranes for Pervaporation Separation,target_log (Separation factor),GPytorchMAP,Matern52,RBF,(count:x)+(fp:x),,,,,,,,,,,,,,,,,,,,,,
Machine Learning-Enabled Prediction and High-Throughput Screening of Polymer Membranes for Pervaporation Separation,target_log (Separation factor),GPytorchMAP,RBF,Matern32,sum,,,,,,,,,,,,,,,,,,,,,,
Machine Learning-Enabled Prediction and High-Throughput Screening of Polymer Membranes for Pervaporation Separation,target_log (Separation factor),GPytorchMAP,RBF,Matern32,product,,,,,,,,,,,,,,,,,,,,,,
Machine Learning-Enabled Prediction and High-Throughput Screening of Polymer Membranes for Pervaporation Separation,target_log (Separation factor),GPytorchMAP,RBF,Matern32,averageProduct,,,,,,,,,,,,,,,,,,,,,,
Machine Learning-Enabled Prediction and High-Throughput Screening of Polymer Membranes for Pervaporation Separation,target_log (Separation factor),GPytorchMAP,RBF,Matern32,(count:+)x(fp:x),,,,,,,,,,,,,,,,,,,,,,
Machine Learning-Enabled Prediction and High-Throughput Screening of Polymer Membranes for Pervaporation Separation,target_log (Separation factor),GPytorchMAP,RBF,Matern32,(count:+)x(fp:+),,,,,,,,,,,,,,,,,,,,,,
Machine Learning-Enabled Prediction and High-Throughput Screening of Polymer Membranes for Pervaporation Separation,target_log (Separation factor),GPytorchMAP,RBF,Matern32,(count:x)+(fp:x),,,,,,,,,,,,,,,,,,,,,,
Machine Learning-Enabled Prediction and High-Throughput Screening of Polymer Membranes for Pervaporation Separation,target_log (Separation factor),GPytorchMAP,RBF,Matern52,sum,,,,,,,,,,,,,,,,,,,,,,
Machine Learning-Enabled Prediction and High-Throughput Screening of Polymer Membranes for Pervaporation Separation,target_log (Separation factor),GPytorchMAP,RBF,Matern52,product,,,,,,,,,,,,,,,,,,,,,,
Machine Learning-Enabled Prediction and High-Throughput Screening of Polymer Membranes for Pervaporation Separation,target_log (Separation factor),GPytorchMAP,RBF,Matern52,averageProduct,,,,,,,,,,,,,,,,,,,,,,
Machine Learning-Enabled Prediction and High-Throughput Screening of Polymer Membranes for Pervaporation Separation,target_log (Separation factor),GPytorchMAP,RBF,Matern52,(count:+)x(fp:x),,,,,,,,,,,,,,,,,,,,,,
Machine Learning-Enabled Prediction and High-Throughput Screening of Polymer Membranes for Pervaporation Separation,target_log (Separation factor),GPytorchMAP,RBF,Matern52,(count:+)x(fp:+),,,,,,,,,,,,,,,,,,,,,,
Machine Learning-Enabled Prediction and High-Throughput Screening of Polymer Membranes for Pervaporation Separation,target_log (Separation factor),GPytorchMAP,RBF,Matern52,(count:x)+(fp:x),,,,,,,,,,,,,,,,,,,,,,
Machine Learning-Enabled Prediction and High-Throughput Screening of Polymer Membranes for Pervaporation Separation,target_log (Separation factor),GPytorchMAP,RBF,RBF,sum,,,,,,,,,,,,,,,,,,,,,,
Machine Learning-Enabled Prediction and High-Throughput Screening of Polymer Membranes for Pervaporation Separation,target_log (Separation factor),GPytorchMAP,RBF,RBF,product,,,,,,,,,,,,,,,,,,,,,,
Machine Learning-Enabled Prediction and High-Throughput Screening of Polymer Membranes for Pervaporation Separation,target_log (Separation factor),GPytorchMAP,RBF,RBF,averageProduct,,,,,,,,,,,,,,,,,,,,,,
Machine Learning-Enabled Prediction and High-Throughput Screening of Polymer Membranes for Pervaporation Separation,target_log (Separation factor),GPytorchMAP,RBF,RBF,(count:+)x(fp:x),,,,,,,,,,,,,,,,,,,,,,
Machine Learning-Enabled Prediction and High-Throughput Screening of Polymer Membranes for Pervaporation Separation,target_log (Separation factor),GPytorchMAP,RBF,RBF,(count:+)x(fp:+),,,,,,,,,,,,,,,,,,,,,,
Machine Learning-Enabled Prediction and High-Throughput Screening of Polymer Membranes for Pervaporation Separation,target_log (Separation factor),GPytorchMAP,RBF,RBF,(count:x)+(fp:x),,,,,,,,,,,,,,,,,,,,,,
Machine Learning-Enabled Prediction and High-Throughput Screening of Polymer Membranes for Pervaporation Separation,target_log (Separation factor),MGK,Graph,Matern32,sum,,,,,,,,,,,,,,,,,,,,,,
Machine Learning-Enabled Prediction and High-Throughput Screening of Polymer Membranes for Pervaporation Separation,target_log (Separation factor),MGK,Graph,Matern32,product,,,,,,,,,,,,,,,,,,,,,,
Machine Learning-Enabled Prediction and High-Throughput Screening of Polymer Membranes for Pervaporation Separation,target_log (Separation factor),MGK,Graph,Matern32,averageProduct,,,,,,,,,,,,,,,,,,,,,,
Machine Learning-Enabled Prediction and High-Throughput Screening of Polymer Membranes for Pervaporation Separation,target_log (Separation factor),MGK,Graph,Matern32,(count:+)x(graph:x),,,,,,,,,,,,,,,,,,,,,,
Machine Learning-Enabled Prediction and High-Throughput Screening of Polymer Membranes for Pervaporation Separation,target_log (Separation factor),MGK,Graph,Matern32,(count:+)x(graph:+),,,,,,,,,,,,,,,,,,,,,,
Machine Learning-Enabled Prediction and High-Throughput Screening of Polymer Membranes for Pervaporation Separation,target_log (Separation factor),MGK,Graph,Matern32,(count:x)+(graph:x),,,,,,,,,,,,,,,,,,,,,,
Machine Learning-Enabled Prediction and High-Throughput Screening of Polymer Membranes for Pervaporation Separation,target_log (Separation factor),MGK,Graph,Matern52,sum,,,,,,,,,,,,,,,,,,,,,,
Machine Learning-Enabled Prediction and High-Throughput Screening of Polymer Membranes for Pervaporation Separation,target_log (Separation factor),MGK,Graph,Matern52,product,,,,,,,,,,,,,,,,,,,,,,
Machine Learning-Enabled Prediction and High-Throughput Screening of Polymer Membranes for Pervaporation Separation,target_log (Separation factor),MGK,Graph,Matern52,averageProduct,,,,,,,,,,,,,,,,,,,,,,
Machine Learning-Enabled Prediction and High-Throughput Screening of Polymer Membranes for Pervaporation Separation,target_log (Separation factor),MGK,Graph,Matern52,(count:+)x(graph:x),,,,,,,,,,,,,,,,,,,,,,
Machine Learning-Enabled Prediction and High-Throughput Screening of Polymer Membranes for Pervaporation Separation,target_log (Separation factor),MGK,Graph,Matern52,(count:+)x(graph:+),,,,,,,,,,,,,,,,,,,,,,
Machine Learning-Enabled Prediction and High-Throughput Screening of Polymer Membranes for Pervaporation Separation,target_log (Separation factor),MGK,Graph,Matern52,(count:x)+(graph:x),,,,,,,,,,,,,,,,,,,,,,
Machine Learning-Enabled Prediction and High-Throughput Screening of Polymer Membranes for Pervaporation Separation,target_log (Separation factor),MGK,Graph,RBF,sum,,,,,,,,,,,,,,,,,,,,,,
Machine Learning-Enabled Prediction and High-Throughput Screening of Polymer Membranes for Pervaporation Separation,target_log (Separation factor),MGK,Graph,RBF,product,,,,,,,,,,,,,,,,,,,,,,
Machine Learning-Enabled Prediction and High-Throughput Screening of Polymer Membranes for Pervaporation Separation,target_log (Separation factor),MGK,Graph,RBF,averageProduct,,,,,,,,,,,,,,,,,,,,,,
Machine Learning-Enabled Prediction and High-Throughput Screening of Polymer Membranes for Pervaporation Separation,target_log (Separation factor),MGK,Graph,RBF,(count:+)x(graph:x),,,,,,,,,,,,,,,,,,,,,,
Machine Learning-Enabled Prediction and High-Throughput Screening of Polymer Membranes for Pervaporation Separation,target_log (Separation factor),MGK,Graph,RBF,(count:+)x(graph:+),,,,,,,,,,,,,,,,,,,,,,
Machine Learning-Enabled Prediction and High-Throughput Screening of Polymer Membranes for Pervaporation Separation,target_log (Separation factor),MGK,Graph,RBF,(count:x)+(graph:x),,,,,,,,,,,,,,,,,,,,,,
Machine Learning-Enabled Prediction and High-Throughput Screening of Polymer Membranes for Pervaporation Separation,target_log (Total flux),RF,,,,"{""0"": 0.22611956385033946, ""1"": 0.5229794329907369, ""2"": 0.5787989518111987, ""3"": 0.8092036425301654, ""4"": 0.7939937605242872, ""5"": 0.7884465228917313}","{""0"": 0.6845135813107367, ""1"": -1.263909833069361, ""2"": -0.3708729195195588, ""3"": -0.6241340919087488, ""4"": -1.5594476859091038, ""5"": -1.2031768649470784}","{""0"": 0.17473242696082722, ""1"": 0.46070499921222136, ""2"": 0.5112595630051516, ""3"": 0.6457025407455017, ""4"": 0.7282527852218146, ""5"": 0.6737937197605326}","{""0"": 0.2303030303030303, ""1"": 0.11043956043956049, ""2"": 0.19554865424430648, ""3"": 0.18910034602076128, ""4"": 0.3718750000000001, ""5"": 0.2536458333333334}","{""0"": 0.16399642353195068, ""1"": 0.2537901932746177, ""2"": 0.13559521077971037, ""3"": 0.21801715156458132, ""4"": 0.29126466606581963, ""5"": 0.35358302203224046}","{""0"": 0.26009146612246464, ""1"": 1.0756372635178797, ""2"": 0.9731111294711949, ""3"": 1.666451025072953, ""4"": 3.608068712071107, ""5"": 1.6000587594098137}","{""0"": 0.14954545454545456, ""1"": 0.28186813186813187, ""2"": 0.13409937888198759, ""3"": 0.20259515570934256, ""4"": 0.30000000000000004, ""5"": 0.33749999999999997}","{""0"": 0.2574103988902277, ""1"": 0.3752381213492311, ""2"": 0.3449710910331539, ""3"": 0.42915953019980074, ""4"": 0.20652357798962018, ""5"": 0.3430951602136452}","{""0"": 0.38517109141488165, ""1"": -0.1541822098429381, ""2"": 0.33091101103497444, ""3"": 0.22703836258536686, ""4"": -0.34338921257174687, ""5"": 0.5421373011301469}","{""0"": 0.4759596441843907, ""1"": 0.50068077346686, ""2"": 0.44687303301486375, ""3"": 0.4691520221519, ""4"": 0.31084283229320075, ""5"": 0.4319377452847589}","{""0"": 6.263384515419602, ""1"": 11.084884820505977, ""2"": 14.38737197034061, ""3"": 15.938033077865839, ""4"": 4.774036904796958, ""5"": 8.285076456144452}","{""0"": [0.19552720403765836, 0.21892428515667317, 0.2007600471531073, 0.191293036415293, 0.22008545066940022], ""1"": [0.18687436809705507, 0.19217977832299174, 0.21599459876138324, 0.2168972535515474, 0.16972323987239987], ""2"": [0.21530578184003746, 0.20989351788665137, 0.22071119880330511, 0.22672958985593597, 0.177563732308802], ""3"": [0.24928567364917686, 0.27012313469219684, 0.2580000755782138, 0.2813982366625411, 0.22854798802071735], ""4"": [0.14620711793860838, 0.1764425678749589, 0.22614693555069174, 0.11716540560297437, 0.2272761476565562], ""5"": [0.17624437198473017, 0.1856858058370757, 0.16678110990774722, 0.23797324769329695, 0.17211837618795403]}","{""0"": [0.8928019370008375, 0.8939827671909812, 0.9281350225266676, 0.923200713705012, 0.8912097009710972], ""1"": [0.922522055004706, 0.8873358450937243, 0.8733535005206698, 0.8864278069062667, 0.9219317402258499], ""2"": [0.8915919872350698, 0.8880632614048204, 0.8767616875730738, 0.9015824504119597, 0.9252761394303088], ""3"": [0.8421011292284787, 0.8394747878307842, 0.8373341351942447, 0.8225356431606259, 0.86719603929189], ""4"": [0.937280626417692, 0.8927336149812267, 0.8658069676270204, 0.9613957343223134, 0.8996703160316449], ""5"": [0.9077689712562219, 0.9128512401680233, 0.9408372397604836, 0.8834899411472149, 0.9241562010352572]}","{""0"": [0.12490261499873502, 0.15117639430480784, 0.13510635661404063, 0.1348865197981236, 0.15908011400008543], ""1"": [0.13209857163023794, 0.130923160888508, 0.15282653790842218, 0.1351725505306856, 0.12058516094821808], ""2"": [0.1568971232110512, 0.14519737018510878, 0.1506618116836965, 0.1441146519723065, 0.13023202050679825], ""3"": [0.17058683163204302, 0.17854767761788182, 0.17665255066432242, 0.18287642802558793, 0.14647060377838342], ""4"": [0.11475314709580864, 0.13759879338161943, 0.15794202087302472, 0.08881292661832359, 0.1450393861867427], ""5"": [0.12445181102183722, 0.13892659548088804, 0.12501339666305133, 0.1496318053260589, 0.11169664076128782]}","{""0"": [0.12045454545454543, 0.09378787878787878, 0.06742424242424243, 0.049090909090909095, 0.04515151515151516], ""1"": [0.07783882783882784, 0.11366300366300364, 0.0612087912087912, 0.09029304029304028, 0.06816849816849814], ""2"": [0.05492753623188404, 0.0802277432712215, 0.07563146997929605, 0.0945134575569358, 0.08188405797101449], ""3"": [0.05705882352941175, 0.058558246828143014, 0.06561707035755478, 0.06919261822376008, 0.1151672433679354], ""4"": [0.06562499999999999, 0.05854166666666666, 0.032708333333333346, 0.19479166666666667, 0.07770833333333331], ""5"": [0.09947916666666666, 0.0596875, 0.06406249999999998, 0.07760416666666665, 0.13645833333333332]}","{""0"": [0.07104519163778224, 0.06251896506881871, 0.09996901398486434, 0.06699530425459108, 0.02074352357694967], ""1"": [0.018841816619464734, 0.06329818499805294, 0.05342152887639121, 0.044860414918027086, 0.05503218142552115], ""2"": [0.026778510385816058, 0.04838590247442135, 0.044960205714454186, 0.05625893863974548, 0.0455701671724181], ""3"": [0.03072417690627534, 0.04296982044438127, 0.031224867277907346, 0.03887479334834767, 0.0640517735657958], ""4"": [0.06842785200041229, 0.03684661538323589, 0.026369659836375493, 0.08886194199851237, -4.519863230462451], ""5"": [0.07271744208010056, 0.040579474991069654, 0.054369609018801605, 0.04518939209947707, 0.07811972351231655]}","{""0"": [-0.1943570894310799, -0.375982460820442, -0.41858470962000227, -0.3325158100798496, 0.060771121794696105], ""1"": [-0.13499289308438273, -0.27457766882515316, -0.0915625001812418, -0.39764631005699086, 0.21505971317298436], ""2"": [0.020782617055099116, -0.13129384336134678, -0.1811807039243782, -0.2097831845679087, -0.2873019738894216], ""3"": [0.2609347941861492, -0.019949821056846718, 0.027579028735405166, -0.11392009772304514, -0.17295467624021366], ""4"": [-0.04070637906176672, -0.5287523266242069, -0.09620125814362177, -0.4987088515310683, -0.2647043170747158], ""5"": [-0.447644973089044, -0.11198503815484137, -0.49353187960900724, -0.37560902383761235, -0.31776574118659695]}","{""0"": [0.06999999999999998, 0.06954545454545455, 0.0759090909090909, 0.06363636363636364, 0.024545454545454558], ""1"": [0.0434065934065934, 0.057692307692307696, 0.046703296703296704, 0.04780219780219779, 0.0510989010989011], ""2"": [0.023913043478260867, 0.04751552795031056, 0.03819875776397515, 0.056832298136645976, 0.04378881987577641], ""3"": [0.02958477508650519, 0.04425605536332179, 0.032006920415224904, 0.03339100346020762, 0.05692041522491349], ""4"": [0.048124999999999994, 0.048124999999999994, 0.024999999999999998, 0.090625, 0.053125], ""5"": [0.055937499999999994, 0.040312499999999994, 0.03375, 0.034375, 0.075]}","{""0"": [0.6669017762872598, 0.5373408840006579, 0.712940941910926, 0.708653433918525, 0.5963687505371509], ""1"": [0.6796549045037751, 0.5669838125181709, 0.6385744229363153, 0.6394487479318738, 0.591846266986188], ""2"": [0.6471857770840825, 0.6238773931778514, 0.5806017326984894, 0.5773447234287217, 0.6373521239638081], ""3"": [0.6095666937204911, 0.6422702680297991, 0.5938051396979587, 0.529820282415755, 0.5979143654359251], ""4"": [0.627992734850735, 0.6018015737163763, 0.7859823178797368, 0.4854023480240394, 0.8433233003751989], ""5"": [0.6631718310506374, 0.6990334462856336, 0.6274022242816878, 0.6768400596569638, 0.6583757301390585]}","{""0"": [0.3933894783794705, 0.5058491895701197, 0.6780365767626095, 0.4269504556378266, 0.17251585623678645], ""1"": [0.3642698162753983, 0.4686513324266022, 0.4699132415517763, 0.42609831262947256, 0.028954231456435484], ""2"": [0.3910718945988849, 0.3656955369818853, 0.36397005964519363, 0.3593766062801356, 0.5269151221069797], ""3"": [0.35305452882487637, 0.33320693028019027, 0.3774876251101664, 0.43348561367774285, 0.3171897244101647], ""4"": [0.439882697947214, 0.5975620958100514, 0.5465542521994133, 0.16715542521994134, 0.5293255131964809], ""5"": [0.37500429265612406, 0.4107465831338143, 0.5111263736263735, 0.4349458551015108, 0.40140570994287755]}","{""0"": [0.22635630028234316, 0.2500021888864589, 0.21505449537400095, 0.22895140686700566, 0.22106204841099328], ""1"": [0.2342642145922289, 0.22970937081317977, 0.23698555456953732, 0.2234518374289779, 0.201395749370851], ""2"": [0.2485945755635654, 0.24402728987713704, 0.24330698665034434, 0.2415759147490204, 0.22384573920029305], ""3"": [0.2531634445167328, 0.2701155683557741, 0.27604859869270365, 0.26479888330463647, 0.2701020331825363], ""4"": [0.20069800664917933, 0.22597025748262628, 0.21981336243538385, 0.2341953592589775, 0.23331261929909103], ""5"": [0.22467529904975708, 0.2343595951562308, 0.2063578662456645, 0.22477145021984063, 0.22971350806229893]}","{""0"": [6.0574533231556416, 5.878919243812561, 5.983074281364679, 5.825433067977428, 5.828649887815118], ""1"": [10.80750004015863, 11.108943428844213, 11.06202644482255, 11.145384781062603, 11.035458978265524], ""2"": [16.279186064377427, 16.03228465653956, 16.289739549160004, 16.25604134425521, 16.520362908020616], ""3"": [18.993532922118902, 18.866263968870044, 18.396465620025992, 18.619638381525874, 19.101582316681743], ""4"": [4.674592185765505, 4.500022076070309, 4.549644509330392, 4.954125775024295, 4.472232006490231], ""5"": [8.437611261382699, 8.664826916530728, 8.615417489781976, 8.583315195515752, 8.137235097587109]}"
Machine Learning-Enabled Prediction and High-Throughput Screening of Polymer Membranes for Pervaporation Separation,target_log (Total flux),XGBR,,,,"{""0"": 0.1647295783376181, ""1"": 0.6139462502391936, ""2"": 0.46844125646038093, ""3"": 0.6728378004311727, ""4"": 0.8375735124974936, ""5"": 0.581404355026824}","{""0"": 0.8325644922677349, ""1"": -2.119971367478855, ""2"": 0.10205032039090733, ""3"": -0.12286356356079242, ""4"": -1.8481177958047512, ""5"": -0.19801274724012563}","{""0"": 0.1334064885607524, ""1"": 0.5473468780444103, ""2"": 0.38686228315897575, ""3"": 0.5504569265981449, ""4"": 0.768671705266376, ""5"": 0.49825936384031005}",,,,,,,,"{""0"": 1.8051994442939758, ""1"": 2.724568475037813, ""2"": 4.145080091431737, ""3"": 4.779738185927272, ""4"": 1.469825804233551, ""5"": 2.1755917333066463}","{""0"": [0.1458984813583829, 0.18504135858445714, 0.15287887467851485, 0.19860410887487287, 0.18204234735077438], ""1"": [0.18513444200455964, 0.15194468028526203, 0.18748149125379762, 0.15889029245655759, 0.15291494778482623], ""2"": [0.18814875673697184, 0.16153913285541718, 0.15850418411436387, 0.2742343269110891, 0.16065080069302523], ""3"": [0.2525294728305897, 0.2647425720808013, 0.22661908074972967, 0.2659563777637864, 0.20086008149973822], ""4"": [0.16957308763988, 0.15019776531246976, 0.22392180510356446, 0.12522830998802728, 0.33121066172454294], ""5"": [0.16331001991752742, 0.17982412965250283, 0.12731179125278355, 0.14549761760937846, 0.14266205157865366]}","{""0"": [0.9403137765282598, 0.9242598430823202, 0.9583267213183434, 0.9172181131617382, 0.9255692564319187], ""1"": [0.9239580821351631, 0.9295726436408457, 0.9045833408030676, 0.9390521155750399, 0.9366288259572996], ""2"": [0.9172147996639731, 0.9336974715546438, 0.9364407936964945, 0.8560207937246835, 0.938833087399054], ""3"": [0.8379651141947565, 0.8458060767731783, 0.8744982715275773, 0.8414781197670267, 0.8974245356103265], ""4"": [0.9156318481719845, 0.9222708626928854, 0.8684347105742607, 0.9558997009538533, 0.7869260573360429], ""5"": [0.920809661160025, 0.9182665686808907, 0.9655259771070113, 0.9564469162035383, 0.9478946246921922]}","{""0"": [0.09230822809962652, 0.12106481053948012, 0.095855259960248, 0.1206715672166483, 0.13445737602524954], ""1"": [0.12269749213833735, 0.10746303460039787, 0.11492377385185334, 0.1031543654019731, 0.10769469349518018], ""2"": [0.1281824041257402, 0.11768557886016806, 0.11277514844482601, 0.1439656402517018, 0.10082622052679756], ""3"": [0.14928265045892503, 0.16122848363900796, 0.1517940877515833, 0.16304950883541444, 0.1331723428702254], ""4"": [0.11854225878538269, 0.09269434203382625, 0.14230679131989005, 0.07787982961122461, 0.15715569195806084], ""5"": [0.10949950812681905, 0.12048430640673503, 0.09620258401255712, 0.10083185425859623, 0.09657153914559305]}",,,,,,,,"{""0"": [1.6858203299343586, 1.7782492395490408, 1.6749312039464712, 1.6501974556595087, 1.6641918327659369], ""1"": [2.794798633083701, 2.446490528061986, 2.68238677456975, 2.5332340840250254, 2.5516661647707224], ""2"": [3.642291961237788, 3.455933880060911, 3.6078824754804373, 3.731153531000018, 3.4192591328173876], ""3"": [4.56056260690093, 4.412475720047951, 4.541534593328834, 5.0574170257896185, 4.524660663679242], ""4"": [1.1494184844195843, 1.1865955907851458, 1.168168006464839, 1.154846627265215, 1.2187560833990574], ""5"": [1.8145042899996042, 1.7651534881442785, 1.7864689249545336, 1.820195158943534, 1.773839108645916]}"
Machine Learning-Enabled Prediction and High-Throughput Screening of Polymer Membranes for Pervaporation Separation,target_log (Total flux),NGB,,,,"{""0"": 0.1682245304683201, ""1"": 0.5158836187044092, ""2"": 0.45145583938459416, ""3"": 0.6567295406526292, ""4"": 0.6119687952339328, ""5"": 0.39491492388596644}","{""0"": 0.8253844004112758, ""1"": -1.2028928898456797, ""2"": 0.1659880467592444, ""3"": -0.06974269245529752, ""4"": -0.5204447149919835, ""5"": 0.4472713577251508}","{""0"": 0.14432672744135, ""1"": 0.44056681204471515, ""2"": 0.36372615482124065, ""3"": 0.5570183608725241, ""4"": 0.5704213673283127, ""5"": 0.3541450950310314}","{""0"": 0.07545454545454547, ""1"": 0.1968864468864469, ""2"": 0.23923395445134582, ""3"": 0.36580161476355255, ""4"": 0.42395833333333344, ""5"": 0.24375000000000008}","{""0"": 0.13426505438811323, ""1"": 0.2733022657760153, ""2"": 0.15433789525321456, ""3"": 0.21593993176505802, ""4"": 0.29449502658345517, ""5"": 0.19020095272366222}","{""0"": -0.3576626557734189, ""1"": 1.373180873809682, ""2"": 3.7322150448795055, ""3"": 6.684092422100089, ""4"": 3.2487643029906437, ""5"": 1.1346162492023273}","{""0"": 0.12454545454545456, ""1"": 0.3225274725274726, ""2"": 0.1372049689440994, ""3"": 0.18397923875432526, ""4"": 0.2675, ""5"": 0.220625}","{""0"": 0.401112872987985, ""1"": 0.3282476682662582, ""2"": 0.33436753080325293, ""3"": 0.2981718954360901, ""4"": 0.14687281246027573, ""5"": 0.32510148660116145}","{""0"": 0.24652896099295604, ""1"": 0.03059685312745392, ""2"": -0.15197707010897232, ""3"": 0.13495097517395505, ""4"": 0.18071855803107306, ""5"": -0.009062952457241515}","{""0"": 0.20443354699805852, ""1"": 0.32226304433571173, ""2"": 0.17937533429335045, ""3"": 0.18126904806414001, ""4"": 0.2237171360345151, ""5"": 0.25248618052593536}","{""0"": 12.110905209556222, ""1"": 12.94263643026352, ""2"": 15.314969271421432, ""3"": 15.817627696320415, ""4"": 11.726643320173025, ""5"": 12.574399815872312}","{""0"": [0.34994443956953664, 0.39122302316962765, 0.3077013601129799, 0.27866726811847037, 0.26901008208451965], ""1"": [0.23311190015886948, 0.2909315583518807, 0.2604526652632701, 0.2953721076892651, 0.2644795625041987], ""2"": [0.26713232905926193, 0.26619067521940754, 0.2642200317791323, 0.2963590510222359, 0.2723654976342473], ""3"": [0.2921690471378515, 0.32545148796718776, 0.2833754865526625, 0.3337740845548868, 0.2523061232268705], ""4"": [0.2197813796750615, 0.23231230016480764, 0.3099581140189022, 0.21892120838937407, 0.3734941064633402], ""5"": [0.29555903564413327, 0.21353342226590324, 0.24955559297180957, 0.314083242439584, 0.28188332868893007]}","{""0"": [0.6566233555918335, 0.6614386378882322, 0.8311809128376906, 0.8370213250460107, 0.8374658524444066], ""1"": [0.8794388150895965, 0.7418024876463822, 0.8158528422497306, 0.7893784179750856, 0.8104271639528677], ""2"": [0.8331205346761759, 0.8199636200849787, 0.8233846345700467, 0.8318516795177563, 0.8241853928397107], ""3"": [0.7831033763825407, 0.7669805280742741, 0.8037628094172965, 0.7503258252971747, 0.8381503353876882], ""4"": [0.8582749985223133, 0.8140478024930243, 0.7479106073369599, 0.8652241223671213, 0.7290499522588214], ""5"": [0.7406208758625044, 0.8847514370669518, 0.867538605246906, 0.797046438025537, 0.7965749737551129]}","{""0"": [0.22148924604957604, 0.25980929352284704, 0.20247428792821662, 0.21016160771718043, 0.21287545506183522], ""1"": [0.18903494910069046, 0.2147799649199461, 0.19627348071113712, 0.20919956610947069, 0.19750863172672647], ""2"": [0.20795391028301502, 0.19854779699099878, 0.19574980314903265, 0.20879997523358498, 0.21093693867867463], ""3"": [0.20636651650684615, 0.2293949692383341, 0.2061291244934156, 0.237166047076651, 0.184892646277234], ""4"": [0.17308062539237606, 0.17590361177475888, 0.21310633153542236, 0.17935645582122026, 0.2343855776420236], ""5"": [0.20866958831024707, 0.17176385999678095, 0.20364658951915082, 0.2347256793233032, 0.1959682700902468]}","{""0"": [0.031363636363636385, 0.05530303030303035, 0.035909090909090904, 0.052878787878787914, 0.043484848484848515], ""1"": [0.03827838827838829, 0.052930402930402964, 0.04238095238095239, 0.0250915750915751, 0.035347985347985375], ""2"": [0.048343685300207086, 0.02519668737060045, 0.015465838509316791, 0.02722567287784683, 0.0590683229813665], ""3"": [0.06568627450980395, 0.07802768166089971, 0.05126874279123418, 0.0800346020761246, 0.02337946943483279], ""4"": [0.025833333333333312, 0.04854166666666664, 0.040208333333333346, 0.04583333333333333, 0.0635416666666667], ""5"": [0.03125000000000003, 0.03416666666666667, 0.053229166666666675, 0.09583333333333338, 0.02447916666666667]}","{""0"": [0.03169309433762553, 0.10197740995468395, 0.06873218028074672, 0.06968927351365424, 0.062239248950759184], ""1"": [0.04508580641867108, 0.044933040787005774, 0.01713956894266593, 0.016049957609858827, 0.10568611104323898], ""2"": [0.022613960732456286, 0.0362142803112581, 0.015637683822435546, 0.03344334473189049, 0.05089690000412473], ""3"": [0.03592168502891255, 0.041274097292049124, 0.02712354381206302, 0.045341604043469375, 0.03064227780905255], ""4"": [0.044430117707675354, 0.10236105965921222, 0.07949244452210671, 0.045499108500944074, 0.05949216180902894], ""5"": [0.0518568927553085, 0.06543237928816356, 0.06934879874436303, 0.0857565120170625, 0.47875379454990097]}","{""0"": [0.14921265525480182, 0.19538985278166676, -0.07232832315092187, -0.008127290982082347, 0.04904057319038004], ""1"": [-0.09046955154535369, 0.07669925035264838, -0.04008100944450079, 0.10898710626148103, 0.042151545484309105], ""2"": [0.11737813949919197, 0.02136500032975969, 0.001600774173644733, 0.06326706339262418, 0.14488881636542736], ""3"": [0.22167457216406028, 0.41532939266312885, 0.24370388598910833, 0.5140221918509514, -0.0427172946100861], ""4"": [-0.1546343044443621, -0.1798336228159722, 0.2685396126444619, -0.15718170460599168, 0.14898260381069955], ""5"": [0.08796430362808311, -0.12907924665937212, -0.024780139996476075, 0.18736607502758137, -0.027007605689987925]}","{""0"": [0.025, 0.09818181818181818, 0.10227272727272725, 0.07181818181818181, 0.04772727272727273], ""1"": [0.024945054945054952, 0.029560439560439557, 0.031978021978021964, 0.01593406593406594, 0.03659340659340661], ""2"": [0.030000000000000006, 0.016956521739130443, 0.008509316770186338, 0.020434782608695645, 0.0486335403726708], ""3"": [0.02993079584775087, 0.033737024221453284, 0.02404844290657441, 0.039688581314878894, 0.017404844290657424], ""4"": [0.023125, 0.06875, 0.04374999999999999, 0.03249999999999999, 0.03624999999999999], ""5"": [0.018749999999999996, 0.023125, 0.05843750000000001, 0.05, 0.01656250000000001]}","{""0"": [0.28722903633682756, 0.30150997378344646, 0.3297320661552602, 0.29212534411678115, 0.3347005582144901], ""1"": [0.2579567977226413, 0.24615227308127333, 0.3079853499518889, 0.27860660119991837, 0.2760643127461968], ""2"": [0.28090930591807783, 0.29535339538132127, 0.2639122254677849, 0.30639894904435644, 0.2781246362843256], ""3"": [0.30615472197875965, 0.3015971320177205, 0.3192547920479851, 0.2934077230445678, 0.3259774164851559], ""4"": [0.32135453205123704, 0.30907635307397696, 0.27764433915561354, 0.30565045534707835, 0.3392530647893999], ""5"": [0.26234679309524944, 0.3044222120586206, 0.28620932025903945, 0.26732828814805903, 0.304521196240633]}","{""0"": [0.420748468167353, 0.6710595867304404, 0.5215031487454919, 0.4143934680652858, 0.4809502137701006], ""1"": [0.28896739560165013, 0.33474159662874525, 0.4791077707268013, 0.36679077172204727, 0.2944219037337348], ""2"": [0.2827429944073627, 0.22709220712164105, 0.35398079958456846, 0.40399570113053385, 0.383020757970919], ""3"": [0.3504880068320602, 0.3128092641911323, 0.25974338814243697, 0.2392004226027699, 0.3614528576855176], ""4"": [0.37815049191906014, 0.5522431946539443, 0.23939144083678743, 0.33067546651574625, 0.038126661327757876], ""5"": [0.4725653398571424, 0.29914030948189085, 0.37420152571270066, 0.34748265759554936, 0.43910983000757997]}","{""0"": [0.2144277968275622, 0.2346135075696737, 0.2411102337256095, 0.2317333309176892, 0.23075802100325363], ""1"": [0.22909232543146324, 0.22093957136961623, 0.21227785209820155, 0.22933872802496258, 0.21692068731782266], ""2"": [0.22449040552947805, 0.23122455148757126, 0.22319794414818817, 0.22432031789437354, 0.21764174317702056], ""3"": [0.1956508683849847, 0.2057628849755706, 0.2067520423309876, 0.21015527490786873, 0.20718266664819338], ""4"": [0.23214323974014917, 0.23167564652287218, 0.2193821786825195, 0.23006378264815341, 0.22987124739383424], ""5"": [0.2155133699073935, 0.21213520554937756, 0.23061547905895666, 0.21899102875007992, 0.22574391028064267]}","{""0"": [12.89228562451899, 12.895280102267861, 13.027747824788094, 12.893906582146883, 13.442863093689084], ""1"": [14.393110929057002, 14.107231741771102, 14.331651063635945, 14.438646532595158, 14.44355189613998], ""2"": [16.007931100204587, 16.06073067523539, 14.146444000303745, 14.211065800860524, 14.195620333775878], ""3"": [14.686967633664608, 15.070715084671974, 14.79743798263371, 15.296822294592857, 15.613195523619652], ""4"": [13.31435513496399, 13.607061332091689, 15.324285140261054, 14.94940241612494, 13.381411906331778], ""5"": [14.029230991378427, 13.723953906446695, 13.717476557940245, 14.97784573957324, 14.676473543047905]}"
Machine Learning-Enabled Prediction and High-Throughput Screening of Polymer Membranes for Pervaporation Separation,target_log (Total flux),GpyroHMC,TanimotoMatern32,Matern32,sum,,,,,,,,,,,,,,,,,,,,,,
Machine Learning-Enabled Prediction and High-Throughput Screening of Polymer Membranes for Pervaporation Separation,target_log (Total flux),GpyroHMC,TanimotoMatern32,Matern32,product,,,,,,,,,,,,,,,,,,,,,,
Machine Learning-Enabled Prediction and High-Throughput Screening of Polymer Membranes for Pervaporation Separation,target_log (Total flux),GpyroHMC,TanimotoMatern32,Matern32,averageProduct,,,,,,,,,,,,,,,,,,,,,,
Machine Learning-Enabled Prediction and High-Throughput Screening of Polymer Membranes for Pervaporation Separation,target_log (Total flux),GpyroHMC,TanimotoMatern32,Matern32,(count:+)x(fp:x),,,,,,,,,,,,,,,,,,,,,,
Machine Learning-Enabled Prediction and High-Throughput Screening of Polymer Membranes for Pervaporation Separation,target_log (Total flux),GpyroHMC,TanimotoMatern32,Matern32,(count:+)x(fp:+),,,,,,,,,,,,,,,,,,,,,,
Machine Learning-Enabled Prediction and High-Throughput Screening of Polymer Membranes for Pervaporation Separation,target_log (Total flux),GpyroHMC,TanimotoMatern32,Matern32,(count:x)+(fp:x),,,,,,,,,,,,,,,,,,,,,,
Machine Learning-Enabled Prediction and High-Throughput Screening of Polymer Membranes for Pervaporation Separation,target_log (Total flux),GpyroHMC,TanimotoMatern32,Matern52,sum,,,,,,,,,,,,,,,,,,,,,,
Machine Learning-Enabled Prediction and High-Throughput Screening of Polymer Membranes for Pervaporation Separation,target_log (Total flux),GpyroHMC,TanimotoMatern32,Matern52,product,,,,,,,,,,,,,,,,,,,,,,
Machine Learning-Enabled Prediction and High-Throughput Screening of Polymer Membranes for Pervaporation Separation,target_log (Total flux),GpyroHMC,TanimotoMatern32,Matern52,averageProduct,,,,,,,,,,,,,,,,,,,,,,
Machine Learning-Enabled Prediction and High-Throughput Screening of Polymer Membranes for Pervaporation Separation,target_log (Total flux),GpyroHMC,TanimotoMatern32,Matern52,(count:+)x(fp:x),,,,,,,,,,,,,,,,,,,,,,
Machine Learning-Enabled Prediction and High-Throughput Screening of Polymer Membranes for Pervaporation Separation,target_log (Total flux),GpyroHMC,TanimotoMatern32,Matern52,(count:+)x(fp:+),,,,,,,,,,,,,,,,,,,,,,
Machine Learning-Enabled Prediction and High-Throughput Screening of Polymer Membranes for Pervaporation Separation,target_log (Total flux),GpyroHMC,TanimotoMatern32,Matern52,(count:x)+(fp:x),,,,,,,,,,,,,,,,,,,,,,
Machine Learning-Enabled Prediction and High-Throughput Screening of Polymer Membranes for Pervaporation Separation,target_log (Total flux),GpyroHMC,TanimotoMatern32,RBF,sum,,,,,,,,,,,,,,,,,,,,,,
Machine Learning-Enabled Prediction and High-Throughput Screening of Polymer Membranes for Pervaporation Separation,target_log (Total flux),GpyroHMC,TanimotoMatern32,RBF,product,,,,,,,,,,,,,,,,,,,,,,
Machine Learning-Enabled Prediction and High-Throughput Screening of Polymer Membranes for Pervaporation Separation,target_log (Total flux),GpyroHMC,TanimotoMatern32,RBF,averageProduct,,,,,,,,,,,,,,,,,,,,,,
Machine Learning-Enabled Prediction and High-Throughput Screening of Polymer Membranes for Pervaporation Separation,target_log (Total flux),GpyroHMC,TanimotoMatern32,RBF,(count:+)x(fp:x),,,,,,,,,,,,,,,,,,,,,,
Machine Learning-Enabled Prediction and High-Throughput Screening of Polymer Membranes for Pervaporation Separation,target_log (Total flux),GpyroHMC,TanimotoMatern32,RBF,(count:+)x(fp:+),,,,,,,,,,,,,,,,,,,,,,
Machine Learning-Enabled Prediction and High-Throughput Screening of Polymer Membranes for Pervaporation Separation,target_log (Total flux),GpyroHMC,TanimotoMatern32,RBF,(count:x)+(fp:x),,,,,,,,,,,,,,,,,,,,,,
Machine Learning-Enabled Prediction and High-Throughput Screening of Polymer Membranes for Pervaporation Separation,target_log (Total flux),GpyroHMC,TanimotoMatern52,Matern32,sum,,,,,,,,,,,,,,,,,,,,,,
Machine Learning-Enabled Prediction and High-Throughput Screening of Polymer Membranes for Pervaporation Separation,target_log (Total flux),GpyroHMC,TanimotoMatern52,Matern32,product,,,,,,,,,,,,,,,,,,,,,,
Machine Learning-Enabled Prediction and High-Throughput Screening of Polymer Membranes for Pervaporation Separation,target_log (Total flux),GpyroHMC,TanimotoMatern52,Matern32,averageProduct,,,,,,,,,,,,,,,,,,,,,,
Machine Learning-Enabled Prediction and High-Throughput Screening of Polymer Membranes for Pervaporation Separation,target_log (Total flux),GpyroHMC,TanimotoMatern52,Matern32,(count:+)x(fp:x),,,,,,,,,,,,,,,,,,,,,,
Machine Learning-Enabled Prediction and High-Throughput Screening of Polymer Membranes for Pervaporation Separation,target_log (Total flux),GpyroHMC,TanimotoMatern52,Matern32,(count:+)x(fp:+),,,,,,,,,,,,,,,,,,,,,,
Machine Learning-Enabled Prediction and High-Throughput Screening of Polymer Membranes for Pervaporation Separation,target_log (Total flux),GpyroHMC,TanimotoMatern52,Matern32,(count:x)+(fp:x),,,,,,,,,,,,,,,,,,,,,,
Machine Learning-Enabled Prediction and High-Throughput Screening of Polymer Membranes for Pervaporation Separation,target_log (Total flux),GpyroHMC,TanimotoMatern52,Matern52,sum,,,,,,,,,,,,,,,,,,,,,,
Machine Learning-Enabled Prediction and High-Throughput Screening of Polymer Membranes for Pervaporation Separation,target_log (Total flux),GpyroHMC,TanimotoMatern52,Matern52,product,,,,,,,,,,,,,,,,,,,,,,
Machine Learning-Enabled Prediction and High-Throughput Screening of Polymer Membranes for Pervaporation Separation,target_log (Total flux),GpyroHMC,TanimotoMatern52,Matern52,averageProduct,,,,,,,,,,,,,,,,,,,,,,
Machine Learning-Enabled Prediction and High-Throughput Screening of Polymer Membranes for Pervaporation Separation,target_log (Total flux),GpyroHMC,TanimotoMatern52,Matern52,(count:+)x(fp:x),,,,,,,,,,,,,,,,,,,,,,
Machine Learning-Enabled Prediction and High-Throughput Screening of Polymer Membranes for Pervaporation Separation,target_log (Total flux),GpyroHMC,TanimotoMatern52,Matern52,(count:+)x(fp:+),,,,,,,,,,,,,,,,,,,,,,
Machine Learning-Enabled Prediction and High-Throughput Screening of Polymer Membranes for Pervaporation Separation,target_log (Total flux),GpyroHMC,TanimotoMatern52,Matern52,(count:x)+(fp:x),,,,,,,,,,,,,,,,,,,,,,
Machine Learning-Enabled Prediction and High-Throughput Screening of Polymer Membranes for Pervaporation Separation,target_log (Total flux),GpyroHMC,TanimotoMatern52,RBF,sum,,,,,,,,,,,,,,,,,,,,,,
Machine Learning-Enabled Prediction and High-Throughput Screening of Polymer Membranes for Pervaporation Separation,target_log (Total flux),GpyroHMC,TanimotoMatern52,RBF,product,,,,,,,,,,,,,,,,,,,,,,
Machine Learning-Enabled Prediction and High-Throughput Screening of Polymer Membranes for Pervaporation Separation,target_log (Total flux),GpyroHMC,TanimotoMatern52,RBF,averageProduct,,,,,,,,,,,,,,,,,,,,,,
Machine Learning-Enabled Prediction and High-Throughput Screening of Polymer Membranes for Pervaporation Separation,target_log (Total flux),GpyroHMC,TanimotoMatern52,RBF,(count:+)x(fp:x),,,,,,,,,,,,,,,,,,,,,,
Machine Learning-Enabled Prediction and High-Throughput Screening of Polymer Membranes for Pervaporation Separation,target_log (Total flux),GpyroHMC,TanimotoMatern52,RBF,(count:+)x(fp:+),,,,,,,,,,,,,,,,,,,,,,
Machine Learning-Enabled Prediction and High-Throughput Screening of Polymer Membranes for Pervaporation Separation,target_log (Total flux),GpyroHMC,TanimotoMatern52,RBF,(count:x)+(fp:x),,,,,,,,,,,,,,,,,,,,,,
Machine Learning-Enabled Prediction and High-Throughput Screening of Polymer Membranes for Pervaporation Separation,target_log (Total flux),GpyroHMC,TanimotoRBF,Matern32,sum,,,,,,,,,,,,,,,,,,,,,,
Machine Learning-Enabled Prediction and High-Throughput Screening of Polymer Membranes for Pervaporation Separation,target_log (Total flux),GpyroHMC,TanimotoRBF,Matern32,product,,,,,,,,,,,,,,,,,,,,,,
Machine Learning-Enabled Prediction and High-Throughput Screening of Polymer Membranes for Pervaporation Separation,target_log (Total flux),GpyroHMC,TanimotoRBF,Matern32,averageProduct,,,,,,,,,,,,,,,,,,,,,,
Machine Learning-Enabled Prediction and High-Throughput Screening of Polymer Membranes for Pervaporation Separation,target_log (Total flux),GpyroHMC,TanimotoRBF,Matern32,(count:+)x(fp:x),,,,,,,,,,,,,,,,,,,,,,
Machine Learning-Enabled Prediction and High-Throughput Screening of Polymer Membranes for Pervaporation Separation,target_log (Total flux),GpyroHMC,TanimotoRBF,Matern32,(count:+)x(fp:+),,,,,,,,,,,,,,,,,,,,,,
Machine Learning-Enabled Prediction and High-Throughput Screening of Polymer Membranes for Pervaporation Separation,target_log (Total flux),GpyroHMC,TanimotoRBF,Matern32,(count:x)+(fp:x),,,,,,,,,,,,,,,,,,,,,,
Machine Learning-Enabled Prediction and High-Throughput Screening of Polymer Membranes for Pervaporation Separation,target_log (Total flux),GpyroHMC,TanimotoRBF,Matern52,sum,,,,,,,,,,,,,,,,,,,,,,
Machine Learning-Enabled Prediction and High-Throughput Screening of Polymer Membranes for Pervaporation Separation,target_log (Total flux),GpyroHMC,TanimotoRBF,Matern52,product,,,,,,,,,,,,,,,,,,,,,,
Machine Learning-Enabled Prediction and High-Throughput Screening of Polymer Membranes for Pervaporation Separation,target_log (Total flux),GpyroHMC,TanimotoRBF,Matern52,averageProduct,,,,,,,,,,,,,,,,,,,,,,
Machine Learning-Enabled Prediction and High-Throughput Screening of Polymer Membranes for Pervaporation Separation,target_log (Total flux),GpyroHMC,TanimotoRBF,Matern52,(count:+)x(fp:x),,,,,,,,,,,,,,,,,,,,,,
Machine Learning-Enabled Prediction and High-Throughput Screening of Polymer Membranes for Pervaporation Separation,target_log (Total flux),GpyroHMC,TanimotoRBF,Matern52,(count:+)x(fp:+),,,,,,,,,,,,,,,,,,,,,,
Machine Learning-Enabled Prediction and High-Throughput Screening of Polymer Membranes for Pervaporation Separation,target_log (Total flux),GpyroHMC,TanimotoRBF,Matern52,(count:x)+(fp:x),,,,,,,,,,,,,,,,,,,,,,
Machine Learning-Enabled Prediction and High-Throughput Screening of Polymer Membranes for Pervaporation Separation,target_log (Total flux),GpyroHMC,TanimotoRBF,RBF,sum,,,,,,,,,,,,,,,,,,,,,,
Machine Learning-Enabled Prediction and High-Throughput Screening of Polymer Membranes for Pervaporation Separation,target_log (Total flux),GpyroHMC,TanimotoRBF,RBF,product,,,,,,,,,,,,,,,,,,,,,,
Machine Learning-Enabled Prediction and High-Throughput Screening of Polymer Membranes for Pervaporation Separation,target_log (Total flux),GpyroHMC,TanimotoRBF,RBF,averageProduct,,,,,,,,,,,,,,,,,,,,,,
Machine Learning-Enabled Prediction and High-Throughput Screening of Polymer Membranes for Pervaporation Separation,target_log (Total flux),GpyroHMC,TanimotoRBF,RBF,(count:+)x(fp:x),,,,,,,,,,,,,,,,,,,,,,
Machine Learning-Enabled Prediction and High-Throughput Screening of Polymer Membranes for Pervaporation Separation,target_log (Total flux),GpyroHMC,TanimotoRBF,RBF,(count:+)x(fp:+),,,,,,,,,,,,,,,,,,,,,,
Machine Learning-Enabled Prediction and High-Throughput Screening of Polymer Membranes for Pervaporation Separation,target_log (Total flux),GpyroHMC,TanimotoRBF,RBF,(count:x)+(fp:x),,,,,,,,,,,,,,,,,,,,,,
Machine Learning-Enabled Prediction and High-Throughput Screening of Polymer Membranes for Pervaporation Separation,target_log (Total flux),GpyroHMC,Tanimoto,Matern32,sum,,,,,,,,,,,,,,,,,,,,,,
Machine Learning-Enabled Prediction and High-Throughput Screening of Polymer Membranes for Pervaporation Separation,target_log (Total flux),GpyroHMC,Tanimoto,Matern32,product,,,,,,,,,,,,,,,,,,,,,,
Machine Learning-Enabled Prediction and High-Throughput Screening of Polymer Membranes for Pervaporation Separation,target_log (Total flux),GpyroHMC,Tanimoto,Matern32,averageProduct,,,,,,,,,,,,,,,,,,,,,,
Machine Learning-Enabled Prediction and High-Throughput Screening of Polymer Membranes for Pervaporation Separation,target_log (Total flux),GpyroHMC,Tanimoto,Matern32,(count:+)x(fp:x),,,,,,,,,,,,,,,,,,,,,,
Machine Learning-Enabled Prediction and High-Throughput Screening of Polymer Membranes for Pervaporation Separation,target_log (Total flux),GpyroHMC,Tanimoto,Matern32,(count:+)x(fp:+),,,,,,,,,,,,,,,,,,,,,,
Machine Learning-Enabled Prediction and High-Throughput Screening of Polymer Membranes for Pervaporation Separation,target_log (Total flux),GpyroHMC,Tanimoto,Matern32,(count:x)+(fp:x),,,,,,,,,,,,,,,,,,,,,,
Machine Learning-Enabled Prediction and High-Throughput Screening of Polymer Membranes for Pervaporation Separation,target_log (Total flux),GpyroHMC,Tanimoto,Matern52,sum,,,,,,,,,,,,,,,,,,,,,,
Machine Learning-Enabled Prediction and High-Throughput Screening of Polymer Membranes for Pervaporation Separation,target_log (Total flux),GpyroHMC,Tanimoto,Matern52,product,,,,,,,,,,,,,,,,,,,,,,
Machine Learning-Enabled Prediction and High-Throughput Screening of Polymer Membranes for Pervaporation Separation,target_log (Total flux),GpyroHMC,Tanimoto,Matern52,averageProduct,,,,,,,,,,,,,,,,,,,,,,
Machine Learning-Enabled Prediction and High-Throughput Screening of Polymer Membranes for Pervaporation Separation,target_log (Total flux),GpyroHMC,Tanimoto,Matern52,(count:+)x(fp:x),,,,,,,,,,,,,,,,,,,,,,
Machine Learning-Enabled Prediction and High-Throughput Screening of Polymer Membranes for Pervaporation Separation,target_log (Total flux),GpyroHMC,Tanimoto,Matern52,(count:+)x(fp:+),,,,,,,,,,,,,,,,,,,,,,
Machine Learning-Enabled Prediction and High-Throughput Screening of Polymer Membranes for Pervaporation Separation,target_log (Total flux),GpyroHMC,Tanimoto,Matern52,(count:x)+(fp:x),,,,,,,,,,,,,,,,,,,,,,
Machine Learning-Enabled Prediction and High-Throughput Screening of Polymer Membranes for Pervaporation Separation,target_log (Total flux),GpyroHMC,Tanimoto,RBF,sum,,,,,,,,,,,,,,,,,,,,,,
Machine Learning-Enabled Prediction and High-Throughput Screening of Polymer Membranes for Pervaporation Separation,target_log (Total flux),GpyroHMC,Tanimoto,RBF,product,,,,,,,,,,,,,,,,,,,,,,
Machine Learning-Enabled Prediction and High-Throughput Screening of Polymer Membranes for Pervaporation Separation,target_log (Total flux),GpyroHMC,Tanimoto,RBF,averageProduct,,,,,,,,,,,,,,,,,,,,,,
Machine Learning-Enabled Prediction and High-Throughput Screening of Polymer Membranes for Pervaporation Separation,target_log (Total flux),GpyroHMC,Tanimoto,RBF,(count:+)x(fp:x),,,,,,,,,,,,,,,,,,,,,,
Machine Learning-Enabled Prediction and High-Throughput Screening of Polymer Membranes for Pervaporation Separation,target_log (Total flux),GpyroHMC,Tanimoto,RBF,(count:+)x(fp:+),,,,,,,,,,,,,,,,,,,,,,
Machine Learning-Enabled Prediction and High-Throughput Screening of Polymer Membranes for Pervaporation Separation,target_log (Total flux),GpyroHMC,Tanimoto,RBF,(count:x)+(fp:x),,,,,,,,,,,,,,,,,,,,,,
Machine Learning-Enabled Prediction and High-Throughput Screening of Polymer Membranes for Pervaporation Separation,target_log (Total flux),GpyroHMC,Matern32,Matern32,sum,,,,,,,,,,,,,,,,,,,,,,
Machine Learning-Enabled Prediction and High-Throughput Screening of Polymer Membranes for Pervaporation Separation,target_log (Total flux),GpyroHMC,Matern32,Matern32,product,,,,,,,,,,,,,,,,,,,,,,
Machine Learning-Enabled Prediction and High-Throughput Screening of Polymer Membranes for Pervaporation Separation,target_log (Total flux),GpyroHMC,Matern32,Matern32,averageProduct,,,,,,,,,,,,,,,,,,,,,,
Machine Learning-Enabled Prediction and High-Throughput Screening of Polymer Membranes for Pervaporation Separation,target_log (Total flux),GpyroHMC,Matern32,Matern32,(count:+)x(fp:x),,,,,,,,,,,,,,,,,,,,,,
Machine Learning-Enabled Prediction and High-Throughput Screening of Polymer Membranes for Pervaporation Separation,target_log (Total flux),GpyroHMC,Matern32,Matern32,(count:+)x(fp:+),,,,,,,,,,,,,,,,,,,,,,
Machine Learning-Enabled Prediction and High-Throughput Screening of Polymer Membranes for Pervaporation Separation,target_log (Total flux),GpyroHMC,Matern32,Matern32,(count:x)+(fp:x),,,,,,,,,,,,,,,,,,,,,,
Machine Learning-Enabled Prediction and High-Throughput Screening of Polymer Membranes for Pervaporation Separation,target_log (Total flux),GpyroHMC,Matern32,Matern52,sum,,,,,,,,,,,,,,,,,,,,,,
Machine Learning-Enabled Prediction and High-Throughput Screening of Polymer Membranes for Pervaporation Separation,target_log (Total flux),GpyroHMC,Matern32,Matern52,product,,,,,,,,,,,,,,,,,,,,,,
Machine Learning-Enabled Prediction and High-Throughput Screening of Polymer Membranes for Pervaporation Separation,target_log (Total flux),GpyroHMC,Matern32,Matern52,averageProduct,,,,,,,,,,,,,,,,,,,,,,
Machine Learning-Enabled Prediction and High-Throughput Screening of Polymer Membranes for Pervaporation Separation,target_log (Total flux),GpyroHMC,Matern32,Matern52,(count:+)x(fp:x),,,,,,,,,,,,,,,,,,,,,,
Machine Learning-Enabled Prediction and High-Throughput Screening of Polymer Membranes for Pervaporation Separation,target_log (Total flux),GpyroHMC,Matern32,Matern52,(count:+)x(fp:+),,,,,,,,,,,,,,,,,,,,,,
Machine Learning-Enabled Prediction and High-Throughput Screening of Polymer Membranes for Pervaporation Separation,target_log (Total flux),GpyroHMC,Matern32,Matern52,(count:x)+(fp:x),,,,,,,,,,,,,,,,,,,,,,
Machine Learning-Enabled Prediction and High-Throughput Screening of Polymer Membranes for Pervaporation Separation,target_log (Total flux),GpyroHMC,Matern32,RBF,sum,,,,,,,,,,,,,,,,,,,,,,
Machine Learning-Enabled Prediction and High-Throughput Screening of Polymer Membranes for Pervaporation Separation,target_log (Total flux),GpyroHMC,Matern32,RBF,product,,,,,,,,,,,,,,,,,,,,,,
Machine Learning-Enabled Prediction and High-Throughput Screening of Polymer Membranes for Pervaporation Separation,target_log (Total flux),GpyroHMC,Matern32,RBF,averageProduct,,,,,,,,,,,,,,,,,,,,,,
Machine Learning-Enabled Prediction and High-Throughput Screening of Polymer Membranes for Pervaporation Separation,target_log (Total flux),GpyroHMC,Matern32,RBF,(count:+)x(fp:x),,,,,,,,,,,,,,,,,,,,,,
Machine Learning-Enabled Prediction and High-Throughput Screening of Polymer Membranes for Pervaporation Separation,target_log (Total flux),GpyroHMC,Matern32,RBF,(count:+)x(fp:+),,,,,,,,,,,,,,,,,,,,,,
Machine Learning-Enabled Prediction and High-Throughput Screening of Polymer Membranes for Pervaporation Separation,target_log (Total flux),GpyroHMC,Matern32,RBF,(count:x)+(fp:x),,,,,,,,,,,,,,,,,,,,,,
Machine Learning-Enabled Prediction and High-Throughput Screening of Polymer Membranes for Pervaporation Separation,target_log (Total flux),GpyroHMC,Matern52,Matern32,sum,,,,,,,,,,,,,,,,,,,,,,
Machine Learning-Enabled Prediction and High-Throughput Screening of Polymer Membranes for Pervaporation Separation,target_log (Total flux),GpyroHMC,Matern52,Matern32,product,,,,,,,,,,,,,,,,,,,,,,
Machine Learning-Enabled Prediction and High-Throughput Screening of Polymer Membranes for Pervaporation Separation,target_log (Total flux),GpyroHMC,Matern52,Matern32,averageProduct,,,,,,,,,,,,,,,,,,,,,,
Machine Learning-Enabled Prediction and High-Throughput Screening of Polymer Membranes for Pervaporation Separation,target_log (Total flux),GpyroHMC,Matern52,Matern32,(count:+)x(fp:x),,,,,,,,,,,,,,,,,,,,,,
Machine Learning-Enabled Prediction and High-Throughput Screening of Polymer Membranes for Pervaporation Separation,target_log (Total flux),GpyroHMC,Matern52,Matern32,(count:+)x(fp:+),,,,,,,,,,,,,,,,,,,,,,
Machine Learning-Enabled Prediction and High-Throughput Screening of Polymer Membranes for Pervaporation Separation,target_log (Total flux),GpyroHMC,Matern52,Matern32,(count:x)+(fp:x),,,,,,,,,,,,,,,,,,,,,,
Machine Learning-Enabled Prediction and High-Throughput Screening of Polymer Membranes for Pervaporation Separation,target_log (Total flux),GpyroHMC,Matern52,Matern52,sum,,,,,,,,,,,,,,,,,,,,,,
Machine Learning-Enabled Prediction and High-Throughput Screening of Polymer Membranes for Pervaporation Separation,target_log (Total flux),GpyroHMC,Matern52,Matern52,product,,,,,,,,,,,,,,,,,,,,,,
Machine Learning-Enabled Prediction and High-Throughput Screening of Polymer Membranes for Pervaporation Separation,target_log (Total flux),GpyroHMC,Matern52,Matern52,averageProduct,,,,,,,,,,,,,,,,,,,,,,
Machine Learning-Enabled Prediction and High-Throughput Screening of Polymer Membranes for Pervaporation Separation,target_log (Total flux),GpyroHMC,Matern52,Matern52,(count:+)x(fp:x),,,,,,,,,,,,,,,,,,,,,,
Machine Learning-Enabled Prediction and High-Throughput Screening of Polymer Membranes for Pervaporation Separation,target_log (Total flux),GpyroHMC,Matern52,Matern52,(count:+)x(fp:+),,,,,,,,,,,,,,,,,,,,,,
Machine Learning-Enabled Prediction and High-Throughput Screening of Polymer Membranes for Pervaporation Separation,target_log (Total flux),GpyroHMC,Matern52,Matern52,(count:x)+(fp:x),,,,,,,,,,,,,,,,,,,,,,
Machine Learning-Enabled Prediction and High-Throughput Screening of Polymer Membranes for Pervaporation Separation,target_log (Total flux),GpyroHMC,Matern52,RBF,sum,,,,,,,,,,,,,,,,,,,,,,
Machine Learning-Enabled Prediction and High-Throughput Screening of Polymer Membranes for Pervaporation Separation,target_log (Total flux),GpyroHMC,Matern52,RBF,product,,,,,,,,,,,,,,,,,,,,,,
Machine Learning-Enabled Prediction and High-Throughput Screening of Polymer Membranes for Pervaporation Separation,target_log (Total flux),GpyroHMC,Matern52,RBF,averageProduct,,,,,,,,,,,,,,,,,,,,,,
Machine Learning-Enabled Prediction and High-Throughput Screening of Polymer Membranes for Pervaporation Separation,target_log (Total flux),GpyroHMC,Matern52,RBF,(count:+)x(fp:x),,,,,,,,,,,,,,,,,,,,,,
Machine Learning-Enabled Prediction and High-Throughput Screening of Polymer Membranes for Pervaporation Separation,target_log (Total flux),GpyroHMC,Matern52,RBF,(count:+)x(fp:+),,,,,,,,,,,,,,,,,,,,,,
Machine Learning-Enabled Prediction and High-Throughput Screening of Polymer Membranes for Pervaporation Separation,target_log (Total flux),GpyroHMC,Matern52,RBF,(count:x)+(fp:x),,,,,,,,,,,,,,,,,,,,,,
Machine Learning-Enabled Prediction and High-Throughput Screening of Polymer Membranes for Pervaporation Separation,target_log (Total flux),GpyroHMC,RBF,Matern32,sum,,,,,,,,,,,,,,,,,,,,,,
Machine Learning-Enabled Prediction and High-Throughput Screening of Polymer Membranes for Pervaporation Separation,target_log (Total flux),GpyroHMC,RBF,Matern32,product,,,,,,,,,,,,,,,,,,,,,,
Machine Learning-Enabled Prediction and High-Throughput Screening of Polymer Membranes for Pervaporation Separation,target_log (Total flux),GpyroHMC,RBF,Matern32,averageProduct,,,,,,,,,,,,,,,,,,,,,,
Machine Learning-Enabled Prediction and High-Throughput Screening of Polymer Membranes for Pervaporation Separation,target_log (Total flux),GpyroHMC,RBF,Matern32,(count:+)x(fp:x),,,,,,,,,,,,,,,,,,,,,,
Machine Learning-Enabled Prediction and High-Throughput Screening of Polymer Membranes for Pervaporation Separation,target_log (Total flux),GpyroHMC,RBF,Matern32,(count:+)x(fp:+),,,,,,,,,,,,,,,,,,,,,,
Machine Learning-Enabled Prediction and High-Throughput Screening of Polymer Membranes for Pervaporation Separation,target_log (Total flux),GpyroHMC,RBF,Matern32,(count:x)+(fp:x),,,,,,,,,,,,,,,,,,,,,,
Machine Learning-Enabled Prediction and High-Throughput Screening of Polymer Membranes for Pervaporation Separation,target_log (Total flux),GpyroHMC,RBF,Matern52,sum,,,,,,,,,,,,,,,,,,,,,,
Machine Learning-Enabled Prediction and High-Throughput Screening of Polymer Membranes for Pervaporation Separation,target_log (Total flux),GpyroHMC,RBF,Matern52,product,,,,,,,,,,,,,,,,,,,,,,
Machine Learning-Enabled Prediction and High-Throughput Screening of Polymer Membranes for Pervaporation Separation,target_log (Total flux),GpyroHMC,RBF,Matern52,averageProduct,,,,,,,,,,,,,,,,,,,,,,
Machine Learning-Enabled Prediction and High-Throughput Screening of Polymer Membranes for Pervaporation Separation,target_log (Total flux),GpyroHMC,RBF,Matern52,(count:+)x(fp:x),,,,,,,,,,,,,,,,,,,,,,
Machine Learning-Enabled Prediction and High-Throughput Screening of Polymer Membranes for Pervaporation Separation,target_log (Total flux),GpyroHMC,RBF,Matern52,(count:+)x(fp:+),,,,,,,,,,,,,,,,,,,,,,
Machine Learning-Enabled Prediction and High-Throughput Screening of Polymer Membranes for Pervaporation Separation,target_log (Total flux),GpyroHMC,RBF,Matern52,(count:x)+(fp:x),,,,,,,,,,,,,,,,,,,,,,
Machine Learning-Enabled Prediction and High-Throughput Screening of Polymer Membranes for Pervaporation Separation,target_log (Total flux),GpyroHMC,RBF,RBF,sum,,,,,,,,,,,,,,,,,,,,,,
Machine Learning-Enabled Prediction and High-Throughput Screening of Polymer Membranes for Pervaporation Separation,target_log (Total flux),GpyroHMC,RBF,RBF,product,,,,,,,,,,,,,,,,,,,,,,
Machine Learning-Enabled Prediction and High-Throughput Screening of Polymer Membranes for Pervaporation Separation,target_log (Total flux),GpyroHMC,RBF,RBF,averageProduct,,,,,,,,,,,,,,,,,,,,,,
Machine Learning-Enabled Prediction and High-Throughput Screening of Polymer Membranes for Pervaporation Separation,target_log (Total flux),GpyroHMC,RBF,RBF,(count:+)x(fp:x),,,,,,,,,,,,,,,,,,,,,,
Machine Learning-Enabled Prediction and High-Throughput Screening of Polymer Membranes for Pervaporation Separation,target_log (Total flux),GpyroHMC,RBF,RBF,(count:+)x(fp:+),,,,,,,,,,,,,,,,,,,,,,
Machine Learning-Enabled Prediction and High-Throughput Screening of Polymer Membranes for Pervaporation Separation,target_log (Total flux),GpyroHMC,RBF,RBF,(count:x)+(fp:x),,,,,,,,,,,,,,,,,,,,,,
Machine Learning-Enabled Prediction and High-Throughput Screening of Polymer Membranes for Pervaporation Separation,target_log (Total flux),GPytorchMAP,TanimotoMatern32,Matern32,sum,"{""0"": 0.426149821438797, ""1"": 0.42796344962594607, ""2"": 0.6101228322598508, ""3"": 0.8664393186297946, ""4"": 0.9768172928611757, ""5"": 0.5403048205097166}","{""0"": -0.12054425038099148, ""1"": -0.5160141856156237, ""2"": -0.5232678667013657, ""3"": -0.8620122288478835, ""4"": -2.873813932828788, ""5"": -0.034624033586637015}","{""0"": 0.3745775663974845, ""1"": 0.3581618000294851, ""2"": 0.5578516668632083, ""3"": 0.7393928926937922, ""4"": 0.886530364229663, ""5"": 0.4256640049905539}","{""0"": 0.04924242424242424, ""1"": 0.11952380952380959, ""2"": 0.30258799171842654, ""3"": 0.3476931949250289, ""4"": 0.3583333333333334, ""5"": 0.2255208333333334}","{""0"": 0.3594652294817212, ""1"": 0.33538387481227244, ""2"": 0.1903370989085233, ""3"": 0.18199984686176948, ""4"": 0.45023616975014363, ""5"": 0.12646556452531874}","{""0"": 0.6139220418281105, ""1"": 0.6528269973829361, ""2"": 1.4973066740452643, ""3"": 4.997295553794618, ""4"": 2.0457927942363656, ""5"": 0.8175693734659746}","{""0"": 0.11318181818181819, ""1"": 0.2302197802197802, ""2"": 0.18316770186335402, ""3"": 0.15588235294117647, ""4"": 0.384375, ""5"": 0.1140625}","{""0"": 0.3062331974506378, ""1"": 0.11697741597890854, ""2"": 0.1840306520462036, ""3"": 0.3641536831855774, ""4"": 0.21178820729255676, ""5"": 0.26966601610183716}","{""0"": 0.2130448572449193, ""1"": 0.19388019459760295, ""2"": -0.20977123676739842, ""3"": 0.2910791178832059, ""4"": 0.5234604105571847, ""5"": 0.6097399054786198}","{""0"": 0.5208813548088074, ""1"": 0.3342232406139374, ""2"": 0.3554352819919586, ""3"": 0.288892537355423, ""4"": 0.4629642963409424, ""5"": 0.297362744808197}","{""0"": 81.78263101866469, ""1"": 71.13684733770788, ""2"": 66.55978740332648, ""3"": 60.45905236899853, ""4"": 77.69125643512234, ""5"": 71.54435349395499}","{""0"": [0.3506464983794259, 0.3359473277265521, 0.24291878081926677, 0.21654766431693548, 0.24357381600325193], ""1"": [0.35892503055848096, 0.258539489121454, 0.3028598755964622, 0.26115746309274196, 0.2658785498739025], ""2"": [0.2412193230815634, 0.26764695507011166, 0.2508612766103203, 0.26063991889957505, 0.27288587571112133], ""3"": [0.28212402113764523, 0.31850371890650936, 0.29085707586813053, 0.3089393617830129, 0.2772265550047219], ""4"": [0.2100645843447147, 0.20969688096347427, 0.34897773396552867, 0.15966019133695275, 0.2780543485151482], ""5"": [0.26040075189727274, 0.26485766964769775, 0.2140954151572635, 0.25939033414921725, 0.23467820036181733]}","{""0"": [0.65524420856709, 0.7503503477087867, 0.8947832455405426, 0.9015839636600269, 0.8667495439257047], ""1"": [0.7141842804177785, 0.7960967444635695, 0.7510048503402421, 0.8353473257328355, 0.8084163361497623], ""2"": [0.863926302141691, 0.8179883402934341, 0.840792229970617, 0.8699417199007564, 0.8235129327238826], ""3"": [0.7977611841825185, 0.7768233748452626, 0.7932640389495005, 0.7860979798506982, 0.8045994062576124], ""4"": [0.8705296393762878, 0.8484901574288473, 0.680446197964838, 0.928314753000193, 0.8498307166500518], ""5"": [0.7986595636483169, 0.8226917656998433, 0.9025078961490786, 0.8615749389623, 0.8590026025862851]}","{""0"": [0.24616436839166045, 0.22753248956950048, 0.17278068043382752, 0.16962320189137267, 0.19067774388179026], ""1"": [0.2460719890556337, 0.18882207801474588, 0.23099049748275768, 0.19251313412797635, 0.1943633454938511], ""2"": [0.1876382212944654, 0.20424498381108122, 0.17834112890030615, 0.1834828743173514, 0.20299129190139756], ""3"": [0.20804266612192493, 0.22396334732101994, 0.20583900415721842, 0.21216182577756526, 0.20260233742970132], ""4"": [0.16476664092623516, 0.1595244408087232, 0.2631027121371812, 0.13493231216166865, 0.2043710986026277], ""5"": [0.19171554794298523, 0.2065202840999245, 0.17731606680106451, 0.16298176896140779, 0.16811608508481846]}","{""0"": [0.0581818181818182, 0.0334848484848485, 0.08257575757575757, 0.06030303030303028, 0.02363636363636362], ""1"": [0.038937728937728976, 0.040109890109890106, 0.03901098901098904, 0.04267399267399267, 0.03263736263736264], ""2"": [0.03985507246376809, 0.02283643892339544, 0.07699792960662524, 0.06677018633540371, 0.01786749482401656], ""3"": [0.026262975778546728, 0.017750865051903115, 0.04185697808535176, 0.026239907727796996, 0.04575547866205304], ""4"": [0.06249999999999998, 0.0833333333333333, 0.0735416666666667, 0.12166666666666665, 0.03937500000000001], ""5"": [0.04458333333333332, 0.01364583333333335, 0.03239583333333331, 0.11135416666666667, 0.08135416666666666]}","{""0"": [0.0030788348782018497, 0.29300945114134197, 0.06490984337568687, 0.08459061621427849, 0.06512895533659527], ""1"": [0.3905549786412096, 0.027840654897848184, 0.08268463411262736, 0.026067347457026043, 0.026248582199484193], ""2"": [0.04220964710998022, 0.02273502029200296, 0.042924175769582816, 0.02431563907986427, 0.07140929350710382], ""3"": [0.023615575442849458, 0.010952040040553505, -0.34666193612172913, 0.018852381755064613, 0.03175016160256909], ""4"": [0.06853172637816547, 0.07410875286050234, 0.053950782673246815, 0.06014657853047241, 0.0880231118094371], ""5"": [0.04828754345131318, 0.029959061234660352, 0.05014411098325627, 0.06669998732215882, 0.06497246588255955]}","{""0"": [0.4945476894258673, 0.5360738701536708, -0.08043174083382483, -0.11330580648662539, 0.001961885008220224], ""1"": [0.36261235222158134, 0.062480422207538126, 0.21496288419137802, 0.0080013126600772, 0.09882123914186747], ""2"": [-0.013441067293405329, 0.06279850565474661, -0.02880434676291556, -0.007528165643790819, 0.11961890930729162], ""3"": [0.15775479414511137, 0.23609274244979478, 0.15300155785212421, 0.2709244283680296, 0.10749046574459079], ""4"": [-0.11316183008042982, -0.1501267814323482, 0.446044695535562, -0.25766436470099435, 0.12833774626846767], ""5"": [0.06440698950156812, 0.09060582535457515, -0.08902737682433393, 0.08383625090862395, -0.010788874380986913]}","{""0"": [0.02954545454545455, 0.034090909090909075, 0.06090909090909093, 0.08636363636363635, 0.06818181818181819], ""1"": [0.024505494505494507, 0.02472527472527473, 0.031538461538461536, 0.022307692307692313, 0.01879120879120878], ""2"": [0.04316770186335404, 0.015838509316770208, 0.0406832298136646, 0.03385093167701864, 0.0673913043478261], ""3"": [0.02148788927335639, 0.008823529411764699, 0.024117647058823532, 0.014982698961937716, 0.03228373702422145], ""4"": [0.03874999999999999, 0.068125, 0.033125, 0.08249999999999999, 0.055625], ""5"": [0.034062499999999996, 0.020312499999999987, 0.03156250000000001, 0.061250000000000006, 0.045]}","{""0"": [0.18579718470573425, 0.1395988017320633, 0.23935286700725555, 0.14138302206993103, 0.11508196592330933], ""1"": [0.2236955761909485, 0.10976147651672363, 0.08373430371284485, 0.17567579448223114, 0.130840465426445], ""2"": [0.12305864691734314, 0.19229824841022491, 0.13974103331565857, 0.15776588022708893, 0.06044501066207886], ""3"": [0.15020878612995148, 0.2131691873073578, 0.14289958775043488, 0.15169930458068848, 0.12396571040153503], ""4"": [0.22557245194911957, 0.059709444642066956, 0.10058403760194778, 0.12644459307193756, 0.22120825946331024], ""5"": [0.08792803436517715, 0.11736872792243958, 0.15516170859336853, 0.14596644043922424, 0.21868306398391724]}","{""0"": [0.03587159521589941, 0.03185341789992953, 0.13305144467935165, 0.11212516304223176, -0.016772374911909794], ""1"": [0.30532418102583814, 0.1032329988851728, 0.28819194215844834, 0.015225475597517267, 0.048002038579723336], ""2"": [0.21529319409284883, 0.12039650994214354, 0.19882015993917013, 0.10666181655235372, 0.05228242256850638], ""3"": [0.20113707561959435, 0.26976389237555465, 0.24362028374418473, 0.08025083715784147, 0.1954709324912243], ""4"": [-0.0007331378299120235, 0.3405425219941349, 0.09604105571847506, 0.3057184750733138, 0.43438416422287385], ""5"": [0.15306776556776555, 0.302518315018315, -0.06304945054945055, 0.15535714285714283, 0.061241543519849305]}","{""0"": [0.23542837798595428, 0.2367989420890808, 0.2627934515476227, 0.2504771053791046, 0.2469521164894104], ""1"": [0.24444839358329773, 0.24657148122787476, 0.24457260966300964, 0.2581571936607361, 0.24503588676452637], ""2"": [0.2602735161781311, 0.25941532850265503, 0.26154956221580505, 0.26392534375190735, 0.24788786470890045], ""3"": [0.24627292156219482, 0.25304150581359863, 0.25626757740974426, 0.23455564677715302, 0.272626131772995], ""4"": [0.25748831033706665, 0.24685993790626526, 0.24634163081645966, 0.2536851167678833, 0.2488795816898346], ""5"": [0.24328473210334778, 0.24878227710723877, 0.2553500831127167, 0.24685445427894592, 0.2563570737838745]}","{""0"": [70.75349247734994, 70.48402337869629, 70.70076265512034, 70.77803337806836, 70.62229392491281], ""1"": [70.07785568619147, 68.63186111394316, 69.52382978890091, 70.1683266540058, 70.14313804311678], ""2"": [64.49762209691107, 64.53392925998196, 64.53580700512975, 64.45526652596891, 64.39067762903869], ""3"": [57.004538289271295, 58.46280720178038, 56.890980332158506, 58.17901490489021, 58.256632884033024], ""4"": [73.68637549271807, 75.58080208394676, 75.80896287504584, 75.53450342593715, 75.20077155716717], ""5"": [70.3284730091691, 68.80210502212867, 70.791601926554, 70.70240922318771, 70.60307117784396]}"
Machine Learning-Enabled Prediction and High-Throughput Screening of Polymer Membranes for Pervaporation Separation,target_log (Total flux),GPytorchMAP,TanimotoMatern32,Matern32,product,,,,,,,,,,,,,,,,,,,,,,
Machine Learning-Enabled Prediction and High-Throughput Screening of Polymer Membranes for Pervaporation Separation,target_log (Total flux),GPytorchMAP,TanimotoMatern32,Matern32,averageProduct,,,,,,,,,,,,,,,,,,,,,,
Machine Learning-Enabled Prediction and High-Throughput Screening of Polymer Membranes for Pervaporation Separation,target_log (Total flux),GPytorchMAP,TanimotoMatern32,Matern32,(count:+)x(fp:x),,,,,,,,,,,,,,,,,,,,,,
Machine Learning-Enabled Prediction and High-Throughput Screening of Polymer Membranes for Pervaporation Separation,target_log (Total flux),GPytorchMAP,TanimotoMatern32,Matern32,(count:+)x(fp:+),,,,,,,,,,,,,,,,,,,,,,
Machine Learning-Enabled Prediction and High-Throughput Screening of Polymer Membranes for Pervaporation Separation,target_log (Total flux),GPytorchMAP,TanimotoMatern32,Matern32,(count:x)+(fp:x),,,,,,,,,,,,,,,,,,,,,,
Machine Learning-Enabled Prediction and High-Throughput Screening of Polymer Membranes for Pervaporation Separation,target_log (Total flux),GPytorchMAP,TanimotoMatern32,Matern52,sum,,,,,,,,,,,,,,,,,,,,,,
Machine Learning-Enabled Prediction and High-Throughput Screening of Polymer Membranes for Pervaporation Separation,target_log (Total flux),GPytorchMAP,TanimotoMatern32,Matern52,product,,,,,,,,,,,,,,,,,,,,,,
Machine Learning-Enabled Prediction and High-Throughput Screening of Polymer Membranes for Pervaporation Separation,target_log (Total flux),GPytorchMAP,TanimotoMatern32,Matern52,averageProduct,,,,,,,,,,,,,,,,,,,,,,
Machine Learning-Enabled Prediction and High-Throughput Screening of Polymer Membranes for Pervaporation Separation,target_log (Total flux),GPytorchMAP,TanimotoMatern32,Matern52,(count:+)x(fp:x),,,,,,,,,,,,,,,,,,,,,,
Machine Learning-Enabled Prediction and High-Throughput Screening of Polymer Membranes for Pervaporation Separation,target_log (Total flux),GPytorchMAP,TanimotoMatern32,Matern52,(count:+)x(fp:+),,,,,,,,,,,,,,,,,,,,,,
Machine Learning-Enabled Prediction and High-Throughput Screening of Polymer Membranes for Pervaporation Separation,target_log (Total flux),GPytorchMAP,TanimotoMatern32,Matern52,(count:x)+(fp:x),,,,,,,,,,,,,,,,,,,,,,
Machine Learning-Enabled Prediction and High-Throughput Screening of Polymer Membranes for Pervaporation Separation,target_log (Total flux),GPytorchMAP,TanimotoMatern32,RBF,sum,,,,,,,,,,,,,,,,,,,,,,
Machine Learning-Enabled Prediction and High-Throughput Screening of Polymer Membranes for Pervaporation Separation,target_log (Total flux),GPytorchMAP,TanimotoMatern32,RBF,product,,,,,,,,,,,,,,,,,,,,,,
Machine Learning-Enabled Prediction and High-Throughput Screening of Polymer Membranes for Pervaporation Separation,target_log (Total flux),GPytorchMAP,TanimotoMatern32,RBF,averageProduct,,,,,,,,,,,,,,,,,,,,,,
Machine Learning-Enabled Prediction and High-Throughput Screening of Polymer Membranes for Pervaporation Separation,target_log (Total flux),GPytorchMAP,TanimotoMatern32,RBF,(count:+)x(fp:x),,,,,,,,,,,,,,,,,,,,,,
Machine Learning-Enabled Prediction and High-Throughput Screening of Polymer Membranes for Pervaporation Separation,target_log (Total flux),GPytorchMAP,TanimotoMatern32,RBF,(count:+)x(fp:+),,,,,,,,,,,,,,,,,,,,,,
Machine Learning-Enabled Prediction and High-Throughput Screening of Polymer Membranes for Pervaporation Separation,target_log (Total flux),GPytorchMAP,TanimotoMatern32,RBF,(count:x)+(fp:x),,,,,,,,,,,,,,,,,,,,,,
Machine Learning-Enabled Prediction and High-Throughput Screening of Polymer Membranes for Pervaporation Separation,target_log (Total flux),GPytorchMAP,TanimotoMatern52,Matern32,sum,,,,,,,,,,,,,,,,,,,,,,
Machine Learning-Enabled Prediction and High-Throughput Screening of Polymer Membranes for Pervaporation Separation,target_log (Total flux),GPytorchMAP,TanimotoMatern52,Matern32,product,,,,,,,,,,,,,,,,,,,,,,
Machine Learning-Enabled Prediction and High-Throughput Screening of Polymer Membranes for Pervaporation Separation,target_log (Total flux),GPytorchMAP,TanimotoMatern52,Matern32,averageProduct,,,,,,,,,,,,,,,,,,,,,,
Machine Learning-Enabled Prediction and High-Throughput Screening of Polymer Membranes for Pervaporation Separation,target_log (Total flux),GPytorchMAP,TanimotoMatern52,Matern32,(count:+)x(fp:x),,,,,,,,,,,,,,,,,,,,,,
Machine Learning-Enabled Prediction and High-Throughput Screening of Polymer Membranes for Pervaporation Separation,target_log (Total flux),GPytorchMAP,TanimotoMatern52,Matern32,(count:+)x(fp:+),,,,,,,,,,,,,,,,,,,,,,
Machine Learning-Enabled Prediction and High-Throughput Screening of Polymer Membranes for Pervaporation Separation,target_log (Total flux),GPytorchMAP,TanimotoMatern52,Matern32,(count:x)+(fp:x),,,,,,,,,,,,,,,,,,,,,,
Machine Learning-Enabled Prediction and High-Throughput Screening of Polymer Membranes for Pervaporation Separation,target_log (Total flux),GPytorchMAP,TanimotoMatern52,Matern52,sum,,,,,,,,,,,,,,,,,,,,,,
Machine Learning-Enabled Prediction and High-Throughput Screening of Polymer Membranes for Pervaporation Separation,target_log (Total flux),GPytorchMAP,TanimotoMatern52,Matern52,product,,,,,,,,,,,,,,,,,,,,,,
Machine Learning-Enabled Prediction and High-Throughput Screening of Polymer Membranes for Pervaporation Separation,target_log (Total flux),GPytorchMAP,TanimotoMatern52,Matern52,averageProduct,,,,,,,,,,,,,,,,,,,,,,
Machine Learning-Enabled Prediction and High-Throughput Screening of Polymer Membranes for Pervaporation Separation,target_log (Total flux),GPytorchMAP,TanimotoMatern52,Matern52,(count:+)x(fp:x),,,,,,,,,,,,,,,,,,,,,,
Machine Learning-Enabled Prediction and High-Throughput Screening of Polymer Membranes for Pervaporation Separation,target_log (Total flux),GPytorchMAP,TanimotoMatern52,Matern52,(count:+)x(fp:+),,,,,,,,,,,,,,,,,,,,,,
Machine Learning-Enabled Prediction and High-Throughput Screening of Polymer Membranes for Pervaporation Separation,target_log (Total flux),GPytorchMAP,TanimotoMatern52,Matern52,(count:x)+(fp:x),,,,,,,,,,,,,,,,,,,,,,
Machine Learning-Enabled Prediction and High-Throughput Screening of Polymer Membranes for Pervaporation Separation,target_log (Total flux),GPytorchMAP,TanimotoMatern52,RBF,sum,,,,,,,,,,,,,,,,,,,,,,
Machine Learning-Enabled Prediction and High-Throughput Screening of Polymer Membranes for Pervaporation Separation,target_log (Total flux),GPytorchMAP,TanimotoMatern52,RBF,product,,,,,,,,,,,,,,,,,,,,,,
Machine Learning-Enabled Prediction and High-Throughput Screening of Polymer Membranes for Pervaporation Separation,target_log (Total flux),GPytorchMAP,TanimotoMatern52,RBF,averageProduct,,,,,,,,,,,,,,,,,,,,,,
Machine Learning-Enabled Prediction and High-Throughput Screening of Polymer Membranes for Pervaporation Separation,target_log (Total flux),GPytorchMAP,TanimotoMatern52,RBF,(count:+)x(fp:x),,,,,,,,,,,,,,,,,,,,,,
Machine Learning-Enabled Prediction and High-Throughput Screening of Polymer Membranes for Pervaporation Separation,target_log (Total flux),GPytorchMAP,TanimotoMatern52,RBF,(count:+)x(fp:+),,,,,,,,,,,,,,,,,,,,,,
Machine Learning-Enabled Prediction and High-Throughput Screening of Polymer Membranes for Pervaporation Separation,target_log (Total flux),GPytorchMAP,TanimotoMatern52,RBF,(count:x)+(fp:x),,,,,,,,,,,,,,,,,,,,,,
Machine Learning-Enabled Prediction and High-Throughput Screening of Polymer Membranes for Pervaporation Separation,target_log (Total flux),GPytorchMAP,TanimotoRBF,Matern32,sum,,,,,,,,,,,,,,,,,,,,,,
Machine Learning-Enabled Prediction and High-Throughput Screening of Polymer Membranes for Pervaporation Separation,target_log (Total flux),GPytorchMAP,TanimotoRBF,Matern32,product,,,,,,,,,,,,,,,,,,,,,,
Machine Learning-Enabled Prediction and High-Throughput Screening of Polymer Membranes for Pervaporation Separation,target_log (Total flux),GPytorchMAP,TanimotoRBF,Matern32,averageProduct,,,,,,,,,,,,,,,,,,,,,,
Machine Learning-Enabled Prediction and High-Throughput Screening of Polymer Membranes for Pervaporation Separation,target_log (Total flux),GPytorchMAP,TanimotoRBF,Matern32,(count:+)x(fp:x),,,,,,,,,,,,,,,,,,,,,,
Machine Learning-Enabled Prediction and High-Throughput Screening of Polymer Membranes for Pervaporation Separation,target_log (Total flux),GPytorchMAP,TanimotoRBF,Matern32,(count:+)x(fp:+),,,,,,,,,,,,,,,,,,,,,,
Machine Learning-Enabled Prediction and High-Throughput Screening of Polymer Membranes for Pervaporation Separation,target_log (Total flux),GPytorchMAP,TanimotoRBF,Matern32,(count:x)+(fp:x),,,,,,,,,,,,,,,,,,,,,,
Machine Learning-Enabled Prediction and High-Throughput Screening of Polymer Membranes for Pervaporation Separation,target_log (Total flux),GPytorchMAP,TanimotoRBF,Matern52,sum,,,,,,,,,,,,,,,,,,,,,,
Machine Learning-Enabled Prediction and High-Throughput Screening of Polymer Membranes for Pervaporation Separation,target_log (Total flux),GPytorchMAP,TanimotoRBF,Matern52,product,,,,,,,,,,,,,,,,,,,,,,
Machine Learning-Enabled Prediction and High-Throughput Screening of Polymer Membranes for Pervaporation Separation,target_log (Total flux),GPytorchMAP,TanimotoRBF,Matern52,averageProduct,,,,,,,,,,,,,,,,,,,,,,
Machine Learning-Enabled Prediction and High-Throughput Screening of Polymer Membranes for Pervaporation Separation,target_log (Total flux),GPytorchMAP,TanimotoRBF,Matern52,(count:+)x(fp:x),,,,,,,,,,,,,,,,,,,,,,
Machine Learning-Enabled Prediction and High-Throughput Screening of Polymer Membranes for Pervaporation Separation,target_log (Total flux),GPytorchMAP,TanimotoRBF,Matern52,(count:+)x(fp:+),,,,,,,,,,,,,,,,,,,,,,
Machine Learning-Enabled Prediction and High-Throughput Screening of Polymer Membranes for Pervaporation Separation,target_log (Total flux),GPytorchMAP,TanimotoRBF,Matern52,(count:x)+(fp:x),,,,,,,,,,,,,,,,,,,,,,
Machine Learning-Enabled Prediction and High-Throughput Screening of Polymer Membranes for Pervaporation Separation,target_log (Total flux),GPytorchMAP,TanimotoRBF,RBF,sum,,,,,,,,,,,,,,,,,,,,,,
Machine Learning-Enabled Prediction and High-Throughput Screening of Polymer Membranes for Pervaporation Separation,target_log (Total flux),GPytorchMAP,TanimotoRBF,RBF,product,,,,,,,,,,,,,,,,,,,,,,
Machine Learning-Enabled Prediction and High-Throughput Screening of Polymer Membranes for Pervaporation Separation,target_log (Total flux),GPytorchMAP,TanimotoRBF,RBF,averageProduct,,,,,,,,,,,,,,,,,,,,,,
Machine Learning-Enabled Prediction and High-Throughput Screening of Polymer Membranes for Pervaporation Separation,target_log (Total flux),GPytorchMAP,TanimotoRBF,RBF,(count:+)x(fp:x),,,,,,,,,,,,,,,,,,,,,,
Machine Learning-Enabled Prediction and High-Throughput Screening of Polymer Membranes for Pervaporation Separation,target_log (Total flux),GPytorchMAP,TanimotoRBF,RBF,(count:+)x(fp:+),,,,,,,,,,,,,,,,,,,,,,
Machine Learning-Enabled Prediction and High-Throughput Screening of Polymer Membranes for Pervaporation Separation,target_log (Total flux),GPytorchMAP,TanimotoRBF,RBF,(count:x)+(fp:x),,,,,,,,,,,,,,,,,,,,,,
Machine Learning-Enabled Prediction and High-Throughput Screening of Polymer Membranes for Pervaporation Separation,target_log (Total flux),GPytorchMAP,Tanimoto,Matern32,sum,,,,,,,,,,,,,,,,,,,,,,
Machine Learning-Enabled Prediction and High-Throughput Screening of Polymer Membranes for Pervaporation Separation,target_log (Total flux),GPytorchMAP,Tanimoto,Matern32,product,,,,,,,,,,,,,,,,,,,,,,
Machine Learning-Enabled Prediction and High-Throughput Screening of Polymer Membranes for Pervaporation Separation,target_log (Total flux),GPytorchMAP,Tanimoto,Matern32,averageProduct,,,,,,,,,,,,,,,,,,,,,,
Machine Learning-Enabled Prediction and High-Throughput Screening of Polymer Membranes for Pervaporation Separation,target_log (Total flux),GPytorchMAP,Tanimoto,Matern32,(count:+)x(fp:x),,,,,,,,,,,,,,,,,,,,,,
Machine Learning-Enabled Prediction and High-Throughput Screening of Polymer Membranes for Pervaporation Separation,target_log (Total flux),GPytorchMAP,Tanimoto,Matern32,(count:+)x(fp:+),,,,,,,,,,,,,,,,,,,,,,
Machine Learning-Enabled Prediction and High-Throughput Screening of Polymer Membranes for Pervaporation Separation,target_log (Total flux),GPytorchMAP,Tanimoto,Matern32,(count:x)+(fp:x),,,,,,,,,,,,,,,,,,,,,,
Machine Learning-Enabled Prediction and High-Throughput Screening of Polymer Membranes for Pervaporation Separation,target_log (Total flux),GPytorchMAP,Tanimoto,Matern52,sum,,,,,,,,,,,,,,,,,,,,,,
Machine Learning-Enabled Prediction and High-Throughput Screening of Polymer Membranes for Pervaporation Separation,target_log (Total flux),GPytorchMAP,Tanimoto,Matern52,product,,,,,,,,,,,,,,,,,,,,,,
Machine Learning-Enabled Prediction and High-Throughput Screening of Polymer Membranes for Pervaporation Separation,target_log (Total flux),GPytorchMAP,Tanimoto,Matern52,averageProduct,,,,,,,,,,,,,,,,,,,,,,
Machine Learning-Enabled Prediction and High-Throughput Screening of Polymer Membranes for Pervaporation Separation,target_log (Total flux),GPytorchMAP,Tanimoto,Matern52,(count:+)x(fp:x),,,,,,,,,,,,,,,,,,,,,,
Machine Learning-Enabled Prediction and High-Throughput Screening of Polymer Membranes for Pervaporation Separation,target_log (Total flux),GPytorchMAP,Tanimoto,Matern52,(count:+)x(fp:+),,,,,,,,,,,,,,,,,,,,,,
Machine Learning-Enabled Prediction and High-Throughput Screening of Polymer Membranes for Pervaporation Separation,target_log (Total flux),GPytorchMAP,Tanimoto,Matern52,(count:x)+(fp:x),,,,,,,,,,,,,,,,,,,,,,
Machine Learning-Enabled Prediction and High-Throughput Screening of Polymer Membranes for Pervaporation Separation,target_log (Total flux),GPytorchMAP,Tanimoto,RBF,sum,,,,,,,,,,,,,,,,,,,,,,
Machine Learning-Enabled Prediction and High-Throughput Screening of Polymer Membranes for Pervaporation Separation,target_log (Total flux),GPytorchMAP,Tanimoto,RBF,product,,,,,,,,,,,,,,,,,,,,,,
Machine Learning-Enabled Prediction and High-Throughput Screening of Polymer Membranes for Pervaporation Separation,target_log (Total flux),GPytorchMAP,Tanimoto,RBF,averageProduct,,,,,,,,,,,,,,,,,,,,,,
Machine Learning-Enabled Prediction and High-Throughput Screening of Polymer Membranes for Pervaporation Separation,target_log (Total flux),GPytorchMAP,Tanimoto,RBF,(count:+)x(fp:x),,,,,,,,,,,,,,,,,,,,,,
Machine Learning-Enabled Prediction and High-Throughput Screening of Polymer Membranes for Pervaporation Separation,target_log (Total flux),GPytorchMAP,Tanimoto,RBF,(count:+)x(fp:+),,,,,,,,,,,,,,,,,,,,,,
Machine Learning-Enabled Prediction and High-Throughput Screening of Polymer Membranes for Pervaporation Separation,target_log (Total flux),GPytorchMAP,Tanimoto,RBF,(count:x)+(fp:x),,,,,,,,,,,,,,,,,,,,,,
Machine Learning-Enabled Prediction and High-Throughput Screening of Polymer Membranes for Pervaporation Separation,target_log (Total flux),GPytorchMAP,Matern32,Matern32,sum,,,,,,,,,,,,,,,,,,,,,,
Machine Learning-Enabled Prediction and High-Throughput Screening of Polymer Membranes for Pervaporation Separation,target_log (Total flux),GPytorchMAP,Matern32,Matern32,product,,,,,,,,,,,,,,,,,,,,,,
Machine Learning-Enabled Prediction and High-Throughput Screening of Polymer Membranes for Pervaporation Separation,target_log (Total flux),GPytorchMAP,Matern32,Matern32,averageProduct,,,,,,,,,,,,,,,,,,,,,,
Machine Learning-Enabled Prediction and High-Throughput Screening of Polymer Membranes for Pervaporation Separation,target_log (Total flux),GPytorchMAP,Matern32,Matern32,(count:+)x(fp:x),,,,,,,,,,,,,,,,,,,,,,
Machine Learning-Enabled Prediction and High-Throughput Screening of Polymer Membranes for Pervaporation Separation,target_log (Total flux),GPytorchMAP,Matern32,Matern32,(count:+)x(fp:+),,,,,,,,,,,,,,,,,,,,,,
Machine Learning-Enabled Prediction and High-Throughput Screening of Polymer Membranes for Pervaporation Separation,target_log (Total flux),GPytorchMAP,Matern32,Matern32,(count:x)+(fp:x),,,,,,,,,,,,,,,,,,,,,,
Machine Learning-Enabled Prediction and High-Throughput Screening of Polymer Membranes for Pervaporation Separation,target_log (Total flux),GPytorchMAP,Matern32,Matern52,sum,,,,,,,,,,,,,,,,,,,,,,
Machine Learning-Enabled Prediction and High-Throughput Screening of Polymer Membranes for Pervaporation Separation,target_log (Total flux),GPytorchMAP,Matern32,Matern52,product,,,,,,,,,,,,,,,,,,,,,,
Machine Learning-Enabled Prediction and High-Throughput Screening of Polymer Membranes for Pervaporation Separation,target_log (Total flux),GPytorchMAP,Matern32,Matern52,averageProduct,,,,,,,,,,,,,,,,,,,,,,
Machine Learning-Enabled Prediction and High-Throughput Screening of Polymer Membranes for Pervaporation Separation,target_log (Total flux),GPytorchMAP,Matern32,Matern52,(count:+)x(fp:x),,,,,,,,,,,,,,,,,,,,,,
Machine Learning-Enabled Prediction and High-Throughput Screening of Polymer Membranes for Pervaporation Separation,target_log (Total flux),GPytorchMAP,Matern32,Matern52,(count:+)x(fp:+),,,,,,,,,,,,,,,,,,,,,,
Machine Learning-Enabled Prediction and High-Throughput Screening of Polymer Membranes for Pervaporation Separation,target_log (Total flux),GPytorchMAP,Matern32,Matern52,(count:x)+(fp:x),,,,,,,,,,,,,,,,,,,,,,
Machine Learning-Enabled Prediction and High-Throughput Screening of Polymer Membranes for Pervaporation Separation,target_log (Total flux),GPytorchMAP,Matern32,RBF,sum,,,,,,,,,,,,,,,,,,,,,,
Machine Learning-Enabled Prediction and High-Throughput Screening of Polymer Membranes for Pervaporation Separation,target_log (Total flux),GPytorchMAP,Matern32,RBF,product,,,,,,,,,,,,,,,,,,,,,,
Machine Learning-Enabled Prediction and High-Throughput Screening of Polymer Membranes for Pervaporation Separation,target_log (Total flux),GPytorchMAP,Matern32,RBF,averageProduct,,,,,,,,,,,,,,,,,,,,,,
Machine Learning-Enabled Prediction and High-Throughput Screening of Polymer Membranes for Pervaporation Separation,target_log (Total flux),GPytorchMAP,Matern32,RBF,(count:+)x(fp:x),,,,,,,,,,,,,,,,,,,,,,
Machine Learning-Enabled Prediction and High-Throughput Screening of Polymer Membranes for Pervaporation Separation,target_log (Total flux),GPytorchMAP,Matern32,RBF,(count:+)x(fp:+),,,,,,,,,,,,,,,,,,,,,,
Machine Learning-Enabled Prediction and High-Throughput Screening of Polymer Membranes for Pervaporation Separation,target_log (Total flux),GPytorchMAP,Matern32,RBF,(count:x)+(fp:x),,,,,,,,,,,,,,,,,,,,,,
Machine Learning-Enabled Prediction and High-Throughput Screening of Polymer Membranes for Pervaporation Separation,target_log (Total flux),GPytorchMAP,Matern52,Matern32,sum,,,,,,,,,,,,,,,,,,,,,,
Machine Learning-Enabled Prediction and High-Throughput Screening of Polymer Membranes for Pervaporation Separation,target_log (Total flux),GPytorchMAP,Matern52,Matern32,product,,,,,,,,,,,,,,,,,,,,,,
Machine Learning-Enabled Prediction and High-Throughput Screening of Polymer Membranes for Pervaporation Separation,target_log (Total flux),GPytorchMAP,Matern52,Matern32,averageProduct,,,,,,,,,,,,,,,,,,,,,,
Machine Learning-Enabled Prediction and High-Throughput Screening of Polymer Membranes for Pervaporation Separation,target_log (Total flux),GPytorchMAP,Matern52,Matern32,(count:+)x(fp:x),,,,,,,,,,,,,,,,,,,,,,
Machine Learning-Enabled Prediction and High-Throughput Screening of Polymer Membranes for Pervaporation Separation,target_log (Total flux),GPytorchMAP,Matern52,Matern32,(count:+)x(fp:+),,,,,,,,,,,,,,,,,,,,,,
Machine Learning-Enabled Prediction and High-Throughput Screening of Polymer Membranes for Pervaporation Separation,target_log (Total flux),GPytorchMAP,Matern52,Matern32,(count:x)+(fp:x),,,,,,,,,,,,,,,,,,,,,,
Machine Learning-Enabled Prediction and High-Throughput Screening of Polymer Membranes for Pervaporation Separation,target_log (Total flux),GPytorchMAP,Matern52,Matern52,sum,,,,,,,,,,,,,,,,,,,,,,
Machine Learning-Enabled Prediction and High-Throughput Screening of Polymer Membranes for Pervaporation Separation,target_log (Total flux),GPytorchMAP,Matern52,Matern52,product,,,,,,,,,,,,,,,,,,,,,,
Machine Learning-Enabled Prediction and High-Throughput Screening of Polymer Membranes for Pervaporation Separation,target_log (Total flux),GPytorchMAP,Matern52,Matern52,averageProduct,,,,,,,,,,,,,,,,,,,,,,
Machine Learning-Enabled Prediction and High-Throughput Screening of Polymer Membranes for Pervaporation Separation,target_log (Total flux),GPytorchMAP,Matern52,Matern52,(count:+)x(fp:x),,,,,,,,,,,,,,,,,,,,,,
Machine Learning-Enabled Prediction and High-Throughput Screening of Polymer Membranes for Pervaporation Separation,target_log (Total flux),GPytorchMAP,Matern52,Matern52,(count:+)x(fp:+),,,,,,,,,,,,,,,,,,,,,,
Machine Learning-Enabled Prediction and High-Throughput Screening of Polymer Membranes for Pervaporation Separation,target_log (Total flux),GPytorchMAP,Matern52,Matern52,(count:x)+(fp:x),,,,,,,,,,,,,,,,,,,,,,
Machine Learning-Enabled Prediction and High-Throughput Screening of Polymer Membranes for Pervaporation Separation,target_log (Total flux),GPytorchMAP,Matern52,RBF,sum,,,,,,,,,,,,,,,,,,,,,,
Machine Learning-Enabled Prediction and High-Throughput Screening of Polymer Membranes for Pervaporation Separation,target_log (Total flux),GPytorchMAP,Matern52,RBF,product,,,,,,,,,,,,,,,,,,,,,,
Machine Learning-Enabled Prediction and High-Throughput Screening of Polymer Membranes for Pervaporation Separation,target_log (Total flux),GPytorchMAP,Matern52,RBF,averageProduct,,,,,,,,,,,,,,,,,,,,,,
Machine Learning-Enabled Prediction and High-Throughput Screening of Polymer Membranes for Pervaporation Separation,target_log (Total flux),GPytorchMAP,Matern52,RBF,(count:+)x(fp:x),,,,,,,,,,,,,,,,,,,,,,
Machine Learning-Enabled Prediction and High-Throughput Screening of Polymer Membranes for Pervaporation Separation,target_log (Total flux),GPytorchMAP,Matern52,RBF,(count:+)x(fp:+),,,,,,,,,,,,,,,,,,,,,,
Machine Learning-Enabled Prediction and High-Throughput Screening of Polymer Membranes for Pervaporation Separation,target_log (Total flux),GPytorchMAP,Matern52,RBF,(count:x)+(fp:x),,,,,,,,,,,,,,,,,,,,,,
Machine Learning-Enabled Prediction and High-Throughput Screening of Polymer Membranes for Pervaporation Separation,target_log (Total flux),GPytorchMAP,RBF,Matern32,sum,,,,,,,,,,,,,,,,,,,,,,
Machine Learning-Enabled Prediction and High-Throughput Screening of Polymer Membranes for Pervaporation Separation,target_log (Total flux),GPytorchMAP,RBF,Matern32,product,,,,,,,,,,,,,,,,,,,,,,
Machine Learning-Enabled Prediction and High-Throughput Screening of Polymer Membranes for Pervaporation Separation,target_log (Total flux),GPytorchMAP,RBF,Matern32,averageProduct,,,,,,,,,,,,,,,,,,,,,,
Machine Learning-Enabled Prediction and High-Throughput Screening of Polymer Membranes for Pervaporation Separation,target_log (Total flux),GPytorchMAP,RBF,Matern32,(count:+)x(fp:x),,,,,,,,,,,,,,,,,,,,,,
Machine Learning-Enabled Prediction and High-Throughput Screening of Polymer Membranes for Pervaporation Separation,target_log (Total flux),GPytorchMAP,RBF,Matern32,(count:+)x(fp:+),,,,,,,,,,,,,,,,,,,,,,
Machine Learning-Enabled Prediction and High-Throughput Screening of Polymer Membranes for Pervaporation Separation,target_log (Total flux),GPytorchMAP,RBF,Matern32,(count:x)+(fp:x),,,,,,,,,,,,,,,,,,,,,,
Machine Learning-Enabled Prediction and High-Throughput Screening of Polymer Membranes for Pervaporation Separation,target_log (Total flux),GPytorchMAP,RBF,Matern52,sum,,,,,,,,,,,,,,,,,,,,,,
Machine Learning-Enabled Prediction and High-Throughput Screening of Polymer Membranes for Pervaporation Separation,target_log (Total flux),GPytorchMAP,RBF,Matern52,product,,,,,,,,,,,,,,,,,,,,,,
Machine Learning-Enabled Prediction and High-Throughput Screening of Polymer Membranes for Pervaporation Separation,target_log (Total flux),GPytorchMAP,RBF,Matern52,averageProduct,,,,,,,,,,,,,,,,,,,,,,
Machine Learning-Enabled Prediction and High-Throughput Screening of Polymer Membranes for Pervaporation Separation,target_log (Total flux),GPytorchMAP,RBF,Matern52,(count:+)x(fp:x),,,,,,,,,,,,,,,,,,,,,,
Machine Learning-Enabled Prediction and High-Throughput Screening of Polymer Membranes for Pervaporation Separation,target_log (Total flux),GPytorchMAP,RBF,Matern52,(count:+)x(fp:+),,,,,,,,,,,,,,,,,,,,,,
Machine Learning-Enabled Prediction and High-Throughput Screening of Polymer Membranes for Pervaporation Separation,target_log (Total flux),GPytorchMAP,RBF,Matern52,(count:x)+(fp:x),,,,,,,,,,,,,,,,,,,,,,
Machine Learning-Enabled Prediction and High-Throughput Screening of Polymer Membranes for Pervaporation Separation,target_log (Total flux),GPytorchMAP,RBF,RBF,sum,,,,,,,,,,,,,,,,,,,,,,
Machine Learning-Enabled Prediction and High-Throughput Screening of Polymer Membranes for Pervaporation Separation,target_log (Total flux),GPytorchMAP,RBF,RBF,product,,,,,,,,,,,,,,,,,,,,,,
Machine Learning-Enabled Prediction and High-Throughput Screening of Polymer Membranes for Pervaporation Separation,target_log (Total flux),GPytorchMAP,RBF,RBF,averageProduct,,,,,,,,,,,,,,,,,,,,,,
Machine Learning-Enabled Prediction and High-Throughput Screening of Polymer Membranes for Pervaporation Separation,target_log (Total flux),GPytorchMAP,RBF,RBF,(count:+)x(fp:x),,,,,,,,,,,,,,,,,,,,,,
Machine Learning-Enabled Prediction and High-Throughput Screening of Polymer Membranes for Pervaporation Separation,target_log (Total flux),GPytorchMAP,RBF,RBF,(count:+)x(fp:+),,,,,,,,,,,,,,,,,,,,,,
Machine Learning-Enabled Prediction and High-Throughput Screening of Polymer Membranes for Pervaporation Separation,target_log (Total flux),GPytorchMAP,RBF,RBF,(count:x)+(fp:x),,,,,,,,,,,,,,,,,,,,,,
Machine Learning-Enabled Prediction and High-Throughput Screening of Polymer Membranes for Pervaporation Separation,target_log (Total flux),MGK,Graph,Matern32,sum,,,,,,,,,,,,,,,,,,,,,,
Machine Learning-Enabled Prediction and High-Throughput Screening of Polymer Membranes for Pervaporation Separation,target_log (Total flux),MGK,Graph,Matern32,product,,,,,,,,,,,,,,,,,,,,,,
Machine Learning-Enabled Prediction and High-Throughput Screening of Polymer Membranes for Pervaporation Separation,target_log (Total flux),MGK,Graph,Matern32,averageProduct,,,,,,,,,,,,,,,,,,,,,,
Machine Learning-Enabled Prediction and High-Throughput Screening of Polymer Membranes for Pervaporation Separation,target_log (Total flux),MGK,Graph,Matern32,(count:+)x(graph:x),,,,,,,,,,,,,,,,,,,,,,
Machine Learning-Enabled Prediction and High-Throughput Screening of Polymer Membranes for Pervaporation Separation,target_log (Total flux),MGK,Graph,Matern32,(count:+)x(graph:+),,,,,,,,,,,,,,,,,,,,,,
Machine Learning-Enabled Prediction and High-Throughput Screening of Polymer Membranes for Pervaporation Separation,target_log (Total flux),MGK,Graph,Matern32,(count:x)+(graph:x),,,,,,,,,,,,,,,,,,,,,,
Machine Learning-Enabled Prediction and High-Throughput Screening of Polymer Membranes for Pervaporation Separation,target_log (Total flux),MGK,Graph,Matern52,sum,,,,,,,,,,,,,,,,,,,,,,
Machine Learning-Enabled Prediction and High-Throughput Screening of Polymer Membranes for Pervaporation Separation,target_log (Total flux),MGK,Graph,Matern52,product,,,,,,,,,,,,,,,,,,,,,,
Machine Learning-Enabled Prediction and High-Throughput Screening of Polymer Membranes for Pervaporation Separation,target_log (Total flux),MGK,Graph,Matern52,averageProduct,,,,,,,,,,,,,,,,,,,,,,
Machine Learning-Enabled Prediction and High-Throughput Screening of Polymer Membranes for Pervaporation Separation,target_log (Total flux),MGK,Graph,Matern52,(count:+)x(graph:x),,,,,,,,,,,,,,,,,,,,,,
Machine Learning-Enabled Prediction and High-Throughput Screening of Polymer Membranes for Pervaporation Separation,target_log (Total flux),MGK,Graph,Matern52,(count:+)x(graph:+),,,,,,,,,,,,,,,,,,,,,,
Machine Learning-Enabled Prediction and High-Throughput Screening of Polymer Membranes for Pervaporation Separation,target_log (Total flux),MGK,Graph,Matern52,(count:x)+(graph:x),,,,,,,,,,,,,,,,,,,,,,
Machine Learning-Enabled Prediction and High-Throughput Screening of Polymer Membranes for Pervaporation Separation,target_log (Total flux),MGK,Graph,RBF,sum,,,,,,,,,,,,,,,,,,,,,,
Machine Learning-Enabled Prediction and High-Throughput Screening of Polymer Membranes for Pervaporation Separation,target_log (Total flux),MGK,Graph,RBF,product,,,,,,,,,,,,,,,,,,,,,,
Machine Learning-Enabled Prediction and High-Throughput Screening of Polymer Membranes for Pervaporation Separation,target_log (Total flux),MGK,Graph,RBF,averageProduct,,,,,,,,,,,,,,,,,,,,,,
Machine Learning-Enabled Prediction and High-Throughput Screening of Polymer Membranes for Pervaporation Separation,target_log (Total flux),MGK,Graph,RBF,(count:+)x(graph:x),,,,,,,,,,,,,,,,,,,,,,
Machine Learning-Enabled Prediction and High-Throughput Screening of Polymer Membranes for Pervaporation Separation,target_log (Total flux),MGK,Graph,RBF,(count:+)x(graph:+),,,,,,,,,,,,,,,,,,,,,,
Machine Learning-Enabled Prediction and High-Throughput Screening of Polymer Membranes for Pervaporation Separation,target_log (Total flux),MGK,Graph,RBF,(count:x)+(graph:x),,,,,,,,,,,,,,,,,,,,,,
Understanding and Designing a High-Performance Ultrafiltration Membrane Using Machine Learning,target_flux decline ratio (%),RF,,,,"{""0"": 23.495376238405864, ""1"": 22.46730283538948, ""2"": 21.77432206922024, ""3"": 17.926865657857867, ""4"": 15.061632411608327, ""5"": 23.79376939697389, ""6"": 22.379264663339033, ""7"": 9.483551386860848}","{""0"": -0.5002191737053845, ""1"": -0.8157935927884632, ""2"": -3.8762781293438646, ""3"": 0.2122355063934125, ""4"": 0.39845498142623115, ""5"": -1.1235681602159167, ""6"": -0.7266941898761436, ""7"": 0.7482748350330071}","{""0"": 20.161964635854346, ""1"": 18.7838089021164, ""2"": 18.487319166666666, ""3"": 15.137499816849814, ""4"": 12.044779743589759, ""5"": 17.171876712454218, ""6"": 19.204321543209872, ""7"": 7.282956211180123}","{""0"": 0.18921568627450985, ""1"": 0.17716049382716054, ""2"": 0.15000000000000005, ""3"": 0.031098901098901104, ""4"": 0.10871794871794868, ""5"": 0.06294871794871797, ""6"": 0.1014814814814815, ""7"": 0.03811594202898553}","{""0"": 0.1464094926473611, ""1"": 0.24382378043185784, ""2"": 0.06353490600858368, ""3"": 0.04106785139395828, ""4"": 0.28039839165721514, ""5"": 0.025355773007495152, ""6"": 0.25656246690541357, ""7"": 0.19098225178920333}","{""0"": 5.07946360327605, ""1"": 4.937470302855174, ""2"": 5.032605196117143, ""3"": 4.320410007171174, ""4"": 4.0391764738551705, ""5"": 4.967209851040794, ""6"": 4.599097875409088, ""7"": 3.6299155701052146}","{""0"": 0.1035294117647059, ""1"": 0.21111111111111108, ""2"": 0.22000000000000003, ""3"": 0.018351648351648348, ""4"": 0.18230769230769228, ""5"": 0.04692307692307692, ""6"": 0.22222222222222224, ""7"": 0.17173913043478262}","{""0"": 0.22776211609043964, ""1"": 0.2573797017931805, ""2"": 0.18636613300588536, ""3"": 0.1763595213677946, ""4"": 0.09081239709272207, ""5"": 0.2193382266752529, ""6"": 0.06888298344971322, ""7"": 0.5730431237057334}","{""0"": -0.20354802879793923, ""1"": 0.3653347697599945, ""2"": -0.6739670627943192, ""3"": 0.23299061242666624, ""4"": 0.9055764625384879, ""5"": -0.3975751891862878, ""6"": -0.15995872033023736, ""7"": 0.10314056260261471}","{""0"": 15.12106667490001, ""1"": 13.78979650929548, ""2"": 15.26716579723379, ""3"": 19.30568831263957, ""4"": 15.779339138847957, ""5"": 18.907630489619496, ""6"": 19.376587037038487, ""7"": 10.774018196343098}","{""0"": 1.7123205326497555, ""1"": 2.1364528946578503, ""2"": 1.3684044014662504, ""3"": 2.6019237190485, ""4"": 1.310501355677843, ""5"": 2.242262141779065, ""6"": 1.2271686848253012, ""7"": 1.4230368230491877}","{""0"": [10.181570790766285, 8.365266137045912, 9.931570163291674, 8.315796789475234, 10.356177851595607], ""1"": [11.514539837262092, 9.321426303270238, 11.566384877027739, 10.527431461181688, 9.33907702636851], ""2"": [8.446934475685037, 11.882856211826624, 9.538980135729078, 9.172039325672769, 5.883048272010025], ""3"": [9.103178378324758, 8.858316479811927, 10.51766970647188, 12.396349590355133, 9.703770676358557], ""4"": [10.698590959419306, 10.511817141117834, 8.66678591264055, 11.629715300745628, 6.914794228772617], ""5"": [9.692634812783787, 12.077120597038606, 10.362892471959304, 9.749099348823819, 11.54539859849448], ""6"": [8.014253412010913, 10.823824823456164, 7.668447259944233, 13.14113832919583, 13.589273688115885], ""7"": [10.575708381834124, 4.48697862849463, 11.546110204137852, 9.385806707555057, 6.73524901437463]}","{""0"": [0.6926744629371887, 0.8408631545446958, 0.7083521678161466, 0.8000692485972408, 0.7421281965400286], ""1"": [0.6626731287775118, 0.7865774206446596, 0.6896389595259396, 0.6023401166073421, 0.7428500471051156], ""2"": [0.8421074037751763, 0.5456930803875364, 0.6032152244089073, 0.8504933490458086, 0.8815969951093623], ""3"": [0.7543625985074627, 0.777348573519983, 0.6662059447701945, 0.583278719184191, 0.7443585756132278], ""4"": [0.6519737884577355, 0.7062063958935811, 0.7067548414954623, 0.7057854671930011, 0.8938545951716212], ""5"": [0.699917125472152, 0.5792851165188992, 0.7062686674033705, 0.7156283539729322, 0.6340141128730503], ""6"": [0.8274704274280824, 0.7714027177396217, 0.8273035649937187, 0.45104874199036704, 0.561836084451638], ""7"": [0.649726942006053, 0.8943999731369349, 0.652626993098234, 0.8115250573437154, 0.8865017228488783]}","{""0"": [7.3258399346405225, 6.449383881886089, 6.858045833333335, 6.031946841736696, 6.676140868347334], ""1"": [7.851383919753089, 6.573372283950618, 8.248202310405643, 7.049340674603178, 6.388102455908291], ""2"": [5.814174523809521, 8.093818035714287, 6.601975166666671, 6.90455764285714, 4.852139916666665], ""3"": [6.65184015175301, 6.248777017268447, 7.6802355729984315, 8.010065366300365, 6.979864573521722], ""4"": [7.405289194139196, 7.775467976190476, 6.13781658424908, 8.556722655677653, 5.163884578754584], ""5"": [6.554305695970692, 8.70484826007326, 7.122195210622708, 6.30109521520147, 8.07969122252747], ""6"": [5.21416669312169, 8.716660185185182, 5.241257341269842, 9.987329100529099, 9.368699166666666], ""7"": [7.903138405797105, 3.6394317805383056, 8.596899309868874, 6.2930055486542456, 4.557957674258111]}","{""0"": [0.032941176470588245, 0.033137254901960775, 0.02980392156862747, 0.09039215686274506, 0.046666666666666676], ""1"": [0.06320987654320986, 0.03271604938271606, 0.04222222222222225, 0.05086419753086419, 0.07012345679012341], ""2"": [0.08666666666666668, 0.06500000000000004, 0.04166666666666667, 0.065, 0.09499999999999999], ""3"": [0.07358974358974359, 0.04736263736263735, 0.03461538461538465, 0.02560439560439561, 0.04384615384615383], ""4"": [0.02974358974358976, 0.04025641025641027, 0.03256410256410256, 0.07948717948717954, 0.054102564102564116], ""5"": [0.02551282051282049, 0.03833333333333332, 0.049358974358974364, 0.0782051282051282, 0.04179487179487179], ""6"": [0.09148148148148146, 0.0737037037037037, 0.07777777777777775, 0.10925925925925929, 0.06814814814814818], ""7"": [0.09289855072463772, 0.19202898550724634, 0.06362318840579714, 0.07927536231884055, 0.14855072463768113]}","{""0"": [0.038554707058767304, 0.060867006065530534, 1.080037323944452, 0.051691431053178055, 0.06292830322717055], ""1"": [0.060090572689842026, 0.05769226579006559, 0.05760375820885745, 0.04883151867980595, 0.055720960010043744], ""2"": [0.22187042564664178, 0.09579617793190676, 0.07126056081687523, 0.20111983940712594, 1.0838496138634344], ""3"": [0.07534856802753923, 0.0050862548934198035, 0.07258833470870922, 0.027661587095362546, 0.09748249116390746], ""4"": [0.0787975081145385, 0.04200434046237717, 0.07846132709016487, 0.018336996020899016, 0.12725384494311348], ""5"": [0.021050086239277017, 0.04763966721018486, 0.07743431380186487, 0.043840346772908774, 0.04206578508369384], ""6"": [0.1089369324996186, 0.12572622580893436, 0.07418110610025626, 0.2668662125861492, 0.09843779244421716], ""7"": [0.06786694299898664, 0.11598371696908368, 0.11805857025650583, 0.07006233011518082, 0.09070837405289456]}","{""0"": [3.2809037630748756, 3.367729571082286, 3.589412501576002, 4.01535676456316, 3.3808202256977125], ""1"": [3.892513116441555, 3.5581367503004917, 3.8185148946943657, 3.6498593316897314, 3.4568443683467733], ""2"": [3.6088063743464867, 3.611486625482864, 3.293417840900665, 3.3785215076667727, 3.244422343861916], ""3"": [3.447120617882658, 3.3923100045554113, 3.7627423853925417, 3.8898720987968467, 3.5305667919301156], ""4"": [3.597235487913781, 3.7133421748554576, 3.45252165024789, 3.878069363823774, 3.4038813139363], ""5"": [3.4902202200396015, 3.6264024267286468, 3.4750213011105378, 3.5100461563208936, 3.6757513141312903], ""6"": [3.197538891534337, 3.556426506356302, 3.1083641541561002, 4.131774454758028, 3.6637527186288485], ""7"": [3.551222546780063, 3.195267101527892, 3.777236843450309, 3.2126971120879153, 3.2312307071840336]}","{""0"": [0.03764705882352941, 0.04705882352941175, 0.0264705882352941, 0.044117647058823525, 0.0588235294117647], ""1"": [0.052592592592592614, 0.05740740740740742, 0.027407407407407425, 0.06000000000000002, 0.06370370370370369], ""2"": [0.08499999999999999, 0.08499999999999999, 0.06000000000000001, 0.04999999999999999, 0.075], ""3"": [0.049120879120879105, 0.027142857142857142, 0.06098901098901098, 0.025824175824175826, 0.059890109890109886], ""4"": [0.046153846153846156, 0.03615384615384615, 0.08, 0.03923076923076922, 0.041538461538461545], ""5"": [0.03307692307692308, 0.03423076923076923, 0.06923076923076923, 0.05076923076923077, 0.031153846153846143], ""6"": [0.08777777777777776, 0.05222222222222221, 0.04111111111111112, 0.12444444444444444, 0.09444444444444444], ""7"": [0.060434782608695656, 0.08913043478260868, 0.1108695652173913, 0.05782608695652173, 0.08304347826086958]}","{""0"": [0.5395347958599737, 0.6016586960129654, 0.4443862324045971, 0.5654391219564892, 0.5637789082847294], ""1"": [0.5307701590370142, 0.5452735491213591, 0.5842310099238109, 0.5465826807534746, 0.5426327851992394], ""2"": [0.48550963938335484, 0.6341287056386811, 0.49262218676720737, 0.6312470843908776, 0.4785368697186914], ""3"": [0.596147570656549, 0.529899936184513, 0.5992205736667375, 0.5289201888397793, 0.457457865700937], ""4"": [0.4574787071000202, 0.5242815043307827, 0.6262550938953697, 0.5815555749392713, 0.6696255242998018], ""5"": [0.5803694720097069, 0.539121880958131, 0.5365117882249802, 0.5143533021329108, 0.49625118297839904], ""6"": [0.7396077061277108, 0.6207110210752491, 0.587642931089481, 0.5317856779837565, 0.5256117896039902], ""7"": [0.4914762201389041, 0.4932221644414312, 0.46093052177649496, 0.7247753673346922, 0.6246812904758615]}","{""0"": [0.6360580595874713, 0.6042176109666522, 0.22201848945535255, 0.19327731092436973, 0.5119938884644767], ""1"": [0.34757747975829123, 0.49223321406251463, 0.5505832130248417, 0.2959193402592195, 0.42720186091524825], ""2"": [0.3482512468918321, 0.6902255639097743, 0.45112781954887216, 0.43458646616541347, 0.41804511278195483], ""3"": [0.5450426241101658, 0.4098172018669491, 0.4405531201913282, 0.4219709340394495, 0.353887869284945], ""4"": [0.3866666666666666, 0.4844444444444444, 0.4229059829059829, 0.3244444444444444, 0.29025641025641025], ""5"": [0.3333617932600006, 0.609306297246765, 0.55746942447225, 0.35140442243660885, 0.4530106082012035], ""6"": [0.5273477812177503, 0.6491228070175438, 0.5933952528379773, 0.5108359133126935, 0.5830753353973168], ""7"": [0.7289350358435116, 0.20953793572721957, 0.14628120041334197, 0.7806324110671937, 0.30343465220875665]}","{""0"": [8.08104493862196, 8.692306640954314, 8.114537266049807, 9.963603729671972, 9.4773491216052], ""1"": [10.384118139774934, 9.34208097256774, 8.75941880064671, 9.272594333186676, 9.664830573043892], ""2"": [8.044213559608412, 9.086692846043025, 8.630788472419047, 9.456002770229665, 9.209161193127244], ""3"": [10.888859303389525, 9.184183296660088, 9.252673759427283, 9.497917918141155, 10.092227156649532], ""4"": [8.62105981187488, 9.341134361368763, 8.82463222210823, 9.460561429930381, 8.391250070101792], ""5"": [8.925112161557026, 11.232805204004118, 9.356522679175567, 8.504288315793119, 9.863259901512963], ""6"": [8.468265249193955, 11.49186413127992, 7.890194015440803, 8.17388983579115, 10.019860721708437], ""7"": [7.372592727261997, 9.80024838022118, 9.986274802519203, 9.389621570260214, 9.693580243813425]}","{""0"": [1.695993410423398, 1.720296360552311, 1.7394745908677578, 1.7257321663200855, 1.6924443114548922], ""1"": [2.1896159760653973, 2.3043694086372852, 2.3066592272371054, 2.269160643219948, 2.272678602486849], ""2"": [1.1457865200936794, 1.240194946527481, 1.175988394767046, 1.2414527870714664, 1.1899688113480806], ""3"": [2.977054502815008, 2.9287426248192787, 2.971983339637518, 2.863338388502598, 2.792127139866352], ""4"": [1.4269705321639776, 1.595514738932252, 1.452235845848918, 1.3898634500801563, 1.3661871310323477], ""5"": [2.1654208190739155, 2.3183543290942907, 2.734996447339654, 2.5274617820978165, 2.415533294901252], ""6"": [1.3868191000074148, 1.363705238327384, 1.308937020599842, 1.4156808070838451, 1.3594504855573177], ""7"": [1.5162263046950102, 1.4273295551538467, 1.3615116719156504, 1.5943354051560163, 1.4967455342411995]}"
Understanding and Designing a High-Performance Ultrafiltration Membrane Using Machine Learning,target_flux decline ratio (%),XGBR,,,,"{""0"": 20.15570176977422, ""1"": 17.066101204341734, ""2"": 20.9837516461883, ""3"": 20.844939069173492, ""4"": 28.299603022361794, ""5"": 28.467984195232393, ""6"": 28.532716453028666, ""7"": 18.034493031100773}","{""0"": -0.10404239732874565, ""1"": -0.04769105120861128, ""2"": -3.5286156060455314, ""3"": -0.06509644313453666, ""4"": -1.1236587590639413, ""5"": -2.0398569065823584, ""6"": -1.8067907977109083, ""7"": 0.0896833058249924}","{""0"": 16.61571100319164, ""1"": 14.720211080700889, ""2"": 16.419522756135958, ""3"": 17.694856493659294, ""4"": 26.13995085643401, ""5"": 24.12499414045394, ""6"": 26.601433775770783, ""7"": 12.76299547068089}",,,,,,,,"{""0"": 0.8555760364979506, ""1"": 1.0326944887638092, ""2"": 0.707072839140892, ""3"": 1.2057453021407127, ""4"": 0.8197425231337547, ""5"": 1.0775796603411436, ""6"": 0.6535632237792015, ""7"": 0.7191229742020369}","{""0"": [9.114942607334465, 8.443405619977076, 7.63764448168097, 10.924426650005202, 11.864109381688513], ""1"": [11.917488039435177, 8.327749308004423, 12.065434373752204, 9.062360546335773, 7.761128060903237], ""2"": [9.558916595083325, 9.873661940949628, 7.624595271830907, 5.30063511227048, 6.0932482465852695], ""3"": [12.433954903197991, 9.73597213245533, 10.2732625262633, 11.123475308446059, 10.104867004484234], ""4"": [8.737262484471646, 10.581482402360074, 8.050895074418934, 10.938343730079945, 6.292721434334273], ""5"": [11.881794040483891, 12.709445910060007, 9.842288969003727, 7.995255954025537, 10.81737457753465], ""6"": [8.097052083098404, 11.307742507809335, 9.193237997919358, 11.18380128035783, 6.700205299230789], ""7"": [10.728166598063455, 8.21458571497385, 11.35618126518402, 8.346816251789999, 7.210756482901785]}","{""0"": [0.7536928859059501, 0.837876292601325, 0.827518786001299, 0.654960220079023, 0.6615651004627303], ""1"": [0.6386507028675392, 0.8296544041215914, 0.6622791733942284, 0.7053207140764479, 0.8224060227995237], ""2"": [0.7978001356987554, 0.6863363623355306, 0.7464960666202036, 0.9500673615316649, 0.8729848150812655], ""3"": [0.5417241575047207, 0.7310436875123663, 0.6815389563831957, 0.6644640649315988, 0.722788410266843], ""4"": [0.7678816081060579, 0.7022993588213474, 0.7469519200434812, 0.7397270179602389, 0.912093762972457], ""5"": [0.5490571026260226, 0.5340768338986058, 0.7350398777830082, 0.8087409287432676, 0.6787151751651597], ""6"": [0.8238870586620259, 0.750505271450908, 0.7517978670950701, 0.6023997083486307, 0.8934826537276722], ""7"": [0.6395551554343449, 0.6460618651798018, 0.6639612943301106, 0.8509430900779293, 0.869910089961775]}","{""0"": [6.377338307884949, 6.271582909191174, 5.64541329104869, 7.952604307446871, 6.939447323210176], ""1"": [8.262179848707271, 5.564518339420811, 8.213277911068655, 6.405424338804263, 5.492495820104676], ""2"": [6.6411039378394765, 7.135626029698775, 5.558797454490096, 3.9432607115574108, 4.361303576479983], ""3"": [7.92993650115015, 6.579277316940556, 6.907752705098328, 6.985429846730051, 7.1263209360644515], ""4"": [6.603005233175681, 7.374393997997884, 5.93134774832567, 7.994719066308783, 4.7047425084648244], ""5"": [7.9313778477378385, 8.847221932546974, 6.659255200252, 5.2783297368210595, 7.830087881423498], ""6"": [5.6332053332444305, 8.565599831354522, 6.422676870326829, 8.040314874176529, 5.00530496651049], ""7"": [7.109380804195518, 5.7740300276787995, 8.73382549627976, 5.748725383859332, 4.673863945732014]}",,,,,,,,"{""0"": [0.8963687270879745, 0.9618812240660191, 0.8498948235064745, 0.8700534757226706, 0.973048884421587], ""1"": [1.063950877636671, 1.0440977402031422, 1.0903029795736074, 1.0728718806058168, 1.0286285132169724], ""2"": [0.6738707944750786, 0.6677966974675655, 0.6930607836693525, 0.6476020440459251, 0.6649251617491245], ""3"": [1.3346527237445116, 1.4149990305304527, 1.3892722819000483, 1.3836987726390362, 1.2117193676531315], ""4"": [0.7494503781199455, 0.7822045870125294, 0.7582200728356838, 0.8671669643372297, 0.790581289678812], ""5"": [1.0010001715272665, 1.0289567727595568, 1.081243621185422, 1.0680500082671642, 1.0417448449879885], ""6"": [0.6900699995458126, 0.6477959379553795, 0.6722130719572306, 0.6903289929032326, 0.651638587936759], ""7"": [0.7273122724145651, 0.7409116700291634, 0.6986098885536194, 0.7029400262981653, 0.7032468989491463]}"
Understanding and Designing a High-Performance Ultrafiltration Membrane Using Machine Learning,target_flux decline ratio (%),NGB,,,,"{""0"": 17.447974995715867, ""1"": 20.019350017467563, ""2"": 18.653984356404663, ""3"": 22.433812034315142, ""4"": 28.632211699486604, ""5"": 23.540565268183787, ""6"": 27.711895210532713, ""7"": 9.273342824776686}","{""0"": 0.17266772994329882, ""1"": -0.4416656360423854, ""2"": -2.5788409686477944, ""3"": -0.2336552970599517, ""4"": -1.173871352011529, ""5"": -1.0786122527302013, ""6"": -1.6476236943676486, ""7"": 0.7593104353010698}","{""0"": 14.109713782055177, ""1"": 15.84521330126602, ""2"": 16.01188467891771, ""3"": 18.183841872983017, ""4"": 27.51963418583081, ""5"": 18.116832783357133, ""6"": 24.425906179303418, ""7"": 6.9151877789102505}","{""0"": 0.20313725490196083, ""1"": 0.2981481481481482, ""2"": 0.275, ""3"": 0.25000000000000006, ""4"": 0.4615384615384616, ""5"": 0.29743589743589754, ""6"": 0.41851851851851857, ""7"": 0.06478260869565218}","{""0"": 0.1137797891372715, ""1"": 0.2612662893574882, ""2"": 0.2003847509305199, ""3"": 0.1493581940342182, ""4"": 4.325132904030248, ""5"": 2.1789355709866935, ""6"": 6.403403188634581, ""7"": 0.26674443240812473}","{""0"": 5.058083380294361, ""1"": 9.77062725201274, ""2"": 6.721408224857801, ""3"": 6.482932614024751, ""4"": 7.538602909992021, ""5"": 9.714355029875176, ""6"": 10.373495975027344, ""7"": 3.6383956102768105}","{""0"": 0.10588235294117646, ""1"": 0.2111111111111111, ""2"": 0.18499999999999997, ""3"": 0.1124175824175824, ""4"": 0.3492307692307691, ""5"": 0.1473076923076923, ""6"": 0.32222222222222224, ""7"": 0.1108695652173913}","{""0"": 0.18865264838923013, ""1"": 0.3747297669410905, ""2"": 0.17737626775234208, ""3"": 0.2795539991056609, ""4"": 0.18050208580051563, ""5"": 0.29004027333742194, ""6"": 0.1378608140348988, ""7"": 0.23226246518706406}","{""0"": 0.601859308937928, ""1"": 0.2171682893261717, ""2"": -0.7236495301353124, ""3"": 0.06872184274565764, ""4"": 0.5276204485981173, ""5"": -0.09059252906621149, ""6"": -0.03136507342239028, ""7"": 0.33242509608288334}","{""0"": 8.815894119640173, ""1"": 6.4008488372000105, ""2"": 7.838628091174252, ""3"": 9.73858465995452, ""4"": 9.759848759535014, ""5"": 6.835858361192422, ""6"": 7.419532943227787, ""7"": 7.269924572095057}","{""0"": 7.007557153701782, ""1"": 7.215177854523063, ""2"": 6.650715906172991, ""3"": 6.994146758690476, ""4"": 6.59839247353375, ""5"": 6.9592618606984615, ""6"": 7.193730399012566, ""7"": 7.228724485263228}","{""0"": [10.50326625864881, 10.063474870338663, 10.740306775992961, 11.779036752200348, 10.19631990266818], ""1"": [11.421190825776586, 11.2519111851618, 11.828154387569784, 11.08436227884796, 9.072175986176845], ""2"": [11.306018001607207, 14.152939301439575, 11.332573428282641, 9.302968998645333, 8.363180123104737], ""3"": [10.084144046536279, 10.683886539173349, 10.028234557896887, 13.01424771065706, 11.955303156311023], ""4"": [9.728772766083832, 11.324530349200076, 11.066745553121441, 14.374761978321589, 9.811291387382525], ""5"": [10.819556582024267, 12.599666977039393, 11.02787025292232, 10.27828024911864, 12.386548537423181], ""6"": [9.024875448268764, 12.638355446117261, 10.498392810028639, 13.358261925027938, 14.009442027328134], ""7"": [10.905641671212315, 5.251547654579953, 12.904158942791089, 13.223167863413558, 8.661206781688083]}","{""0"": [0.6729472321515932, 0.7696929921705307, 0.65891996795381, 0.5988642067053112, 0.7500277711095837], ""1"": [0.6681204134037244, 0.6890230393299578, 0.6754318582117026, 0.5591525236226957, 0.7573381708594192], ""2"": [0.7171326248142276, 0.35553259680829574, 0.43997399410472426, 0.846194507645384, 0.7607230845138803], ""3"": [0.698570002366652, 0.6761218633559176, 0.6965490453184038, 0.5407002742057432, 0.6119645835228253], ""4"": [0.7122105251628275, 0.6590213853249423, 0.5218605665008422, 0.550502501560196, 0.7863046735259047], ""5"": [0.6260819452199935, 0.5420909752563656, 0.6673622092451716, 0.6839191317281867, 0.5787430356763488], ""6"": [0.7812138436006062, 0.688333098016424, 0.6763212865892345, 0.43275886104064676, 0.5343219208619923], ""7"": [0.6275309014720202, 0.8553459330710949, 0.5661055664556407, 0.625905407888204, 0.8123110219067529]}","{""0"": [8.06199530658174, 7.741361759497572, 8.01223707693698, 8.779252695150198, 7.801159462278035], ""1"": [9.163025087819843, 8.4471529719975, 9.469389931256554, 8.145043088375703, 7.157916315295771], ""2"": [8.831525803696032, 10.478422113249113, 8.490884138255625, 7.691368806635834, 7.1160027417086855], ""3"": [7.910346568012537, 8.011152691972622, 7.7146408757067935, 8.87786451102143, 9.032128539289376], ""4"": [7.376203013683118, 8.400730803954652, 8.215198958393902, 11.53903297404178, 7.682983681017141], ""5"": [8.377755811698382, 9.296881092735969, 7.596065595601859, 7.808574012580457, 9.443367695392691], ""6"": [6.776118205240807, 8.973388841088392, 8.160534779058946, 10.292230460859798, 10.656611622107938], ""7"": [8.223041886636272, 4.033863438121565, 10.006852681322156, 10.163099651013184, 6.784208203936052]}","{""0"": [0.08843137254901966, 0.04980392156862747, 0.06352941176470592, 0.08274509803921573, 0.03627450980392159], ""1"": [0.10679012345679016, 0.0695061728395062, 0.12777777777777785, 0.04148148148148151, 0.06481481481481485], ""2"": [0.05500000000000003, 0.09500000000000004, 0.04166666666666668, 0.11166666666666669, 0.060000000000000005], ""3"": [0.06794871794871797, 0.06282051282051285, 0.08626373626373629, 0.08516483516483518, 0.10120879120879127], ""4"": [0.0666666666666667, 0.06128205128205131, 0.06589743589743592, 0.1833333333333334, 0.07179487179487182], ""5"": [0.0698717948717949, 0.0607692307692308, 0.03653846153846155, 0.03974358974358975, 0.08653846153846158], ""6"": [0.07444444444444447, 0.07111111111111115, 0.14148148148148154, 0.11629629629629636, 0.072962962962963], ""7"": [0.07173913043478264, 0.11086956521739129, 0.11289855072463773, 0.11956521739130441, 0.0633333333333333]}","{""0"": [0.08920608642150815, 0.05226748481775485, 0.021541036447922848, 0.09406760104613973, 0.0711233785501255], ""1"": [0.07192163513037439, 0.06217599713526095, 0.07729216816158693, 0.06018890725864127, 0.041536772417257777], ""2"": [0.695598425951178, 0.17761327102034816, 0.10397355798140882, 0.16171232969665583, 0.04336618106824988], ""3"": [0.05197483453023399, 0.040471562328867526, 0.11723438377234277, 38.985098921192524, 0.039081000784224364], ""4"": [-0.36119815963725754, 0.06588588068495964, 0.06333535279943614, 0.09252856848709261, 0.03592210377782484], ""5"": [0.06593659904501425, 0.056624216000845794, 0.07919015766923565, 0.032180501856545654, 0.06902684976167946], ""6"": [0.028249071330236703, 0.09600786605648527, 0.09151028453053092, 0.18800492862133542, 0.13532845368018742], ""7"": [0.14949088171794173, 0.06186252267272312, 0.16117894895310533, 0.0946436950606529, 0.045190410026518336]}","{""0"": [3.8036519346539213, 3.567500507329701, 3.725638362366317, 3.8733916706026794, 3.5173992766286277], ""1"": [4.047166711973994, 3.610916761423707, 4.011184646081985, 3.620740750115031, 3.678781015859577], ""2"": [3.693944314730951, 3.786045711149599, 3.6793598856766265, 3.507608547136877, 3.5071834256793912], ""3"": [3.6188015383666774, 3.665178987418648, 3.889651041747043, 5.531507764538251, 4.340586374609177], ""4"": [3.6621087127462504, 3.8938775250832984, 4.09151009836985, 3.9425584481254075, 3.5618618261588413], ""5"": [3.7494918061531477, 3.728195573661627, 3.5637599769663266, 3.5555165480900266, 3.8061537227983138], ""6"": [3.3832376193576152, 3.8568456022996784, 3.8629477038399074, 3.8286815907576153, 3.732393090380374], ""7"": [3.584918339786588, 3.2371637662688726, 4.223015390293689, 3.757806831296621, 3.479881281859559]}","{""0"": [0.052941176470588235, 0.031764705882352945, 0.03411764705882354, 0.04764705882352941, 0.04058823529411764], ""1"": [0.05185185185185185, 0.05148148148148148, 0.05740740740740741, 0.05666666666666668, 0.05259259259259258], ""2"": [0.06, 0.095, 0.075, 0.04499999999999998, 0.03000000000000001], ""3"": [0.053956043956043975, 0.030659340659340662, 0.10384615384615384, 0.05615384615384615, 0.08516483516483515], ""4"": [0.03538461538461539, 0.045384615384615384, 0.11076923076923077, 0.09615384615384615, 0.05153846153846155], ""5"": [0.05076923076923077, 0.03884615384615383, 0.04230769230769231, 0.04076923076923076, 0.047307692307692314], ""6"": [0.05222222222222224, 0.06666666666666665, 0.09444444444444444, 0.10777777777777779, 0.10222222222222221], ""7"": [0.1152173913043478, 0.06652173913043478, 0.14739130434782605, 0.09869565217391305, 0.04304347826086954]}","{""0"": [0.44167718393101885, 0.32714278875429714, 0.32523529538189333, 0.44855105029379816, 0.4024298314427591], ""1"": [0.4007182822242912, 0.3965732040160545, 0.41920432525342266, 0.3662338515077597, 0.422243508143944], ""2"": [0.268863986438751, 0.45922754166029556, 0.3739803968774582, 0.3701333474416954, 0.3210006116766558], ""3"": [0.37693200455972886, 0.34243770817623, 0.42574065784911713, 0.48559313695889483, 0.44294753494686995], ""4"": [0.41723174764219756, 0.3468435660377179, 0.45097927760393686, 0.3713972797412425, 0.34984454407361054], ""5"": [0.41018719841029494, 0.3451013482548916, 0.3926757050821431, 0.3641119206726373, 0.3356474003079778], ""6"": [0.4868507215989092, 0.4201260901954721, 0.355611537398929, 0.4212199871301599, 0.4130367547785187], ""7"": [0.4608805936575174, 0.4350843215813075, 0.4321254340977325, 0.42212038910069527, 0.3091514744275645]}","{""0"": [0.44286481870595806, 0.4015591984435562, 0.44291609870801796, 0.41145912910618787, 0.6590509685321009], ""1"": [0.3893410628789935, 0.6438196922404015, 0.5460576626030816, 0.554381884924391, 0.3552599006138589], ""2"": [0.5137270013544737, 0.7458646616541353, 0.6370816546811701, 0.5894736842105263, 0.3467469218512626], ""3"": [0.43706125369463594, 0.48745933703296207, 0.3407310682394899, 0.42274260397081104, 0.34328251281342265], ""4"": [0.40895880235249105, 0.29021233639255106, 0.41306206792793404, 0.5925799368535677, 0.5718194588852079], ""5"": [0.5115286196848472, 0.6505401887599196, 0.5176631315443924, 0.6079829247802444, 0.5024441276552066], ""6"": [0.37254901960784315, 0.32507739938080493, 0.40185971856634717, 0.6673557280047822, 0.8233475467798937], ""7"": [0.6152327440845529, 0.08351865834410403, 0.24610823583055508, 0.6757291977319206, 0.41957006469907887]}","{""0"": [7.814007320648155, 8.724373163073057, 8.399990972022971, 8.326737957417171, 8.871180728165651], ""1"": [8.437499385026161, 8.739261704359372, 8.23840319112841, 8.752139627470028, 7.810564870955945], ""2"": [9.636360958433963, 9.035842186664816, 9.559731414653614, 8.142423142915863, 9.54550331274956], ""3"": [8.367334926041135, 7.899645108295502, 7.817859694969854, 8.143632190097952, 8.192641088376028], ""4"": [7.522320905686527, 8.562686560105366, 7.292729652636092, 9.440234607950718, 7.773854935430963], ""5"": [8.263106590185751, 9.326943063169018, 8.083016544883758, 8.864609123796173, 8.905777131273988], ""6"": [7.885370931848456, 8.431852094089493, 6.537413230902438, 8.931281224421689, 9.74578572911875], ""7"": [7.992375815447835, 7.56547097899561, 8.76926566605426, 9.114478626564091, 8.445034564134478]}","{""0"": [8.059570543467999, 9.04459935426712, 8.134412828832865, 9.042848788201809, 7.924459032714367], ""1"": [7.96826141141355, 8.266525637358427, 8.352850176393986, 8.496331619098783, 8.301171695813537], ""2"": [9.159808557480574, 9.11905400827527, 7.865223195403814, 8.026423579081893, 8.029953256249428], ""3"": [8.120538283139467, 9.065540079027414, 9.014536587521434, 6.959541356191039, 7.011368012055755], ""4"": [6.723597165197134, 6.589645102620125, 6.55612975358963, 6.651742184534669, 7.4359226785600185], ""5"": [7.849169921129942, 7.706195088103414, 7.863206824287772, 8.841889513656497, 8.861403396353126], ""6"": [7.741648895666003, 7.727278236299753, 7.938259715214372, 7.864975173026323, 8.73801552131772], ""7"": [8.81876328215003, 7.848266059532762, 7.805929705500603, 7.9825291987508535, 7.93167294934392]}"
Understanding and Designing a High-Performance Ultrafiltration Membrane Using Machine Learning,target_flux decline ratio (%),GpyroHMC,TanimotoMatern32,Matern32,sum,,,,,,,,,,,,,,,,,,,,,,
Understanding and Designing a High-Performance Ultrafiltration Membrane Using Machine Learning,target_flux decline ratio (%),GpyroHMC,TanimotoMatern32,Matern32,product,,,,,,,,,,,,,,,,,,,,,,
Understanding and Designing a High-Performance Ultrafiltration Membrane Using Machine Learning,target_flux decline ratio (%),GpyroHMC,TanimotoMatern32,Matern32,averageProduct,,,,,,,,,,,,,,,,,,,,,,
Understanding and Designing a High-Performance Ultrafiltration Membrane Using Machine Learning,target_flux decline ratio (%),GpyroHMC,TanimotoMatern32,Matern32,(count:+)x(fp:x),,,,,,,,,,,,,,,,,,,,,,
Understanding and Designing a High-Performance Ultrafiltration Membrane Using Machine Learning,target_flux decline ratio (%),GpyroHMC,TanimotoMatern32,Matern32,(count:+)x(fp:+),,,,,,,,,,,,,,,,,,,,,,
Understanding and Designing a High-Performance Ultrafiltration Membrane Using Machine Learning,target_flux decline ratio (%),GpyroHMC,TanimotoMatern32,Matern32,(count:x)+(fp:x),,,,,,,,,,,,,,,,,,,,,,
Understanding and Designing a High-Performance Ultrafiltration Membrane Using Machine Learning,target_flux decline ratio (%),GpyroHMC,TanimotoMatern32,Matern52,sum,,,,,,,,,,,,,,,,,,,,,,
Understanding and Designing a High-Performance Ultrafiltration Membrane Using Machine Learning,target_flux decline ratio (%),GpyroHMC,TanimotoMatern32,Matern52,product,,,,,,,,,,,,,,,,,,,,,,
Understanding and Designing a High-Performance Ultrafiltration Membrane Using Machine Learning,target_flux decline ratio (%),GpyroHMC,TanimotoMatern32,Matern52,averageProduct,,,,,,,,,,,,,,,,,,,,,,
Understanding and Designing a High-Performance Ultrafiltration Membrane Using Machine Learning,target_flux decline ratio (%),GpyroHMC,TanimotoMatern32,Matern52,(count:+)x(fp:x),,,,,,,,,,,,,,,,,,,,,,
Understanding and Designing a High-Performance Ultrafiltration Membrane Using Machine Learning,target_flux decline ratio (%),GpyroHMC,TanimotoMatern32,Matern52,(count:+)x(fp:+),,,,,,,,,,,,,,,,,,,,,,
Understanding and Designing a High-Performance Ultrafiltration Membrane Using Machine Learning,target_flux decline ratio (%),GpyroHMC,TanimotoMatern32,Matern52,(count:x)+(fp:x),,,,,,,,,,,,,,,,,,,,,,
Understanding and Designing a High-Performance Ultrafiltration Membrane Using Machine Learning,target_flux decline ratio (%),GpyroHMC,TanimotoMatern32,RBF,sum,,,,,,,,,,,,,,,,,,,,,,
Understanding and Designing a High-Performance Ultrafiltration Membrane Using Machine Learning,target_flux decline ratio (%),GpyroHMC,TanimotoMatern32,RBF,product,,,,,,,,,,,,,,,,,,,,,,
Understanding and Designing a High-Performance Ultrafiltration Membrane Using Machine Learning,target_flux decline ratio (%),GpyroHMC,TanimotoMatern32,RBF,averageProduct,,,,,,,,,,,,,,,,,,,,,,
Understanding and Designing a High-Performance Ultrafiltration Membrane Using Machine Learning,target_flux decline ratio (%),GpyroHMC,TanimotoMatern32,RBF,(count:+)x(fp:x),,,,,,,,,,,,,,,,,,,,,,
Understanding and Designing a High-Performance Ultrafiltration Membrane Using Machine Learning,target_flux decline ratio (%),GpyroHMC,TanimotoMatern32,RBF,(count:+)x(fp:+),,,,,,,,,,,,,,,,,,,,,,
Understanding and Designing a High-Performance Ultrafiltration Membrane Using Machine Learning,target_flux decline ratio (%),GpyroHMC,TanimotoMatern32,RBF,(count:x)+(fp:x),,,,,,,,,,,,,,,,,,,,,,
Understanding and Designing a High-Performance Ultrafiltration Membrane Using Machine Learning,target_flux decline ratio (%),GpyroHMC,TanimotoMatern52,Matern32,sum,,,,,,,,,,,,,,,,,,,,,,
Understanding and Designing a High-Performance Ultrafiltration Membrane Using Machine Learning,target_flux decline ratio (%),GpyroHMC,TanimotoMatern52,Matern32,product,,,,,,,,,,,,,,,,,,,,,,
Understanding and Designing a High-Performance Ultrafiltration Membrane Using Machine Learning,target_flux decline ratio (%),GpyroHMC,TanimotoMatern52,Matern32,averageProduct,,,,,,,,,,,,,,,,,,,,,,
Understanding and Designing a High-Performance Ultrafiltration Membrane Using Machine Learning,target_flux decline ratio (%),GpyroHMC,TanimotoMatern52,Matern32,(count:+)x(fp:x),,,,,,,,,,,,,,,,,,,,,,
Understanding and Designing a High-Performance Ultrafiltration Membrane Using Machine Learning,target_flux decline ratio (%),GpyroHMC,TanimotoMatern52,Matern32,(count:+)x(fp:+),,,,,,,,,,,,,,,,,,,,,,
Understanding and Designing a High-Performance Ultrafiltration Membrane Using Machine Learning,target_flux decline ratio (%),GpyroHMC,TanimotoMatern52,Matern32,(count:x)+(fp:x),,,,,,,,,,,,,,,,,,,,,,
Understanding and Designing a High-Performance Ultrafiltration Membrane Using Machine Learning,target_flux decline ratio (%),GpyroHMC,TanimotoMatern52,Matern52,sum,,,,,,,,,,,,,,,,,,,,,,
Understanding and Designing a High-Performance Ultrafiltration Membrane Using Machine Learning,target_flux decline ratio (%),GpyroHMC,TanimotoMatern52,Matern52,product,,,,,,,,,,,,,,,,,,,,,,
Understanding and Designing a High-Performance Ultrafiltration Membrane Using Machine Learning,target_flux decline ratio (%),GpyroHMC,TanimotoMatern52,Matern52,averageProduct,,,,,,,,,,,,,,,,,,,,,,
Understanding and Designing a High-Performance Ultrafiltration Membrane Using Machine Learning,target_flux decline ratio (%),GpyroHMC,TanimotoMatern52,Matern52,(count:+)x(fp:x),,,,,,,,,,,,,,,,,,,,,,
Understanding and Designing a High-Performance Ultrafiltration Membrane Using Machine Learning,target_flux decline ratio (%),GpyroHMC,TanimotoMatern52,Matern52,(count:+)x(fp:+),,,,,,,,,,,,,,,,,,,,,,
Understanding and Designing a High-Performance Ultrafiltration Membrane Using Machine Learning,target_flux decline ratio (%),GpyroHMC,TanimotoMatern52,Matern52,(count:x)+(fp:x),,,,,,,,,,,,,,,,,,,,,,
Understanding and Designing a High-Performance Ultrafiltration Membrane Using Machine Learning,target_flux decline ratio (%),GpyroHMC,TanimotoMatern52,RBF,sum,,,,,,,,,,,,,,,,,,,,,,
Understanding and Designing a High-Performance Ultrafiltration Membrane Using Machine Learning,target_flux decline ratio (%),GpyroHMC,TanimotoMatern52,RBF,product,,,,,,,,,,,,,,,,,,,,,,
Understanding and Designing a High-Performance Ultrafiltration Membrane Using Machine Learning,target_flux decline ratio (%),GpyroHMC,TanimotoMatern52,RBF,averageProduct,,,,,,,,,,,,,,,,,,,,,,
Understanding and Designing a High-Performance Ultrafiltration Membrane Using Machine Learning,target_flux decline ratio (%),GpyroHMC,TanimotoMatern52,RBF,(count:+)x(fp:x),,,,,,,,,,,,,,,,,,,,,,
Understanding and Designing a High-Performance Ultrafiltration Membrane Using Machine Learning,target_flux decline ratio (%),GpyroHMC,TanimotoMatern52,RBF,(count:+)x(fp:+),,,,,,,,,,,,,,,,,,,,,,
Understanding and Designing a High-Performance Ultrafiltration Membrane Using Machine Learning,target_flux decline ratio (%),GpyroHMC,TanimotoMatern52,RBF,(count:x)+(fp:x),,,,,,,,,,,,,,,,,,,,,,
Understanding and Designing a High-Performance Ultrafiltration Membrane Using Machine Learning,target_flux decline ratio (%),GpyroHMC,TanimotoRBF,Matern32,sum,,,,,,,,,,,,,,,,,,,,,,
Understanding and Designing a High-Performance Ultrafiltration Membrane Using Machine Learning,target_flux decline ratio (%),GpyroHMC,TanimotoRBF,Matern32,product,,,,,,,,,,,,,,,,,,,,,,
Understanding and Designing a High-Performance Ultrafiltration Membrane Using Machine Learning,target_flux decline ratio (%),GpyroHMC,TanimotoRBF,Matern32,averageProduct,,,,,,,,,,,,,,,,,,,,,,
Understanding and Designing a High-Performance Ultrafiltration Membrane Using Machine Learning,target_flux decline ratio (%),GpyroHMC,TanimotoRBF,Matern32,(count:+)x(fp:x),,,,,,,,,,,,,,,,,,,,,,
Understanding and Designing a High-Performance Ultrafiltration Membrane Using Machine Learning,target_flux decline ratio (%),GpyroHMC,TanimotoRBF,Matern32,(count:+)x(fp:+),,,,,,,,,,,,,,,,,,,,,,
Understanding and Designing a High-Performance Ultrafiltration Membrane Using Machine Learning,target_flux decline ratio (%),GpyroHMC,TanimotoRBF,Matern32,(count:x)+(fp:x),,,,,,,,,,,,,,,,,,,,,,
Understanding and Designing a High-Performance Ultrafiltration Membrane Using Machine Learning,target_flux decline ratio (%),GpyroHMC,TanimotoRBF,Matern52,sum,,,,,,,,,,,,,,,,,,,,,,
Understanding and Designing a High-Performance Ultrafiltration Membrane Using Machine Learning,target_flux decline ratio (%),GpyroHMC,TanimotoRBF,Matern52,product,,,,,,,,,,,,,,,,,,,,,,
Understanding and Designing a High-Performance Ultrafiltration Membrane Using Machine Learning,target_flux decline ratio (%),GpyroHMC,TanimotoRBF,Matern52,averageProduct,,,,,,,,,,,,,,,,,,,,,,
Understanding and Designing a High-Performance Ultrafiltration Membrane Using Machine Learning,target_flux decline ratio (%),GpyroHMC,TanimotoRBF,Matern52,(count:+)x(fp:x),,,,,,,,,,,,,,,,,,,,,,
Understanding and Designing a High-Performance Ultrafiltration Membrane Using Machine Learning,target_flux decline ratio (%),GpyroHMC,TanimotoRBF,Matern52,(count:+)x(fp:+),,,,,,,,,,,,,,,,,,,,,,
Understanding and Designing a High-Performance Ultrafiltration Membrane Using Machine Learning,target_flux decline ratio (%),GpyroHMC,TanimotoRBF,Matern52,(count:x)+(fp:x),,,,,,,,,,,,,,,,,,,,,,
Understanding and Designing a High-Performance Ultrafiltration Membrane Using Machine Learning,target_flux decline ratio (%),GpyroHMC,TanimotoRBF,RBF,sum,,,,,,,,,,,,,,,,,,,,,,
Understanding and Designing a High-Performance Ultrafiltration Membrane Using Machine Learning,target_flux decline ratio (%),GpyroHMC,TanimotoRBF,RBF,product,,,,,,,,,,,,,,,,,,,,,,
Understanding and Designing a High-Performance Ultrafiltration Membrane Using Machine Learning,target_flux decline ratio (%),GpyroHMC,TanimotoRBF,RBF,averageProduct,,,,,,,,,,,,,,,,,,,,,,
Understanding and Designing a High-Performance Ultrafiltration Membrane Using Machine Learning,target_flux decline ratio (%),GpyroHMC,TanimotoRBF,RBF,(count:+)x(fp:x),,,,,,,,,,,,,,,,,,,,,,
Understanding and Designing a High-Performance Ultrafiltration Membrane Using Machine Learning,target_flux decline ratio (%),GpyroHMC,TanimotoRBF,RBF,(count:+)x(fp:+),,,,,,,,,,,,,,,,,,,,,,
Understanding and Designing a High-Performance Ultrafiltration Membrane Using Machine Learning,target_flux decline ratio (%),GpyroHMC,TanimotoRBF,RBF,(count:x)+(fp:x),,,,,,,,,,,,,,,,,,,,,,
Understanding and Designing a High-Performance Ultrafiltration Membrane Using Machine Learning,target_flux decline ratio (%),GpyroHMC,Tanimoto,Matern32,sum,,,,,,,,,,,,,,,,,,,,,,
Understanding and Designing a High-Performance Ultrafiltration Membrane Using Machine Learning,target_flux decline ratio (%),GpyroHMC,Tanimoto,Matern32,product,,,,,,,,,,,,,,,,,,,,,,
Understanding and Designing a High-Performance Ultrafiltration Membrane Using Machine Learning,target_flux decline ratio (%),GpyroHMC,Tanimoto,Matern32,averageProduct,,,,,,,,,,,,,,,,,,,,,,
Understanding and Designing a High-Performance Ultrafiltration Membrane Using Machine Learning,target_flux decline ratio (%),GpyroHMC,Tanimoto,Matern32,(count:+)x(fp:x),,,,,,,,,,,,,,,,,,,,,,
Understanding and Designing a High-Performance Ultrafiltration Membrane Using Machine Learning,target_flux decline ratio (%),GpyroHMC,Tanimoto,Matern32,(count:+)x(fp:+),,,,,,,,,,,,,,,,,,,,,,
Understanding and Designing a High-Performance Ultrafiltration Membrane Using Machine Learning,target_flux decline ratio (%),GpyroHMC,Tanimoto,Matern32,(count:x)+(fp:x),,,,,,,,,,,,,,,,,,,,,,
Understanding and Designing a High-Performance Ultrafiltration Membrane Using Machine Learning,target_flux decline ratio (%),GpyroHMC,Tanimoto,Matern52,sum,,,,,,,,,,,,,,,,,,,,,,
Understanding and Designing a High-Performance Ultrafiltration Membrane Using Machine Learning,target_flux decline ratio (%),GpyroHMC,Tanimoto,Matern52,product,,,,,,,,,,,,,,,,,,,,,,
Understanding and Designing a High-Performance Ultrafiltration Membrane Using Machine Learning,target_flux decline ratio (%),GpyroHMC,Tanimoto,Matern52,averageProduct,,,,,,,,,,,,,,,,,,,,,,
Understanding and Designing a High-Performance Ultrafiltration Membrane Using Machine Learning,target_flux decline ratio (%),GpyroHMC,Tanimoto,Matern52,(count:+)x(fp:x),,,,,,,,,,,,,,,,,,,,,,
Understanding and Designing a High-Performance Ultrafiltration Membrane Using Machine Learning,target_flux decline ratio (%),GpyroHMC,Tanimoto,Matern52,(count:+)x(fp:+),,,,,,,,,,,,,,,,,,,,,,
Understanding and Designing a High-Performance Ultrafiltration Membrane Using Machine Learning,target_flux decline ratio (%),GpyroHMC,Tanimoto,Matern52,(count:x)+(fp:x),,,,,,,,,,,,,,,,,,,,,,
Understanding and Designing a High-Performance Ultrafiltration Membrane Using Machine Learning,target_flux decline ratio (%),GpyroHMC,Tanimoto,RBF,sum,,,,,,,,,,,,,,,,,,,,,,
Understanding and Designing a High-Performance Ultrafiltration Membrane Using Machine Learning,target_flux decline ratio (%),GpyroHMC,Tanimoto,RBF,product,,,,,,,,,,,,,,,,,,,,,,
Understanding and Designing a High-Performance Ultrafiltration Membrane Using Machine Learning,target_flux decline ratio (%),GpyroHMC,Tanimoto,RBF,averageProduct,,,,,,,,,,,,,,,,,,,,,,
Understanding and Designing a High-Performance Ultrafiltration Membrane Using Machine Learning,target_flux decline ratio (%),GpyroHMC,Tanimoto,RBF,(count:+)x(fp:x),,,,,,,,,,,,,,,,,,,,,,
Understanding and Designing a High-Performance Ultrafiltration Membrane Using Machine Learning,target_flux decline ratio (%),GpyroHMC,Tanimoto,RBF,(count:+)x(fp:+),,,,,,,,,,,,,,,,,,,,,,
Understanding and Designing a High-Performance Ultrafiltration Membrane Using Machine Learning,target_flux decline ratio (%),GpyroHMC,Tanimoto,RBF,(count:x)+(fp:x),,,,,,,,,,,,,,,,,,,,,,
Understanding and Designing a High-Performance Ultrafiltration Membrane Using Machine Learning,target_flux decline ratio (%),GpyroHMC,Matern32,Matern32,sum,,,,,,,,,,,,,,,,,,,,,,
Understanding and Designing a High-Performance Ultrafiltration Membrane Using Machine Learning,target_flux decline ratio (%),GpyroHMC,Matern32,Matern32,product,,,,,,,,,,,,,,,,,,,,,,
Understanding and Designing a High-Performance Ultrafiltration Membrane Using Machine Learning,target_flux decline ratio (%),GpyroHMC,Matern32,Matern32,averageProduct,,,,,,,,,,,,,,,,,,,,,,
Understanding and Designing a High-Performance Ultrafiltration Membrane Using Machine Learning,target_flux decline ratio (%),GpyroHMC,Matern32,Matern32,(count:+)x(fp:x),,,,,,,,,,,,,,,,,,,,,,
Understanding and Designing a High-Performance Ultrafiltration Membrane Using Machine Learning,target_flux decline ratio (%),GpyroHMC,Matern32,Matern32,(count:+)x(fp:+),,,,,,,,,,,,,,,,,,,,,,
Understanding and Designing a High-Performance Ultrafiltration Membrane Using Machine Learning,target_flux decline ratio (%),GpyroHMC,Matern32,Matern32,(count:x)+(fp:x),,,,,,,,,,,,,,,,,,,,,,
Understanding and Designing a High-Performance Ultrafiltration Membrane Using Machine Learning,target_flux decline ratio (%),GpyroHMC,Matern32,Matern52,sum,,,,,,,,,,,,,,,,,,,,,,
Understanding and Designing a High-Performance Ultrafiltration Membrane Using Machine Learning,target_flux decline ratio (%),GpyroHMC,Matern32,Matern52,product,,,,,,,,,,,,,,,,,,,,,,
Understanding and Designing a High-Performance Ultrafiltration Membrane Using Machine Learning,target_flux decline ratio (%),GpyroHMC,Matern32,Matern52,averageProduct,,,,,,,,,,,,,,,,,,,,,,
Understanding and Designing a High-Performance Ultrafiltration Membrane Using Machine Learning,target_flux decline ratio (%),GpyroHMC,Matern32,Matern52,(count:+)x(fp:x),,,,,,,,,,,,,,,,,,,,,,
Understanding and Designing a High-Performance Ultrafiltration Membrane Using Machine Learning,target_flux decline ratio (%),GpyroHMC,Matern32,Matern52,(count:+)x(fp:+),,,,,,,,,,,,,,,,,,,,,,
Understanding and Designing a High-Performance Ultrafiltration Membrane Using Machine Learning,target_flux decline ratio (%),GpyroHMC,Matern32,Matern52,(count:x)+(fp:x),,,,,,,,,,,,,,,,,,,,,,
Understanding and Designing a High-Performance Ultrafiltration Membrane Using Machine Learning,target_flux decline ratio (%),GpyroHMC,Matern32,RBF,sum,,,,,,,,,,,,,,,,,,,,,,
Understanding and Designing a High-Performance Ultrafiltration Membrane Using Machine Learning,target_flux decline ratio (%),GpyroHMC,Matern32,RBF,product,,,,,,,,,,,,,,,,,,,,,,
Understanding and Designing a High-Performance Ultrafiltration Membrane Using Machine Learning,target_flux decline ratio (%),GpyroHMC,Matern32,RBF,averageProduct,,,,,,,,,,,,,,,,,,,,,,
Understanding and Designing a High-Performance Ultrafiltration Membrane Using Machine Learning,target_flux decline ratio (%),GpyroHMC,Matern32,RBF,(count:+)x(fp:x),,,,,,,,,,,,,,,,,,,,,,
Understanding and Designing a High-Performance Ultrafiltration Membrane Using Machine Learning,target_flux decline ratio (%),GpyroHMC,Matern32,RBF,(count:+)x(fp:+),,,,,,,,,,,,,,,,,,,,,,
Understanding and Designing a High-Performance Ultrafiltration Membrane Using Machine Learning,target_flux decline ratio (%),GpyroHMC,Matern32,RBF,(count:x)+(fp:x),,,,,,,,,,,,,,,,,,,,,,
Understanding and Designing a High-Performance Ultrafiltration Membrane Using Machine Learning,target_flux decline ratio (%),GpyroHMC,Matern52,Matern32,sum,,,,,,,,,,,,,,,,,,,,,,
Understanding and Designing a High-Performance Ultrafiltration Membrane Using Machine Learning,target_flux decline ratio (%),GpyroHMC,Matern52,Matern32,product,,,,,,,,,,,,,,,,,,,,,,
Understanding and Designing a High-Performance Ultrafiltration Membrane Using Machine Learning,target_flux decline ratio (%),GpyroHMC,Matern52,Matern32,averageProduct,,,,,,,,,,,,,,,,,,,,,,
Understanding and Designing a High-Performance Ultrafiltration Membrane Using Machine Learning,target_flux decline ratio (%),GpyroHMC,Matern52,Matern32,(count:+)x(fp:x),,,,,,,,,,,,,,,,,,,,,,
Understanding and Designing a High-Performance Ultrafiltration Membrane Using Machine Learning,target_flux decline ratio (%),GpyroHMC,Matern52,Matern32,(count:+)x(fp:+),,,,,,,,,,,,,,,,,,,,,,
Understanding and Designing a High-Performance Ultrafiltration Membrane Using Machine Learning,target_flux decline ratio (%),GpyroHMC,Matern52,Matern32,(count:x)+(fp:x),,,,,,,,,,,,,,,,,,,,,,
Understanding and Designing a High-Performance Ultrafiltration Membrane Using Machine Learning,target_flux decline ratio (%),GpyroHMC,Matern52,Matern52,sum,,,,,,,,,,,,,,,,,,,,,,
Understanding and Designing a High-Performance Ultrafiltration Membrane Using Machine Learning,target_flux decline ratio (%),GpyroHMC,Matern52,Matern52,product,,,,,,,,,,,,,,,,,,,,,,
Understanding and Designing a High-Performance Ultrafiltration Membrane Using Machine Learning,target_flux decline ratio (%),GpyroHMC,Matern52,Matern52,averageProduct,,,,,,,,,,,,,,,,,,,,,,
Understanding and Designing a High-Performance Ultrafiltration Membrane Using Machine Learning,target_flux decline ratio (%),GpyroHMC,Matern52,Matern52,(count:+)x(fp:x),,,,,,,,,,,,,,,,,,,,,,
Understanding and Designing a High-Performance Ultrafiltration Membrane Using Machine Learning,target_flux decline ratio (%),GpyroHMC,Matern52,Matern52,(count:+)x(fp:+),,,,,,,,,,,,,,,,,,,,,,
Understanding and Designing a High-Performance Ultrafiltration Membrane Using Machine Learning,target_flux decline ratio (%),GpyroHMC,Matern52,Matern52,(count:x)+(fp:x),,,,,,,,,,,,,,,,,,,,,,
Understanding and Designing a High-Performance Ultrafiltration Membrane Using Machine Learning,target_flux decline ratio (%),GpyroHMC,Matern52,RBF,sum,,,,,,,,,,,,,,,,,,,,,,
Understanding and Designing a High-Performance Ultrafiltration Membrane Using Machine Learning,target_flux decline ratio (%),GpyroHMC,Matern52,RBF,product,,,,,,,,,,,,,,,,,,,,,,
Understanding and Designing a High-Performance Ultrafiltration Membrane Using Machine Learning,target_flux decline ratio (%),GpyroHMC,Matern52,RBF,averageProduct,,,,,,,,,,,,,,,,,,,,,,
Understanding and Designing a High-Performance Ultrafiltration Membrane Using Machine Learning,target_flux decline ratio (%),GpyroHMC,Matern52,RBF,(count:+)x(fp:x),,,,,,,,,,,,,,,,,,,,,,
Understanding and Designing a High-Performance Ultrafiltration Membrane Using Machine Learning,target_flux decline ratio (%),GpyroHMC,Matern52,RBF,(count:+)x(fp:+),,,,,,,,,,,,,,,,,,,,,,
Understanding and Designing a High-Performance Ultrafiltration Membrane Using Machine Learning,target_flux decline ratio (%),GpyroHMC,Matern52,RBF,(count:x)+(fp:x),,,,,,,,,,,,,,,,,,,,,,
Understanding and Designing a High-Performance Ultrafiltration Membrane Using Machine Learning,target_flux decline ratio (%),GpyroHMC,RBF,Matern32,sum,,,,,,,,,,,,,,,,,,,,,,
Understanding and Designing a High-Performance Ultrafiltration Membrane Using Machine Learning,target_flux decline ratio (%),GpyroHMC,RBF,Matern32,product,,,,,,,,,,,,,,,,,,,,,,
Understanding and Designing a High-Performance Ultrafiltration Membrane Using Machine Learning,target_flux decline ratio (%),GpyroHMC,RBF,Matern32,averageProduct,,,,,,,,,,,,,,,,,,,,,,
Understanding and Designing a High-Performance Ultrafiltration Membrane Using Machine Learning,target_flux decline ratio (%),GpyroHMC,RBF,Matern32,(count:+)x(fp:x),,,,,,,,,,,,,,,,,,,,,,
Understanding and Designing a High-Performance Ultrafiltration Membrane Using Machine Learning,target_flux decline ratio (%),GpyroHMC,RBF,Matern32,(count:+)x(fp:+),,,,,,,,,,,,,,,,,,,,,,
Understanding and Designing a High-Performance Ultrafiltration Membrane Using Machine Learning,target_flux decline ratio (%),GpyroHMC,RBF,Matern32,(count:x)+(fp:x),,,,,,,,,,,,,,,,,,,,,,
Understanding and Designing a High-Performance Ultrafiltration Membrane Using Machine Learning,target_flux decline ratio (%),GpyroHMC,RBF,Matern52,sum,,,,,,,,,,,,,,,,,,,,,,
Understanding and Designing a High-Performance Ultrafiltration Membrane Using Machine Learning,target_flux decline ratio (%),GpyroHMC,RBF,Matern52,product,,,,,,,,,,,,,,,,,,,,,,
Understanding and Designing a High-Performance Ultrafiltration Membrane Using Machine Learning,target_flux decline ratio (%),GpyroHMC,RBF,Matern52,averageProduct,,,,,,,,,,,,,,,,,,,,,,
Understanding and Designing a High-Performance Ultrafiltration Membrane Using Machine Learning,target_flux decline ratio (%),GpyroHMC,RBF,Matern52,(count:+)x(fp:x),,,,,,,,,,,,,,,,,,,,,,
Understanding and Designing a High-Performance Ultrafiltration Membrane Using Machine Learning,target_flux decline ratio (%),GpyroHMC,RBF,Matern52,(count:+)x(fp:+),,,,,,,,,,,,,,,,,,,,,,
Understanding and Designing a High-Performance Ultrafiltration Membrane Using Machine Learning,target_flux decline ratio (%),GpyroHMC,RBF,Matern52,(count:x)+(fp:x),,,,,,,,,,,,,,,,,,,,,,
Understanding and Designing a High-Performance Ultrafiltration Membrane Using Machine Learning,target_flux decline ratio (%),GpyroHMC,RBF,RBF,sum,,,,,,,,,,,,,,,,,,,,,,
Understanding and Designing a High-Performance Ultrafiltration Membrane Using Machine Learning,target_flux decline ratio (%),GpyroHMC,RBF,RBF,product,,,,,,,,,,,,,,,,,,,,,,
Understanding and Designing a High-Performance Ultrafiltration Membrane Using Machine Learning,target_flux decline ratio (%),GpyroHMC,RBF,RBF,averageProduct,,,,,,,,,,,,,,,,,,,,,,
Understanding and Designing a High-Performance Ultrafiltration Membrane Using Machine Learning,target_flux decline ratio (%),GpyroHMC,RBF,RBF,(count:+)x(fp:x),,,,,,,,,,,,,,,,,,,,,,
Understanding and Designing a High-Performance Ultrafiltration Membrane Using Machine Learning,target_flux decline ratio (%),GpyroHMC,RBF,RBF,(count:+)x(fp:+),,,,,,,,,,,,,,,,,,,,,,
Understanding and Designing a High-Performance Ultrafiltration Membrane Using Machine Learning,target_flux decline ratio (%),GpyroHMC,RBF,RBF,(count:x)+(fp:x),,,,,,,,,,,,,,,,,,,,,,
Understanding and Designing a High-Performance Ultrafiltration Membrane Using Machine Learning,target_flux decline ratio (%),GPytorchMAP,TanimotoMatern32,Matern32,sum,,,,,,,,,,,,,,,,,,,,,,
Understanding and Designing a High-Performance Ultrafiltration Membrane Using Machine Learning,target_flux decline ratio (%),GPytorchMAP,TanimotoMatern32,Matern32,product,,,,,,,,,,,,,,,,,,,,,,
Understanding and Designing a High-Performance Ultrafiltration Membrane Using Machine Learning,target_flux decline ratio (%),GPytorchMAP,TanimotoMatern32,Matern32,averageProduct,,,,,,,,,,,,,,,,,,,,,,
Understanding and Designing a High-Performance Ultrafiltration Membrane Using Machine Learning,target_flux decline ratio (%),GPytorchMAP,TanimotoMatern32,Matern32,(count:+)x(fp:x),,,,,,,,,,,,,,,,,,,,,,
Understanding and Designing a High-Performance Ultrafiltration Membrane Using Machine Learning,target_flux decline ratio (%),GPytorchMAP,TanimotoMatern32,Matern32,(count:+)x(fp:+),,,,,,,,,,,,,,,,,,,,,,
Understanding and Designing a High-Performance Ultrafiltration Membrane Using Machine Learning,target_flux decline ratio (%),GPytorchMAP,TanimotoMatern32,Matern32,(count:x)+(fp:x),,,,,,,,,,,,,,,,,,,,,,
Understanding and Designing a High-Performance Ultrafiltration Membrane Using Machine Learning,target_flux decline ratio (%),GPytorchMAP,TanimotoMatern32,Matern52,sum,,,,,,,,,,,,,,,,,,,,,,
Understanding and Designing a High-Performance Ultrafiltration Membrane Using Machine Learning,target_flux decline ratio (%),GPytorchMAP,TanimotoMatern32,Matern52,product,,,,,,,,,,,,,,,,,,,,,,
Understanding and Designing a High-Performance Ultrafiltration Membrane Using Machine Learning,target_flux decline ratio (%),GPytorchMAP,TanimotoMatern32,Matern52,averageProduct,,,,,,,,,,,,,,,,,,,,,,
Understanding and Designing a High-Performance Ultrafiltration Membrane Using Machine Learning,target_flux decline ratio (%),GPytorchMAP,TanimotoMatern32,Matern52,(count:+)x(fp:x),,,,,,,,,,,,,,,,,,,,,,
Understanding and Designing a High-Performance Ultrafiltration Membrane Using Machine Learning,target_flux decline ratio (%),GPytorchMAP,TanimotoMatern32,Matern52,(count:+)x(fp:+),,,,,,,,,,,,,,,,,,,,,,
Understanding and Designing a High-Performance Ultrafiltration Membrane Using Machine Learning,target_flux decline ratio (%),GPytorchMAP,TanimotoMatern32,Matern52,(count:x)+(fp:x),,,,,,,,,,,,,,,,,,,,,,
Understanding and Designing a High-Performance Ultrafiltration Membrane Using Machine Learning,target_flux decline ratio (%),GPytorchMAP,TanimotoMatern32,RBF,sum,,,,,,,,,,,,,,,,,,,,,,
Understanding and Designing a High-Performance Ultrafiltration Membrane Using Machine Learning,target_flux decline ratio (%),GPytorchMAP,TanimotoMatern32,RBF,product,,,,,,,,,,,,,,,,,,,,,,
Understanding and Designing a High-Performance Ultrafiltration Membrane Using Machine Learning,target_flux decline ratio (%),GPytorchMAP,TanimotoMatern32,RBF,averageProduct,,,,,,,,,,,,,,,,,,,,,,
Understanding and Designing a High-Performance Ultrafiltration Membrane Using Machine Learning,target_flux decline ratio (%),GPytorchMAP,TanimotoMatern32,RBF,(count:+)x(fp:x),,,,,,,,,,,,,,,,,,,,,,
Understanding and Designing a High-Performance Ultrafiltration Membrane Using Machine Learning,target_flux decline ratio (%),GPytorchMAP,TanimotoMatern32,RBF,(count:+)x(fp:+),,,,,,,,,,,,,,,,,,,,,,
Understanding and Designing a High-Performance Ultrafiltration Membrane Using Machine Learning,target_flux decline ratio (%),GPytorchMAP,TanimotoMatern32,RBF,(count:x)+(fp:x),,,,,,,,,,,,,,,,,,,,,,
Understanding and Designing a High-Performance Ultrafiltration Membrane Using Machine Learning,target_flux decline ratio (%),GPytorchMAP,TanimotoMatern52,Matern32,sum,,,,,,,,,,,,,,,,,,,,,,
Understanding and Designing a High-Performance Ultrafiltration Membrane Using Machine Learning,target_flux decline ratio (%),GPytorchMAP,TanimotoMatern52,Matern32,product,,,,,,,,,,,,,,,,,,,,,,
Understanding and Designing a High-Performance Ultrafiltration Membrane Using Machine Learning,target_flux decline ratio (%),GPytorchMAP,TanimotoMatern52,Matern32,averageProduct,,,,,,,,,,,,,,,,,,,,,,
Understanding and Designing a High-Performance Ultrafiltration Membrane Using Machine Learning,target_flux decline ratio (%),GPytorchMAP,TanimotoMatern52,Matern32,(count:+)x(fp:x),,,,,,,,,,,,,,,,,,,,,,
Understanding and Designing a High-Performance Ultrafiltration Membrane Using Machine Learning,target_flux decline ratio (%),GPytorchMAP,TanimotoMatern52,Matern32,(count:+)x(fp:+),,,,,,,,,,,,,,,,,,,,,,
Understanding and Designing a High-Performance Ultrafiltration Membrane Using Machine Learning,target_flux decline ratio (%),GPytorchMAP,TanimotoMatern52,Matern32,(count:x)+(fp:x),,,,,,,,,,,,,,,,,,,,,,
Understanding and Designing a High-Performance Ultrafiltration Membrane Using Machine Learning,target_flux decline ratio (%),GPytorchMAP,TanimotoMatern52,Matern52,sum,,,,,,,,,,,,,,,,,,,,,,
Understanding and Designing a High-Performance Ultrafiltration Membrane Using Machine Learning,target_flux decline ratio (%),GPytorchMAP,TanimotoMatern52,Matern52,product,,,,,,,,,,,,,,,,,,,,,,
Understanding and Designing a High-Performance Ultrafiltration Membrane Using Machine Learning,target_flux decline ratio (%),GPytorchMAP,TanimotoMatern52,Matern52,averageProduct,,,,,,,,,,,,,,,,,,,,,,
Understanding and Designing a High-Performance Ultrafiltration Membrane Using Machine Learning,target_flux decline ratio (%),GPytorchMAP,TanimotoMatern52,Matern52,(count:+)x(fp:x),,,,,,,,,,,,,,,,,,,,,,
Understanding and Designing a High-Performance Ultrafiltration Membrane Using Machine Learning,target_flux decline ratio (%),GPytorchMAP,TanimotoMatern52,Matern52,(count:+)x(fp:+),,,,,,,,,,,,,,,,,,,,,,
Understanding and Designing a High-Performance Ultrafiltration Membrane Using Machine Learning,target_flux decline ratio (%),GPytorchMAP,TanimotoMatern52,Matern52,(count:x)+(fp:x),,,,,,,,,,,,,,,,,,,,,,
Understanding and Designing a High-Performance Ultrafiltration Membrane Using Machine Learning,target_flux decline ratio (%),GPytorchMAP,TanimotoMatern52,RBF,sum,,,,,,,,,,,,,,,,,,,,,,
Understanding and Designing a High-Performance Ultrafiltration Membrane Using Machine Learning,target_flux decline ratio (%),GPytorchMAP,TanimotoMatern52,RBF,product,,,,,,,,,,,,,,,,,,,,,,
Understanding and Designing a High-Performance Ultrafiltration Membrane Using Machine Learning,target_flux decline ratio (%),GPytorchMAP,TanimotoMatern52,RBF,averageProduct,,,,,,,,,,,,,,,,,,,,,,
Understanding and Designing a High-Performance Ultrafiltration Membrane Using Machine Learning,target_flux decline ratio (%),GPytorchMAP,TanimotoMatern52,RBF,(count:+)x(fp:x),,,,,,,,,,,,,,,,,,,,,,
Understanding and Designing a High-Performance Ultrafiltration Membrane Using Machine Learning,target_flux decline ratio (%),GPytorchMAP,TanimotoMatern52,RBF,(count:+)x(fp:+),,,,,,,,,,,,,,,,,,,,,,
Understanding and Designing a High-Performance Ultrafiltration Membrane Using Machine Learning,target_flux decline ratio (%),GPytorchMAP,TanimotoMatern52,RBF,(count:x)+(fp:x),,,,,,,,,,,,,,,,,,,,,,
Understanding and Designing a High-Performance Ultrafiltration Membrane Using Machine Learning,target_flux decline ratio (%),GPytorchMAP,TanimotoRBF,Matern32,sum,,,,,,,,,,,,,,,,,,,,,,
Understanding and Designing a High-Performance Ultrafiltration Membrane Using Machine Learning,target_flux decline ratio (%),GPytorchMAP,TanimotoRBF,Matern32,product,,,,,,,,,,,,,,,,,,,,,,
Understanding and Designing a High-Performance Ultrafiltration Membrane Using Machine Learning,target_flux decline ratio (%),GPytorchMAP,TanimotoRBF,Matern32,averageProduct,,,,,,,,,,,,,,,,,,,,,,
Understanding and Designing a High-Performance Ultrafiltration Membrane Using Machine Learning,target_flux decline ratio (%),GPytorchMAP,TanimotoRBF,Matern32,(count:+)x(fp:x),,,,,,,,,,,,,,,,,,,,,,
Understanding and Designing a High-Performance Ultrafiltration Membrane Using Machine Learning,target_flux decline ratio (%),GPytorchMAP,TanimotoRBF,Matern32,(count:+)x(fp:+),,,,,,,,,,,,,,,,,,,,,,
Understanding and Designing a High-Performance Ultrafiltration Membrane Using Machine Learning,target_flux decline ratio (%),GPytorchMAP,TanimotoRBF,Matern32,(count:x)+(fp:x),,,,,,,,,,,,,,,,,,,,,,
Understanding and Designing a High-Performance Ultrafiltration Membrane Using Machine Learning,target_flux decline ratio (%),GPytorchMAP,TanimotoRBF,Matern52,sum,,,,,,,,,,,,,,,,,,,,,,
Understanding and Designing a High-Performance Ultrafiltration Membrane Using Machine Learning,target_flux decline ratio (%),GPytorchMAP,TanimotoRBF,Matern52,product,,,,,,,,,,,,,,,,,,,,,,
Understanding and Designing a High-Performance Ultrafiltration Membrane Using Machine Learning,target_flux decline ratio (%),GPytorchMAP,TanimotoRBF,Matern52,averageProduct,,,,,,,,,,,,,,,,,,,,,,
Understanding and Designing a High-Performance Ultrafiltration Membrane Using Machine Learning,target_flux decline ratio (%),GPytorchMAP,TanimotoRBF,Matern52,(count:+)x(fp:x),,,,,,,,,,,,,,,,,,,,,,
Understanding and Designing a High-Performance Ultrafiltration Membrane Using Machine Learning,target_flux decline ratio (%),GPytorchMAP,TanimotoRBF,Matern52,(count:+)x(fp:+),,,,,,,,,,,,,,,,,,,,,,
Understanding and Designing a High-Performance Ultrafiltration Membrane Using Machine Learning,target_flux decline ratio (%),GPytorchMAP,TanimotoRBF,Matern52,(count:x)+(fp:x),,,,,,,,,,,,,,,,,,,,,,
Understanding and Designing a High-Performance Ultrafiltration Membrane Using Machine Learning,target_flux decline ratio (%),GPytorchMAP,TanimotoRBF,RBF,sum,,,,,,,,,,,,,,,,,,,,,,
Understanding and Designing a High-Performance Ultrafiltration Membrane Using Machine Learning,target_flux decline ratio (%),GPytorchMAP,TanimotoRBF,RBF,product,,,,,,,,,,,,,,,,,,,,,,
Understanding and Designing a High-Performance Ultrafiltration Membrane Using Machine Learning,target_flux decline ratio (%),GPytorchMAP,TanimotoRBF,RBF,averageProduct,,,,,,,,,,,,,,,,,,,,,,
Understanding and Designing a High-Performance Ultrafiltration Membrane Using Machine Learning,target_flux decline ratio (%),GPytorchMAP,TanimotoRBF,RBF,(count:+)x(fp:x),,,,,,,,,,,,,,,,,,,,,,
Understanding and Designing a High-Performance Ultrafiltration Membrane Using Machine Learning,target_flux decline ratio (%),GPytorchMAP,TanimotoRBF,RBF,(count:+)x(fp:+),,,,,,,,,,,,,,,,,,,,,,
Understanding and Designing a High-Performance Ultrafiltration Membrane Using Machine Learning,target_flux decline ratio (%),GPytorchMAP,TanimotoRBF,RBF,(count:x)+(fp:x),,,,,,,,,,,,,,,,,,,,,,
Understanding and Designing a High-Performance Ultrafiltration Membrane Using Machine Learning,target_flux decline ratio (%),GPytorchMAP,Tanimoto,Matern32,sum,,,,,,,,,,,,,,,,,,,,,,
Understanding and Designing a High-Performance Ultrafiltration Membrane Using Machine Learning,target_flux decline ratio (%),GPytorchMAP,Tanimoto,Matern32,product,,,,,,,,,,,,,,,,,,,,,,
Understanding and Designing a High-Performance Ultrafiltration Membrane Using Machine Learning,target_flux decline ratio (%),GPytorchMAP,Tanimoto,Matern32,averageProduct,,,,,,,,,,,,,,,,,,,,,,
Understanding and Designing a High-Performance Ultrafiltration Membrane Using Machine Learning,target_flux decline ratio (%),GPytorchMAP,Tanimoto,Matern32,(count:+)x(fp:x),,,,,,,,,,,,,,,,,,,,,,
Understanding and Designing a High-Performance Ultrafiltration Membrane Using Machine Learning,target_flux decline ratio (%),GPytorchMAP,Tanimoto,Matern32,(count:+)x(fp:+),,,,,,,,,,,,,,,,,,,,,,
Understanding and Designing a High-Performance Ultrafiltration Membrane Using Machine Learning,target_flux decline ratio (%),GPytorchMAP,Tanimoto,Matern32,(count:x)+(fp:x),,,,,,,,,,,,,,,,,,,,,,
Understanding and Designing a High-Performance Ultrafiltration Membrane Using Machine Learning,target_flux decline ratio (%),GPytorchMAP,Tanimoto,Matern52,sum,,,,,,,,,,,,,,,,,,,,,,
Understanding and Designing a High-Performance Ultrafiltration Membrane Using Machine Learning,target_flux decline ratio (%),GPytorchMAP,Tanimoto,Matern52,product,,,,,,,,,,,,,,,,,,,,,,
Understanding and Designing a High-Performance Ultrafiltration Membrane Using Machine Learning,target_flux decline ratio (%),GPytorchMAP,Tanimoto,Matern52,averageProduct,,,,,,,,,,,,,,,,,,,,,,
Understanding and Designing a High-Performance Ultrafiltration Membrane Using Machine Learning,target_flux decline ratio (%),GPytorchMAP,Tanimoto,Matern52,(count:+)x(fp:x),,,,,,,,,,,,,,,,,,,,,,
Understanding and Designing a High-Performance Ultrafiltration Membrane Using Machine Learning,target_flux decline ratio (%),GPytorchMAP,Tanimoto,Matern52,(count:+)x(fp:+),,,,,,,,,,,,,,,,,,,,,,
Understanding and Designing a High-Performance Ultrafiltration Membrane Using Machine Learning,target_flux decline ratio (%),GPytorchMAP,Tanimoto,Matern52,(count:x)+(fp:x),,,,,,,,,,,,,,,,,,,,,,
Understanding and Designing a High-Performance Ultrafiltration Membrane Using Machine Learning,target_flux decline ratio (%),GPytorchMAP,Tanimoto,RBF,sum,,,,,,,,,,,,,,,,,,,,,,
Understanding and Designing a High-Performance Ultrafiltration Membrane Using Machine Learning,target_flux decline ratio (%),GPytorchMAP,Tanimoto,RBF,product,,,,,,,,,,,,,,,,,,,,,,
Understanding and Designing a High-Performance Ultrafiltration Membrane Using Machine Learning,target_flux decline ratio (%),GPytorchMAP,Tanimoto,RBF,averageProduct,,,,,,,,,,,,,,,,,,,,,,
Understanding and Designing a High-Performance Ultrafiltration Membrane Using Machine Learning,target_flux decline ratio (%),GPytorchMAP,Tanimoto,RBF,(count:+)x(fp:x),,,,,,,,,,,,,,,,,,,,,,
Understanding and Designing a High-Performance Ultrafiltration Membrane Using Machine Learning,target_flux decline ratio (%),GPytorchMAP,Tanimoto,RBF,(count:+)x(fp:+),,,,,,,,,,,,,,,,,,,,,,
Understanding and Designing a High-Performance Ultrafiltration Membrane Using Machine Learning,target_flux decline ratio (%),GPytorchMAP,Tanimoto,RBF,(count:x)+(fp:x),,,,,,,,,,,,,,,,,,,,,,
Understanding and Designing a High-Performance Ultrafiltration Membrane Using Machine Learning,target_flux decline ratio (%),GPytorchMAP,Matern32,Matern32,sum,,,,,,,,,,,,,,,,,,,,,,
Understanding and Designing a High-Performance Ultrafiltration Membrane Using Machine Learning,target_flux decline ratio (%),GPytorchMAP,Matern32,Matern32,product,,,,,,,,,,,,,,,,,,,,,,
Understanding and Designing a High-Performance Ultrafiltration Membrane Using Machine Learning,target_flux decline ratio (%),GPytorchMAP,Matern32,Matern32,averageProduct,,,,,,,,,,,,,,,,,,,,,,
Understanding and Designing a High-Performance Ultrafiltration Membrane Using Machine Learning,target_flux decline ratio (%),GPytorchMAP,Matern32,Matern32,(count:+)x(fp:x),,,,,,,,,,,,,,,,,,,,,,
Understanding and Designing a High-Performance Ultrafiltration Membrane Using Machine Learning,target_flux decline ratio (%),GPytorchMAP,Matern32,Matern32,(count:+)x(fp:+),,,,,,,,,,,,,,,,,,,,,,
Understanding and Designing a High-Performance Ultrafiltration Membrane Using Machine Learning,target_flux decline ratio (%),GPytorchMAP,Matern32,Matern32,(count:x)+(fp:x),,,,,,,,,,,,,,,,,,,,,,
Understanding and Designing a High-Performance Ultrafiltration Membrane Using Machine Learning,target_flux decline ratio (%),GPytorchMAP,Matern32,Matern52,sum,,,,,,,,,,,,,,,,,,,,,,
Understanding and Designing a High-Performance Ultrafiltration Membrane Using Machine Learning,target_flux decline ratio (%),GPytorchMAP,Matern32,Matern52,product,,,,,,,,,,,,,,,,,,,,,,
Understanding and Designing a High-Performance Ultrafiltration Membrane Using Machine Learning,target_flux decline ratio (%),GPytorchMAP,Matern32,Matern52,averageProduct,,,,,,,,,,,,,,,,,,,,,,
Understanding and Designing a High-Performance Ultrafiltration Membrane Using Machine Learning,target_flux decline ratio (%),GPytorchMAP,Matern32,Matern52,(count:+)x(fp:x),,,,,,,,,,,,,,,,,,,,,,
Understanding and Designing a High-Performance Ultrafiltration Membrane Using Machine Learning,target_flux decline ratio (%),GPytorchMAP,Matern32,Matern52,(count:+)x(fp:+),,,,,,,,,,,,,,,,,,,,,,
Understanding and Designing a High-Performance Ultrafiltration Membrane Using Machine Learning,target_flux decline ratio (%),GPytorchMAP,Matern32,Matern52,(count:x)+(fp:x),,,,,,,,,,,,,,,,,,,,,,
Understanding and Designing a High-Performance Ultrafiltration Membrane Using Machine Learning,target_flux decline ratio (%),GPytorchMAP,Matern32,RBF,sum,,,,,,,,,,,,,,,,,,,,,,
Understanding and Designing a High-Performance Ultrafiltration Membrane Using Machine Learning,target_flux decline ratio (%),GPytorchMAP,Matern32,RBF,product,,,,,,,,,,,,,,,,,,,,,,
Understanding and Designing a High-Performance Ultrafiltration Membrane Using Machine Learning,target_flux decline ratio (%),GPytorchMAP,Matern32,RBF,averageProduct,,,,,,,,,,,,,,,,,,,,,,
Understanding and Designing a High-Performance Ultrafiltration Membrane Using Machine Learning,target_flux decline ratio (%),GPytorchMAP,Matern32,RBF,(count:+)x(fp:x),,,,,,,,,,,,,,,,,,,,,,
Understanding and Designing a High-Performance Ultrafiltration Membrane Using Machine Learning,target_flux decline ratio (%),GPytorchMAP,Matern32,RBF,(count:+)x(fp:+),,,,,,,,,,,,,,,,,,,,,,
Understanding and Designing a High-Performance Ultrafiltration Membrane Using Machine Learning,target_flux decline ratio (%),GPytorchMAP,Matern32,RBF,(count:x)+(fp:x),,,,,,,,,,,,,,,,,,,,,,
Understanding and Designing a High-Performance Ultrafiltration Membrane Using Machine Learning,target_flux decline ratio (%),GPytorchMAP,Matern52,Matern32,sum,,,,,,,,,,,,,,,,,,,,,,
Understanding and Designing a High-Performance Ultrafiltration Membrane Using Machine Learning,target_flux decline ratio (%),GPytorchMAP,Matern52,Matern32,product,,,,,,,,,,,,,,,,,,,,,,
Understanding and Designing a High-Performance Ultrafiltration Membrane Using Machine Learning,target_flux decline ratio (%),GPytorchMAP,Matern52,Matern32,averageProduct,,,,,,,,,,,,,,,,,,,,,,
Understanding and Designing a High-Performance Ultrafiltration Membrane Using Machine Learning,target_flux decline ratio (%),GPytorchMAP,Matern52,Matern32,(count:+)x(fp:x),,,,,,,,,,,,,,,,,,,,,,
Understanding and Designing a High-Performance Ultrafiltration Membrane Using Machine Learning,target_flux decline ratio (%),GPytorchMAP,Matern52,Matern32,(count:+)x(fp:+),,,,,,,,,,,,,,,,,,,,,,
Understanding and Designing a High-Performance Ultrafiltration Membrane Using Machine Learning,target_flux decline ratio (%),GPytorchMAP,Matern52,Matern32,(count:x)+(fp:x),,,,,,,,,,,,,,,,,,,,,,
Understanding and Designing a High-Performance Ultrafiltration Membrane Using Machine Learning,target_flux decline ratio (%),GPytorchMAP,Matern52,Matern52,sum,,,,,,,,,,,,,,,,,,,,,,
Understanding and Designing a High-Performance Ultrafiltration Membrane Using Machine Learning,target_flux decline ratio (%),GPytorchMAP,Matern52,Matern52,product,,,,,,,,,,,,,,,,,,,,,,
Understanding and Designing a High-Performance Ultrafiltration Membrane Using Machine Learning,target_flux decline ratio (%),GPytorchMAP,Matern52,Matern52,averageProduct,,,,,,,,,,,,,,,,,,,,,,
Understanding and Designing a High-Performance Ultrafiltration Membrane Using Machine Learning,target_flux decline ratio (%),GPytorchMAP,Matern52,Matern52,(count:+)x(fp:x),,,,,,,,,,,,,,,,,,,,,,
Understanding and Designing a High-Performance Ultrafiltration Membrane Using Machine Learning,target_flux decline ratio (%),GPytorchMAP,Matern52,Matern52,(count:+)x(fp:+),,,,,,,,,,,,,,,,,,,,,,
Understanding and Designing a High-Performance Ultrafiltration Membrane Using Machine Learning,target_flux decline ratio (%),GPytorchMAP,Matern52,Matern52,(count:x)+(fp:x),,,,,,,,,,,,,,,,,,,,,,
Understanding and Designing a High-Performance Ultrafiltration Membrane Using Machine Learning,target_flux decline ratio (%),GPytorchMAP,Matern52,RBF,sum,,,,,,,,,,,,,,,,,,,,,,
Understanding and Designing a High-Performance Ultrafiltration Membrane Using Machine Learning,target_flux decline ratio (%),GPytorchMAP,Matern52,RBF,product,,,,,,,,,,,,,,,,,,,,,,
Understanding and Designing a High-Performance Ultrafiltration Membrane Using Machine Learning,target_flux decline ratio (%),GPytorchMAP,Matern52,RBF,averageProduct,,,,,,,,,,,,,,,,,,,,,,
Understanding and Designing a High-Performance Ultrafiltration Membrane Using Machine Learning,target_flux decline ratio (%),GPytorchMAP,Matern52,RBF,(count:+)x(fp:x),,,,,,,,,,,,,,,,,,,,,,
Understanding and Designing a High-Performance Ultrafiltration Membrane Using Machine Learning,target_flux decline ratio (%),GPytorchMAP,Matern52,RBF,(count:+)x(fp:+),,,,,,,,,,,,,,,,,,,,,,
Understanding and Designing a High-Performance Ultrafiltration Membrane Using Machine Learning,target_flux decline ratio (%),GPytorchMAP,Matern52,RBF,(count:x)+(fp:x),,,,,,,,,,,,,,,,,,,,,,
Understanding and Designing a High-Performance Ultrafiltration Membrane Using Machine Learning,target_flux decline ratio (%),GPytorchMAP,RBF,Matern32,sum,,,,,,,,,,,,,,,,,,,,,,
Understanding and Designing a High-Performance Ultrafiltration Membrane Using Machine Learning,target_flux decline ratio (%),GPytorchMAP,RBF,Matern32,product,,,,,,,,,,,,,,,,,,,,,,
Understanding and Designing a High-Performance Ultrafiltration Membrane Using Machine Learning,target_flux decline ratio (%),GPytorchMAP,RBF,Matern32,averageProduct,,,,,,,,,,,,,,,,,,,,,,
Understanding and Designing a High-Performance Ultrafiltration Membrane Using Machine Learning,target_flux decline ratio (%),GPytorchMAP,RBF,Matern32,(count:+)x(fp:x),,,,,,,,,,,,,,,,,,,,,,
Understanding and Designing a High-Performance Ultrafiltration Membrane Using Machine Learning,target_flux decline ratio (%),GPytorchMAP,RBF,Matern32,(count:+)x(fp:+),,,,,,,,,,,,,,,,,,,,,,
Understanding and Designing a High-Performance Ultrafiltration Membrane Using Machine Learning,target_flux decline ratio (%),GPytorchMAP,RBF,Matern32,(count:x)+(fp:x),,,,,,,,,,,,,,,,,,,,,,
Understanding and Designing a High-Performance Ultrafiltration Membrane Using Machine Learning,target_flux decline ratio (%),GPytorchMAP,RBF,Matern52,sum,,,,,,,,,,,,,,,,,,,,,,
Understanding and Designing a High-Performance Ultrafiltration Membrane Using Machine Learning,target_flux decline ratio (%),GPytorchMAP,RBF,Matern52,product,,,,,,,,,,,,,,,,,,,,,,
Understanding and Designing a High-Performance Ultrafiltration Membrane Using Machine Learning,target_flux decline ratio (%),GPytorchMAP,RBF,Matern52,averageProduct,,,,,,,,,,,,,,,,,,,,,,
Understanding and Designing a High-Performance Ultrafiltration Membrane Using Machine Learning,target_flux decline ratio (%),GPytorchMAP,RBF,Matern52,(count:+)x(fp:x),,,,,,,,,,,,,,,,,,,,,,
Understanding and Designing a High-Performance Ultrafiltration Membrane Using Machine Learning,target_flux decline ratio (%),GPytorchMAP,RBF,Matern52,(count:+)x(fp:+),,,,,,,,,,,,,,,,,,,,,,
Understanding and Designing a High-Performance Ultrafiltration Membrane Using Machine Learning,target_flux decline ratio (%),GPytorchMAP,RBF,Matern52,(count:x)+(fp:x),,,,,,,,,,,,,,,,,,,,,,
Understanding and Designing a High-Performance Ultrafiltration Membrane Using Machine Learning,target_flux decline ratio (%),GPytorchMAP,RBF,RBF,sum,,,,,,,,,,,,,,,,,,,,,,
Understanding and Designing a High-Performance Ultrafiltration Membrane Using Machine Learning,target_flux decline ratio (%),GPytorchMAP,RBF,RBF,product,,,,,,,,,,,,,,,,,,,,,,
Understanding and Designing a High-Performance Ultrafiltration Membrane Using Machine Learning,target_flux decline ratio (%),GPytorchMAP,RBF,RBF,averageProduct,,,,,,,,,,,,,,,,,,,,,,
Understanding and Designing a High-Performance Ultrafiltration Membrane Using Machine Learning,target_flux decline ratio (%),GPytorchMAP,RBF,RBF,(count:+)x(fp:x),,,,,,,,,,,,,,,,,,,,,,
Understanding and Designing a High-Performance Ultrafiltration Membrane Using Machine Learning,target_flux decline ratio (%),GPytorchMAP,RBF,RBF,(count:+)x(fp:+),,,,,,,,,,,,,,,,,,,,,,
Understanding and Designing a High-Performance Ultrafiltration Membrane Using Machine Learning,target_flux decline ratio (%),GPytorchMAP,RBF,RBF,(count:x)+(fp:x),,,,,,,,,,,,,,,,,,,,,,
Understanding and Designing a High-Performance Ultrafiltration Membrane Using Machine Learning,target_flux decline ratio (%),MGK,Graph,Matern32,sum,,,,,,,,,,,,,,,,,,,,,,
Understanding and Designing a High-Performance Ultrafiltration Membrane Using Machine Learning,target_flux decline ratio (%),MGK,Graph,Matern32,product,,,,,,,,,,,,,,,,,,,,,,
Understanding and Designing a High-Performance Ultrafiltration Membrane Using Machine Learning,target_flux decline ratio (%),MGK,Graph,Matern32,averageProduct,,,,,,,,,,,,,,,,,,,,,,
Understanding and Designing a High-Performance Ultrafiltration Membrane Using Machine Learning,target_flux decline ratio (%),MGK,Graph,Matern32,(count:+)x(graph:x),,,,,,,,,,,,,,,,,,,,,,
Understanding and Designing a High-Performance Ultrafiltration Membrane Using Machine Learning,target_flux decline ratio (%),MGK,Graph,Matern32,(count:+)x(graph:+),,,,,,,,,,,,,,,,,,,,,,
Understanding and Designing a High-Performance Ultrafiltration Membrane Using Machine Learning,target_flux decline ratio (%),MGK,Graph,Matern32,(count:x)+(graph:x),,,,,,,,,,,,,,,,,,,,,,
Understanding and Designing a High-Performance Ultrafiltration Membrane Using Machine Learning,target_flux decline ratio (%),MGK,Graph,Matern52,sum,,,,,,,,,,,,,,,,,,,,,,
Understanding and Designing a High-Performance Ultrafiltration Membrane Using Machine Learning,target_flux decline ratio (%),MGK,Graph,Matern52,product,,,,,,,,,,,,,,,,,,,,,,
Understanding and Designing a High-Performance Ultrafiltration Membrane Using Machine Learning,target_flux decline ratio (%),MGK,Graph,Matern52,averageProduct,,,,,,,,,,,,,,,,,,,,,,
Understanding and Designing a High-Performance Ultrafiltration Membrane Using Machine Learning,target_flux decline ratio (%),MGK,Graph,Matern52,(count:+)x(graph:x),,,,,,,,,,,,,,,,,,,,,,
Understanding and Designing a High-Performance Ultrafiltration Membrane Using Machine Learning,target_flux decline ratio (%),MGK,Graph,Matern52,(count:+)x(graph:+),,,,,,,,,,,,,,,,,,,,,,
Understanding and Designing a High-Performance Ultrafiltration Membrane Using Machine Learning,target_flux decline ratio (%),MGK,Graph,Matern52,(count:x)+(graph:x),,,,,,,,,,,,,,,,,,,,,,
Understanding and Designing a High-Performance Ultrafiltration Membrane Using Machine Learning,target_flux decline ratio (%),MGK,Graph,RBF,sum,,,,,,,,,,,,,,,,,,,,,,
Understanding and Designing a High-Performance Ultrafiltration Membrane Using Machine Learning,target_flux decline ratio (%),MGK,Graph,RBF,product,,,,,,,,,,,,,,,,,,,,,,
Understanding and Designing a High-Performance Ultrafiltration Membrane Using Machine Learning,target_flux decline ratio (%),MGK,Graph,RBF,averageProduct,,,,,,,,,,,,,,,,,,,,,,
Understanding and Designing a High-Performance Ultrafiltration Membrane Using Machine Learning,target_flux decline ratio (%),MGK,Graph,RBF,(count:+)x(graph:x),,,,,,,,,,,,,,,,,,,,,,
Understanding and Designing a High-Performance Ultrafiltration Membrane Using Machine Learning,target_flux decline ratio (%),MGK,Graph,RBF,(count:+)x(graph:+),,,,,,,,,,,,,,,,,,,,,,
Understanding and Designing a High-Performance Ultrafiltration Membrane Using Machine Learning,target_flux decline ratio (%),MGK,Graph,RBF,(count:x)+(graph:x),,,,,,,,,,,,,,,,,,,,,,
Understanding and Designing a High-Performance Ultrafiltration Membrane Using Machine Learning,target_flux recovery ratio (%),RF,,,,"{""0"": 10.338217393673816, ""1"": 14.36329744663629, ""2"": 11.964401707887255, ""3"": 12.339196332182553, ""4"": 21.78247673854439, ""5"": 11.495343404506444, ""6"": 14.583791470697514, ""7"": 6.559969786262645}","{""0"": 0.2936613045295946, ""1"": 0.10900687084247551, ""2"": 0.10645889165391587, ""3"": 0.13132946251877886, ""4"": -2.987863984677629, ""5"": -0.14298358200796168, ""6"": -2.6253461419452773, ""7"": 0.7357366488718233}","{""0"": 8.356298592436975, ""1"": 11.466809611992941, ""2"": 9.286230750000001, ""3"": 9.503039508110938, ""4"": 20.719297115384617, ""5"": 9.725960384615384, ""6"": 12.694976203703702, ""7"": 5.300112318840579}","{""0"": 0.0370588235294118, ""1"": 0.11234567901234573, ""2"": 0.12333333333333338, ""3"": 0.022820512820512815, ""4"": 0.344871794871795, ""5"": 0.057307692307692344, ""6"": 0.09111111111111114, ""7"": 0.033478260869565214}","{""0"": 0.14353835374009566, ""1"": 0.045147528076253225, ""2"": 0.15727298727515013, ""3"": 0.059110259924698115, ""4"": 0.35662246344119675, ""5"": 0.1383075626683886, ""6"": 0.19374895558498229, ""7"": 0.004092096801965272}","{""0"": 3.866492797900806, ""1"": 4.07291681188357, ""2"": 7.741447538755738, ""3"": 3.9594603623123903, ""4"": 5.021570618007567, ""5"": 3.9053583215893486, ""6"": 4.137892155676592, ""7"": 3.3480120728153175}","{""0"": 0.11764705882352941, ""1"": 0.07148148148148148, ""2"": 0.12000000000000002, ""3"": 0.06362637362637362, ""4"": 0.36923076923076925, ""5"": 0.12115384615384614, ""6"": 0.2888888888888889, ""7"": 0.03260869565217391}","{""0"": 0.3196017245418936, ""1"": 0.2708566592355293, ""2"": 0.6553633869790659, ""3"": 0.2904658087599646, ""4"": 0.09507807531031533, ""5"": 0.3177848902643679, ""6"": 0.0746541237077393, ""7"": 0.5217777205628407}","{""0"": -0.13879128720856088, ""1"": 0.4372343196201827, ""2"": -0.3841536785692144, ""3"": 0.33511202110320654, ""4"": -0.6753424657534246, ""5"": 0.20879848065179146, ""6"": -0.17647058823529413, ""7"": 0.39483760377228355}","{""0"": 10.513294727493882, ""1"": 10.132639357198697, ""2"": 7.997685368987976, ""3"": 12.321663872058885, ""4"": 12.689110811710323, ""5"": 11.625409995426862, ""6"": 13.627256350824918, ""7"": 8.922113668902035}","{""0"": 1.816036520525813, ""1"": 2.365548435598612, ""2"": 1.3984314482659101, ""3"": 2.840664329007268, ""4"": 1.5283893644809723, ""5"": 2.26850295253098, ""6"": 1.2320121433585882, ""7"": 1.486739220097661}","{""0"": [7.76799769185776, 9.210480020393724, 8.38826022272758, 7.694891523208143, 8.446139848686755], ""1"": [10.44887758906865, 8.03033291622847, 10.009427807836252, 8.513845038417909, 8.611501200605833], ""2"": [7.500981316473736, 8.484503758090073, 5.169667671145949, 10.203023574019037, 9.348740686591537], ""3"": [7.942484498569974, 9.959377029433416, 10.757991320196469, 7.7195344722100785, 10.44954475262026], ""4"": [6.616406743071134, 6.7115739101667025, 7.294263492688639, 8.64821960305728, 9.374341680347618], ""5"": [9.601837317424165, 8.519816114395622, 9.773828721672041, 7.301025431724839, 8.740745643563628], ""6"": [6.03542807352102, 6.031001150332283, 6.774199452542262, 9.444022716666186, 8.300606264321171], ""7"": [10.061249621486766, 6.952016938388872, 10.022298666688176, 7.6279068965298755, 6.25229230618721]}","{""0"": [0.6271186608702325, 0.488011068259963, 0.47486481113839396, 0.6521927217021501, 0.6139193159958527], ""1"": [0.36375517189702644, 0.5054898839651006, 0.44312550784539295, 0.46098757823928493, 0.5911302968992043], ""2"": [-0.4047883160902015, 0.5555690273081075, 0.6654619050499592, 0.538919143246004, 0.3872683076126634], ""3"": [0.559303953263194, 0.46169185301860116, 0.3617438997419795, 0.6596086526998776, 0.4612996365396055], ""4"": [0.7374958566956946, 0.26188527619684443, 0.6297747292710838, 0.6705335802891272, 0.5616084683233173], ""5"": [0.5657789756655032, 0.5887536335780559, 0.39298154725140655, 0.6458820697072198, 0.57004039773765], ""6"": [0.8275678032806524, 0.7919311681246646, 0.6331561815456976, 0.10260843806374731, 0.7569436125395743], ""7"": [0.44958617253872635, 0.7568258592969228, 0.5393911764983702, 0.6437734919584932, 0.7397041030067555]}","{""0"": [6.372964418767507, 6.618285037348272, 5.984435609243699, 5.8722994817927185, 6.917161309523804], ""1"": [8.03479872134039, 6.38489963844797, 7.584572742504408, 6.777009347442681, 6.343004060846559], ""2"": [6.355348928571432, 6.589761404761903, 4.3487082142857165, 6.825182841269843, 7.760160559523809], ""3"": [5.662967794348508, 7.652471598639455, 7.477232730682015, 6.041817145473574, 7.452593045525904], ""4"": [5.081050869963373, 5.304465122100122, 5.105258617216117, 7.0418395695970695, 7.362446135531138], ""5"": [6.9966276556776545, 6.422537110805859, 7.429029478021982, 5.80093017857143, 6.613868163919412], ""6"": [4.111913703703707, 4.58942943121693, 5.143614007936507, 6.683304828042326, 6.78588544973545], ""7"": [6.021510207039338, 5.64189404761905, 8.476823188405799, 6.099207101449277, 5.000594824016562]}","{""0"": [0.0658823529411765, 0.02333333333333334, 0.043921568627451016, 0.05196078431372547, 0.09039215686274511], ""1"": [0.10333333333333337, 0.0334567901234568, 0.0981481481481482, 0.10802469135802475, 0.0481481481481482], ""2"": [0.046666666666666703, 0.08833333333333337, 0.049999999999999996, 0.05666666666666669, 0.1383333333333334], ""3"": [0.060402930402930405, 0.07564102564102565, 0.035714285714285726, 0.024139194139194155, 0.050366300366300396], ""4"": [0.09025641025641026, 0.03076923076923078, 0.10102564102564102, 0.10974358974358979, 0.08333333333333337], ""5"": [0.03948717948717953, 0.032435897435897455, 0.10807692307692313, 0.053974358974359, 0.05615384615384618], ""6"": [0.07888888888888887, 0.1048148148148148, 0.05703703703703704, 0.11370370370370374, 0.1055555555555556], ""7"": [0.0491304347826087, 0.04130434782608697, 0.12884057971014495, 0.044492753623188434, 0.06333333333333331]}","{""0"": [-0.01840538504115821, 0.06568944227935156, 0.055305763638153205, 0.05597090038657875, 0.10345955087330232], ""1"": [0.07648492905543457, 0.04697484268103123, 0.04856366276315446, 0.06612423843201097, 0.06393865575295492], ""2"": [0.048659266136012944, 0.1755099038727092, 0.03474270998031171, 0.08675309130942863, 0.14426189420619648], ""3"": [0.03365784389801448, 0.019169761910081164, 0.03562186189167206, 0.03450954315161685, 0.15906946592112373], ""4"": [0.07249597835160568, 0.08721951618429633, 0.22126057033367777, 0.07603059566356471, 0.1603481260026599], ""5"": [0.05265625318547377, 0.03615772068053331, 0.09364104834290983, 0.04269541657485741, 0.04012830826461493], ""6"": [0.03061667936648793, 0.1336907415278656, 0.04014245379778628, 0.07135759452957707, 0.20754835377273528], ""7"": [0.09722229306196364, 0.14687470781631384, 0.06857667593103824, 0.040177007486326174, -0.041836846184089706]}","{""0"": [3.87276494174244, 3.512630572151756, 3.698242745944837, 3.409667654741094, 3.6070276985539245], ""1"": [3.6911221701652033, 3.4945209572546845, 3.976194813566942, 3.6900058902636146, 3.434474388779095], ""2"": [3.572237180084906, 3.853676537738553, 3.170739106812324, 3.3793120371727765, 3.811072857597599], ""3"": [3.6072290709792383, 3.838083754461095, 3.7676806838884533, 3.4539106913207798, 3.6272093707806965], ""4"": [3.3584717926320233, 3.376204151178797, 3.310834847833462, 4.0540855618444, 3.6820077259994908], ""5"": [3.6845226899479093, 3.5230572828919793, 3.7507192885300924, 3.6402187377167485, 3.9062451403444474], ""6"": [3.125466475312525, 3.614564491665986, 3.333514122091118, 4.0276359304781835, 4.304138339260335], ""7"": [3.757684371326191, 3.485734756950717, 3.8126524110866926, 3.928182367323539, 3.4080415368933843]}","{""0"": [0.07529411764705882, 0.0411764705882353, 0.060588235294117644, 0.04470588235294118, 0.09705882352941177], ""1"": [0.06000000000000001, 0.027777777777777783, 0.053333333333333344, 0.06333333333333332, 0.03444444444444443], ""2"": [0.065, 0.10500000000000001, 0.024999999999999988, 0.08499999999999999, 0.12999999999999998], ""3"": [0.03043956043956043, 0.04164835164835164, 0.03351648351648352, 0.03681318681318683, 0.10384615384615384], ""4"": [0.06230769230769231, 0.03307692307692307, 0.050000000000000024, 0.06, 0.08384615384615385], ""5"": [0.03230769230769231, 0.025769230769230777, 0.06730769230769232, 0.04307692307692309, 0.03884615384615385], ""6"": [0.0388888888888889, 0.10999999999999996, 0.03777777777777779, 0.057777777777777796, 0.12444444444444444], ""7"": [0.0517391304347826, 0.08478260869565217, 0.06913043478260869, 0.05, 0.04826086956521739]}","{""0"": [0.45861972398832723, 0.57587135405564, 0.5466206001658437, 0.48874223620726276, 0.5081254463904751], ""1"": [0.49556176592725176, 0.5170591511068952, 0.5244750887725934, 0.4784426995419357, 0.5229748310265948], ""2"": [0.55822133607009, 0.6360575221332239, 0.4375358739400759, 0.5770578761703493, 0.470280699609019], ""3"": [0.464743781483586, 0.5224003772671997, 0.46050166387478375, 0.5298728196554144, 0.44882349054045384], ""4"": [0.3746004675207511, 0.4849772223523113, 0.3370145208526642, 0.45910442951607155, 0.5541625507126657], ""5"": [0.4553933530457661, 0.44737509686980875, 0.516048551894035, 0.5190720289390252, 0.4639114502387443], ""6"": [0.4577707048025741, 0.5150127419251603, 0.5674868320642538, 0.6138304681436713, 0.45013320386239397], ""7"": [0.5612136600742947, 0.5487130590396437, 0.38592427968227444, 0.4908098416566074, 0.5151258222559715]}","{""0"": [-0.028877005347593583, 0.660299518711913, 0.2779433119884971, 0.44232238349885405, 0.27058823529411763], ""1"": [0.37166927260839433, 0.25543675113706427, 0.298391400689453, 0.26992204667983166, 0.3593702371778209], ""2"": [0.33320799648613736, 0.38646616541353385, -0.10375939849624059, 0.4285714285714286, 0.4330827067669173], ""3"": [0.202101524710594, 0.4077657533992063, 0.38829098932921263, 0.3560618429193912, 0.4038398752516101], ""4"": [0.07145299145299144, 0.043418803418803414, 0.24991452991452992, 0.0441025641025641, 0.41128205128205125], ""5"": [0.36149413053216606, 0.3743009608533339, 0.2200593370973619, 0.10458464953470502, -0.06275212910438836], ""6"": [0.1867905056759546, -0.0010319917440660476, 0.48194014447884415, -0.08565531475748193, -0.054695562435500514], ""7"": [0.1092167070653668, 0.2807017629553319, 0.18136892078275849, 0.04150197628458498, 0.3711391267243913]}","{""0"": [7.936378216213412, 7.500125276343868, 6.942714367484412, 8.469750561332619, 8.314275811366878], ""1"": [8.05971899531028, 8.45200183802972, 7.8737508238604335, 6.792681531920069, 7.5288054550982775], ""2"": [8.280193784601016, 7.177103268139365, 7.211971429069374, 7.653260101443147, 7.499952787433711], ""3"": [8.299231029132882, 7.819122907508416, 8.47889419951467, 8.16692357371304, 8.42823329729767], ""4"": [9.071016995862129, 7.762866314617337, 8.277690635635828, 7.19923993131628, 7.825584174764004], ""5"": [7.998020448574839, 8.758053108984306, 7.343801160155082, 7.417127804522864, 8.433764211621018], ""6"": [6.148188054850234, 9.216006077787972, 7.110657973457677, 6.944822166141647, 7.172783749915571], ""7"": [7.290544704468708, 8.350857804613847, 8.61697673171088, 8.045722624752697, 8.415446214816477]}","{""0"": [1.9370077643543482, 2.007027579471469, 2.5137614365667105, 1.855061961337924, 2.4934696909040213], ""1"": [2.364961013197899, 2.5224181059747934, 2.5361163206398487, 2.4444562401622534, 2.563712887465954], ""2"": [1.4037374462932348, 1.3753028307110071, 1.5007823910564184, 1.314962850883603, 1.3528004698455334], ""3"": [3.2177925519645214, 3.0936978943645954, 3.1562339775264263, 3.1818365585058928, 3.0949854124337435], ""4"": [1.6010014563798904, 1.703451469540596, 1.6038178447633982, 1.5621016304939985, 1.5523457322269678], ""5"": [2.462491814047098, 2.368979152292013, 2.446514381095767, 2.414242522791028, 2.3885265085846186], ""6"": [1.29250243678689, 1.337511133402586, 1.3605486322194338, 1.2405600883066654, 1.2982347644865513], ""7"": [1.4950833842158318, 1.5099609140306711, 1.4729358311742544, 1.4774495791643858, 1.528187207877636]}"
Understanding and Designing a High-Performance Ultrafiltration Membrane Using Machine Learning,target_flux recovery ratio (%),XGBR,,,,"{""0"": 10.650347526740898, ""1"": 14.34704737278949, ""2"": 11.220922711969337, ""3"": 14.553972891304339, ""4"": 26.550746151620896, ""5"": 13.626359891688885, ""6"": 19.812283221303083, ""7"": 11.510095841982945}","{""0"": 0.2503660675874255, ""1"": 0.11102180005762596, ""2"": 0.21405943046245335, ""3"": -0.20849391024405772, ""4"": -4.924876202919996, ""5"": -0.6060379493695807, ""6"": -5.6907937461555855, ""7"": 0.18643709276344655}","{""0"": 8.41543326966, ""1"": 10.916662561538068, ""2"": 9.640930551882999, ""3"": 10.591759650067663, ""4"": 24.173410129908486, ""5"": 10.871988036770059, ""6"": 17.728614075187682, ""7"": 9.31205103420841}",,,,,,,,"{""0"": 0.8491348214447498, ""1"": 1.033845104277134, ""2"": 0.7649044413119555, ""3"": 1.2880186010152102, ""4"": 0.7774129472672939, ""5"": 1.0464712157845497, ""6"": 0.6626262962818146, ""7"": 0.7428238000720739}","{""0"": [7.445969865106862, 10.523172432252185, 9.742721937055988, 12.417336611770367, 9.964374538301392], ""1"": [8.743745105160556, 8.824932006379374, 11.174248075536763, 8.933511495260728, 7.625532546920883], ""2"": [7.3938988410982045, 11.331798879073151, 4.851308315658019, 11.046351735405764, 9.073154986688143], ""3"": [8.843191280532455, 10.308423299261325, 10.207183257773012, 11.28808729105107, 9.360518472720878], ""4"": [7.6291637870595395, 6.068039905217794, 6.884132000650809, 10.134844929567258, 12.762031871376179], ""5"": [9.867258404145911, 8.435083916400256, 10.77163599792795, 7.662910251032479, 9.897745688806994], ""6"": [5.025821113359325, 6.672063594638233, 8.305292335268058, 11.137878907676669, 9.270235974159398], ""7"": [7.357094961378255, 9.192458286594368, 10.06539933858448, 7.723534536484814, 6.228390762436986]}","{""0"": [0.6573939542867238, 0.33167236955489776, 0.2915846763485098, 0.09428706403388853, 0.4626445914187647], ""1"": [0.5544669152063839, 0.4027848510929949, 0.30597448091154333, 0.40653967180897166, 0.67939701907668], ""2"": [-0.36496566815120857, 0.20722647064945843, 0.7053963788619962, 0.4595481013142432, 0.4228605306016918], ""3"": [0.4536833445567954, 0.4232984839545726, 0.4254280512657438, 0.2721581751801321, 0.5677327458507256], ""4"": [0.6509837493333047, 0.3966463133935576, 0.6702372904418772, 0.5475277445040283, 0.18750583927578302], ""5"": [0.541441061009238, 0.5968929013566937, 0.2627143465214784, 0.6099074349819682, 0.4486806068012986], ""6"": [0.8804316443692048, 0.7453471385181103, 0.4485894211724327, -0.24816764104850342, 0.696842030422217], ""7"": [0.7056946133776395, 0.5748334565719879, 0.5354209820031317, 0.6347858023752184, 0.7416904406894036]}","{""0"": [5.330912222046885, 6.992994489653042, 6.366738802401879, 8.584412409756354, 6.934497406117477], ""1"": [6.849431088190719, 6.575117683661881, 8.329271290591475, 6.47931628234132, 5.732875474464588], ""2"": [5.628545102541242, 8.667289596660698, 3.6932312114839028, 7.852979230234365, 6.655617855047007], ""3"": [6.2915233918821825, 7.377810563488498, 7.175254491430885, 7.3842991905734365, 7.102425518389373], ""4"": [5.3993649035320175, 4.684143301665163, 4.332750129731083, 7.763298420689584, 8.81269552646768], ""5"": [6.854908836796155, 6.3627051948812, 7.486652687962178, 5.180919193168773, 6.920223924854563], ""6"": [3.1613079265864723, 5.1534968125167095, 6.39115293737176, 7.805781343917021, 6.690373203369972], ""7"": [4.789578428205296, 6.613208912516456, 7.627705285338538, 5.796214318173915, 4.519633390991852]}",,,,,,,,"{""0"": [0.8758056927472353, 0.8670842070132494, 0.9468558169901371, 0.8935486562550068, 0.8777543529868126], ""1"": [1.1383525989949703, 1.0803345385938883, 1.0762789603322744, 1.0941216964274645, 1.061520205810666], ""2"": [0.6921105962246656, 0.6892937999218702, 0.6996846590191126, 0.719636457040906, 0.6690270565450191], ""3"": [1.3565548043698072, 1.3559430576860905, 1.357974834740162, 1.3342047967016697, 1.3526343237608671], ""4"": [0.7454765755683184, 0.7657936159521341, 0.7600017450749874, 0.7688781898468733, 0.7814548388123512], ""5"": [1.0330487731844187, 1.0527598932385445, 1.1327890828251839, 1.0358154941350222, 1.0187527984380722], ""6"": [0.7016166392713785, 0.7121339291334152, 0.680304629728198, 0.6452844031155109, 0.6398170813918114], ""7"": [0.7433827798813581, 0.7053177636116743, 0.7514908593147993, 0.7260323408991098, 0.6908039003610611]}"
Understanding and Designing a High-Performance Ultrafiltration Membrane Using Machine Learning,target_flux recovery ratio (%),NGB,,,,"{""0"": 10.143081416198884, ""1"": 16.17963707225955, ""2"": 9.853146296977927, ""3"": 12.991538378207505, ""4"": 27.02688256213899, ""5"": 9.234474167731072, ""6"": 19.930695146782565, ""7"": 11.840729184494402}","{""0"": 0.320074230867639, ""1"": -0.13058598558788237, ""2"": 0.39398632066911254, ""3"": 0.03705273460417369, ""4"": -5.139284062501314, ""5"": 0.26240080443139235, ""6"": -5.771010381261059, ""7"": 0.13902576293337232}","{""0"": 8.110963690551728, ""1"": 12.535396753674638, ""2"": 8.275612599340382, ""3"": 10.262503883215102, ""4"": 25.776414409885835, ""5"": 7.46435159782043, ""6"": 18.127337031350088, ""7"": 9.228501721198585}","{""0"": 0.1382352941176471, ""1"": 0.3462962962962963, ""2"": 0.13666666666666671, ""3"": 0.2496336996336997, ""4"": 0.43846153846153857, ""5"": 0.11500000000000005, ""6"": 0.39444444444444454, ""7"": 0.1876811594202899}","{""0"": 0.10201034595406344, ""1"": 0.19762932828412155, ""2"": 0.12390735636870463, ""3"": 0.15574657100816075, ""4"": 3.194778756970763, ""5"": 0.19428173942057184, ""6"": 0.18671594419311652, ""7"": 0.1179531877835197}","{""0"": 4.057434826560547, ""1"": 8.97843512165676, ""2"": 3.6049049567787472, ""3"": 5.747206223063991, ""4"": 8.291873533883575, ""5"": 3.868320522497346, ""6"": 6.994323271477549, ""7"": 4.487846490267768}","{""0"": 0.06470588235294117, ""1"": 0.15185185185185185, ""2"": 0.09000000000000002, ""3"": 0.1431868131868132, ""4"": 0.3653846153846154, ""5"": 0.1942307692307692, ""6"": 0.4222222222222222, ""7"": 0.11608695652173913}","{""0"": 0.188715076634867, ""1"": 0.32441154916377735, ""2"": 0.253636261059385, ""3"": 0.227546128969596, ""4"": 0.1692863673426714, ""5"": 0.3978017515558139, ""6"": 0.11675332763321956, ""7"": 0.15292369621200122}","{""0"": 0.29163109735850423, ""1"": 0.5367751040884687, ""2"": 0.6522717170894369, ""3"": 0.06450302725983235, ""4"": 0.2127885906168192, ""5"": 0.2327796217532279, ""6"": 0.09573319232345572, ""7"": 0.7090638853733298}","{""0"": 6.759021080679244, ""1"": 4.185347538904565, ""2"": 7.450896957257231, ""3"": 5.427582882322047, ""4"": 8.961136380879553, ""5"": 6.763322667962781, ""6"": 6.984190430858328, ""7"": 5.458782958115826}","{""0"": 8.655617283657193, ""1"": 8.73219552449882, ""2"": 7.516523176804185, ""3"": 7.869387289509177, ""4"": 7.607773382216692, ""5"": 7.796863809227943, ""6"": 6.575779680162668, ""7"": 6.675101228058338}","{""0"": [7.796405002164221, 9.371985464659765, 8.87395575009705, 10.976717883532235, 10.296619378759146], ""1"": [9.971920344569119, 9.043606863014244, 10.134119829815473, 8.707179022378913, 9.360922769185382], ""2"": [6.173808814019348, 11.434029752885746, 6.49260520009996, 8.831894211855252, 10.036769537545347], ""3"": [8.548514576854425, 9.730866570834179, 10.378369051296566, 10.392308037078589, 10.653557965513535], ""4"": [9.116575842327896, 7.151643519319234, 6.713001629339006, 11.29567137315365, 12.32926328799517], ""5"": [10.489543245571102, 8.410855568898901, 10.752244443743308, 8.194523762186659, 10.513921173788322], ""6"": [9.772586930471928, 9.11333131376573, 7.29268384810935, 9.637881559483725, 9.992357715923362], ""7"": [9.76340097006083, 9.473556073179632, 10.763561148857262, 9.02923227469593, 7.2517480427304]}","{""0"": [0.6243864447594186, 0.4698982285268958, 0.4122916664564521, 0.2922519735786431, 0.4262127997865862], ""1"": [0.42051448617222953, 0.3728211144558231, 0.4291646067790055, 0.43622964057281555, 0.5168694254986501], ""2"": [0.04834162943462783, 0.19285778776034868, 0.47233496318947765, 0.6545167247083825, 0.29376047243190506], ""3"": [0.48948592982012773, 0.486110622573645, 0.40599402259207296, 0.3830921277344854, 0.4400595082167683], ""4"": [0.5016261230563996, 0.16191738596406546, 0.6864284377100912, 0.43794109090497, 0.24167591014981904], ""5"": [0.4817786324371972, 0.5992052891135858, 0.2653665426348255, 0.5539047153657233, 0.3779001151718391], ""6"": [0.5479137604360342, 0.5249027409028308, 0.574852118395371, 0.06538853271383571, 0.6477724215568753], ""7"": [0.48169220698265813, 0.5484334054274532, 0.4687370412528167, 0.5008660425533789, 0.6498338288346164]}","{""0"": [6.358155236379258, 6.998506989857825, 6.7642598526078705, 7.32370761901706, 7.941353327209794], ""1"": [7.772168848587007, 6.659695545249406, 8.02911317085524, 7.286445631272293, 7.274357416047135], ""2"": [5.339141350973156, 8.48567052534799, 5.571696809591414, 7.360453095568191, 8.615171807702218], ""3"": [6.510375547173616, 7.455212242900327, 7.711656231710359, 7.596474327608106, 8.183867056855137], ""4"": [7.716312290447916, 6.30797575640492, 5.473867538916151, 8.302487180512726, 9.43337140331103], ""5"": [8.172053564787642, 6.660987387021347, 7.910560392470027, 6.618986926852478, 8.683625282427354], ""6"": [7.263202974053469, 7.352606241370846, 5.531038775655713, 7.446390716726843, 7.914622397755985], ""7"": [7.175665964767576, 7.514092916322618, 9.619656366067607, 7.699154501059994, 5.704763921862712]}","{""0"": [0.09803921568627455, 0.07274509803921574, 0.052352941176470616, 0.034509803921568646, 0.08529411764705887], ""1"": [0.1253086419753087, 0.0692592592592593, 0.15432098765432103, 0.1351851851851852, 0.10259259259259264], ""2"": [0.07166666666666671, 0.12000000000000005, 0.07833333333333335, 0.10000000000000005, 0.17500000000000004], ""3"": [0.05981684981684985, 0.10641025641025646, 0.1254578754578755, 0.10054945054945058, 0.17161172161172167], ""4"": [0.13717948717948725, 0.11564102564102567, 0.06974358974358974, 0.11538461538461542, 0.12820512820512822], ""5"": [0.10512820512820516, 0.07089743589743593, 0.13897435897435903, 0.12820512820512825, 0.2038461538461539], ""6"": [0.07296296296296301, 0.13518518518518524, 0.061851851851851866, 0.10814814814814817, 0.10222222222222226], ""7"": [0.07927536231884061, 0.12246376811594209, 0.2963768115942029, 0.13637681159420295, 0.0473913043478261]}","{""0"": [0.060724938000531636, 0.04401486660834731, 0.12438589652389148, 0.07702934357319025, 0.05630780777763992], ""1"": [0.15202804261701885, 0.03667915156776725, 0.22674552444446333, 0.07846115236036942, 0.07827533938116679], ""2"": [0.33464767169744913, 0.15319689200557274, 0.038450182249620324, 0.060652787550300305, 0.11703926548416627], ""3"": [0.035566606694765565, 0.025600781674054312, 0.06134171420117732, 0.07624102509274769, 0.1340732581623465], ""4"": [0.09526004649159829, 0.07046467233963244, 0.04176550073097703, 0.07041160777558372, 0.10924272079928869], ""5"": [0.06069116849954449, 0.04080286813947933, 0.10203382306003754, 0.0559389569182707, 0.1262651977954879], ""6"": [0.15489466472797353, 0.09192378586550795, 0.09893263152990783, 0.1640743624859412, 0.13716736728647597], ""7"": [0.09503366980568767, 0.11819029169284005, 0.06360255434343087, 0.13422631690714296, 0.17359031274558928]}","{""0"": [3.8615082339106674, 3.590362663179876, 3.6158720920343153, 5.097419779740241, 3.685099889713063], ""1"": [3.6968164435217443, 4.793889665575376, 4.081660136190541, 3.630117130406231, 3.663016381803499], ""2"": [3.2742532332979364, 4.149555258239557, 3.2748433101628245, 3.459169857431302, 3.755611093263041], ""3"": [3.535654258689673, 3.8079617378504067, 3.9629075881049896, 3.7244139091492787, 4.33873576206257], ""4"": [3.6401627327754844, 3.4176665750655504, 3.260300512056769, 3.765849071018325, 4.047501966450148], ""5"": [3.710361833835548, 3.4401062310878228, 4.7603150530942875, 3.551784124938624, 4.002241969643453], ""6"": [3.423706844930835, 3.545070392796529, 3.256409082921379, 5.923812380205438, 4.080147916154635], ""7"": [4.019325291022108, 3.483502614141085, 4.158227725394313, 3.6086162084877715, 3.31207526868197]}","{""0"": [0.06, 0.0464705882352941, 0.03764705882352941, 0.038823529411764715, 0.04705882352941175], ""1"": [0.09, 0.05296296296296295, 0.09185185185185184, 0.07518518518518519, 0.07555555555555557], ""2"": [0.06999999999999999, 0.09499999999999999, 0.03499999999999998, 0.07999999999999999, 0.16], ""3"": [0.028241758241758223, 0.07461538461538461, 0.0554945054945055, 0.05527472527472529, 0.1075824175824176], ""4"": [0.06538461538461539, 0.0653846153846154, 0.05538461538461538, 0.057692307692307696, 0.1146153846153846], ""5"": [0.04615384615384615, 0.043461538461538475, 0.08000000000000002, 0.05384615384615384, 0.09230769230769231], ""6"": [0.05444444444444444, 0.11111111111111112, 0.0811111111111111, 0.10111111111111111, 0.14444444444444446], ""7"": [0.0517391304347826, 0.07695652173913042, 0.17347826086956522, 0.14130434782608697, 0.037826086956521725]}","{""0"": [0.378691483803819, 0.35691773325481896, 0.2529563889683514, 0.3983801127925895, 0.3461135242500853], ""1"": [0.3442697174815581, 0.3969499158909427, 0.4433857085364161, 0.28837933964174384, 0.36620260776882224], ""2"": [0.33289500524367455, 0.3231412430487301, 0.25294220072596785, 0.3308093719103568, 0.21376798469072902], ""3"": [0.28965220593009894, 0.3444409714085895, 0.3535686886403331, 0.3163998915886418, 0.4258002015981645], ""4"": [0.3123575347598909, 0.2798758337288012, 0.34510431030914723, 0.3227780860916654, 0.3381640259972949], ""5"": [0.40502594349685606, 0.26427826757767436, 0.3344101527972624, 0.3410298377857206, 0.3737581219135643], ""6"": [0.43877091312140615, 0.45087965235019817, 0.36024605565482026, 0.3121367132070558, 0.3404306350677177], ""7"": [0.32356074805511703, 0.3375698549369605, 0.3377452423833863, 0.40088732982641756, 0.3095136527622074]}","{""0"": [0.11158667595749529, 0.49682892724352096, 0.4558722516048671, 0.48907563025210077, 0.5850267379679144], ""1"": [0.3883339757934403, 0.3294767955493984, 0.33562701484794144, 0.46390851799724164, 0.2914546086617403], ""2"": [0.0617005441784425, 0.4857142857142857, 0.32481203007518794, 0.6060150375939849, 0.4430237244477086], ""3"": [0.351212636649598, 0.381154906018602, 0.5139282644093996, 0.48670667186974004, 0.1658092569721387], ""4"": [0.3736752136752136, 0.23897435897435895, 0.5822222222222222, 0.40239316239316236, 0.554966669078673], ""5"": [0.5917940446460442, 0.47495037305972915, 0.3313624630585167, 0.2331746680270057, 0.3700826065774648], ""6"": [0.6078431372549019, 0.4901960784313726, 0.45717234262125905, 0.13333349358040225, 0.3003095975232198], ""7"": [0.25506676373787207, 0.5811712556962505, 0.5352112839447614, 0.4427971471971433, 0.2891745286563084]}","{""0"": [6.557668962489468, 6.660061426047552, 6.94868860207269, 6.491318069652349, 7.558490513460655], ""1"": [6.8682283217064715, 6.535603079009604, 6.794368499961515, 6.486624954982148, 7.0137009464905375], ""2"": [6.663435339936657, 6.299852434751027, 6.893453020625053, 7.446482921801142, 7.057574693432033], ""3"": [6.54096871103991, 6.66840224524926, 6.142009676850747, 6.482167707276998, 6.328148181728558], ""4"": [7.169134252535702, 6.556076484374862, 7.592763008644178, 7.255160576266586, 7.508002613016492], ""5"": [7.704569482742988, 6.789933295336576, 5.566023298268013, 6.332235369770364, 6.634277076964148], ""6"": [6.8499133458777415, 6.772376846847828, 6.317390264073202, 6.483633653749916, 7.534843134601878], ""7"": [7.104978106869264, 7.181678327585383, 6.264513105992241, 7.339368693235214, 6.776250336238943]}","{""0"": [7.977157317101955, 7.843225214630365, 8.935345638543367, 8.926045229658484, 7.8444926999509335], ""1"": [8.121654134243727, 8.072358278557658, 8.238504907116294, 8.267600189894438, 8.313777783885598], ""2"": [9.049555918201804, 9.05844834446907, 7.9158600233495235, 7.973010515794158, 8.064541092142463], ""3"": [8.378335520625114, 9.100282507017255, 9.10784020088613, 7.817231962457299, 7.764927579089999], ""4"": [7.500680707395077, 7.344627534970641, 7.635716363787651, 7.612556779757142, 6.687311647459865], ""5"": [6.927286475896835, 6.999734340235591, 7.072083871811628, 7.913171259686351, 7.97005676291883], ""6"": [7.738690711557865, 7.914568996056914, 7.816127451136708, 7.947595724835992, 8.667464660480618], ""7"": [8.822055593132973, 7.848974144086242, 7.877132469788194, 8.02786448597908, 7.924943679943681]}"
Understanding and Designing a High-Performance Ultrafiltration Membrane Using Machine Learning,target_flux recovery ratio (%),GpyroHMC,TanimotoMatern32,Matern32,sum,,,,,,,,,,,,,,,,,,,,,,
Understanding and Designing a High-Performance Ultrafiltration Membrane Using Machine Learning,target_flux recovery ratio (%),GpyroHMC,TanimotoMatern32,Matern32,product,,,,,,,,,,,,,,,,,,,,,,
Understanding and Designing a High-Performance Ultrafiltration Membrane Using Machine Learning,target_flux recovery ratio (%),GpyroHMC,TanimotoMatern32,Matern32,averageProduct,,,,,,,,,,,,,,,,,,,,,,
Understanding and Designing a High-Performance Ultrafiltration Membrane Using Machine Learning,target_flux recovery ratio (%),GpyroHMC,TanimotoMatern32,Matern32,(count:+)x(fp:x),,,,,,,,,,,,,,,,,,,,,,
Understanding and Designing a High-Performance Ultrafiltration Membrane Using Machine Learning,target_flux recovery ratio (%),GpyroHMC,TanimotoMatern32,Matern32,(count:+)x(fp:+),,,,,,,,,,,,,,,,,,,,,,
Understanding and Designing a High-Performance Ultrafiltration Membrane Using Machine Learning,target_flux recovery ratio (%),GpyroHMC,TanimotoMatern32,Matern32,(count:x)+(fp:x),,,,,,,,,,,,,,,,,,,,,,
Understanding and Designing a High-Performance Ultrafiltration Membrane Using Machine Learning,target_flux recovery ratio (%),GpyroHMC,TanimotoMatern32,Matern52,sum,,,,,,,,,,,,,,,,,,,,,,
Understanding and Designing a High-Performance Ultrafiltration Membrane Using Machine Learning,target_flux recovery ratio (%),GpyroHMC,TanimotoMatern32,Matern52,product,,,,,,,,,,,,,,,,,,,,,,
Understanding and Designing a High-Performance Ultrafiltration Membrane Using Machine Learning,target_flux recovery ratio (%),GpyroHMC,TanimotoMatern32,Matern52,averageProduct,,,,,,,,,,,,,,,,,,,,,,
Understanding and Designing a High-Performance Ultrafiltration Membrane Using Machine Learning,target_flux recovery ratio (%),GpyroHMC,TanimotoMatern32,Matern52,(count:+)x(fp:x),,,,,,,,,,,,,,,,,,,,,,
Understanding and Designing a High-Performance Ultrafiltration Membrane Using Machine Learning,target_flux recovery ratio (%),GpyroHMC,TanimotoMatern32,Matern52,(count:+)x(fp:+),,,,,,,,,,,,,,,,,,,,,,
Understanding and Designing a High-Performance Ultrafiltration Membrane Using Machine Learning,target_flux recovery ratio (%),GpyroHMC,TanimotoMatern32,Matern52,(count:x)+(fp:x),,,,,,,,,,,,,,,,,,,,,,
Understanding and Designing a High-Performance Ultrafiltration Membrane Using Machine Learning,target_flux recovery ratio (%),GpyroHMC,TanimotoMatern32,RBF,sum,,,,,,,,,,,,,,,,,,,,,,
Understanding and Designing a High-Performance Ultrafiltration Membrane Using Machine Learning,target_flux recovery ratio (%),GpyroHMC,TanimotoMatern32,RBF,product,,,,,,,,,,,,,,,,,,,,,,
Understanding and Designing a High-Performance Ultrafiltration Membrane Using Machine Learning,target_flux recovery ratio (%),GpyroHMC,TanimotoMatern32,RBF,averageProduct,,,,,,,,,,,,,,,,,,,,,,
Understanding and Designing a High-Performance Ultrafiltration Membrane Using Machine Learning,target_flux recovery ratio (%),GpyroHMC,TanimotoMatern32,RBF,(count:+)x(fp:x),,,,,,,,,,,,,,,,,,,,,,
Understanding and Designing a High-Performance Ultrafiltration Membrane Using Machine Learning,target_flux recovery ratio (%),GpyroHMC,TanimotoMatern32,RBF,(count:+)x(fp:+),,,,,,,,,,,,,,,,,,,,,,
Understanding and Designing a High-Performance Ultrafiltration Membrane Using Machine Learning,target_flux recovery ratio (%),GpyroHMC,TanimotoMatern32,RBF,(count:x)+(fp:x),,,,,,,,,,,,,,,,,,,,,,
Understanding and Designing a High-Performance Ultrafiltration Membrane Using Machine Learning,target_flux recovery ratio (%),GpyroHMC,TanimotoMatern52,Matern32,sum,,,,,,,,,,,,,,,,,,,,,,
Understanding and Designing a High-Performance Ultrafiltration Membrane Using Machine Learning,target_flux recovery ratio (%),GpyroHMC,TanimotoMatern52,Matern32,product,,,,,,,,,,,,,,,,,,,,,,
Understanding and Designing a High-Performance Ultrafiltration Membrane Using Machine Learning,target_flux recovery ratio (%),GpyroHMC,TanimotoMatern52,Matern32,averageProduct,,,,,,,,,,,,,,,,,,,,,,
Understanding and Designing a High-Performance Ultrafiltration Membrane Using Machine Learning,target_flux recovery ratio (%),GpyroHMC,TanimotoMatern52,Matern32,(count:+)x(fp:x),,,,,,,,,,,,,,,,,,,,,,
Understanding and Designing a High-Performance Ultrafiltration Membrane Using Machine Learning,target_flux recovery ratio (%),GpyroHMC,TanimotoMatern52,Matern32,(count:+)x(fp:+),,,,,,,,,,,,,,,,,,,,,,
Understanding and Designing a High-Performance Ultrafiltration Membrane Using Machine Learning,target_flux recovery ratio (%),GpyroHMC,TanimotoMatern52,Matern32,(count:x)+(fp:x),,,,,,,,,,,,,,,,,,,,,,
Understanding and Designing a High-Performance Ultrafiltration Membrane Using Machine Learning,target_flux recovery ratio (%),GpyroHMC,TanimotoMatern52,Matern52,sum,,,,,,,,,,,,,,,,,,,,,,
Understanding and Designing a High-Performance Ultrafiltration Membrane Using Machine Learning,target_flux recovery ratio (%),GpyroHMC,TanimotoMatern52,Matern52,product,,,,,,,,,,,,,,,,,,,,,,
Understanding and Designing a High-Performance Ultrafiltration Membrane Using Machine Learning,target_flux recovery ratio (%),GpyroHMC,TanimotoMatern52,Matern52,averageProduct,,,,,,,,,,,,,,,,,,,,,,
Understanding and Designing a High-Performance Ultrafiltration Membrane Using Machine Learning,target_flux recovery ratio (%),GpyroHMC,TanimotoMatern52,Matern52,(count:+)x(fp:x),,,,,,,,,,,,,,,,,,,,,,
Understanding and Designing a High-Performance Ultrafiltration Membrane Using Machine Learning,target_flux recovery ratio (%),GpyroHMC,TanimotoMatern52,Matern52,(count:+)x(fp:+),,,,,,,,,,,,,,,,,,,,,,
Understanding and Designing a High-Performance Ultrafiltration Membrane Using Machine Learning,target_flux recovery ratio (%),GpyroHMC,TanimotoMatern52,Matern52,(count:x)+(fp:x),,,,,,,,,,,,,,,,,,,,,,
Understanding and Designing a High-Performance Ultrafiltration Membrane Using Machine Learning,target_flux recovery ratio (%),GpyroHMC,TanimotoMatern52,RBF,sum,,,,,,,,,,,,,,,,,,,,,,
Understanding and Designing a High-Performance Ultrafiltration Membrane Using Machine Learning,target_flux recovery ratio (%),GpyroHMC,TanimotoMatern52,RBF,product,,,,,,,,,,,,,,,,,,,,,,
Understanding and Designing a High-Performance Ultrafiltration Membrane Using Machine Learning,target_flux recovery ratio (%),GpyroHMC,TanimotoMatern52,RBF,averageProduct,,,,,,,,,,,,,,,,,,,,,,
Understanding and Designing a High-Performance Ultrafiltration Membrane Using Machine Learning,target_flux recovery ratio (%),GpyroHMC,TanimotoMatern52,RBF,(count:+)x(fp:x),,,,,,,,,,,,,,,,,,,,,,
Understanding and Designing a High-Performance Ultrafiltration Membrane Using Machine Learning,target_flux recovery ratio (%),GpyroHMC,TanimotoMatern52,RBF,(count:+)x(fp:+),,,,,,,,,,,,,,,,,,,,,,
Understanding and Designing a High-Performance Ultrafiltration Membrane Using Machine Learning,target_flux recovery ratio (%),GpyroHMC,TanimotoMatern52,RBF,(count:x)+(fp:x),,,,,,,,,,,,,,,,,,,,,,
Understanding and Designing a High-Performance Ultrafiltration Membrane Using Machine Learning,target_flux recovery ratio (%),GpyroHMC,TanimotoRBF,Matern32,sum,,,,,,,,,,,,,,,,,,,,,,
Understanding and Designing a High-Performance Ultrafiltration Membrane Using Machine Learning,target_flux recovery ratio (%),GpyroHMC,TanimotoRBF,Matern32,product,,,,,,,,,,,,,,,,,,,,,,
Understanding and Designing a High-Performance Ultrafiltration Membrane Using Machine Learning,target_flux recovery ratio (%),GpyroHMC,TanimotoRBF,Matern32,averageProduct,,,,,,,,,,,,,,,,,,,,,,
Understanding and Designing a High-Performance Ultrafiltration Membrane Using Machine Learning,target_flux recovery ratio (%),GpyroHMC,TanimotoRBF,Matern32,(count:+)x(fp:x),,,,,,,,,,,,,,,,,,,,,,
Understanding and Designing a High-Performance Ultrafiltration Membrane Using Machine Learning,target_flux recovery ratio (%),GpyroHMC,TanimotoRBF,Matern32,(count:+)x(fp:+),,,,,,,,,,,,,,,,,,,,,,
Understanding and Designing a High-Performance Ultrafiltration Membrane Using Machine Learning,target_flux recovery ratio (%),GpyroHMC,TanimotoRBF,Matern32,(count:x)+(fp:x),,,,,,,,,,,,,,,,,,,,,,
Understanding and Designing a High-Performance Ultrafiltration Membrane Using Machine Learning,target_flux recovery ratio (%),GpyroHMC,TanimotoRBF,Matern52,sum,,,,,,,,,,,,,,,,,,,,,,
Understanding and Designing a High-Performance Ultrafiltration Membrane Using Machine Learning,target_flux recovery ratio (%),GpyroHMC,TanimotoRBF,Matern52,product,,,,,,,,,,,,,,,,,,,,,,
Understanding and Designing a High-Performance Ultrafiltration Membrane Using Machine Learning,target_flux recovery ratio (%),GpyroHMC,TanimotoRBF,Matern52,averageProduct,,,,,,,,,,,,,,,,,,,,,,
Understanding and Designing a High-Performance Ultrafiltration Membrane Using Machine Learning,target_flux recovery ratio (%),GpyroHMC,TanimotoRBF,Matern52,(count:+)x(fp:x),,,,,,,,,,,,,,,,,,,,,,
Understanding and Designing a High-Performance Ultrafiltration Membrane Using Machine Learning,target_flux recovery ratio (%),GpyroHMC,TanimotoRBF,Matern52,(count:+)x(fp:+),,,,,,,,,,,,,,,,,,,,,,
Understanding and Designing a High-Performance Ultrafiltration Membrane Using Machine Learning,target_flux recovery ratio (%),GpyroHMC,TanimotoRBF,Matern52,(count:x)+(fp:x),,,,,,,,,,,,,,,,,,,,,,
Understanding and Designing a High-Performance Ultrafiltration Membrane Using Machine Learning,target_flux recovery ratio (%),GpyroHMC,TanimotoRBF,RBF,sum,,,,,,,,,,,,,,,,,,,,,,
Understanding and Designing a High-Performance Ultrafiltration Membrane Using Machine Learning,target_flux recovery ratio (%),GpyroHMC,TanimotoRBF,RBF,product,,,,,,,,,,,,,,,,,,,,,,
Understanding and Designing a High-Performance Ultrafiltration Membrane Using Machine Learning,target_flux recovery ratio (%),GpyroHMC,TanimotoRBF,RBF,averageProduct,,,,,,,,,,,,,,,,,,,,,,
Understanding and Designing a High-Performance Ultrafiltration Membrane Using Machine Learning,target_flux recovery ratio (%),GpyroHMC,TanimotoRBF,RBF,(count:+)x(fp:x),,,,,,,,,,,,,,,,,,,,,,
Understanding and Designing a High-Performance Ultrafiltration Membrane Using Machine Learning,target_flux recovery ratio (%),GpyroHMC,TanimotoRBF,RBF,(count:+)x(fp:+),,,,,,,,,,,,,,,,,,,,,,
Understanding and Designing a High-Performance Ultrafiltration Membrane Using Machine Learning,target_flux recovery ratio (%),GpyroHMC,TanimotoRBF,RBF,(count:x)+(fp:x),,,,,,,,,,,,,,,,,,,,,,
Understanding and Designing a High-Performance Ultrafiltration Membrane Using Machine Learning,target_flux recovery ratio (%),GpyroHMC,Tanimoto,Matern32,sum,,,,,,,,,,,,,,,,,,,,,,
Understanding and Designing a High-Performance Ultrafiltration Membrane Using Machine Learning,target_flux recovery ratio (%),GpyroHMC,Tanimoto,Matern32,product,,,,,,,,,,,,,,,,,,,,,,
Understanding and Designing a High-Performance Ultrafiltration Membrane Using Machine Learning,target_flux recovery ratio (%),GpyroHMC,Tanimoto,Matern32,averageProduct,,,,,,,,,,,,,,,,,,,,,,
Understanding and Designing a High-Performance Ultrafiltration Membrane Using Machine Learning,target_flux recovery ratio (%),GpyroHMC,Tanimoto,Matern32,(count:+)x(fp:x),,,,,,,,,,,,,,,,,,,,,,
Understanding and Designing a High-Performance Ultrafiltration Membrane Using Machine Learning,target_flux recovery ratio (%),GpyroHMC,Tanimoto,Matern32,(count:+)x(fp:+),,,,,,,,,,,,,,,,,,,,,,
Understanding and Designing a High-Performance Ultrafiltration Membrane Using Machine Learning,target_flux recovery ratio (%),GpyroHMC,Tanimoto,Matern32,(count:x)+(fp:x),,,,,,,,,,,,,,,,,,,,,,
Understanding and Designing a High-Performance Ultrafiltration Membrane Using Machine Learning,target_flux recovery ratio (%),GpyroHMC,Tanimoto,Matern52,sum,,,,,,,,,,,,,,,,,,,,,,
Understanding and Designing a High-Performance Ultrafiltration Membrane Using Machine Learning,target_flux recovery ratio (%),GpyroHMC,Tanimoto,Matern52,product,,,,,,,,,,,,,,,,,,,,,,
Understanding and Designing a High-Performance Ultrafiltration Membrane Using Machine Learning,target_flux recovery ratio (%),GpyroHMC,Tanimoto,Matern52,averageProduct,,,,,,,,,,,,,,,,,,,,,,
Understanding and Designing a High-Performance Ultrafiltration Membrane Using Machine Learning,target_flux recovery ratio (%),GpyroHMC,Tanimoto,Matern52,(count:+)x(fp:x),,,,,,,,,,,,,,,,,,,,,,
Understanding and Designing a High-Performance Ultrafiltration Membrane Using Machine Learning,target_flux recovery ratio (%),GpyroHMC,Tanimoto,Matern52,(count:+)x(fp:+),,,,,,,,,,,,,,,,,,,,,,
Understanding and Designing a High-Performance Ultrafiltration Membrane Using Machine Learning,target_flux recovery ratio (%),GpyroHMC,Tanimoto,Matern52,(count:x)+(fp:x),,,,,,,,,,,,,,,,,,,,,,
Understanding and Designing a High-Performance Ultrafiltration Membrane Using Machine Learning,target_flux recovery ratio (%),GpyroHMC,Tanimoto,RBF,sum,,,,,,,,,,,,,,,,,,,,,,
Understanding and Designing a High-Performance Ultrafiltration Membrane Using Machine Learning,target_flux recovery ratio (%),GpyroHMC,Tanimoto,RBF,product,,,,,,,,,,,,,,,,,,,,,,
Understanding and Designing a High-Performance Ultrafiltration Membrane Using Machine Learning,target_flux recovery ratio (%),GpyroHMC,Tanimoto,RBF,averageProduct,,,,,,,,,,,,,,,,,,,,,,
Understanding and Designing a High-Performance Ultrafiltration Membrane Using Machine Learning,target_flux recovery ratio (%),GpyroHMC,Tanimoto,RBF,(count:+)x(fp:x),,,,,,,,,,,,,,,,,,,,,,
Understanding and Designing a High-Performance Ultrafiltration Membrane Using Machine Learning,target_flux recovery ratio (%),GpyroHMC,Tanimoto,RBF,(count:+)x(fp:+),,,,,,,,,,,,,,,,,,,,,,
Understanding and Designing a High-Performance Ultrafiltration Membrane Using Machine Learning,target_flux recovery ratio (%),GpyroHMC,Tanimoto,RBF,(count:x)+(fp:x),,,,,,,,,,,,,,,,,,,,,,
Understanding and Designing a High-Performance Ultrafiltration Membrane Using Machine Learning,target_flux recovery ratio (%),GpyroHMC,Matern32,Matern32,sum,,,,,,,,,,,,,,,,,,,,,,
Understanding and Designing a High-Performance Ultrafiltration Membrane Using Machine Learning,target_flux recovery ratio (%),GpyroHMC,Matern32,Matern32,product,,,,,,,,,,,,,,,,,,,,,,
Understanding and Designing a High-Performance Ultrafiltration Membrane Using Machine Learning,target_flux recovery ratio (%),GpyroHMC,Matern32,Matern32,averageProduct,,,,,,,,,,,,,,,,,,,,,,
Understanding and Designing a High-Performance Ultrafiltration Membrane Using Machine Learning,target_flux recovery ratio (%),GpyroHMC,Matern32,Matern32,(count:+)x(fp:x),,,,,,,,,,,,,,,,,,,,,,
Understanding and Designing a High-Performance Ultrafiltration Membrane Using Machine Learning,target_flux recovery ratio (%),GpyroHMC,Matern32,Matern32,(count:+)x(fp:+),,,,,,,,,,,,,,,,,,,,,,
Understanding and Designing a High-Performance Ultrafiltration Membrane Using Machine Learning,target_flux recovery ratio (%),GpyroHMC,Matern32,Matern32,(count:x)+(fp:x),,,,,,,,,,,,,,,,,,,,,,
Understanding and Designing a High-Performance Ultrafiltration Membrane Using Machine Learning,target_flux recovery ratio (%),GpyroHMC,Matern32,Matern52,sum,,,,,,,,,,,,,,,,,,,,,,
Understanding and Designing a High-Performance Ultrafiltration Membrane Using Machine Learning,target_flux recovery ratio (%),GpyroHMC,Matern32,Matern52,product,,,,,,,,,,,,,,,,,,,,,,
Understanding and Designing a High-Performance Ultrafiltration Membrane Using Machine Learning,target_flux recovery ratio (%),GpyroHMC,Matern32,Matern52,averageProduct,,,,,,,,,,,,,,,,,,,,,,
Understanding and Designing a High-Performance Ultrafiltration Membrane Using Machine Learning,target_flux recovery ratio (%),GpyroHMC,Matern32,Matern52,(count:+)x(fp:x),,,,,,,,,,,,,,,,,,,,,,
Understanding and Designing a High-Performance Ultrafiltration Membrane Using Machine Learning,target_flux recovery ratio (%),GpyroHMC,Matern32,Matern52,(count:+)x(fp:+),,,,,,,,,,,,,,,,,,,,,,
Understanding and Designing a High-Performance Ultrafiltration Membrane Using Machine Learning,target_flux recovery ratio (%),GpyroHMC,Matern32,Matern52,(count:x)+(fp:x),,,,,,,,,,,,,,,,,,,,,,
Understanding and Designing a High-Performance Ultrafiltration Membrane Using Machine Learning,target_flux recovery ratio (%),GpyroHMC,Matern32,RBF,sum,,,,,,,,,,,,,,,,,,,,,,
Understanding and Designing a High-Performance Ultrafiltration Membrane Using Machine Learning,target_flux recovery ratio (%),GpyroHMC,Matern32,RBF,product,,,,,,,,,,,,,,,,,,,,,,
Understanding and Designing a High-Performance Ultrafiltration Membrane Using Machine Learning,target_flux recovery ratio (%),GpyroHMC,Matern32,RBF,averageProduct,,,,,,,,,,,,,,,,,,,,,,
Understanding and Designing a High-Performance Ultrafiltration Membrane Using Machine Learning,target_flux recovery ratio (%),GpyroHMC,Matern32,RBF,(count:+)x(fp:x),,,,,,,,,,,,,,,,,,,,,,
Understanding and Designing a High-Performance Ultrafiltration Membrane Using Machine Learning,target_flux recovery ratio (%),GpyroHMC,Matern32,RBF,(count:+)x(fp:+),,,,,,,,,,,,,,,,,,,,,,
Understanding and Designing a High-Performance Ultrafiltration Membrane Using Machine Learning,target_flux recovery ratio (%),GpyroHMC,Matern32,RBF,(count:x)+(fp:x),,,,,,,,,,,,,,,,,,,,,,
Understanding and Designing a High-Performance Ultrafiltration Membrane Using Machine Learning,target_flux recovery ratio (%),GpyroHMC,Matern52,Matern32,sum,,,,,,,,,,,,,,,,,,,,,,
Understanding and Designing a High-Performance Ultrafiltration Membrane Using Machine Learning,target_flux recovery ratio (%),GpyroHMC,Matern52,Matern32,product,,,,,,,,,,,,,,,,,,,,,,
Understanding and Designing a High-Performance Ultrafiltration Membrane Using Machine Learning,target_flux recovery ratio (%),GpyroHMC,Matern52,Matern32,averageProduct,,,,,,,,,,,,,,,,,,,,,,
Understanding and Designing a High-Performance Ultrafiltration Membrane Using Machine Learning,target_flux recovery ratio (%),GpyroHMC,Matern52,Matern32,(count:+)x(fp:x),,,,,,,,,,,,,,,,,,,,,,
Understanding and Designing a High-Performance Ultrafiltration Membrane Using Machine Learning,target_flux recovery ratio (%),GpyroHMC,Matern52,Matern32,(count:+)x(fp:+),,,,,,,,,,,,,,,,,,,,,,
Understanding and Designing a High-Performance Ultrafiltration Membrane Using Machine Learning,target_flux recovery ratio (%),GpyroHMC,Matern52,Matern32,(count:x)+(fp:x),,,,,,,,,,,,,,,,,,,,,,
Understanding and Designing a High-Performance Ultrafiltration Membrane Using Machine Learning,target_flux recovery ratio (%),GpyroHMC,Matern52,Matern52,sum,,,,,,,,,,,,,,,,,,,,,,
Understanding and Designing a High-Performance Ultrafiltration Membrane Using Machine Learning,target_flux recovery ratio (%),GpyroHMC,Matern52,Matern52,product,,,,,,,,,,,,,,,,,,,,,,
Understanding and Designing a High-Performance Ultrafiltration Membrane Using Machine Learning,target_flux recovery ratio (%),GpyroHMC,Matern52,Matern52,averageProduct,,,,,,,,,,,,,,,,,,,,,,
Understanding and Designing a High-Performance Ultrafiltration Membrane Using Machine Learning,target_flux recovery ratio (%),GpyroHMC,Matern52,Matern52,(count:+)x(fp:x),,,,,,,,,,,,,,,,,,,,,,
Understanding and Designing a High-Performance Ultrafiltration Membrane Using Machine Learning,target_flux recovery ratio (%),GpyroHMC,Matern52,Matern52,(count:+)x(fp:+),,,,,,,,,,,,,,,,,,,,,,
Understanding and Designing a High-Performance Ultrafiltration Membrane Using Machine Learning,target_flux recovery ratio (%),GpyroHMC,Matern52,Matern52,(count:x)+(fp:x),,,,,,,,,,,,,,,,,,,,,,
Understanding and Designing a High-Performance Ultrafiltration Membrane Using Machine Learning,target_flux recovery ratio (%),GpyroHMC,Matern52,RBF,sum,,,,,,,,,,,,,,,,,,,,,,
Understanding and Designing a High-Performance Ultrafiltration Membrane Using Machine Learning,target_flux recovery ratio (%),GpyroHMC,Matern52,RBF,product,,,,,,,,,,,,,,,,,,,,,,
Understanding and Designing a High-Performance Ultrafiltration Membrane Using Machine Learning,target_flux recovery ratio (%),GpyroHMC,Matern52,RBF,averageProduct,,,,,,,,,,,,,,,,,,,,,,
Understanding and Designing a High-Performance Ultrafiltration Membrane Using Machine Learning,target_flux recovery ratio (%),GpyroHMC,Matern52,RBF,(count:+)x(fp:x),,,,,,,,,,,,,,,,,,,,,,
Understanding and Designing a High-Performance Ultrafiltration Membrane Using Machine Learning,target_flux recovery ratio (%),GpyroHMC,Matern52,RBF,(count:+)x(fp:+),,,,,,,,,,,,,,,,,,,,,,
Understanding and Designing a High-Performance Ultrafiltration Membrane Using Machine Learning,target_flux recovery ratio (%),GpyroHMC,Matern52,RBF,(count:x)+(fp:x),,,,,,,,,,,,,,,,,,,,,,
Understanding and Designing a High-Performance Ultrafiltration Membrane Using Machine Learning,target_flux recovery ratio (%),GpyroHMC,RBF,Matern32,sum,,,,,,,,,,,,,,,,,,,,,,
Understanding and Designing a High-Performance Ultrafiltration Membrane Using Machine Learning,target_flux recovery ratio (%),GpyroHMC,RBF,Matern32,product,,,,,,,,,,,,,,,,,,,,,,
Understanding and Designing a High-Performance Ultrafiltration Membrane Using Machine Learning,target_flux recovery ratio (%),GpyroHMC,RBF,Matern32,averageProduct,,,,,,,,,,,,,,,,,,,,,,
Understanding and Designing a High-Performance Ultrafiltration Membrane Using Machine Learning,target_flux recovery ratio (%),GpyroHMC,RBF,Matern32,(count:+)x(fp:x),,,,,,,,,,,,,,,,,,,,,,
Understanding and Designing a High-Performance Ultrafiltration Membrane Using Machine Learning,target_flux recovery ratio (%),GpyroHMC,RBF,Matern32,(count:+)x(fp:+),,,,,,,,,,,,,,,,,,,,,,
Understanding and Designing a High-Performance Ultrafiltration Membrane Using Machine Learning,target_flux recovery ratio (%),GpyroHMC,RBF,Matern32,(count:x)+(fp:x),,,,,,,,,,,,,,,,,,,,,,
Understanding and Designing a High-Performance Ultrafiltration Membrane Using Machine Learning,target_flux recovery ratio (%),GpyroHMC,RBF,Matern52,sum,,,,,,,,,,,,,,,,,,,,,,
Understanding and Designing a High-Performance Ultrafiltration Membrane Using Machine Learning,target_flux recovery ratio (%),GpyroHMC,RBF,Matern52,product,,,,,,,,,,,,,,,,,,,,,,
Understanding and Designing a High-Performance Ultrafiltration Membrane Using Machine Learning,target_flux recovery ratio (%),GpyroHMC,RBF,Matern52,averageProduct,,,,,,,,,,,,,,,,,,,,,,
Understanding and Designing a High-Performance Ultrafiltration Membrane Using Machine Learning,target_flux recovery ratio (%),GpyroHMC,RBF,Matern52,(count:+)x(fp:x),,,,,,,,,,,,,,,,,,,,,,
Understanding and Designing a High-Performance Ultrafiltration Membrane Using Machine Learning,target_flux recovery ratio (%),GpyroHMC,RBF,Matern52,(count:+)x(fp:+),,,,,,,,,,,,,,,,,,,,,,
Understanding and Designing a High-Performance Ultrafiltration Membrane Using Machine Learning,target_flux recovery ratio (%),GpyroHMC,RBF,Matern52,(count:x)+(fp:x),,,,,,,,,,,,,,,,,,,,,,
Understanding and Designing a High-Performance Ultrafiltration Membrane Using Machine Learning,target_flux recovery ratio (%),GpyroHMC,RBF,RBF,sum,,,,,,,,,,,,,,,,,,,,,,
Understanding and Designing a High-Performance Ultrafiltration Membrane Using Machine Learning,target_flux recovery ratio (%),GpyroHMC,RBF,RBF,product,,,,,,,,,,,,,,,,,,,,,,
Understanding and Designing a High-Performance Ultrafiltration Membrane Using Machine Learning,target_flux recovery ratio (%),GpyroHMC,RBF,RBF,averageProduct,,,,,,,,,,,,,,,,,,,,,,
Understanding and Designing a High-Performance Ultrafiltration Membrane Using Machine Learning,target_flux recovery ratio (%),GpyroHMC,RBF,RBF,(count:+)x(fp:x),,,,,,,,,,,,,,,,,,,,,,
Understanding and Designing a High-Performance Ultrafiltration Membrane Using Machine Learning,target_flux recovery ratio (%),GpyroHMC,RBF,RBF,(count:+)x(fp:+),,,,,,,,,,,,,,,,,,,,,,
Understanding and Designing a High-Performance Ultrafiltration Membrane Using Machine Learning,target_flux recovery ratio (%),GpyroHMC,RBF,RBF,(count:x)+(fp:x),,,,,,,,,,,,,,,,,,,,,,
Understanding and Designing a High-Performance Ultrafiltration Membrane Using Machine Learning,target_flux recovery ratio (%),GPytorchMAP,TanimotoMatern32,Matern32,sum,,,,,,,,,,,,,,,,,,,,,,
Understanding and Designing a High-Performance Ultrafiltration Membrane Using Machine Learning,target_flux recovery ratio (%),GPytorchMAP,TanimotoMatern32,Matern32,product,,,,,,,,,,,,,,,,,,,,,,
Understanding and Designing a High-Performance Ultrafiltration Membrane Using Machine Learning,target_flux recovery ratio (%),GPytorchMAP,TanimotoMatern32,Matern32,averageProduct,,,,,,,,,,,,,,,,,,,,,,
Understanding and Designing a High-Performance Ultrafiltration Membrane Using Machine Learning,target_flux recovery ratio (%),GPytorchMAP,TanimotoMatern32,Matern32,(count:+)x(fp:x),,,,,,,,,,,,,,,,,,,,,,
Understanding and Designing a High-Performance Ultrafiltration Membrane Using Machine Learning,target_flux recovery ratio (%),GPytorchMAP,TanimotoMatern32,Matern32,(count:+)x(fp:+),,,,,,,,,,,,,,,,,,,,,,
Understanding and Designing a High-Performance Ultrafiltration Membrane Using Machine Learning,target_flux recovery ratio (%),GPytorchMAP,TanimotoMatern32,Matern32,(count:x)+(fp:x),,,,,,,,,,,,,,,,,,,,,,
Understanding and Designing a High-Performance Ultrafiltration Membrane Using Machine Learning,target_flux recovery ratio (%),GPytorchMAP,TanimotoMatern32,Matern52,sum,,,,,,,,,,,,,,,,,,,,,,
Understanding and Designing a High-Performance Ultrafiltration Membrane Using Machine Learning,target_flux recovery ratio (%),GPytorchMAP,TanimotoMatern32,Matern52,product,,,,,,,,,,,,,,,,,,,,,,
Understanding and Designing a High-Performance Ultrafiltration Membrane Using Machine Learning,target_flux recovery ratio (%),GPytorchMAP,TanimotoMatern32,Matern52,averageProduct,,,,,,,,,,,,,,,,,,,,,,
Understanding and Designing a High-Performance Ultrafiltration Membrane Using Machine Learning,target_flux recovery ratio (%),GPytorchMAP,TanimotoMatern32,Matern52,(count:+)x(fp:x),,,,,,,,,,,,,,,,,,,,,,
Understanding and Designing a High-Performance Ultrafiltration Membrane Using Machine Learning,target_flux recovery ratio (%),GPytorchMAP,TanimotoMatern32,Matern52,(count:+)x(fp:+),,,,,,,,,,,,,,,,,,,,,,
Understanding and Designing a High-Performance Ultrafiltration Membrane Using Machine Learning,target_flux recovery ratio (%),GPytorchMAP,TanimotoMatern32,Matern52,(count:x)+(fp:x),,,,,,,,,,,,,,,,,,,,,,
Understanding and Designing a High-Performance Ultrafiltration Membrane Using Machine Learning,target_flux recovery ratio (%),GPytorchMAP,TanimotoMatern32,RBF,sum,,,,,,,,,,,,,,,,,,,,,,
Understanding and Designing a High-Performance Ultrafiltration Membrane Using Machine Learning,target_flux recovery ratio (%),GPytorchMAP,TanimotoMatern32,RBF,product,,,,,,,,,,,,,,,,,,,,,,
Understanding and Designing a High-Performance Ultrafiltration Membrane Using Machine Learning,target_flux recovery ratio (%),GPytorchMAP,TanimotoMatern32,RBF,averageProduct,,,,,,,,,,,,,,,,,,,,,,
Understanding and Designing a High-Performance Ultrafiltration Membrane Using Machine Learning,target_flux recovery ratio (%),GPytorchMAP,TanimotoMatern32,RBF,(count:+)x(fp:x),,,,,,,,,,,,,,,,,,,,,,
Understanding and Designing a High-Performance Ultrafiltration Membrane Using Machine Learning,target_flux recovery ratio (%),GPytorchMAP,TanimotoMatern32,RBF,(count:+)x(fp:+),,,,,,,,,,,,,,,,,,,,,,
Understanding and Designing a High-Performance Ultrafiltration Membrane Using Machine Learning,target_flux recovery ratio (%),GPytorchMAP,TanimotoMatern32,RBF,(count:x)+(fp:x),,,,,,,,,,,,,,,,,,,,,,
Understanding and Designing a High-Performance Ultrafiltration Membrane Using Machine Learning,target_flux recovery ratio (%),GPytorchMAP,TanimotoMatern52,Matern32,sum,,,,,,,,,,,,,,,,,,,,,,
Understanding and Designing a High-Performance Ultrafiltration Membrane Using Machine Learning,target_flux recovery ratio (%),GPytorchMAP,TanimotoMatern52,Matern32,product,,,,,,,,,,,,,,,,,,,,,,
Understanding and Designing a High-Performance Ultrafiltration Membrane Using Machine Learning,target_flux recovery ratio (%),GPytorchMAP,TanimotoMatern52,Matern32,averageProduct,,,,,,,,,,,,,,,,,,,,,,
Understanding and Designing a High-Performance Ultrafiltration Membrane Using Machine Learning,target_flux recovery ratio (%),GPytorchMAP,TanimotoMatern52,Matern32,(count:+)x(fp:x),,,,,,,,,,,,,,,,,,,,,,
Understanding and Designing a High-Performance Ultrafiltration Membrane Using Machine Learning,target_flux recovery ratio (%),GPytorchMAP,TanimotoMatern52,Matern32,(count:+)x(fp:+),,,,,,,,,,,,,,,,,,,,,,
Understanding and Designing a High-Performance Ultrafiltration Membrane Using Machine Learning,target_flux recovery ratio (%),GPytorchMAP,TanimotoMatern52,Matern32,(count:x)+(fp:x),,,,,,,,,,,,,,,,,,,,,,
Understanding and Designing a High-Performance Ultrafiltration Membrane Using Machine Learning,target_flux recovery ratio (%),GPytorchMAP,TanimotoMatern52,Matern52,sum,,,,,,,,,,,,,,,,,,,,,,
Understanding and Designing a High-Performance Ultrafiltration Membrane Using Machine Learning,target_flux recovery ratio (%),GPytorchMAP,TanimotoMatern52,Matern52,product,,,,,,,,,,,,,,,,,,,,,,
Understanding and Designing a High-Performance Ultrafiltration Membrane Using Machine Learning,target_flux recovery ratio (%),GPytorchMAP,TanimotoMatern52,Matern52,averageProduct,,,,,,,,,,,,,,,,,,,,,,
Understanding and Designing a High-Performance Ultrafiltration Membrane Using Machine Learning,target_flux recovery ratio (%),GPytorchMAP,TanimotoMatern52,Matern52,(count:+)x(fp:x),,,,,,,,,,,,,,,,,,,,,,
Understanding and Designing a High-Performance Ultrafiltration Membrane Using Machine Learning,target_flux recovery ratio (%),GPytorchMAP,TanimotoMatern52,Matern52,(count:+)x(fp:+),,,,,,,,,,,,,,,,,,,,,,
Understanding and Designing a High-Performance Ultrafiltration Membrane Using Machine Learning,target_flux recovery ratio (%),GPytorchMAP,TanimotoMatern52,Matern52,(count:x)+(fp:x),,,,,,,,,,,,,,,,,,,,,,
Understanding and Designing a High-Performance Ultrafiltration Membrane Using Machine Learning,target_flux recovery ratio (%),GPytorchMAP,TanimotoMatern52,RBF,sum,,,,,,,,,,,,,,,,,,,,,,
Understanding and Designing a High-Performance Ultrafiltration Membrane Using Machine Learning,target_flux recovery ratio (%),GPytorchMAP,TanimotoMatern52,RBF,product,,,,,,,,,,,,,,,,,,,,,,
Understanding and Designing a High-Performance Ultrafiltration Membrane Using Machine Learning,target_flux recovery ratio (%),GPytorchMAP,TanimotoMatern52,RBF,averageProduct,,,,,,,,,,,,,,,,,,,,,,
Understanding and Designing a High-Performance Ultrafiltration Membrane Using Machine Learning,target_flux recovery ratio (%),GPytorchMAP,TanimotoMatern52,RBF,(count:+)x(fp:x),,,,,,,,,,,,,,,,,,,,,,
Understanding and Designing a High-Performance Ultrafiltration Membrane Using Machine Learning,target_flux recovery ratio (%),GPytorchMAP,TanimotoMatern52,RBF,(count:+)x(fp:+),,,,,,,,,,,,,,,,,,,,,,
Understanding and Designing a High-Performance Ultrafiltration Membrane Using Machine Learning,target_flux recovery ratio (%),GPytorchMAP,TanimotoMatern52,RBF,(count:x)+(fp:x),,,,,,,,,,,,,,,,,,,,,,
Understanding and Designing a High-Performance Ultrafiltration Membrane Using Machine Learning,target_flux recovery ratio (%),GPytorchMAP,TanimotoRBF,Matern32,sum,,,,,,,,,,,,,,,,,,,,,,
Understanding and Designing a High-Performance Ultrafiltration Membrane Using Machine Learning,target_flux recovery ratio (%),GPytorchMAP,TanimotoRBF,Matern32,product,,,,,,,,,,,,,,,,,,,,,,
Understanding and Designing a High-Performance Ultrafiltration Membrane Using Machine Learning,target_flux recovery ratio (%),GPytorchMAP,TanimotoRBF,Matern32,averageProduct,,,,,,,,,,,,,,,,,,,,,,
Understanding and Designing a High-Performance Ultrafiltration Membrane Using Machine Learning,target_flux recovery ratio (%),GPytorchMAP,TanimotoRBF,Matern32,(count:+)x(fp:x),,,,,,,,,,,,,,,,,,,,,,
Understanding and Designing a High-Performance Ultrafiltration Membrane Using Machine Learning,target_flux recovery ratio (%),GPytorchMAP,TanimotoRBF,Matern32,(count:+)x(fp:+),,,,,,,,,,,,,,,,,,,,,,
Understanding and Designing a High-Performance Ultrafiltration Membrane Using Machine Learning,target_flux recovery ratio (%),GPytorchMAP,TanimotoRBF,Matern32,(count:x)+(fp:x),,,,,,,,,,,,,,,,,,,,,,
Understanding and Designing a High-Performance Ultrafiltration Membrane Using Machine Learning,target_flux recovery ratio (%),GPytorchMAP,TanimotoRBF,Matern52,sum,,,,,,,,,,,,,,,,,,,,,,
Understanding and Designing a High-Performance Ultrafiltration Membrane Using Machine Learning,target_flux recovery ratio (%),GPytorchMAP,TanimotoRBF,Matern52,product,,,,,,,,,,,,,,,,,,,,,,
Understanding and Designing a High-Performance Ultrafiltration Membrane Using Machine Learning,target_flux recovery ratio (%),GPytorchMAP,TanimotoRBF,Matern52,averageProduct,,,,,,,,,,,,,,,,,,,,,,
Understanding and Designing a High-Performance Ultrafiltration Membrane Using Machine Learning,target_flux recovery ratio (%),GPytorchMAP,TanimotoRBF,Matern52,(count:+)x(fp:x),,,,,,,,,,,,,,,,,,,,,,
Understanding and Designing a High-Performance Ultrafiltration Membrane Using Machine Learning,target_flux recovery ratio (%),GPytorchMAP,TanimotoRBF,Matern52,(count:+)x(fp:+),,,,,,,,,,,,,,,,,,,,,,
Understanding and Designing a High-Performance Ultrafiltration Membrane Using Machine Learning,target_flux recovery ratio (%),GPytorchMAP,TanimotoRBF,Matern52,(count:x)+(fp:x),,,,,,,,,,,,,,,,,,,,,,
Understanding and Designing a High-Performance Ultrafiltration Membrane Using Machine Learning,target_flux recovery ratio (%),GPytorchMAP,TanimotoRBF,RBF,sum,,,,,,,,,,,,,,,,,,,,,,
Understanding and Designing a High-Performance Ultrafiltration Membrane Using Machine Learning,target_flux recovery ratio (%),GPytorchMAP,TanimotoRBF,RBF,product,,,,,,,,,,,,,,,,,,,,,,
Understanding and Designing a High-Performance Ultrafiltration Membrane Using Machine Learning,target_flux recovery ratio (%),GPytorchMAP,TanimotoRBF,RBF,averageProduct,,,,,,,,,,,,,,,,,,,,,,
Understanding and Designing a High-Performance Ultrafiltration Membrane Using Machine Learning,target_flux recovery ratio (%),GPytorchMAP,TanimotoRBF,RBF,(count:+)x(fp:x),,,,,,,,,,,,,,,,,,,,,,
Understanding and Designing a High-Performance Ultrafiltration Membrane Using Machine Learning,target_flux recovery ratio (%),GPytorchMAP,TanimotoRBF,RBF,(count:+)x(fp:+),,,,,,,,,,,,,,,,,,,,,,
Understanding and Designing a High-Performance Ultrafiltration Membrane Using Machine Learning,target_flux recovery ratio (%),GPytorchMAP,TanimotoRBF,RBF,(count:x)+(fp:x),,,,,,,,,,,,,,,,,,,,,,
Understanding and Designing a High-Performance Ultrafiltration Membrane Using Machine Learning,target_flux recovery ratio (%),GPytorchMAP,Tanimoto,Matern32,sum,,,,,,,,,,,,,,,,,,,,,,
Understanding and Designing a High-Performance Ultrafiltration Membrane Using Machine Learning,target_flux recovery ratio (%),GPytorchMAP,Tanimoto,Matern32,product,,,,,,,,,,,,,,,,,,,,,,
Understanding and Designing a High-Performance Ultrafiltration Membrane Using Machine Learning,target_flux recovery ratio (%),GPytorchMAP,Tanimoto,Matern32,averageProduct,,,,,,,,,,,,,,,,,,,,,,
Understanding and Designing a High-Performance Ultrafiltration Membrane Using Machine Learning,target_flux recovery ratio (%),GPytorchMAP,Tanimoto,Matern32,(count:+)x(fp:x),,,,,,,,,,,,,,,,,,,,,,
Understanding and Designing a High-Performance Ultrafiltration Membrane Using Machine Learning,target_flux recovery ratio (%),GPytorchMAP,Tanimoto,Matern32,(count:+)x(fp:+),,,,,,,,,,,,,,,,,,,,,,
Understanding and Designing a High-Performance Ultrafiltration Membrane Using Machine Learning,target_flux recovery ratio (%),GPytorchMAP,Tanimoto,Matern32,(count:x)+(fp:x),,,,,,,,,,,,,,,,,,,,,,
Understanding and Designing a High-Performance Ultrafiltration Membrane Using Machine Learning,target_flux recovery ratio (%),GPytorchMAP,Tanimoto,Matern52,sum,,,,,,,,,,,,,,,,,,,,,,
Understanding and Designing a High-Performance Ultrafiltration Membrane Using Machine Learning,target_flux recovery ratio (%),GPytorchMAP,Tanimoto,Matern52,product,,,,,,,,,,,,,,,,,,,,,,
Understanding and Designing a High-Performance Ultrafiltration Membrane Using Machine Learning,target_flux recovery ratio (%),GPytorchMAP,Tanimoto,Matern52,averageProduct,,,,,,,,,,,,,,,,,,,,,,
Understanding and Designing a High-Performance Ultrafiltration Membrane Using Machine Learning,target_flux recovery ratio (%),GPytorchMAP,Tanimoto,Matern52,(count:+)x(fp:x),,,,,,,,,,,,,,,,,,,,,,
Understanding and Designing a High-Performance Ultrafiltration Membrane Using Machine Learning,target_flux recovery ratio (%),GPytorchMAP,Tanimoto,Matern52,(count:+)x(fp:+),,,,,,,,,,,,,,,,,,,,,,
Understanding and Designing a High-Performance Ultrafiltration Membrane Using Machine Learning,target_flux recovery ratio (%),GPytorchMAP,Tanimoto,Matern52,(count:x)+(fp:x),,,,,,,,,,,,,,,,,,,,,,
Understanding and Designing a High-Performance Ultrafiltration Membrane Using Machine Learning,target_flux recovery ratio (%),GPytorchMAP,Tanimoto,RBF,sum,,,,,,,,,,,,,,,,,,,,,,
Understanding and Designing a High-Performance Ultrafiltration Membrane Using Machine Learning,target_flux recovery ratio (%),GPytorchMAP,Tanimoto,RBF,product,,,,,,,,,,,,,,,,,,,,,,
Understanding and Designing a High-Performance Ultrafiltration Membrane Using Machine Learning,target_flux recovery ratio (%),GPytorchMAP,Tanimoto,RBF,averageProduct,,,,,,,,,,,,,,,,,,,,,,
Understanding and Designing a High-Performance Ultrafiltration Membrane Using Machine Learning,target_flux recovery ratio (%),GPytorchMAP,Tanimoto,RBF,(count:+)x(fp:x),,,,,,,,,,,,,,,,,,,,,,
Understanding and Designing a High-Performance Ultrafiltration Membrane Using Machine Learning,target_flux recovery ratio (%),GPytorchMAP,Tanimoto,RBF,(count:+)x(fp:+),,,,,,,,,,,,,,,,,,,,,,
Understanding and Designing a High-Performance Ultrafiltration Membrane Using Machine Learning,target_flux recovery ratio (%),GPytorchMAP,Tanimoto,RBF,(count:x)+(fp:x),,,,,,,,,,,,,,,,,,,,,,
Understanding and Designing a High-Performance Ultrafiltration Membrane Using Machine Learning,target_flux recovery ratio (%),GPytorchMAP,Matern32,Matern32,sum,,,,,,,,,,,,,,,,,,,,,,
Understanding and Designing a High-Performance Ultrafiltration Membrane Using Machine Learning,target_flux recovery ratio (%),GPytorchMAP,Matern32,Matern32,product,,,,,,,,,,,,,,,,,,,,,,
Understanding and Designing a High-Performance Ultrafiltration Membrane Using Machine Learning,target_flux recovery ratio (%),GPytorchMAP,Matern32,Matern32,averageProduct,,,,,,,,,,,,,,,,,,,,,,
Understanding and Designing a High-Performance Ultrafiltration Membrane Using Machine Learning,target_flux recovery ratio (%),GPytorchMAP,Matern32,Matern32,(count:+)x(fp:x),,,,,,,,,,,,,,,,,,,,,,
Understanding and Designing a High-Performance Ultrafiltration Membrane Using Machine Learning,target_flux recovery ratio (%),GPytorchMAP,Matern32,Matern32,(count:+)x(fp:+),,,,,,,,,,,,,,,,,,,,,,
Understanding and Designing a High-Performance Ultrafiltration Membrane Using Machine Learning,target_flux recovery ratio (%),GPytorchMAP,Matern32,Matern32,(count:x)+(fp:x),,,,,,,,,,,,,,,,,,,,,,
Understanding and Designing a High-Performance Ultrafiltration Membrane Using Machine Learning,target_flux recovery ratio (%),GPytorchMAP,Matern32,Matern52,sum,,,,,,,,,,,,,,,,,,,,,,
Understanding and Designing a High-Performance Ultrafiltration Membrane Using Machine Learning,target_flux recovery ratio (%),GPytorchMAP,Matern32,Matern52,product,,,,,,,,,,,,,,,,,,,,,,
Understanding and Designing a High-Performance Ultrafiltration Membrane Using Machine Learning,target_flux recovery ratio (%),GPytorchMAP,Matern32,Matern52,averageProduct,,,,,,,,,,,,,,,,,,,,,,
Understanding and Designing a High-Performance Ultrafiltration Membrane Using Machine Learning,target_flux recovery ratio (%),GPytorchMAP,Matern32,Matern52,(count:+)x(fp:x),,,,,,,,,,,,,,,,,,,,,,
Understanding and Designing a High-Performance Ultrafiltration Membrane Using Machine Learning,target_flux recovery ratio (%),GPytorchMAP,Matern32,Matern52,(count:+)x(fp:+),,,,,,,,,,,,,,,,,,,,,,
Understanding and Designing a High-Performance Ultrafiltration Membrane Using Machine Learning,target_flux recovery ratio (%),GPytorchMAP,Matern32,Matern52,(count:x)+(fp:x),,,,,,,,,,,,,,,,,,,,,,
Understanding and Designing a High-Performance Ultrafiltration Membrane Using Machine Learning,target_flux recovery ratio (%),GPytorchMAP,Matern32,RBF,sum,,,,,,,,,,,,,,,,,,,,,,
Understanding and Designing a High-Performance Ultrafiltration Membrane Using Machine Learning,target_flux recovery ratio (%),GPytorchMAP,Matern32,RBF,product,,,,,,,,,,,,,,,,,,,,,,
Understanding and Designing a High-Performance Ultrafiltration Membrane Using Machine Learning,target_flux recovery ratio (%),GPytorchMAP,Matern32,RBF,averageProduct,,,,,,,,,,,,,,,,,,,,,,
Understanding and Designing a High-Performance Ultrafiltration Membrane Using Machine Learning,target_flux recovery ratio (%),GPytorchMAP,Matern32,RBF,(count:+)x(fp:x),,,,,,,,,,,,,,,,,,,,,,
Understanding and Designing a High-Performance Ultrafiltration Membrane Using Machine Learning,target_flux recovery ratio (%),GPytorchMAP,Matern32,RBF,(count:+)x(fp:+),,,,,,,,,,,,,,,,,,,,,,
Understanding and Designing a High-Performance Ultrafiltration Membrane Using Machine Learning,target_flux recovery ratio (%),GPytorchMAP,Matern32,RBF,(count:x)+(fp:x),,,,,,,,,,,,,,,,,,,,,,
Understanding and Designing a High-Performance Ultrafiltration Membrane Using Machine Learning,target_flux recovery ratio (%),GPytorchMAP,Matern52,Matern32,sum,,,,,,,,,,,,,,,,,,,,,,
Understanding and Designing a High-Performance Ultrafiltration Membrane Using Machine Learning,target_flux recovery ratio (%),GPytorchMAP,Matern52,Matern32,product,,,,,,,,,,,,,,,,,,,,,,
Understanding and Designing a High-Performance Ultrafiltration Membrane Using Machine Learning,target_flux recovery ratio (%),GPytorchMAP,Matern52,Matern32,averageProduct,,,,,,,,,,,,,,,,,,,,,,
Understanding and Designing a High-Performance Ultrafiltration Membrane Using Machine Learning,target_flux recovery ratio (%),GPytorchMAP,Matern52,Matern32,(count:+)x(fp:x),,,,,,,,,,,,,,,,,,,,,,
Understanding and Designing a High-Performance Ultrafiltration Membrane Using Machine Learning,target_flux recovery ratio (%),GPytorchMAP,Matern52,Matern32,(count:+)x(fp:+),,,,,,,,,,,,,,,,,,,,,,
Understanding and Designing a High-Performance Ultrafiltration Membrane Using Machine Learning,target_flux recovery ratio (%),GPytorchMAP,Matern52,Matern32,(count:x)+(fp:x),,,,,,,,,,,,,,,,,,,,,,
Understanding and Designing a High-Performance Ultrafiltration Membrane Using Machine Learning,target_flux recovery ratio (%),GPytorchMAP,Matern52,Matern52,sum,,,,,,,,,,,,,,,,,,,,,,
Understanding and Designing a High-Performance Ultrafiltration Membrane Using Machine Learning,target_flux recovery ratio (%),GPytorchMAP,Matern52,Matern52,product,,,,,,,,,,,,,,,,,,,,,,
Understanding and Designing a High-Performance Ultrafiltration Membrane Using Machine Learning,target_flux recovery ratio (%),GPytorchMAP,Matern52,Matern52,averageProduct,,,,,,,,,,,,,,,,,,,,,,
Understanding and Designing a High-Performance Ultrafiltration Membrane Using Machine Learning,target_flux recovery ratio (%),GPytorchMAP,Matern52,Matern52,(count:+)x(fp:x),,,,,,,,,,,,,,,,,,,,,,
Understanding and Designing a High-Performance Ultrafiltration Membrane Using Machine Learning,target_flux recovery ratio (%),GPytorchMAP,Matern52,Matern52,(count:+)x(fp:+),,,,,,,,,,,,,,,,,,,,,,
Understanding and Designing a High-Performance Ultrafiltration Membrane Using Machine Learning,target_flux recovery ratio (%),GPytorchMAP,Matern52,Matern52,(count:x)+(fp:x),,,,,,,,,,,,,,,,,,,,,,
Understanding and Designing a High-Performance Ultrafiltration Membrane Using Machine Learning,target_flux recovery ratio (%),GPytorchMAP,Matern52,RBF,sum,,,,,,,,,,,,,,,,,,,,,,
Understanding and Designing a High-Performance Ultrafiltration Membrane Using Machine Learning,target_flux recovery ratio (%),GPytorchMAP,Matern52,RBF,product,,,,,,,,,,,,,,,,,,,,,,
Understanding and Designing a High-Performance Ultrafiltration Membrane Using Machine Learning,target_flux recovery ratio (%),GPytorchMAP,Matern52,RBF,averageProduct,,,,,,,,,,,,,,,,,,,,,,
Understanding and Designing a High-Performance Ultrafiltration Membrane Using Machine Learning,target_flux recovery ratio (%),GPytorchMAP,Matern52,RBF,(count:+)x(fp:x),,,,,,,,,,,,,,,,,,,,,,
Understanding and Designing a High-Performance Ultrafiltration Membrane Using Machine Learning,target_flux recovery ratio (%),GPytorchMAP,Matern52,RBF,(count:+)x(fp:+),,,,,,,,,,,,,,,,,,,,,,
Understanding and Designing a High-Performance Ultrafiltration Membrane Using Machine Learning,target_flux recovery ratio (%),GPytorchMAP,Matern52,RBF,(count:x)+(fp:x),,,,,,,,,,,,,,,,,,,,,,
Understanding and Designing a High-Performance Ultrafiltration Membrane Using Machine Learning,target_flux recovery ratio (%),GPytorchMAP,RBF,Matern32,sum,,,,,,,,,,,,,,,,,,,,,,
Understanding and Designing a High-Performance Ultrafiltration Membrane Using Machine Learning,target_flux recovery ratio (%),GPytorchMAP,RBF,Matern32,product,,,,,,,,,,,,,,,,,,,,,,
Understanding and Designing a High-Performance Ultrafiltration Membrane Using Machine Learning,target_flux recovery ratio (%),GPytorchMAP,RBF,Matern32,averageProduct,,,,,,,,,,,,,,,,,,,,,,
Understanding and Designing a High-Performance Ultrafiltration Membrane Using Machine Learning,target_flux recovery ratio (%),GPytorchMAP,RBF,Matern32,(count:+)x(fp:x),,,,,,,,,,,,,,,,,,,,,,
Understanding and Designing a High-Performance Ultrafiltration Membrane Using Machine Learning,target_flux recovery ratio (%),GPytorchMAP,RBF,Matern32,(count:+)x(fp:+),,,,,,,,,,,,,,,,,,,,,,
Understanding and Designing a High-Performance Ultrafiltration Membrane Using Machine Learning,target_flux recovery ratio (%),GPytorchMAP,RBF,Matern32,(count:x)+(fp:x),,,,,,,,,,,,,,,,,,,,,,
Understanding and Designing a High-Performance Ultrafiltration Membrane Using Machine Learning,target_flux recovery ratio (%),GPytorchMAP,RBF,Matern52,sum,,,,,,,,,,,,,,,,,,,,,,
Understanding and Designing a High-Performance Ultrafiltration Membrane Using Machine Learning,target_flux recovery ratio (%),GPytorchMAP,RBF,Matern52,product,,,,,,,,,,,,,,,,,,,,,,
Understanding and Designing a High-Performance Ultrafiltration Membrane Using Machine Learning,target_flux recovery ratio (%),GPytorchMAP,RBF,Matern52,averageProduct,,,,,,,,,,,,,,,,,,,,,,
Understanding and Designing a High-Performance Ultrafiltration Membrane Using Machine Learning,target_flux recovery ratio (%),GPytorchMAP,RBF,Matern52,(count:+)x(fp:x),,,,,,,,,,,,,,,,,,,,,,
Understanding and Designing a High-Performance Ultrafiltration Membrane Using Machine Learning,target_flux recovery ratio (%),GPytorchMAP,RBF,Matern52,(count:+)x(fp:+),,,,,,,,,,,,,,,,,,,,,,
Understanding and Designing a High-Performance Ultrafiltration Membrane Using Machine Learning,target_flux recovery ratio (%),GPytorchMAP,RBF,Matern52,(count:x)+(fp:x),,,,,,,,,,,,,,,,,,,,,,
Understanding and Designing a High-Performance Ultrafiltration Membrane Using Machine Learning,target_flux recovery ratio (%),GPytorchMAP,RBF,RBF,sum,,,,,,,,,,,,,,,,,,,,,,
Understanding and Designing a High-Performance Ultrafiltration Membrane Using Machine Learning,target_flux recovery ratio (%),GPytorchMAP,RBF,RBF,product,,,,,,,,,,,,,,,,,,,,,,
Understanding and Designing a High-Performance Ultrafiltration Membrane Using Machine Learning,target_flux recovery ratio (%),GPytorchMAP,RBF,RBF,averageProduct,,,,,,,,,,,,,,,,,,,,,,
Understanding and Designing a High-Performance Ultrafiltration Membrane Using Machine Learning,target_flux recovery ratio (%),GPytorchMAP,RBF,RBF,(count:+)x(fp:x),,,,,,,,,,,,,,,,,,,,,,
Understanding and Designing a High-Performance Ultrafiltration Membrane Using Machine Learning,target_flux recovery ratio (%),GPytorchMAP,RBF,RBF,(count:+)x(fp:+),,,,,,,,,,,,,,,,,,,,,,
Understanding and Designing a High-Performance Ultrafiltration Membrane Using Machine Learning,target_flux recovery ratio (%),GPytorchMAP,RBF,RBF,(count:x)+(fp:x),,,,,,,,,,,,,,,,,,,,,,
Understanding and Designing a High-Performance Ultrafiltration Membrane Using Machine Learning,target_flux recovery ratio (%),MGK,Graph,Matern32,sum,,,,,,,,,,,,,,,,,,,,,,
Understanding and Designing a High-Performance Ultrafiltration Membrane Using Machine Learning,target_flux recovery ratio (%),MGK,Graph,Matern32,product,,,,,,,,,,,,,,,,,,,,,,
Understanding and Designing a High-Performance Ultrafiltration Membrane Using Machine Learning,target_flux recovery ratio (%),MGK,Graph,Matern32,averageProduct,,,,,,,,,,,,,,,,,,,,,,
Understanding and Designing a High-Performance Ultrafiltration Membrane Using Machine Learning,target_flux recovery ratio (%),MGK,Graph,Matern32,(count:+)x(graph:x),,,,,,,,,,,,,,,,,,,,,,
Understanding and Designing a High-Performance Ultrafiltration Membrane Using Machine Learning,target_flux recovery ratio (%),MGK,Graph,Matern32,(count:+)x(graph:+),,,,,,,,,,,,,,,,,,,,,,
Understanding and Designing a High-Performance Ultrafiltration Membrane Using Machine Learning,target_flux recovery ratio (%),MGK,Graph,Matern32,(count:x)+(graph:x),,,,,,,,,,,,,,,,,,,,,,
Understanding and Designing a High-Performance Ultrafiltration Membrane Using Machine Learning,target_flux recovery ratio (%),MGK,Graph,Matern52,sum,,,,,,,,,,,,,,,,,,,,,,
Understanding and Designing a High-Performance Ultrafiltration Membrane Using Machine Learning,target_flux recovery ratio (%),MGK,Graph,Matern52,product,,,,,,,,,,,,,,,,,,,,,,
Understanding and Designing a High-Performance Ultrafiltration Membrane Using Machine Learning,target_flux recovery ratio (%),MGK,Graph,Matern52,averageProduct,,,,,,,,,,,,,,,,,,,,,,
Understanding and Designing a High-Performance Ultrafiltration Membrane Using Machine Learning,target_flux recovery ratio (%),MGK,Graph,Matern52,(count:+)x(graph:x),,,,,,,,,,,,,,,,,,,,,,
Understanding and Designing a High-Performance Ultrafiltration Membrane Using Machine Learning,target_flux recovery ratio (%),MGK,Graph,Matern52,(count:+)x(graph:+),,,,,,,,,,,,,,,,,,,,,,
Understanding and Designing a High-Performance Ultrafiltration Membrane Using Machine Learning,target_flux recovery ratio (%),MGK,Graph,Matern52,(count:x)+(graph:x),,,,,,,,,,,,,,,,,,,,,,
Understanding and Designing a High-Performance Ultrafiltration Membrane Using Machine Learning,target_flux recovery ratio (%),MGK,Graph,RBF,sum,,,,,,,,,,,,,,,,,,,,,,
Understanding and Designing a High-Performance Ultrafiltration Membrane Using Machine Learning,target_flux recovery ratio (%),MGK,Graph,RBF,product,,,,,,,,,,,,,,,,,,,,,,
Understanding and Designing a High-Performance Ultrafiltration Membrane Using Machine Learning,target_flux recovery ratio (%),MGK,Graph,RBF,averageProduct,,,,,,,,,,,,,,,,,,,,,,
Understanding and Designing a High-Performance Ultrafiltration Membrane Using Machine Learning,target_flux recovery ratio (%),MGK,Graph,RBF,(count:+)x(graph:x),,,,,,,,,,,,,,,,,,,,,,
Understanding and Designing a High-Performance Ultrafiltration Membrane Using Machine Learning,target_flux recovery ratio (%),MGK,Graph,RBF,(count:+)x(graph:+),,,,,,,,,,,,,,,,,,,,,,
Understanding and Designing a High-Performance Ultrafiltration Membrane Using Machine Learning,target_flux recovery ratio (%),MGK,Graph,RBF,(count:x)+(graph:x),,,,,,,,,,,,,,,,,,,,,,
Understanding and Designing a High-Performance Ultrafiltration Membrane Using Machine Learning,target_irreversible fouling ratio(%),RF,,,,"{""0"": 10.848184513662884, ""1"": 14.63434439268075, ""2"": 12.004282787915923, ""3"": 12.522358135440482, ""4"": 21.78247673854439, ""5"": 11.421336571881767, ""6"": 14.114307907545768, ""7"": 6.263258162503848}","{""0"": 0.2222575479416009, ""1"": 0.07506207146688326, ""2"": 0.10049206151162171, ""3"": 0.1053491403073823, ""4"": -2.98786398467763, ""5"": -0.12831393679846181, ""6"": -2.3956878586762897, ""7"": 0.7591016164359683}","{""0"": 8.959060952380954, ""1"": 11.702118518518521, ""2"": 9.331207000000003, ""3"": 9.635048372579801, ""4"": 20.71929711538462, ""5"": 9.567734102564101, ""6"": 12.19496693121693, ""7"": 5.114034368530022}","{""0"": 0.03843137254901964, ""1"": 0.11975308641975313, ""2"": 0.12166666666666671, ""3"": 0.01959706959706958, ""4"": 0.344871794871795, ""5"": 0.04423076923076923, ""6"": 0.08481481481481483, ""7"": 0.08652173913043479}","{""0"": 0.13839299479695102, ""1"": 0.10105822105244468, ""2"": 0.15640011093567696, ""3"": 0.06342071287952579, ""4"": 0.26935358263495274, ""5"": 0.13385292191481862, ""6"": 0.16574454391750826, ""7"": 0.010627399190196467}","{""0"": 3.9063745194468265, ""1"": 4.102404668832735, ""2"": 8.13956287490822, ""3"": 3.9871021961106146, ""4"": 5.021570618007567, ""5"": 3.8151055863112115, ""6"": 4.092068101936322, ""7"": 3.2475931982846427}","{""0"": 0.12941176470588237, ""1"": 0.07703703703703704, ""2"": 0.125, ""3"": 0.05593406593406595, ""4"": 0.3692307692307692, ""5"": 0.1173076923076923, ""6"": 0.28888888888888886, ""7"": 0.06043478260869565}","{""0"": 0.3375395793522763, ""1"": 0.2555357281693323, ""2"": 0.6809346340147693, ""3"": 0.27795131683127244, ""4"": 0.09507807531031533, ""5"": 0.292567030274381, ""6"": 0.07963484773036784, ""7"": 0.4495706587256677}","{""0"": -0.05110947070304227, ""1"": 0.44908308773453975, ""2"": -0.36679506440989823, ""3"": 0.34480699248034574, ""4"": -0.6753424657534246, ""5"": 0.2049136591961969, ""6"": -0.20743034055727552, ""7"": 0.36278076462960507}","{""0"": 11.361778296020516, ""1"": 10.21445644199302, ""2"": 8.212776623957549, ""3"": 11.823756085917069, ""4"": 12.689110811710323, ""5"": 11.95285865165239, ""6"": 13.698412923474931, ""7"": 9.086855439702932}","{""0"": 1.9023559726774693, ""1"": 2.424488089978695, ""2"": 1.3770763725042343, ""3"": 2.8298179041594267, ""4"": 1.5559138916432858, ""5"": 2.226611915975809, ""6"": 1.210471272468567, ""7"": 1.4947853963822126}","{""0"": [7.9973362406755655, 9.140625646354117, 8.408772678832166, 7.971721319026498, 8.395444568918863], ""1"": [10.423371447215777, 8.071337222245022, 10.110210697106162, 8.51384503841791, 8.611501200605833], ""2"": [7.520652011958127, 8.537565620329016, 5.303015499043121, 10.149923013331266, 9.61797235913864], ""3"": [7.931322920471614, 10.074610766560113, 10.747792054818085, 7.783520839699235, 10.360780852580783], ""4"": [6.582890074185831, 6.719335883903292, 7.230722756869786, 8.613165837932472, 9.417870619209511], ""5"": [9.681850086179452, 8.430380917803294, 9.785690541836153, 7.24899091594076, 8.947649112670303], ""6"": [5.943126665323119, 5.942544653375134, 6.698233922412677, 9.444022716666186, 8.45184782871492], ""7"": [10.10391688530733, 6.642519615311886, 10.022298666688174, 7.647171809674742, 6.227984562829218]}","{""0"": [0.6047761124312081, 0.4957476992680214, 0.472293364189015, 0.6267172868596039, 0.6185400610620617], ""1"": [0.36685758053513806, 0.5004268776283902, 0.4318549399358098, 0.4609875782392848, 0.5911302968992042], ""2"": [-0.41216585640043046, 0.5499927255296639, 0.6479809869109775, 0.5437059479702766, 0.35146836424389183], ""3"": [0.5605417037689491, 0.4491629324211265, 0.3629535414539413, 0.653942333414747, 0.47041277101897483], ""4"": [0.7401486500170686, 0.260177021137901, 0.6361967415894023, 0.6731990150735188, 0.5575277502736059], ""5"": [0.5585120362039405, 0.5973422824490768, 0.39150726051943174, 0.650911689930595, 0.5494442080942514], ""6"": [0.8328015771242265, 0.7979898858990175, 0.6413375860210528, 0.10260843806374731, 0.7480056813141729], ""7"": [0.4449079368992451, 0.7779956737009286, 0.5393911764983703, 0.641971860408489, 0.7417241321593835]}","{""0"": [6.5715046848739505, 6.62201984126984, 6.070027275910367, 6.061418109243699, 6.75924058123249], ""1"": [8.070833783068785, 6.423044325396825, 7.667594391534393, 6.777009347442681, 6.343004060846561], ""2"": [6.257172023809526, 6.673164738095241, 4.482328214285715, 6.813542841269841, 7.810561892857142], ""3"": [5.574084089481947, 7.725807679225535, 7.5424697924297925, 6.084117543171113, 7.402800716902147], ""4"": [5.057145421245423, 5.358819929792432, 5.138097976190478, 6.975262005494508, 7.417313516483518], ""5"": [7.030994688644689, 6.412139033882784, 7.462751272893772, 5.78013706959707, 6.796395132783884], ""6"": [4.063514629629633, 4.7188210978835965, 5.070892248677247, 6.683304828042326, 6.749757407407408], ""7"": [6.1276215942029, 5.455527380952385, 8.476823188405799, 6.116925527950311, 4.973025983436853]}","{""0"": [0.059019607843137284, 0.0466666666666667, 0.0470588235294118, 0.045098039215686246, 0.10607843137254906], ""1"": [0.10938271604938277, 0.032469135802469164, 0.10246913580246916, 0.10802469135802475, 0.0481481481481482], ""2"": [0.050000000000000044, 0.1016666666666667, 0.058333333333333334, 0.05666666666666669, 0.13666666666666671], ""3"": [0.06428571428571427, 0.08150183150183155, 0.030366300366300378, 0.025018315018315036, 0.05761904761904765], ""4"": [0.08128205128205128, 0.02769230769230771, 0.0946153846153846, 0.1071794871794872, 0.08076923076923082], ""5"": [0.043974358974359015, 0.0303846153846154, 0.10615384615384621, 0.047435897435897476, 0.06192307692307694], ""6"": [0.08444444444444442, 0.11703703703703704, 0.0562962962962963, 0.11370370370370374, 0.09629629629629634], ""7"": [0.0508695652173913, 0.0505797101449275, 0.12884057971014495, 0.054057971014492785, 0.05898550724637678]}","{""0"": [0.08671442891645574, 0.0302043678855384, 0.0628419860070326, 0.03296202703738455, 0.07558377746168034], ""1"": [0.0762043307680954, 0.026045500481258158, 0.07319546064092702, 0.056206081228757324, 0.06990089406019834], ""2"": [0.21165109621908174, 0.3024963977237828, 0.10475088690118023, 0.11948132504517937, 0.15936834309998074], ""3"": [0.005710585557390372, 0.05866375485928049, 0.06177216597619543, 0.05651585625922513, 0.09582303546131138], ""4"": [0.0749388478322567, 0.31376308620595317, 0.044836069321640575, 0.11176414300467356, 0.16203366319222237], ""5"": [0.0352226514260792, 0.014795894825647327, 0.054743058622681244, 0.0246245220342665, 0.043584743936989155], ""6"": [0.04485644159123911, 0.13452438441835501, 0.02487795569096091, 0.1593062897012768, 0.2059267903039803], ""7"": [0.06237696611716715, 0.05831735345933878, 0.07189928327673341, 0.06404027256570761, 0.05479764988513476]}","{""0"": [3.7075938251926095, 3.4853992067708504, 3.5567493412485582, 3.443126942688587, 3.568563004614608], ""1"": [3.683049479524845, 3.493735787728921, 4.082793950545637, 3.6900058902636146, 3.434474388779095], ""2"": [3.67424311506784, 3.8096391155759783, 3.1831844381630154, 3.3661341497410695, 3.867363196243707], ""3"": [3.554405528172611, 3.8206612014142696, 3.732868161823061, 3.5056795709401447, 3.6544918448085117], ""4"": [3.3542501459308136, 3.4331782107117204, 3.328982405465302, 3.9949494251171465, 3.6428896482777393], ""5"": [3.729214763274114, 3.533534023842148, 3.7456390072640477, 3.695705161784532, 3.9119834361700256], ""6"": [3.1068987075734316, 3.498596460244797, 3.2308650781520876, 4.027635930478184, 4.253796185932234], ""7"": [3.383103280877932, 3.3250641158095138, 3.8126524110866926, 3.9513813238601214, 3.454982427855147]}","{""0"": [0.07235294117647062, 0.04294117647058824, 0.054705882352941215, 0.03647058823529414, 0.0811764705882353], ""1"": [0.060370370370370394, 0.022962962962962973, 0.052962962962962955, 0.06333333333333335, 0.034444444444444444], ""2"": [0.05500000000000001, 0.11499999999999999, 0.020000000000000007, 0.08, 0.12000000000000002], ""3"": [0.03461538461538462, 0.04274725274725276, 0.0335164835164835, 0.035714285714285705, 0.10494505494505495], ""4"": [0.06615384615384616, 0.04307692307692308, 0.049999999999999996, 0.057692307692307696, 0.0876923076923077], ""5"": [0.03423076923076922, 0.025000000000000005, 0.054230769230769214, 0.043461538461538475, 0.03192307692307692], ""6"": [0.035555555555555556, 0.10444444444444442, 0.031111111111111117, 0.05777777777777778, 0.1244444444444445], ""7"": [0.046521739130434794, 0.07434782608695652, 0.0691304347826087, 0.04999999999999999, 0.04739130434782609]}","{""0"": [0.4139696130058697, 0.6023342471547113, 0.5289111377469059, 0.4891399039637569, 0.5455914638351175], ""1"": [0.4932060843071005, 0.5318501076071073, 0.5319485379557121, 0.4784426995419357, 0.5229748310265948], ""2"": [0.5893028547967712, 0.659829953357769, 0.44316904946089747, 0.5673349752152708, 0.5233577486680906], ""3"": [0.4562439646372288, 0.5250347836816455, 0.45394780641365673, 0.5383895846731804, 0.45886455520826624], ""4"": [0.3733240637783205, 0.49336986278761136, 0.34393913382653857, 0.4545360056687927, 0.5433853416016495], ""5"": [0.4540028221938832, 0.45953707793610116, 0.5045645458937442, 0.5266506074411517, 0.4581606708360317], ""6"": [0.46384427589687005, 0.45863763441153493, 0.5869825798380034, 0.6138304681436713, 0.43532927533606364], ""7"": [0.523945699390054, 0.5280103144025874, 0.38592427968227444, 0.508146043827049, 0.5360175880688856]}","{""0"": [-0.04537815126050419, 0.683221279370739, 0.26449690657069186, 0.4591291061879296, 0.28403361344537814], ""1"": [0.39023367627611616, 0.23664398613026338, 0.2701074942878723, 0.26992204667983166, 0.3593702371778209], ""2"": [0.2075968555985867, 0.4812030075187969, -0.10225563909774435, 0.46917293233082696, 0.4360902255639097], ""3"": [0.17563139317909104, 0.4329216338622006, 0.38637187100866255, 0.3363447780150365, 0.4027966905917012], ""4"": [0.013333333333333332, 0.04752136752136752, 0.22529914529914527, 0.1029059829059829, 0.4147008547008547], ""5"": [0.3611526150569349, 0.35628601953489114, 0.24836182797913706, 0.0890463587466917, -0.06164222750118148], ""6"": [0.2528379772961816, 0.19504643962848298, 0.5190918472652218, -0.08565531475748193, 0.029927760577915376], ""7"": [0.36669138752263425, 0.3795404118832656, 0.18136892078275849, 0.0800395256916996, 0.38744750379750037]}","{""0"": [8.117261444835886, 7.22389891913499, 7.183986665155198, 8.545350092284233, 8.059750774455592], ""1"": [8.082583211743316, 8.650395503027411, 7.845598456729172, 6.792681531920069, 7.5288054550982775], ""2"": [8.063050769293653, 7.06776900900613, 7.1272124039144416, 7.6896693985325415, 7.490423520784439], ""3"": [8.336496687831273, 7.756109382808018, 8.556444043041045, 8.249018228845769, 8.36705327266291], ""4"": [8.96986482480781, 7.870959675326116, 8.450461635911184, 7.256278522694846, 8.033595699498651], ""5"": [8.026598285521356, 8.618071784629645, 7.549391089014565, 7.482583817881956, 8.450173554103348], ""6"": [6.305382909138572, 9.38817574636564, 7.303222539719226, 6.944822166141647, 7.211038605120355], ""7"": [7.173799193737871, 8.6511225054201, 8.61697673171088, 8.005265839667134, 8.39487518623853]}","{""0"": [1.8788605816662312, 1.9203857500106096, 1.9718239959329367, 1.9660856146365404, 1.809411909431219], ""1"": [2.4058649130165577, 2.53339340724051, 2.5212487280368805, 2.666398096829653, 2.3841837160289288], ""2"": [1.2741133607923985, 1.3288793936371803, 1.3969746604561806, 1.4554315712302923, 1.3470637369900942], ""3"": [3.2242387868463993, 3.2013213727623224, 3.0424820594489574, 3.1822535172104836, 3.140656750649214], ""4"": [1.563734007999301, 1.6790148466825485, 1.6107032783329487, 1.528789373114705, 1.5655751414597034], ""5"": [2.4682881832122803, 2.4506361074745655, 2.3934693709015846, 2.457495555281639, 2.445434683933854], ""6"": [1.219162903726101, 1.3413388337939978, 1.3242652900516987, 1.283328726887703, 1.2445609420537949], ""7"": [1.620186623185873, 1.493830569088459, 1.5143129248172045, 1.3970890250056982, 1.4955060165375471]}"
Understanding and Designing a High-Performance Ultrafiltration Membrane Using Machine Learning,target_irreversible fouling ratio(%),XGBR,,,,"{""0"": 10.650347526740898, ""1"": 14.347047372789492, ""2"": 11.220922711969337, ""3"": 14.553972891304339, ""4"": 26.550746151620896, ""5"": 13.626359891688894, ""6"": 19.812283221303076, ""7"": 11.510095841982942}","{""0"": 0.25036606758742574, ""1"": 0.11102180005762596, ""2"": 0.21405943046245313, ""3"": -0.20849391024405772, ""4"": -4.9248762029199975, ""5"": -0.6060379493695831, ""6"": -5.690793746155582, ""7"": 0.1864370927634469}","{""0"": 8.41543326966, ""1"": 10.916662561538073, ""2"": 9.640930551882999, ""3"": 10.59175965006766, ""4"": 24.173410129908486, ""5"": 10.871988036770066, ""6"": 17.72861407518768, ""7"": 9.312051034208409}",,,,,,,,"{""0"": 0.7781837843358517, ""1"": 0.9333116840571165, ""2"": 0.6362747997045517, ""3"": 1.1966070253401995, ""4"": 0.8308724779635668, ""5"": 1.048916356638074, ""6"": 0.6228967625647783, ""7"": 0.6658020932227373}","{""0"": [7.445969865106864, 10.523172432252185, 9.742721937055984, 12.417336611770367, 9.964374538301392], ""1"": [8.743745105160558, 8.824932006379374, 11.174248075536767, 8.933511495260726, 7.625532546920883], ""2"": [7.393898841098204, 11.331798879073148, 4.85130831565802, 11.046351735405763, 9.073154986688142], ""3"": [8.843191280532453, 10.308423299261325, 10.207183257773012, 11.28808729105107, 9.360518472720875], ""4"": [7.6291637870595395, 6.068039905217795, 6.884132000650811, 10.134844929567256, 12.762031871376179], ""5"": [9.867258404145911, 8.435083916400256, 10.771635997927948, 7.66291025103248, 9.897745688806996], ""6"": [5.025821113359324, 6.672063594638232, 8.305292335268058, 11.13787890767667, 9.270235974159396], ""7"": [7.357094961378255, 9.192458286594364, 10.065399338584479, 7.723534536484815, 6.228390762436984]}","{""0"": [0.6573939542867235, 0.33167236955489776, 0.29158467634851026, 0.09428706403388865, 0.4626445914187646], ""1"": [0.5544669152063839, 0.4027848510929948, 0.3059744809115429, 0.40653967180897166, 0.67939701907668], ""2"": [-0.36496566815120857, 0.20722647064945898, 0.7053963788619961, 0.4595481013142433, 0.42286053060169204], ""3"": [0.4536833445567955, 0.4232984839545728, 0.4254280512657438, 0.2721581751801322, 0.5677327458507259], ""4"": [0.6509837493333047, 0.3966463133935574, 0.6702372904418771, 0.5475277445040285, 0.18750583927578324], ""5"": [0.541441061009238, 0.5968929013566937, 0.2627143465214786, 0.6099074349819682, 0.4486806068012985], ""6"": [0.8804316443692048, 0.7453471385181105, 0.4485894211724326, -0.24816764104850364, 0.6968420304222172], ""7"": [0.7056946133776394, 0.5748334565719881, 0.5354209820031317, 0.6347858023752184, 0.7416904406894038]}","{""0"": [5.330912222046888, 6.992994489653042, 6.366738802401877, 8.584412409756354, 6.934497406117478], ""1"": [6.849431088190719, 6.575117683661881, 8.329271290591478, 6.47931628234132, 5.732875474464588], ""2"": [5.628545102541241, 8.667289596660693, 3.6932312114839023, 7.852979230234361, 6.655617855047005], ""3"": [6.2915233918821825, 7.377810563488497, 7.175254491430885, 7.3842991905734365, 7.102425518389371], ""4"": [5.3993649035320175, 4.684143301665164, 4.3327501297310835, 7.763298420689583, 8.812695526467685], ""5"": [6.854908836796157, 6.362705194881201, 7.486652687962179, 5.1809191931687755, 6.920223924854562], ""6"": [3.1613079265864723, 5.153496812516708, 6.3911529373717615, 7.8057813439170225, 6.690373203369971], ""7"": [4.789578428205296, 6.613208912516458, 7.627705285338538, 5.796214318173912, 4.519633390991851]}",,,,,,,,"{""0"": [0.9100218918174505, 0.767592828720808, 0.9446750953793526, 0.7494920827448368, 0.7784857340157032], ""1"": [1.0111144073307514, 0.9663442969322205, 0.9775995519012213, 0.9891718085855246, 1.040693398565054], ""2"": [0.6542612835764885, 0.6112764067947865, 0.606481434777379, 0.6421424988657236, 0.5946250222623348], ""3"": [1.2293256409466267, 1.2709947023540735, 1.2150278519839048, 1.2091437075287104, 1.229951411485672], ""4"": [0.6646465826779604, 0.6886466592550278, 0.6953658722341061, 0.70115602388978, 0.6888455972075462], ""5"": [0.9405301045626402, 0.9583809748291969, 1.0071669705212116, 0.952951667830348, 0.9191113337874413], ""6"": [0.6005752198398113, 0.6076829228550196, 0.6043063644319773, 0.5845045763999224, 0.5751140080392361], ""7"": [0.6659158524125814, 0.6297929286956787, 0.6522888615727425, 0.6285284552723169, 0.6448271404951811]}"
Understanding and Designing a High-Performance Ultrafiltration Membrane Using Machine Learning,target_irreversible fouling ratio(%),NGB,,,,"{""0"": 10.132638439227058, ""1"": 16.219227314702785, ""2"": 9.879520145316043, ""3"": 13.175043893339152, ""4"": 27.088920435682326, ""5"": 9.233636965585463, ""6"": 20.673736133070268, ""7"": 11.906750577060647}","{""0"": 0.3214735677488212, ""1"": -0.13612565688028977, ""2"": 0.3907377535489015, ""3"": 0.009657345988377752, ""4"": -5.16750080206633, ""5"": 0.26253454060858905, ""6"": -6.285284642610487, ""7"": 0.12939777657005846}","{""0"": 8.09982000010066, ""1"": 12.593916935732308, ""2"": 8.289301675938214, ""3"": 10.407235110253737, ""4"": 25.84238870185112, ""5"": 7.460043221177532, ""6"": 18.9090940990994, ""7"": 9.362969311883196}","{""0"": 0.1382352941176471, ""1"": 0.3444444444444445, ""2"": 0.1333333333333334, ""3"": 0.2496336996336997, ""4"": 0.43846153846153857, ""5"": 0.1134615384615385, ""6"": 0.4074074074074075, ""7"": 0.19927536231884066}","{""0"": 0.06072516713443028, ""1"": 0.24281026863479135, ""2"": 0.12945902371115814, ""3"": 0.11180400700600715, ""4"": 0.2781728773794464, ""5"": 0.20375659856657624, ""6"": 0.212672994820631, ""7"": 0.10930184986324674}","{""0"": 4.051950245298084, ""1"": 9.079297379325155, ""2"": 3.60335985822527, ""3"": 5.824629041073646, ""4"": 7.959369748898331, ""5"": 3.8535277080323285, ""6"": 7.290169179775365, ""7"": 4.5079050303682}","{""0"": 0.06470588235294117, ""1"": 0.1481481481481482, ""2"": 0.09, ""3"": 0.14538461538461536, ""4"": 0.3653846153846153, ""5"": 0.18461538461538463, ""6"": 0.4333333333333333, ""7"": 0.12478260869565216}","{""0"": 0.18805978945983978, ""1"": 0.32434368437174926, ""2"": 0.25551017063848713, ""3"": 0.22783814574532588, ""4"": 0.17877530853751922, ""5"": 0.3988368880650761, ""6"": 0.12260362499839986, ""7"": 0.1527653460930316}","{""0"": 0.29163109735850423, ""1"": 0.516490663445262, ""2"": 0.6598651014560195, ""3"": 0.07331952944240235, ""4"": 0.23696911227782141, ""5"": 0.225434530037661, ""6"": 0.10661196417839387, ""7"": 0.7713936924560768}","{""0"": 6.765689181279555, ""1"": 4.186027934725398, ""2"": 7.46543680219534, ""3"": 5.428341885757982, ""4"": 9.370420354642357, ""5"": 6.7716875208690945, ""6"": 7.008337598920799, ""7"": 5.463202780944912}","{""0"": 8.917881395667791, ""1"": 9.118954543024302, ""2"": 7.8856929037719965, ""3"": 8.096741240471601, ""4"": 7.8894232008606195, ""5"": 8.230436803773046, ""6"": 7.604567127302289, ""7"": 7.710944144055247}","{""0"": [7.785590635869079, 9.381140729518846, 8.870391699023582, 10.990884258330363, 10.311967672139222], ""1"": [9.980619377456167, 9.039113338982938, 10.070170146608836, 8.711947527041008, 9.36155804974756], ""2"": [6.173808814019341, 11.529354690897184, 6.49260520009997, 8.866880589028344, 10.029542551807575], ""3"": [8.521600360522713, 9.737575614873286, 10.376851571543902, 10.396146198688294, 10.670261858976993], ""4"": [9.069111638749806, 7.146752186411624, 6.757559008021705, 11.283877924505758, 12.325534571472792], ""5"": [10.489402446385329, 8.388368140283, 10.747302430963348, 8.184109041772711, 10.515267842130811], ""6"": [9.779333707382145, 9.103146394834734, 7.373806094228333, 9.637881559483725, 10.004291332522381], ""7"": [9.764946949421224, 9.485786846442094, 10.73662794314573, 9.036310762498983, 7.349045154986026]}","{""0"": [0.6254277465804415, 0.46886203558020567, 0.41276365481066735, 0.290423978406932, 0.42450093346870355], ""1"": [0.41950301353356245, 0.37344421611919265, 0.43634620016995285, 0.4356119714705051, 0.5168038478018252], ""2"": [0.04834162943462972, 0.179343478500393, 0.4723349631894761, 0.6517741309178302, 0.2947771631928362], ""3"": [0.49269548308218136, 0.4854017658716725, 0.40616771580734046, 0.38263636192219963, 0.4383022513716236], ""4"": [0.506802044699092, 0.1630633992394055, 0.6822519763371347, 0.4391141336222114, 0.24213451792351204], ""5"": [0.4817925443216704, 0.6013455693551558, 0.26604170094282065, 0.5550379124723035, 0.37774074249650436], ""6"": [0.5472893243694132, 0.5259640702899404, 0.5653410040658164, 0.0653885327138356, 0.6469306064473281], ""7"": [0.4815280517681144, 0.547266668499798, 0.4713924287097093, 0.5000831413235287, 0.6403743943169975]}","{""0"": [6.340892711862241, 7.021433232479787, 6.759020771491833, 7.3827276087939016, 7.9517807198253045], ""1"": [7.7858473174085185, 6.642066863661819, 7.987545906027714, 7.297111821215409, 7.274847632456477], ""2"": [5.3391413509731525, 8.61428679443873, 5.571696809591435, 7.379862800680355, 8.568922281397743], ""3"": [6.485052996039537, 7.4722973580277525, 7.712724637347792, 7.60156764447932, 8.185463835665118], ""4"": [7.67291232357917, 6.297348935416503, 5.51631144525493, 8.271045381699745, 9.425875080306561], ""5"": [8.171712450855768, 6.643615962118703, 7.910157922160384, 6.609117720403902, 8.690494679575815], ""6"": [7.256219027525727, 7.345345897918658, 5.62810106568471, 7.446390716726821, 7.925222378169362], ""7"": [7.17715616275666, 7.54050249733589, 9.582984277341563, 7.713446510103169, 5.83316174335724]}","{""0"": [0.09803921568627455, 0.07372549019607848, 0.050392156862745126, 0.03607843137254904, 0.08529411764705887], ""1"": [0.12654320987654324, 0.06432098765432102, 0.1524691358024692, 0.1364197530864198, 0.10259259259259264], ""2"": [0.07166666666666671, 0.12833333333333338, 0.07833333333333335, 0.10166666666666671, 0.1683333333333334], ""3"": [0.059450549450549485, 0.10860805860805865, 0.1254578754578755, 0.10164835164835168, 0.16978021978021984], ""4"": [0.13717948717948725, 0.11564102564102567, 0.0676923076923077, 0.1102564102564103, 0.12820512820512822], ""5"": [0.10512820512820516, 0.07025641025641029, 0.1402564102564103, 0.12628205128205133, 0.2038461538461539], ""6"": [0.0692592592592593, 0.13888888888888895, 0.06555555555555558, 0.10814814814814817, 0.10222222222222226], ""7"": [0.07927536231884061, 0.12536231884057977, 0.29492753623188406, 0.13637681159420295, 0.05869565217391307]}","{""0"": [0.08587420721928897, 0.02892850991961278, 0.11477447103152001, 0.04777048633482671, 0.04516654909263623], ""1"": [0.1109262543304643, 0.0478643317595692, 0.13220521822489145, 0.0646987122385889, 0.09477323373504001], ""2"": [-0.07066950957995365, 0.08193266265436255, 0.05095401759628533, 0.27263811816800576, 0.17976798226783597], ""3"": [0.040227525659975866, 0.02954645184290902, 0.05972626366094265, 0.07931973868151787, 0.11719141351777822], ""4"": [0.05979649137469718, 0.07154185307430293, 0.07156894268142823, 0.08392022943224464, 0.14067977544015392], ""5"": [-0.15928072617805863, 0.05051491292409681, 0.08131414967839719, 0.6889529596102845, 0.06093008314742973], ""6"": [0.07681971058873831, 0.15145603565359256, 0.0722179873052767, 0.09441462487722335, 0.15196371122751387], ""7"": [0.09100228679458888, 0.08562086150862858, 0.18277484730502386, 0.14972756935429116, 0.20483286705174283]}","{""0"": [3.8567957702430373, 3.5929561218054484, 3.6147226885364696, 5.100410931004209, 3.686036896148924], ""1"": [3.700852482146388, 4.791319175336358, 4.076907100834166, 3.6299190692905303, 3.66278250876088], ""2"": [3.2742532332979373, 4.196683377159152, 3.2748656142171937, 3.466194103110991, 3.753577652327683], ""3"": [3.5315996220257024, 3.812467717945244, 3.963580100743036, 3.728301555300664, 4.345784374312787], ""4"": [3.632365598916137, 3.4166665943473435, 3.267889881868219, 3.765667327353803, 4.047487385439653], ""5"": [3.712334120940218, 3.4370912488752503, 4.760631663655011, 3.5505705901756035, 4.002292189755185], ""6"": [3.42532284095598, 3.5409434295048032, 3.2716201858766194, 5.9238123802054705, 4.0829054119387855], ""7"": [3.9850303857318035, 3.4842796159796086, 4.141460610924604, 3.609899407970651, 3.329822436347235]}","{""0"": [0.06000000000000001, 0.043529411764705886, 0.0376470588235294, 0.035882352941176476, 0.04705882352941177], ""1"": [0.09000000000000002, 0.05111111111111112, 0.0937037037037037, 0.0751851851851852, 0.07555555555555556], ""2"": [0.07000000000000002, 0.095, 0.03499999999999999, 0.07499999999999998, 0.165], ""3"": [0.02604395604395604, 0.07571428571428573, 0.0554945054945055, 0.056373626373626376, 0.10758241758241757], ""4"": [0.0653846153846154, 0.06538461538461539, 0.055384615384615386, 0.05307692307692309, 0.11461538461538463], ""5"": [0.04615384615384615, 0.04153846153846154, 0.08192307692307693, 0.053846153846153856, 0.0923076923076923], ""6"": [0.05444444444444444, 0.11111111111111108, 0.0811111111111111, 0.10111111111111112, 0.14444444444444446], ""7"": [0.05173913043478262, 0.07608695652173914, 0.17347826086956522, 0.14130434782608695, 0.046521739130434794]}","{""0"": [0.3788940399734817, 0.3556278457840995, 0.2529563889683514, 0.3980337242958991, 0.3431863597005428], ""1"": [0.3442394980159516, 0.39638973561284774, 0.4434746831388621, 0.2862369708639076, 0.366676226016328], ""2"": [0.3328950052436745, 0.3234603056692509, 0.2528114106503357, 0.3288069351566908, 0.21376798469072858], ""3"": [0.2908746074850832, 0.3437896216419573, 0.35358158218902885, 0.3165162082779846, 0.4262460963862292], ""4"": [0.31235411142862574, 0.2796416401040415, 0.34724126145246526, 0.3244332333385733, 0.3381640259972958], ""5"": [0.40507976767641785, 0.2647681288251987, 0.3336989636943688, 0.34105286177251176, 0.3734992787346436], ""6"": [0.43870270694587304, 0.4519707625916377, 0.3603334556948063, 0.31213671320705766, 0.3404306350677182], ""7"": [0.32278513408526627, 0.3394893085951942, 0.3343075463260842, 0.4008873298264191, 0.3076650456492245]}","{""0"": [0.1045551867875709, 0.5032475107391309, 0.4558722516048671, 0.5071046600458365, 0.5850267379679144], ""1"": [0.39031643865828025, 0.3383970281258834, 0.3395219419101796, 0.46673025318808464, 0.295800694389332], ""2"": [0.0617005441784425, 0.4541353383458646, 0.32481203007518794, 0.58796992481203, 0.44001507436656967], ""3"": [0.3396576509166872, 0.3751100112535028, 0.5151626160167981, 0.4882356934189086, 0.17215621330501388], ""4"": [0.3736752136752136, 0.23897435897435895, 0.5904273504273503, 0.37435897435897436, 0.554966669078673], ""5"": [0.5891469606861529, 0.4743953748709852, 0.331277082367185, 0.22958867899107227, 0.3716194590214362], ""6"": [0.6078431372549019, 0.4901960784313726, 0.45098039215686275, 0.13333349358040225, 0.3003095975232198], ""7"": [0.25506676373787207, 0.5525080475071498, 0.5332345109662027, 0.45861133102561263, 0.27731095824989577]}","{""0"": [6.556979332512076, 6.680191378215738, 6.948688602072699, 6.493445890227925, 7.548436410416335], ""1"": [6.866946978830254, 6.542511444634228, 6.790267294290554, 6.48055887404529, 7.011578010753777], ""2"": [6.663435339936657, 6.298559964032862, 6.895290683150984, 7.419533194307549, 7.057574693432038], ""3"": [6.53134815305616, 6.666157171979365, 6.141880549183233, 6.476302403442642, 6.325676814349963], ""4"": [7.170523279987048, 6.552113198909191, 7.563183051424015, 7.269981401373588, 7.508002613016491], ""5"": [7.703707153401112, 6.77951009544528, 5.567522740956339, 6.332340631217011, 6.635850669487232], ""6"": [6.850165925177029, 6.747961316969248, 6.316120681037729, 6.483633653749907, 7.534843134601882], ""7"": [7.112209730543557, 7.160464332421064, 6.276904159964649, 7.33936869323521, 6.799336281348339]}","{""0"": [7.050365386530757, 6.958015624433756, 8.189407885074615, 8.056419864296913, 6.79225536249578], ""1"": [7.042068520560861, 8.002596996724606, 8.312494337558746, 8.01082413084805, 8.18508493900299], ""2"": [9.033692670986056, 9.004880694672465, 7.979122230783105, 7.924457665532827, 8.073812616989017], ""3"": [8.285995146259665, 9.087197108194232, 9.059839520603418, 8.086791632696986, 8.056583430618048], ""4"": [8.115322064608335, 7.950417332351208, 8.77600309997797, 8.718765038996935, 7.506073655560613], ""5"": [7.55503198876977, 7.738469352945685, 7.589760346338153, 7.50520952232182, 7.552081612870097], ""6"": [7.1528973411768675, 6.574053306132555, 6.80033971555531, 6.791290460154414, 7.867618294432759], ""7"": [7.937600648030639, 7.791388310492039, 7.861291825771332, 7.972400208935142, 8.129125064238906]}"
Understanding and Designing a High-Performance Ultrafiltration Membrane Using Machine Learning,target_irreversible fouling ratio(%),GpyroHMC,TanimotoMatern32,Matern32,sum,,,,,,,,,,,,,,,,,,,,,,
Understanding and Designing a High-Performance Ultrafiltration Membrane Using Machine Learning,target_irreversible fouling ratio(%),GpyroHMC,TanimotoMatern32,Matern32,product,,,,,,,,,,,,,,,,,,,,,,
Understanding and Designing a High-Performance Ultrafiltration Membrane Using Machine Learning,target_irreversible fouling ratio(%),GpyroHMC,TanimotoMatern32,Matern32,averageProduct,,,,,,,,,,,,,,,,,,,,,,
Understanding and Designing a High-Performance Ultrafiltration Membrane Using Machine Learning,target_irreversible fouling ratio(%),GpyroHMC,TanimotoMatern32,Matern32,(count:+)x(fp:x),,,,,,,,,,,,,,,,,,,,,,
Understanding and Designing a High-Performance Ultrafiltration Membrane Using Machine Learning,target_irreversible fouling ratio(%),GpyroHMC,TanimotoMatern32,Matern32,(count:+)x(fp:+),,,,,,,,,,,,,,,,,,,,,,
Understanding and Designing a High-Performance Ultrafiltration Membrane Using Machine Learning,target_irreversible fouling ratio(%),GpyroHMC,TanimotoMatern32,Matern32,(count:x)+(fp:x),,,,,,,,,,,,,,,,,,,,,,
Understanding and Designing a High-Performance Ultrafiltration Membrane Using Machine Learning,target_irreversible fouling ratio(%),GpyroHMC,TanimotoMatern32,Matern52,sum,,,,,,,,,,,,,,,,,,,,,,
Understanding and Designing a High-Performance Ultrafiltration Membrane Using Machine Learning,target_irreversible fouling ratio(%),GpyroHMC,TanimotoMatern32,Matern52,product,,,,,,,,,,,,,,,,,,,,,,
Understanding and Designing a High-Performance Ultrafiltration Membrane Using Machine Learning,target_irreversible fouling ratio(%),GpyroHMC,TanimotoMatern32,Matern52,averageProduct,,,,,,,,,,,,,,,,,,,,,,
Understanding and Designing a High-Performance Ultrafiltration Membrane Using Machine Learning,target_irreversible fouling ratio(%),GpyroHMC,TanimotoMatern32,Matern52,(count:+)x(fp:x),,,,,,,,,,,,,,,,,,,,,,
Understanding and Designing a High-Performance Ultrafiltration Membrane Using Machine Learning,target_irreversible fouling ratio(%),GpyroHMC,TanimotoMatern32,Matern52,(count:+)x(fp:+),,,,,,,,,,,,,,,,,,,,,,
Understanding and Designing a High-Performance Ultrafiltration Membrane Using Machine Learning,target_irreversible fouling ratio(%),GpyroHMC,TanimotoMatern32,Matern52,(count:x)+(fp:x),,,,,,,,,,,,,,,,,,,,,,
Understanding and Designing a High-Performance Ultrafiltration Membrane Using Machine Learning,target_irreversible fouling ratio(%),GpyroHMC,TanimotoMatern32,RBF,sum,,,,,,,,,,,,,,,,,,,,,,
Understanding and Designing a High-Performance Ultrafiltration Membrane Using Machine Learning,target_irreversible fouling ratio(%),GpyroHMC,TanimotoMatern32,RBF,product,,,,,,,,,,,,,,,,,,,,,,
Understanding and Designing a High-Performance Ultrafiltration Membrane Using Machine Learning,target_irreversible fouling ratio(%),GpyroHMC,TanimotoMatern32,RBF,averageProduct,,,,,,,,,,,,,,,,,,,,,,
Understanding and Designing a High-Performance Ultrafiltration Membrane Using Machine Learning,target_irreversible fouling ratio(%),GpyroHMC,TanimotoMatern32,RBF,(count:+)x(fp:x),,,,,,,,,,,,,,,,,,,,,,
Understanding and Designing a High-Performance Ultrafiltration Membrane Using Machine Learning,target_irreversible fouling ratio(%),GpyroHMC,TanimotoMatern32,RBF,(count:+)x(fp:+),,,,,,,,,,,,,,,,,,,,,,
Understanding and Designing a High-Performance Ultrafiltration Membrane Using Machine Learning,target_irreversible fouling ratio(%),GpyroHMC,TanimotoMatern32,RBF,(count:x)+(fp:x),,,,,,,,,,,,,,,,,,,,,,
Understanding and Designing a High-Performance Ultrafiltration Membrane Using Machine Learning,target_irreversible fouling ratio(%),GpyroHMC,TanimotoMatern52,Matern32,sum,,,,,,,,,,,,,,,,,,,,,,
Understanding and Designing a High-Performance Ultrafiltration Membrane Using Machine Learning,target_irreversible fouling ratio(%),GpyroHMC,TanimotoMatern52,Matern32,product,,,,,,,,,,,,,,,,,,,,,,
Understanding and Designing a High-Performance Ultrafiltration Membrane Using Machine Learning,target_irreversible fouling ratio(%),GpyroHMC,TanimotoMatern52,Matern32,averageProduct,,,,,,,,,,,,,,,,,,,,,,
Understanding and Designing a High-Performance Ultrafiltration Membrane Using Machine Learning,target_irreversible fouling ratio(%),GpyroHMC,TanimotoMatern52,Matern32,(count:+)x(fp:x),,,,,,,,,,,,,,,,,,,,,,
Understanding and Designing a High-Performance Ultrafiltration Membrane Using Machine Learning,target_irreversible fouling ratio(%),GpyroHMC,TanimotoMatern52,Matern32,(count:+)x(fp:+),,,,,,,,,,,,,,,,,,,,,,
Understanding and Designing a High-Performance Ultrafiltration Membrane Using Machine Learning,target_irreversible fouling ratio(%),GpyroHMC,TanimotoMatern52,Matern32,(count:x)+(fp:x),,,,,,,,,,,,,,,,,,,,,,
Understanding and Designing a High-Performance Ultrafiltration Membrane Using Machine Learning,target_irreversible fouling ratio(%),GpyroHMC,TanimotoMatern52,Matern52,sum,,,,,,,,,,,,,,,,,,,,,,
Understanding and Designing a High-Performance Ultrafiltration Membrane Using Machine Learning,target_irreversible fouling ratio(%),GpyroHMC,TanimotoMatern52,Matern52,product,,,,,,,,,,,,,,,,,,,,,,
Understanding and Designing a High-Performance Ultrafiltration Membrane Using Machine Learning,target_irreversible fouling ratio(%),GpyroHMC,TanimotoMatern52,Matern52,averageProduct,,,,,,,,,,,,,,,,,,,,,,
Understanding and Designing a High-Performance Ultrafiltration Membrane Using Machine Learning,target_irreversible fouling ratio(%),GpyroHMC,TanimotoMatern52,Matern52,(count:+)x(fp:x),,,,,,,,,,,,,,,,,,,,,,
Understanding and Designing a High-Performance Ultrafiltration Membrane Using Machine Learning,target_irreversible fouling ratio(%),GpyroHMC,TanimotoMatern52,Matern52,(count:+)x(fp:+),,,,,,,,,,,,,,,,,,,,,,
Understanding and Designing a High-Performance Ultrafiltration Membrane Using Machine Learning,target_irreversible fouling ratio(%),GpyroHMC,TanimotoMatern52,Matern52,(count:x)+(fp:x),,,,,,,,,,,,,,,,,,,,,,
Understanding and Designing a High-Performance Ultrafiltration Membrane Using Machine Learning,target_irreversible fouling ratio(%),GpyroHMC,TanimotoMatern52,RBF,sum,,,,,,,,,,,,,,,,,,,,,,
Understanding and Designing a High-Performance Ultrafiltration Membrane Using Machine Learning,target_irreversible fouling ratio(%),GpyroHMC,TanimotoMatern52,RBF,product,,,,,,,,,,,,,,,,,,,,,,
Understanding and Designing a High-Performance Ultrafiltration Membrane Using Machine Learning,target_irreversible fouling ratio(%),GpyroHMC,TanimotoMatern52,RBF,averageProduct,,,,,,,,,,,,,,,,,,,,,,
Understanding and Designing a High-Performance Ultrafiltration Membrane Using Machine Learning,target_irreversible fouling ratio(%),GpyroHMC,TanimotoMatern52,RBF,(count:+)x(fp:x),,,,,,,,,,,,,,,,,,,,,,
Understanding and Designing a High-Performance Ultrafiltration Membrane Using Machine Learning,target_irreversible fouling ratio(%),GpyroHMC,TanimotoMatern52,RBF,(count:+)x(fp:+),,,,,,,,,,,,,,,,,,,,,,
Understanding and Designing a High-Performance Ultrafiltration Membrane Using Machine Learning,target_irreversible fouling ratio(%),GpyroHMC,TanimotoMatern52,RBF,(count:x)+(fp:x),,,,,,,,,,,,,,,,,,,,,,
Understanding and Designing a High-Performance Ultrafiltration Membrane Using Machine Learning,target_irreversible fouling ratio(%),GpyroHMC,TanimotoRBF,Matern32,sum,,,,,,,,,,,,,,,,,,,,,,
Understanding and Designing a High-Performance Ultrafiltration Membrane Using Machine Learning,target_irreversible fouling ratio(%),GpyroHMC,TanimotoRBF,Matern32,product,,,,,,,,,,,,,,,,,,,,,,
Understanding and Designing a High-Performance Ultrafiltration Membrane Using Machine Learning,target_irreversible fouling ratio(%),GpyroHMC,TanimotoRBF,Matern32,averageProduct,,,,,,,,,,,,,,,,,,,,,,
Understanding and Designing a High-Performance Ultrafiltration Membrane Using Machine Learning,target_irreversible fouling ratio(%),GpyroHMC,TanimotoRBF,Matern32,(count:+)x(fp:x),,,,,,,,,,,,,,,,,,,,,,
Understanding and Designing a High-Performance Ultrafiltration Membrane Using Machine Learning,target_irreversible fouling ratio(%),GpyroHMC,TanimotoRBF,Matern32,(count:+)x(fp:+),,,,,,,,,,,,,,,,,,,,,,
Understanding and Designing a High-Performance Ultrafiltration Membrane Using Machine Learning,target_irreversible fouling ratio(%),GpyroHMC,TanimotoRBF,Matern32,(count:x)+(fp:x),,,,,,,,,,,,,,,,,,,,,,
Understanding and Designing a High-Performance Ultrafiltration Membrane Using Machine Learning,target_irreversible fouling ratio(%),GpyroHMC,TanimotoRBF,Matern52,sum,,,,,,,,,,,,,,,,,,,,,,
Understanding and Designing a High-Performance Ultrafiltration Membrane Using Machine Learning,target_irreversible fouling ratio(%),GpyroHMC,TanimotoRBF,Matern52,product,,,,,,,,,,,,,,,,,,,,,,
Understanding and Designing a High-Performance Ultrafiltration Membrane Using Machine Learning,target_irreversible fouling ratio(%),GpyroHMC,TanimotoRBF,Matern52,averageProduct,,,,,,,,,,,,,,,,,,,,,,
Understanding and Designing a High-Performance Ultrafiltration Membrane Using Machine Learning,target_irreversible fouling ratio(%),GpyroHMC,TanimotoRBF,Matern52,(count:+)x(fp:x),,,,,,,,,,,,,,,,,,,,,,
Understanding and Designing a High-Performance Ultrafiltration Membrane Using Machine Learning,target_irreversible fouling ratio(%),GpyroHMC,TanimotoRBF,Matern52,(count:+)x(fp:+),,,,,,,,,,,,,,,,,,,,,,
Understanding and Designing a High-Performance Ultrafiltration Membrane Using Machine Learning,target_irreversible fouling ratio(%),GpyroHMC,TanimotoRBF,Matern52,(count:x)+(fp:x),,,,,,,,,,,,,,,,,,,,,,
Understanding and Designing a High-Performance Ultrafiltration Membrane Using Machine Learning,target_irreversible fouling ratio(%),GpyroHMC,TanimotoRBF,RBF,sum,,,,,,,,,,,,,,,,,,,,,,
Understanding and Designing a High-Performance Ultrafiltration Membrane Using Machine Learning,target_irreversible fouling ratio(%),GpyroHMC,TanimotoRBF,RBF,product,,,,,,,,,,,,,,,,,,,,,,
Understanding and Designing a High-Performance Ultrafiltration Membrane Using Machine Learning,target_irreversible fouling ratio(%),GpyroHMC,TanimotoRBF,RBF,averageProduct,,,,,,,,,,,,,,,,,,,,,,
Understanding and Designing a High-Performance Ultrafiltration Membrane Using Machine Learning,target_irreversible fouling ratio(%),GpyroHMC,TanimotoRBF,RBF,(count:+)x(fp:x),,,,,,,,,,,,,,,,,,,,,,
Understanding and Designing a High-Performance Ultrafiltration Membrane Using Machine Learning,target_irreversible fouling ratio(%),GpyroHMC,TanimotoRBF,RBF,(count:+)x(fp:+),,,,,,,,,,,,,,,,,,,,,,
Understanding and Designing a High-Performance Ultrafiltration Membrane Using Machine Learning,target_irreversible fouling ratio(%),GpyroHMC,TanimotoRBF,RBF,(count:x)+(fp:x),,,,,,,,,,,,,,,,,,,,,,
Understanding and Designing a High-Performance Ultrafiltration Membrane Using Machine Learning,target_irreversible fouling ratio(%),GpyroHMC,Tanimoto,Matern32,sum,,,,,,,,,,,,,,,,,,,,,,
Understanding and Designing a High-Performance Ultrafiltration Membrane Using Machine Learning,target_irreversible fouling ratio(%),GpyroHMC,Tanimoto,Matern32,product,,,,,,,,,,,,,,,,,,,,,,
Understanding and Designing a High-Performance Ultrafiltration Membrane Using Machine Learning,target_irreversible fouling ratio(%),GpyroHMC,Tanimoto,Matern32,averageProduct,,,,,,,,,,,,,,,,,,,,,,
Understanding and Designing a High-Performance Ultrafiltration Membrane Using Machine Learning,target_irreversible fouling ratio(%),GpyroHMC,Tanimoto,Matern32,(count:+)x(fp:x),,,,,,,,,,,,,,,,,,,,,,
Understanding and Designing a High-Performance Ultrafiltration Membrane Using Machine Learning,target_irreversible fouling ratio(%),GpyroHMC,Tanimoto,Matern32,(count:+)x(fp:+),,,,,,,,,,,,,,,,,,,,,,
Understanding and Designing a High-Performance Ultrafiltration Membrane Using Machine Learning,target_irreversible fouling ratio(%),GpyroHMC,Tanimoto,Matern32,(count:x)+(fp:x),,,,,,,,,,,,,,,,,,,,,,
Understanding and Designing a High-Performance Ultrafiltration Membrane Using Machine Learning,target_irreversible fouling ratio(%),GpyroHMC,Tanimoto,Matern52,sum,,,,,,,,,,,,,,,,,,,,,,
Understanding and Designing a High-Performance Ultrafiltration Membrane Using Machine Learning,target_irreversible fouling ratio(%),GpyroHMC,Tanimoto,Matern52,product,,,,,,,,,,,,,,,,,,,,,,
Understanding and Designing a High-Performance Ultrafiltration Membrane Using Machine Learning,target_irreversible fouling ratio(%),GpyroHMC,Tanimoto,Matern52,averageProduct,,,,,,,,,,,,,,,,,,,,,,
Understanding and Designing a High-Performance Ultrafiltration Membrane Using Machine Learning,target_irreversible fouling ratio(%),GpyroHMC,Tanimoto,Matern52,(count:+)x(fp:x),,,,,,,,,,,,,,,,,,,,,,
Understanding and Designing a High-Performance Ultrafiltration Membrane Using Machine Learning,target_irreversible fouling ratio(%),GpyroHMC,Tanimoto,Matern52,(count:+)x(fp:+),,,,,,,,,,,,,,,,,,,,,,
Understanding and Designing a High-Performance Ultrafiltration Membrane Using Machine Learning,target_irreversible fouling ratio(%),GpyroHMC,Tanimoto,Matern52,(count:x)+(fp:x),,,,,,,,,,,,,,,,,,,,,,
Understanding and Designing a High-Performance Ultrafiltration Membrane Using Machine Learning,target_irreversible fouling ratio(%),GpyroHMC,Tanimoto,RBF,sum,,,,,,,,,,,,,,,,,,,,,,
Understanding and Designing a High-Performance Ultrafiltration Membrane Using Machine Learning,target_irreversible fouling ratio(%),GpyroHMC,Tanimoto,RBF,product,,,,,,,,,,,,,,,,,,,,,,
Understanding and Designing a High-Performance Ultrafiltration Membrane Using Machine Learning,target_irreversible fouling ratio(%),GpyroHMC,Tanimoto,RBF,averageProduct,,,,,,,,,,,,,,,,,,,,,,
Understanding and Designing a High-Performance Ultrafiltration Membrane Using Machine Learning,target_irreversible fouling ratio(%),GpyroHMC,Tanimoto,RBF,(count:+)x(fp:x),,,,,,,,,,,,,,,,,,,,,,
Understanding and Designing a High-Performance Ultrafiltration Membrane Using Machine Learning,target_irreversible fouling ratio(%),GpyroHMC,Tanimoto,RBF,(count:+)x(fp:+),,,,,,,,,,,,,,,,,,,,,,
Understanding and Designing a High-Performance Ultrafiltration Membrane Using Machine Learning,target_irreversible fouling ratio(%),GpyroHMC,Tanimoto,RBF,(count:x)+(fp:x),,,,,,,,,,,,,,,,,,,,,,
Understanding and Designing a High-Performance Ultrafiltration Membrane Using Machine Learning,target_irreversible fouling ratio(%),GpyroHMC,Matern32,Matern32,sum,,,,,,,,,,,,,,,,,,,,,,
Understanding and Designing a High-Performance Ultrafiltration Membrane Using Machine Learning,target_irreversible fouling ratio(%),GpyroHMC,Matern32,Matern32,product,,,,,,,,,,,,,,,,,,,,,,
Understanding and Designing a High-Performance Ultrafiltration Membrane Using Machine Learning,target_irreversible fouling ratio(%),GpyroHMC,Matern32,Matern32,averageProduct,,,,,,,,,,,,,,,,,,,,,,
Understanding and Designing a High-Performance Ultrafiltration Membrane Using Machine Learning,target_irreversible fouling ratio(%),GpyroHMC,Matern32,Matern32,(count:+)x(fp:x),,,,,,,,,,,,,,,,,,,,,,
Understanding and Designing a High-Performance Ultrafiltration Membrane Using Machine Learning,target_irreversible fouling ratio(%),GpyroHMC,Matern32,Matern32,(count:+)x(fp:+),,,,,,,,,,,,,,,,,,,,,,
Understanding and Designing a High-Performance Ultrafiltration Membrane Using Machine Learning,target_irreversible fouling ratio(%),GpyroHMC,Matern32,Matern32,(count:x)+(fp:x),,,,,,,,,,,,,,,,,,,,,,
Understanding and Designing a High-Performance Ultrafiltration Membrane Using Machine Learning,target_irreversible fouling ratio(%),GpyroHMC,Matern32,Matern52,sum,,,,,,,,,,,,,,,,,,,,,,
Understanding and Designing a High-Performance Ultrafiltration Membrane Using Machine Learning,target_irreversible fouling ratio(%),GpyroHMC,Matern32,Matern52,product,,,,,,,,,,,,,,,,,,,,,,
Understanding and Designing a High-Performance Ultrafiltration Membrane Using Machine Learning,target_irreversible fouling ratio(%),GpyroHMC,Matern32,Matern52,averageProduct,,,,,,,,,,,,,,,,,,,,,,
Understanding and Designing a High-Performance Ultrafiltration Membrane Using Machine Learning,target_irreversible fouling ratio(%),GpyroHMC,Matern32,Matern52,(count:+)x(fp:x),,,,,,,,,,,,,,,,,,,,,,
Understanding and Designing a High-Performance Ultrafiltration Membrane Using Machine Learning,target_irreversible fouling ratio(%),GpyroHMC,Matern32,Matern52,(count:+)x(fp:+),,,,,,,,,,,,,,,,,,,,,,
Understanding and Designing a High-Performance Ultrafiltration Membrane Using Machine Learning,target_irreversible fouling ratio(%),GpyroHMC,Matern32,Matern52,(count:x)+(fp:x),,,,,,,,,,,,,,,,,,,,,,
Understanding and Designing a High-Performance Ultrafiltration Membrane Using Machine Learning,target_irreversible fouling ratio(%),GpyroHMC,Matern32,RBF,sum,,,,,,,,,,,,,,,,,,,,,,
Understanding and Designing a High-Performance Ultrafiltration Membrane Using Machine Learning,target_irreversible fouling ratio(%),GpyroHMC,Matern32,RBF,product,,,,,,,,,,,,,,,,,,,,,,
Understanding and Designing a High-Performance Ultrafiltration Membrane Using Machine Learning,target_irreversible fouling ratio(%),GpyroHMC,Matern32,RBF,averageProduct,,,,,,,,,,,,,,,,,,,,,,
Understanding and Designing a High-Performance Ultrafiltration Membrane Using Machine Learning,target_irreversible fouling ratio(%),GpyroHMC,Matern32,RBF,(count:+)x(fp:x),,,,,,,,,,,,,,,,,,,,,,
Understanding and Designing a High-Performance Ultrafiltration Membrane Using Machine Learning,target_irreversible fouling ratio(%),GpyroHMC,Matern32,RBF,(count:+)x(fp:+),,,,,,,,,,,,,,,,,,,,,,
Understanding and Designing a High-Performance Ultrafiltration Membrane Using Machine Learning,target_irreversible fouling ratio(%),GpyroHMC,Matern32,RBF,(count:x)+(fp:x),,,,,,,,,,,,,,,,,,,,,,
Understanding and Designing a High-Performance Ultrafiltration Membrane Using Machine Learning,target_irreversible fouling ratio(%),GpyroHMC,Matern52,Matern32,sum,,,,,,,,,,,,,,,,,,,,,,
Understanding and Designing a High-Performance Ultrafiltration Membrane Using Machine Learning,target_irreversible fouling ratio(%),GpyroHMC,Matern52,Matern32,product,,,,,,,,,,,,,,,,,,,,,,
Understanding and Designing a High-Performance Ultrafiltration Membrane Using Machine Learning,target_irreversible fouling ratio(%),GpyroHMC,Matern52,Matern32,averageProduct,,,,,,,,,,,,,,,,,,,,,,
Understanding and Designing a High-Performance Ultrafiltration Membrane Using Machine Learning,target_irreversible fouling ratio(%),GpyroHMC,Matern52,Matern32,(count:+)x(fp:x),,,,,,,,,,,,,,,,,,,,,,
Understanding and Designing a High-Performance Ultrafiltration Membrane Using Machine Learning,target_irreversible fouling ratio(%),GpyroHMC,Matern52,Matern32,(count:+)x(fp:+),,,,,,,,,,,,,,,,,,,,,,
Understanding and Designing a High-Performance Ultrafiltration Membrane Using Machine Learning,target_irreversible fouling ratio(%),GpyroHMC,Matern52,Matern32,(count:x)+(fp:x),,,,,,,,,,,,,,,,,,,,,,
Understanding and Designing a High-Performance Ultrafiltration Membrane Using Machine Learning,target_irreversible fouling ratio(%),GpyroHMC,Matern52,Matern52,sum,,,,,,,,,,,,,,,,,,,,,,
Understanding and Designing a High-Performance Ultrafiltration Membrane Using Machine Learning,target_irreversible fouling ratio(%),GpyroHMC,Matern52,Matern52,product,,,,,,,,,,,,,,,,,,,,,,
Understanding and Designing a High-Performance Ultrafiltration Membrane Using Machine Learning,target_irreversible fouling ratio(%),GpyroHMC,Matern52,Matern52,averageProduct,,,,,,,,,,,,,,,,,,,,,,
Understanding and Designing a High-Performance Ultrafiltration Membrane Using Machine Learning,target_irreversible fouling ratio(%),GpyroHMC,Matern52,Matern52,(count:+)x(fp:x),,,,,,,,,,,,,,,,,,,,,,
Understanding and Designing a High-Performance Ultrafiltration Membrane Using Machine Learning,target_irreversible fouling ratio(%),GpyroHMC,Matern52,Matern52,(count:+)x(fp:+),,,,,,,,,,,,,,,,,,,,,,
Understanding and Designing a High-Performance Ultrafiltration Membrane Using Machine Learning,target_irreversible fouling ratio(%),GpyroHMC,Matern52,Matern52,(count:x)+(fp:x),,,,,,,,,,,,,,,,,,,,,,
Understanding and Designing a High-Performance Ultrafiltration Membrane Using Machine Learning,target_irreversible fouling ratio(%),GpyroHMC,Matern52,RBF,sum,,,,,,,,,,,,,,,,,,,,,,
Understanding and Designing a High-Performance Ultrafiltration Membrane Using Machine Learning,target_irreversible fouling ratio(%),GpyroHMC,Matern52,RBF,product,,,,,,,,,,,,,,,,,,,,,,
Understanding and Designing a High-Performance Ultrafiltration Membrane Using Machine Learning,target_irreversible fouling ratio(%),GpyroHMC,Matern52,RBF,averageProduct,,,,,,,,,,,,,,,,,,,,,,
Understanding and Designing a High-Performance Ultrafiltration Membrane Using Machine Learning,target_irreversible fouling ratio(%),GpyroHMC,Matern52,RBF,(count:+)x(fp:x),,,,,,,,,,,,,,,,,,,,,,
Understanding and Designing a High-Performance Ultrafiltration Membrane Using Machine Learning,target_irreversible fouling ratio(%),GpyroHMC,Matern52,RBF,(count:+)x(fp:+),,,,,,,,,,,,,,,,,,,,,,
Understanding and Designing a High-Performance Ultrafiltration Membrane Using Machine Learning,target_irreversible fouling ratio(%),GpyroHMC,Matern52,RBF,(count:x)+(fp:x),,,,,,,,,,,,,,,,,,,,,,
Understanding and Designing a High-Performance Ultrafiltration Membrane Using Machine Learning,target_irreversible fouling ratio(%),GpyroHMC,RBF,Matern32,sum,,,,,,,,,,,,,,,,,,,,,,
Understanding and Designing a High-Performance Ultrafiltration Membrane Using Machine Learning,target_irreversible fouling ratio(%),GpyroHMC,RBF,Matern32,product,,,,,,,,,,,,,,,,,,,,,,
Understanding and Designing a High-Performance Ultrafiltration Membrane Using Machine Learning,target_irreversible fouling ratio(%),GpyroHMC,RBF,Matern32,averageProduct,,,,,,,,,,,,,,,,,,,,,,
Understanding and Designing a High-Performance Ultrafiltration Membrane Using Machine Learning,target_irreversible fouling ratio(%),GpyroHMC,RBF,Matern32,(count:+)x(fp:x),,,,,,,,,,,,,,,,,,,,,,
Understanding and Designing a High-Performance Ultrafiltration Membrane Using Machine Learning,target_irreversible fouling ratio(%),GpyroHMC,RBF,Matern32,(count:+)x(fp:+),,,,,,,,,,,,,,,,,,,,,,
Understanding and Designing a High-Performance Ultrafiltration Membrane Using Machine Learning,target_irreversible fouling ratio(%),GpyroHMC,RBF,Matern32,(count:x)+(fp:x),,,,,,,,,,,,,,,,,,,,,,
Understanding and Designing a High-Performance Ultrafiltration Membrane Using Machine Learning,target_irreversible fouling ratio(%),GpyroHMC,RBF,Matern52,sum,,,,,,,,,,,,,,,,,,,,,,
Understanding and Designing a High-Performance Ultrafiltration Membrane Using Machine Learning,target_irreversible fouling ratio(%),GpyroHMC,RBF,Matern52,product,,,,,,,,,,,,,,,,,,,,,,
Understanding and Designing a High-Performance Ultrafiltration Membrane Using Machine Learning,target_irreversible fouling ratio(%),GpyroHMC,RBF,Matern52,averageProduct,,,,,,,,,,,,,,,,,,,,,,
Understanding and Designing a High-Performance Ultrafiltration Membrane Using Machine Learning,target_irreversible fouling ratio(%),GpyroHMC,RBF,Matern52,(count:+)x(fp:x),,,,,,,,,,,,,,,,,,,,,,
Understanding and Designing a High-Performance Ultrafiltration Membrane Using Machine Learning,target_irreversible fouling ratio(%),GpyroHMC,RBF,Matern52,(count:+)x(fp:+),,,,,,,,,,,,,,,,,,,,,,
Understanding and Designing a High-Performance Ultrafiltration Membrane Using Machine Learning,target_irreversible fouling ratio(%),GpyroHMC,RBF,Matern52,(count:x)+(fp:x),,,,,,,,,,,,,,,,,,,,,,
Understanding and Designing a High-Performance Ultrafiltration Membrane Using Machine Learning,target_irreversible fouling ratio(%),GpyroHMC,RBF,RBF,sum,,,,,,,,,,,,,,,,,,,,,,
Understanding and Designing a High-Performance Ultrafiltration Membrane Using Machine Learning,target_irreversible fouling ratio(%),GpyroHMC,RBF,RBF,product,,,,,,,,,,,,,,,,,,,,,,
Understanding and Designing a High-Performance Ultrafiltration Membrane Using Machine Learning,target_irreversible fouling ratio(%),GpyroHMC,RBF,RBF,averageProduct,,,,,,,,,,,,,,,,,,,,,,
Understanding and Designing a High-Performance Ultrafiltration Membrane Using Machine Learning,target_irreversible fouling ratio(%),GpyroHMC,RBF,RBF,(count:+)x(fp:x),,,,,,,,,,,,,,,,,,,,,,
Understanding and Designing a High-Performance Ultrafiltration Membrane Using Machine Learning,target_irreversible fouling ratio(%),GpyroHMC,RBF,RBF,(count:+)x(fp:+),,,,,,,,,,,,,,,,,,,,,,
Understanding and Designing a High-Performance Ultrafiltration Membrane Using Machine Learning,target_irreversible fouling ratio(%),GpyroHMC,RBF,RBF,(count:x)+(fp:x),,,,,,,,,,,,,,,,,,,,,,
Understanding and Designing a High-Performance Ultrafiltration Membrane Using Machine Learning,target_irreversible fouling ratio(%),GPytorchMAP,TanimotoMatern32,Matern32,sum,,,,,,,,,,,,,,,,,,,,,,
Understanding and Designing a High-Performance Ultrafiltration Membrane Using Machine Learning,target_irreversible fouling ratio(%),GPytorchMAP,TanimotoMatern32,Matern32,product,,,,,,,,,,,,,,,,,,,,,,
Understanding and Designing a High-Performance Ultrafiltration Membrane Using Machine Learning,target_irreversible fouling ratio(%),GPytorchMAP,TanimotoMatern32,Matern32,averageProduct,,,,,,,,,,,,,,,,,,,,,,
Understanding and Designing a High-Performance Ultrafiltration Membrane Using Machine Learning,target_irreversible fouling ratio(%),GPytorchMAP,TanimotoMatern32,Matern32,(count:+)x(fp:x),,,,,,,,,,,,,,,,,,,,,,
Understanding and Designing a High-Performance Ultrafiltration Membrane Using Machine Learning,target_irreversible fouling ratio(%),GPytorchMAP,TanimotoMatern32,Matern32,(count:+)x(fp:+),,,,,,,,,,,,,,,,,,,,,,
Understanding and Designing a High-Performance Ultrafiltration Membrane Using Machine Learning,target_irreversible fouling ratio(%),GPytorchMAP,TanimotoMatern32,Matern32,(count:x)+(fp:x),,,,,,,,,,,,,,,,,,,,,,
Understanding and Designing a High-Performance Ultrafiltration Membrane Using Machine Learning,target_irreversible fouling ratio(%),GPytorchMAP,TanimotoMatern32,Matern52,sum,,,,,,,,,,,,,,,,,,,,,,
Understanding and Designing a High-Performance Ultrafiltration Membrane Using Machine Learning,target_irreversible fouling ratio(%),GPytorchMAP,TanimotoMatern32,Matern52,product,,,,,,,,,,,,,,,,,,,,,,
Understanding and Designing a High-Performance Ultrafiltration Membrane Using Machine Learning,target_irreversible fouling ratio(%),GPytorchMAP,TanimotoMatern32,Matern52,averageProduct,,,,,,,,,,,,,,,,,,,,,,
Understanding and Designing a High-Performance Ultrafiltration Membrane Using Machine Learning,target_irreversible fouling ratio(%),GPytorchMAP,TanimotoMatern32,Matern52,(count:+)x(fp:x),,,,,,,,,,,,,,,,,,,,,,
Understanding and Designing a High-Performance Ultrafiltration Membrane Using Machine Learning,target_irreversible fouling ratio(%),GPytorchMAP,TanimotoMatern32,Matern52,(count:+)x(fp:+),,,,,,,,,,,,,,,,,,,,,,
Understanding and Designing a High-Performance Ultrafiltration Membrane Using Machine Learning,target_irreversible fouling ratio(%),GPytorchMAP,TanimotoMatern32,Matern52,(count:x)+(fp:x),,,,,,,,,,,,,,,,,,,,,,
Understanding and Designing a High-Performance Ultrafiltration Membrane Using Machine Learning,target_irreversible fouling ratio(%),GPytorchMAP,TanimotoMatern32,RBF,sum,,,,,,,,,,,,,,,,,,,,,,
Understanding and Designing a High-Performance Ultrafiltration Membrane Using Machine Learning,target_irreversible fouling ratio(%),GPytorchMAP,TanimotoMatern32,RBF,product,,,,,,,,,,,,,,,,,,,,,,
Understanding and Designing a High-Performance Ultrafiltration Membrane Using Machine Learning,target_irreversible fouling ratio(%),GPytorchMAP,TanimotoMatern32,RBF,averageProduct,,,,,,,,,,,,,,,,,,,,,,
Understanding and Designing a High-Performance Ultrafiltration Membrane Using Machine Learning,target_irreversible fouling ratio(%),GPytorchMAP,TanimotoMatern32,RBF,(count:+)x(fp:x),,,,,,,,,,,,,,,,,,,,,,
Understanding and Designing a High-Performance Ultrafiltration Membrane Using Machine Learning,target_irreversible fouling ratio(%),GPytorchMAP,TanimotoMatern32,RBF,(count:+)x(fp:+),,,,,,,,,,,,,,,,,,,,,,
Understanding and Designing a High-Performance Ultrafiltration Membrane Using Machine Learning,target_irreversible fouling ratio(%),GPytorchMAP,TanimotoMatern32,RBF,(count:x)+(fp:x),,,,,,,,,,,,,,,,,,,,,,
Understanding and Designing a High-Performance Ultrafiltration Membrane Using Machine Learning,target_irreversible fouling ratio(%),GPytorchMAP,TanimotoMatern52,Matern32,sum,,,,,,,,,,,,,,,,,,,,,,
Understanding and Designing a High-Performance Ultrafiltration Membrane Using Machine Learning,target_irreversible fouling ratio(%),GPytorchMAP,TanimotoMatern52,Matern32,product,,,,,,,,,,,,,,,,,,,,,,
Understanding and Designing a High-Performance Ultrafiltration Membrane Using Machine Learning,target_irreversible fouling ratio(%),GPytorchMAP,TanimotoMatern52,Matern32,averageProduct,,,,,,,,,,,,,,,,,,,,,,
Understanding and Designing a High-Performance Ultrafiltration Membrane Using Machine Learning,target_irreversible fouling ratio(%),GPytorchMAP,TanimotoMatern52,Matern32,(count:+)x(fp:x),,,,,,,,,,,,,,,,,,,,,,
Understanding and Designing a High-Performance Ultrafiltration Membrane Using Machine Learning,target_irreversible fouling ratio(%),GPytorchMAP,TanimotoMatern52,Matern32,(count:+)x(fp:+),,,,,,,,,,,,,,,,,,,,,,
Understanding and Designing a High-Performance Ultrafiltration Membrane Using Machine Learning,target_irreversible fouling ratio(%),GPytorchMAP,TanimotoMatern52,Matern32,(count:x)+(fp:x),,,,,,,,,,,,,,,,,,,,,,
Understanding and Designing a High-Performance Ultrafiltration Membrane Using Machine Learning,target_irreversible fouling ratio(%),GPytorchMAP,TanimotoMatern52,Matern52,sum,,,,,,,,,,,,,,,,,,,,,,
Understanding and Designing a High-Performance Ultrafiltration Membrane Using Machine Learning,target_irreversible fouling ratio(%),GPytorchMAP,TanimotoMatern52,Matern52,product,,,,,,,,,,,,,,,,,,,,,,
Understanding and Designing a High-Performance Ultrafiltration Membrane Using Machine Learning,target_irreversible fouling ratio(%),GPytorchMAP,TanimotoMatern52,Matern52,averageProduct,,,,,,,,,,,,,,,,,,,,,,
Understanding and Designing a High-Performance Ultrafiltration Membrane Using Machine Learning,target_irreversible fouling ratio(%),GPytorchMAP,TanimotoMatern52,Matern52,(count:+)x(fp:x),,,,,,,,,,,,,,,,,,,,,,
Understanding and Designing a High-Performance Ultrafiltration Membrane Using Machine Learning,target_irreversible fouling ratio(%),GPytorchMAP,TanimotoMatern52,Matern52,(count:+)x(fp:+),,,,,,,,,,,,,,,,,,,,,,
Understanding and Designing a High-Performance Ultrafiltration Membrane Using Machine Learning,target_irreversible fouling ratio(%),GPytorchMAP,TanimotoMatern52,Matern52,(count:x)+(fp:x),,,,,,,,,,,,,,,,,,,,,,
Understanding and Designing a High-Performance Ultrafiltration Membrane Using Machine Learning,target_irreversible fouling ratio(%),GPytorchMAP,TanimotoMatern52,RBF,sum,,,,,,,,,,,,,,,,,,,,,,
Understanding and Designing a High-Performance Ultrafiltration Membrane Using Machine Learning,target_irreversible fouling ratio(%),GPytorchMAP,TanimotoMatern52,RBF,product,,,,,,,,,,,,,,,,,,,,,,
Understanding and Designing a High-Performance Ultrafiltration Membrane Using Machine Learning,target_irreversible fouling ratio(%),GPytorchMAP,TanimotoMatern52,RBF,averageProduct,,,,,,,,,,,,,,,,,,,,,,
Understanding and Designing a High-Performance Ultrafiltration Membrane Using Machine Learning,target_irreversible fouling ratio(%),GPytorchMAP,TanimotoMatern52,RBF,(count:+)x(fp:x),,,,,,,,,,,,,,,,,,,,,,
Understanding and Designing a High-Performance Ultrafiltration Membrane Using Machine Learning,target_irreversible fouling ratio(%),GPytorchMAP,TanimotoMatern52,RBF,(count:+)x(fp:+),,,,,,,,,,,,,,,,,,,,,,
Understanding and Designing a High-Performance Ultrafiltration Membrane Using Machine Learning,target_irreversible fouling ratio(%),GPytorchMAP,TanimotoMatern52,RBF,(count:x)+(fp:x),,,,,,,,,,,,,,,,,,,,,,
Understanding and Designing a High-Performance Ultrafiltration Membrane Using Machine Learning,target_irreversible fouling ratio(%),GPytorchMAP,TanimotoRBF,Matern32,sum,,,,,,,,,,,,,,,,,,,,,,
Understanding and Designing a High-Performance Ultrafiltration Membrane Using Machine Learning,target_irreversible fouling ratio(%),GPytorchMAP,TanimotoRBF,Matern32,product,,,,,,,,,,,,,,,,,,,,,,
Understanding and Designing a High-Performance Ultrafiltration Membrane Using Machine Learning,target_irreversible fouling ratio(%),GPytorchMAP,TanimotoRBF,Matern32,averageProduct,,,,,,,,,,,,,,,,,,,,,,
Understanding and Designing a High-Performance Ultrafiltration Membrane Using Machine Learning,target_irreversible fouling ratio(%),GPytorchMAP,TanimotoRBF,Matern32,(count:+)x(fp:x),,,,,,,,,,,,,,,,,,,,,,
Understanding and Designing a High-Performance Ultrafiltration Membrane Using Machine Learning,target_irreversible fouling ratio(%),GPytorchMAP,TanimotoRBF,Matern32,(count:+)x(fp:+),,,,,,,,,,,,,,,,,,,,,,
Understanding and Designing a High-Performance Ultrafiltration Membrane Using Machine Learning,target_irreversible fouling ratio(%),GPytorchMAP,TanimotoRBF,Matern32,(count:x)+(fp:x),,,,,,,,,,,,,,,,,,,,,,
Understanding and Designing a High-Performance Ultrafiltration Membrane Using Machine Learning,target_irreversible fouling ratio(%),GPytorchMAP,TanimotoRBF,Matern52,sum,,,,,,,,,,,,,,,,,,,,,,
Understanding and Designing a High-Performance Ultrafiltration Membrane Using Machine Learning,target_irreversible fouling ratio(%),GPytorchMAP,TanimotoRBF,Matern52,product,,,,,,,,,,,,,,,,,,,,,,
Understanding and Designing a High-Performance Ultrafiltration Membrane Using Machine Learning,target_irreversible fouling ratio(%),GPytorchMAP,TanimotoRBF,Matern52,averageProduct,,,,,,,,,,,,,,,,,,,,,,
Understanding and Designing a High-Performance Ultrafiltration Membrane Using Machine Learning,target_irreversible fouling ratio(%),GPytorchMAP,TanimotoRBF,Matern52,(count:+)x(fp:x),,,,,,,,,,,,,,,,,,,,,,
Understanding and Designing a High-Performance Ultrafiltration Membrane Using Machine Learning,target_irreversible fouling ratio(%),GPytorchMAP,TanimotoRBF,Matern52,(count:+)x(fp:+),,,,,,,,,,,,,,,,,,,,,,
Understanding and Designing a High-Performance Ultrafiltration Membrane Using Machine Learning,target_irreversible fouling ratio(%),GPytorchMAP,TanimotoRBF,Matern52,(count:x)+(fp:x),,,,,,,,,,,,,,,,,,,,,,
Understanding and Designing a High-Performance Ultrafiltration Membrane Using Machine Learning,target_irreversible fouling ratio(%),GPytorchMAP,TanimotoRBF,RBF,sum,,,,,,,,,,,,,,,,,,,,,,
Understanding and Designing a High-Performance Ultrafiltration Membrane Using Machine Learning,target_irreversible fouling ratio(%),GPytorchMAP,TanimotoRBF,RBF,product,,,,,,,,,,,,,,,,,,,,,,
Understanding and Designing a High-Performance Ultrafiltration Membrane Using Machine Learning,target_irreversible fouling ratio(%),GPytorchMAP,TanimotoRBF,RBF,averageProduct,,,,,,,,,,,,,,,,,,,,,,
Understanding and Designing a High-Performance Ultrafiltration Membrane Using Machine Learning,target_irreversible fouling ratio(%),GPytorchMAP,TanimotoRBF,RBF,(count:+)x(fp:x),,,,,,,,,,,,,,,,,,,,,,
Understanding and Designing a High-Performance Ultrafiltration Membrane Using Machine Learning,target_irreversible fouling ratio(%),GPytorchMAP,TanimotoRBF,RBF,(count:+)x(fp:+),,,,,,,,,,,,,,,,,,,,,,
Understanding and Designing a High-Performance Ultrafiltration Membrane Using Machine Learning,target_irreversible fouling ratio(%),GPytorchMAP,TanimotoRBF,RBF,(count:x)+(fp:x),,,,,,,,,,,,,,,,,,,,,,
Understanding and Designing a High-Performance Ultrafiltration Membrane Using Machine Learning,target_irreversible fouling ratio(%),GPytorchMAP,Tanimoto,Matern32,sum,,,,,,,,,,,,,,,,,,,,,,
Understanding and Designing a High-Performance Ultrafiltration Membrane Using Machine Learning,target_irreversible fouling ratio(%),GPytorchMAP,Tanimoto,Matern32,product,,,,,,,,,,,,,,,,,,,,,,
Understanding and Designing a High-Performance Ultrafiltration Membrane Using Machine Learning,target_irreversible fouling ratio(%),GPytorchMAP,Tanimoto,Matern32,averageProduct,,,,,,,,,,,,,,,,,,,,,,
Understanding and Designing a High-Performance Ultrafiltration Membrane Using Machine Learning,target_irreversible fouling ratio(%),GPytorchMAP,Tanimoto,Matern32,(count:+)x(fp:x),,,,,,,,,,,,,,,,,,,,,,
Understanding and Designing a High-Performance Ultrafiltration Membrane Using Machine Learning,target_irreversible fouling ratio(%),GPytorchMAP,Tanimoto,Matern32,(count:+)x(fp:+),,,,,,,,,,,,,,,,,,,,,,
Understanding and Designing a High-Performance Ultrafiltration Membrane Using Machine Learning,target_irreversible fouling ratio(%),GPytorchMAP,Tanimoto,Matern32,(count:x)+(fp:x),,,,,,,,,,,,,,,,,,,,,,
Understanding and Designing a High-Performance Ultrafiltration Membrane Using Machine Learning,target_irreversible fouling ratio(%),GPytorchMAP,Tanimoto,Matern52,sum,,,,,,,,,,,,,,,,,,,,,,
Understanding and Designing a High-Performance Ultrafiltration Membrane Using Machine Learning,target_irreversible fouling ratio(%),GPytorchMAP,Tanimoto,Matern52,product,,,,,,,,,,,,,,,,,,,,,,
Understanding and Designing a High-Performance Ultrafiltration Membrane Using Machine Learning,target_irreversible fouling ratio(%),GPytorchMAP,Tanimoto,Matern52,averageProduct,,,,,,,,,,,,,,,,,,,,,,
Understanding and Designing a High-Performance Ultrafiltration Membrane Using Machine Learning,target_irreversible fouling ratio(%),GPytorchMAP,Tanimoto,Matern52,(count:+)x(fp:x),,,,,,,,,,,,,,,,,,,,,,
Understanding and Designing a High-Performance Ultrafiltration Membrane Using Machine Learning,target_irreversible fouling ratio(%),GPytorchMAP,Tanimoto,Matern52,(count:+)x(fp:+),,,,,,,,,,,,,,,,,,,,,,
Understanding and Designing a High-Performance Ultrafiltration Membrane Using Machine Learning,target_irreversible fouling ratio(%),GPytorchMAP,Tanimoto,Matern52,(count:x)+(fp:x),,,,,,,,,,,,,,,,,,,,,,
Understanding and Designing a High-Performance Ultrafiltration Membrane Using Machine Learning,target_irreversible fouling ratio(%),GPytorchMAP,Tanimoto,RBF,sum,,,,,,,,,,,,,,,,,,,,,,
Understanding and Designing a High-Performance Ultrafiltration Membrane Using Machine Learning,target_irreversible fouling ratio(%),GPytorchMAP,Tanimoto,RBF,product,,,,,,,,,,,,,,,,,,,,,,
Understanding and Designing a High-Performance Ultrafiltration Membrane Using Machine Learning,target_irreversible fouling ratio(%),GPytorchMAP,Tanimoto,RBF,averageProduct,,,,,,,,,,,,,,,,,,,,,,
Understanding and Designing a High-Performance Ultrafiltration Membrane Using Machine Learning,target_irreversible fouling ratio(%),GPytorchMAP,Tanimoto,RBF,(count:+)x(fp:x),,,,,,,,,,,,,,,,,,,,,,
Understanding and Designing a High-Performance Ultrafiltration Membrane Using Machine Learning,target_irreversible fouling ratio(%),GPytorchMAP,Tanimoto,RBF,(count:+)x(fp:+),,,,,,,,,,,,,,,,,,,,,,
Understanding and Designing a High-Performance Ultrafiltration Membrane Using Machine Learning,target_irreversible fouling ratio(%),GPytorchMAP,Tanimoto,RBF,(count:x)+(fp:x),,,,,,,,,,,,,,,,,,,,,,
Understanding and Designing a High-Performance Ultrafiltration Membrane Using Machine Learning,target_irreversible fouling ratio(%),GPytorchMAP,Matern32,Matern32,sum,,,,,,,,,,,,,,,,,,,,,,
Understanding and Designing a High-Performance Ultrafiltration Membrane Using Machine Learning,target_irreversible fouling ratio(%),GPytorchMAP,Matern32,Matern32,product,,,,,,,,,,,,,,,,,,,,,,
Understanding and Designing a High-Performance Ultrafiltration Membrane Using Machine Learning,target_irreversible fouling ratio(%),GPytorchMAP,Matern32,Matern32,averageProduct,,,,,,,,,,,,,,,,,,,,,,
Understanding and Designing a High-Performance Ultrafiltration Membrane Using Machine Learning,target_irreversible fouling ratio(%),GPytorchMAP,Matern32,Matern32,(count:+)x(fp:x),,,,,,,,,,,,,,,,,,,,,,
Understanding and Designing a High-Performance Ultrafiltration Membrane Using Machine Learning,target_irreversible fouling ratio(%),GPytorchMAP,Matern32,Matern32,(count:+)x(fp:+),,,,,,,,,,,,,,,,,,,,,,
Understanding and Designing a High-Performance Ultrafiltration Membrane Using Machine Learning,target_irreversible fouling ratio(%),GPytorchMAP,Matern32,Matern32,(count:x)+(fp:x),,,,,,,,,,,,,,,,,,,,,,
Understanding and Designing a High-Performance Ultrafiltration Membrane Using Machine Learning,target_irreversible fouling ratio(%),GPytorchMAP,Matern32,Matern52,sum,,,,,,,,,,,,,,,,,,,,,,
Understanding and Designing a High-Performance Ultrafiltration Membrane Using Machine Learning,target_irreversible fouling ratio(%),GPytorchMAP,Matern32,Matern52,product,,,,,,,,,,,,,,,,,,,,,,
Understanding and Designing a High-Performance Ultrafiltration Membrane Using Machine Learning,target_irreversible fouling ratio(%),GPytorchMAP,Matern32,Matern52,averageProduct,,,,,,,,,,,,,,,,,,,,,,
Understanding and Designing a High-Performance Ultrafiltration Membrane Using Machine Learning,target_irreversible fouling ratio(%),GPytorchMAP,Matern32,Matern52,(count:+)x(fp:x),,,,,,,,,,,,,,,,,,,,,,
Understanding and Designing a High-Performance Ultrafiltration Membrane Using Machine Learning,target_irreversible fouling ratio(%),GPytorchMAP,Matern32,Matern52,(count:+)x(fp:+),,,,,,,,,,,,,,,,,,,,,,
Understanding and Designing a High-Performance Ultrafiltration Membrane Using Machine Learning,target_irreversible fouling ratio(%),GPytorchMAP,Matern32,Matern52,(count:x)+(fp:x),,,,,,,,,,,,,,,,,,,,,,
Understanding and Designing a High-Performance Ultrafiltration Membrane Using Machine Learning,target_irreversible fouling ratio(%),GPytorchMAP,Matern32,RBF,sum,,,,,,,,,,,,,,,,,,,,,,
Understanding and Designing a High-Performance Ultrafiltration Membrane Using Machine Learning,target_irreversible fouling ratio(%),GPytorchMAP,Matern32,RBF,product,,,,,,,,,,,,,,,,,,,,,,
Understanding and Designing a High-Performance Ultrafiltration Membrane Using Machine Learning,target_irreversible fouling ratio(%),GPytorchMAP,Matern32,RBF,averageProduct,,,,,,,,,,,,,,,,,,,,,,
Understanding and Designing a High-Performance Ultrafiltration Membrane Using Machine Learning,target_irreversible fouling ratio(%),GPytorchMAP,Matern32,RBF,(count:+)x(fp:x),,,,,,,,,,,,,,,,,,,,,,
Understanding and Designing a High-Performance Ultrafiltration Membrane Using Machine Learning,target_irreversible fouling ratio(%),GPytorchMAP,Matern32,RBF,(count:+)x(fp:+),,,,,,,,,,,,,,,,,,,,,,
Understanding and Designing a High-Performance Ultrafiltration Membrane Using Machine Learning,target_irreversible fouling ratio(%),GPytorchMAP,Matern32,RBF,(count:x)+(fp:x),,,,,,,,,,,,,,,,,,,,,,
Understanding and Designing a High-Performance Ultrafiltration Membrane Using Machine Learning,target_irreversible fouling ratio(%),GPytorchMAP,Matern52,Matern32,sum,,,,,,,,,,,,,,,,,,,,,,
Understanding and Designing a High-Performance Ultrafiltration Membrane Using Machine Learning,target_irreversible fouling ratio(%),GPytorchMAP,Matern52,Matern32,product,,,,,,,,,,,,,,,,,,,,,,
Understanding and Designing a High-Performance Ultrafiltration Membrane Using Machine Learning,target_irreversible fouling ratio(%),GPytorchMAP,Matern52,Matern32,averageProduct,,,,,,,,,,,,,,,,,,,,,,
Understanding and Designing a High-Performance Ultrafiltration Membrane Using Machine Learning,target_irreversible fouling ratio(%),GPytorchMAP,Matern52,Matern32,(count:+)x(fp:x),,,,,,,,,,,,,,,,,,,,,,
Understanding and Designing a High-Performance Ultrafiltration Membrane Using Machine Learning,target_irreversible fouling ratio(%),GPytorchMAP,Matern52,Matern32,(count:+)x(fp:+),,,,,,,,,,,,,,,,,,,,,,
Understanding and Designing a High-Performance Ultrafiltration Membrane Using Machine Learning,target_irreversible fouling ratio(%),GPytorchMAP,Matern52,Matern32,(count:x)+(fp:x),,,,,,,,,,,,,,,,,,,,,,
Understanding and Designing a High-Performance Ultrafiltration Membrane Using Machine Learning,target_irreversible fouling ratio(%),GPytorchMAP,Matern52,Matern52,sum,,,,,,,,,,,,,,,,,,,,,,
Understanding and Designing a High-Performance Ultrafiltration Membrane Using Machine Learning,target_irreversible fouling ratio(%),GPytorchMAP,Matern52,Matern52,product,,,,,,,,,,,,,,,,,,,,,,
Understanding and Designing a High-Performance Ultrafiltration Membrane Using Machine Learning,target_irreversible fouling ratio(%),GPytorchMAP,Matern52,Matern52,averageProduct,,,,,,,,,,,,,,,,,,,,,,
Understanding and Designing a High-Performance Ultrafiltration Membrane Using Machine Learning,target_irreversible fouling ratio(%),GPytorchMAP,Matern52,Matern52,(count:+)x(fp:x),,,,,,,,,,,,,,,,,,,,,,
Understanding and Designing a High-Performance Ultrafiltration Membrane Using Machine Learning,target_irreversible fouling ratio(%),GPytorchMAP,Matern52,Matern52,(count:+)x(fp:+),,,,,,,,,,,,,,,,,,,,,,
Understanding and Designing a High-Performance Ultrafiltration Membrane Using Machine Learning,target_irreversible fouling ratio(%),GPytorchMAP,Matern52,Matern52,(count:x)+(fp:x),,,,,,,,,,,,,,,,,,,,,,
Understanding and Designing a High-Performance Ultrafiltration Membrane Using Machine Learning,target_irreversible fouling ratio(%),GPytorchMAP,Matern52,RBF,sum,,,,,,,,,,,,,,,,,,,,,,
Understanding and Designing a High-Performance Ultrafiltration Membrane Using Machine Learning,target_irreversible fouling ratio(%),GPytorchMAP,Matern52,RBF,product,,,,,,,,,,,,,,,,,,,,,,
Understanding and Designing a High-Performance Ultrafiltration Membrane Using Machine Learning,target_irreversible fouling ratio(%),GPytorchMAP,Matern52,RBF,averageProduct,,,,,,,,,,,,,,,,,,,,,,
Understanding and Designing a High-Performance Ultrafiltration Membrane Using Machine Learning,target_irreversible fouling ratio(%),GPytorchMAP,Matern52,RBF,(count:+)x(fp:x),,,,,,,,,,,,,,,,,,,,,,
Understanding and Designing a High-Performance Ultrafiltration Membrane Using Machine Learning,target_irreversible fouling ratio(%),GPytorchMAP,Matern52,RBF,(count:+)x(fp:+),,,,,,,,,,,,,,,,,,,,,,
Understanding and Designing a High-Performance Ultrafiltration Membrane Using Machine Learning,target_irreversible fouling ratio(%),GPytorchMAP,Matern52,RBF,(count:x)+(fp:x),,,,,,,,,,,,,,,,,,,,,,
Understanding and Designing a High-Performance Ultrafiltration Membrane Using Machine Learning,target_irreversible fouling ratio(%),GPytorchMAP,RBF,Matern32,sum,,,,,,,,,,,,,,,,,,,,,,
Understanding and Designing a High-Performance Ultrafiltration Membrane Using Machine Learning,target_irreversible fouling ratio(%),GPytorchMAP,RBF,Matern32,product,,,,,,,,,,,,,,,,,,,,,,
Understanding and Designing a High-Performance Ultrafiltration Membrane Using Machine Learning,target_irreversible fouling ratio(%),GPytorchMAP,RBF,Matern32,averageProduct,,,,,,,,,,,,,,,,,,,,,,
Understanding and Designing a High-Performance Ultrafiltration Membrane Using Machine Learning,target_irreversible fouling ratio(%),GPytorchMAP,RBF,Matern32,(count:+)x(fp:x),,,,,,,,,,,,,,,,,,,,,,
Understanding and Designing a High-Performance Ultrafiltration Membrane Using Machine Learning,target_irreversible fouling ratio(%),GPytorchMAP,RBF,Matern32,(count:+)x(fp:+),,,,,,,,,,,,,,,,,,,,,,
Understanding and Designing a High-Performance Ultrafiltration Membrane Using Machine Learning,target_irreversible fouling ratio(%),GPytorchMAP,RBF,Matern32,(count:x)+(fp:x),,,,,,,,,,,,,,,,,,,,,,
Understanding and Designing a High-Performance Ultrafiltration Membrane Using Machine Learning,target_irreversible fouling ratio(%),GPytorchMAP,RBF,Matern52,sum,,,,,,,,,,,,,,,,,,,,,,
Understanding and Designing a High-Performance Ultrafiltration Membrane Using Machine Learning,target_irreversible fouling ratio(%),GPytorchMAP,RBF,Matern52,product,,,,,,,,,,,,,,,,,,,,,,
Understanding and Designing a High-Performance Ultrafiltration Membrane Using Machine Learning,target_irreversible fouling ratio(%),GPytorchMAP,RBF,Matern52,averageProduct,,,,,,,,,,,,,,,,,,,,,,
Understanding and Designing a High-Performance Ultrafiltration Membrane Using Machine Learning,target_irreversible fouling ratio(%),GPytorchMAP,RBF,Matern52,(count:+)x(fp:x),,,,,,,,,,,,,,,,,,,,,,
Understanding and Designing a High-Performance Ultrafiltration Membrane Using Machine Learning,target_irreversible fouling ratio(%),GPytorchMAP,RBF,Matern52,(count:+)x(fp:+),,,,,,,,,,,,,,,,,,,,,,
Understanding and Designing a High-Performance Ultrafiltration Membrane Using Machine Learning,target_irreversible fouling ratio(%),GPytorchMAP,RBF,Matern52,(count:x)+(fp:x),,,,,,,,,,,,,,,,,,,,,,
Understanding and Designing a High-Performance Ultrafiltration Membrane Using Machine Learning,target_irreversible fouling ratio(%),GPytorchMAP,RBF,RBF,sum,,,,,,,,,,,,,,,,,,,,,,
Understanding and Designing a High-Performance Ultrafiltration Membrane Using Machine Learning,target_irreversible fouling ratio(%),GPytorchMAP,RBF,RBF,product,,,,,,,,,,,,,,,,,,,,,,
Understanding and Designing a High-Performance Ultrafiltration Membrane Using Machine Learning,target_irreversible fouling ratio(%),GPytorchMAP,RBF,RBF,averageProduct,,,,,,,,,,,,,,,,,,,,,,
Understanding and Designing a High-Performance Ultrafiltration Membrane Using Machine Learning,target_irreversible fouling ratio(%),GPytorchMAP,RBF,RBF,(count:+)x(fp:x),,,,,,,,,,,,,,,,,,,,,,
Understanding and Designing a High-Performance Ultrafiltration Membrane Using Machine Learning,target_irreversible fouling ratio(%),GPytorchMAP,RBF,RBF,(count:+)x(fp:+),,,,,,,,,,,,,,,,,,,,,,
Understanding and Designing a High-Performance Ultrafiltration Membrane Using Machine Learning,target_irreversible fouling ratio(%),GPytorchMAP,RBF,RBF,(count:x)+(fp:x),,,,,,,,,,,,,,,,,,,,,,
Understanding and Designing a High-Performance Ultrafiltration Membrane Using Machine Learning,target_irreversible fouling ratio(%),MGK,Graph,Matern32,sum,,,,,,,,,,,,,,,,,,,,,,
Understanding and Designing a High-Performance Ultrafiltration Membrane Using Machine Learning,target_irreversible fouling ratio(%),MGK,Graph,Matern32,product,,,,,,,,,,,,,,,,,,,,,,
Understanding and Designing a High-Performance Ultrafiltration Membrane Using Machine Learning,target_irreversible fouling ratio(%),MGK,Graph,Matern32,averageProduct,,,,,,,,,,,,,,,,,,,,,,
Understanding and Designing a High-Performance Ultrafiltration Membrane Using Machine Learning,target_irreversible fouling ratio(%),MGK,Graph,Matern32,(count:+)x(graph:x),,,,,,,,,,,,,,,,,,,,,,
Understanding and Designing a High-Performance Ultrafiltration Membrane Using Machine Learning,target_irreversible fouling ratio(%),MGK,Graph,Matern32,(count:+)x(graph:+),,,,,,,,,,,,,,,,,,,,,,
Understanding and Designing a High-Performance Ultrafiltration Membrane Using Machine Learning,target_irreversible fouling ratio(%),MGK,Graph,Matern32,(count:x)+(graph:x),,,,,,,,,,,,,,,,,,,,,,
Understanding and Designing a High-Performance Ultrafiltration Membrane Using Machine Learning,target_irreversible fouling ratio(%),MGK,Graph,Matern52,sum,,,,,,,,,,,,,,,,,,,,,,
Understanding and Designing a High-Performance Ultrafiltration Membrane Using Machine Learning,target_irreversible fouling ratio(%),MGK,Graph,Matern52,product,,,,,,,,,,,,,,,,,,,,,,
Understanding and Designing a High-Performance Ultrafiltration Membrane Using Machine Learning,target_irreversible fouling ratio(%),MGK,Graph,Matern52,averageProduct,,,,,,,,,,,,,,,,,,,,,,
Understanding and Designing a High-Performance Ultrafiltration Membrane Using Machine Learning,target_irreversible fouling ratio(%),MGK,Graph,Matern52,(count:+)x(graph:x),,,,,,,,,,,,,,,,,,,,,,
Understanding and Designing a High-Performance Ultrafiltration Membrane Using Machine Learning,target_irreversible fouling ratio(%),MGK,Graph,Matern52,(count:+)x(graph:+),,,,,,,,,,,,,,,,,,,,,,
Understanding and Designing a High-Performance Ultrafiltration Membrane Using Machine Learning,target_irreversible fouling ratio(%),MGK,Graph,Matern52,(count:x)+(graph:x),,,,,,,,,,,,,,,,,,,,,,
Understanding and Designing a High-Performance Ultrafiltration Membrane Using Machine Learning,target_irreversible fouling ratio(%),MGK,Graph,RBF,sum,,,,,,,,,,,,,,,,,,,,,,
Understanding and Designing a High-Performance Ultrafiltration Membrane Using Machine Learning,target_irreversible fouling ratio(%),MGK,Graph,RBF,product,,,,,,,,,,,,,,,,,,,,,,
Understanding and Designing a High-Performance Ultrafiltration Membrane Using Machine Learning,target_irreversible fouling ratio(%),MGK,Graph,RBF,averageProduct,,,,,,,,,,,,,,,,,,,,,,
Understanding and Designing a High-Performance Ultrafiltration Membrane Using Machine Learning,target_irreversible fouling ratio(%),MGK,Graph,RBF,(count:+)x(graph:x),,,,,,,,,,,,,,,,,,,,,,
Understanding and Designing a High-Performance Ultrafiltration Membrane Using Machine Learning,target_irreversible fouling ratio(%),MGK,Graph,RBF,(count:+)x(graph:+),,,,,,,,,,,,,,,,,,,,,,
Understanding and Designing a High-Performance Ultrafiltration Membrane Using Machine Learning,target_irreversible fouling ratio(%),MGK,Graph,RBF,(count:x)+(graph:x),,,,,,,,,,,,,,,,,,,,,,
Understanding and Designing a High-Performance Ultrafiltration Membrane Using Machine Learning,target_organic compound removal (%),RF,,,,"{""0"": 11.374205962519321, ""1"": 4.135717004611439, ""2"": 11.347142008656235, ""3"": 16.580877342711545, ""4"": 8.768169381689296, ""5"": 5.5232451519176475, ""6"": 38.6767288301532, ""7"": 35.006285483921786}","{""0"": -2.427966745650045, ""1"": 0.0778813890746628, ""2"": -0.5627430372612297, ""3"": -0.1829336443189864, ""4"": -0.4323167986844416, ""5"": -0.004018209074709178, ""6"": -0.6933744436771521, ""7"": -0.4485980840498489}","{""0"": 9.782319677871152, ""1"": 3.0493329365079385, ""2"": 10.431825, ""3"": 10.61785863422292, ""4"": 6.756122435897438, ""5"": 4.315670436507938, ""6"": 33.91091481481482, ""7"": 20.789613561076607}","{""0"": 0.15960784313725496, ""1"": 0.13469135802469137, ""2"": 0.20166666666666672, ""3"": 0.07476190476190478, ""4"": 0.07461538461538464, ""5"": 0.0755128205128205, ""6"": 0.3240740740740742, ""7"": 0.08826086956521742}","{""0"": 0.26231480761816606, ""1"": 0.06149187280114119, ""2"": 0.14183014190507123, ""3"": 0.08207409653763865, ""4"": 0.189495076493305, ""5"": 0.18141162092741422, ""6"": 2.334922859622065, ""7"": 3000.222914241804}","{""0"": 3.8672338822174948, ""1"": 2.9500908799799697, ""2"": 4.070228145954656, ""3"": 5.246735526826932, ""4"": 3.683016085851445, ""5"": 3.050881968796041, ""6"": 7.173267693360054, ""7"": 8.760830829485739}","{""0"": 0.2941176470588235, ""1"": 0.06851851851851852, ""2"": 0.11000000000000001, ""3"": 0.07483516483516482, ""4"": 0.16923076923076924, ""5"": 0.18730769230769231, ""6"": 0.21777777777777776, ""7"": 0.13260869565217387}","{""0"": 0.19301136642741815, ""1"": 0.5607916328173275, ""2"": 0.3927674276961464, ""3"": 0.5380318295373766, ""4"": 0.4995228515421562, ""5"": 0.45305086303711894, ""6"": 0.38686495037244606, ""7"": 0.20173988975271787}","{""0"": 0.42819807753113825, ""1"": 0.16555143179977905, ""2"": 0.39245562447149607, ""3"": 0.33585263531672827, ""4"": 0.03556163498717313, ""5"": 0.5236397799376148, ""6"": 0.41589267285861714, ""7"": -0.049591218285454895}","{""0"": 8.727991358205795, ""1"": 6.425699260544183, ""2"": 9.567833698105861, ""3"": 11.400526871574229, ""4"": 8.005917642059167, ""5"": 6.909886371301024, ""6"": 15.70910030652517, ""7"": 10.686363778672478}","{""0"": 2.404235266149044, ""1"": 2.512257043272257, ""2"": 1.4455203749239445, ""3"": 2.8451333232223988, ""4"": 2.186258941888809, ""5"": 2.149066623300314, ""6"": 1.2867035251110792, ""7"": 1.4032444469630718}","{""0"": [6.028631930665133, 4.482225292534249, 6.022395054891803, 8.0111045195305, 8.618881163959], ""1"": [9.290667865584437, 7.32261299822413, 11.308495319968348, 8.526624161345657, 9.645647421463682], ""2"": [6.330284158795493, 6.661728131661044, 7.544692186428294, 4.173666574898224, 7.599942044020667], ""3"": [8.113854905151289, 7.885518671576718, 9.866432353378048, 6.120692144230734, 7.149890806627949], ""4"": [5.417631984712632, 7.352517461012646, 7.408367466554643, 10.34842465296264, 4.373166483338785], ""5"": [8.005597523318551, 10.450455471031196, 5.454865318386346, 7.976947496552174, 8.301023804630395], ""6"": [4.148498241026812, 6.666292205847453, 5.972754969891411, 8.643087704951308, 7.003095758744001], ""7"": [9.041863428501557, 5.986832578959372, 10.557325422329487, 5.50304971295533, 7.857680866456126]}","{""0"": [0.6401627265173682, 0.8607722524128828, 0.9100553547109044, 0.6493235121648163, 0.8233138273472558], ""1"": [0.8061810291923526, 0.7742169556775477, 0.7227699411541115, 0.7785804988245997, 0.7045461854211451], ""2"": [0.8386199344947223, 0.8788972465932778, 0.24277927458664317, 0.911256267036912, 0.8805020252019755], ""3"": [0.7769717966373131, 0.7928263159594446, 0.730692858161943, 0.8951187421210617, 0.610353857871155], ""4"": [0.555877415734838, 0.7836773523466196, 0.7031898742781045, 0.6768022902100932, 0.6555608960482703], ""5"": [0.6468113647989339, -2.9610718238615616, 0.8644812464339714, 0.6994906844491326, 0.7587390065344345], ""6"": [0.909572756348051, 0.8841685214675015, 0.6670199289177463, 0.8575594899253083, 0.8770999264706295], ""7"": [0.576831758390876, 0.38147041283235783, 0.5326273429013078, 0.6585938976382375, 0.7789609680549532]}","{""0"": [4.173087675070029, 2.8837357843137275, 4.442210469187672, 4.855915931372547, 5.000192051820728], ""1"": [5.763080070546736, 4.195325661375663, 7.235459435626101, 4.625736684303354, 5.0518459656084636], ""2"": [3.783174166666666, 4.05916892857143, 5.397376964285717, 2.8565025396825448, 5.472655595238096], ""3"": [5.031330115122973, 4.85676360544218, 5.997688029034459, 4.031412205651487, 4.567469034536892], ""4"": [3.8605935897435875, 4.640642094017097, 5.043080677655679, 6.01767967032967, 2.873932783882782], ""5"": [5.16901456043956, 5.249871978021981, 3.7327027014652003, 5.0080010531135555, 5.641398122710623], ""6"": [2.082681481481485, 3.77145806878307, 3.4890548941798962, 5.686684920634915, 5.086850529100529], ""7"": [5.655905072463769, 4.097195134575567, 6.1398216701173185, 3.8628671325051753, 4.725249516908211]}","{""0"": [0.04647058823529414, 0.14117647058823526, 0.05411764705882355, 0.09313725490196079, 0.028039215686274502], ""1"": [0.04024691358024691, 0.1437037037037037, 0.045308641975308636, 0.03851851851851852, 0.08518518518518518], ""2"": [0.05333333333333334, 0.11500000000000002, 0.04166666666666669, 0.09166666666666666, 0.038333333333333365], ""3"": [0.06684981684981683, 0.08868131868131868, 0.039010989010989046, 0.061282051282051275, 0.052197802197802186], ""4"": [0.038461538461538484, 0.04307692307692309, 0.03384615384615386, 0.04615384615384614, 0.052051282051282066], ""5"": [0.04846153846153847, 0.04692307692307691, 0.0846153846153846, 0.03333333333333331, 0.050512820512820536], ""6"": [0.09148148148148147, 0.08481481481481479, 0.18518518518518517, 0.08962962962962963, 0.05814814814814817], ""7"": [0.050000000000000024, 0.11521739130434784, 0.06942028985507248, 0.05637681159420289, 0.08971014492753622]}","{""0"": [0.048435378992599656, 0.16011627159221656, 0.03683246897624877, 0.1648789968050907, 0.06454333533991549], ""1"": [0.022818368180624878, 0.0900309589590797, 0.091757636565465, 0.02466371907176326, 0.049860420197568006], ""2"": [0.0874435901211303, 0.04448299027123487, 0.0681392428814093, 0.10836633065091678, 0.047407139300640236], ""3"": [0.04901583497488102, 0.13895724457901165, 0.0401702792861561, 0.05515392254079777, 0.031162324738552034], ""4"": [0.09237326689599576, 0.17933803130923234, 0.05529129967175332, 0.08142754489015239, 0.13869859762243467], ""5"": [0.029032819411775476, 0.07847807907862453, 0.03865045819390205, 0.07983636275700454, 0.04019120590050329], ""6"": [0.06590891298006142, 0.6308254773742755, 0.09102346465196594, 0.1480696613560037, 0.04884298298491073], ""7"": [0.05036276072042385, 0.08547663939458082, 0.052776201558651176, 0.0594040639407414, 0.06866316518887752]}","{""0"": [2.503379970035056, 1.4224913505514138, 3.1406252246258326, 5.3218044521688945, 2.4190668506690702], ""1"": [3.2965022683464467, 2.9162239761441, 6.1134122567658515, 2.8103086377344852, 2.94049768626142], ""2"": [3.0207449059027467, 2.088290397505391, 3.14849688742182, 2.9660429733770384, 3.2393298238370343], ""3"": [3.0238398556776054, 2.826384687133725, 3.005665059084978, 2.5801627799132585, 3.1389801251805927], ""4"": [3.011964003168901, 2.4330528554373823, 3.00939613836977, 2.968484216247144, 3.1217863144327986], ""5"": [3.036374756996916, 2.1058043607716304, 2.8911805504793233, 9615384618.033934, 3.057112679533641], ""6"": [2.3818478600321633, 2.8106811949742383, 2.542288463382012, 3.1592196638953856, 3.305167529959678], ""7"": [3.4031254274586806, 3.0384569539663144, 3.236136031485186, 2.7775115392492467, 5.413666438510015]}","{""0"": [0.03823529411764707, 0.07529411764705882, 0.03823529411764706, 0.04176470588235294, 0.04882352941176469], ""1"": [0.031111111111111117, 0.08148148148148149, 0.04518518518518517, 0.021481481481481476, 0.05629629629629629], ""2"": [0.07999999999999999, 0.06000000000000001, 0.049999999999999996, 0.059999999999999984, 0.05500000000000001], ""3"": [0.041868131868131854, 0.05285714285714288, 0.04054945054945054, 0.04736263736263736, 0.03351648351648351], ""4"": [0.05769230769230769, 0.06769230769230769, 0.05769230769230769, 0.038461538461538464, 0.04538461538461538], ""5"": [0.026538461538461556, 0.11423076923076922, 0.05115384615384615, 0.08038461538461536, 0.0246153846153846], ""6"": [0.05444444444444444, 0.06555555555555555, 0.08333333333333334, 0.06, 0.05], ""7"": [0.01869565217391305, 0.07782608695652174, 0.03434782608695651, 0.07869565217391304, 0.061304347826086944]}","{""0"": [1.0824448594937517, 1.0286864482511509, 0.9023050594459789, 0.8375205200345959, 0.9691675631091257], ""1"": [0.9446163002214719, 0.9061404741045076, 0.893771661402166, 1.0592924612754562, 0.9456197250990954], ""2"": [0.8922527149214182, 1.0910545848306517, 1.013966787240199, 0.8601770456055013, 1.0208845935228927], ""3"": [0.8936981428202515, 0.9303884994751703, 1.0463187820718571, 1.0642782637193522, 0.9322585309227172], ""4"": [0.9516437228994994, 1.0028807228414165, 0.9583067191630092, 0.9105067346243991, 0.7987339106440586], ""5"": [0.9313995808684967, 1.1853094418004333, 0.9560418430268588, 0.9816610853478137, 0.9866410592954992], ""6"": [0.9756271405891134, 0.5651700092018672, 0.8722803616639164, 0.5165547724838945, 1.013734802385104], ""7"": [0.6892381223968742, 0.9087806856059434, 0.8417436935494691, 0.8926887653447483, 0.8794193970664872]}","{""0"": [0.5718869365928189, 0.6435832778870415, 0.6556650641795717, 0.28678380443086327, 0.7527883880825057], ""1"": [0.6968588004395561, 0.6133114783551136, 0.7211252578235913, 0.7316357265255575, 0.7180327874070623], ""2"": [0.4746145502996674, 0.6917293233082705, 0.7518796992481201, 0.512781954887218, 0.5353383458646617], ""3"": [0.5459026644848355, 0.6348951014011704, 0.6384395170743548, 0.6762359050357564, 0.6387660112831288], ""4"": [0.5917948717948718, 0.6560683760683761, 0.6478632478632478, 0.7305982905982905, 0.4099145299145299], ""5"": [0.6358164360115826, 0.7146943312523736, 0.6305948647143025, 0.6841116707931358, 0.5761243091107655], ""6"": [0.054695562435500514, 0.37048503611971106, 0.8452012383900928, 0.739938080495356, 0.6057791537667698], ""7"": [0.5525080475071498, 0.5218680663394902, 0.5841364151640885, 0.43577075098814233, 0.4072152335830871]}","{""0"": [6.53431450978711, 5.930289561110307, 7.905724281300342, 6.495738711806562, 6.630496643667839], ""1"": [7.215058110093578, 7.8431587942631555, 8.558550195290032, 5.373987854549444, 6.515639376139502], ""2"": [5.0378794029224885, 6.8732629114322465, 6.683779933587592, 5.2417585097884025, 8.133921505740394], ""3"": [7.984902932480394, 7.636516805829062, 6.36957291246925, 6.744961132712695, 6.981501561150096], ""4"": [4.95076497847756, 6.567212463192552, 6.081053126718861, 6.9985883203218515, 3.9652738836687496], ""5"": [5.370449662485812, 6.952690938556534, 7.164385408252874, 6.7709789364255775, 8.391387017560662], ""6"": [3.974695700296531, 5.727297844017547, 5.867928330256292, 7.850082483692508, 7.048012120518399], ""7"": [5.688145525701041, 6.764667460862911, 6.9158852905522865, 5.926180891836526, 6.753357521122607]}","{""0"": [1.834701880812645, 1.9080873765051365, 1.888042127713561, 1.8890794683247805, 1.9629242941737175], ""1"": [2.3850413393229246, 2.45701701939106, 2.464153330773115, 2.440441871061921, 2.4475193545222282], ""2"": [1.2952305264770985, 1.356701299548149, 1.4461090844124556, 1.5605054311454296, 1.2329523172229528], ""3"": [3.132677488029003, 3.042857348918915, 3.080639947205782, 3.2135320343077183, 3.0757805835455656], ""4"": [1.5746731702238321, 1.5688954759389162, 1.5679219160228968, 1.5807322729378939, 1.6035351864993572], ""5"": [2.4526602625846863, 2.309843620285392, 2.5403257831931114, 2.477771719917655, 2.300257684662938], ""6"": [1.2631183918565512, 1.5051559563726187, 1.3026957269757986, 1.1482486464083195, 1.2683950085192919], ""7"": [1.6442369725555182, 1.4683723468333483, 1.4710630513727665, 1.4554948210716248, 1.4023451711982489]}"
Understanding and Designing a High-Performance Ultrafiltration Membrane Using Machine Learning,target_organic compound removal (%),XGBR,,,,"{""0"": 9.16350356755182, ""1"": 5.100127596253686, ""2"": 13.154162193783874, ""3"": 16.511482473940408, ""4"": 11.332450507363012, ""5"": 7.615091843356864, ""6"": 42.30556872978861, ""7"": 42.144450830022215}","{""0"": -1.2249360380613012, ""1"": -0.4023203722314168, ""2"": -1.1001048480212239, ""3"": -0.17305265414684334, ""4"": -1.392593320074266, ""5"": -0.9085486748059992, ""6"": -1.0260427538184005, ""7"": -1.0996003868908497}","{""0"": 7.727711437500928, ""1"": 4.079200819082566, ""2"": 11.318716286882646, ""3"": 9.78776513743016, ""4"": 7.558599248344833, ""5"": 5.539116290285974, ""6"": 36.618705638562965, ""7"": 32.75894632162144}",,,,,,,,"{""0"": 0.7038957607001066, ""1"": 0.9060340691357851, ""2"": 0.5973942801356316, ""3"": 1.077113475650549, ""4"": 0.679545545950532, ""5"": 0.8499641381204128, ""6"": 0.5316635333001614, ""7"": 0.6366752479225397}","{""0"": [4.943699124414416, 4.194133024977831, 6.22462039688638, 9.975310822675844, 9.437730922485379], ""1"": [7.954656545738378, 7.959792517126749, 19.510239749859657, 7.939613754061442, 8.916043353174247], ""2"": [6.5673250353576025, 7.263443562591749, 6.540294587036394, 4.731875179942933, 5.893123506256613], ""3"": [13.617094705976774, 8.306337011320355, 9.19378793799851, 5.9475835197336595, 8.547560699376781], ""4"": [6.28819425811009, 6.584163379010905, 6.934012666123281, 10.91954972521399, 4.583679500541533], ""5"": [7.942400221319528, 7.1823410346144385, 6.115051247123643, 8.692388762771076, 8.686568413833047], ""6"": [3.3821037413048636, 6.292011928276556, 7.660242651367818, 10.006743796359585, 6.654964594647118], ""7"": [9.362300536669414, 5.533556846987625, 9.757654172473572, 4.8690120012808, 10.78566610958785]}","{""0"": [0.7580237892398519, 0.8780946305412808, 0.9039134556302387, 0.45628072884383974, 0.7881463455675362], ""1"": [0.8579159656739122, 0.7332142338150202, 0.1748063367643784, 0.8080180591364193, 0.747552439430801], ""2"": [0.8263077267585668, 0.8560322092382316, 0.4309714446309615, 0.8859307067679929, 0.9281492889700109], ""3"": [0.37183428756398007, 0.7701242519934205, 0.7661612127931827, 0.9009674609346894, 0.44312727236587013], ""4"": [0.40167691877796097, 0.8265273318028141, 0.739982282057861, 0.6401435829972613, 0.6216019274661119], ""5"": [0.6523655955573158, -0.8710023128298199, 0.8296933775366688, 0.643168853337865, 0.7358076231269446], ""6"": [0.9398976681261827, 0.8968101498319214, 0.4522859283972892, 0.8090668922318494, 0.8890151979780238], ""7"": [0.5463067298734063, 0.4715851623594227, 0.60074871025693, 0.7327325332453202, 0.5835391887157975]}","{""0"": [3.8466852728646663, 2.4943403424894584, 4.271077645977042, 6.372795410073115, 5.884725475369877], ""1"": [4.979778972147733, 4.596240318166714, 10.478438182664059, 3.803911693081443, 4.6989028128108155], ""2"": [4.12358469512125, 4.3387360679394185, 4.763427752479425, 3.4040114028617894, 3.8319778757220084], ""3"": [5.859596054725256, 4.993498087573309, 5.55705218555993, 3.8465025448756736, 5.32579657920195], ""4"": [4.049551294521216, 3.8332339328048377, 4.964272196532432, 5.926435968214351, 2.900220746516892], ""5"": [5.406231961382533, 4.258500045775487, 3.9315000337924717, 5.138441860100077, 5.1497072118968825], ""6"": [2.1495807482140488, 4.003291990359693, 3.933827179029537, 6.222413654181649, 4.253099864385179], ""7"": [5.163754246124174, 3.7251443561112105, 5.350797791552528, 3.3465784509850254, 6.170948194249919]}",,,,,,,,"{""0"": [0.7041102387011051, 0.7456783894449472, 0.6997786462306976, 0.751710694283247, 0.7079099994152784], ""1"": [0.8680591080337763, 0.9241732489317656, 0.9048280138522387, 0.8638645838946104, 0.9090889673680067], ""2"": [0.573688181117177, 0.5879651214927435, 0.5865376964211464, 0.5790098905563354, 0.5534102041274309], ""3"": [1.1277445200830698, 1.1211025342345238, 1.149078419432044, 1.1837515514343977, 1.1215693764388561], ""4"": [0.6288542412221432, 0.6272639650851488, 0.6571404654532671, 0.6522474680095911, 0.6452895365655422], ""5"": [0.9212540164589882, 0.89124252833426, 0.9282721485942602, 0.9134550374001265, 0.8960350677371025], ""6"": [0.5531668718904257, 0.5624909624457359, 0.5512525588274002, 0.5635458454489708, 0.5696813371032476], ""7"": [0.600480280816555, 0.6394621450453997, 0.6328181680291891, 0.6130170673131943, 0.6323155499994755]}"
Understanding and Designing a High-Performance Ultrafiltration Membrane Using Machine Learning,target_organic compound removal (%),NGB,,,,"{""0"": 10.044173004250027, ""1"": 4.491524686630857, ""2"": 12.645781159629825, ""3"": 16.149390410480294, ""4"": 13.90229901931642, ""5"": 10.361039910111279, ""6"": 30.70211820890827, ""7"": 34.823537481431984}","{""0"": -1.6731466995519746, ""1"": -0.0876088737192009, ""2"": -0.9409123179377461, ""3"": -0.12216737469958572, ""4"": -2.600762479499839, ""5"": -2.533130203740352, ""6"": -0.06706336317971284, ""7"": -0.4335129412512928}","{""0"": 8.673608078265932, ""1"": 3.5404906444869164, ""2"": 11.301624326635793, ""3"": 9.48674733498996, ""4"": 10.620114390472889, ""5"": 6.85270414201101, ""6"": 25.487189286929343, ""7"": 29.460503798710395}","{""0"": 0.279607843137255, ""1"": 0.10493827160493832, ""2"": 0.38500000000000006, ""3"": 0.2016483516483517, ""4"": 0.3051282051282052, ""5"": 0.17948717948717957, ""6"": 0.3777777777777779, ""7"": 0.41956521739130437}","{""0"": 0.31978377193181023, ""1"": 0.08576210059593695, ""2"": 0.22035855981008992, ""3"": 0.1418079787608922, ""4"": 0.21540310230069581, ""5"": 0.21951655949904003, ""6"": 138.49142219872206, ""7"": 1.069703516432431e+45}","{""0"": 6.016079444538544, ""1"": 3.2205122744034034, ""2"": 5.982160726494826, ""3"": 14.662887981651783, ""4"": 5.176335628229525, ""5"": 8.157510412163022, ""6"": 20.236708657815388, ""7"": 62.51341972747304}","{""0"": 0.29705882352941176, ""1"": 0.0862962962962963, ""2"": 0.17, ""3"": 0.12626373626373627, ""4"": 0.18615384615384617, ""5"": 0.22692307692307692, ""6"": 0.21222222222222217, ""7"": 0.21695652173913044}","{""0"": 0.25307248242986424, ""1"": 0.2746745142723607, ""2"": 0.3977559947456601, ""3"": 0.2724301669922883, ""4"": 0.3179038741422697, ""5"": 0.27823384049277705, ""6"": 0.17426801026679806, ""7"": 0.24898986366614442}","{""0"": -0.07822611501443241, ""1"": 0.08939912696975023, ""2"": 0.3210541472532974, ""3"": 0.41352487419467243, ""4"": 0.7687329065216759, ""5"": 0.021485168373953197, ""6"": 0.6252012060030083, ""7"": -0.25523007174337287}","{""0"": 3.866170834566078, ""1"": 3.014106406406095, ""2"": 4.775201772391337, ""3"": 2.9841287685666282, ""4"": 4.871710413527529, ""5"": 3.673434591170946, ""6"": 4.861866315816247, ""7"": 3.427269281221789}","{""0"": 6.618972675874829, ""1"": 6.884982094168663, ""2"": 6.716381914913654, ""3"": 7.043662970885634, ""4"": 6.803459933027625, ""5"": 6.854649258777499, ""6"": 8.438199708238244, ""7"": 7.65064019151032}","{""0"": [5.120189182833214, 5.23693619070799, 8.313564890321198, 10.448118622705149, 8.772215117323272], ""1"": [8.38042197735835, 6.465294919763423, 18.61939434897502, 8.047749139166184, 9.750248845092372], ""2"": [6.785892135802772, 8.435554916956402, 5.269169229648465, 6.086927539421749, 8.425022121314809], ""3"": [14.30720517079827, 8.225214764416622, 9.233921998657882, 7.293933893991885, 8.595263488998096], ""4"": [7.1078473142374925, 7.05076990482732, 7.822222627960931, 11.155299215547357, 4.758876420874679], ""5"": [8.083599831471362, 5.1711651910206236, 5.925504261801734, 7.160276367985326, 7.118141608903956], ""6"": [4.618397910765901, 7.599079905224401, 8.549548283126255, 9.632412072739212, 8.062177670965738], ""7"": [9.072547958458749, 6.8094739662036226, 11.05495507740739, 5.69879777054408, 8.753146663090037]}","{""0"": [0.7404382915634532, 0.8099390052622921, 0.8285997647244118, 0.40351703953665286, 0.8169712456455276], ""1"": [0.842299094133015, 0.8239906087467355, 0.24844326299826403, 0.8027529631709327, 0.6981033908589596], ""2"": [0.8145540381776654, 0.8058186474779498, 0.6306622198259233, 0.8112450045242554, 0.8531472498916539], ""3"": [0.30655036849635364, 0.7745924010518658, 0.7641151825172459, 0.851056875208863, 0.43689426399380815], ""4"": [0.23553072118421747, 0.8010687805302807, 0.6691020888881569, 0.6244374853314458, 0.5921229372694106], ""5"": [0.6398952682309742, 0.03011754771896813, 0.8400876653913736, 0.7578725419232949, 0.822598600927362], ""6"": [0.8879272138705587, 0.8494849491417924, 0.3177317151592147, 0.8230845396208053, 0.8371166313671738], ""7"": [0.5739547516312371, 0.19980952068501678, 0.4875288184609252, 0.6338737236093471, 0.7257108630669933]}","{""0"": [3.649486570533118, 3.6189622504045236, 5.938497257376793, 7.02393987207946, 5.487008076707292], ""1"": [5.655568609359313, 4.698381141919674, 10.059524864545953, 4.558462291365608, 5.439681502566112], ""2"": [4.514364541778738, 5.560265653066173, 4.186431120519372, 4.780820997426941, 5.223223370961974], ""3"": [6.644752619832804, 5.319780347214367, 6.142764268450342, 4.9710336023261545, 5.67474514651769], ""4"": [3.850232945761839, 4.86378708747329, 5.7545222337760995, 6.899368343486402, 3.495849687555307], ""5"": [5.204798637514437, 3.7673846660179136, 4.317088772349537, 4.982239327708324, 5.222012671793172], ""6"": [2.718924457244432, 5.6005107443805, 5.633235997957196, 7.0750034867964455, 6.015482650225746], ""7"": [6.566702480197291, 5.125443947084204, 6.471974421375285, 4.241928953054354, 6.363895344414197]}","{""0"": [0.040196078431372566, 0.045882352941176485, 0.14313725490196083, 0.14647058823529416, 0.07745098039215689], ""1"": [0.09037037037037042, 0.0575308641975309, 0.20432098765432105, 0.04049382716049386, 0.04074074074074078], ""2"": [0.048333333333333346, 0.05000000000000002, 0.09333333333333337, 0.12666666666666673, 0.041666666666666685], ""3"": [0.12619047619047624, 0.05879120879120882, 0.1778388278388279, 0.05805860805860808, 0.13168498168498172], ""4"": [0.062051282051282054, 0.07051282051282055, 0.12179487179487185, 0.10128205128205134, 0.04461538461538465], ""5"": [0.07410256410256412, 0.035512820512820543, 0.08846153846153851, 0.09743589743589746, 0.11217948717948724], ""6"": [0.0851851851851852, 0.1981481481481482, 0.07407407407407411, 0.07407407407407411, 0.16111111111111115], ""7"": [0.17753623188405804, 0.13985507246376816, 0.05608695652173916, 0.07811594202898553, 0.19927536231884066]}","{""0"": [0.05954820423603879, 0.11300541732883689, 0.08691686077391442, 0.08900557162076636, 0.0810817114120288], ""1"": [0.06991506200317825, 0.05206738384329627, 0.0921764147860925, 0.08229387200684371, 0.04323691434645513], ""2"": [0.05044295886310046, 0.04143815349868138, 0.2986978646495241, 0.0910718032814176, 0.07442088164954322], ""3"": [-0.004647954430704108, -0.02317001624664794, 0.10692366304440258, 0.07382855023174058, 0.08293643894939748], ""4"": [0.09258394792574076, 0.06160130805229922, 0.15750139426967494, 4117322.527369988, 0.04097147872041386], ""5"": [0.06091731539097645, 0.15136751057965064, 0.27359840648638073, 0.10516264712780676, 0.0565162291289544], ""6"": [0.1642622333581532, 0.29592578075898784, 0.07103829142932214, 0.04723072726495141, 0.08065406136847239], ""7"": [-1.3918482411283424, 0.14320503334023102, 0.057837502836927554, 0.1471078360050647, 0.10305929106109925]}","{""0"": [3.1553173895703104, 2.8263905551042905, 3.266862281986229, 7.055078915851121, 3.6683926078434403], ""1"": [3.755165095980476, 3.422994851483207, 33.27287632194024, 3.557164425837502, 3.6012764919662583], ""2"": [2.933530063051259, 3.8025896430287247, 3.0892558652891173, 3.0052049095520146, 3.1374051590349454], ""3"": [17.785236525120915, 3.5774968012414305, 4.618104243802909, 3.529638294348901, 4.3478785250929715], ""4"": [4.004215642411922, 3.0689539996977087, 3.660687879799162, 4.832014491004174, 2.8717488970650566], ""5"": [3.501825184024549, 2.871725413363024, 3.526586003866276, 3.3218671147464254, 3.573703650224979], ""6"": [2.7007527471784574, 3.409622200724725, 3.59129271963117, 3.7993079584304437, 3.806675756823714], ""7"": [3.511205992304426, 3.415856013059326, 4.486894143095129, 3.3363154325464945, 4.710455591072861]}","{""0"": [0.06764705882352942, 0.09647058823529411, 0.06999999999999998, 0.06764705882352941, 0.08294117647058823], ""1"": [0.03888888888888888, 0.06037037037037037, 0.0962962962962963, 0.061481481481481505, 0.02703703703703701], ""2"": [0.10499999999999998, 0.03999999999999998, 0.07499999999999998, 0.125, 0.045], ""3"": [0.06208791208791209, 0.06736263736263737, 0.09703296703296703, 0.07065934065934065, 0.06406593406593405], ""4"": [0.07538461538461538, 0.06076923076923076, 0.14153846153846153, 0.0776923076923077, 0.02230769230769231], ""5"": [0.04884615384615383, 0.15384615384615383, 0.065, 0.06538461538461539, 0.06692307692307692], ""6"": [0.05111111111111111, 0.09111111111111111, 0.06, 0.04222222222222223, 0.09666666666666665], ""7"": [0.07608695652173914, 0.12130434782608694, 0.06913043478260869, 0.11956521739130437, 0.13782608695652177]}","{""0"": [0.6760092273994759, 0.6933730510980607, 0.6534805844991742, 0.6010899616154205, 0.44027989353718944], ""1"": [0.4146177375183262, 0.6658845701890633, 0.7913875046387534, 0.5016413451559354, 0.5713704036774494], ""2"": [0.44692461014949436, 0.5225535874497904, 0.47945008140786954, 0.4928332937656109, 0.6763383249586699], ""3"": [0.48154201439404215, 0.6166588061289163, 0.6536525728104096, 0.4716372037252691, 0.7517819092918665], ""4"": [0.7335743775007798, 0.44594260757892157, 0.41265608424890293, 0.460474627856454, 0.29212748612599665], ""5"": [0.5856850487551232, 0.48484529548437205, 0.5186025527291211, 0.5831723728100006, 0.569571473491957], ""6"": [0.3501299337548128, 0.4844855369572442, 0.5464001942795843, 0.5560077686327017, 0.47403029103674804], ""7"": [0.7262451917311101, 0.37579691746174926, 0.5192598652943636, 0.337694975278534, 0.9231883686378801]}","{""0"": [0.10837665462370816, 0.43860319528976915, 0.7444028620741897, 0.5535523300229183, 0.5897455507397976], ""1"": [0.4903444876731052, 0.3654626894783745, 0.38799199642505805, 0.5338747250308798, 0.5895695970852153], ""2"": [0.6812198546259626, 0.5265137641993141, 0.3203007518796992, 0.7243325070341993, 0.49717942590820957], ""3"": [0.4593662651721447, 0.5117527380623754, 0.5038405639400251, 0.43219296604436486, 0.4737416423321986], ""4"": [0.4618803418803418, 0.6643870844238211, 0.6608547008547008, 0.7811217967068271, 0.33606837606837603], ""5"": [0.6345587438055488, 0.5714407766128787, 0.16901829394060355, 0.48226102944334365, 0.40239060869109555], ""6"": [0.28394428151515916, 0.27347781217750256, 0.5585958410898222, 0.47368421052631576, 0.4840041279669762], ""7"": [0.8080059549858587, 0.6518408896797232, 0.4709661621416044, 0.20454545454545459, 0.3686681605011929]}","{""0"": [4.347584027419266, 4.6065712407545645, 4.960904132582067, 4.254089576447627, 4.5792897702103845], ""1"": [4.3133533084611155, 4.7451273259665, 4.747191411059196, 4.000082618682659, 4.297573322555762], ""2"": [5.185171906839995, 4.65951473154717, 4.406326759530137, 4.395396363343854, 5.150687936307983], ""3"": [3.636987475737198, 4.813383373065791, 3.8039815116650146, 4.505473649218375, 4.2944556411687325], ""4"": [4.601524821596728, 4.559464849368427, 4.299201709286477, 4.538889757046785, 3.805550986910222], ""5"": [4.402093606339372, 4.0471851991271235, 4.001719778570401, 4.666600183635332, 4.410397492064844], ""6"": [3.3040196009264853, 4.326921778211426, 4.5859157699973565, 7.053853344432745, 4.6101022254512465], ""7"": [4.852833289224385, 3.9299904373534593, 4.84881332270558, 4.337590519582216, 4.927544738406655]}","{""0"": [8.121073126792908, 8.086623141542077, 9.13622928969562, 8.074255343526602, 7.987560875713825], ""1"": [9.067946843802929, 8.203340141102672, 8.238789832219481, 8.275135103613138, 8.382011644542217], ""2"": [9.181276148185134, 9.104270929470658, 7.187819642946124, 7.240767866373062, 7.229877468198538], ""3"": [7.690960204228759, 7.907925954088569, 7.900735160335898, 7.145122146233916, 7.286108614876866], ""4"": [7.0362328216433525, 7.2821702770888805, 8.226906273514032, 8.226384773850441, 7.792669296264648], ""5"": [8.116743333637714, 8.04311391711235, 8.183295652270317, 8.849727306514978, 8.874119866639376], ""6"": [7.803055329248309, 7.88746895827353, 7.866205807775259, 7.967384826391935, 8.750038769096136], ""7"": [8.837737759575248, 7.872350623831153, 7.948183497413993, 7.914327047765255, 8.020844807848334]}"
Understanding and Designing a High-Performance Ultrafiltration Membrane Using Machine Learning,target_organic compound removal (%),GpyroHMC,TanimotoMatern32,Matern32,sum,,,,,,,,,,,,,,,,,,,,,,
Understanding and Designing a High-Performance Ultrafiltration Membrane Using Machine Learning,target_organic compound removal (%),GpyroHMC,TanimotoMatern32,Matern32,product,,,,,,,,,,,,,,,,,,,,,,
Understanding and Designing a High-Performance Ultrafiltration Membrane Using Machine Learning,target_organic compound removal (%),GpyroHMC,TanimotoMatern32,Matern32,averageProduct,,,,,,,,,,,,,,,,,,,,,,
Understanding and Designing a High-Performance Ultrafiltration Membrane Using Machine Learning,target_organic compound removal (%),GpyroHMC,TanimotoMatern32,Matern32,(count:+)x(fp:x),,,,,,,,,,,,,,,,,,,,,,
Understanding and Designing a High-Performance Ultrafiltration Membrane Using Machine Learning,target_organic compound removal (%),GpyroHMC,TanimotoMatern32,Matern32,(count:+)x(fp:+),,,,,,,,,,,,,,,,,,,,,,
Understanding and Designing a High-Performance Ultrafiltration Membrane Using Machine Learning,target_organic compound removal (%),GpyroHMC,TanimotoMatern32,Matern32,(count:x)+(fp:x),,,,,,,,,,,,,,,,,,,,,,
Understanding and Designing a High-Performance Ultrafiltration Membrane Using Machine Learning,target_organic compound removal (%),GpyroHMC,TanimotoMatern32,Matern52,sum,,,,,,,,,,,,,,,,,,,,,,
Understanding and Designing a High-Performance Ultrafiltration Membrane Using Machine Learning,target_organic compound removal (%),GpyroHMC,TanimotoMatern32,Matern52,product,,,,,,,,,,,,,,,,,,,,,,
Understanding and Designing a High-Performance Ultrafiltration Membrane Using Machine Learning,target_organic compound removal (%),GpyroHMC,TanimotoMatern32,Matern52,averageProduct,,,,,,,,,,,,,,,,,,,,,,
Understanding and Designing a High-Performance Ultrafiltration Membrane Using Machine Learning,target_organic compound removal (%),GpyroHMC,TanimotoMatern32,Matern52,(count:+)x(fp:x),,,,,,,,,,,,,,,,,,,,,,
Understanding and Designing a High-Performance Ultrafiltration Membrane Using Machine Learning,target_organic compound removal (%),GpyroHMC,TanimotoMatern32,Matern52,(count:+)x(fp:+),,,,,,,,,,,,,,,,,,,,,,
Understanding and Designing a High-Performance Ultrafiltration Membrane Using Machine Learning,target_organic compound removal (%),GpyroHMC,TanimotoMatern32,Matern52,(count:x)+(fp:x),,,,,,,,,,,,,,,,,,,,,,
Understanding and Designing a High-Performance Ultrafiltration Membrane Using Machine Learning,target_organic compound removal (%),GpyroHMC,TanimotoMatern32,RBF,sum,,,,,,,,,,,,,,,,,,,,,,
Understanding and Designing a High-Performance Ultrafiltration Membrane Using Machine Learning,target_organic compound removal (%),GpyroHMC,TanimotoMatern32,RBF,product,,,,,,,,,,,,,,,,,,,,,,
Understanding and Designing a High-Performance Ultrafiltration Membrane Using Machine Learning,target_organic compound removal (%),GpyroHMC,TanimotoMatern32,RBF,averageProduct,,,,,,,,,,,,,,,,,,,,,,
Understanding and Designing a High-Performance Ultrafiltration Membrane Using Machine Learning,target_organic compound removal (%),GpyroHMC,TanimotoMatern32,RBF,(count:+)x(fp:x),,,,,,,,,,,,,,,,,,,,,,
Understanding and Designing a High-Performance Ultrafiltration Membrane Using Machine Learning,target_organic compound removal (%),GpyroHMC,TanimotoMatern32,RBF,(count:+)x(fp:+),,,,,,,,,,,,,,,,,,,,,,
Understanding and Designing a High-Performance Ultrafiltration Membrane Using Machine Learning,target_organic compound removal (%),GpyroHMC,TanimotoMatern32,RBF,(count:x)+(fp:x),,,,,,,,,,,,,,,,,,,,,,
Understanding and Designing a High-Performance Ultrafiltration Membrane Using Machine Learning,target_organic compound removal (%),GpyroHMC,TanimotoMatern52,Matern32,sum,,,,,,,,,,,,,,,,,,,,,,
Understanding and Designing a High-Performance Ultrafiltration Membrane Using Machine Learning,target_organic compound removal (%),GpyroHMC,TanimotoMatern52,Matern32,product,,,,,,,,,,,,,,,,,,,,,,
Understanding and Designing a High-Performance Ultrafiltration Membrane Using Machine Learning,target_organic compound removal (%),GpyroHMC,TanimotoMatern52,Matern32,averageProduct,,,,,,,,,,,,,,,,,,,,,,
Understanding and Designing a High-Performance Ultrafiltration Membrane Using Machine Learning,target_organic compound removal (%),GpyroHMC,TanimotoMatern52,Matern32,(count:+)x(fp:x),,,,,,,,,,,,,,,,,,,,,,
Understanding and Designing a High-Performance Ultrafiltration Membrane Using Machine Learning,target_organic compound removal (%),GpyroHMC,TanimotoMatern52,Matern32,(count:+)x(fp:+),,,,,,,,,,,,,,,,,,,,,,
Understanding and Designing a High-Performance Ultrafiltration Membrane Using Machine Learning,target_organic compound removal (%),GpyroHMC,TanimotoMatern52,Matern32,(count:x)+(fp:x),,,,,,,,,,,,,,,,,,,,,,
Understanding and Designing a High-Performance Ultrafiltration Membrane Using Machine Learning,target_organic compound removal (%),GpyroHMC,TanimotoMatern52,Matern52,sum,,,,,,,,,,,,,,,,,,,,,,
Understanding and Designing a High-Performance Ultrafiltration Membrane Using Machine Learning,target_organic compound removal (%),GpyroHMC,TanimotoMatern52,Matern52,product,,,,,,,,,,,,,,,,,,,,,,
Understanding and Designing a High-Performance Ultrafiltration Membrane Using Machine Learning,target_organic compound removal (%),GpyroHMC,TanimotoMatern52,Matern52,averageProduct,,,,,,,,,,,,,,,,,,,,,,
Understanding and Designing a High-Performance Ultrafiltration Membrane Using Machine Learning,target_organic compound removal (%),GpyroHMC,TanimotoMatern52,Matern52,(count:+)x(fp:x),,,,,,,,,,,,,,,,,,,,,,
Understanding and Designing a High-Performance Ultrafiltration Membrane Using Machine Learning,target_organic compound removal (%),GpyroHMC,TanimotoMatern52,Matern52,(count:+)x(fp:+),,,,,,,,,,,,,,,,,,,,,,
Understanding and Designing a High-Performance Ultrafiltration Membrane Using Machine Learning,target_organic compound removal (%),GpyroHMC,TanimotoMatern52,Matern52,(count:x)+(fp:x),,,,,,,,,,,,,,,,,,,,,,
Understanding and Designing a High-Performance Ultrafiltration Membrane Using Machine Learning,target_organic compound removal (%),GpyroHMC,TanimotoMatern52,RBF,sum,,,,,,,,,,,,,,,,,,,,,,
Understanding and Designing a High-Performance Ultrafiltration Membrane Using Machine Learning,target_organic compound removal (%),GpyroHMC,TanimotoMatern52,RBF,product,,,,,,,,,,,,,,,,,,,,,,
Understanding and Designing a High-Performance Ultrafiltration Membrane Using Machine Learning,target_organic compound removal (%),GpyroHMC,TanimotoMatern52,RBF,averageProduct,,,,,,,,,,,,,,,,,,,,,,
Understanding and Designing a High-Performance Ultrafiltration Membrane Using Machine Learning,target_organic compound removal (%),GpyroHMC,TanimotoMatern52,RBF,(count:+)x(fp:x),,,,,,,,,,,,,,,,,,,,,,
Understanding and Designing a High-Performance Ultrafiltration Membrane Using Machine Learning,target_organic compound removal (%),GpyroHMC,TanimotoMatern52,RBF,(count:+)x(fp:+),,,,,,,,,,,,,,,,,,,,,,
Understanding and Designing a High-Performance Ultrafiltration Membrane Using Machine Learning,target_organic compound removal (%),GpyroHMC,TanimotoMatern52,RBF,(count:x)+(fp:x),,,,,,,,,,,,,,,,,,,,,,
Understanding and Designing a High-Performance Ultrafiltration Membrane Using Machine Learning,target_organic compound removal (%),GpyroHMC,TanimotoRBF,Matern32,sum,,,,,,,,,,,,,,,,,,,,,,
Understanding and Designing a High-Performance Ultrafiltration Membrane Using Machine Learning,target_organic compound removal (%),GpyroHMC,TanimotoRBF,Matern32,product,,,,,,,,,,,,,,,,,,,,,,
Understanding and Designing a High-Performance Ultrafiltration Membrane Using Machine Learning,target_organic compound removal (%),GpyroHMC,TanimotoRBF,Matern32,averageProduct,,,,,,,,,,,,,,,,,,,,,,
Understanding and Designing a High-Performance Ultrafiltration Membrane Using Machine Learning,target_organic compound removal (%),GpyroHMC,TanimotoRBF,Matern32,(count:+)x(fp:x),,,,,,,,,,,,,,,,,,,,,,
Understanding and Designing a High-Performance Ultrafiltration Membrane Using Machine Learning,target_organic compound removal (%),GpyroHMC,TanimotoRBF,Matern32,(count:+)x(fp:+),,,,,,,,,,,,,,,,,,,,,,
Understanding and Designing a High-Performance Ultrafiltration Membrane Using Machine Learning,target_organic compound removal (%),GpyroHMC,TanimotoRBF,Matern32,(count:x)+(fp:x),,,,,,,,,,,,,,,,,,,,,,
Understanding and Designing a High-Performance Ultrafiltration Membrane Using Machine Learning,target_organic compound removal (%),GpyroHMC,TanimotoRBF,Matern52,sum,,,,,,,,,,,,,,,,,,,,,,
Understanding and Designing a High-Performance Ultrafiltration Membrane Using Machine Learning,target_organic compound removal (%),GpyroHMC,TanimotoRBF,Matern52,product,,,,,,,,,,,,,,,,,,,,,,
Understanding and Designing a High-Performance Ultrafiltration Membrane Using Machine Learning,target_organic compound removal (%),GpyroHMC,TanimotoRBF,Matern52,averageProduct,,,,,,,,,,,,,,,,,,,,,,
Understanding and Designing a High-Performance Ultrafiltration Membrane Using Machine Learning,target_organic compound removal (%),GpyroHMC,TanimotoRBF,Matern52,(count:+)x(fp:x),,,,,,,,,,,,,,,,,,,,,,
Understanding and Designing a High-Performance Ultrafiltration Membrane Using Machine Learning,target_organic compound removal (%),GpyroHMC,TanimotoRBF,Matern52,(count:+)x(fp:+),,,,,,,,,,,,,,,,,,,,,,
Understanding and Designing a High-Performance Ultrafiltration Membrane Using Machine Learning,target_organic compound removal (%),GpyroHMC,TanimotoRBF,Matern52,(count:x)+(fp:x),,,,,,,,,,,,,,,,,,,,,,
Understanding and Designing a High-Performance Ultrafiltration Membrane Using Machine Learning,target_organic compound removal (%),GpyroHMC,TanimotoRBF,RBF,sum,,,,,,,,,,,,,,,,,,,,,,
Understanding and Designing a High-Performance Ultrafiltration Membrane Using Machine Learning,target_organic compound removal (%),GpyroHMC,TanimotoRBF,RBF,product,,,,,,,,,,,,,,,,,,,,,,
Understanding and Designing a High-Performance Ultrafiltration Membrane Using Machine Learning,target_organic compound removal (%),GpyroHMC,TanimotoRBF,RBF,averageProduct,,,,,,,,,,,,,,,,,,,,,,
Understanding and Designing a High-Performance Ultrafiltration Membrane Using Machine Learning,target_organic compound removal (%),GpyroHMC,TanimotoRBF,RBF,(count:+)x(fp:x),,,,,,,,,,,,,,,,,,,,,,
Understanding and Designing a High-Performance Ultrafiltration Membrane Using Machine Learning,target_organic compound removal (%),GpyroHMC,TanimotoRBF,RBF,(count:+)x(fp:+),,,,,,,,,,,,,,,,,,,,,,
Understanding and Designing a High-Performance Ultrafiltration Membrane Using Machine Learning,target_organic compound removal (%),GpyroHMC,TanimotoRBF,RBF,(count:x)+(fp:x),,,,,,,,,,,,,,,,,,,,,,
Understanding and Designing a High-Performance Ultrafiltration Membrane Using Machine Learning,target_organic compound removal (%),GpyroHMC,Tanimoto,Matern32,sum,,,,,,,,,,,,,,,,,,,,,,
Understanding and Designing a High-Performance Ultrafiltration Membrane Using Machine Learning,target_organic compound removal (%),GpyroHMC,Tanimoto,Matern32,product,,,,,,,,,,,,,,,,,,,,,,
Understanding and Designing a High-Performance Ultrafiltration Membrane Using Machine Learning,target_organic compound removal (%),GpyroHMC,Tanimoto,Matern32,averageProduct,,,,,,,,,,,,,,,,,,,,,,
Understanding and Designing a High-Performance Ultrafiltration Membrane Using Machine Learning,target_organic compound removal (%),GpyroHMC,Tanimoto,Matern32,(count:+)x(fp:x),,,,,,,,,,,,,,,,,,,,,,
Understanding and Designing a High-Performance Ultrafiltration Membrane Using Machine Learning,target_organic compound removal (%),GpyroHMC,Tanimoto,Matern32,(count:+)x(fp:+),,,,,,,,,,,,,,,,,,,,,,
Understanding and Designing a High-Performance Ultrafiltration Membrane Using Machine Learning,target_organic compound removal (%),GpyroHMC,Tanimoto,Matern32,(count:x)+(fp:x),,,,,,,,,,,,,,,,,,,,,,
Understanding and Designing a High-Performance Ultrafiltration Membrane Using Machine Learning,target_organic compound removal (%),GpyroHMC,Tanimoto,Matern52,sum,,,,,,,,,,,,,,,,,,,,,,
Understanding and Designing a High-Performance Ultrafiltration Membrane Using Machine Learning,target_organic compound removal (%),GpyroHMC,Tanimoto,Matern52,product,,,,,,,,,,,,,,,,,,,,,,
Understanding and Designing a High-Performance Ultrafiltration Membrane Using Machine Learning,target_organic compound removal (%),GpyroHMC,Tanimoto,Matern52,averageProduct,,,,,,,,,,,,,,,,,,,,,,
Understanding and Designing a High-Performance Ultrafiltration Membrane Using Machine Learning,target_organic compound removal (%),GpyroHMC,Tanimoto,Matern52,(count:+)x(fp:x),,,,,,,,,,,,,,,,,,,,,,
Understanding and Designing a High-Performance Ultrafiltration Membrane Using Machine Learning,target_organic compound removal (%),GpyroHMC,Tanimoto,Matern52,(count:+)x(fp:+),,,,,,,,,,,,,,,,,,,,,,
Understanding and Designing a High-Performance Ultrafiltration Membrane Using Machine Learning,target_organic compound removal (%),GpyroHMC,Tanimoto,Matern52,(count:x)+(fp:x),,,,,,,,,,,,,,,,,,,,,,
Understanding and Designing a High-Performance Ultrafiltration Membrane Using Machine Learning,target_organic compound removal (%),GpyroHMC,Tanimoto,RBF,sum,,,,,,,,,,,,,,,,,,,,,,
Understanding and Designing a High-Performance Ultrafiltration Membrane Using Machine Learning,target_organic compound removal (%),GpyroHMC,Tanimoto,RBF,product,,,,,,,,,,,,,,,,,,,,,,
Understanding and Designing a High-Performance Ultrafiltration Membrane Using Machine Learning,target_organic compound removal (%),GpyroHMC,Tanimoto,RBF,averageProduct,,,,,,,,,,,,,,,,,,,,,,
Understanding and Designing a High-Performance Ultrafiltration Membrane Using Machine Learning,target_organic compound removal (%),GpyroHMC,Tanimoto,RBF,(count:+)x(fp:x),,,,,,,,,,,,,,,,,,,,,,
Understanding and Designing a High-Performance Ultrafiltration Membrane Using Machine Learning,target_organic compound removal (%),GpyroHMC,Tanimoto,RBF,(count:+)x(fp:+),,,,,,,,,,,,,,,,,,,,,,
Understanding and Designing a High-Performance Ultrafiltration Membrane Using Machine Learning,target_organic compound removal (%),GpyroHMC,Tanimoto,RBF,(count:x)+(fp:x),,,,,,,,,,,,,,,,,,,,,,
Understanding and Designing a High-Performance Ultrafiltration Membrane Using Machine Learning,target_organic compound removal (%),GpyroHMC,Matern32,Matern32,sum,,,,,,,,,,,,,,,,,,,,,,
Understanding and Designing a High-Performance Ultrafiltration Membrane Using Machine Learning,target_organic compound removal (%),GpyroHMC,Matern32,Matern32,product,,,,,,,,,,,,,,,,,,,,,,
Understanding and Designing a High-Performance Ultrafiltration Membrane Using Machine Learning,target_organic compound removal (%),GpyroHMC,Matern32,Matern32,averageProduct,,,,,,,,,,,,,,,,,,,,,,
Understanding and Designing a High-Performance Ultrafiltration Membrane Using Machine Learning,target_organic compound removal (%),GpyroHMC,Matern32,Matern32,(count:+)x(fp:x),,,,,,,,,,,,,,,,,,,,,,
Understanding and Designing a High-Performance Ultrafiltration Membrane Using Machine Learning,target_organic compound removal (%),GpyroHMC,Matern32,Matern32,(count:+)x(fp:+),,,,,,,,,,,,,,,,,,,,,,
Understanding and Designing a High-Performance Ultrafiltration Membrane Using Machine Learning,target_organic compound removal (%),GpyroHMC,Matern32,Matern32,(count:x)+(fp:x),,,,,,,,,,,,,,,,,,,,,,
Understanding and Designing a High-Performance Ultrafiltration Membrane Using Machine Learning,target_organic compound removal (%),GpyroHMC,Matern32,Matern52,sum,,,,,,,,,,,,,,,,,,,,,,
Understanding and Designing a High-Performance Ultrafiltration Membrane Using Machine Learning,target_organic compound removal (%),GpyroHMC,Matern32,Matern52,product,,,,,,,,,,,,,,,,,,,,,,
Understanding and Designing a High-Performance Ultrafiltration Membrane Using Machine Learning,target_organic compound removal (%),GpyroHMC,Matern32,Matern52,averageProduct,,,,,,,,,,,,,,,,,,,,,,
Understanding and Designing a High-Performance Ultrafiltration Membrane Using Machine Learning,target_organic compound removal (%),GpyroHMC,Matern32,Matern52,(count:+)x(fp:x),,,,,,,,,,,,,,,,,,,,,,
Understanding and Designing a High-Performance Ultrafiltration Membrane Using Machine Learning,target_organic compound removal (%),GpyroHMC,Matern32,Matern52,(count:+)x(fp:+),,,,,,,,,,,,,,,,,,,,,,
Understanding and Designing a High-Performance Ultrafiltration Membrane Using Machine Learning,target_organic compound removal (%),GpyroHMC,Matern32,Matern52,(count:x)+(fp:x),,,,,,,,,,,,,,,,,,,,,,
Understanding and Designing a High-Performance Ultrafiltration Membrane Using Machine Learning,target_organic compound removal (%),GpyroHMC,Matern32,RBF,sum,,,,,,,,,,,,,,,,,,,,,,
Understanding and Designing a High-Performance Ultrafiltration Membrane Using Machine Learning,target_organic compound removal (%),GpyroHMC,Matern32,RBF,product,,,,,,,,,,,,,,,,,,,,,,
Understanding and Designing a High-Performance Ultrafiltration Membrane Using Machine Learning,target_organic compound removal (%),GpyroHMC,Matern32,RBF,averageProduct,,,,,,,,,,,,,,,,,,,,,,
Understanding and Designing a High-Performance Ultrafiltration Membrane Using Machine Learning,target_organic compound removal (%),GpyroHMC,Matern32,RBF,(count:+)x(fp:x),,,,,,,,,,,,,,,,,,,,,,
Understanding and Designing a High-Performance Ultrafiltration Membrane Using Machine Learning,target_organic compound removal (%),GpyroHMC,Matern32,RBF,(count:+)x(fp:+),,,,,,,,,,,,,,,,,,,,,,
Understanding and Designing a High-Performance Ultrafiltration Membrane Using Machine Learning,target_organic compound removal (%),GpyroHMC,Matern32,RBF,(count:x)+(fp:x),,,,,,,,,,,,,,,,,,,,,,
Understanding and Designing a High-Performance Ultrafiltration Membrane Using Machine Learning,target_organic compound removal (%),GpyroHMC,Matern52,Matern32,sum,,,,,,,,,,,,,,,,,,,,,,
Understanding and Designing a High-Performance Ultrafiltration Membrane Using Machine Learning,target_organic compound removal (%),GpyroHMC,Matern52,Matern32,product,,,,,,,,,,,,,,,,,,,,,,
Understanding and Designing a High-Performance Ultrafiltration Membrane Using Machine Learning,target_organic compound removal (%),GpyroHMC,Matern52,Matern32,averageProduct,,,,,,,,,,,,,,,,,,,,,,
Understanding and Designing a High-Performance Ultrafiltration Membrane Using Machine Learning,target_organic compound removal (%),GpyroHMC,Matern52,Matern32,(count:+)x(fp:x),,,,,,,,,,,,,,,,,,,,,,
Understanding and Designing a High-Performance Ultrafiltration Membrane Using Machine Learning,target_organic compound removal (%),GpyroHMC,Matern52,Matern32,(count:+)x(fp:+),,,,,,,,,,,,,,,,,,,,,,
Understanding and Designing a High-Performance Ultrafiltration Membrane Using Machine Learning,target_organic compound removal (%),GpyroHMC,Matern52,Matern32,(count:x)+(fp:x),,,,,,,,,,,,,,,,,,,,,,
Understanding and Designing a High-Performance Ultrafiltration Membrane Using Machine Learning,target_organic compound removal (%),GpyroHMC,Matern52,Matern52,sum,,,,,,,,,,,,,,,,,,,,,,
Understanding and Designing a High-Performance Ultrafiltration Membrane Using Machine Learning,target_organic compound removal (%),GpyroHMC,Matern52,Matern52,product,,,,,,,,,,,,,,,,,,,,,,
Understanding and Designing a High-Performance Ultrafiltration Membrane Using Machine Learning,target_organic compound removal (%),GpyroHMC,Matern52,Matern52,averageProduct,,,,,,,,,,,,,,,,,,,,,,
Understanding and Designing a High-Performance Ultrafiltration Membrane Using Machine Learning,target_organic compound removal (%),GpyroHMC,Matern52,Matern52,(count:+)x(fp:x),,,,,,,,,,,,,,,,,,,,,,
Understanding and Designing a High-Performance Ultrafiltration Membrane Using Machine Learning,target_organic compound removal (%),GpyroHMC,Matern52,Matern52,(count:+)x(fp:+),,,,,,,,,,,,,,,,,,,,,,
Understanding and Designing a High-Performance Ultrafiltration Membrane Using Machine Learning,target_organic compound removal (%),GpyroHMC,Matern52,Matern52,(count:x)+(fp:x),,,,,,,,,,,,,,,,,,,,,,
Understanding and Designing a High-Performance Ultrafiltration Membrane Using Machine Learning,target_organic compound removal (%),GpyroHMC,Matern52,RBF,sum,,,,,,,,,,,,,,,,,,,,,,
Understanding and Designing a High-Performance Ultrafiltration Membrane Using Machine Learning,target_organic compound removal (%),GpyroHMC,Matern52,RBF,product,,,,,,,,,,,,,,,,,,,,,,
Understanding and Designing a High-Performance Ultrafiltration Membrane Using Machine Learning,target_organic compound removal (%),GpyroHMC,Matern52,RBF,averageProduct,,,,,,,,,,,,,,,,,,,,,,
Understanding and Designing a High-Performance Ultrafiltration Membrane Using Machine Learning,target_organic compound removal (%),GpyroHMC,Matern52,RBF,(count:+)x(fp:x),,,,,,,,,,,,,,,,,,,,,,
Understanding and Designing a High-Performance Ultrafiltration Membrane Using Machine Learning,target_organic compound removal (%),GpyroHMC,Matern52,RBF,(count:+)x(fp:+),,,,,,,,,,,,,,,,,,,,,,
Understanding and Designing a High-Performance Ultrafiltration Membrane Using Machine Learning,target_organic compound removal (%),GpyroHMC,Matern52,RBF,(count:x)+(fp:x),,,,,,,,,,,,,,,,,,,,,,
Understanding and Designing a High-Performance Ultrafiltration Membrane Using Machine Learning,target_organic compound removal (%),GpyroHMC,RBF,Matern32,sum,,,,,,,,,,,,,,,,,,,,,,
Understanding and Designing a High-Performance Ultrafiltration Membrane Using Machine Learning,target_organic compound removal (%),GpyroHMC,RBF,Matern32,product,,,,,,,,,,,,,,,,,,,,,,
Understanding and Designing a High-Performance Ultrafiltration Membrane Using Machine Learning,target_organic compound removal (%),GpyroHMC,RBF,Matern32,averageProduct,,,,,,,,,,,,,,,,,,,,,,
Understanding and Designing a High-Performance Ultrafiltration Membrane Using Machine Learning,target_organic compound removal (%),GpyroHMC,RBF,Matern32,(count:+)x(fp:x),,,,,,,,,,,,,,,,,,,,,,
Understanding and Designing a High-Performance Ultrafiltration Membrane Using Machine Learning,target_organic compound removal (%),GpyroHMC,RBF,Matern32,(count:+)x(fp:+),,,,,,,,,,,,,,,,,,,,,,
Understanding and Designing a High-Performance Ultrafiltration Membrane Using Machine Learning,target_organic compound removal (%),GpyroHMC,RBF,Matern32,(count:x)+(fp:x),,,,,,,,,,,,,,,,,,,,,,
Understanding and Designing a High-Performance Ultrafiltration Membrane Using Machine Learning,target_organic compound removal (%),GpyroHMC,RBF,Matern52,sum,,,,,,,,,,,,,,,,,,,,,,
Understanding and Designing a High-Performance Ultrafiltration Membrane Using Machine Learning,target_organic compound removal (%),GpyroHMC,RBF,Matern52,product,,,,,,,,,,,,,,,,,,,,,,
Understanding and Designing a High-Performance Ultrafiltration Membrane Using Machine Learning,target_organic compound removal (%),GpyroHMC,RBF,Matern52,averageProduct,,,,,,,,,,,,,,,,,,,,,,
Understanding and Designing a High-Performance Ultrafiltration Membrane Using Machine Learning,target_organic compound removal (%),GpyroHMC,RBF,Matern52,(count:+)x(fp:x),,,,,,,,,,,,,,,,,,,,,,
Understanding and Designing a High-Performance Ultrafiltration Membrane Using Machine Learning,target_organic compound removal (%),GpyroHMC,RBF,Matern52,(count:+)x(fp:+),,,,,,,,,,,,,,,,,,,,,,
Understanding and Designing a High-Performance Ultrafiltration Membrane Using Machine Learning,target_organic compound removal (%),GpyroHMC,RBF,Matern52,(count:x)+(fp:x),,,,,,,,,,,,,,,,,,,,,,
Understanding and Designing a High-Performance Ultrafiltration Membrane Using Machine Learning,target_organic compound removal (%),GpyroHMC,RBF,RBF,sum,,,,,,,,,,,,,,,,,,,,,,
Understanding and Designing a High-Performance Ultrafiltration Membrane Using Machine Learning,target_organic compound removal (%),GpyroHMC,RBF,RBF,product,,,,,,,,,,,,,,,,,,,,,,
Understanding and Designing a High-Performance Ultrafiltration Membrane Using Machine Learning,target_organic compound removal (%),GpyroHMC,RBF,RBF,averageProduct,,,,,,,,,,,,,,,,,,,,,,
Understanding and Designing a High-Performance Ultrafiltration Membrane Using Machine Learning,target_organic compound removal (%),GpyroHMC,RBF,RBF,(count:+)x(fp:x),,,,,,,,,,,,,,,,,,,,,,
Understanding and Designing a High-Performance Ultrafiltration Membrane Using Machine Learning,target_organic compound removal (%),GpyroHMC,RBF,RBF,(count:+)x(fp:+),,,,,,,,,,,,,,,,,,,,,,
Understanding and Designing a High-Performance Ultrafiltration Membrane Using Machine Learning,target_organic compound removal (%),GpyroHMC,RBF,RBF,(count:x)+(fp:x),,,,,,,,,,,,,,,,,,,,,,
Understanding and Designing a High-Performance Ultrafiltration Membrane Using Machine Learning,target_organic compound removal (%),GPytorchMAP,TanimotoMatern32,Matern32,sum,,,,,,,,,,,,,,,,,,,,,,
Understanding and Designing a High-Performance Ultrafiltration Membrane Using Machine Learning,target_organic compound removal (%),GPytorchMAP,TanimotoMatern32,Matern32,product,,,,,,,,,,,,,,,,,,,,,,
Understanding and Designing a High-Performance Ultrafiltration Membrane Using Machine Learning,target_organic compound removal (%),GPytorchMAP,TanimotoMatern32,Matern32,averageProduct,,,,,,,,,,,,,,,,,,,,,,
Understanding and Designing a High-Performance Ultrafiltration Membrane Using Machine Learning,target_organic compound removal (%),GPytorchMAP,TanimotoMatern32,Matern32,(count:+)x(fp:x),,,,,,,,,,,,,,,,,,,,,,
Understanding and Designing a High-Performance Ultrafiltration Membrane Using Machine Learning,target_organic compound removal (%),GPytorchMAP,TanimotoMatern32,Matern32,(count:+)x(fp:+),,,,,,,,,,,,,,,,,,,,,,
Understanding and Designing a High-Performance Ultrafiltration Membrane Using Machine Learning,target_organic compound removal (%),GPytorchMAP,TanimotoMatern32,Matern32,(count:x)+(fp:x),,,,,,,,,,,,,,,,,,,,,,
Understanding and Designing a High-Performance Ultrafiltration Membrane Using Machine Learning,target_organic compound removal (%),GPytorchMAP,TanimotoMatern32,Matern52,sum,,,,,,,,,,,,,,,,,,,,,,
Understanding and Designing a High-Performance Ultrafiltration Membrane Using Machine Learning,target_organic compound removal (%),GPytorchMAP,TanimotoMatern32,Matern52,product,,,,,,,,,,,,,,,,,,,,,,
Understanding and Designing a High-Performance Ultrafiltration Membrane Using Machine Learning,target_organic compound removal (%),GPytorchMAP,TanimotoMatern32,Matern52,averageProduct,,,,,,,,,,,,,,,,,,,,,,
Understanding and Designing a High-Performance Ultrafiltration Membrane Using Machine Learning,target_organic compound removal (%),GPytorchMAP,TanimotoMatern32,Matern52,(count:+)x(fp:x),,,,,,,,,,,,,,,,,,,,,,
Understanding and Designing a High-Performance Ultrafiltration Membrane Using Machine Learning,target_organic compound removal (%),GPytorchMAP,TanimotoMatern32,Matern52,(count:+)x(fp:+),,,,,,,,,,,,,,,,,,,,,,
Understanding and Designing a High-Performance Ultrafiltration Membrane Using Machine Learning,target_organic compound removal (%),GPytorchMAP,TanimotoMatern32,Matern52,(count:x)+(fp:x),,,,,,,,,,,,,,,,,,,,,,
Understanding and Designing a High-Performance Ultrafiltration Membrane Using Machine Learning,target_organic compound removal (%),GPytorchMAP,TanimotoMatern32,RBF,sum,,,,,,,,,,,,,,,,,,,,,,
Understanding and Designing a High-Performance Ultrafiltration Membrane Using Machine Learning,target_organic compound removal (%),GPytorchMAP,TanimotoMatern32,RBF,product,,,,,,,,,,,,,,,,,,,,,,
Understanding and Designing a High-Performance Ultrafiltration Membrane Using Machine Learning,target_organic compound removal (%),GPytorchMAP,TanimotoMatern32,RBF,averageProduct,,,,,,,,,,,,,,,,,,,,,,
Understanding and Designing a High-Performance Ultrafiltration Membrane Using Machine Learning,target_organic compound removal (%),GPytorchMAP,TanimotoMatern32,RBF,(count:+)x(fp:x),,,,,,,,,,,,,,,,,,,,,,
Understanding and Designing a High-Performance Ultrafiltration Membrane Using Machine Learning,target_organic compound removal (%),GPytorchMAP,TanimotoMatern32,RBF,(count:+)x(fp:+),,,,,,,,,,,,,,,,,,,,,,
Understanding and Designing a High-Performance Ultrafiltration Membrane Using Machine Learning,target_organic compound removal (%),GPytorchMAP,TanimotoMatern32,RBF,(count:x)+(fp:x),,,,,,,,,,,,,,,,,,,,,,
Understanding and Designing a High-Performance Ultrafiltration Membrane Using Machine Learning,target_organic compound removal (%),GPytorchMAP,TanimotoMatern52,Matern32,sum,,,,,,,,,,,,,,,,,,,,,,
Understanding and Designing a High-Performance Ultrafiltration Membrane Using Machine Learning,target_organic compound removal (%),GPytorchMAP,TanimotoMatern52,Matern32,product,,,,,,,,,,,,,,,,,,,,,,
Understanding and Designing a High-Performance Ultrafiltration Membrane Using Machine Learning,target_organic compound removal (%),GPytorchMAP,TanimotoMatern52,Matern32,averageProduct,,,,,,,,,,,,,,,,,,,,,,
Understanding and Designing a High-Performance Ultrafiltration Membrane Using Machine Learning,target_organic compound removal (%),GPytorchMAP,TanimotoMatern52,Matern32,(count:+)x(fp:x),,,,,,,,,,,,,,,,,,,,,,
Understanding and Designing a High-Performance Ultrafiltration Membrane Using Machine Learning,target_organic compound removal (%),GPytorchMAP,TanimotoMatern52,Matern32,(count:+)x(fp:+),,,,,,,,,,,,,,,,,,,,,,
Understanding and Designing a High-Performance Ultrafiltration Membrane Using Machine Learning,target_organic compound removal (%),GPytorchMAP,TanimotoMatern52,Matern32,(count:x)+(fp:x),,,,,,,,,,,,,,,,,,,,,,
Understanding and Designing a High-Performance Ultrafiltration Membrane Using Machine Learning,target_organic compound removal (%),GPytorchMAP,TanimotoMatern52,Matern52,sum,,,,,,,,,,,,,,,,,,,,,,
Understanding and Designing a High-Performance Ultrafiltration Membrane Using Machine Learning,target_organic compound removal (%),GPytorchMAP,TanimotoMatern52,Matern52,product,,,,,,,,,,,,,,,,,,,,,,
Understanding and Designing a High-Performance Ultrafiltration Membrane Using Machine Learning,target_organic compound removal (%),GPytorchMAP,TanimotoMatern52,Matern52,averageProduct,,,,,,,,,,,,,,,,,,,,,,
Understanding and Designing a High-Performance Ultrafiltration Membrane Using Machine Learning,target_organic compound removal (%),GPytorchMAP,TanimotoMatern52,Matern52,(count:+)x(fp:x),,,,,,,,,,,,,,,,,,,,,,
Understanding and Designing a High-Performance Ultrafiltration Membrane Using Machine Learning,target_organic compound removal (%),GPytorchMAP,TanimotoMatern52,Matern52,(count:+)x(fp:+),,,,,,,,,,,,,,,,,,,,,,
Understanding and Designing a High-Performance Ultrafiltration Membrane Using Machine Learning,target_organic compound removal (%),GPytorchMAP,TanimotoMatern52,Matern52,(count:x)+(fp:x),,,,,,,,,,,,,,,,,,,,,,
Understanding and Designing a High-Performance Ultrafiltration Membrane Using Machine Learning,target_organic compound removal (%),GPytorchMAP,TanimotoMatern52,RBF,sum,,,,,,,,,,,,,,,,,,,,,,
Understanding and Designing a High-Performance Ultrafiltration Membrane Using Machine Learning,target_organic compound removal (%),GPytorchMAP,TanimotoMatern52,RBF,product,,,,,,,,,,,,,,,,,,,,,,
Understanding and Designing a High-Performance Ultrafiltration Membrane Using Machine Learning,target_organic compound removal (%),GPytorchMAP,TanimotoMatern52,RBF,averageProduct,,,,,,,,,,,,,,,,,,,,,,
Understanding and Designing a High-Performance Ultrafiltration Membrane Using Machine Learning,target_organic compound removal (%),GPytorchMAP,TanimotoMatern52,RBF,(count:+)x(fp:x),,,,,,,,,,,,,,,,,,,,,,
Understanding and Designing a High-Performance Ultrafiltration Membrane Using Machine Learning,target_organic compound removal (%),GPytorchMAP,TanimotoMatern52,RBF,(count:+)x(fp:+),,,,,,,,,,,,,,,,,,,,,,
Understanding and Designing a High-Performance Ultrafiltration Membrane Using Machine Learning,target_organic compound removal (%),GPytorchMAP,TanimotoMatern52,RBF,(count:x)+(fp:x),,,,,,,,,,,,,,,,,,,,,,
Understanding and Designing a High-Performance Ultrafiltration Membrane Using Machine Learning,target_organic compound removal (%),GPytorchMAP,TanimotoRBF,Matern32,sum,,,,,,,,,,,,,,,,,,,,,,
Understanding and Designing a High-Performance Ultrafiltration Membrane Using Machine Learning,target_organic compound removal (%),GPytorchMAP,TanimotoRBF,Matern32,product,,,,,,,,,,,,,,,,,,,,,,
Understanding and Designing a High-Performance Ultrafiltration Membrane Using Machine Learning,target_organic compound removal (%),GPytorchMAP,TanimotoRBF,Matern32,averageProduct,,,,,,,,,,,,,,,,,,,,,,
Understanding and Designing a High-Performance Ultrafiltration Membrane Using Machine Learning,target_organic compound removal (%),GPytorchMAP,TanimotoRBF,Matern32,(count:+)x(fp:x),,,,,,,,,,,,,,,,,,,,,,
Understanding and Designing a High-Performance Ultrafiltration Membrane Using Machine Learning,target_organic compound removal (%),GPytorchMAP,TanimotoRBF,Matern32,(count:+)x(fp:+),,,,,,,,,,,,,,,,,,,,,,
Understanding and Designing a High-Performance Ultrafiltration Membrane Using Machine Learning,target_organic compound removal (%),GPytorchMAP,TanimotoRBF,Matern32,(count:x)+(fp:x),,,,,,,,,,,,,,,,,,,,,,
Understanding and Designing a High-Performance Ultrafiltration Membrane Using Machine Learning,target_organic compound removal (%),GPytorchMAP,TanimotoRBF,Matern52,sum,,,,,,,,,,,,,,,,,,,,,,
Understanding and Designing a High-Performance Ultrafiltration Membrane Using Machine Learning,target_organic compound removal (%),GPytorchMAP,TanimotoRBF,Matern52,product,,,,,,,,,,,,,,,,,,,,,,
Understanding and Designing a High-Performance Ultrafiltration Membrane Using Machine Learning,target_organic compound removal (%),GPytorchMAP,TanimotoRBF,Matern52,averageProduct,,,,,,,,,,,,,,,,,,,,,,
Understanding and Designing a High-Performance Ultrafiltration Membrane Using Machine Learning,target_organic compound removal (%),GPytorchMAP,TanimotoRBF,Matern52,(count:+)x(fp:x),,,,,,,,,,,,,,,,,,,,,,
Understanding and Designing a High-Performance Ultrafiltration Membrane Using Machine Learning,target_organic compound removal (%),GPytorchMAP,TanimotoRBF,Matern52,(count:+)x(fp:+),,,,,,,,,,,,,,,,,,,,,,
Understanding and Designing a High-Performance Ultrafiltration Membrane Using Machine Learning,target_organic compound removal (%),GPytorchMAP,TanimotoRBF,Matern52,(count:x)+(fp:x),,,,,,,,,,,,,,,,,,,,,,
Understanding and Designing a High-Performance Ultrafiltration Membrane Using Machine Learning,target_organic compound removal (%),GPytorchMAP,TanimotoRBF,RBF,sum,,,,,,,,,,,,,,,,,,,,,,
Understanding and Designing a High-Performance Ultrafiltration Membrane Using Machine Learning,target_organic compound removal (%),GPytorchMAP,TanimotoRBF,RBF,product,,,,,,,,,,,,,,,,,,,,,,
Understanding and Designing a High-Performance Ultrafiltration Membrane Using Machine Learning,target_organic compound removal (%),GPytorchMAP,TanimotoRBF,RBF,averageProduct,,,,,,,,,,,,,,,,,,,,,,
Understanding and Designing a High-Performance Ultrafiltration Membrane Using Machine Learning,target_organic compound removal (%),GPytorchMAP,TanimotoRBF,RBF,(count:+)x(fp:x),,,,,,,,,,,,,,,,,,,,,,
Understanding and Designing a High-Performance Ultrafiltration Membrane Using Machine Learning,target_organic compound removal (%),GPytorchMAP,TanimotoRBF,RBF,(count:+)x(fp:+),,,,,,,,,,,,,,,,,,,,,,
Understanding and Designing a High-Performance Ultrafiltration Membrane Using Machine Learning,target_organic compound removal (%),GPytorchMAP,TanimotoRBF,RBF,(count:x)+(fp:x),,,,,,,,,,,,,,,,,,,,,,
Understanding and Designing a High-Performance Ultrafiltration Membrane Using Machine Learning,target_organic compound removal (%),GPytorchMAP,Tanimoto,Matern32,sum,,,,,,,,,,,,,,,,,,,,,,
Understanding and Designing a High-Performance Ultrafiltration Membrane Using Machine Learning,target_organic compound removal (%),GPytorchMAP,Tanimoto,Matern32,product,,,,,,,,,,,,,,,,,,,,,,
Understanding and Designing a High-Performance Ultrafiltration Membrane Using Machine Learning,target_organic compound removal (%),GPytorchMAP,Tanimoto,Matern32,averageProduct,,,,,,,,,,,,,,,,,,,,,,
Understanding and Designing a High-Performance Ultrafiltration Membrane Using Machine Learning,target_organic compound removal (%),GPytorchMAP,Tanimoto,Matern32,(count:+)x(fp:x),,,,,,,,,,,,,,,,,,,,,,
Understanding and Designing a High-Performance Ultrafiltration Membrane Using Machine Learning,target_organic compound removal (%),GPytorchMAP,Tanimoto,Matern32,(count:+)x(fp:+),,,,,,,,,,,,,,,,,,,,,,
Understanding and Designing a High-Performance Ultrafiltration Membrane Using Machine Learning,target_organic compound removal (%),GPytorchMAP,Tanimoto,Matern32,(count:x)+(fp:x),,,,,,,,,,,,,,,,,,,,,,
Understanding and Designing a High-Performance Ultrafiltration Membrane Using Machine Learning,target_organic compound removal (%),GPytorchMAP,Tanimoto,Matern52,sum,,,,,,,,,,,,,,,,,,,,,,
Understanding and Designing a High-Performance Ultrafiltration Membrane Using Machine Learning,target_organic compound removal (%),GPytorchMAP,Tanimoto,Matern52,product,,,,,,,,,,,,,,,,,,,,,,
Understanding and Designing a High-Performance Ultrafiltration Membrane Using Machine Learning,target_organic compound removal (%),GPytorchMAP,Tanimoto,Matern52,averageProduct,,,,,,,,,,,,,,,,,,,,,,
Understanding and Designing a High-Performance Ultrafiltration Membrane Using Machine Learning,target_organic compound removal (%),GPytorchMAP,Tanimoto,Matern52,(count:+)x(fp:x),,,,,,,,,,,,,,,,,,,,,,
Understanding and Designing a High-Performance Ultrafiltration Membrane Using Machine Learning,target_organic compound removal (%),GPytorchMAP,Tanimoto,Matern52,(count:+)x(fp:+),,,,,,,,,,,,,,,,,,,,,,
Understanding and Designing a High-Performance Ultrafiltration Membrane Using Machine Learning,target_organic compound removal (%),GPytorchMAP,Tanimoto,Matern52,(count:x)+(fp:x),,,,,,,,,,,,,,,,,,,,,,
Understanding and Designing a High-Performance Ultrafiltration Membrane Using Machine Learning,target_organic compound removal (%),GPytorchMAP,Tanimoto,RBF,sum,,,,,,,,,,,,,,,,,,,,,,
Understanding and Designing a High-Performance Ultrafiltration Membrane Using Machine Learning,target_organic compound removal (%),GPytorchMAP,Tanimoto,RBF,product,,,,,,,,,,,,,,,,,,,,,,
Understanding and Designing a High-Performance Ultrafiltration Membrane Using Machine Learning,target_organic compound removal (%),GPytorchMAP,Tanimoto,RBF,averageProduct,,,,,,,,,,,,,,,,,,,,,,
Understanding and Designing a High-Performance Ultrafiltration Membrane Using Machine Learning,target_organic compound removal (%),GPytorchMAP,Tanimoto,RBF,(count:+)x(fp:x),,,,,,,,,,,,,,,,,,,,,,
Understanding and Designing a High-Performance Ultrafiltration Membrane Using Machine Learning,target_organic compound removal (%),GPytorchMAP,Tanimoto,RBF,(count:+)x(fp:+),,,,,,,,,,,,,,,,,,,,,,
Understanding and Designing a High-Performance Ultrafiltration Membrane Using Machine Learning,target_organic compound removal (%),GPytorchMAP,Tanimoto,RBF,(count:x)+(fp:x),,,,,,,,,,,,,,,,,,,,,,
Understanding and Designing a High-Performance Ultrafiltration Membrane Using Machine Learning,target_organic compound removal (%),GPytorchMAP,Matern32,Matern32,sum,,,,,,,,,,,,,,,,,,,,,,
Understanding and Designing a High-Performance Ultrafiltration Membrane Using Machine Learning,target_organic compound removal (%),GPytorchMAP,Matern32,Matern32,product,,,,,,,,,,,,,,,,,,,,,,
Understanding and Designing a High-Performance Ultrafiltration Membrane Using Machine Learning,target_organic compound removal (%),GPytorchMAP,Matern32,Matern32,averageProduct,,,,,,,,,,,,,,,,,,,,,,
Understanding and Designing a High-Performance Ultrafiltration Membrane Using Machine Learning,target_organic compound removal (%),GPytorchMAP,Matern32,Matern32,(count:+)x(fp:x),,,,,,,,,,,,,,,,,,,,,,
Understanding and Designing a High-Performance Ultrafiltration Membrane Using Machine Learning,target_organic compound removal (%),GPytorchMAP,Matern32,Matern32,(count:+)x(fp:+),,,,,,,,,,,,,,,,,,,,,,
Understanding and Designing a High-Performance Ultrafiltration Membrane Using Machine Learning,target_organic compound removal (%),GPytorchMAP,Matern32,Matern32,(count:x)+(fp:x),,,,,,,,,,,,,,,,,,,,,,
Understanding and Designing a High-Performance Ultrafiltration Membrane Using Machine Learning,target_organic compound removal (%),GPytorchMAP,Matern32,Matern52,sum,,,,,,,,,,,,,,,,,,,,,,
Understanding and Designing a High-Performance Ultrafiltration Membrane Using Machine Learning,target_organic compound removal (%),GPytorchMAP,Matern32,Matern52,product,,,,,,,,,,,,,,,,,,,,,,
Understanding and Designing a High-Performance Ultrafiltration Membrane Using Machine Learning,target_organic compound removal (%),GPytorchMAP,Matern32,Matern52,averageProduct,,,,,,,,,,,,,,,,,,,,,,
Understanding and Designing a High-Performance Ultrafiltration Membrane Using Machine Learning,target_organic compound removal (%),GPytorchMAP,Matern32,Matern52,(count:+)x(fp:x),,,,,,,,,,,,,,,,,,,,,,
Understanding and Designing a High-Performance Ultrafiltration Membrane Using Machine Learning,target_organic compound removal (%),GPytorchMAP,Matern32,Matern52,(count:+)x(fp:+),,,,,,,,,,,,,,,,,,,,,,
Understanding and Designing a High-Performance Ultrafiltration Membrane Using Machine Learning,target_organic compound removal (%),GPytorchMAP,Matern32,Matern52,(count:x)+(fp:x),,,,,,,,,,,,,,,,,,,,,,
Understanding and Designing a High-Performance Ultrafiltration Membrane Using Machine Learning,target_organic compound removal (%),GPytorchMAP,Matern32,RBF,sum,,,,,,,,,,,,,,,,,,,,,,
Understanding and Designing a High-Performance Ultrafiltration Membrane Using Machine Learning,target_organic compound removal (%),GPytorchMAP,Matern32,RBF,product,,,,,,,,,,,,,,,,,,,,,,
Understanding and Designing a High-Performance Ultrafiltration Membrane Using Machine Learning,target_organic compound removal (%),GPytorchMAP,Matern32,RBF,averageProduct,,,,,,,,,,,,,,,,,,,,,,
Understanding and Designing a High-Performance Ultrafiltration Membrane Using Machine Learning,target_organic compound removal (%),GPytorchMAP,Matern32,RBF,(count:+)x(fp:x),,,,,,,,,,,,,,,,,,,,,,
Understanding and Designing a High-Performance Ultrafiltration Membrane Using Machine Learning,target_organic compound removal (%),GPytorchMAP,Matern32,RBF,(count:+)x(fp:+),,,,,,,,,,,,,,,,,,,,,,
Understanding and Designing a High-Performance Ultrafiltration Membrane Using Machine Learning,target_organic compound removal (%),GPytorchMAP,Matern32,RBF,(count:x)+(fp:x),,,,,,,,,,,,,,,,,,,,,,
Understanding and Designing a High-Performance Ultrafiltration Membrane Using Machine Learning,target_organic compound removal (%),GPytorchMAP,Matern52,Matern32,sum,,,,,,,,,,,,,,,,,,,,,,
Understanding and Designing a High-Performance Ultrafiltration Membrane Using Machine Learning,target_organic compound removal (%),GPytorchMAP,Matern52,Matern32,product,,,,,,,,,,,,,,,,,,,,,,
Understanding and Designing a High-Performance Ultrafiltration Membrane Using Machine Learning,target_organic compound removal (%),GPytorchMAP,Matern52,Matern32,averageProduct,,,,,,,,,,,,,,,,,,,,,,
Understanding and Designing a High-Performance Ultrafiltration Membrane Using Machine Learning,target_organic compound removal (%),GPytorchMAP,Matern52,Matern32,(count:+)x(fp:x),,,,,,,,,,,,,,,,,,,,,,
Understanding and Designing a High-Performance Ultrafiltration Membrane Using Machine Learning,target_organic compound removal (%),GPytorchMAP,Matern52,Matern32,(count:+)x(fp:+),,,,,,,,,,,,,,,,,,,,,,
Understanding and Designing a High-Performance Ultrafiltration Membrane Using Machine Learning,target_organic compound removal (%),GPytorchMAP,Matern52,Matern32,(count:x)+(fp:x),,,,,,,,,,,,,,,,,,,,,,
Understanding and Designing a High-Performance Ultrafiltration Membrane Using Machine Learning,target_organic compound removal (%),GPytorchMAP,Matern52,Matern52,sum,,,,,,,,,,,,,,,,,,,,,,
Understanding and Designing a High-Performance Ultrafiltration Membrane Using Machine Learning,target_organic compound removal (%),GPytorchMAP,Matern52,Matern52,product,,,,,,,,,,,,,,,,,,,,,,
Understanding and Designing a High-Performance Ultrafiltration Membrane Using Machine Learning,target_organic compound removal (%),GPytorchMAP,Matern52,Matern52,averageProduct,,,,,,,,,,,,,,,,,,,,,,
Understanding and Designing a High-Performance Ultrafiltration Membrane Using Machine Learning,target_organic compound removal (%),GPytorchMAP,Matern52,Matern52,(count:+)x(fp:x),,,,,,,,,,,,,,,,,,,,,,
Understanding and Designing a High-Performance Ultrafiltration Membrane Using Machine Learning,target_organic compound removal (%),GPytorchMAP,Matern52,Matern52,(count:+)x(fp:+),,,,,,,,,,,,,,,,,,,,,,
Understanding and Designing a High-Performance Ultrafiltration Membrane Using Machine Learning,target_organic compound removal (%),GPytorchMAP,Matern52,Matern52,(count:x)+(fp:x),,,,,,,,,,,,,,,,,,,,,,
Understanding and Designing a High-Performance Ultrafiltration Membrane Using Machine Learning,target_organic compound removal (%),GPytorchMAP,Matern52,RBF,sum,,,,,,,,,,,,,,,,,,,,,,
Understanding and Designing a High-Performance Ultrafiltration Membrane Using Machine Learning,target_organic compound removal (%),GPytorchMAP,Matern52,RBF,product,,,,,,,,,,,,,,,,,,,,,,
Understanding and Designing a High-Performance Ultrafiltration Membrane Using Machine Learning,target_organic compound removal (%),GPytorchMAP,Matern52,RBF,averageProduct,,,,,,,,,,,,,,,,,,,,,,
Understanding and Designing a High-Performance Ultrafiltration Membrane Using Machine Learning,target_organic compound removal (%),GPytorchMAP,Matern52,RBF,(count:+)x(fp:x),,,,,,,,,,,,,,,,,,,,,,
Understanding and Designing a High-Performance Ultrafiltration Membrane Using Machine Learning,target_organic compound removal (%),GPytorchMAP,Matern52,RBF,(count:+)x(fp:+),,,,,,,,,,,,,,,,,,,,,,
Understanding and Designing a High-Performance Ultrafiltration Membrane Using Machine Learning,target_organic compound removal (%),GPytorchMAP,Matern52,RBF,(count:x)+(fp:x),,,,,,,,,,,,,,,,,,,,,,
Understanding and Designing a High-Performance Ultrafiltration Membrane Using Machine Learning,target_organic compound removal (%),GPytorchMAP,RBF,Matern32,sum,,,,,,,,,,,,,,,,,,,,,,
Understanding and Designing a High-Performance Ultrafiltration Membrane Using Machine Learning,target_organic compound removal (%),GPytorchMAP,RBF,Matern32,product,,,,,,,,,,,,,,,,,,,,,,
Understanding and Designing a High-Performance Ultrafiltration Membrane Using Machine Learning,target_organic compound removal (%),GPytorchMAP,RBF,Matern32,averageProduct,,,,,,,,,,,,,,,,,,,,,,
Understanding and Designing a High-Performance Ultrafiltration Membrane Using Machine Learning,target_organic compound removal (%),GPytorchMAP,RBF,Matern32,(count:+)x(fp:x),,,,,,,,,,,,,,,,,,,,,,
Understanding and Designing a High-Performance Ultrafiltration Membrane Using Machine Learning,target_organic compound removal (%),GPytorchMAP,RBF,Matern32,(count:+)x(fp:+),,,,,,,,,,,,,,,,,,,,,,
Understanding and Designing a High-Performance Ultrafiltration Membrane Using Machine Learning,target_organic compound removal (%),GPytorchMAP,RBF,Matern32,(count:x)+(fp:x),,,,,,,,,,,,,,,,,,,,,,
Understanding and Designing a High-Performance Ultrafiltration Membrane Using Machine Learning,target_organic compound removal (%),GPytorchMAP,RBF,Matern52,sum,,,,,,,,,,,,,,,,,,,,,,
Understanding and Designing a High-Performance Ultrafiltration Membrane Using Machine Learning,target_organic compound removal (%),GPytorchMAP,RBF,Matern52,product,,,,,,,,,,,,,,,,,,,,,,
Understanding and Designing a High-Performance Ultrafiltration Membrane Using Machine Learning,target_organic compound removal (%),GPytorchMAP,RBF,Matern52,averageProduct,,,,,,,,,,,,,,,,,,,,,,
Understanding and Designing a High-Performance Ultrafiltration Membrane Using Machine Learning,target_organic compound removal (%),GPytorchMAP,RBF,Matern52,(count:+)x(fp:x),,,,,,,,,,,,,,,,,,,,,,
Understanding and Designing a High-Performance Ultrafiltration Membrane Using Machine Learning,target_organic compound removal (%),GPytorchMAP,RBF,Matern52,(count:+)x(fp:+),,,,,,,,,,,,,,,,,,,,,,
Understanding and Designing a High-Performance Ultrafiltration Membrane Using Machine Learning,target_organic compound removal (%),GPytorchMAP,RBF,Matern52,(count:x)+(fp:x),,,,,,,,,,,,,,,,,,,,,,
Understanding and Designing a High-Performance Ultrafiltration Membrane Using Machine Learning,target_organic compound removal (%),GPytorchMAP,RBF,RBF,sum,,,,,,,,,,,,,,,,,,,,,,
Understanding and Designing a High-Performance Ultrafiltration Membrane Using Machine Learning,target_organic compound removal (%),GPytorchMAP,RBF,RBF,product,,,,,,,,,,,,,,,,,,,,,,
Understanding and Designing a High-Performance Ultrafiltration Membrane Using Machine Learning,target_organic compound removal (%),GPytorchMAP,RBF,RBF,averageProduct,,,,,,,,,,,,,,,,,,,,,,
Understanding and Designing a High-Performance Ultrafiltration Membrane Using Machine Learning,target_organic compound removal (%),GPytorchMAP,RBF,RBF,(count:+)x(fp:x),,,,,,,,,,,,,,,,,,,,,,
Understanding and Designing a High-Performance Ultrafiltration Membrane Using Machine Learning,target_organic compound removal (%),GPytorchMAP,RBF,RBF,(count:+)x(fp:+),,,,,,,,,,,,,,,,,,,,,,
Understanding and Designing a High-Performance Ultrafiltration Membrane Using Machine Learning,target_organic compound removal (%),GPytorchMAP,RBF,RBF,(count:x)+(fp:x),,,,,,,,,,,,,,,,,,,,,,
Understanding and Designing a High-Performance Ultrafiltration Membrane Using Machine Learning,target_organic compound removal (%),MGK,Graph,Matern32,sum,,,,,,,,,,,,,,,,,,,,,,
Understanding and Designing a High-Performance Ultrafiltration Membrane Using Machine Learning,target_organic compound removal (%),MGK,Graph,Matern32,product,,,,,,,,,,,,,,,,,,,,,,
Understanding and Designing a High-Performance Ultrafiltration Membrane Using Machine Learning,target_organic compound removal (%),MGK,Graph,Matern32,averageProduct,,,,,,,,,,,,,,,,,,,,,,
Understanding and Designing a High-Performance Ultrafiltration Membrane Using Machine Learning,target_organic compound removal (%),MGK,Graph,Matern32,(count:+)x(graph:x),,,,,,,,,,,,,,,,,,,,,,
Understanding and Designing a High-Performance Ultrafiltration Membrane Using Machine Learning,target_organic compound removal (%),MGK,Graph,Matern32,(count:+)x(graph:+),,,,,,,,,,,,,,,,,,,,,,
Understanding and Designing a High-Performance Ultrafiltration Membrane Using Machine Learning,target_organic compound removal (%),MGK,Graph,Matern32,(count:x)+(graph:x),,,,,,,,,,,,,,,,,,,,,,
Understanding and Designing a High-Performance Ultrafiltration Membrane Using Machine Learning,target_organic compound removal (%),MGK,Graph,Matern52,sum,,,,,,,,,,,,,,,,,,,,,,
Understanding and Designing a High-Performance Ultrafiltration Membrane Using Machine Learning,target_organic compound removal (%),MGK,Graph,Matern52,product,,,,,,,,,,,,,,,,,,,,,,
Understanding and Designing a High-Performance Ultrafiltration Membrane Using Machine Learning,target_organic compound removal (%),MGK,Graph,Matern52,averageProduct,,,,,,,,,,,,,,,,,,,,,,
Understanding and Designing a High-Performance Ultrafiltration Membrane Using Machine Learning,target_organic compound removal (%),MGK,Graph,Matern52,(count:+)x(graph:x),,,,,,,,,,,,,,,,,,,,,,
Understanding and Designing a High-Performance Ultrafiltration Membrane Using Machine Learning,target_organic compound removal (%),MGK,Graph,Matern52,(count:+)x(graph:+),,,,,,,,,,,,,,,,,,,,,,
Understanding and Designing a High-Performance Ultrafiltration Membrane Using Machine Learning,target_organic compound removal (%),MGK,Graph,Matern52,(count:x)+(graph:x),,,,,,,,,,,,,,,,,,,,,,
Understanding and Designing a High-Performance Ultrafiltration Membrane Using Machine Learning,target_organic compound removal (%),MGK,Graph,RBF,sum,,,,,,,,,,,,,,,,,,,,,,
Understanding and Designing a High-Performance Ultrafiltration Membrane Using Machine Learning,target_organic compound removal (%),MGK,Graph,RBF,product,,,,,,,,,,,,,,,,,,,,,,
Understanding and Designing a High-Performance Ultrafiltration Membrane Using Machine Learning,target_organic compound removal (%),MGK,Graph,RBF,averageProduct,,,,,,,,,,,,,,,,,,,,,,
Understanding and Designing a High-Performance Ultrafiltration Membrane Using Machine Learning,target_organic compound removal (%),MGK,Graph,RBF,(count:+)x(graph:x),,,,,,,,,,,,,,,,,,,,,,
Understanding and Designing a High-Performance Ultrafiltration Membrane Using Machine Learning,target_organic compound removal (%),MGK,Graph,RBF,(count:+)x(graph:+),,,,,,,,,,,,,,,,,,,,,,
Understanding and Designing a High-Performance Ultrafiltration Membrane Using Machine Learning,target_organic compound removal (%),MGK,Graph,RBF,(count:x)+(graph:x),,,,,,,,,,,,,,,,,,,,,,
Understanding and Designing a High-Performance Ultrafiltration Membrane Using Machine Learning,target_reversible fouling ratio (%),RF,,,,"{""0"": 23.404328375073572, ""1"": 23.183385857197138, ""2"": 28.618256348219102, ""3"": 20.73308083576555, ""4"": 28.56420271532798, ""5"": 13.575787345901043, ""6"": 12.498367145704561, ""7"": 10.233952775924445}","{""0"": -0.6869449059975306, ""1"": -0.5716459051818608, ""2"": -3.216735798176969, ""3"": 0.12226867621087445, ""4"": -1.2378098383043992, ""5"": 0.03635208772733711, ""6"": 0.1177225603372235, ""7"": -0.6228255952187525}","{""0"": 19.124969747899158, ""1"": 16.81940030864197, ""2"": 23.39337916666667, ""3"": 16.54015663526949, ""4"": 26.242447435897432, ""5"": 11.1626325, ""6"": 11.744272222222223, ""7"": 6.708714658385094}","{""0"": 0.0774509803921569, ""1"": 0.07283950617283955, ""2"": 0.19000000000000003, ""3"": 0.1723443223443224, ""4"": 0.3625641025641027, ""5"": 0.03384615384615383, ""6"": 0.13333333333333333, ""7"": 0.14362318840579708}","{""0"": 0.12190361765955489, ""1"": 0.1160261866132244, ""2"": 0.34694082460206876, ""3"": 0.10178652712755748, ""4"": -52.492256205247536, ""5"": 0.026547589953040792, ""6"": 0.08256873903655162, ""7"": 0.1040529317650129}","{""0"": 4.92761298647082, ""1"": 6.2240548733896395, ""2"": 5.6595240693902555, ""3"": 4.808647519121809, ""4"": 7.129646925987302, ""5"": 4.0857975296945215, ""6"": 4.047961775265458, ""7"": 3.336307331615703}","{""0"": 0.0647058823529412, ""1"": 0.10925925925925925, ""2"": 0.225, ""3"": 0.09153846153846154, ""4"": 0.2923076923076923, ""5"": 0.02923076923076921, ""6"": 0.10444444444444442, ""7"": 0.13173913043478258}","{""0"": 0.2090747846478962, ""1"": 0.3739144804811489, ""2"": 0.13571658829124963, ""3"": 0.22755204874320228, ""4"": 0.1653485301725555, ""5"": 0.268087536109671, ""6"": 0.07298079093046224, ""7"": 0.6510511065539123}","{""0"": -0.4227446755091489, ""1"": 0.15731880092832945, ""2"": -0.1245291885342247, ""3"": 0.2615697068000913, ""4"": 0.26643835616438355, ""5"": -0.27577963300154834, ""6"": 0.6323987538940811, ""7"": 0.6401832342924195}","{""0"": 19.26823865990234, ""1"": 12.6944272608981, ""2"": 14.705904484928425, ""3"": 11.856541142426376, ""4"": 10.339974940431224, ""5"": 16.600972856919473, ""6"": 18.151678052175885, ""7"": 11.30916867597133}","{""0"": 1.8905048072338104, ""1"": 2.240828735753894, ""2"": 1.4894748348742723, ""3"": 2.8742361683398485, ""4"": 1.5470879413187504, ""5"": 2.2556798085570335, ""6"": 1.3238341715186834, ""7"": 1.4781391974538565}","{""0"": [8.417404852561809, 7.40052033319905, 10.107420500778483, 9.5242353285931, 9.798491253632182], ""1"": [8.755137581203954, 9.36002535770287, 8.80521823023905, 9.282549203036108, 9.176532155849443], ""2"": [8.084289589120614, 10.341518640021283, 9.092101607487763, 8.641593477757926, 9.68306436977331], ""3"": [8.996437880728756, 10.892818762356109, 12.248717210089067, 9.292048929149601, 9.54586333002018], ""4"": [9.373185044197692, 7.589258365823095, 9.177411443890234, 9.99230844921062, 10.578275222886619], ""5"": [9.143707254046223, 9.740774684994257, 9.359182618357028, 8.308254277991061, 11.050727065469644], ""6"": [5.1493296806118, 7.82554914890413, 7.134692363920418, 9.900121419320616, 9.994071588457569], ""7"": [8.64414224336356, 8.646931403409116, 10.728666772302624, 11.208945228070034, 8.392661804407572]}","{""0"": [0.8045172902323631, 0.8358274725046522, 0.6676699667322321, 0.7511361284443447, 0.7782416509784694], ""1"": [0.762382433947514, 0.7496536262733173, 0.8179394560904742, 0.6066825508565388, 0.7861420538969902], ""2"": [0.8101486328106065, 0.7071696671236773, 0.6952410545622462, 0.8441932978693562, 0.7903757844720258], ""3"": [0.7238069302892193, 0.6929011831806511, 0.6539994811692863, 0.7808225043621921, 0.7623383442218636], ""4"": [0.7774067942839182, 0.8172681503383031, 0.7226495428226524, 0.7201632499392072, 0.7349032584096289], ""5"": [0.7761825377706444, 0.6947866712113929, 0.7468428159769573, 0.7907456668265344, 0.6565222531633284], ""6"": [0.9327914878895646, 0.8362694448127881, 0.8891016338822237, 0.7141639284590451, 0.7296243375142825], ""7"": [0.7897035778407134, 0.8162079910498641, 0.6093558063339033, 0.6953824937751958, 0.7150703603828947]}","{""0"": [6.855094502801121, 5.678478725490197, 7.877472009803923, 7.702167703081236, 7.4858741316526585], ""1"": [7.055140975896531, 7.050383853615521, 6.762027910052912, 7.203125238095237, 6.926183306878304], ""2"": [6.816617500000004, 7.09128261904762, 6.240202142857146, 6.7067864444444485, 7.985018785714287], ""3"": [6.8060880481423345, 8.584082857142855, 8.493254972646403, 7.290701873364734, 7.232840586080584], ""4"": [7.0930926373626395, 6.517072435897439, 7.084706043956046, 8.247591666666667, 8.342145494505491], ""5"": [7.301820128205128, 7.313155833333332, 7.3482936813186805, 6.527820283882788, 8.803661813186814], ""6"": [4.134525925925924, 6.566885449735446, 5.395985899470901, 7.970650793650792, 7.330750000000001], ""7"": [6.402995652173911, 6.571144513457559, 8.814789178743967, 8.96027287784679, 6.8242128019323625]}","{""0"": [0.02666666666666666, 0.047450980392156866, 0.05745098039215688, 0.027843137254901968, 0.059803921568627454], ""1"": [0.029999999999999985, 0.026913580246913583, 0.03666666666666669, 0.03617283950617287, 0.023086419753086437], ""2"": [0.07333333333333336, 0.0766666666666667, 0.05333333333333333, 0.04833333333333333, 0.09500000000000004], ""3"": [0.05329670329670329, 0.08289377289377294, 0.026043956043956065, 0.027509157509157528, 0.08443223443223442], ""4"": [0.06256410256410258, 0.05564102564102563, 0.035384615384615396, 0.058205128205128236, 0.09538461538461543], ""5"": [0.017692307692307712, 0.025256410256410254, 0.07307692307692312, 0.02358974358974361, 0.05294871794871799], ""6"": [0.13518518518518519, 0.0688888888888889, 0.09074074074074076, 0.032592592592592604, 0.031111111111111114], ""7"": [0.02565217391304348, 0.10246376811594204, 0.05753623188405799, 0.09492753623188409, 0.049710144927536226]}","{""0"": [0.02485422058423376, 0.14645337777611223, 8.251649076144814, 0.023079276705398406, 0.1381323891207646], ""1"": [0.06823604025380063, 0.04898578859554053, 0.05740355018919363, -0.006429144434202389, 0.04138724274427497], ""2"": [0.06300503927330806, 0.05040314959776435, 0.1268009911417713, 0.22332722221373102, 0.14832981090138297], ""3"": [0.05255821289238236, 0.10429137219565876, 0.05320171158091429, 0.04286111164643633, 0.08666210059134005], ""4"": [0.22330709442690003, 0.0647595102160372, 0.06727511223009149, 0.07063685702408434, 0.049746518980230546], ""5"": [-0.009669966977433764, 0.13383915662412724, 0.0424614814001911, 0.03752906013275008, 0.034081025131925846], ""6"": [0.11095612618292632, 0.05033552078547526, 0.05030190648001295, 0.0535213913301564, 0.11469784356086579], ""7"": [0.021912765563129395, 0.14001607100103355, 0.15787729928260116, 0.04918505762855175, 0.5633853214188924]}","{""0"": [3.89446252132383, 3.4262744950816257, 4.136707742058006, 3.6315116083318784, 3.4169465188189596], ""1"": [3.624079547192409, 3.5936035204107726, 3.7547146769280695, 4.2091597209774205, 3.5355215844114265], ""2"": [5.958801750952881, 3.7865669033853537, 3.3534190944779096, 3.5955721222270483, 4.376182745380954], ""3"": [3.629168420117259, 3.841068200929973, 3.6823761013333383, 3.629610470265468, 3.576901843141426], ""4"": [4.134141290915834, 3.4698175676180716, 3.557464195536814, 4.083090302410507, 4.011523659856383], ""5"": [3.681625382800697, 3.6468093443846805, 3.996486880662083, 3.461855968503299, 3.9736643017399933], ""6"": [3.0137554811301093, 3.692702569823292, 3.626522010465432, 3.6340775131450016, 3.8862097609798685], ""7"": [3.3682135571908343, 3.5297752191778295, 3.6230245700945165, 3.88195933087496, 3.4611568077179253]}","{""0"": [0.02470588235294118, 0.05529411764705881, 0.07647058823529411, 0.03000000000000002, 0.07235294117647059], ""1"": [0.023703703703703703, 0.0351851851851852, 0.044444444444444446, 0.02296296296296296, 0.027037037037037037], ""2"": [0.07499999999999998, 0.05500000000000001, 0.07, 0.11499999999999995, 0.06999999999999999], ""3"": [0.04516483516483517, 0.04142857142857141, 0.06868131868131869, 0.032637362637362645, 0.09417582417582418], ""4"": [0.04307692307692308, 0.04692307692307692, 0.05923076923076924, 0.04692307692307692, 0.05307692307692309], ""5"": [0.028846153846153855, 0.06346153846153846, 0.041538461538461545, 0.03076923076923079, 0.04], ""6"": [0.09222222222222222, 0.04999999999999999, 0.05111111111111113, 0.07777777777777778, 0.057777777777777796], ""7"": [0.015217391304347822, 0.061304347826086944, 0.14565217391304347, 0.04565217391304348, 0.04391304347826088]}","{""0"": [0.46833313601425414, 0.5279705015443085, 0.5031276607292334, 0.4670420579681287, 0.5150639382154248], ""1"": [0.517625886259147, 0.48823114101334486, 0.6204075052134682, 0.5181015569646382, 0.5088149100219858], ""2"": [0.5573508792393014, 0.6930178028853071, 0.5308084604288213, 0.45096138745836933, 0.4559741408647227], ""3"": [0.5213832725825953, 0.46766167078837073, 0.5553998376415591, 0.5951446143209437, 0.3974892862723459], ""4"": [0.4690827797156918, 0.4760690719553964, 0.4239906200000407, 0.5573586530927233, 0.5425584966213765], ""5"": [0.45121244593971344, 0.4449631696361551, 0.6166853446605811, 0.532064087484518, 0.39492622546154826], ""6"": [0.4359734201771253, 0.5501453263333564, 0.5416736470971447, 0.41200902224874997, 0.4995641051433072], ""7"": [0.5390358320891007, 0.42587988212021877, 0.4206449090798623, 0.4700505201417694, 0.5092788403590651]}","{""0"": [0.23422459893048125, 0.4321515942877319, 0.38429215483841134, 0.4899923605805958, 0.6397249809014514], ""1"": [0.47013303990557204, 0.3326281287004958, 0.33056339125944517, 0.38614012378438417, 0.43443951172275563], ""2"": [0.4497931871302713, 0.7203007518796991, 0.431578947368421, 0.5112781954887218, 0.35939849624060144], ""3"": [0.39046629343687916, 0.45581776854222833, 0.5816749883279902, 0.47717526785086584, 0.5040533224347223], ""4"": [0.28957264957264955, 0.5644444444444444, 0.30666666666666664, 0.3818803418803418, 0.41128205128205125], ""5"": [0.26147278572384475, 0.35355389573304197, 0.2720112698320834, 0.45411081704089473, 0.20878956697249212], ""6"": [0.7667698658410733, 0.38906088751289986, -0.009287925696594427, 0.5252837977296182, 0.45304437564499483], ""7"": [0.5787002894730522, 0.4457623066649813, 0.47491970809872175, 0.44762845849802374, 0.38794169704214004]}","{""0"": [10.07297891377394, 8.637035843313024, 8.77738834171374, 10.108977509507149, 9.34389680067173], ""1"": [10.176205134488669, 10.045601483612531, 9.18048638996419, 8.729671874375807, 9.639251136410762], ""2"": [8.19645247603365, 7.898599665333738, 9.324972905442795, 9.494827382292431, 8.688454704842089], ""3"": [11.097506166652854, 9.29236458480723, 9.850162555298017, 10.261991667124663, 11.864425974623423], ""4"": [9.636324548995264, 9.948392828002758, 9.229864379054977, 10.882271024545183, 9.390343670792388], ""5"": [10.562012126976073, 10.311411724729597, 9.548904604147637, 8.831318741867516, 9.77617304731724], ""6"": [7.378807941805917, 10.362450898328035, 8.401981184458089, 10.294403303016145, 9.10042285932687], ""7"": [9.388747886974004, 11.349811639128411, 10.179087890936422, 9.922329972311289, 9.888878902923718]}","{""0"": [1.7948090881109238, 1.7832193300127983, 1.8227645996958017, 1.916809992864728, 1.9227781221270561], ""1"": [2.307139866054058, 2.201922794803977, 2.309444384649396, 2.27002277597785, 2.5167061556130648], ""2"": [1.4058573674410582, 1.1875893864780664, 1.2769388798624277, 1.1282099075615406, 1.2334275878965855], ""3"": [2.984187215566635, 2.846697611734271, 2.8504780866205692, 2.887694565579295, 2.7634475249797106], ""4"": [1.3952388316392899, 1.5712797436863184, 1.3486345931887627, 1.4239678718149662, 1.3670429568737745], ""5"": [2.1959269754588604, 2.1176901645958424, 2.2526739574968815, 2.366945406422019, 2.3903434202075005], ""6"": [1.001202516257763, 1.1843048483133316, 1.1424601394683123, 1.1318606790155172, 1.2026020362973213], ""7"": [1.4717533215880394, 1.4761596396565437, 1.4243567995727062, 1.3934857584536076, 1.4439064860343933]}"
Understanding and Designing a High-Performance Ultrafiltration Membrane Using Machine Learning,target_reversible fouling ratio (%),XGBR,,,,"{""0"": 18.96271484982614, ""1"": 25.62451180060923, ""2"": 25.102124580132813, ""3"": 26.35290690196028, ""4"": 29.319829865286135, ""5"": 20.313319353504383, ""6"": 31.31523314140899, ""7"": 2.794035125215763}","{""0"": -0.10741285949414459, ""1"": -0.9200484077519586, ""2"": -2.244225346592572, ""3"": -0.4180481285294071, ""4"": -1.3577722806194665, ""5"": -1.1574966222065286, ""6"": -4.5387264525263715, ""7"": 0.8790380568855057}","{""0"": 14.490922879117921, ""1"": 19.48455587767785, ""2"": 20.903020036122353, ""3"": 20.091883065530986, ""4"": 26.569695410791937, ""5"": 17.46761413318758, ""6"": 28.22883361255289, ""7"": 2.1924463906967877}",,,,,,,,"{""0"": 0.8401341270655394, ""1"": 1.103641564026475, ""2"": 0.7034212350845337, ""3"": 1.2547150049358606, ""4"": 0.8717186767607927, ""5"": 1.0015197470784187, ""6"": 0.6808228138834238, ""7"": 0.7004722692072392}","{""0"": [6.9150316779364545, 7.035897917143873, 11.785933354343692, 9.286291154915968, 9.311171706988786], ""1"": [9.066546484581476, 10.072386476758316, 8.96368388591672, 7.421255826143894, 7.169309843130528], ""2"": [8.786344678427113, 10.259602627649967, 6.388871125796344, 6.1480607379792795, 5.970990430616195], ""3"": [8.947338516806084, 9.286110628628256, 12.978321194623547, 8.283360222343674, 10.083329853193176], ""4"": [13.674326819689748, 7.874275027736403, 10.731200322605277, 9.070495867268114, 11.199286990228572], ""5"": [10.26210852515255, 9.907027173485163, 9.434242187657224, 7.966790528639431, 9.50370201955146], ""6"": [4.930594441883568, 8.480191386615394, 8.959496243878121, 10.362656149055175, 5.620652769831655], ""7"": [7.545680886484418, 9.410849695321803, 8.974713747394079, 10.962445683694561, 8.782603447650493]}","{""0"": [0.8680710012244127, 0.8516064476583118, 0.5481264877564034, 0.7634155425093319, 0.7997510571185079], ""1"": [0.7451783180967759, 0.7100974623608651, 0.8113274790840629, 0.7486010266503322, 0.8694662212837844], ""2"": [0.775742757791368, 0.7117903598009571, 0.8495209098313334, 0.9211367320335158, 0.9202907793496261], ""3"": [0.7268134310669925, 0.7768148502824251, 0.6115522858844923, 0.8258248951796279, 0.7348225177361944], ""4"": [0.5262497707212475, 0.8032853370003079, 0.6207853689726777, 0.7694128271302296, 0.7028639038945984], ""5"": [0.7180821679135807, 0.684279189944687, 0.7427659502120991, 0.8075926327672112, 0.7459597556605737], ""6"": [0.9383800348205222, 0.8077300580063543, 0.825119322321787, 0.6868314309597014, 0.9144822634729165], ""7"": [0.8397548317292148, 0.7822990762728043, 0.7266424512182682, 0.7086330596186305, 0.6879783487456879]}","{""0"": [5.1627124863569085, 4.600500637886709, 8.69442928839065, 6.996094600941208, 5.817683170319015], ""1"": [6.740886346600888, 6.972290913425727, 6.557094584260536, 5.469827406422469, 5.16125565047406], ""2"": [6.698116625166124, 7.185967681306664, 4.398116881686484, 4.770054800888945, 4.797126192217092], ""3"": [6.326546374482732, 7.2119322379524515, 7.866319819262408, 6.014267836749376, 6.989898764361165], ""4"": [8.715579842131786, 5.745713739503112, 7.325973416175495, 7.210749732223379, 7.955856570425027], ""5"": [6.634739107315232, 6.508730268652493, 6.283680878997734, 5.762978601705663, 6.37004228792291], ""6"": [3.8212476414741587, 5.77303926500874, 6.879174824098279, 8.177412119232345, 4.247171454034764], ""7"": [5.834709516654129, 5.9165322001039105, 6.428560142564379, 7.9560077808539456, 6.1469429048206505]}",,,,,,,,"{""0"": [0.867311866953969, 0.8627901747822762, 0.8559445478022099, 0.9060770720243454, 0.8792951963841915], ""1"": [1.0650078915059566, 1.039430569857359, 1.0812587775290012, 0.9976684488356113, 1.0625265799462795], ""2"": [0.6668094471096992, 0.703425969928503, 0.6768233105540276, 0.6793370433151722, 0.6597095094621181], ""3"": [1.3443321902304888, 1.372027825564146, 1.3510993495583534, 1.3124235328286886, 1.2374156210571527], ""4"": [0.7593083754181862, 0.7069475892931223, 0.7473901379853487, 0.7478329818695784, 0.7569510117173195], ""5"": [1.02522948756814, 1.0301878657191992, 1.0761969089508057, 0.997648797929287, 1.0373065378516912], ""6"": [0.6580723412334919, 0.7226410321891308, 0.7234947942197323, 0.650786342099309, 0.662697920575738], ""7"": [0.7185452152043581, 0.7132777720689774, 0.7381013743579388, 0.6908037196844816, 0.7286195885390043]}"
Understanding and Designing a High-Performance Ultrafiltration Membrane Using Machine Learning,target_reversible fouling ratio (%),NGB,,,,"{""0"": 18.16189683081638, ""1"": 20.48503049630897, ""2"": 29.914724400552068, ""3"": 20.8731849758732, ""4"": 33.14619506433751, ""5"": 18.12209171274915, ""6"": 13.760715111750764, ""7"": 10.211490542355337}","{""0"": -0.01585317453651247, ""1"": -0.2270837586155201, ""2"": -3.607443985434716, ""3"": 0.11036602729240708, ""4"": -2.0133274614160923, ""5"": -0.7171371326010483, ""6"": -0.06949959740747724, ""7"": -0.615709618767472}","{""0"": 14.243736778621937, ""1"": 16.379248111126877, ""2"": 23.84784888567676, ""3"": 16.077897942245674, ""4"": 30.19716173610647, ""5"": 14.459876690303386, ""6"": 12.531970966566316, ""7"": 8.30780152983537}","{""0"": 0.1235294117647059, ""1"": 0.26975308641975315, ""2"": 0.2366666666666667, ""3"": 0.29761904761904767, ""4"": 0.377948717948718, ""5"": 0.25192307692307697, ""6"": 0.3537037037037038, ""7"": 0.0821739130434783}","{""0"": 0.011705999131331808, ""1"": 0.15057323611345325, ""2"": 3.847197671358893, ""3"": 0.1664867768511805, ""4"": 0.7647124921049512, ""5"": 0.13493438060780832, ""6"": 0.2525729866211154, ""7"": 0.24848745507717607}","{""0"": 4.381690530150845, ""1"": 8.307505447375185, ""2"": 9.468802407149827, ""3"": 8.742290397006267, ""4"": 16.663492358457724, ""5"": 7.402364244656576, ""6"": 5.008354699490058, ""7"": 3.930845008380366}","{""0"": 0.07235294117647058, ""1"": 0.12037037037037035, ""2"": 0.13, ""3"": 0.14648351648351648, ""4"": 0.2915384615384616, ""5"": 0.10769230769230768, ""6"": 0.18555555555555556, ""7"": 0.2108695652173913}","{""0"": 0.14659583884801078, ""1"": 0.36200410730396454, ""2"": 0.17642755637270566, ""3"": 0.33569804106368195, ""4"": 0.08572711030788836, ""5"": 0.27182281618308457, ""6"": 0.04828267663906599, ""7"": 0.2939620700681039}","{""0"": 0.54966464968372, ""1"": -0.01437587104496504, ""2"": -0.33999791906972915, ""3"": 0.3485027122898807, ""4"": -0.09634650051111514, ""5"": -0.33323371401919344, ""6"": -0.17631910541056306, ""7"": 0.14211196014866315}","{""0"": 11.853900607527002, ""1"": 7.792121237214648, ""2"": 8.780039916060081, ""3"": 6.5760698473446535, ""4"": 6.263943989854509, ""5"": 7.024174110158361, ""6"": 6.611577319107616, ""7"": 7.867702978904118}","{""0"": 8.81363926269114, ""1"": 8.90508783236146, ""2"": 7.725886361673474, ""3"": 8.544936062768102, ""4"": 8.279352271929383, ""5"": 8.326701533049345, ""6"": 6.828814543783665, ""7"": 6.846869949251413}","{""0"": [10.28858374579517, 10.057544932565687, 11.895969426740574, 10.294333763749759, 12.060025435592593], ""1"": [10.739554054691924, 11.83135571797842, 10.631227167159842, 9.421686351762071, 10.924292468346723], ""2"": [10.935298282599312, 13.661992421789666, 11.743735586038046, 10.901679555781243, 11.80940363649475], ""3"": [11.002463304574418, 12.069782620165238, 14.723225955762846, 12.095844966846238, 11.658348329945367], ""4"": [12.494601723342427, 11.052287915274844, 10.727993858327467, 12.461008817064307, 14.350361622486927], ""5"": [11.387619169272229, 11.587932666072062, 10.220990529113315, 11.162668315522623, 12.464065272646208], ""6"": [9.230019477807545, 8.474208295363432, 10.275673342582486, 11.490802301977345, 12.417394943930427], ""7"": [11.306532556424338, 11.611053513281941, 12.251023790516763, 12.792855182016545, 10.04603251798576]}","{""0"": [0.7079460311019536, 0.696778539730866, 0.539649518714193, 0.7092644708443399, 0.6640628692385862], ""1"": [0.642459626662642, 0.6000034198617477, 0.734599104351985, 0.5948032260632716, 0.6969216966716221], ""2"": [0.6526308288034799, 0.4889357488342385, 0.4915591571790663, 0.7520379059459136, 0.6882031337268582], ""3"": [0.5869035494260122, 0.6229521363085024, 0.5000788757757861, 0.6285969995681381, 0.6455110122523164], ""4"": [0.6044673339448825, 0.6124569490008168, 0.62101195248083, 0.5648094144760116, 0.5121342211718098], ""5"": [0.6528515660604817, 0.5680550250422329, 0.6980740891841504, 0.6222617698577279, 0.5630453863260689], ""6"": [0.7840624746868523, 0.8080012695254238, 0.7699643090345007, 0.6149326485433855, 0.5826084301115484], ""7"": [0.6402117718989775, 0.6686050769575362, 0.4906285175308064, 0.6032103534179842, 0.5917489200933801]}","{""0"": [8.150244109578225, 8.136880426587275, 10.012637851929265, 8.111885604343067, 8.661858867562755], ""1"": [8.786749851408459, 9.207525894976435, 8.32717159680133, 7.448980148278712, 8.67414470025414], ""2"": [8.661051568194054, 9.194985907425194, 9.234228424948185, 8.824460140133697, 8.829724836079993], ""3"": [8.972856076226314, 9.653943699041113, 9.832184962420818, 9.499897597176505, 9.217897206384103], ""4"": [9.491353048716507, 8.39509818570195, 8.860567752367727, 10.482559337056198, 11.715777058991897], ""5"": [8.881120791811549, 9.00980869773102, 7.7945228734701875, 8.89896833245085, 10.541142371695639], ""6"": [6.150769669843374, 7.575956341822133, 8.2142968332677, 9.883991351595224, 9.944533328102011], ""7"": [8.585866492266694, 8.590394253007977, 10.587033979946044, 10.446070328450219, 6.695475325937696]}","{""0"": [0.04862745098039219, 0.08333333333333337, 0.15098039215686276, 0.05176470588235298, 0.049803921568627466], ""1"": [0.09629629629629635, 0.12777777777777782, 0.0746913580246914, 0.025679012345679014, 0.09691358024691361], ""2"": [0.07000000000000003, 0.06833333333333336, 0.05833333333333336, 0.09166666666666672, 0.03666666666666669], ""3"": [0.12399267399267407, 0.10120879120879125, 0.057252747252747295, 0.12802197802197807, 0.11959706959706967], ""4"": [0.08820512820512824, 0.038461538461538484, 0.1256410256410257, 0.1871794871794872, 0.18410256410256415], ""5"": [0.08589743589743593, 0.07410256410256413, 0.06448717948717954, 0.11730769230769234, 0.1961538461538462], ""6"": [0.07962962962962962, 0.1403703703703704, 0.10148148148148152, 0.18148148148148152, 0.13666666666666671], ""7"": [0.1105797101449276, 0.028260869565217415, 0.20072463768115945, 0.14565217391304353, 0.06855072463768115]}","{""0"": [0.08032649333150128, 0.08835236421979117, 0.19158585229521666, 0.4431631683656092, 0.07096719623788689], ""1"": [0.13074332736752325, 0.08046913331533107, 0.03391073508769369, 0.04128695898224837, 0.043199134900865355], ""2"": [0.06428331321777409, 0.07854345967723278, 0.029284000124884378, 0.2704971109848709, 0.1182701653520322], ""3"": [0.09382847342528627, 0.04327345688897087, 0.0913817886843861, 0.0747456536551179, 1.534656365085946], ""4"": [0.09085132302348778, 0.08393839627965935, 0.36442284060091107, 0.06230066692651735, 0.14296902269480663], ""5"": [0.05079522902040694, 0.041160116369900954, 0.045232616577054977, 0.052384267086544846, 0.09355849030976239], ""6"": [0.2266478351554941, 0.09500162056865458, 0.047474738668116745, 0.10200269706217172, 0.1749924147798813], ""7"": [0.07529511854012318, 0.07053904341032137, 0.1849195039561355, 0.004856671043513436, 0.2672526188518588]}","{""0"": [3.823717416945801, 3.598387831804151, 4.17065882521348, 3.7136842428519854, 3.9649227688323636], ""1"": [3.7280135167329735, 4.014092524857232, 3.904021171739961, 3.586788372165467, 3.8422796987616965], ""2"": [3.922896906677239, 4.880172083774192, 3.736632683000033, 3.88325967908136, 3.7932819326745273], ""3"": [4.1599110932252765, 4.1193886390904035, 4.299328127411445, 4.032971237188077, 4.304495218891681], ""4"": [4.212415258189358, 3.7892796447663155, 5.097040516824214, 3.9429736260939774, 4.765123190881651], ""5"": [3.696061395225174, 3.9117733277583913, 3.7505164816732037, 3.8753719626232046, 4.035373636886549], ""6"": [3.3061251903967825, 3.5925705529828127, 3.8483693563427854, 3.87331095823557, 3.900242044215499], ""7"": [3.8986025427911652, 3.845282640625797, 4.424123171847625, 4.10480049764444, 4.62061540363638]}","{""0"": [0.05941176470588235, 0.08352941176470591, 0.17058823529411762, 0.04588235294117649, 0.05058823529411764], ""1"": [0.07074074074074074, 0.06185185185185186, 0.03740740740740741, 0.019629629629629643, 0.052222222222222225], ""2"": [0.06999999999999999, 0.034999999999999996, 0.045, 0.125, 0.039999999999999994], ""3"": [0.07901098901098902, 0.04890109890109889, 0.08736263736263737, 0.06846153846153846, 0.1168131868131868], ""4"": [0.047692307692307694, 0.05769230769230769, 0.06076923076923076, 0.08461538461538462, 0.11846153846153844], ""5"": [0.036538461538461534, 0.03653846153846153, 0.037692307692307706, 0.06500000000000002, 0.09884615384615386], ""6"": [0.10666666666666669, 0.07555555555555553, 0.052222222222222225, 0.11222222222222222, 0.12444444444444444], ""7"": [0.06478260869565218, 0.06304347826086956, 0.1473913043478261, 0.06304347826086956, 0.06391304347826086]}","{""0"": [0.30355121291651693, 0.3549640653168975, 0.3197678924601985, 0.2895551742148395, 0.33028734511717106], ""1"": [0.3293117084993465, 0.4128016778150375, 0.4064604610901604, 0.348070892857841, 0.39341072103213204], ""2"": [0.41517055107907913, 0.4724248185821583, 0.2851851207721709, 0.323501573989181, 0.3046763161796124], ""3"": [0.3308624107986097, 0.2832859372491376, 0.3483703094612071, 0.3671401037343239, 0.4030980158700577], ""4"": [0.35383958979782576, 0.2808842723234121, 0.3266549902027068, 0.35093341947444073, 0.3400049213913432], ""5"": [0.3486520390932081, 0.2741025832623001, 0.34333760080812387, 0.3088529340257665, 0.28990686813765637], ""6"": [0.39089913165705503, 0.34877832905676953, 0.3827582178730709, 0.2577316901824675, 0.33536572002257314], ""7"": [0.3455192361333219, 0.3747026679101207, 0.31526892287308533, 0.3106554706521169, 0.40554446595572496]}","{""0"": [0.3569954927515334, 0.7031405396024116, 0.32383281213206305, 0.492436974789916, 0.29118276283618577], ""1"": [0.4413093807124537, 0.5878697812155698, 0.23763679273625832, 0.40854927883423325, 0.3748379761465284], ""2"": [0.2009029914102945, 0.09774436090225563, 0.5578947368421052, 0.30075187969924805, 0.3398496240601503], ""3"": [0.2360380021664876, 0.30141481197895587, 0.540397404574852, 0.4575328399460867, 0.2745973287594319], ""4"": [0.22875705583095024, 0.44862370291510717, 0.003419387979535878, 0.3922038012527652, 0.2588034188034188], ""5"": [0.5922976818262224, 0.31436499495026815, 0.3298823849557328, 0.34983991493990324, 0.3983094262295082], ""6"": [0.6367389060887513, 0.21775025799793604, 0.3415892672858617, 0.30506787069080465, 0.5954592363261093], ""7"": [0.022732889253424766, 0.538670636657239, 0.21250309519505758, 0.3873517786561265, 0.08104769212090569]}","{""0"": [8.652842315721768, 8.04707971171052, 8.291525553192459, 8.40498612478789, 8.904979814178992], ""1"": [8.641606710361021, 7.727626493709852, 8.577771362792268, 8.924423000872853, 8.551607891504634], ""2"": [8.898000677405467, 7.576934122887961, 9.580513334268273, 8.901868515401105, 9.559178510255801], ""3"": [7.884984695076489, 8.752748388436979, 8.135768670510604, 8.117643603411755, 8.363285801164071], ""4"": [8.816489189301473, 8.568848320596533, 7.977703308424089, 9.111813332839208, 8.449134434447505], ""5"": [8.849178658693178, 9.011435687793453, 8.007702682662442, 8.127487338133594, 8.355916024302088], ""6"": [8.499685532893954, 8.009900626462963, 7.47899023377553, 8.567288421521239, 9.043441972240323], ""7"": [8.250749534569286, 9.189080580897507, 8.24885917444011, 9.005834682878683, 7.36409771751251]}","{""0"": [7.229417243972421, 7.128602491691709, 7.5004941038787365, 7.458078930154443, 7.18938784301281], ""1"": [7.44036159850657, 8.131406836211681, 8.149286918342113, 8.281531224027276, 9.135199265554547], ""2"": [9.058053711429238, 8.315459692850709, 7.927159244194627, 7.961552608758211, 8.038110485300422], ""3"": [8.372911399230361, 9.109380634501576, 9.169213119894266, 8.037058178335428, 8.108454087749124], ""4"": [7.878464702516794, 8.042702427133918, 8.743242869153619, 8.737392419949174, 6.81127579882741], ""5"": [7.039623962715268, 6.904570000246167, 6.925349665805697, 6.772219281643629, 6.697878289967775], ""6"": [7.153613060712814, 7.23464566282928, 7.372907765209675, 7.57968233525753, 8.699830312281847], ""7"": [8.81861798837781, 7.834814447909594, 7.846118787303567, 7.939249061048031, 7.892554057762027]}"
Understanding and Designing a High-Performance Ultrafiltration Membrane Using Machine Learning,target_reversible fouling ratio (%),GpyroHMC,TanimotoMatern32,Matern32,sum,,,,,,,,,,,,,,,,,,,,,,
Understanding and Designing a High-Performance Ultrafiltration Membrane Using Machine Learning,target_reversible fouling ratio (%),GpyroHMC,TanimotoMatern32,Matern32,product,,,,,,,,,,,,,,,,,,,,,,
Understanding and Designing a High-Performance Ultrafiltration Membrane Using Machine Learning,target_reversible fouling ratio (%),GpyroHMC,TanimotoMatern32,Matern32,averageProduct,,,,,,,,,,,,,,,,,,,,,,
Understanding and Designing a High-Performance Ultrafiltration Membrane Using Machine Learning,target_reversible fouling ratio (%),GpyroHMC,TanimotoMatern32,Matern32,(count:+)x(fp:x),,,,,,,,,,,,,,,,,,,,,,
Understanding and Designing a High-Performance Ultrafiltration Membrane Using Machine Learning,target_reversible fouling ratio (%),GpyroHMC,TanimotoMatern32,Matern32,(count:+)x(fp:+),,,,,,,,,,,,,,,,,,,,,,
Understanding and Designing a High-Performance Ultrafiltration Membrane Using Machine Learning,target_reversible fouling ratio (%),GpyroHMC,TanimotoMatern32,Matern32,(count:x)+(fp:x),,,,,,,,,,,,,,,,,,,,,,
Understanding and Designing a High-Performance Ultrafiltration Membrane Using Machine Learning,target_reversible fouling ratio (%),GpyroHMC,TanimotoMatern32,Matern52,sum,,,,,,,,,,,,,,,,,,,,,,
Understanding and Designing a High-Performance Ultrafiltration Membrane Using Machine Learning,target_reversible fouling ratio (%),GpyroHMC,TanimotoMatern32,Matern52,product,,,,,,,,,,,,,,,,,,,,,,
Understanding and Designing a High-Performance Ultrafiltration Membrane Using Machine Learning,target_reversible fouling ratio (%),GpyroHMC,TanimotoMatern32,Matern52,averageProduct,,,,,,,,,,,,,,,,,,,,,,
Understanding and Designing a High-Performance Ultrafiltration Membrane Using Machine Learning,target_reversible fouling ratio (%),GpyroHMC,TanimotoMatern32,Matern52,(count:+)x(fp:x),,,,,,,,,,,,,,,,,,,,,,
Understanding and Designing a High-Performance Ultrafiltration Membrane Using Machine Learning,target_reversible fouling ratio (%),GpyroHMC,TanimotoMatern32,Matern52,(count:+)x(fp:+),,,,,,,,,,,,,,,,,,,,,,
Understanding and Designing a High-Performance Ultrafiltration Membrane Using Machine Learning,target_reversible fouling ratio (%),GpyroHMC,TanimotoMatern32,Matern52,(count:x)+(fp:x),,,,,,,,,,,,,,,,,,,,,,
Understanding and Designing a High-Performance Ultrafiltration Membrane Using Machine Learning,target_reversible fouling ratio (%),GpyroHMC,TanimotoMatern32,RBF,sum,,,,,,,,,,,,,,,,,,,,,,
Understanding and Designing a High-Performance Ultrafiltration Membrane Using Machine Learning,target_reversible fouling ratio (%),GpyroHMC,TanimotoMatern32,RBF,product,,,,,,,,,,,,,,,,,,,,,,
Understanding and Designing a High-Performance Ultrafiltration Membrane Using Machine Learning,target_reversible fouling ratio (%),GpyroHMC,TanimotoMatern32,RBF,averageProduct,,,,,,,,,,,,,,,,,,,,,,
Understanding and Designing a High-Performance Ultrafiltration Membrane Using Machine Learning,target_reversible fouling ratio (%),GpyroHMC,TanimotoMatern32,RBF,(count:+)x(fp:x),,,,,,,,,,,,,,,,,,,,,,
Understanding and Designing a High-Performance Ultrafiltration Membrane Using Machine Learning,target_reversible fouling ratio (%),GpyroHMC,TanimotoMatern32,RBF,(count:+)x(fp:+),,,,,,,,,,,,,,,,,,,,,,
Understanding and Designing a High-Performance Ultrafiltration Membrane Using Machine Learning,target_reversible fouling ratio (%),GpyroHMC,TanimotoMatern32,RBF,(count:x)+(fp:x),,,,,,,,,,,,,,,,,,,,,,
Understanding and Designing a High-Performance Ultrafiltration Membrane Using Machine Learning,target_reversible fouling ratio (%),GpyroHMC,TanimotoMatern52,Matern32,sum,,,,,,,,,,,,,,,,,,,,,,
Understanding and Designing a High-Performance Ultrafiltration Membrane Using Machine Learning,target_reversible fouling ratio (%),GpyroHMC,TanimotoMatern52,Matern32,product,,,,,,,,,,,,,,,,,,,,,,
Understanding and Designing a High-Performance Ultrafiltration Membrane Using Machine Learning,target_reversible fouling ratio (%),GpyroHMC,TanimotoMatern52,Matern32,averageProduct,,,,,,,,,,,,,,,,,,,,,,
Understanding and Designing a High-Performance Ultrafiltration Membrane Using Machine Learning,target_reversible fouling ratio (%),GpyroHMC,TanimotoMatern52,Matern32,(count:+)x(fp:x),,,,,,,,,,,,,,,,,,,,,,
Understanding and Designing a High-Performance Ultrafiltration Membrane Using Machine Learning,target_reversible fouling ratio (%),GpyroHMC,TanimotoMatern52,Matern32,(count:+)x(fp:+),,,,,,,,,,,,,,,,,,,,,,
Understanding and Designing a High-Performance Ultrafiltration Membrane Using Machine Learning,target_reversible fouling ratio (%),GpyroHMC,TanimotoMatern52,Matern32,(count:x)+(fp:x),,,,,,,,,,,,,,,,,,,,,,
Understanding and Designing a High-Performance Ultrafiltration Membrane Using Machine Learning,target_reversible fouling ratio (%),GpyroHMC,TanimotoMatern52,Matern52,sum,,,,,,,,,,,,,,,,,,,,,,
Understanding and Designing a High-Performance Ultrafiltration Membrane Using Machine Learning,target_reversible fouling ratio (%),GpyroHMC,TanimotoMatern52,Matern52,product,,,,,,,,,,,,,,,,,,,,,,
Understanding and Designing a High-Performance Ultrafiltration Membrane Using Machine Learning,target_reversible fouling ratio (%),GpyroHMC,TanimotoMatern52,Matern52,averageProduct,,,,,,,,,,,,,,,,,,,,,,
Understanding and Designing a High-Performance Ultrafiltration Membrane Using Machine Learning,target_reversible fouling ratio (%),GpyroHMC,TanimotoMatern52,Matern52,(count:+)x(fp:x),,,,,,,,,,,,,,,,,,,,,,
Understanding and Designing a High-Performance Ultrafiltration Membrane Using Machine Learning,target_reversible fouling ratio (%),GpyroHMC,TanimotoMatern52,Matern52,(count:+)x(fp:+),,,,,,,,,,,,,,,,,,,,,,
Understanding and Designing a High-Performance Ultrafiltration Membrane Using Machine Learning,target_reversible fouling ratio (%),GpyroHMC,TanimotoMatern52,Matern52,(count:x)+(fp:x),,,,,,,,,,,,,,,,,,,,,,
Understanding and Designing a High-Performance Ultrafiltration Membrane Using Machine Learning,target_reversible fouling ratio (%),GpyroHMC,TanimotoMatern52,RBF,sum,,,,,,,,,,,,,,,,,,,,,,
Understanding and Designing a High-Performance Ultrafiltration Membrane Using Machine Learning,target_reversible fouling ratio (%),GpyroHMC,TanimotoMatern52,RBF,product,,,,,,,,,,,,,,,,,,,,,,
Understanding and Designing a High-Performance Ultrafiltration Membrane Using Machine Learning,target_reversible fouling ratio (%),GpyroHMC,TanimotoMatern52,RBF,averageProduct,,,,,,,,,,,,,,,,,,,,,,
Understanding and Designing a High-Performance Ultrafiltration Membrane Using Machine Learning,target_reversible fouling ratio (%),GpyroHMC,TanimotoMatern52,RBF,(count:+)x(fp:x),,,,,,,,,,,,,,,,,,,,,,
Understanding and Designing a High-Performance Ultrafiltration Membrane Using Machine Learning,target_reversible fouling ratio (%),GpyroHMC,TanimotoMatern52,RBF,(count:+)x(fp:+),,,,,,,,,,,,,,,,,,,,,,
Understanding and Designing a High-Performance Ultrafiltration Membrane Using Machine Learning,target_reversible fouling ratio (%),GpyroHMC,TanimotoMatern52,RBF,(count:x)+(fp:x),,,,,,,,,,,,,,,,,,,,,,
Understanding and Designing a High-Performance Ultrafiltration Membrane Using Machine Learning,target_reversible fouling ratio (%),GpyroHMC,TanimotoRBF,Matern32,sum,,,,,,,,,,,,,,,,,,,,,,
Understanding and Designing a High-Performance Ultrafiltration Membrane Using Machine Learning,target_reversible fouling ratio (%),GpyroHMC,TanimotoRBF,Matern32,product,,,,,,,,,,,,,,,,,,,,,,
Understanding and Designing a High-Performance Ultrafiltration Membrane Using Machine Learning,target_reversible fouling ratio (%),GpyroHMC,TanimotoRBF,Matern32,averageProduct,,,,,,,,,,,,,,,,,,,,,,
Understanding and Designing a High-Performance Ultrafiltration Membrane Using Machine Learning,target_reversible fouling ratio (%),GpyroHMC,TanimotoRBF,Matern32,(count:+)x(fp:x),,,,,,,,,,,,,,,,,,,,,,
Understanding and Designing a High-Performance Ultrafiltration Membrane Using Machine Learning,target_reversible fouling ratio (%),GpyroHMC,TanimotoRBF,Matern32,(count:+)x(fp:+),,,,,,,,,,,,,,,,,,,,,,
Understanding and Designing a High-Performance Ultrafiltration Membrane Using Machine Learning,target_reversible fouling ratio (%),GpyroHMC,TanimotoRBF,Matern32,(count:x)+(fp:x),,,,,,,,,,,,,,,,,,,,,,
Understanding and Designing a High-Performance Ultrafiltration Membrane Using Machine Learning,target_reversible fouling ratio (%),GpyroHMC,TanimotoRBF,Matern52,sum,,,,,,,,,,,,,,,,,,,,,,
Understanding and Designing a High-Performance Ultrafiltration Membrane Using Machine Learning,target_reversible fouling ratio (%),GpyroHMC,TanimotoRBF,Matern52,product,,,,,,,,,,,,,,,,,,,,,,
Understanding and Designing a High-Performance Ultrafiltration Membrane Using Machine Learning,target_reversible fouling ratio (%),GpyroHMC,TanimotoRBF,Matern52,averageProduct,,,,,,,,,,,,,,,,,,,,,,
Understanding and Designing a High-Performance Ultrafiltration Membrane Using Machine Learning,target_reversible fouling ratio (%),GpyroHMC,TanimotoRBF,Matern52,(count:+)x(fp:x),,,,,,,,,,,,,,,,,,,,,,
Understanding and Designing a High-Performance Ultrafiltration Membrane Using Machine Learning,target_reversible fouling ratio (%),GpyroHMC,TanimotoRBF,Matern52,(count:+)x(fp:+),,,,,,,,,,,,,,,,,,,,,,
Understanding and Designing a High-Performance Ultrafiltration Membrane Using Machine Learning,target_reversible fouling ratio (%),GpyroHMC,TanimotoRBF,Matern52,(count:x)+(fp:x),,,,,,,,,,,,,,,,,,,,,,
Understanding and Designing a High-Performance Ultrafiltration Membrane Using Machine Learning,target_reversible fouling ratio (%),GpyroHMC,TanimotoRBF,RBF,sum,,,,,,,,,,,,,,,,,,,,,,
Understanding and Designing a High-Performance Ultrafiltration Membrane Using Machine Learning,target_reversible fouling ratio (%),GpyroHMC,TanimotoRBF,RBF,product,,,,,,,,,,,,,,,,,,,,,,
Understanding and Designing a High-Performance Ultrafiltration Membrane Using Machine Learning,target_reversible fouling ratio (%),GpyroHMC,TanimotoRBF,RBF,averageProduct,,,,,,,,,,,,,,,,,,,,,,
Understanding and Designing a High-Performance Ultrafiltration Membrane Using Machine Learning,target_reversible fouling ratio (%),GpyroHMC,TanimotoRBF,RBF,(count:+)x(fp:x),,,,,,,,,,,,,,,,,,,,,,
Understanding and Designing a High-Performance Ultrafiltration Membrane Using Machine Learning,target_reversible fouling ratio (%),GpyroHMC,TanimotoRBF,RBF,(count:+)x(fp:+),,,,,,,,,,,,,,,,,,,,,,
Understanding and Designing a High-Performance Ultrafiltration Membrane Using Machine Learning,target_reversible fouling ratio (%),GpyroHMC,TanimotoRBF,RBF,(count:x)+(fp:x),,,,,,,,,,,,,,,,,,,,,,
Understanding and Designing a High-Performance Ultrafiltration Membrane Using Machine Learning,target_reversible fouling ratio (%),GpyroHMC,Tanimoto,Matern32,sum,,,,,,,,,,,,,,,,,,,,,,
Understanding and Designing a High-Performance Ultrafiltration Membrane Using Machine Learning,target_reversible fouling ratio (%),GpyroHMC,Tanimoto,Matern32,product,,,,,,,,,,,,,,,,,,,,,,
Understanding and Designing a High-Performance Ultrafiltration Membrane Using Machine Learning,target_reversible fouling ratio (%),GpyroHMC,Tanimoto,Matern32,averageProduct,,,,,,,,,,,,,,,,,,,,,,
Understanding and Designing a High-Performance Ultrafiltration Membrane Using Machine Learning,target_reversible fouling ratio (%),GpyroHMC,Tanimoto,Matern32,(count:+)x(fp:x),,,,,,,,,,,,,,,,,,,,,,
Understanding and Designing a High-Performance Ultrafiltration Membrane Using Machine Learning,target_reversible fouling ratio (%),GpyroHMC,Tanimoto,Matern32,(count:+)x(fp:+),,,,,,,,,,,,,,,,,,,,,,
Understanding and Designing a High-Performance Ultrafiltration Membrane Using Machine Learning,target_reversible fouling ratio (%),GpyroHMC,Tanimoto,Matern32,(count:x)+(fp:x),,,,,,,,,,,,,,,,,,,,,,
Understanding and Designing a High-Performance Ultrafiltration Membrane Using Machine Learning,target_reversible fouling ratio (%),GpyroHMC,Tanimoto,Matern52,sum,,,,,,,,,,,,,,,,,,,,,,
Understanding and Designing a High-Performance Ultrafiltration Membrane Using Machine Learning,target_reversible fouling ratio (%),GpyroHMC,Tanimoto,Matern52,product,,,,,,,,,,,,,,,,,,,,,,
Understanding and Designing a High-Performance Ultrafiltration Membrane Using Machine Learning,target_reversible fouling ratio (%),GpyroHMC,Tanimoto,Matern52,averageProduct,,,,,,,,,,,,,,,,,,,,,,
Understanding and Designing a High-Performance Ultrafiltration Membrane Using Machine Learning,target_reversible fouling ratio (%),GpyroHMC,Tanimoto,Matern52,(count:+)x(fp:x),,,,,,,,,,,,,,,,,,,,,,
Understanding and Designing a High-Performance Ultrafiltration Membrane Using Machine Learning,target_reversible fouling ratio (%),GpyroHMC,Tanimoto,Matern52,(count:+)x(fp:+),,,,,,,,,,,,,,,,,,,,,,
Understanding and Designing a High-Performance Ultrafiltration Membrane Using Machine Learning,target_reversible fouling ratio (%),GpyroHMC,Tanimoto,Matern52,(count:x)+(fp:x),,,,,,,,,,,,,,,,,,,,,,
Understanding and Designing a High-Performance Ultrafiltration Membrane Using Machine Learning,target_reversible fouling ratio (%),GpyroHMC,Tanimoto,RBF,sum,,,,,,,,,,,,,,,,,,,,,,
Understanding and Designing a High-Performance Ultrafiltration Membrane Using Machine Learning,target_reversible fouling ratio (%),GpyroHMC,Tanimoto,RBF,product,,,,,,,,,,,,,,,,,,,,,,
Understanding and Designing a High-Performance Ultrafiltration Membrane Using Machine Learning,target_reversible fouling ratio (%),GpyroHMC,Tanimoto,RBF,averageProduct,,,,,,,,,,,,,,,,,,,,,,
Understanding and Designing a High-Performance Ultrafiltration Membrane Using Machine Learning,target_reversible fouling ratio (%),GpyroHMC,Tanimoto,RBF,(count:+)x(fp:x),,,,,,,,,,,,,,,,,,,,,,
Understanding and Designing a High-Performance Ultrafiltration Membrane Using Machine Learning,target_reversible fouling ratio (%),GpyroHMC,Tanimoto,RBF,(count:+)x(fp:+),,,,,,,,,,,,,,,,,,,,,,
Understanding and Designing a High-Performance Ultrafiltration Membrane Using Machine Learning,target_reversible fouling ratio (%),GpyroHMC,Tanimoto,RBF,(count:x)+(fp:x),,,,,,,,,,,,,,,,,,,,,,
Understanding and Designing a High-Performance Ultrafiltration Membrane Using Machine Learning,target_reversible fouling ratio (%),GpyroHMC,Matern32,Matern32,sum,,,,,,,,,,,,,,,,,,,,,,
Understanding and Designing a High-Performance Ultrafiltration Membrane Using Machine Learning,target_reversible fouling ratio (%),GpyroHMC,Matern32,Matern32,product,,,,,,,,,,,,,,,,,,,,,,
Understanding and Designing a High-Performance Ultrafiltration Membrane Using Machine Learning,target_reversible fouling ratio (%),GpyroHMC,Matern32,Matern32,averageProduct,,,,,,,,,,,,,,,,,,,,,,
Understanding and Designing a High-Performance Ultrafiltration Membrane Using Machine Learning,target_reversible fouling ratio (%),GpyroHMC,Matern32,Matern32,(count:+)x(fp:x),,,,,,,,,,,,,,,,,,,,,,
Understanding and Designing a High-Performance Ultrafiltration Membrane Using Machine Learning,target_reversible fouling ratio (%),GpyroHMC,Matern32,Matern32,(count:+)x(fp:+),,,,,,,,,,,,,,,,,,,,,,
Understanding and Designing a High-Performance Ultrafiltration Membrane Using Machine Learning,target_reversible fouling ratio (%),GpyroHMC,Matern32,Matern32,(count:x)+(fp:x),,,,,,,,,,,,,,,,,,,,,,
Understanding and Designing a High-Performance Ultrafiltration Membrane Using Machine Learning,target_reversible fouling ratio (%),GpyroHMC,Matern32,Matern52,sum,,,,,,,,,,,,,,,,,,,,,,
Understanding and Designing a High-Performance Ultrafiltration Membrane Using Machine Learning,target_reversible fouling ratio (%),GpyroHMC,Matern32,Matern52,product,,,,,,,,,,,,,,,,,,,,,,
Understanding and Designing a High-Performance Ultrafiltration Membrane Using Machine Learning,target_reversible fouling ratio (%),GpyroHMC,Matern32,Matern52,averageProduct,,,,,,,,,,,,,,,,,,,,,,
Understanding and Designing a High-Performance Ultrafiltration Membrane Using Machine Learning,target_reversible fouling ratio (%),GpyroHMC,Matern32,Matern52,(count:+)x(fp:x),,,,,,,,,,,,,,,,,,,,,,
Understanding and Designing a High-Performance Ultrafiltration Membrane Using Machine Learning,target_reversible fouling ratio (%),GpyroHMC,Matern32,Matern52,(count:+)x(fp:+),,,,,,,,,,,,,,,,,,,,,,
Understanding and Designing a High-Performance Ultrafiltration Membrane Using Machine Learning,target_reversible fouling ratio (%),GpyroHMC,Matern32,Matern52,(count:x)+(fp:x),,,,,,,,,,,,,,,,,,,,,,
Understanding and Designing a High-Performance Ultrafiltration Membrane Using Machine Learning,target_reversible fouling ratio (%),GpyroHMC,Matern32,RBF,sum,,,,,,,,,,,,,,,,,,,,,,
Understanding and Designing a High-Performance Ultrafiltration Membrane Using Machine Learning,target_reversible fouling ratio (%),GpyroHMC,Matern32,RBF,product,,,,,,,,,,,,,,,,,,,,,,
Understanding and Designing a High-Performance Ultrafiltration Membrane Using Machine Learning,target_reversible fouling ratio (%),GpyroHMC,Matern32,RBF,averageProduct,,,,,,,,,,,,,,,,,,,,,,
Understanding and Designing a High-Performance Ultrafiltration Membrane Using Machine Learning,target_reversible fouling ratio (%),GpyroHMC,Matern32,RBF,(count:+)x(fp:x),,,,,,,,,,,,,,,,,,,,,,
Understanding and Designing a High-Performance Ultrafiltration Membrane Using Machine Learning,target_reversible fouling ratio (%),GpyroHMC,Matern32,RBF,(count:+)x(fp:+),,,,,,,,,,,,,,,,,,,,,,
Understanding and Designing a High-Performance Ultrafiltration Membrane Using Machine Learning,target_reversible fouling ratio (%),GpyroHMC,Matern32,RBF,(count:x)+(fp:x),,,,,,,,,,,,,,,,,,,,,,
Understanding and Designing a High-Performance Ultrafiltration Membrane Using Machine Learning,target_reversible fouling ratio (%),GpyroHMC,Matern52,Matern32,sum,,,,,,,,,,,,,,,,,,,,,,
Understanding and Designing a High-Performance Ultrafiltration Membrane Using Machine Learning,target_reversible fouling ratio (%),GpyroHMC,Matern52,Matern32,product,,,,,,,,,,,,,,,,,,,,,,
Understanding and Designing a High-Performance Ultrafiltration Membrane Using Machine Learning,target_reversible fouling ratio (%),GpyroHMC,Matern52,Matern32,averageProduct,,,,,,,,,,,,,,,,,,,,,,
Understanding and Designing a High-Performance Ultrafiltration Membrane Using Machine Learning,target_reversible fouling ratio (%),GpyroHMC,Matern52,Matern32,(count:+)x(fp:x),,,,,,,,,,,,,,,,,,,,,,
Understanding and Designing a High-Performance Ultrafiltration Membrane Using Machine Learning,target_reversible fouling ratio (%),GpyroHMC,Matern52,Matern32,(count:+)x(fp:+),,,,,,,,,,,,,,,,,,,,,,
Understanding and Designing a High-Performance Ultrafiltration Membrane Using Machine Learning,target_reversible fouling ratio (%),GpyroHMC,Matern52,Matern32,(count:x)+(fp:x),,,,,,,,,,,,,,,,,,,,,,
Understanding and Designing a High-Performance Ultrafiltration Membrane Using Machine Learning,target_reversible fouling ratio (%),GpyroHMC,Matern52,Matern52,sum,,,,,,,,,,,,,,,,,,,,,,
Understanding and Designing a High-Performance Ultrafiltration Membrane Using Machine Learning,target_reversible fouling ratio (%),GpyroHMC,Matern52,Matern52,product,,,,,,,,,,,,,,,,,,,,,,
Understanding and Designing a High-Performance Ultrafiltration Membrane Using Machine Learning,target_reversible fouling ratio (%),GpyroHMC,Matern52,Matern52,averageProduct,,,,,,,,,,,,,,,,,,,,,,
Understanding and Designing a High-Performance Ultrafiltration Membrane Using Machine Learning,target_reversible fouling ratio (%),GpyroHMC,Matern52,Matern52,(count:+)x(fp:x),,,,,,,,,,,,,,,,,,,,,,
Understanding and Designing a High-Performance Ultrafiltration Membrane Using Machine Learning,target_reversible fouling ratio (%),GpyroHMC,Matern52,Matern52,(count:+)x(fp:+),,,,,,,,,,,,,,,,,,,,,,
Understanding and Designing a High-Performance Ultrafiltration Membrane Using Machine Learning,target_reversible fouling ratio (%),GpyroHMC,Matern52,Matern52,(count:x)+(fp:x),,,,,,,,,,,,,,,,,,,,,,
Understanding and Designing a High-Performance Ultrafiltration Membrane Using Machine Learning,target_reversible fouling ratio (%),GpyroHMC,Matern52,RBF,sum,,,,,,,,,,,,,,,,,,,,,,
Understanding and Designing a High-Performance Ultrafiltration Membrane Using Machine Learning,target_reversible fouling ratio (%),GpyroHMC,Matern52,RBF,product,,,,,,,,,,,,,,,,,,,,,,
Understanding and Designing a High-Performance Ultrafiltration Membrane Using Machine Learning,target_reversible fouling ratio (%),GpyroHMC,Matern52,RBF,averageProduct,,,,,,,,,,,,,,,,,,,,,,
Understanding and Designing a High-Performance Ultrafiltration Membrane Using Machine Learning,target_reversible fouling ratio (%),GpyroHMC,Matern52,RBF,(count:+)x(fp:x),,,,,,,,,,,,,,,,,,,,,,
Understanding and Designing a High-Performance Ultrafiltration Membrane Using Machine Learning,target_reversible fouling ratio (%),GpyroHMC,Matern52,RBF,(count:+)x(fp:+),,,,,,,,,,,,,,,,,,,,,,
Understanding and Designing a High-Performance Ultrafiltration Membrane Using Machine Learning,target_reversible fouling ratio (%),GpyroHMC,Matern52,RBF,(count:x)+(fp:x),,,,,,,,,,,,,,,,,,,,,,
Understanding and Designing a High-Performance Ultrafiltration Membrane Using Machine Learning,target_reversible fouling ratio (%),GpyroHMC,RBF,Matern32,sum,,,,,,,,,,,,,,,,,,,,,,
Understanding and Designing a High-Performance Ultrafiltration Membrane Using Machine Learning,target_reversible fouling ratio (%),GpyroHMC,RBF,Matern32,product,,,,,,,,,,,,,,,,,,,,,,
Understanding and Designing a High-Performance Ultrafiltration Membrane Using Machine Learning,target_reversible fouling ratio (%),GpyroHMC,RBF,Matern32,averageProduct,,,,,,,,,,,,,,,,,,,,,,
Understanding and Designing a High-Performance Ultrafiltration Membrane Using Machine Learning,target_reversible fouling ratio (%),GpyroHMC,RBF,Matern32,(count:+)x(fp:x),,,,,,,,,,,,,,,,,,,,,,
Understanding and Designing a High-Performance Ultrafiltration Membrane Using Machine Learning,target_reversible fouling ratio (%),GpyroHMC,RBF,Matern32,(count:+)x(fp:+),,,,,,,,,,,,,,,,,,,,,,
Understanding and Designing a High-Performance Ultrafiltration Membrane Using Machine Learning,target_reversible fouling ratio (%),GpyroHMC,RBF,Matern32,(count:x)+(fp:x),,,,,,,,,,,,,,,,,,,,,,
Understanding and Designing a High-Performance Ultrafiltration Membrane Using Machine Learning,target_reversible fouling ratio (%),GpyroHMC,RBF,Matern52,sum,,,,,,,,,,,,,,,,,,,,,,
Understanding and Designing a High-Performance Ultrafiltration Membrane Using Machine Learning,target_reversible fouling ratio (%),GpyroHMC,RBF,Matern52,product,,,,,,,,,,,,,,,,,,,,,,
Understanding and Designing a High-Performance Ultrafiltration Membrane Using Machine Learning,target_reversible fouling ratio (%),GpyroHMC,RBF,Matern52,averageProduct,,,,,,,,,,,,,,,,,,,,,,
Understanding and Designing a High-Performance Ultrafiltration Membrane Using Machine Learning,target_reversible fouling ratio (%),GpyroHMC,RBF,Matern52,(count:+)x(fp:x),,,,,,,,,,,,,,,,,,,,,,
Understanding and Designing a High-Performance Ultrafiltration Membrane Using Machine Learning,target_reversible fouling ratio (%),GpyroHMC,RBF,Matern52,(count:+)x(fp:+),,,,,,,,,,,,,,,,,,,,,,
Understanding and Designing a High-Performance Ultrafiltration Membrane Using Machine Learning,target_reversible fouling ratio (%),GpyroHMC,RBF,Matern52,(count:x)+(fp:x),,,,,,,,,,,,,,,,,,,,,,
Understanding and Designing a High-Performance Ultrafiltration Membrane Using Machine Learning,target_reversible fouling ratio (%),GpyroHMC,RBF,RBF,sum,,,,,,,,,,,,,,,,,,,,,,
Understanding and Designing a High-Performance Ultrafiltration Membrane Using Machine Learning,target_reversible fouling ratio (%),GpyroHMC,RBF,RBF,product,,,,,,,,,,,,,,,,,,,,,,
Understanding and Designing a High-Performance Ultrafiltration Membrane Using Machine Learning,target_reversible fouling ratio (%),GpyroHMC,RBF,RBF,averageProduct,,,,,,,,,,,,,,,,,,,,,,
Understanding and Designing a High-Performance Ultrafiltration Membrane Using Machine Learning,target_reversible fouling ratio (%),GpyroHMC,RBF,RBF,(count:+)x(fp:x),,,,,,,,,,,,,,,,,,,,,,
Understanding and Designing a High-Performance Ultrafiltration Membrane Using Machine Learning,target_reversible fouling ratio (%),GpyroHMC,RBF,RBF,(count:+)x(fp:+),,,,,,,,,,,,,,,,,,,,,,
Understanding and Designing a High-Performance Ultrafiltration Membrane Using Machine Learning,target_reversible fouling ratio (%),GpyroHMC,RBF,RBF,(count:x)+(fp:x),,,,,,,,,,,,,,,,,,,,,,
Understanding and Designing a High-Performance Ultrafiltration Membrane Using Machine Learning,target_reversible fouling ratio (%),GPytorchMAP,TanimotoMatern32,Matern32,sum,,,,,,,,,,,,,,,,,,,,,,
Understanding and Designing a High-Performance Ultrafiltration Membrane Using Machine Learning,target_reversible fouling ratio (%),GPytorchMAP,TanimotoMatern32,Matern32,product,,,,,,,,,,,,,,,,,,,,,,
Understanding and Designing a High-Performance Ultrafiltration Membrane Using Machine Learning,target_reversible fouling ratio (%),GPytorchMAP,TanimotoMatern32,Matern32,averageProduct,,,,,,,,,,,,,,,,,,,,,,
Understanding and Designing a High-Performance Ultrafiltration Membrane Using Machine Learning,target_reversible fouling ratio (%),GPytorchMAP,TanimotoMatern32,Matern32,(count:+)x(fp:x),,,,,,,,,,,,,,,,,,,,,,
Understanding and Designing a High-Performance Ultrafiltration Membrane Using Machine Learning,target_reversible fouling ratio (%),GPytorchMAP,TanimotoMatern32,Matern32,(count:+)x(fp:+),,,,,,,,,,,,,,,,,,,,,,
Understanding and Designing a High-Performance Ultrafiltration Membrane Using Machine Learning,target_reversible fouling ratio (%),GPytorchMAP,TanimotoMatern32,Matern32,(count:x)+(fp:x),,,,,,,,,,,,,,,,,,,,,,
Understanding and Designing a High-Performance Ultrafiltration Membrane Using Machine Learning,target_reversible fouling ratio (%),GPytorchMAP,TanimotoMatern32,Matern52,sum,,,,,,,,,,,,,,,,,,,,,,
Understanding and Designing a High-Performance Ultrafiltration Membrane Using Machine Learning,target_reversible fouling ratio (%),GPytorchMAP,TanimotoMatern32,Matern52,product,,,,,,,,,,,,,,,,,,,,,,
Understanding and Designing a High-Performance Ultrafiltration Membrane Using Machine Learning,target_reversible fouling ratio (%),GPytorchMAP,TanimotoMatern32,Matern52,averageProduct,,,,,,,,,,,,,,,,,,,,,,
Understanding and Designing a High-Performance Ultrafiltration Membrane Using Machine Learning,target_reversible fouling ratio (%),GPytorchMAP,TanimotoMatern32,Matern52,(count:+)x(fp:x),,,,,,,,,,,,,,,,,,,,,,
Understanding and Designing a High-Performance Ultrafiltration Membrane Using Machine Learning,target_reversible fouling ratio (%),GPytorchMAP,TanimotoMatern32,Matern52,(count:+)x(fp:+),,,,,,,,,,,,,,,,,,,,,,
Understanding and Designing a High-Performance Ultrafiltration Membrane Using Machine Learning,target_reversible fouling ratio (%),GPytorchMAP,TanimotoMatern32,Matern52,(count:x)+(fp:x),,,,,,,,,,,,,,,,,,,,,,
Understanding and Designing a High-Performance Ultrafiltration Membrane Using Machine Learning,target_reversible fouling ratio (%),GPytorchMAP,TanimotoMatern32,RBF,sum,,,,,,,,,,,,,,,,,,,,,,
Understanding and Designing a High-Performance Ultrafiltration Membrane Using Machine Learning,target_reversible fouling ratio (%),GPytorchMAP,TanimotoMatern32,RBF,product,,,,,,,,,,,,,,,,,,,,,,
Understanding and Designing a High-Performance Ultrafiltration Membrane Using Machine Learning,target_reversible fouling ratio (%),GPytorchMAP,TanimotoMatern32,RBF,averageProduct,,,,,,,,,,,,,,,,,,,,,,
Understanding and Designing a High-Performance Ultrafiltration Membrane Using Machine Learning,target_reversible fouling ratio (%),GPytorchMAP,TanimotoMatern32,RBF,(count:+)x(fp:x),,,,,,,,,,,,,,,,,,,,,,
Understanding and Designing a High-Performance Ultrafiltration Membrane Using Machine Learning,target_reversible fouling ratio (%),GPytorchMAP,TanimotoMatern32,RBF,(count:+)x(fp:+),,,,,,,,,,,,,,,,,,,,,,
Understanding and Designing a High-Performance Ultrafiltration Membrane Using Machine Learning,target_reversible fouling ratio (%),GPytorchMAP,TanimotoMatern32,RBF,(count:x)+(fp:x),,,,,,,,,,,,,,,,,,,,,,
Understanding and Designing a High-Performance Ultrafiltration Membrane Using Machine Learning,target_reversible fouling ratio (%),GPytorchMAP,TanimotoMatern52,Matern32,sum,,,,,,,,,,,,,,,,,,,,,,
Understanding and Designing a High-Performance Ultrafiltration Membrane Using Machine Learning,target_reversible fouling ratio (%),GPytorchMAP,TanimotoMatern52,Matern32,product,,,,,,,,,,,,,,,,,,,,,,
Understanding and Designing a High-Performance Ultrafiltration Membrane Using Machine Learning,target_reversible fouling ratio (%),GPytorchMAP,TanimotoMatern52,Matern32,averageProduct,,,,,,,,,,,,,,,,,,,,,,
Understanding and Designing a High-Performance Ultrafiltration Membrane Using Machine Learning,target_reversible fouling ratio (%),GPytorchMAP,TanimotoMatern52,Matern32,(count:+)x(fp:x),,,,,,,,,,,,,,,,,,,,,,
Understanding and Designing a High-Performance Ultrafiltration Membrane Using Machine Learning,target_reversible fouling ratio (%),GPytorchMAP,TanimotoMatern52,Matern32,(count:+)x(fp:+),,,,,,,,,,,,,,,,,,,,,,
Understanding and Designing a High-Performance Ultrafiltration Membrane Using Machine Learning,target_reversible fouling ratio (%),GPytorchMAP,TanimotoMatern52,Matern32,(count:x)+(fp:x),,,,,,,,,,,,,,,,,,,,,,
Understanding and Designing a High-Performance Ultrafiltration Membrane Using Machine Learning,target_reversible fouling ratio (%),GPytorchMAP,TanimotoMatern52,Matern52,sum,,,,,,,,,,,,,,,,,,,,,,
Understanding and Designing a High-Performance Ultrafiltration Membrane Using Machine Learning,target_reversible fouling ratio (%),GPytorchMAP,TanimotoMatern52,Matern52,product,,,,,,,,,,,,,,,,,,,,,,
Understanding and Designing a High-Performance Ultrafiltration Membrane Using Machine Learning,target_reversible fouling ratio (%),GPytorchMAP,TanimotoMatern52,Matern52,averageProduct,,,,,,,,,,,,,,,,,,,,,,
Understanding and Designing a High-Performance Ultrafiltration Membrane Using Machine Learning,target_reversible fouling ratio (%),GPytorchMAP,TanimotoMatern52,Matern52,(count:+)x(fp:x),,,,,,,,,,,,,,,,,,,,,,
Understanding and Designing a High-Performance Ultrafiltration Membrane Using Machine Learning,target_reversible fouling ratio (%),GPytorchMAP,TanimotoMatern52,Matern52,(count:+)x(fp:+),,,,,,,,,,,,,,,,,,,,,,
Understanding and Designing a High-Performance Ultrafiltration Membrane Using Machine Learning,target_reversible fouling ratio (%),GPytorchMAP,TanimotoMatern52,Matern52,(count:x)+(fp:x),,,,,,,,,,,,,,,,,,,,,,
Understanding and Designing a High-Performance Ultrafiltration Membrane Using Machine Learning,target_reversible fouling ratio (%),GPytorchMAP,TanimotoMatern52,RBF,sum,,,,,,,,,,,,,,,,,,,,,,
Understanding and Designing a High-Performance Ultrafiltration Membrane Using Machine Learning,target_reversible fouling ratio (%),GPytorchMAP,TanimotoMatern52,RBF,product,,,,,,,,,,,,,,,,,,,,,,
Understanding and Designing a High-Performance Ultrafiltration Membrane Using Machine Learning,target_reversible fouling ratio (%),GPytorchMAP,TanimotoMatern52,RBF,averageProduct,,,,,,,,,,,,,,,,,,,,,,
Understanding and Designing a High-Performance Ultrafiltration Membrane Using Machine Learning,target_reversible fouling ratio (%),GPytorchMAP,TanimotoMatern52,RBF,(count:+)x(fp:x),,,,,,,,,,,,,,,,,,,,,,
Understanding and Designing a High-Performance Ultrafiltration Membrane Using Machine Learning,target_reversible fouling ratio (%),GPytorchMAP,TanimotoMatern52,RBF,(count:+)x(fp:+),,,,,,,,,,,,,,,,,,,,,,
Understanding and Designing a High-Performance Ultrafiltration Membrane Using Machine Learning,target_reversible fouling ratio (%),GPytorchMAP,TanimotoMatern52,RBF,(count:x)+(fp:x),,,,,,,,,,,,,,,,,,,,,,
Understanding and Designing a High-Performance Ultrafiltration Membrane Using Machine Learning,target_reversible fouling ratio (%),GPytorchMAP,TanimotoRBF,Matern32,sum,,,,,,,,,,,,,,,,,,,,,,
Understanding and Designing a High-Performance Ultrafiltration Membrane Using Machine Learning,target_reversible fouling ratio (%),GPytorchMAP,TanimotoRBF,Matern32,product,,,,,,,,,,,,,,,,,,,,,,
Understanding and Designing a High-Performance Ultrafiltration Membrane Using Machine Learning,target_reversible fouling ratio (%),GPytorchMAP,TanimotoRBF,Matern32,averageProduct,,,,,,,,,,,,,,,,,,,,,,
Understanding and Designing a High-Performance Ultrafiltration Membrane Using Machine Learning,target_reversible fouling ratio (%),GPytorchMAP,TanimotoRBF,Matern32,(count:+)x(fp:x),,,,,,,,,,,,,,,,,,,,,,
Understanding and Designing a High-Performance Ultrafiltration Membrane Using Machine Learning,target_reversible fouling ratio (%),GPytorchMAP,TanimotoRBF,Matern32,(count:+)x(fp:+),,,,,,,,,,,,,,,,,,,,,,
Understanding and Designing a High-Performance Ultrafiltration Membrane Using Machine Learning,target_reversible fouling ratio (%),GPytorchMAP,TanimotoRBF,Matern32,(count:x)+(fp:x),,,,,,,,,,,,,,,,,,,,,,
Understanding and Designing a High-Performance Ultrafiltration Membrane Using Machine Learning,target_reversible fouling ratio (%),GPytorchMAP,TanimotoRBF,Matern52,sum,,,,,,,,,,,,,,,,,,,,,,
Understanding and Designing a High-Performance Ultrafiltration Membrane Using Machine Learning,target_reversible fouling ratio (%),GPytorchMAP,TanimotoRBF,Matern52,product,,,,,,,,,,,,,,,,,,,,,,
Understanding and Designing a High-Performance Ultrafiltration Membrane Using Machine Learning,target_reversible fouling ratio (%),GPytorchMAP,TanimotoRBF,Matern52,averageProduct,,,,,,,,,,,,,,,,,,,,,,
Understanding and Designing a High-Performance Ultrafiltration Membrane Using Machine Learning,target_reversible fouling ratio (%),GPytorchMAP,TanimotoRBF,Matern52,(count:+)x(fp:x),,,,,,,,,,,,,,,,,,,,,,
Understanding and Designing a High-Performance Ultrafiltration Membrane Using Machine Learning,target_reversible fouling ratio (%),GPytorchMAP,TanimotoRBF,Matern52,(count:+)x(fp:+),,,,,,,,,,,,,,,,,,,,,,
Understanding and Designing a High-Performance Ultrafiltration Membrane Using Machine Learning,target_reversible fouling ratio (%),GPytorchMAP,TanimotoRBF,Matern52,(count:x)+(fp:x),,,,,,,,,,,,,,,,,,,,,,
Understanding and Designing a High-Performance Ultrafiltration Membrane Using Machine Learning,target_reversible fouling ratio (%),GPytorchMAP,TanimotoRBF,RBF,sum,,,,,,,,,,,,,,,,,,,,,,
Understanding and Designing a High-Performance Ultrafiltration Membrane Using Machine Learning,target_reversible fouling ratio (%),GPytorchMAP,TanimotoRBF,RBF,product,,,,,,,,,,,,,,,,,,,,,,
Understanding and Designing a High-Performance Ultrafiltration Membrane Using Machine Learning,target_reversible fouling ratio (%),GPytorchMAP,TanimotoRBF,RBF,averageProduct,,,,,,,,,,,,,,,,,,,,,,
Understanding and Designing a High-Performance Ultrafiltration Membrane Using Machine Learning,target_reversible fouling ratio (%),GPytorchMAP,TanimotoRBF,RBF,(count:+)x(fp:x),,,,,,,,,,,,,,,,,,,,,,
Understanding and Designing a High-Performance Ultrafiltration Membrane Using Machine Learning,target_reversible fouling ratio (%),GPytorchMAP,TanimotoRBF,RBF,(count:+)x(fp:+),,,,,,,,,,,,,,,,,,,,,,
Understanding and Designing a High-Performance Ultrafiltration Membrane Using Machine Learning,target_reversible fouling ratio (%),GPytorchMAP,TanimotoRBF,RBF,(count:x)+(fp:x),,,,,,,,,,,,,,,,,,,,,,
Understanding and Designing a High-Performance Ultrafiltration Membrane Using Machine Learning,target_reversible fouling ratio (%),GPytorchMAP,Tanimoto,Matern32,sum,,,,,,,,,,,,,,,,,,,,,,
Understanding and Designing a High-Performance Ultrafiltration Membrane Using Machine Learning,target_reversible fouling ratio (%),GPytorchMAP,Tanimoto,Matern32,product,,,,,,,,,,,,,,,,,,,,,,
Understanding and Designing a High-Performance Ultrafiltration Membrane Using Machine Learning,target_reversible fouling ratio (%),GPytorchMAP,Tanimoto,Matern32,averageProduct,,,,,,,,,,,,,,,,,,,,,,
Understanding and Designing a High-Performance Ultrafiltration Membrane Using Machine Learning,target_reversible fouling ratio (%),GPytorchMAP,Tanimoto,Matern32,(count:+)x(fp:x),,,,,,,,,,,,,,,,,,,,,,
Understanding and Designing a High-Performance Ultrafiltration Membrane Using Machine Learning,target_reversible fouling ratio (%),GPytorchMAP,Tanimoto,Matern32,(count:+)x(fp:+),,,,,,,,,,,,,,,,,,,,,,
Understanding and Designing a High-Performance Ultrafiltration Membrane Using Machine Learning,target_reversible fouling ratio (%),GPytorchMAP,Tanimoto,Matern32,(count:x)+(fp:x),,,,,,,,,,,,,,,,,,,,,,
Understanding and Designing a High-Performance Ultrafiltration Membrane Using Machine Learning,target_reversible fouling ratio (%),GPytorchMAP,Tanimoto,Matern52,sum,,,,,,,,,,,,,,,,,,,,,,
Understanding and Designing a High-Performance Ultrafiltration Membrane Using Machine Learning,target_reversible fouling ratio (%),GPytorchMAP,Tanimoto,Matern52,product,,,,,,,,,,,,,,,,,,,,,,
Understanding and Designing a High-Performance Ultrafiltration Membrane Using Machine Learning,target_reversible fouling ratio (%),GPytorchMAP,Tanimoto,Matern52,averageProduct,,,,,,,,,,,,,,,,,,,,,,
Understanding and Designing a High-Performance Ultrafiltration Membrane Using Machine Learning,target_reversible fouling ratio (%),GPytorchMAP,Tanimoto,Matern52,(count:+)x(fp:x),,,,,,,,,,,,,,,,,,,,,,
Understanding and Designing a High-Performance Ultrafiltration Membrane Using Machine Learning,target_reversible fouling ratio (%),GPytorchMAP,Tanimoto,Matern52,(count:+)x(fp:+),,,,,,,,,,,,,,,,,,,,,,
Understanding and Designing a High-Performance Ultrafiltration Membrane Using Machine Learning,target_reversible fouling ratio (%),GPytorchMAP,Tanimoto,Matern52,(count:x)+(fp:x),,,,,,,,,,,,,,,,,,,,,,
Understanding and Designing a High-Performance Ultrafiltration Membrane Using Machine Learning,target_reversible fouling ratio (%),GPytorchMAP,Tanimoto,RBF,sum,,,,,,,,,,,,,,,,,,,,,,
Understanding and Designing a High-Performance Ultrafiltration Membrane Using Machine Learning,target_reversible fouling ratio (%),GPytorchMAP,Tanimoto,RBF,product,,,,,,,,,,,,,,,,,,,,,,
Understanding and Designing a High-Performance Ultrafiltration Membrane Using Machine Learning,target_reversible fouling ratio (%),GPytorchMAP,Tanimoto,RBF,averageProduct,,,,,,,,,,,,,,,,,,,,,,
Understanding and Designing a High-Performance Ultrafiltration Membrane Using Machine Learning,target_reversible fouling ratio (%),GPytorchMAP,Tanimoto,RBF,(count:+)x(fp:x),,,,,,,,,,,,,,,,,,,,,,
Understanding and Designing a High-Performance Ultrafiltration Membrane Using Machine Learning,target_reversible fouling ratio (%),GPytorchMAP,Tanimoto,RBF,(count:+)x(fp:+),,,,,,,,,,,,,,,,,,,,,,
Understanding and Designing a High-Performance Ultrafiltration Membrane Using Machine Learning,target_reversible fouling ratio (%),GPytorchMAP,Tanimoto,RBF,(count:x)+(fp:x),,,,,,,,,,,,,,,,,,,,,,
Understanding and Designing a High-Performance Ultrafiltration Membrane Using Machine Learning,target_reversible fouling ratio (%),GPytorchMAP,Matern32,Matern32,sum,,,,,,,,,,,,,,,,,,,,,,
Understanding and Designing a High-Performance Ultrafiltration Membrane Using Machine Learning,target_reversible fouling ratio (%),GPytorchMAP,Matern32,Matern32,product,,,,,,,,,,,,,,,,,,,,,,
Understanding and Designing a High-Performance Ultrafiltration Membrane Using Machine Learning,target_reversible fouling ratio (%),GPytorchMAP,Matern32,Matern32,averageProduct,,,,,,,,,,,,,,,,,,,,,,
Understanding and Designing a High-Performance Ultrafiltration Membrane Using Machine Learning,target_reversible fouling ratio (%),GPytorchMAP,Matern32,Matern32,(count:+)x(fp:x),,,,,,,,,,,,,,,,,,,,,,
Understanding and Designing a High-Performance Ultrafiltration Membrane Using Machine Learning,target_reversible fouling ratio (%),GPytorchMAP,Matern32,Matern32,(count:+)x(fp:+),,,,,,,,,,,,,,,,,,,,,,
Understanding and Designing a High-Performance Ultrafiltration Membrane Using Machine Learning,target_reversible fouling ratio (%),GPytorchMAP,Matern32,Matern32,(count:x)+(fp:x),,,,,,,,,,,,,,,,,,,,,,
Understanding and Designing a High-Performance Ultrafiltration Membrane Using Machine Learning,target_reversible fouling ratio (%),GPytorchMAP,Matern32,Matern52,sum,,,,,,,,,,,,,,,,,,,,,,
Understanding and Designing a High-Performance Ultrafiltration Membrane Using Machine Learning,target_reversible fouling ratio (%),GPytorchMAP,Matern32,Matern52,product,,,,,,,,,,,,,,,,,,,,,,
Understanding and Designing a High-Performance Ultrafiltration Membrane Using Machine Learning,target_reversible fouling ratio (%),GPytorchMAP,Matern32,Matern52,averageProduct,,,,,,,,,,,,,,,,,,,,,,
Understanding and Designing a High-Performance Ultrafiltration Membrane Using Machine Learning,target_reversible fouling ratio (%),GPytorchMAP,Matern32,Matern52,(count:+)x(fp:x),,,,,,,,,,,,,,,,,,,,,,
Understanding and Designing a High-Performance Ultrafiltration Membrane Using Machine Learning,target_reversible fouling ratio (%),GPytorchMAP,Matern32,Matern52,(count:+)x(fp:+),,,,,,,,,,,,,,,,,,,,,,
Understanding and Designing a High-Performance Ultrafiltration Membrane Using Machine Learning,target_reversible fouling ratio (%),GPytorchMAP,Matern32,Matern52,(count:x)+(fp:x),,,,,,,,,,,,,,,,,,,,,,
Understanding and Designing a High-Performance Ultrafiltration Membrane Using Machine Learning,target_reversible fouling ratio (%),GPytorchMAP,Matern32,RBF,sum,,,,,,,,,,,,,,,,,,,,,,
Understanding and Designing a High-Performance Ultrafiltration Membrane Using Machine Learning,target_reversible fouling ratio (%),GPytorchMAP,Matern32,RBF,product,,,,,,,,,,,,,,,,,,,,,,
Understanding and Designing a High-Performance Ultrafiltration Membrane Using Machine Learning,target_reversible fouling ratio (%),GPytorchMAP,Matern32,RBF,averageProduct,,,,,,,,,,,,,,,,,,,,,,
Understanding and Designing a High-Performance Ultrafiltration Membrane Using Machine Learning,target_reversible fouling ratio (%),GPytorchMAP,Matern32,RBF,(count:+)x(fp:x),,,,,,,,,,,,,,,,,,,,,,
Understanding and Designing a High-Performance Ultrafiltration Membrane Using Machine Learning,target_reversible fouling ratio (%),GPytorchMAP,Matern32,RBF,(count:+)x(fp:+),,,,,,,,,,,,,,,,,,,,,,
Understanding and Designing a High-Performance Ultrafiltration Membrane Using Machine Learning,target_reversible fouling ratio (%),GPytorchMAP,Matern32,RBF,(count:x)+(fp:x),,,,,,,,,,,,,,,,,,,,,,
Understanding and Designing a High-Performance Ultrafiltration Membrane Using Machine Learning,target_reversible fouling ratio (%),GPytorchMAP,Matern52,Matern32,sum,,,,,,,,,,,,,,,,,,,,,,
Understanding and Designing a High-Performance Ultrafiltration Membrane Using Machine Learning,target_reversible fouling ratio (%),GPytorchMAP,Matern52,Matern32,product,,,,,,,,,,,,,,,,,,,,,,
Understanding and Designing a High-Performance Ultrafiltration Membrane Using Machine Learning,target_reversible fouling ratio (%),GPytorchMAP,Matern52,Matern32,averageProduct,,,,,,,,,,,,,,,,,,,,,,
Understanding and Designing a High-Performance Ultrafiltration Membrane Using Machine Learning,target_reversible fouling ratio (%),GPytorchMAP,Matern52,Matern32,(count:+)x(fp:x),,,,,,,,,,,,,,,,,,,,,,
Understanding and Designing a High-Performance Ultrafiltration Membrane Using Machine Learning,target_reversible fouling ratio (%),GPytorchMAP,Matern52,Matern32,(count:+)x(fp:+),,,,,,,,,,,,,,,,,,,,,,
Understanding and Designing a High-Performance Ultrafiltration Membrane Using Machine Learning,target_reversible fouling ratio (%),GPytorchMAP,Matern52,Matern32,(count:x)+(fp:x),,,,,,,,,,,,,,,,,,,,,,
Understanding and Designing a High-Performance Ultrafiltration Membrane Using Machine Learning,target_reversible fouling ratio (%),GPytorchMAP,Matern52,Matern52,sum,,,,,,,,,,,,,,,,,,,,,,
Understanding and Designing a High-Performance Ultrafiltration Membrane Using Machine Learning,target_reversible fouling ratio (%),GPytorchMAP,Matern52,Matern52,product,,,,,,,,,,,,,,,,,,,,,,
Understanding and Designing a High-Performance Ultrafiltration Membrane Using Machine Learning,target_reversible fouling ratio (%),GPytorchMAP,Matern52,Matern52,averageProduct,,,,,,,,,,,,,,,,,,,,,,
Understanding and Designing a High-Performance Ultrafiltration Membrane Using Machine Learning,target_reversible fouling ratio (%),GPytorchMAP,Matern52,Matern52,(count:+)x(fp:x),,,,,,,,,,,,,,,,,,,,,,
Understanding and Designing a High-Performance Ultrafiltration Membrane Using Machine Learning,target_reversible fouling ratio (%),GPytorchMAP,Matern52,Matern52,(count:+)x(fp:+),,,,,,,,,,,,,,,,,,,,,,
Understanding and Designing a High-Performance Ultrafiltration Membrane Using Machine Learning,target_reversible fouling ratio (%),GPytorchMAP,Matern52,Matern52,(count:x)+(fp:x),,,,,,,,,,,,,,,,,,,,,,
Understanding and Designing a High-Performance Ultrafiltration Membrane Using Machine Learning,target_reversible fouling ratio (%),GPytorchMAP,Matern52,RBF,sum,,,,,,,,,,,,,,,,,,,,,,
Understanding and Designing a High-Performance Ultrafiltration Membrane Using Machine Learning,target_reversible fouling ratio (%),GPytorchMAP,Matern52,RBF,product,,,,,,,,,,,,,,,,,,,,,,
Understanding and Designing a High-Performance Ultrafiltration Membrane Using Machine Learning,target_reversible fouling ratio (%),GPytorchMAP,Matern52,RBF,averageProduct,,,,,,,,,,,,,,,,,,,,,,
Understanding and Designing a High-Performance Ultrafiltration Membrane Using Machine Learning,target_reversible fouling ratio (%),GPytorchMAP,Matern52,RBF,(count:+)x(fp:x),,,,,,,,,,,,,,,,,,,,,,
Understanding and Designing a High-Performance Ultrafiltration Membrane Using Machine Learning,target_reversible fouling ratio (%),GPytorchMAP,Matern52,RBF,(count:+)x(fp:+),,,,,,,,,,,,,,,,,,,,,,
Understanding and Designing a High-Performance Ultrafiltration Membrane Using Machine Learning,target_reversible fouling ratio (%),GPytorchMAP,Matern52,RBF,(count:x)+(fp:x),,,,,,,,,,,,,,,,,,,,,,
Understanding and Designing a High-Performance Ultrafiltration Membrane Using Machine Learning,target_reversible fouling ratio (%),GPytorchMAP,RBF,Matern32,sum,,,,,,,,,,,,,,,,,,,,,,
Understanding and Designing a High-Performance Ultrafiltration Membrane Using Machine Learning,target_reversible fouling ratio (%),GPytorchMAP,RBF,Matern32,product,,,,,,,,,,,,,,,,,,,,,,
Understanding and Designing a High-Performance Ultrafiltration Membrane Using Machine Learning,target_reversible fouling ratio (%),GPytorchMAP,RBF,Matern32,averageProduct,,,,,,,,,,,,,,,,,,,,,,
Understanding and Designing a High-Performance Ultrafiltration Membrane Using Machine Learning,target_reversible fouling ratio (%),GPytorchMAP,RBF,Matern32,(count:+)x(fp:x),,,,,,,,,,,,,,,,,,,,,,
Understanding and Designing a High-Performance Ultrafiltration Membrane Using Machine Learning,target_reversible fouling ratio (%),GPytorchMAP,RBF,Matern32,(count:+)x(fp:+),,,,,,,,,,,,,,,,,,,,,,
Understanding and Designing a High-Performance Ultrafiltration Membrane Using Machine Learning,target_reversible fouling ratio (%),GPytorchMAP,RBF,Matern32,(count:x)+(fp:x),,,,,,,,,,,,,,,,,,,,,,
Understanding and Designing a High-Performance Ultrafiltration Membrane Using Machine Learning,target_reversible fouling ratio (%),GPytorchMAP,RBF,Matern52,sum,,,,,,,,,,,,,,,,,,,,,,
Understanding and Designing a High-Performance Ultrafiltration Membrane Using Machine Learning,target_reversible fouling ratio (%),GPytorchMAP,RBF,Matern52,product,,,,,,,,,,,,,,,,,,,,,,
Understanding and Designing a High-Performance Ultrafiltration Membrane Using Machine Learning,target_reversible fouling ratio (%),GPytorchMAP,RBF,Matern52,averageProduct,,,,,,,,,,,,,,,,,,,,,,
Understanding and Designing a High-Performance Ultrafiltration Membrane Using Machine Learning,target_reversible fouling ratio (%),GPytorchMAP,RBF,Matern52,(count:+)x(fp:x),,,,,,,,,,,,,,,,,,,,,,
Understanding and Designing a High-Performance Ultrafiltration Membrane Using Machine Learning,target_reversible fouling ratio (%),GPytorchMAP,RBF,Matern52,(count:+)x(fp:+),,,,,,,,,,,,,,,,,,,,,,
Understanding and Designing a High-Performance Ultrafiltration Membrane Using Machine Learning,target_reversible fouling ratio (%),GPytorchMAP,RBF,Matern52,(count:x)+(fp:x),,,,,,,,,,,,,,,,,,,,,,
Understanding and Designing a High-Performance Ultrafiltration Membrane Using Machine Learning,target_reversible fouling ratio (%),GPytorchMAP,RBF,RBF,sum,,,,,,,,,,,,,,,,,,,,,,
Understanding and Designing a High-Performance Ultrafiltration Membrane Using Machine Learning,target_reversible fouling ratio (%),GPytorchMAP,RBF,RBF,product,,,,,,,,,,,,,,,,,,,,,,
Understanding and Designing a High-Performance Ultrafiltration Membrane Using Machine Learning,target_reversible fouling ratio (%),GPytorchMAP,RBF,RBF,averageProduct,,,,,,,,,,,,,,,,,,,,,,
Understanding and Designing a High-Performance Ultrafiltration Membrane Using Machine Learning,target_reversible fouling ratio (%),GPytorchMAP,RBF,RBF,(count:+)x(fp:x),,,,,,,,,,,,,,,,,,,,,,
Understanding and Designing a High-Performance Ultrafiltration Membrane Using Machine Learning,target_reversible fouling ratio (%),GPytorchMAP,RBF,RBF,(count:+)x(fp:+),,,,,,,,,,,,,,,,,,,,,,
Understanding and Designing a High-Performance Ultrafiltration Membrane Using Machine Learning,target_reversible fouling ratio (%),GPytorchMAP,RBF,RBF,(count:x)+(fp:x),,,,,,,,,,,,,,,,,,,,,,
Understanding and Designing a High-Performance Ultrafiltration Membrane Using Machine Learning,target_reversible fouling ratio (%),MGK,Graph,Matern32,sum,,,,,,,,,,,,,,,,,,,,,,
Understanding and Designing a High-Performance Ultrafiltration Membrane Using Machine Learning,target_reversible fouling ratio (%),MGK,Graph,Matern32,product,,,,,,,,,,,,,,,,,,,,,,
Understanding and Designing a High-Performance Ultrafiltration Membrane Using Machine Learning,target_reversible fouling ratio (%),MGK,Graph,Matern32,averageProduct,,,,,,,,,,,,,,,,,,,,,,
Understanding and Designing a High-Performance Ultrafiltration Membrane Using Machine Learning,target_reversible fouling ratio (%),MGK,Graph,Matern32,(count:+)x(graph:x),,,,,,,,,,,,,,,,,,,,,,
Understanding and Designing a High-Performance Ultrafiltration Membrane Using Machine Learning,target_reversible fouling ratio (%),MGK,Graph,Matern32,(count:+)x(graph:+),,,,,,,,,,,,,,,,,,,,,,
Understanding and Designing a High-Performance Ultrafiltration Membrane Using Machine Learning,target_reversible fouling ratio (%),MGK,Graph,Matern32,(count:x)+(graph:x),,,,,,,,,,,,,,,,,,,,,,
Understanding and Designing a High-Performance Ultrafiltration Membrane Using Machine Learning,target_reversible fouling ratio (%),MGK,Graph,Matern52,sum,,,,,,,,,,,,,,,,,,,,,,
Understanding and Designing a High-Performance Ultrafiltration Membrane Using Machine Learning,target_reversible fouling ratio (%),MGK,Graph,Matern52,product,,,,,,,,,,,,,,,,,,,,,,
Understanding and Designing a High-Performance Ultrafiltration Membrane Using Machine Learning,target_reversible fouling ratio (%),MGK,Graph,Matern52,averageProduct,,,,,,,,,,,,,,,,,,,,,,
Understanding and Designing a High-Performance Ultrafiltration Membrane Using Machine Learning,target_reversible fouling ratio (%),MGK,Graph,Matern52,(count:+)x(graph:x),,,,,,,,,,,,,,,,,,,,,,
Understanding and Designing a High-Performance Ultrafiltration Membrane Using Machine Learning,target_reversible fouling ratio (%),MGK,Graph,Matern52,(count:+)x(graph:+),,,,,,,,,,,,,,,,,,,,,,
Understanding and Designing a High-Performance Ultrafiltration Membrane Using Machine Learning,target_reversible fouling ratio (%),MGK,Graph,Matern52,(count:x)+(graph:x),,,,,,,,,,,,,,,,,,,,,,
Understanding and Designing a High-Performance Ultrafiltration Membrane Using Machine Learning,target_reversible fouling ratio (%),MGK,Graph,RBF,sum,,,,,,,,,,,,,,,,,,,,,,
Understanding and Designing a High-Performance Ultrafiltration Membrane Using Machine Learning,target_reversible fouling ratio (%),MGK,Graph,RBF,product,,,,,,,,,,,,,,,,,,,,,,
Understanding and Designing a High-Performance Ultrafiltration Membrane Using Machine Learning,target_reversible fouling ratio (%),MGK,Graph,RBF,averageProduct,,,,,,,,,,,,,,,,,,,,,,
Understanding and Designing a High-Performance Ultrafiltration Membrane Using Machine Learning,target_reversible fouling ratio (%),MGK,Graph,RBF,(count:+)x(graph:x),,,,,,,,,,,,,,,,,,,,,,
Understanding and Designing a High-Performance Ultrafiltration Membrane Using Machine Learning,target_reversible fouling ratio (%),MGK,Graph,RBF,(count:+)x(graph:+),,,,,,,,,,,,,,,,,,,,,,
Understanding and Designing a High-Performance Ultrafiltration Membrane Using Machine Learning,target_reversible fouling ratio (%),MGK,Graph,RBF,(count:x)+(graph:x),,,,,,,,,,,,,,,,,,,,,,
Understanding and Designing a High-Performance Ultrafiltration Membrane Using Machine Learning,target_water permeability (LMH/bar),RF,,,,"{""0"": 217.60955057591738, ""1"": 145.6467243464338, ""2"": 221.9374319063801, ""3"": 145.60327558507095, ""4"": 57.27162170828133, ""5"": 170.95158936543004, ""6"": 89.12391495046174, ""7"": 44.20249498910718}","{""0"": 0.018686398928009607, ""1"": 0.3237889822530787, ""2"": -6.25793373557863, ""3"": -0.00830367672258192, ""4"": -6.555710490199842, ""5"": -0.3981647368287391, ""6"": -18.074563729354345, ""7"": 0.7723688300735438}","{""0"": 142.6006532738095, ""1"": 104.78149065255732, ""2"": 183.4834479166666, ""3"": 98.60843097854529, ""4"": 46.0479852564102, ""5"": 139.87607986263737, ""6"": 83.09887883597882, ""7"": 31.389846376811587}","{""0"": 0.12843137254901965, ""1"": 0.08913580246913584, ""2"": 0.1266666666666667, ""3"": 0.04956043956043958, ""4"": 0.24897435897435896, ""5"": 0.1166666666666667, ""6"": 0.2111111111111111, ""7"": 0.1108695652173913}","{""0"": 0.12323119855493815, ""1"": 0.07122178436001102, ""2"": 0.1278095294148963, ""3"": 0.1479757948563292, ""4"": 0.1604229281735402, ""5"": 0.18219053967647456, ""6"": 0.0169011899001764, ""7"": -0.2603430254461183}","{""0"": 11.548467297761931, ""1"": 6.426293212995263, ""2"": 6.7583817157593105, ""3"": 6.184962311031055, ""4"": 5.885900886740324, ""5"": 7.212905919494696, ""6"": 5.920709721571741, ""7"": 4.980289867370291}","{""0"": 0.12058823529411763, ""1"": 0.08222222222222224, ""2"": 0.31, ""3"": 0.1489010989010989, ""4"": 0.2123076923076923, ""5"": 0.18076923076923074, ""6"": 0.2933333333333334, ""7"": 0.1317391304347826}","{""0"": 0.47306734082566343, ""1"": 0.380956945798608, ""2"": 0.1952071508539829, ""3"": 0.4364324534187173, ""4"": 0.14058645504671702, ""5"": 0.4416662599764718, ""6"": 0.3145499761571078, ""7"": 0.4285445364830701}","{""0"": 0.009812991684274484, ""1"": 0.47688584494325476, ""2"": 0.5011356435559103, ""3"": 0.3399705355983998, ""4"": 0.4655258953791681, ""5"": 0.21221370830506142, ""6"": 0.9439252336448599, ""7"": 0.7449164537743327}","{""0"": 72.77094232421224, ""1"": 93.54974553192912, ""2"": 166.12883504440177, ""3"": 120.90374979293848, ""4"": 133.63307824610547, ""5"": 131.99292695283387, ""6"": 122.72309558434603, ""7"": 52.67747733272765}","{""0"": 1.7307004891335964, ""1"": 2.2532478775829077, ""2"": 1.3266681041568518, ""3"": 2.609256850555539, ""4"": 1.357932323589921, ""5"": 2.045363325625658, ""6"": 1.0780504420399666, ""7"": 1.3200334329158068}","{""0"": [51.40608780738024, 68.5591238029956, 71.66110724967862, 72.57927672317338, 52.08523002543971], ""1"": [67.59463412179834, 77.58972779155559, 81.16066380633714, 89.06972482366098, 88.61156331099939], ""2"": [68.91594356488307, 64.09711441660774, 64.22034549947628, 73.07495651506484, 125.84049448479547], ""3"": [75.42186482412396, 84.42738902091673, 79.90109522837834, 56.95953828178613, 87.39737995099918], ""4"": [62.7305592930466, 47.0774087107335, 67.96605453172147, 48.66030216968648, 65.29803605774882], ""5"": [75.55342861929088, 54.217124242410314, 88.97794456609961, 62.09658678874611, 71.70826468627301], ""6"": [39.23994639851011, 65.83466724396688, 57.76455016727415, 70.3071249304655, 34.49598196269545], ""7"": [53.735231553679206, 50.423210569151465, 90.28508381990214, 83.54783496722867, 56.66853289060983]}","{""0"": [0.8906294289907428, 0.7824835786885345, 0.8277505319720452, 0.7940095132714349, 0.9052000761211123], ""1"": [0.8014281285811102, 0.7893780630594573, 0.7511291484603981, 0.7276564636900454, 0.6957948870930604], ""2"": [0.8342267891540425, 0.8394649048870264, 0.8634885641189762, 0.7635233751761065, 0.6889498897579978], ""3"": [0.7589214880890519, 0.7351221728196016, 0.6891340756397422, 0.8549222955475577, 0.7044710449600105], ""4"": [0.7918346788447718, 0.9171243920948171, 0.7530819553760063, 0.8901028131851331, 0.6164255736089057], ""5"": [0.8404381683613424, 0.8779661900071959, 0.6266777706773587, 0.8719212185104588, 0.7262504285617019], ""6"": [0.9257770670137279, 0.28910713515037934, 0.8802004837412866, 0.7883014711665124, 0.9628043593588995], ""7"": [0.9141365651183962, 0.8074352940334479, 0.6668526029512605, 0.7403622119970605, 0.7785397002597807]}","{""0"": [32.691922712418304, 45.006996802054175, 47.006200192577055, 49.40880990896356, 37.371861869747924], ""1"": [51.040585824515034, 54.54118397266311, 58.40389081128746, 53.540141049382676, 51.58510098765429], ""2"": [46.18845916666663, 45.84937855952379, 36.8425333333333, 46.048886884920634, 79.46681301190472], ""3"": [52.023036616954485, 48.56586297749871, 51.77647594151878, 39.98423925693353, 61.410500332286766], ""4"": [42.18148713369963, 32.4792574023199, 44.069081492674016, 35.83558653846153, 48.75453603479854], ""5"": [45.239450412087905, 38.817793452380904, 63.45261730769229, 36.68064930860804, 46.3709983974359], ""6"": [26.535919444444385, 46.69283009259259, 34.569450595238095, 51.91930224867722, 25.11667466931215], ""7"": [39.53135978260868, 33.9470884057971, 58.196141770186316, 57.357360931677, 42.55816559696342]}","{""0"": [0.14117647058823526, 0.04058823529411764, 0.047843137254901955, 0.03392156862745097, 0.07745098039215684], ""1"": [0.04098765432098766, 0.026296296296296276, 0.02382716049382718, 0.040370370370370355, 0.04592592592592593], ""2"": [0.03, 0.0366666666666667, 0.12, 0.085, 0.04666666666666669], ""3"": [0.033003663003662996, 0.05630036630036629, 0.036739926739926744, 0.07637362637362638, 0.04633699633699633], ""4"": [0.05128205128205129, 0.12948717948717947, 0.040512820512820506, 0.05256410256410256, 0.038974358974359], ""5"": [0.10076923076923076, 0.048076923076923093, 0.06961538461538466, 0.13012820512820508, 0.03666666666666666], ""6"": [0.11555555555555554, 0.06444444444444444, 0.10148148148148148, 0.044444444444444474, 0.16296296296296295], ""7"": [0.06623188405797101, 0.0355072463768116, 0.05985507246376815, 0.06304347826086959, 0.06855072463768115]}","{""0"": [0.07132282590460796, 0.14131082461233085, 0.07678033699912411, 0.0656229548644465, 0.07498845768731274], ""1"": [0.06762186998854072, 0.0719751931067007, 0.24099349461342817, 0.05231996266917611, 0.023970262766041035], ""2"": [0.057219529343489874, 0.13583245821458975, 0.013662714031973227, 0.12929736775838052, 0.05897989208435477], ""3"": [0.08322211262216248, 0.04559309746093464, 0.05240700040726083, 0.0613607947379491, 0.12519350201929214], ""4"": [0.04033573269458567, -0.1725754734326843, 0.1768420217899816, 0.0581305761090475, 0.05593998671183533], ""5"": [0.0560182179573266, 0.12472271200848115, 0.04089313085585156, 0.0991679022603909, 0.03788453595851745], ""6"": [0.08703875570948183, 0.14717039148203495, 0.12283096935220274, 0.10136882262501339, -0.18171639301822518], ""7"": [0.03842594870103377, 0.10191879336842871, 0.10197454648673551, 0.07604533295502039, 0.07923750691932185]}","{""0"": [5.039724516965809, 5.216056767279994, 5.239980358085954, 5.133478147709366, 5.103142345151081], ""1"": [5.378538678808307, 5.5217176615027865, 5.79522069799122, 5.887379646392067, 5.279538684015033], ""2"": [5.409429560445789, 5.688905589284923, 5.192779308008432, 6.2237764563244085, 6.0157959725757], ""3"": [5.4847163250165805, 5.537172902103565, 5.510121095784, 5.227358350899663, 5.476542627621819], ""4"": [5.396338934499512, 5.042424065576376, 5.376074074359054, 5.311510119013581, 5.71677049152815], ""5"": [5.4385076819286935, 5.562337368760473, 5.932542144933099, 5.109497836659232, 5.248610905458012], ""6"": [4.772230339455059, 5.3876621293709155, 5.293850336536577, 5.3435627231949425, 5.046244421303904], ""7"": [5.0665711036442715, 4.7694818169805755, 5.400186232503244, 5.631301026017224, 5.397086535516479]}","{""0"": [0.07941176470588235, 0.10588235294117646, 0.05294117647058823, 0.04235294117647059, 0.05058823529411767], ""1"": [0.07555555555555556, 0.05703703703703704, 0.028888888888888888, 0.035185185185185194, 0.04814814814814814], ""2"": [0.05500000000000001, 0.095, 0.06, 0.1, 0.10499999999999998], ""3"": [0.07989010989010989, 0.031318681318681325, 0.060329670329670335, 0.04890109890109891, 0.10340659340659339], ""4"": [0.06076923076923076, 0.06923076923076923, 0.14999999999999997, 0.0653846153846154, 0.043846153846153854], ""5"": [0.05884615384615385, 0.07923076923076923, 0.03346153846153846, 0.09115384615384615, 0.04076923076923078], ""6"": [0.08888888888888888, 0.04444444444444443, 0.0688888888888889, 0.05222222222222221, 0.08222222222222222], ""7"": [0.02999999999999999, 0.09608695652173913, 0.06217391304347826, 0.05695652173913044, 0.055217391304347815]}","{""0"": [0.8825167405159958, 0.7230485464575525, 0.7198832934838699, 0.8087397835758527, 0.6736369242588988], ""1"": [0.7254783269611164, 0.6406383779770534, 0.710236230427005, 0.5722539728787934, 0.6876147811021711], ""2"": [0.6891585105126485, 0.6599112511166086, 0.6687445071697696, 0.7682896094276138, 0.6266923291168579], ""3"": [0.5852016507858748, 0.8878030594612705, 0.6864175111525151, 0.6390454971870708, 0.7014819121638368], ""4"": [0.8269654314176986, 0.7883767638163762, 0.6996491378294878, 0.6965608716632359, 0.649760125191088], ""5"": [0.7830992133392616, 0.6593001364421419, 0.6561465382510593, 0.6783729710097909, 0.6537734643186465], ""6"": [0.6496520208798654, 0.6315814528244297, 0.6893278181362013, 0.8288326144795384, 0.7654926646542146], ""7"": [0.7508381785990734, 0.8967183799132608, 0.7457068341398305, 0.7014128214400501, 0.7008208352509592]}","{""0"": [0.6436974789915966, 0.5366748228919783, 0.5592482253314455, 0.709396485867074, 0.6663101604278074], ""1"": [0.7647238233637947, 0.46300461284736216, 0.655142182377316, 0.5728553195176543, 0.5864974115817094], ""2"": [0.4016547858320483, 0.3157894736842105, 0.3924812030075188, 0.4195488721804511, 0.6857142857142857], ""3"": [0.554513239381456, 0.485072665983695, 0.48764308893301267, 0.5889796261938142, 0.7000115470182964], ""4"": [0.46529914529914523, 0.6143589743589742, 0.3415384615384615, 0.44341880341880335, 0.4242735042735042], ""5"": [0.4912273216855969, 0.36038420523766485, 0.5707028666643318, 0.6742081447963801, 0.6514695525592318], ""6"": [0.653250773993808, 0.4220846233230134, 0.6264189886480908, 0.7316821465428276, 0.25902992776057787], ""7"": [0.7170743979721595, 0.6750679721777877, 0.48628615272543413, 0.4505928853754941, 0.43241908905971027]}","{""0"": [64.8623420197015, 62.999148599387674, 65.25857222635264, 63.199588625888616, 57.845013127448254], ""1"": [70.21299098670359, 75.05565394563449, 65.4249809246084, 55.111411120962295, 63.6328906341921], ""2"": [71.08333850948226, 65.44800412031654, 66.93600979353141, 63.255166452179324, 63.10275553337574], ""3"": [65.30593765765425, 60.58185437814391, 73.97068188840146, 62.219287595652744, 81.481222205592], ""4"": [61.11059162940047, 76.15477405338103, 54.480245124869796, 57.756206396383064, 57.96616717886635], ""5"": [73.67065600174627, 63.46954744447863, 59.893447647133385, 62.7798374917074, 56.49341394282036], ""6"": [41.332596884424085, 66.32299752683178, 48.18395904789595, 56.16253227567054, 65.38593352650823], ""7"": [61.718842541693526, 50.045909653663855, 68.82247816933052, 61.360695188865975, 71.60403634733274]}","{""0"": [1.689071323722601, 1.666767630726099, 1.7217573076486588, 1.689281990751624, 1.6423496063798666], ""1"": [2.1563227642327547, 2.200599253177643, 2.195991799235344, 2.224604269489646, 2.2743603568524122], ""2"": [1.1125759780406952, 1.250009149312973, 1.1787561979144812, 1.25900486856699, 1.1668371949344873], ""3"": [2.956499110907316, 2.874882496893406, 2.954259330406785, 2.8577280584722757, 3.041530145332217], ""4"": [1.4414002504199743, 1.6680118720978498, 1.6987649705260992, 1.5634138770401478, 1.549100136384368], ""5"": [2.4204451497644186, 2.2741038482636213, 2.5037810131907463, 2.432744860649109, 2.3098906725645065], ""6"": [1.2651349436491728, 1.2798495758324862, 1.4557243604213, 1.2206345163285732, 1.2164270132780075], ""7"": [1.5293325427919626, 1.4464425947517157, 1.4499365966767073, 1.3738201204687357, 1.4393377713859081]}"
Understanding and Designing a High-Performance Ultrafiltration Membrane Using Machine Learning,target_water permeability (LMH/bar),XGBR,,,,"{""0"": 219.71291871930435, ""1"": 176.2156992269894, ""2"": 220.49675804776214, ""3"": 171.940037199144, ""4"": 18.014476263043203, ""5"": 209.57062068374796, ""6"": 36.434040265034426, ""7"": 46.18840926504401}","{""0"": -0.000375624450880796, ""1"": 0.010148616554826906, ""2"": -6.164011971213656, ""3"": -0.4060575380029263, ""4"": 0.25245106358961156, ""5"": -1.1012264457464807, ""6"": -2.187724427746237, ""7"": 0.7514554903611895}","{""0"": 151.0994226882105, ""1"": 117.0683582860179, ""2"": 167.5824581054135, ""3"": 132.45075784758214, ""4"": 16.06898895423579, ""5"": 162.6507999257011, ""6"": 27.840030052336154, ""7"": 30.194397485873345}",,,,,,,,"{""0"": 0.867983927950263, ""1"": 1.1311631556600332, ""2"": 0.7353093717247248, ""3"": 1.1180971283465624, ""4"": 0.8143933210521936, ""5"": 1.0336293242871761, ""6"": 0.6446592137217522, ""7"": 0.7141693234443665}","{""0"": [70.57967350774943, 84.01855908467569, 69.4586203872892, 62.088322082306775, 60.11433278553311], ""1"": [73.46515993930387, 72.94806821734568, 90.72984058314492, 76.61870042593233, 87.75269333506563], ""2"": [96.90446737439255, 53.188353493336486, 76.29316810830382, 78.36847631191331, 97.62159365846712], ""3"": [77.73982394480163, 82.56936309883483, 82.26708424291242, 56.73529092978238, 82.03809589824247], ""4"": [64.59030732060599, 59.229435996838106, 73.05760721762226, 71.31648073538382, 68.82783142153889], ""5"": [96.59916515177277, 39.37946516113135, 93.13201796533065, 80.03954816721607, 57.66887795636855], ""6"": [25.74185451547462, 49.99566277247088, 71.28597567531057, 79.91439280352614, 63.47509017418457], ""7"": [46.89701893444333, 24.43820253171058, 76.42770252239417, 83.3420448889209, 59.53710030458799]}","{""0"": [0.7938275355805168, 0.673327940544096, 0.8381759125294973, 0.8492554087691335, 0.8737199113700533], ""1"": [0.7654388174988429, 0.8138244107768009, 0.6889837014111316, 0.7984761674253802, 0.7016633411012756], ""2"": [0.6722350320104271, 0.8894583034693783, 0.8073384462289661, 0.728021926606549, 0.8128105735429002], ""3"": [0.7438755285930541, 0.7466524216948476, 0.6704511011954856, 0.8560623767675053, 0.7396039720468659], ""4"": [0.7793089284138512, 0.8688172225883392, 0.7147014278999806, 0.7639430561942685, 0.5738351972621144], ""5"": [0.7391640764136007, 0.9356206124523374, 0.5910058097794548, 0.787210112406409, 0.8229491462169478], ""6"": [0.9680580839493981, 0.5900229692667045, 0.8175514277375138, 0.7264925436332272, 0.8740605848761505], ""7"": [0.9345995881911249, 0.9547671220570251, 0.7612705363518343, 0.7416396855989904, 0.7555515415355003]}","{""0"": [44.21795221652186, 47.85561141571105, 44.41411449323084, 42.93513476074635, 40.58375424485679], ""1"": [48.041094535453276, 46.809460732039014, 60.81806136564593, 45.95922968659631, 43.82582110839474], ""2"": [65.5204837679633, 36.710020557723915, 39.84318946435932, 38.38374678520155, 65.17663710159192], ""3"": [47.9981148392392, 45.181920348435824, 52.69003178582096, 38.655933361083434, 50.710764283068514], ""4"": [42.123115908435615, 41.282222395002684, 41.209682732787165, 46.47191686375764, 50.010818406872204], ""5"": [60.445553421930896, 23.899653539276112, 62.300044330427355, 43.13451583518068, 31.16847477208593], ""6"": [13.836950368977506, 32.53503960557853, 37.100846610656426, 57.117873902208125, 45.92896127377582], ""7"": [32.9216195094181, 17.57865460797067, 42.09987677223534, 42.27278548913655, 43.6869836259618]}",,,,,,,,"{""0"": [0.8898792937397957, 0.8416045941412449, 0.8629050496965647, 0.8860009517520666, 0.8566807340830564], ""1"": [1.1045995838940144, 0.9959732592105865, 1.0324928220361471, 1.0338570084422827, 1.0308288838714361], ""2"": [0.7204382456839085, 0.6992243956774473, 0.7099997159093618, 0.731742300093174, 0.6676558554172516], ""3"": [1.279803754761815, 1.2578589711338282, 1.305953474715352, 1.2146890051662922, 1.31178361736238], ""4"": [0.7793584037572145, 0.6643637623637915, 0.6718290392309427, 0.7528332155197859, 0.6617376040667295], ""5"": [0.9390787594020367, 0.9473502952605486, 0.9453491885215044, 0.900787828490138, 1.0809784512966871], ""6"": [0.6881888415664434, 0.5826011840254068, 0.6694589983671904, 0.594915958121419, 0.577801750972867], ""7"": [0.6233587991446257, 0.7171599976718426, 0.6374255046248436, 0.6210305653512478, 0.6316272728145123]}"
Understanding and Designing a High-Performance Ultrafiltration Membrane Using Machine Learning,target_water permeability (LMH/bar),NGB,,,,"{""0"": 213.5645398804634, ""1"": 175.86478156912395, ""2"": 203.8371010076904, ""3"": 135.51863018520183, ""4"": 26.28358619872116, ""5"": 156.80525837272452, ""6"": 56.79234626060915, ""7"": 50.8427403206422}","{""0"": 0.05482940281054938, ""1"": 0.014087090439378946, ""2"": -5.122352829387203, ""3"": 0.12653186384584858, ""4"": -0.5913495642802147, ""5"": -0.17634118837847468, ""6"": -6.74543341268593, ""7"": 0.6988408494390055}","{""0"": 143.13269764730822, ""1"": 111.57453640506913, ""2"": 156.7513995998894, ""3"": 103.42125524688257, ""4"": 21.00698553555318, ""5"": 124.85116002276158, ""6"": 53.697684216460935, ""7"": 36.78077995381011}","{""0"": 0.32941176470588246, ""1"": 0.2808641975308643, ""2"": 0.21833333333333343, ""3"": 0.3060439560439561, ""4"": 0.10564102564102563, ""5"": 0.26666666666666666, ""6"": 0.39814814814814825, ""7"": 0.07}","{""0"": 0.19098544899323866, ""1"": 0.22763478809263915, ""2"": 0.29155595448192306, ""3"": 0.16437712185143222, ""4"": 0.21063703678679932, ""5"": 0.20073830570887996, ""6"": 0.764913730139731, ""7"": 0.08822361157294711}","{""0"": 20.282681252889784, ""1"": 23.796825249782366, ""2"": 6.995132349122038, ""3"": 9.782002384194952, ""4"": 4.792454820535043, ""5"": 11.657047424109473, ""6"": 7.656649593760968, ""7"": 5.206890424917794}","{""0"": 0.17411764705882354, ""1"": 0.2059259259259259, ""2"": 0.32500000000000007, ""3"": 0.1401098901098901, ""4"": 0.12384615384615386, ""5"": 0.18846153846153846, ""6"": 0.42777777777777776, ""7"": 0.08391304347826087}","{""0"": 0.2952234440959835, ""1"": 0.4208332162168148, ""2"": 0.4771327976998195, ""3"": 0.47217437040228055, ""4"": 0.06748668935209924, ""5"": 0.36871459886260005, ""6"": 0.21826930377751022, ""7"": 0.24874771049858718}","{""0"": 0.609816648212647, ""1"": 0.0032838893242090332, ""2"": 0.9001194983099801, ""3"": 0.49512703469468755, ""4"": -0.2554641860824133, ""5"": 0.10809311463986743, ""6"": 0.17128190746703092, ""7"": 0.48751371151595724}","{""0"": 33.72559108624447, ""1"": 29.789483732004403, ""2"": 78.73651251248769, ""3"": 42.08256942726997, ""4"": 36.98594931827864, ""5"": 50.502974635339335, ""6"": 22.615465346281788, ""7"": 45.88723059476806}","{""0"": 7.409861024469137, ""1"": 7.849107379093766, ""2"": 7.649226495996118, ""3"": 7.5603395365178585, ""4"": 7.176603179425001, ""5"": 7.4798714350908995, ""6"": 7.704127114266157, ""7"": 7.874191762879491}","{""0"": [67.28677727749294, 71.32382360633372, 78.12025285725727, 85.03318846350646, 66.1220878083241], ""1"": [79.57507355580469, 75.51140129688478, 90.55543662127441, 78.0953368091295, 77.61852312604971], ""2"": [97.29395936500627, 76.41677222141823, 77.92025306401246, 73.63528083310989, 141.0741084770803], ""3"": [80.41615534162467, 83.54790621676894, 78.93191891143995, 69.691782913201, 92.61775746261344], ""4"": [68.51814764118656, 76.04496400373984, 78.40972264744317, 65.43109785898527, 76.3254572200959], ""5"": [87.9611099804733, 67.44980790045436, 93.0323258819105, 81.50635043085313, 62.92217902600206], ""6"": [28.26638860931912, 62.4735882314234, 82.94146615652343, 62.765973327060756, 47.03599137109711], ""7"": [69.27367714579019, 23.825806863593538, 65.97903799557437, 92.48657992451537, 58.448865765765284]}","{""0"": [0.8126167235989878, 0.7645868238697962, 0.7952998591589975, 0.7172524699829667, 0.8472180912097416], ""1"": [0.724800663169876, 0.8005104248875171, 0.690178244264378, 0.7906335661583205, 0.7665916104962298], ""2"": [0.6695949393203013, 0.771823763989434, 0.7990331302338777, 0.7598829594824711, 0.6090833610538735], ""3"": [0.7259368902537124, 0.7406119112678978, 0.6966297588756971, 0.782814460978823, 0.6681118592740107], ""4"": [0.7516516444934508, 0.7837567576387862, 0.6713689872616806, 0.801296559421145, 0.47593128501448656], ""5"": [0.783727121623978, 0.8111275350401272, 0.5918809472685866, 0.7793394871213194, 0.789223334185054], ""6"": [0.9614857050724188, 0.3598411302351704, 0.753012093352454, 0.8312795603449015, 0.9308462679125513], ""7"": [0.85729917263097, 0.9570056947824521, 0.822083440664146, 0.6818331414872743, 0.7644060570550366]}","{""0"": [44.27405930739711, 47.23534706777511, 55.185057088572584, 61.054302430952795, 46.02092995716811], ""1"": [53.19228282956682, 52.91364061230076, 62.4189577097141, 49.963248591007876, 49.30686234461036], ""2"": [68.03277557865445, 56.88553566029786, 53.641579985552426, 45.61553147997328, 88.27821168085437], ""3"": [53.471062315642634, 53.56914019373553, 49.23417950599509, 49.147667796765916, 60.40618703577877], ""4"": [47.2239300231419, 53.36868605459007, 45.76533938120008, 50.44706244429621, 58.118431965997836], ""5"": [57.60571914695459, 46.48166241757727, 66.87304476221836, 51.17344680638756, 42.01332225650391], ""6"": [23.01168237400195, 42.06848633341071, 54.087831746518624, 48.19687494805847, 31.504305158589382], ""7"": [48.29741749502914, 20.360988527490523, 43.177369796482736, 50.76766839401529, 43.37963803311294]}","{""0"": [0.04607843137254902, 0.025294117647058828, 0.04607843137254904, 0.05588235294117651, 0.04137254901960785], ""1"": [0.06197530864197534, 0.04037037037037042, 0.04901234567901238, 0.029753086419753078, 0.029876543209876563], ""2"": [0.033333333333333375, 0.0766666666666667, 0.04833333333333336, 0.04000000000000002, 0.053333333333333365], ""3"": [0.07600732600732604, 0.027069597069597093, 0.028901098901098925, 0.055860805860805884, 0.06941391941391944], ""4"": [0.043589743589743615, 0.034102564102564126, 0.02923076923076923, 0.08974358974358977, 0.14717948717948723], ""5"": [0.0357692307692308, 0.05358974358974362, 0.12500000000000003, 0.05551282051282054, 0.018589743589743607], ""6"": [0.11259259259259259, 0.04962962962962965, 0.03222222222222224, 0.03074074074074075, 0.15037037037037035], ""7"": [0.0363768115942029, 0.15028985507246376, 0.0392753623188406, 0.034927536231884077, 0.045942028985507234]}","{""0"": [0.04657508323393492, 0.1172369921949205, 0.08257315755256447, 0.10428110952062088, 0.07779854660154786], ""1"": [0.08165647149221053, 0.06692244617353102, 0.045608522680673134, 0.05541926375250546, 0.07850877006773424], ""2"": [0.05114217924119725, 0.04100954656805389, 0.00939849812384516, 0.1429997710560375, 1.861842776688755], ""3"": [0.13199091526841344, 0.07211723446032228, 0.5583273585231745, 0.33855292316361363, 0.1303993342073214], ""4"": [0.03800485000829498, 0.09156371838521363, 0.15624335430225111, 0.0236451541964277, 0.2617264845207053], ""5"": [0.03053701783144046, 0.14884216401023626, 0.06553233476802368, 0.11979107496328063, 0.05905991471971362], ""6"": [0.061781969775516275, 0.13467230983016226, 0.061602310076427524, 0.03401530760177482, 0.06584901003809483], ""7"": [0.0639360586814858, 0.09005461001464689, 0.0912627120706425, 0.05979340926004224, 0.15505567258480688]}","{""0"": [5.229856217044834, 5.265268466860455, 5.448920779164987, 5.534259383584967, 5.184740278976023], ""1"": [5.256817181949331, 5.411683057792106, 6.10938737030058, 5.474392488728461, 5.363421493388781], ""2"": [5.551501076418033, 5.71822009925814, 5.365846151196347, 5.175967911751508, 5.84840308503205], ""3"": [5.389628990017912, 5.793954159929605, 5.495550390213115, 5.495991214169094, 5.602684678152906], ""4"": [5.457876941458492, 5.313887754009589, 5.160988993709042, 5.4065979151522034, 7.0886655908886995], ""5"": [5.639246382232811, 5.515833371729297, 6.026727662977913, 5.344797320557905, 5.178156446220688], ""6"": [4.868521492234134, 5.140471931692466, 5.579222493588902, 5.370719400639065, 5.046593608832229], ""7"": [5.272434383514869, 4.809821860038393, 5.2245820115679775, 5.246285967025986, 5.329101834050543]}","{""0"": [0.025882352941176467, 0.10294117647058823, 0.09117647058823529, 0.07176470588235295, 0.05647058823529413], ""1"": [0.08074074074074075, 0.05962962962962966, 0.026296296296296297, 0.058518518518518525, 0.07222222222222223], ""2"": [0.014999999999999986, 0.11499999999999999, 0.01999999999999999, 0.13000000000000003, 0.06500000000000002], ""3"": [0.13351648351648354, 0.06406593406593408, 0.05527472527472528, 0.07087912087912088, 0.12560439560439557], ""4"": [0.03384615384615384, 0.046153846153846156, 0.13846153846153847, 0.050769230769230775, 0.10923076923076924], ""5"": [0.02115384615384617, 0.13269230769230766, 0.051923076923076926, 0.12307692307692308, 0.04807692307692308], ""6"": [0.10555555555555556, 0.11111111111111112, 0.025555555555555574, 0.026666666666666672, 0.06666666666666667], ""7"": [0.04043478260869563, 0.12304347826086955, 0.06652173913043477, 0.03695652173913043, 0.10478260869565217]}","{""0"": [0.613180688136419, 0.5745147039142118, 0.5884666888637121, 0.5795032839620883, 0.5795055378826465], ""1"": [0.6915230268506597, 0.5601859556735825, 0.5620649049754323, 0.5924262467978995, 0.519244599899943], ""2"": [0.541985323609083, 0.5572297339890864, 0.6121143224807986, 0.7149407061115101, 0.5593463156591306], ""3"": [0.5577825821781928, 0.6941984306351322, 0.5840616445216301, 0.5438319691963893, 0.5294412809626907], ""4"": [0.5883066279556703, 0.5900822866886563, 0.670909336484961, 0.4922588535009472, 0.5332696458517358], ""5"": [0.559217027157516, 0.5515565761341488, 0.5517572382319705, 0.6267137760210036, 0.5773497532524322], ""6"": [0.47009409532332014, 0.5155933025167693, 0.6203418676665, 0.5397040388936843, 0.5614629359749973], ""7"": [0.5722211884825251, 0.5515091384172898, 0.556290555762807, 0.7014833369219885, 0.4272496549311461]}","{""0"": [0.41868644514152886, 0.6567782734217741, 0.6827778953472727, 0.7679731094305589, 0.6695698697820749], ""1"": [0.7048864942876624, 0.5424077900218595, 0.3969228544632823, 0.5804668443992758, 0.5046034219750479], ""2"": [0.7426638671234481, 0.5016924010299179, 0.6150375939849623, 0.6972546563039488, 0.7263157894736841], ""3"": [0.5798940042512656, 0.655081525122179, 0.4612290609136022, 0.5952078548042404, 0.6300288737261005], ""4"": [0.6216447346796226, 0.7594460702549185, 0.4543589743589744, 0.5019661553958669, 0.37159979378888375], ""5"": [0.5606355600123929, 0.4928690541364899, 0.5459165513892622, 0.5207497243816377, 0.6188758227514525], ""6"": [0.14661850172782767, 0.6587507331151693, 0.581311383611035, 0.5147287509069013, 0.5706914344685242], ""7"": [0.6029705925746203, 0.5381764434125994, 0.3889300835314194, 0.5339927302988241, 0.2022250247150176]}","{""0"": [51.22547320817657, 48.19217393243254, 57.74195920950442, 54.63182181168978, 51.04347265529457], ""1"": [54.36409235711939, 54.227839905976424, 61.71801556075426, 54.19667170768175, 49.37133757446876], ""2"": [72.79533187191021, 56.75867348697358, 64.29779980214713, 46.61835946535815, 70.0723890591319], ""3"": [51.57990323027231, 56.56522589705622, 53.88237167229225, 47.784533298841566, 50.25022252024114], ""4"": [48.53831600134107, 63.68468267847316, 50.05680702625942, 51.12747489841196, 45.76426723648342], ""5"": [57.75877454246678, 51.177427382172226, 51.00592326481087, 53.042718452974654, 47.59153237960749], ""6"": [45.30145859066992, 48.02847822739133, 51.657667805618004, 56.742607098799255, 58.43096671003597], ""7"": [57.39525390871114, 46.153869737767, 51.79350290880137, 48.20681483367197, 57.23788427366691]}","{""0"": [8.136067353188992, 7.9888937678188086, 9.05692058056593, 9.125086952000856, 7.8826238084584475], ""1"": [8.138098360970616, 8.05846886523068, 8.062188632786274, 8.25369548983872, 8.10320615209639], ""2"": [8.966697230935097, 9.008333811536431, 6.7826789598912, 6.828332893550396, 6.870697405189276], ""3"": [7.181245561689138, 6.939774686470628, 7.10088218562305, 7.848711809143424, 7.9066615998744965], ""4"": [8.013784838840365, 7.939369248226285, 8.810381300747395, 8.882359616458416, 7.925316963344812], ""5"": [8.089881174266338, 8.262668481096625, 8.600081043317914, 8.824777025729418, 8.889560833573341], ""6"": [7.753348506987095, 7.790746772661805, 7.9364248644560575, 7.839719383046031, 8.613493219017982], ""7"": [8.734875751659274, 7.6601783242076635, 7.591168761253357, 7.514458237215877, 7.372088680043817]}"
Understanding and Designing a High-Performance Ultrafiltration Membrane Using Machine Learning,target_water permeability (LMH/bar),GpyroHMC,TanimotoMatern32,Matern32,sum,,,,,,,,,,,,,,,,,,,,,,
Understanding and Designing a High-Performance Ultrafiltration Membrane Using Machine Learning,target_water permeability (LMH/bar),GpyroHMC,TanimotoMatern32,Matern32,product,,,,,,,,,,,,,,,,,,,,,,
Understanding and Designing a High-Performance Ultrafiltration Membrane Using Machine Learning,target_water permeability (LMH/bar),GpyroHMC,TanimotoMatern32,Matern32,averageProduct,,,,,,,,,,,,,,,,,,,,,,
Understanding and Designing a High-Performance Ultrafiltration Membrane Using Machine Learning,target_water permeability (LMH/bar),GpyroHMC,TanimotoMatern32,Matern32,(count:+)x(fp:x),,,,,,,,,,,,,,,,,,,,,,
Understanding and Designing a High-Performance Ultrafiltration Membrane Using Machine Learning,target_water permeability (LMH/bar),GpyroHMC,TanimotoMatern32,Matern32,(count:+)x(fp:+),,,,,,,,,,,,,,,,,,,,,,
Understanding and Designing a High-Performance Ultrafiltration Membrane Using Machine Learning,target_water permeability (LMH/bar),GpyroHMC,TanimotoMatern32,Matern32,(count:x)+(fp:x),,,,,,,,,,,,,,,,,,,,,,
Understanding and Designing a High-Performance Ultrafiltration Membrane Using Machine Learning,target_water permeability (LMH/bar),GpyroHMC,TanimotoMatern32,Matern52,sum,,,,,,,,,,,,,,,,,,,,,,
Understanding and Designing a High-Performance Ultrafiltration Membrane Using Machine Learning,target_water permeability (LMH/bar),GpyroHMC,TanimotoMatern32,Matern52,product,,,,,,,,,,,,,,,,,,,,,,
Understanding and Designing a High-Performance Ultrafiltration Membrane Using Machine Learning,target_water permeability (LMH/bar),GpyroHMC,TanimotoMatern32,Matern52,averageProduct,,,,,,,,,,,,,,,,,,,,,,
Understanding and Designing a High-Performance Ultrafiltration Membrane Using Machine Learning,target_water permeability (LMH/bar),GpyroHMC,TanimotoMatern32,Matern52,(count:+)x(fp:x),,,,,,,,,,,,,,,,,,,,,,
Understanding and Designing a High-Performance Ultrafiltration Membrane Using Machine Learning,target_water permeability (LMH/bar),GpyroHMC,TanimotoMatern32,Matern52,(count:+)x(fp:+),,,,,,,,,,,,,,,,,,,,,,
Understanding and Designing a High-Performance Ultrafiltration Membrane Using Machine Learning,target_water permeability (LMH/bar),GpyroHMC,TanimotoMatern32,Matern52,(count:x)+(fp:x),,,,,,,,,,,,,,,,,,,,,,
Understanding and Designing a High-Performance Ultrafiltration Membrane Using Machine Learning,target_water permeability (LMH/bar),GpyroHMC,TanimotoMatern32,RBF,sum,,,,,,,,,,,,,,,,,,,,,,
Understanding and Designing a High-Performance Ultrafiltration Membrane Using Machine Learning,target_water permeability (LMH/bar),GpyroHMC,TanimotoMatern32,RBF,product,,,,,,,,,,,,,,,,,,,,,,
Understanding and Designing a High-Performance Ultrafiltration Membrane Using Machine Learning,target_water permeability (LMH/bar),GpyroHMC,TanimotoMatern32,RBF,averageProduct,,,,,,,,,,,,,,,,,,,,,,
Understanding and Designing a High-Performance Ultrafiltration Membrane Using Machine Learning,target_water permeability (LMH/bar),GpyroHMC,TanimotoMatern32,RBF,(count:+)x(fp:x),,,,,,,,,,,,,,,,,,,,,,
Understanding and Designing a High-Performance Ultrafiltration Membrane Using Machine Learning,target_water permeability (LMH/bar),GpyroHMC,TanimotoMatern32,RBF,(count:+)x(fp:+),,,,,,,,,,,,,,,,,,,,,,
Understanding and Designing a High-Performance Ultrafiltration Membrane Using Machine Learning,target_water permeability (LMH/bar),GpyroHMC,TanimotoMatern32,RBF,(count:x)+(fp:x),,,,,,,,,,,,,,,,,,,,,,
Understanding and Designing a High-Performance Ultrafiltration Membrane Using Machine Learning,target_water permeability (LMH/bar),GpyroHMC,TanimotoMatern52,Matern32,sum,,,,,,,,,,,,,,,,,,,,,,
Understanding and Designing a High-Performance Ultrafiltration Membrane Using Machine Learning,target_water permeability (LMH/bar),GpyroHMC,TanimotoMatern52,Matern32,product,,,,,,,,,,,,,,,,,,,,,,
Understanding and Designing a High-Performance Ultrafiltration Membrane Using Machine Learning,target_water permeability (LMH/bar),GpyroHMC,TanimotoMatern52,Matern32,averageProduct,,,,,,,,,,,,,,,,,,,,,,
Understanding and Designing a High-Performance Ultrafiltration Membrane Using Machine Learning,target_water permeability (LMH/bar),GpyroHMC,TanimotoMatern52,Matern32,(count:+)x(fp:x),,,,,,,,,,,,,,,,,,,,,,
Understanding and Designing a High-Performance Ultrafiltration Membrane Using Machine Learning,target_water permeability (LMH/bar),GpyroHMC,TanimotoMatern52,Matern32,(count:+)x(fp:+),,,,,,,,,,,,,,,,,,,,,,
Understanding and Designing a High-Performance Ultrafiltration Membrane Using Machine Learning,target_water permeability (LMH/bar),GpyroHMC,TanimotoMatern52,Matern32,(count:x)+(fp:x),,,,,,,,,,,,,,,,,,,,,,
Understanding and Designing a High-Performance Ultrafiltration Membrane Using Machine Learning,target_water permeability (LMH/bar),GpyroHMC,TanimotoMatern52,Matern52,sum,,,,,,,,,,,,,,,,,,,,,,
Understanding and Designing a High-Performance Ultrafiltration Membrane Using Machine Learning,target_water permeability (LMH/bar),GpyroHMC,TanimotoMatern52,Matern52,product,,,,,,,,,,,,,,,,,,,,,,
Understanding and Designing a High-Performance Ultrafiltration Membrane Using Machine Learning,target_water permeability (LMH/bar),GpyroHMC,TanimotoMatern52,Matern52,averageProduct,,,,,,,,,,,,,,,,,,,,,,
Understanding and Designing a High-Performance Ultrafiltration Membrane Using Machine Learning,target_water permeability (LMH/bar),GpyroHMC,TanimotoMatern52,Matern52,(count:+)x(fp:x),,,,,,,,,,,,,,,,,,,,,,
Understanding and Designing a High-Performance Ultrafiltration Membrane Using Machine Learning,target_water permeability (LMH/bar),GpyroHMC,TanimotoMatern52,Matern52,(count:+)x(fp:+),,,,,,,,,,,,,,,,,,,,,,
Understanding and Designing a High-Performance Ultrafiltration Membrane Using Machine Learning,target_water permeability (LMH/bar),GpyroHMC,TanimotoMatern52,Matern52,(count:x)+(fp:x),,,,,,,,,,,,,,,,,,,,,,
Understanding and Designing a High-Performance Ultrafiltration Membrane Using Machine Learning,target_water permeability (LMH/bar),GpyroHMC,TanimotoMatern52,RBF,sum,,,,,,,,,,,,,,,,,,,,,,
Understanding and Designing a High-Performance Ultrafiltration Membrane Using Machine Learning,target_water permeability (LMH/bar),GpyroHMC,TanimotoMatern52,RBF,product,,,,,,,,,,,,,,,,,,,,,,
Understanding and Designing a High-Performance Ultrafiltration Membrane Using Machine Learning,target_water permeability (LMH/bar),GpyroHMC,TanimotoMatern52,RBF,averageProduct,,,,,,,,,,,,,,,,,,,,,,
Understanding and Designing a High-Performance Ultrafiltration Membrane Using Machine Learning,target_water permeability (LMH/bar),GpyroHMC,TanimotoMatern52,RBF,(count:+)x(fp:x),,,,,,,,,,,,,,,,,,,,,,
Understanding and Designing a High-Performance Ultrafiltration Membrane Using Machine Learning,target_water permeability (LMH/bar),GpyroHMC,TanimotoMatern52,RBF,(count:+)x(fp:+),,,,,,,,,,,,,,,,,,,,,,
Understanding and Designing a High-Performance Ultrafiltration Membrane Using Machine Learning,target_water permeability (LMH/bar),GpyroHMC,TanimotoMatern52,RBF,(count:x)+(fp:x),,,,,,,,,,,,,,,,,,,,,,
Understanding and Designing a High-Performance Ultrafiltration Membrane Using Machine Learning,target_water permeability (LMH/bar),GpyroHMC,TanimotoRBF,Matern32,sum,,,,,,,,,,,,,,,,,,,,,,
Understanding and Designing a High-Performance Ultrafiltration Membrane Using Machine Learning,target_water permeability (LMH/bar),GpyroHMC,TanimotoRBF,Matern32,product,,,,,,,,,,,,,,,,,,,,,,
Understanding and Designing a High-Performance Ultrafiltration Membrane Using Machine Learning,target_water permeability (LMH/bar),GpyroHMC,TanimotoRBF,Matern32,averageProduct,,,,,,,,,,,,,,,,,,,,,,
Understanding and Designing a High-Performance Ultrafiltration Membrane Using Machine Learning,target_water permeability (LMH/bar),GpyroHMC,TanimotoRBF,Matern32,(count:+)x(fp:x),,,,,,,,,,,,,,,,,,,,,,
Understanding and Designing a High-Performance Ultrafiltration Membrane Using Machine Learning,target_water permeability (LMH/bar),GpyroHMC,TanimotoRBF,Matern32,(count:+)x(fp:+),,,,,,,,,,,,,,,,,,,,,,
Understanding and Designing a High-Performance Ultrafiltration Membrane Using Machine Learning,target_water permeability (LMH/bar),GpyroHMC,TanimotoRBF,Matern32,(count:x)+(fp:x),,,,,,,,,,,,,,,,,,,,,,
Understanding and Designing a High-Performance Ultrafiltration Membrane Using Machine Learning,target_water permeability (LMH/bar),GpyroHMC,TanimotoRBF,Matern52,sum,,,,,,,,,,,,,,,,,,,,,,
Understanding and Designing a High-Performance Ultrafiltration Membrane Using Machine Learning,target_water permeability (LMH/bar),GpyroHMC,TanimotoRBF,Matern52,product,,,,,,,,,,,,,,,,,,,,,,
Understanding and Designing a High-Performance Ultrafiltration Membrane Using Machine Learning,target_water permeability (LMH/bar),GpyroHMC,TanimotoRBF,Matern52,averageProduct,,,,,,,,,,,,,,,,,,,,,,
Understanding and Designing a High-Performance Ultrafiltration Membrane Using Machine Learning,target_water permeability (LMH/bar),GpyroHMC,TanimotoRBF,Matern52,(count:+)x(fp:x),,,,,,,,,,,,,,,,,,,,,,
Understanding and Designing a High-Performance Ultrafiltration Membrane Using Machine Learning,target_water permeability (LMH/bar),GpyroHMC,TanimotoRBF,Matern52,(count:+)x(fp:+),,,,,,,,,,,,,,,,,,,,,,
Understanding and Designing a High-Performance Ultrafiltration Membrane Using Machine Learning,target_water permeability (LMH/bar),GpyroHMC,TanimotoRBF,Matern52,(count:x)+(fp:x),,,,,,,,,,,,,,,,,,,,,,
Understanding and Designing a High-Performance Ultrafiltration Membrane Using Machine Learning,target_water permeability (LMH/bar),GpyroHMC,TanimotoRBF,RBF,sum,,,,,,,,,,,,,,,,,,,,,,
Understanding and Designing a High-Performance Ultrafiltration Membrane Using Machine Learning,target_water permeability (LMH/bar),GpyroHMC,TanimotoRBF,RBF,product,,,,,,,,,,,,,,,,,,,,,,
Understanding and Designing a High-Performance Ultrafiltration Membrane Using Machine Learning,target_water permeability (LMH/bar),GpyroHMC,TanimotoRBF,RBF,averageProduct,,,,,,,,,,,,,,,,,,,,,,
Understanding and Designing a High-Performance Ultrafiltration Membrane Using Machine Learning,target_water permeability (LMH/bar),GpyroHMC,TanimotoRBF,RBF,(count:+)x(fp:x),,,,,,,,,,,,,,,,,,,,,,
Understanding and Designing a High-Performance Ultrafiltration Membrane Using Machine Learning,target_water permeability (LMH/bar),GpyroHMC,TanimotoRBF,RBF,(count:+)x(fp:+),,,,,,,,,,,,,,,,,,,,,,
Understanding and Designing a High-Performance Ultrafiltration Membrane Using Machine Learning,target_water permeability (LMH/bar),GpyroHMC,TanimotoRBF,RBF,(count:x)+(fp:x),,,,,,,,,,,,,,,,,,,,,,
Understanding and Designing a High-Performance Ultrafiltration Membrane Using Machine Learning,target_water permeability (LMH/bar),GpyroHMC,Tanimoto,Matern32,sum,,,,,,,,,,,,,,,,,,,,,,
Understanding and Designing a High-Performance Ultrafiltration Membrane Using Machine Learning,target_water permeability (LMH/bar),GpyroHMC,Tanimoto,Matern32,product,,,,,,,,,,,,,,,,,,,,,,
Understanding and Designing a High-Performance Ultrafiltration Membrane Using Machine Learning,target_water permeability (LMH/bar),GpyroHMC,Tanimoto,Matern32,averageProduct,,,,,,,,,,,,,,,,,,,,,,
Understanding and Designing a High-Performance Ultrafiltration Membrane Using Machine Learning,target_water permeability (LMH/bar),GpyroHMC,Tanimoto,Matern32,(count:+)x(fp:x),,,,,,,,,,,,,,,,,,,,,,
Understanding and Designing a High-Performance Ultrafiltration Membrane Using Machine Learning,target_water permeability (LMH/bar),GpyroHMC,Tanimoto,Matern32,(count:+)x(fp:+),,,,,,,,,,,,,,,,,,,,,,
Understanding and Designing a High-Performance Ultrafiltration Membrane Using Machine Learning,target_water permeability (LMH/bar),GpyroHMC,Tanimoto,Matern32,(count:x)+(fp:x),,,,,,,,,,,,,,,,,,,,,,
Understanding and Designing a High-Performance Ultrafiltration Membrane Using Machine Learning,target_water permeability (LMH/bar),GpyroHMC,Tanimoto,Matern52,sum,,,,,,,,,,,,,,,,,,,,,,
Understanding and Designing a High-Performance Ultrafiltration Membrane Using Machine Learning,target_water permeability (LMH/bar),GpyroHMC,Tanimoto,Matern52,product,,,,,,,,,,,,,,,,,,,,,,
Understanding and Designing a High-Performance Ultrafiltration Membrane Using Machine Learning,target_water permeability (LMH/bar),GpyroHMC,Tanimoto,Matern52,averageProduct,,,,,,,,,,,,,,,,,,,,,,
Understanding and Designing a High-Performance Ultrafiltration Membrane Using Machine Learning,target_water permeability (LMH/bar),GpyroHMC,Tanimoto,Matern52,(count:+)x(fp:x),,,,,,,,,,,,,,,,,,,,,,
Understanding and Designing a High-Performance Ultrafiltration Membrane Using Machine Learning,target_water permeability (LMH/bar),GpyroHMC,Tanimoto,Matern52,(count:+)x(fp:+),,,,,,,,,,,,,,,,,,,,,,
Understanding and Designing a High-Performance Ultrafiltration Membrane Using Machine Learning,target_water permeability (LMH/bar),GpyroHMC,Tanimoto,Matern52,(count:x)+(fp:x),,,,,,,,,,,,,,,,,,,,,,
Understanding and Designing a High-Performance Ultrafiltration Membrane Using Machine Learning,target_water permeability (LMH/bar),GpyroHMC,Tanimoto,RBF,sum,,,,,,,,,,,,,,,,,,,,,,
Understanding and Designing a High-Performance Ultrafiltration Membrane Using Machine Learning,target_water permeability (LMH/bar),GpyroHMC,Tanimoto,RBF,product,,,,,,,,,,,,,,,,,,,,,,
Understanding and Designing a High-Performance Ultrafiltration Membrane Using Machine Learning,target_water permeability (LMH/bar),GpyroHMC,Tanimoto,RBF,averageProduct,,,,,,,,,,,,,,,,,,,,,,
Understanding and Designing a High-Performance Ultrafiltration Membrane Using Machine Learning,target_water permeability (LMH/bar),GpyroHMC,Tanimoto,RBF,(count:+)x(fp:x),,,,,,,,,,,,,,,,,,,,,,
Understanding and Designing a High-Performance Ultrafiltration Membrane Using Machine Learning,target_water permeability (LMH/bar),GpyroHMC,Tanimoto,RBF,(count:+)x(fp:+),,,,,,,,,,,,,,,,,,,,,,
Understanding and Designing a High-Performance Ultrafiltration Membrane Using Machine Learning,target_water permeability (LMH/bar),GpyroHMC,Tanimoto,RBF,(count:x)+(fp:x),,,,,,,,,,,,,,,,,,,,,,
Understanding and Designing a High-Performance Ultrafiltration Membrane Using Machine Learning,target_water permeability (LMH/bar),GpyroHMC,Matern32,Matern32,sum,,,,,,,,,,,,,,,,,,,,,,
Understanding and Designing a High-Performance Ultrafiltration Membrane Using Machine Learning,target_water permeability (LMH/bar),GpyroHMC,Matern32,Matern32,product,,,,,,,,,,,,,,,,,,,,,,
Understanding and Designing a High-Performance Ultrafiltration Membrane Using Machine Learning,target_water permeability (LMH/bar),GpyroHMC,Matern32,Matern32,averageProduct,,,,,,,,,,,,,,,,,,,,,,
Understanding and Designing a High-Performance Ultrafiltration Membrane Using Machine Learning,target_water permeability (LMH/bar),GpyroHMC,Matern32,Matern32,(count:+)x(fp:x),,,,,,,,,,,,,,,,,,,,,,
Understanding and Designing a High-Performance Ultrafiltration Membrane Using Machine Learning,target_water permeability (LMH/bar),GpyroHMC,Matern32,Matern32,(count:+)x(fp:+),,,,,,,,,,,,,,,,,,,,,,
Understanding and Designing a High-Performance Ultrafiltration Membrane Using Machine Learning,target_water permeability (LMH/bar),GpyroHMC,Matern32,Matern32,(count:x)+(fp:x),,,,,,,,,,,,,,,,,,,,,,
Understanding and Designing a High-Performance Ultrafiltration Membrane Using Machine Learning,target_water permeability (LMH/bar),GpyroHMC,Matern32,Matern52,sum,,,,,,,,,,,,,,,,,,,,,,
Understanding and Designing a High-Performance Ultrafiltration Membrane Using Machine Learning,target_water permeability (LMH/bar),GpyroHMC,Matern32,Matern52,product,,,,,,,,,,,,,,,,,,,,,,
Understanding and Designing a High-Performance Ultrafiltration Membrane Using Machine Learning,target_water permeability (LMH/bar),GpyroHMC,Matern32,Matern52,averageProduct,,,,,,,,,,,,,,,,,,,,,,
Understanding and Designing a High-Performance Ultrafiltration Membrane Using Machine Learning,target_water permeability (LMH/bar),GpyroHMC,Matern32,Matern52,(count:+)x(fp:x),,,,,,,,,,,,,,,,,,,,,,
Understanding and Designing a High-Performance Ultrafiltration Membrane Using Machine Learning,target_water permeability (LMH/bar),GpyroHMC,Matern32,Matern52,(count:+)x(fp:+),,,,,,,,,,,,,,,,,,,,,,
Understanding and Designing a High-Performance Ultrafiltration Membrane Using Machine Learning,target_water permeability (LMH/bar),GpyroHMC,Matern32,Matern52,(count:x)+(fp:x),,,,,,,,,,,,,,,,,,,,,,
Understanding and Designing a High-Performance Ultrafiltration Membrane Using Machine Learning,target_water permeability (LMH/bar),GpyroHMC,Matern32,RBF,sum,,,,,,,,,,,,,,,,,,,,,,
Understanding and Designing a High-Performance Ultrafiltration Membrane Using Machine Learning,target_water permeability (LMH/bar),GpyroHMC,Matern32,RBF,product,,,,,,,,,,,,,,,,,,,,,,
Understanding and Designing a High-Performance Ultrafiltration Membrane Using Machine Learning,target_water permeability (LMH/bar),GpyroHMC,Matern32,RBF,averageProduct,,,,,,,,,,,,,,,,,,,,,,
Understanding and Designing a High-Performance Ultrafiltration Membrane Using Machine Learning,target_water permeability (LMH/bar),GpyroHMC,Matern32,RBF,(count:+)x(fp:x),,,,,,,,,,,,,,,,,,,,,,
Understanding and Designing a High-Performance Ultrafiltration Membrane Using Machine Learning,target_water permeability (LMH/bar),GpyroHMC,Matern32,RBF,(count:+)x(fp:+),,,,,,,,,,,,,,,,,,,,,,
Understanding and Designing a High-Performance Ultrafiltration Membrane Using Machine Learning,target_water permeability (LMH/bar),GpyroHMC,Matern32,RBF,(count:x)+(fp:x),,,,,,,,,,,,,,,,,,,,,,
Understanding and Designing a High-Performance Ultrafiltration Membrane Using Machine Learning,target_water permeability (LMH/bar),GpyroHMC,Matern52,Matern32,sum,,,,,,,,,,,,,,,,,,,,,,
Understanding and Designing a High-Performance Ultrafiltration Membrane Using Machine Learning,target_water permeability (LMH/bar),GpyroHMC,Matern52,Matern32,product,,,,,,,,,,,,,,,,,,,,,,
Understanding and Designing a High-Performance Ultrafiltration Membrane Using Machine Learning,target_water permeability (LMH/bar),GpyroHMC,Matern52,Matern32,averageProduct,,,,,,,,,,,,,,,,,,,,,,
Understanding and Designing a High-Performance Ultrafiltration Membrane Using Machine Learning,target_water permeability (LMH/bar),GpyroHMC,Matern52,Matern32,(count:+)x(fp:x),,,,,,,,,,,,,,,,,,,,,,
Understanding and Designing a High-Performance Ultrafiltration Membrane Using Machine Learning,target_water permeability (LMH/bar),GpyroHMC,Matern52,Matern32,(count:+)x(fp:+),,,,,,,,,,,,,,,,,,,,,,
Understanding and Designing a High-Performance Ultrafiltration Membrane Using Machine Learning,target_water permeability (LMH/bar),GpyroHMC,Matern52,Matern32,(count:x)+(fp:x),,,,,,,,,,,,,,,,,,,,,,
Understanding and Designing a High-Performance Ultrafiltration Membrane Using Machine Learning,target_water permeability (LMH/bar),GpyroHMC,Matern52,Matern52,sum,,,,,,,,,,,,,,,,,,,,,,
Understanding and Designing a High-Performance Ultrafiltration Membrane Using Machine Learning,target_water permeability (LMH/bar),GpyroHMC,Matern52,Matern52,product,,,,,,,,,,,,,,,,,,,,,,
Understanding and Designing a High-Performance Ultrafiltration Membrane Using Machine Learning,target_water permeability (LMH/bar),GpyroHMC,Matern52,Matern52,averageProduct,,,,,,,,,,,,,,,,,,,,,,
Understanding and Designing a High-Performance Ultrafiltration Membrane Using Machine Learning,target_water permeability (LMH/bar),GpyroHMC,Matern52,Matern52,(count:+)x(fp:x),,,,,,,,,,,,,,,,,,,,,,
Understanding and Designing a High-Performance Ultrafiltration Membrane Using Machine Learning,target_water permeability (LMH/bar),GpyroHMC,Matern52,Matern52,(count:+)x(fp:+),,,,,,,,,,,,,,,,,,,,,,
Understanding and Designing a High-Performance Ultrafiltration Membrane Using Machine Learning,target_water permeability (LMH/bar),GpyroHMC,Matern52,Matern52,(count:x)+(fp:x),,,,,,,,,,,,,,,,,,,,,,
Understanding and Designing a High-Performance Ultrafiltration Membrane Using Machine Learning,target_water permeability (LMH/bar),GpyroHMC,Matern52,RBF,sum,,,,,,,,,,,,,,,,,,,,,,
Understanding and Designing a High-Performance Ultrafiltration Membrane Using Machine Learning,target_water permeability (LMH/bar),GpyroHMC,Matern52,RBF,product,,,,,,,,,,,,,,,,,,,,,,
Understanding and Designing a High-Performance Ultrafiltration Membrane Using Machine Learning,target_water permeability (LMH/bar),GpyroHMC,Matern52,RBF,averageProduct,,,,,,,,,,,,,,,,,,,,,,
Understanding and Designing a High-Performance Ultrafiltration Membrane Using Machine Learning,target_water permeability (LMH/bar),GpyroHMC,Matern52,RBF,(count:+)x(fp:x),,,,,,,,,,,,,,,,,,,,,,
Understanding and Designing a High-Performance Ultrafiltration Membrane Using Machine Learning,target_water permeability (LMH/bar),GpyroHMC,Matern52,RBF,(count:+)x(fp:+),,,,,,,,,,,,,,,,,,,,,,
Understanding and Designing a High-Performance Ultrafiltration Membrane Using Machine Learning,target_water permeability (LMH/bar),GpyroHMC,Matern52,RBF,(count:x)+(fp:x),,,,,,,,,,,,,,,,,,,,,,
Understanding and Designing a High-Performance Ultrafiltration Membrane Using Machine Learning,target_water permeability (LMH/bar),GpyroHMC,RBF,Matern32,sum,,,,,,,,,,,,,,,,,,,,,,
Understanding and Designing a High-Performance Ultrafiltration Membrane Using Machine Learning,target_water permeability (LMH/bar),GpyroHMC,RBF,Matern32,product,,,,,,,,,,,,,,,,,,,,,,
Understanding and Designing a High-Performance Ultrafiltration Membrane Using Machine Learning,target_water permeability (LMH/bar),GpyroHMC,RBF,Matern32,averageProduct,,,,,,,,,,,,,,,,,,,,,,
Understanding and Designing a High-Performance Ultrafiltration Membrane Using Machine Learning,target_water permeability (LMH/bar),GpyroHMC,RBF,Matern32,(count:+)x(fp:x),,,,,,,,,,,,,,,,,,,,,,
Understanding and Designing a High-Performance Ultrafiltration Membrane Using Machine Learning,target_water permeability (LMH/bar),GpyroHMC,RBF,Matern32,(count:+)x(fp:+),,,,,,,,,,,,,,,,,,,,,,
Understanding and Designing a High-Performance Ultrafiltration Membrane Using Machine Learning,target_water permeability (LMH/bar),GpyroHMC,RBF,Matern32,(count:x)+(fp:x),,,,,,,,,,,,,,,,,,,,,,
Understanding and Designing a High-Performance Ultrafiltration Membrane Using Machine Learning,target_water permeability (LMH/bar),GpyroHMC,RBF,Matern52,sum,,,,,,,,,,,,,,,,,,,,,,
Understanding and Designing a High-Performance Ultrafiltration Membrane Using Machine Learning,target_water permeability (LMH/bar),GpyroHMC,RBF,Matern52,product,,,,,,,,,,,,,,,,,,,,,,
Understanding and Designing a High-Performance Ultrafiltration Membrane Using Machine Learning,target_water permeability (LMH/bar),GpyroHMC,RBF,Matern52,averageProduct,,,,,,,,,,,,,,,,,,,,,,
Understanding and Designing a High-Performance Ultrafiltration Membrane Using Machine Learning,target_water permeability (LMH/bar),GpyroHMC,RBF,Matern52,(count:+)x(fp:x),,,,,,,,,,,,,,,,,,,,,,
Understanding and Designing a High-Performance Ultrafiltration Membrane Using Machine Learning,target_water permeability (LMH/bar),GpyroHMC,RBF,Matern52,(count:+)x(fp:+),,,,,,,,,,,,,,,,,,,,,,
Understanding and Designing a High-Performance Ultrafiltration Membrane Using Machine Learning,target_water permeability (LMH/bar),GpyroHMC,RBF,Matern52,(count:x)+(fp:x),,,,,,,,,,,,,,,,,,,,,,
Understanding and Designing a High-Performance Ultrafiltration Membrane Using Machine Learning,target_water permeability (LMH/bar),GpyroHMC,RBF,RBF,sum,,,,,,,,,,,,,,,,,,,,,,
Understanding and Designing a High-Performance Ultrafiltration Membrane Using Machine Learning,target_water permeability (LMH/bar),GpyroHMC,RBF,RBF,product,,,,,,,,,,,,,,,,,,,,,,
Understanding and Designing a High-Performance Ultrafiltration Membrane Using Machine Learning,target_water permeability (LMH/bar),GpyroHMC,RBF,RBF,averageProduct,,,,,,,,,,,,,,,,,,,,,,
Understanding and Designing a High-Performance Ultrafiltration Membrane Using Machine Learning,target_water permeability (LMH/bar),GpyroHMC,RBF,RBF,(count:+)x(fp:x),,,,,,,,,,,,,,,,,,,,,,
Understanding and Designing a High-Performance Ultrafiltration Membrane Using Machine Learning,target_water permeability (LMH/bar),GpyroHMC,RBF,RBF,(count:+)x(fp:+),,,,,,,,,,,,,,,,,,,,,,
Understanding and Designing a High-Performance Ultrafiltration Membrane Using Machine Learning,target_water permeability (LMH/bar),GpyroHMC,RBF,RBF,(count:x)+(fp:x),,,,,,,,,,,,,,,,,,,,,,
Understanding and Designing a High-Performance Ultrafiltration Membrane Using Machine Learning,target_water permeability (LMH/bar),GPytorchMAP,TanimotoMatern32,Matern32,sum,,,,,,,,,,,,,,,,,,,,,,
Understanding and Designing a High-Performance Ultrafiltration Membrane Using Machine Learning,target_water permeability (LMH/bar),GPytorchMAP,TanimotoMatern32,Matern32,product,,,,,,,,,,,,,,,,,,,,,,
Understanding and Designing a High-Performance Ultrafiltration Membrane Using Machine Learning,target_water permeability (LMH/bar),GPytorchMAP,TanimotoMatern32,Matern32,averageProduct,,,,,,,,,,,,,,,,,,,,,,
Understanding and Designing a High-Performance Ultrafiltration Membrane Using Machine Learning,target_water permeability (LMH/bar),GPytorchMAP,TanimotoMatern32,Matern32,(count:+)x(fp:x),,,,,,,,,,,,,,,,,,,,,,
Understanding and Designing a High-Performance Ultrafiltration Membrane Using Machine Learning,target_water permeability (LMH/bar),GPytorchMAP,TanimotoMatern32,Matern32,(count:+)x(fp:+),,,,,,,,,,,,,,,,,,,,,,
Understanding and Designing a High-Performance Ultrafiltration Membrane Using Machine Learning,target_water permeability (LMH/bar),GPytorchMAP,TanimotoMatern32,Matern32,(count:x)+(fp:x),,,,,,,,,,,,,,,,,,,,,,
Understanding and Designing a High-Performance Ultrafiltration Membrane Using Machine Learning,target_water permeability (LMH/bar),GPytorchMAP,TanimotoMatern32,Matern52,sum,,,,,,,,,,,,,,,,,,,,,,
Understanding and Designing a High-Performance Ultrafiltration Membrane Using Machine Learning,target_water permeability (LMH/bar),GPytorchMAP,TanimotoMatern32,Matern52,product,,,,,,,,,,,,,,,,,,,,,,
Understanding and Designing a High-Performance Ultrafiltration Membrane Using Machine Learning,target_water permeability (LMH/bar),GPytorchMAP,TanimotoMatern32,Matern52,averageProduct,,,,,,,,,,,,,,,,,,,,,,
Understanding and Designing a High-Performance Ultrafiltration Membrane Using Machine Learning,target_water permeability (LMH/bar),GPytorchMAP,TanimotoMatern32,Matern52,(count:+)x(fp:x),,,,,,,,,,,,,,,,,,,,,,
Understanding and Designing a High-Performance Ultrafiltration Membrane Using Machine Learning,target_water permeability (LMH/bar),GPytorchMAP,TanimotoMatern32,Matern52,(count:+)x(fp:+),,,,,,,,,,,,,,,,,,,,,,
Understanding and Designing a High-Performance Ultrafiltration Membrane Using Machine Learning,target_water permeability (LMH/bar),GPytorchMAP,TanimotoMatern32,Matern52,(count:x)+(fp:x),,,,,,,,,,,,,,,,,,,,,,
Understanding and Designing a High-Performance Ultrafiltration Membrane Using Machine Learning,target_water permeability (LMH/bar),GPytorchMAP,TanimotoMatern32,RBF,sum,,,,,,,,,,,,,,,,,,,,,,
Understanding and Designing a High-Performance Ultrafiltration Membrane Using Machine Learning,target_water permeability (LMH/bar),GPytorchMAP,TanimotoMatern32,RBF,product,,,,,,,,,,,,,,,,,,,,,,
Understanding and Designing a High-Performance Ultrafiltration Membrane Using Machine Learning,target_water permeability (LMH/bar),GPytorchMAP,TanimotoMatern32,RBF,averageProduct,,,,,,,,,,,,,,,,,,,,,,
Understanding and Designing a High-Performance Ultrafiltration Membrane Using Machine Learning,target_water permeability (LMH/bar),GPytorchMAP,TanimotoMatern32,RBF,(count:+)x(fp:x),,,,,,,,,,,,,,,,,,,,,,
Understanding and Designing a High-Performance Ultrafiltration Membrane Using Machine Learning,target_water permeability (LMH/bar),GPytorchMAP,TanimotoMatern32,RBF,(count:+)x(fp:+),,,,,,,,,,,,,,,,,,,,,,
Understanding and Designing a High-Performance Ultrafiltration Membrane Using Machine Learning,target_water permeability (LMH/bar),GPytorchMAP,TanimotoMatern32,RBF,(count:x)+(fp:x),,,,,,,,,,,,,,,,,,,,,,
Understanding and Designing a High-Performance Ultrafiltration Membrane Using Machine Learning,target_water permeability (LMH/bar),GPytorchMAP,TanimotoMatern52,Matern32,sum,,,,,,,,,,,,,,,,,,,,,,
Understanding and Designing a High-Performance Ultrafiltration Membrane Using Machine Learning,target_water permeability (LMH/bar),GPytorchMAP,TanimotoMatern52,Matern32,product,,,,,,,,,,,,,,,,,,,,,,
Understanding and Designing a High-Performance Ultrafiltration Membrane Using Machine Learning,target_water permeability (LMH/bar),GPytorchMAP,TanimotoMatern52,Matern32,averageProduct,,,,,,,,,,,,,,,,,,,,,,
Understanding and Designing a High-Performance Ultrafiltration Membrane Using Machine Learning,target_water permeability (LMH/bar),GPytorchMAP,TanimotoMatern52,Matern32,(count:+)x(fp:x),,,,,,,,,,,,,,,,,,,,,,
Understanding and Designing a High-Performance Ultrafiltration Membrane Using Machine Learning,target_water permeability (LMH/bar),GPytorchMAP,TanimotoMatern52,Matern32,(count:+)x(fp:+),,,,,,,,,,,,,,,,,,,,,,
Understanding and Designing a High-Performance Ultrafiltration Membrane Using Machine Learning,target_water permeability (LMH/bar),GPytorchMAP,TanimotoMatern52,Matern32,(count:x)+(fp:x),,,,,,,,,,,,,,,,,,,,,,
Understanding and Designing a High-Performance Ultrafiltration Membrane Using Machine Learning,target_water permeability (LMH/bar),GPytorchMAP,TanimotoMatern52,Matern52,sum,,,,,,,,,,,,,,,,,,,,,,
Understanding and Designing a High-Performance Ultrafiltration Membrane Using Machine Learning,target_water permeability (LMH/bar),GPytorchMAP,TanimotoMatern52,Matern52,product,,,,,,,,,,,,,,,,,,,,,,
Understanding and Designing a High-Performance Ultrafiltration Membrane Using Machine Learning,target_water permeability (LMH/bar),GPytorchMAP,TanimotoMatern52,Matern52,averageProduct,,,,,,,,,,,,,,,,,,,,,,
Understanding and Designing a High-Performance Ultrafiltration Membrane Using Machine Learning,target_water permeability (LMH/bar),GPytorchMAP,TanimotoMatern52,Matern52,(count:+)x(fp:x),,,,,,,,,,,,,,,,,,,,,,
Understanding and Designing a High-Performance Ultrafiltration Membrane Using Machine Learning,target_water permeability (LMH/bar),GPytorchMAP,TanimotoMatern52,Matern52,(count:+)x(fp:+),,,,,,,,,,,,,,,,,,,,,,
Understanding and Designing a High-Performance Ultrafiltration Membrane Using Machine Learning,target_water permeability (LMH/bar),GPytorchMAP,TanimotoMatern52,Matern52,(count:x)+(fp:x),,,,,,,,,,,,,,,,,,,,,,
Understanding and Designing a High-Performance Ultrafiltration Membrane Using Machine Learning,target_water permeability (LMH/bar),GPytorchMAP,TanimotoMatern52,RBF,sum,,,,,,,,,,,,,,,,,,,,,,
Understanding and Designing a High-Performance Ultrafiltration Membrane Using Machine Learning,target_water permeability (LMH/bar),GPytorchMAP,TanimotoMatern52,RBF,product,,,,,,,,,,,,,,,,,,,,,,
Understanding and Designing a High-Performance Ultrafiltration Membrane Using Machine Learning,target_water permeability (LMH/bar),GPytorchMAP,TanimotoMatern52,RBF,averageProduct,,,,,,,,,,,,,,,,,,,,,,
Understanding and Designing a High-Performance Ultrafiltration Membrane Using Machine Learning,target_water permeability (LMH/bar),GPytorchMAP,TanimotoMatern52,RBF,(count:+)x(fp:x),,,,,,,,,,,,,,,,,,,,,,
Understanding and Designing a High-Performance Ultrafiltration Membrane Using Machine Learning,target_water permeability (LMH/bar),GPytorchMAP,TanimotoMatern52,RBF,(count:+)x(fp:+),,,,,,,,,,,,,,,,,,,,,,
Understanding and Designing a High-Performance Ultrafiltration Membrane Using Machine Learning,target_water permeability (LMH/bar),GPytorchMAP,TanimotoMatern52,RBF,(count:x)+(fp:x),,,,,,,,,,,,,,,,,,,,,,
Understanding and Designing a High-Performance Ultrafiltration Membrane Using Machine Learning,target_water permeability (LMH/bar),GPytorchMAP,TanimotoRBF,Matern32,sum,,,,,,,,,,,,,,,,,,,,,,
Understanding and Designing a High-Performance Ultrafiltration Membrane Using Machine Learning,target_water permeability (LMH/bar),GPytorchMAP,TanimotoRBF,Matern32,product,,,,,,,,,,,,,,,,,,,,,,
Understanding and Designing a High-Performance Ultrafiltration Membrane Using Machine Learning,target_water permeability (LMH/bar),GPytorchMAP,TanimotoRBF,Matern32,averageProduct,,,,,,,,,,,,,,,,,,,,,,
Understanding and Designing a High-Performance Ultrafiltration Membrane Using Machine Learning,target_water permeability (LMH/bar),GPytorchMAP,TanimotoRBF,Matern32,(count:+)x(fp:x),,,,,,,,,,,,,,,,,,,,,,
Understanding and Designing a High-Performance Ultrafiltration Membrane Using Machine Learning,target_water permeability (LMH/bar),GPytorchMAP,TanimotoRBF,Matern32,(count:+)x(fp:+),,,,,,,,,,,,,,,,,,,,,,
Understanding and Designing a High-Performance Ultrafiltration Membrane Using Machine Learning,target_water permeability (LMH/bar),GPytorchMAP,TanimotoRBF,Matern32,(count:x)+(fp:x),,,,,,,,,,,,,,,,,,,,,,
Understanding and Designing a High-Performance Ultrafiltration Membrane Using Machine Learning,target_water permeability (LMH/bar),GPytorchMAP,TanimotoRBF,Matern52,sum,,,,,,,,,,,,,,,,,,,,,,
Understanding and Designing a High-Performance Ultrafiltration Membrane Using Machine Learning,target_water permeability (LMH/bar),GPytorchMAP,TanimotoRBF,Matern52,product,,,,,,,,,,,,,,,,,,,,,,
Understanding and Designing a High-Performance Ultrafiltration Membrane Using Machine Learning,target_water permeability (LMH/bar),GPytorchMAP,TanimotoRBF,Matern52,averageProduct,,,,,,,,,,,,,,,,,,,,,,
Understanding and Designing a High-Performance Ultrafiltration Membrane Using Machine Learning,target_water permeability (LMH/bar),GPytorchMAP,TanimotoRBF,Matern52,(count:+)x(fp:x),,,,,,,,,,,,,,,,,,,,,,
Understanding and Designing a High-Performance Ultrafiltration Membrane Using Machine Learning,target_water permeability (LMH/bar),GPytorchMAP,TanimotoRBF,Matern52,(count:+)x(fp:+),,,,,,,,,,,,,,,,,,,,,,
Understanding and Designing a High-Performance Ultrafiltration Membrane Using Machine Learning,target_water permeability (LMH/bar),GPytorchMAP,TanimotoRBF,Matern52,(count:x)+(fp:x),,,,,,,,,,,,,,,,,,,,,,
Understanding and Designing a High-Performance Ultrafiltration Membrane Using Machine Learning,target_water permeability (LMH/bar),GPytorchMAP,TanimotoRBF,RBF,sum,,,,,,,,,,,,,,,,,,,,,,
Understanding and Designing a High-Performance Ultrafiltration Membrane Using Machine Learning,target_water permeability (LMH/bar),GPytorchMAP,TanimotoRBF,RBF,product,,,,,,,,,,,,,,,,,,,,,,
Understanding and Designing a High-Performance Ultrafiltration Membrane Using Machine Learning,target_water permeability (LMH/bar),GPytorchMAP,TanimotoRBF,RBF,averageProduct,,,,,,,,,,,,,,,,,,,,,,
Understanding and Designing a High-Performance Ultrafiltration Membrane Using Machine Learning,target_water permeability (LMH/bar),GPytorchMAP,TanimotoRBF,RBF,(count:+)x(fp:x),,,,,,,,,,,,,,,,,,,,,,
Understanding and Designing a High-Performance Ultrafiltration Membrane Using Machine Learning,target_water permeability (LMH/bar),GPytorchMAP,TanimotoRBF,RBF,(count:+)x(fp:+),,,,,,,,,,,,,,,,,,,,,,
Understanding and Designing a High-Performance Ultrafiltration Membrane Using Machine Learning,target_water permeability (LMH/bar),GPytorchMAP,TanimotoRBF,RBF,(count:x)+(fp:x),,,,,,,,,,,,,,,,,,,,,,
Understanding and Designing a High-Performance Ultrafiltration Membrane Using Machine Learning,target_water permeability (LMH/bar),GPytorchMAP,Tanimoto,Matern32,sum,,,,,,,,,,,,,,,,,,,,,,
Understanding and Designing a High-Performance Ultrafiltration Membrane Using Machine Learning,target_water permeability (LMH/bar),GPytorchMAP,Tanimoto,Matern32,product,,,,,,,,,,,,,,,,,,,,,,
Understanding and Designing a High-Performance Ultrafiltration Membrane Using Machine Learning,target_water permeability (LMH/bar),GPytorchMAP,Tanimoto,Matern32,averageProduct,,,,,,,,,,,,,,,,,,,,,,
Understanding and Designing a High-Performance Ultrafiltration Membrane Using Machine Learning,target_water permeability (LMH/bar),GPytorchMAP,Tanimoto,Matern32,(count:+)x(fp:x),,,,,,,,,,,,,,,,,,,,,,
Understanding and Designing a High-Performance Ultrafiltration Membrane Using Machine Learning,target_water permeability (LMH/bar),GPytorchMAP,Tanimoto,Matern32,(count:+)x(fp:+),,,,,,,,,,,,,,,,,,,,,,
Understanding and Designing a High-Performance Ultrafiltration Membrane Using Machine Learning,target_water permeability (LMH/bar),GPytorchMAP,Tanimoto,Matern32,(count:x)+(fp:x),,,,,,,,,,,,,,,,,,,,,,
Understanding and Designing a High-Performance Ultrafiltration Membrane Using Machine Learning,target_water permeability (LMH/bar),GPytorchMAP,Tanimoto,Matern52,sum,,,,,,,,,,,,,,,,,,,,,,
Understanding and Designing a High-Performance Ultrafiltration Membrane Using Machine Learning,target_water permeability (LMH/bar),GPytorchMAP,Tanimoto,Matern52,product,,,,,,,,,,,,,,,,,,,,,,
Understanding and Designing a High-Performance Ultrafiltration Membrane Using Machine Learning,target_water permeability (LMH/bar),GPytorchMAP,Tanimoto,Matern52,averageProduct,,,,,,,,,,,,,,,,,,,,,,
Understanding and Designing a High-Performance Ultrafiltration Membrane Using Machine Learning,target_water permeability (LMH/bar),GPytorchMAP,Tanimoto,Matern52,(count:+)x(fp:x),,,,,,,,,,,,,,,,,,,,,,
Understanding and Designing a High-Performance Ultrafiltration Membrane Using Machine Learning,target_water permeability (LMH/bar),GPytorchMAP,Tanimoto,Matern52,(count:+)x(fp:+),,,,,,,,,,,,,,,,,,,,,,
Understanding and Designing a High-Performance Ultrafiltration Membrane Using Machine Learning,target_water permeability (LMH/bar),GPytorchMAP,Tanimoto,Matern52,(count:x)+(fp:x),,,,,,,,,,,,,,,,,,,,,,
Understanding and Designing a High-Performance Ultrafiltration Membrane Using Machine Learning,target_water permeability (LMH/bar),GPytorchMAP,Tanimoto,RBF,sum,,,,,,,,,,,,,,,,,,,,,,
Understanding and Designing a High-Performance Ultrafiltration Membrane Using Machine Learning,target_water permeability (LMH/bar),GPytorchMAP,Tanimoto,RBF,product,,,,,,,,,,,,,,,,,,,,,,
Understanding and Designing a High-Performance Ultrafiltration Membrane Using Machine Learning,target_water permeability (LMH/bar),GPytorchMAP,Tanimoto,RBF,averageProduct,,,,,,,,,,,,,,,,,,,,,,
Understanding and Designing a High-Performance Ultrafiltration Membrane Using Machine Learning,target_water permeability (LMH/bar),GPytorchMAP,Tanimoto,RBF,(count:+)x(fp:x),,,,,,,,,,,,,,,,,,,,,,
Understanding and Designing a High-Performance Ultrafiltration Membrane Using Machine Learning,target_water permeability (LMH/bar),GPytorchMAP,Tanimoto,RBF,(count:+)x(fp:+),,,,,,,,,,,,,,,,,,,,,,
Understanding and Designing a High-Performance Ultrafiltration Membrane Using Machine Learning,target_water permeability (LMH/bar),GPytorchMAP,Tanimoto,RBF,(count:x)+(fp:x),,,,,,,,,,,,,,,,,,,,,,
Understanding and Designing a High-Performance Ultrafiltration Membrane Using Machine Learning,target_water permeability (LMH/bar),GPytorchMAP,Matern32,Matern32,sum,,,,,,,,,,,,,,,,,,,,,,
Understanding and Designing a High-Performance Ultrafiltration Membrane Using Machine Learning,target_water permeability (LMH/bar),GPytorchMAP,Matern32,Matern32,product,,,,,,,,,,,,,,,,,,,,,,
Understanding and Designing a High-Performance Ultrafiltration Membrane Using Machine Learning,target_water permeability (LMH/bar),GPytorchMAP,Matern32,Matern32,averageProduct,,,,,,,,,,,,,,,,,,,,,,
Understanding and Designing a High-Performance Ultrafiltration Membrane Using Machine Learning,target_water permeability (LMH/bar),GPytorchMAP,Matern32,Matern32,(count:+)x(fp:x),,,,,,,,,,,,,,,,,,,,,,
Understanding and Designing a High-Performance Ultrafiltration Membrane Using Machine Learning,target_water permeability (LMH/bar),GPytorchMAP,Matern32,Matern32,(count:+)x(fp:+),,,,,,,,,,,,,,,,,,,,,,
Understanding and Designing a High-Performance Ultrafiltration Membrane Using Machine Learning,target_water permeability (LMH/bar),GPytorchMAP,Matern32,Matern32,(count:x)+(fp:x),,,,,,,,,,,,,,,,,,,,,,
Understanding and Designing a High-Performance Ultrafiltration Membrane Using Machine Learning,target_water permeability (LMH/bar),GPytorchMAP,Matern32,Matern52,sum,,,,,,,,,,,,,,,,,,,,,,
Understanding and Designing a High-Performance Ultrafiltration Membrane Using Machine Learning,target_water permeability (LMH/bar),GPytorchMAP,Matern32,Matern52,product,,,,,,,,,,,,,,,,,,,,,,
Understanding and Designing a High-Performance Ultrafiltration Membrane Using Machine Learning,target_water permeability (LMH/bar),GPytorchMAP,Matern32,Matern52,averageProduct,,,,,,,,,,,,,,,,,,,,,,
Understanding and Designing a High-Performance Ultrafiltration Membrane Using Machine Learning,target_water permeability (LMH/bar),GPytorchMAP,Matern32,Matern52,(count:+)x(fp:x),,,,,,,,,,,,,,,,,,,,,,
Understanding and Designing a High-Performance Ultrafiltration Membrane Using Machine Learning,target_water permeability (LMH/bar),GPytorchMAP,Matern32,Matern52,(count:+)x(fp:+),,,,,,,,,,,,,,,,,,,,,,
Understanding and Designing a High-Performance Ultrafiltration Membrane Using Machine Learning,target_water permeability (LMH/bar),GPytorchMAP,Matern32,Matern52,(count:x)+(fp:x),,,,,,,,,,,,,,,,,,,,,,
Understanding and Designing a High-Performance Ultrafiltration Membrane Using Machine Learning,target_water permeability (LMH/bar),GPytorchMAP,Matern32,RBF,sum,,,,,,,,,,,,,,,,,,,,,,
Understanding and Designing a High-Performance Ultrafiltration Membrane Using Machine Learning,target_water permeability (LMH/bar),GPytorchMAP,Matern32,RBF,product,,,,,,,,,,,,,,,,,,,,,,
Understanding and Designing a High-Performance Ultrafiltration Membrane Using Machine Learning,target_water permeability (LMH/bar),GPytorchMAP,Matern32,RBF,averageProduct,,,,,,,,,,,,,,,,,,,,,,
Understanding and Designing a High-Performance Ultrafiltration Membrane Using Machine Learning,target_water permeability (LMH/bar),GPytorchMAP,Matern32,RBF,(count:+)x(fp:x),,,,,,,,,,,,,,,,,,,,,,
Understanding and Designing a High-Performance Ultrafiltration Membrane Using Machine Learning,target_water permeability (LMH/bar),GPytorchMAP,Matern32,RBF,(count:+)x(fp:+),,,,,,,,,,,,,,,,,,,,,,
Understanding and Designing a High-Performance Ultrafiltration Membrane Using Machine Learning,target_water permeability (LMH/bar),GPytorchMAP,Matern32,RBF,(count:x)+(fp:x),,,,,,,,,,,,,,,,,,,,,,
Understanding and Designing a High-Performance Ultrafiltration Membrane Using Machine Learning,target_water permeability (LMH/bar),GPytorchMAP,Matern52,Matern32,sum,,,,,,,,,,,,,,,,,,,,,,
Understanding and Designing a High-Performance Ultrafiltration Membrane Using Machine Learning,target_water permeability (LMH/bar),GPytorchMAP,Matern52,Matern32,product,,,,,,,,,,,,,,,,,,,,,,
Understanding and Designing a High-Performance Ultrafiltration Membrane Using Machine Learning,target_water permeability (LMH/bar),GPytorchMAP,Matern52,Matern32,averageProduct,,,,,,,,,,,,,,,,,,,,,,
Understanding and Designing a High-Performance Ultrafiltration Membrane Using Machine Learning,target_water permeability (LMH/bar),GPytorchMAP,Matern52,Matern32,(count:+)x(fp:x),,,,,,,,,,,,,,,,,,,,,,
Understanding and Designing a High-Performance Ultrafiltration Membrane Using Machine Learning,target_water permeability (LMH/bar),GPytorchMAP,Matern52,Matern32,(count:+)x(fp:+),,,,,,,,,,,,,,,,,,,,,,
Understanding and Designing a High-Performance Ultrafiltration Membrane Using Machine Learning,target_water permeability (LMH/bar),GPytorchMAP,Matern52,Matern32,(count:x)+(fp:x),,,,,,,,,,,,,,,,,,,,,,
Understanding and Designing a High-Performance Ultrafiltration Membrane Using Machine Learning,target_water permeability (LMH/bar),GPytorchMAP,Matern52,Matern52,sum,,,,,,,,,,,,,,,,,,,,,,
Understanding and Designing a High-Performance Ultrafiltration Membrane Using Machine Learning,target_water permeability (LMH/bar),GPytorchMAP,Matern52,Matern52,product,,,,,,,,,,,,,,,,,,,,,,
Understanding and Designing a High-Performance Ultrafiltration Membrane Using Machine Learning,target_water permeability (LMH/bar),GPytorchMAP,Matern52,Matern52,averageProduct,,,,,,,,,,,,,,,,,,,,,,
Understanding and Designing a High-Performance Ultrafiltration Membrane Using Machine Learning,target_water permeability (LMH/bar),GPytorchMAP,Matern52,Matern52,(count:+)x(fp:x),,,,,,,,,,,,,,,,,,,,,,
Understanding and Designing a High-Performance Ultrafiltration Membrane Using Machine Learning,target_water permeability (LMH/bar),GPytorchMAP,Matern52,Matern52,(count:+)x(fp:+),,,,,,,,,,,,,,,,,,,,,,
Understanding and Designing a High-Performance Ultrafiltration Membrane Using Machine Learning,target_water permeability (LMH/bar),GPytorchMAP,Matern52,Matern52,(count:x)+(fp:x),,,,,,,,,,,,,,,,,,,,,,
Understanding and Designing a High-Performance Ultrafiltration Membrane Using Machine Learning,target_water permeability (LMH/bar),GPytorchMAP,Matern52,RBF,sum,,,,,,,,,,,,,,,,,,,,,,
Understanding and Designing a High-Performance Ultrafiltration Membrane Using Machine Learning,target_water permeability (LMH/bar),GPytorchMAP,Matern52,RBF,product,,,,,,,,,,,,,,,,,,,,,,
Understanding and Designing a High-Performance Ultrafiltration Membrane Using Machine Learning,target_water permeability (LMH/bar),GPytorchMAP,Matern52,RBF,averageProduct,,,,,,,,,,,,,,,,,,,,,,
Understanding and Designing a High-Performance Ultrafiltration Membrane Using Machine Learning,target_water permeability (LMH/bar),GPytorchMAP,Matern52,RBF,(count:+)x(fp:x),,,,,,,,,,,,,,,,,,,,,,
Understanding and Designing a High-Performance Ultrafiltration Membrane Using Machine Learning,target_water permeability (LMH/bar),GPytorchMAP,Matern52,RBF,(count:+)x(fp:+),,,,,,,,,,,,,,,,,,,,,,
Understanding and Designing a High-Performance Ultrafiltration Membrane Using Machine Learning,target_water permeability (LMH/bar),GPytorchMAP,Matern52,RBF,(count:x)+(fp:x),,,,,,,,,,,,,,,,,,,,,,
Understanding and Designing a High-Performance Ultrafiltration Membrane Using Machine Learning,target_water permeability (LMH/bar),GPytorchMAP,RBF,Matern32,sum,,,,,,,,,,,,,,,,,,,,,,
Understanding and Designing a High-Performance Ultrafiltration Membrane Using Machine Learning,target_water permeability (LMH/bar),GPytorchMAP,RBF,Matern32,product,,,,,,,,,,,,,,,,,,,,,,
Understanding and Designing a High-Performance Ultrafiltration Membrane Using Machine Learning,target_water permeability (LMH/bar),GPytorchMAP,RBF,Matern32,averageProduct,,,,,,,,,,,,,,,,,,,,,,
Understanding and Designing a High-Performance Ultrafiltration Membrane Using Machine Learning,target_water permeability (LMH/bar),GPytorchMAP,RBF,Matern32,(count:+)x(fp:x),,,,,,,,,,,,,,,,,,,,,,
Understanding and Designing a High-Performance Ultrafiltration Membrane Using Machine Learning,target_water permeability (LMH/bar),GPytorchMAP,RBF,Matern32,(count:+)x(fp:+),,,,,,,,,,,,,,,,,,,,,,
Understanding and Designing a High-Performance Ultrafiltration Membrane Using Machine Learning,target_water permeability (LMH/bar),GPytorchMAP,RBF,Matern32,(count:x)+(fp:x),,,,,,,,,,,,,,,,,,,,,,
Understanding and Designing a High-Performance Ultrafiltration Membrane Using Machine Learning,target_water permeability (LMH/bar),GPytorchMAP,RBF,Matern52,sum,,,,,,,,,,,,,,,,,,,,,,
Understanding and Designing a High-Performance Ultrafiltration Membrane Using Machine Learning,target_water permeability (LMH/bar),GPytorchMAP,RBF,Matern52,product,,,,,,,,,,,,,,,,,,,,,,
Understanding and Designing a High-Performance Ultrafiltration Membrane Using Machine Learning,target_water permeability (LMH/bar),GPytorchMAP,RBF,Matern52,averageProduct,,,,,,,,,,,,,,,,,,,,,,
Understanding and Designing a High-Performance Ultrafiltration Membrane Using Machine Learning,target_water permeability (LMH/bar),GPytorchMAP,RBF,Matern52,(count:+)x(fp:x),,,,,,,,,,,,,,,,,,,,,,
Understanding and Designing a High-Performance Ultrafiltration Membrane Using Machine Learning,target_water permeability (LMH/bar),GPytorchMAP,RBF,Matern52,(count:+)x(fp:+),,,,,,,,,,,,,,,,,,,,,,
Understanding and Designing a High-Performance Ultrafiltration Membrane Using Machine Learning,target_water permeability (LMH/bar),GPytorchMAP,RBF,Matern52,(count:x)+(fp:x),,,,,,,,,,,,,,,,,,,,,,
Understanding and Designing a High-Performance Ultrafiltration Membrane Using Machine Learning,target_water permeability (LMH/bar),GPytorchMAP,RBF,RBF,sum,,,,,,,,,,,,,,,,,,,,,,
Understanding and Designing a High-Performance Ultrafiltration Membrane Using Machine Learning,target_water permeability (LMH/bar),GPytorchMAP,RBF,RBF,product,,,,,,,,,,,,,,,,,,,,,,
Understanding and Designing a High-Performance Ultrafiltration Membrane Using Machine Learning,target_water permeability (LMH/bar),GPytorchMAP,RBF,RBF,averageProduct,,,,,,,,,,,,,,,,,,,,,,
Understanding and Designing a High-Performance Ultrafiltration Membrane Using Machine Learning,target_water permeability (LMH/bar),GPytorchMAP,RBF,RBF,(count:+)x(fp:x),,,,,,,,,,,,,,,,,,,,,,
Understanding and Designing a High-Performance Ultrafiltration Membrane Using Machine Learning,target_water permeability (LMH/bar),GPytorchMAP,RBF,RBF,(count:+)x(fp:+),,,,,,,,,,,,,,,,,,,,,,
Understanding and Designing a High-Performance Ultrafiltration Membrane Using Machine Learning,target_water permeability (LMH/bar),GPytorchMAP,RBF,RBF,(count:x)+(fp:x),,,,,,,,,,,,,,,,,,,,,,
Understanding and Designing a High-Performance Ultrafiltration Membrane Using Machine Learning,target_water permeability (LMH/bar),MGK,Graph,Matern32,sum,,,,,,,,,,,,,,,,,,,,,,
Understanding and Designing a High-Performance Ultrafiltration Membrane Using Machine Learning,target_water permeability (LMH/bar),MGK,Graph,Matern32,product,,,,,,,,,,,,,,,,,,,,,,
Understanding and Designing a High-Performance Ultrafiltration Membrane Using Machine Learning,target_water permeability (LMH/bar),MGK,Graph,Matern32,averageProduct,,,,,,,,,,,,,,,,,,,,,,
Understanding and Designing a High-Performance Ultrafiltration Membrane Using Machine Learning,target_water permeability (LMH/bar),MGK,Graph,Matern32,(count:+)x(graph:x),,,,,,,,,,,,,,,,,,,,,,
Understanding and Designing a High-Performance Ultrafiltration Membrane Using Machine Learning,target_water permeability (LMH/bar),MGK,Graph,Matern32,(count:+)x(graph:+),,,,,,,,,,,,,,,,,,,,,,
Understanding and Designing a High-Performance Ultrafiltration Membrane Using Machine Learning,target_water permeability (LMH/bar),MGK,Graph,Matern32,(count:x)+(graph:x),,,,,,,,,,,,,,,,,,,,,,
Understanding and Designing a High-Performance Ultrafiltration Membrane Using Machine Learning,target_water permeability (LMH/bar),MGK,Graph,Matern52,sum,,,,,,,,,,,,,,,,,,,,,,
Understanding and Designing a High-Performance Ultrafiltration Membrane Using Machine Learning,target_water permeability (LMH/bar),MGK,Graph,Matern52,product,,,,,,,,,,,,,,,,,,,,,,
Understanding and Designing a High-Performance Ultrafiltration Membrane Using Machine Learning,target_water permeability (LMH/bar),MGK,Graph,Matern52,averageProduct,,,,,,,,,,,,,,,,,,,,,,
Understanding and Designing a High-Performance Ultrafiltration Membrane Using Machine Learning,target_water permeability (LMH/bar),MGK,Graph,Matern52,(count:+)x(graph:x),,,,,,,,,,,,,,,,,,,,,,
Understanding and Designing a High-Performance Ultrafiltration Membrane Using Machine Learning,target_water permeability (LMH/bar),MGK,Graph,Matern52,(count:+)x(graph:+),,,,,,,,,,,,,,,,,,,,,,
Understanding and Designing a High-Performance Ultrafiltration Membrane Using Machine Learning,target_water permeability (LMH/bar),MGK,Graph,Matern52,(count:x)+(graph:x),,,,,,,,,,,,,,,,,,,,,,
Understanding and Designing a High-Performance Ultrafiltration Membrane Using Machine Learning,target_water permeability (LMH/bar),MGK,Graph,RBF,sum,,,,,,,,,,,,,,,,,,,,,,
Understanding and Designing a High-Performance Ultrafiltration Membrane Using Machine Learning,target_water permeability (LMH/bar),MGK,Graph,RBF,product,,,,,,,,,,,,,,,,,,,,,,
Understanding and Designing a High-Performance Ultrafiltration Membrane Using Machine Learning,target_water permeability (LMH/bar),MGK,Graph,RBF,averageProduct,,,,,,,,,,,,,,,,,,,,,,
Understanding and Designing a High-Performance Ultrafiltration Membrane Using Machine Learning,target_water permeability (LMH/bar),MGK,Graph,RBF,(count:+)x(graph:x),,,,,,,,,,,,,,,,,,,,,,
Understanding and Designing a High-Performance Ultrafiltration Membrane Using Machine Learning,target_water permeability (LMH/bar),MGK,Graph,RBF,(count:+)x(graph:+),,,,,,,,,,,,,,,,,,,,,,
Understanding and Designing a High-Performance Ultrafiltration Membrane Using Machine Learning,target_water permeability (LMH/bar),MGK,Graph,RBF,(count:x)+(graph:x),,,,,,,,,,,,,,,,,,,,,,
Miniaturization of Popular Reactions from the Medicinal Chemists Toolbox for Ultrahigh_Throughput Experimentation,target_Approx Conv (%),RF,,,,"{""0"": 11.365014206619659, ""1"": 10.1465874035313, ""2"": 13.81533140285941, ""3"": 8.184192048037893}","{""0"": 0.8763652309945642, ""1"": 0.8804302540307438, ""2"": 0.820811257677198, ""3"": 0.9264968391933734}","{""0"": 7.420000000000004, ""1"": 6.582031249999997, ""2"": 8.190260416666666, ""3"": 5.746093750000003}","{""0"": 0.03902777777777781, ""1"": 0.04114583333333334, ""2"": 0.034687500000000024, ""3"": 0.060625}","{""0"": 8867230066.875181, ""1"": -77235613.00881684, ""2"": 16631903.25154147, ""3"": 1636632838.372068}","{""0"": 2.1401668141054335, ""1"": 1.85228310331557, ""2"": 2.662428003339888, ""3"": 2.890183943367552}","{""0"": 0.07218750000000002, ""1"": 0.09239583333333333, ""2"": 0.02958333333333334, ""3"": 0.10416666666666666}","{""0"": 0.8322765848186687, ""1"": 0.8392548105984385, ""2"": 0.9382010072310732, ""3"": 0.948313100244304}","{""0"": 0.7004935335879161, ""1"": 0.7397643685774933, ""2"": 0.7539417126472019, ""3"": 0.5880714728738937}","{""0"": 8.879399877515132, ""1"": 8.851196641286101, ""2"": 7.912421305060669, ""3"": 7.882262870132475}","{""0"": 20.70896016806364, ""1"": 20.80878521502018, ""2"": 20.256626484915614, ""3"": 20.060269471257925}","{""0"": [9.609690557149415, 10.219011158742315, 10.87149944969627, 10.7552729800317, 9.655387960442948], ""1"": [9.835864195848107, 9.381301243475415, 11.303967223943992, 8.93098944994209, 11.046655673211687], ""2"": [10.581558791517123, 11.525049100582319, 10.219158630973496, 10.99710946870434, 10.060468921590177], ""3"": [9.075498379336166, 10.184973459710143, 10.630527851232662, 9.745141123700229, 9.883831783734824]}","{""0"": [0.9099145751490985, 0.9017749829531798, 0.8721064518536027, 0.8739779915993924, 0.907603843163497], ""1"": [0.904478931816215, 0.9144010988381254, 0.8894107599779576, 0.9088644731578459, 0.8703948667121708], ""2"": [0.8789479250425127, 0.8802767051763789, 0.8852062405193997, 0.8787516081688921, 0.8960146978540211], ""3"": [0.9155494293958591, 0.889795025978601, 0.8870463934073486, 0.8996065989604475, 0.8993565699379044]}","{""0"": [6.113281250000008, 6.120885416666667, 6.685392156862744, 6.255312499999996, 5.97739583333333], ""1"": [6.185364583333339, 5.690572916666667, 6.9262500000000005, 5.41293113425927, 6.784531250000005], ""2"": [6.551145833333339, 7.237656250000003, 5.849062500000005, 6.91572916666667, 5.644417317708324], ""3"": [5.256979166666675, 5.9693750000000065, 6.516302083333341, 5.912343750000001, 6.177552083333339]}","{""0"": [0.055868055555555525, 0.06934027777777776, 0.10545138888888886, 0.0796875, 0.07795138888888886], ""1"": [0.05934027777777777, 0.07392361111111109, 0.06562499999999998, 0.11812499999999998, 0.07913194444444444], ""2"": [0.04336805555555554, 0.039201388888888855, 0.10555555555555554, 0.05138888888888888, 0.10624999999999998], ""3"": [0.10434027777777777, 0.07888888888888888, 0.07916666666666665, 0.09041666666666665, 0.03815972222222221]}","{""0"": [-2946513.8773755427, 113912741.07173856, 1158324572.809508, 409177745.7756137, 821719111.3581759], ""1"": [413184175.1001061, 121535935.25169581, 79550.00705178759, 0.07720435565848205, 113873701.28636657], ""2"": [2518083849.687899, -4097008.40431883, 0.09014253010467523, 22470259.75916513, 0.9025130136316434], ""3"": [0.0917736453059991, -2749520.2840528516, -146052417.92503616, 474768044.18575054, -173034556.41405416]}","{""0"": [1.6136449174077596, 2.107459835984843, 2.615613426111318, 2.04641510113169, 2.1719310021695564], ""1"": [5208333334.938097, 1.6378509002958246, 2.079964129166943, 2.3351789129191904, 2.39842971269425], ""2"": [5208333335.054889, 5208333335.362557, 2.063658001000622, 2.3752193176048375, 2.082987498511651], ""3"": [1.8515521951253493, 1.8345916287665747, 2.3333173256615325, 2.023316583354131, 1.469919241807714]}","{""0"": [0.09447916666666667, 0.041874999999999996, 0.05781250000000001, 0.05697916666666667, 0.056458333333333346], ""1"": [0.050104166666666686, 0.04260416666666666, 0.03083333333333333, 0.06687499999999999, 0.08822916666666669], ""2"": [0.05739583333333333, 0.0290625, 0.091875, 0.05531250000000001, 0.06145833333333335], ""3"": [0.08291666666666668, 0.05843750000000001, 0.05645833333333332, 0.09020833333333333, 0.06739583333333334]}","{""0"": [0.8974381923394597, 0.9421142438008057, 0.8620641700634183, 0.9794733722328164, 0.8963469699372995], ""1"": [0.9422673982791979, 1.0121946320892878, 0.912165558315223, 0.9732376858117088, 0.8678170498637997], ""2"": [0.9361658695101679, 0.8699140042942093, 0.9060832802262434, 0.9089420033578023, 0.9432466336072773], ""3"": [0.8931983744879844, 0.9645454700816735, 0.8927408025975396, 0.9528348540587869, 0.9752410462516029]}","{""0"": [0.8113128803799041, 0.7699619071561103, 0.7996662822495919, 0.8735185408392993, 0.8099777172235325], ""1"": [0.8487966901925728, 0.8698389040734429, 0.7733309492359332, 0.8093906160552018, 0.853400294092889], ""2"": [0.8254194335218563, 0.7848318479541774, 0.8001037762808914, 0.8056894833800111, 0.8057793608923355], ""3"": [0.7643947357111562, 0.7843988461722061, 0.8436101851193059, 0.8401568051726868, 0.8404503955110568]}","{""0"": [9.706772980219753, 9.932100245363365, 10.402887722536729, 9.268327579753466, 9.552166978456635], ""1"": [9.528314832075187, 9.497114489032857, 11.04272739370073, 9.114419033166996, 10.027544215515224], ""2"": [9.583081497585413, 10.39642505837723, 9.653289608683947, 10.637407269460992, 9.318965184041781], ""3"": [10.131643845273258, 9.434329137555375, 10.153951441416687, 10.5995167169765, 9.289491102284297]}","{""0"": [19.422110069543123, 19.839920906350017, 19.518596628680825, 19.304189572110772, 19.6239597722888], ""1"": [19.47501459158957, 20.42244280129671, 20.510472659021616, 20.16805554740131, 20.27280637435615], ""2"": [20.1760159637779, 19.958807500079274, 19.780118780210614, 19.768427735194564, 19.497111776843667], ""3"": [19.563390742987394, 19.799993094056845, 19.65728515945375, 19.382072493433952, 19.05507885105908]}"
Miniaturization of Popular Reactions from the Medicinal Chemists Toolbox for Ultrahigh_Throughput Experimentation,target_Approx Conv (%),XGBR,,,,"{""0"": 13.998763277189378, ""1"": 12.393488317315978, ""2"": 14.219381039747551, ""3"": 9.857732413481411}","{""0"": 0.8124228232294939, ""1"": 0.8216108531516219, ""2"": 0.8101767121852248, ""3"": 0.8933628715717501}","{""0"": 8.87344190225766, ""1"": 7.53368668641414, ""2"": 8.297115168450642, ""3"": 6.790790042747332}",,,,,,,,"{""0"": 7.230597961694002, ""1"": 7.298312181606889, ""2"": 6.683732483536005, ""3"": 7.121193012222648}","{""0"": [7.582050547961991, 7.569156682247827, 7.907392600422868, 7.383727830195115, 6.871789146159991], ""1"": [7.18222788592212, 6.848679547078864, 8.415949452509857, 6.245311420134277, 7.167952711016753], ""2"": [7.283391796817382, 7.96098729903183, 7.503086105934147, 9.410138663743341, 7.683560494910655], ""3"": [8.565306401264094, 6.810412073001108, 7.6693092932990385, 8.196526243112823, 7.265070775835449]}","{""0"": [0.9439198617340278, 0.9461110952957388, 0.9323393222647338, 0.9406043169607085, 0.9531991112731322], ""1"": [0.9490677942967659, 0.9543799541257753, 0.9387004436834118, 0.9554347082300866, 0.9454303922927498], ""2"": [0.9426490937494411, 0.9428749025773282, 0.9381174988294928, 0.9112208593653782, 0.9393458472871635], ""3"": [0.9247775580553346, 0.9507248251771108, 0.9412100692705622, 0.9289787079127084, 0.9456231008876902]}","{""0"": [4.489213826695334, 4.344049164860593, 4.541766995645595, 4.101460497561659, 3.9301445633168437], ""1"": [4.437266803925961, 4.014056054373308, 4.654773002758943, 3.7051493303091854, 4.439106837568829], ""2"": [4.258966964247956, 4.393398246303706, 4.292595961014455, 5.336486465131031, 4.119299783594552], ""3"": [4.487470826779244, 4.185774719054332, 4.3817959394444745, 4.46554314108652, 4.3546061599112855]}",,,,,,,,"{""0"": [7.252845240756869, 6.937272800132632, 6.262305893003941, 6.5738794561475515, 6.6211371216923], ""1"": [6.584765126928687, 6.794480042532086, 7.145513808354735, 7.123640425503254, 7.039984645321965], ""2"": [6.855342170223594, 6.965717121958733, 6.7797375954687595, 6.852270817384124, 6.931836880743504], ""3"": [6.952802766114473, 6.5102578811347485, 6.666703859344125, 6.995017435401678, 6.985410233959556]}"
Miniaturization of Popular Reactions from the Medicinal Chemists Toolbox for Ultrahigh_Throughput Experimentation,target_Approx Conv (%),NGB,,,,"{""0"": 13.626033865460304, ""1"": 11.785530179323601, ""2"": 14.60532492985967, ""3"": 9.579184132186516}","{""0"": 0.8222786580726431, ""1"": 0.8386832166385223, ""2"": 0.799732464497324, ""3"": 0.8993041820007338}","{""0"": 9.733831500376361, ""1"": 8.667806972552512, ""2"": 9.364117242703587, ""3"": 6.769038274922856}","{""0"": 0.13125000000000003, ""1"": 0.1237847222222223, ""2"": 0.06763888888888894, ""3"": 0.061909722222222255}","{""0"": 0.054305132293106795, ""1"": 0.10220805994670383, ""2"": 0.052698224166072366, ""3"": 0.0860188425731768}","{""0"": 3.7641677360163555, ""1"": 3.630552028307118, ""2"": 4.366199795823516, ""3"": 3.587619768862139}","{""0"": 0.0690625, ""1"": 0.09770833333333334, ""2"": 0.0503125, ""3"": 0.0909375}","{""0"": 0.6416020216249966, ""1"": 0.5814623916234118, ""2"": 0.7191107088441497, ""3"": 0.7226401224053912}","{""0"": 0.5962217991298139, ""1"": 0.6983081195254124, ""2"": 0.6423409658205635, ""3"": 0.5789022802730668}","{""0"": 8.94829304299672, ""1"": 7.8760779072267075, ""2"": 7.205205623951728, ""3"": 6.497015195873531}","{""0"": 15.703832175582647, ""1"": 15.863465899601579, ""2"": 15.922349935397506, ""3"": 15.619861936196685}","{""0"": [10.622229951921206, 10.121583417154255, 10.793832085308471, 9.440356593351725, 10.577811222108284], ""1"": [9.761711429061144, 9.347367530192582, 11.002399817234727, 10.129452914086533, 10.887432912752766], ""2"": [11.283207920051119, 12.441936520051097, 11.79224052816874, 10.928717349880058, 11.435844372189521], ""3"": [9.42124464804951, 9.714529808975202, 10.91465917418151, 10.183341227010935, 10.561687863810489]}","{""0"": [0.8899304673334884, 0.9036390032856944, 0.873927299657832, 0.902908699148161, 0.8891065042770425], ""1"": [0.9059137729943818, 0.9150192295484348, 0.8952326545925547, 0.8827641232026323, 0.8741041099268114], ""2"": [0.8623620733488517, 0.8604695309906129, 0.8471446458049653, 0.8802550302648888, 0.8656393848567306], ""3"": [0.9089922904557548, 0.8997406317496806, 0.8809276840417269, 0.8903750281839954, 0.8850784709708533]}","{""0"": [7.302980204564285, 6.803111006977601, 7.349955722384707, 6.532225446100252, 6.947943692794325], ""1"": [6.499604132513738, 6.355875338508299, 7.215695880266331, 6.398129021794296, 7.378464631632023], ""2"": [7.180491085198109, 8.407572991780789, 7.452508524384494, 7.786272536809186, 6.982612328558457], ""3"": [6.242478733402385, 6.6004697494334605, 7.193764400097552, 6.917551695999744, 7.182889797637162]}","{""0"": [0.022465277777777803, 0.01736111111111109, 0.05850694444444447, 0.028472222222222256, 0.011840277777777788], ""1"": [0.02673611111111111, 0.017326388888888884, 0.033402777777777774, 0.02204861111111111, 0.0352430555555556], ""2"": [0.011388888888888886, 0.0643402777777778, 0.020659722222222242, 0.06777777777777781, 0.02131944444444445], ""3"": [0.03177083333333331, 0.02520833333333336, 0.014340277777777768, 0.028645833333333353, 0.046875000000000035]}","{""0"": [0.0532458669855365, 0.03796600611150376, 0.033610525101276933, 0.06680503914391477, 0.03405382408231134], ""1"": [0.02458440862144883, 0.03538835053849612, 0.025072455730195176, 0.02149885608308308, 0.03207417616980052], ""2"": [0.04411352116714558, 0.046446005426672446, 0.05220148491596991, 0.07044980801899052, 0.051149010662121804], ""3"": [0.023330319253888444, -0.06425566424001819, 0.029202405203687342, 0.04976067652190343, 0.03484558183687064]}","{""0"": [3.3514260279280355, 3.347880631555354, 3.364134880323668, 3.290207299050801, 3.2266337018815427], ""1"": [3.2139403686484314, 3.1834241654829554, 3.400830103834542, 3.2475508661586954, 3.3473737640296926], ""2"": [3.2698631574270967, 3.4840452763384673, 3.32859060098331, 3.395025468193556, 3.3792953061000564], ""3"": [3.207500229030547, 3.259934189099487, 3.285169449590283, 3.3024309837613615, 3.288564555354805]}","{""0"": [0.054166666666666675, 0.029895833333333333, 0.0296875, 0.06770833333333334, 0.034375], ""1"": [0.021249999999999984, 0.025625, 0.02052083333333333, 0.020312500000000004, 0.03333333333333334], ""2"": [0.03854166666666666, 0.03833333333333334, 0.04739583333333332, 0.06822916666666666, 0.04635416666666666], ""3"": [0.02052083333333333, 0.04270833333333333, 0.029166666666666664, 0.04895833333333332, 0.03104166666666668]}","{""0"": [0.6642489327044677, 0.7080308503959044, 0.6092668411983087, 0.7019040205105196, 0.6578729701280763], ""1"": [0.6767169157742463, 0.668905628417346, 0.7255822464156166, 0.6584785583962293, 0.6215004052905844], ""2"": [0.6957674360657272, 0.6863597392956984, 0.6826027307675897, 0.6086757337809381, 0.6553054454513308], ""3"": [0.6608819263687329, 0.6547222254433946, 0.6935022748171327, 0.6268338134093465, 0.7501050722484047]}","{""0"": [0.666379267474621, 0.6762974615111893, 0.7105936450556566, 0.631494482921636, 0.680182166136098], ""1"": [0.6679008035433948, 0.7110366973437137, 0.6868043589653916, 0.6035511839925101, 0.7199276023540888], ""2"": [0.6812629019891382, 0.7050595101870495, 0.7094707583479707, 0.6758272151331075, 0.6093380697065777], ""3"": [0.6726939252815838, 0.6472848732910422, 0.6921503353147451, 0.6548126399255514, 0.7384261939141562]}","{""0"": [8.301463509325098, 8.233916102894094, 7.071906847076183, 7.351491878549613, 7.911452980938379], ""1"": [7.656358709500563, 7.779942798232052, 8.705189548933246, 7.687640200306795, 7.63587205258428], ""2"": [7.8697361198011295, 8.111781278891295, 7.945238479607173, 7.901556537681022, 7.718842626905281], ""3"": [8.17891721188534, 7.437585115813353, 8.294732236048718, 7.479185453737425, 7.56244471844423]}","{""0"": [18.84791900217533, 19.014742899686098, 16.952079579234123, 17.054195748642087, 16.8272541500628], ""1"": [17.044912680983543, 17.224327376112342, 17.195104541257024, 17.304878985509276, 17.3885320071131], ""2"": [15.627460535615683, 15.528421120718122, 15.774439748376608, 15.97669212706387, 15.984090611338615], ""3"": [16.183622136712074, 18.45913915336132, 18.291811434552073, 16.26372890546918, 16.367286695167422]}"
Miniaturization of Popular Reactions from the Medicinal Chemists Toolbox for Ultrahigh_Throughput Experimentation,target_Approx Conv (%),GpyroHMC,TanimotoMatern32,Matern32,sum,,,,,,,,,,,,,,,,,,,,,,
Miniaturization of Popular Reactions from the Medicinal Chemists Toolbox for Ultrahigh_Throughput Experimentation,target_Approx Conv (%),GpyroHMC,TanimotoMatern32,Matern32,product,,,,,,,,,,,,,,,,,,,,,,
Miniaturization of Popular Reactions from the Medicinal Chemists Toolbox for Ultrahigh_Throughput Experimentation,target_Approx Conv (%),GpyroHMC,TanimotoMatern32,Matern32,averageProduct,,,,,,,,,,,,,,,,,,,,,,
Miniaturization of Popular Reactions from the Medicinal Chemists Toolbox for Ultrahigh_Throughput Experimentation,target_Approx Conv (%),GpyroHMC,TanimotoMatern32,Matern32,(count:+)x(fp:x),,,,,,,,,,,,,,,,,,,,,,
Miniaturization of Popular Reactions from the Medicinal Chemists Toolbox for Ultrahigh_Throughput Experimentation,target_Approx Conv (%),GpyroHMC,TanimotoMatern32,Matern32,(count:+)x(fp:+),,,,,,,,,,,,,,,,,,,,,,
Miniaturization of Popular Reactions from the Medicinal Chemists Toolbox for Ultrahigh_Throughput Experimentation,target_Approx Conv (%),GpyroHMC,TanimotoMatern32,Matern32,(count:x)+(fp:x),,,,,,,,,,,,,,,,,,,,,,
Miniaturization of Popular Reactions from the Medicinal Chemists Toolbox for Ultrahigh_Throughput Experimentation,target_Approx Conv (%),GpyroHMC,TanimotoMatern32,Matern52,sum,,,,,,,,,,,,,,,,,,,,,,
Miniaturization of Popular Reactions from the Medicinal Chemists Toolbox for Ultrahigh_Throughput Experimentation,target_Approx Conv (%),GpyroHMC,TanimotoMatern32,Matern52,product,,,,,,,,,,,,,,,,,,,,,,
Miniaturization of Popular Reactions from the Medicinal Chemists Toolbox for Ultrahigh_Throughput Experimentation,target_Approx Conv (%),GpyroHMC,TanimotoMatern32,Matern52,averageProduct,,,,,,,,,,,,,,,,,,,,,,
Miniaturization of Popular Reactions from the Medicinal Chemists Toolbox for Ultrahigh_Throughput Experimentation,target_Approx Conv (%),GpyroHMC,TanimotoMatern32,Matern52,(count:+)x(fp:x),,,,,,,,,,,,,,,,,,,,,,
Miniaturization of Popular Reactions from the Medicinal Chemists Toolbox for Ultrahigh_Throughput Experimentation,target_Approx Conv (%),GpyroHMC,TanimotoMatern32,Matern52,(count:+)x(fp:+),,,,,,,,,,,,,,,,,,,,,,
Miniaturization of Popular Reactions from the Medicinal Chemists Toolbox for Ultrahigh_Throughput Experimentation,target_Approx Conv (%),GpyroHMC,TanimotoMatern32,Matern52,(count:x)+(fp:x),,,,,,,,,,,,,,,,,,,,,,
Miniaturization of Popular Reactions from the Medicinal Chemists Toolbox for Ultrahigh_Throughput Experimentation,target_Approx Conv (%),GpyroHMC,TanimotoMatern32,RBF,sum,,,,,,,,,,,,,,,,,,,,,,
Miniaturization of Popular Reactions from the Medicinal Chemists Toolbox for Ultrahigh_Throughput Experimentation,target_Approx Conv (%),GpyroHMC,TanimotoMatern32,RBF,product,,,,,,,,,,,,,,,,,,,,,,
Miniaturization of Popular Reactions from the Medicinal Chemists Toolbox for Ultrahigh_Throughput Experimentation,target_Approx Conv (%),GpyroHMC,TanimotoMatern32,RBF,averageProduct,,,,,,,,,,,,,,,,,,,,,,
Miniaturization of Popular Reactions from the Medicinal Chemists Toolbox for Ultrahigh_Throughput Experimentation,target_Approx Conv (%),GpyroHMC,TanimotoMatern32,RBF,(count:+)x(fp:x),,,,,,,,,,,,,,,,,,,,,,
Miniaturization of Popular Reactions from the Medicinal Chemists Toolbox for Ultrahigh_Throughput Experimentation,target_Approx Conv (%),GpyroHMC,TanimotoMatern32,RBF,(count:+)x(fp:+),,,,,,,,,,,,,,,,,,,,,,
Miniaturization of Popular Reactions from the Medicinal Chemists Toolbox for Ultrahigh_Throughput Experimentation,target_Approx Conv (%),GpyroHMC,TanimotoMatern32,RBF,(count:x)+(fp:x),,,,,,,,,,,,,,,,,,,,,,
Miniaturization of Popular Reactions from the Medicinal Chemists Toolbox for Ultrahigh_Throughput Experimentation,target_Approx Conv (%),GpyroHMC,TanimotoMatern52,Matern32,sum,,,,,,,,,,,,,,,,,,,,,,
Miniaturization of Popular Reactions from the Medicinal Chemists Toolbox for Ultrahigh_Throughput Experimentation,target_Approx Conv (%),GpyroHMC,TanimotoMatern52,Matern32,product,,,,,,,,,,,,,,,,,,,,,,
Miniaturization of Popular Reactions from the Medicinal Chemists Toolbox for Ultrahigh_Throughput Experimentation,target_Approx Conv (%),GpyroHMC,TanimotoMatern52,Matern32,averageProduct,,,,,,,,,,,,,,,,,,,,,,
Miniaturization of Popular Reactions from the Medicinal Chemists Toolbox for Ultrahigh_Throughput Experimentation,target_Approx Conv (%),GpyroHMC,TanimotoMatern52,Matern32,(count:+)x(fp:x),,,,,,,,,,,,,,,,,,,,,,
Miniaturization of Popular Reactions from the Medicinal Chemists Toolbox for Ultrahigh_Throughput Experimentation,target_Approx Conv (%),GpyroHMC,TanimotoMatern52,Matern32,(count:+)x(fp:+),,,,,,,,,,,,,,,,,,,,,,
Miniaturization of Popular Reactions from the Medicinal Chemists Toolbox for Ultrahigh_Throughput Experimentation,target_Approx Conv (%),GpyroHMC,TanimotoMatern52,Matern32,(count:x)+(fp:x),,,,,,,,,,,,,,,,,,,,,,
Miniaturization of Popular Reactions from the Medicinal Chemists Toolbox for Ultrahigh_Throughput Experimentation,target_Approx Conv (%),GpyroHMC,TanimotoMatern52,Matern52,sum,,,,,,,,,,,,,,,,,,,,,,
Miniaturization of Popular Reactions from the Medicinal Chemists Toolbox for Ultrahigh_Throughput Experimentation,target_Approx Conv (%),GpyroHMC,TanimotoMatern52,Matern52,product,,,,,,,,,,,,,,,,,,,,,,
Miniaturization of Popular Reactions from the Medicinal Chemists Toolbox for Ultrahigh_Throughput Experimentation,target_Approx Conv (%),GpyroHMC,TanimotoMatern52,Matern52,averageProduct,,,,,,,,,,,,,,,,,,,,,,
Miniaturization of Popular Reactions from the Medicinal Chemists Toolbox for Ultrahigh_Throughput Experimentation,target_Approx Conv (%),GpyroHMC,TanimotoMatern52,Matern52,(count:+)x(fp:x),,,,,,,,,,,,,,,,,,,,,,
Miniaturization of Popular Reactions from the Medicinal Chemists Toolbox for Ultrahigh_Throughput Experimentation,target_Approx Conv (%),GpyroHMC,TanimotoMatern52,Matern52,(count:+)x(fp:+),,,,,,,,,,,,,,,,,,,,,,
Miniaturization of Popular Reactions from the Medicinal Chemists Toolbox for Ultrahigh_Throughput Experimentation,target_Approx Conv (%),GpyroHMC,TanimotoMatern52,Matern52,(count:x)+(fp:x),,,,,,,,,,,,,,,,,,,,,,
Miniaturization of Popular Reactions from the Medicinal Chemists Toolbox for Ultrahigh_Throughput Experimentation,target_Approx Conv (%),GpyroHMC,TanimotoMatern52,RBF,sum,,,,,,,,,,,,,,,,,,,,,,
Miniaturization of Popular Reactions from the Medicinal Chemists Toolbox for Ultrahigh_Throughput Experimentation,target_Approx Conv (%),GpyroHMC,TanimotoMatern52,RBF,product,,,,,,,,,,,,,,,,,,,,,,
Miniaturization of Popular Reactions from the Medicinal Chemists Toolbox for Ultrahigh_Throughput Experimentation,target_Approx Conv (%),GpyroHMC,TanimotoMatern52,RBF,averageProduct,,,,,,,,,,,,,,,,,,,,,,
Miniaturization of Popular Reactions from the Medicinal Chemists Toolbox for Ultrahigh_Throughput Experimentation,target_Approx Conv (%),GpyroHMC,TanimotoMatern52,RBF,(count:+)x(fp:x),,,,,,,,,,,,,,,,,,,,,,
Miniaturization of Popular Reactions from the Medicinal Chemists Toolbox for Ultrahigh_Throughput Experimentation,target_Approx Conv (%),GpyroHMC,TanimotoMatern52,RBF,(count:+)x(fp:+),,,,,,,,,,,,,,,,,,,,,,
Miniaturization of Popular Reactions from the Medicinal Chemists Toolbox for Ultrahigh_Throughput Experimentation,target_Approx Conv (%),GpyroHMC,TanimotoMatern52,RBF,(count:x)+(fp:x),,,,,,,,,,,,,,,,,,,,,,
Miniaturization of Popular Reactions from the Medicinal Chemists Toolbox for Ultrahigh_Throughput Experimentation,target_Approx Conv (%),GpyroHMC,TanimotoRBF,Matern32,sum,,,,,,,,,,,,,,,,,,,,,,
Miniaturization of Popular Reactions from the Medicinal Chemists Toolbox for Ultrahigh_Throughput Experimentation,target_Approx Conv (%),GpyroHMC,TanimotoRBF,Matern32,product,,,,,,,,,,,,,,,,,,,,,,
Miniaturization of Popular Reactions from the Medicinal Chemists Toolbox for Ultrahigh_Throughput Experimentation,target_Approx Conv (%),GpyroHMC,TanimotoRBF,Matern32,averageProduct,,,,,,,,,,,,,,,,,,,,,,
Miniaturization of Popular Reactions from the Medicinal Chemists Toolbox for Ultrahigh_Throughput Experimentation,target_Approx Conv (%),GpyroHMC,TanimotoRBF,Matern32,(count:+)x(fp:x),,,,,,,,,,,,,,,,,,,,,,
Miniaturization of Popular Reactions from the Medicinal Chemists Toolbox for Ultrahigh_Throughput Experimentation,target_Approx Conv (%),GpyroHMC,TanimotoRBF,Matern32,(count:+)x(fp:+),,,,,,,,,,,,,,,,,,,,,,
Miniaturization of Popular Reactions from the Medicinal Chemists Toolbox for Ultrahigh_Throughput Experimentation,target_Approx Conv (%),GpyroHMC,TanimotoRBF,Matern32,(count:x)+(fp:x),,,,,,,,,,,,,,,,,,,,,,
Miniaturization of Popular Reactions from the Medicinal Chemists Toolbox for Ultrahigh_Throughput Experimentation,target_Approx Conv (%),GpyroHMC,TanimotoRBF,Matern52,sum,,,,,,,,,,,,,,,,,,,,,,
Miniaturization of Popular Reactions from the Medicinal Chemists Toolbox for Ultrahigh_Throughput Experimentation,target_Approx Conv (%),GpyroHMC,TanimotoRBF,Matern52,product,,,,,,,,,,,,,,,,,,,,,,
Miniaturization of Popular Reactions from the Medicinal Chemists Toolbox for Ultrahigh_Throughput Experimentation,target_Approx Conv (%),GpyroHMC,TanimotoRBF,Matern52,averageProduct,,,,,,,,,,,,,,,,,,,,,,
Miniaturization of Popular Reactions from the Medicinal Chemists Toolbox for Ultrahigh_Throughput Experimentation,target_Approx Conv (%),GpyroHMC,TanimotoRBF,Matern52,(count:+)x(fp:x),,,,,,,,,,,,,,,,,,,,,,
Miniaturization of Popular Reactions from the Medicinal Chemists Toolbox for Ultrahigh_Throughput Experimentation,target_Approx Conv (%),GpyroHMC,TanimotoRBF,Matern52,(count:+)x(fp:+),,,,,,,,,,,,,,,,,,,,,,
Miniaturization of Popular Reactions from the Medicinal Chemists Toolbox for Ultrahigh_Throughput Experimentation,target_Approx Conv (%),GpyroHMC,TanimotoRBF,Matern52,(count:x)+(fp:x),,,,,,,,,,,,,,,,,,,,,,
Miniaturization of Popular Reactions from the Medicinal Chemists Toolbox for Ultrahigh_Throughput Experimentation,target_Approx Conv (%),GpyroHMC,TanimotoRBF,RBF,sum,,,,,,,,,,,,,,,,,,,,,,
Miniaturization of Popular Reactions from the Medicinal Chemists Toolbox for Ultrahigh_Throughput Experimentation,target_Approx Conv (%),GpyroHMC,TanimotoRBF,RBF,product,,,,,,,,,,,,,,,,,,,,,,
Miniaturization of Popular Reactions from the Medicinal Chemists Toolbox for Ultrahigh_Throughput Experimentation,target_Approx Conv (%),GpyroHMC,TanimotoRBF,RBF,averageProduct,,,,,,,,,,,,,,,,,,,,,,
Miniaturization of Popular Reactions from the Medicinal Chemists Toolbox for Ultrahigh_Throughput Experimentation,target_Approx Conv (%),GpyroHMC,TanimotoRBF,RBF,(count:+)x(fp:x),,,,,,,,,,,,,,,,,,,,,,
Miniaturization of Popular Reactions from the Medicinal Chemists Toolbox for Ultrahigh_Throughput Experimentation,target_Approx Conv (%),GpyroHMC,TanimotoRBF,RBF,(count:+)x(fp:+),,,,,,,,,,,,,,,,,,,,,,
Miniaturization of Popular Reactions from the Medicinal Chemists Toolbox for Ultrahigh_Throughput Experimentation,target_Approx Conv (%),GpyroHMC,TanimotoRBF,RBF,(count:x)+(fp:x),,,,,,,,,,,,,,,,,,,,,,
Miniaturization of Popular Reactions from the Medicinal Chemists Toolbox for Ultrahigh_Throughput Experimentation,target_Approx Conv (%),GpyroHMC,Tanimoto,Matern32,sum,,,,,,,,,,,,,,,,,,,,,,
Miniaturization of Popular Reactions from the Medicinal Chemists Toolbox for Ultrahigh_Throughput Experimentation,target_Approx Conv (%),GpyroHMC,Tanimoto,Matern32,product,,,,,,,,,,,,,,,,,,,,,,
Miniaturization of Popular Reactions from the Medicinal Chemists Toolbox for Ultrahigh_Throughput Experimentation,target_Approx Conv (%),GpyroHMC,Tanimoto,Matern32,averageProduct,,,,,,,,,,,,,,,,,,,,,,
Miniaturization of Popular Reactions from the Medicinal Chemists Toolbox for Ultrahigh_Throughput Experimentation,target_Approx Conv (%),GpyroHMC,Tanimoto,Matern32,(count:+)x(fp:x),,,,,,,,,,,,,,,,,,,,,,
Miniaturization of Popular Reactions from the Medicinal Chemists Toolbox for Ultrahigh_Throughput Experimentation,target_Approx Conv (%),GpyroHMC,Tanimoto,Matern32,(count:+)x(fp:+),,,,,,,,,,,,,,,,,,,,,,
Miniaturization of Popular Reactions from the Medicinal Chemists Toolbox for Ultrahigh_Throughput Experimentation,target_Approx Conv (%),GpyroHMC,Tanimoto,Matern32,(count:x)+(fp:x),,,,,,,,,,,,,,,,,,,,,,
Miniaturization of Popular Reactions from the Medicinal Chemists Toolbox for Ultrahigh_Throughput Experimentation,target_Approx Conv (%),GpyroHMC,Tanimoto,Matern52,sum,,,,,,,,,,,,,,,,,,,,,,
Miniaturization of Popular Reactions from the Medicinal Chemists Toolbox for Ultrahigh_Throughput Experimentation,target_Approx Conv (%),GpyroHMC,Tanimoto,Matern52,product,,,,,,,,,,,,,,,,,,,,,,
Miniaturization of Popular Reactions from the Medicinal Chemists Toolbox for Ultrahigh_Throughput Experimentation,target_Approx Conv (%),GpyroHMC,Tanimoto,Matern52,averageProduct,,,,,,,,,,,,,,,,,,,,,,
Miniaturization of Popular Reactions from the Medicinal Chemists Toolbox for Ultrahigh_Throughput Experimentation,target_Approx Conv (%),GpyroHMC,Tanimoto,Matern52,(count:+)x(fp:x),,,,,,,,,,,,,,,,,,,,,,
Miniaturization of Popular Reactions from the Medicinal Chemists Toolbox for Ultrahigh_Throughput Experimentation,target_Approx Conv (%),GpyroHMC,Tanimoto,Matern52,(count:+)x(fp:+),,,,,,,,,,,,,,,,,,,,,,
Miniaturization of Popular Reactions from the Medicinal Chemists Toolbox for Ultrahigh_Throughput Experimentation,target_Approx Conv (%),GpyroHMC,Tanimoto,Matern52,(count:x)+(fp:x),,,,,,,,,,,,,,,,,,,,,,
Miniaturization of Popular Reactions from the Medicinal Chemists Toolbox for Ultrahigh_Throughput Experimentation,target_Approx Conv (%),GpyroHMC,Tanimoto,RBF,sum,,,,,,,,,,,,,,,,,,,,,,
Miniaturization of Popular Reactions from the Medicinal Chemists Toolbox for Ultrahigh_Throughput Experimentation,target_Approx Conv (%),GpyroHMC,Tanimoto,RBF,product,,,,,,,,,,,,,,,,,,,,,,
Miniaturization of Popular Reactions from the Medicinal Chemists Toolbox for Ultrahigh_Throughput Experimentation,target_Approx Conv (%),GpyroHMC,Tanimoto,RBF,averageProduct,,,,,,,,,,,,,,,,,,,,,,
Miniaturization of Popular Reactions from the Medicinal Chemists Toolbox for Ultrahigh_Throughput Experimentation,target_Approx Conv (%),GpyroHMC,Tanimoto,RBF,(count:+)x(fp:x),,,,,,,,,,,,,,,,,,,,,,
Miniaturization of Popular Reactions from the Medicinal Chemists Toolbox for Ultrahigh_Throughput Experimentation,target_Approx Conv (%),GpyroHMC,Tanimoto,RBF,(count:+)x(fp:+),,,,,,,,,,,,,,,,,,,,,,
Miniaturization of Popular Reactions from the Medicinal Chemists Toolbox for Ultrahigh_Throughput Experimentation,target_Approx Conv (%),GpyroHMC,Tanimoto,RBF,(count:x)+(fp:x),,,,,,,,,,,,,,,,,,,,,,
Miniaturization of Popular Reactions from the Medicinal Chemists Toolbox for Ultrahigh_Throughput Experimentation,target_Approx Conv (%),GpyroHMC,Matern32,Matern32,sum,,,,,,,,,,,,,,,,,,,,,,
Miniaturization of Popular Reactions from the Medicinal Chemists Toolbox for Ultrahigh_Throughput Experimentation,target_Approx Conv (%),GpyroHMC,Matern32,Matern32,product,,,,,,,,,,,,,,,,,,,,,,
Miniaturization of Popular Reactions from the Medicinal Chemists Toolbox for Ultrahigh_Throughput Experimentation,target_Approx Conv (%),GpyroHMC,Matern32,Matern32,averageProduct,,,,,,,,,,,,,,,,,,,,,,
Miniaturization of Popular Reactions from the Medicinal Chemists Toolbox for Ultrahigh_Throughput Experimentation,target_Approx Conv (%),GpyroHMC,Matern32,Matern32,(count:+)x(fp:x),,,,,,,,,,,,,,,,,,,,,,
Miniaturization of Popular Reactions from the Medicinal Chemists Toolbox for Ultrahigh_Throughput Experimentation,target_Approx Conv (%),GpyroHMC,Matern32,Matern32,(count:+)x(fp:+),,,,,,,,,,,,,,,,,,,,,,
Miniaturization of Popular Reactions from the Medicinal Chemists Toolbox for Ultrahigh_Throughput Experimentation,target_Approx Conv (%),GpyroHMC,Matern32,Matern32,(count:x)+(fp:x),,,,,,,,,,,,,,,,,,,,,,
Miniaturization of Popular Reactions from the Medicinal Chemists Toolbox for Ultrahigh_Throughput Experimentation,target_Approx Conv (%),GpyroHMC,Matern32,Matern52,sum,,,,,,,,,,,,,,,,,,,,,,
Miniaturization of Popular Reactions from the Medicinal Chemists Toolbox for Ultrahigh_Throughput Experimentation,target_Approx Conv (%),GpyroHMC,Matern32,Matern52,product,,,,,,,,,,,,,,,,,,,,,,
Miniaturization of Popular Reactions from the Medicinal Chemists Toolbox for Ultrahigh_Throughput Experimentation,target_Approx Conv (%),GpyroHMC,Matern32,Matern52,averageProduct,,,,,,,,,,,,,,,,,,,,,,
Miniaturization of Popular Reactions from the Medicinal Chemists Toolbox for Ultrahigh_Throughput Experimentation,target_Approx Conv (%),GpyroHMC,Matern32,Matern52,(count:+)x(fp:x),,,,,,,,,,,,,,,,,,,,,,
Miniaturization of Popular Reactions from the Medicinal Chemists Toolbox for Ultrahigh_Throughput Experimentation,target_Approx Conv (%),GpyroHMC,Matern32,Matern52,(count:+)x(fp:+),,,,,,,,,,,,,,,,,,,,,,
Miniaturization of Popular Reactions from the Medicinal Chemists Toolbox for Ultrahigh_Throughput Experimentation,target_Approx Conv (%),GpyroHMC,Matern32,Matern52,(count:x)+(fp:x),,,,,,,,,,,,,,,,,,,,,,
Miniaturization of Popular Reactions from the Medicinal Chemists Toolbox for Ultrahigh_Throughput Experimentation,target_Approx Conv (%),GpyroHMC,Matern32,RBF,sum,,,,,,,,,,,,,,,,,,,,,,
Miniaturization of Popular Reactions from the Medicinal Chemists Toolbox for Ultrahigh_Throughput Experimentation,target_Approx Conv (%),GpyroHMC,Matern32,RBF,product,,,,,,,,,,,,,,,,,,,,,,
Miniaturization of Popular Reactions from the Medicinal Chemists Toolbox for Ultrahigh_Throughput Experimentation,target_Approx Conv (%),GpyroHMC,Matern32,RBF,averageProduct,,,,,,,,,,,,,,,,,,,,,,
Miniaturization of Popular Reactions from the Medicinal Chemists Toolbox for Ultrahigh_Throughput Experimentation,target_Approx Conv (%),GpyroHMC,Matern32,RBF,(count:+)x(fp:x),,,,,,,,,,,,,,,,,,,,,,
Miniaturization of Popular Reactions from the Medicinal Chemists Toolbox for Ultrahigh_Throughput Experimentation,target_Approx Conv (%),GpyroHMC,Matern32,RBF,(count:+)x(fp:+),,,,,,,,,,,,,,,,,,,,,,
Miniaturization of Popular Reactions from the Medicinal Chemists Toolbox for Ultrahigh_Throughput Experimentation,target_Approx Conv (%),GpyroHMC,Matern32,RBF,(count:x)+(fp:x),,,,,,,,,,,,,,,,,,,,,,
Miniaturization of Popular Reactions from the Medicinal Chemists Toolbox for Ultrahigh_Throughput Experimentation,target_Approx Conv (%),GpyroHMC,Matern52,Matern32,sum,,,,,,,,,,,,,,,,,,,,,,
Miniaturization of Popular Reactions from the Medicinal Chemists Toolbox for Ultrahigh_Throughput Experimentation,target_Approx Conv (%),GpyroHMC,Matern52,Matern32,product,,,,,,,,,,,,,,,,,,,,,,
Miniaturization of Popular Reactions from the Medicinal Chemists Toolbox for Ultrahigh_Throughput Experimentation,target_Approx Conv (%),GpyroHMC,Matern52,Matern32,averageProduct,,,,,,,,,,,,,,,,,,,,,,
Miniaturization of Popular Reactions from the Medicinal Chemists Toolbox for Ultrahigh_Throughput Experimentation,target_Approx Conv (%),GpyroHMC,Matern52,Matern32,(count:+)x(fp:x),,,,,,,,,,,,,,,,,,,,,,
Miniaturization of Popular Reactions from the Medicinal Chemists Toolbox for Ultrahigh_Throughput Experimentation,target_Approx Conv (%),GpyroHMC,Matern52,Matern32,(count:+)x(fp:+),,,,,,,,,,,,,,,,,,,,,,
Miniaturization of Popular Reactions from the Medicinal Chemists Toolbox for Ultrahigh_Throughput Experimentation,target_Approx Conv (%),GpyroHMC,Matern52,Matern32,(count:x)+(fp:x),,,,,,,,,,,,,,,,,,,,,,
Miniaturization of Popular Reactions from the Medicinal Chemists Toolbox for Ultrahigh_Throughput Experimentation,target_Approx Conv (%),GpyroHMC,Matern52,Matern52,sum,,,,,,,,,,,,,,,,,,,,,,
Miniaturization of Popular Reactions from the Medicinal Chemists Toolbox for Ultrahigh_Throughput Experimentation,target_Approx Conv (%),GpyroHMC,Matern52,Matern52,product,,,,,,,,,,,,,,,,,,,,,,
Miniaturization of Popular Reactions from the Medicinal Chemists Toolbox for Ultrahigh_Throughput Experimentation,target_Approx Conv (%),GpyroHMC,Matern52,Matern52,averageProduct,,,,,,,,,,,,,,,,,,,,,,
Miniaturization of Popular Reactions from the Medicinal Chemists Toolbox for Ultrahigh_Throughput Experimentation,target_Approx Conv (%),GpyroHMC,Matern52,Matern52,(count:+)x(fp:x),,,,,,,,,,,,,,,,,,,,,,
Miniaturization of Popular Reactions from the Medicinal Chemists Toolbox for Ultrahigh_Throughput Experimentation,target_Approx Conv (%),GpyroHMC,Matern52,Matern52,(count:+)x(fp:+),,,,,,,,,,,,,,,,,,,,,,
Miniaturization of Popular Reactions from the Medicinal Chemists Toolbox for Ultrahigh_Throughput Experimentation,target_Approx Conv (%),GpyroHMC,Matern52,Matern52,(count:x)+(fp:x),,,,,,,,,,,,,,,,,,,,,,
Miniaturization of Popular Reactions from the Medicinal Chemists Toolbox for Ultrahigh_Throughput Experimentation,target_Approx Conv (%),GpyroHMC,Matern52,RBF,sum,,,,,,,,,,,,,,,,,,,,,,
Miniaturization of Popular Reactions from the Medicinal Chemists Toolbox for Ultrahigh_Throughput Experimentation,target_Approx Conv (%),GpyroHMC,Matern52,RBF,product,,,,,,,,,,,,,,,,,,,,,,
Miniaturization of Popular Reactions from the Medicinal Chemists Toolbox for Ultrahigh_Throughput Experimentation,target_Approx Conv (%),GpyroHMC,Matern52,RBF,averageProduct,,,,,,,,,,,,,,,,,,,,,,
Miniaturization of Popular Reactions from the Medicinal Chemists Toolbox for Ultrahigh_Throughput Experimentation,target_Approx Conv (%),GpyroHMC,Matern52,RBF,(count:+)x(fp:x),,,,,,,,,,,,,,,,,,,,,,
Miniaturization of Popular Reactions from the Medicinal Chemists Toolbox for Ultrahigh_Throughput Experimentation,target_Approx Conv (%),GpyroHMC,Matern52,RBF,(count:+)x(fp:+),,,,,,,,,,,,,,,,,,,,,,
Miniaturization of Popular Reactions from the Medicinal Chemists Toolbox for Ultrahigh_Throughput Experimentation,target_Approx Conv (%),GpyroHMC,Matern52,RBF,(count:x)+(fp:x),,,,,,,,,,,,,,,,,,,,,,
Miniaturization of Popular Reactions from the Medicinal Chemists Toolbox for Ultrahigh_Throughput Experimentation,target_Approx Conv (%),GpyroHMC,RBF,Matern32,sum,,,,,,,,,,,,,,,,,,,,,,
Miniaturization of Popular Reactions from the Medicinal Chemists Toolbox for Ultrahigh_Throughput Experimentation,target_Approx Conv (%),GpyroHMC,RBF,Matern32,product,,,,,,,,,,,,,,,,,,,,,,
Miniaturization of Popular Reactions from the Medicinal Chemists Toolbox for Ultrahigh_Throughput Experimentation,target_Approx Conv (%),GpyroHMC,RBF,Matern32,averageProduct,,,,,,,,,,,,,,,,,,,,,,
Miniaturization of Popular Reactions from the Medicinal Chemists Toolbox for Ultrahigh_Throughput Experimentation,target_Approx Conv (%),GpyroHMC,RBF,Matern32,(count:+)x(fp:x),,,,,,,,,,,,,,,,,,,,,,
Miniaturization of Popular Reactions from the Medicinal Chemists Toolbox for Ultrahigh_Throughput Experimentation,target_Approx Conv (%),GpyroHMC,RBF,Matern32,(count:+)x(fp:+),,,,,,,,,,,,,,,,,,,,,,
Miniaturization of Popular Reactions from the Medicinal Chemists Toolbox for Ultrahigh_Throughput Experimentation,target_Approx Conv (%),GpyroHMC,RBF,Matern32,(count:x)+(fp:x),,,,,,,,,,,,,,,,,,,,,,
Miniaturization of Popular Reactions from the Medicinal Chemists Toolbox for Ultrahigh_Throughput Experimentation,target_Approx Conv (%),GpyroHMC,RBF,Matern52,sum,,,,,,,,,,,,,,,,,,,,,,
Miniaturization of Popular Reactions from the Medicinal Chemists Toolbox for Ultrahigh_Throughput Experimentation,target_Approx Conv (%),GpyroHMC,RBF,Matern52,product,,,,,,,,,,,,,,,,,,,,,,
Miniaturization of Popular Reactions from the Medicinal Chemists Toolbox for Ultrahigh_Throughput Experimentation,target_Approx Conv (%),GpyroHMC,RBF,Matern52,averageProduct,,,,,,,,,,,,,,,,,,,,,,
Miniaturization of Popular Reactions from the Medicinal Chemists Toolbox for Ultrahigh_Throughput Experimentation,target_Approx Conv (%),GpyroHMC,RBF,Matern52,(count:+)x(fp:x),,,,,,,,,,,,,,,,,,,,,,
Miniaturization of Popular Reactions from the Medicinal Chemists Toolbox for Ultrahigh_Throughput Experimentation,target_Approx Conv (%),GpyroHMC,RBF,Matern52,(count:+)x(fp:+),,,,,,,,,,,,,,,,,,,,,,
Miniaturization of Popular Reactions from the Medicinal Chemists Toolbox for Ultrahigh_Throughput Experimentation,target_Approx Conv (%),GpyroHMC,RBF,Matern52,(count:x)+(fp:x),,,,,,,,,,,,,,,,,,,,,,
Miniaturization of Popular Reactions from the Medicinal Chemists Toolbox for Ultrahigh_Throughput Experimentation,target_Approx Conv (%),GpyroHMC,RBF,RBF,sum,,,,,,,,,,,,,,,,,,,,,,
Miniaturization of Popular Reactions from the Medicinal Chemists Toolbox for Ultrahigh_Throughput Experimentation,target_Approx Conv (%),GpyroHMC,RBF,RBF,product,,,,,,,,,,,,,,,,,,,,,,
Miniaturization of Popular Reactions from the Medicinal Chemists Toolbox for Ultrahigh_Throughput Experimentation,target_Approx Conv (%),GpyroHMC,RBF,RBF,averageProduct,,,,,,,,,,,,,,,,,,,,,,
Miniaturization of Popular Reactions from the Medicinal Chemists Toolbox for Ultrahigh_Throughput Experimentation,target_Approx Conv (%),GpyroHMC,RBF,RBF,(count:+)x(fp:x),,,,,,,,,,,,,,,,,,,,,,
Miniaturization of Popular Reactions from the Medicinal Chemists Toolbox for Ultrahigh_Throughput Experimentation,target_Approx Conv (%),GpyroHMC,RBF,RBF,(count:+)x(fp:+),,,,,,,,,,,,,,,,,,,,,,
Miniaturization of Popular Reactions from the Medicinal Chemists Toolbox for Ultrahigh_Throughput Experimentation,target_Approx Conv (%),GpyroHMC,RBF,RBF,(count:x)+(fp:x),,,,,,,,,,,,,,,,,,,,,,
Miniaturization of Popular Reactions from the Medicinal Chemists Toolbox for Ultrahigh_Throughput Experimentation,target_Approx Conv (%),GPytorchMAP,TanimotoMatern32,Matern32,sum,,,,,,,,,,,,,,,,,,,,,,
Miniaturization of Popular Reactions from the Medicinal Chemists Toolbox for Ultrahigh_Throughput Experimentation,target_Approx Conv (%),GPytorchMAP,TanimotoMatern32,Matern32,product,,,,,,,,,,,,,,,,,,,,,,
Miniaturization of Popular Reactions from the Medicinal Chemists Toolbox for Ultrahigh_Throughput Experimentation,target_Approx Conv (%),GPytorchMAP,TanimotoMatern32,Matern32,averageProduct,,,,,,,,,,,,,,,,,,,,,,
Miniaturization of Popular Reactions from the Medicinal Chemists Toolbox for Ultrahigh_Throughput Experimentation,target_Approx Conv (%),GPytorchMAP,TanimotoMatern32,Matern32,(count:+)x(fp:x),,,,,,,,,,,,,,,,,,,,,,
Miniaturization of Popular Reactions from the Medicinal Chemists Toolbox for Ultrahigh_Throughput Experimentation,target_Approx Conv (%),GPytorchMAP,TanimotoMatern32,Matern32,(count:+)x(fp:+),,,,,,,,,,,,,,,,,,,,,,
Miniaturization of Popular Reactions from the Medicinal Chemists Toolbox for Ultrahigh_Throughput Experimentation,target_Approx Conv (%),GPytorchMAP,TanimotoMatern32,Matern32,(count:x)+(fp:x),,,,,,,,,,,,,,,,,,,,,,
Miniaturization of Popular Reactions from the Medicinal Chemists Toolbox for Ultrahigh_Throughput Experimentation,target_Approx Conv (%),GPytorchMAP,TanimotoMatern32,Matern52,sum,,,,,,,,,,,,,,,,,,,,,,
Miniaturization of Popular Reactions from the Medicinal Chemists Toolbox for Ultrahigh_Throughput Experimentation,target_Approx Conv (%),GPytorchMAP,TanimotoMatern32,Matern52,product,,,,,,,,,,,,,,,,,,,,,,
Miniaturization of Popular Reactions from the Medicinal Chemists Toolbox for Ultrahigh_Throughput Experimentation,target_Approx Conv (%),GPytorchMAP,TanimotoMatern32,Matern52,averageProduct,,,,,,,,,,,,,,,,,,,,,,
Miniaturization of Popular Reactions from the Medicinal Chemists Toolbox for Ultrahigh_Throughput Experimentation,target_Approx Conv (%),GPytorchMAP,TanimotoMatern32,Matern52,(count:+)x(fp:x),,,,,,,,,,,,,,,,,,,,,,
Miniaturization of Popular Reactions from the Medicinal Chemists Toolbox for Ultrahigh_Throughput Experimentation,target_Approx Conv (%),GPytorchMAP,TanimotoMatern32,Matern52,(count:+)x(fp:+),,,,,,,,,,,,,,,,,,,,,,
Miniaturization of Popular Reactions from the Medicinal Chemists Toolbox for Ultrahigh_Throughput Experimentation,target_Approx Conv (%),GPytorchMAP,TanimotoMatern32,Matern52,(count:x)+(fp:x),,,,,,,,,,,,,,,,,,,,,,
Miniaturization of Popular Reactions from the Medicinal Chemists Toolbox for Ultrahigh_Throughput Experimentation,target_Approx Conv (%),GPytorchMAP,TanimotoMatern32,RBF,sum,,,,,,,,,,,,,,,,,,,,,,
Miniaturization of Popular Reactions from the Medicinal Chemists Toolbox for Ultrahigh_Throughput Experimentation,target_Approx Conv (%),GPytorchMAP,TanimotoMatern32,RBF,product,,,,,,,,,,,,,,,,,,,,,,
Miniaturization of Popular Reactions from the Medicinal Chemists Toolbox for Ultrahigh_Throughput Experimentation,target_Approx Conv (%),GPytorchMAP,TanimotoMatern32,RBF,averageProduct,,,,,,,,,,,,,,,,,,,,,,
Miniaturization of Popular Reactions from the Medicinal Chemists Toolbox for Ultrahigh_Throughput Experimentation,target_Approx Conv (%),GPytorchMAP,TanimotoMatern32,RBF,(count:+)x(fp:x),,,,,,,,,,,,,,,,,,,,,,
Miniaturization of Popular Reactions from the Medicinal Chemists Toolbox for Ultrahigh_Throughput Experimentation,target_Approx Conv (%),GPytorchMAP,TanimotoMatern32,RBF,(count:+)x(fp:+),,,,,,,,,,,,,,,,,,,,,,
Miniaturization of Popular Reactions from the Medicinal Chemists Toolbox for Ultrahigh_Throughput Experimentation,target_Approx Conv (%),GPytorchMAP,TanimotoMatern32,RBF,(count:x)+(fp:x),,,,,,,,,,,,,,,,,,,,,,
Miniaturization of Popular Reactions from the Medicinal Chemists Toolbox for Ultrahigh_Throughput Experimentation,target_Approx Conv (%),GPytorchMAP,TanimotoMatern52,Matern32,sum,,,,,,,,,,,,,,,,,,,,,,
Miniaturization of Popular Reactions from the Medicinal Chemists Toolbox for Ultrahigh_Throughput Experimentation,target_Approx Conv (%),GPytorchMAP,TanimotoMatern52,Matern32,product,,,,,,,,,,,,,,,,,,,,,,
Miniaturization of Popular Reactions from the Medicinal Chemists Toolbox for Ultrahigh_Throughput Experimentation,target_Approx Conv (%),GPytorchMAP,TanimotoMatern52,Matern32,averageProduct,,,,,,,,,,,,,,,,,,,,,,
Miniaturization of Popular Reactions from the Medicinal Chemists Toolbox for Ultrahigh_Throughput Experimentation,target_Approx Conv (%),GPytorchMAP,TanimotoMatern52,Matern32,(count:+)x(fp:x),,,,,,,,,,,,,,,,,,,,,,
Miniaturization of Popular Reactions from the Medicinal Chemists Toolbox for Ultrahigh_Throughput Experimentation,target_Approx Conv (%),GPytorchMAP,TanimotoMatern52,Matern32,(count:+)x(fp:+),,,,,,,,,,,,,,,,,,,,,,
Miniaturization of Popular Reactions from the Medicinal Chemists Toolbox for Ultrahigh_Throughput Experimentation,target_Approx Conv (%),GPytorchMAP,TanimotoMatern52,Matern32,(count:x)+(fp:x),,,,,,,,,,,,,,,,,,,,,,
Miniaturization of Popular Reactions from the Medicinal Chemists Toolbox for Ultrahigh_Throughput Experimentation,target_Approx Conv (%),GPytorchMAP,TanimotoMatern52,Matern52,sum,,,,,,,,,,,,,,,,,,,,,,
Miniaturization of Popular Reactions from the Medicinal Chemists Toolbox for Ultrahigh_Throughput Experimentation,target_Approx Conv (%),GPytorchMAP,TanimotoMatern52,Matern52,product,,,,,,,,,,,,,,,,,,,,,,
Miniaturization of Popular Reactions from the Medicinal Chemists Toolbox for Ultrahigh_Throughput Experimentation,target_Approx Conv (%),GPytorchMAP,TanimotoMatern52,Matern52,averageProduct,,,,,,,,,,,,,,,,,,,,,,
Miniaturization of Popular Reactions from the Medicinal Chemists Toolbox for Ultrahigh_Throughput Experimentation,target_Approx Conv (%),GPytorchMAP,TanimotoMatern52,Matern52,(count:+)x(fp:x),,,,,,,,,,,,,,,,,,,,,,
Miniaturization of Popular Reactions from the Medicinal Chemists Toolbox for Ultrahigh_Throughput Experimentation,target_Approx Conv (%),GPytorchMAP,TanimotoMatern52,Matern52,(count:+)x(fp:+),,,,,,,,,,,,,,,,,,,,,,
Miniaturization of Popular Reactions from the Medicinal Chemists Toolbox for Ultrahigh_Throughput Experimentation,target_Approx Conv (%),GPytorchMAP,TanimotoMatern52,Matern52,(count:x)+(fp:x),,,,,,,,,,,,,,,,,,,,,,
Miniaturization of Popular Reactions from the Medicinal Chemists Toolbox for Ultrahigh_Throughput Experimentation,target_Approx Conv (%),GPytorchMAP,TanimotoMatern52,RBF,sum,,,,,,,,,,,,,,,,,,,,,,
Miniaturization of Popular Reactions from the Medicinal Chemists Toolbox for Ultrahigh_Throughput Experimentation,target_Approx Conv (%),GPytorchMAP,TanimotoMatern52,RBF,product,,,,,,,,,,,,,,,,,,,,,,
Miniaturization of Popular Reactions from the Medicinal Chemists Toolbox for Ultrahigh_Throughput Experimentation,target_Approx Conv (%),GPytorchMAP,TanimotoMatern52,RBF,averageProduct,,,,,,,,,,,,,,,,,,,,,,
Miniaturization of Popular Reactions from the Medicinal Chemists Toolbox for Ultrahigh_Throughput Experimentation,target_Approx Conv (%),GPytorchMAP,TanimotoMatern52,RBF,(count:+)x(fp:x),,,,,,,,,,,,,,,,,,,,,,
Miniaturization of Popular Reactions from the Medicinal Chemists Toolbox for Ultrahigh_Throughput Experimentation,target_Approx Conv (%),GPytorchMAP,TanimotoMatern52,RBF,(count:+)x(fp:+),,,,,,,,,,,,,,,,,,,,,,
Miniaturization of Popular Reactions from the Medicinal Chemists Toolbox for Ultrahigh_Throughput Experimentation,target_Approx Conv (%),GPytorchMAP,TanimotoMatern52,RBF,(count:x)+(fp:x),,,,,,,,,,,,,,,,,,,,,,
Miniaturization of Popular Reactions from the Medicinal Chemists Toolbox for Ultrahigh_Throughput Experimentation,target_Approx Conv (%),GPytorchMAP,TanimotoRBF,Matern32,sum,,,,,,,,,,,,,,,,,,,,,,
Miniaturization of Popular Reactions from the Medicinal Chemists Toolbox for Ultrahigh_Throughput Experimentation,target_Approx Conv (%),GPytorchMAP,TanimotoRBF,Matern32,product,,,,,,,,,,,,,,,,,,,,,,
Miniaturization of Popular Reactions from the Medicinal Chemists Toolbox for Ultrahigh_Throughput Experimentation,target_Approx Conv (%),GPytorchMAP,TanimotoRBF,Matern32,averageProduct,,,,,,,,,,,,,,,,,,,,,,
Miniaturization of Popular Reactions from the Medicinal Chemists Toolbox for Ultrahigh_Throughput Experimentation,target_Approx Conv (%),GPytorchMAP,TanimotoRBF,Matern32,(count:+)x(fp:x),,,,,,,,,,,,,,,,,,,,,,
Miniaturization of Popular Reactions from the Medicinal Chemists Toolbox for Ultrahigh_Throughput Experimentation,target_Approx Conv (%),GPytorchMAP,TanimotoRBF,Matern32,(count:+)x(fp:+),,,,,,,,,,,,,,,,,,,,,,
Miniaturization of Popular Reactions from the Medicinal Chemists Toolbox for Ultrahigh_Throughput Experimentation,target_Approx Conv (%),GPytorchMAP,TanimotoRBF,Matern32,(count:x)+(fp:x),,,,,,,,,,,,,,,,,,,,,,
Miniaturization of Popular Reactions from the Medicinal Chemists Toolbox for Ultrahigh_Throughput Experimentation,target_Approx Conv (%),GPytorchMAP,TanimotoRBF,Matern52,sum,,,,,,,,,,,,,,,,,,,,,,
Miniaturization of Popular Reactions from the Medicinal Chemists Toolbox for Ultrahigh_Throughput Experimentation,target_Approx Conv (%),GPytorchMAP,TanimotoRBF,Matern52,product,,,,,,,,,,,,,,,,,,,,,,
Miniaturization of Popular Reactions from the Medicinal Chemists Toolbox for Ultrahigh_Throughput Experimentation,target_Approx Conv (%),GPytorchMAP,TanimotoRBF,Matern52,averageProduct,,,,,,,,,,,,,,,,,,,,,,
Miniaturization of Popular Reactions from the Medicinal Chemists Toolbox for Ultrahigh_Throughput Experimentation,target_Approx Conv (%),GPytorchMAP,TanimotoRBF,Matern52,(count:+)x(fp:x),,,,,,,,,,,,,,,,,,,,,,
Miniaturization of Popular Reactions from the Medicinal Chemists Toolbox for Ultrahigh_Throughput Experimentation,target_Approx Conv (%),GPytorchMAP,TanimotoRBF,Matern52,(count:+)x(fp:+),,,,,,,,,,,,,,,,,,,,,,
Miniaturization of Popular Reactions from the Medicinal Chemists Toolbox for Ultrahigh_Throughput Experimentation,target_Approx Conv (%),GPytorchMAP,TanimotoRBF,Matern52,(count:x)+(fp:x),,,,,,,,,,,,,,,,,,,,,,
Miniaturization of Popular Reactions from the Medicinal Chemists Toolbox for Ultrahigh_Throughput Experimentation,target_Approx Conv (%),GPytorchMAP,TanimotoRBF,RBF,sum,,,,,,,,,,,,,,,,,,,,,,
Miniaturization of Popular Reactions from the Medicinal Chemists Toolbox for Ultrahigh_Throughput Experimentation,target_Approx Conv (%),GPytorchMAP,TanimotoRBF,RBF,product,,,,,,,,,,,,,,,,,,,,,,
Miniaturization of Popular Reactions from the Medicinal Chemists Toolbox for Ultrahigh_Throughput Experimentation,target_Approx Conv (%),GPytorchMAP,TanimotoRBF,RBF,averageProduct,,,,,,,,,,,,,,,,,,,,,,
Miniaturization of Popular Reactions from the Medicinal Chemists Toolbox for Ultrahigh_Throughput Experimentation,target_Approx Conv (%),GPytorchMAP,TanimotoRBF,RBF,(count:+)x(fp:x),,,,,,,,,,,,,,,,,,,,,,
Miniaturization of Popular Reactions from the Medicinal Chemists Toolbox for Ultrahigh_Throughput Experimentation,target_Approx Conv (%),GPytorchMAP,TanimotoRBF,RBF,(count:+)x(fp:+),,,,,,,,,,,,,,,,,,,,,,
Miniaturization of Popular Reactions from the Medicinal Chemists Toolbox for Ultrahigh_Throughput Experimentation,target_Approx Conv (%),GPytorchMAP,TanimotoRBF,RBF,(count:x)+(fp:x),,,,,,,,,,,,,,,,,,,,,,
Miniaturization of Popular Reactions from the Medicinal Chemists Toolbox for Ultrahigh_Throughput Experimentation,target_Approx Conv (%),GPytorchMAP,Tanimoto,Matern32,sum,,,,,,,,,,,,,,,,,,,,,,
Miniaturization of Popular Reactions from the Medicinal Chemists Toolbox for Ultrahigh_Throughput Experimentation,target_Approx Conv (%),GPytorchMAP,Tanimoto,Matern32,product,,,,,,,,,,,,,,,,,,,,,,
Miniaturization of Popular Reactions from the Medicinal Chemists Toolbox for Ultrahigh_Throughput Experimentation,target_Approx Conv (%),GPytorchMAP,Tanimoto,Matern32,averageProduct,,,,,,,,,,,,,,,,,,,,,,
Miniaturization of Popular Reactions from the Medicinal Chemists Toolbox for Ultrahigh_Throughput Experimentation,target_Approx Conv (%),GPytorchMAP,Tanimoto,Matern32,(count:+)x(fp:x),,,,,,,,,,,,,,,,,,,,,,
Miniaturization of Popular Reactions from the Medicinal Chemists Toolbox for Ultrahigh_Throughput Experimentation,target_Approx Conv (%),GPytorchMAP,Tanimoto,Matern32,(count:+)x(fp:+),,,,,,,,,,,,,,,,,,,,,,
Miniaturization of Popular Reactions from the Medicinal Chemists Toolbox for Ultrahigh_Throughput Experimentation,target_Approx Conv (%),GPytorchMAP,Tanimoto,Matern32,(count:x)+(fp:x),,,,,,,,,,,,,,,,,,,,,,
Miniaturization of Popular Reactions from the Medicinal Chemists Toolbox for Ultrahigh_Throughput Experimentation,target_Approx Conv (%),GPytorchMAP,Tanimoto,Matern52,sum,,,,,,,,,,,,,,,,,,,,,,
Miniaturization of Popular Reactions from the Medicinal Chemists Toolbox for Ultrahigh_Throughput Experimentation,target_Approx Conv (%),GPytorchMAP,Tanimoto,Matern52,product,,,,,,,,,,,,,,,,,,,,,,
Miniaturization of Popular Reactions from the Medicinal Chemists Toolbox for Ultrahigh_Throughput Experimentation,target_Approx Conv (%),GPytorchMAP,Tanimoto,Matern52,averageProduct,,,,,,,,,,,,,,,,,,,,,,
Miniaturization of Popular Reactions from the Medicinal Chemists Toolbox for Ultrahigh_Throughput Experimentation,target_Approx Conv (%),GPytorchMAP,Tanimoto,Matern52,(count:+)x(fp:x),,,,,,,,,,,,,,,,,,,,,,
Miniaturization of Popular Reactions from the Medicinal Chemists Toolbox for Ultrahigh_Throughput Experimentation,target_Approx Conv (%),GPytorchMAP,Tanimoto,Matern52,(count:+)x(fp:+),,,,,,,,,,,,,,,,,,,,,,
Miniaturization of Popular Reactions from the Medicinal Chemists Toolbox for Ultrahigh_Throughput Experimentation,target_Approx Conv (%),GPytorchMAP,Tanimoto,Matern52,(count:x)+(fp:x),,,,,,,,,,,,,,,,,,,,,,
Miniaturization of Popular Reactions from the Medicinal Chemists Toolbox for Ultrahigh_Throughput Experimentation,target_Approx Conv (%),GPytorchMAP,Tanimoto,RBF,sum,,,,,,,,,,,,,,,,,,,,,,
Miniaturization of Popular Reactions from the Medicinal Chemists Toolbox for Ultrahigh_Throughput Experimentation,target_Approx Conv (%),GPytorchMAP,Tanimoto,RBF,product,,,,,,,,,,,,,,,,,,,,,,
Miniaturization of Popular Reactions from the Medicinal Chemists Toolbox for Ultrahigh_Throughput Experimentation,target_Approx Conv (%),GPytorchMAP,Tanimoto,RBF,averageProduct,,,,,,,,,,,,,,,,,,,,,,
Miniaturization of Popular Reactions from the Medicinal Chemists Toolbox for Ultrahigh_Throughput Experimentation,target_Approx Conv (%),GPytorchMAP,Tanimoto,RBF,(count:+)x(fp:x),,,,,,,,,,,,,,,,,,,,,,
Miniaturization of Popular Reactions from the Medicinal Chemists Toolbox for Ultrahigh_Throughput Experimentation,target_Approx Conv (%),GPytorchMAP,Tanimoto,RBF,(count:+)x(fp:+),,,,,,,,,,,,,,,,,,,,,,
Miniaturization of Popular Reactions from the Medicinal Chemists Toolbox for Ultrahigh_Throughput Experimentation,target_Approx Conv (%),GPytorchMAP,Tanimoto,RBF,(count:x)+(fp:x),,,,,,,,,,,,,,,,,,,,,,
Miniaturization of Popular Reactions from the Medicinal Chemists Toolbox for Ultrahigh_Throughput Experimentation,target_Approx Conv (%),GPytorchMAP,Matern32,Matern32,sum,,,,,,,,,,,,,,,,,,,,,,
Miniaturization of Popular Reactions from the Medicinal Chemists Toolbox for Ultrahigh_Throughput Experimentation,target_Approx Conv (%),GPytorchMAP,Matern32,Matern32,product,,,,,,,,,,,,,,,,,,,,,,
Miniaturization of Popular Reactions from the Medicinal Chemists Toolbox for Ultrahigh_Throughput Experimentation,target_Approx Conv (%),GPytorchMAP,Matern32,Matern32,averageProduct,,,,,,,,,,,,,,,,,,,,,,
Miniaturization of Popular Reactions from the Medicinal Chemists Toolbox for Ultrahigh_Throughput Experimentation,target_Approx Conv (%),GPytorchMAP,Matern32,Matern32,(count:+)x(fp:x),,,,,,,,,,,,,,,,,,,,,,
Miniaturization of Popular Reactions from the Medicinal Chemists Toolbox for Ultrahigh_Throughput Experimentation,target_Approx Conv (%),GPytorchMAP,Matern32,Matern32,(count:+)x(fp:+),,,,,,,,,,,,,,,,,,,,,,
Miniaturization of Popular Reactions from the Medicinal Chemists Toolbox for Ultrahigh_Throughput Experimentation,target_Approx Conv (%),GPytorchMAP,Matern32,Matern32,(count:x)+(fp:x),,,,,,,,,,,,,,,,,,,,,,
Miniaturization of Popular Reactions from the Medicinal Chemists Toolbox for Ultrahigh_Throughput Experimentation,target_Approx Conv (%),GPytorchMAP,Matern32,Matern52,sum,,,,,,,,,,,,,,,,,,,,,,
Miniaturization of Popular Reactions from the Medicinal Chemists Toolbox for Ultrahigh_Throughput Experimentation,target_Approx Conv (%),GPytorchMAP,Matern32,Matern52,product,,,,,,,,,,,,,,,,,,,,,,
Miniaturization of Popular Reactions from the Medicinal Chemists Toolbox for Ultrahigh_Throughput Experimentation,target_Approx Conv (%),GPytorchMAP,Matern32,Matern52,averageProduct,,,,,,,,,,,,,,,,,,,,,,
Miniaturization of Popular Reactions from the Medicinal Chemists Toolbox for Ultrahigh_Throughput Experimentation,target_Approx Conv (%),GPytorchMAP,Matern32,Matern52,(count:+)x(fp:x),,,,,,,,,,,,,,,,,,,,,,
Miniaturization of Popular Reactions from the Medicinal Chemists Toolbox for Ultrahigh_Throughput Experimentation,target_Approx Conv (%),GPytorchMAP,Matern32,Matern52,(count:+)x(fp:+),,,,,,,,,,,,,,,,,,,,,,
Miniaturization of Popular Reactions from the Medicinal Chemists Toolbox for Ultrahigh_Throughput Experimentation,target_Approx Conv (%),GPytorchMAP,Matern32,Matern52,(count:x)+(fp:x),,,,,,,,,,,,,,,,,,,,,,
Miniaturization of Popular Reactions from the Medicinal Chemists Toolbox for Ultrahigh_Throughput Experimentation,target_Approx Conv (%),GPytorchMAP,Matern32,RBF,sum,,,,,,,,,,,,,,,,,,,,,,
Miniaturization of Popular Reactions from the Medicinal Chemists Toolbox for Ultrahigh_Throughput Experimentation,target_Approx Conv (%),GPytorchMAP,Matern32,RBF,product,,,,,,,,,,,,,,,,,,,,,,
Miniaturization of Popular Reactions from the Medicinal Chemists Toolbox for Ultrahigh_Throughput Experimentation,target_Approx Conv (%),GPytorchMAP,Matern32,RBF,averageProduct,,,,,,,,,,,,,,,,,,,,,,
Miniaturization of Popular Reactions from the Medicinal Chemists Toolbox for Ultrahigh_Throughput Experimentation,target_Approx Conv (%),GPytorchMAP,Matern32,RBF,(count:+)x(fp:x),,,,,,,,,,,,,,,,,,,,,,
Miniaturization of Popular Reactions from the Medicinal Chemists Toolbox for Ultrahigh_Throughput Experimentation,target_Approx Conv (%),GPytorchMAP,Matern32,RBF,(count:+)x(fp:+),,,,,,,,,,,,,,,,,,,,,,
Miniaturization of Popular Reactions from the Medicinal Chemists Toolbox for Ultrahigh_Throughput Experimentation,target_Approx Conv (%),GPytorchMAP,Matern32,RBF,(count:x)+(fp:x),,,,,,,,,,,,,,,,,,,,,,
Miniaturization of Popular Reactions from the Medicinal Chemists Toolbox for Ultrahigh_Throughput Experimentation,target_Approx Conv (%),GPytorchMAP,Matern52,Matern32,sum,,,,,,,,,,,,,,,,,,,,,,
Miniaturization of Popular Reactions from the Medicinal Chemists Toolbox for Ultrahigh_Throughput Experimentation,target_Approx Conv (%),GPytorchMAP,Matern52,Matern32,product,,,,,,,,,,,,,,,,,,,,,,
Miniaturization of Popular Reactions from the Medicinal Chemists Toolbox for Ultrahigh_Throughput Experimentation,target_Approx Conv (%),GPytorchMAP,Matern52,Matern32,averageProduct,,,,,,,,,,,,,,,,,,,,,,
Miniaturization of Popular Reactions from the Medicinal Chemists Toolbox for Ultrahigh_Throughput Experimentation,target_Approx Conv (%),GPytorchMAP,Matern52,Matern32,(count:+)x(fp:x),,,,,,,,,,,,,,,,,,,,,,
Miniaturization of Popular Reactions from the Medicinal Chemists Toolbox for Ultrahigh_Throughput Experimentation,target_Approx Conv (%),GPytorchMAP,Matern52,Matern32,(count:+)x(fp:+),,,,,,,,,,,,,,,,,,,,,,
Miniaturization of Popular Reactions from the Medicinal Chemists Toolbox for Ultrahigh_Throughput Experimentation,target_Approx Conv (%),GPytorchMAP,Matern52,Matern32,(count:x)+(fp:x),,,,,,,,,,,,,,,,,,,,,,
Miniaturization of Popular Reactions from the Medicinal Chemists Toolbox for Ultrahigh_Throughput Experimentation,target_Approx Conv (%),GPytorchMAP,Matern52,Matern52,sum,,,,,,,,,,,,,,,,,,,,,,
Miniaturization of Popular Reactions from the Medicinal Chemists Toolbox for Ultrahigh_Throughput Experimentation,target_Approx Conv (%),GPytorchMAP,Matern52,Matern52,product,,,,,,,,,,,,,,,,,,,,,,
Miniaturization of Popular Reactions from the Medicinal Chemists Toolbox for Ultrahigh_Throughput Experimentation,target_Approx Conv (%),GPytorchMAP,Matern52,Matern52,averageProduct,,,,,,,,,,,,,,,,,,,,,,
Miniaturization of Popular Reactions from the Medicinal Chemists Toolbox for Ultrahigh_Throughput Experimentation,target_Approx Conv (%),GPytorchMAP,Matern52,Matern52,(count:+)x(fp:x),,,,,,,,,,,,,,,,,,,,,,
Miniaturization of Popular Reactions from the Medicinal Chemists Toolbox for Ultrahigh_Throughput Experimentation,target_Approx Conv (%),GPytorchMAP,Matern52,Matern52,(count:+)x(fp:+),,,,,,,,,,,,,,,,,,,,,,
Miniaturization of Popular Reactions from the Medicinal Chemists Toolbox for Ultrahigh_Throughput Experimentation,target_Approx Conv (%),GPytorchMAP,Matern52,Matern52,(count:x)+(fp:x),,,,,,,,,,,,,,,,,,,,,,
Miniaturization of Popular Reactions from the Medicinal Chemists Toolbox for Ultrahigh_Throughput Experimentation,target_Approx Conv (%),GPytorchMAP,Matern52,RBF,sum,,,,,,,,,,,,,,,,,,,,,,
Miniaturization of Popular Reactions from the Medicinal Chemists Toolbox for Ultrahigh_Throughput Experimentation,target_Approx Conv (%),GPytorchMAP,Matern52,RBF,product,,,,,,,,,,,,,,,,,,,,,,
Miniaturization of Popular Reactions from the Medicinal Chemists Toolbox for Ultrahigh_Throughput Experimentation,target_Approx Conv (%),GPytorchMAP,Matern52,RBF,averageProduct,,,,,,,,,,,,,,,,,,,,,,
Miniaturization of Popular Reactions from the Medicinal Chemists Toolbox for Ultrahigh_Throughput Experimentation,target_Approx Conv (%),GPytorchMAP,Matern52,RBF,(count:+)x(fp:x),,,,,,,,,,,,,,,,,,,,,,
Miniaturization of Popular Reactions from the Medicinal Chemists Toolbox for Ultrahigh_Throughput Experimentation,target_Approx Conv (%),GPytorchMAP,Matern52,RBF,(count:+)x(fp:+),,,,,,,,,,,,,,,,,,,,,,
Miniaturization of Popular Reactions from the Medicinal Chemists Toolbox for Ultrahigh_Throughput Experimentation,target_Approx Conv (%),GPytorchMAP,Matern52,RBF,(count:x)+(fp:x),,,,,,,,,,,,,,,,,,,,,,
Miniaturization of Popular Reactions from the Medicinal Chemists Toolbox for Ultrahigh_Throughput Experimentation,target_Approx Conv (%),GPytorchMAP,RBF,Matern32,sum,,,,,,,,,,,,,,,,,,,,,,
Miniaturization of Popular Reactions from the Medicinal Chemists Toolbox for Ultrahigh_Throughput Experimentation,target_Approx Conv (%),GPytorchMAP,RBF,Matern32,product,,,,,,,,,,,,,,,,,,,,,,
Miniaturization of Popular Reactions from the Medicinal Chemists Toolbox for Ultrahigh_Throughput Experimentation,target_Approx Conv (%),GPytorchMAP,RBF,Matern32,averageProduct,,,,,,,,,,,,,,,,,,,,,,
Miniaturization of Popular Reactions from the Medicinal Chemists Toolbox for Ultrahigh_Throughput Experimentation,target_Approx Conv (%),GPytorchMAP,RBF,Matern32,(count:+)x(fp:x),,,,,,,,,,,,,,,,,,,,,,
Miniaturization of Popular Reactions from the Medicinal Chemists Toolbox for Ultrahigh_Throughput Experimentation,target_Approx Conv (%),GPytorchMAP,RBF,Matern32,(count:+)x(fp:+),,,,,,,,,,,,,,,,,,,,,,
Miniaturization of Popular Reactions from the Medicinal Chemists Toolbox for Ultrahigh_Throughput Experimentation,target_Approx Conv (%),GPytorchMAP,RBF,Matern32,(count:x)+(fp:x),,,,,,,,,,,,,,,,,,,,,,
Miniaturization of Popular Reactions from the Medicinal Chemists Toolbox for Ultrahigh_Throughput Experimentation,target_Approx Conv (%),GPytorchMAP,RBF,Matern52,sum,,,,,,,,,,,,,,,,,,,,,,
Miniaturization of Popular Reactions from the Medicinal Chemists Toolbox for Ultrahigh_Throughput Experimentation,target_Approx Conv (%),GPytorchMAP,RBF,Matern52,product,,,,,,,,,,,,,,,,,,,,,,
Miniaturization of Popular Reactions from the Medicinal Chemists Toolbox for Ultrahigh_Throughput Experimentation,target_Approx Conv (%),GPytorchMAP,RBF,Matern52,averageProduct,,,,,,,,,,,,,,,,,,,,,,
Miniaturization of Popular Reactions from the Medicinal Chemists Toolbox for Ultrahigh_Throughput Experimentation,target_Approx Conv (%),GPytorchMAP,RBF,Matern52,(count:+)x(fp:x),,,,,,,,,,,,,,,,,,,,,,
Miniaturization of Popular Reactions from the Medicinal Chemists Toolbox for Ultrahigh_Throughput Experimentation,target_Approx Conv (%),GPytorchMAP,RBF,Matern52,(count:+)x(fp:+),,,,,,,,,,,,,,,,,,,,,,
Miniaturization of Popular Reactions from the Medicinal Chemists Toolbox for Ultrahigh_Throughput Experimentation,target_Approx Conv (%),GPytorchMAP,RBF,Matern52,(count:x)+(fp:x),,,,,,,,,,,,,,,,,,,,,,
Miniaturization of Popular Reactions from the Medicinal Chemists Toolbox for Ultrahigh_Throughput Experimentation,target_Approx Conv (%),GPytorchMAP,RBF,RBF,sum,,,,,,,,,,,,,,,,,,,,,,
Miniaturization of Popular Reactions from the Medicinal Chemists Toolbox for Ultrahigh_Throughput Experimentation,target_Approx Conv (%),GPytorchMAP,RBF,RBF,product,,,,,,,,,,,,,,,,,,,,,,
Miniaturization of Popular Reactions from the Medicinal Chemists Toolbox for Ultrahigh_Throughput Experimentation,target_Approx Conv (%),GPytorchMAP,RBF,RBF,averageProduct,,,,,,,,,,,,,,,,,,,,,,
Miniaturization of Popular Reactions from the Medicinal Chemists Toolbox for Ultrahigh_Throughput Experimentation,target_Approx Conv (%),GPytorchMAP,RBF,RBF,(count:+)x(fp:x),,,,,,,,,,,,,,,,,,,,,,
Miniaturization of Popular Reactions from the Medicinal Chemists Toolbox for Ultrahigh_Throughput Experimentation,target_Approx Conv (%),GPytorchMAP,RBF,RBF,(count:+)x(fp:+),,,,,,,,,,,,,,,,,,,,,,
Miniaturization of Popular Reactions from the Medicinal Chemists Toolbox for Ultrahigh_Throughput Experimentation,target_Approx Conv (%),GPytorchMAP,RBF,RBF,(count:x)+(fp:x),,,,,,,,,,,,,,,,,,,,,,
Miniaturization of Popular Reactions from the Medicinal Chemists Toolbox for Ultrahigh_Throughput Experimentation,target_Approx Conv (%),MGK,Graph,Matern32,sum,,,,,,,,,,,,,,,,,,,,,,
Miniaturization of Popular Reactions from the Medicinal Chemists Toolbox for Ultrahigh_Throughput Experimentation,target_Approx Conv (%),MGK,Graph,Matern32,product,,,,,,,,,,,,,,,,,,,,,,
Miniaturization of Popular Reactions from the Medicinal Chemists Toolbox for Ultrahigh_Throughput Experimentation,target_Approx Conv (%),MGK,Graph,Matern32,averageProduct,,,,,,,,,,,,,,,,,,,,,,
Miniaturization of Popular Reactions from the Medicinal Chemists Toolbox for Ultrahigh_Throughput Experimentation,target_Approx Conv (%),MGK,Graph,Matern32,(count:+)x(graph:x),,,,,,,,,,,,,,,,,,,,,,
Miniaturization of Popular Reactions from the Medicinal Chemists Toolbox for Ultrahigh_Throughput Experimentation,target_Approx Conv (%),MGK,Graph,Matern32,(count:+)x(graph:+),,,,,,,,,,,,,,,,,,,,,,
Miniaturization of Popular Reactions from the Medicinal Chemists Toolbox for Ultrahigh_Throughput Experimentation,target_Approx Conv (%),MGK,Graph,Matern32,(count:x)+(graph:x),,,,,,,,,,,,,,,,,,,,,,
Miniaturization of Popular Reactions from the Medicinal Chemists Toolbox for Ultrahigh_Throughput Experimentation,target_Approx Conv (%),MGK,Graph,Matern52,sum,,,,,,,,,,,,,,,,,,,,,,
Miniaturization of Popular Reactions from the Medicinal Chemists Toolbox for Ultrahigh_Throughput Experimentation,target_Approx Conv (%),MGK,Graph,Matern52,product,,,,,,,,,,,,,,,,,,,,,,
Miniaturization of Popular Reactions from the Medicinal Chemists Toolbox for Ultrahigh_Throughput Experimentation,target_Approx Conv (%),MGK,Graph,Matern52,averageProduct,,,,,,,,,,,,,,,,,,,,,,
Miniaturization of Popular Reactions from the Medicinal Chemists Toolbox for Ultrahigh_Throughput Experimentation,target_Approx Conv (%),MGK,Graph,Matern52,(count:+)x(graph:x),,,,,,,,,,,,,,,,,,,,,,
Miniaturization of Popular Reactions from the Medicinal Chemists Toolbox for Ultrahigh_Throughput Experimentation,target_Approx Conv (%),MGK,Graph,Matern52,(count:+)x(graph:+),,,,,,,,,,,,,,,,,,,,,,
Miniaturization of Popular Reactions from the Medicinal Chemists Toolbox for Ultrahigh_Throughput Experimentation,target_Approx Conv (%),MGK,Graph,Matern52,(count:x)+(graph:x),,,,,,,,,,,,,,,,,,,,,,
Miniaturization of Popular Reactions from the Medicinal Chemists Toolbox for Ultrahigh_Throughput Experimentation,target_Approx Conv (%),MGK,Graph,RBF,sum,,,,,,,,,,,,,,,,,,,,,,
Miniaturization of Popular Reactions from the Medicinal Chemists Toolbox for Ultrahigh_Throughput Experimentation,target_Approx Conv (%),MGK,Graph,RBF,product,,,,,,,,,,,,,,,,,,,,,,
Miniaturization of Popular Reactions from the Medicinal Chemists Toolbox for Ultrahigh_Throughput Experimentation,target_Approx Conv (%),MGK,Graph,RBF,averageProduct,,,,,,,,,,,,,,,,,,,,,,
Miniaturization of Popular Reactions from the Medicinal Chemists Toolbox for Ultrahigh_Throughput Experimentation,target_Approx Conv (%),MGK,Graph,RBF,(count:+)x(graph:x),,,,,,,,,,,,,,,,,,,,,,
Miniaturization of Popular Reactions from the Medicinal Chemists Toolbox for Ultrahigh_Throughput Experimentation,target_Approx Conv (%),MGK,Graph,RBF,(count:+)x(graph:+),,,,,,,,,,,,,,,,,,,,,,
Miniaturization of Popular Reactions from the Medicinal Chemists Toolbox for Ultrahigh_Throughput Experimentation,target_Approx Conv (%),MGK,Graph,RBF,(count:x)+(graph:x),,,,,,,,,,,,,,,,,,,,,,
