Running seed: 6
No hyperparameter optimization
|        logP|       dlogP|     y^T.K.y|     log|K| |     Cond(K)|  GPU time|  CPU time|
|------------|------------|------------|------------|------------|----------|----------|
|      2844.6|      585.66|      4538.8|     -1694.2|      1289.4|        58|       2.7|
|      1548.5|      1479.4|      4761.9|     -3213.4|      2476.9|        48|       2.5|
|      2807.8|      585.37|      4518.2|     -1710.5|      1305.9|        51|       2.8|
|      1236.1|      714.97|      3661.7|     -2425.6|        1671|        49|       2.5|
|      1021.7|      871.12|      3974.1|     -2952.4|      2074.8|        49|       2.5|
|      1115.6|      664.25|      3616.3|     -2500.7|      1678.7|        49|       2.5|
|      933.19|      757.44|      3732.4|     -2799.2|      1908.9|        49|       2.5|
|      949.01|      680.24|      3625.2|     -2676.2|      1765.3|        49|       2.6|
|      929.56|      737.31|        3695|     -2765.5|      1873.2|        49|       2.5|
|      2468.6|      599.98|      4280.7|     -1812.1|      1417.5|        50|       2.5|
|      1090.9|      661.85|      3580.5|     -2489.5|      1678.2|        49|       2.5|
|      939.58|      675.74|      3612.3|     -2672.7|      1768.3|        49|       2.6|
|      928.01|      721.18|      3669.1|     -2741.1|      1847.5|        49|       2.5|
|      892.54|      627.04|      3509.7|     -2617.1|      1745.5|        49|       2.6|
|      780.71|      574.73|        3357|     -2576.3|      1771.9|        49|       2.6|
|      630.05|      551.74|      3164.8|     -2534.8|      1975.3|        49|       2.5|
|       569.8|      496.79|      3165.4|     -2595.7|      2108.3|        49|       2.5|
|      561.52|      482.37|      3184.4|     -2622.9|      2117.7|        49|       2.6|
|      552.64|      472.94|      3189.1|     -2636.5|      2117.5|        49|       2.6|
|      544.81|      466.29|      3178.9|     -2634.1|      2112.6|        49|       2.6|
|      512.87|      438.44|      3136.8|       -2624|      2100.9|        49|       2.6|
|      465.01|      393.69|      3076.3|     -2611.2|      2091.3|        49|       2.6|
|      388.07|      313.37|      2980.3|     -2592.2|      2084.2|        49|       2.6|
|      387.36|      313.09|      2985.3|       -2598|      2093.5|        49|       2.6|
|      387.18|      313.43|      2988.5|     -2601.3|      2099.3|        49|       2.6|
|      387.12|      313.42|      2988.4|     -2601.3|      2098.9|        49|       2.6|
|      386.77|      313.33|      2989.3|     -2602.5|      2097.3|        49|       2.6|
|      385.92|      313.14|        2994|     -2608.1|        2095|        49|       2.6|
|      385.04|      313.16|      3004.8|     -2619.8|      2093.4|        50|       2.6|
|      385.02|      313.95|      3022.5|     -2637.4|      2093.9|        50|       2.6|
|      385.99|      315.42|      3034.3|     -2648.3|        2095|        51|       2.5|
|      385.04|      313.98|      3022.8|     -2637.8|        2094|        50|       2.6|
|      385.02|      313.95|      3022.5|     -2637.5|      2093.9|        50|       2.6|
|      385.02|      313.95|      3022.5|     -2637.4|      2093.9|        50|       2.6|
|      385.02|      313.95|      3022.5|     -2637.4|        2094|        50|       2.6|
|      385.02|      313.95|      3022.5|     -2637.4|      2093.9|        50|       2.6|
|      385.02|      313.95|      3022.5|     -2637.4|      2093.9|        50|       2.6|
|      385.02|      313.95|      3022.5|     -2637.4|        2094|        50|       2.6|
Optimization result:
  message: CONVERGENCE: RELATIVE REDUCTION OF F <= FACTR*EPSMCH
  success: True
   status: 0
      fun: 385.0208568359667
        x: [-4.603e+00 -3.053e-02 ...  1.493e-01  1.369e-01]
      nit: 19
      jac: [-1.152e-01 -4.845e+00 ... -6.835e-01  1.024e+00]
     nfev: 38
     njev: 38
 hess_inv: <26x26 LbfgsInvHessProduct with dtype=float64>
|        logP|       dlogP|     y^T.K.y|     log|K| |     Cond(K)|  GPU time|  CPU time|
|------------|------------|------------|------------|------------|----------|----------|
|      3598.4|      643.75|      5240.4|       -1642|      1013.8|        57|       2.6|
|      1837.3|      1538.6|      4946.6|     -3109.4|      2332.4|        48|         1|
|      3552.4|      645.25|      5208.2|     -1655.8|      1022.2|        52|       2.7|
|      1797.3|      833.18|      4125.8|     -2328.5|      1315.8|        50|       1.8|
|      1350.2|      922.44|      4199.7|     -2849.5|      1902.9|        48|       1.1|
|      1642.1|      808.15|      4047.3|     -2405.2|      1415.2|        50|       1.7|
|      1314.9|       807.8|      4017.2|     -2702.4|      1732.6|        49|       1.3|
|        1364|       793.2|      3973.3|     -2609.3|      1647.1|        49|       1.4|
|      1314.9|       807.8|      4017.2|     -2702.4|      1732.6|        49|       1.3|
|      3038.8|       707.8|      4772.4|     -1733.5|      1061.7|        50|       2.4|
|      1524.1|      790.05|      3950.8|     -2426.8|      1465.4|        49|       1.5|
|      1339.6|      787.73|      3955.4|     -2615.8|      1658.5|        49|       1.4|
|      1317.4|      801.14|      3998.3|     -2680.8|      1714.3|        49|       1.3|
|      1315.2|       806.2|      4012.9|     -2697.7|      1728.5|        49|       1.3|
|      1314.9|      807.46|      4016.3|     -2701.4|      1731.7|        49|       1.3|
|      1314.9|      807.73|        4017|     -2702.2|      1732.4|        49|       1.3|
|      1314.9|      807.79|      4017.2|     -2702.3|      1732.6|        49|       1.3|
|      1314.9|       807.8|      4017.2|     -2702.4|      1732.6|        49|       1.2|
|      1314.9|       807.8|      4017.2|     -2702.4|      1732.6|        49|       1.3|
|      1314.9|       807.8|      4017.2|     -2702.4|      1732.6|        49|       1.2|
|      1314.9|       807.8|      4017.2|     -2702.4|      1732.6|        49|       1.2|
|      1314.9|       807.8|      4017.2|     -2702.4|      1732.6|        49|       1.2|
|      1314.9|       807.8|      4017.2|     -2702.4|      1732.6|        49|       1.2|
Optimization result:
  message: CONVERGENCE: RELATIVE REDUCTION OF F <= FACTR*EPSMCH
  success: True
   status: 0
      fun: 1314.853254635862
        x: [-4.605e+00 -2.877e-01 ...  1.173e-01  1.048e+00]
      nit: 2
      jac: [ 7.242e-02 -3.629e+00 ... -4.908e-01  6.946e+01]
     nfev: 23
     njev: 23
 hess_inv: <26x26 LbfgsInvHessProduct with dtype=float64>
|        logP|       dlogP|     y^T.K.y|     log|K| |     Cond(K)|  GPU time|  CPU time|
|------------|------------|------------|------------|------------|----------|----------|
|      3581.1|      531.85|      5264.6|     -1683.5|      1016.4|        57|       2.7|
|      1915.6|      1625.3|      4986.9|     -3071.3|      2344.9|        44|      0.94|
|      3544.4|      542.88|      5239.9|     -1695.5|      1023.5|        52|       2.7|
|      1666.5|      833.82|      3991.9|     -2325.4|      1280.2|        47|       1.6|
|      1354.8|      878.98|        4181|     -2826.2|      1932.4|        45|         1|
|      1549.5|      772.35|      3936.6|     -2387.1|        1310|        47|       1.5|
|        1291|      731.15|      3971.7|     -2680.7|      1757.8|        46|       1.1|
|      1318.3|      710.86|      3911.5|     -2593.1|      1649.7|        46|       1.2|
|        1291|      731.15|      3971.7|     -2680.7|      1757.8|        46|       1.1|
|      3111.9|      719.89|      4879.2|     -1767.4|      1103.1|        50|       2.5|
|      1448.6|       725.4|      3861.9|     -2413.4|      1397.9|        47|       1.4|
|      1302.6|      704.74|      3899.4|     -2596.7|      1662.4|        46|       1.2|
|      1290.6|      722.35|      3950.1|     -2659.6|        1735|        46|       1.1|
|      1245.7|      651.64|      3773.3|     -2527.6|      1623.2|        46|       1.2|
|      1101.1|      555.25|      3562.9|     -2461.8|      1645.5|        46|       1.1|
|         964|      505.93|      3358.3|     -2394.3|      1801.6|        46|         1|
|      945.85|      475.57|      3378.3|     -2432.4|      1843.7|        46|         1|
|      925.56|      447.18|      3432.1|     -2506.5|      1913.8|        46|         1|
|      924.97|      445.65|      3410.6|     -2485.6|      1889.5|        46|         1|
|      919.84|      440.21|      3399.9|     -2480.1|      1881.6|        46|         1|
|      901.52|      420.78|      3375.9|     -2474.4|      1876.1|        46|         1|
|      839.86|      354.79|        3298|     -2458.2|        1868|        47|         1|
|      773.91|      284.95|      3210.7|     -2436.8|      1865.2|        47|         1|
|      770.37|      285.32|        3212|     -2441.7|        1876|        49|         1|
|      766.93|      285.82|      3215.8|     -2448.9|      1886.7|        50|         1|
|      763.83|      286.81|      3218.1|     -2454.3|      1893.1|        51|         1|
|      760.35|      289.17|        3221|     -2460.6|      1900.2|        53|         1|
|      760.35|      289.13|      3222.2|     -2461.9|        1901|        53|         1|
Optimization result:
  message: CONVERGENCE: RELATIVE REDUCTION OF F <= FACTR*EPSMCH
  success: True
   status: 0
      fun: 760.3504226583614
        x: [-4.596e+00 -1.274e-01 ...  1.820e-01 -2.034e+00]
      nit: 15
      jac: [-7.071e-02 -5.398e+00 ... -7.360e-01  4.945e+00]
     nfev: 28
     njev: 28
 hess_inv: <26x26 LbfgsInvHessProduct with dtype=float64>
|        logP|       dlogP|     y^T.K.y|     log|K| |     Cond(K)|  GPU time|  CPU time|
|------------|------------|------------|------------|------------|----------|----------|
|      3460.1|      558.89|      5090.5|     -1630.3|      1303.5|        57|       2.7|
|        2346|      1672.8|      5588.6|     -3242.6|      2440.8|        46|         1|
|      3425.7|      565.69|      5068.5|     -1642.8|      1314.1|        51|       2.7|
|      1893.6|      684.72|      4269.8|     -2376.2|      1578.4|        48|       1.9|
|        1665|      898.26|      4620.7|     -2955.7|        1905|        46|       1.1|
|      1828.4|      675.11|      4249.6|     -2421.2|      1581.8|        48|       1.8|
|      1563.6|      683.42|        4341|     -2777.4|      1595.9|        47|       1.3|
|      1581.7|      657.16|      4268.3|     -2686.6|      1593.8|        47|       1.5|
|      1563.6|      683.43|        4341|     -2777.4|      1595.9|        47|       1.3|
|        3055|      638.01|      4769.9|     -1714.9|      1384.4|        50|       2.5|
|        1739|      663.68|      4185.8|     -2446.8|      1584.1|        48|       1.7|
|      1574.5|      652.04|      4246.8|     -2672.4|      1593.5|        47|       1.5|
|      1561.7|      670.58|      4311.7|       -2750|      1595.4|        47|       1.4|
|      1547.5|      636.58|      4165.2|     -2617.7|      1591.8|        47|       1.5|
|      1473.9|      615.45|        4017|     -2543.1|      1588.5|        48|       1.5|
|      1306.8|      610.64|      3692.5|     -2385.6|      1617.7|        48|       1.4|
|      1289.9|      598.11|      3699.4|     -2409.5|      1651.8|        48|       1.4|
|      1279.5|      589.67|      3704.5|       -2425|      1673.6|        48|       1.4|
|      1215.7|      521.07|      3894.3|     -2678.6|      1944.5|        48|       1.3|
|      1233.7|         541|      3749.8|     -2516.1|      1785.5|        48|       1.4|
|      1208.1|       515.1|      3771.5|     -2563.3|      1841.2|        48|       1.4|
|      1202.5|      512.27|      3752.2|     -2549.7|        1829|        48|       1.4|
|      1155.6|      479.82|      3668.4|     -2512.8|        1806|        48|       1.4|
|      1071.9|      408.92|      3553.2|     -2481.3|      1802.2|        48|       1.4|
|      987.66|       319.9|      3449.9|     -2462.2|      1810.6|        48|       1.3|
|       986.3|      318.02|      3451.5|     -2465.2|      1816.5|        48|       1.3|
|       984.6|      316.89|      3448.7|     -2464.1|        1820|        48|       1.4|
|      981.09|      315.49|      3439.4|     -2458.3|      1824.8|        49|       1.3|
|      973.31|      313.94|      3414.6|     -2441.3|      1833.2|        49|       1.3|
|      960.09|      316.97|      3366.7|     -2406.6|        1826|        51|       1.3|
|      956.41|      319.01|      3353.8|     -2397.4|      1814.3|        52|       1.3|
|      953.04|      320.48|      3339.3|     -2386.3|      1788.7|        52|       1.3|
|      946.88|      322.82|      3313.7|     -2366.8|      1790.6|        53|       1.2|
|      907.37|      342.75|        3247|     -2339.6|      1802.6|        57|      0.97|
|      941.88|       326.3|      3303.6|     -2361.7|      1794.3|        54|       1.2|
|      914.07|      335.63|      3261.1|       -2347|      1801.8|        56|      0.99|
|      928.99|      330.99|      3283.3|     -2354.3|      1798.4|        55|       1.1|
|      913.44|      333.67|      3261.8|     -2348.3|      1802.6|        56|      0.99|
|      912.13|      331.34|      3262.7|     -2350.5|      1804.2|        56|         1|
|      908.76|      328.82|      3261.4|     -2352.6|      1806.8|        56|      0.98|
|      907.37|      328.99|      3259.4|     -2352.1|      1807.6|        56|      0.98|
|      907.22|      329.39|      3258.9|     -2351.7|      1807.5|        56|      0.98|
|      906.82|      330.19|      3258.3|     -2351.5|      1808.1|        56|      0.97|
|      906.44|      330.72|      3258.2|     -2351.8|      1808.9|        56|      0.98|
|      904.98|      332.29|      3258.5|     -2353.5|        1812|        56|      0.96|
|      903.14|      333.91|      3259.2|     -2356.1|        1816|        57|      0.95|
|      900.99|       335.6|      3260.2|     -2359.2|      1820.3|        58|      0.94|
|      898.56|      336.28|        3259|     -2360.5|      1823.1|        58|      0.94|
|      897.14|      336.14|      3253.8|     -2356.6|      1820.2|        58|      0.94|
|      895.54|       335.7|      3250.4|     -2354.9|      1819.9|        58|      0.93|
|       894.7|      335.62|      3246.6|     -2351.9|      1818.8|        58|      0.93|
|      894.49|      335.16|        3247|     -2352.5|      1820.3|        58|      0.93|
|      894.44|      334.93|      3247.2|     -2352.8|      1820.8|        58|      0.93|
|      894.39|      334.69|        3247|     -2352.6|      1821.1|        58|      0.93|
|      894.32|       334.3|        3246|     -2351.7|        1821|        58|      0.93|
|      894.31|      333.86|      3244.6|     -2350.3|      1820.6|        57|      0.93|
|      894.32|      333.53|      3243.4|     -2349.1|      1820.1|        57|      0.93|
|      894.31|      333.82|      3244.5|     -2350.2|      1820.6|        57|      0.93|
|      894.31|      333.82|      3244.4|     -2350.1|      1820.6|        57|      0.93|
|      894.31|      333.82|      3244.5|     -2350.2|      1820.6|        57|      0.99|
|      894.31|      333.82|      3244.5|     -2350.2|      1820.6|        57|      0.93|
Optimization result:
  message: CONVERGENCE: RELATIVE REDUCTION OF F <= FACTR*EPSMCH
  success: True
   status: 0
      fun: 894.3066429594446
        x: [-4.605e+00  0.000e+00 ... -8.179e-02 -2.303e+00]
      nit: 41
      jac: [ 2.167e-01 -2.616e+00 ... -9.643e-04  9.258e-01]
     nfev: 61
     njev: 61
 hess_inv: <26x26 LbfgsInvHessProduct with dtype=float64>
|        logP|       dlogP|     y^T.K.y|     log|K| |     Cond(K)|  GPU time|  CPU time|
|------------|------------|------------|------------|------------|----------|----------|
|      3442.6|      678.31|      5091.2|     -1648.6|      1225.2|        59|       2.7|
|      1851.5|      1554.1|      4999.7|     -3148.2|      2251.7|        50|      0.99|
|        3387|      680.47|        5052|     -1665.1|      1233.5|        53|       2.7|
|      1704.5|      836.21|        4041|     -2336.5|      1379.9|        51|       1.6|
|      1341.8|      944.21|      4218.8|       -2877|      1731.7|        51|       1.1|
|      1618.3|      821.58|      4003.7|     -2385.4|      1428.9|        51|       1.5|
|      1279.1|      758.25|      3993.1|       -2714|      1668.1|        51|       1.1|
|      1313.2|      744.05|      3944.6|     -2631.5|      1626.7|        51|       1.2|
|      1279.1|      758.24|      3993.1|       -2714|      1668.1|        51|       1.1|
|      2859.5|      731.58|      4615.7|     -1756.2|      1268.4|        52|       2.4|
|      1477.3|      788.26|      3906.4|     -2429.1|      1497.5|        51|       1.4|
|      1300.1|      737.09|      3926.1|     -2626.1|      1627.5|        51|       1.2|
|      1280.5|      748.55|      3972.1|     -2691.6|      1658.4|        51|       1.2|
|      1279.1|      755.79|      3988.2|       -2709|      1665.9|        51|       1.1|
|      1279.1|       757.7|        3992|       -2713|      1667.6|        51|       1.1|
|      1279.1|      758.13|      3992.9|     -2713.8|        1668|        51|       1.1|
|      1279.1|      757.85|      3992.3|     -2713.3|      1667.7|        51|       1.1|
|      1279.1|      758.07|      3992.8|     -2713.7|      1667.9|        51|       1.1|
|      1279.1|      758.12|      3992.9|     -2713.8|      1667.9|        51|       1.1|
|      1279.1|      758.13|      3992.9|     -2713.8|      1667.9|        51|       1.1|
Optimization result:
  message: CONVERGENCE: RELATIVE REDUCTION OF F <= FACTR*EPSMCH
  success: True
   status: 0
      fun: 1279.067135276869
        x: [-4.605e+00 -2.877e-01 ...  7.633e-03  2.627e-01]
      nit: 2
      jac: [ 3.438e-01 -2.902e+00 ... -1.435e-02  2.834e+00]
     nfev: 20
     njev: 20
 hess_inv: <26x26 LbfgsInvHessProduct with dtype=float64>
Running seed: 13
No hyperparameter optimization
|        logP|       dlogP|     y^T.K.y|     log|K| |     Cond(K)|  GPU time|  CPU time|
|------------|------------|------------|------------|------------|----------|----------|
|      2792.7|      592.32|      4430.1|     -1637.5|      921.65|        57|       2.7|
|      1772.5|      1734.8|      5031.1|     -3258.6|      2408.3|        48|         1|
|      2760.1|       592.5|      4409.4|     -1649.3|      930.87|        52|       2.7|
|      1343.2|      552.44|      3706.3|     -2363.1|      1252.1|        50|       1.8|
|      1101.1|      959.88|      4064.1|       -2963|      1898.6|        48|       1.1|
|        1301|      562.06|        3698|       -2397|      1292.7|        50|       1.7|
|        1002|      731.48|      3776.5|     -2774.4|      1673.9|        49|       1.3|
|      1026.4|      668.21|      3710.7|     -2684.3|      1597.3|        49|       1.5|
|        1002|      731.48|      3776.5|     -2774.4|      1673.9|        49|       1.3|
|      2402.3|      590.36|      4130.5|     -1728.2|        1001|        50|       2.5|
|        1200|      578.57|        3641|       -2441|      1362.6|        49|       1.7|
|      1020.4|      658.05|        3691|     -2670.6|      1589.2|        49|       1.4|
|      1001.8|      708.78|      3748.8|     -2746.9|      1651.4|        49|       1.3|
|      1001.7|      726.13|      3769.8|     -2768.2|      1668.7|        49|       1.3|
|      1001.5|      714.54|      3755.7|     -2754.1|      1657.3|        49|       1.3|
|      958.86|      616.88|      3591.4|     -2632.5|      1581.7|        49|       1.4|
|      835.19|      547.47|      3398.7|     -2563.5|      1634.8|        49|       1.3|
|      676.12|      483.66|      3183.3|     -2507.2|      1920.1|        49|       1.2|
|      677.65|      485.14|      3184.1|     -2506.4|        1919|        49|       1.3|
|       676.4|      483.96|      3183.4|       -2507|        1920|        49|       1.2|
|      676.18|      483.72|      3183.3|     -2507.1|      1920.1|        49|       1.2|
|      676.13|      483.67|      3183.3|     -2507.2|      1920.1|        49|       1.2|
|      676.12|      483.66|      3183.3|     -2507.2|      1920.1|        48|       1.2|
|      676.12|      483.66|      3183.3|     -2507.2|      1920.1|        49|       1.2|
|      676.12|      483.66|      3183.3|     -2507.2|      1920.1|        49|       1.2|
|      676.12|      483.66|      3183.3|     -2507.2|      1920.1|        49|       1.2|
|      676.12|      483.66|      3183.3|     -2507.2|      1920.1|        49|       1.2|
|      676.12|      483.66|      3183.3|     -2507.2|      1920.1|        49|       1.2|
Optimization result:
  message: CONVERGENCE: RELATIVE REDUCTION OF F <= FACTR*EPSMCH
  success: True
   status: 0
      fun: 676.1206177333252
        x: [-4.605e+00 -2.858e-01 ... -9.541e-02  2.067e+00]
      nit: 6
      jac: [ 1.429e-02 -3.764e+00 ...  1.124e-01  2.102e+02]
     nfev: 28
     njev: 28
 hess_inv: <26x26 LbfgsInvHessProduct with dtype=float64>
|        logP|       dlogP|     y^T.K.y|     log|K| |     Cond(K)|  GPU time|  CPU time|
|------------|------------|------------|------------|------------|----------|----------|
|      4097.5|       565.9|      5769.8|     -1672.3|      1312.8|        57|       2.6|
|      2003.3|      1618.6|      5100.9|     -3097.6|      2176.4|        47|      0.93|
|      4052.3|      581.08|      5738.9|     -1686.5|      1321.3|        52|       2.6|
|      2064.7|      1027.1|      4396.6|     -2331.8|      1671.7|        49|       1.4|
|      1532.2|      860.84|      4376.7|     -2844.5|      1736.1|        48|      0.96|
|      1505.4|      760.76|      4274.3|     -2768.9|      1709.3|        48|      0.98|
|      1533.6|      740.38|      4203.3|     -2669.7|      1693.8|        49|         1|
|      1505.4|      760.76|      4274.3|     -2768.9|      1709.3|        48|      0.98|
|      3662.6|         729|      5413.4|     -1750.8|      1408.5|        51|       2.4|
|      1717.6|      861.66|      4184.2|     -2466.6|      1684.4|        49|       1.1|
|      1518.7|      732.26|        4191|     -2672.3|      1693.9|        49|         1|
|      1503.3|      743.58|      4246.8|     -2743.5|      1699.9|        49|      0.98|
|      1475.5|      711.77|      4111.7|     -2636.2|      1692.6|        49|         1|
|      1352.1|      663.59|      3921.4|     -2569.2|      1688.9|        49|         1|
|      1194.7|      647.74|      3651.6|       -2457|      1767.1|        49|      0.98|
|      1188.5|      637.98|      3654.8|     -2466.3|      1777.3|        49|      0.99|
|      1147.9|      569.52|      3693.1|     -2545.2|      1853.3|        49|      0.98|
|      1146.8|      571.93|      3678.1|     -2531.2|      1838.8|        49|      0.98|
|      1134.7|      561.25|      3657.1|     -2522.4|      1828.9|        50|      0.98|
|      1101.5|       529.5|      3613.1|     -2511.7|      1821.9|        50|      0.98|
|        1003|      430.48|      3478.5|     -2475.5|      1803.3|        51|      0.98|
|       954.1|      387.89|      3381.5|     -2427.4|      1781.6|        52|      0.97|
|       954.5|      382.34|      3403.3|     -2448.8|      1798.5|        52|      0.97|
|      954.11|      386.09|      3387.5|     -2433.4|      1786.3|        52|      0.97|
|       954.1|      387.46|      3382.9|     -2428.8|      1782.7|        52|      0.97|
|       954.1|      386.55|      3385.9|     -2431.8|      1785.1|        52|      0.97|
|       954.1|      387.25|      3383.6|     -2429.5|      1783.2|        52|      0.97|
|       954.1|      386.78|      3385.1|       -2431|      1784.5|        52|      0.97|
|       954.1|      387.15|      3383.9|     -2429.8|      1783.5|        52|      0.97|
|       954.1|      387.23|      3383.6|     -2429.5|      1783.3|        52|      0.97|
|       954.1|      387.25|      3383.6|     -2429.5|      1783.2|        52|      0.97|
Optimization result:
  message: CONVERGENCE: RELATIVE REDUCTION OF F <= FACTR*EPSMCH
  success: True
   status: 0
      fun: 954.0973606397283
        x: [-4.602e+00 -2.406e-01 ... -9.896e-02 -1.851e+00]
      nit: 12
      jac: [-2.718e-01 -5.401e+00 ...  9.141e-02  2.802e+00]
     nfev: 31
     njev: 31
 hess_inv: <26x26 LbfgsInvHessProduct with dtype=float64>
|        logP|       dlogP|     y^T.K.y|     log|K| |     Cond(K)|  GPU time|  CPU time|
|------------|------------|------------|------------|------------|----------|----------|
|      3206.7|      588.12|        4872|     -1665.3|      1134.2|        57|       2.8|
|      1879.3|      1664.1|      5015.1|     -3135.8|        2388|        46|      0.99|
|      3163.7|      592.56|      4843.7|       -1680|      1140.2|        51|       2.8|
|      1461.1|      762.09|      3830.5|     -2369.4|      1203.6|        48|       1.7|
|      1268.4|      955.09|      4146.7|     -2878.3|      1851.6|        46|       1.1|
|      1367.2|      722.97|        3791|     -2423.8|      1271.7|        48|       1.7|
|      1158.5|      794.95|      3884.6|     -2726.1|      1644.4|        47|       1.2|
|      1171.3|      725.61|      3782.4|     -2611.1|      1522.4|        47|       1.4|
|      1153.9|      775.56|      3849.1|     -2695.2|      1612.6|        47|       1.2|
|      2758.1|      660.83|        4519|       -1761|      1167.9|        50|       2.5|
|      1310.7|       704.3|      3734.6|       -2424|      1308.2|        48|       1.6|
|      1159.2|      719.11|      3766.8|     -2607.7|      1526.6|        47|       1.4|
|      1151.1|      760.52|      3823.7|     -2672.6|      1591.1|        47|       1.3|
|      1113.4|      653.86|      3647.5|     -2534.1|      1497.6|        47|       1.4|
|      1011.4|      588.68|      3496.8|     -2485.4|      1526.4|        47|       1.3|
|       808.6|      534.59|      3200.3|     -2391.7|      1933.7|        47|       1.2|
|      786.29|      501.51|      3216.7|     -2430.4|        1962|        47|       1.1|
|      751.12|      461.93|      3370.2|     -2619.1|      2090.6|        47|       1.1|
|      749.99|      438.23|      3265.8|     -2515.9|      2024.7|        47|       1.1|
|      743.53|      430.33|      3276.9|     -2533.4|      2029.3|        47|       1.1|
|      739.59|      426.51|      3260.3|     -2520.7|      2012.9|        47|       1.2|
|      727.69|      413.38|      3242.7|       -2515|      2007.2|        47|       1.2|
|      689.39|      368.96|      3190.6|     -2501.2|      1998.9|        47|       1.1|
|      624.58|      286.73|        3102|     -2477.4|      1991.9|        47|       1.1|
|      605.66|      263.17|      3064.7|       -2459|      1994.4|        48|       1.1|
|      605.63|      264.76|        3060|     -2454.4|      2002.3|        48|       1.1|
|      605.72|      265.56|      3058.2|     -2452.5|      2005.1|        48|       1.1|
|      605.64|      264.89|      3059.7|       -2454|      2002.8|        48|       1.1|
|      605.63|      264.78|        3060|     -2454.3|      2002.4|        48|       1.1|
|      605.63|      264.77|        3060|     -2454.4|      2002.3|        48|       1.1|
|      605.63|      264.78|        3060|     -2454.3|      2002.3|        48|       1.1|
|      605.63|      264.77|        3060|     -2454.4|      2002.3|        48|       1.1|
|      605.63|      264.77|        3060|     -2454.4|      2002.3|        48|       1.1|
|      605.63|      264.77|        3060|     -2454.4|      2002.3|        48|       1.1|
Optimization result:
  message: CONVERGENCE: RELATIVE REDUCTION OF F <= FACTR*EPSMCH
  success: True
   status: 0
      fun: 605.6291833301439
        x: [-4.605e+00 -2.171e-01 ...  1.367e-01 -9.506e-01]
      nit: 14
      jac: [ 5.022e-02 -3.642e+00 ... -5.856e-01  5.934e+00]
     nfev: 34
     njev: 34
 hess_inv: <26x26 LbfgsInvHessProduct with dtype=float64>
|        logP|       dlogP|     y^T.K.y|     log|K| |     Cond(K)|  GPU time|  CPU time|
|------------|------------|------------|------------|------------|----------|----------|
|      3032.6|      592.62|      4704.6|       -1672|      1207.1|        57|       2.7|
|      2311.5|      1609.6|        5490|     -3178.5|        2694|        48|         1|
|      3001.7|      595.15|      4684.5|     -1682.8|      1213.9|        52|       2.7|
|      1707.4|      652.12|      4055.1|     -2347.7|      1479.5|        50|       1.9|
|      1989.4|      1573.8|      5087.2|     -3097.8|      2462.2|        48|         1|
|      1456.7|      770.82|      4189.4|     -2732.7|      1728.8|        49|       1.3|
|      1671.1|      651.87|        4047|     -2375.8|      1481.9|        50|       1.8|
|      1543.3|      640.67|      3930.8|     -2387.6|      1485.4|        49|       1.7|
|        1091|      556.81|      3553.9|     -2462.9|      1492.2|        49|       1.2|
|      957.63|      461.84|      3338.7|     -2381.1|      1505.4|        48|       1.2|
|      950.44|      446.21|      3312.3|     -2361.8|      1517.5|        48|       1.2|
|      951.49|      446.25|      3316.5|       -2365|      1532.6|        49|       1.2|
|      948.85|      444.78|      3312.2|     -2363.3|      1526.2|        48|       1.2|
|       937.9|      436.97|        3306|     -2368.1|      1542.9|        48|       1.2|
|      922.43|      426.34|      3286.4|     -2363.9|      1545.2|        48|       1.2|
|      836.15|      360.77|      3174.9|     -2338.8|      1562.9|        49|       1.1|
|      800.32|      332.91|      3112.7|     -2312.4|      1567.6|        49|       1.1|
|      798.19|      332.58|      3094.5|     -2296.3|      1559.7|        49|       1.1|
|      796.28|      332.96|      3075.8|     -2279.6|      1551.9|        49|       1.1|
|      795.67|      333.09|      3070.9|     -2275.3|      1550.8|        49|       1.1|
|      793.67|      333.49|      3056.5|     -2262.8|      1549.8|        49|       1.1|
|      791.06|      333.93|      3038.5|     -2247.4|      1551.2|        49|       1.1|
|      790.45|      334.69|      3031.3|     -2240.9|      1555.2|        49|       1.1|
|      790.44|      334.65|      3031.4|       -2241|      1555.2|        49|       1.1|
|      790.39|       334.6|      3031.6|     -2241.2|      1555.4|        49|       1.1|
|      790.18|      334.54|        3032|     -2241.9|      1555.9|        49|       1.1|
|      789.33|      334.55|      3032.6|     -2243.2|        1557|        49|       1.1|
|      787.65|      334.89|      3032.9|     -2245.3|      1558.4|        50|       1.1|
|      785.64|      335.48|      3031.7|     -2246.1|      1559.1|        50|       1.1|
|      784.27|       335.9|      3030.8|     -2246.5|      1559.4|        51|       1.1|
|      774.67|         339|      3025.5|     -2250.8|      1561.4|        51|       1.1|
|      770.55|      339.82|      3020.7|     -2250.2|      1560.8|        51|       1.1|
|      746.46|      355.23|        2997|     -2250.5|      1558.5|        51|       1.2|
|      743.41|      358.44|      2994.3|     -2250.9|      1558.2|        51|       1.2|
|      683.81|      434.37|      2959.8|       -2276|      1564.6|        51|       1.2|
|      97.699|      569.75|      2902.4|     -2804.7|      1928.5|        52|       1.3|
|      4.0891|      387.28|      3253.5|     -3249.4|      2241.9|        52|       1.4|
|   -0.071287|      377.03|      3029.4|     -3029.5|      2100.6|        52|       1.3|
|     -11.895|      343.01|      3142.6|     -3154.5|      2184.7|        52|       1.3|
|      525.34|      587.32|      2882.9|     -2357.6|      1575.6|        51|       1.3|
|      115.28|      592.92|      2888.8|     -2773.5|      1901.8|        52|       1.3|
|      17.057|      422.79|      2984.1|     -2967.1|      2054.9|        52|       1.3|
|     -6.0252|      360.72|        3051|       -3057|      2119.7|        52|       1.3|
|     -11.422|      344.46|      3091.4|     -3102.8|        2151|        52|       1.3|
|     -12.424|      341.39|      3115.7|     -3128.1|      2167.7|        52|       1.3|
|     -16.424|      336.53|      3105.5|     -3121.9|      2158.2|        52|       1.3|
|     -24.149|      333.69|      3072.2|     -3096.4|      2123.6|        52|       1.3|
|     -24.756|      334.77|      3076.9|     -3101.7|      2127.6|        52|       1.3|
|     -25.186|       333.5|      3095.5|     -3120.7|      2147.5|        52|       1.3|
|     -25.465|      333.14|      3096.8|     -3122.3|      2150.7|        52|       1.3|
|     -25.506|      333.13|      3096.8|     -3122.3|      2150.8|        52|       1.3|
|     -25.584|      333.12|      3096.7|     -3122.2|        2151|        52|       1.3|
|     -25.819|       333.1|      3096.4|     -3122.2|      2151.2|        52|       1.3|
|     -26.456|      333.07|      3095.6|     -3122.1|      2151.5|        52|       1.3|
|     -28.107|      333.03|        3094|     -3122.1|      2152.1|        52|       1.3|
|     -31.843|      332.89|      3090.9|     -3122.7|        2152|        52|       1.4|
|     -37.351|      332.53|      3087.5|     -3124.8|      2146.5|        52|       1.3|
|     -40.011|      332.32|      3085.3|     -3125.3|      2136.9|        52|       1.3|
|     -40.062|      332.11|        3098|       -3138|      2147.9|        51|       1.3|
|     -40.072|      332.16|      3090.6|     -3130.7|      2141.6|        52|       1.3|
|     -40.128|      332.23|      3089.3|     -3129.4|      2139.6|        52|       1.3|
|     -40.134|      332.23|      3089.2|     -3129.3|      2139.2|        52|       1.3|
|      -40.14|      332.22|      3088.1|     -3128.2|      2137.2|        52|       1.3|
|     -40.134|      332.21|      3087.4|     -3127.6|        2136|        51|       1.3|
|     -40.142|      332.21|        3088|     -3128.1|      2136.9|        51|       1.3|
|     -40.136|      332.21|      3087.6|     -3127.7|      2136.3|        52|       1.3|
|      -40.14|      332.21|      3087.9|       -3128|      2136.8|        52|       1.3|
|     -40.139|      332.21|        3088|     -3128.1|        2137|        52|       1.3|
|     -40.141|      332.22|        3088|     -3128.1|      2136.9|        52|       1.3|
|     -40.123|       332.2|      3086.5|     -3126.7|      2132.5|        52|       1.3|
|     -40.139|      332.21|      3087.6|     -3127.8|        2136|        51|       1.3|
|      -40.14|      332.21|      3087.9|       -3128|      2136.7|        52|       1.3|
|     -40.139|      332.22|      3087.9|     -3128.1|        2137|        52|       1.3|
|     -40.141|      332.22|        3088|     -3128.1|      2136.9|        52|       1.3|
|     -40.142|      332.21|        3088|     -3128.1|        2137|        52|       1.3|
|     -40.141|      332.21|        3088|     -3128.1|        2137|        51|       1.3|
|      -40.14|      332.22|        3088|     -3128.1|      2136.9|        52|       1.3|
|     -40.141|      332.21|        3088|     -3128.1|        2137|        51|       1.3|
|     -36.863|         333|      3076.4|     -3113.3|      2062.4|        52|       1.1|
|     -39.957|       332.2|      3084.4|     -3124.4|      2121.5|        52|       1.3|
|     -40.134|       332.2|      3086.9|       -3127|      2132.6|        51|       1.3|
|     -40.141|      332.21|      3087.7|     -3127.8|      2135.9|        52|       1.3|
|      -40.14|      332.21|      3087.9|       -3128|      2136.7|        52|       1.3|
|     -40.142|      332.22|      3087.9|     -3128.1|      2136.9|        52|       1.3|
|      -40.14|      332.21|      3087.9|       -3128|      2136.8|        51|       1.3|
|      -40.14|      332.21|      3087.9|     -3128.1|      2136.9|        52|       1.3|
|     -40.141|      332.22|      3087.9|     -3128.1|      2136.9|        51|       1.3|
|      -40.14|      332.22|      3087.9|     -3128.1|      2136.9|        51|       1.3|
Optimization result:
  message: CONVERGENCE: RELATIVE REDUCTION OF F <= FACTR*EPSMCH
  success: True
   status: 0
      fun: -40.13991830284158
        x: [-4.605e+00  0.000e+00 ...  3.230e+00 -2.303e+00]
      nit: 46
      jac: [ 3.611e-01 -2.866e+00 ...  8.908e+00  1.076e+00]
     nfev: 88
     njev: 88
 hess_inv: <26x26 LbfgsInvHessProduct with dtype=float64>
|        logP|       dlogP|     y^T.K.y|     log|K| |     Cond(K)|  GPU time|  CPU time|
|------------|------------|------------|------------|------------|----------|----------|
|      3433.4|      595.54|      5080.7|     -1647.3|        1295|        58|       2.7|
|      1760.4|      1273.1|      4988.1|     -3227.7|        2830|        49|         1|
|      3386.4|      596.57|      5051.3|     -1664.9|      1311.6|        52|       2.7|
|      1662.6|      909.41|      4041.3|     -2378.6|      1579.6|        50|       1.8|
|      1297.5|      840.69|      4241.1|     -2943.7|      2227.4|        50|       1.1|
|      1485.2|      838.48|      3954.4|     -2469.2|      1585.8|        50|       1.7|
|      1233.5|      773.57|      4014.9|     -2781.4|      1854.3|        50|       1.3|
|      1272.6|       769.5|      3923.1|     -2650.5|      1671.8|        50|       1.5|
|      1235.7|       771.5|      3982.4|     -2746.7|      1781.2|        50|       1.3|
|      1233.5|      773.57|      4014.9|     -2781.4|      1854.4|        50|       1.3|
|      3054.8|       623.1|      4783.9|     -1729.1|      1382.1|        51|       2.5|
|      1431.9|      821.57|      3898.3|     -2466.3|        1586|        50|       1.7|
|      1244.2|       764.1|      3920.9|     -2676.7|      1703.9|        50|       1.4|
|      1231.8|      770.58|      3986.4|     -2754.6|      1800.5|        50|       1.3|
|      1196.6|       725.6|      3781.2|     -2584.6|      1638.3|        50|       1.5|
|      1087.9|      679.93|      3627.8|     -2539.9|      1639.3|        50|       1.4|
|      908.35|      647.02|      3382.1|     -2473.8|      1800.8|        50|       1.3|
|      848.32|       582.4|        3386|     -2537.7|      1928.1|        50|       1.2|
|      842.44|       566.4|      3409.8|     -2567.4|      1960.7|        50|       1.2|
|      834.86|      557.11|      3404.5|     -2569.7|      1959.3|        50|       1.3|
|      816.64|      540.74|      3375.4|     -2558.8|        1946|        50|       1.3|
|      763.88|      491.27|      3301.9|       -2538|      1927.1|        50|       1.3|
|      653.75|         379|      3148.6|     -2494.9|      1895.6|        50|       1.2|
|      629.11|      363.17|      3075.5|     -2446.4|      1875.9|        50|       1.2|
|      626.61|      361.99|      3069.3|     -2442.7|      1887.8|        50|       1.1|
|      624.18|      360.59|      3058.4|     -2434.2|      1925.2|        50|       1.1|
|      624.13|      360.91|      3053.3|     -2429.2|      1927.3|        50|       1.1|
|      623.31|      362.91|      3039.6|     -2416.3|      1952.8|        51|         1|
|      620.62|      361.62|      3042.5|     -2421.9|      1942.1|        51|         1|
|      619.92|      361.22|      3044.9|       -2425|      1943.5|        51|         1|
|      617.56|      359.81|      3055.1|     -2437.5|      1949.1|        51|         1|
|      615.48|      358.81|      3094.1|     -2478.6|      1967.5|        52|         1|
|      735.39|      442.26|      3384.8|     -2649.4|      2016.6|        52|      0.95|
|      615.82|      359.09|      3098.3|     -2482.5|      1968.4|        52|         1|
|      615.51|      358.83|      3094.4|     -2478.9|      1967.5|        52|         1|
|      615.48|      358.81|      3094.1|     -2478.6|      1967.5|        52|         1|
|      615.48|      358.81|      3094.1|     -2478.6|      1967.5|        52|         1|
|      615.48|      358.81|      3094.1|     -2478.6|      1967.5|        52|         1|
|      615.48|      358.81|      3094.1|     -2478.6|      1967.5|        52|         1|
|      615.48|      358.81|      3094.1|     -2478.6|      1967.5|        52|         1|
Optimization result:
  message: CONVERGENCE: RELATIVE REDUCTION OF F <= FACTR*EPSMCH
  success: True
   status: 0
      fun: 615.4836897175765
        x: [-4.605e+00 -1.161e-03 ...  1.805e-01  2.067e+00]
      nit: 18
      jac: [ 2.630e-02 -3.533e+00 ... -1.030e+00  2.355e+01]
     nfev: 40
     njev: 40
 hess_inv: <26x26 LbfgsInvHessProduct with dtype=float64>
Running seed: 42
No hyperparameter optimization
|        logP|       dlogP|     y^T.K.y|     log|K| |     Cond(K)|  GPU time|  CPU time|
|------------|------------|------------|------------|------------|----------|----------|
|      3589.2|      625.58|      5254.3|     -1665.1|      1172.4|        56|       2.6|
|      2051.3|      1587.4|      5265.1|     -3213.8|      2248.5|        45|         1|
|      3545.5|      628.77|      5224.3|     -1678.8|      1183.4|        51|       2.6|
|      1845.3|      897.71|      4210.7|     -2365.4|      1296.4|        47|       1.7|
|      1430.2|      840.34|      4365.3|     -2935.2|      1900.6|        46|       1.1|
|      1699.3|      852.78|      4141.9|     -2442.6|      1297.6|        47|       1.7|
|      1370.4|      703.77|      4140.6|     -2770.2|      1699.7|        46|       1.2|
|      1402.2|      716.52|      4094.4|     -2692.2|      1617.6|        46|       1.3|
|      1370.4|      703.77|      4140.6|     -2770.2|      1699.7|        46|       1.2|
|      3029.2|      667.02|      4783.5|     -1754.3|      1239.7|        49|       2.4|
|      1579.3|      815.41|      4044.2|     -2464.8|      1346.9|        47|       1.5|
|      1396.1|      714.29|      4067.6|     -2671.5|      1603.2|        46|       1.3|
|      1372.8|      702.15|      4117.5|     -2744.8|      1676.2|        46|       1.2|
|      1370.7|      703.08|      4135.2|     -2764.5|      1694.6|        46|       1.2|
|      1370.4|      703.61|      4139.5|       -2769|      1698.6|        46|       1.2|
|      1370.4|      703.74|      4140.4|       -2770|      1699.5|        46|       1.2|
|      1370.4|      703.77|      4140.6|     -2770.2|      1699.7|        46|       1.2|
|      1370.4|      703.77|      4140.6|     -2770.2|      1699.7|        46|       1.2|
|      1370.4|      703.77|      4140.6|     -2770.2|      1699.7|        46|       1.2|
|      1370.4|      703.77|      4140.6|     -2770.2|      1699.7|        46|       1.2|
|      1370.4|      703.77|      4140.6|     -2770.2|      1699.8|        46|       1.2|
|      1370.4|      703.77|      4140.6|     -2770.2|      1699.7|        46|       1.2|
Optimization result:
  message: CONVERGENCE: RELATIVE REDUCTION OF F <= FACTR*EPSMCH
  success: True
   status: 0
      fun: 1370.405801825017
        x: [-4.605e+00 -2.877e-01 ...  1.129e-01  2.505e+00]
      nit: 2
      jac: [ 1.277e-01 -1.275e+00 ... -4.561e-01  6.381e+02]
     nfev: 22
     njev: 22
 hess_inv: <26x26 LbfgsInvHessProduct with dtype=float64>
|        logP|       dlogP|     y^T.K.y|     log|K| |     Cond(K)|  GPU time|  CPU time|
|------------|------------|------------|------------|------------|----------|----------|
|      3550.4|      607.95|      5288.5|     -1738.1|      1210.9|        57|       2.6|
|      2157.2|      1629.4|      5444.6|     -3287.4|        2469|        49|         1|
|        3516|      605.88|      5267.6|     -1751.6|      1218.1|        51|       2.6|
|      2012.5|       885.8|      4473.5|       -2461|      1473.7|        50|       1.8|
|      1613.5|      1002.7|      4629.5|       -3016|      2030.5|        49|       1.1|
|      1900.4|      873.88|      4419.3|     -2518.9|      1479.2|        50|       1.7|
|      1556.3|      859.91|        4407|     -2850.7|      1845.1|        49|       1.3|
|      1600.9|      839.38|      4351.2|     -2750.4|      1745.1|        49|       1.4|
|      1556.3|      859.91|        4407|     -2850.7|      1845.1|        49|       1.4|
|      3175.6|      591.08|      4995.4|     -1819.8|      1251.5|        50|       2.4|
|        1806|      860.17|      4341.9|     -2535.9|      1492.1|        49|       1.7|
|        1584|      834.41|      4335.2|     -2751.3|      1750.6|        49|       1.4|
|      1558.6|      850.57|      4384.1|     -2825.5|        1822|        49|       1.4|
|      1556.5|      857.64|      4401.6|     -2845.1|        1840|        49|       1.4|
|      1556.3|      859.42|      4405.8|     -2849.5|        1844|        49|       1.4|
|      1556.3|      859.81|      4406.7|     -2850.4|      1844.9|        49|       1.4|
|      1556.3|      859.89|      4406.9|     -2850.6|      1845.1|        49|       1.3|
|      1556.3|      859.91|        4407|     -2850.7|      1845.1|        49|       1.3|
|      1556.3|      859.91|        4407|     -2850.7|      1845.1|        49|       1.4|
|      1556.3|      859.91|        4407|     -2850.7|      1845.1|        49|       1.3|
|      1556.3|      859.91|        4407|     -2850.7|      1845.1|        49|       1.3|
|      1556.3|      859.91|        4407|     -2850.7|      1845.1|        49|       1.3|
|      1556.3|      859.91|        4407|     -2850.7|      1845.1|        49|       1.3|
|      1556.3|      859.91|        4407|     -2850.7|      1845.1|        49|       1.4|
Optimization result:
  message: CONVERGENCE: RELATIVE REDUCTION OF F <= FACTR*EPSMCH
  success: True
   status: 0
      fun: 1556.3100563898197
        x: [-4.605e+00 -2.877e-01 ...  2.257e-01  2.499e+00]
      nit: 2
      jac: [ 1.749e-01 -4.223e+00 ... -1.970e+00  6.059e+02]
     nfev: 24
     njev: 24
 hess_inv: <26x26 LbfgsInvHessProduct with dtype=float64>
|        logP|       dlogP|     y^T.K.y|     log|K| |     Cond(K)|  GPU time|  CPU time|
|------------|------------|------------|------------|------------|----------|----------|
|      3774.2|      654.94|      5379.8|     -1605.6|      1291.4|        58|       2.8|
|      2113.2|      1643.2|      5308.1|       -3195|      2353.8|        50|         1|
|      3733.8|      659.44|      5352.6|     -1618.8|      1306.8|        52|       2.8|
|      1909.3|      855.17|      4229.3|       -2320|      1670.6|        51|       1.9|
|      1500.6|      903.62|      4402.3|     -2901.7|      1808.7|        50|       1.1|
|        1786|      827.76|      4174.6|     -2388.6|      1677.3|        51|       1.8|
|      1434.7|      745.45|      4164.3|     -2729.5|      1694.4|        50|       1.3|
|      1470.3|      732.55|      4111.9|     -2641.6|      1691.8|        50|       1.4|
|      1434.7|      745.45|      4164.3|     -2729.5|      1694.4|        50|       1.3|
|      3259.8|      746.17|      4964.4|     -1704.6|      1423.5|        51|       2.5|
|      1659.4|      794.39|      4085.1|     -2425.7|      1680.8|        50|       1.7|
|      1460.1|      726.39|      4092.9|     -2632.8|      1691.5|        50|       1.4|
|      1436.7|      736.43|        4141|     -2704.4|      1693.7|        50|       1.4|
|      1434.9|      743.17|      4158.8|     -2723.9|      1694.3|        50|       1.3|
|      1434.7|      744.95|      4163.1|     -2728.3|      1694.4|        50|       1.3|
|      1434.7|      745.34|        4164|     -2729.3|      1694.4|        50|       1.3|
|      1434.7|      745.42|      4164.2|     -2729.5|      1694.4|        50|       1.3|
|      1434.7|      745.44|      4164.2|     -2729.5|      1694.4|        50|       1.3|
|      1434.7|      745.43|      4164.2|     -2729.5|      1694.4|        50|       1.3|
|      1434.7|      745.44|      4164.2|     -2729.5|      1694.4|        50|       1.3|
|      1434.7|      745.44|      4164.2|     -2729.5|      1694.4|        50|       1.3|
|      1434.7|      745.44|      4164.2|     -2729.5|      1694.4|        50|       1.3|
Optimization result:
  message: CONVERGENCE: RELATIVE REDUCTION OF F <= FACTR*EPSMCH
  success: True
   status: 0
      fun: 1434.7255813689108
        x: [-4.605e+00 -2.877e-01 ... -9.322e-02  1.485e+00]
      nit: 2
      jac: [ 3.723e-01 -2.741e+00 ...  1.686e-01  6.212e+01]
     nfev: 22
     njev: 22
 hess_inv: <26x26 LbfgsInvHessProduct with dtype=float64>
|        logP|       dlogP|     y^T.K.y|     log|K| |     Cond(K)|  GPU time|  CPU time|
|------------|------------|------------|------------|------------|----------|----------|
|      2836.3|      540.21|      4489.8|     -1653.4|      1403.4|        57|       2.7|
|      1538.1|      1491.9|      4648.2|     -3110.1|      2239.6|        49|         1|
|      2802.2|      541.39|      4468.2|     -1665.9|      1411.8|        52|       2.7|
|      1279.8|      753.29|      3609.1|     -2329.3|      1497.6|        50|       1.8|
|      1023.3|      856.72|      3872.9|     -2849.6|      1796.5|        49|       1.2|
|      1164.1|      701.98|        3560|     -2395.9|      1498.4|        50|       1.7|
|      949.31|      733.73|      3645.9|     -2696.5|        1721|        50|       1.3|
|         973|      688.43|      3554.2|     -2581.2|        1647|        50|       1.4|
|      949.31|      733.73|      3645.9|     -2696.5|        1721|        50|       1.3|
|      2501.8|      572.27|      4230.3|     -1728.5|      1448.6|        50|       2.6|
|      1104.7|       679.9|      3507.9|     -2403.1|      1506.2|        50|       1.7|
|      952.62|      691.64|      3553.6|     -2600.9|      1665.4|        50|       1.4|
|      946.22|      722.53|      3618.2|       -2672|      1707.8|        49|       1.3|
|      904.59|      626.17|      3419.6|       -2515|      1646.6|        50|       1.4|
|      786.63|      550.64|      3249.3|     -2462.6|      1676.9|        49|       1.4|
|      598.33|         492|      2983.7|     -2385.3|      1828.4|        49|       1.2|
|      580.25|      459.19|      3003.1|     -2422.8|      1857.5|        49|       1.2|
|      559.07|      423.57|      3071.4|     -2512.3|      1912.9|        49|       1.2|
|      559.74|      423.67|      3043.2|     -2483.5|      1888.3|        49|       1.2|
|      558.95|      422.78|      3062.7|     -2503.8|      1905.7|        49|       1.2|
|      556.77|       420.5|      3036.2|     -2479.4|        1882|        49|       1.2|
|      551.61|      414.99|      3026.5|     -2474.9|      1877.5|        49|       1.2|
|      524.59|      385.08|      2986.8|     -2462.2|      1869.5|        49|       1.2|
|      461.31|      309.44|      2895.3|       -2434|      1860.4|        49|       1.2|
|       414.2|      249.47|        2816|     -2401.8|      1859.9|        49|       1.2|
|      412.72|      248.41|      2815.9|     -2403.1|      1869.4|        49|       1.2|
|      411.67|      248.17|      2812.8|     -2401.2|      1875.4|        49|       1.2|
|       411.2|      248.14|      2809.4|     -2398.2|      1876.2|        49|       1.2|
|      408.64|      248.57|      2783.9|     -2375.3|      1878.6|        50|       1.2|
|      406.47|      250.66|      2741.7|     -2335.3|      1879.2|        51|       1.2|
|      376.43|      254.96|      2691.8|     -2315.4|      1883.7|        51|         1|
|      404.26|      252.25|      2735.5|     -2331.2|      1880.2|        50|       1.2|
|      392.71|      255.15|      2715.8|     -2323.1|        1882|        51|       1.1|
|      377.34|      257.14|      2720.8|     -2343.4|      1901.2|        51|         1|
|      391.35|      255.11|      2715.4|     -2324.1|        1883|        51|       1.1|
|      390.45|      254.63|      2715.4|     -2324.9|      1881.3|        51|       1.1|
|      384.64|      254.44|      2722.9|     -2338.3|        1871|        51|       1.1|
|      388.25|      253.87|      2731.8|     -2343.6|        1872|        51|       1.1|
|      384.83|      254.41|      2723.4|     -2338.6|        1871|        51|       1.1|
|      384.65|      254.44|        2723|     -2338.3|        1871|        51|       1.1|
|      384.64|      254.44|      2722.9|     -2338.3|        1871|        51|       1.1|
|      384.64|      254.44|      2722.9|     -2338.3|        1871|        51|       1.1|
|      384.64|      254.44|      2722.9|     -2338.3|      1870.9|        51|       1.1|
|      384.64|      254.44|      2722.9|     -2338.3|      1870.9|        51|       1.1|
|      384.64|      254.44|      2722.9|     -2338.3|      1870.9|        51|       1.1|
Optimization result:
  message: CONVERGENCE: RELATIVE REDUCTION OF F <= FACTR*EPSMCH
  success: True
   status: 0
      fun: 384.63583607890405
        x: [-4.605e+00  0.000e+00 ...  2.256e-01 -1.485e+00]
      nit: 22
      jac: [ 1.702e-01 -3.767e+00 ... -1.358e+00  5.887e+00]
     nfev: 45
     njev: 45
 hess_inv: <26x26 LbfgsInvHessProduct with dtype=float64>
|        logP|       dlogP|     y^T.K.y|     log|K| |     Cond(K)|  GPU time|  CPU time|
|------------|------------|------------|------------|------------|----------|----------|
|      3879.9|      602.59|      5544.7|     -1664.8|      1210.9|        59|       2.8|
|      2094.1|      1529.1|      5239.9|     -3145.8|      2025.6|        50|         1|
|      3833.8|      607.58|      5513.4|     -1679.6|      1219.8|        53|       2.8|
|      2000.6|      908.53|      4364.4|     -2363.8|      1300.9|        51|       1.7|
|      1595.4|      903.05|      4478.2|     -2882.8|      1747.5|        50|       1.1|
|      1871.2|      869.75|        4299|     -2427.7|      1375.6|        51|       1.6|
|      1548.7|      784.91|      4279.3|     -2730.6|      1609.8|        51|       1.2|
|      1594.9|      780.31|      4226.5|     -2631.5|      1555.6|        51|       1.3|
|      1548.7|      784.91|      4279.3|     -2730.6|      1609.8|        51|       1.2|
|        3394|      701.57|      5151.4|     -1757.4|      1257.6|        51|       2.5|
|      1754.5|      830.65|      4209.9|     -2455.5|      1426.8|        51|       1.5|
|      1569.6|      771.61|      4214.3|     -2644.8|      1567.7|        51|       1.3|
|      1550.2|      778.86|      4259.3|     -2709.1|      1600.5|        51|       1.2|
|      1548.8|       783.4|      4274.7|     -2725.8|      1607.8|        51|       1.2|
|      1548.7|      784.58|      4278.3|     -2729.6|      1609.4|        51|       1.2|
|      1548.7|      784.84|      4279.1|     -2730.4|      1609.7|        51|       1.2|
|      1548.7|       784.9|      4279.3|     -2730.6|      1609.8|        51|       1.2|
|      1548.7|      784.91|      4279.3|     -2730.6|      1609.8|        51|       1.2|
|      1548.7|       784.9|      4279.3|     -2730.6|      1609.8|        51|       1.2|
|      1548.7|      784.91|      4279.3|     -2730.6|      1609.8|        51|       1.2|
|      1548.7|      784.91|      4279.3|     -2730.6|      1609.8|        51|       1.2|
|      1548.7|      784.91|      4279.3|     -2730.6|      1609.8|        51|       1.2|
Optimization result:
  message: CONVERGENCE: RELATIVE REDUCTION OF F <= FACTR*EPSMCH
  success: True
   status: 0
      fun: 1548.7044783589254
        x: [-4.605e+00 -2.877e-01 ... -7.629e-02 -6.294e-01]
      nit: 2
      jac: [ 1.596e-01 -3.932e+00 ...  1.658e-01  8.084e+00]
     nfev: 22
     njev: 22
 hess_inv: <26x26 LbfgsInvHessProduct with dtype=float64>
Average scores:	 rmse: 0.43±0.04	 r2: 0.66±0.06
Filename: (MG-COUNT)_(MGK_Graph-RBF_product)_hypOFF_feat_transformerOFF_target_transformerOFF

------------------------------------------------------------
Sender: LSF System <lsfadmin@gpu03>
Subject: Job 777951: <structure_numerical_20260420> in cluster <Hazel> Done

Job <structure_numerical_20260420> was submitted from host <gpu03> by user <sdehgha2> in cluster <Hazel> at Mon Apr 20 10:16:43 2026
Job was executed on host(s) <gpu03>, in queue <gpu>, as user <sdehgha2> in cluster <Hazel> at Mon Apr 20 10:16:44 2026
</home/sdehgha2> was used as the home directory.
</share/ddomlab/sdehgha2/working_space/GP_collab/code_python/training/hpc_submit_training_GP> was used as the working directory.
Started at Mon Apr 20 10:16:44 2026
Terminated at Mon Apr 20 18:23:08 2026
Results reported at Mon Apr 20 18:23:08 2026

Your job looked like:

------------------------------------------------------------
# LSBATCH: User input


#BSUB -n 1
#BSUB -W 10:40
#BSUB -q gpu
#BSUB -gpu "num=1:mode=shared:mps=no"
#BSUB -R "rusage[mem=32GB]"
#BSUB -J "structure_numerical_20260420"
#BSUB -o "/share/ddomlab/sdehgha2/working_space/GP_collab/results/HPC_history/hpc_20260420/Machine Learning for Polymer Design to Enhance Pervaporation-Based Organic Recovery/MGK_product_GPU.out"
#BSUB -e "/share/ddomlab/sdehgha2/working_space/GP_collab/results/HPC_history/hpc_20260420/Machine Learning for Polymer Design to Enhance Pervaporation-Based Organic Recovery/MGK_product_GPU.err"

source ~/.bashrc
module load cuda/12.1
module load gcc/9.3.0
conda activate /usr/local/usrapps/ddomlab/sdehgha2/env12

python ../train_structure_numerical.py  --Kernel_mixing_method product                                         --paper "Machine Learning for Polymer Design to Enhance Pervaporation-Based Organic Recovery"                                         --dataset "flux_data_imputed"


------------------------------------------------------------

Successfully completed.

Resource usage summary:

    CPU time :                                   29050.00 sec.
    Max Memory :                                 3 GB
    Average Memory :                             1.09 GB
    Total Requested Memory :                     32.00 GB
    Delta Memory :                               29.00 GB
    Max Swap :                                   -
    Max Processes :                              14
    Max Threads :                                18
    Run time :                                   29184 sec.
    Turnaround time :                            29185 sec.

The output (if any) is above this job summary.



PS:

Read file </share/ddomlab/sdehgha2/working_space/GP_collab/results/HPC_history/hpc_20260420/Machine Learning for Polymer Design to Enhance Pervaporation-Based Organic Recovery/MGK_product_GPU.err> for stderr output of this job.


------------------------------------------------------------
Sender: LSF System <lsfadmin@gpu04>
Subject: Job 795101: <structure_numerical_20260420> in cluster <Hazel> Exited

Job <structure_numerical_20260420> was submitted from host <gpu04> by user <sdehgha2> in cluster <Hazel> at Mon Apr 20 16:19:18 2026
Job was executed on host(s) <gpu04>, in queue <gpu>, as user <sdehgha2> in cluster <Hazel> at Mon Apr 20 16:19:18 2026
</home/sdehgha2> was used as the home directory.
</share/ddomlab/sdehgha2/working_space/GP_collab/code_python/training/hpc_submit_training_GP> was used as the working directory.
Started at Mon Apr 20 16:19:18 2026
Terminated at Tue Apr 21 00:59:48 2026
Results reported at Tue Apr 21 00:59:48 2026

Your job looked like:

------------------------------------------------------------
# LSBATCH: User input


#BSUB -n 1
#BSUB -W 8:40
#BSUB -q gpu
#BSUB -gpu "num=1:mode=shared:mps=no"
#BSUB -R "rusage[mem=32GB]"
#BSUB -J "structure_numerical_20260420"
#BSUB -o "/share/ddomlab/sdehgha2/working_space/GP_collab/results/HPC_history/hpc_20260420/Machine Learning for Polymer Design to Enhance Pervaporation-Based Organic Recovery/MGK_product_GPU.out"
#BSUB -e "/share/ddomlab/sdehgha2/working_space/GP_collab/results/HPC_history/hpc_20260420/Machine Learning for Polymer Design to Enhance Pervaporation-Based Organic Recovery/MGK_product_GPU.err"

source ~/.bashrc
module load cuda/12.1
module load gcc/9.3.0
conda activate /usr/local/usrapps/ddomlab/sdehgha2/env12

python ../train_structure_numerical.py  --Kernel_mixing_method product                                         --paper "Machine Learning for Polymer Design to Enhance Pervaporation-Based Organic Recovery"                                         --dataset "flux_data_imputed"


------------------------------------------------------------

TERM_RUNLIMIT: job killed after reaching LSF run time limit.
Exited with exit code 140.

Resource usage summary:

    CPU time :                                   31113.00 sec.
    Max Memory :                                 3 GB
    Average Memory :                             1.14 GB
    Total Requested Memory :                     32.00 GB
    Delta Memory :                               29.00 GB
    Max Swap :                                   -
    Max Processes :                              14
    Max Threads :                                18
    Run time :                                   31229 sec.
    Turnaround time :                            31230 sec.

The output (if any) is above this job summary.



PS:

Read file </share/ddomlab/sdehgha2/working_space/GP_collab/results/HPC_history/hpc_20260420/Machine Learning for Polymer Design to Enhance Pervaporation-Based Organic Recovery/MGK_product_GPU.err> for stderr output of this job.

Running seed: 6
No hyperparameter optimization
|        logP|       dlogP|     y^T.K.y|     log|K| |     Cond(K)|  GPU time|  CPU time|
|------------|------------|------------|------------|------------|----------|----------|
|      1669.5|      697.68|      3159.9|     -1490.3|        1054|        60|       3.1|
|      1153.8|      1261.1|      4245.5|     -3091.7|      3308.7|        49|       1.1|
|      1617.2|      687.61|      3122.7|     -1505.5|      1067.7|        54|       2.9|
|      577.29|      252.25|      2697.3|       -2120|      1193.3|        51|       1.4|
|      644.78|      800.43|      3373.5|     -2728.7|        2258|        50|       1.2|
|      493.39|      439.85|      2937.3|     -2443.9|      1627.6|        50|       1.2|
|      525.54|      258.71|      2742.1|     -2216.5|      1274.7|        51|       1.3|
|      336.67|      1318.2|      4175.5|     -3838.9|      7326.2|        49|         1|
|      514.79|      267.33|      2751.3|     -2236.5|      1306.6|        51|       1.2|
|      287.29|      782.48|      3042.7|     -2755.4|      2572.8|        50|       1.2|
|      454.93|      1380.1|      4491.6|     -4036.7|       13514|        49|         1|
|      189.98|      1006.2|      3356.9|     -3166.9|      4372.2|        50|       1.1|
|      280.99|      796.59|      3054.7|     -2773.7|      2640.4|        50|       1.2|
|      455.07|      1380.3|      4491.9|     -4036.8|       13532|        49|         1|
|      189.69|        1007|      3358.9|     -3169.2|      4388.1|        50|       1.1|
|      275.98|      807.72|      3064.7|     -2788.7|      2695.3|        50|       1.2|
|      454.92|        1380|      4491.6|     -4036.7|       13514|        49|       1.2|
|      189.63|      1007.3|      3359.6|       -3170|      4392.1|        50|       1.1|
|      272.01|      816.51|      3072.8|     -2800.8|      2739.8|        50|       1.2|
|      454.95|      1380.1|      4491.6|     -4036.6|       13513|        49|         1|
|      189.66|      1007.2|      3359.4|     -3169.7|      4390.7|        50|       1.1|
|      268.87|      823.45|      3079.5|     -2810.6|      2775.7|        50|       1.6|
|      159.41|      1246.7|      3900.9|     -3741.5|      5386.6|        49|       1.1|
|      223.93|      911.34|      3165.4|     -2941.5|      3126.9|        50|       1.2|
|      148.29|      1089.2|      3456.8|     -3308.5|      4151.9|        50|       1.1|
|      140.37|      1185.8|      3710.6|     -3570.2|      4896.9|        49|       1.1|
|      139.28|      1137.9|      3575.8|     -3436.5|      4515.7|        49|       1.2|
|      105.96|      1222.6|      3826.6|     -3720.7|        5076|        49|       1.1|
|      58.442|        1164|      3931.1|     -3872.7|       12780|        49|       1.1|
|      34.168|      1145.2|      3791.1|     -3756.9|      7297.3|        49|       1.2|
|     -211.06|      973.95|      3484.3|     -3695.4|       10920|        49|         1|
|     -275.78|      630.29|      1759.2|     -2034.9|      1646.2|        49|       2.3|
|     -286.65|       628.8|      1718.9|     -2005.6|      1690.3|        49|         2|
|     -298.94|      628.24|      1722.3|     -2021.2|      1719.4|        49|       1.8|
|      -386.4|      628.48|      1747.2|     -2133.6|      1851.6|        49|       1.9|
|     -369.75|         628|      1731.3|       -2101|        1840|        49|       1.6|
|     -382.29|       628.3|      1742.7|       -2125|      1850.1|        49|       1.8|
|     -385.61|      628.45|      1746.3|     -2131.9|      1851.4|        49|       1.9|
|     -386.26|      628.48|      1747.1|     -2133.3|      1851.6|        49|       1.9|
|     -386.38|      628.48|      1747.2|     -2133.6|      1851.6|        49|       1.9|
|     -386.39|      628.48|      1747.2|     -2133.6|      1851.6|        49|       1.9|
|      -386.4|      628.48|      1747.2|     -2133.6|      1851.6|        49|       1.9|
|      -386.4|      628.48|      1747.2|     -2133.6|      1851.6|        49|       1.9|
|      -386.4|      628.48|      1747.2|     -2133.6|      1851.6|        49|       1.9|
|      -386.4|      628.48|      1747.2|     -2133.6|      1851.6|        49|       1.9|
|      -386.4|      628.48|      1747.2|     -2133.6|      1851.6|        49|       1.9|
|      -386.4|      628.48|      1747.2|     -2133.6|      1851.7|        49|         2|
|      -386.4|      628.48|      1747.2|     -2133.6|      1851.6|        49|       1.9|
|      -386.4|      628.48|      1747.2|     -2133.6|      1851.6|        49|       1.9|
|      -386.4|      628.48|      1747.2|     -2133.6|      1851.6|        49|       1.9|
Optimization result:
  message: CONVERGENCE: RELATIVE REDUCTION OF F <= FACTR*EPSMCH
  success: True
   status: 0
      fun: -386.3993819773593
        x: [-4.605e+00 -2.877e-01 ...  3.401e+00  3.282e+00]
      nit: 15
      jac: [ 5.351e-01  2.599e+00 ... -1.712e+04  1.596e+02]
     nfev: 50
     njev: 50
 hess_inv: <26x26 LbfgsInvHessProduct with dtype=float64>
|        logP|       dlogP|     y^T.K.y|     log|K| |     Cond(K)|  GPU time|  CPU time|
|------------|------------|------------|------------|------------|----------|----------|
|      1791.1|      547.63|      3279.4|     -1488.3|      1231.2|        61|       3.2|
|      1948.6|      1427.6|      4921.2|     -2972.6|      2978.8|        50|       1.6|
|      1084.3|      248.59|      3224.5|     -2140.2|      1468.6|        52|       1.5|
|      958.34|      283.93|        3119|     -2160.7|      1530.6|        50|       1.7|
|      931.25|      296.01|      3104.7|     -2173.4|      1654.6|        50|       1.4|
|      1070.7|      1468.1|      4681.1|     -3610.4|      4514.3|        50|       1.3|
|      890.24|      893.02|      3650.9|     -2760.6|      2849.1|        50|       1.5|
|      924.61|      374.42|      3164.2|     -2239.6|      1750.2|        50|       1.7|
|      937.26|      194.43|      2716.5|     -1779.3|      1418.4|        50|       3.3|
|      933.02|      213.97|      3047.1|     -2114.1|      1692.8|        50|       1.7|
|      930.28|       338.2|      3146.2|       -2216|      1741.3|        50|       1.7|
|      925.71|       368.2|      3161.2|     -2235.5|      1748.7|        50|       1.7|
|       924.8|      373.34|      3163.7|     -2238.9|      1749.9|        50|       1.7|
|      924.64|      374.23|      3164.1|     -2239.4|      1750.1|        50|       1.7|
|      924.61|      374.38|      3164.1|     -2239.5|      1750.2|        50|       1.7|
|      924.61|      374.41|      3164.2|     -2239.6|      1750.2|        50|       1.7|
|      924.61|      374.42|      3164.2|     -2239.6|      1750.2|        50|       1.7|
|      924.61|      374.42|      3164.2|     -2239.6|      1750.2|        50|       1.7|
|      924.61|      374.42|      3164.2|     -2239.6|      1750.2|        50|       1.7|
|      924.61|      374.42|      3164.2|     -2239.6|      1750.2|        50|       1.7|
|      924.61|      374.42|      3164.2|     -2239.6|      1750.2|        50|       1.7|
Optimization result:
  message: CONVERGENCE: RELATIVE REDUCTION OF F <= FACTR*EPSMCH
  success: True
   status: 0
      fun: 924.6066815648928
        x: [-4.605e+00 -2.877e-01 ...  1.400e+00 -1.764e+00]
      nit: 4
      jac: [ 5.080e-01  1.384e+00 ... -8.107e+02 -8.519e-01]
     nfev: 21
     njev: 21
 hess_inv: <26x26 LbfgsInvHessProduct with dtype=float64>
|        logP|       dlogP|     y^T.K.y|     log|K| |     Cond(K)|  GPU time|  CPU time|
|------------|------------|------------|------------|------------|----------|----------|
|        2245|      535.06|      3719.6|     -1474.6|      976.79|        59|       3.2|
|      2010.5|      1369.7|      4943.1|     -2932.6|      2899.5|        53|       1.9|
|      2212.8|      532.46|      3697.1|     -1484.3|      985.38|        54|         3|
|      1363.5|      206.95|        3393|     -2029.5|      1215.4|        53|       1.4|
|      1170.7|      1457.7|        4702|     -3531.3|      4097.5|        53|       1.5|
|      1349.2|      210.37|      3401.8|     -2052.6|      1243.4|        53|       1.4|
|      1095.6|      693.14|      3637.9|     -2542.3|      1759.2|        53|       1.7|
|      1046.2|      1192.3|      4182.4|     -3136.1|        3209|        55|       1.4|
|      1075.9|      754.84|        3683|     -2607.1|      1915.8|        53|       1.9|
|      1031.3|      1035.8|      3963.2|     -2931.9|      2715.4|        53|       1.4|
|      1036.5|      948.41|        3862|     -2825.6|      2453.6|        53|       1.6|
|      1031.3|      1035.8|      3963.2|     -2931.9|      2715.4|        53|       1.4|
|      919.59|      1278.4|      4356.9|     -3437.3|      3904.1|        53|       1.4|
|      533.71|      918.86|      3725.7|       -3192|      3046.9|        53|       1.5|
|      403.53|      777.36|      3486.9|     -3083.4|      2828.6|        53|       1.8|
|      274.35|      660.57|      3233.7|     -2959.4|      2751.7|        53|       1.6|
|      147.22|      594.46|      3006.4|     -2859.1|      3027.1|        53|       1.5|
|      100.36|      574.09|      2904.1|     -2803.8|      3110.6|        53|       1.5|
|      81.196|      566.91|      2811.9|     -2730.7|        2929|        53|       1.6|
|      76.279|      565.47|      2772.1|     -2695.8|      2858.5|        53|       1.7|
|      74.789|      565.39|      2754.8|       -2680|      2816.6|        53|       1.7|
|      73.815|      565.49|      2745.1|     -2671.3|      2786.1|        54|       1.7|
|      72.693|      565.48|      2740.6|     -2667.9|      2764.7|        54|       1.8|
|       71.59|      565.23|      2742.3|     -2670.7|      2761.4|        54|       1.7|
|      66.995|      563.89|      2752.8|     -2685.9|      2753.6|        54|       1.6|
|      65.674|      563.39|      2757.9|     -2692.3|      2755.8|        54|       1.7|
|      60.999|      561.46|        2779|       -2718|      2764.4|        55|       1.7|
|      53.929|      557.77|      2837.3|     -2783.4|      2768.9|        55|       1.5|
|      53.901|      557.91|      2830.1|     -2776.2|      2758.6|        55|       1.5|
|      53.711|      557.86|        2833|     -2779.3|      2745.5|        55|       1.5|
|      53.683|       557.8|      2835.7|       -2782|      2745.9|        55|       1.6|
|      53.694|      557.76|      2840.4|     -2786.7|        2747|        55|       1.6|
|      53.675|      557.79|      2836.9|     -2783.2|      2746.2|        55|       1.6|
|       53.64|      557.68|        2843|     -2789.3|      2753.2|        56|       1.6|
|      53.481|      557.58|      2845.1|     -2791.6|      2763.4|        56|       1.7|
|      53.447|      557.58|        2849|     -2795.6|        2768|        57|       1.8|
|      53.441|      557.57|      2846.8|     -2793.4|      2765.3|        57|       1.8|
|      52.979|      557.48|      2842.4|     -2789.4|      2772.3|        57|       1.8|
|      52.097|      557.87|      2819.6|     -2767.5|      2757.6|        57|       1.6|
|      52.087|      557.82|      2818.8|     -2766.8|      2767.5|        57|       1.6|
|      52.109|       557.8|      2817.7|     -2765.6|      2774.8|        57|       1.6|
|      52.088|      557.82|      2818.7|     -2766.6|      2768.4|        57|       1.6|
|      52.087|      557.82|      2818.8|     -2766.7|      2767.6|        57|       1.6|
|      52.087|      557.83|      2818.8|     -2766.8|      2767.5|        57|       1.6|
|      52.088|      557.83|      2818.9|     -2766.8|      2767.4|        57|       1.6|
|      52.091|      557.83|      2818.9|     -2766.8|      2767.5|        57|       1.6|
|      52.086|      557.83|      2818.8|     -2766.8|      2767.5|        57|       1.6|
|      52.089|      557.83|      2818.9|     -2766.8|      2767.5|        57|       1.6|
|      52.088|      557.83|      2818.9|     -2766.8|      2767.5|        57|       1.6|
|      52.088|      557.83|      2818.9|     -2766.8|      2767.4|        57|       1.6|
Optimization result:
  message: CONVERGENCE: RELATIVE REDUCTION OF F <= FACTR*EPSMCH
  success: True
   status: 0
      fun: 52.08811488321362
        x: [-4.575e+00  0.000e+00 ...  3.401e+00 -1.575e+00]
      nit: 28
      jac: [-4.928e-02 -3.367e+00 ... -1.645e+04 -8.631e-01]
     nfev: 50
     njev: 50
 hess_inv: <26x26 LbfgsInvHessProduct with dtype=float64>
|        logP|       dlogP|     y^T.K.y|     log|K| |     Cond(K)|  GPU time|  CPU time|
|------------|------------|------------|------------|------------|----------|----------|
|      2079.5|      559.79|      3522.5|       -1443|      1124.3|        62|         3|
|      1731.6|        1355|      4831.1|     -3099.5|      3296.9|        49|       1.3|
|      2048.9|      552.36|      3502.1|     -1453.1|      1140.9|        56|       2.8|
|      1107.7|      199.41|      3157.8|     -2050.1|      1539.9|        52|       1.4|
|        1209|      783.38|      3910.3|     -2701.3|      2190.3|        50|       1.2|
|      1047.7|      445.89|      3434.4|     -2386.8|      1587.6|        50|       1.2|
|      1059.8|      218.45|      3211.5|     -2151.7|      1557.3|        51|       1.5|
|      964.19|      1389.9|      4874.1|     -3909.9|       10345|        49|       1.1|
|        1053|      228.91|      3219.3|     -2166.3|      1559.3|        51|       1.4|
|      828.61|      777.81|      3555.3|     -2726.7|        2636|        50|       1.1|
|      1055.6|      1450.6|      5060.1|     -4004.6|       13337|        49|       1.2|
|      741.27|      1027.5|      3999.4|     -3258.2|      5471.3|        49|       1.1|
|      813.58|      806.04|        3588|     -2774.4|      2795.5|        50|       1.1|
|      748.62|      954.01|      3830.7|       -3082|      4178.4|        49|         1|
|      740.87|      1006.2|      3947.7|     -3206.8|      5059.3|        49|       1.2|
|      744.73|      971.43|      3868.1|     -3123.4|      4449.2|        49|         1|
|      741.32|       997.5|      3927.3|       -3186|      4899.4|        49|       1.2|
|      740.86|      1006.2|      3947.7|     -3206.8|      5059.3|        49|       1.2|
|      698.76|      1051.9|      3909.1|     -3210.4|        3328|        49|       1.2|
|      635.41|      1119.4|      4014.4|       -3379|      3556.3|        49|       1.3|
|      584.46|      1187.8|        4156|     -3571.5|      3937.3|        49|       1.5|
|      17.601|      634.06|      2975.9|     -2958.3|      2315.9|        50|       1.9|
|      4.6764|      633.46|      2967.3|     -2962.6|      2321.4|        50|         2|
|     -38.181|      630.16|      2949.2|     -2987.3|      2349.7|        50|         2|
|     -61.709|      625.65|      2992.5|     -3054.2|      2734.5|        49|       1.8|
|     -89.736|       601.7|      2950.8|     -3040.5|      3044.1|        49|       1.6|
|     -153.95|      571.75|      2566.1|       -2720|      2448.6|        49|       1.4|
|     -172.39|      559.87|      2633.7|     -2806.1|      2740.6|        49|       1.2|
|     -154.08|      568.57|      2873.1|     -3027.2|      3742.5|        49|       1.1|
|     -176.16|      556.81|      2739.6|     -2915.8|      3252.7|        49|       1.2|
|     -181.79|      552.95|      2728.1|     -2909.9|        3303|        49|       1.2|
|        -186|      551.45|      2695.6|     -2881.6|      3224.3|        49|       1.1|
|     -186.66|      550.61|      2697.2|     -2883.8|      3284.9|        49|       1.1|
|     -187.52|      550.26|      2695.8|     -2883.3|      3289.4|        49|       1.1|
|     -188.96|      549.43|      2697.3|     -2886.2|      3309.3|        49|       1.1|
|     -191.79|      547.25|      2701.4|     -2893.2|      3377.6|        49|       1.1|
|     -196.76|      541.68|      2711.9|     -2908.7|      3560.8|        49|       1.2|
|     -197.64|      540.61|      2712.3|       -2910|      3589.3|        49|       1.3|
|     -197.82|      540.88|      2710.6|     -2908.4|      3566.3|        49|       1.4|
|     -199.45|      539.06|      2716.7|     -2916.1|        3622|        49|       1.1|
|     -202.25|      537.27|        2724|     -2926.3|      3647.9|        49|       1.1|
|     -207.87|      533.38|      2740.9|     -2948.8|      3711.6|        49|       1.1|
|     -212.98|       528.8|      2763.6|     -2976.6|      3824.6|        50|       1.1|
|     -214.27|      527.66|      2770.3|     -2984.6|      3852.6|        50|       1.1|
|     -215.49|      527.08|      2775.9|     -2991.4|        3849|        50|       1.1|
|     -216.13|       525.9|      2787.5|     -3003.6|      3915.1|        50|       1.1|
|      -216.2|      525.84|      2785.7|     -3001.9|      3927.1|        50|       1.1|
|     -216.26|       525.9|        2785|     -3001.3|      3924.6|        50|       1.1|
|     -216.49|      525.75|      2786.1|     -3002.5|        3938|        50|       1.1|
|     -217.96|      524.62|      2794.2|     -3012.2|        4061|        50|       1.1|
|     -218.09|      521.56|      2848.8|     -3066.9|      4851.7|        50|       1.1|
|     -218.64|      523.34|      2805.6|     -3024.2|      4222.8|        50|       1.1|
|     -219.36|      522.47|      2820.6|       -3040|      4472.8|        50|       1.1|
|     -219.31|      522.36|      2833.6|     -3052.9|      4683.4|        50|       1.1|
|      -216.2|      520.57|      2863.8|       -3080|      5104.3|        50|       1.1|
|     -219.07|      522.14|      2836.4|     -3055.5|        4724|        50|       1.1|
|      -219.3|      522.34|      2833.8|       -3053|        4686|        50|       1.1|
|     -219.31|      522.35|      2833.6|     -3052.9|      4683.6|        50|       1.1|
|     -219.31|      522.36|      2833.6|     -3052.9|      4683.4|        50|       1.1|
|     -219.31|      522.36|      2833.6|     -3052.9|      4683.4|        50|       1.1|
|     -219.31|      522.36|      2833.6|     -3052.9|      4683.4|        50|       1.1|
|     -219.31|      522.36|      2833.6|     -3052.9|      4683.4|        50|       1.1|
Optimization result:
  message: CONVERGENCE: RELATIVE REDUCTION OF F <= FACTR*EPSMCH
  success: True
   status: 0
      fun: -219.30946285893833
        x: [-4.605e+00 -2.877e-01 ...  3.401e+00  3.096e+00]
      nit: 34
      jac: [ 9.462e-01  1.034e+01 ... -1.513e+04  6.697e+01]
     nfev: 62
     njev: 62
 hess_inv: <26x26 LbfgsInvHessProduct with dtype=float64>
|        logP|       dlogP|     y^T.K.y|     log|K| |     Cond(K)|  GPU time|  CPU time|
|------------|------------|------------|------------|------------|----------|----------|
|      2020.3|      581.41|      3576.5|     -1556.1|      1209.3|        59|         3|
|      2048.2|      1442.5|      5049.4|     -3001.3|        2488|        47|       1.8|
|        1158|      220.08|      3373.6|     -2215.6|      1658.8|        49|       1.6|
|      1498.4|      965.41|      4280.7|     -2782.3|      2399.4|        47|       1.9|
|      1161.1|      492.16|      3612.6|     -2451.5|      1682.5|        48|       1.6|
|      1133.3|      351.31|      3472.5|     -2339.3|      1674.1|        48|       1.7|
|      1193.1|      614.48|      3761.8|     -2568.6|      2238.3|        47|       1.5|
|      1116.2|      470.97|      3556.8|     -2440.6|      1681.4|        47|       1.4|
|      613.39|      894.55|      3673.1|     -3059.7|      3247.4|        47|       1.5|
|      161.88|      629.32|      3082.5|     -2920.6|      2939.3|        47|       1.5|
|      128.72|       607.3|      2995.9|     -2867.2|      2799.5|        47|       1.5|
|      69.975|      573.16|      2795.7|     -2725.7|      2513.5|        47|       1.6|
|      50.405|      566.74|      2703.9|     -2653.5|      2388.8|        47|       1.7|
|      40.792|      564.23|      2649.9|     -2609.1|      2319.8|        47|       1.7|
|      38.215|      563.91|      2647.1|     -2608.8|      2308.9|        47|       1.7|
|      34.996|      563.37|      2644.2|     -2609.2|      2299.5|        47|       1.7|
|      31.877|      562.73|      2646.3|     -2614.4|      2299.6|        47|       1.7|
|      19.761|      559.93|      2655.3|     -2635.5|      2300.2|        47|       1.7|
|     -21.812|      544.63|      2717.6|     -2739.4|        2307|        47|       1.5|
|     -31.732|      538.47|      2760.3|       -2792|      2311.1|        48|       1.5|
|     -32.997|      537.62|      2771.6|     -2804.6|      2311.4|        48|       1.6|
|     -33.436|      536.97|      2787.3|     -2820.8|      2304.5|        48|       1.8|
|     -34.212|      537.46|      2758.2|     -2792.5|      2299.8|        48|       1.6|
|     -34.201|      537.22|      2765.6|     -2799.8|      2300.3|        48|       1.6|
|     -34.233|      537.38|      2760.2|     -2794.4|        2300|        48|       1.6|
|     -34.186|      537.19|      2766.9|     -2801.1|      2300.4|        48|       1.7|
|     -34.239|      537.34|      2761.2|     -2795.5|        2300|        48|       1.6|
|      -34.18|      537.16|      2767.9|     -2802.1|      2300.4|        48|       1.7|
|     -34.242|      537.31|      2762.2|     -2796.4|      2300.1|        48|       1.6|
|      -34.17|      537.14|      2769.1|     -2803.3|      2300.6|        48|       1.7|
|     -34.243|      537.28|      2763.1|     -2797.4|      2300.1|        48|       1.6|
|     -34.155|      537.11|      2770.5|     -2804.7|      2300.6|        48|       1.8|
|     -34.245|      537.25|      2764.1|     -2798.4|      2300.2|        48|       1.6|
|     -34.152|      537.09|      2771.9|       -2806|      2300.9|        48|       1.8|
|     -34.247|      537.22|      2765.2|     -2799.5|      2300.3|        48|       1.7|
|       -34.1|      537.05|      2774.1|     -2808.2|      2300.8|        48|       1.8|
|     -34.249|      537.19|      2766.4|     -2800.7|      2300.4|        48|       1.7|
|     -34.121|      537.04|      2775.7|     -2809.8|      2301.5|        48|       1.8|
|      -34.25|      537.15|      2767.9|     -2802.2|      2300.6|        48|       1.7|
|     -34.038|         537|      2778.5|     -2812.6|      2301.3|        49|       1.8|
|     -34.251|      537.12|      2769.3|     -2803.6|      2300.7|        48|       1.8|
|     -34.124|      537.02|      2777.3|     -2811.4|      2301.2|        49|       1.7|
|     -34.249|      537.09|      2770.6|     -2804.8|      2300.7|        48|       1.8|
|      -34.25|      537.11|      2769.6|     -2803.8|      2300.7|        48|       1.8|
|      -34.25|      537.12|      2769.4|     -2803.6|      2300.7|        48|       1.8|
|      -34.25|      537.12|      2769.3|     -2803.6|      2300.6|        48|       1.8|
|     -34.249|      537.12|      2769.3|     -2803.6|      2300.6|        48|       1.8|
|      -34.25|      537.12|      2769.3|     -2803.6|      2300.7|        48|       1.8|
|     -34.251|      537.12|      2769.3|     -2803.6|      2300.7|        48|       1.8|
|     -34.249|      537.12|      2769.3|     -2803.6|      2300.7|        48|       1.8|
Optimization result:
  message: CONVERGENCE: RELATIVE REDUCTION OF F <= FACTR*EPSMCH
  success: True
   status: 0
      fun: -34.24867598980154
        x: [-4.605e+00 -2.877e-01 ...  3.401e+00 -2.103e+00]
      nit: 27
      jac: [ 2.941e-01  1.502e+00 ... -1.586e+04 -6.022e-02]
     nfev: 50
     njev: 50
 hess_inv: <26x26 LbfgsInvHessProduct with dtype=float64>
Running seed: 13
No hyperparameter optimization
|        logP|       dlogP|     y^T.K.y|     log|K| |     Cond(K)|  GPU time|  CPU time|
|------------|------------|------------|------------|------------|----------|----------|
|      1838.3|      557.82|      3305.6|     -1467.4|      1124.3|        60|         3|
|      1697.3|      1337.4|      4638.7|     -2941.5|      2843.4|        52|       2.5|
|      1808.4|      549.87|        3286|     -1477.6|        1141|        55|       2.8|
|        1029|      174.03|      3064.9|     -2035.9|      1539.8|        53|       1.7|
|      1150.5|      784.12|      3753.5|       -2603|      1953.8|        52|       2.2|
|      979.08|      372.64|      3305.5|     -2326.5|      1579.3|        53|       1.5|
|      991.52|      183.53|      3115.5|       -2124|      1556.3|        53|       1.7|
|      823.38|      1410.8|      4380.2|     -3556.8|        4702|        52|       1.5|
|      977.96|      203.25|      3131.1|     -2153.1|      1560.8|        53|       1.6|
|       789.9|      769.96|      3399.5|     -2609.6|      2250.2|        52|       1.3|
|      650.68|      1298.1|      4138.1|     -3487.4|      4496.4|        52|       1.5|
|      243.36|      976.34|      3482.6|     -3239.2|      3413.3|        52|       1.4|
|      81.846|      800.58|      3183.4|     -3101.6|      2989.5|        52|       1.4|
|     -28.079|      674.98|      2942.8|     -2970.9|      2736.1|        52|       1.3|
|     -99.432|      616.17|      2776.6|     -2876.1|      2726.6|        52|       1.4|
|     -202.57|      578.33|      2562.2|     -2764.7|      3198.9|        51|       1.4|
|      -217.7|      574.64|      2514.8|     -2732.5|      3299.4|        51|       1.5|
|      -224.4|      573.97|      2468.1|     -2692.5|      3192.7|        51|       1.5|
|     -226.26|      573.72|      2456.8|       -2683|      3167.4|        51|       1.5|
|     -227.35|      573.17|      2459.7|       -2687|      3178.7|        51|       1.5|
|      -228.8|      572.24|      2472.6|     -2701.4|      3211.2|        51|       1.5|
|     -229.69|      571.72|      2483.7|     -2713.4|      3237.7|        52|       1.5|
|     -230.33|      571.45|      2489.2|     -2719.6|      3248.3|        52|       1.5|
|     -231.28|      571.18|        2494|     -2725.2|        3253|        52|       1.5|
|     -235.72|      569.94|      2512.5|     -2748.3|      3263.1|        52|       1.5|
|     -245.17|      566.77|      2558.1|     -2803.2|      3273.4|        52|       1.5|
|      -249.9|      564.18|      2632.8|     -2882.7|        3256|        52|       1.4|
|     -249.75|      564.34|      2633.8|     -2883.5|      3226.7|        52|       1.4|
|     -249.91|      564.19|        2633|     -2882.9|      3249.7|        52|       1.4|
|     -249.84|      564.27|      2633.5|     -2883.3|      3234.5|        52|       1.4|
|     -249.91|       564.2|      2633.1|       -2883|      3246.5|        52|       1.4|
|     -249.91|      564.19|        2633|     -2882.9|        3249|        52|       1.4|
|     -249.91|      564.19|        2633|     -2882.9|      3249.7|        52|       1.4|
|     -234.94|      571.76|      2677.8|     -2912.7|      3085.6|        52|       1.5|
|      -249.4|      564.46|      2638.3|     -2887.7|      3225.1|        52|       1.4|
|     -249.86|      564.22|      2633.9|     -2883.8|      3245.1|        52|       1.4|
|      -249.9|       564.2|      2633.2|     -2883.1|      3248.8|        52|       1.4|
|     -249.91|      564.19|        2633|     -2882.9|      3249.5|        52|       1.4|
|     -249.91|      564.19|        2633|     -2882.9|      3249.7|        52|       1.4|
|     -249.91|      564.19|        2633|     -2882.9|      3249.7|        52|       1.4|
|     -249.91|      564.19|        2633|     -2882.9|      3249.7|        52|       1.4|
|     -249.91|      564.19|        2633|     -2882.9|      3249.7|        52|       1.4|
|     -249.91|      564.19|        2633|     -2882.9|      3249.7|        52|       1.5|
|     -249.91|      564.19|        2633|     -2882.9|      3249.7|        52|       1.4|
Optimization result:
  message: CONVERGENCE: RELATIVE REDUCTION OF F <= FACTR*EPSMCH
  success: True
   status: 0
      fun: -249.90993372455296
        x: [-4.605e+00 -2.877e-01 ...  3.401e+00 -2.227e+00]
      nit: 21
      jac: [ 3.667e-01  4.370e-01 ... -1.669e+04 -4.377e-01]
     nfev: 44
     njev: 44
 hess_inv: <26x26 LbfgsInvHessProduct with dtype=float64>
|        logP|       dlogP|     y^T.K.y|     log|K| |     Cond(K)|  GPU time|  CPU time|
|------------|------------|------------|------------|------------|----------|----------|
|      1677.3|      593.09|      3142.2|     -1464.9|      1208.9|        60|       2.9|
|      1709.6|      1542.6|      4740.6|       -3031|      2667.9|        52|       1.2|
|      767.33|      286.82|      2944.4|       -2177|      1657.7|        53|       1.7|
|      598.56|      361.21|      2839.6|       -2241|      1666.3|        52|       2.3|
|      542.46|      439.76|      2861.4|       -2319|      1964.1|        52|       1.7|
|       500.5|      313.31|      2203.3|     -1702.8|        1522|        51|       1.6|
|      228.94|      470.41|      2070.7|     -1841.8|      1705.5|        52|       1.9|
|      95.986|      524.97|      2038.6|     -1942.6|        1830|        52|       2.6|
|     -436.12|       584.3|      2098.3|     -2534.4|      2355.4|        52|       2.2|
|     -432.54|      594.93|      2000.4|     -2432.9|      2256.7|        52|       1.7|
|     -443.95|      588.39|      2033.7|     -2477.7|      2268.7|        52|         2|
|     -445.93|      584.86|      2069.5|     -2515.4|      2292.5|        52|       2.3|
|     -447.31|      582.61|      2101.3|     -2548.6|      2359.1|        52|       2.4|
|     -448.97|      581.68|      2116.8|     -2565.8|      2387.5|        52|       2.4|
|     -452.77|      580.15|      2151.4|     -2604.1|      2445.8|        52|       2.4|
|     -453.11|      580.28|      2143.7|     -2596.8|      2434.2|        52|       2.4|
|     -453.66|      580.22|      2142.2|     -2595.9|      2433.6|        52|       2.3|
|      -456.4|      579.73|      2142.3|     -2598.7|      2441.2|        52|       1.8|
|     -464.58|      577.98|      2149.4|       -2614|        2475|        53|       2.1|
|     -482.16|      572.79|      2180.5|     -2662.7|      2588.4|        55|       1.5|
|     -491.27|      570.26|        2268|     -2759.3|      2780.2|        60|       1.4|
|     -489.12|      569.85|      2205.1|     -2694.2|      2645.4|        57|       1.5|
|     -492.91|      567.54|      2251.7|     -2744.6|      2724.5|        58|       1.3|
|     -492.61|      566.55|      2279.4|       -2772|      2735.9|        58|       1.5|
|     -492.96|      567.23|      2258.2|     -2751.2|      2727.1|        58|       1.3|
|      -493.3|      566.09|      2276.2|     -2769.5|      2721.9|        57|       1.5|
|     -493.55|      566.37|      2273.3|     -2766.8|      2733.8|        58|       1.5|
|     -493.92|      567.32|      2267.7|     -2761.6|      2771.1|        59|       1.5|
|     -493.98|       567.2|      2261.9|     -2755.9|      2751.7|        58|       1.5|
|     -493.99|      567.14|      2261.2|     -2755.2|      2748.9|        58|       1.5|
|     -494.29|       566.8|      2266.8|     -2761.1|      2753.7|        58|       1.5|
|     -494.66|      566.42|      2272.7|     -2767.4|      2753.6|        58|       1.5|
|     -495.16|       565.9|        2277|     -2772.1|      2735.3|        58|       1.6|
|     -495.75|      565.24|      2296.3|     -2792.1|      2667.2|        56|       2.7|
|      -496.2|      565.41|      2299.2|     -2795.4|      2660.3|        56|         2|
|     -498.01|      565.71|      2296.5|     -2794.5|        2632|        56|       1.6|
|     -499.16|      565.24|      2300.7|     -2799.8|      2597.9|        56|       1.6|
|     -500.12|      562.55|      2306.7|     -2806.8|      2639.8|        56|       1.5|
|     -539.38|      531.16|      2322.9|     -2862.3|      3142.9|        56|       1.3|
|     -547.58|      516.92|      2337.7|     -2885.3|      3197.7|        56|       1.5|
|     -548.55|      517.08|      2326.8|     -2875.3|      3191.1|        56|       1.5|
|     -548.76|      517.04|      2325.7|     -2874.4|      3193.1|        56|       1.5|
|     -548.89|      516.95|      2326.3|     -2875.2|      3193.9|        56|       1.5|
|     -549.45|      516.54|      2329.3|     -2878.7|        3195|        56|       1.5|
|     -550.36|      515.91|      2333.2|     -2883.6|      3193.2|        55|       1.4|
|     -551.78|       514.8|      2340.3|     -2892.1|        3185|        55|       1.3|
|     -553.07|      513.54|        2346|     -2899.1|      3165.1|        54|       1.3|
|     -554.74|      512.01|        2343|     -2897.8|      3134.8|        54|       1.3|
|     -556.69|      511.58|      2327.9|     -2884.6|      3114.9|        53|       1.3|
|     -557.62|      511.65|        2316|     -2873.7|      3098.1|        83|       1.3|
|     -558.07|      511.83|      2307.1|     -2865.1|      3085.3|        81|       1.3|
|     -558.34|      512.15|      2295.4|     -2853.7|      3068.1|        82|       1.3|
|     -558.26|      512.43|      2285.2|     -2843.4|      3053.7|        81|       1.3|
|     -558.35|      512.18|        2294|     -2852.3|      3066.2|        82|       1.3|
|     -558.34|      512.29|      2289.5|     -2847.9|      3059.9|        81|       1.3|
Optimization result:
  message: CONVERGENCE: RELATIVE REDUCTION OF F <= FACTR*EPSMCH
  success: True
   status: 0
      fun: -558.3388076707865
        x: [-4.605e+00 -1.068e-01 ...  3.401e+00  3.401e+00]
      nit: 44
      jac: [-1.701e-02 -1.437e+00 ... -1.511e+04 -2.129e+02]
     nfev: 55
     njev: 55
 hess_inv: <26x26 LbfgsInvHessProduct with dtype=float64>
|        logP|       dlogP|     y^T.K.y|     log|K| |     Cond(K)|  GPU time|  CPU time|
|------------|------------|------------|------------|------------|----------|----------|
|      2030.4|       678.7|      3530.3|     -1499.9|      1140.2|        91|         3|
|      1719.6|      1319.9|      4701.1|     -2981.5|      3130.4|        77|       1.7|
|      1991.6|      665.88|      3501.6|       -1510|      1152.2|        84|       2.8|
|        1083|      221.13|      3142.7|     -2059.7|      1344.3|        79|       1.5|
|      1151.4|       694.7|      3795.5|     -2644.1|      2157.5|        77|       1.5|
|      1000.7|      333.62|      3371.6|       -2371|      1572.5|        78|       1.5|
|      1016.7|         210|      3212.1|     -2195.3|      1365.4|        79|       1.5|
|      815.18|      1337.8|      4436.8|     -3621.6|      4601.8|        77|       1.2|
|      999.69|      230.22|      3238.3|     -2238.6|      1392.6|        78|       1.4|
|      819.43|      1336.7|      4446.6|     -3627.1|      4623.7|        77|       1.2|
|      988.67|      251.37|      3257.1|     -2268.4|      1423.5|        79|       1.3|
|      819.43|      1336.7|      4446.6|     -3627.1|      4623.7|        87|       1.2|
|      980.18|      271.82|      3271.9|     -2291.7|      1451.1|        90|       1.4|
|      819.43|      1336.7|      4446.6|     -3627.1|      4623.7|        88|       1.2|
|       973.3|      290.57|      3283.8|     -2310.5|      1475.6|        90|       1.4|
|      819.43|      1336.7|      4446.6|     -3627.1|      4623.7|        88|       1.2|
|      967.51|       307.5|      3293.6|     -2326.1|      1496.9|        85|       1.3|
|      819.37|      1336.7|      4446.5|     -3627.1|      4623.7|        83|       2.9|
|       962.5|      322.74|      3301.8|     -2339.3|      1515.5|        84|       1.3|
|      807.39|      1325.9|      4438.3|     -3630.9|      4623.7|        83|         1|
|      957.47|      338.47|      3309.9|     -2352.4|      1534.1|        84|       1.3|
|      807.39|      1325.9|      4438.3|     -3630.9|      4623.7|        82|         1|
|      953.06|      352.47|      3316.8|     -2363.7|      1550.4|        84|       1.3|
|      807.39|      1325.9|      4438.3|     -3630.9|      4623.7|        82|         1|
|      949.15|      364.98|      3322.8|     -2373.6|      1564.8|        85|       4.4|
|      807.39|      1325.9|      4438.3|     -3630.9|      4623.7|        82|         1|
|      945.66|      376.21|        3328|     -2382.4|      1577.5|        84|       7.8|
|      767.43|      846.64|      3605.8|     -2838.4|      2758.9|        83|       6.2|
|      718.38|        1255|      4296.3|     -3577.9|      4570.3|        82|       1.5|
|      723.05|      994.49|        3781|       -3058|      3337.5|        83|       2.7|
|      701.43|      1145.4|      4038.8|     -3337.4|      4027.4|        83|       2.8|
|      706.58|      1209.7|      4181.8|     -3475.2|      4344.9|        80|       1.9|
|      701.43|      1145.4|      4038.8|     -3337.4|      4027.4|        80|       2.8|
|      597.31|      1167.4|      4136.1|     -3538.8|      4500.9|        79|       4.8|
|      446.39|      1048.3|      3908.5|     -3462.1|      4351.1|        78|       1.4|
|      120.46|      770.82|        3339|     -3218.5|      3802.4|        78|       1.2|
|     0.51128|      667.48|      3068.9|     -3068.4|        3453|        78|       1.1|
|     -71.857|      609.03|      2853.7|     -2925.6|      3144.9|        78|       1.2|
|     -102.25|      590.14|      2728.3|     -2830.5|      2991.8|        77|       1.2|
|     -116.71|      584.75|      2644.8|     -2761.5|      2943.8|        77|       1.3|
|      -119.5|      583.43|      2622.8|     -2742.3|      2969.3|        77|       1.3|
|     -120.88|      583.29|      2622.9|     -2743.7|      2960.5|        77|       1.1|
|     -123.03|      582.63|      2625.8|     -2748.9|      2972.6|        77|       1.1|
|     -126.65|      581.15|      2642.8|     -2769.5|      3034.4|        77|       1.6|
|     -131.02|      578.32|      2685.3|     -2816.4|      3156.4|        77|       2.2|
|     -129.18|      580.06|      2657.5|     -2786.7|      3085.3|        77|       1.1|
|     -133.18|       578.3|      2666.9|       -2800|      3120.3|        77|       2.5|
|     -136.85|      578.05|      2651.4|     -2788.2|      3078.8|        77|       1.4|
|     -143.09|      576.88|      2642.3|     -2785.4|      3046.3|        66|       1.4|
|     -145.94|      575.97|      2644.8|     -2790.8|      3044.9|        66|       1.2|
|     -156.16|      572.33|        2656|     -2812.2|      3038.9|        67|       1.8|
|     -171.27|      565.71|      2683.7|     -2854.9|      3028.5|        66|       2.1|
|     -178.87|      561.14|      2718.5|     -2897.4|      3019.9|        66|         2|
|     -179.68|      560.05|      2736.1|     -2915.7|      3023.1|        66|       2.2|
|     -179.73|      560.09|      2731.6|     -2911.3|      3023.8|        67|       2.5|
|     -179.75|      560.05|        2733|     -2912.7|      3021.2|        71|       2.5|
|     -179.76|      560.05|      2732.9|     -2912.6|      3021.4|        71|       2.5|
|     -179.79|      560.06|      2732.6|     -2912.4|      3021.4|        71|       2.5|
|     -179.91|      560.08|      2732.1|       -2912|      3021.2|        71|       2.5|
|     -180.21|      560.08|      2731.6|     -2911.8|        3021|        71|       2.5|
|        -181|      560.07|      2730.9|     -2911.9|      3019.2|        71|       2.3|
|     -182.72|      560.07|      2730.8|     -2913.5|      3023.4|        70|       1.3|
|     -183.32|      560.11|      2730.5|     -2913.8|      3028.5|        70|       1.2|
|     -185.47|      560.37|      2729.8|     -2915.2|      3044.1|        65|       1.2|
|     -195.63|      558.54|      2760.2|     -2955.8|      3098.7|        65|       1.2|
|     -196.58|      557.27|      2770.2|     -2966.8|      3107.7|        65|       1.3|
|     -193.56|      552.63|      2817.6|     -3011.1|      3151.4|        65|       1.1|
|      -196.8|      556.74|      2774.7|     -2971.5|      3111.1|        65|       1.2|
|     -196.89|      556.31|      2778.4|     -2975.3|      3113.8|        65|       1.1|
|     -196.22|      554.36|        2797|     -2993.2|      3124.5|        65|       1.1|
|     -196.91|      556.04|      2780.8|     -2977.7|      3115.4|        65|       1.1|
|      -196.9|      555.82|      2782.8|     -2979.7|      3116.7|        65|       1.1|
|     -196.91|      556.04|      2780.8|     -2977.7|      3115.4|        65|       1.1|
|      -196.9|      555.95|      2782.1|       -2979|      3112.7|        65|       1.1|
|     -196.91|      556.02|      2781.1|       -2978|      3114.8|        65|       1.1|
|     -196.91|      555.97|      2781.8|     -2978.7|      3113.4|        65|       1.1|
|     -196.91|      555.95|        2782|     -2978.9|      3112.9|        65|       1.1|
|     -196.91|      555.97|      2781.8|     -2978.7|      3113.2|        65|       1.1|
|     -196.91|      555.97|      2781.8|     -2978.7|      3113.4|        65|       1.1|
|     -197.39|      548.73|      2839.6|       -3037|      3465.7|        65|         1|
|      32.044|      497.16|      3340.1|       -3308|      5387.1|        65|      0.98|
|      -152.3|      536.71|        2984|     -3136.3|      4346.9|        65|      0.98|
|     -195.78|      547.37|      2850.6|     -3046.4|      3553.8|        65|         1|
|     -197.22|      548.57|      2840.8|     -3038.1|        3476|        65|         1|
|     -197.37|      548.71|      2839.7|     -3037.1|        3467|        65|         1|
|     -197.39|      548.73|      2839.6|       -3037|      3465.8|        65|         1|
|     -197.39|      548.73|      2839.6|       -3037|      3465.7|        65|         1|
|     -197.39|      548.73|      2839.6|       -3037|      3465.7|        65|         1|
|     -197.39|      548.73|      2839.6|       -3037|      3465.7|        65|         1|
|     -197.39|      548.73|      2839.6|       -3037|      3465.7|        65|         1|
|     -197.39|      548.73|      2839.6|       -3037|      3465.7|        65|         1|
Optimization result:
  message: CONVERGENCE: RELATIVE REDUCTION OF F <= FACTR*EPSMCH
  success: True
   status: 0
      fun: -197.39018232117587
        x: [-4.605e+00 -2.877e-01 ...  3.401e+00  5.183e-01]
      nit: 46
      jac: [ 1.001e+00  7.667e+00 ... -1.576e+04 -2.573e+01]
     nfev: 91
     njev: 91
 hess_inv: <26x26 LbfgsInvHessProduct with dtype=float64>
|        logP|       dlogP|     y^T.K.y|     log|K| |     Cond(K)|  GPU time|  CPU time|
|------------|------------|------------|------------|------------|----------|----------|
|      1762.9|      571.65|      3268.2|     -1505.2|        1020|        78|       3.2|
|      1797.3|      1439.2|      4748.1|     -2950.8|      2834.4|        68|       1.6|
|       945.5|      360.54|      3122.8|     -2177.3|      1370.5|        70|       1.5|
|      1305.9|      419.33|      3002.2|     -1696.2|      1220.2|        71|       2.3|
|      970.22|      248.44|      3000.8|     -2030.6|      1349.3|        70|       1.8|
|      979.63|      738.94|        3585|     -2605.4|      2638.1|        68|       1.6|
|      854.34|       481.2|      3163.1|     -2308.8|      1597.4|        69|       1.6|
|      902.86|      627.49|      3386.6|     -2483.8|      2190.4|        69|       1.5|
|      866.86|      548.06|      3254.6|     -2387.8|      1851.8|        72|       1.6|
|      847.83|      614.55|      3347.2|     -2499.4|      2517.1|        90|       1.4|
|      887.41|      276.36|        2245|     -1357.6|      837.06|        90|       2.9|
|      563.06|      294.11|      2346.9|     -1783.8|      1388.8|        90|       1.7|
|      490.43|      353.63|      2310.2|     -1819.8|      1460.4|        90|       1.6|
|      316.44|      469.61|        2226|     -1909.6|        1586|        90|       1.5|
|     -253.14|      581.78|      2136.3|     -2389.5|        1905|        90|       1.5|
|     -265.79|      579.12|      2141.9|     -2407.6|      1941.5|        90|       1.5|
|     -279.32|       573.7|      2173.7|       -2453|      2039.9|        90|       1.5|
|     -289.25|       568.2|      2223.3|     -2512.5|      2163.5|        90|       1.6|
|     -292.19|      566.33|      2250.3|     -2542.5|      2219.2|        90|       1.5|
|     -293.65|      565.74|      2258.7|     -2552.4|      2231.4|        90|       1.6|
|     -297.14|      564.61|      2271.1|     -2568.2|      2242.4|        90|       1.5|
|     -299.61|      563.86|      2275.1|     -2574.7|      2241.3|        90|       1.5|
|     -322.23|      556.02|      2313.4|     -2635.6|      2217.7|        90|       1.5|
|     -338.26|      548.93|        2362|     -2700.3|      2175.5|        90|       1.5|
|     -339.98|      548.09|      2386.2|     -2726.1|      2136.7|        90|       1.5|
|     -340.33|       548.1|      2363.6|       -2704|      2121.3|        90|       1.6|
|      -340.4|      547.91|      2365.3|     -2705.7|      2137.3|        91|       1.6|
|     -340.42|      547.89|        2370|     -2710.4|      2135.1|        91|       1.6|
|     -340.43|      547.89|      2368.8|     -2709.2|      2135.3|        91|       1.6|
|     -340.44|      547.89|      2368.5|       -2709|      2135.4|        91|       1.6|
|     -340.54|      547.92|      2366.5|     -2707.1|      2134.6|        91|       1.6|
|     -340.67|      547.95|        2365|     -2705.7|      2133.4|        91|       1.6|
|     -340.87|      548.05|      2362.7|     -2703.6|        2129|        91|       1.6|
|     -340.94|      548.07|      2363.7|     -2704.6|      2128.2|        91|       1.7|
|     -340.96|       548.1|      2363.8|     -2704.8|      2126.4|        91|       1.7|
|     -340.97|       548.1|      2364.2|     -2705.2|      2126.5|        91|       1.7|
|     -340.97|       548.1|      2364.3|     -2705.3|      2127.1|        91|       1.7|
Optimization result:
  message: CONVERGENCE: RELATIVE REDUCTION OF F <= FACTR*EPSMCH
  success: True
   status: 0
      fun: -340.9679840063204
        x: [-4.605e+00 -2.235e-01 ...  3.401e+00 -1.965e+00]
      nit: 29
      jac: [ 1.895e-01 -4.593e-02 ... -1.611e+04 -3.358e-01]
     nfev: 37
     njev: 37
 hess_inv: <26x26 LbfgsInvHessProduct with dtype=float64>
|        logP|       dlogP|     y^T.K.y|     log|K| |     Cond(K)|  GPU time|  CPU time|
|------------|------------|------------|------------|------------|----------|----------|
|      2053.8|      622.21|      3576.4|     -1522.7|      1133.8|     1e+02|       3.3|
|      1566.7|      1400.6|        4534|     -2967.3|      3112.6|        84|       1.5|
|      2011.2|       615.8|        3545|     -1533.8|      1146.6|        97|         3|
|      936.44|      206.27|      3009.1|     -2072.7|        1292|        89|       1.6|
|      983.64|      774.84|      3617.1|     -2633.5|      2159.6|        85|       1.5|
|      829.66|      367.68|      3202.7|     -2373.1|      1639.7|        87|       1.4|
|      852.59|      192.11|      3059.5|     -2206.9|      1349.7|        87|       1.7|
|      768.24|      1461.3|        4374|     -3605.8|      4881.6|        84|       1.4|
|      836.74|      215.09|      3070.9|     -2234.1|      1397.5|        81|       1.5|
|      643.95|      809.66|      3331.6|     -2687.7|      2517.5|        65|       1.5|
|      653.02|      767.53|      3300.4|     -2647.3|        2408|        65|       1.5|
|      643.95|      809.66|      3331.6|     -2687.7|      2517.6|        65|       1.5|
|      431.45|      1211.8|        3872|     -3440.6|      4410.5|        64|       1.3|
|     -6.9329|      801.96|      3160.5|     -3167.5|      3090.9|        65|       1.5|
|     -94.887|      687.85|      2972.8|     -3067.7|      2847.3|        66|       1.4|
|     -175.28|      591.98|      2770.4|     -2945.7|      2693.3|        65|       1.5|
|     -231.38|      557.88|      2625.2|     -2856.6|      2793.7|        65|       1.3|
|     -192.78|      598.14|        2333|     -2525.8|      2526.8|        64|       1.4|
|      -256.1|      558.19|      2469.2|     -2725.3|      2828.5|        65|       1.4|
|     -268.45|      566.42|      2415.1|     -2683.6|      3030.6|        64|       1.5|
|     -285.04|      557.97|      2443.9|     -2728.9|      3096.8|        64|       1.4|
|     -291.57|      550.54|      2494.5|       -2786|        3281|        65|       1.3|
|     -292.43|      548.67|      2509.7|     -2802.1|      3356.6|        65|       1.3|
|     -293.41|      548.58|      2503.8|     -2797.2|      3348.7|        64|       1.3|
|      -294.9|       548.2|      2500.8|     -2795.7|      3341.7|        65|       1.3|
|     -297.07|      547.62|      2500.2|     -2797.3|      3335.2|        65|       1.3|
|      -299.8|      546.92|      2502.6|     -2802.4|      3332.5|        64|       1.3|
|     -306.68|      545.09|      2510.3|     -2816.9|      3329.5|        65|       1.3|
|     -312.45|       543.4|        2519|     -2831.5|        3332|        65|       1.3|
|     -334.95|       534.7|      2562.2|     -2897.2|      3340.8|        70|       1.3|
|     -338.03|      533.27|      2568.4|     -2906.4|      3338.7|   1.1e+02|       1.3|
|     -346.67|      528.39|      2596.3|       -2943|      3330.3|   2.4e+02|       1.2|
|     -347.35|      526.46|      2638.8|     -2986.1|        3322|   2.3e+02|       1.2|
|      -348.2|      527.51|      2601.3|     -2949.5|      3324.3|   2.3e+02|       1.2|
|      -348.6|      526.89|      2610.9|     -2959.5|      3321.4|   2.5e+02|       1.2|
|     -348.69|      526.65|      2615.7|     -2964.4|      3323.6|   2.6e+02|       1.2|
|     -348.71|       526.7|      2614.6|     -2963.3|      3323.1|   2.5e+02|       1.2|
|     -348.82|      526.87|      2611.7|     -2960.5|      3321.5|   2.4e+02|       1.2|
|     -349.11|      527.19|      2607.2|     -2956.3|        3319|   1.3e+02|       1.2|
|      -349.8|      527.89|      2599.6|     -2949.4|      3314.7|        71|       1.2|
|     -350.88|      529.19|      2588.9|     -2939.8|      3306.7|        70|       1.3|
|     -351.08|      528.89|      2592.4|     -2943.5|      3309.2|        66|       1.3|
|     -351.42|      527.97|      2606.3|     -2957.7|      3316.8|        66|       1.4|
|     -351.43|      528.05|      2605.1|     -2956.5|      3316.4|        66|       1.4|
|     -351.45|      528.14|      2604.1|     -2955.5|      3316.1|        66|       1.4|
|     -351.47|      528.16|        2604|     -2955.5|      3316.1|        66|       1.4|
|      -351.7|       528.4|      2603.7|     -2955.5|      3315.6|        66|       1.5|
|     -351.99|      528.69|      2604.1|     -2956.1|      3315.5|        66|       1.7|
|        -352|      528.66|      2604.5|     -2956.5|      3315.9|        66|       1.8|
|     -352.03|      528.65|      2604.1|     -2956.1|      3317.3|        66|       1.8|
|     -352.05|      528.72|        2603|       -2955|      3320.4|        66|       1.8|
|     -352.05|      528.72|      2602.9|     -2954.9|      3319.8|        67|       1.8|
|     -352.07|      528.75|      2602.5|     -2954.6|      3319.9|        66|       1.8|
|     -352.09|      528.78|      2602.2|     -2954.3|      3320.8|        66|       1.9|
|     -352.14|      528.81|      2602.6|     -2954.8|        3324|        66|       1.9|
|     -352.28|      528.92|      2602.8|     -2955.1|      3329.4|        67|       1.7|
|     -352.32|      528.92|      2603.8|     -2956.1|      3330.7|        67|       1.7|
|     -352.64|      529.15|      2611.3|     -2963.9|      3341.4|        67|       1.2|
|      -352.7|      529.35|      2612.4|     -2965.1|      3343.9|        67|       1.2|
|     -352.75|      529.78|      2611.8|     -2964.6|      3346.2|        67|       1.2|
|     -352.76|      529.89|      2609.8|     -2962.5|      3345.7|        67|       1.2|
|     -352.77|      529.89|      2608.4|     -2961.2|      3345.4|        67|       1.2|
|     -352.77|      529.89|      2608.6|     -2961.4|        3346|        67|       1.2|
Optimization result:
  message: CONVERGENCE: RELATIVE REDUCTION OF F <= FACTR*EPSMCH
  success: True
   status: 0
      fun: -352.76822927361627
        x: [-4.605e+00 -2.877e-01 ...  3.401e+00 -1.339e+00]
      nit: 51
      jac: [ 4.758e-01  3.388e+00 ... -1.550e+04  7.953e-02]
     nfev: 63
     njev: 63
 hess_inv: <26x26 LbfgsInvHessProduct with dtype=float64>
Running seed: 42
No hyperparameter optimization
|        logP|       dlogP|     y^T.K.y|     log|K| |     Cond(K)|  GPU time|  CPU time|
|------------|------------|------------|------------|------------|----------|----------|
|      1815.9|      738.54|        3324|     -1508.2|        1162|        78|       3.2|
|      1243.7|      1336.4|      4362.9|     -3119.2|      3072.5|        60|       1.1|
|        1766|      727.91|      3287.7|     -1521.7|      1174.1|        73|         3|
|      671.47|      262.57|        2782|     -2110.6|      1345.9|        65|       1.3|
|      700.78|      789.58|      3433.4|     -2732.6|      2006.4|        62|       1.4|
|       562.7|      418.39|      3006.3|     -2443.6|      1420.1|        63|       1.3|
|      605.79|      251.83|      2821.8|       -2216|      1363.1|        64|       1.4|
|       519.7|      1358.7|      4414.3|     -3894.6|      8647.5|        59|       1.1|
|       593.8|      259.06|      2828.4|     -2234.6|      1365.7|        64|       1.4|
|      334.93|      772.14|      3111.2|     -2776.3|        2341|        62|       1.3|
|      633.52|      1395.3|      4631.3|     -3997.8|       11858|        59|       1.1|
|      280.32|      990.54|      3419.1|     -3138.8|      3905.3|        61|         1|
|       333.3|      776.46|      3115.3|     -2782.1|      2359.1|        62|       1.2|
|      123.33|      1191.1|      3718.6|     -3595.3|      3685.2|        60|       1.2|
|     -332.48|      744.03|      2847.7|     -3180.2|      2348.1|        61|         3|
|     -396.88|      670.29|      2706.1|       -3103|      2281.4|        61|         3|
|     -500.12|       585.6|      2474.7|     -2974.8|      2163.3|        61|       3.2|
|     -593.62|      549.16|      2275.7|     -2869.3|      2304.1|        60|       3.2|
|     -604.52|      547.34|      2238.3|     -2842.8|      2280.5|        60|       2.8|
|     -609.15|      546.81|      2221.5|     -2830.6|      2253.9|        60|       2.5|
|     -611.41|      546.18|      2215.8|     -2827.2|      2263.8|        60|       2.4|
|     -612.56|      545.44|      2217.9|     -2830.5|      2275.3|        60|       2.4|
|     -614.05|      544.65|      2222.9|     -2836.9|      2292.3|        61|       2.4|
|     -617.95|      542.83|      2235.2|     -2853.1|      2332.1|        61|       2.4|
|     -623.53|      540.46|      2251.7|     -2875.2|      2388.2|        62|       2.3|
|     -628.86|      538.44|      2266.6|     -2895.5|      2444.1|        64|       2.2|
|     -634.07|      536.34|      2288.4|     -2922.4|      2477.9|        64|       2.1|
|     -634.06|      536.54|      2279.9|       -2914|      2470.9|        64|       2.1|
|     -634.08|      536.38|      2286.4|     -2920.5|      2476.3|        64|       2.1|
|     -634.07|      536.48|      2282.1|     -2916.2|      2472.7|        65|       2.1|
Optimization result:
  message: CONVERGENCE: RELATIVE REDUCTION OF F <= FACTR*EPSMCH
  success: True
   status: 0
      fun: -634.0716456595101
        x: [-4.605e+00 -2.877e-01 ...  3.401e+00  2.843e+00]
      nit: 18
      jac: [ 4.109e-01  9.215e-01 ... -1.584e+04  6.430e+00]
     nfev: 30
     njev: 30
 hess_inv: <26x26 LbfgsInvHessProduct with dtype=float64>
|        logP|       dlogP|     y^T.K.y|     log|K| |     Cond(K)|  GPU time|  CPU time|
|------------|------------|------------|------------|------------|----------|----------|
|      2146.1|      621.01|      3637.7|     -1491.6|      1136.6|        76|       3.1|
|      1855.4|      1473.4|      5075.3|     -3219.9|      3437.9|        64|       1.1|
|      2115.1|      611.52|      3616.8|     -1501.7|        1151|        70|       2.9|
|      1176.7|      217.98|      3311.2|     -2134.5|      1537.8|        66|       1.5|
|      1253.1|      876.16|      4063.4|     -2810.3|      2142.5|        65|       1.2|
|      1083.5|      449.68|      3574.2|     -2490.7|      1592.3|        65|       1.3|
|      1106.6|      238.61|      3378.5|     -2271.9|      1561.2|        66|       1.4|
|      1079.2|       353.1|      3485.8|     -2406.5|      1580.2|        66|       1.3|
|      954.14|      269.54|      3262.6|     -2308.5|      1571.4|        65|       1.3|
|      826.86|      261.08|      3025.1|     -2198.2|      1682.6|        64|       1.3|
|      386.45|      600.79|      2410.2|     -2023.7|      1931.4|        64|       2.5|
|      380.72|      601.87|      2395.8|     -2015.1|      1907.5|        64|       2.5|
|      353.18|      607.84|      2341.9|     -1988.7|      1837.7|        64|       2.5|
|      342.48|      609.09|      2327.9|     -1985.4|      1840.1|        64|       2.5|
|       340.3|      609.05|      2325.9|     -1985.6|      1843.9|        64|       2.5|
|      338.95|      608.71|      2326.3|     -1987.4|      1848.5|        64|       2.5|
|      336.25|      607.89|      2328.8|     -1992.6|      1863.4|        64|       2.5|
|      303.79|       596.3|      2370.6|     -2066.8|        2448|        65|       2.4|
|      300.21|      594.67|      2376.8|     -2076.6|        2554|        65|       2.4|
|      268.36|       564.6|      2515.6|     -2247.2|      3669.1|        66|       2.5|
|      289.48|       590.4|      2392.7|     -2103.2|      2814.2|        65|       2.4|
|      268.98|      578.03|      2443.8|     -2174.8|      3370.6|        65|       2.5|
|      265.61|      569.48|      2486.8|     -2221.2|        3593|        65|       2.5|
|      265.69|      572.57|      2470.4|     -2204.7|      3526.5|        65|       2.5|
|      270.89|       572.6|        2514|     -2243.1|      3227.8|        66|       2.6|
|      260.95|      570.92|      2487.2|     -2226.2|      3422.6|        66|       2.5|
|       272.9|      588.87|      2399.1|     -2126.2|      2716.8|        65|       2.4|
|      260.24|      579.49|      2439.8|     -2179.5|      3173.2|        65|       2.5|
|      258.89|      575.18|        2462|     -2203.2|      3317.8|        66|       2.5|
|      254.29|      572.34|      2470.8|     -2216.5|      3447.3|        66|       2.5|
|      252.98|      562.54|      2520.3|     -2267.4|      3806.8|        71|       2.4|
|      249.14|      567.72|      2489.8|     -2240.6|      3632.7|        66|       2.5|
|      247.81|      565.15|      2504.5|     -2256.7|      3691.9|        66|       2.5|
|      246.94|      565.43|      2503.9|       -2257|      3665.9|        66|       2.5|
|      246.63|      565.48|      2504.7|       -2258|      3657.7|        66|       2.5|
|      246.32|      565.48|      2505.3|       -2259|      3651.4|        66|       2.5|
|      245.74|      565.38|      2507.2|     -2261.5|      3644.7|        66|       2.5|
|      243.86|      564.85|      2516.9|       -2273|      3631.4|        66|       2.6|
|       243.4|      564.73|      2519.5|     -2276.1|      3631.2|        66|       2.5|
|      241.44|      564.18|      2533.1|     -2291.7|      3631.9|        66|       1.8|
|       241.2|      564.12|      2533.4|     -2292.2|        3633|        66|       1.8|
|      239.58|      563.83|      2534.5|       -2295|        3636|        66|       1.6|
|      236.01|      563.37|        2536|       -2300|      3636.2|        66|       1.9|
|      218.21|      561.88|      2542.9|     -2324.7|        3632|        66|       1.9|
|      217.54|      562.02|      2537.6|       -2320|      3624.4|        66|       1.9|
|      213.94|      563.36|      2509.7|     -2295.7|      3583.8|        66|       3.7|
|      212.19|      563.76|      2502.9|     -2290.7|      3578.4|        66|       5.5|
|      195.32|      567.95|      2462.9|     -2267.6|      3547.2|        66|       1.3|
|      188.19|      570.82|        2448|     -2259.8|      3533.8|        66|       1.5|
|      171.86|       576.7|      2433.9|     -2262.1|        3539|        66|       1.5|
|      28.875|      603.05|      2423.3|     -2394.4|      3716.1|        66|       1.3|
|      17.504|      600.99|      2431.2|     -2413.7|      3758.1|        67|       1.2|
|       987.6|      1479.2|      4794.9|     -3807.3|      8476.6|        66|         1|
|     -116.26|      542.23|      2880.6|     -2996.9|      6489.1|        66|       1.2|
|     -80.234|      571.77|      2573.7|     -2653.9|      4714.6|        66|       1.2|
|     -116.94|      548.21|      2734.8|     -2851.7|      5785.5|        66|       1.5|
|      933.11|      1493.1|      4727.6|     -3794.5|      5932.4|        66|       1.1|
|     -33.989|      646.81|      3223.4|     -3257.3|        6645|        66|       1.1|
|     -116.73|      548.84|        2932|     -3048.7|      6369.6|        66|       1.1|
|     -124.15|      542.54|      2833.6|     -2957.7|      6139.1|        66|       1.2|
|     -155.93|      543.84|        2816|     -2971.9|      5352.9|        66|       1.2|
|     -160.33|      541.06|        2814|     -2974.3|      5543.1|        66|       1.1|
|     -172.22|       534.4|      2857.7|       -3030|      5697.9|        66|       1.2|
|     -184.58|      526.43|        2927|     -3111.6|      5690.1|        66|       1.2|
|     -184.41|      526.44|        2944|     -3128.4|      5576.7|        66|       1.2|
|     -184.88|      526.26|      2931.5|     -3116.4|      5657.6|        66|       1.2|
|     -185.07|       527.6|      2911.7|     -3096.7|      5520.8|        66|       1.2|
|     -185.06|      527.32|      2912.1|     -3097.2|      5551.9|        66|       1.2|
|     -185.07|      527.54|      2911.8|     -3096.8|        5528|        66|       1.2|
|     -185.07|      527.59|      2911.7|     -3096.8|      5522.3|        66|       1.2|
|     -185.07|       527.6|      2911.7|     -3096.7|      5521.1|        66|       1.2|
|     -185.07|       527.6|      2911.7|     -3096.7|      5520.9|        66|       1.2|
|     -185.07|       527.6|      2911.7|     -3096.7|      5520.8|        66|       1.2|
|     -185.07|       527.6|      2911.7|     -3096.7|      5520.8|        66|       1.2|
|     -185.07|       527.6|      2911.7|     -3096.7|      5520.9|        66|       1.2|
|     -185.07|       527.6|      2911.7|     -3096.7|      5520.9|        66|       1.2|
Optimization result:
  message: CONVERGENCE: RELATIVE REDUCTION OF F <= FACTR*EPSMCH
  success: True
   status: 0
      fun: -185.06934719778292
        x: [-4.605e+00 -2.877e-01 ...  3.401e+00  3.078e+00]
      nit: 41
      jac: [ 9.763e-01  8.986e+00 ... -1.531e+04  2.501e+00]
     nfev: 76
     njev: 76
 hess_inv: <26x26 LbfgsInvHessProduct with dtype=float64>
|        logP|       dlogP|     y^T.K.y|     log|K| |     Cond(K)|  GPU time|  CPU time|
|------------|------------|------------|------------|------------|----------|----------|
|      1887.9|      569.89|      3369.4|     -1481.5|      1038.7|        79|         3|
|      1583.4|      1303.7|      4512.3|       -2929|      2919.8|        66|       1.9|
|      1858.4|      563.86|      3349.1|     -1490.8|        1052|        73|       2.8|
|       908.2|      217.51|      2942.7|     -2034.5|      1354.5|        69|       1.4|
|      1011.6|      744.09|      3610.2|     -2598.6|      1976.3|        67|       1.6|
|      838.36|      391.47|      3169.4|       -2331|      1431.6|        68|       1.5|
|      851.15|      209.43|      2990.6|     -2139.4|      1368.9|        68|       1.4|
|      633.98|      1380.7|      4190.9|     -3556.9|      4357.7|        66|       1.3|
|      837.32|         229|      3010.2|     -2172.9|      1372.5|        68|       1.5|
|      540.46|      1302.4|      4086.2|     -3545.8|      4617.8|        66|       1.3|
|      823.77|       259.7|        3032|     -2208.2|      1375.8|        68|       1.6|
|      621.18|      1355.3|        4223|     -3601.8|        4833|        66|       1.3|
|      821.04|      267.64|      3037.2|     -2216.1|      1376.5|        68|       1.6|
|      621.18|      1355.3|        4223|     -3601.8|      4833.1|        66|       1.3|
|      819.17|      273.36|      3040.8|     -2221.6|        1377|        68|       1.5|
|      621.18|      1355.3|        4223|     -3601.8|      4833.2|        66|       1.3|
|      817.88|      277.46|      3043.3|     -2225.4|      1377.3|        68|       1.5|
|      621.18|      1355.3|        4223|     -3601.8|      4833.1|        66|       1.3|
|      816.98|      280.38|      3045.1|     -2228.1|      1377.5|        68|       1.5|
|      621.18|      1355.3|        4223|     -3601.8|      4833.1|        66|       1.3|
|      816.34|      282.46|      3046.3|       -2230|      1377.7|        68|       1.5|
|      621.18|      1355.3|        4223|     -3601.8|      4833.1|        66|       1.3|
|       815.9|      283.94|      3047.2|     -2231.3|      1377.8|        68|       1.5|
|      621.18|      1355.3|        4223|     -3601.8|      4833.1|        66|       1.3|
|      815.58|         285|      3047.8|     -2232.3|      1377.8|        68|       1.5|
|      621.19|      1355.3|        4223|     -3601.8|        4833|        66|       1.3|
|      815.36|      285.75|      3048.3|     -2232.9|      1377.9|        68|       1.5|
|      730.62|      424.98|        3057|     -2326.4|      1518.5|        68|       1.6|
|      237.95|      913.83|      3301.3|     -3063.4|      3755.5|        66|       1.4|
|     -152.11|      718.71|      2976.2|     -3128.3|      3925.5|        66|       1.3|
|     -200.43|      682.38|      2905.1|     -3105.6|      3851.5|        66|       1.3|
|     -302.53|      583.78|      2634.3|     -2936.8|      3393.1|        66|       1.5|
|     -332.95|      554.78|      2514.4|     -2847.4|      3186.6|        66|       1.4|
|      -343.6|      547.66|      2450.3|     -2793.8|      3097.6|        66|       1.4|
|      -346.5|      546.87|      2426.7|     -2773.2|      3089.4|        66|       1.4|
|      -347.9|      546.28|      2427.7|     -2775.6|      3098.6|        66|       1.4|
|     -351.08|       544.7|      2442.4|     -2793.4|      3142.3|        66|       1.4|
|     -352.58|      544.17|      2445.8|     -2798.4|      3153.4|        66|       1.4|
|     -356.29|      542.98|      2452.8|     -2809.1|      3182.4|        66|       1.4|
|     -371.01|      538.05|      2481.3|     -2852.3|      3292.5|        66|       1.3|
|     -385.21|      527.09|      2601.1|     -2986.4|      3488.9|        66|       1.4|
|      -376.2|      535.97|      2494.1|     -2870.3|      3330.8|        66|       1.3|
|     -388.04|      528.48|      2560.1|     -2948.1|      3453.2|        66|       1.4|
|     -387.57|       529.4|      2547.7|     -2935.3|      3437.6|        66|       1.4|
|     -388.04|      528.48|      2560.1|     -2948.1|      3453.2|        66|       1.4|
|     -374.65|      536.77|      2481.1|     -2855.8|      3295.9|        66|       1.3|
|      -387.1|      530.05|      2537.1|     -2924.2|      3420.4|        66|       1.3|
|     -387.99|      528.84|      2553.7|     -2941.7|      3444.9|        66|       1.4|
|     -388.04|      528.56|      2558.6|     -2946.6|      3451.3|        66|       1.4|
|     -388.02|      528.74|      2555.3|     -2943.4|      3447.1|        66|       1.4|
|     -388.04|       528.6|      2557.9|     -2945.9|      3450.4|        66|       1.4|
|     -388.04|      528.57|      2558.4|     -2946.5|      3451.1|        66|       1.4|
|     -388.04|      528.56|      2558.6|     -2946.6|      3451.3|        66|       1.4|
Optimization result:
  message: CONVERGENCE: RELATIVE REDUCTION OF F <= FACTR*EPSMCH
  success: True
   status: 0
      fun: -388.0426169218781
        x: [-4.605e+00 -2.877e-01 ...  3.401e+00 -2.060e+00]
      nit: 24
      jac: [ 5.887e-01  2.682e+00 ... -1.529e+04 -1.325e+00]
     nfev: 53
     njev: 53
 hess_inv: <26x26 LbfgsInvHessProduct with dtype=float64>
|        logP|       dlogP|     y^T.K.y|     log|K| |     Cond(K)|  GPU time|  CPU time|
|------------|------------|------------|------------|------------|----------|----------|
|      2032.3|      662.88|        3525|     -1492.8|      1288.1|        81|       3.1|
|      2195.6|      1428.2|      5120.4|     -2924.8|      2666.5|        71|       1.7|
|        1224|      321.79|      3330.8|     -2106.8|      1578.2|        73|       1.5|
|      1470.5|      398.37|      3179.5|     -1708.9|      1491.9|        74|       2.5|
|      1299.6|        1494|      4853.2|     -3553.7|      4154.1|        71|       1.3|
|      1442.1|      377.65|      3169.8|     -1727.8|      1500.4|        74|       2.5|
|      1058.9|       567.8|      3338.4|     -2279.5|      1635.9|        73|       1.3|
|      1054.2|      1155.2|      4075.9|     -3021.7|      2955.2|        72|       1.3|
|        1042|      624.67|      3379.9|     -2337.9|      1661.7|        72|       1.2|
|      1008.2|      955.15|      3748.6|     -2740.4|      2323.5|        72|       1.6|
|      1022.4|      708.51|      3452.6|     -2430.2|      1709.3|        72|       1.5|
|      1306.8|      1486.5|      4893.6|     -3586.8|      4301.8|        71|       1.3|
|      1021.9|      1063.7|      3925.3|     -2903.4|      2734.6|        72|       1.3|
|        1016|      742.79|      3486.6|     -2470.6|      1783.8|        72|       1.7|
|      1315.4|      1561.4|      4831.9|     -3516.5|      2857.6|        71|       1.8|
|      1013.1|      1045.3|      3848.1|       -2835|      1953.9|        72|       1.2|
|      1014.2|       756.5|        3500|     -2485.8|      1798.7|        72|       1.8|
|      1315.4|      1561.4|      4831.9|     -3516.5|      2857.6|        71|       1.8|
|      1012.5|      1042.3|      3843.7|     -2831.2|      1951.7|        72|       1.2|
|        1013|      766.54|        3510|       -2497|      1808.8|        72|       1.8|
|      1315.4|      1561.4|      4831.9|     -3516.5|      2857.6|        71|       1.8|
|      1011.7|      1037.3|      3836.7|     -2824.9|      1948.1|        72|       1.2|
|      1012.2|      773.57|      3517.1|     -2504.9|      1815.4|        72|       1.8|
|      1315.4|      1561.4|      4831.9|     -3516.5|      2857.6|        71|       1.8|
|      1010.9|        1032|      3829.1|     -2818.2|      1944.2|        72|       1.2|
|      1011.6|      778.32|      3521.9|     -2510.3|      1819.6|        72|       1.7|
|      1315.4|      1561.4|      4831.9|     -3516.5|      2857.6|        72|       1.8|
|      1010.2|      1027.3|      3822.6|     -2812.3|      1940.7|        72|       1.2|
|      1011.3|      781.41|        3525|     -2513.8|      1822.3|        72|       1.7|
|      1315.4|      1561.4|      4831.9|     -3516.5|      2857.6|        71|       1.8|
|      1009.7|      1023.7|      3817.5|     -2807.8|      1938.1|        72|       1.2|
|      1011.1|      783.38|      3527.1|       -2516|      1823.9|        72|       1.7|
|      1315.4|      1561.4|      4831.9|     -3516.5|      2857.6|        71|       1.8|
|      1009.4|      1021.2|        3814|     -2804.6|      1936.2|        72|       1.2|
|      1010.9|       784.6|      3528.3|     -2517.4|      1824.9|        72|       1.7|
|      1315.4|      1561.4|      4831.9|     -3516.5|      2857.6|        72|       1.8|
|      1009.2|      1019.5|      3811.6|     -2802.5|        1935|        72|       1.2|
|      1010.8|      785.35|      3529.1|     -2518.2|      1825.5|        72|       1.7|
|      960.59|      1070.9|      3864.2|     -2903.7|      2044.7|        72|         2|
|      940.99|      1059.6|      3840.8|     -2899.8|      2044.4|        72|         2|
|      864.68|      1016.3|      3749.3|     -2884.6|        2043|        72|         2|
|      591.05|      869.02|      3416.3|     -2825.2|      2094.3|        72|       1.9|
|       154.1|      690.25|      3027.5|     -2873.4|      2236.1|        72|       2.5|
|      107.59|      656.28|      2935.2|     -2827.6|        2231|        72|       2.8|
|      28.294|       602.2|      2741.4|     -2713.1|      2215.3|        72|         2|
|     -9.4627|      580.14|      2617.4|     -2626.8|      2197.3|        72|       2.6|
|      -24.28|      573.64|      2543.5|     -2567.8|      2181.1|        72|       3.7|
|     -30.216|       573.1|      2499.5|     -2529.7|      2170.4|        72|       3.4|
|     -32.311|      572.41|      2480.8|     -2513.1|      2162.9|        72|       2.5|
|     -33.065|      572.32|      2478.2|     -2511.3|      2161.5|        72|       1.9|
|     -37.217|      571.79|      2475.5|     -2512.8|        2158|        72|       2.9|
|     -39.403|       571.2|      2478.1|     -2517.5|      2157.8|        72|       2.5|
|     -41.686|      560.84|      2686.1|     -2727.8|      2227.4|        72|       1.8|
|     -62.487|      561.88|      2531.7|     -2594.2|      2156.2|        72|       1.4|
|     -59.909|      563.28|      2524.9|     -2584.8|      2158.5|        72|       1.9|
|     -62.361|      561.97|      2531.3|     -2593.6|      2156.4|        72|       1.4|
|      -62.48|      561.89|      2531.7|     -2594.2|      2156.2|        72|       1.4|
|     -62.487|      561.88|      2531.7|     -2594.2|      2156.2|        72|       1.4|
|     -62.482|      561.89|      2531.7|     -2594.2|      2156.3|        72|       1.4|
|     -62.486|      561.88|      2531.7|     -2594.2|      2156.3|        72|       1.4|
|     -62.487|      561.88|      2531.7|     -2594.2|      2156.2|        72|       1.4|
|     -62.487|      561.88|      2531.7|     -2594.2|      2156.2|        72|       1.4|
|     -62.487|      561.88|      2531.7|     -2594.2|      2156.2|        72|       1.4|
Optimization result:
  message: CONVERGENCE: RELATIVE REDUCTION OF F <= FACTR*EPSMCH
  success: True
   status: 0
      fun: -62.48692852032218
        x: [-4.605e+00 -2.818e-01 ...  3.401e+00 -1.861e+00]
      nit: 25
      jac: [ 2.810e-01  3.508e-01 ... -1.647e+04  2.514e-01]
     nfev: 63
     njev: 63
 hess_inv: <26x26 LbfgsInvHessProduct with dtype=float64>
|        logP|       dlogP|     y^T.K.y|     log|K| |     Cond(K)|  GPU time|  CPU time|
|------------|------------|------------|------------|------------|----------|----------|
|      1851.9|      505.57|      3340.3|     -1488.4|      984.23|        79|       3.2|
|      1746.6|      1441.8|      4728.8|     -2982.2|      3046.7|        63|       1.6|
|      1823.2|      502.22|      3322.1|     -1498.9|       991.8|        73|       2.9|
|      1048.1|      178.82|      3127.8|     -2079.7|      1144.3|        67|       1.5|
|      933.33|      1454.5|      4556.9|     -3623.5|        5249|        63|       1.2|
|      1034.3|      185.89|      3139.1|     -2104.8|      1149.1|        67|       1.5|
|      802.75|      722.21|      3414.2|     -2611.5|      2296.2|        65|       1.5|
|      791.88|      1216.9|      4013.8|     -3221.9|      4135.2|        64|       1.3|
|      793.11|      760.34|      3443.7|     -2650.6|      2409.7|        65|       1.4|
|      933.33|      1454.5|      4556.9|     -3623.5|        5249|        63|       1.2|
|      770.44|      1123.7|      3855.8|     -3085.3|      3726.5|        64|       1.4|
|      785.98|      792.14|        3470|     -2684.1|      2508.1|        64|       1.4|
|      933.32|      1454.5|      4556.9|     -3623.5|        5249|        63|       1.2|
|      769.04|      1114.1|        3841|     -3071.9|      3686.1|        64|       1.3|
|      782.39|       809.8|      3485.3|     -2702.9|      2564.2|        64|       1.6|
|      933.32|      1454.5|      4556.9|     -3623.5|        5249|        63|       1.2|
|      766.68|      1095.1|      3812.6|     -3045.9|      3606.9|        64|       1.3|
|      780.59|      819.17|      3493.6|       -2713|      2594.3|        64|       1.6|
|      933.33|      1454.5|      4556.9|     -3623.5|        5249|        63|         2|
|      764.73|      1074.8|      3783.4|     -3018.7|      3524.1|        64|       1.3|
|      779.73|       823.8|      3497.8|     -2718.1|      2609.3|        64|       1.6|
|       932.9|      1453.5|      4556.6|     -3623.8|        5249|        63|       3.1|
|      763.62|      1059.8|      3762.4|     -2998.8|      3463.6|        64|       1.6|
|      779.35|      825.92|      3499.7|     -2720.4|      2616.3|        64|       1.6|
|      933.33|      1454.5|      4556.9|     -3623.5|        5249|        63|       1.1|
|      763.14|      1051.1|      3750.6|     -2987.5|        3429|        64|       1.1|
|      779.18|      826.83|      3500.5|     -2721.4|      2619.2|        64|       1.6|
|      933.33|      1454.5|      4556.9|     -3623.5|        5249|        63|       1.2|
|      762.93|        1047|      3745.1|     -2982.2|      3412.7|        64|       1.2|
|      779.11|       827.2|      3500.9|     -2721.8|      2620.4|        64|       1.6|
|      933.33|      1454.5|      4556.9|     -3623.5|        5249|        63|       1.1|
|      762.85|      1045.3|      3742.7|     -2979.9|      3405.8|        64|       1.3|
|      779.08|      827.35|        3501|     -2721.9|      2620.9|        64|       1.6|
|      930.25|      1451.3|      4554.4|     -3624.1|        5249|        63|       1.3|
|      762.81|      1044.5|      3741.8|       -2979|      3402.9|        65|       4.7|
|      779.07|      827.41|      3501.1|       -2722|      2621.1|        64|       1.6|
|      661.39|      1133.3|      3879.9|     -3218.5|      4212.7|        64|       1.3|
|      570.95|      996.28|        3649|     -3078.1|      3834.2|        64|       2.1|
|      169.47|      792.05|      3336.5|       -3167|      4243.8|        64|       1.2|
|      74.204|      734.02|      3242.5|     -3168.3|      4269.5|        64|       1.2|
|     -20.126|      650.67|      3049.4|     -3069.5|      4074.6|        64|       1.3|
|     -114.35|      580.79|      2821.2|     -2935.5|      3842.4|        64|       1.6|
|     -147.32|      561.03|      2708.7|       -2856|        3694|        64|         5|
|     -167.41|      550.76|      2614.5|     -2781.9|      3576.9|        64|       1.5|
|     -172.21|       551.2|      2567.3|     -2739.5|        3436|        64|       2.2|
|     -173.82|       551.2|      2542.4|     -2716.3|      3371.1|        64|       2.6|
|     -174.12|      551.12|      2541.8|     -2715.9|        3368|        64|       2.1|
|     -175.71|       550.9|      2541.7|     -2717.4|      3357.9|        64|       1.9|
|      -177.5|      550.51|      2544.8|     -2722.3|      3363.3|        64|       2.2|
|     -182.06|      549.68|      2552.3|     -2734.4|      3370.4|        64|       2.5|
|        -186|      548.92|      2558.9|     -2744.9|      3374.2|        64|       1.9|
|     -197.14|      546.41|      2583.2|     -2780.3|      3391.2|        64|       3.4|
|     -205.86|      544.01|      2621.7|     -2827.5|      3420.4|        64|       7.3|
|     -206.76|      543.76|      2633.4|     -2840.2|      3432.7|        65|       6.9|
|      -206.2|      544.34|      2665.5|     -2871.7|      3473.9|        65|       1.7|
|     -206.98|      543.72|      2640.6|     -2847.6|      3441.9|        66|       5.1|
|     -206.81|      543.97|      2658.6|     -2865.5|      3471.5|        65|       1.7|
|     -207.04|      543.73|      2645.2|     -2852.2|      3449.4|        65|       2.7|
|     -206.51|      544.29|      2664.5|       -2871|      3480.3|        66|       1.7|
|     -207.05|      543.77|      2647.9|     -2854.9|      3453.6|        65|       1.9|
|     -206.94|      544.06|      2660.1|     -2867.1|      3481.1|        66|       1.7|
|     -207.06|      543.81|      2650.9|     -2857.9|      3460.3|        65|       1.8|
|     -206.36|       544.6|      2669.3|     -2875.7|      3494.7|        66|       1.7|
|     -207.04|      543.86|      2652.6|     -2859.7|      3463.5|        65|       1.7|
|     -207.06|      543.82|      2651.1|     -2858.2|      3460.8|        65|       1.8|
|     -207.06|      543.82|      2650.9|       -2858|      3460.4|        65|       1.8|
|     -207.06|      543.82|      2651.1|     -2858.1|      3460.7|        65|       1.8|
|     -207.06|      543.82|      2650.9|       -2858|      3460.5|        65|       1.8|
|     -207.06|      543.82|      2650.9|       -2858|      3460.4|        65|       1.8|
|     -207.06|      543.82|      2650.9|       -2858|      3460.5|        65|       1.8|
Optimization result:
  message: CONVERGENCE: RELATIVE REDUCTION OF F <= FACTR*EPSMCH
  success: True
   status: 0
      fun: -207.05970746193407
        x: [-4.605e+00 -2.599e-01 ...  3.401e+00 -1.898e+00]
      nit: 34
      jac: [ 3.329e-01  9.500e-01 ... -1.604e+04 -1.851e+00]
     nfev: 70
     njev: 70
 hess_inv: <26x26 LbfgsInvHessProduct with dtype=float64>
Average scores:	 rmse: 0.37±0.04	 r2: 0.83±0.04
Filename: (MG-COUNT)_(MGK_Graph-Matern32_product)_hypOFF_feat_transformerOFF_target_transformerOFF

------------------------------------------------------------
Sender: LSF System <lsfadmin@gpu04>
Subject: Job 795600: <structure_numerical_20260420> in cluster <Hazel> Done

Job <structure_numerical_20260420> was submitted from host <gpu04> by user <sdehgha2> in cluster <Hazel> at Mon Apr 20 16:34:25 2026
Job was executed on host(s) <gpu04>, in queue <gpu>, as user <sdehgha2> in cluster <Hazel> at Mon Apr 20 16:34:25 2026
</home/sdehgha2> was used as the home directory.
</share/ddomlab/sdehgha2/working_space/GP_collab/code_python/training/hpc_submit_training_GP> was used as the working directory.
Started at Mon Apr 20 16:34:25 2026
Terminated at Tue Apr 21 08:13:13 2026
Results reported at Tue Apr 21 08:13:13 2026

Your job looked like:

------------------------------------------------------------
# LSBATCH: User input


#BSUB -n 1
#BSUB -W 20:40
#BSUB -q gpu
#BSUB -gpu "num=1:mode=shared:mps=no"
#BSUB -R "rusage[mem=32GB]"
#BSUB -J "structure_numerical_20260420"
#BSUB -o "/share/ddomlab/sdehgha2/working_space/GP_collab/results/HPC_history/hpc_20260420/Machine Learning for Polymer Design to Enhance Pervaporation-Based Organic Recovery/MGK_product_GPU.out"
#BSUB -e "/share/ddomlab/sdehgha2/working_space/GP_collab/results/HPC_history/hpc_20260420/Machine Learning for Polymer Design to Enhance Pervaporation-Based Organic Recovery/MGK_product_GPU.err"

source ~/.bashrc
module load cuda/12.1
module load gcc/9.3.0
conda activate /usr/local/usrapps/ddomlab/sdehgha2/env12

python ../train_structure_numerical.py  --Kernel_mixing_method product                                         --paper "Machine Learning for Polymer Design to Enhance Pervaporation-Based Organic Recovery"                                         --dataset "separation_data_imputed"


------------------------------------------------------------

Successfully completed.

Resource usage summary:

    CPU time :                                   56154.68 sec.
    Max Memory :                                 3 GB
    Average Memory :                             1.11 GB
    Total Requested Memory :                     32.00 GB
    Delta Memory :                               29.00 GB
    Max Swap :                                   -
    Max Processes :                              14
    Max Threads :                                18
    Run time :                                   56310 sec.
    Turnaround time :                            56328 sec.

The output (if any) is above this job summary.



PS:

Read file </share/ddomlab/sdehgha2/working_space/GP_collab/results/HPC_history/hpc_20260420/Machine Learning for Polymer Design to Enhance Pervaporation-Based Organic Recovery/MGK_product_GPU.err> for stderr output of this job.

