[Parallel(n_jobs=8)]: Using backend LokyBackend with 8 concurrent workers.
[Parallel(n_jobs=8)]: Done  34 tasks      | elapsed:   21.1s
[Parallel(n_jobs=8)]: Done 256 out of 256 | elapsed:   21.1s finished
[Parallel(n_jobs=4)]: Using backend LokyBackend with 4 concurrent workers.
[Parallel(n_jobs=4)]: Done  22 out of  22 | elapsed:    2.3s finished
[I 2026-05-01 09:56:11,381] Using an existing study with name 'optuna-study' instead of creating a new one.
/gpfs_common/share03/ddomlab/sdehgha2/working_space/GP_collab/code_python/training/MGK_and_tools/mgktools/mgktools/kernels/base.py:225: UserWarning: The distribution is specified by [0.1, 30] and step=1, but the range is not divisible by `step`. It will be replaced with [0.1, 29.1].
  self.unique_name: trial.suggest_float(
[W 2026-05-01 09:56:15,505] Trial 2 failed with parameters: {'0:atom_AtomicNumber:kDelta': 1.0, '0:atom_AtomicNumber_list_1:kConv': 0.8, '0:atom_AtomicNumber_list_2:kConv': 0.95, '0:atom_AtomicNumber_list_3:kConv': 0.75, '0:atom_AtomicNumber_list_4:kConv': 0.75, '0:atom_MorganHash:kDelta': 0.9, '0:atom_Ring_count:kDelta': 0.9, '0:atom_RingSize_list:kConv': 0.85, '0:atom_Hcount:kDelta': 0.85, '0:atom_AtomicNumber_count_1:kDelta': 0.9, '0:atom_AtomicNumber_count_2:kDelta': 0.85, '0:atom_Chiral:kDelta': 0.95, '0:bond_Order:kDelta': 0.9, '0:bond_Stereo:kDelta': 0.9, '0:bond_RingStereo:kDelta': 0.9, '0:q:q': 0.5, '0:features_kernel:Matern32': 24.1, 'alpha': 0.042} because of the following error: IndexError('index 11 is out of bounds for axis 1 with size 11').
Traceback (most recent call last):
  File "/usr/local/usrapps/ddomlab/sdehgha2/env12/lib/python3.12/site-packages/optuna/study/_optimize.py", line 206, in _run_trial
    value_or_values = func(trial)
                      ^^^^^^^^^^^
  File "/gpfs_common/share03/ddomlab/sdehgha2/working_space/GP_collab/code_python/training/MGK_and_tools/mgktools/mgktools/hyperparameters/optuna.py", line 255, in objective
    score = evaluate_model(
            ^^^^^^^^^^^^^^^
  File "/gpfs_common/share03/ddomlab/sdehgha2/working_space/GP_collab/code_python/training/MGK_and_tools/mgktools/mgktools/hyperparameters/optuna.py", line 68, in evaluate_model
    score = evaluator.run_cross_validation()
            ^^^^^^^^^^^^^^^^^^^^^^^^^^^^^^^^
  File "/gpfs_common/share03/ddomlab/sdehgha2/working_space/GP_collab/code_python/training/MGK_and_tools/mgktools/mgktools/evaluators/cross_validation.py", line 170, in run_cross_validation
    df_predict, df_ = self.evaluate_train_test(dataset_train, dataset_test)
                      ^^^^^^^^^^^^^^^^^^^^^^^^^^^^^^^^^^^^^^^^^^^^^^^^^^^^^
  File "/gpfs_common/share03/ddomlab/sdehgha2/working_space/GP_collab/code_python/training/MGK_and_tools/mgktools/mgktools/evaluators/cross_validation.py", line 278, in evaluate_train_test
    self.fit(dataset_train.X, dataset_train.y[:, i])
  File "/gpfs_common/share03/ddomlab/sdehgha2/working_space/GP_collab/code_python/training/MGK_and_tools/mgktools/mgktools/evaluators/cross_validation.py", line 328, in fit
    self.model.fit(X, y)
  File "/usr/local/usrapps/ddomlab/sdehgha2/env12/lib/python3.12/site-packages/sklearn/base.py", line 1336, in wrapper
    return fit_method(estimator, *args, **kwargs)
           ^^^^^^^^^^^^^^^^^^^^^^^^^^^^^^^^^^^^^^
  File "/usr/local/usrapps/ddomlab/sdehgha2/env12/lib/python3.12/site-packages/sklearn/pipeline.py", line 621, in fit
    self._final_estimator.fit(Xt, y, **last_step_params["fit"])
  File "/usr/local/usrapps/ddomlab/sdehgha2/env12/lib/python3.12/site-packages/sklearn/base.py", line 1336, in wrapper
    return fit_method(estimator, *args, **kwargs)
           ^^^^^^^^^^^^^^^^^^^^^^^^^^^^^^^^^^^^^^
  File "/usr/local/usrapps/ddomlab/sdehgha2/env12/lib/python3.12/site-packages/sklearn/compose/_target.py", line 293, in fit
    self.regressor_.fit(X, y_trans, **routed_params.regressor.fit)
  File "/gpfs_common/share03/ddomlab/sdehgha2/working_space/GP_collab/code_python/training/MGK_and_tools/mgktools/mgktools/models/regression/gpr/gpr.py", line 135, in fit
    self._estimator.fit(
  File "/usr/local/usrapps/ddomlab/sdehgha2/env12/lib/python3.12/site-packages/graphdot/model/gaussian_process/gpr.py", line 132, in fit
    K = self._gramian(self.alpha, self._X)
        ^^^^^^^^^^^^^^^^^^^^^^^^^^^^^^^^^^
  File "/usr/local/usrapps/ddomlab/sdehgha2/env12/lib/python3.12/site-packages/graphdot/model/gaussian_process/base.py", line 94, in _gramian
    K = kernel(X, **self.kernel_options)
        ^^^^^^^^^^^^^^^^^^^^^^^^^^^^^^^^
  File "/gpfs_common/share03/ddomlab/sdehgha2/working_space/GP_collab/code_python/training/MGK_and_tools/mgktools/mgktools/kernels/HybridKernel.py", line 49, in __call__
    X_list = self.get_X_list(X)
             ^^^^^^^^^^^^^^^^^^
  File "/gpfs_common/share03/ddomlab/sdehgha2/working_space/GP_collab/code_python/training/MGK_and_tools/mgktools/mgktools/kernels/HybridKernel.py", line 33, in get_X_list
    X_list = list(map(f, self.composition))
             ^^^^^^^^^^^^^^^^^^^^^^^^^^^^^^
  File "/gpfs_common/share03/ddomlab/sdehgha2/working_space/GP_collab/code_python/training/MGK_and_tools/mgktools/mgktools/kernels/HybridKernel.py", line 30, in f
    return X[:, c]
           ~^^^^^^
IndexError: index 11 is out of bounds for axis 1 with size 11
[W 2026-05-01 09:56:15,547] Trial 2 failed with value None.
Traceback (most recent call last):
  File "/gpfs_common/share03/ddomlab/sdehgha2/working_space/GP_collab/code_python/training/hpc_submit_training_GP/../train_structure_numerical.py", line 98, in <module>
    main_structural_numerical(
  File "/gpfs_common/share03/ddomlab/sdehgha2/working_space/GP_collab/code_python/training/hpc_submit_training_GP/../train_structure_numerical.py", line 49, in main_structural_numerical
    scores, predictions  =   train_regressor(
                             ^^^^^^^^^^^^^^^^
  File "/gpfs_common/share03/ddomlab/sdehgha2/working_space/GP_collab/code_python/training/training_utils_gp_special.py", line 89, in train_regressor
    scores, predictions = _prepare_data(
                          ^^^^^^^^^^^^^^
  File "/gpfs_common/share03/ddomlab/sdehgha2/working_space/GP_collab/code_python/training/training_utils_gp_special.py", line 201, in _prepare_data
    score,predication = run(
                        ^^^^
  File "/gpfs_common/share03/ddomlab/sdehgha2/working_space/GP_collab/code_python/training/training_utils_gp_special.py", line 301, in run
    alpha = bayesian_optimization(
            ^^^^^^^^^^^^^^^^^^^^^^
  File "/gpfs_common/share03/ddomlab/sdehgha2/working_space/GP_collab/code_python/training/MGK_and_tools/mgktools/mgktools/hyperparameters/optuna.py", line 290, in bayesian_optimization
    study.optimize(objective, n_trials=n_to_run)
  File "/usr/local/usrapps/ddomlab/sdehgha2/env12/lib/python3.12/site-packages/optuna/study/study.py", line 490, in optimize
    _optimize(
  File "/usr/local/usrapps/ddomlab/sdehgha2/env12/lib/python3.12/site-packages/optuna/study/_optimize.py", line 68, in _optimize
    _optimize_sequential(
  File "/usr/local/usrapps/ddomlab/sdehgha2/env12/lib/python3.12/site-packages/optuna/study/_optimize.py", line 165, in _optimize_sequential
    frozen_trial_id = _run_trial(study, func, catch)
                      ^^^^^^^^^^^^^^^^^^^^^^^^^^^^^^
  File "/usr/local/usrapps/ddomlab/sdehgha2/env12/lib/python3.12/site-packages/optuna/study/_optimize.py", line 263, in _run_trial
    raise func_err
  File "/usr/local/usrapps/ddomlab/sdehgha2/env12/lib/python3.12/site-packages/optuna/study/_optimize.py", line 206, in _run_trial
    value_or_values = func(trial)
                      ^^^^^^^^^^^
  File "/gpfs_common/share03/ddomlab/sdehgha2/working_space/GP_collab/code_python/training/MGK_and_tools/mgktools/mgktools/hyperparameters/optuna.py", line 255, in objective
    score = evaluate_model(
            ^^^^^^^^^^^^^^^
  File "/gpfs_common/share03/ddomlab/sdehgha2/working_space/GP_collab/code_python/training/MGK_and_tools/mgktools/mgktools/hyperparameters/optuna.py", line 68, in evaluate_model
    score = evaluator.run_cross_validation()
            ^^^^^^^^^^^^^^^^^^^^^^^^^^^^^^^^
  File "/gpfs_common/share03/ddomlab/sdehgha2/working_space/GP_collab/code_python/training/MGK_and_tools/mgktools/mgktools/evaluators/cross_validation.py", line 170, in run_cross_validation
    df_predict, df_ = self.evaluate_train_test(dataset_train, dataset_test)
                      ^^^^^^^^^^^^^^^^^^^^^^^^^^^^^^^^^^^^^^^^^^^^^^^^^^^^^
  File "/gpfs_common/share03/ddomlab/sdehgha2/working_space/GP_collab/code_python/training/MGK_and_tools/mgktools/mgktools/evaluators/cross_validation.py", line 278, in evaluate_train_test
    self.fit(dataset_train.X, dataset_train.y[:, i])
  File "/gpfs_common/share03/ddomlab/sdehgha2/working_space/GP_collab/code_python/training/MGK_and_tools/mgktools/mgktools/evaluators/cross_validation.py", line 328, in fit
    self.model.fit(X, y)
  File "/usr/local/usrapps/ddomlab/sdehgha2/env12/lib/python3.12/site-packages/sklearn/base.py", line 1336, in wrapper
    return fit_method(estimator, *args, **kwargs)
           ^^^^^^^^^^^^^^^^^^^^^^^^^^^^^^^^^^^^^^
  File "/usr/local/usrapps/ddomlab/sdehgha2/env12/lib/python3.12/site-packages/sklearn/pipeline.py", line 621, in fit
    self._final_estimator.fit(Xt, y, **last_step_params["fit"])
  File "/usr/local/usrapps/ddomlab/sdehgha2/env12/lib/python3.12/site-packages/sklearn/base.py", line 1336, in wrapper
    return fit_method(estimator, *args, **kwargs)
           ^^^^^^^^^^^^^^^^^^^^^^^^^^^^^^^^^^^^^^
  File "/usr/local/usrapps/ddomlab/sdehgha2/env12/lib/python3.12/site-packages/sklearn/compose/_target.py", line 293, in fit
    self.regressor_.fit(X, y_trans, **routed_params.regressor.fit)
  File "/gpfs_common/share03/ddomlab/sdehgha2/working_space/GP_collab/code_python/training/MGK_and_tools/mgktools/mgktools/models/regression/gpr/gpr.py", line 135, in fit
    self._estimator.fit(
  File "/usr/local/usrapps/ddomlab/sdehgha2/env12/lib/python3.12/site-packages/graphdot/model/gaussian_process/gpr.py", line 132, in fit
    K = self._gramian(self.alpha, self._X)
        ^^^^^^^^^^^^^^^^^^^^^^^^^^^^^^^^^^
  File "/usr/local/usrapps/ddomlab/sdehgha2/env12/lib/python3.12/site-packages/graphdot/model/gaussian_process/base.py", line 94, in _gramian
    K = kernel(X, **self.kernel_options)
        ^^^^^^^^^^^^^^^^^^^^^^^^^^^^^^^^
  File "/gpfs_common/share03/ddomlab/sdehgha2/working_space/GP_collab/code_python/training/MGK_and_tools/mgktools/mgktools/kernels/HybridKernel.py", line 49, in __call__
    X_list = self.get_X_list(X)
             ^^^^^^^^^^^^^^^^^^
  File "/gpfs_common/share03/ddomlab/sdehgha2/working_space/GP_collab/code_python/training/MGK_and_tools/mgktools/mgktools/kernels/HybridKernel.py", line 33, in get_X_list
    X_list = list(map(f, self.composition))
             ^^^^^^^^^^^^^^^^^^^^^^^^^^^^^^
  File "/gpfs_common/share03/ddomlab/sdehgha2/working_space/GP_collab/code_python/training/MGK_and_tools/mgktools/mgktools/kernels/HybridKernel.py", line 30, in f
    return X[:, c]
           ~^^^^^^
IndexError: index 11 is out of bounds for axis 1 with size 11
[Parallel(n_jobs=8)]: Using backend LokyBackend with 8 concurrent workers.
[Parallel(n_jobs=8)]: Done  34 tasks      | elapsed:   21.1s
[Parallel(n_jobs=8)]: Done 256 out of 256 | elapsed:   21.2s finished
[Parallel(n_jobs=4)]: Using backend LokyBackend with 4 concurrent workers.
[Parallel(n_jobs=4)]: Done  22 out of  22 | elapsed:    2.3s finished
[I 2026-05-01 10:02:39,148] Using an existing study with name 'optuna-study' instead of creating a new one.
/gpfs_common/share03/ddomlab/sdehgha2/working_space/GP_collab/code_python/training/MGK_and_tools/mgktools/mgktools/kernels/base.py:225: UserWarning: The distribution is specified by [0.1, 30] and step=1, but the range is not divisible by `step`. It will be replaced with [0.1, 29.1].
  self.unique_name: trial.suggest_float(
[W 2026-05-01 10:02:43,083] Trial 3 failed with parameters: {'0:atom_AtomicNumber:kDelta': 1.0, '0:atom_AtomicNumber_list_1:kConv': 0.8, '0:atom_AtomicNumber_list_2:kConv': 0.95, '0:atom_AtomicNumber_list_3:kConv': 0.75, '0:atom_AtomicNumber_list_4:kConv': 0.75, '0:atom_MorganHash:kDelta': 0.9, '0:atom_Ring_count:kDelta': 0.9, '0:atom_RingSize_list:kConv': 0.85, '0:atom_Hcount:kDelta': 0.85, '0:atom_AtomicNumber_count_1:kDelta': 0.9, '0:atom_AtomicNumber_count_2:kDelta': 0.85, '0:atom_Chiral:kDelta': 0.95, '0:bond_Order:kDelta': 0.9, '0:bond_Stereo:kDelta': 0.9, '0:bond_RingStereo:kDelta': 0.9, '0:q:q': 0.5, '0:features_kernel:Matern32': 24.1, 'alpha': 0.042} because of the following error: ValueError("could not convert string to float: '*/C=C/c1cc(OCC(CC)CCCC)c(*)cc1OC'").
Traceback (most recent call last):
  File "/usr/local/usrapps/ddomlab/sdehgha2/env12/lib/python3.12/site-packages/optuna/study/_optimize.py", line 206, in _run_trial
    value_or_values = func(trial)
                      ^^^^^^^^^^^
  File "/gpfs_common/share03/ddomlab/sdehgha2/working_space/GP_collab/code_python/training/MGK_and_tools/mgktools/mgktools/hyperparameters/optuna.py", line 255, in objective
    score = evaluate_model(
            ^^^^^^^^^^^^^^^
  File "/gpfs_common/share03/ddomlab/sdehgha2/working_space/GP_collab/code_python/training/MGK_and_tools/mgktools/mgktools/hyperparameters/optuna.py", line 68, in evaluate_model
    score = evaluator.run_cross_validation()
            ^^^^^^^^^^^^^^^^^^^^^^^^^^^^^^^^
  File "/gpfs_common/share03/ddomlab/sdehgha2/working_space/GP_collab/code_python/training/MGK_and_tools/mgktools/mgktools/evaluators/cross_validation.py", line 170, in run_cross_validation
    df_predict, df_ = self.evaluate_train_test(dataset_train, dataset_test)
                      ^^^^^^^^^^^^^^^^^^^^^^^^^^^^^^^^^^^^^^^^^^^^^^^^^^^^^
  File "/gpfs_common/share03/ddomlab/sdehgha2/working_space/GP_collab/code_python/training/MGK_and_tools/mgktools/mgktools/evaluators/cross_validation.py", line 278, in evaluate_train_test
    self.fit(dataset_train.X, dataset_train.y[:, i])
  File "/gpfs_common/share03/ddomlab/sdehgha2/working_space/GP_collab/code_python/training/MGK_and_tools/mgktools/mgktools/evaluators/cross_validation.py", line 328, in fit
    self.model.fit(X, y)
  File "/usr/local/usrapps/ddomlab/sdehgha2/env12/lib/python3.12/site-packages/sklearn/base.py", line 1336, in wrapper
    return fit_method(estimator, *args, **kwargs)
           ^^^^^^^^^^^^^^^^^^^^^^^^^^^^^^^^^^^^^^
  File "/usr/local/usrapps/ddomlab/sdehgha2/env12/lib/python3.12/site-packages/sklearn/pipeline.py", line 621, in fit
    self._final_estimator.fit(Xt, y, **last_step_params["fit"])
  File "/usr/local/usrapps/ddomlab/sdehgha2/env12/lib/python3.12/site-packages/sklearn/base.py", line 1336, in wrapper
    return fit_method(estimator, *args, **kwargs)
           ^^^^^^^^^^^^^^^^^^^^^^^^^^^^^^^^^^^^^^
  File "/usr/local/usrapps/ddomlab/sdehgha2/env12/lib/python3.12/site-packages/sklearn/compose/_target.py", line 293, in fit
    self.regressor_.fit(X, y_trans, **routed_params.regressor.fit)
  File "/gpfs_common/share03/ddomlab/sdehgha2/working_space/GP_collab/code_python/training/MGK_and_tools/mgktools/mgktools/models/regression/gpr/gpr.py", line 135, in fit
    self._estimator.fit(
  File "/usr/local/usrapps/ddomlab/sdehgha2/env12/lib/python3.12/site-packages/graphdot/model/gaussian_process/gpr.py", line 132, in fit
    K = self._gramian(self.alpha, self._X)
        ^^^^^^^^^^^^^^^^^^^^^^^^^^^^^^^^^^
  File "/usr/local/usrapps/ddomlab/sdehgha2/env12/lib/python3.12/site-packages/graphdot/model/gaussian_process/base.py", line 94, in _gramian
    K = kernel(X, **self.kernel_options)
        ^^^^^^^^^^^^^^^^^^^^^^^^^^^^^^^^
  File "/gpfs_common/share03/ddomlab/sdehgha2/working_space/GP_collab/code_python/training/MGK_and_tools/mgktools/mgktools/kernels/HybridKernel.py", line 49, in __call__
    X_list = self.get_X_list(X)
             ^^^^^^^^^^^^^^^^^^
  File "/gpfs_common/share03/ddomlab/sdehgha2/working_space/GP_collab/code_python/training/MGK_and_tools/mgktools/mgktools/kernels/HybridKernel.py", line 36, in get_X_list
    X_list[i] = X_list[i].astype("float64")
                ^^^^^^^^^^^^^^^^^^^^^^^^^^^
ValueError: could not convert string to float: '*/C=C/c1cc(OCC(CC)CCCC)c(*)cc1OC'
[W 2026-05-01 10:02:43,138] Trial 3 failed with value None.
Traceback (most recent call last):
  File "/gpfs_common/share03/ddomlab/sdehgha2/working_space/GP_collab/code_python/training/hpc_submit_training_GP/../train_structure_numerical.py", line 98, in <module>
    main_structural_numerical(
  File "/gpfs_common/share03/ddomlab/sdehgha2/working_space/GP_collab/code_python/training/hpc_submit_training_GP/../train_structure_numerical.py", line 49, in main_structural_numerical
    scores, predictions  =   train_regressor(
                             ^^^^^^^^^^^^^^^^
  File "/gpfs_common/share03/ddomlab/sdehgha2/working_space/GP_collab/code_python/training/training_utils_gp_special.py", line 89, in train_regressor
    scores, predictions = _prepare_data(
                          ^^^^^^^^^^^^^^
  File "/gpfs_common/share03/ddomlab/sdehgha2/working_space/GP_collab/code_python/training/training_utils_gp_special.py", line 201, in _prepare_data
    score,predication = run(
                        ^^^^
  File "/gpfs_common/share03/ddomlab/sdehgha2/working_space/GP_collab/code_python/training/training_utils_gp_special.py", line 301, in run
    alpha = bayesian_optimization(
            ^^^^^^^^^^^^^^^^^^^^^^
  File "/gpfs_common/share03/ddomlab/sdehgha2/working_space/GP_collab/code_python/training/MGK_and_tools/mgktools/mgktools/hyperparameters/optuna.py", line 290, in bayesian_optimization
    study.optimize(objective, n_trials=n_to_run)
  File "/usr/local/usrapps/ddomlab/sdehgha2/env12/lib/python3.12/site-packages/optuna/study/study.py", line 490, in optimize
    _optimize(
  File "/usr/local/usrapps/ddomlab/sdehgha2/env12/lib/python3.12/site-packages/optuna/study/_optimize.py", line 68, in _optimize
    _optimize_sequential(
  File "/usr/local/usrapps/ddomlab/sdehgha2/env12/lib/python3.12/site-packages/optuna/study/_optimize.py", line 165, in _optimize_sequential
    frozen_trial_id = _run_trial(study, func, catch)
                      ^^^^^^^^^^^^^^^^^^^^^^^^^^^^^^
  File "/usr/local/usrapps/ddomlab/sdehgha2/env12/lib/python3.12/site-packages/optuna/study/_optimize.py", line 263, in _run_trial
    raise func_err
  File "/usr/local/usrapps/ddomlab/sdehgha2/env12/lib/python3.12/site-packages/optuna/study/_optimize.py", line 206, in _run_trial
    value_or_values = func(trial)
                      ^^^^^^^^^^^
  File "/gpfs_common/share03/ddomlab/sdehgha2/working_space/GP_collab/code_python/training/MGK_and_tools/mgktools/mgktools/hyperparameters/optuna.py", line 255, in objective
    score = evaluate_model(
            ^^^^^^^^^^^^^^^
  File "/gpfs_common/share03/ddomlab/sdehgha2/working_space/GP_collab/code_python/training/MGK_and_tools/mgktools/mgktools/hyperparameters/optuna.py", line 68, in evaluate_model
    score = evaluator.run_cross_validation()
            ^^^^^^^^^^^^^^^^^^^^^^^^^^^^^^^^
  File "/gpfs_common/share03/ddomlab/sdehgha2/working_space/GP_collab/code_python/training/MGK_and_tools/mgktools/mgktools/evaluators/cross_validation.py", line 170, in run_cross_validation
    df_predict, df_ = self.evaluate_train_test(dataset_train, dataset_test)
                      ^^^^^^^^^^^^^^^^^^^^^^^^^^^^^^^^^^^^^^^^^^^^^^^^^^^^^
  File "/gpfs_common/share03/ddomlab/sdehgha2/working_space/GP_collab/code_python/training/MGK_and_tools/mgktools/mgktools/evaluators/cross_validation.py", line 278, in evaluate_train_test
    self.fit(dataset_train.X, dataset_train.y[:, i])
  File "/gpfs_common/share03/ddomlab/sdehgha2/working_space/GP_collab/code_python/training/MGK_and_tools/mgktools/mgktools/evaluators/cross_validation.py", line 328, in fit
    self.model.fit(X, y)
  File "/usr/local/usrapps/ddomlab/sdehgha2/env12/lib/python3.12/site-packages/sklearn/base.py", line 1336, in wrapper
    return fit_method(estimator, *args, **kwargs)
           ^^^^^^^^^^^^^^^^^^^^^^^^^^^^^^^^^^^^^^
  File "/usr/local/usrapps/ddomlab/sdehgha2/env12/lib/python3.12/site-packages/sklearn/pipeline.py", line 621, in fit
    self._final_estimator.fit(Xt, y, **last_step_params["fit"])
  File "/usr/local/usrapps/ddomlab/sdehgha2/env12/lib/python3.12/site-packages/sklearn/base.py", line 1336, in wrapper
    return fit_method(estimator, *args, **kwargs)
           ^^^^^^^^^^^^^^^^^^^^^^^^^^^^^^^^^^^^^^
  File "/usr/local/usrapps/ddomlab/sdehgha2/env12/lib/python3.12/site-packages/sklearn/compose/_target.py", line 293, in fit
    self.regressor_.fit(X, y_trans, **routed_params.regressor.fit)
  File "/gpfs_common/share03/ddomlab/sdehgha2/working_space/GP_collab/code_python/training/MGK_and_tools/mgktools/mgktools/models/regression/gpr/gpr.py", line 135, in fit
    self._estimator.fit(
  File "/usr/local/usrapps/ddomlab/sdehgha2/env12/lib/python3.12/site-packages/graphdot/model/gaussian_process/gpr.py", line 132, in fit
    K = self._gramian(self.alpha, self._X)
        ^^^^^^^^^^^^^^^^^^^^^^^^^^^^^^^^^^
  File "/usr/local/usrapps/ddomlab/sdehgha2/env12/lib/python3.12/site-packages/graphdot/model/gaussian_process/base.py", line 94, in _gramian
    K = kernel(X, **self.kernel_options)
        ^^^^^^^^^^^^^^^^^^^^^^^^^^^^^^^^
  File "/gpfs_common/share03/ddomlab/sdehgha2/working_space/GP_collab/code_python/training/MGK_and_tools/mgktools/mgktools/kernels/HybridKernel.py", line 49, in __call__
    X_list = self.get_X_list(X)
             ^^^^^^^^^^^^^^^^^^
  File "/gpfs_common/share03/ddomlab/sdehgha2/working_space/GP_collab/code_python/training/MGK_and_tools/mgktools/mgktools/kernels/HybridKernel.py", line 36, in get_X_list
    X_list[i] = X_list[i].astype("float64")
                ^^^^^^^^^^^^^^^^^^^^^^^^^^^
ValueError: could not convert string to float: '*/C=C/c1cc(OCC(CC)CCCC)c(*)cc1OC'
[Parallel(n_jobs=8)]: Using backend LokyBackend with 8 concurrent workers.
[Parallel(n_jobs=8)]: Done  34 tasks      | elapsed:   21.1s
[Parallel(n_jobs=8)]: Done 256 out of 256 | elapsed:   21.1s finished
[Parallel(n_jobs=4)]: Using backend LokyBackend with 4 concurrent workers.
[Parallel(n_jobs=4)]: Done  22 out of  22 | elapsed:    2.3s finished
[I 2026-05-01 10:09:33,438] Using an existing study with name 'optuna-study' instead of creating a new one.
/gpfs_common/share03/ddomlab/sdehgha2/working_space/GP_collab/code_python/training/MGK_and_tools/mgktools/mgktools/kernels/base.py:225: UserWarning: The distribution is specified by [0.1, 30] and step=1, but the range is not divisible by `step`. It will be replaced with [0.1, 29.1].
  self.unique_name: trial.suggest_float(
[W 2026-05-01 10:09:37,327] Trial 4 failed with parameters: {'0:atom_AtomicNumber:kDelta': 1.0, '0:atom_AtomicNumber_list_1:kConv': 0.8, '0:atom_AtomicNumber_list_2:kConv': 0.95, '0:atom_AtomicNumber_list_3:kConv': 0.75, '0:atom_AtomicNumber_list_4:kConv': 0.75, '0:atom_MorganHash:kDelta': 0.9, '0:atom_Ring_count:kDelta': 0.9, '0:atom_RingSize_list:kConv': 0.85, '0:atom_Hcount:kDelta': 0.85, '0:atom_AtomicNumber_count_1:kDelta': 0.9, '0:atom_AtomicNumber_count_2:kDelta': 0.85, '0:atom_Chiral:kDelta': 0.95, '0:bond_Order:kDelta': 0.9, '0:bond_Stereo:kDelta': 0.9, '0:bond_RingStereo:kDelta': 0.9, '0:q:q': 0.5, '0:features_kernel:Matern32': 24.1, 'alpha': 0.042} because of the following error: IndexError('index 11 is out of bounds for axis 1 with size 11').
Traceback (most recent call last):
  File "/usr/local/usrapps/ddomlab/sdehgha2/env12/lib/python3.12/site-packages/optuna/study/_optimize.py", line 206, in _run_trial
    value_or_values = func(trial)
                      ^^^^^^^^^^^
  File "/gpfs_common/share03/ddomlab/sdehgha2/working_space/GP_collab/code_python/training/MGK_and_tools/mgktools/mgktools/hyperparameters/optuna.py", line 255, in objective
    score = evaluate_model(
            ^^^^^^^^^^^^^^^
  File "/gpfs_common/share03/ddomlab/sdehgha2/working_space/GP_collab/code_python/training/MGK_and_tools/mgktools/mgktools/hyperparameters/optuna.py", line 68, in evaluate_model
    score = evaluator.run_cross_validation()
            ^^^^^^^^^^^^^^^^^^^^^^^^^^^^^^^^
  File "/gpfs_common/share03/ddomlab/sdehgha2/working_space/GP_collab/code_python/training/MGK_and_tools/mgktools/mgktools/evaluators/cross_validation.py", line 170, in run_cross_validation
    df_predict, df_ = self.evaluate_train_test(dataset_train, dataset_test)
                      ^^^^^^^^^^^^^^^^^^^^^^^^^^^^^^^^^^^^^^^^^^^^^^^^^^^^^
  File "/gpfs_common/share03/ddomlab/sdehgha2/working_space/GP_collab/code_python/training/MGK_and_tools/mgktools/mgktools/evaluators/cross_validation.py", line 278, in evaluate_train_test
    self.fit(dataset_train.X, dataset_train.y[:, i])
  File "/gpfs_common/share03/ddomlab/sdehgha2/working_space/GP_collab/code_python/training/MGK_and_tools/mgktools/mgktools/evaluators/cross_validation.py", line 328, in fit
    self.model.fit(X, y)
  File "/usr/local/usrapps/ddomlab/sdehgha2/env12/lib/python3.12/site-packages/sklearn/base.py", line 1336, in wrapper
    return fit_method(estimator, *args, **kwargs)
           ^^^^^^^^^^^^^^^^^^^^^^^^^^^^^^^^^^^^^^
  File "/usr/local/usrapps/ddomlab/sdehgha2/env12/lib/python3.12/site-packages/sklearn/pipeline.py", line 621, in fit
    self._final_estimator.fit(Xt, y, **last_step_params["fit"])
  File "/usr/local/usrapps/ddomlab/sdehgha2/env12/lib/python3.12/site-packages/sklearn/base.py", line 1336, in wrapper
    return fit_method(estimator, *args, **kwargs)
           ^^^^^^^^^^^^^^^^^^^^^^^^^^^^^^^^^^^^^^
  File "/usr/local/usrapps/ddomlab/sdehgha2/env12/lib/python3.12/site-packages/sklearn/compose/_target.py", line 293, in fit
    self.regressor_.fit(X, y_trans, **routed_params.regressor.fit)
  File "/gpfs_common/share03/ddomlab/sdehgha2/working_space/GP_collab/code_python/training/MGK_and_tools/mgktools/mgktools/models/regression/gpr/gpr.py", line 135, in fit
    self._estimator.fit(
  File "/usr/local/usrapps/ddomlab/sdehgha2/env12/lib/python3.12/site-packages/graphdot/model/gaussian_process/gpr.py", line 132, in fit
    K = self._gramian(self.alpha, self._X)
        ^^^^^^^^^^^^^^^^^^^^^^^^^^^^^^^^^^
  File "/usr/local/usrapps/ddomlab/sdehgha2/env12/lib/python3.12/site-packages/graphdot/model/gaussian_process/base.py", line 94, in _gramian
    K = kernel(X, **self.kernel_options)
        ^^^^^^^^^^^^^^^^^^^^^^^^^^^^^^^^
  File "/gpfs_common/share03/ddomlab/sdehgha2/working_space/GP_collab/code_python/training/MGK_and_tools/mgktools/mgktools/kernels/HybridKernel.py", line 49, in __call__
    X_list = self.get_X_list(X)
             ^^^^^^^^^^^^^^^^^^
  File "/gpfs_common/share03/ddomlab/sdehgha2/working_space/GP_collab/code_python/training/MGK_and_tools/mgktools/mgktools/kernels/HybridKernel.py", line 33, in get_X_list
    X_list = list(map(f, self.composition))
             ^^^^^^^^^^^^^^^^^^^^^^^^^^^^^^
  File "/gpfs_common/share03/ddomlab/sdehgha2/working_space/GP_collab/code_python/training/MGK_and_tools/mgktools/mgktools/kernels/HybridKernel.py", line 30, in f
    return X[:, c]
           ~^^^^^^
IndexError: index 11 is out of bounds for axis 1 with size 11
[W 2026-05-01 10:09:37,373] Trial 4 failed with value None.
Traceback (most recent call last):
  File "/gpfs_common/share03/ddomlab/sdehgha2/working_space/GP_collab/code_python/training/hpc_submit_training_GP/../train_structure_numerical.py", line 98, in <module>
    main_structural_numerical(
  File "/gpfs_common/share03/ddomlab/sdehgha2/working_space/GP_collab/code_python/training/hpc_submit_training_GP/../train_structure_numerical.py", line 49, in main_structural_numerical
    scores, predictions  =   train_regressor(
                             ^^^^^^^^^^^^^^^^
  File "/gpfs_common/share03/ddomlab/sdehgha2/working_space/GP_collab/code_python/training/training_utils_gp_special.py", line 89, in train_regressor
    scores, predictions = _prepare_data(
                          ^^^^^^^^^^^^^^
  File "/gpfs_common/share03/ddomlab/sdehgha2/working_space/GP_collab/code_python/training/training_utils_gp_special.py", line 201, in _prepare_data
    score,predication = run(
                        ^^^^
  File "/gpfs_common/share03/ddomlab/sdehgha2/working_space/GP_collab/code_python/training/training_utils_gp_special.py", line 301, in run
    alpha = bayesian_optimization(
            ^^^^^^^^^^^^^^^^^^^^^^
  File "/gpfs_common/share03/ddomlab/sdehgha2/working_space/GP_collab/code_python/training/MGK_and_tools/mgktools/mgktools/hyperparameters/optuna.py", line 290, in bayesian_optimization
    study.optimize(objective, n_trials=n_to_run)
  File "/usr/local/usrapps/ddomlab/sdehgha2/env12/lib/python3.12/site-packages/optuna/study/study.py", line 490, in optimize
    _optimize(
  File "/usr/local/usrapps/ddomlab/sdehgha2/env12/lib/python3.12/site-packages/optuna/study/_optimize.py", line 68, in _optimize
    _optimize_sequential(
  File "/usr/local/usrapps/ddomlab/sdehgha2/env12/lib/python3.12/site-packages/optuna/study/_optimize.py", line 165, in _optimize_sequential
    frozen_trial_id = _run_trial(study, func, catch)
                      ^^^^^^^^^^^^^^^^^^^^^^^^^^^^^^
  File "/usr/local/usrapps/ddomlab/sdehgha2/env12/lib/python3.12/site-packages/optuna/study/_optimize.py", line 263, in _run_trial
    raise func_err
  File "/usr/local/usrapps/ddomlab/sdehgha2/env12/lib/python3.12/site-packages/optuna/study/_optimize.py", line 206, in _run_trial
    value_or_values = func(trial)
                      ^^^^^^^^^^^
  File "/gpfs_common/share03/ddomlab/sdehgha2/working_space/GP_collab/code_python/training/MGK_and_tools/mgktools/mgktools/hyperparameters/optuna.py", line 255, in objective
    score = evaluate_model(
            ^^^^^^^^^^^^^^^
  File "/gpfs_common/share03/ddomlab/sdehgha2/working_space/GP_collab/code_python/training/MGK_and_tools/mgktools/mgktools/hyperparameters/optuna.py", line 68, in evaluate_model
    score = evaluator.run_cross_validation()
            ^^^^^^^^^^^^^^^^^^^^^^^^^^^^^^^^
  File "/gpfs_common/share03/ddomlab/sdehgha2/working_space/GP_collab/code_python/training/MGK_and_tools/mgktools/mgktools/evaluators/cross_validation.py", line 170, in run_cross_validation
    df_predict, df_ = self.evaluate_train_test(dataset_train, dataset_test)
                      ^^^^^^^^^^^^^^^^^^^^^^^^^^^^^^^^^^^^^^^^^^^^^^^^^^^^^
  File "/gpfs_common/share03/ddomlab/sdehgha2/working_space/GP_collab/code_python/training/MGK_and_tools/mgktools/mgktools/evaluators/cross_validation.py", line 278, in evaluate_train_test
    self.fit(dataset_train.X, dataset_train.y[:, i])
  File "/gpfs_common/share03/ddomlab/sdehgha2/working_space/GP_collab/code_python/training/MGK_and_tools/mgktools/mgktools/evaluators/cross_validation.py", line 328, in fit
    self.model.fit(X, y)
  File "/usr/local/usrapps/ddomlab/sdehgha2/env12/lib/python3.12/site-packages/sklearn/base.py", line 1336, in wrapper
    return fit_method(estimator, *args, **kwargs)
           ^^^^^^^^^^^^^^^^^^^^^^^^^^^^^^^^^^^^^^
  File "/usr/local/usrapps/ddomlab/sdehgha2/env12/lib/python3.12/site-packages/sklearn/pipeline.py", line 621, in fit
    self._final_estimator.fit(Xt, y, **last_step_params["fit"])
  File "/usr/local/usrapps/ddomlab/sdehgha2/env12/lib/python3.12/site-packages/sklearn/base.py", line 1336, in wrapper
    return fit_method(estimator, *args, **kwargs)
           ^^^^^^^^^^^^^^^^^^^^^^^^^^^^^^^^^^^^^^
  File "/usr/local/usrapps/ddomlab/sdehgha2/env12/lib/python3.12/site-packages/sklearn/compose/_target.py", line 293, in fit
    self.regressor_.fit(X, y_trans, **routed_params.regressor.fit)
  File "/gpfs_common/share03/ddomlab/sdehgha2/working_space/GP_collab/code_python/training/MGK_and_tools/mgktools/mgktools/models/regression/gpr/gpr.py", line 135, in fit
    self._estimator.fit(
  File "/usr/local/usrapps/ddomlab/sdehgha2/env12/lib/python3.12/site-packages/graphdot/model/gaussian_process/gpr.py", line 132, in fit
    K = self._gramian(self.alpha, self._X)
        ^^^^^^^^^^^^^^^^^^^^^^^^^^^^^^^^^^
  File "/usr/local/usrapps/ddomlab/sdehgha2/env12/lib/python3.12/site-packages/graphdot/model/gaussian_process/base.py", line 94, in _gramian
    K = kernel(X, **self.kernel_options)
        ^^^^^^^^^^^^^^^^^^^^^^^^^^^^^^^^
  File "/gpfs_common/share03/ddomlab/sdehgha2/working_space/GP_collab/code_python/training/MGK_and_tools/mgktools/mgktools/kernels/HybridKernel.py", line 49, in __call__
    X_list = self.get_X_list(X)
             ^^^^^^^^^^^^^^^^^^
  File "/gpfs_common/share03/ddomlab/sdehgha2/working_space/GP_collab/code_python/training/MGK_and_tools/mgktools/mgktools/kernels/HybridKernel.py", line 33, in get_X_list
    X_list = list(map(f, self.composition))
             ^^^^^^^^^^^^^^^^^^^^^^^^^^^^^^
  File "/gpfs_common/share03/ddomlab/sdehgha2/working_space/GP_collab/code_python/training/MGK_and_tools/mgktools/mgktools/kernels/HybridKernel.py", line 30, in f
    return X[:, c]
           ~^^^^^^
IndexError: index 11 is out of bounds for axis 1 with size 11
python: can't open file '/gpfs_common/share03/ddomlab/sdehgha2/working_space/GP_collab/../train_structure_numerical.py': [Errno 2] No such file or directory
[Parallel(n_jobs=8)]: Using backend LokyBackend with 8 concurrent workers.
[Parallel(n_jobs=8)]: Done  34 tasks      | elapsed:   23.1s
[Parallel(n_jobs=8)]: Done 256 out of 256 | elapsed:   23.1s finished
[Parallel(n_jobs=4)]: Using backend LokyBackend with 4 concurrent workers.
[Parallel(n_jobs=4)]: Done  22 out of  22 | elapsed:    2.0s finished
Traceback (most recent call last):
  File "/gpfs_common/share03/ddomlab/sdehgha2/working_space/GP_collab/code_python/training/hpc_submit_training_GP/../train_structure_numerical.py", line 98, in <module>
    main_structural_numerical(
  File "/gpfs_common/share03/ddomlab/sdehgha2/working_space/GP_collab/code_python/training/hpc_submit_training_GP/../train_structure_numerical.py", line 49, in main_structural_numerical
    scores, predictions  =   train_regressor(
                             ^^^^^^^^^^^^^^^^
  File "/gpfs_common/share03/ddomlab/sdehgha2/working_space/GP_collab/code_python/training/training_utils_gp_special.py", line 89, in train_regressor
    scores, predictions = _prepare_data(
                          ^^^^^^^^^^^^^^
  File "/gpfs_common/share03/ddomlab/sdehgha2/working_space/GP_collab/code_python/training/training_utils_gp_special.py", line 182, in _prepare_data
    mgk_kernel_config = get_kernel_config(dataset=mgk_dataset,
                        ^^^^^^^^^^^^^^^^^^^^^^^^^^^^^^^^^^^^^^
  File "/gpfs_common/share03/ddomlab/sdehgha2/working_space/GP_collab/code_python/training/MGK_and_tools/mgktools/mgktools/kernels/utils.py", line 72, in get_kernel_config
    from mgktools.kernels.GraphKernel import GraphKernelConfig
  File "/gpfs_common/share03/ddomlab/sdehgha2/working_space/GP_collab/code_python/training/MGK_and_tools/mgktools/mgktools/kernels/GraphKernel.py", line 7, in <module>
    from graphdot.kernel.marginalized import MarginalizedGraphKernel
  File "/usr/local/usrapps/ddomlab/sdehgha2/env12/lib/python3.12/site-packages/graphdot/kernel/__init__.py", line 3, in <module>
    from .molecular import Tang2019MolecularKernel
  File "/usr/local/usrapps/ddomlab/sdehgha2/env12/lib/python3.12/site-packages/graphdot/kernel/molecular.py", line 4, in <module>
    from graphdot.kernel.marginalized import MarginalizedGraphKernel
  File "/usr/local/usrapps/ddomlab/sdehgha2/env12/lib/python3.12/site-packages/graphdot/kernel/marginalized/__init__.py", line 3, in <module>
    from ._kernel import MarginalizedGraphKernel
  File "/usr/local/usrapps/ddomlab/sdehgha2/env12/lib/python3.12/site-packages/graphdot/kernel/marginalized/_kernel.py", line 14, in <module>
    from ._backend_factory import backend_factory
  File "/usr/local/usrapps/ddomlab/sdehgha2/env12/lib/python3.12/site-packages/graphdot/kernel/marginalized/_backend_factory.py", line 4, in <module>
    from ._backend_cuda import CUDABackend
  File "/usr/local/usrapps/ddomlab/sdehgha2/env12/lib/python3.12/site-packages/graphdot/kernel/marginalized/_backend_cuda.py", line 11, in <module>
    import graphdot.cuda
  File "/usr/local/usrapps/ddomlab/sdehgha2/env12/lib/python3.12/site-packages/graphdot/cuda/__init__.py", line 3, in <module>
    import pycuda.autoinit
  File "/usr/local/usrapps/ddomlab/sdehgha2/env12/lib/python3.12/site-packages/pycuda/autoinit.py", line 15, in <module>
    context = make_default_context()
              ^^^^^^^^^^^^^^^^^^^^^^
  File "/usr/local/usrapps/ddomlab/sdehgha2/env12/lib/python3.12/site-packages/pycuda/tools.py", line 226, in make_default_context
    raise RuntimeError(
RuntimeError: make_default_context() wasn't able to create a context on any of the 1 detected devices
[Parallel(n_jobs=8)]: Using backend LokyBackend with 8 concurrent workers.
[Parallel(n_jobs=8)]: Done  34 tasks      | elapsed:   25.9s
[Parallel(n_jobs=8)]: Done 256 out of 256 | elapsed:   25.9s finished
[Parallel(n_jobs=4)]: Using backend LokyBackend with 4 concurrent workers.
[Parallel(n_jobs=4)]: Done  22 out of  22 | elapsed:    2.7s finished
[I 2026-05-01 10:40:13,993] Using an existing study with name 'optuna-study' instead of creating a new one.
/gpfs_common/share03/ddomlab/sdehgha2/working_space/GP_collab/code_python/training/MGK_and_tools/mgktools/mgktools/kernels/base.py:225: UserWarning: The distribution is specified by [0.1, 10000] and step=1, but the range is not divisible by `step`. It will be replaced with [0.1, 9999.1].
  self.unique_name: trial.suggest_float(
[I 2026-05-01 10:40:26,432] Trial 12 finished with value: 0.5463412691135832 and parameters: {'0:atom_AtomicNumber:kDelta': 1.0, '0:atom_AtomicNumber_list_1:kConv': 0.8, '0:atom_AtomicNumber_list_2:kConv': 0.95, '0:atom_AtomicNumber_list_3:kConv': 0.75, '0:atom_AtomicNumber_list_4:kConv': 0.75, '0:atom_MorganHash:kDelta': 0.9, '0:atom_Ring_count:kDelta': 0.9, '0:atom_RingSize_list:kConv': 0.85, '0:atom_Hcount:kDelta': 0.85, '0:atom_AtomicNumber_count_1:kDelta': 0.9, '0:atom_AtomicNumber_count_2:kDelta': 0.85, '0:atom_Chiral:kDelta': 0.95, '0:bond_Order:kDelta': 0.9, '0:bond_Stereo:kDelta': 0.9, '0:bond_RingStereo:kDelta': 0.9, '0:q:q': 0.5, '0:features_kernel:Matern32': 8198.1, 'alpha': 0.042}. Best is trial 8 with value: 0.303133104904434.
/gpfs_common/share03/ddomlab/sdehgha2/working_space/GP_collab/code_python/training/MGK_and_tools/mgktools/mgktools/kernels/base.py:225: UserWarning: The distribution is specified by [0.1, 10000] and step=1, but the range is not divisible by `step`. It will be replaced with [0.1, 9999.1].
  self.unique_name: trial.suggest_float(
[I 2026-05-01 10:40:40,732] Trial 13 finished with value: 0.5491126015431324 and parameters: {'0:atom_AtomicNumber:kDelta': 1.0, '0:atom_AtomicNumber_list_1:kConv': 0.95, '0:atom_AtomicNumber_list_2:kConv': 0.75, '0:atom_AtomicNumber_list_3:kConv': 0.95, '0:atom_AtomicNumber_list_4:kConv': 0.95, '0:atom_MorganHash:kDelta': 0.95, '0:atom_Ring_count:kDelta': 0.95, '0:atom_RingSize_list:kConv': 0.9, '0:atom_Hcount:kDelta': 0.75, '0:atom_AtomicNumber_count_1:kDelta': 1.0, '0:atom_AtomicNumber_count_2:kDelta': 0.85, '0:atom_Chiral:kDelta': 0.8, '0:bond_Order:kDelta': 0.95, '0:bond_Stereo:kDelta': 1.0, '0:bond_RingStereo:kDelta': 0.8, '0:q:q': 0.34, '0:features_kernel:Matern32': 5990.1, 'alpha': 0.07200000000000001}. Best is trial 8 with value: 0.303133104904434.
/gpfs_common/share03/ddomlab/sdehgha2/working_space/GP_collab/code_python/training/MGK_and_tools/mgktools/mgktools/kernels/base.py:225: UserWarning: The distribution is specified by [0.1, 10000] and step=1, but the range is not divisible by `step`. It will be replaced with [0.1, 9999.1].
  self.unique_name: trial.suggest_float(
[I 2026-05-01 10:40:59,547] Trial 14 finished with value: 0.5481780825831921 and parameters: {'0:atom_AtomicNumber:kDelta': 1.0, '0:atom_AtomicNumber_list_1:kConv': 0.85, '0:atom_AtomicNumber_list_2:kConv': 0.8, '0:atom_AtomicNumber_list_3:kConv': 0.85, '0:atom_AtomicNumber_list_4:kConv': 0.95, '0:atom_MorganHash:kDelta': 0.95, '0:atom_Ring_count:kDelta': 0.85, '0:atom_RingSize_list:kConv': 1.0, '0:atom_Hcount:kDelta': 0.85, '0:atom_AtomicNumber_count_1:kDelta': 0.85, '0:atom_AtomicNumber_count_2:kDelta': 0.95, '0:atom_Chiral:kDelta': 0.75, '0:bond_Order:kDelta': 0.85, '0:bond_Stereo:kDelta': 0.95, '0:bond_RingStereo:kDelta': 0.95, '0:q:q': 0.15000000000000002, '0:features_kernel:Matern32': 1895.1, 'alpha': 0.048}. Best is trial 8 with value: 0.303133104904434.
/gpfs_common/share03/ddomlab/sdehgha2/working_space/GP_collab/code_python/training/MGK_and_tools/mgktools/mgktools/kernels/base.py:225: UserWarning: The distribution is specified by [0.1, 10000] and step=1, but the range is not divisible by `step`. It will be replaced with [0.1, 9999.1].
  self.unique_name: trial.suggest_float(
[I 2026-05-01 10:41:13,762] Trial 15 finished with value: 0.548661345369829 and parameters: {'0:atom_AtomicNumber:kDelta': 0.85, '0:atom_AtomicNumber_list_1:kConv': 0.95, '0:atom_AtomicNumber_list_2:kConv': 0.8, '0:atom_AtomicNumber_list_3:kConv': 0.8, '0:atom_AtomicNumber_list_4:kConv': 1.0, '0:atom_MorganHash:kDelta': 0.9, '0:atom_Ring_count:kDelta': 1.0, '0:atom_RingSize_list:kConv': 1.0, '0:atom_Hcount:kDelta': 1.0, '0:atom_AtomicNumber_count_1:kDelta': 0.8, '0:atom_AtomicNumber_count_2:kDelta': 0.9, '0:atom_Chiral:kDelta': 0.85, '0:bond_Order:kDelta': 0.85, '0:bond_Stereo:kDelta': 0.95, '0:bond_RingStereo:kDelta': 0.95, '0:q:q': 0.35000000000000003, '0:features_kernel:Matern32': 1392.1, 'alpha': 0.07100000000000001}. Best is trial 8 with value: 0.303133104904434.
/gpfs_common/share03/ddomlab/sdehgha2/working_space/GP_collab/code_python/training/MGK_and_tools/mgktools/mgktools/kernels/base.py:225: UserWarning: The distribution is specified by [0.1, 10000] and step=1, but the range is not divisible by `step`. It will be replaced with [0.1, 9999.1].
  self.unique_name: trial.suggest_float(
[I 2026-05-01 10:41:32,921] Trial 16 finished with value: 0.5439855196066101 and parameters: {'0:atom_AtomicNumber:kDelta': 0.85, '0:atom_AtomicNumber_list_1:kConv': 1.0, '0:atom_AtomicNumber_list_2:kConv': 0.9, '0:atom_AtomicNumber_list_3:kConv': 1.0, '0:atom_AtomicNumber_list_4:kConv': 0.85, '0:atom_MorganHash:kDelta': 0.75, '0:atom_Ring_count:kDelta': 0.75, '0:atom_RingSize_list:kConv': 0.75, '0:atom_Hcount:kDelta': 1.0, '0:atom_AtomicNumber_count_1:kDelta': 0.75, '0:atom_AtomicNumber_count_2:kDelta': 0.75, '0:atom_Chiral:kDelta': 1.0, '0:bond_Order:kDelta': 0.75, '0:bond_Stereo:kDelta': 0.75, '0:bond_RingStereo:kDelta': 1.0, '0:q:q': 0.05, '0:features_kernel:Matern32': 3652.1, 'alpha': 0.008}. Best is trial 8 with value: 0.303133104904434.
/gpfs_common/share03/ddomlab/sdehgha2/working_space/GP_collab/code_python/training/MGK_and_tools/mgktools/mgktools/kernels/base.py:225: UserWarning: The distribution is specified by [0.1, 10000] and step=1, but the range is not divisible by `step`. It will be replaced with [0.1, 9999.1].
  self.unique_name: trial.suggest_float(
[I 2026-05-01 10:41:50,841] Trial 17 finished with value: 0.5537535032535286 and parameters: {'0:atom_AtomicNumber:kDelta': 0.9, '0:atom_AtomicNumber_list_1:kConv': 0.9, '0:atom_AtomicNumber_list_2:kConv': 0.85, '0:atom_AtomicNumber_list_3:kConv': 0.8, '0:atom_AtomicNumber_list_4:kConv': 1.0, '0:atom_MorganHash:kDelta': 1.0, '0:atom_Ring_count:kDelta': 0.85, '0:atom_RingSize_list:kConv': 1.0, '0:atom_Hcount:kDelta': 0.95, '0:atom_AtomicNumber_count_1:kDelta': 0.8, '0:atom_AtomicNumber_count_2:kDelta': 0.95, '0:atom_Chiral:kDelta': 0.9, '0:bond_Order:kDelta': 0.8, '0:bond_Stereo:kDelta': 0.8, '0:bond_RingStereo:kDelta': 1.0, '0:q:q': 0.2, '0:features_kernel:Matern32': 3336.1, 'alpha': 0.097}. Best is trial 8 with value: 0.303133104904434.
/gpfs_common/share03/ddomlab/sdehgha2/working_space/GP_collab/code_python/training/MGK_and_tools/mgktools/mgktools/kernels/base.py:225: UserWarning: The distribution is specified by [0.1, 10000] and step=1, but the range is not divisible by `step`. It will be replaced with [0.1, 9999.1].
  self.unique_name: trial.suggest_float(
[I 2026-05-01 10:42:06,983] Trial 18 finished with value: 0.5455415567453573 and parameters: {'0:atom_AtomicNumber:kDelta': 0.9, '0:atom_AtomicNumber_list_1:kConv': 0.85, '0:atom_AtomicNumber_list_2:kConv': 0.85, '0:atom_AtomicNumber_list_3:kConv': 0.9, '0:atom_AtomicNumber_list_4:kConv': 0.9, '0:atom_MorganHash:kDelta': 0.85, '0:atom_Ring_count:kDelta': 0.8, '0:atom_RingSize_list:kConv': 0.95, '0:atom_Hcount:kDelta': 0.9, '0:atom_AtomicNumber_count_1:kDelta': 0.8, '0:atom_AtomicNumber_count_2:kDelta': 1.0, '0:atom_Chiral:kDelta': 0.85, '0:bond_Order:kDelta': 0.8, '0:bond_Stereo:kDelta': 0.95, '0:bond_RingStereo:kDelta': 0.95, '0:q:q': 0.24000000000000002, '0:features_kernel:Matern32': 9762.1, 'alpha': 0.023}. Best is trial 8 with value: 0.303133104904434.
/gpfs_common/share03/ddomlab/sdehgha2/working_space/GP_collab/code_python/training/MGK_and_tools/mgktools/mgktools/kernels/base.py:225: UserWarning: The distribution is specified by [0.1, 10000] and step=1, but the range is not divisible by `step`. It will be replaced with [0.1, 9999.1].
  self.unique_name: trial.suggest_float(
[I 2026-05-01 10:42:29,417] Trial 19 finished with value: 0.5499078132298668 and parameters: {'0:atom_AtomicNumber:kDelta': 0.8, '0:atom_AtomicNumber_list_1:kConv': 0.75, '0:atom_AtomicNumber_list_2:kConv': 0.8, '0:atom_AtomicNumber_list_3:kConv': 0.8, '0:atom_AtomicNumber_list_4:kConv': 0.9, '0:atom_MorganHash:kDelta': 1.0, '0:atom_Ring_count:kDelta': 0.8, '0:atom_RingSize_list:kConv': 0.95, '0:atom_Hcount:kDelta': 0.95, '0:atom_AtomicNumber_count_1:kDelta': 0.95, '0:atom_AtomicNumber_count_2:kDelta': 0.9, '0:atom_Chiral:kDelta': 0.9, '0:bond_Order:kDelta': 1.0, '0:bond_Stereo:kDelta': 1.0, '0:bond_RingStereo:kDelta': 0.85, '0:q:q': 0.09, '0:features_kernel:Matern32': 5538.1, 'alpha': 0.096}. Best is trial 8 with value: 0.303133104904434.
/gpfs_common/share03/ddomlab/sdehgha2/working_space/GP_collab/code_python/training/MGK_and_tools/mgktools/mgktools/kernels/base.py:225: UserWarning: The distribution is specified by [0.1, 10000] and step=1, but the range is not divisible by `step`. It will be replaced with [0.1, 9999.1].
  self.unique_name: trial.suggest_float(
[I 2026-05-01 10:42:43,958] Trial 20 finished with value: 0.5451478474009941 and parameters: {'0:atom_AtomicNumber:kDelta': 0.95, '0:atom_AtomicNumber_list_1:kConv': 0.9, '0:atom_AtomicNumber_list_2:kConv': 0.75, '0:atom_AtomicNumber_list_3:kConv': 0.9, '0:atom_AtomicNumber_list_4:kConv': 1.0, '0:atom_MorganHash:kDelta': 0.85, '0:atom_Ring_count:kDelta': 0.95, '0:atom_RingSize_list:kConv': 0.75, '0:atom_Hcount:kDelta': 0.8, '0:atom_AtomicNumber_count_1:kDelta': 0.85, '0:atom_AtomicNumber_count_2:kDelta': 0.75, '0:atom_Chiral:kDelta': 0.75, '0:bond_Order:kDelta': 0.8, '0:bond_Stereo:kDelta': 0.85, '0:bond_RingStereo:kDelta': 1.0, '0:q:q': 0.28, '0:features_kernel:Matern32': 2442.1, 'alpha': 0.031}. Best is trial 8 with value: 0.303133104904434.
/gpfs_common/share03/ddomlab/sdehgha2/working_space/GP_collab/code_python/training/MGK_and_tools/mgktools/mgktools/kernels/base.py:225: UserWarning: The distribution is specified by [0.1, 10000] and step=1, but the range is not divisible by `step`. It will be replaced with [0.1, 9999.1].
  self.unique_name: trial.suggest_float(
[I 2026-05-01 10:43:01,448] Trial 21 finished with value: 0.5458367361585943 and parameters: {'0:atom_AtomicNumber:kDelta': 0.8, '0:atom_AtomicNumber_list_1:kConv': 1.0, '0:atom_AtomicNumber_list_2:kConv': 0.85, '0:atom_AtomicNumber_list_3:kConv': 0.8, '0:atom_AtomicNumber_list_4:kConv': 0.85, '0:atom_MorganHash:kDelta': 0.85, '0:atom_Ring_count:kDelta': 0.85, '0:atom_RingSize_list:kConv': 0.95, '0:atom_Hcount:kDelta': 0.95, '0:atom_AtomicNumber_count_1:kDelta': 0.8, '0:atom_AtomicNumber_count_2:kDelta': 0.8, '0:atom_Chiral:kDelta': 0.85, '0:bond_Order:kDelta': 0.85, '0:bond_Stereo:kDelta': 0.95, '0:bond_RingStereo:kDelta': 0.95, '0:q:q': 0.14, '0:features_kernel:Matern32': 4507.1, 'alpha': 0.057}. Best is trial 8 with value: 0.303133104904434.
/gpfs_common/share03/ddomlab/sdehgha2/working_space/GP_collab/code_python/training/MGK_and_tools/mgktools/mgktools/kernels/base.py:225: UserWarning: The distribution is specified by [0.1, 10000] and step=1, but the range is not divisible by `step`. It will be replaced with [0.1, 9999.1].
  self.unique_name: trial.suggest_float(
[I 2026-05-01 10:43:28,177] Trial 22 finished with value: 0.5499138384051686 and parameters: {'0:atom_AtomicNumber:kDelta': 0.95, '0:atom_AtomicNumber_list_1:kConv': 0.9, '0:atom_AtomicNumber_list_2:kConv': 0.9, '0:atom_AtomicNumber_list_3:kConv': 0.75, '0:atom_AtomicNumber_list_4:kConv': 0.95, '0:atom_MorganHash:kDelta': 1.0, '0:atom_Ring_count:kDelta': 0.8, '0:atom_RingSize_list:kConv': 0.8, '0:atom_Hcount:kDelta': 0.8, '0:atom_AtomicNumber_count_1:kDelta': 0.9, '0:atom_AtomicNumber_count_2:kDelta': 0.9, '0:atom_Chiral:kDelta': 0.8, '0:bond_Order:kDelta': 0.8, '0:bond_Stereo:kDelta': 0.95, '0:bond_RingStereo:kDelta': 0.85, '0:q:q': 0.02, '0:features_kernel:Matern32': 6993.1, 'alpha': 0.08700000000000001}. Best is trial 8 with value: 0.303133104904434.
/gpfs_common/share03/ddomlab/sdehgha2/working_space/GP_collab/code_python/training/MGK_and_tools/mgktools/mgktools/kernels/base.py:225: UserWarning: The distribution is specified by [0.1, 10000] and step=1, but the range is not divisible by `step`. It will be replaced with [0.1, 9999.1].
  self.unique_name: trial.suggest_float(
[I 2026-05-01 10:43:43,063] Trial 23 finished with value: 0.5466887577299256 and parameters: {'0:atom_AtomicNumber:kDelta': 0.95, '0:atom_AtomicNumber_list_1:kConv': 0.85, '0:atom_AtomicNumber_list_2:kConv': 0.8, '0:atom_AtomicNumber_list_3:kConv': 0.9, '0:atom_AtomicNumber_list_4:kConv': 1.0, '0:atom_MorganHash:kDelta': 0.8, '0:atom_Ring_count:kDelta': 0.9, '0:atom_RingSize_list:kConv': 1.0, '0:atom_Hcount:kDelta': 0.9, '0:atom_AtomicNumber_count_1:kDelta': 0.75, '0:atom_AtomicNumber_count_2:kDelta': 0.95, '0:atom_Chiral:kDelta': 0.9, '0:bond_Order:kDelta': 0.95, '0:bond_Stereo:kDelta': 0.9, '0:bond_RingStereo:kDelta': 0.75, '0:q:q': 0.25, '0:features_kernel:Matern32': 1356.1, 'alpha': 0.061}. Best is trial 8 with value: 0.303133104904434.
/gpfs_common/share03/ddomlab/sdehgha2/working_space/GP_collab/code_python/training/MGK_and_tools/mgktools/mgktools/kernels/base.py:225: UserWarning: The distribution is specified by [0.1, 10000] and step=1, but the range is not divisible by `step`. It will be replaced with [0.1, 9999.1].
  self.unique_name: trial.suggest_float(
[I 2026-05-01 10:44:01,708] Trial 24 finished with value: 0.5451716191316786 and parameters: {'0:atom_AtomicNumber:kDelta': 0.8, '0:atom_AtomicNumber_list_1:kConv': 0.75, '0:atom_AtomicNumber_list_2:kConv': 0.75, '0:atom_AtomicNumber_list_3:kConv': 0.85, '0:atom_AtomicNumber_list_4:kConv': 0.9, '0:atom_MorganHash:kDelta': 0.9, '0:atom_Ring_count:kDelta': 1.0, '0:atom_RingSize_list:kConv': 0.95, '0:atom_Hcount:kDelta': 1.0, '0:atom_AtomicNumber_count_1:kDelta': 0.95, '0:atom_AtomicNumber_count_2:kDelta': 1.0, '0:atom_Chiral:kDelta': 1.0, '0:bond_Order:kDelta': 0.85, '0:bond_Stereo:kDelta': 1.0, '0:bond_RingStereo:kDelta': 0.95, '0:q:q': 0.17, '0:features_kernel:Matern32': 2940.1, 'alpha': 0.031}. Best is trial 8 with value: 0.303133104904434.
/gpfs_common/share03/ddomlab/sdehgha2/working_space/GP_collab/code_python/training/MGK_and_tools/mgktools/mgktools/kernels/base.py:225: UserWarning: The distribution is specified by [0.1, 10000] and step=1, but the range is not divisible by `step`. It will be replaced with [0.1, 9999.1].
  self.unique_name: trial.suggest_float(
[I 2026-05-01 10:44:22,219] Trial 25 finished with value: 0.5412628896095446 and parameters: {'0:atom_AtomicNumber:kDelta': 0.9, '0:atom_AtomicNumber_list_1:kConv': 1.0, '0:atom_AtomicNumber_list_2:kConv': 0.85, '0:atom_AtomicNumber_list_3:kConv': 0.8, '0:atom_AtomicNumber_list_4:kConv': 0.8, '0:atom_MorganHash:kDelta': 0.95, '0:atom_Ring_count:kDelta': 0.95, '0:atom_RingSize_list:kConv': 1.0, '0:atom_Hcount:kDelta': 0.95, '0:atom_AtomicNumber_count_1:kDelta': 0.85, '0:atom_AtomicNumber_count_2:kDelta': 0.8, '0:atom_Chiral:kDelta': 0.75, '0:bond_Order:kDelta': 0.9, '0:bond_Stereo:kDelta': 0.85, '0:bond_RingStereo:kDelta': 1.0, '0:q:q': 0.09, '0:features_kernel:Matern32': 1082.1, 'alpha': 0.010000000000000002}. Best is trial 8 with value: 0.303133104904434.
/gpfs_common/share03/ddomlab/sdehgha2/working_space/GP_collab/code_python/training/MGK_and_tools/mgktools/mgktools/kernels/base.py:225: UserWarning: The distribution is specified by [0.1, 10000] and step=1, but the range is not divisible by `step`. It will be replaced with [0.1, 9999.1].
  self.unique_name: trial.suggest_float(
[I 2026-05-01 10:44:36,133] Trial 26 finished with value: 0.5462642697719879 and parameters: {'0:atom_AtomicNumber:kDelta': 0.85, '0:atom_AtomicNumber_list_1:kConv': 0.9, '0:atom_AtomicNumber_list_2:kConv': 0.9, '0:atom_AtomicNumber_list_3:kConv': 0.95, '0:atom_AtomicNumber_list_4:kConv': 0.95, '0:atom_MorganHash:kDelta': 0.8, '0:atom_Ring_count:kDelta': 0.9, '0:atom_RingSize_list:kConv': 0.95, '0:atom_Hcount:kDelta': 0.9, '0:atom_AtomicNumber_count_1:kDelta': 0.8, '0:atom_AtomicNumber_count_2:kDelta': 0.9, '0:atom_Chiral:kDelta': 0.95, '0:bond_Order:kDelta': 0.75, '0:bond_Stereo:kDelta': 0.8, '0:bond_RingStereo:kDelta': 0.9, '0:q:q': 0.3, '0:features_kernel:Matern32': 3970.1, 'alpha': 0.051000000000000004}. Best is trial 8 with value: 0.303133104904434.
/gpfs_common/share03/ddomlab/sdehgha2/working_space/GP_collab/code_python/training/MGK_and_tools/mgktools/mgktools/kernels/base.py:225: UserWarning: The distribution is specified by [0.1, 10000] and step=1, but the range is not divisible by `step`. It will be replaced with [0.1, 9999.1].
  self.unique_name: trial.suggest_float(
[I 2026-05-01 10:44:49,044] Trial 27 finished with value: 0.5460605568935927 and parameters: {'0:atom_AtomicNumber:kDelta': 0.75, '0:atom_AtomicNumber_list_1:kConv': 0.95, '0:atom_AtomicNumber_list_2:kConv': 0.8, '0:atom_AtomicNumber_list_3:kConv': 0.85, '0:atom_AtomicNumber_list_4:kConv': 0.8, '0:atom_MorganHash:kDelta': 0.75, '0:atom_Ring_count:kDelta': 1.0, '0:atom_RingSize_list:kConv': 0.8, '0:atom_Hcount:kDelta': 0.9, '0:atom_AtomicNumber_count_1:kDelta': 0.85, '0:atom_AtomicNumber_count_2:kDelta': 0.95, '0:atom_Chiral:kDelta': 0.8, '0:bond_Order:kDelta': 0.75, '0:bond_Stereo:kDelta': 0.9, '0:bond_RingStereo:kDelta': 0.75, '0:q:q': 0.41000000000000003, '0:features_kernel:Matern32': 920.1, 'alpha': 0.085}. Best is trial 8 with value: 0.303133104904434.
/gpfs_common/share03/ddomlab/sdehgha2/working_space/GP_collab/code_python/training/MGK_and_tools/mgktools/mgktools/kernels/base.py:225: UserWarning: The distribution is specified by [0.1, 10000] and step=1, but the range is not divisible by `step`. It will be replaced with [0.1, 9999.1].
  self.unique_name: trial.suggest_float(
[I 2026-05-01 10:45:01,857] Trial 28 finished with value: 0.5472223427180813 and parameters: {'0:atom_AtomicNumber:kDelta': 0.75, '0:atom_AtomicNumber_list_1:kConv': 0.95, '0:atom_AtomicNumber_list_2:kConv': 0.8, '0:atom_AtomicNumber_list_3:kConv': 0.85, '0:atom_AtomicNumber_list_4:kConv': 0.8, '0:atom_MorganHash:kDelta': 0.8, '0:atom_Ring_count:kDelta': 1.0, '0:atom_RingSize_list:kConv': 0.9, '0:atom_Hcount:kDelta': 0.85, '0:atom_AtomicNumber_count_1:kDelta': 0.85, '0:atom_AtomicNumber_count_2:kDelta': 0.95, '0:atom_Chiral:kDelta': 0.8, '0:bond_Order:kDelta': 0.8, '0:bond_Stereo:kDelta': 0.95, '0:bond_RingStereo:kDelta': 0.8, '0:q:q': 0.42000000000000004, '0:features_kernel:Matern32': 2430.1, 'alpha': 0.078}. Best is trial 8 with value: 0.303133104904434.
/gpfs_common/share03/ddomlab/sdehgha2/working_space/GP_collab/code_python/training/MGK_and_tools/mgktools/mgktools/kernels/base.py:225: UserWarning: The distribution is specified by [0.1, 10000] and step=1, but the range is not divisible by `step`. It will be replaced with [0.1, 9999.1].
  self.unique_name: trial.suggest_float(
[I 2026-05-01 10:45:15,660] Trial 29 finished with value: 0.5467911368438768 and parameters: {'0:atom_AtomicNumber:kDelta': 0.8, '0:atom_AtomicNumber_list_1:kConv': 0.85, '0:atom_AtomicNumber_list_2:kConv': 0.75, '0:atom_AtomicNumber_list_3:kConv': 0.9, '0:atom_AtomicNumber_list_4:kConv': 1.0, '0:atom_MorganHash:kDelta': 0.85, '0:atom_Ring_count:kDelta': 0.95, '0:atom_RingSize_list:kConv': 1.0, '0:atom_Hcount:kDelta': 0.8, '0:atom_AtomicNumber_count_1:kDelta': 0.9, '0:atom_AtomicNumber_count_2:kDelta': 0.95, '0:atom_Chiral:kDelta': 0.85, '0:bond_Order:kDelta': 0.75, '0:bond_Stereo:kDelta': 0.9, '0:bond_RingStereo:kDelta': 0.85, '0:q:q': 0.38, '0:features_kernel:Matern32': 715.1, 'alpha': 0.066}. Best is trial 8 with value: 0.303133104904434.
/gpfs_common/share03/ddomlab/sdehgha2/working_space/GP_collab/code_python/training/MGK_and_tools/mgktools/mgktools/kernels/base.py:225: UserWarning: The distribution is specified by [0.1, 10000] and step=1, but the range is not divisible by `step`. It will be replaced with [0.1, 9999.1].
  self.unique_name: trial.suggest_float(
[I 2026-05-01 10:45:27,839] Trial 30 finished with value: 0.5471582955597253 and parameters: {'0:atom_AtomicNumber:kDelta': 0.85, '0:atom_AtomicNumber_list_1:kConv': 0.9, '0:atom_AtomicNumber_list_2:kConv': 0.85, '0:atom_AtomicNumber_list_3:kConv': 0.8, '0:atom_AtomicNumber_list_4:kConv': 0.85, '0:atom_MorganHash:kDelta': 0.8, '0:atom_Ring_count:kDelta': 1.0, '0:atom_RingSize_list:kConv': 0.85, '0:atom_Hcount:kDelta': 0.95, '0:atom_AtomicNumber_count_1:kDelta': 0.8, '0:atom_AtomicNumber_count_2:kDelta': 0.9, '0:atom_Chiral:kDelta': 0.8, '0:bond_Order:kDelta': 0.85, '0:bond_Stereo:kDelta': 0.95, '0:bond_RingStereo:kDelta': 0.8, '0:q:q': 0.45, '0:features_kernel:Matern32': 1992.1, 'alpha': 0.084}. Best is trial 8 with value: 0.303133104904434.
/gpfs_common/share03/ddomlab/sdehgha2/working_space/GP_collab/code_python/training/MGK_and_tools/mgktools/mgktools/kernels/base.py:225: UserWarning: The distribution is specified by [0.1, 10000] and step=1, but the range is not divisible by `step`. It will be replaced with [0.1, 9999.1].
  self.unique_name: trial.suggest_float(
[I 2026-05-01 10:45:44,590] Trial 31 finished with value: 0.5461710866574822 and parameters: {'0:atom_AtomicNumber:kDelta': 0.95, '0:atom_AtomicNumber_list_1:kConv': 1.0, '0:atom_AtomicNumber_list_2:kConv': 0.8, '0:atom_AtomicNumber_list_3:kConv': 0.85, '0:atom_AtomicNumber_list_4:kConv': 0.9, '0:atom_MorganHash:kDelta': 0.9, '0:atom_Ring_count:kDelta': 0.85, '0:atom_RingSize_list:kConv': 0.95, '0:atom_Hcount:kDelta': 1.0, '0:atom_AtomicNumber_count_1:kDelta': 0.85, '0:atom_AtomicNumber_count_2:kDelta': 1.0, '0:atom_Chiral:kDelta': 0.75, '0:bond_Order:kDelta': 1.0, '0:bond_Stereo:kDelta': 0.9, '0:bond_RingStereo:kDelta': 0.85, '0:q:q': 0.22, '0:features_kernel:Matern32': 542.1, 'alpha': 0.079}. Best is trial 8 with value: 0.303133104904434.
/gpfs_common/share03/ddomlab/sdehgha2/working_space/GP_collab/code_python/training/MGK_and_tools/mgktools/mgktools/kernels/base.py:225: UserWarning: The distribution is specified by [0.1, 10000] and step=1, but the range is not divisible by `step`. It will be replaced with [0.1, 9999.1].
  self.unique_name: trial.suggest_float(
[I 2026-05-01 10:45:58,722] Trial 32 finished with value: 0.5451955357035788 and parameters: {'0:atom_AtomicNumber:kDelta': 0.75, '0:atom_AtomicNumber_list_1:kConv': 0.95, '0:atom_AtomicNumber_list_2:kConv': 0.8, '0:atom_AtomicNumber_list_3:kConv': 0.75, '0:atom_AtomicNumber_list_4:kConv': 0.95, '0:atom_MorganHash:kDelta': 0.75, '0:atom_Ring_count:kDelta': 0.95, '0:atom_RingSize_list:kConv': 0.8, '0:atom_Hcount:kDelta': 0.9, '0:atom_AtomicNumber_count_1:kDelta': 0.95, '0:atom_AtomicNumber_count_2:kDelta': 0.95, '0:atom_Chiral:kDelta': 0.85, '0:bond_Order:kDelta': 0.8, '0:bond_Stereo:kDelta': 1.0, '0:bond_RingStereo:kDelta': 0.9, '0:q:q': 0.3, '0:features_kernel:Matern32': 1741.1, 'alpha': 0.052000000000000005}. Best is trial 8 with value: 0.303133104904434.
/gpfs_common/share03/ddomlab/sdehgha2/working_space/GP_collab/code_python/training/MGK_and_tools/mgktools/mgktools/kernels/base.py:225: UserWarning: The distribution is specified by [0.1, 10000] and step=1, but the range is not divisible by `step`. It will be replaced with [0.1, 9999.1].
  self.unique_name: trial.suggest_float(
[I 2026-05-01 10:46:12,192] Trial 33 finished with value: 0.5472886631412966 and parameters: {'0:atom_AtomicNumber:kDelta': 0.9, '0:atom_AtomicNumber_list_1:kConv': 0.9, '0:atom_AtomicNumber_list_2:kConv': 0.85, '0:atom_AtomicNumber_list_3:kConv': 0.8, '0:atom_AtomicNumber_list_4:kConv': 1.0, '0:atom_MorganHash:kDelta': 0.85, '0:atom_Ring_count:kDelta': 1.0, '0:atom_RingSize_list:kConv': 1.0, '0:atom_Hcount:kDelta': 0.85, '0:atom_AtomicNumber_count_1:kDelta': 0.75, '0:atom_AtomicNumber_count_2:kDelta': 0.9, '0:atom_Chiral:kDelta': 0.8, '0:bond_Order:kDelta': 0.85, '0:bond_Stereo:kDelta': 0.85, '0:bond_RingStereo:kDelta': 0.95, '0:q:q': 0.37, '0:features_kernel:Matern32': 871.1, 'alpha': 0.065}. Best is trial 8 with value: 0.303133104904434.
/gpfs_common/share03/ddomlab/sdehgha2/working_space/GP_collab/code_python/training/MGK_and_tools/mgktools/mgktools/kernels/base.py:225: UserWarning: The distribution is specified by [0.1, 10000] and step=1, but the range is not divisible by `step`. It will be replaced with [0.1, 9999.1].
  self.unique_name: trial.suggest_float(
[I 2026-05-01 10:46:24,491] Trial 34 finished with value: 0.5522928512754102 and parameters: {'0:atom_AtomicNumber:kDelta': 0.8, '0:atom_AtomicNumber_list_1:kConv': 0.85, '0:atom_AtomicNumber_list_2:kConv': 0.75, '0:atom_AtomicNumber_list_3:kConv': 0.85, '0:atom_AtomicNumber_list_4:kConv': 0.8, '0:atom_MorganHash:kDelta': 0.95, '0:atom_Ring_count:kDelta': 0.8, '0:atom_RingSize_list:kConv': 0.95, '0:atom_Hcount:kDelta': 0.9, '0:atom_AtomicNumber_count_1:kDelta': 0.8, '0:atom_AtomicNumber_count_2:kDelta': 1.0, '0:atom_Chiral:kDelta': 0.75, '0:bond_Order:kDelta': 0.75, '0:bond_Stereo:kDelta': 0.95, '0:bond_RingStereo:kDelta': 0.75, '0:q:q': 0.47000000000000003, '0:features_kernel:Matern32': 2771.1, 'alpha': 0.092}. Best is trial 8 with value: 0.303133104904434.
/gpfs_common/share03/ddomlab/sdehgha2/working_space/GP_collab/code_python/training/MGK_and_tools/mgktools/mgktools/kernels/base.py:225: UserWarning: The distribution is specified by [0.1, 10000] and step=1, but the range is not divisible by `step`. It will be replaced with [0.1, 9999.1].
  self.unique_name: trial.suggest_float(
[I 2026-05-01 10:46:37,707] Trial 35 finished with value: 0.4661852736702425 and parameters: {'0:atom_AtomicNumber:kDelta': 0.85, '0:atom_AtomicNumber_list_1:kConv': 0.8, '0:atom_AtomicNumber_list_2:kConv': 1.0, '0:atom_AtomicNumber_list_3:kConv': 0.75, '0:atom_AtomicNumber_list_4:kConv': 0.75, '0:atom_MorganHash:kDelta': 0.9, '0:atom_Ring_count:kDelta': 0.9, '0:atom_RingSize_list:kConv': 0.85, '0:atom_Hcount:kDelta': 0.85, '0:atom_AtomicNumber_count_1:kDelta': 0.9, '0:atom_AtomicNumber_count_2:kDelta': 0.8, '0:atom_Chiral:kDelta': 0.85, '0:bond_Order:kDelta': 0.9, '0:bond_Stereo:kDelta': 0.9, '0:bond_RingStereo:kDelta': 0.9, '0:q:q': 0.39, '0:features_kernel:Matern32': 32.1, 'alpha': 0.043000000000000003}. Best is trial 8 with value: 0.303133104904434.
/gpfs_common/share03/ddomlab/sdehgha2/working_space/GP_collab/code_python/training/MGK_and_tools/mgktools/mgktools/kernels/base.py:225: UserWarning: The distribution is specified by [0.1, 10000] and step=1, but the range is not divisible by `step`. It will be replaced with [0.1, 9999.1].
  self.unique_name: trial.suggest_float(
[I 2026-05-01 10:46:52,051] Trial 36 finished with value: 0.5462072266024924 and parameters: {'0:atom_AtomicNumber:kDelta': 0.95, '0:atom_AtomicNumber_list_1:kConv': 0.95, '0:atom_AtomicNumber_list_2:kConv': 0.95, '0:atom_AtomicNumber_list_3:kConv': 0.9, '0:atom_AtomicNumber_list_4:kConv': 0.9, '0:atom_MorganHash:kDelta': 0.9, '0:atom_Ring_count:kDelta': 0.9, '0:atom_RingSize_list:kConv': 0.9, '0:atom_Hcount:kDelta': 0.8, '0:atom_AtomicNumber_count_1:kDelta': 0.85, '0:atom_AtomicNumber_count_2:kDelta': 0.85, '0:atom_Chiral:kDelta': 0.9, '0:bond_Order:kDelta': 0.95, '0:bond_Stereo:kDelta': 0.8, '0:bond_RingStereo:kDelta': 1.0, '0:q:q': 0.3, '0:features_kernel:Matern32': 4486.1, 'alpha': 0.036000000000000004}. Best is trial 8 with value: 0.303133104904434.
/gpfs_common/share03/ddomlab/sdehgha2/working_space/GP_collab/code_python/training/MGK_and_tools/mgktools/mgktools/kernels/base.py:225: UserWarning: The distribution is specified by [0.1, 10000] and step=1, but the range is not divisible by `step`. It will be replaced with [0.1, 9999.1].
  self.unique_name: trial.suggest_float(
[I 2026-05-01 10:47:05,262] Trial 37 finished with value: 0.486157895513233 and parameters: {'0:atom_AtomicNumber:kDelta': 0.75, '0:atom_AtomicNumber_list_1:kConv': 0.8, '0:atom_AtomicNumber_list_2:kConv': 1.0, '0:atom_AtomicNumber_list_3:kConv': 0.85, '0:atom_AtomicNumber_list_4:kConv': 0.75, '0:atom_MorganHash:kDelta': 0.95, '0:atom_Ring_count:kDelta': 0.75, '0:atom_RingSize_list:kConv': 0.9, '0:atom_Hcount:kDelta': 0.8, '0:atom_AtomicNumber_count_1:kDelta': 0.75, '0:atom_AtomicNumber_count_2:kDelta': 1.0, '0:atom_Chiral:kDelta': 0.75, '0:bond_Order:kDelta': 0.9, '0:bond_Stereo:kDelta': 0.85, '0:bond_RingStereo:kDelta': 0.9, '0:q:q': 0.44, '0:features_kernel:Matern32': 39.1, 'alpha': 0.059000000000000004}. Best is trial 8 with value: 0.303133104904434.
/gpfs_common/share03/ddomlab/sdehgha2/working_space/GP_collab/code_python/training/MGK_and_tools/mgktools/mgktools/kernels/base.py:225: UserWarning: The distribution is specified by [0.1, 10000] and step=1, but the range is not divisible by `step`. It will be replaced with [0.1, 9999.1].
  self.unique_name: trial.suggest_float(
[I 2026-05-01 10:47:17,983] Trial 38 finished with value: 0.5458021149868488 and parameters: {'0:atom_AtomicNumber:kDelta': 0.75, '0:atom_AtomicNumber_list_1:kConv': 0.8, '0:atom_AtomicNumber_list_2:kConv': 0.95, '0:atom_AtomicNumber_list_3:kConv': 0.85, '0:atom_AtomicNumber_list_4:kConv': 0.75, '0:atom_MorganHash:kDelta': 0.95, '0:atom_Ring_count:kDelta': 0.75, '0:atom_RingSize_list:kConv': 0.9, '0:atom_Hcount:kDelta': 0.75, '0:atom_AtomicNumber_count_1:kDelta': 0.75, '0:atom_AtomicNumber_count_2:kDelta': 1.0, '0:atom_Chiral:kDelta': 0.75, '0:bond_Order:kDelta': 0.9, '0:bond_Stereo:kDelta': 0.85, '0:bond_RingStereo:kDelta': 0.9, '0:q:q': 0.46, '0:features_kernel:Matern32': 370.1, 'alpha': 0.075}. Best is trial 8 with value: 0.303133104904434.
/gpfs_common/share03/ddomlab/sdehgha2/working_space/GP_collab/code_python/training/MGK_and_tools/mgktools/mgktools/kernels/base.py:225: UserWarning: The distribution is specified by [0.1, 10000] and step=1, but the range is not divisible by `step`. It will be replaced with [0.1, 9999.1].
  self.unique_name: trial.suggest_float(
[I 2026-05-01 10:47:29,915] Trial 39 finished with value: 0.5039328267024846 and parameters: {'0:atom_AtomicNumber:kDelta': 0.75, '0:atom_AtomicNumber_list_1:kConv': 0.8, '0:atom_AtomicNumber_list_2:kConv': 1.0, '0:atom_AtomicNumber_list_3:kConv': 0.8, '0:atom_AtomicNumber_list_4:kConv': 0.75, '0:atom_MorganHash:kDelta': 1.0, '0:atom_Ring_count:kDelta': 0.75, '0:atom_RingSize_list:kConv': 0.85, '0:atom_Hcount:kDelta': 0.85, '0:atom_AtomicNumber_count_1:kDelta': 0.8, '0:atom_AtomicNumber_count_2:kDelta': 0.95, '0:atom_Chiral:kDelta': 0.8, '0:bond_Order:kDelta': 0.9, '0:bond_Stereo:kDelta': 0.9, '0:bond_RingStereo:kDelta': 0.95, '0:q:q': 0.5, '0:features_kernel:Matern32': 59.1, 'alpha': 0.068}. Best is trial 8 with value: 0.303133104904434.
/gpfs_common/share03/ddomlab/sdehgha2/working_space/GP_collab/code_python/training/MGK_and_tools/mgktools/mgktools/kernels/base.py:225: UserWarning: The distribution is specified by [0.1, 10000] and step=1, but the range is not divisible by `step`. It will be replaced with [0.1, 9999.1].
  self.unique_name: trial.suggest_float(
[I 2026-05-01 10:47:44,137] Trial 40 finished with value: 0.5492174173684627 and parameters: {'0:atom_AtomicNumber:kDelta': 0.8, '0:atom_AtomicNumber_list_1:kConv': 0.75, '0:atom_AtomicNumber_list_2:kConv': 0.9, '0:atom_AtomicNumber_list_3:kConv': 0.85, '0:atom_AtomicNumber_list_4:kConv': 0.8, '0:atom_MorganHash:kDelta': 0.95, '0:atom_Ring_count:kDelta': 0.95, '0:atom_RingSize_list:kConv': 0.9, '0:atom_Hcount:kDelta': 0.75, '0:atom_AtomicNumber_count_1:kDelta': 0.75, '0:atom_AtomicNumber_count_2:kDelta': 1.0, '0:atom_Chiral:kDelta': 0.75, '0:bond_Order:kDelta': 0.85, '0:bond_Stereo:kDelta': 0.9, '0:bond_RingStereo:kDelta': 0.9, '0:q:q': 0.34, '0:features_kernel:Matern32': 1510.1, 'alpha': 0.054}. Best is trial 8 with value: 0.303133104904434.
/gpfs_common/share03/ddomlab/sdehgha2/working_space/GP_collab/code_python/training/MGK_and_tools/mgktools/mgktools/kernels/base.py:225: UserWarning: The distribution is specified by [0.1, 10000] and step=1, but the range is not divisible by `step`. It will be replaced with [0.1, 9999.1].
  self.unique_name: trial.suggest_float(
[I 2026-05-01 10:47:57,331] Trial 41 finished with value: 0.542928053418688 and parameters: {'0:atom_AtomicNumber:kDelta': 1.0, '0:atom_AtomicNumber_list_1:kConv': 0.85, '0:atom_AtomicNumber_list_2:kConv': 0.75, '0:atom_AtomicNumber_list_3:kConv': 0.9, '0:atom_AtomicNumber_list_4:kConv': 0.75, '0:atom_MorganHash:kDelta': 0.9, '0:atom_Ring_count:kDelta': 0.8, '0:atom_RingSize_list:kConv': 0.85, '0:atom_Hcount:kDelta': 0.8, '0:atom_AtomicNumber_count_1:kDelta': 0.8, '0:atom_AtomicNumber_count_2:kDelta': 0.95, '0:atom_Chiral:kDelta': 0.8, '0:bond_Order:kDelta': 0.95, '0:bond_Stereo:kDelta': 0.95, '0:bond_RingStereo:kDelta': 0.85, '0:q:q': 0.41000000000000003, '0:features_kernel:Matern32': 550.1, 'alpha': 0.044000000000000004}. Best is trial 8 with value: 0.303133104904434.
[I 2026-05-01 11:52:18,888] A new study created in RDB with name: optuna-study
/gpfs_common/share03/ddomlab/sdehgha2/working_space/GP_collab/code_python/training/MGK_and_tools/mgktools/mgktools/kernels/base.py:225: UserWarning: The distribution is specified by [0.1, 10000] and step=1, but the range is not divisible by `step`. It will be replaced with [0.1, 9999.1].
  self.unique_name: trial.suggest_float(
[I 2026-05-01 11:52:33,241] Trial 0 finished with value: 0.5460446902375219 and parameters: {'0:atom_AtomicNumber:kDelta': 0.95, '0:atom_AtomicNumber_list_1:kConv': 0.8, '0:atom_AtomicNumber_list_2:kConv': 0.95, '0:atom_AtomicNumber_list_3:kConv': 1.0, '0:atom_AtomicNumber_list_4:kConv': 1.0, '0:atom_MorganHash:kDelta': 0.85, '0:atom_Ring_count:kDelta': 0.9, '0:atom_RingSize_list:kConv': 0.95, '0:atom_Hcount:kDelta': 0.9, '0:atom_AtomicNumber_count_1:kDelta': 0.95, '0:atom_AtomicNumber_count_2:kDelta': 0.75, '0:atom_Chiral:kDelta': 0.8, '0:bond_Order:kDelta': 0.75, '0:bond_Stereo:kDelta': 1.0, '0:bond_RingStereo:kDelta': 0.85, '0:q:q': 0.34, '0:features_kernel:Matern32': 2562.1, 'alpha': 0.035}. Best is trial 0 with value: 0.5460446902375219.
/gpfs_common/share03/ddomlab/sdehgha2/working_space/GP_collab/code_python/training/MGK_and_tools/mgktools/mgktools/kernels/base.py:225: UserWarning: The distribution is specified by [0.1, 10000] and step=1, but the range is not divisible by `step`. It will be replaced with [0.1, 9999.1].
  self.unique_name: trial.suggest_float(
[I 2026-05-01 11:52:49,086] Trial 1 finished with value: 0.5494922685431524 and parameters: {'0:atom_AtomicNumber:kDelta': 0.75, '0:atom_AtomicNumber_list_1:kConv': 0.85, '0:atom_AtomicNumber_list_2:kConv': 1.0, '0:atom_AtomicNumber_list_3:kConv': 0.8, '0:atom_AtomicNumber_list_4:kConv': 0.8, '0:atom_MorganHash:kDelta': 1.0, '0:atom_Ring_count:kDelta': 0.75, '0:atom_RingSize_list:kConv': 0.75, '0:atom_Hcount:kDelta': 0.9, '0:atom_AtomicNumber_count_1:kDelta': 1.0, '0:atom_AtomicNumber_count_2:kDelta': 0.75, '0:atom_Chiral:kDelta': 0.95, '0:bond_Order:kDelta': 0.95, '0:bond_Stereo:kDelta': 0.75, '0:bond_RingStereo:kDelta': 0.9, '0:q:q': 0.26, '0:features_kernel:Matern32': 4798.1, 'alpha': 0.096}. Best is trial 0 with value: 0.5460446902375219.
/gpfs_common/share03/ddomlab/sdehgha2/working_space/GP_collab/code_python/training/MGK_and_tools/mgktools/mgktools/kernels/base.py:225: UserWarning: The distribution is specified by [0.1, 10000] and step=1, but the range is not divisible by `step`. It will be replaced with [0.1, 9999.1].
  self.unique_name: trial.suggest_float(
[I 2026-05-01 11:53:04,098] Trial 2 finished with value: 0.5418334053005622 and parameters: {'0:atom_AtomicNumber:kDelta': 0.75, '0:atom_AtomicNumber_list_1:kConv': 0.8, '0:atom_AtomicNumber_list_2:kConv': 0.95, '0:atom_AtomicNumber_list_3:kConv': 0.8, '0:atom_AtomicNumber_list_4:kConv': 0.8, '0:atom_MorganHash:kDelta': 0.95, '0:atom_Ring_count:kDelta': 1.0, '0:atom_RingSize_list:kConv': 0.8, '0:atom_Hcount:kDelta': 0.85, '0:atom_AtomicNumber_count_1:kDelta': 0.8, '0:atom_AtomicNumber_count_2:kDelta': 0.85, '0:atom_Chiral:kDelta': 0.9, '0:bond_Order:kDelta': 0.95, '0:bond_Stereo:kDelta': 0.75, '0:bond_RingStereo:kDelta': 0.95, '0:q:q': 0.28, '0:features_kernel:Matern32': 1379.1, 'alpha': 0.010000000000000002}. Best is trial 2 with value: 0.5418334053005622.
/gpfs_common/share03/ddomlab/sdehgha2/working_space/GP_collab/code_python/training/MGK_and_tools/mgktools/mgktools/kernels/base.py:225: UserWarning: The distribution is specified by [0.1, 10000] and step=1, but the range is not divisible by `step`. It will be replaced with [0.1, 9999.1].
  self.unique_name: trial.suggest_float(
[I 2026-05-01 11:53:16,142] Trial 3 finished with value: 0.5440067254279766 and parameters: {'0:atom_AtomicNumber:kDelta': 0.8, '0:atom_AtomicNumber_list_1:kConv': 0.75, '0:atom_AtomicNumber_list_2:kConv': 1.0, '0:atom_AtomicNumber_list_3:kConv': 0.95, '0:atom_AtomicNumber_list_4:kConv': 0.8, '0:atom_MorganHash:kDelta': 0.9, '0:atom_Ring_count:kDelta': 0.9, '0:atom_RingSize_list:kConv': 0.75, '0:atom_Hcount:kDelta': 1.0, '0:atom_AtomicNumber_count_1:kDelta': 0.85, '0:atom_AtomicNumber_count_2:kDelta': 0.75, '0:atom_Chiral:kDelta': 0.8, '0:bond_Order:kDelta': 0.85, '0:bond_Stereo:kDelta': 0.95, '0:bond_RingStereo:kDelta': 1.0, '0:q:q': 0.44, '0:features_kernel:Matern32': 4990.1, 'alpha': 0.011}. Best is trial 2 with value: 0.5418334053005622.
/gpfs_common/share03/ddomlab/sdehgha2/working_space/GP_collab/code_python/training/MGK_and_tools/mgktools/mgktools/kernels/base.py:225: UserWarning: The distribution is specified by [0.1, 10000] and step=1, but the range is not divisible by `step`. It will be replaced with [0.1, 9999.1].
  self.unique_name: trial.suggest_float(
[I 2026-05-01 11:53:32,389] Trial 4 finished with value: 0.544280127409287 and parameters: {'0:atom_AtomicNumber:kDelta': 1.0, '0:atom_AtomicNumber_list_1:kConv': 0.85, '0:atom_AtomicNumber_list_2:kConv': 0.8, '0:atom_AtomicNumber_list_3:kConv': 1.0, '0:atom_AtomicNumber_list_4:kConv': 0.75, '0:atom_MorganHash:kDelta': 0.8, '0:atom_Ring_count:kDelta': 0.9, '0:atom_RingSize_list:kConv': 0.9, '0:atom_Hcount:kDelta': 1.0, '0:atom_AtomicNumber_count_1:kDelta': 0.85, '0:atom_AtomicNumber_count_2:kDelta': 0.75, '0:atom_Chiral:kDelta': 0.95, '0:bond_Order:kDelta': 0.8, '0:bond_Stereo:kDelta': 0.8, '0:bond_RingStereo:kDelta': 0.85, '0:q:q': 0.18000000000000002, '0:features_kernel:Matern32': 9672.1, 'alpha': 0.015}. Best is trial 2 with value: 0.5418334053005622.
/gpfs_common/share03/ddomlab/sdehgha2/working_space/GP_collab/code_python/training/MGK_and_tools/mgktools/mgktools/kernels/base.py:225: UserWarning: The distribution is specified by [0.1, 10000] and step=1, but the range is not divisible by `step`. It will be replaced with [0.1, 9999.1].
  self.unique_name: trial.suggest_float(
[I 2026-05-01 11:53:50,932] Trial 5 finished with value: 0.5441447399332042 and parameters: {'0:atom_AtomicNumber:kDelta': 1.0, '0:atom_AtomicNumber_list_1:kConv': 0.95, '0:atom_AtomicNumber_list_2:kConv': 0.75, '0:atom_AtomicNumber_list_3:kConv': 0.75, '0:atom_AtomicNumber_list_4:kConv': 1.0, '0:atom_MorganHash:kDelta': 0.8, '0:atom_Ring_count:kDelta': 0.75, '0:atom_RingSize_list:kConv': 0.8, '0:atom_Hcount:kDelta': 0.9, '0:atom_AtomicNumber_count_1:kDelta': 0.9, '0:atom_AtomicNumber_count_2:kDelta': 0.95, '0:atom_Chiral:kDelta': 1.0, '0:bond_Order:kDelta': 0.8, '0:bond_Stereo:kDelta': 0.8, '0:bond_RingStereo:kDelta': 1.0, '0:q:q': 0.12, '0:features_kernel:Matern32': 6889.1, 'alpha': 0.016}. Best is trial 2 with value: 0.5418334053005622.
/gpfs_common/share03/ddomlab/sdehgha2/working_space/GP_collab/code_python/training/MGK_and_tools/mgktools/mgktools/kernels/base.py:225: UserWarning: The distribution is specified by [0.1, 10000] and step=1, but the range is not divisible by `step`. It will be replaced with [0.1, 9999.1].
  self.unique_name: trial.suggest_float(
[I 2026-05-01 11:54:07,145] Trial 6 finished with value: 0.5221333653938961 and parameters: {'0:atom_AtomicNumber:kDelta': 0.8, '0:atom_AtomicNumber_list_1:kConv': 0.75, '0:atom_AtomicNumber_list_2:kConv': 0.95, '0:atom_AtomicNumber_list_3:kConv': 0.8, '0:atom_AtomicNumber_list_4:kConv': 0.75, '0:atom_MorganHash:kDelta': 0.8, '0:atom_Ring_count:kDelta': 0.8, '0:atom_RingSize_list:kConv': 0.75, '0:atom_Hcount:kDelta': 0.8, '0:atom_AtomicNumber_count_1:kDelta': 0.95, '0:atom_AtomicNumber_count_2:kDelta': 0.95, '0:atom_Chiral:kDelta': 0.8, '0:bond_Order:kDelta': 0.9, '0:bond_Stereo:kDelta': 1.0, '0:bond_RingStereo:kDelta': 0.9, '0:q:q': 0.19, '0:features_kernel:Matern32': 132.1, 'alpha': 0.083}. Best is trial 6 with value: 0.5221333653938961.
/gpfs_common/share03/ddomlab/sdehgha2/working_space/GP_collab/code_python/training/MGK_and_tools/mgktools/mgktools/kernels/base.py:225: UserWarning: The distribution is specified by [0.1, 10000] and step=1, but the range is not divisible by `step`. It will be replaced with [0.1, 9999.1].
  self.unique_name: trial.suggest_float(
[I 2026-05-01 11:54:22,011] Trial 7 finished with value: 0.5441755546738098 and parameters: {'0:atom_AtomicNumber:kDelta': 0.95, '0:atom_AtomicNumber_list_1:kConv': 0.75, '0:atom_AtomicNumber_list_2:kConv': 0.8, '0:atom_AtomicNumber_list_3:kConv': 1.0, '0:atom_AtomicNumber_list_4:kConv': 0.9, '0:atom_MorganHash:kDelta': 0.85, '0:atom_Ring_count:kDelta': 0.75, '0:atom_RingSize_list:kConv': 0.75, '0:atom_Hcount:kDelta': 0.9, '0:atom_AtomicNumber_count_1:kDelta': 0.95, '0:atom_AtomicNumber_count_2:kDelta': 1.0, '0:atom_Chiral:kDelta': 0.95, '0:bond_Order:kDelta': 0.85, '0:bond_Stereo:kDelta': 0.95, '0:bond_RingStereo:kDelta': 0.75, '0:q:q': 0.32, '0:features_kernel:Matern32': 7207.1, 'alpha': 0.005}. Best is trial 6 with value: 0.5221333653938961.
/gpfs_common/share03/ddomlab/sdehgha2/working_space/GP_collab/code_python/training/MGK_and_tools/mgktools/mgktools/kernels/base.py:225: UserWarning: The distribution is specified by [0.1, 10000] and step=1, but the range is not divisible by `step`. It will be replaced with [0.1, 9999.1].
  self.unique_name: trial.suggest_float(
[I 2026-05-01 11:54:40,495] Trial 8 finished with value: 0.5448210573189238 and parameters: {'0:atom_AtomicNumber:kDelta': 0.85, '0:atom_AtomicNumber_list_1:kConv': 0.75, '0:atom_AtomicNumber_list_2:kConv': 0.8, '0:atom_AtomicNumber_list_3:kConv': 0.8, '0:atom_AtomicNumber_list_4:kConv': 0.8, '0:atom_MorganHash:kDelta': 0.75, '0:atom_Ring_count:kDelta': 0.95, '0:atom_RingSize_list:kConv': 0.75, '0:atom_Hcount:kDelta': 0.9, '0:atom_AtomicNumber_count_1:kDelta': 0.8, '0:atom_AtomicNumber_count_2:kDelta': 0.9, '0:atom_Chiral:kDelta': 0.8, '0:bond_Order:kDelta': 0.85, '0:bond_Stereo:kDelta': 0.9, '0:bond_RingStereo:kDelta': 0.75, '0:q:q': 0.06999999999999999, '0:features_kernel:Matern32': 8444.1, 'alpha': 0.04}. Best is trial 6 with value: 0.5221333653938961.
/gpfs_common/share03/ddomlab/sdehgha2/working_space/GP_collab/code_python/training/MGK_and_tools/mgktools/mgktools/kernels/base.py:225: UserWarning: The distribution is specified by [0.1, 10000] and step=1, but the range is not divisible by `step`. It will be replaced with [0.1, 9999.1].
  self.unique_name: trial.suggest_float(
[I 2026-05-01 11:54:58,247] Trial 9 finished with value: 0.5451584388456598 and parameters: {'0:atom_AtomicNumber:kDelta': 0.8, '0:atom_AtomicNumber_list_1:kConv': 0.95, '0:atom_AtomicNumber_list_2:kConv': 1.0, '0:atom_AtomicNumber_list_3:kConv': 0.95, '0:atom_AtomicNumber_list_4:kConv': 0.95, '0:atom_MorganHash:kDelta': 0.75, '0:atom_Ring_count:kDelta': 1.0, '0:atom_RingSize_list:kConv': 0.9, '0:atom_Hcount:kDelta': 1.0, '0:atom_AtomicNumber_count_1:kDelta': 0.9, '0:atom_AtomicNumber_count_2:kDelta': 0.75, '0:atom_Chiral:kDelta': 1.0, '0:bond_Order:kDelta': 0.75, '0:bond_Stereo:kDelta': 0.95, '0:bond_RingStereo:kDelta': 0.85, '0:q:q': 0.09999999999999999, '0:features_kernel:Matern32': 1405.1, 'alpha': 0.067}. Best is trial 6 with value: 0.5221333653938961.
/gpfs_common/share03/ddomlab/sdehgha2/working_space/GP_collab/code_python/training/MGK_and_tools/mgktools/mgktools/kernels/base.py:225: UserWarning: The distribution is specified by [0.1, 10000] and step=1, but the range is not divisible by `step`. It will be replaced with [0.1, 9999.1].
  self.unique_name: trial.suggest_float(
[I 2026-05-01 11:55:10,983] Trial 10 finished with value: 0.5500225492847906 and parameters: {'0:atom_AtomicNumber:kDelta': 0.85, '0:atom_AtomicNumber_list_1:kConv': 1.0, '0:atom_AtomicNumber_list_2:kConv': 0.9, '0:atom_AtomicNumber_list_3:kConv': 0.85, '0:atom_AtomicNumber_list_4:kConv': 0.75, '0:atom_MorganHash:kDelta': 0.9, '0:atom_Ring_count:kDelta': 0.8, '0:atom_RingSize_list:kConv': 1.0, '0:atom_Hcount:kDelta': 0.75, '0:atom_AtomicNumber_count_1:kDelta': 1.0, '0:atom_AtomicNumber_count_2:kDelta': 0.85, '0:atom_Chiral:kDelta': 0.75, '0:bond_Order:kDelta': 1.0, '0:bond_Stereo:kDelta': 1.0, '0:bond_RingStereo:kDelta': 0.9, '0:q:q': 0.43, '0:features_kernel:Matern32': 3218.1, 'alpha': 0.1}. Best is trial 6 with value: 0.5221333653938961.
/gpfs_common/share03/ddomlab/sdehgha2/working_space/GP_collab/code_python/training/MGK_and_tools/mgktools/mgktools/kernels/base.py:225: UserWarning: The distribution is specified by [0.1, 10000] and step=1, but the range is not divisible by `step`. It will be replaced with [0.1, 9999.1].
  self.unique_name: trial.suggest_float(
[I 2026-05-01 11:55:28,129] Trial 11 finished with value: 0.5396174662981503 and parameters: {'0:atom_AtomicNumber:kDelta': 0.75, '0:atom_AtomicNumber_list_1:kConv': 0.8, '0:atom_AtomicNumber_list_2:kConv': 0.9, '0:atom_AtomicNumber_list_3:kConv': 0.75, '0:atom_AtomicNumber_list_4:kConv': 0.85, '0:atom_MorganHash:kDelta': 1.0, '0:atom_Ring_count:kDelta': 0.85, '0:atom_RingSize_list:kConv': 0.85, '0:atom_Hcount:kDelta': 0.8, '0:atom_AtomicNumber_count_1:kDelta': 0.75, '0:atom_AtomicNumber_count_2:kDelta': 0.85, '0:atom_Chiral:kDelta': 0.85, '0:bond_Order:kDelta': 0.95, '0:bond_Stereo:kDelta': 0.85, '0:bond_RingStereo:kDelta': 0.95, '0:q:q': 0.19, '0:features_kernel:Matern32': 260.1, 'alpha': 0.067}. Best is trial 6 with value: 0.5221333653938961.
/gpfs_common/share03/ddomlab/sdehgha2/working_space/GP_collab/code_python/training/MGK_and_tools/mgktools/mgktools/kernels/base.py:225: UserWarning: The distribution is specified by [0.1, 10000] and step=1, but the range is not divisible by `step`. It will be replaced with [0.1, 9999.1].
  self.unique_name: trial.suggest_float(
[I 2026-05-01 11:55:45,984] Trial 12 finished with value: 0.5388167787548761 and parameters: {'0:atom_AtomicNumber:kDelta': 0.8, '0:atom_AtomicNumber_list_1:kConv': 0.8, '0:atom_AtomicNumber_list_2:kConv': 0.9, '0:atom_AtomicNumber_list_3:kConv': 0.75, '0:atom_AtomicNumber_list_4:kConv': 0.9, '0:atom_MorganHash:kDelta': 1.0, '0:atom_Ring_count:kDelta': 0.85, '0:atom_RingSize_list:kConv': 0.85, '0:atom_Hcount:kDelta': 0.8, '0:atom_AtomicNumber_count_1:kDelta': 0.75, '0:atom_AtomicNumber_count_2:kDelta': 0.9, '0:atom_Chiral:kDelta': 0.85, '0:bond_Order:kDelta': 0.95, '0:bond_Stereo:kDelta': 0.85, '0:bond_RingStereo:kDelta': 0.95, '0:q:q': 0.18000000000000002, '0:features_kernel:Matern32': 240.1, 'alpha': 0.068}. Best is trial 6 with value: 0.5221333653938961.
/gpfs_common/share03/ddomlab/sdehgha2/working_space/GP_collab/code_python/training/MGK_and_tools/mgktools/mgktools/kernels/base.py:225: UserWarning: The distribution is specified by [0.1, 10000] and step=1, but the range is not divisible by `step`. It will be replaced with [0.1, 9999.1].
  self.unique_name: trial.suggest_float(
[I 2026-05-01 11:56:11,501] Trial 13 finished with value: 0.49722982456137965 and parameters: {'0:atom_AtomicNumber:kDelta': 0.8, '0:atom_AtomicNumber_list_1:kConv': 0.8, '0:atom_AtomicNumber_list_2:kConv': 0.85, '0:atom_AtomicNumber_list_3:kConv': 0.85, '0:atom_AtomicNumber_list_4:kConv': 0.9, '0:atom_MorganHash:kDelta': 0.95, '0:atom_Ring_count:kDelta': 0.85, '0:atom_RingSize_list:kConv': 0.85, '0:atom_Hcount:kDelta': 0.75, '0:atom_AtomicNumber_count_1:kDelta': 0.75, '0:atom_AtomicNumber_count_2:kDelta': 0.95, '0:atom_Chiral:kDelta': 0.85, '0:bond_Order:kDelta': 0.9, '0:bond_Stereo:kDelta': 0.85, '0:bond_RingStereo:kDelta': 0.95, '0:q:q': 0.01, '0:features_kernel:Matern32': 60.1, 'alpha': 0.07300000000000001}. Best is trial 13 with value: 0.49722982456137965.
/gpfs_common/share03/ddomlab/sdehgha2/working_space/GP_collab/code_python/training/MGK_and_tools/mgktools/mgktools/kernels/base.py:225: UserWarning: The distribution is specified by [0.1, 10000] and step=1, but the range is not divisible by `step`. It will be replaced with [0.1, 9999.1].
  self.unique_name: trial.suggest_float(
[I 2026-05-01 11:56:36,666] Trial 14 finished with value: 0.5477063659228919 and parameters: {'0:atom_AtomicNumber:kDelta': 0.9, '0:atom_AtomicNumber_list_1:kConv': 0.9, '0:atom_AtomicNumber_list_2:kConv': 0.85, '0:atom_AtomicNumber_list_3:kConv': 0.85, '0:atom_AtomicNumber_list_4:kConv': 0.85, '0:atom_MorganHash:kDelta': 0.95, '0:atom_Ring_count:kDelta': 0.8, '0:atom_RingSize_list:kConv': 0.8, '0:atom_Hcount:kDelta': 0.75, '0:atom_AtomicNumber_count_1:kDelta': 0.95, '0:atom_AtomicNumber_count_2:kDelta': 1.0, '0:atom_Chiral:kDelta': 0.75, '0:bond_Order:kDelta': 0.9, '0:bond_Stereo:kDelta': 0.9, '0:bond_RingStereo:kDelta': 0.8, '0:q:q': 0.03, '0:features_kernel:Matern32': 2811.1, 'alpha': 0.085}. Best is trial 13 with value: 0.49722982456137965.
/gpfs_common/share03/ddomlab/sdehgha2/working_space/GP_collab/code_python/training/MGK_and_tools/mgktools/mgktools/kernels/base.py:225: UserWarning: The distribution is specified by [0.1, 10000] and step=1, but the range is not divisible by `step`. It will be replaced with [0.1, 9999.1].
  self.unique_name: trial.suggest_float(
[I 2026-05-01 11:56:57,958] Trial 15 finished with value: 0.5457470492429792 and parameters: {'0:atom_AtomicNumber:kDelta': 0.85, '0:atom_AtomicNumber_list_1:kConv': 0.75, '0:atom_AtomicNumber_list_2:kConv': 0.85, '0:atom_AtomicNumber_list_3:kConv': 0.9, '0:atom_AtomicNumber_list_4:kConv': 0.95, '0:atom_MorganHash:kDelta': 0.8, '0:atom_Ring_count:kDelta': 0.8, '0:atom_RingSize_list:kConv': 0.95, '0:atom_Hcount:kDelta': 0.8, '0:atom_AtomicNumber_count_1:kDelta': 0.8, '0:atom_AtomicNumber_count_2:kDelta': 0.95, '0:atom_Chiral:kDelta': 0.85, '0:bond_Order:kDelta': 0.9, '0:bond_Stereo:kDelta': 0.85, '0:bond_RingStereo:kDelta': 0.9, '0:q:q': 0.03, '0:features_kernel:Matern32': 1291.1, 'alpha': 0.082}. Best is trial 13 with value: 0.49722982456137965.
/gpfs_common/share03/ddomlab/sdehgha2/working_space/GP_collab/code_python/training/MGK_and_tools/mgktools/mgktools/kernels/base.py:225: UserWarning: The distribution is specified by [0.1, 10000] and step=1, but the range is not divisible by `step`. It will be replaced with [0.1, 9999.1].
  self.unique_name: trial.suggest_float(
[I 2026-05-01 11:57:24,041] Trial 16 finished with value: 0.5461580353765136 and parameters: {'0:atom_AtomicNumber:kDelta': 0.8, '0:atom_AtomicNumber_list_1:kConv': 0.85, '0:atom_AtomicNumber_list_2:kConv': 0.95, '0:atom_AtomicNumber_list_3:kConv': 0.9, '0:atom_AtomicNumber_list_4:kConv': 0.9, '0:atom_MorganHash:kDelta': 0.95, '0:atom_Ring_count:kDelta': 0.85, '0:atom_RingSize_list:kConv': 0.85, '0:atom_Hcount:kDelta': 0.75, '0:atom_AtomicNumber_count_1:kDelta': 0.9, '0:atom_AtomicNumber_count_2:kDelta': 0.95, '0:atom_Chiral:kDelta': 0.9, '0:bond_Order:kDelta': 0.9, '0:bond_Stereo:kDelta': 0.8, '0:bond_RingStereo:kDelta': 0.95, '0:q:q': 0.01, '0:features_kernel:Matern32': 4228.1, 'alpha': 0.054}. Best is trial 13 with value: 0.49722982456137965.
/gpfs_common/share03/ddomlab/sdehgha2/working_space/GP_collab/code_python/training/MGK_and_tools/mgktools/mgktools/kernels/base.py:225: UserWarning: The distribution is specified by [0.1, 10000] and step=1, but the range is not divisible by `step`. It will be replaced with [0.1, 9999.1].
  self.unique_name: trial.suggest_float(
[I 2026-05-01 11:57:37,519] Trial 17 finished with value: 0.5478832632123897 and parameters: {'0:atom_AtomicNumber:kDelta': 0.9, '0:atom_AtomicNumber_list_1:kConv': 0.8, '0:atom_AtomicNumber_list_2:kConv': 0.85, '0:atom_AtomicNumber_list_3:kConv': 0.85, '0:atom_AtomicNumber_list_4:kConv': 0.95, '0:atom_MorganHash:kDelta': 0.85, '0:atom_Ring_count:kDelta': 0.8, '0:atom_RingSize_list:kConv': 0.8, '0:atom_Hcount:kDelta': 0.85, '0:atom_AtomicNumber_count_1:kDelta': 0.85, '0:atom_AtomicNumber_count_2:kDelta': 1.0, '0:atom_Chiral:kDelta': 0.8, '0:bond_Order:kDelta': 1.0, '0:bond_Stereo:kDelta': 0.9, '0:bond_RingStereo:kDelta': 1.0, '0:q:q': 0.38, '0:features_kernel:Matern32': 6094.1, 'alpha': 0.081}. Best is trial 13 with value: 0.49722982456137965.
/gpfs_common/share03/ddomlab/sdehgha2/working_space/GP_collab/code_python/training/MGK_and_tools/mgktools/mgktools/kernels/base.py:225: UserWarning: The distribution is specified by [0.1, 10000] and step=1, but the range is not divisible by `step`. It will be replaced with [0.1, 9999.1].
  self.unique_name: trial.suggest_float(
[I 2026-05-01 11:57:53,561] Trial 18 finished with value: 0.5340862256716916 and parameters: {'0:atom_AtomicNumber:kDelta': 0.8, '0:atom_AtomicNumber_list_1:kConv': 0.9, '0:atom_AtomicNumber_list_2:kConv': 0.75, '0:atom_AtomicNumber_list_3:kConv': 0.8, '0:atom_AtomicNumber_list_4:kConv': 0.85, '0:atom_MorganHash:kDelta': 0.9, '0:atom_Ring_count:kDelta': 0.85, '0:atom_RingSize_list:kConv': 0.9, '0:atom_Hcount:kDelta': 0.8, '0:atom_AtomicNumber_count_1:kDelta': 0.95, '0:atom_AtomicNumber_count_2:kDelta': 0.9, '0:atom_Chiral:kDelta': 0.75, '0:bond_Order:kDelta': 0.9, '0:bond_Stereo:kDelta': 1.0, '0:bond_RingStereo:kDelta': 0.9, '0:q:q': 0.22, '0:features_kernel:Matern32': 257.1, 'alpha': 0.054}. Best is trial 13 with value: 0.49722982456137965.
/gpfs_common/share03/ddomlab/sdehgha2/working_space/GP_collab/code_python/training/MGK_and_tools/mgktools/mgktools/kernels/base.py:225: UserWarning: The distribution is specified by [0.1, 10000] and step=1, but the range is not divisible by `step`. It will be replaced with [0.1, 9999.1].
  self.unique_name: trial.suggest_float(
[I 2026-05-01 11:58:10,201] Trial 19 finished with value: 0.5469051809190162 and parameters: {'0:atom_AtomicNumber:kDelta': 0.75, '0:atom_AtomicNumber_list_1:kConv': 0.75, '0:atom_AtomicNumber_list_2:kConv': 0.95, '0:atom_AtomicNumber_list_3:kConv': 0.9, '0:atom_AtomicNumber_list_4:kConv': 0.75, '0:atom_MorganHash:kDelta': 0.8, '0:atom_Ring_count:kDelta': 0.95, '0:atom_RingSize_list:kConv': 1.0, '0:atom_Hcount:kDelta': 0.75, '0:atom_AtomicNumber_count_1:kDelta': 0.75, '0:atom_AtomicNumber_count_2:kDelta': 0.95, '0:atom_Chiral:kDelta': 0.9, '0:bond_Order:kDelta': 0.8, '0:bond_Stereo:kDelta': 0.95, '0:bond_RingStereo:kDelta': 0.8, '0:q:q': 0.16, '0:features_kernel:Matern32': 2136.1, 'alpha': 0.075}. Best is trial 13 with value: 0.49722982456137965.
/gpfs_common/share03/ddomlab/sdehgha2/working_space/GP_collab/code_python/training/MGK_and_tools/mgktools/mgktools/kernels/base.py:225: UserWarning: The distribution is specified by [0.1, 10000] and step=1, but the range is not divisible by `step`. It will be replaced with [0.1, 9999.1].
  self.unique_name: trial.suggest_float(
[I 2026-05-01 11:58:29,502] Trial 20 finished with value: 0.5479182602574706 and parameters: {'0:atom_AtomicNumber:kDelta': 0.85, '0:atom_AtomicNumber_list_1:kConv': 0.85, '0:atom_AtomicNumber_list_2:kConv': 0.9, '0:atom_AtomicNumber_list_3:kConv': 0.85, '0:atom_AtomicNumber_list_4:kConv': 0.85, '0:atom_MorganHash:kDelta': 0.95, '0:atom_Ring_count:kDelta': 0.8, '0:atom_RingSize_list:kConv': 0.95, '0:atom_Hcount:kDelta': 0.85, '0:atom_AtomicNumber_count_1:kDelta': 1.0, '0:atom_AtomicNumber_count_2:kDelta': 0.8, '0:atom_Chiral:kDelta': 0.85, '0:bond_Order:kDelta': 0.85, '0:bond_Stereo:kDelta': 0.9, '0:bond_RingStereo:kDelta': 0.95, '0:q:q': 0.12, '0:features_kernel:Matern32': 3701.1, 'alpha': 0.091}. Best is trial 13 with value: 0.49722982456137965.
/gpfs_common/share03/ddomlab/sdehgha2/working_space/GP_collab/code_python/training/MGK_and_tools/mgktools/mgktools/kernels/base.py:225: UserWarning: The distribution is specified by [0.1, 10000] and step=1, but the range is not divisible by `step`. It will be replaced with [0.1, 9999.1].
  self.unique_name: trial.suggest_float(
[I 2026-05-01 11:58:45,029] Trial 21 finished with value: 0.41478482533892136 and parameters: {'0:atom_AtomicNumber:kDelta': 0.8, '0:atom_AtomicNumber_list_1:kConv': 0.9, '0:atom_AtomicNumber_list_2:kConv': 0.75, '0:atom_AtomicNumber_list_3:kConv': 0.8, '0:atom_AtomicNumber_list_4:kConv': 0.85, '0:atom_MorganHash:kDelta': 0.9, '0:atom_Ring_count:kDelta': 0.85, '0:atom_RingSize_list:kConv': 0.9, '0:atom_Hcount:kDelta': 0.8, '0:atom_AtomicNumber_count_1:kDelta': 0.95, '0:atom_AtomicNumber_count_2:kDelta': 0.9, '0:atom_Chiral:kDelta': 0.75, '0:bond_Order:kDelta': 0.9, '0:bond_Stereo:kDelta': 1.0, '0:bond_RingStereo:kDelta': 0.9, '0:q:q': 0.24000000000000002, '0:features_kernel:Matern32': 16.1, 'alpha': 0.052000000000000005}. Best is trial 21 with value: 0.41478482533892136.
/gpfs_common/share03/ddomlab/sdehgha2/working_space/GP_collab/code_python/training/MGK_and_tools/mgktools/mgktools/kernels/base.py:225: UserWarning: The distribution is specified by [0.1, 10000] and step=1, but the range is not divisible by `step`. It will be replaced with [0.1, 9999.1].
  self.unique_name: trial.suggest_float(
[I 2026-05-01 11:59:00,746] Trial 22 finished with value: 0.31550707675985107 and parameters: {'0:atom_AtomicNumber:kDelta': 0.8, '0:atom_AtomicNumber_list_1:kConv': 0.9, '0:atom_AtomicNumber_list_2:kConv': 0.75, '0:atom_AtomicNumber_list_3:kConv': 0.8, '0:atom_AtomicNumber_list_4:kConv': 0.9, '0:atom_MorganHash:kDelta': 0.9, '0:atom_Ring_count:kDelta': 0.85, '0:atom_RingSize_list:kConv': 0.85, '0:atom_Hcount:kDelta': 0.8, '0:atom_AtomicNumber_count_1:kDelta': 0.95, '0:atom_AtomicNumber_count_2:kDelta': 0.9, '0:atom_Chiral:kDelta': 0.75, '0:bond_Order:kDelta': 0.9, '0:bond_Stereo:kDelta': 1.0, '0:bond_RingStereo:kDelta': 0.9, '0:q:q': 0.24000000000000002, '0:features_kernel:Matern32': 6.1, 'alpha': 0.044000000000000004}. Best is trial 22 with value: 0.31550707675985107.
/gpfs_common/share03/ddomlab/sdehgha2/working_space/GP_collab/code_python/training/MGK_and_tools/mgktools/mgktools/kernels/base.py:225: UserWarning: The distribution is specified by [0.1, 10000] and step=1, but the range is not divisible by `step`. It will be replaced with [0.1, 9999.1].
  self.unique_name: trial.suggest_float(
[I 2026-05-01 11:59:12,847] Trial 23 finished with value: 0.5459539389468538 and parameters: {'0:atom_AtomicNumber:kDelta': 0.85, '0:atom_AtomicNumber_list_1:kConv': 0.9, '0:atom_AtomicNumber_list_2:kConv': 0.75, '0:atom_AtomicNumber_list_3:kConv': 0.8, '0:atom_AtomicNumber_list_4:kConv': 0.9, '0:atom_MorganHash:kDelta': 0.9, '0:atom_Ring_count:kDelta': 0.85, '0:atom_RingSize_list:kConv': 0.85, '0:atom_Hcount:kDelta': 0.75, '0:atom_AtomicNumber_count_1:kDelta': 0.9, '0:atom_AtomicNumber_count_2:kDelta': 0.9, '0:atom_Chiral:kDelta': 0.75, '0:bond_Order:kDelta': 0.95, '0:bond_Stereo:kDelta': 0.95, '0:bond_RingStereo:kDelta': 0.85, '0:q:q': 0.49, '0:features_kernel:Matern32': 1285.1, 'alpha': 0.04}. Best is trial 22 with value: 0.31550707675985107.
/gpfs_common/share03/ddomlab/sdehgha2/working_space/GP_collab/code_python/training/MGK_and_tools/mgktools/mgktools/kernels/base.py:225: UserWarning: The distribution is specified by [0.1, 10000] and step=1, but the range is not divisible by `step`. It will be replaced with [0.1, 9999.1].
  self.unique_name: trial.suggest_float(
[I 2026-05-01 11:59:27,606] Trial 24 finished with value: 0.5462136402032239 and parameters: {'0:atom_AtomicNumber:kDelta': 0.75, '0:atom_AtomicNumber_list_1:kConv': 0.95, '0:atom_AtomicNumber_list_2:kConv': 0.8, '0:atom_AtomicNumber_list_3:kConv': 0.85, '0:atom_AtomicNumber_list_4:kConv': 0.95, '0:atom_MorganHash:kDelta': 0.95, '0:atom_Ring_count:kDelta': 0.9, '0:atom_RingSize_list:kConv': 0.9, '0:atom_Hcount:kDelta': 0.8, '0:atom_AtomicNumber_count_1:kDelta': 1.0, '0:atom_AtomicNumber_count_2:kDelta': 0.9, '0:atom_Chiral:kDelta': 0.75, '0:bond_Order:kDelta': 0.9, '0:bond_Stereo:kDelta': 1.0, '0:bond_RingStereo:kDelta': 0.95, '0:q:q': 0.3, '0:features_kernel:Matern32': 1820.1, 'alpha': 0.028}. Best is trial 22 with value: 0.31550707675985107.
/gpfs_common/share03/ddomlab/sdehgha2/working_space/GP_collab/code_python/training/MGK_and_tools/mgktools/mgktools/kernels/base.py:225: UserWarning: The distribution is specified by [0.1, 10000] and step=1, but the range is not divisible by `step`. It will be replaced with [0.1, 9999.1].
  self.unique_name: trial.suggest_float(
[I 2026-05-01 11:59:43,393] Trial 25 finished with value: 0.544728253631676 and parameters: {'0:atom_AtomicNumber:kDelta': 0.8, '0:atom_AtomicNumber_list_1:kConv': 0.9, '0:atom_AtomicNumber_list_2:kConv': 0.75, '0:atom_AtomicNumber_list_3:kConv': 0.75, '0:atom_AtomicNumber_list_4:kConv': 0.9, '0:atom_MorganHash:kDelta': 0.9, '0:atom_Ring_count:kDelta': 0.95, '0:atom_RingSize_list:kConv': 0.85, '0:atom_Hcount:kDelta': 0.85, '0:atom_AtomicNumber_count_1:kDelta': 0.95, '0:atom_AtomicNumber_count_2:kDelta': 0.8, '0:atom_Chiral:kDelta': 0.75, '0:bond_Order:kDelta': 0.85, '0:bond_Stereo:kDelta': 0.85, '0:bond_RingStereo:kDelta': 0.9, '0:q:q': 0.23, '0:features_kernel:Matern32': 865.1, 'alpha': 0.05}. Best is trial 22 with value: 0.31550707675985107.
/gpfs_common/share03/ddomlab/sdehgha2/working_space/GP_collab/code_python/training/MGK_and_tools/mgktools/mgktools/kernels/base.py:225: UserWarning: The distribution is specified by [0.1, 10000] and step=1, but the range is not divisible by `step`. It will be replaced with [0.1, 9999.1].
  self.unique_name: trial.suggest_float(
[I 2026-05-01 11:59:56,703] Trial 26 finished with value: 0.405815826746241 and parameters: {'0:atom_AtomicNumber:kDelta': 0.9, '0:atom_AtomicNumber_list_1:kConv': 1.0, '0:atom_AtomicNumber_list_2:kConv': 0.8, '0:atom_AtomicNumber_list_3:kConv': 0.8, '0:atom_AtomicNumber_list_4:kConv': 0.85, '0:atom_MorganHash:kDelta': 0.85, '0:atom_Ring_count:kDelta': 0.85, '0:atom_RingSize_list:kConv': 0.9, '0:atom_Hcount:kDelta': 0.95, '0:atom_AtomicNumber_count_1:kDelta': 0.9, '0:atom_AtomicNumber_count_2:kDelta': 0.85, '0:atom_Chiral:kDelta': 0.8, '0:bond_Order:kDelta': 0.95, '0:bond_Stereo:kDelta': 0.95, '0:bond_RingStereo:kDelta': 1.0, '0:q:q': 0.36000000000000004, '0:features_kernel:Matern32': 15.1, 'alpha': 0.05}. Best is trial 22 with value: 0.31550707675985107.
/gpfs_common/share03/ddomlab/sdehgha2/working_space/GP_collab/code_python/training/MGK_and_tools/mgktools/mgktools/kernels/base.py:225: UserWarning: The distribution is specified by [0.1, 10000] and step=1, but the range is not divisible by `step`. It will be replaced with [0.1, 9999.1].
  self.unique_name: trial.suggest_float(
[I 2026-05-01 12:00:09,646] Trial 27 finished with value: 0.5445199719072101 and parameters: {'0:atom_AtomicNumber:kDelta': 0.9, '0:atom_AtomicNumber_list_1:kConv': 1.0, '0:atom_AtomicNumber_list_2:kConv': 0.75, '0:atom_AtomicNumber_list_3:kConv': 0.75, '0:atom_AtomicNumber_list_4:kConv': 0.85, '0:atom_MorganHash:kDelta': 0.85, '0:atom_Ring_count:kDelta': 0.9, '0:atom_RingSize_list:kConv': 0.95, '0:atom_Hcount:kDelta': 0.95, '0:atom_AtomicNumber_count_1:kDelta': 0.9, '0:atom_AtomicNumber_count_2:kDelta': 0.8, '0:atom_Chiral:kDelta': 0.8, '0:bond_Order:kDelta': 1.0, '0:bond_Stereo:kDelta': 1.0, '0:bond_RingStereo:kDelta': 0.8, '0:q:q': 0.36000000000000004, '0:features_kernel:Matern32': 826.1, 'alpha': 0.048}. Best is trial 22 with value: 0.31550707675985107.
/gpfs_common/share03/ddomlab/sdehgha2/working_space/GP_collab/code_python/training/MGK_and_tools/mgktools/mgktools/kernels/base.py:225: UserWarning: The distribution is specified by [0.1, 10000] and step=1, but the range is not divisible by `step`. It will be replaced with [0.1, 9999.1].
  self.unique_name: trial.suggest_float(
[I 2026-05-01 12:01:02,915] Trial 28 finished with value: 0.5459232297004262 and parameters: {'0:atom_AtomicNumber:kDelta': 0.95, '0:atom_AtomicNumber_list_1:kConv': 0.95, '0:atom_AtomicNumber_list_2:kConv': 0.8, '0:atom_AtomicNumber_list_3:kConv': 0.8, '0:atom_AtomicNumber_list_4:kConv': 0.85, '0:atom_MorganHash:kDelta': 0.85, '0:atom_Ring_count:kDelta': 0.85, '0:atom_RingSize_list:kConv': 0.9, '0:atom_Hcount:kDelta': 0.95, '0:atom_AtomicNumber_count_1:kDelta': 0.95, '0:atom_AtomicNumber_count_2:kDelta': 0.85, '0:atom_Chiral:kDelta': 0.75, '0:bond_Order:kDelta': 0.95, '0:bond_Stereo:kDelta': 0.95, '0:bond_RingStereo:kDelta': 1.0, '0:q:q': 0.26, '0:features_kernel:Matern32': 2166.1, 'alpha': 0.060000000000000005}. Best is trial 22 with value: 0.31550707675985107.
/gpfs_common/share03/ddomlab/sdehgha2/working_space/GP_collab/code_python/training/MGK_and_tools/mgktools/mgktools/kernels/base.py:225: UserWarning: The distribution is specified by [0.1, 10000] and step=1, but the range is not divisible by `step`. It will be replaced with [0.1, 9999.1].
  self.unique_name: trial.suggest_float(
[I 2026-05-01 12:01:15,809] Trial 29 finished with value: 0.5455973900829828 and parameters: {'0:atom_AtomicNumber:kDelta': 0.9, '0:atom_AtomicNumber_list_1:kConv': 1.0, '0:atom_AtomicNumber_list_2:kConv': 0.75, '0:atom_AtomicNumber_list_3:kConv': 0.8, '0:atom_AtomicNumber_list_4:kConv': 1.0, '0:atom_MorganHash:kDelta': 0.85, '0:atom_Ring_count:kDelta': 0.9, '0:atom_RingSize_list:kConv': 0.95, '0:atom_Hcount:kDelta': 0.95, '0:atom_AtomicNumber_count_1:kDelta': 0.95, '0:atom_AtomicNumber_count_2:kDelta': 0.85, '0:atom_Chiral:kDelta': 0.8, '0:bond_Order:kDelta': 1.0, '0:bond_Stereo:kDelta': 1.0, '0:bond_RingStereo:kDelta': 0.85, '0:q:q': 0.4, '0:features_kernel:Matern32': 3207.1, 'alpha': 0.031}. Best is trial 22 with value: 0.31550707675985107.
/gpfs_common/share03/ddomlab/sdehgha2/working_space/GP_collab/code_python/training/MGK_and_tools/mgktools/mgktools/kernels/base.py:225: UserWarning: The distribution is specified by [0.1, 10000] and step=1, but the range is not divisible by `step`. It will be replaced with [0.1, 9999.1].
  self.unique_name: trial.suggest_float(
[I 2026-05-01 12:01:30,011] Trial 30 finished with value: 0.5448156711779933 and parameters: {'0:atom_AtomicNumber:kDelta': 0.95, '0:atom_AtomicNumber_list_1:kConv': 0.95, '0:atom_AtomicNumber_list_2:kConv': 0.8, '0:atom_AtomicNumber_list_3:kConv': 0.75, '0:atom_AtomicNumber_list_4:kConv': 0.8, '0:atom_MorganHash:kDelta': 0.9, '0:atom_Ring_count:kDelta': 0.9, '0:atom_RingSize_list:kConv': 0.9, '0:atom_Hcount:kDelta': 0.95, '0:atom_AtomicNumber_count_1:kDelta': 0.9, '0:atom_AtomicNumber_count_2:kDelta': 0.8, '0:atom_Chiral:kDelta': 0.75, '0:bond_Order:kDelta': 0.95, '0:bond_Stereo:kDelta': 1.0, '0:bond_RingStereo:kDelta': 1.0, '0:q:q': 0.32, '0:features_kernel:Matern32': 2549.1, 'alpha': 0.024}. Best is trial 22 with value: 0.31550707675985107.
/gpfs_common/share03/ddomlab/sdehgha2/working_space/GP_collab/code_python/training/MGK_and_tools/mgktools/mgktools/kernels/base.py:225: UserWarning: The distribution is specified by [0.1, 10000] and step=1, but the range is not divisible by `step`. It will be replaced with [0.1, 9999.1].
  self.unique_name: trial.suggest_float(
[I 2026-05-01 12:01:41,909] Trial 31 finished with value: 0.5462417532303231 and parameters: {'0:atom_AtomicNumber:kDelta': 0.85, '0:atom_AtomicNumber_list_1:kConv': 0.9, '0:atom_AtomicNumber_list_2:kConv': 0.85, '0:atom_AtomicNumber_list_3:kConv': 0.85, '0:atom_AtomicNumber_list_4:kConv': 0.9, '0:atom_MorganHash:kDelta': 0.95, '0:atom_Ring_count:kDelta': 0.85, '0:atom_RingSize_list:kConv': 0.85, '0:atom_Hcount:kDelta': 0.75, '0:atom_AtomicNumber_count_1:kDelta': 0.85, '0:atom_AtomicNumber_count_2:kDelta': 0.9, '0:atom_Chiral:kDelta': 0.8, '0:bond_Order:kDelta': 0.9, '0:bond_Stereo:kDelta': 0.95, '0:bond_RingStereo:kDelta': 0.95, '0:q:q': 0.5, '0:features_kernel:Matern32': 803.1, 'alpha': 0.043000000000000003}. Best is trial 22 with value: 0.31550707675985107.
/gpfs_common/share03/ddomlab/sdehgha2/working_space/GP_collab/code_python/training/MGK_and_tools/mgktools/mgktools/kernels/base.py:225: UserWarning: The distribution is specified by [0.1, 10000] and step=1, but the range is not divisible by `step`. It will be replaced with [0.1, 9999.1].
  self.unique_name: trial.suggest_float(
[I 2026-05-01 12:01:58,058] Trial 32 finished with value: 0.29996083185058464 and parameters: {'0:atom_AtomicNumber:kDelta': 0.8, '0:atom_AtomicNumber_list_1:kConv': 0.85, '0:atom_AtomicNumber_list_2:kConv': 0.8, '0:atom_AtomicNumber_list_3:kConv': 0.8, '0:atom_AtomicNumber_list_4:kConv': 0.9, '0:atom_MorganHash:kDelta': 0.9, '0:atom_Ring_count:kDelta': 0.85, '0:atom_RingSize_list:kConv': 0.9, '0:atom_Hcount:kDelta': 0.8, '0:atom_AtomicNumber_count_1:kDelta': 0.95, '0:atom_AtomicNumber_count_2:kDelta': 0.95, '0:atom_Chiral:kDelta': 0.85, '0:bond_Order:kDelta': 0.9, '0:bond_Stereo:kDelta': 1.0, '0:bond_RingStereo:kDelta': 0.9, '0:q:q': 0.24000000000000002, '0:features_kernel:Matern32': 4.1, 'alpha': 0.061}. Best is trial 32 with value: 0.29996083185058464.
/gpfs_common/share03/ddomlab/sdehgha2/working_space/GP_collab/code_python/training/MGK_and_tools/mgktools/mgktools/kernels/base.py:225: UserWarning: The distribution is specified by [0.1, 10000] and step=1, but the range is not divisible by `step`. It will be replaced with [0.1, 9999.1].
  self.unique_name: trial.suggest_float(
[I 2026-05-01 12:02:14,027] Trial 33 finished with value: 0.5448583233107762 and parameters: {'0:atom_AtomicNumber:kDelta': 0.75, '0:atom_AtomicNumber_list_1:kConv': 0.85, '0:atom_AtomicNumber_list_2:kConv': 0.75, '0:atom_AtomicNumber_list_3:kConv': 0.8, '0:atom_AtomicNumber_list_4:kConv': 0.85, '0:atom_MorganHash:kDelta': 0.9, '0:atom_Ring_count:kDelta': 0.85, '0:atom_RingSize_list:kConv': 0.9, '0:atom_Hcount:kDelta': 0.85, '0:atom_AtomicNumber_count_1:kDelta': 1.0, '0:atom_AtomicNumber_count_2:kDelta': 0.9, '0:atom_Chiral:kDelta': 0.8, '0:bond_Order:kDelta': 0.95, '0:bond_Stereo:kDelta': 1.0, '0:bond_RingStereo:kDelta': 0.9, '0:q:q': 0.24000000000000002, '0:features_kernel:Matern32': 750.1, 'alpha': 0.057}. Best is trial 32 with value: 0.29996083185058464.
/gpfs_common/share03/ddomlab/sdehgha2/working_space/GP_collab/code_python/training/MGK_and_tools/mgktools/mgktools/kernels/base.py:225: UserWarning: The distribution is specified by [0.1, 10000] and step=1, but the range is not divisible by `step`. It will be replaced with [0.1, 9999.1].
  self.unique_name: trial.suggest_float(
[I 2026-05-01 12:02:28,762] Trial 34 finished with value: 0.5461964001190215 and parameters: {'0:atom_AtomicNumber:kDelta': 0.9, '0:atom_AtomicNumber_list_1:kConv': 0.85, '0:atom_AtomicNumber_list_2:kConv': 0.8, '0:atom_AtomicNumber_list_3:kConv': 0.8, '0:atom_AtomicNumber_list_4:kConv': 0.95, '0:atom_MorganHash:kDelta': 0.85, '0:atom_Ring_count:kDelta': 0.8, '0:atom_RingSize_list:kConv': 0.95, '0:atom_Hcount:kDelta': 0.8, '0:atom_AtomicNumber_count_1:kDelta': 0.95, '0:atom_AtomicNumber_count_2:kDelta': 0.85, '0:atom_Chiral:kDelta': 0.8, '0:bond_Order:kDelta': 0.95, '0:bond_Stereo:kDelta': 0.95, '0:bond_RingStereo:kDelta': 0.85, '0:q:q': 0.27, '0:features_kernel:Matern32': 1688.1, 'alpha': 0.061}. Best is trial 32 with value: 0.29996083185058464.
/gpfs_common/share03/ddomlab/sdehgha2/working_space/GP_collab/code_python/training/MGK_and_tools/mgktools/mgktools/kernels/base.py:225: UserWarning: The distribution is specified by [0.1, 10000] and step=1, but the range is not divisible by `step`. It will be replaced with [0.1, 9999.1].
  self.unique_name: trial.suggest_float(
[I 2026-05-01 12:02:43,547] Trial 35 finished with value: 0.5449415050551839 and parameters: {'0:atom_AtomicNumber:kDelta': 0.75, '0:atom_AtomicNumber_list_1:kConv': 0.9, '0:atom_AtomicNumber_list_2:kConv': 0.75, '0:atom_AtomicNumber_list_3:kConv': 0.8, '0:atom_AtomicNumber_list_4:kConv': 0.8, '0:atom_MorganHash:kDelta': 0.9, '0:atom_Ring_count:kDelta': 0.9, '0:atom_RingSize_list:kConv': 0.9, '0:atom_Hcount:kDelta': 0.85, '0:atom_AtomicNumber_count_1:kDelta': 0.95, '0:atom_AtomicNumber_count_2:kDelta': 0.9, '0:atom_Chiral:kDelta': 0.75, '0:bond_Order:kDelta': 0.85, '0:bond_Stereo:kDelta': 1.0, '0:bond_RingStereo:kDelta': 0.9, '0:q:q': 0.3, '0:features_kernel:Matern32': 831.1, 'alpha': 0.047}. Best is trial 32 with value: 0.29996083185058464.
/gpfs_common/share03/ddomlab/sdehgha2/working_space/GP_collab/code_python/training/MGK_and_tools/mgktools/mgktools/kernels/base.py:225: UserWarning: The distribution is specified by [0.1, 10000] and step=1, but the range is not divisible by `step`. It will be replaced with [0.1, 9999.1].
  self.unique_name: trial.suggest_float(
[I 2026-05-01 12:03:00,109] Trial 36 finished with value: 0.48793865544397585 and parameters: {'0:atom_AtomicNumber:kDelta': 0.85, '0:atom_AtomicNumber_list_1:kConv': 0.85, '0:atom_AtomicNumber_list_2:kConv': 0.8, '0:atom_AtomicNumber_list_3:kConv': 0.75, '0:atom_AtomicNumber_list_4:kConv': 0.85, '0:atom_MorganHash:kDelta': 0.9, '0:atom_Ring_count:kDelta': 0.85, '0:atom_RingSize_list:kConv': 0.95, '0:atom_Hcount:kDelta': 0.8, '0:atom_AtomicNumber_count_1:kDelta': 1.0, '0:atom_AtomicNumber_count_2:kDelta': 0.95, '0:atom_Chiral:kDelta': 0.85, '0:bond_Order:kDelta': 0.9, '0:bond_Stereo:kDelta': 1.0, '0:bond_RingStereo:kDelta': 0.85, '0:q:q': 0.22, '0:features_kernel:Matern32': 56.1, 'alpha': 0.038}. Best is trial 32 with value: 0.29996083185058464.
/gpfs_common/share03/ddomlab/sdehgha2/working_space/GP_collab/code_python/training/MGK_and_tools/mgktools/mgktools/kernels/base.py:225: UserWarning: The distribution is specified by [0.1, 10000] and step=1, but the range is not divisible by `step`. It will be replaced with [0.1, 9999.1].
  self.unique_name: trial.suggest_float(
[I 2026-05-01 12:03:13,623] Trial 37 finished with value: 0.5449558738469936 and parameters: {'0:atom_AtomicNumber:kDelta': 0.8, '0:atom_AtomicNumber_list_1:kConv': 1.0, '0:atom_AtomicNumber_list_2:kConv': 0.75, '0:atom_AtomicNumber_list_3:kConv': 0.8, '0:atom_AtomicNumber_list_4:kConv': 0.9, '0:atom_MorganHash:kDelta': 0.85, '0:atom_Ring_count:kDelta': 0.75, '0:atom_RingSize_list:kConv': 0.9, '0:atom_Hcount:kDelta': 0.85, '0:atom_AtomicNumber_count_1:kDelta': 0.9, '0:atom_AtomicNumber_count_2:kDelta': 0.85, '0:atom_Chiral:kDelta': 0.9, '0:bond_Order:kDelta': 0.9, '0:bond_Stereo:kDelta': 0.95, '0:bond_RingStereo:kDelta': 0.9, '0:q:q': 0.35000000000000003, '0:features_kernel:Matern32': 2215.1, 'alpha': 0.035}. Best is trial 32 with value: 0.29996083185058464.
/gpfs_common/share03/ddomlab/sdehgha2/working_space/GP_collab/code_python/training/MGK_and_tools/mgktools/mgktools/kernels/base.py:225: UserWarning: The distribution is specified by [0.1, 10000] and step=1, but the range is not divisible by `step`. It will be replaced with [0.1, 9999.1].
  self.unique_name: trial.suggest_float(
[I 2026-05-01 12:03:32,671] Trial 38 finished with value: 0.5462657136772266 and parameters: {'0:atom_AtomicNumber:kDelta': 0.95, '0:atom_AtomicNumber_list_1:kConv': 0.95, '0:atom_AtomicNumber_list_2:kConv': 0.8, '0:atom_AtomicNumber_list_3:kConv': 0.95, '0:atom_AtomicNumber_list_4:kConv': 0.8, '0:atom_MorganHash:kDelta': 0.9, '0:atom_Ring_count:kDelta': 0.8, '0:atom_RingSize_list:kConv': 0.8, '0:atom_Hcount:kDelta': 0.9, '0:atom_AtomicNumber_count_1:kDelta': 0.9, '0:atom_AtomicNumber_count_2:kDelta': 1.0, '0:atom_Chiral:kDelta': 0.8, '0:bond_Order:kDelta': 0.85, '0:bond_Stereo:kDelta': 1.0, '0:bond_RingStereo:kDelta': 0.9, '0:q:q': 0.15000000000000002, '0:features_kernel:Matern32': 5968.1, 'alpha': 0.046}. Best is trial 32 with value: 0.29996083185058464.
/gpfs_common/share03/ddomlab/sdehgha2/working_space/GP_collab/code_python/training/MGK_and_tools/mgktools/mgktools/kernels/base.py:225: UserWarning: The distribution is specified by [0.1, 10000] and step=1, but the range is not divisible by `step`. It will be replaced with [0.1, 9999.1].
  self.unique_name: trial.suggest_float(
[I 2026-05-01 12:03:47,692] Trial 39 finished with value: 0.5466393608994706 and parameters: {'0:atom_AtomicNumber:kDelta': 0.75, '0:atom_AtomicNumber_list_1:kConv': 0.85, '0:atom_AtomicNumber_list_2:kConv': 0.75, '0:atom_AtomicNumber_list_3:kConv': 0.75, '0:atom_AtomicNumber_list_4:kConv': 0.9, '0:atom_MorganHash:kDelta': 0.85, '0:atom_Ring_count:kDelta': 0.9, '0:atom_RingSize_list:kConv': 0.9, '0:atom_Hcount:kDelta': 0.9, '0:atom_AtomicNumber_count_1:kDelta': 1.0, '0:atom_AtomicNumber_count_2:kDelta': 0.95, '0:atom_Chiral:kDelta': 0.8, '0:bond_Order:kDelta': 0.8, '0:bond_Stereo:kDelta': 1.0, '0:bond_RingStereo:kDelta': 0.8, '0:q:q': 0.29000000000000004, '0:features_kernel:Matern32': 9736.1, 'alpha': 0.062}. Best is trial 32 with value: 0.29996083185058464.
/gpfs_common/share03/ddomlab/sdehgha2/working_space/GP_collab/code_python/training/MGK_and_tools/mgktools/mgktools/kernels/base.py:225: UserWarning: The distribution is specified by [0.1, 10000] and step=1, but the range is not divisible by `step`. It will be replaced with [0.1, 9999.1].
  self.unique_name: trial.suggest_float(
[I 2026-05-01 12:04:02,409] Trial 40 finished with value: 0.5448152964722728 and parameters: {'0:atom_AtomicNumber:kDelta': 1.0, '0:atom_AtomicNumber_list_1:kConv': 0.9, '0:atom_AtomicNumber_list_2:kConv': 0.8, '0:atom_AtomicNumber_list_3:kConv': 0.8, '0:atom_AtomicNumber_list_4:kConv': 0.85, '0:atom_MorganHash:kDelta': 0.8, '0:atom_Ring_count:kDelta': 0.85, '0:atom_RingSize_list:kConv': 0.85, '0:atom_Hcount:kDelta': 0.8, '0:atom_AtomicNumber_count_1:kDelta': 0.9, '0:atom_AtomicNumber_count_2:kDelta': 0.9, '0:atom_Chiral:kDelta': 0.75, '0:bond_Order:kDelta': 0.95, '0:bond_Stereo:kDelta': 0.75, '0:bond_RingStereo:kDelta': 1.0, '0:q:q': 0.25, '0:features_kernel:Matern32': 8501.1, 'alpha': 0.019000000000000003}. Best is trial 32 with value: 0.29996083185058464.
/gpfs_common/share03/ddomlab/sdehgha2/working_space/GP_collab/code_python/training/MGK_and_tools/mgktools/mgktools/kernels/base.py:225: UserWarning: The distribution is specified by [0.1, 10000] and step=1, but the range is not divisible by `step`. It will be replaced with [0.1, 9999.1].
  self.unique_name: trial.suggest_float(
[I 2026-05-01 12:04:18,913] Trial 41 finished with value: 0.5404478325631674 and parameters: {'0:atom_AtomicNumber:kDelta': 0.85, '0:atom_AtomicNumber_list_1:kConv': 0.85, '0:atom_AtomicNumber_list_2:kConv': 0.8, '0:atom_AtomicNumber_list_3:kConv': 0.75, '0:atom_AtomicNumber_list_4:kConv': 0.85, '0:atom_MorganHash:kDelta': 0.9, '0:atom_Ring_count:kDelta': 0.85, '0:atom_RingSize_list:kConv': 0.95, '0:atom_Hcount:kDelta': 0.8, '0:atom_AtomicNumber_count_1:kDelta': 1.0, '0:atom_AtomicNumber_count_2:kDelta': 0.95, '0:atom_Chiral:kDelta': 0.85, '0:bond_Order:kDelta': 0.9, '0:bond_Stereo:kDelta': 1.0, '0:bond_RingStereo:kDelta': 0.85, '0:q:q': 0.22, '0:features_kernel:Matern32': 511.1, 'alpha': 0.036000000000000004}. Best is trial 32 with value: 0.29996083185058464.
[I 2026-05-01 13:17:05,668] A new study created in RDB with name: optuna-study
/gpfs_common/share03/ddomlab/sdehgha2/working_space/GP_collab/code_python/training/MGK_and_tools/mgktools/mgktools/kernels/base.py:225: UserWarning: The distribution is specified by [0.1, 10000] and step=1, but the range is not divisible by `step`. It will be replaced with [0.1, 9999.1].
  self.unique_name: trial.suggest_float(
[I 2026-05-01 13:17:22,752] Trial 0 finished with value: 0.5460584393211295 and parameters: {'0:atom_AtomicNumber:kDelta': 0.85, '0:atom_AtomicNumber_list_1:kConv': 1.0, '0:atom_AtomicNumber_list_2:kConv': 0.95, '0:atom_AtomicNumber_list_3:kConv': 0.9, '0:atom_AtomicNumber_list_4:kConv': 0.75, '0:atom_MorganHash:kDelta': 0.75, '0:atom_Ring_count:kDelta': 0.75, '0:atom_RingSize_list:kConv': 1.0, '0:atom_Hcount:kDelta': 0.9, '0:atom_AtomicNumber_count_1:kDelta': 0.95, '0:atom_AtomicNumber_count_2:kDelta': 0.75, '0:atom_Chiral:kDelta': 1.0, '0:bond_Order:kDelta': 0.95, '0:bond_Stereo:kDelta': 0.8, '0:bond_RingStereo:kDelta': 0.8, '0:q:q': 0.09999999999999999, '0:features_kernel:Matern32': 3042.1, 'alpha': 0.053000000000000005}. Best is trial 0 with value: 0.5460584393211295.
/gpfs_common/share03/ddomlab/sdehgha2/working_space/GP_collab/code_python/training/MGK_and_tools/mgktools/mgktools/kernels/base.py:225: UserWarning: The distribution is specified by [0.1, 10000] and step=1, but the range is not divisible by `step`. It will be replaced with [0.1, 9999.1].
  self.unique_name: trial.suggest_float(
[I 2026-05-01 13:17:34,775] Trial 1 finished with value: 0.548047630729829 and parameters: {'0:atom_AtomicNumber:kDelta': 0.85, '0:atom_AtomicNumber_list_1:kConv': 0.8, '0:atom_AtomicNumber_list_2:kConv': 0.9, '0:atom_AtomicNumber_list_3:kConv': 0.75, '0:atom_AtomicNumber_list_4:kConv': 0.8, '0:atom_MorganHash:kDelta': 0.85, '0:atom_Ring_count:kDelta': 0.85, '0:atom_RingSize_list:kConv': 0.95, '0:atom_Hcount:kDelta': 0.8, '0:atom_AtomicNumber_count_1:kDelta': 0.9, '0:atom_AtomicNumber_count_2:kDelta': 0.9, '0:atom_Chiral:kDelta': 0.75, '0:bond_Order:kDelta': 0.9, '0:bond_Stereo:kDelta': 0.8, '0:bond_RingStereo:kDelta': 0.75, '0:q:q': 0.48000000000000004, '0:features_kernel:Matern32': 9656.1, 'alpha': 0.081}. Best is trial 0 with value: 0.5460584393211295.
/gpfs_common/share03/ddomlab/sdehgha2/working_space/GP_collab/code_python/training/MGK_and_tools/mgktools/mgktools/kernels/base.py:225: UserWarning: The distribution is specified by [0.1, 10000] and step=1, but the range is not divisible by `step`. It will be replaced with [0.1, 9999.1].
  self.unique_name: trial.suggest_float(
[I 2026-05-01 13:17:47,686] Trial 2 finished with value: 0.5479665893291081 and parameters: {'0:atom_AtomicNumber:kDelta': 0.8, '0:atom_AtomicNumber_list_1:kConv': 0.75, '0:atom_AtomicNumber_list_2:kConv': 0.95, '0:atom_AtomicNumber_list_3:kConv': 0.85, '0:atom_AtomicNumber_list_4:kConv': 0.75, '0:atom_MorganHash:kDelta': 0.85, '0:atom_Ring_count:kDelta': 0.75, '0:atom_RingSize_list:kConv': 1.0, '0:atom_Hcount:kDelta': 0.8, '0:atom_AtomicNumber_count_1:kDelta': 0.9, '0:atom_AtomicNumber_count_2:kDelta': 0.8, '0:atom_Chiral:kDelta': 0.9, '0:bond_Order:kDelta': 0.9, '0:bond_Stereo:kDelta': 0.8, '0:bond_RingStereo:kDelta': 1.0, '0:q:q': 0.39, '0:features_kernel:Matern32': 9394.1, 'alpha': 0.09}. Best is trial 0 with value: 0.5460584393211295.
/gpfs_common/share03/ddomlab/sdehgha2/working_space/GP_collab/code_python/training/MGK_and_tools/mgktools/mgktools/kernels/base.py:225: UserWarning: The distribution is specified by [0.1, 10000] and step=1, but the range is not divisible by `step`. It will be replaced with [0.1, 9999.1].
  self.unique_name: trial.suggest_float(
[I 2026-05-01 13:17:59,075] Trial 3 finished with value: 0.5442616309479097 and parameters: {'0:atom_AtomicNumber:kDelta': 0.9, '0:atom_AtomicNumber_list_1:kConv': 1.0, '0:atom_AtomicNumber_list_2:kConv': 0.75, '0:atom_AtomicNumber_list_3:kConv': 0.8, '0:atom_AtomicNumber_list_4:kConv': 0.75, '0:atom_MorganHash:kDelta': 0.8, '0:atom_Ring_count:kDelta': 0.85, '0:atom_RingSize_list:kConv': 0.8, '0:atom_Hcount:kDelta': 0.95, '0:atom_AtomicNumber_count_1:kDelta': 0.85, '0:atom_AtomicNumber_count_2:kDelta': 0.8, '0:atom_Chiral:kDelta': 0.9, '0:bond_Order:kDelta': 0.75, '0:bond_Stereo:kDelta': 0.95, '0:bond_RingStereo:kDelta': 0.75, '0:q:q': 0.5, '0:features_kernel:Matern32': 7722.1, 'alpha': 0.02}. Best is trial 3 with value: 0.5442616309479097.
/gpfs_common/share03/ddomlab/sdehgha2/working_space/GP_collab/code_python/training/MGK_and_tools/mgktools/mgktools/kernels/base.py:225: UserWarning: The distribution is specified by [0.1, 10000] and step=1, but the range is not divisible by `step`. It will be replaced with [0.1, 9999.1].
  self.unique_name: trial.suggest_float(
[I 2026-05-01 13:18:12,945] Trial 4 finished with value: 0.5453765929456228 and parameters: {'0:atom_AtomicNumber:kDelta': 0.75, '0:atom_AtomicNumber_list_1:kConv': 0.95, '0:atom_AtomicNumber_list_2:kConv': 0.95, '0:atom_AtomicNumber_list_3:kConv': 0.95, '0:atom_AtomicNumber_list_4:kConv': 0.95, '0:atom_MorganHash:kDelta': 0.75, '0:atom_Ring_count:kDelta': 0.85, '0:atom_RingSize_list:kConv': 0.75, '0:atom_Hcount:kDelta': 1.0, '0:atom_AtomicNumber_count_1:kDelta': 0.9, '0:atom_AtomicNumber_count_2:kDelta': 0.8, '0:atom_Chiral:kDelta': 0.75, '0:bond_Order:kDelta': 0.8, '0:bond_Stereo:kDelta': 0.8, '0:bond_RingStereo:kDelta': 0.95, '0:q:q': 0.32, '0:features_kernel:Matern32': 8872.1, 'alpha': 0.048}. Best is trial 3 with value: 0.5442616309479097.
/gpfs_common/share03/ddomlab/sdehgha2/working_space/GP_collab/code_python/training/MGK_and_tools/mgktools/mgktools/kernels/base.py:225: UserWarning: The distribution is specified by [0.1, 10000] and step=1, but the range is not divisible by `step`. It will be replaced with [0.1, 9999.1].
  self.unique_name: trial.suggest_float(
[I 2026-05-01 13:18:30,310] Trial 5 finished with value: 0.5464246384145498 and parameters: {'0:atom_AtomicNumber:kDelta': 0.75, '0:atom_AtomicNumber_list_1:kConv': 0.95, '0:atom_AtomicNumber_list_2:kConv': 0.95, '0:atom_AtomicNumber_list_3:kConv': 0.9, '0:atom_AtomicNumber_list_4:kConv': 0.95, '0:atom_MorganHash:kDelta': 0.85, '0:atom_Ring_count:kDelta': 0.9, '0:atom_RingSize_list:kConv': 0.85, '0:atom_Hcount:kDelta': 0.75, '0:atom_AtomicNumber_count_1:kDelta': 0.75, '0:atom_AtomicNumber_count_2:kDelta': 0.75, '0:atom_Chiral:kDelta': 0.9, '0:bond_Order:kDelta': 0.8, '0:bond_Stereo:kDelta': 0.9, '0:bond_RingStereo:kDelta': 1.0, '0:q:q': 0.13, '0:features_kernel:Matern32': 4103.1, 'alpha': 0.076}. Best is trial 3 with value: 0.5442616309479097.
/gpfs_common/share03/ddomlab/sdehgha2/working_space/GP_collab/code_python/training/MGK_and_tools/mgktools/mgktools/kernels/base.py:225: UserWarning: The distribution is specified by [0.1, 10000] and step=1, but the range is not divisible by `step`. It will be replaced with [0.1, 9999.1].
  self.unique_name: trial.suggest_float(
[I 2026-05-01 13:18:54,239] Trial 6 finished with value: 0.5468213787801175 and parameters: {'0:atom_AtomicNumber:kDelta': 0.8, '0:atom_AtomicNumber_list_1:kConv': 0.75, '0:atom_AtomicNumber_list_2:kConv': 0.8, '0:atom_AtomicNumber_list_3:kConv': 0.75, '0:atom_AtomicNumber_list_4:kConv': 1.0, '0:atom_MorganHash:kDelta': 0.95, '0:atom_Ring_count:kDelta': 0.9, '0:atom_RingSize_list:kConv': 1.0, '0:atom_Hcount:kDelta': 0.95, '0:atom_AtomicNumber_count_1:kDelta': 0.8, '0:atom_AtomicNumber_count_2:kDelta': 1.0, '0:atom_Chiral:kDelta': 0.9, '0:bond_Order:kDelta': 0.95, '0:bond_Stereo:kDelta': 1.0, '0:bond_RingStereo:kDelta': 0.8, '0:q:q': 0.060000000000000005, '0:features_kernel:Matern32': 2279.1, 'alpha': 0.043000000000000003}. Best is trial 3 with value: 0.5442616309479097.
/gpfs_common/share03/ddomlab/sdehgha2/working_space/GP_collab/code_python/training/MGK_and_tools/mgktools/mgktools/kernels/base.py:225: UserWarning: The distribution is specified by [0.1, 10000] and step=1, but the range is not divisible by `step`. It will be replaced with [0.1, 9999.1].
  self.unique_name: trial.suggest_float(
[I 2026-05-01 13:19:12,053] Trial 7 finished with value: 0.5444282580404993 and parameters: {'0:atom_AtomicNumber:kDelta': 0.95, '0:atom_AtomicNumber_list_1:kConv': 1.0, '0:atom_AtomicNumber_list_2:kConv': 0.75, '0:atom_AtomicNumber_list_3:kConv': 0.9, '0:atom_AtomicNumber_list_4:kConv': 0.85, '0:atom_MorganHash:kDelta': 0.8, '0:atom_Ring_count:kDelta': 0.75, '0:atom_RingSize_list:kConv': 0.85, '0:atom_Hcount:kDelta': 1.0, '0:atom_AtomicNumber_count_1:kDelta': 0.8, '0:atom_AtomicNumber_count_2:kDelta': 0.9, '0:atom_Chiral:kDelta': 0.95, '0:bond_Order:kDelta': 0.85, '0:bond_Stereo:kDelta': 1.0, '0:bond_RingStereo:kDelta': 1.0, '0:q:q': 0.13, '0:features_kernel:Matern32': 4972.1, 'alpha': 0.031}. Best is trial 3 with value: 0.5442616309479097.
/gpfs_common/share03/ddomlab/sdehgha2/working_space/GP_collab/code_python/training/MGK_and_tools/mgktools/mgktools/kernels/base.py:225: UserWarning: The distribution is specified by [0.1, 10000] and step=1, but the range is not divisible by `step`. It will be replaced with [0.1, 9999.1].
  self.unique_name: trial.suggest_float(
[I 2026-05-01 13:19:25,006] Trial 8 finished with value: 0.5468116612990817 and parameters: {'0:atom_AtomicNumber:kDelta': 0.8, '0:atom_AtomicNumber_list_1:kConv': 0.75, '0:atom_AtomicNumber_list_2:kConv': 0.9, '0:atom_AtomicNumber_list_3:kConv': 0.9, '0:atom_AtomicNumber_list_4:kConv': 0.75, '0:atom_MorganHash:kDelta': 0.8, '0:atom_Ring_count:kDelta': 1.0, '0:atom_RingSize_list:kConv': 0.8, '0:atom_Hcount:kDelta': 0.75, '0:atom_AtomicNumber_count_1:kDelta': 0.85, '0:atom_AtomicNumber_count_2:kDelta': 1.0, '0:atom_Chiral:kDelta': 0.8, '0:bond_Order:kDelta': 0.95, '0:bond_Stereo:kDelta': 0.95, '0:bond_RingStereo:kDelta': 0.8, '0:q:q': 0.37, '0:features_kernel:Matern32': 3677.1, 'alpha': 0.064}. Best is trial 3 with value: 0.5442616309479097.
/gpfs_common/share03/ddomlab/sdehgha2/working_space/GP_collab/code_python/training/MGK_and_tools/mgktools/mgktools/kernels/base.py:225: UserWarning: The distribution is specified by [0.1, 10000] and step=1, but the range is not divisible by `step`. It will be replaced with [0.1, 9999.1].
  self.unique_name: trial.suggest_float(
[I 2026-05-01 13:19:40,632] Trial 9 finished with value: 0.5446990773581563 and parameters: {'0:atom_AtomicNumber:kDelta': 0.9, '0:atom_AtomicNumber_list_1:kConv': 0.9, '0:atom_AtomicNumber_list_2:kConv': 0.75, '0:atom_AtomicNumber_list_3:kConv': 1.0, '0:atom_AtomicNumber_list_4:kConv': 0.8, '0:atom_MorganHash:kDelta': 0.8, '0:atom_Ring_count:kDelta': 0.75, '0:atom_RingSize_list:kConv': 0.9, '0:atom_Hcount:kDelta': 0.95, '0:atom_AtomicNumber_count_1:kDelta': 0.75, '0:atom_AtomicNumber_count_2:kDelta': 0.9, '0:atom_Chiral:kDelta': 0.8, '0:bond_Order:kDelta': 0.9, '0:bond_Stereo:kDelta': 0.8, '0:bond_RingStereo:kDelta': 0.95, '0:q:q': 0.2, '0:features_kernel:Matern32': 9367.1, 'alpha': 0.014000000000000002}. Best is trial 3 with value: 0.5442616309479097.
/gpfs_common/share03/ddomlab/sdehgha2/working_space/GP_collab/code_python/training/MGK_and_tools/mgktools/mgktools/kernels/base.py:225: UserWarning: The distribution is specified by [0.1, 10000] and step=1, but the range is not divisible by `step`. It will be replaced with [0.1, 9999.1].
  self.unique_name: trial.suggest_float(
[I 2026-05-01 13:19:52,927] Trial 10 finished with value: 0.5446665081305837 and parameters: {'0:atom_AtomicNumber:kDelta': 1.0, '0:atom_AtomicNumber_list_1:kConv': 0.85, '0:atom_AtomicNumber_list_2:kConv': 0.8, '0:atom_AtomicNumber_list_3:kConv': 0.8, '0:atom_AtomicNumber_list_4:kConv': 0.85, '0:atom_MorganHash:kDelta': 1.0, '0:atom_Ring_count:kDelta': 1.0, '0:atom_RingSize_list:kConv': 0.75, '0:atom_Hcount:kDelta': 0.9, '0:atom_AtomicNumber_count_1:kDelta': 1.0, '0:atom_AtomicNumber_count_2:kDelta': 0.85, '0:atom_Chiral:kDelta': 1.0, '0:bond_Order:kDelta': 0.75, '0:bond_Stereo:kDelta': 0.9, '0:bond_RingStereo:kDelta': 0.85, '0:q:q': 0.47000000000000003, '0:features_kernel:Matern32': 6898.1, 'alpha': 0.002}. Best is trial 3 with value: 0.5442616309479097.
/gpfs_common/share03/ddomlab/sdehgha2/working_space/GP_collab/code_python/training/MGK_and_tools/mgktools/mgktools/kernels/base.py:225: UserWarning: The distribution is specified by [0.1, 10000] and step=1, but the range is not divisible by `step`. It will be replaced with [0.1, 9999.1].
  self.unique_name: trial.suggest_float(
[I 2026-05-01 13:20:08,237] Trial 11 finished with value: 0.5443832358473488 and parameters: {'0:atom_AtomicNumber:kDelta': 0.95, '0:atom_AtomicNumber_list_1:kConv': 1.0, '0:atom_AtomicNumber_list_2:kConv': 0.75, '0:atom_AtomicNumber_list_3:kConv': 0.85, '0:atom_AtomicNumber_list_4:kConv': 0.85, '0:atom_MorganHash:kDelta': 0.8, '0:atom_Ring_count:kDelta': 0.8, '0:atom_RingSize_list:kConv': 0.85, '0:atom_Hcount:kDelta': 1.0, '0:atom_AtomicNumber_count_1:kDelta': 0.8, '0:atom_AtomicNumber_count_2:kDelta': 0.85, '0:atom_Chiral:kDelta': 0.95, '0:bond_Order:kDelta': 0.75, '0:bond_Stereo:kDelta': 1.0, '0:bond_RingStereo:kDelta': 0.9, '0:q:q': 0.22, '0:features_kernel:Matern32': 6336.1, 'alpha': 0.027000000000000003}. Best is trial 3 with value: 0.5442616309479097.
/gpfs_common/share03/ddomlab/sdehgha2/working_space/GP_collab/code_python/training/MGK_and_tools/mgktools/mgktools/kernels/base.py:225: UserWarning: The distribution is specified by [0.1, 10000] and step=1, but the range is not divisible by `step`. It will be replaced with [0.1, 9999.1].
  self.unique_name: trial.suggest_float(
[I 2026-05-01 13:20:24,127] Trial 12 finished with value: 0.5076751711912755 and parameters: {'0:atom_AtomicNumber:kDelta': 0.95, '0:atom_AtomicNumber_list_1:kConv': 0.95, '0:atom_AtomicNumber_list_2:kConv': 0.8, '0:atom_AtomicNumber_list_3:kConv': 0.8, '0:atom_AtomicNumber_list_4:kConv': 0.9, '0:atom_MorganHash:kDelta': 0.9, '0:atom_Ring_count:kDelta': 0.8, '0:atom_RingSize_list:kConv': 0.8, '0:atom_Hcount:kDelta': 0.95, '0:atom_AtomicNumber_count_1:kDelta': 0.85, '0:atom_AtomicNumber_count_2:kDelta': 0.85, '0:atom_Chiral:kDelta': 0.95, '0:bond_Order:kDelta': 0.75, '0:bond_Stereo:kDelta': 0.95, '0:bond_RingStereo:kDelta': 0.9, '0:q:q': 0.24000000000000002, '0:features_kernel:Matern32': 155.1, 'alpha': 0.026000000000000002}. Best is trial 12 with value: 0.5076751711912755.
/gpfs_common/share03/ddomlab/sdehgha2/working_space/GP_collab/code_python/training/MGK_and_tools/mgktools/mgktools/kernels/base.py:225: UserWarning: The distribution is specified by [0.1, 10000] and step=1, but the range is not divisible by `step`. It will be replaced with [0.1, 9999.1].
  self.unique_name: trial.suggest_float(
[I 2026-05-01 13:20:38,735] Trial 13 finished with value: 0.5289320452356172 and parameters: {'0:atom_AtomicNumber:kDelta': 0.95, '0:atom_AtomicNumber_list_1:kConv': 0.95, '0:atom_AtomicNumber_list_2:kConv': 0.8, '0:atom_AtomicNumber_list_3:kConv': 0.8, '0:atom_AtomicNumber_list_4:kConv': 0.9, '0:atom_MorganHash:kDelta': 0.9, '0:atom_Ring_count:kDelta': 0.8, '0:atom_RingSize_list:kConv': 0.8, '0:atom_Hcount:kDelta': 0.95, '0:atom_AtomicNumber_count_1:kDelta': 0.85, '0:atom_AtomicNumber_count_2:kDelta': 0.8, '0:atom_Chiral:kDelta': 0.85, '0:bond_Order:kDelta': 0.8, '0:bond_Stereo:kDelta': 0.95, '0:bond_RingStereo:kDelta': 0.9, '0:q:q': 0.29000000000000004, '0:features_kernel:Matern32': 363.1, 'alpha': 0.021}. Best is trial 12 with value: 0.5076751711912755.
/gpfs_common/share03/ddomlab/sdehgha2/working_space/GP_collab/code_python/training/MGK_and_tools/mgktools/mgktools/kernels/base.py:225: UserWarning: The distribution is specified by [0.1, 10000] and step=1, but the range is not divisible by `step`. It will be replaced with [0.1, 9999.1].
  self.unique_name: trial.suggest_float(
[I 2026-05-01 13:20:54,379] Trial 14 finished with value: 0.5074565162229885 and parameters: {'0:atom_AtomicNumber:kDelta': 1.0, '0:atom_AtomicNumber_list_1:kConv': 0.9, '0:atom_AtomicNumber_list_2:kConv': 0.85, '0:atom_AtomicNumber_list_3:kConv': 0.8, '0:atom_AtomicNumber_list_4:kConv': 0.9, '0:atom_MorganHash:kDelta': 0.95, '0:atom_Ring_count:kDelta': 0.8, '0:atom_RingSize_list:kConv': 0.8, '0:atom_Hcount:kDelta': 0.85, '0:atom_AtomicNumber_count_1:kDelta': 0.85, '0:atom_AtomicNumber_count_2:kDelta': 0.95, '0:atom_Chiral:kDelta': 0.85, '0:bond_Order:kDelta': 0.8, '0:bond_Stereo:kDelta': 0.95, '0:bond_RingStereo:kDelta': 0.9, '0:q:q': 0.28, '0:features_kernel:Matern32': 366.1, 'alpha': 0.005}. Best is trial 14 with value: 0.5074565162229885.
/gpfs_common/share03/ddomlab/sdehgha2/working_space/GP_collab/code_python/training/MGK_and_tools/mgktools/mgktools/kernels/base.py:225: UserWarning: The distribution is specified by [0.1, 10000] and step=1, but the range is not divisible by `step`. It will be replaced with [0.1, 9999.1].
  self.unique_name: trial.suggest_float(
[I 2026-05-01 13:21:10,965] Trial 15 finished with value: 0.47199903071138705 and parameters: {'0:atom_AtomicNumber:kDelta': 1.0, '0:atom_AtomicNumber_list_1:kConv': 0.9, '0:atom_AtomicNumber_list_2:kConv': 0.85, '0:atom_AtomicNumber_list_3:kConv': 0.8, '0:atom_AtomicNumber_list_4:kConv': 0.9, '0:atom_MorganHash:kDelta': 0.95, '0:atom_Ring_count:kDelta': 0.8, '0:atom_RingSize_list:kConv': 0.75, '0:atom_Hcount:kDelta': 0.85, '0:atom_AtomicNumber_count_1:kDelta': 0.95, '0:atom_AtomicNumber_count_2:kDelta': 0.95, '0:atom_Chiral:kDelta': 0.85, '0:bond_Order:kDelta': 0.85, '0:bond_Stereo:kDelta': 0.9, '0:bond_RingStereo:kDelta': 0.85, '0:q:q': 0.23, '0:features_kernel:Matern32': 173.1, 'alpha': 0.001}. Best is trial 15 with value: 0.47199903071138705.
/gpfs_common/share03/ddomlab/sdehgha2/working_space/GP_collab/code_python/training/MGK_and_tools/mgktools/mgktools/kernels/base.py:225: UserWarning: The distribution is specified by [0.1, 10000] and step=1, but the range is not divisible by `step`. It will be replaced with [0.1, 9999.1].
  self.unique_name: trial.suggest_float(
[I 2026-05-01 13:21:41,267] Trial 16 finished with value: 0.5404482993895064 and parameters: {'0:atom_AtomicNumber:kDelta': 1.0, '0:atom_AtomicNumber_list_1:kConv': 0.85, '0:atom_AtomicNumber_list_2:kConv': 0.85, '0:atom_AtomicNumber_list_3:kConv': 0.75, '0:atom_AtomicNumber_list_4:kConv': 0.95, '0:atom_MorganHash:kDelta': 1.0, '0:atom_Ring_count:kDelta': 0.95, '0:atom_RingSize_list:kConv': 0.75, '0:atom_Hcount:kDelta': 0.85, '0:atom_AtomicNumber_count_1:kDelta': 1.0, '0:atom_AtomicNumber_count_2:kDelta': 0.95, '0:atom_Chiral:kDelta': 0.85, '0:bond_Order:kDelta': 0.85, '0:bond_Stereo:kDelta': 0.85, '0:bond_RingStereo:kDelta': 0.85, '0:q:q': 0.01, '0:features_kernel:Matern32': 1568.1, 'alpha': 0.003}. Best is trial 15 with value: 0.47199903071138705.
/gpfs_common/share03/ddomlab/sdehgha2/working_space/GP_collab/code_python/training/MGK_and_tools/mgktools/mgktools/kernels/base.py:225: UserWarning: The distribution is specified by [0.1, 10000] and step=1, but the range is not divisible by `step`. It will be replaced with [0.1, 9999.1].
  self.unique_name: trial.suggest_float(
[I 2026-05-01 13:21:59,931] Trial 17 finished with value: 0.5423742247161115 and parameters: {'0:atom_AtomicNumber:kDelta': 1.0, '0:atom_AtomicNumber_list_1:kConv': 0.9, '0:atom_AtomicNumber_list_2:kConv': 0.85, '0:atom_AtomicNumber_list_3:kConv': 0.85, '0:atom_AtomicNumber_list_4:kConv': 1.0, '0:atom_MorganHash:kDelta': 0.95, '0:atom_Ring_count:kDelta': 0.8, '0:atom_RingSize_list:kConv': 0.75, '0:atom_Hcount:kDelta': 0.85, '0:atom_AtomicNumber_count_1:kDelta': 0.95, '0:atom_AtomicNumber_count_2:kDelta': 0.95, '0:atom_Chiral:kDelta': 0.8, '0:bond_Order:kDelta': 1.0, '0:bond_Stereo:kDelta': 0.85, '0:bond_RingStereo:kDelta': 0.85, '0:q:q': 0.17, '0:features_kernel:Matern32': 1358.1, 'alpha': 0.012}. Best is trial 15 with value: 0.47199903071138705.
/gpfs_common/share03/ddomlab/sdehgha2/working_space/GP_collab/code_python/training/MGK_and_tools/mgktools/mgktools/kernels/base.py:225: UserWarning: The distribution is specified by [0.1, 10000] and step=1, but the range is not divisible by `step`. It will be replaced with [0.1, 9999.1].
  self.unique_name: trial.suggest_float(
[I 2026-05-01 13:22:14,959] Trial 18 finished with value: 0.5466821321624211 and parameters: {'0:atom_AtomicNumber:kDelta': 1.0, '0:atom_AtomicNumber_list_1:kConv': 0.9, '0:atom_AtomicNumber_list_2:kConv': 0.85, '0:atom_AtomicNumber_list_3:kConv': 0.8, '0:atom_AtomicNumber_list_4:kConv': 0.9, '0:atom_MorganHash:kDelta': 0.95, '0:atom_Ring_count:kDelta': 0.8, '0:atom_RingSize_list:kConv': 0.9, '0:atom_Hcount:kDelta': 0.8, '0:atom_AtomicNumber_count_1:kDelta': 0.95, '0:atom_AtomicNumber_count_2:kDelta': 0.95, '0:atom_Chiral:kDelta': 0.85, '0:bond_Order:kDelta': 0.85, '0:bond_Stereo:kDelta': 0.9, '0:bond_RingStereo:kDelta': 0.95, '0:q:q': 0.29000000000000004, '0:features_kernel:Matern32': 1336.1, 'alpha': 0.041}. Best is trial 15 with value: 0.47199903071138705.
/gpfs_common/share03/ddomlab/sdehgha2/working_space/GP_collab/code_python/training/MGK_and_tools/mgktools/mgktools/kernels/base.py:225: UserWarning: The distribution is specified by [0.1, 10000] and step=1, but the range is not divisible by `step`. It will be replaced with [0.1, 9999.1].
  self.unique_name: trial.suggest_float(
[I 2026-05-01 13:22:29,076] Trial 19 finished with value: 0.46407569484788763 and parameters: {'0:atom_AtomicNumber:kDelta': 0.9, '0:atom_AtomicNumber_list_1:kConv': 0.85, '0:atom_AtomicNumber_list_2:kConv': 1.0, '0:atom_AtomicNumber_list_3:kConv': 0.75, '0:atom_AtomicNumber_list_4:kConv': 0.95, '0:atom_MorganHash:kDelta': 1.0, '0:atom_Ring_count:kDelta': 0.9, '0:atom_RingSize_list:kConv': 0.8, '0:atom_Hcount:kDelta': 0.85, '0:atom_AtomicNumber_count_1:kDelta': 0.95, '0:atom_AtomicNumber_count_2:kDelta': 1.0, '0:atom_Chiral:kDelta': 0.8, '0:bond_Order:kDelta': 0.8, '0:bond_Stereo:kDelta': 0.75, '0:bond_RingStereo:kDelta': 0.85, '0:q:q': 0.37, '0:features_kernel:Matern32': 103.1, 'alpha': 0.001}. Best is trial 19 with value: 0.46407569484788763.
/gpfs_common/share03/ddomlab/sdehgha2/working_space/GP_collab/code_python/training/MGK_and_tools/mgktools/mgktools/kernels/base.py:225: UserWarning: The distribution is specified by [0.1, 10000] and step=1, but the range is not divisible by `step`. It will be replaced with [0.1, 9999.1].
  self.unique_name: trial.suggest_float(
[I 2026-05-01 13:22:42,629] Trial 20 finished with value: 0.5562987976697078 and parameters: {'0:atom_AtomicNumber:kDelta': 0.9, '0:atom_AtomicNumber_list_1:kConv': 0.8, '0:atom_AtomicNumber_list_2:kConv': 1.0, '0:atom_AtomicNumber_list_3:kConv': 0.75, '0:atom_AtomicNumber_list_4:kConv': 0.95, '0:atom_MorganHash:kDelta': 1.0, '0:atom_Ring_count:kDelta': 0.95, '0:atom_RingSize_list:kConv': 0.75, '0:atom_Hcount:kDelta': 0.9, '0:atom_AtomicNumber_count_1:kDelta': 1.0, '0:atom_AtomicNumber_count_2:kDelta': 1.0, '0:atom_Chiral:kDelta': 0.8, '0:bond_Order:kDelta': 0.85, '0:bond_Stereo:kDelta': 0.75, '0:bond_RingStereo:kDelta': 0.8, '0:q:q': 0.41000000000000003, '0:features_kernel:Matern32': 2730.1, 'alpha': 0.037000000000000005}. Best is trial 19 with value: 0.46407569484788763.
/gpfs_common/share03/ddomlab/sdehgha2/working_space/GP_collab/code_python/training/MGK_and_tools/mgktools/mgktools/kernels/base.py:225: UserWarning: The distribution is specified by [0.1, 10000] and step=1, but the range is not divisible by `step`. It will be replaced with [0.1, 9999.1].
  self.unique_name: trial.suggest_float(
[I 2026-05-01 13:22:57,140] Trial 21 finished with value: 0.48564344861164777 and parameters: {'0:atom_AtomicNumber:kDelta': 0.95, '0:atom_AtomicNumber_list_1:kConv': 0.85, '0:atom_AtomicNumber_list_2:kConv': 1.0, '0:atom_AtomicNumber_list_3:kConv': 0.75, '0:atom_AtomicNumber_list_4:kConv': 0.9, '0:atom_MorganHash:kDelta': 0.95, '0:atom_Ring_count:kDelta': 0.9, '0:atom_RingSize_list:kConv': 0.8, '0:atom_Hcount:kDelta': 0.85, '0:atom_AtomicNumber_count_1:kDelta': 0.95, '0:atom_AtomicNumber_count_2:kDelta': 0.95, '0:atom_Chiral:kDelta': 0.85, '0:bond_Order:kDelta': 0.8, '0:bond_Stereo:kDelta': 0.75, '0:bond_RingStereo:kDelta': 0.85, '0:q:q': 0.34, '0:features_kernel:Matern32': 319.1, 'alpha': 0.001}. Best is trial 19 with value: 0.46407569484788763.
/gpfs_common/share03/ddomlab/sdehgha2/working_space/GP_collab/code_python/training/MGK_and_tools/mgktools/mgktools/kernels/base.py:225: UserWarning: The distribution is specified by [0.1, 10000] and step=1, but the range is not divisible by `step`. It will be replaced with [0.1, 9999.1].
  self.unique_name: trial.suggest_float(
[I 2026-05-01 13:23:12,132] Trial 22 finished with value: 0.5491465895041501 and parameters: {'0:atom_AtomicNumber:kDelta': 0.95, '0:atom_AtomicNumber_list_1:kConv': 0.85, '0:atom_AtomicNumber_list_2:kConv': 1.0, '0:atom_AtomicNumber_list_3:kConv': 0.75, '0:atom_AtomicNumber_list_4:kConv': 0.95, '0:atom_MorganHash:kDelta': 1.0, '0:atom_Ring_count:kDelta': 0.9, '0:atom_RingSize_list:kConv': 0.8, '0:atom_Hcount:kDelta': 0.85, '0:atom_AtomicNumber_count_1:kDelta': 0.95, '0:atom_AtomicNumber_count_2:kDelta': 1.0, '0:atom_Chiral:kDelta': 0.8, '0:bond_Order:kDelta': 0.8, '0:bond_Stereo:kDelta': 0.75, '0:bond_RingStereo:kDelta': 0.85, '0:q:q': 0.34, '0:features_kernel:Matern32': 1369.1, 'alpha': 0.012}. Best is trial 19 with value: 0.46407569484788763.
/gpfs_common/share03/ddomlab/sdehgha2/working_space/GP_collab/code_python/training/MGK_and_tools/mgktools/mgktools/kernels/base.py:225: UserWarning: The distribution is specified by [0.1, 10000] and step=1, but the range is not divisible by `step`. It will be replaced with [0.1, 9999.1].
  self.unique_name: trial.suggest_float(
[I 2026-05-01 13:23:24,901] Trial 23 finished with value: 0.48201780825095925 and parameters: {'0:atom_AtomicNumber:kDelta': 0.9, '0:atom_AtomicNumber_list_1:kConv': 0.8, '0:atom_AtomicNumber_list_2:kConv': 1.0, '0:atom_AtomicNumber_list_3:kConv': 0.75, '0:atom_AtomicNumber_list_4:kConv': 1.0, '0:atom_MorganHash:kDelta': 0.9, '0:atom_Ring_count:kDelta': 0.95, '0:atom_RingSize_list:kConv': 0.85, '0:atom_Hcount:kDelta': 0.8, '0:atom_AtomicNumber_count_1:kDelta': 0.95, '0:atom_AtomicNumber_count_2:kDelta': 0.95, '0:atom_Chiral:kDelta': 0.75, '0:bond_Order:kDelta': 0.8, '0:bond_Stereo:kDelta': 0.75, '0:bond_RingStereo:kDelta': 0.85, '0:q:q': 0.43, '0:features_kernel:Matern32': 162.1, 'alpha': 0.002}. Best is trial 19 with value: 0.46407569484788763.
/gpfs_common/share03/ddomlab/sdehgha2/working_space/GP_collab/code_python/training/MGK_and_tools/mgktools/mgktools/kernels/base.py:225: UserWarning: The distribution is specified by [0.1, 10000] and step=1, but the range is not divisible by `step`. It will be replaced with [0.1, 9999.1].
  self.unique_name: trial.suggest_float(
[I 2026-05-01 13:23:37,965] Trial 24 finished with value: 0.5444105136177334 and parameters: {'0:atom_AtomicNumber:kDelta': 0.85, '0:atom_AtomicNumber_list_1:kConv': 0.8, '0:atom_AtomicNumber_list_2:kConv': 0.9, '0:atom_AtomicNumber_list_3:kConv': 0.75, '0:atom_AtomicNumber_list_4:kConv': 1.0, '0:atom_MorganHash:kDelta': 0.9, '0:atom_Ring_count:kDelta': 0.95, '0:atom_RingSize_list:kConv': 0.85, '0:atom_Hcount:kDelta': 0.8, '0:atom_AtomicNumber_count_1:kDelta': 1.0, '0:atom_AtomicNumber_count_2:kDelta': 1.0, '0:atom_Chiral:kDelta': 0.75, '0:bond_Order:kDelta': 0.85, '0:bond_Stereo:kDelta': 0.85, '0:bond_RingStereo:kDelta': 0.8, '0:q:q': 0.43, '0:features_kernel:Matern32': 1956.1, 'alpha': 0.012}. Best is trial 19 with value: 0.46407569484788763.
/gpfs_common/share03/ddomlab/sdehgha2/working_space/GP_collab/code_python/training/MGK_and_tools/mgktools/mgktools/kernels/base.py:225: UserWarning: The distribution is specified by [0.1, 10000] and step=1, but the range is not divisible by `step`. It will be replaced with [0.1, 9999.1].
  self.unique_name: trial.suggest_float(
[I 2026-05-01 13:23:51,016] Trial 25 finished with value: 0.5047248066159034 and parameters: {'0:atom_AtomicNumber:kDelta': 0.9, '0:atom_AtomicNumber_list_1:kConv': 0.8, '0:atom_AtomicNumber_list_2:kConv': 1.0, '0:atom_AtomicNumber_list_3:kConv': 0.8, '0:atom_AtomicNumber_list_4:kConv': 1.0, '0:atom_MorganHash:kDelta': 0.9, '0:atom_Ring_count:kDelta': 0.95, '0:atom_RingSize_list:kConv': 0.9, '0:atom_Hcount:kDelta': 0.8, '0:atom_AtomicNumber_count_1:kDelta': 0.9, '0:atom_AtomicNumber_count_2:kDelta': 0.95, '0:atom_Chiral:kDelta': 0.75, '0:bond_Order:kDelta': 0.8, '0:bond_Stereo:kDelta': 0.75, '0:bond_RingStereo:kDelta': 0.85, '0:q:q': 0.43, '0:features_kernel:Matern32': 148.1, 'alpha': 0.019000000000000003}. Best is trial 19 with value: 0.46407569484788763.
/gpfs_common/share03/ddomlab/sdehgha2/working_space/GP_collab/code_python/training/MGK_and_tools/mgktools/mgktools/kernels/base.py:225: UserWarning: The distribution is specified by [0.1, 10000] and step=1, but the range is not divisible by `step`. It will be replaced with [0.1, 9999.1].
  self.unique_name: trial.suggest_float(
[I 2026-05-01 13:24:04,714] Trial 26 finished with value: 0.5395291846760732 and parameters: {'0:atom_AtomicNumber:kDelta': 0.85, '0:atom_AtomicNumber_list_1:kConv': 0.85, '0:atom_AtomicNumber_list_2:kConv': 0.95, '0:atom_AtomicNumber_list_3:kConv': 0.85, '0:atom_AtomicNumber_list_4:kConv': 0.95, '0:atom_MorganHash:kDelta': 0.95, '0:atom_Ring_count:kDelta': 1.0, '0:atom_RingSize_list:kConv': 0.85, '0:atom_Hcount:kDelta': 0.75, '0:atom_AtomicNumber_count_1:kDelta': 0.95, '0:atom_AtomicNumber_count_2:kDelta': 0.9, '0:atom_Chiral:kDelta': 0.8, '0:bond_Order:kDelta': 0.85, '0:bond_Stereo:kDelta': 0.75, '0:bond_RingStereo:kDelta': 0.9, '0:q:q': 0.37, '0:features_kernel:Matern32': 992.1, 'alpha': 0.009000000000000001}. Best is trial 19 with value: 0.46407569484788763.
/gpfs_common/share03/ddomlab/sdehgha2/working_space/GP_collab/code_python/training/MGK_and_tools/mgktools/mgktools/kernels/base.py:225: UserWarning: The distribution is specified by [0.1, 10000] and step=1, but the range is not divisible by `step`. It will be replaced with [0.1, 9999.1].
  self.unique_name: trial.suggest_float(
[I 2026-05-01 13:24:17,963] Trial 27 finished with value: 0.5571958725894385 and parameters: {'0:atom_AtomicNumber:kDelta': 0.9, '0:atom_AtomicNumber_list_1:kConv': 0.8, '0:atom_AtomicNumber_list_2:kConv': 1.0, '0:atom_AtomicNumber_list_3:kConv': 0.75, '0:atom_AtomicNumber_list_4:kConv': 1.0, '0:atom_MorganHash:kDelta': 1.0, '0:atom_Ring_count:kDelta': 0.85, '0:atom_RingSize_list:kConv': 0.95, '0:atom_Hcount:kDelta': 0.9, '0:atom_AtomicNumber_count_1:kDelta': 1.0, '0:atom_AtomicNumber_count_2:kDelta': 1.0, '0:atom_Chiral:kDelta': 0.75, '0:bond_Order:kDelta': 0.75, '0:bond_Stereo:kDelta': 0.85, '0:bond_RingStereo:kDelta': 0.8, '0:q:q': 0.44, '0:features_kernel:Matern32': 2405.1, 'alpha': 0.034}. Best is trial 19 with value: 0.46407569484788763.
/gpfs_common/share03/ddomlab/sdehgha2/working_space/GP_collab/code_python/training/MGK_and_tools/mgktools/mgktools/kernels/base.py:225: UserWarning: The distribution is specified by [0.1, 10000] and step=1, but the range is not divisible by `step`. It will be replaced with [0.1, 9999.1].
  self.unique_name: trial.suggest_float(
[I 2026-05-01 13:24:33,748] Trial 28 finished with value: 0.5450280309781651 and parameters: {'0:atom_AtomicNumber:kDelta': 0.9, '0:atom_AtomicNumber_list_1:kConv': 0.9, '0:atom_AtomicNumber_list_2:kConv': 0.9, '0:atom_AtomicNumber_list_3:kConv': 0.8, '0:atom_AtomicNumber_list_4:kConv': 0.95, '0:atom_MorganHash:kDelta': 0.9, '0:atom_Ring_count:kDelta': 0.95, '0:atom_RingSize_list:kConv': 0.75, '0:atom_Hcount:kDelta': 0.8, '0:atom_AtomicNumber_count_1:kDelta': 0.9, '0:atom_AtomicNumber_count_2:kDelta': 0.95, '0:atom_Chiral:kDelta': 0.8, '0:bond_Order:kDelta': 0.9, '0:bond_Stereo:kDelta': 0.9, '0:bond_RingStereo:kDelta': 0.85, '0:q:q': 0.26, '0:features_kernel:Matern32': 3506.1, 'alpha': 0.018000000000000002}. Best is trial 19 with value: 0.46407569484788763.
/gpfs_common/share03/ddomlab/sdehgha2/working_space/GP_collab/code_python/training/MGK_and_tools/mgktools/mgktools/kernels/base.py:225: UserWarning: The distribution is specified by [0.1, 10000] and step=1, but the range is not divisible by `step`. It will be replaced with [0.1, 9999.1].
  self.unique_name: trial.suggest_float(
[I 2026-05-01 13:24:52,179] Trial 29 finished with value: 0.5471419467829645 and parameters: {'0:atom_AtomicNumber:kDelta': 0.85, '0:atom_AtomicNumber_list_1:kConv': 0.85, '0:atom_AtomicNumber_list_2:kConv': 0.95, '0:atom_AtomicNumber_list_3:kConv': 0.75, '0:atom_AtomicNumber_list_4:kConv': 1.0, '0:atom_MorganHash:kDelta': 0.95, '0:atom_Ring_count:kDelta': 0.9, '0:atom_RingSize_list:kConv': 0.85, '0:atom_Hcount:kDelta': 0.9, '0:atom_AtomicNumber_count_1:kDelta': 0.95, '0:atom_AtomicNumber_count_2:kDelta': 0.9, '0:atom_Chiral:kDelta': 0.75, '0:bond_Order:kDelta': 1.0, '0:bond_Stereo:kDelta': 0.8, '0:bond_RingStereo:kDelta': 0.75, '0:q:q': 0.16, '0:features_kernel:Matern32': 4748.1, 'alpha': 0.054}. Best is trial 19 with value: 0.46407569484788763.
/gpfs_common/share03/ddomlab/sdehgha2/working_space/GP_collab/code_python/training/MGK_and_tools/mgktools/mgktools/kernels/base.py:225: UserWarning: The distribution is specified by [0.1, 10000] and step=1, but the range is not divisible by `step`. It will be replaced with [0.1, 9999.1].
  self.unique_name: trial.suggest_float(
[I 2026-05-01 13:25:07,399] Trial 30 finished with value: 0.5554527980487509 and parameters: {'0:atom_AtomicNumber:kDelta': 0.8, '0:atom_AtomicNumber_list_1:kConv': 0.8, '0:atom_AtomicNumber_list_2:kConv': 1.0, '0:atom_AtomicNumber_list_3:kConv': 0.95, '0:atom_AtomicNumber_list_4:kConv': 0.9, '0:atom_MorganHash:kDelta': 1.0, '0:atom_Ring_count:kDelta': 0.85, '0:atom_RingSize_list:kConv': 0.8, '0:atom_Hcount:kDelta': 0.85, '0:atom_AtomicNumber_count_1:kDelta': 0.95, '0:atom_AtomicNumber_count_2:kDelta': 1.0, '0:atom_Chiral:kDelta': 0.85, '0:bond_Order:kDelta': 0.8, '0:bond_Stereo:kDelta': 0.75, '0:bond_RingStereo:kDelta': 0.9, '0:q:q': 0.32, '0:features_kernel:Matern32': 1019.1, 'alpha': 0.098}. Best is trial 19 with value: 0.46407569484788763.
/gpfs_common/share03/ddomlab/sdehgha2/working_space/GP_collab/code_python/training/MGK_and_tools/mgktools/mgktools/kernels/base.py:225: UserWarning: The distribution is specified by [0.1, 10000] and step=1, but the range is not divisible by `step`. It will be replaced with [0.1, 9999.1].
  self.unique_name: trial.suggest_float(
[I 2026-05-01 13:25:21,484] Trial 31 finished with value: 0.5042047593109575 and parameters: {'0:atom_AtomicNumber:kDelta': 0.95, '0:atom_AtomicNumber_list_1:kConv': 0.85, '0:atom_AtomicNumber_list_2:kConv': 1.0, '0:atom_AtomicNumber_list_3:kConv': 0.75, '0:atom_AtomicNumber_list_4:kConv': 0.9, '0:atom_MorganHash:kDelta': 0.95, '0:atom_Ring_count:kDelta': 0.9, '0:atom_RingSize_list:kConv': 0.8, '0:atom_Hcount:kDelta': 0.85, '0:atom_AtomicNumber_count_1:kDelta': 0.95, '0:atom_AtomicNumber_count_2:kDelta': 0.95, '0:atom_Chiral:kDelta': 0.85, '0:bond_Order:kDelta': 0.8, '0:bond_Stereo:kDelta': 0.75, '0:bond_RingStereo:kDelta': 0.85, '0:q:q': 0.35000000000000003, '0:features_kernel:Matern32': 773.1, 'alpha': 0.001}. Best is trial 19 with value: 0.46407569484788763.
/gpfs_common/share03/ddomlab/sdehgha2/working_space/GP_collab/code_python/training/MGK_and_tools/mgktools/mgktools/kernels/base.py:225: UserWarning: The distribution is specified by [0.1, 10000] and step=1, but the range is not divisible by `step`. It will be replaced with [0.1, 9999.1].
  self.unique_name: trial.suggest_float(
[I 2026-05-01 13:25:34,911] Trial 32 finished with value: 0.43767801286336 and parameters: {'0:atom_AtomicNumber:kDelta': 0.95, '0:atom_AtomicNumber_list_1:kConv': 0.85, '0:atom_AtomicNumber_list_2:kConv': 1.0, '0:atom_AtomicNumber_list_3:kConv': 0.75, '0:atom_AtomicNumber_list_4:kConv': 0.85, '0:atom_MorganHash:kDelta': 0.95, '0:atom_Ring_count:kDelta': 0.9, '0:atom_RingSize_list:kConv': 0.75, '0:atom_Hcount:kDelta': 0.85, '0:atom_AtomicNumber_count_1:kDelta': 0.95, '0:atom_AtomicNumber_count_2:kDelta': 0.95, '0:atom_Chiral:kDelta': 0.8, '0:bond_Order:kDelta': 0.85, '0:bond_Stereo:kDelta': 0.75, '0:bond_RingStereo:kDelta': 0.85, '0:q:q': 0.39, '0:features_kernel:Matern32': 41.1, 'alpha': 0.007}. Best is trial 32 with value: 0.43767801286336.
/gpfs_common/share03/ddomlab/sdehgha2/working_space/GP_collab/code_python/training/MGK_and_tools/mgktools/mgktools/kernels/base.py:225: UserWarning: The distribution is specified by [0.1, 10000] and step=1, but the range is not divisible by `step`. It will be replaced with [0.1, 9999.1].
  self.unique_name: trial.suggest_float(
[I 2026-05-01 13:25:46,994] Trial 33 finished with value: 0.5326574905904831 and parameters: {'0:atom_AtomicNumber:kDelta': 0.95, '0:atom_AtomicNumber_list_1:kConv': 0.9, '0:atom_AtomicNumber_list_2:kConv': 0.95, '0:atom_AtomicNumber_list_3:kConv': 0.75, '0:atom_AtomicNumber_list_4:kConv': 0.85, '0:atom_MorganHash:kDelta': 0.9, '0:atom_Ring_count:kDelta': 0.95, '0:atom_RingSize_list:kConv': 0.75, '0:atom_Hcount:kDelta': 0.8, '0:atom_AtomicNumber_count_1:kDelta': 0.9, '0:atom_AtomicNumber_count_2:kDelta': 0.95, '0:atom_Chiral:kDelta': 0.8, '0:bond_Order:kDelta': 0.85, '0:bond_Stereo:kDelta': 0.8, '0:bond_RingStereo:kDelta': 0.85, '0:q:q': 0.47000000000000003, '0:features_kernel:Matern32': 706.1, 'alpha': 0.008}. Best is trial 32 with value: 0.43767801286336.
/gpfs_common/share03/ddomlab/sdehgha2/working_space/GP_collab/code_python/training/MGK_and_tools/mgktools/mgktools/kernels/base.py:225: UserWarning: The distribution is specified by [0.1, 10000] and step=1, but the range is not divisible by `step`. It will be replaced with [0.1, 9999.1].
  self.unique_name: trial.suggest_float(
[I 2026-05-01 13:25:59,757] Trial 34 finished with value: 0.5435004296882553 and parameters: {'0:atom_AtomicNumber:kDelta': 0.9, '0:atom_AtomicNumber_list_1:kConv': 0.75, '0:atom_AtomicNumber_list_2:kConv': 0.9, '0:atom_AtomicNumber_list_3:kConv': 0.8, '0:atom_AtomicNumber_list_4:kConv': 0.8, '0:atom_MorganHash:kDelta': 0.85, '0:atom_Ring_count:kDelta': 0.9, '0:atom_RingSize_list:kConv': 0.75, '0:atom_Hcount:kDelta': 0.85, '0:atom_AtomicNumber_count_1:kDelta': 0.9, '0:atom_AtomicNumber_count_2:kDelta': 0.9, '0:atom_Chiral:kDelta': 0.75, '0:bond_Order:kDelta': 0.9, '0:bond_Stereo:kDelta': 0.8, '0:bond_RingStereo:kDelta': 0.8, '0:q:q': 0.4, '0:features_kernel:Matern32': 3085.1, 'alpha': 0.008}. Best is trial 32 with value: 0.43767801286336.
/gpfs_common/share03/ddomlab/sdehgha2/working_space/GP_collab/code_python/training/MGK_and_tools/mgktools/mgktools/kernels/base.py:225: UserWarning: The distribution is specified by [0.1, 10000] and step=1, but the range is not divisible by `step`. It will be replaced with [0.1, 9999.1].
  self.unique_name: trial.suggest_float(
[I 2026-05-01 13:26:11,909] Trial 35 finished with value: 0.5528657227026635 and parameters: {'0:atom_AtomicNumber:kDelta': 1.0, '0:atom_AtomicNumber_list_1:kConv': 0.8, '0:atom_AtomicNumber_list_2:kConv': 0.95, '0:atom_AtomicNumber_list_3:kConv': 0.75, '0:atom_AtomicNumber_list_4:kConv': 0.85, '0:atom_MorganHash:kDelta': 1.0, '0:atom_Ring_count:kDelta': 0.85, '0:atom_RingSize_list:kConv': 0.75, '0:atom_Hcount:kDelta': 0.8, '0:atom_AtomicNumber_count_1:kDelta': 1.0, '0:atom_AtomicNumber_count_2:kDelta': 1.0, '0:atom_Chiral:kDelta': 0.75, '0:bond_Order:kDelta': 0.85, '0:bond_Stereo:kDelta': 0.75, '0:bond_RingStereo:kDelta': 0.75, '0:q:q': 0.5, '0:features_kernel:Matern32': 2117.1, 'alpha': 0.025}. Best is trial 32 with value: 0.43767801286336.
/gpfs_common/share03/ddomlab/sdehgha2/working_space/GP_collab/code_python/training/MGK_and_tools/mgktools/mgktools/kernels/base.py:225: UserWarning: The distribution is specified by [0.1, 10000] and step=1, but the range is not divisible by `step`. It will be replaced with [0.1, 9999.1].
  self.unique_name: trial.suggest_float(
[I 2026-05-01 13:26:25,728] Trial 36 finished with value: 0.4712905216268536 and parameters: {'0:atom_AtomicNumber:kDelta': 0.85, '0:atom_AtomicNumber_list_1:kConv': 0.85, '0:atom_AtomicNumber_list_2:kConv': 1.0, '0:atom_AtomicNumber_list_3:kConv': 0.85, '0:atom_AtomicNumber_list_4:kConv': 0.8, '0:atom_MorganHash:kDelta': 0.95, '0:atom_Ring_count:kDelta': 0.95, '0:atom_RingSize_list:kConv': 0.8, '0:atom_Hcount:kDelta': 0.9, '0:atom_AtomicNumber_count_1:kDelta': 0.9, '0:atom_AtomicNumber_count_2:kDelta': 0.95, '0:atom_Chiral:kDelta': 0.8, '0:bond_Order:kDelta': 0.9, '0:bond_Stereo:kDelta': 0.8, '0:bond_RingStereo:kDelta': 0.8, '0:q:q': 0.38, '0:features_kernel:Matern32': 48.1, 'alpha': 0.017}. Best is trial 32 with value: 0.43767801286336.
/gpfs_common/share03/ddomlab/sdehgha2/working_space/GP_collab/code_python/training/MGK_and_tools/mgktools/mgktools/kernels/base.py:225: UserWarning: The distribution is specified by [0.1, 10000] and step=1, but the range is not divisible by `step`. It will be replaced with [0.1, 9999.1].
  self.unique_name: trial.suggest_float(
[I 2026-05-01 13:26:39,511] Trial 37 finished with value: 0.5465890986366996 and parameters: {'0:atom_AtomicNumber:kDelta': 0.85, '0:atom_AtomicNumber_list_1:kConv': 0.85, '0:atom_AtomicNumber_list_2:kConv': 0.95, '0:atom_AtomicNumber_list_3:kConv': 0.85, '0:atom_AtomicNumber_list_4:kConv': 0.8, '0:atom_MorganHash:kDelta': 0.95, '0:atom_Ring_count:kDelta': 0.85, '0:atom_RingSize_list:kConv': 0.75, '0:atom_Hcount:kDelta': 0.9, '0:atom_AtomicNumber_count_1:kDelta': 0.9, '0:atom_AtomicNumber_count_2:kDelta': 1.0, '0:atom_Chiral:kDelta': 0.8, '0:bond_Order:kDelta': 0.9, '0:bond_Stereo:kDelta': 0.8, '0:bond_RingStereo:kDelta': 0.8, '0:q:q': 0.38, '0:features_kernel:Matern32': 5891.1, 'alpha': 0.016}. Best is trial 32 with value: 0.43767801286336.
/gpfs_common/share03/ddomlab/sdehgha2/working_space/GP_collab/code_python/training/MGK_and_tools/mgktools/mgktools/kernels/base.py:225: UserWarning: The distribution is specified by [0.1, 10000] and step=1, but the range is not divisible by `step`. It will be replaced with [0.1, 9999.1].
  self.unique_name: trial.suggest_float(
[I 2026-05-01 13:26:54,617] Trial 38 finished with value: 0.5517298490531923 and parameters: {'0:atom_AtomicNumber:kDelta': 0.85, '0:atom_AtomicNumber_list_1:kConv': 0.9, '0:atom_AtomicNumber_list_2:kConv': 1.0, '0:atom_AtomicNumber_list_3:kConv': 0.85, '0:atom_AtomicNumber_list_4:kConv': 0.8, '0:atom_MorganHash:kDelta': 1.0, '0:atom_Ring_count:kDelta': 0.9, '0:atom_RingSize_list:kConv': 0.95, '0:atom_Hcount:kDelta': 0.9, '0:atom_AtomicNumber_count_1:kDelta': 0.9, '0:atom_AtomicNumber_count_2:kDelta': 0.9, '0:atom_Chiral:kDelta': 0.9, '0:bond_Order:kDelta': 0.95, '0:bond_Stereo:kDelta': 0.85, '0:bond_RingStereo:kDelta': 0.75, '0:q:q': 0.31, '0:features_kernel:Matern32': 1850.1, 'alpha': 0.060000000000000005}. Best is trial 32 with value: 0.43767801286336.
/gpfs_common/share03/ddomlab/sdehgha2/working_space/GP_collab/code_python/training/MGK_and_tools/mgktools/mgktools/kernels/base.py:225: UserWarning: The distribution is specified by [0.1, 10000] and step=1, but the range is not divisible by `step`. It will be replaced with [0.1, 9999.1].
  self.unique_name: trial.suggest_float(
[I 2026-05-01 13:27:10,257] Trial 39 finished with value: 0.9268195269323101 and parameters: {'0:atom_AtomicNumber:kDelta': 0.8, '0:atom_AtomicNumber_list_1:kConv': 0.85, '0:atom_AtomicNumber_list_2:kConv': 0.95, '0:atom_AtomicNumber_list_3:kConv': 0.9, '0:atom_AtomicNumber_list_4:kConv': 0.75, '0:atom_MorganHash:kDelta': 0.95, '0:atom_Ring_count:kDelta': 0.75, '0:atom_RingSize_list:kConv': 0.8, '0:atom_Hcount:kDelta': 0.9, '0:atom_AtomicNumber_count_1:kDelta': 0.95, '0:atom_AtomicNumber_count_2:kDelta': 0.75, '0:atom_Chiral:kDelta': 0.8, '0:bond_Order:kDelta': 0.9, '0:bond_Stereo:kDelta': 0.8, '0:bond_RingStereo:kDelta': 0.8, '0:q:q': 0.25, '0:features_kernel:Matern32': 0.1, 'alpha': 0.008}. Best is trial 32 with value: 0.43767801286336.
/gpfs_common/share03/ddomlab/sdehgha2/working_space/GP_collab/code_python/training/MGK_and_tools/mgktools/mgktools/kernels/base.py:225: UserWarning: The distribution is specified by [0.1, 10000] and step=1, but the range is not divisible by `step`. It will be replaced with [0.1, 9999.1].
  self.unique_name: trial.suggest_float(
[I 2026-05-01 13:27:27,747] Trial 40 finished with value: 0.5516116557018272 and parameters: {'0:atom_AtomicNumber:kDelta': 0.75, '0:atom_AtomicNumber_list_1:kConv': 0.95, '0:atom_AtomicNumber_list_2:kConv': 0.9, '0:atom_AtomicNumber_list_3:kConv': 0.8, '0:atom_AtomicNumber_list_4:kConv': 0.8, '0:atom_MorganHash:kDelta': 1.0, '0:atom_Ring_count:kDelta': 0.9, '0:atom_RingSize_list:kConv': 0.75, '0:atom_Hcount:kDelta': 0.85, '0:atom_AtomicNumber_count_1:kDelta': 0.9, '0:atom_AtomicNumber_count_2:kDelta': 1.0, '0:atom_Chiral:kDelta': 0.85, '0:bond_Order:kDelta': 0.9, '0:bond_Stereo:kDelta': 0.9, '0:bond_RingStereo:kDelta': 0.8, '0:q:q': 0.21000000000000002, '0:features_kernel:Matern32': 8244.1, 'alpha': 0.022000000000000002}. Best is trial 32 with value: 0.43767801286336.
/gpfs_common/share03/ddomlab/sdehgha2/working_space/GP_collab/code_python/training/MGK_and_tools/mgktools/mgktools/kernels/base.py:225: UserWarning: The distribution is specified by [0.1, 10000] and step=1, but the range is not divisible by `step`. It will be replaced with [0.1, 9999.1].
  self.unique_name: trial.suggest_float(
[I 2026-05-01 13:27:40,925] Trial 41 finished with value: 0.5322134237619873 and parameters: {'0:atom_AtomicNumber:kDelta': 0.9, '0:atom_AtomicNumber_list_1:kConv': 0.8, '0:atom_AtomicNumber_list_2:kConv': 1.0, '0:atom_AtomicNumber_list_3:kConv': 0.75, '0:atom_AtomicNumber_list_4:kConv': 0.95, '0:atom_MorganHash:kDelta': 0.85, '0:atom_Ring_count:kDelta': 0.95, '0:atom_RingSize_list:kConv': 0.85, '0:atom_Hcount:kDelta': 0.75, '0:atom_AtomicNumber_count_1:kDelta': 0.95, '0:atom_AtomicNumber_count_2:kDelta': 0.95, '0:atom_Chiral:kDelta': 0.75, '0:bond_Order:kDelta': 0.85, '0:bond_Stereo:kDelta': 0.75, '0:bond_RingStereo:kDelta': 0.85, '0:q:q': 0.41000000000000003, '0:features_kernel:Matern32': 794.1, 'alpha': 0.006}. Best is trial 32 with value: 0.43767801286336.
