seed_6_y_pred,seed_6_y_std,seed_13_y_pred,seed_13_y_std,seed_42_y_pred,seed_42_y_std,log (Separation factor)
0.4840080738067627,0.7900267839431763,0.4311305284500122,0.8615900278091431,0.485392689704895,0.8821014761924744,0.20411998265592482
0.4784853458404541,0.20213733613491058,0.44803762435913086,0.8297842741012573,0.4296848773956299,0.8929373621940613,0.3010299956639812
0.47987449169158936,0.20183701813220978,0.45007574558258057,0.6834375262260437,0.4586561918258667,0.6890076398849487,0.3424226808222063
0.4215952157974243,0.8637577891349792,0.43307530879974365,0.8615792393684387,0.36779284477233887,0.7161189913749695,0.505149978319906
0.40866947174072266,0.7562769651412964,0.41754114627838135,0.8521507382392883,0.4346599578857422,0.8929373621940613,0.5797835966168101
0.4123603105545044,0.8797882795333862,0.4356914758682251,0.8616105318069458,0.3710731267929077,0.7162586450576782,0.6232492903979004
1.181230902671814,0.6069096922874451,2.8466548919677734,0.7100865840911865,2.7627148628234863,0.6861083507537842,3.26030994579492
1.2722795009613037,0.6086788773536682,3.111379384994507,0.6978908181190491,3.1358461380004883,0.6848165988922119,3.0791812460476247
1.9485061168670654,0.533564031124115,1.9427158832550049,0.5278294682502747,2.094475507736206,0.5833091735839844,2.3979400086720375
2.13220477104187,0.48746582865715027,1.9679255485534668,0.463591068983078,2.06003737449646,0.43201184272766113,2.3010299956639813
2.042658567428589,0.45279499888420105,2.130262613296509,0.46201202273368835,2.1145408153533936,0.4833349287509918,2.204119982655925
2.271611213684082,0.4383515417575836,1.9179401397705078,0.47461020946502686,2.296501636505127,0.43946272134780884,2.146128035678238
2.2081737518310547,0.4626375734806061,2.111372947692871,0.47942668199539185,2.328456163406372,0.5183268785476685,2.0791812460476247
2.0120818614959717,0.4469931423664093,1.9547847509384155,0.44629180431365967,2.0333805084228516,0.48525527119636536,2.075546961392531
2.123293876647949,0.21123987436294556,2.1277477741241455,0.4353531301021576,2.154438018798828,0.4910956025123596,2.0
2.3175930976867676,0.45012345910072327,2.337359666824341,0.4301013946533203,2.2585601806640625,0.49409225583076477,1.9030899869919435
2.130141496658325,0.5219756960868835,2.1673498153686523,0.4530342221260071,2.1827235221862793,0.4960823357105255,1.845098040014257
2.1038553714752197,0.2798803448677063,2.1405463218688965,0.5029122829437256,2.1387362480163574,0.49014514684677124,1.845098040014257
1.8195114135742188,0.7493632435798645,1.8373398780822754,0.7381331920623779,1.8591746091842651,0.7723917961120605,1.6020599913279625
1.303214192390442,0.6040091514587402,1.3626497983932495,0.7137344479560852,1.2866649627685547,0.6327068209648132,1.3010299956639813
1.1715662479400635,0.5312008857727051,1.210370421409607,0.5607960820198059,1.2045152187347412,0.44883009791374207,1.2855573090077739
1.2151284217834473,0.5236174464225769,1.2244871854782104,0.5565434098243713,1.2150622606277466,0.6126245856285095,1.2671717284030137
1.3177781105041504,0.7680217623710632,1.5106321573257446,0.8248680830001831,1.3851068019866943,0.7905732989311218,1.2405492482825997
1.4266048669815063,0.8751100301742554,1.7685290575027466,0.8871337175369263,1.6991387605667114,0.8765168786048889,1.2253092817258628
1.1164873838424683,0.5313188433647156,1.0991926193237305,0.7053177952766418,1.11513352394104,0.5082312226295471,1.2174839442139063
1.1150829792022705,0.5343408584594727,1.1190085411071777,0.7026374340057373,1.2099123001098633,0.6168494820594788,1.2041199826559248
1.1964163780212402,0.5763842463493347,1.2434650659561157,0.6474289298057556,1.1804547309875488,0.4991270899772644,1.1958996524092338
1.2322680950164795,0.5335766077041626,1.2615598440170288,0.6478256583213806,1.2334139347076416,0.5518907308578491,1.1903316981702914
1.2082085609436035,0.20333653688430786,1.2199604511260986,0.6511339545249939,1.1551271677017212,0.5485122203826904,1.1789769472931695
1.2082085609436035,0.20333653688430786,1.2199604511260986,0.6511339545249939,1.2099123001098633,0.6168494820594788,0.9138138523837167
1.9854825735092163,0.873714029788971,2.091346502304077,0.8760672211647034,2.0881667137145996,0.8818569183349609,1.4548448600085102
1.159693956375122,0.7087470293045044,1.140566349029541,0.7431612014770508,1.1297928094863892,0.6836841106414795,1.2227164711475833
0.864817202091217,0.6380884051322937,0.9236352443695068,0.7692830562591553,0.9036698341369629,0.7329141497612,1.1034616220947049
1.1882474422454834,0.2583114504814148,1.1406176090240479,0.7352287769317627,1.1474194526672363,0.6663998365402222,1.0610753236297918
0.9553666710853577,0.6997247338294983,0.9681768417358398,0.6433238983154297,1.0078151226043701,0.6427992582321167,0.9294189257142927
0.8394889831542969,0.6850576400756836,0.8466135859489441,0.7151647210121155,0.9100178480148315,0.6462414264678955,0.8450980400142568
1.1083452701568604,0.7564113140106201,1.1149020195007324,0.7020499110221863,1.1005057096481323,0.7244144678115845,0.6464037262230695
1.850088357925415,0.3563078045845032,1.7578957080841064,0.6961674094200134,1.8704779148101807,0.6731106638908386,1.8881233072979084
1.4593101739883423,0.51368647813797,1.4713134765625,0.5395875573158264,1.420975685119629,0.5088955163955688,1.4756711883244296
1.071209192276001,0.5095803141593933,1.0735039710998535,0.5037354826927185,1.0599098205566406,0.47907665371894836,1.2174839442139063
0.9475975632667542,0.5650367140769958,0.920300304889679,0.5142378807067871,0.924723744392395,0.5030953884124756,0.9439888750737718
0.9119246006011963,0.5417885184288025,0.9364956617355347,0.47630223631858826,0.9102727770805359,0.5231928825378418,0.7403626894942439
1.3487051725387573,0.5692660212516785,1.4623844623565674,0.5892446637153625,1.4446916580200195,0.6145396828651428,1.398634324538392
1.5701355934143066,0.20792916417121887,1.6002514362335205,0.5623598694801331,1.6161158084869385,0.5359498262405396,1.584218112117405
1.723725438117981,0.5343847870826721,1.8235913515090942,0.5400722026824951,1.742011308670044,0.5355502367019653,2.1048284036536553
2.294391393661499,0.552293062210083,2.466689109802246,0.571762204170227,2.2409462928771973,0.563291072845459,2.361538971269279
3.3740997314453125,0.2777744233608246,3.3482789993286133,0.6906535029411316,3.3284201622009277,0.6849585175514221,2.8147801457458046
0.8550774455070496,0.363843709230423,0.853890597820282,0.4114547371864319,0.8513902425765991,0.3978911340236664,0.8169038393756602
0.7263103127479553,0.27946728467941284,0.7251594066619873,0.2883777320384979,0.6962530612945557,0.2862884998321533,0.7355988996981799
0.6702328324317932,0.33837494254112244,0.6657965779304504,0.3493872582912445,0.6505228877067566,0.34905949234962463,0.667452952889954
0.8172497153282166,0.3484508991241455,0.8570530414581299,0.4027373194694519,0.839901328086853,0.32181569933891296,0.8382192219076258
0.7327520847320557,0.29294493794441223,0.7319861054420471,0.2807368040084839,0.7017405033111572,0.27775365114212036,0.7419390777291989
0.6368192434310913,0.35721108317375183,0.6663751602172852,0.3290742337703705,0.6630792021751404,0.4007537364959717,0.7419390777291989
0.8332375884056091,0.19584538042545319,0.862093448638916,0.3923243284225464,0.8507262468338013,0.32701125741004944,0.8530895298518655
0.7424542307853699,0.2691601514816284,0.7353073954582214,0.3471739888191223,0.7384405732154846,0.23642274737358093,0.7339992865383869
0.6402037143707275,0.3470017611980438,0.6798046231269836,0.3143937885761261,0.666498601436615,0.3907538950443268,0.6637009253896482
0.8375822901725769,0.32557928562164307,0.8263688087463379,0.3330496549606323,0.8204095363616943,0.30569183826446533,0.865103974641128
0.7431093454360962,0.26256170868873596,0.7401601076126099,0.3328999876976013,0.7436535358428955,0.32483363151550293,0.7543483357110189
0.6832712888717651,0.19391761720180511,0.6785091161727905,0.32527828216552734,0.6832129955291748,0.3005467355251312,0.6627578316815741
0.8945562839508057,0.3176787495613098,0.8881890773773193,0.297824501991272,0.8789945840835571,0.3054939806461334,0.8331471119127851
0.7555135488510132,0.24426153302192688,0.7596651315689087,0.22389405965805054,0.7570879459381104,0.30985257029533386,0.7881683711411677
0.7027895450592041,0.3264092206954956,0.6847327351570129,0.36756667494773865,0.6845139265060425,0.36704862117767334,0.6989700043360189
0.9162975549697876,0.3120664358139038,0.8532237410545349,0.32583367824554443,0.9140129089355469,0.3460525870323181,0.8976270912904414
0.7907006144523621,0.21584656834602356,0.784528911113739,0.23395943641662598,0.7742262482643127,0.23835019767284393,0.7781512503836436
0.7276896834373474,0.33549579977989197,0.7018635272979736,0.3576981723308563,0.6989597082138062,0.29659387469291687,0.7092699609758307
0.9420323371887207,0.20421138405799866,0.899795413017273,0.3566911816596985,0.9619326591491699,0.3181664049625397,1.0784568180532925
0.822584331035614,0.27532958984375,0.834806501865387,0.24309155344963074,0.8332735896110535,0.23761101067066193,0.8375884382355113
0.7802302837371826,0.3788078725337982,0.7749955654144287,0.3349957764148712,0.8197900056838989,0.33913421630859375,0.6884198220027106
1.1308484077453613,0.48805272579193115,1.0282316207885742,0.4712330102920532,1.061570644378662,0.4451597034931183,1.1861083798132053
0.9939497113227844,0.4659057557582855,0.9227284789085388,0.42659077048301697,1.0487172603607178,0.3865658938884735,0.8267225201689921
0.8867355585098267,0.23468518257141113,0.8584234118461609,0.4663447141647339,0.996782124042511,0.43116387724876404,0.8055008581584001
1.3336153030395508,0.28981468081474304,1.335616111755371,0.6730950474739075,1.372233510017395,0.7490878701210022,1.3643633546157308
1.1970027685165405,0.6700677871704102,1.1645742654800415,0.6977481245994568,1.193777084350586,0.6849422454833984,1.2227164711475833
1.0218031406402588,0.7011194229125977,1.0462090969085693,0.7106903791427612,1.1433947086334229,0.6850067377090454,1.0644579892269186
0.7778571248054504,0.5275511145591736,0.7428029179573059,0.5281378626823425,0.7884633541107178,0.5936638116836548,0.8715729355458788
0.8004617094993591,0.5161011815071106,0.7665106654167175,0.5166177153587341,0.8089478611946106,0.5844630599021912,0.846955325019824
0.8646780848503113,0.4748527407646179,0.8652451634407043,0.47408878803253174,0.8569711446762085,0.4368818402290344,0.7774268223893114
0.8842571973800659,0.4829331338405609,0.906962513923645,0.43683695793151855,0.8837295770645142,0.556725800037384,0.8450980400142568
0.981280505657196,0.19959396123886108,0.974888265132904,0.41435620188713074,0.9924370050430298,0.43275922536849976,0.9731278535996987
1.1035091876983643,0.36513108015060425,1.0737029314041138,0.4226900637149811,1.0783615112304688,0.5086346864700317,1.1760912590556813
1.3409440517425537,0.3972959518432617,1.308475375175476,0.40830591320991516,1.2656062841415405,0.49252498149871826,1.3521825181113625
1.3318052291870117,0.47208359837532043,1.308475375175476,0.40830591320991516,1.3407132625579834,0.3876449465751648,1.3434085938038574
1.2605291604995728,0.412887841463089,1.2787742614746094,0.42593511939048767,1.2292277812957764,0.5020017027854919,1.2605483726369795
1.1479665040969849,0.505038857460022,1.1908254623413086,0.5402637720108032,1.2215574979782104,0.5326653718948364,1.2460059040760292
1.4220582246780396,0.7022152543067932,1.3050141334533691,0.6847824454307556,1.3485349416732788,0.6075908541679382,1.1335389083702174
0.12651491165161133,0.828974723815918,0.1337268352508545,0.7064256072044373,0.18852531909942627,0.8754395842552185,0.25984415912950387
0.6449163556098938,0.8812636137008667,0.6547547578811646,0.8654705286026001,0.6463969945907593,0.8420675992965698,0.5693739096150459
0.12702250480651855,0.8239095211029053,0.1988377571105957,0.8941382765769958,0.18039393424987793,0.8731338381767273,0.134905422521204
0.19136488437652588,0.8719038963317871,0.20872747898101807,0.861648440361023,0.19943344593048096,0.872793436050415,0.057018743462753624
0.5198178291320801,0.22699923813343048,0.5270739793777466,0.8352523446083069,0.5212521553039551,0.8774749040603638,0.5440680443502757
0.2141265869140625,0.8790620565414429,0.22623562812805176,0.8934767246246338,0.2202666997909546,0.7183497548103333,0.1887887561999041
0.23007702827453613,0.8739312291145325,0.25384247303009033,0.864224910736084,0.18266034126281738,0.8744089603424072,0.32102665773805583
0.5016661882400513,0.846336841583252,0.5150126218795776,0.8555967211723328,0.5044543743133545,0.8779805302619934,0.5198279937757188
0.5016363859176636,0.8495994806289673,0.6360953450202942,0.860554575920105,0.5017006397247314,0.7770671248435974,0.5024271199844327
0.6300991773605347,0.310400128364563,0.7479935884475708,0.8674073219299316,0.6178338527679443,0.8814868330955505,0.49554433754644844
0.2987710237503052,0.2574147582054138,0.3292214870452881,0.8355507254600525,0.3174309730529785,0.7945378422737122,0.377943380255784
0.8293058276176453,0.7715215682983398,0.7862834334373474,0.8423111438751221,0.7218660116195679,0.8717338442802429,0.7626785637274363
0.25334906578063965,0.8066476583480835,0.2626844644546509,0.804097056388855,0.25520849227905273,0.8287580013275146,0.30330969374508143
0.1798800230026245,0.8527610301971436,0.20782744884490967,0.8024385571479797,0.20840239524841309,0.7853894829750061,0.18412335423967113
0.6929391622543335,0.806057870388031,0.7017374038696289,0.8839966058731079,0.660918653011322,0.8682575821876526,0.7272158209084926
0.24274933338165283,0.8613638877868652,0.24371564388275146,0.8510312438011169,0.24870610237121582,0.7473865747451782,0.0022796980811002577
0.08327674865722656,0.8541658520698547,0.09113419055938721,0.8348568677902222,0.08942651748657227,0.8960309624671936,0.2374806502767422
0.6525918841362,0.8894780278205872,0.6559751033782959,0.8668296933174133,0.6706235408782959,0.8700858950614929,0.6683859166900001
0.6328554153442383,0.7524474263191223,0.6279909610748291,0.8852919936180115,0.6520072221755981,0.7725311517715454,0.6232492903979004
0.7092975378036499,0.8224818110466003,0.7288210391998291,0.844397783279419,0.7437260746955872,0.8740807771682739,0.6053050461411095
0.25907254219055176,0.31430140137672424,0.3056011199951172,0.8510750532150269,0.29464948177337646,0.7797936201095581,0.4359352590196724
1.034883975982666,0.8683536052703857,1.0192110538482666,0.8109374046325684,1.0171825885772705,0.82306307554245,1.0128372247051722
0.21152222156524658,0.2609266936779022,0.3247072696685791,0.8356876373291016,0.2846813201904297,0.8553760051727295,0.25984415912950387
0.19962620735168457,0.7888926863670349,0.2230830192565918,0.8485208749771118,0.29350757598876953,0.7932000160217285,0.19289736949889066
0.9017772078514099,0.6925567388534546,0.9167624115943909,0.7868722677230835,0.906199038028717,0.8723819255828857,0.9289076902439527
0.22452151775360107,0.6444406509399414,0.23735535144805908,0.8332168459892273,0.26793503761291504,0.7956235408782959,0.0022796980811002577
0.06108856201171875,0.6717820167541504,0.0870676040649414,0.8508275747299194,0.05804586410522461,0.8831585049629211,0.2172772761581854
0.8442254066467285,0.244519904255867,0.959398090839386,0.8886399269104004,0.8184325098991394,0.894474446773529,0.8260748027008264
0.7793446183204651,0.24666468799114227,0.9967946410179138,0.8895100951194763,0.7509037852287292,0.8942108154296875,0.7715874808812554
0.814350426197052,0.8079813718795776,1.059828519821167,0.8905147314071655,0.8302046060562134,0.8184558749198914,0.6963563887333322
2.434232234954834,0.3160940706729889,2.4178943634033203,0.6522956490516663,2.4258511066436768,0.6826127171516418,2.506505032404872
2.4350264072418213,0.5367828011512756,2.4306015968322754,0.5459372401237488,2.436624526977539,0.5210985541343689,2.4409090820652177
1.9678163528442383,0.4125245213508606,1.964315414428711,0.6603168845176697,1.9686720371246338,0.6694751381874084,1.8195439355418688
1.7260676622390747,0.5514883995056152,1.767639398574829,0.5550804138183594,1.7941185235977173,0.5534811019897461,1.8195439355418688
2.867919921875,0.5730739831924438,2.8209228515625,0.5777644515037537,2.8281850814819336,0.5709847211837769,2.762678563727436
2.7182650566101074,0.4581853449344635,2.7203187942504883,0.4500463008880615,2.700333833694458,0.4438755214214325,2.6580113966571126
2.2204132080078125,0.3284257650375366,2.1398801803588867,0.6348723769187927,2.131080150604248,0.6391323208808899,2.1903316981702914
2.0612971782684326,0.47473055124282837,2.019545316696167,0.49086126685142517,2.039273262023926,0.47755008935928345,2.0
3.003884792327881,0.5262160897254944,3.0676827430725098,0.5631163716316223,3.037628173828125,0.5422446727752686,3.12515582958053
2.9081358909606934,0.3725418150424957,2.871641159057617,0.38588494062423706,2.898465156555176,0.39171063899993896,2.9960736544852753
2.9340033531188965,0.5348189473152161,2.9254531860351562,0.4220218360424042,2.922605037689209,0.4531717598438263,2.9410142437055695
2.8313148021698,0.4703994691371918,2.824699878692627,0.49607914686203003,2.8410391807556152,0.4563063681125641,2.7596678446896306
2.7516229152679443,0.34311217069625854,2.7104387283325195,0.37726300954818726,2.73896861076355,0.34739577770233154,2.716003343634799
2.697340488433838,0.5565599203109741,2.726210594177246,0.5735896229743958,2.6939711570739746,0.4995805621147156,2.6693168805661123
2.6048941612243652,0.38199710845947266,2.6064326763153076,0.3817049562931061,2.6435704231262207,0.3764477074146271,2.606381365110605
2.4787557125091553,0.608971118927002,2.4806175231933594,0.6260717511177063,2.3763880729675293,0.6174572110176086,2.424881636631067
2.4606823921203613,0.3881961405277252,2.4953179359436035,0.3976801037788391,2.510692596435547,0.4039280116558075,2.4216039268698313
2.2598514556884766,0.4613506495952606,2.270291328430176,0.45780038833618164,2.2331552505493164,0.47375035285949707,2.2278867046136734
2.7724547386169434,0.2014559954404831,2.8241946697235107,0.3968473970890045,2.793159008026123,0.40076741576194763,2.792391689498254
2.8066751956939697,0.3827010691165924,2.8241946697235107,0.3968473970890045,2.7691879272460938,0.3639003336429596,2.708420900134713
2.1427979469299316,0.4282895624637604,2.135162115097046,0.44809970259666443,2.1595146656036377,0.3894326388835907,2.330413773349191
2.2215495109558105,0.4218243956565857,2.2147011756896973,0.4074985980987549,2.2304463386535645,0.42644429206848145,2.1367205671564067
2.6429367065429688,0.44251272082328796,2.6141116619110107,0.41779372096061707,2.6161184310913086,0.44960761070251465,2.629409599102719
2.616441249847412,0.3818085193634033,2.6449732780456543,0.4572151005268097,2.635594367980957,0.4042742848396301,2.5877109650189114
2.1192193031311035,0.46102458238601685,2.0948774814605713,0.46262404322624207,2.1706433296203613,0.5015109181404114,2.214843848047698
2.1631717681884766,0.44680359959602356,2.1466991901397705,0.4277648627758026,2.1706433296203613,0.5015109181404114,2.075546961392531
2.457487106323242,0.20200566947460175,2.48246169090271,0.5060334205627441,2.4657633304595947,0.4973629117012024,2.499687082618404
2.499634265899658,0.5278429388999939,2.48246169090271,0.5060334205627441,2.4955551624298096,0.4951649308204651,2.403120521175818
2.0560874938964844,0.5149502158164978,2.0587544441223145,0.527092456817627,2.0600674152374268,0.47435441613197327,2.1398790864012365
2.0560874938964844,0.5149502158164978,2.0656180381774902,0.5138972401618958,2.1671245098114014,0.5620931386947632,1.99563519459755
2.300375461578369,0.5898504257202148,2.308576822280884,0.6259744763374329,2.319091558456421,0.6062365174293518,2.4456042032735974
2.300375461578369,0.5898504257202148,2.387216806411743,0.6051192283630371,2.3627681732177734,0.5719858407974243,2.322219294733919
2.0200326442718506,0.551884651184082,2.012515068054199,0.570956826210022,2.1669883728027344,0.6328607797622681,2.0569048513364727
2.0702645778656006,0.5920743346214294,2.0184383392333984,0.6057036519050598,2.1669883728027344,0.6328607797622681,1.9444826721501687
1.1889593601226807,0.7782613635063171,1.3337600231170654,0.7458221912384033,1.3454868793487549,0.7414103746414185,1.4578213636679103
1.3285257816314697,0.7486824989318848,1.4669760465621948,0.7821656465530396,1.3039218187332153,0.750416100025177,1.0163917383715793
1.2083349227905273,0.7792351245880127,1.3617602586746216,0.761583149433136,1.4323235750198364,0.8131568431854248,1.4750170755177987
1.1782368421554565,0.7447751760482788,1.3904497623443604,0.7843415141105652,1.1883950233459473,0.8105334639549255,1.0621462303689089
1.4611235857009888,0.5529139041900635,1.4755640029907227,0.51729416847229,1.4519400596618652,0.5555533766746521,1.5152643446896048
1.2181318998336792,0.5548586845397949,1.1594738960266113,0.5210922956466675,1.14690363407135,0.5575487017631531,1.1127034773661755
1.415053367614746,0.4249615967273712,1.4072061777114868,0.5372264981269836,1.4251166582107544,0.3584402799606323,1.5185139398778875
1.3559386730194092,0.42097577452659607,1.3829805850982666,0.450344443321228,1.3717845678329468,0.35248860716819763,1.414973347970818
1.3484258651733398,0.20425070822238922,1.3545206785202026,0.4674915373325348,1.3685755729675293,0.4115489721298218,1.255272505103306
1.1577346324920654,0.4925612211227417,1.1630382537841797,0.5474234223365784,1.1422200202941895,0.3765760064125061,1.0827413643651347
1.3640549182891846,0.4670749008655548,1.4141831398010254,0.45779886841773987,1.4150278568267822,0.39077258110046387,1.5118833609788744
1.3742848634719849,0.1967378556728363,1.3617922067642212,0.45354941487312317,1.3600164651870728,0.45083490014076233,1.3979400086720377
1.3050166368484497,0.38922345638275146,1.2959811687469482,0.4355449974536896,1.314542293548584,0.4504423141479492,1.2304489213782739
1.1366686820983887,0.4178365170955658,1.1649006605148315,0.5466587543487549,1.1130921840667725,0.3510218858718872,1.0335250388423651
1.3344148397445679,0.4501388370990753,1.3566977977752686,0.48652103543281555,1.3607217073440552,0.45529770851135254,1.4913616938342726
1.2883497476577759,0.4933873116970062,1.3499112129211426,0.5727447271347046,1.333024501800537,0.39661020040512085,1.380211241711606
1.306586742401123,0.21083475649356842,1.3119233846664429,0.382199764251709,1.3429358005523682,0.45619115233421326,1.2041199826559248
1.1507736444473267,0.4667026400566101,1.17498779296875,0.583861231803894,1.164731502532959,0.46615269780158997,0.9973113594439728
1.2702049016952515,0.8573034405708313,1.2916017770767212,0.8521077036857605,1.271899938583374,0.8577851057052612,1.682235356902564
1.6860004663467407,0.8298166990280151,1.6903711557388306,0.8568502068519592,1.685010313987732,0.8653854727745056,1.2571256853305026
1.8414931297302246,0.8302245736122131,1.8578636646270752,0.8298699259757996,1.9220248460769653,0.8250221610069275,1.7769190028420465
1.9221632480621338,0.7998313307762146,1.9459543228149414,0.7710429430007935,1.922863245010376,0.8044232130050659,2.0419450721452637
2.265427589416504,0.2710563540458679,2.2304251194000244,0.8172473311424255,2.2539618015289307,0.8072798848152161,2.0493343359722838
2.112318992614746,0.8118182420730591,1.9946118593215942,0.7901302576065063,2.0882203578948975,0.8312079906463623,2.5087451294695478
2.517470598220825,0.8707141280174255,2.5185999870300293,0.8718239665031433,2.052297830581665,0.8796730041503906,2.7127338590699517
2.0869879722595215,0.8531181216239929,2.054002046585083,0.8618789911270142,1.6453481912612915,0.8490481972694397,2.8519734280672506
2.3574702739715576,0.637422502040863,2.3174993991851807,0.6881187558174133,2.4197797775268555,0.6906096339225769,2.0920887392558067
2.016467571258545,0.29472413659095764,1.888680100440979,0.6141890287399292,1.845184087753296,0.7019660472869873,1.9095560292411753
1.7967345714569092,0.26700741052627563,1.7408595085144043,0.682905912399292,1.7854875326156616,0.729509711265564,1.6286953827140234
1.433719515800476,0.7517662048339844,1.4035815000534058,0.7424273490905762,1.5425423383712769,0.7644134163856506,1.4622482153549974
1.4765212535858154,0.9000340104103088,1.5114624500274658,0.8892346620559692,1.5211739540100098,0.8917554020881653,1.271841606536499
1.6383992433547974,0.8917252421379089,1.6263710260391235,0.9039352536201477,1.6073638200759888,0.8929675817489624,1.0170333392987803
1.580024003982544,0.8916924595832825,1.5490126609802246,0.9057278037071228,1.5667462348937988,0.8996068835258484,1.1549019512998535
2.19466495513916,0.26086539030075073,2.194443941116333,0.7627362608909607,2.1795430183410645,0.8439854979515076,2.0873909449971877
1.8725402355194092,0.7949615120887756,1.9002046585083008,0.38107016682624817,1.856501817703247,0.8896121978759766,1.7982361763679358
1.610419750213623,0.597528338432312,1.5581164360046387,0.7626993656158447,1.6827367544174194,0.7360745072364807,1.5521813388393357
2.308408260345459,0.5449092388153076,2.323972225189209,0.8927193284034729,2.148580551147461,0.7266760468482971,2.5644174867471095
2.0891857147216797,0.7780465483665466,2.0777664184570312,0.30425161123275757,2.1341679096221924,0.7796386480331421,2.052886235256382
1.7466872930526733,0.2411343902349472,1.7657208442687988,0.8842414021492004,1.7519419193267822,0.832449734210968,1.7283537820212285
2.472658634185791,0.8099715709686279,2.4731335639953613,0.47319960594177246,2.2885046005249023,0.7529016733169556,2.8491490473770673
2.4037227630615234,0.6142172813415527,2.3940701484680176,0.8892449736595154,2.5585193634033203,0.8176575303077698,2.189097109071418
2.0275356769561768,0.6337475776672363,1.9877744913101196,0.8872882127761841,2.2606277465820312,0.8226686716079712,1.9376181793938234
1.438222885131836,0.8301182985305786,1.4264295101165771,0.7663468718528748,1.4311593770980835,0.7513994574546814,1.8796692056320534
1.7719252109527588,0.6611724495887756,1.7497996091842651,0.7680419683456421,1.8020501136779785,0.7971086502075195,1.4313637641589874
0.9828281998634338,0.6220798492431641,1.3069627285003662,0.617355465888977,0.8867183923721313,0.5941517353057861,0.9030899869919435
1.3534693717956543,0.8340965509414673,1.502459168434143,0.8374148607254028,1.4924218654632568,0.8632494807243347,1.041392685158225
1.6642407178878784,0.9004097580909729,1.6553194522857666,0.903917670249939,1.7201507091522217,0.899605929851532,1.290034611362518
1.623026728630066,0.8889467120170593,1.6189559698104858,0.8940864205360413,1.6250091791152954,0.8917266726493835,1.505149978319906
2.597132921218872,0.7697751522064209,2.5989270210266113,0.733834445476532,1.6197739839553833,0.7783737182617188,1.380211241711606
1.2925337553024292,0.24763652682304382,1.347111463546753,0.6681585311889648,1.249725103378296,0.6785115003585815,1.0
1.3975489139556885,0.6933499574661255,1.684075117111206,0.790105402469635,1.6959600448608398,0.8215765953063965,0.6989700043360189
1.2621324062347412,0.7196822166442871,1.274861216545105,0.7154011726379395,1.3290739059448242,0.6751148104667664,1.3010299956639813
1.589299201965332,0.26437684893608093,1.6469846963882446,0.7771228551864624,1.8151476383209229,0.7705485820770264,2.8943160626844384
1.498728632926941,0.6657676696777344,0.889003574848175,0.8130457401275635,0.8487700819969177,0.8115127086639404,1.8260748027008264
1.4758059978485107,0.22405432164669037,1.4339547157287598,0.6225370168685913,1.467514991760254,0.6545974612236023,1.6989700043360187
1.889154314994812,0.6684550642967224,1.802663803100586,0.7033317685127258,2.058820962905884,0.6181281208992004,1.9030899869919435
1.7600880861282349,0.7381197810173035,1.645854115486145,0.7866867184638977,1.95011305809021,0.8135750889778137,2.255272505103306
2.4313883781433105,0.817571222782135,2.468005657196045,0.8073134422302246,1.7203912734985352,0.8062804937362671,2.1931245983544616
2.868806838989258,0.8256630897521973,2.41355562210083,0.8340544700622559,2.608964443206787,0.8441826701164246,2.0969100130080562
1.190889835357666,0.31687742471694946,1.476370930671692,0.6517072916030884,1.1292327642440796,0.6482023000717163,0.9084850188786497
0.7061012983322144,0.8255565166473389,0.7220467329025269,0.8124813437461853,1.010682463645935,0.815075159072876,0.8920946026904804
1.203188419342041,0.7899162769317627,1.09596848487854,0.7959026098251343,1.2258738279342651,0.815599799156189,0.8260748027008264
0.8275059461593628,0.7173627614974976,0.9808616638183594,0.8926828503608704,0.8900948166847229,0.861286461353302,0.7745169657285496
0.7953783273696899,0.21710041165351868,0.9333164691925049,0.8916025161743164,0.8582844138145447,0.8604114055633545,0.800717078282385
0.7761273384094238,0.8866310715675354,0.8890191316604614,0.8906874060630798,0.7770991325378418,0.7509718537330627,0.8234742291703011
0.7733682990074158,0.8865997195243835,0.7925533056259155,0.8330566883087158,0.8853415846824646,0.8956795930862427,0.7923916894982539
0.8734270930290222,0.31162554025650024,0.8835820555686951,0.8721687197685242,0.9676379561424255,0.8961657285690308,0.7795964912578245
0.4045681953430176,0.7568233609199524,0.40335214138031006,0.7200045585632324,0.4374123811721802,0.7639961838722229,0.5440680443502757
0.24351704120635986,0.74161696434021,0.1702948808670044,0.6906051635742188,0.1610656976699829,0.6407865285873413,0.07188200730612536
0.2408815622329712,0.7411478757858276,0.12992417812347412,0.804641604423523,0.1397714614868164,0.7249612212181091,0.07918124604762482
0.40908193588256836,0.7539939880371094,0.3992791175842285,0.7147234082221985,0.48827075958251953,0.7250046730041504,0.4899584794248346
0.4785248041152954,0.7258809208869934,0.3945178985595703,0.7065582871437073,0.45065438747406006,0.8149581551551819,0.48855071650044424
0.1043170690536499,0.2106761485338211,0.08359980583190918,0.6814155578613281,0.08826053142547607,0.8104045391082764,0.11727129565576427
0.4585150480270386,0.6067834496498108,0.42952466011047363,0.7745677828788757,0.41131770610809326,0.8202441930770874,0.41995574848975786
0.1483011245727539,0.7486158609390259,0.12025737762451172,0.8140484690666199,0.09681987762451172,0.7594155073165894,0.06445798922691845
0.23017537593841553,0.8538394570350647,0.2075103521347046,0.8340287208557129,0.2941323518753052,0.8181827664375305,0.2966651902615311
0.2862873077392578,0.3834972679615021,0.30279624462127686,0.8505262136459351,0.28305280208587646,0.8195711374282837,-0.022276394711152253
1.528680443763733,0.8833380341529846,1.654786229133606,0.8934668898582458,1.5183736085891724,0.8993657827377319,0.9956351945975499
1.3494877815246582,0.8879486322402954,1.3546030521392822,0.9039908647537231,1.3746387958526611,0.8999268412590027,1.1205739312058498
1.325270175933838,0.8069730997085571,1.496522307395935,0.8897566795349121,1.2411987781524658,0.898277223110199,0.7403626894942439
1.4413983821868896,0.843528151512146,1.4237810373306274,0.8940210938453674,1.3661396503448486,0.8902972340583801,0.7558748556724915
1.4395073652267456,0.882951021194458,1.5294805765151978,0.9043346643447876,1.4036508798599243,0.8905505537986755,0.7403626894942439
2.2682409286499023,0.2292419672012329,2.303441047668457,0.4086051285266876,2.3042328357696533,0.3984263837337494,2.4471580313422194
2.2464423179626465,0.2091263383626938,2.3212454319000244,0.8519326448440552,2.2854762077331543,0.46291491389274597,2.322219294733919
2.1946001052856445,0.3690113425254822,2.181192398071289,0.3310861885547638,2.207672119140625,0.36513927578926086,2.3010299956639813
2.1158289909362793,0.395994633436203,2.1015825271606445,0.3573039472103119,2.161468982696533,0.4815426468849182,2.278753600952829
2.3327620029449463,0.3183562159538269,2.327094554901123,0.8534483313560486,2.3148751258850098,0.4225972592830658,2.3010299956639813
2.285048246383667,0.3395933210849762,2.2747421264648438,0.26404106616973877,2.2813239097595215,0.28202447295188904,2.146128035678238
2.2205796241760254,0.3395175635814667,2.2375195026397705,0.8525336980819702,2.203408718109131,0.3128238320350647,2.146128035678238
2.147169351577759,0.35999542474746704,2.190687894821167,0.8532934784889221,2.1244828701019287,0.42782875895500183,2.041392685158225
2.2242584228515625,0.2698763608932495,2.2697091102600098,0.2780941426753998,2.339272975921631,0.2913702428340912,2.322219294733919
2.192272424697876,0.2456902414560318,2.2274954319000244,0.30189764499664307,2.2676379680633545,0.24770911037921906,2.113943352306837
2.150634288787842,0.2321634143590927,2.1484286785125732,0.2981550097465515,2.1275949478149414,0.32892805337905884,2.1760912590556813
2.053839921951294,0.32079222798347473,2.0448131561279297,0.3436342477798462,2.086920738220215,0.30890995264053345,2.0791812460476247
2.330268621444702,0.2530543804168701,2.3480420112609863,0.47642838954925537,2.355909824371338,0.5622413158416748,2.6232492903979003
2.4463202953338623,0.5848641991615295,2.427034854888916,0.5873258709907532,2.4246480464935303,0.6052778959274292,2.342422680822206
2.3173179626464844,0.5308289527893066,2.3326807022094727,0.5868380069732666,2.344200611114502,0.6082308292388916,2.3010299956639813
2.285900115966797,0.5991917848587036,2.2532782554626465,0.8519062399864197,2.268362522125244,0.6200380921363831,2.1760912590556813
1.6481494903564453,0.8917259573936462,1.6376277208328247,0.9039405584335327,1.6387097835540771,0.891862690448761,0.8860392755664424
1.6466197967529297,0.900638997554779,1.6495585441589355,0.9045490622520447,1.6464475393295288,0.8916970491409302,1.5228744023138037
0.7552610635757446,0.6360474228858948,0.6887250542640686,0.56791752576828,0.7752283215522766,0.6294358968734741,0.6989700043360189
0.7855703234672546,0.5955091118812561,0.7743726372718811,0.5513309240341187,0.7966337203979492,0.5548968315124512,0.8450980400142568
0.934072732925415,0.528060793876648,0.9070943593978882,0.6240982413291931,0.914617657661438,0.5834769010543823,1.0086001717619175
1.2242714166641235,0.6060683727264404,1.1561485528945923,0.6297416687011719,1.1646376848220825,0.5877029299736023,1.2041199826559248
1.6372387409210205,0.7287558913230896,1.5665637254714966,0.6845739483833313,1.5157989263534546,0.6916908621788025,1.287801729930226
2.2543179988861084,0.8858757615089417,2.3064613342285156,0.8644784688949585,2.3532280921936035,0.8684017062187195,1.7403626894942439
0.7020290493965149,0.5016209483146667,0.7270863056182861,0.4979455769062042,0.7410731911659241,0.48111236095428467,0.8129133566428556
0.7502594590187073,0.48002535104751587,0.796402633190155,0.5283938050270081,0.759093165397644,0.474265992641449,0.6989700043360189
0.7568719387054443,0.21070529520511627,0.7955055236816406,0.5283220410346985,0.7391067743301392,0.4809282422065735,0.6989700043360189
0.7077949643135071,0.4056287407875061,0.7251694202423096,0.4248330593109131,0.7008311748504639,0.3915749490261078,0.8325089127062363
0.7286365032196045,0.1950937807559967,0.7246255874633789,0.424791544675827,0.7719110250473022,0.3304358720779419,0.7403626894942439
0.7335425019264221,0.3407105803489685,0.72301185131073,0.42471426725387573,0.6986129879951477,0.3914746344089508,0.7075701760979364
0.7504705786705017,0.1923755258321762,0.7519271969795227,0.3955208957195282,0.7269189953804016,0.33923980593681335,0.8195439355418687
0.7390006184577942,0.3205648958683014,0.7515760660171509,0.39548492431640625,0.7761380076408386,0.35340604186058044,0.724275869600789
0.7501320838928223,0.2940463125705719,0.7505733370780945,0.39543861150741577,0.7738277912139893,0.353373646736145,0.568201724066995
0.824702799320221,0.19994907081127167,0.8033702373504639,0.4012397825717926,0.7741853594779968,0.33927294611930847,0.8750612633917001
0.7778688669204712,0.3400481641292572,0.8168438076972961,0.324861615896225,0.7979871034622192,0.3819500505924225,0.8129133566428556
0.8230303525924683,0.19981242716312408,0.8147823214530945,0.3248693346977234,0.796729326248169,0.38196176290512085,0.7160033436347992
0.8500752449035645,0.41379499435424805,0.8605132699012756,0.3868698179721832,0.8405905365943909,0.3939410150051117,1.0606978403536118
0.9109762907028198,0.2003035694360733,0.9250309467315674,0.4006429612636566,0.8852890133857727,0.4343218207359314,0.8750612633917001
0.9098696708679199,0.20237542688846588,0.923509418964386,0.4006151258945465,0.8855704069137573,0.41280511021614075,0.7923916894982539
0.9698817133903503,0.5273390412330627,1.0271327495574951,0.542597234249115,1.0349912643432617,0.5743525624275208,1.0718820073061255
0.9694656729698181,0.5273276567459106,0.9365066885948181,0.5258954167366028,1.034656047821045,0.5743364095687866,1.0606978403536118
0.9682638645172119,0.5273417234420776,1.026167869567871,0.5425452589988708,1.033660650253296,0.5743328928947449,0.7160033436347992
0.7351095676422119,0.2596309781074524,0.7561789155006409,0.2763923704624176,0.702002227306366,0.29089584946632385,0.8388490907372553
0.7853208780288696,0.27290183305740356,0.8252201080322266,0.27723371982574463,0.7378065586090088,0.25203654170036316,0.8260748027008264
0.7859671711921692,0.2728385329246521,0.8230240345001221,0.27718856930732727,0.8253308534622192,0.243076890707016,0.5185139398778874
0.7810437679290771,0.4951210618019104,0.8047453165054321,0.5444851517677307,0.7918238043785095,0.5262103080749512,0.8573324964312685
0.8818978071212769,0.22528748214244843,0.8598324656486511,0.5406792163848877,0.798132598400116,0.5074620246887207,0.8325089127062363
0.8810262680053711,0.22418440878391266,0.8584725856781006,0.5405799150466919,0.8453779220581055,0.5154327750205994,0.6989700043360189
0.7739319801330566,0.42150357365608215,0.8047453165054321,0.444311261177063,0.8030352592468262,0.4652421772480011,0.8633228601204559
0.8390938639640808,0.20134058594703674,0.7626575231552124,0.43078944087028503,0.8242698907852173,0.44016242027282715,0.8325089127062363
0.7967943549156189,0.44926750659942627,0.7929674983024597,0.47826775908470154,0.8002704977989197,0.4651033580303192,0.6989700043360189
0.7536250352859497,0.35515663027763367,0.7548676133155823,0.38133445382118225,0.7959762811660767,0.43007150292396545,0.9138138523837167
0.8280596137046814,0.19852414727210999,0.7946174740791321,0.37078940868377686,0.795272707939148,0.430021733045578,0.7558748556724915
0.8267585039138794,0.19864729046821594,0.8071675896644592,0.3580760955810547,0.8154767155647278,0.3917711079120636,0.6434526764861874
0.8038615584373474,0.4210837185382843,0.8168426752090454,0.4642850160598755,0.7885629534721375,0.4066658020019531,0.8692317197309762
0.7801713943481445,0.3615577518939972,0.8159627914428711,0.4642062187194824,0.8238622546195984,0.4300377368927002,0.8450980400142568
0.8136203289031982,0.397123247385025,0.8133543729782104,0.4640195369720459,0.8077415823936462,0.37104541063308716,0.7481880270062005
0.869114339351654,0.4671189486980438,0.8437924981117249,0.4459831416606903,0.8163996934890747,0.4713834822177887,0.8808135922807914
0.8441186547279358,0.472595751285553,0.8572495579719543,0.5198331475257874,0.8760050535202026,0.46446120738983154,0.8750612633917001
0.8355252146720886,0.42188897728919983,0.8650054931640625,0.4614619016647339,0.8742716312408447,0.46440833806991577,0.8061799739838872
0.8599008321762085,0.20905287563800812,0.917820930480957,0.553626537322998,0.8380472660064697,0.5581434965133667,1.0791812460476249
0.9285951256752014,0.5563538074493408,0.9150991439819336,0.5934552550315857,0.9284948706626892,0.54427570104599,0.8692317197309762
0.9679174423217773,0.5212001204490662,0.9161739349365234,0.5536513924598694,0.9593108296394348,0.5428628325462341,0.7481880270062005
1.1366878747940063,0.2561059594154358,1.0343763828277588,0.7958245873451233,1.0388333797454834,0.7644146084785461,1.173186268412274
1.1364774703979492,0.2561318874359131,1.1833851337432861,0.8195114135742188,1.141133427619934,0.8186960816383362,0.9493900066449128
0.1651473045349121,0.597690999507904,0.17593717575073242,0.4714778661727905,0.2655738592147827,0.5380640029907227,0.24551266781414982
0.19128763675689697,0.5531095862388611,0.8800501227378845,0.5164973139762878,0.7109668850898743,0.59494549036026,0.08990511143939793
0.3480890989303589,0.5892754793167114,1.049933910369873,0.5413035750389099,0.8235394954681396,0.6146073937416077,0.021189299069938092
2.101175308227539,0.4872947931289673,1.9856165647506714,0.4745821952819824,1.9916763305664062,0.5904809236526489,2.2174839442139063
2.1194918155670166,0.21396276354789734,2.0105345249176025,0.44539758563041687,2.033259868621826,0.5713451504707336,2.1760912590556813
1.6120549440383911,0.6674908399581909,1.8674744367599487,0.6638897657394409,1.718908667564392,0.615148663520813,2.1760912590556813
2.0847787857055664,0.20825333893299103,2.092392683029175,0.5026552081108093,2.1121909618377686,0.3621644675731659,2.0791812460476247
1.8581275939941406,0.23045668005943298,1.7778770923614502,0.4485546946525574,1.809393286705017,0.3792773485183716,1.6127838567197355
1.6148405075073242,0.44063428044319153,1.683359146118164,0.4813971221446991,1.6663016080856323,0.42142435908317566,1.6020599913279625
0.8914474844932556,0.4580134451389313,0.8928945064544678,0.42437201738357544,0.9579285979270935,0.480252742767334,1.6020599913279625
2.0442769527435303,0.21403832733631134,2.021040678024292,0.4353501498699188,2.0955381393432617,0.5656734704971313,2.060697840353612
1.820690631866455,0.47886353731155396,1.831477403640747,0.458766907453537,1.8325657844543457,0.437304824590683,2.255272505103306
2.03584885597229,0.42131659388542175,2.0755999088287354,0.39837712049484253,1.9968056678771973,0.5468894839286804,1.7781512503836436
1.9835383892059326,0.423307329416275,2.0176467895507812,0.48506686091423035,1.995911717414856,0.3865641951560974,1.9030899869919435
1.4224164485931396,0.5476685166358948,1.4743307828903198,0.4630797207355499,1.3818870782852173,0.5818945169448853,2.3979400086720375
1.5451407432556152,0.7677326798439026,1.466019868850708,0.7077393531799316,1.5424803495407104,0.7427548766136169,2.8260748027008264
1.8729515075683594,0.3713529706001282,1.9632059335708618,0.5536404848098755,1.9589511156082153,0.5148462057113647,2.0
2.4268381595611572,0.5813539028167725,2.269944667816162,0.5762245059013367,2.423253059387207,0.505993664264679,2.5563025007672873
2.428560256958008,0.4162093997001648,2.2897427082061768,0.5089643001556396,2.4477109909057617,0.38862842321395874,2.4913616938342726
2.293837547302246,0.2082279920578003,2.32143497467041,0.4150714576244354,2.3329036235809326,0.4453318417072296,2.4471580313422194
2.193419933319092,0.20642371475696564,2.2257280349731445,0.34783148765563965,2.2753093242645264,0.4758608937263489,2.342422680822206
2.2362847328186035,0.3805854320526123,2.241793155670166,0.34451422095298767,2.181658983230591,0.3655710518360138,2.3010299956639813
2.178278684616089,0.19790901243686676,2.241793155670166,0.34451422095298767,2.2227470874786377,0.4598693549633026,2.3010299956639813
2.2362847328186035,0.3805854320526123,2.2015199661254883,0.43135350942611694,2.2663750648498535,0.3375312387943268,2.2865462835166968
1.9740694761276245,0.407800555229187,1.9669216871261597,0.4834384322166443,1.951664686203003,0.4010147452354431,2.1825002473792
2.1289148330688477,0.50288325548172,2.056842565536499,0.454867959022522,2.1656856536865234,0.3198520243167877,2.041392685158225
2.4032437801361084,0.5256819725036621,2.349862813949585,0.3962128460407257,2.3186707496643066,0.5007500648498535,2.041392685158225
2.216442108154297,0.38042351603507996,2.248262643814087,0.46829670667648315,2.2394351959228516,0.33431941270828247,1.9138138523837167
2.3436036109924316,0.4427112638950348,2.3465659618377686,0.5510875582695007,2.3257625102996826,0.4344017207622528,2.4228359687795225
2.4969351291656494,0.5064296722412109,2.431468963623047,0.770915150642395,2.359757661819458,0.7299124598503113,2.6354535864286435
2.144439458847046,0.8711273670196533,2.136549234390259,0.8885493874549866,2.0587849617004395,0.8725791573524475,2.699681663884886
1.6964879035949707,0.9006029963493347,1.6348402500152588,0.9038950204849243,1.6834144592285156,0.8999173045158386,2.831146414079443
0.5836724042892456,0.19454732537269592,0.6290410757064819,0.2798376977443695,0.6295558214187622,0.21516580879688263,1.0791812460476249
0.721760630607605,0.18966469168663025,0.6370813846588135,0.27563825249671936,0.6309040784835815,0.21138723194599152,0.6020599913279624
0.7179622650146484,0.18860767781734467,0.64850914478302,0.27241867780685425,0.6559451818466187,0.23022215068340302,0.3010299956639812
0.7147854566574097,0.1903834491968155,0.6953420042991638,0.2100081741809845,0.6672020554542542,0.23986618220806122,0.6020599913279624
0.6984614729881287,0.2592434585094452,0.6920374631881714,0.27802011370658875,0.6715793609619141,0.1963673233985901,0.7634279935629373
0.7138585448265076,0.1981762796640396,0.6035610437393188,0.2337304949760437,0.6483670473098755,0.21708616614341736,0.8260748027008264
0.648234486579895,0.2170541137456894,0.6287963390350342,0.27994734048843384,0.6473529934883118,0.25004467368125916,0.8061799739838872
0.6559270620346069,0.221792533993721,0.6035610437393188,0.2337304949760437,0.6604934334754944,0.24062694609165192,0.7781512503836436
0.594511866569519,0.18967004120349884,0.634547233581543,0.22178393602371216,0.6349403858184814,0.21007093787193298,0.7781512503836436
0.681877076625824,0.25743716955184937,0.6503376960754395,0.21532292664051056,0.6594131588935852,0.23625794053077698,0.7781512503836436
0.6085368394851685,0.18630115687847137,0.6750075817108154,0.19616729021072388,0.6368933916091919,0.20700722932815552,0.6989700043360189
0.6828023791313171,0.2543593943119049,0.6529812216758728,0.20944958925247192,0.6511078476905823,0.24429744482040405,0.6989700043360189
0.6892895698547363,0.2530251145362854,0.6137055158615112,0.22281917929649353,0.6561236381530762,0.23150748014450073,0.6812412373755872
0.6898468136787415,0.21462613344192505,0.6914374828338623,0.20960061252117157,0.6334441900253296,0.20884528756141663,0.3010299956639812
0.6848351955413818,0.25248265266418457,0.6750075817108154,0.19616729021072388,0.6650213003158569,0.1864316463470459,0.3010299956639812
3.2159037590026855,0.8206622004508972,2.6343302726745605,0.854324996471405,2.6556015014648438,0.8666490316390991,3.1958074358152864
2.6715645790100098,0.8247140645980835,2.5077054500579834,0.8073033690452576,2.636922836303711,0.8243887424468994,3.1958074358152864
1.757354974746704,0.8306154608726501,1.8543200492858887,0.7599821090698242,1.846761703491211,0.7460338473320007,2.334740887721888
1.8114904165267944,0.8303958773612976,2.0121562480926514,0.6742527484893799,1.9819905757904053,0.673803448677063,1.9062951290625774
1.8188666105270386,0.8305841684341431,1.9680449962615967,0.7115902304649353,1.894445776939392,0.7540379166603088,1.9062951290625774
1.8178329467773438,0.8305524587631226,1.9907509088516235,0.759173572063446,1.9832792282104492,0.7829655408859253,1.834228891383931
2.115966796875,0.7240767478942871,2.0654654502868652,0.7796288728713989,1.9907631874084473,0.768169641494751,1.754670152523498
2.4811148643493652,0.8117331266403198,2.6626951694488525,0.7712916135787964,2.877305507659912,0.7680005431175232,2.967079734144497
3.0480172634124756,0.7983086705207825,3.051790714263916,0.8278173208236694,2.815624237060547,0.8481030464172363,2.949877704036875
2.719991683959961,0.42858099937438965,2.484189748764038,0.8444185256958008,2.3922030925750732,0.8572847843170166,2.661812685537261
2.73937726020813,0.42436835169792175,2.7790732383728027,0.8390301465988159,2.6262903213500977,0.814620316028595,2.298853076409707
1.6096409559249878,0.8599372506141663,1.7435150146484375,0.8645361661911011,1.501275658607483,0.8462680578231812,1.8916346250702947
0.6439683437347412,0.5290317535400391,0.6886701583862305,0.5535951256752014,0.6543303728103638,0.5462891459465027,0.9030899869919435
0.8088072538375854,0.46469646692276,0.8184338808059692,0.570651650428772,0.8275425434112549,0.523135781288147,0.6989700043360189
0.7769012451171875,0.36886629462242126,0.7831346392631531,0.4156818985939026,0.7616496682167053,0.4082571268081665,0.6989700043360189
0.7803254723548889,0.2770174741744995,0.7436816096305847,0.2683676779270172,0.7018025517463684,0.2933938503265381,0.9030899869919435
1.0865731239318848,0.8049699664115906,1.1888206005096436,0.8207969069480896,1.0854785442352295,0.8147178292274475,1.1139433523068367
1.5179420709609985,0.8979230523109436,1.5407410860061646,0.888157308101654,1.5665305852890015,0.9054352045059204,1.3979400086720377
0.7875530123710632,0.7948462963104248,0.9929312467575073,0.79128098487854,0.9708347320556641,0.8336166143417358,0.49968708261840383
0.8545660972595215,0.7818116545677185,0.6515763998031616,0.7728413343429565,0.6536291837692261,0.7643114328384399,1.0314488618593833
1.3597466945648193,0.674851655960083,1.4014413356781006,0.6574358940124512,1.5251882076263428,0.7521116137504578,1.2242481009625932
2.3368167877197266,0.7174911499023438,2.352537155151367,0.7511242032051086,2.491608142852783,0.7103828191757202,1.6989700043360187
1.8081415891647339,0.5699596405029297,1.9305245876312256,0.5636860728263855,2.030033588409424,0.6006185412406921,1.623817637311556
2.5497050285339355,0.7655919790267944,2.6850671768188477,0.7748519778251648,2.2800517082214355,0.824404776096344,2.758172248053806
2.2034645080566406,0.7089179158210754,2.504319906234741,0.7356553077697754,2.3113176822662354,0.7661640644073486,2.70895422526236
2.7268624305725098,0.8046884536743164,2.661332607269287,0.8144044280052185,2.293933153152466,0.8214278221130371,2.6989700043360187
2.1119680404663086,0.71384197473526,2.202970027923584,0.7860643863677979,2.18393874168396,0.7745744585990906,2.3717120565379637
2.84429669380188,0.7723657488822937,3.0222091674804688,0.7565191388130188,3.09767746925354,0.7402129769325256,3.295541529929717
2.7943477630615234,0.8265314698219299,2.510145425796509,0.8322159647941589,2.7915287017822266,0.8229231834411621,2.9542425094393248
3.080312728881836,0.7823598980903625,2.7543749809265137,0.8340248465538025,3.0756378173828125,0.8060078024864197,2.9342635071094874
2.588129997253418,0.7612808346748352,2.7935261726379395,0.7498168349266052,3.080798864364624,0.7679853439331055,2.7503469106520897
0.6238691806793213,0.8343824744224548,0.6379542350769043,0.866107165813446,0.6440324783325195,0.8262178897857666,0.47712125471966244
0.5276603698730469,0.8804000616073608,0.6288572549819946,0.8110635876655579,0.6143088340759277,0.8163984417915344,0.6020599913279624
0.5827885866165161,0.8792873620986938,0.7601898312568665,0.8622372150421143,0.6382710933685303,0.8522598147392273,0.7781512503836436
0.7456740140914917,0.8772830367088318,0.9625826478004456,0.7839342355728149,0.8521185517311096,0.8575519919395447,1.0
1.3951284885406494,0.8781583905220032,1.746873378753662,0.8606504201889038,1.6689426898956299,0.85596764087677,1.9912260756924949
2.990542411804199,0.887952983379364,3.167055130004883,0.8985404372215271,2.859006881713867,0.8788857460021973,2.6225816587732296
1.5180745124816895,0.8178458213806152,1.3519937992095947,0.7778416275978088,1.3769396543502808,0.8157655596733093,1.9822712330395684
1.4259766340255737,0.8775848150253296,1.3159596920013428,0.8592620491981506,1.53909170627594,0.876737654209137,0.7558748556724915
0.7208279371261597,0.8876614570617676,1.2004485130310059,0.8740586042404175,0.7158588171005249,0.8048534989356995,-0.2006594505464183
0.7478297352790833,0.8944234251976013,1.2012338638305664,0.874052882194519,0.8953197002410889,0.8645035028457642,-0.6841261751528591
0.7602229118347168,0.8944076299667358,0.27214205265045166,0.8746616840362549,0.2897292375564575,0.8517298698425293,1.1916186633694683
0.14529526233673096,0.8673795461654663,1.2064895629882812,0.8740626573562622,0.13102543354034424,0.836604654788971,1.7007902213743469
0.617195725440979,0.47847428917884827,0.5423803329467773,0.5329494476318359,0.5634695291519165,0.6009067893028259,0.43136376415898736
0.6469519734382629,0.21605180203914642,0.6673494577407837,0.4587833285331726,0.6691127419471741,0.5028982162475586,0.5976951859255123
0.8287119269371033,0.4815310537815094,0.8554207682609558,0.49482202529907227,0.7573143839836121,0.560606062412262,0.8000293592441343
0.9812597632408142,0.4970114529132843,1.0088067054748535,0.48492664098739624,0.9898689985275269,0.5493046641349792,1.3384564936046048
1.7378495931625366,0.36191436648368835,1.623464822769165,0.6919153332710266,1.4633976221084595,0.6622536182403564,1.1958996524092338
1.3403000831604004,0.8796826601028442,1.2597090005874634,0.8821933269500732,1.281238317489624,0.8770856261253357,1.0791812460476249
0.9441407918930054,0.6818612217903137,0.9221003651618958,0.7926239371299744,0.9461264610290527,0.7954468727111816,1.0433428227646813
0.6068419218063354,0.8164518475532532,0.585387110710144,0.783050537109375,0.5905076265335083,0.8260549902915955,1.0911966803912403
0.9248373508453369,0.22942925989627838,0.8593506217002869,0.7864266633987427,0.9150277376174927,0.8005717992782593,0.9137089734924423
0.7850161194801331,0.7971765995025635,0.7916650772094727,0.7925078868865967,0.7909507751464844,0.7860684394836426,0.4742451189255232
0.8198817372322083,0.7703368663787842,0.8548820614814758,0.7908288836479187,0.8017579317092896,0.7673200964927673,0.7515534544607227
0.5000101327896118,0.6910676956176758,0.45120716094970703,0.7511151432991028,0.5653716325759888,0.8209438323974609,0.30317466626995204
0.781609833240509,0.8028585314750671,0.8577110767364502,0.8313614726066589,0.7357189059257507,0.8193731904029846,0.692907962872534
0.33801233768463135,0.42799699306488037,0.40753042697906494,0.8308303356170654,0.5571713447570801,0.8344857692718506,0.22098782005028048
0.9133493304252625,0.8854312896728516,0.89939945936203,0.880562961101532,0.8591620326042175,0.8817732334136963,0.7083283371027844
0.944338321685791,0.8873806595802307,1.0156536102294922,0.8886553049087524,0.9665401577949524,0.8796244859695435,0.5650524972024342
2.2977495193481445,0.7626885175704956,2.7074637413024902,0.7784548997879028,2.4586238861083984,0.7920173406600952,2.482873583608754
0.639175295829773,0.3898966312408447,0.6318784952163696,0.41152647137641907,0.6363525390625,0.3868072032928467,0.9084850188786497
0.6953359246253967,0.4562895596027374,0.6344947814941406,0.43035951256752014,0.6739013195037842,0.38304173946380615,0.8325089127062363
0.7238442897796631,0.4069719910621643,0.6557044386863708,0.43099546432495117,0.730037271976471,0.34914445877075195,0.7403626894942439
0.7396572232246399,0.39602068066596985,0.7770259380340576,0.40327706933021545,0.8119097948074341,0.4345402717590332,0.3222192947339193
0.8187062740325928,0.3665049374103546,0.7560426592826843,0.3820529878139496,0.7719607949256897,0.3563958704471588,0.9777236052888477
0.7969485521316528,0.19574499130249023,0.8325382471084595,0.3277856707572937,0.870032012462616,0.4101698696613312,0.9444826721501687
0.8524566888809204,0.3790915906429291,0.7554673552513123,0.38227272033691406,0.7877596616744995,0.4069822132587433,0.7993405494535817
0.8045763969421387,0.4292764961719513,0.8132871985435486,0.37234678864479065,0.9126606583595276,0.41030845046043396,0.5797835966168101
1.026108980178833,0.3988804221153259,0.9717556238174438,0.3517507314682007,0.9802454113960266,0.37826353311538696,1.2174839442139063
0.9833972454071045,0.33707982301712036,1.0382459163665771,0.3439880311489105,1.001438021659851,0.33451607823371887,1.1139433523068367
0.9990529417991638,0.19199968874454498,1.0128682851791382,0.3558587431907654,0.9701471328735352,0.37719660997390747,1.0
1.0839555263519287,0.3465621769428253,1.05680513381958,0.30339211225509644,1.0873799324035645,0.38110706210136414,0.6020599913279624
1.3668453693389893,0.3459993898868561,1.407909870147705,0.3600004017353058,1.392719030380249,0.39654091000556946,1.6972293427597176
1.4208509922027588,0.20827457308769226,1.447524905204773,0.3774122893810272,1.4205305576324463,0.3796868324279785,1.4756711883244296
1.4901338815689087,0.34638577699661255,1.4010635614395142,0.35906141996383667,1.435380220413208,0.36722415685653687,1.4668676203541096
1.491228461265564,0.4006147086620331,1.495476245880127,0.3587750196456909,1.5124921798706055,0.3449043929576874,1.1613680022349748
1.9947295188903809,0.5699828863143921,2.021188735961914,0.6146787405014038,2.029798984527588,0.5842245221138,2.7514330818193473
2.332700490951538,0.5520129799842834,1.998470664024353,0.5648393630981445,2.317220449447632,0.5898324847221375,2.71121652432109
2.1943445205688477,0.5815568566322327,1.9763658046722412,0.6148168444633484,2.0066800117492676,0.5844388008117676,1.888179493918325
2.3228962421417236,0.551912248134613,2.421847105026245,0.529200553894043,2.301990270614624,0.5897229909896851,1.2695129442179163
3.249861717224121,0.6435363292694092,3.135014057159424,0.5600542426109314,3.146892547607422,0.6139621734619141,3.4648867983522846
3.110023021697998,0.26904386281967163,3.0715889930725098,0.5070002675056458,3.131847381591797,0.5920765995979309,3.129593598631454
3.1640727519989014,0.5393096804618835,3.143867015838623,0.5545421242713928,3.2423720359802246,0.5234686136245728,3.043881485530335
3.358539342880249,0.5500873327255249,3.322913646697998,0.6542037129402161,3.2038655281066895,0.5750343203544617,3.252908802698647
3.103572368621826,0.24651971459388733,3.1340646743774414,0.4168839454650879,3.137570381164551,0.47254684567451477,3.0110889721802105
3.1009202003479004,0.5342861413955688,3.1183204650878906,0.4786750078201294,3.1036972999572754,0.5595126748085022,2.9756166540720357
3.0927886962890625,0.6463344693183899,3.075894355773926,0.6335487961769104,3.0935425758361816,0.6719010472297668,3.1727505157617624
2.8390769958496094,0.3704861104488373,2.8141846656799316,0.620986819267273,2.833026170730591,0.5875409245491028,3.0110889721802105
2.956730365753174,0.3235756754875183,2.967825412750244,0.5705041885375977,3.0170583724975586,0.5183584690093994,2.9369872517800037
1.9654380083084106,0.8429552316665649,1.9403469562530518,0.8943316340446472,1.878056287765503,0.868388295173645,2.9836262871245345
1.0133016109466553,0.617035984992981,1.0151748657226562,0.6926161050796509,1.0201406478881836,0.6848455667495728,1.041392685158225
0.6895926594734192,0.26371797919273376,0.6805579662322998,0.5607022047042847,0.7269571423530579,0.6109921932220459,0.6020599913279624
1.229636549949646,0.22536517679691315,1.2086219787597656,0.5568384528160095,1.189456582069397,0.6538279056549072,1.2304489213782739
0.754345715045929,0.5367202162742615,0.78034907579422,0.5312240123748779,0.7775965332984924,0.49450528621673584,0.8450980400142568
1.464005708694458,0.48109444975852966,1.5441917181015015,0.601002037525177,1.4740417003631592,0.5565180778503418,1.4771212547196624
1.10321843624115,0.4741048216819763,1.1399098634719849,0.4759441018104553,1.151231288909912,0.47302669286727905,1.0791812460476249
1.436355471611023,0.22715400159358978,1.3556294441223145,0.5308557152748108,1.371639609336853,0.4942623972892761,1.3979400086720377
0.9483199119567871,0.5014546513557434,0.9470601677894592,0.49772194027900696,0.9767257571220398,0.4724520742893219,0.9542425094393249
1.3842127323150635,0.2649300694465637,1.3466495275497437,0.529732346534729,1.3345056772232056,0.5254661440849304,1.146128035678238
0.8142978549003601,0.5220856070518494,0.8481118083000183,0.5717175602912903,0.8234150409698486,0.5110473036766052,0.7781512503836436
1.6715143918991089,0.2331686168909073,1.7907785177230835,0.5462107062339783,1.65825355052948,0.446624755859375,1.6989700043360187
1.4226399660110474,0.48961296677589417,1.4197860956192017,0.48994192481040955,1.3287861347198486,0.5145037174224854,1.4913616938342726
1.5585533380508423,0.4265960156917572,1.6449772119522095,0.5331752300262451,1.5803122520446777,0.5162296891212463,1.5797835966168101
1.2589621543884277,0.4524654448032379,1.2444829940795898,0.5189029574394226,1.1656124591827393,0.5094652771949768,1.3010299956639813
1.5083341598510742,0.48542550206184387,1.4663143157958984,0.5333724617958069,1.5027198791503906,0.5120497345924377,1.3222192947339193
1.053664207458496,0.5114635229110718,1.0757120847702026,0.568382203578949,0.9939542412757874,0.5504951477050781,1.0791812460476249
1.5920286178588867,0.5093947649002075,1.804306149482727,0.5445575714111328,1.749650001525879,0.525962233543396,1.8864907251724818
1.7815645933151245,0.5558177828788757,1.766235113143921,0.5904935002326965,1.8530004024505615,0.5531890988349915,1.7160033436347992
1.5553169250488281,0.5043269395828247,1.6756776571273804,0.5209905505180359,1.6768090724945068,0.47186970710754395,1.7403626894942439
1.5814452171325684,0.5282910466194153,1.5457475185394287,0.5628203749656677,1.5570567846298218,0.5604474544525146,1.5563025007672873
1.5463906526565552,0.5360424518585205,1.5310218334197998,0.5654252767562866,1.5729707479476929,0.5383849740028381,1.5563025007672873
1.4105877876281738,0.2573583126068115,1.3215446472167969,0.5669177770614624,1.367762565612793,0.5792945027351379,1.3010299956639813
1.6587790250778198,0.6944329738616943,1.7122619152069092,0.73921799659729,1.6909164190292358,0.702220618724823,2.103803720955957
2.3100502490997314,0.7339671850204468,2.443159818649292,0.7130127549171448,2.5116474628448486,0.7532470226287842,2.999130541287371
2.23831844329834,0.8407255411148071,2.5925233364105225,0.8497661352157593,2.5282938480377197,0.8289127349853516,2.0569048513364727
2.5381147861480713,0.585570752620697,2.5191333293914795,0.8560445308685303,2.336235523223877,0.8846818804740906,1.4471580313422192
1.7219151258468628,0.7796898484230042,1.7151410579681396,0.7427738308906555,1.6725780963897705,0.7409186959266663,1.6989700043360187
1.7829313278198242,0.7348047494888306,1.5754808187484741,0.6996169090270996,1.5904375314712524,0.6989702582359314,1.4771212547196624
1.049729585647583,0.3191041350364685,1.334493637084961,0.7693514823913574,1.313497543334961,0.7626330852508545,1.146128035678238
1.9203124046325684,0.2588573098182678,1.9253180027008057,0.7140849828720093,1.8467729091644287,0.7246102690696716,1.9344984512435677
1.9064459800720215,0.7256227135658264,1.7165346145629883,0.7164292931556702,1.748137354850769,0.6957898736000061,1.662757831681574
1.403061866760254,0.7376422882080078,1.5365229845046997,0.7566766142845154,1.5440031290054321,0.7489669322967529,1.255272505103306
2.1712570190429688,0.6793708801269531,2.0976529121398926,0.7394785284996033,2.1065404415130615,0.7192944288253784,2.322219294733919
2.0078914165496826,0.31998372077941895,1.8306446075439453,0.7019097208976746,1.945063829421997,0.6869341731071472,1.8864907251724818
1.3588805198669434,0.7017920613288879,1.4093725681304932,0.7450210452079773,1.3996264934539795,0.7245255708694458,1.7708520116421442
1.998578667640686,0.4783739745616913,2.0918397903442383,0.7993384003639221,2.111846923828125,0.794055163860321,2.164352855784437
1.8156722784042358,0.7626169919967651,1.7850666046142578,0.789891242980957,1.8710522651672363,0.7927886247634888,1.7708520116421442
1.6624966859817505,0.5385207533836365,1.7523120641708374,0.8048273921012878,1.7172356843948364,0.8055279850959778,1.505149978319906
1.0480141639709473,0.3560183644294739,1.0139328241348267,0.365821897983551,1.0327149629592896,0.3501889705657959,0.6961949619737903
1.0482243299484253,0.23403500020503998,1.1023372411727905,0.22505667805671692,1.0753265619277954,0.24353788793087006,0.8305933515989188
1.0433601140975952,0.24368886649608612,1.0177605152130127,0.22355064749717712,1.0104421377182007,0.23596128821372986,0.797579815793672
1.0482243299484253,0.23403500020503998,1.1023372411727905,0.22505667805671692,1.0104421377182007,0.23596128821372986,0.797579815793672
1.0578444004058838,0.30450016260147095,1.1418845653533936,0.30304500460624695,1.0553410053253174,0.2990056276321411,0.7436195787442547
1.097590446472168,0.3503568172454834,1.0676454305648804,0.35970473289489746,0.9805209636688232,0.35600152611732483,0.9887917815307437
1.0212607383728027,0.2066519856452942,1.0755668878555298,0.22508227825164795,1.0492068529129028,0.21239416301250458,1.0801263997448851
1.0321247577667236,0.18822309374809265,1.0755668878555298,0.22508227825164795,1.1279590129852295,0.2347639799118042,1.0508370135649823
1.0771739482879639,0.21878401935100555,1.031952142715454,0.21266424655914307,1.1279590129852295,0.2347639799118042,1.0458367464142944
1.0475807189941406,0.3119009733200073,1.0772826671600342,0.3022134304046631,1.1009272336959839,0.31366416811943054,1.0215842860140794
1.018153429031372,0.3348151445388794,1.0559935569763184,0.3530775010585785,1.0534591674804688,0.33123505115509033,1.0941349531626912
1.100391149520874,0.19875475764274597,1.2138570547103882,0.20979727804660797,1.1957757472991943,0.22499699890613556,1.239856395556882
1.1702083349227905,0.2243291139602661,1.152888298034668,0.21409878134727478,1.137610673904419,0.20262844860553741,1.2302819158169285
1.1097431182861328,0.18692263960838318,1.1638504266738892,0.19980639219284058,1.128002643585205,0.2046659141778946,1.1555354937858646
1.1650304794311523,0.3024958372116089,1.1349365711212158,0.2918156385421753,1.167514681816101,0.30671918392181396,1.1263196365340924
1.1160898208618164,0.3319275975227356,1.1675242185592651,0.333454430103302,1.2292340993881226,0.3330462574958801,1.2354641059591605
1.2055240869522095,0.193037748336792,1.2107585668563843,0.2080964893102646,1.2385152578353882,0.20592588186264038,1.430205792067269
1.2055240869522095,0.193037748336792,1.298227310180664,0.20244599878787994,1.2385152578353882,0.20592588186264038,1.3804753391098448
1.213557243347168,0.18710501492023468,1.2612918615341187,0.20161138474941254,1.2385152578353882,0.20592588186264038,1.3764099587970406
1.2152037620544434,0.2974887788295746,1.1851909160614014,0.3111654818058014,1.22444748878479,0.2946716547012329,1.3604028425674604
1.2801566123962402,0.3299558758735657,1.2993345260620117,0.3470527231693268,1.3000507354736328,0.3514348268508911,1.3746432963453468
1.3501427173614502,0.19505271315574646,1.3526036739349365,0.21766076982021332,1.3730640411376953,0.20320485532283783,1.5817214203849028
1.3555643558502197,0.1886242777109146,1.3526036739349365,0.21766076982021332,1.3751072883605957,0.20035478472709656,1.5279582682846446
1.3555643558502197,0.1886242777109146,1.3526036739349365,0.21766076982021332,1.405694842338562,0.19273366034030914,1.5007691607550182
1.3473093509674072,0.29303520917892456,1.3232831954956055,0.317401647567749,1.37958824634552,0.29473039507865906,1.4743461977881533
1.7439494132995605,0.23496943712234497,1.7694447040557861,0.3975246250629425,1.7607004642486572,0.41514208912849426,1.6911547233885742
1.8467930555343628,0.29116714000701904,1.8331122398376465,0.2914198935031891,1.8523775339126587,0.2878005802631378,1.8487323228597905
1.841726541519165,0.2875351905822754,1.8495197296142578,0.3260646164417267,1.8846005201339722,0.31718090176582336,1.8273016807154139
1.831037998199463,0.2047695815563202,1.8495197296142578,0.3260646164417267,1.8846005201339722,0.31718090176582336,1.7492904790287955
1.8596757650375366,0.3463934659957886,1.8094605207443237,0.39503565430641174,1.8390733003616333,0.3568180501461029,1.7697723174478275
1.985119342803955,0.8173946738243103,1.9816279411315918,0.8487541675567627,2.0103750228881836,0.8427401781082153,1.792391689498254
2.029428243637085,0.8307116031646729,1.9637961387634277,0.8705922365188599,2.0424532890319824,0.7981131672859192,2.0253058652647704
2.2062106132507324,0.7777587175369263,2.1730542182922363,0.8691586852073669,2.2023239135742188,0.7845930457115173,2.3636119798921444
2.511284828186035,0.8305479884147644,2.6248931884765625,0.799256443977356,2.57407808303833,0.8372354507446289,2.673941998634088
2.779588460922241,0.8569053411483765,2.990062713623047,0.8106859922409058,2.8739776611328125,0.849086344242096,3.042181594515766
3.3027877807617188,0.732505202293396,3.3577027320861816,0.5928967595100403,3.3374202251434326,0.8316583037376404,3.7399935484064395
3.300870418548584,0.7157477140426636,3.4978976249694824,0.8825149536132812,3.524602174758911,0.8666168451309204,3.3508274639865863
3.404083728790283,0.21894951164722443,3.3449158668518066,0.6898554563522339,3.3941843509674072,0.8652601838111877,3.4067788693285026
3.6140239238739014,0.6009584665298462,3.693537712097168,0.7518971562385559,3.679124355316162,0.8638597726821899,4.024936968037443
3.5806355476379395,0.8191882371902466,3.585324764251709,0.7427939772605896,3.5702896118164062,0.8705698251724243,3.867231714518894
3.5210933685302734,0.221944198012352,3.5319392681121826,0.8804433345794678,3.611309766769409,0.7920259833335876,3.1225435240687545
3.1870975494384766,0.837742805480957,3.0876305103302,0.7077922821044922,3.3136796951293945,0.7826041579246521,3.031408464251624
2.9209654331207275,0.3800984025001526,2.9048879146575928,0.7109593152999878,2.878206968307495,0.8159579634666443,2.9662514169781424
3.0201759338378906,0.8411101698875427,2.991360664367676,0.8794512748718262,2.9687862396240234,0.8633673787117004,2.8943160626844384
2.8755998611450195,0.8483999371528625,2.776987075805664,0.6411371827125549,2.707821846008301,0.7932386994361877,2.6989700043360187
2.1399784088134766,0.5782063007354736,2.1319994926452637,0.7846727967262268,2.075977087020874,0.8566886186599731,2.924858731585223
2.7929248809814453,0.22312016785144806,2.7746944427490234,0.9039163589477539,2.782891273498535,0.889629602432251,2.8750612633917
2.812291145324707,0.8163400888442993,2.8075942993164062,0.866500735282898,2.804748296737671,0.8933928608894348,2.832508912706236
2.791259288787842,0.4658985733985901,2.765491485595703,0.9039589762687683,2.7936787605285645,0.8933241963386536,2.806179973983887
2.7715859413146973,0.20926763117313385,2.772905111312866,0.9005845189094543,2.782224178314209,0.8311149477958679,2.7781512503836434
2.792153835296631,0.9044536352157593,2.760104179382324,0.8672472834587097,2.7683701515197754,0.875264585018158,2.7075701760979363
1.2840697765350342,0.6473445296287537,1.3374019861221313,0.6570819020271301,1.3098139762878418,0.585139811038971,1.5116507707600613
1.564421534538269,0.20769235491752625,1.5550438165664673,0.5720375776290894,1.5718419551849365,0.5442764163017273,1.5116507707600613
1.9789862632751465,0.2052420824766159,1.9715982675552368,0.4355345666408539,1.8741350173950195,0.4607186019420624,1.988772021023035
2.369320869445801,0.19872599840164185,2.3189644813537598,0.39552947878837585,2.3715317249298096,0.3935909867286682,2.423245873936808
2.1417155265808105,0.3274967670440674,2.098761558532715,0.34241580963134766,2.073773145675659,0.34028857946395874,2.0211892990699383
1.979962944984436,0.38155490159988403,1.9587947130203247,0.39437034726142883,1.9582698345184326,0.4028230607509613,1.863322860120456
1.8881291151046753,0.22888217866420746,1.9216358661651611,0.49213719367980957,1.7848289012908936,0.504823625087738,1.7634279935629373
2.8524935245513916,0.8163690567016602,2.850057601928711,0.7915813326835632,2.679905891418457,0.7968525290489197,2.7904043667870764
3.8752071857452393,0.5076819062232971,3.814816951751709,0.5487110614776611,3.891636848449707,0.45791828632354736,4.108835527934605
3.5758938789367676,0.20404526591300964,3.6089720726013184,0.5323373079299927,3.573112964630127,0.46909961104393005,3.777499319590365
3.143864631652832,0.4885746240615845,3.1665444374084473,0.5504690408706665,3.144658088684082,0.4535086750984192,3.2035767749779724
3.204141139984131,0.47780659794807434,3.222957134246826,0.5267954468727112,3.22693133354187,0.4197595715522766,3.1319392952104246
2.9674055576324463,0.38838157057762146,2.9650981426239014,0.4532672166824341,2.98118257522583,0.49516576528549194,2.888179493918325
2.8422441482543945,0.5182850360870361,2.8196747303009033,0.5339283347129822,2.8887152671813965,0.5374370813369751,2.7867514221455614
2.660386562347412,0.46705883741378784,2.6853883266448975,0.4403228163719177,2.6743898391723633,0.4461483359336853,2.7323937598229686
2.381659507751465,0.46023961901664734,2.399831771850586,0.4715222418308258,2.4083967208862305,0.43961527943611145,2.4082399653118496
2.090122938156128,0.5700469017028809,2.0984158515930176,0.5955425500869751,2.1091465950012207,0.583094596862793,2.037426497940624
1.4902498722076416,0.25226661562919617,1.4699926376342773,0.5957993865013123,1.469520926475525,0.5171576142311096,1.3617278360175928
3.579083204269409,0.45770391821861267,3.590898036956787,0.5044695138931274,3.655731678009033,0.4634089469909668,3.839729375206388
3.2533273696899414,0.4338911473751068,3.342968463897705,0.4402848482131958,3.348979949951172,0.35476818680763245,3.4085791254086675
2.9499003887176514,0.4077666699886322,2.9150490760803223,0.3658892810344696,2.9363880157470703,0.40662330389022827,2.9960736544852753
2.9780163764953613,0.441890686750412,2.912456512451172,0.47321617603302,2.964909791946411,0.48642972111701965,2.9122220565324155
2.7019717693328857,0.19514311850070953,2.7135796546936035,0.5053068995475769,2.714966297149658,0.3645140528678894,2.693726948923647
2.420142650604248,0.19478610157966614,2.449284553527832,0.4968670904636383,2.4193787574768066,0.36572185158729553,2.510545010206612
2.5251312255859375,0.4077918827533722,2.5284860134124756,0.4343707263469696,2.5575435161590576,0.4395200312137604,2.3944516808262164
2.1570205688476562,0.43366163969039917,2.1602563858032227,0.5071645379066467,2.165562152862549,0.3859446942806244,2.1367205671564067
1.779461145401001,0.21784299612045288,1.7926193475723267,0.5483657717704773,1.808689832687378,0.5488653779029846,1.8260748027008264
1.1549912691116333,0.48525041341781616,1.169265866279602,0.5500121712684631,1.1639995574951172,0.4754769504070282,1.2304489213782739
3.431251049041748,0.2115212380886078,3.402700662612915,0.5032283067703247,3.3566508293151855,0.46556732058525085,3.350441856535061
3.0637264251708984,0.45958083868026733,3.038362503051758,0.43535786867141724,3.0582642555236816,0.4350186884403229,3.081707270097349
2.7213990688323975,0.4162369668483734,2.739180326461792,0.4197934865951538,2.714460849761963,0.41325652599334717,2.667452952889954
2.6883764266967773,0.4458385109901428,2.692296028137207,0.479716032743454,2.65525484085083,0.4260743260383606,2.582063362911709
2.4840002059936523,0.3852795362472534,2.4864745140075684,0.38464686274528503,2.4514660835266113,0.44711387157440186,2.3961993470957363
2.173560380935669,0.2704820930957794,2.1990725994110107,0.3795117437839508,2.182152032852173,0.4394877851009369,2.2576785748691846
2.2842087745666504,0.4652769863605499,2.3087992668151855,0.4874640107154846,2.2669496536254883,0.49810898303985596,2.0863598306747484
1.9390127658843994,0.4461306631565094,1.9115519523620605,0.3947480618953705,1.9247652292251587,0.3762824535369873,1.7853298350107671
1.5528903007507324,0.4493742883205414,1.53909170627594,0.5364962220191956,1.5530670881271362,0.5025632977485657,1.568201724066995
1.0524907112121582,0.49478381872177124,0.9380090832710266,0.5465914011001587,0.9985337853431702,0.4799184203147888,1.0
3.197901964187622,0.23375719785690308,3.1268205642700195,0.5422500371932983,3.177669048309326,0.5218212008476257,3.087781417809542
2.7279105186462402,0.46323758363723755,2.7667951583862305,0.5202592015266418,2.7790396213531494,0.5402249693870544,2.920123326290724
2.4806900024414062,0.4675388038158417,2.4460561275482178,0.5685105323791504,2.419053077697754,0.4738684892654419,2.59659709562646
2.4335837364196777,0.47280165553092957,2.476524829864502,0.5287555456161499,2.42398738861084,0.49166595935821533,2.4149733479708178
2.2726991176605225,0.4974380433559418,2.2492337226867676,0.5464692711830139,2.277080774307251,0.44757428765296936,2.1702617153949575
2.036557197570801,0.4947347939014435,1.979453206062317,0.5200613737106323,1.9517366886138916,0.4494627118110657,2.103803720955957
2.0990946292877197,0.5072157382965088,2.0619213581085205,0.5268985629081726,2.057629346847534,0.5016849637031555,1.968482948553935
1.758447289466858,0.44903862476348877,1.7984968423843384,0.4316013753414154,1.7639521360397339,0.5006088614463806,1.6532125137753437
1.3838374614715576,0.5371993184089661,1.3689900636672974,0.5765332579612732,1.39395010471344,0.5052782297134399,1.462397997898956
0.9879519939422607,0.5443517565727234,0.9888205528259277,0.5222067832946777,0.8909883499145508,0.5296209454536438,0.7781512503836436
1.6373993158340454,0.9056889414787292,1.6380025148391724,0.8898446559906006,1.6421171426773071,0.9070583581924438,1.581255415287389
1.5718209743499756,0.8979681134223938,1.5756455659866333,0.8889701962471008,1.6379108428955078,0.9070574641227722,1.2699610169756437
1.4340062141418457,0.8879943490028381,1.4423084259033203,0.8963547348976135,1.6209897994995117,0.9070364832878113,1.4913894877917173
1.4742364883422852,0.8906697630882263,1.5111483335494995,0.8936719298362732,1.4766355752944946,0.899347722530365,1.393855202222663
1.5844875574111938,0.8891963362693787,1.5796294212341309,0.8895974159240723,1.5621379613876343,0.8928132057189941,1.099032375194915
1.6265896558761597,0.8874309062957764,1.6275883913040161,0.9054873585700989,1.6456528902053833,0.8999553918838501,1.390725836207472
1.5034761428833008,0.8914297223091125,1.5551719665527344,0.9044447541236877,1.5654598474502563,0.90695720911026,1.495121534136168
1.366142988204956,0.8877527117729187,1.3574285507202148,0.8937931060791016,1.3667497634887695,0.8882474303245544,1.089690488695378
1.1371338367462158,0.877888023853302,1.14988374710083,0.8866836428642273,1.1385223865509033,0.8993828892707825,1.3354238378279515
1.6481492519378662,0.8917259573936462,1.6379883289337158,0.8898446559906006,1.642113208770752,0.9070583581924438,1.4061824640303864
1.6371759176254272,0.8914464712142944,1.629852533340454,0.9054058790206909,1.6144412755966187,0.8930148482322693,1.2761504482119963
1.6003237962722778,0.9006264209747314,1.6127793788909912,0.9045250415802002,1.5892887115478516,0.8915961384773254,1.5296042170262314
1.636688232421875,0.8893783688545227,1.6351474523544312,0.9039223790168762,1.6376973390579224,0.8918626308441162,1.099032375194915
1.6382063627243042,0.8893832564353943,1.6379543542861938,0.8898446559906006,1.6421030759811401,0.9070583581924438,1.3077525168162103
1.6259443759918213,0.9056434035301208,1.628212809562683,0.9039339423179626,1.6421172618865967,0.9070583581924438,1.5000381282628856
1.6410685777664185,0.8917257189750671,1.6339051723480225,0.8898444771766663,1.6421622037887573,0.9070583581924438,1.3969747683263671
1.7041856050491333,0.8892790079116821,1.7335166931152344,0.9038780927658081,1.7088724374771118,0.892952561378479,1.108178315998013
1.5857226848602295,0.8665062785148621,1.566411018371582,0.9039765000343323,1.5995334386825562,0.8914884924888611,1.3000582611786848
1.5644521713256836,0.9006062746047974,1.5640977621078491,0.8896639943122864,1.5828920602798462,0.9065619707107544,1.4269310390823817
1.632146954536438,0.8895567059516907,1.6494882106781006,0.9045490622520447,1.654477596282959,0.8999606370925903,1.5133003878884927
1.6322712898254395,0.889556884765625,1.6495585441589355,0.9045490622520447,1.6387097835540771,0.891862690448761,1.1457121858072492
1.6322712898254395,0.889556884765625,1.5322651863098145,0.9024418592453003,1.6547021865844727,0.8999606966972351,1.4000623708588962
1.6322712898254395,0.889556884765625,1.415862798690796,0.8890221118927002,1.6547021865844727,0.8999606966972351,1.523849749001494
1.6373993158340454,0.9056889414787292,1.6495585441589355,0.9045490622520447,1.6421171426773071,0.9070583581924438,1.195329107238088
1.6481494903564453,0.8917259573936462,1.6380025148391724,0.8898446559906006,1.6547021865844727,0.8999606966972351,1.3096532653171913
1.6466197967529297,0.900638997554779,1.6448943614959717,0.90602046251297,1.6464475393295288,0.8916970491409302,1.4467482518508625
1.6466197967529297,0.900638997554779,1.6325703859329224,0.8941016793251038,1.6387097835540771,0.891862690448761,1.3077525168162103
1.634597659111023,0.8895549774169922,1.6522552967071533,0.9045489430427551,1.6588903665542603,0.899960458278656,1.5296042170262314
1.638667106628418,0.8893831968307495,1.6470110416412354,0.9060204029083252,1.6424181461334229,0.9070583581924438,1.2376140539756968
1.638206958770752,0.8893832564353943,1.6376277208328247,0.9039405584335327,1.6387097835540771,0.891862690448761,1.3354238378279515
1.5395009517669678,0.9038937091827393,1.5405261516571045,0.9028037786483765,1.5391126871109009,0.8929827213287354,1.4709548261420542
1.483039379119873,0.8912336230278015,1.4822611808776855,0.897424042224884,1.4817901849746704,0.906789243221283,1.5330138210920605
1.6322712898254395,0.889556884765625,1.6448943614959717,0.90602046251297,1.6387097835540771,0.891862690448761,1.3425138928250662
1.6466197967529297,0.900638997554779,1.6325703859329224,0.8941016793251038,1.6464475393295288,0.8916970491409302,1.545307549522784
1.6322712898254395,0.889556884765625,1.6448943614959717,0.90602046251297,1.6464475393295288,0.8916970491409302,1.371416950140233
1.6466197967529297,0.900638997554779,1.6325703859329224,0.8941016793251038,1.6421171426773071,0.9070583581924438,1.4522375911389147
1.638206958770752,0.8893832564353943,1.6448943614959717,0.90602046251297,1.6206709146499634,0.8930415511131287,1.5024760231599108
1.5662312507629395,0.8838862776756287,1.3016750812530518,0.8821800351142883,1.3302730321884155,0.8929869532585144,1.0
1.4984420537948608,0.8975804448127747,1.4205633401870728,0.8927199840545654,1.3254127502441406,0.890427827835083,0.6989700043360189
0.7565193772315979,0.7718920111656189,0.736568033695221,0.8785625100135803,0.7795321345329285,0.8278963565826416,0.04139268515822507
0.7125694751739502,0.8806093335151672,0.5725381374359131,0.8957096934318542,0.5478869676589966,0.829987645149231,0.40732137779296895
0.7622303366661072,0.8252323865890503,0.8264443874359131,0.8954120874404907,0.8192659020423889,0.824133574962616,1.384439870103492
1.494433045387268,0.744174063205719,1.468895435333252,0.8522256016731262,1.4872571229934692,0.8407713174819946,1.8077360152522643
2.2755210399627686,0.8852901458740234,2.302502393722534,0.7661889791488647,2.1404647827148438,0.7923809885978699,2.1137185266842535
2.660731315612793,0.8973331451416016,2.520352840423584,0.8040525317192078,2.229832887649536,0.8520106673240662,2.7596678446896306
1.3486649990081787,0.8282526135444641,1.777888536453247,0.8964413404464722,1.395566701889038,0.8670835494995117,1.385767379476026
1.3765922784805298,0.7682772278785706,1.3893394470214844,0.7750213146209717,1.3864144086837769,0.77202969789505,1.384512889046886
1.3883018493652344,0.6289157271385193,1.3589017391204834,0.7330866456031799,1.377321720123291,0.7064372897148132,1.3819833068550689
1.390978217124939,0.8224936127662659,1.758129358291626,0.8936054110527039,1.4032762050628662,0.8680412769317627,1.3730337907725567
1.3614274263381958,0.44224321842193604,1.3443069458007812,0.5182547569274902,1.3497951030731201,0.42405563592910767,1.3486638158303363
1.345206379890442,0.4944087266921997,1.3406476974487305,0.4476759135723114,1.3427845239639282,0.537090539932251,1.3477536605167075
1.282566785812378,0.3304891884326935,1.2962219715118408,0.45626458525657654,1.2878230810165405,0.48348307609558105,1.3470288325967898
1.3077001571655273,0.3882291316986084,1.2789007425308228,0.43591082096099854,1.3066332340240479,0.40653878450393677,1.3200182230881328
1.2484205961227417,0.5678802132606506,1.2464392185211182,0.42113539576530457,1.2530347108840942,0.5113047957420349,1.3129975081623855
1.2265582084655762,0.5826426148414612,1.2499094009399414,0.4979878067970276,1.2396498918533325,0.4094405770301819,1.2818056561389528
1.2484205961227417,0.5678802132606506,1.266606330871582,0.45663538575172424,1.2530347108840942,0.5113047957420349,1.2702441378916305
1.278265118598938,0.5124997496604919,1.2319519519805908,0.4687196910381317,1.252383828163147,0.45073312520980835,1.1935283323418668
1.2231144905090332,0.5852523446083069,1.2473368644714355,0.5001550316810608,1.2327961921691895,0.5264512300491333,1.1793126048380502
1.2803853750228882,0.5087632536888123,1.2463855743408203,0.4747183620929718,1.2511529922485352,0.42001765966415405,1.144220463816844
0.8937278389930725,0.4153043031692505,0.875065267086029,0.7039743065834045,0.8833554983139038,0.6038571000099182,0.8260740248592667
1.872136116027832,0.8444764018058777,1.7360434532165527,0.824163019657135,1.9000804424285889,0.8266814351081848,2.220108088040055
1.8522270917892456,0.6364739537239075,1.9391999244689941,0.7123520374298096,1.946921944618225,0.6634489297866821,1.978733823568585
1.930063247680664,0.6833927035331726,1.9250987768173218,0.7509246468544006,1.890464425086975,0.6204416155815125,1.9692307711828732
1.8813962936401367,0.22570885717868805,1.8952218294143677,0.6131758689880371,1.8895719051361084,0.7408997416496277,1.892307694340667
2.0995261669158936,0.6548442244529724,2.020984649658203,0.7528058886528015,2.027745246887207,0.6345492005348206,1.7999999969162366
3.687387704849243,0.5205740928649902,3.7311878204345703,0.5287172198295593,3.708014488220215,0.4952947497367859,3.721428571424871
3.7336313724517822,0.22188158333301544,3.7247073650360107,0.5898578763008118,3.7529122829437256,0.4916267693042755,3.721428571424871
3.696213483810425,0.5252845883369446,3.684006452560425,0.588036060333252,3.668334484100342,0.5159967541694641,3.721428571424871
3.5823934078216553,0.5459995269775391,3.567481517791748,0.4997306764125824,3.5593132972717285,0.48448821902275085,3.721428571424871
1.7501569986343384,0.7544161677360535,1.7378277778625488,0.7848396897315979,1.680978775024414,0.8132302165031433,1.9525304268328585
1.8739573955535889,0.7354881763458252,1.803006649017334,0.7765358686447144,1.7136685848236084,0.8000882267951965,1.933040803122635
1.9466729164123535,0.7912813425064087,1.928191900253296,0.7804883718490601,1.8015224933624268,0.782301127910614,1.925768861048547
1.9565092325210571,0.8178294897079468,1.939814805984497,0.7490510940551758,1.9267998933792114,0.7678362131118774,1.9183287120637145
1.907117247581482,0.8231669068336487,1.9295244216918945,0.8372489213943481,1.8992388248443604,0.8288977146148682,1.9126800886174558
1.8790994882583618,0.8703335523605347,1.873039722442627,0.8366427421569824,1.8736450672149658,0.837889552116394,1.9126800886174558
1.7608269453048706,0.5855698585510254,1.833031415939331,0.8891580104827881,1.8605514764785767,0.8578773736953735,1.905039998332904
1.777387261390686,0.7981114387512207,1.873239278793335,0.8797666430473328,1.856819748878479,0.8784997463226318,1.9145667004028522
1.6371692419052124,0.8886401057243347,1.6801413297653198,0.8929361701011658,1.675644874572754,0.9063677191734314,1.8991816034116005
1.7438932657241821,0.2591589093208313,1.7484171390533447,0.8807963728904724,1.7355453968048096,0.8890845775604248,1.8667166352160611
1.7236595153808594,0.8726323246955872,1.7119462490081787,0.8454328179359436,1.7075490951538086,0.8546039462089539,1.8560488837367255
2.0733466148376465,0.6275670528411865,2.1242434978485107,0.7079384922981262,2.0862908363342285,0.6710463166236877,2.2133020250809263
2.2118520736694336,0.21546044945716858,2.18222713470459,0.6984714865684509,2.114631414413452,0.6665163040161133,2.204119982655925
2.114654064178467,0.6245397925376892,2.1299057006835938,0.6818894743919373,2.1395676136016846,0.6721823215484619,2.1818435879447726
2.072864532470703,0.6954342722892761,2.070966958999634,0.6863635778427124,2.1179769039154053,0.7391113042831421,2.12057393120585
2.048631191253662,0.21541905403137207,2.204599380493164,0.7266539931297302,2.014866590499878,0.6428344249725342,1.9590413923210936
2.111624002456665,0.6577602028846741,2.2078049182891846,0.7445152997970581,2.0334298610687256,0.7558239102363586,1.8512583487190752
1.0427255630493164,0.8299551606178284,1.0174670219421387,0.8564226627349854,0.9885384440422058,0.8646155595779419,0.9586073104988301
1.0285472869873047,0.8614545464515686,0.9781688451766968,0.8487914800643921,1.0079070329666138,0.8480396270751953,0.9586073104988301
0.73692786693573,0.676990807056427,0.6864023208618164,0.7643913626670837,0.6988235116004944,0.7570644617080688,0.9138138523837167
0.7848103046417236,0.5668981671333313,0.6633821725845337,0.7606161832809448,0.6825305223464966,0.754279375076294,0.7781512503836436
0.6236813068389893,0.6141579151153564,0.6664935350418091,0.7658867239952087,0.5985119342803955,0.674487829208374,0.7075701760979364
0.7370734810829163,0.5871050357818604,0.6742159724235535,0.6633158922195435,0.6226979494094849,0.660310685634613,0.6989700043360189
0.6953380703926086,0.6703042387962341,0.725524365901947,0.6485285758972168,0.7439364194869995,0.5791918635368347,0.6532125137753437
0.7471107244491577,0.575603187084198,0.7323826551437378,0.6180282235145569,0.6804982423782349,0.7533919215202332,0.5440680443502757
1.2952274084091187,0.8735854625701904,1.2921571731567383,0.8860234022140503,1.2930455207824707,0.8631918430328369,1.2148438480476977
1.2854176759719849,0.8814586400985718,1.2917563915252686,0.8854200839996338,1.2661420106887817,0.8452093601226807,1.3443922736851108
1.3182644844055176,0.22848987579345703,1.3241175413131714,0.660176694393158,1.2661420106887817,0.8452093601226807,1.271841606536499
1.4304523468017578,0.8749570250511169,1.3925056457519531,0.8851345777511597,1.4076061248779297,0.8390302658081055,1.4608978427565478
1.4168744087219238,0.31142041087150574,1.4511711597442627,0.8783054351806641,1.4152274131774902,0.7727375626564026,1.4390167283875128
1.4569520950317383,0.8884060382843018,1.4742084741592407,0.8829216361045837,1.4610899686813354,0.8753483891487122,1.4058583993176366
1.5941168069839478,0.8751221299171448,1.587618350982666,0.9012781977653503,1.5870705842971802,0.8893982768058777,1.36078268987328
1.447057843208313,0.41005024313926697,1.3442927598953247,0.8865535259246826,1.361610770225525,0.8514674305915833,1.4653828514484184
1.6442108154296875,0.9006388187408447,1.6414406299591064,0.9060199856758118,1.6392675638198853,0.9070582985877991,1.173186268412274
1.1477605104446411,0.8959085941314697,1.2428038120269775,0.8446732759475708,1.1360934972763062,0.8698095083236694,0.9395192526186185
1.0737111568450928,0.417470246553421,1.1060669422149658,0.8457056283950806,1.1196422576904297,0.8783104419708252,1.2923106206353376
1.1562836170196533,0.8761849999427795,1.2595014572143555,0.8818487524986267,1.228994607925415,0.8808474540710449,1.3047197644091688
1.5614924430847168,0.8906561136245728,1.628013014793396,0.8891167044639587,1.6488028764724731,0.8908737301826477,1.3342689557297742
1.2926247119903564,0.4317575991153717,1.282743215560913,0.3994240462779999,1.2867331504821777,0.4361165165901184,1.1802061003605138
1.2344125509262085,0.3431762754917145,1.2477184534072876,0.3835921585559845,1.2332532405853271,0.3734666407108307,1.2621079564995132
1.2802314758300781,0.28270748257637024,1.2986819744110107,0.3247707784175873,1.2905316352844238,0.3353508710861206,1.380211241711606
1.2954736948013306,0.2990323603153229,1.2748911380767822,0.3436432480812073,1.2839399576187134,0.29934555292129517,1.3617278360175928
1.297108769416809,0.20493556559085846,1.2977735996246338,0.30561259388923645,1.3327322006225586,0.506045937538147,1.3424226808222062
1.289204716682434,0.19847755134105682,1.289021372795105,0.3504590392112732,1.2969260215759277,0.27547070384025574,1.3309901094818017
1.316077470779419,0.28623664379119873,1.316967248916626,0.3853023052215576,1.3294765949249268,0.5036957263946533,1.245460549349151
1.2954736948013306,0.2990323603153229,1.2896636724472046,0.3082648515701294,1.3141447305679321,0.49625855684280396,1.1760912590556813
1.3416756391525269,0.25496163964271545,1.3174407482147217,0.3897453844547272,1.349194049835205,0.5234817266464233,1.3309901094818017
1.3891221284866333,0.36460739374160767,1.4037047624588013,0.5233050584793091,1.393858790397644,0.47080159187316895,1.313265453369894
1.6434979438781738,0.9006304144859314,1.6351395845413208,0.8898440599441528,1.6407006978988647,0.9067906737327576,1.6718243418666583
1.6444777250289917,0.8893692493438721,1.6338165998458862,0.8898441195487976,1.649801254272461,0.8916946053504944,1.6468341996082319
1.6448944807052612,0.9006384015083313,1.6370453834533691,0.8898444771766663,1.6453092098236084,0.8916967511177063,1.6307099121056705
1.6245704889297485,0.6574028134346008,1.6380820274353027,0.71698397397995,1.6340879201889038,0.7877660393714905,1.5929661999426337
1.6999038457870483,0.5879365801811218,1.7032257318496704,0.6172128915786743,1.673097014427185,0.5971902012825012,1.7622552466494428
1.6787692308425903,0.5211750268936157,1.6868575811386108,0.8150791525840759,1.655344843864441,0.5799534916877747,1.7277173545725861
1.7903552055358887,0.8236231207847595,1.7979888916015625,0.767785370349884,1.7919721603393555,0.6369717121124268,1.7247116825191253
1.645055890083313,0.19810819625854492,1.6408315896987915,0.8188683390617371,1.643401026725769,0.5208526849746704,1.6491320075074318
1.6331164836883545,0.5549510717391968,1.6474608182907104,0.6871289610862732,1.6318804025650024,0.7297819256782532,1.6232406044214023
1.6331164836883545,0.5549510717391968,1.6421253681182861,0.6719351410865784,1.6410064697265625,0.7001819610595703,1.6229306392040854
1.641129970550537,0.8029738068580627,1.6608684062957764,0.6192122101783752,1.6623401641845703,0.7647305727005005,1.6479333047241782
1.6529574394226074,0.8136910796165466,1.6716541051864624,0.6559907793998718,1.6792426109313965,0.7258020639419556,1.6801239359925626
1.696806788444519,0.6671498417854309,1.7049823999404907,0.7133426666259766,1.691941261291504,0.7567585110664368,1.6657875928773154
1.6329175233840942,0.8251928091049194,1.6349091529846191,0.8907207250595093,1.6350032091140747,0.8206630945205688,1.620313850188516
1.6321167945861816,0.8895564079284668,1.63236665725708,0.8941016793251038,1.6546283960342407,0.8999606966972351,1.571395514484615
1.2534326314926147,0.8639889359474182,1.2866631746292114,0.8506839871406555,1.2501766681671143,0.8503122925758362,0.9684829485539351
2.4864068031311035,0.4888665974140167,2.3632683753967285,0.5821313261985779,2.45601487159729,0.5542969107627869,2.7158002125209113
2.4390358924865723,0.2106533646583557,2.442599296569824,0.5391897559165955,2.451183319091797,0.480918824672699,2.597415086445643
2.626824140548706,0.49308663606643677,2.407651901245117,0.4645397365093231,2.443943738937378,0.4832967519760132,2.3254133417105067
2.63421630859375,0.5598510503768921,2.467665672302246,0.6359413266181946,2.3740711212158203,0.570224404335022,2.2151978629265603
1.5413388013839722,0.833160936832428,1.5850497484207153,0.88014155626297,1.5379902124404907,0.8785203099250793,1.5563025007672873
1.4824352264404297,0.7847225666046143,1.2494465112686157,0.8952436447143555,1.3127949237823486,0.8807117938995361,1.041392685158225
1.4900521039962769,0.8922407031059265,1.5812690258026123,0.8349940180778503,1.5837098360061646,0.8645639419555664,1.5797835966168101
1.342291235923767,0.6596368551254272,1.080409288406372,0.8635666370391846,1.08644437789917,0.8495373725891113,1.1139433523068367
1.4476795196533203,0.8775241374969482,1.4869660139083862,0.8272556662559509,1.5175358057022095,0.8152778744697571,1.6334684555795866
1.5606565475463867,0.8451681137084961,1.5647238492965698,0.8482221364974976,1.5579081773757935,0.8712823390960693,1.5563025007672873
1.5188127756118774,0.8556716442108154,1.5213462114334106,0.7881416082382202,1.5023397207260132,0.8243420720100403,1.5440680319418618
1.4919188022613525,0.8493015170097351,1.4947377443313599,0.8666812181472778,1.4934629201889038,0.8780826926231384,1.4913616938342726
1.5232125520706177,0.8046711087226868,1.5340994596481323,0.8582643270492554,1.489009141921997,0.8740962147712708,1.4471580313422192
1.3278801441192627,0.7172975540161133,1.3896100521087646,0.7582049369812012,1.3072482347488403,0.8162937164306641,1.3979400086720377
1.416047215461731,0.8745961785316467,1.4172241687774658,0.8841827511787415,1.4334385395050049,0.8657422661781311,1.3979400086720377
1.3164169788360596,0.8690674901008606,1.3052810430526733,0.8226534724235535,1.267737865447998,0.8352197408676147,1.3424226808222062
0.978391170501709,0.8259348273277283,1.2145848274230957,0.8688202500343323,1.1447937488555908,0.842850923538208,1.3010299956639813
1.2391995191574097,0.7467771768569946,1.2819714546203613,0.802117109298706,1.2867814302444458,0.8228855729103088,1.2041199826559248
1.381622552871704,0.7916872501373291,1.370593547821045,0.8872257471084595,1.3680514097213745,0.8051092624664307,1.1760912590556813
1.1143755912780762,0.736799418926239,1.2043721675872803,0.7750744819641113,1.1185437440872192,0.7534933090209961,1.1760912590556813
1.3057259321212769,0.8926464319229126,1.1408534049987793,0.8793028593063354,1.2524433135986328,0.8568935394287109,1.146128035678238
1.1074516773223877,0.6742517352104187,1.2777292728424072,0.7837077379226685,1.0813097953796387,0.776232898235321,1.1139433523068367
1.6906743049621582,0.8994982838630676,1.6738041639328003,0.9050112366676331,1.642153024673462,0.8909866213798523,1.0969100130080565
1.2408438920974731,0.8803777098655701,1.2494189739227295,0.8923348784446716,1.225407361984253,0.8665900826454163,1.0791812460476249
1.049172282218933,0.8146529197692871,1.037476658821106,0.8122304677963257,1.056267261505127,0.8104214668273926,1.041392685158225
1.1583272218704224,0.8102084398269653,1.3279931545257568,0.8175804615020752,1.142622947692871,0.7584398984909058,1.0
1.136411428451538,0.856063961982727,1.1268115043640137,0.838018536567688,1.1448945999145508,0.8464745879173279,0.9030899869919435
0.860016942024231,0.7398110628128052,0.8082810640335083,0.7040094137191772,0.8218779563903809,0.7097069025039673,0.8586693906442104
1.5207856893539429,0.8862124085426331,1.5165270566940308,0.904066801071167,1.6422048807144165,0.8907541632652283,1.6989700043360187
1.6321308612823486,0.903949499130249,1.6058218479156494,0.8886760473251343,1.5925143957138062,0.8911201357841492,1.255272505103306
1.6410489082336426,0.9054378271102905,1.5557265281677246,0.9045183062553406,1.5755188465118408,0.8898058533668518,1.7558748556724915
1.631040096282959,0.9056569337844849,1.671790599822998,0.8939937949180603,1.6700342893600464,0.8909035921096802,1.3979400086720377
1.673864483833313,0.40100741386413574,1.6810531616210938,0.642431378364563,1.6590956449508667,0.6225351095199585,1.7993405494535817
1.6716123819351196,0.41639024019241333,1.723539113998413,0.6211234331130981,1.674884557723999,0.5478758215904236,1.792391689498254
1.6607158184051514,0.4538356065750122,1.6653921604156494,0.6529601812362671,1.6484647989273071,0.6742061376571655,1.792391689498254
1.6887229681015015,0.38711538910865784,1.6798444986343384,0.5914994478225708,1.6590956449508667,0.6225351095199585,1.7634279935629373
1.6905877590179443,0.21286049485206604,1.6828033924102783,0.4184235632419586,1.6640452146530151,0.5915828347206116,1.7075701760979363
1.6887229681015015,0.38711538910865784,1.729141354560852,0.3913247287273407,1.7017297744750977,0.5944571495056152,1.6989700043360187
1.6411828994750977,0.45255085825920105,1.6410517692565918,0.4877373278141022,1.6499385833740234,0.5797920823097229,1.6812412373755872
1.7247769832611084,0.19418932497501373,1.729141354560852,0.3913247287273407,1.7208460569381714,0.5594154000282288,1.6334684555795866
1.490734338760376,0.5929135680198669,1.509117603302002,0.6196425557136536,1.5392930507659912,0.6105915307998657,1.5865828716950925
1.7247769832611084,0.19418932497501373,1.729141354560852,0.3913247287273407,1.7208460569381714,0.5594154000282288,1.5797835966168101
1.6716123819351196,0.41639024019241333,1.723539113998413,0.6211234331130981,1.7249916791915894,0.45911312103271484,1.4913616938342726
1.726395606994629,0.41024795174598694,1.7486658096313477,0.6173161864280701,1.7762463092803955,0.5349671840667725,1.845098040014257
1.8388326168060303,0.22187508642673492,1.8297276496887207,0.5863940715789795,1.833432912826538,0.5721900463104248,1.8573324964312685
1.8818002939224243,0.5153337717056274,1.874703049659729,0.6446141600608826,1.8821074962615967,0.5660437941551208,1.8750612633917
1.8898179531097412,0.6415319442749023,1.9030563831329346,0.6135677099227905,1.9031872749328613,0.6862685084342957,1.8808135922807914
0.8962434530258179,0.5838117003440857,0.919753909111023,0.7773147821426392,0.8651271462440491,0.7270675897598267,1.1139433523068367
0.9548622369766235,0.6966949701309204,0.9511812329292297,0.6950709819793701,0.8651271462440491,0.7270675897598267,1.0
0.9357503056526184,0.6129871010780334,0.9230206608772278,0.5656583905220032,0.945703387260437,0.664752721786499,0.9542425094393249
0.9357503056526184,0.6129871010780334,0.919753909111023,0.7773147821426392,0.8651271462440491,0.7270675897598267,0.9030899869919435
0.9486262202262878,0.6966120004653931,0.9136002659797668,0.7772043943405151,0.9518436789512634,0.5574163794517517,0.8129133566428556
0.9706333875656128,0.20231524109840393,0.9478917717933655,0.6952069401741028,0.965273380279541,0.6084046959877014,0.7563221771162021
3.193580389022827,0.6540552377700806,3.375262975692749,0.6182444095611572,3.2868142127990723,0.6551365852355957,3.350441856535061
2.952329158782959,0.6375976204872131,3.0457653999328613,0.6330994963645935,3.0326309204101562,0.6207342147827148,3.1122697684172707
1.5528576374053955,0.44659656286239624,1.8126224279403687,0.5259007215499878,1.685680627822876,0.5017327070236206,2.0
1.697247862815857,0.47623005509376526,1.5727298259735107,0.4816433787345886,1.5923230648040771,0.48331427574157715,1.8920946026904804
1.6267876625061035,0.1969030648469925,1.8126224279403687,0.5259007215499878,1.7036782503128052,0.46508026123046875,1.7160033436347992
1.737566351890564,0.49204838275909424,1.6598283052444458,0.4703736901283264,1.685680627822876,0.5017327070236206,1.5563025007672873
1.737566351890564,0.49204838275909424,1.8126224279403687,0.5259007215499878,1.7036782503128052,0.46508026123046875,1.255272505103306
1.697247862815857,0.47623005509376526,1.8126224279403687,0.5259007215499878,1.685680627822876,0.5017327070236206,1.1139433523068367
4.243717670440674,0.6975590586662292,4.241333961486816,0.7153998613357544,3.504554271697998,0.6739308834075928,4.255055303557442
3.697845935821533,0.5869547724723816,3.721106767654419,0.5978199243545532,3.205965518951416,0.6596944332122803,4.05080494781346
2.3966147899627686,0.5205092430114746,2.439877510070801,0.6256933808326721,2.368276357650757,0.6022670269012451,2.8260748027008264
2.4917638301849365,0.6480939984321594,2.3758773803710938,0.555743932723999,2.511782646179199,0.5492232441902161,2.7781512503836434
2.4917638301849365,0.6480939984321594,2.3758773803710938,0.555743932723999,2.368276357650757,0.6022670269012451,2.6020599913279625
2.5001680850982666,0.5536233186721802,2.5012710094451904,0.5780672430992126,2.368276357650757,0.6022670269012451,2.322219294733919
2.5207393169403076,0.5475342273712158,2.439877510070801,0.6256933808326721,2.514354705810547,0.5389077663421631,2.230448921378274
2.4917638301849365,0.6480939984321594,2.5668678283691406,0.5592034459114075,2.511782646179199,0.5492232441902161,1.9542425094393248
2.191894769668579,0.24636204540729523,2.203864574432373,0.5979775190353394,2.234699249267578,0.5605412125587463,2.8182258936139557
2.7189042568206787,0.6941137909889221,2.6712043285369873,0.6319886445999146,2.662799835205078,0.6604926586151123,2.507855871695831
3.334686756134033,0.6034791469573975,3.414034843444824,0.6099982261657715,3.50223970413208,0.6655343770980835,4.0
2.8896546363830566,0.6461585164070129,3.0052757263183594,0.6835259199142456,2.837062358856201,0.6170748472213745,2.5705429398818973
2.8270790576934814,0.506157636642456,2.8280985355377197,0.5269041657447815,2.7522904872894287,0.5494013428688049,2.4456042032735974
2.433119535446167,0.21550816297531128,2.442643642425537,0.5506393909454346,2.505408763885498,0.5454296469688416,2.4099331233312946
2.1575028896331787,0.22919589281082153,2.2017366886138916,0.5167098045349121,2.2103734016418457,0.47796985507011414,2.3729120029701067
2.1209304332733154,0.5606750845909119,2.022843360900879,0.5955467224121094,2.035670757293701,0.5496823191642761,2.2278867046136734
1.9678387641906738,0.6785309314727783,1.72458016872406,0.7211816906929016,1.955976963043213,0.7291219234466553,2.103803720955957
2.1013779640197754,0.5592955350875854,2.041889190673828,0.5008042454719543,2.016983985900879,0.5573641657829285,1.9030899869919435
1.7128548622131348,0.25092849135398865,1.7367924451828003,0.5030253529548645,1.78331458568573,0.5392253994941711,1.8325089127062364
0.9662941694259644,0.3110603094100952,1.3502206802368164,0.7540059685707092,1.7004200220108032,0.715743362903595,0.7781512503836436
4.038654327392578,0.2931458652019501,4.023817539215088,0.6186028718948364,4.011538982391357,0.6059150695800781,4.0
3.0947110652923584,0.2277940809726715,2.9657812118530273,0.5226767659187317,3.063108444213867,0.42382562160491943,2.998259338423699
2.9860992431640625,0.6110280156135559,3.321887493133545,0.6585731506347656,2.9872777462005615,0.6205930709838867,2.9722028383790646
2.496133804321289,0.48143768310546875,2.4256536960601807,0.4598824977874756,2.4214696884155273,0.49193891882896423,2.949877704036875
2.764707326889038,0.4709795415401459,2.7545418739318848,0.5180312395095825,2.765530586242676,0.46334004402160645,2.747411807886423
2.4407193660736084,0.4880758821964264,2.3912854194641113,0.5488985180854797,2.3863701820373535,0.5105804204940796,2.5171958979499744
2.3864760398864746,0.6987758278846741,2.038623094558716,0.6961352825164795,2.3263680934906006,0.6644951701164246,2.3483048630481607
2.315615653991699,0.4880390763282776,2.4457054138183594,0.46395784616470337,2.4380974769592285,0.4395122826099396,2.164352855784437
2.1393239498138428,0.5300465822219849,2.099212408065796,0.5605478286743164,2.0343828201293945,0.5336706042289734,2.08278537031645
1.1275660991668701,0.6934842467308044,1.5139625072479248,0.7347975969314575,2.010952949523926,0.6989069581031799,1.0791812460476249
3.9243826866149902,0.40830639004707336,4.010340690612793,0.695163369178772,4.011566162109375,0.7336124777793884,4.0
3.417902708053589,0.6386563181877136,3.357069969177246,0.6304217576980591,3.414764404296875,0.6253007650375366,3.652343055062715
3.306995153427124,0.6296839118003845,3.3287763595581055,0.6108238697052002,3.3277313709259033,0.6497614979743958,3.1806992012960347
3.310537338256836,0.6492923498153687,3.181224822998047,0.7368219494819641,3.214219093322754,0.7029131054878235,3.037027879755775
2.8289077281951904,0.607788622379303,2.7159430980682373,0.6775067448616028,2.827126979827881,0.5999214053153992,2.977266212427293
2.938632011413574,0.6528485417366028,2.942209243774414,0.6569712162017822,2.98399019241333,0.6242275834083557,2.94546858513182
2.597987651824951,0.7495784163475037,2.4066970348358154,0.758855938911438,2.3991692066192627,0.7584081292152405,2.814913181275074
2.778996467590332,0.22225770354270935,2.756010055541992,0.606279730796814,2.775622606277466,0.6156365871429443,2.576341350205793
2.4438323974609375,0.6541829109191895,2.2993879318237305,0.6880830526351929,2.4077651500701904,0.6068024635314941,2.4871383754771865
1.9042809009552002,0.4390748143196106,1.848161220550537,0.764585018157959,2.3739612102508545,0.7654075026512146,1.5440680443502757
0.8812196254730225,0.7302850484848022,0.901441752910614,0.7772260308265686,0.8768904805183411,0.7252808809280396,0.7781512503836436
1.0616822242736816,0.4800049960613251,0.9530423879623413,0.7162875533103943,0.9625596404075623,0.66448974609375,0.9542425094393249
1.269598364830017,0.5085625052452087,1.1431777477264404,0.6948959231376648,1.1605890989303589,0.6471725702285767,1.146128035678238
1.358186960220337,0.7508651614189148,1.320119023323059,0.7323656678199768,1.2792434692382812,0.6731065511703491,1.3424226808222062
1.1549464464187622,0.5962891578674316,1.1743758916854858,0.6602334976196289,1.1879642009735107,0.6903330087661743,1.1760912590556813
1.0440837144851685,0.7156711220741272,1.0455856323242188,0.7637737989425659,1.0353044271469116,0.6701892018318176,1.1139433523068367
1.0672197341918945,0.7253549695014954,1.004528522491455,0.7399948239326477,0.9762470722198486,0.7247322201728821,1.0
1.095501184463501,0.7664218544960022,1.0320264101028442,0.7653804421424866,1.0618491172790527,0.7497113347053528,0.9542425094393249
2.1521193981170654,0.7364842891693115,2.3348493576049805,0.818427324295044,2.424591302871704,0.8371182680130005,1.919078092376074
1.9380261898040771,0.8017026782035828,1.7056281566619873,0.811572790145874,1.9168460369110107,0.7964299917221069,2.1994639048906626
1.9535261392593384,0.8305585980415344,1.8819091320037842,0.8179059624671936,1.9751121997833252,0.785419225692749,2.1818435879447726
2.181917428970337,0.8349298238754272,1.9710867404937744,0.8219451308250427,1.987903118133545,0.8017547130584717,1.8129133566428555
2.1386947631835938,0.8682082891464233,1.806308627128601,0.8633825182914734,1.7591943740844727,0.8439347147941589,1.7160033436347992
1.981292486190796,0.8880668878555298,1.8770151138305664,0.8805397748947144,1.8954938650131226,0.8691008687019348,1.6989700043360187
3.1104235649108887,0.4726157784461975,2.94766902923584,0.5116278529167175,3.0449774265289307,0.48021212220191956,3.270911639410481
3.628340005874634,0.4835663139820099,3.5424489974975586,0.5474548935890198,3.5671887397766113,0.5272025465965271,3.2617385473525378
3.0950984954833984,0.20098578929901123,3.0291833877563477,0.4368108808994293,3.1414246559143066,0.4442360997200012,3.1806992012960347
3.364262580871582,0.4556705355644226,3.3229503631591797,0.5132206678390503,3.297572135925293,0.449710488319397,3.09377178149873
2.9697811603546143,0.4720468819141388,2.9597902297973633,0.5132853388786316,2.8880724906921387,0.45678824186325073,2.94546858513182
2.392233371734619,0.4752000868320465,2.43330454826355,0.5111908316612244,2.43349552154541,0.4472111761569977,2.8312296938670634
2.817478656768799,0.3857898414134979,2.836249351501465,0.430044025182724,2.7753548622131348,0.44929981231689453,2.765668554759014
2.5807268619537354,0.439316987991333,2.5153894424438477,0.4726752042770386,2.5176570415496826,0.4361225664615631,2.6857417386022635
2.3059158325195312,0.47202450037002563,2.329526424407959,0.4617239236831665,2.2667248249053955,0.4453812837600708,2.4742162640762553
1.6646201610565186,0.4977416396141052,1.6576058864593506,0.5461298227310181,1.7147868871688843,0.5217433571815491,1.380211241711606
3.4860973358154297,0.4270581901073456,3.4868853092193604,0.4983052611351013,3.4783616065979004,0.3786645531654358,3.384353414137506
3.251037120819092,0.40457335114479065,3.276334285736084,0.46191802620887756,3.2376627922058105,0.34146395325660706,3.2357808703275603
3.0441055297851562,0.3734234571456909,3.06825590133667,0.4553256332874298,3.0251617431640625,0.38031187653541565,3.1122697684172707
2.8106255531311035,0.43595144152641296,2.736476182937622,0.45103171467781067,2.8134102821350098,0.40104761719703674,2.9036325160842376
2.9166624546051025,0.4157784581184387,2.9162697792053223,0.35539326071739197,2.8850693702697754,0.37493860721588135,2.681241237375587
2.4471054077148438,0.4499415159225464,2.4576261043548584,0.5158160924911499,2.5134854316711426,0.47005215287208557,2.515873843711679
2.575061559677124,0.38638463616371155,2.5833916664123535,0.41214266419410706,2.5521392822265625,0.38452914357185364,2.4712917110589387
2.3416805267333984,0.3719153106212616,2.368607521057129,0.40560615062713623,2.361011505126953,0.35652971267700195,2.1789769472931693
2.0296554565429688,0.408941388130188,1.9965755939483643,0.3960171043872833,2.0706582069396973,0.3695847690105438,2.1492191126553797
1.3093194961547852,0.4840233027935028,1.313798189163208,0.4682883620262146,1.4141294956207275,0.47477877140045166,1.2304489213782739
3.435182809829712,0.4373690187931061,3.431079387664795,0.49209916591644287,3.4604315757751465,0.5016363859176636,3.6310376965367404
3.1666622161865234,0.4065692722797394,3.1847176551818848,0.4578303396701813,3.1983261108398438,0.47157150506973267,3.3613500243522663
2.9993457794189453,0.19282220304012299,3.0400867462158203,0.4636572301387787,2.9927663803100586,0.46306970715522766,3.0056094453602804
2.7901339530944824,0.3917382061481476,2.821260452270508,0.4732763171195984,2.7760281562805176,0.46524837613105774,2.6464037262230695
2.2288527488708496,0.440008282661438,2.3418900966644287,0.5261428952217102,2.351541042327881,0.43865084648132324,2.444044795918076
2.634812831878662,0.4183672070503235,2.689941883087158,0.3892362117767334,2.6279516220092773,0.40382620692253113,2.3909351071033793
2.320868492126465,0.3869780898094177,2.3744683265686035,0.3454253375530243,2.3335864543914795,0.3619399070739746,2.2405492482825995
2.079941749572754,0.3221932053565979,2.086554527282715,0.3895779848098755,2.079458475112915,0.3578453063964844,2.0453229787866576
1.8469843864440918,0.37978702783584595,1.7243798971176147,0.39010611176490784,1.8694744110107422,0.3554993271827698,2.041392685158225
1.0701088905334473,0.476104736328125,1.0721917152404785,0.5161353349685669,1.1061105728149414,0.4645933508872986,1.1139433523068367
3.0598535537719727,0.4563502073287964,3.056854248046875,0.4274679124355316,3.075199604034424,0.4366890788078308,3.723044991643445
3.5655760765075684,0.4914587438106537,3.553300619125366,0.5321221947669983,3.448967933654785,0.5509475469589233,3.2617385473525378
3.044320583343506,0.46172627806663513,3.066514492034912,0.43464869260787964,2.888695240020752,0.4278816878795624,2.949877704036875
2.8374204635620117,0.47363337874412537,2.8779382705688477,0.44016075134277344,2.6893839836120605,0.4321242868900299,2.5276299008713385
2.498288631439209,0.2283572554588318,2.457850694656372,0.4682578444480896,2.4601197242736816,0.45288053154945374,2.342422680822206
2.2433218955993652,0.49084338545799255,2.4253246784210205,0.6014363765716553,2.438055992126465,0.5150340795516968,2.1702617153949575
2.218566417694092,0.20946446061134338,2.1841959953308105,0.4156050682067871,2.1263556480407715,0.43689045310020447,2.1702617153949575
1.9515303373336792,0.4623454213142395,1.9730855226516724,0.45887520909309387,1.87520432472229,0.44299787282943726,1.9867717342662448
1.6831586360931396,0.44174033403396606,1.5850491523742676,0.44710788130760193,1.6411230564117432,0.4473174512386322,1.9590413923210936
1.0961480140686035,0.23264533281326294,1.1291885375976562,0.5169729590415955,1.0937215089797974,0.5130113363265991,0.9030899869919435
1.6117727756500244,0.8893540501594543,1.4127039909362793,0.8940003514289856,2.9196479320526123,0.8825810551643372,3.042181594515766
1.6087385416030884,0.8893498182296753,1.4121859073638916,0.8939849734306335,2.8265514373779297,0.8973448872566223,3.137354111370733
1.5040074586868286,0.8824421763420105,1.6022955179214478,0.6641064882278442,1.5452635288238525,0.8900614976882935,1.772445426346
1.6266382932662964,0.5658764243125916,1.656966209411621,0.7764284610748291,1.610282063484192,0.7897900938987732,2.020858281918316
1.9169697761535645,0.7624651193618774,2.050607204437256,0.7535720467567444,2.009183645248413,0.7801526188850403,1.8893017025063104
1.7546589374542236,0.8758591413497925,1.808997631072998,0.8985775709152222,1.75822913646698,0.8925689458847046,1.8114400989511272
1.6579208374023438,0.7943719029426575,1.6186596155166626,0.8854507207870483,1.656610131263733,0.8970724940299988,1.7479928841299552
1.5184757709503174,0.7943820953369141,1.7318075895309448,0.8826314806938171,1.5198566913604736,0.897061824798584,1.432071328734167
1.43165123462677,0.875914454460144,1.7045207023620605,0.8863919377326965,1.4258034229278564,0.8925542831420898,1.366804595051468
1.3020117282867432,0.28919753432273865,1.3416391611099243,0.6444116234779358,1.3073077201843262,0.7013813853263855,1.307278943389931
1.3313076496124268,0.6312736868858337,1.343080997467041,0.6929223537445068,1.3133883476257324,0.6031897664070129,1.307278943389931
1.3972088098526,0.6905477643013,1.3811819553375244,0.7147639393806458,1.3818237781524658,0.7241154313087463,1.307278943389931
1.472379446029663,0.2847229242324829,1.534120798110962,0.6317574381828308,1.5043214559555054,0.5949333906173706,1.4833702095804502
1.4807543754577637,0.6487952470779419,1.4750454425811768,0.6221150755882263,1.4711377620697021,0.5837076306343079,1.4833702095804502
1.5327211618423462,0.6416499018669128,1.5420799255371094,0.705695390701294,1.5058212280273438,0.6098698377609253,1.4833702095804502
1.8354638814926147,0.44825464487075806,2.0365848541259766,0.6371647119522095,1.965227723121643,0.7269525527954102,2.00624894772595
1.812150001525879,0.4249262809753418,1.995561957359314,0.6839589476585388,1.9707834720611572,0.7277013659477234,2.0476416348300397
1.8127518892288208,0.43666255474090576,2.0235755443573,0.7632057070732117,1.9997273683547974,0.680402934551239,2.0476416348300397
2.605595111846924,0.8077602386474609,2.609636068344116,0.8392460942268372,2.023668050765991,0.8566188812255859,2.738642709134438
2.766892671585083,0.8321312069892883,2.750190258026123,0.795088529586792,2.0648112297058105,0.8587314486503601,2.738642709134438
2.692141532897949,0.32119515538215637,2.7301650047302246,0.8490750789642334,2.0820398330688477,0.8632435202598572,2.738642709134438
2.841489553451538,0.32076162099838257,2.8522369861602783,0.8742596507072449,2.853830337524414,0.8687581419944763,2.9200628016758503
2.9384899139404297,0.8814177513122559,2.9510388374328613,0.871564507484436,2.9505512714385986,0.8822304010391235,2.9457682020667706
2.8668360710144043,0.8865847587585449,2.8723011016845703,0.891014039516449,2.892514228820801,0.86944180727005,2.960491458592242
2.98002552986145,0.904928982257843,2.992608070373535,0.9040089845657349,2.986847400665283,0.8859345316886902,3.0707069384290415
3.1072916984558105,0.8838583827018738,3.110172986984253,0.6545372009277344,3.110949754714966,0.852119505405426,3.0961540607315317
2.9930849075317383,0.3212756812572479,2.997976541519165,0.8880684971809387,3.0000782012939453,0.8859745860099792,3.1201923016792876
1.685071587562561,0.8950159549713135,1.722398281097412,0.9042302370071411,1.7204017639160156,0.8893190026283264,1.6237516232510494
1.3715689182281494,0.7399584054946899,1.5584741830825806,0.857408344745636,1.3556289672851562,0.7868312001228333,2.4899584794248346
0.9718851447105408,0.7915550470352173,1.2250940799713135,0.8483487367630005,0.9721719622612,0.8719703555107117,1.0
0.9085277915000916,0.7098199129104614,0.8797617554664612,0.6580915451049805,0.9082252383232117,0.6833807826042175,0.9542429437335896
1.0215637683868408,0.8539520502090454,1.4905896186828613,0.8670815229415894,1.452531099319458,0.8685597777366638,1.5421029766994931
1.4951577186584473,0.8970710039138794,1.4904305934906006,0.8929004669189453,1.4227532148361206,0.8894965052604675,1.5496739006875977
1.6081254482269287,0.8972116708755493,1.594616413116455,0.893001139163971,1.622361183166504,0.8818270564079285,1.539538175680695
1.295224905014038,0.8722550868988037,1.2619425058364868,0.8736119866371155,1.1916075944900513,0.8784920573234558,1.6231311772599608
2.232926845550537,0.9041137099266052,3.4631965160369873,0.8958920836448669,3.472959041595459,0.8404471278190613,3.255272505103306
2.245307445526123,0.9037505388259888,3.4336018562316895,0.876974880695343,3.2018637657165527,0.8855406641960144,3.6020599913279625
2.223602056503296,0.9034861922264099,3.5028810501098633,0.8806485533714294,3.114685535430908,0.8863673806190491,3.6020599913279625
3.4969849586486816,0.905314564704895,3.5144243240356445,0.9014437198638916,3.465632438659668,0.8823100924491882,3.5563025007672873
3.6405282020568848,0.8885557651519775,3.626096248626709,0.9008802175521851,3.5469846725463867,0.8791323304176331,3.6232492903979003
3.5050153732299805,0.9052855372428894,3.5252275466918945,0.8778228759765625,3.481356143951416,0.8825733661651611,3.6989700043360187
3.6136205196380615,0.8993483185768127,1.748793125152588,0.8897765874862671,3.6174583435058594,0.8878372311592102,3.7634279935629373
3.7624101638793945,0.2287079244852066,1.750159502029419,0.8897771835327148,3.7711682319641113,0.8626337051391602,3.7634279935629373
3.6298351287841797,0.8841753005981445,1.7455025911331177,0.8897823691368103,3.6224417686462402,0.8947934508323669,3.7634279935629373
3.739212989807129,0.8907343149185181,3.761654853820801,0.856257438659668,3.7547855377197266,0.887141764163971,4.0
3.8815841674804688,0.8626822233200073,3.9154953956604004,0.9033474326133728,3.9174349308013916,0.8878190517425537,3.8920946026904804
3.739284038543701,0.8907336592674255,3.7351245880126953,0.8916273713111877,3.732572555541992,0.8719505071640015,3.778151250383644
1.6138195991516113,0.8913055062294006,1.6321992874145508,0.8941016793251038,1.6534111499786377,0.8999605774879456,0.31875869313729016
0.6360256671905518,0.836741030216217,0.509311318397522,0.760409414768219,0.5338356494903564,0.8295921683311462,0.04139268515822507
0.36895763874053955,0.843482255935669,0.0907360315322876,0.852479875087738,0.5288411378860474,0.8293229937553406,0.4913616938342727
0.2781040668487549,0.7754567265510559,0.08892858028411865,0.8521547913551331,0.26925814151763916,0.8124487400054932,0.7558748556724915
0.6455806493759155,0.8360106348991394,0.088492751121521,0.8518125414848328,0.47298288345336914,0.8411881923675537,0.2304489213782739
0.6307429075241089,0.7568447589874268,0.6421723961830139,0.4192569851875305,0.6244399547576904,0.8571324348449707,0.7781512503836436
0.7167907357215881,0.7521846294403076,0.7156215906143188,0.9026627540588379,0.7251731753349304,0.4053765833377838,0.4913616938342727
0.6917318105697632,0.5053868889808655,0.6894882321357727,0.7928540706634521,0.6955842971801758,0.8712782859802246,0.6020599913279624
0.6635959148406982,0.5534725189208984,0.6918225884437561,0.791155993938446,0.6847456097602844,0.8927637934684753,0.6989700043360189
0.6961295008659363,0.20097649097442627,0.7116572260856628,0.8999834060668945,0.6929536461830139,0.8549461364746094,0.8325089127062363
0.7092906832695007,0.547757625579834,0.7338079810142517,0.7877792119979858,0.7216570973396301,0.3560631275177002,0.9084850188786497
0.6140381097793579,0.7559024095535278,0.541165828704834,0.5746859908103943,0.5644508600234985,0.8928998112678528,0.6334684555795865
0.6140381097793579,0.7559024095535278,0.6642969846725464,0.899163544178009,0.6201726198196411,0.8537780046463013,0.47712125471966244
0.38111722469329834,0.5955366492271423,0.37132394313812256,0.6572090983390808,0.5556623935699463,0.8728904724121094,0.6232492903979004
0.5922260284423828,0.7699346542358398,0.6455428004264832,0.8954733610153198,0.5556623935699463,0.8728904724121094,0.3222192947339193
1.38935124874115,0.8289687633514404,1.3831610679626465,0.8295637965202332,1.3391656875610352,0.8047720193862915,0.9542425094393249
1.0209219455718994,0.87460857629776,0.4565458297729492,0.8139861822128296,0.554573655128479,0.8371075391769409,0.32538942048605174
1.0083248615264893,0.8719366192817688,0.41719675064086914,0.7836243510246277,0.5560644865036011,0.827892005443573,0.43012474167709114
0.9327856302261353,0.8662485480308533,0.497882604598999,0.7768898010253906,0.5004116296768188,0.8475928902626038,0.5144456083995548
0.7322880029678345,0.3103806674480438,0.8123356699943542,0.8313563466072083,0.7530030608177185,0.7599546313285828,0.5472380879812769
0.597901463508606,0.8044344782829285,0.7312790155410767,0.8266510963439941,0.6192798614501953,0.8526979684829712,0.655632020068717
0.6775010228157043,0.7859402298927307,0.6552860140800476,0.8406295776367188,0.6742575168609619,0.8539866209030151,0.6609608605962506
0.7294170260429382,0.32116377353668213,0.7794229984283447,0.7527506947517395,0.7848103642463684,0.8180437088012695,0.7156299404562237
1.9507267475128174,0.8773542046546936,1.90357506275177,0.8920047283172607,1.9580600261688232,0.8659711480140686,2.0
1.9993867874145508,0.7836422920227051,1.9527559280395508,0.8915719389915466,2.001249313354492,0.871965229511261,2.0
2.007805585861206,0.8300329446792603,1.9661463499069214,0.8487574458122253,1.9717373847961426,0.8830171227455139,2.0
1.9619052410125732,0.8065606951713562,1.933066725730896,0.860327959060669,1.9396733045578003,0.8846037983894348,2.0
1.50617253780365,0.8772497773170471,1.4973037242889404,0.8972710967063904,1.501579999923706,0.8854031562805176,1.5228787409373927
1.6069217920303345,0.23851928114891052,1.6034115552902222,0.8576037287712097,1.5850682258605957,0.8670547604560852,1.5228787409373927
1.5413427352905273,0.7688292860984802,1.6222659349441528,0.8958256244659424,1.6493943929672241,0.8671382069587708,1.6989700043360187
1.5545200109481812,0.7971413135528564,1.723401427268982,0.868021547794342,1.716076135635376,0.872738778591156,1.6989700043360187
0.23452627658843994,0.7376101613044739,0.25758659839630127,0.7287253737449646,0.25057804584503174,0.8317521214485168,0.20411998265592482
0.32567334175109863,0.861826479434967,0.33311784267425537,0.8701134920120239,0.328973650932312,0.8352212309837341,0.13033376849500614
0.1676311492919922,0.8533006906509399,0.13699913024902344,0.7634095549583435,0.14019203186035156,0.8359816074371338,0.09691001300805642
0.2424863576889038,0.8519546389579773,0.2069946527481079,0.8339405655860901,0.23493611812591553,0.8436887860298157,0.2671717284030138
0.17864394187927246,0.8449702858924866,0.19920599460601807,0.6963385343551636,0.18040764331817627,0.8538405895233154,0.1903316981702915
0.12409937381744385,0.7159240245819092,0.10348939895629883,0.6775790452957153,0.1285191774368286,0.6473298668861389,0.09691001300805642
0.3499182462692261,0.8304023742675781,0.3052014112472534,0.8340764045715332,0.3581733703613281,0.8274345993995667,0.3891660843645325
0.13766002655029297,0.2248157411813736,0.14577066898345947,0.6691527962684631,0.1425628662109375,0.8322331309318542,0.20411998265592482
0.18068230152130127,0.8438951969146729,0.18681931495666504,0.8019002079963684,0.18736302852630615,0.8531885743141174,0.17609125905568124
0.48930299282073975,0.8378816246986389,0.5215715169906616,0.8594819903373718,0.5258127450942993,0.8284350037574768,0.4471580313422192
0.2991929054260254,0.8312593698501587,0.3035624027252197,0.7990854382514954,0.22877514362335205,0.8399362564086914,0.2304489213782739
0.28148698806762695,0.8124207854270935,0.2844661474227905,0.8124739527702332,0.28327131271362305,0.7607048153877258,0.20951501454263097
1.3382720947265625,0.8702202439308167,1.3168177604675293,0.8430533409118652,1.3488794565200806,0.674784779548645,1.0
1.2853739261627197,0.838767409324646,1.3365001678466797,0.8975715041160583,1.2847208976745605,0.8536977767944336,1.3010299956639813
1.5401674509048462,0.8548476099967957,1.5292096138000488,0.8833546042442322,1.2981038093566895,0.8229677677154541,1.4771212547196624
1.686610460281372,0.8946585655212402,1.6987638473510742,0.8446633815765381,1.572073221206665,0.8400269150733948,2.255272505103306
2.7162246704101562,0.8646702766418457,2.739805221557617,0.8990458846092224,2.7205662727355957,0.8617710471153259,3.230448921378274
3.10912823677063,0.8559908270835876,2.992082357406616,0.8875010013580322,2.999250650405884,0.8813151717185974,2.785329835010767
2.9422607421875,0.8570244312286377,2.759573459625244,0.8993756175041199,2.6899280548095703,0.8780978918075562,2.6989700043360187
2.4920787811279297,0.3112867772579193,2.534419298171997,0.8886363506317139,2.476470708847046,0.8805012702941895,2.6989700043360187
1.7776479721069336,0.7564017176628113,1.9045019149780273,0.6634594202041626,1.7044360637664795,0.8140642642974854,1.7853298278911853
1.787319302558899,0.8397186398506165,1.801640272140503,0.8531841039657593,1.7515547275543213,0.8515307903289795,1.6127838567197355
1.8574334383010864,0.8584654927253723,1.7488572597503662,0.8807770609855652,1.8586293458938599,0.875343382358551,1.740362697390507
1.7641410827636719,0.8737475275993347,1.7308894395828247,0.9054822325706482,1.6842495203018188,0.8907109498977661,1.8450980462184636
1.7269893884658813,0.8735207319259644,1.849197268486023,0.8666329383850098,1.8463125228881836,0.8538876175880432,1.716003351986616
1.6697877645492554,0.8776814937591553,1.6695071458816528,0.8531907796859741,1.7212234735488892,0.8695604801177979,1.8450980462184636
1.5694689750671387,0.9005182385444641,1.5995677709579468,0.9029728770256042,1.7238600254058838,0.8941833972930908,1.8920945971226024
1.575879454612732,0.9004619121551514,1.6062639951705933,0.902432382106781,1.7642080783843994,0.886354386806488,1.7923916965030036
1.6255263090133667,0.8892909288406372,1.643644094467163,0.8940547108650208,1.6588724851608276,0.8913459777832031,1.7075701760979363
1.6157783269882202,0.8892605304718018,1.6602097749710083,0.9037598371505737,1.6334164142608643,0.9047678709030151,1.6720978486954092
1.4376323223114014,0.2459976226091385,1.4175755977630615,0.468178391456604,1.4480620622634888,0.4739089906215668,1.6232492903979006
1.4285417795181274,0.36226654052734375,1.3751330375671387,0.32507553696632385,1.4588215351104736,0.3240523636341095,1.5440680443502757
1.3577946424484253,0.36187565326690674,1.3519541025161743,0.2956472933292389,1.3817577362060547,0.28661224246025085,1.5314789170422551
1.3416208028793335,0.4616857171058655,1.3669099807739258,0.4868825078010559,1.4096983671188354,0.4882763922214508,1.380211241711606
1.4029253721237183,0.2338809221982956,1.4857151508331299,0.4569878578186035,1.4820997714996338,0.4498232305049896,1.4471580313422192
1.3912233114242554,0.2043575495481491,1.465404748916626,0.29109951853752136,1.4544471502304077,0.3253001868724823,1.4313637641589874
1.3239471912384033,0.3397078812122345,1.3429383039474487,0.2791677415370941,1.389609932899475,0.3246232569217682,1.414973347970818
1.3153266906738281,0.4923395812511444,1.3246577978134155,0.4732609987258911,1.2940763235092163,0.43653735518455505,1.3222192947339193
1.4074701070785522,0.4491475224494934,1.3875494003295898,0.4515555799007416,1.4188512563705444,0.4296633303165436,1.3222192947339193
1.3311874866485596,0.30879998207092285,1.3718520402908325,0.271797239780426,1.3712867498397827,0.299343466758728,1.1760912590556813
1.3122766017913818,0.3031514883041382,1.3246691226959229,0.2750532031059265,1.3172564506530762,0.27818185091018677,1.2304489213782739
1.2848948240280151,0.2074972540140152,1.2968809604644775,0.4657786190509796,1.3058258295059204,0.4595218598842621,1.146128035678238
1.2397626638412476,0.4806499779224396,1.2529762983322144,0.467069536447525,1.198291540145874,0.4866299331188202,1.2787536009528289
1.1990470886230469,0.29966992139816284,1.2283923625946045,0.30542421340942383,1.144288420677185,0.3472857177257538,1.2041199826559248
1.1493480205535889,0.3281416893005371,1.1324771642684937,0.3431617021560669,1.1713390350341797,0.3197108209133148,1.2041199826559248
1.1159642934799194,0.5230411291122437,1.0643495321273804,0.46554359793663025,1.1243425607681274,0.4551623463630676,1.1760912590556813
1.4498310089111328,0.7821919322013855,1.4518831968307495,0.7901382446289062,1.4445481300354004,0.7477560639381409,1.4471580313422192
1.3819555044174194,0.7328771352767944,1.3798549175262451,0.635722815990448,1.3805567026138306,0.7293357849121094,1.414973347970818
1.348543643951416,0.24528267979621887,1.3368163108825684,0.7403510212898254,1.3446824550628662,0.7124823331832886,1.3424226808222062
1.3140534162521362,0.787861704826355,1.352913737297058,0.78526771068573,1.336094856262207,0.748153567314148,1.3010299956639813
1.420616626739502,0.6459589600563049,1.46181321144104,0.8909800052642822,1.4408292770385742,0.8399040102958679,1.5831987739686226
1.4278974533081055,0.8834989666938782,1.4532294273376465,0.8915799856185913,1.4358211755752563,0.8938716053962708,1.3010299956639813
1.2043565511703491,0.6885942220687866,1.2654483318328857,0.8890833258628845,1.2170218229293823,0.8942743539810181,1.3010299956639813
1.3177399635314941,0.8887734413146973,1.2664189338684082,0.8871979117393494,1.3261979818344116,0.873522937297821,1.221848758302246
1.2143163681030273,0.6411583423614502,1.1283018589019775,0.8763595223426819,1.0908039808273315,0.8774159550666809,1.1549019512998535
1.1020052433013916,0.8752923607826233,1.0810933113098145,0.893056333065033,1.0806918144226074,0.8822502493858337,0.8860566650649422
1.2283738851547241,0.8939626216888428,1.2140487432479858,0.8716062307357788,1.194213628768921,0.8837850689888,1.0969100130080565
1.2145240306854248,0.7999384999275208,1.1728883981704712,0.889086902141571,1.1962323188781738,0.865588366985321,0.9586073104988301
0.909170925617218,0.8914958238601685,0.9286112785339355,0.8665757775306702,1.1054375171661377,0.8964663743972778,0.8860566650649422
1.4177197217941284,0.8861232995986938,1.4416494369506836,0.8761062026023865,1.4512848854064941,0.8864787817001343,1.3617278360175928
1.159772515296936,0.7655846476554871,1.1576013565063477,0.8882642388343811,1.146329402923584,0.8810967803001404,1.0755469613925308
1.1791331768035889,0.8785864114761353,1.208133339881897,0.8741595149040222,1.064922571182251,0.8825422525405884,0.9777236052888477
1.806665301322937,0.8356792330741882,1.7844756841659546,0.8366151452064514,1.6642122268676758,0.8496508002281189,0.6989700043360189
1.1761507987976074,0.772732138633728,1.1878141164779663,0.8047833442687988,0.8855206370353699,0.8571274280548096,1.4771212547196624
1.2112067937850952,0.21937593817710876,1.2170495986938477,0.8109885454177856,0.9110589027404785,0.8543004989624023,1.3979400086720377
1.3439804315567017,0.7626504898071289,1.3522086143493652,0.8133622407913208,1.3482381105422974,0.6978700757026672,0.9030899869919435
1.1960185766220093,0.7531018853187561,1.0931849479675293,0.7893610000610352,1.1528429985046387,0.7189995050430298,1.1760912590556813
1.228255033493042,0.7620754241943359,1.1733464002609253,0.7919800877571106,1.2953534126281738,0.7361637949943542,1.3783979009481377
1.2109360694885254,0.7661857008934021,1.2554452419281006,0.7420783638954163,1.2934789657592773,0.8059977889060974,1.3010299956639813
1.393449306488037,0.791032612323761,1.2657808065414429,0.7304152250289917,1.2563157081604004,0.8094242215156555,1.1760912590556813
1.456475019454956,0.8117312788963318,1.3315815925598145,0.7918655872344971,1.2631477117538452,0.7578925490379333,1.146128035678238
0.6403829455375671,0.31792575120925903,0.6066312789916992,0.8244141340255737,0.5661134719848633,0.8448177576065063,0.572762898855467
0.6677326560020447,0.8309738636016846,0.6490896940231323,0.8212248086929321,0.6036268472671509,0.8212823271751404,0.5783216808001675
0.8918959498405457,0.8308809399604797,0.9117424488067627,0.8149536848068237,0.599848747253418,0.8302865028381348,0.6336295186630205
1.6346408128738403,0.8701651692390442,1.6357147693634033,0.8620368838310242,1.5504515171051025,0.8870443105697632,0.7517713333546332
1.6164755821228027,0.8893807530403137,1.8152961730957031,0.8898348808288574,1.8312292098999023,0.8925560712814331,0.5154377414620255
1.6484814882278442,0.8893802165985107,1.6549605131149292,0.9039281606674194,1.6365702152252197,0.8929862976074219,0.5470103885032926
0.6992071866989136,0.2500782608985901,0.6897854208946228,0.8661484122276306,0.7175439596176147,0.7902247309684753,0.6989700043360189
0.3987051248550415,0.7682046890258789,0.3962433338165283,0.8210338950157166,0.4186544418334961,0.6338610649108887,0.38021124171160603
0.5081901550292969,0.7010602951049805,0.26960062980651855,0.7020958662033081,0.2760753631591797,0.8856595754623413,0.11394335230683678
0.8694667220115662,0.7842921018600464,0.7881217002868652,0.671201765537262,0.8500208854675293,0.8861222267150879,0.7781512503836436
0.5476447343826294,0.6000109314918518,0.49644267559051514,0.5909950733184814,0.5468283891677856,0.6254602670669556,0.47712125471966244
0.6745986342430115,0.7060181498527527,0.36586034297943115,0.8669741749763489,0.36687731742858887,0.657740592956543,0.3424226808222063
0.9062027335166931,0.6240442991256714,1.0079123973846436,0.6871220469474792,0.9843511581420898,0.5463503003120422,1.1760912590556813
0.8128241896629333,0.867531955242157,0.78657066822052,0.717839241027832,0.7227159738540649,0.8870994448661804,0.8750612633917001
0.7315101027488708,0.7121299505233765,0.4803391695022583,0.7424636483192444,0.5401519536972046,0.8859620690345764,0.6020599913279624
0.7394692897796631,0.5422412157058716,0.6881036758422852,0.6972988843917847,0.6793838739395142,0.5182665586471558,0.3010299956639812
2.096924304962158,0.7450337409973145,1.8988137245178223,0.8548471331596375,1.969109296798706,0.7842424511909485,2.012837224705172
0.550300121307373,0.5631381869316101,1.0103495121002197,0.625565767288208,0.6090590953826904,0.8079529404640198,1.2041199826559248
1.0192475318908691,0.5679141879081726,1.02254319190979,0.6879058480262756,0.9723978042602539,0.7298958897590637,0.921686475483602
0.7377315759658813,0.8382692933082581,0.778809130191803,0.5648543834686279,0.7292639017105103,0.7978730201721191,0.8937617620579434
0.9785205721855164,0.4896906316280365,1.0724364519119263,0.6505510210990906,1.0229687690734863,0.6129992008209229,0.8305886686851442
1.03167724609375,0.8159266710281372,1.0759620666503906,0.6492893099784851,0.9917975068092346,0.40379613637924194,0.7708520116421442
-0.048774003982543945,0.8520358204841614,0.563650369644165,0.7670143246650696,0.38293445110321045,0.7182226777076721,0.5314789170422551
0.9394477009773254,0.24668823182582855,0.9619362354278564,0.514841616153717,0.5940358638763428,0.8248953223228455,0.3424226808222063
0.6883094310760498,0.5508164167404175,0.7825899720191956,0.7154245376586914,0.7819981575012207,0.7997731566429138,1.5010592622177514
0.06945574283599854,0.8495631217956543,0.5251936912536621,0.7160691022872925,0.5911692380905151,0.8527879118919373,0.6232492903979004
1.2222652435302734,0.25290778279304504,0.8302229642868042,0.7131335735321045,1.2491064071655273,0.43541646003723145,1.0644579892269186
2.022581100463867,0.8756201267242432,2.028820276260376,0.8446916341781616,2.122667074203491,0.7846446633338928,2.4082399653118496
0.7626210451126099,0.610355019569397,1.3547754287719727,0.842864990234375,0.6668119430541992,0.8544946312904358,0.6532125137753437
1.5836772918701172,0.8525117635726929,1.6431740522384644,0.7656819820404053,1.6470664739608765,0.702216386795044,0.568201724066995
0.9073166251182556,0.6922836303710938,0.8244439959526062,0.774512529373169,0.7648135423660278,0.7543013095855713,1.7151673578484579
1.0990420579910278,0.6446416974067688,1.147718071937561,0.7927431464195251,0.8582718372344971,0.7135424017906189,0.5910646070264992
1.4921269416809082,0.8549674153327942,0.8570861220359802,0.6760157346725464,0.9488576054573059,0.7125815749168396,1.5550944485783191
0.9989760518074036,0.7892634868621826,0.4384809732437134,0.8332040905952454,0.8463395237922668,0.7923985719680786,0.8512583487190752
1.6095269918441772,0.895588219165802,1.974621295928955,0.8724610209465027,1.6065596342086792,0.8484329581260681,2.44870631990508
1.2341324090957642,0.7988947629928589,1.6885643005371094,0.8536096811294556,1.571239709854126,0.8619454503059387,0.505149978319906
0.6774513125419617,0.7750564813613892,0.755925178527832,0.869648814201355,0.5877747535705566,0.8424094319343567,1.9822712330395684
2.692868947982788,0.8588172197341919,2.6847009658813477,0.7140518426895142,2.7748661041259766,0.8534514307975769,2.2973957102789804
3.5230941772460938,0.8657073378562927,3.5297083854675293,0.7800093293190002,3.565870761871338,0.8080518841743469,3.6560342834463664
3.2815561294555664,0.24829359352588654,3.345247268676758,0.9014266133308411,3.3176488876342773,0.8887490034103394,3.6560342834463664
3.3592021465301514,0.8539103865623474,3.347261905670166,0.7467887997627258,3.3527939319610596,0.8929317593574524,2.900913067737669
2.7296857833862305,0.7711902856826782,2.4206929206848145,0.9010806083679199,2.5414364337921143,0.8860692977905273,2.9060179692461596
2.7380948066711426,0.8693165183067322,2.4206929206848145,0.9010806083679199,2.5414364337921143,0.8860692977905273,2.900913067737669
3.073984146118164,0.5921971797943115,2.542238235473633,0.902169406414032,2.906752586364746,0.8650866746902466,3.126159652375837
2.017183303833008,0.904008150100708,1.9132839441299438,0.8927808403968811,1.9606599807739258,0.8899404406547546,3.109983294819892
1.6481494903564453,0.8917259573936462,1.6699228286743164,0.9039322733879089,1.6929988861083984,0.8999481201171875,2.0
1.6481480598449707,0.8917259573936462,1.6869560480117798,0.8896611332893372,1.6726949214935303,0.9070583581924438,2.0
2.901500701904297,0.8888488411903381,3.0865542888641357,0.8806787133216858,3.2031285762786865,0.9033319354057312,3.674952948048565
2.901500701904297,0.8888488411903381,3.289336681365967,0.867713451385498,3.2813267707824707,0.8161960244178772,3.2530955858490316
3.4333598613739014,0.8403675556182861,3.423013687133789,0.8607398867607117,3.2031285762786865,0.9033319354057312,2.949877704036875
2.018062114715576,0.6243734359741211,1.9931766986846924,0.6233652830123901,2.3199970722198486,0.6230225563049316,1.5797835966168101
1.800559639930725,0.6300516128540039,1.4908322095870972,0.6604263782501221,2.170541524887085,0.6202503442764282,1.7781512503836436
1.8872041702270508,0.6636195778846741,1.3823025226593018,0.6878361105918884,1.5936731100082397,0.6473806500434875,1.9912260756924949
1.8312523365020752,0.5980632901191711,1.3417894840240479,0.7262088656425476,1.564815640449524,0.6879045367240906,2.1271047983648077
0.7231073975563049,0.6670650243759155,0.7062637209892273,0.7337810397148132,0.6934046149253845,0.8296378254890442,0.6004987225948004
0.6911156177520752,0.6333281397819519,0.644618034362793,0.8587258458137512,0.6440563201904297,0.5663338899612427,0.6422230685031098
0.6931657195091248,0.8010061979293823,0.7023953795433044,0.7086954712867737,0.7143568992614746,0.8190256953239441,0.6863197266147095
0.7752800583839417,0.6534847021102905,0.7790022492408752,0.8590452075004578,0.7895521521568298,0.6572945713996887,0.7554006825805436
0.6685872077941895,0.598358690738678,0.6565902233123779,0.858266294002533,0.6546862721443176,0.6111443638801575,0.6584906695724873
0.6601079702377319,0.5362118482589722,0.645573079586029,0.7045643925666809,0.6497312188148499,0.5640537738800049,0.6922690907616533
0.6961702704429626,0.24543249607086182,0.6866897940635681,0.7033513784408569,0.7160385847091675,0.7017786502838135,0.7236088385015975
0.7765610218048096,0.28298479318618774,0.7953189015388489,0.4334133267402649,0.7999026775360107,0.5935176014900208,0.7704644333502404
0.640915036201477,0.29471153020858765,0.6148250102996826,0.86745285987854,0.6661092638969421,0.7098563313484192,0.537789008123533
0.5654531717300415,0.818336546421051,0.5707995891571045,0.7667258381843567,0.6370278596878052,0.6844793558120728,0.6004987225948004
0.6441857814788818,0.22705844044685364,0.6296274662017822,0.7660486102104187,0.6465113162994385,0.7706266045570374,0.6321616891371097
0.7352957725524902,0.5993441939353943,0.729050874710083,0.6218452453613281,0.7433719038963318,0.8236721754074097,0.7152834888984626
0.6545891761779785,0.866153359413147,0.5869159698486328,0.8595990538597107,0.6154754161834717,0.8256484866142273,0.5026753343752224
0.6092255115509033,0.8632521629333496,0.535959005355835,0.8626285791397095,0.5369195938110352,0.6813839673995972,0.5543355246304233
0.5853685140609741,0.875469446182251,0.6403793096542358,0.8866739273071289,0.5969804525375366,0.8250154852867126,0.5741697566312904
0.6776403188705444,0.30776363611221313,0.7540054321289062,0.8889400959014893,0.6844764947891235,0.8494939208030701,0.6710797696393469
0.5994794368743896,0.885643482208252,0.5982766151428223,0.9013797640800476,0.6016759872436523,0.879413366317749,0.4839931619052586
0.47805917263031006,0.8784002661705017,0.4676553010940552,0.877106785774231,0.480674147605896,0.9016125202178955,0.5072229862964996
0.5923893451690674,0.8537011742591858,0.485416054725647,0.8770039677619934,0.5042456388473511,0.8424320816993713,0.5117235111953695
0.6962128281593323,0.8631546497344971,0.6128770112991333,0.8909213542938232,0.6223397254943848,0.8768615126609802,0.5419851445059987
1.60107421875,0.8879703879356384,1.5870091915130615,0.9051360487937927,1.5711265802383423,0.8916848301887512,1.3010299956639813
1.4694026708602905,0.8808177709579468,1.5538536310195923,0.7477009892463684,1.5252711772918701,0.8893979787826538,1.708675792726537
1.6220190525054932,0.560064971446991,1.6206512451171875,0.5607324242591858,1.6383466720581055,0.8015770316123962,1.2730012720637376
1.49825918674469,0.8800930976867676,1.5826483964920044,0.3489747643470764,1.6837810277938843,0.7928730845451355,1.6327608884794387
1.7550159692764282,0.2907775938510895,1.702248454093933,0.7415570616722107,1.738391399383545,0.7941030859947205,1.675228253593064
1.8601022958755493,0.4118024408817291,1.789979100227356,0.888853907585144,1.791986346244812,0.7402669191360474,1.8093576702111058
1.5617656707763672,0.24851076304912567,1.5567429065704346,0.7436069846153259,1.5467675924301147,0.7071789503097534,1.6030360562505217
1.5641679763793945,0.7984980940818787,1.5657590627670288,0.8887360095977783,1.5669918060302734,0.5963570475578308,1.5922878159521308
1.6168363094329834,0.8875778317451477,1.6383318901062012,0.8834000825881958,1.5849915742874146,0.8675565719604492,1.5613399414589013
0.6970108151435852,0.860259473323822,1.0775395631790161,0.8930424451828003,1.140260934829712,0.8532108664512634,0.6211762817750351
0.9178910255432129,0.2620260715484619,1.2485209703445435,0.8909962177276611,1.359903335571289,0.8513411283493042,0.9072500828813285
1.5994799137115479,0.8397407531738281,1.5177596807479858,0.885449230670929,1.5757455825805664,0.8273524045944214,1.4520625774204234
1.7060199975967407,0.8724659085273743,1.7011547088623047,0.9044884443283081,1.7092702388763428,0.8912931680679321,2.281091665663499
1.8901227712631226,0.8240230679512024,1.9081854820251465,0.8954000473022461,1.9064093828201294,0.8517378568649292,2.106299572916015
1.8162281513214111,0.9035652279853821,1.874415636062622,0.8809717297554016,1.8441522121429443,0.8827387690544128,2.0163904168315687
2.0117223262786865,0.8512306213378906,1.9988232851028442,0.6434236764907837,2.023094415664673,0.8290757536888123,1.9375075510718127
1.8123894929885864,0.24323739111423492,1.8097525835037231,0.8773988485336304,1.873950481414795,0.8205040693283081,1.8669264750160817
1.7637577056884766,0.8908090591430664,1.809893012046814,0.8857568502426147,1.8096716403961182,0.8386204242706299,1.7981014785788747
1.7393306493759155,0.24202877283096313,1.7264279127120972,0.8781062364578247,1.7982865571975708,0.8077428340911865,1.7928247593001219
1.9716453552246094,0.7567217946052551,1.900193452835083,0.7746341824531555,1.8595448732376099,0.8233850598335266,1.7513580706372016
1.8775025606155396,0.7156955599784851,1.8517584800720215,0.8483309149742126,1.835479497909546,0.8393682241439819,1.790102116443042
1.6800611019134521,0.9050992727279663,1.6626794338226318,0.8933571577072144,1.6691571474075317,0.9064041376113892,2.369698138949881
0.5613405704498291,0.7395240068435669,0.5121109485626221,0.7554424405097961,0.5303143262863159,0.7639387249946594,1.3617278360175928
0.8056785464286804,0.20920580625534058,0.8136081695556641,0.8246450424194336,0.4920661449432373,0.7531145215034485,0.5797835966168101
0.4708125591278076,0.7267521619796753,0.7215510010719299,0.8599854111671448,0.45006275177001953,0.7407124638557434,0.38021124171160603
0.5828014612197876,0.8024237155914307,0.45035791397094727,0.7435497045516968,0.655677080154419,0.8781724572181702,0.47712125471966244
0.47728776931762695,0.7528936862945557,0.537443995475769,0.8588734269142151,0.519656777381897,0.8777856826782227,0.3010299956639812
0.3733174800872803,0.7399774789810181,0.1929776668548584,0.8346405625343323,0.2459474802017212,0.8839987516403198,0.43136376415898736
0.6770240664482117,0.850030779838562,0.7022085785865784,0.803444504737854,0.6503115296363831,0.853834331035614,0.5797835966168101
1.631651759147644,0.5622867345809937,1.6742855310440063,0.5598241686820984,1.6783757209777832,0.5926714539527893,1.7011469211582442
1.9789862632751465,0.2052420824766159,1.9715982675552368,0.4355345666408539,1.9016869068145752,0.5253446102142334,1.7011469211582442
2.388038158416748,0.40005233883857727,2.373070240020752,0.39860376715660095,2.382965326309204,0.3349948525428772,2.245214967977794
2.31815242767334,0.3817196786403656,2.3189644813537598,0.39552947878837585,2.317227840423584,0.3912515342235565,2.732555387821718
2.726783275604248,0.8221659660339355,2.687605619430542,0.8240196704864502,2.679905891418457,0.7968525290489197,3.1672727939401932
1.8583364486694336,0.642410397529602,1.8942803144454956,0.6733617782592773,1.8842741250991821,0.6862396001815796,1.6989700043360187
1.7947500944137573,0.5852400064468384,1.8159023523330688,0.6133174300193787,1.774475336074829,0.5717983245849609,1.9030899869919435
1.958335280418396,0.46101075410842896,1.9424867630004883,0.4190649092197418,1.8933658599853516,0.4485741853713989,2.0
2.0796103477478027,0.19525210559368134,2.070068359375,0.3488871157169342,2.040221929550171,0.25278881192207336,2.5160062303860475
2.0748867988586426,0.2428521364927292,2.0676040649414062,0.26029229164123535,2.111799955368042,0.38210001587867737,2.4533183400470375
1.98680579662323,0.27799588441848755,1.915353536605835,0.2913253605365753,1.8885551691055298,0.28366079926490784,2.0969100130080562
2.2231650352478027,0.2989315092563629,2.083662748336792,0.3883097469806671,2.186570882797241,0.2992822527885437,2.0
1.959862470626831,0.2852153778076172,1.9936519861221313,0.29129722714424133,1.9636809825897217,0.29572924971580505,1.9637878273455553
2.1539552211761475,0.28068721294403076,2.3181803226470947,0.29765036702156067,2.108623504638672,0.39560309052467346,1.9138138523837167
2.0264809131622314,0.48859286308288574,2.034108877182007,0.6152100563049316,2.1480727195739746,0.5300899147987366,1.9030899869919435
2.162224292755127,0.2437433898448944,2.225886821746826,0.2540411949157715,2.165231704711914,0.27076655626296997,1.7323937598229686
1.670642375946045,0.42621323466300964,1.6964467763900757,0.4266362190246582,2.0355541706085205,0.48835819959640503,1.568201724066995
1.7533257007598877,0.23032408952713013,1.7287418842315674,0.4774041175842285,2.0355541706085205,0.48835819959640503,1.4471580313422192
2.2214035987854004,0.26023542881011963,2.308049440383911,0.25047624111175537,2.270918607711792,0.2850589454174042,2.505149978319906
2.3404626846313477,0.37427738308906555,2.348574161529541,0.37036097049713135,2.3737730979919434,0.47185218334198,2.4471580313422194
2.3592817783355713,0.4965547025203705,2.513338565826416,0.5581827163696289,2.3491387367248535,0.5642366409301758,2.255272505103306
2.1882519721984863,0.6117275953292847,2.498828411102295,0.6553938984870911,2.2453746795654297,0.6140993237495422,2.2174839442139063
1.7271612882614136,0.8642968535423279,1.8143301010131836,0.8362019062042236,1.7384824752807617,0.8524884581565857,2.832508912706236
1.0045223236083984,0.5556945204734802,0.999765932559967,0.7444621324539185,0.9565672874450684,0.6843715906143188,0.8830935291101389
2.8135204315185547,0.8645140528678894,2.7968478202819824,0.6984471082687378,2.8249239921569824,0.834201991558075,2.8492146064139448
2.9416518211364746,0.884717583656311,2.920039653778076,0.7914997339248657,2.9430365562438965,0.8978842496871948,2.8920946026904804
3.1196484565734863,0.28386035561561584,3.1170883178710938,0.7687464952468872,3.098850965499878,0.8362430334091187,3.1760912590556813
3.130469799041748,0.2655995488166809,3.1666183471679688,0.8809575438499451,3.1583876609802246,0.8252050876617432,3.12057393120585
3.0347774028778076,0.880736231803894,2.996523857116699,0.7212691903114319,2.9991939067840576,0.90008944272995,3.0969100130080562
3.0382046699523926,0.29449132084846497,3.049327850341797,0.7826451659202576,3.0329411029815674,0.8389791250228882,3.0791812460476247
2.641359329223633,0.8765333294868469,2.681128978729248,0.8135532736778259,2.6771836280822754,0.8909395933151245,3.026669428201376
2.5404856204986572,0.8610166311264038,2.029198169708252,0.8140796422958374,1.95652437210083,0.8174953460693359,1.7853298350107671
2.3977012634277344,0.8694509267807007,2.0655720233917236,0.8570761680603027,1.922151803970337,0.8492875695228577,1.3010299956639813
0.3599785566329956,0.4959312379360199,0.5366398096084595,0.5391963124275208,0.562305212020874,0.5701273083686829,0.3979400086720376
0.5327328443527222,0.20251457393169403,0.5449895858764648,0.5298090577125549,0.5279648303985596,0.4974343180656433,0.3979400086720376
0.4677708148956299,0.4702029824256897,0.47335851192474365,0.44705989956855774,0.5703773498535156,0.4874627888202667,0.47712125471966244
0.6219544410705566,0.5132846236228943,0.622535228729248,0.51922208070755,0.6593334078788757,0.5415960550308228,0.6020599913279624
2.007969379425049,0.7227209806442261,1.9977370500564575,0.6979630589485168,2.0724711418151855,0.7212908267974854,0.9542425094393249
1.1674437522888184,0.865926206111908,1.0812547206878662,0.8599228262901306,1.0001614093780518,0.8216575384140015,0.5314789170422551
0.6886056065559387,0.8397703170776367,0.5637959241867065,0.8222203254699707,0.6575928330421448,0.7722412347793579,1.6334684555795866
1.6373993158340454,0.9056889414787292,1.6325703859329224,0.8941016793251038,1.6206709146499634,0.8930415511131287,1.6989700043360187
1.9629263877868652,0.3557022511959076,2.1442086696624756,0.6768542528152466,1.932494878768921,0.604442834854126,1.3502480183341627
1.1544188261032104,0.528581440448761,1.127228021621704,0.47010836005210876,1.4443100690841675,0.5481308102607727,1.250420002308894
1.3286627531051636,0.5290240049362183,1.584290623664856,0.5581422448158264,1.7523850202560425,0.5188440084457397,1.2479732663618066
1.5532444715499878,0.5086025595664978,1.6551119089126587,0.5323935747146606,1.7724628448486328,0.4885680675506592,1.24551266781415
1.7835134267807007,0.4943883717060089,1.8446900844573975,0.5689570307731628,1.7393057346343994,0.46210822463035583,1.2405492482825997
1.151576280593872,0.2419910877943039,1.1714684963226318,0.4666418433189392,1.1271629333496094,0.43152934312820435,1.1038037209559568
1.09804368019104,0.4567018151283264,1.1287384033203125,0.4994320273399353,1.1175355911254883,0.5431609153747559,1.0530784434834197
1.0891783237457275,0.6084353923797607,1.0710684061050415,0.5597105622291565,1.0721592903137207,0.581256091594696,1.021189299069938
1.0377576351165771,0.5902618765830994,1.0528569221496582,0.5698873400688171,1.0785794258117676,0.6212002038955688,1.0128372247051722
1.1127207279205322,0.34985587000846863,1.0821564197540283,0.4233919680118561,1.1225289106369019,0.38026198744773865,1.1549019512998535
1.0348118543624878,0.5301868319511414,1.043654441833496,0.3704930543899536,1.0923635959625244,0.4566369652748108,1.0863598306747482
0.9795292615890503,0.6429562568664551,0.99715256690979,0.5431544184684753,0.9868707656860352,0.474365770816803,1.0492180226701815
1.0446048974990845,0.2230502963066101,1.0113298892974854,0.5542662739753723,1.0411336421966553,0.58143550157547,1.041392685158225
1.0739777088165283,0.47106459736824036,1.0740989446640015,0.37601906061172485,1.103645920753479,0.366830974817276,1.1549019512998535
1.0099923610687256,0.5166219472885132,1.0701912641525269,0.374142587184906,1.063636302947998,0.4021189212799072,1.041392685158225
1.0365335941314697,0.5227181911468506,1.0418161153793335,0.5285887718200684,1.0485429763793945,0.4864163100719452,1.021189299069938
0.9562954306602478,0.6347805261611938,0.9947419762611389,0.4986167252063751,0.9769290089607239,0.5104647874832153,0.9867717342662448
1.1068124771118164,0.21453282237052917,1.0945837497711182,0.4242929518222809,1.0807256698608398,0.4141950011253357,1.0969100130080565
0.9972386360168457,0.5419082641601562,1.0396945476531982,0.4210032522678375,1.0279483795166016,0.4087144434452057,1.0170333392987803
1.0271987915039062,0.22547893226146698,1.0289807319641113,0.5640984773635864,1.0271486043930054,0.5609953999519348,1.0086001717619175
0.9497299194335938,0.5543756484985352,0.958118736743927,0.5725681185722351,0.9627668857574463,0.5234563946723938,0.9493900066449128
1.0601210594177246,0.4899410605430603,1.0586106777191162,0.4962928593158722,1.0667363405227661,0.5161864161491394,1.0791812460476249
1.0522241592407227,0.6280440092086792,1.0474538803100586,0.6224239468574524,1.055163860321045,0.6560511589050293,1.0
1.0207154750823975,0.24288521707057953,1.0277891159057617,0.5281456708908081,1.0012420415878296,0.5207521319389343,0.9731278535996987
0.9629262089729309,0.6853041052818298,0.9430785775184631,0.5926244854927063,0.967064380645752,0.6032400727272034,0.9242792860618817
1.0896071195602417,0.8193854689598083,1.112748146057129,0.7162869572639465,1.1257573366165161,0.7566285729408264,1.7781512503836436
1.2786715030670166,0.7332983016967773,1.4274027347564697,0.7734799981117249,1.73634934425354,0.7982597351074219,1.380211241711606
1.315948247909546,0.8030236959457397,1.3284517526626587,0.7721617817878723,1.7935724258422852,0.7968713045120239,0.9030899869919435
1.2568119764328003,0.8119720220565796,1.2290058135986328,0.7149562835693359,1.8906118869781494,0.7984628081321716,0.8450980400142568
2.0097193717956543,0.9053277373313904,1.9780241250991821,0.8893336057662964,2.4699840545654297,0.8763622641563416,2.4673614169369897
2.0945990085601807,0.9051544666290283,2.0607571601867676,0.8893378973007202,2.519996166229248,0.8573336601257324,2.6020599913279625
2.366240978240967,0.904043436050415,2.3287813663482666,0.8892494440078735,2.678251028060913,0.8606047630310059,2.6434526764861874
2.2058098316192627,0.8877497911453247,2.3101086616516113,0.9046308398246765,2.1670515537261963,0.8817466497421265,2.681241237375587
0.6791548132896423,0.8850799202919006,0.8974676132202148,0.89726322889328,0.6595594882965088,0.8694120049476624,0.9395192526186185
0.7456477880477905,0.8741933107376099,0.7325197458267212,0.8816143274307251,0.6495296359062195,0.8587793707847595,0.7708520116421442
0.9379019141197205,0.8843421339988708,0.9988774657249451,0.8980964422225952,0.882243812084198,0.8611657023429871,0.17609125905568124
1.2000453472137451,0.8000495433807373,1.0187311172485352,0.8898339867591858,1.0080161094665527,0.8665658235549927,1.0644579892269186
1.2181814908981323,0.7986537218093872,1.159389615058899,0.8967466354370117,1.1422868967056274,0.8720648884773254,0.8325089127062363
1.581311583518982,0.9003919959068298,1.639112114906311,0.9060186147689819,1.5961323976516724,0.9070541858673096,1.2227164711475833
1.6088963747024536,0.8913599848747253,1.5859289169311523,0.9017464518547058,1.6008391380310059,0.9069059491157532,1.2648178230095364
1.6570422649383545,0.8901484608650208,1.6623649597167969,0.9042454957962036,1.6595274209976196,0.8916823267936707,1.5910645958907432
0.8547946214675903,0.8949978947639465,0.9330345392227173,0.886967658996582,0.8812838792800903,0.8531992435455322,0.9731278535996987
0.9386306405067444,0.5767149329185486,0.9459036588668823,0.8868757486343384,1.1754900217056274,0.8927598595619202,0.7160033436347992
0.6627505421638489,0.8940263390541077,0.998263955116272,0.8929687142372131,0.9747219085693359,0.8929457068443298,0.5563025007672873
0.9924834966659546,0.879352867603302,1.0972307920455933,0.896113395690918,1.0073885917663574,0.8934910297393799,1.0086001717619175
1.1100876331329346,0.895051896572113,1.1133540868759155,0.882783055305481,1.2099517583847046,0.8911154866218567,0.8129133566428556
1.510170340538025,0.8879203200340271,1.6409499645233154,0.9060152769088745,1.494550108909607,0.8911020755767822,1.4785664955938433
1.5233714580535889,0.8869487047195435,1.5024290084838867,0.9028626084327698,1.5325922966003418,0.8989542722702026,1.4941545940184429
1.6227705478668213,0.9055774211883545,1.6251263618469238,0.8898377418518066,1.6100295782089233,0.8930405378341675,1.6830470382388496
3.206225633621216,0.40024617314338684,3.210404872894287,0.4094649851322174,3.2380456924438477,0.44652995467185974,3.361727836017593
3.2042670249938965,0.3769698739051819,3.1832425594329834,0.43325290083885193,3.250562906265259,0.4395447373390198,3.3010299956639813
3.1001358032226562,0.3150913119316101,3.093768835067749,0.34044280648231506,3.0857958793640137,0.40260976552963257,3.146128035678238
3.058623790740967,0.7459549903869629,2.96559476852417,0.5034091472625732,2.9745054244995117,0.4056199789047241,2.9956351945975497
3.246603488922119,0.4312277138233185,3.178203582763672,0.444807767868042,3.196786642074585,0.37289854884147644,3.342422680822206
3.2774481773376465,0.6799734234809875,3.2557148933410645,0.3054649233818054,3.2187016010284424,0.39291346073150635,3.037426497940624
3.203392505645752,0.7002158761024475,3.1235809326171875,0.31125375628471375,3.128568172454834,0.38984957337379456,3.0170333392987803
3.066110849380493,0.7350663542747498,2.9793763160705566,0.39846912026405334,2.988335609436035,0.4426271915435791,3.0
3.200843334197998,0.4098283648490906,3.2563514709472656,0.39148008823394775,3.227989673614502,0.39409780502319336,3.0211892990699383
3.073082447052002,0.30362269282341003,3.092228412628174,0.272349089384079,3.1318423748016357,0.34571075439453125,3.3010299956639813
3.1628777980804443,0.6870020031929016,3.0682477951049805,0.3326908051967621,3.07726788520813,0.32061758637428284,3.0170333392987803
3.042649269104004,0.7241938710212708,2.9715278148651123,0.37873226404190063,2.957212448120117,0.4217003285884857,2.9542425094393248
1.9878695011138916,0.7865299582481384,1.9620362520217896,0.8088024854660034,2.019143581390381,0.7900300025939941,4.0
1.9979398250579834,0.8920911550521851,1.7690485715866089,0.900322675704956,1.941812515258789,0.8906089663505554,2.9542425094393248
2.167574405670166,0.8366804718971252,1.96925950050354,0.8831618428230286,2.1843366622924805,0.8720569610595703,2.845098040014257
2.5529212951660156,0.6197496056556702,2.529524326324463,0.6341049075126648,2.505018949508667,0.6639251708984375,2.6020599913279625
2.6038930416107178,0.5970965623855591,2.611705780029297,0.7018347382545471,2.6131508350372314,0.6469241380691528,2.4771212547196626
2.6949710845947266,0.8214426040649414,2.788428783416748,0.8301487565040588,2.651644229888916,0.8458200097084045,2.3010299956639813
2.625314712524414,0.7216255068778992,2.5853323936462402,0.5849268436431885,2.5733327865600586,0.6434378623962402,2.6232492903979003
2.633788585662842,0.2237560898065567,2.5812456607818604,0.6969918608665466,2.610579013824463,0.648138701915741,2.6434526764861874
2.5591607093811035,0.6116758584976196,2.5287718772888184,0.7228645086288452,2.5738601684570312,0.5885874629020691,2.6627578316815743
1.3592511415481567,0.8852925300598145,1.2029304504394531,0.8798277974128723,1.3033043146133423,0.8972543478012085,1.1549019512998535
1.7459757328033447,0.6406999230384827,1.8339686393737793,0.6525595784187317,1.8022055625915527,0.6501837968826294,1.7853298350107671
1.135624885559082,0.6937817335128784,1.1269174814224243,0.6785790324211121,1.2977938652038574,0.7300904393196106,1.255272505103306
2.0386245250701904,0.6290122866630554,2.087899684906006,0.6438155174255371,2.0475873947143555,0.6067970395088196,1.9344984512435677
1.4647982120513916,0.303305447101593,1.4236496686935425,0.6397272944450378,1.433980941772461,0.7196266651153564,1.3617278360175928
2.202070951461792,0.6724047064781189,2.421114921569824,0.6799430251121521,2.335554361343384,0.6219325661659241,2.1522883443830563
1.6434199810028076,0.48196420073509216,1.4842318296432495,0.7369954586029053,1.832338809967041,0.7370356917381287,1.5563025007672873
2.1243627071380615,0.840089738368988,2.2210333347320557,0.8227024078369141,2.142040252685547,0.827246904373169,2.419955748489758
1.4371596574783325,0.8428030610084534,1.7807939052581787,0.8518260717391968,1.9264497756958008,0.8744832277297974,1.9344984512435677
0.04123365879058838,0.693782389163971,0.0417332649230957,0.7312542796134949,0.051737427711486816,0.7144325971603394,-0.09691001300805639
0.04523015022277832,0.22037217020988464,0.07182884216308594,0.6590749621391296,0.0568615198135376,0.7075176239013672,0.07918124604762482
0.22418749332427979,0.6736165285110474,0.20246636867523193,0.7413351535797119,0.23197543621063232,0.6532653570175171,0.21748394421390624
0.578633189201355,0.6654418110847473,0.5511952638626099,0.7545607686042786,0.6039637327194214,0.7250255942344666,0.5877109650189114
1.325222134590149,0.7073237299919128,1.3197197914123535,0.7773190140724182,1.3781588077545166,0.7517372369766235,1.3222192947339193
1.2485814094543457,0.22690272331237793,1.2602733373641968,0.7775301933288574,1.2889986038208008,0.7519025206565857,1.2810333672477277
1.219771385192871,0.7277460098266602,1.2022801637649536,0.8056705594062805,1.2603440284729004,0.7519287467002869,1.2227164711475833
1.0447118282318115,0.6540641188621521,1.1158511638641357,0.6985756158828735,1.027632236480713,0.6699570417404175,0.9084850188786497
1.034224271774292,0.678322434425354,1.0149403810501099,0.6886190176010132,1.037811517715454,0.6717358231544495,1.1986570869544226
1.3422597646713257,0.6822503805160522,1.4199753999710083,0.6816738843917847,1.328005313873291,0.7126473784446716,1.1818435879447726
1.7094497680664062,0.27845919132232666,1.6913728713989258,0.674833357334137,1.764838457107544,0.696900486946106,1.7972675408307164
2.6724295616149902,0.7182740569114685,2.6153383255004883,0.733941912651062,2.5880284309387207,0.708840012550354,2.5514499979728753
2.250298023223877,0.7300604581832886,2.3763513565063477,0.7308472990989685,2.225904941558838,0.7509653568267822,2.550717423469283
2.3498833179473877,0.3071175515651703,2.2166709899902344,0.7488035559654236,2.37378191947937,0.7366011738777161,1.909020854211156
1.5078829526901245,0.8845851421356201,1.6870732307434082,0.8748229146003723,1.6971893310546875,0.8657314777374268,1.3364597338485296
1.3351892232894897,0.8681626319885254,1.069657802581787,0.8295972943305969,1.0724132061004639,0.8626536130905151,1.4857214264815801
1.2595714330673218,0.4855003356933594,1.2167420387268066,0.8584080934524536,1.2769910097122192,0.8661279678344727,1.5954962108028714
1.2902755737304688,0.8656020760536194,1.4136877059936523,0.8317724466323853,1.4410731792449951,0.8389932513237,1.0128372247051722
1.513577938079834,0.8268043398857117,1.3735418319702148,0.8476414084434509,1.3970366716384888,0.8533389568328857,1.1958996524092338
1.96486234664917,0.8056639432907104,1.8731606006622314,0.8090493679046631,1.7724006175994873,0.7983676195144653,1.221848758302246
1.2588238716125488,0.746902585029602,1.12965726852417,0.8518538475036621,1.2588614225387573,0.8611515760421753,1.0457574862177303
2.183969736099243,0.8639706969261169,2.7230188846588135,0.8262065052986145,2.1426749229431152,0.8435035347938538,1.968482948553935
1.8115198612213135,0.8815121650695801,1.8395332098007202,0.9022743105888367,1.8262443542480469,0.8901150226593018,1.6232492903979006
1.3199180364608765,0.6238032579421997,1.3039219379425049,0.6072238087654114,1.3235150575637817,0.6079174876213074,1.4771212547196624
1.7777667045593262,0.5805620551109314,1.6819143295288086,0.6121383309364319,1.7537211179733276,0.6308884620666504,1.6989700043360187
1.5450630187988281,0.3937225341796875,1.3516300916671753,0.7500471472740173,1.5736945867538452,0.7340664863586426,1.6989700043360187
1.9826432466506958,0.7672672271728516,1.6872766017913818,0.7837892174720764,2.0206942558288574,0.7553039193153381,1.9344984512435677
2.2032318115234375,0.6794593930244446,2.146082639694214,0.632087230682373,2.2210798263549805,0.613599956035614,1.8864907251724818
2.2623419761657715,0.7759308218955994,2.2112843990325928,0.8721562027931213,2.1671133041381836,0.8836417198181152,2.322219294733919
2.062790632247925,0.7292847037315369,2.384733200073242,0.7392667531967163,2.286214828491211,0.6856071949005127,1.9084850188786497
2.7369394302368164,0.7040657997131348,2.659121036529541,0.6767141222953796,2.6263997554779053,0.6627762317657471,2.937517892017347
2.348844528198242,0.7223276495933533,2.696265697479248,0.7407143712043762,2.6055264472961426,0.7571167349815369,1.7781512503836436
3.299393653869629,0.6887245178222656,3.284022331237793,0.7265052199363708,3.3318779468536377,0.6799905896186829,3.7104558643354246
2.6975021362304688,0.7541228532791138,3.30078125,0.7430838346481323,3.2426066398620605,0.7695167064666748,2.8432327780980096
2.793142557144165,0.8557557463645935,2.687756061553955,0.8753859996795654,2.6988511085510254,0.8845560550689697,3.287801729930226
1.6083263158798218,0.9049496054649353,1.6507813930511475,0.8897207379341125,1.6733648777008057,0.8914433717727661,1.4885507165004443
1.7432870864868164,0.6027904748916626,1.7622307538986206,0.627914309501648,1.7700402736663818,0.6572927236557007,1.7242758696007892
1.669119119644165,0.28429028391838074,1.6760050058364868,0.5446485877037048,1.645793080329895,0.5226680636405945,1.6334684555795866
1.5879461765289307,0.2608323395252228,1.5991010665893555,0.5390620827674866,1.6042248010635376,0.5794338583946228,1.5440680443502757
1.5188242197036743,0.6258342862129211,1.5286426544189453,0.6070919036865234,1.5424789190292358,0.6059179902076721,1.4913616938342726
1.301092267036438,0.6789599657058716,1.3337234258651733,0.698468804359436,1.3355746269226074,0.6466977596282959,1.255272505103306
1.883675456047058,0.5909571051597595,1.8786509037017822,0.594045102596283,1.8978984355926514,0.614610493183136,1.8808135922807914
1.8044536113739014,0.2494746893644333,1.7913357019424438,0.4532224237918854,1.8052595853805542,0.5316852331161499,1.8195439355418688
1.721486210823059,0.43488848209381104,1.6885019540786743,0.49225878715515137,1.7420907020568848,0.5228045582771301,1.7481880270062005
1.627143383026123,0.22409896552562714,1.6135683059692383,0.5911858081817627,1.6353141069412231,0.5779303908348083,1.6812412373755872
1.4803885221481323,0.2544681429862976,1.4153673648834229,0.70435631275177,1.424609661102295,0.6492888927459717,1.5314789170422551
2.130800247192383,0.48822662234306335,2.135122299194336,0.5413220524787903,2.1338672637939453,0.5234825611114502,2.155336037465062
2.069019317626953,0.40071630477905273,2.0775341987609863,0.40589630603790283,2.061906576156616,0.3685765564441681,2.0644579892269186
2.0154917240142822,0.23296959698200226,2.0356357097625732,0.40706366300582886,2.01078462600708,0.4077851474285126,1.9867717342662448
1.9367791414260864,0.5444303154945374,1.946875810623169,0.5048673152923584,1.9240080118179321,0.48831450939178467,1.919078092376074
1.8925490379333496,0.2783437669277191,1.8770430088043213,0.5933228731155396,1.8785276412963867,0.6204746961593628,1.7323937598229686
2.4518136978149414,0.3384413421154022,2.4688775539398193,0.6037055850028992,2.471619129180908,0.5903375148773193,2.651278013998144
2.417534351348877,0.4587596654891968,2.4543395042419434,0.45058968663215637,2.446481227874756,0.4317576289176941,2.525044807036845
2.31429386138916,0.5027107000350952,2.375129461288452,0.5012691020965576,2.367112159729004,0.5014793276786804,2.428134794028789
2.203578472137451,0.5072943568229675,2.24531626701355,0.5526748299598694,2.2086381912231445,0.5061005353927612,2.296665190261531
2.138383150100708,0.6726646423339844,2.047743320465088,0.6630814075469971,2.0861856937408447,0.6468276977539062,2.100370545117563
2.276172161102295,0.33888858556747437,2.268082618713379,0.6001280546188354,2.2649030685424805,0.5893682837486267,2.2095150145426308
2.2468764781951904,0.4418555498123169,2.2556495666503906,0.4624878168106079,2.2661733627319336,0.4285929799079895,2.1172712956557644
2.0904862880706787,0.49593761563301086,2.1352720260620117,0.5014854669570923,2.16058349609375,0.43299275636672974,2.0644579892269186
2.0351791381835938,0.5109856724739075,2.0135207176208496,0.5458620190620422,2.045562982559204,0.590603232383728,1.9084850188786497
1.9412200450897217,0.6692260503768921,1.891975998878479,0.6425896883010864,1.8906662464141846,0.6308761239051819,1.845098040014257
2.1035256385803223,0.37102770805358887,2.045428991317749,0.6190061569213867,2.0572779178619385,0.5924791097640991,2.0569048513364727
1.951006531715393,0.4810604751110077,1.9341672658920288,0.5196117162704468,2.0271222591400146,0.4963825047016144,2.0086001717619175
1.8993996381759644,0.5056902766227722,1.9120275974273682,0.5479265451431274,1.9440617561340332,0.49861136078834534,1.9084850188786497
1.814005970954895,0.6125659942626953,1.7748571634292603,0.5703282952308655,1.77382493019104,0.5622050762176514,1.8260748027008264
1.8041410446166992,0.6871453523635864,1.7373367547988892,0.6122812032699585,1.6955962181091309,0.6222216486930847,1.7323937598229686
3.0064713954925537,0.8642495274543762,2.678727865219116,0.8654345273971558,2.9593913555145264,0.8321682810783386,3.330413773349191
3.2554783821105957,0.80522620677948,2.9134745597839355,0.8538333773612976,3.2306556701660156,0.8267192244529724,3.2016701796465816
3.1432242393493652,0.8457075357437134,3.118525743484497,0.8189176917076111,3.1225247383117676,0.7901734113693237,3.0874264570362855
2.850125551223755,0.8335422873497009,2.8457655906677246,0.8159438371658325,2.894752264022827,0.8749483227729797,2.9938769149412114
2.6814002990722656,0.8589484691619873,2.602517604827881,0.8298039436340332,2.7737205028533936,0.8283406496047974,2.6580113966571126
2.9979281425476074,0.5167785286903381,3.045858383178711,0.49870482087135315,3.025573968887329,0.5370236039161682,3.12515582958053
2.879034996032715,0.20968180894851685,2.855870246887207,0.3733319044113159,2.8735995292663574,0.3791933059692383,2.9960736544852753
2.9138731956481934,0.5208029747009277,2.9134058952331543,0.5151795744895935,2.903013229370117,0.47196686267852783,2.9410142437055695
2.8014297485351562,0.4569476842880249,2.820816993713379,0.5562583208084106,2.7948663234710693,0.5314010977745056,2.7596678446896306
2.719615936279297,0.3575589060783386,2.701904296875,0.36144644021987915,2.7365221977233887,0.3757449984550476,2.716003343634799
2.6757140159606934,0.5444621443748474,2.7111597061157227,0.5684480667114258,2.664170980453491,0.5145554542541504,2.6693168805661123
2.579461097717285,0.3596508204936981,2.5864527225494385,0.3793025016784668,2.5680646896362305,0.3800686299800873,2.606381365110605
2.38280987739563,0.5874391794204712,2.3865482807159424,0.6070539951324463,2.3521995544433594,0.6086198091506958,2.424881636631067
2.468935489654541,0.40502333641052246,2.448853015899658,0.4109586477279663,2.4607598781585693,0.3794500529766083,2.4216039268698313
2.209900140762329,0.45516687631607056,2.150881290435791,0.4725953936576843,2.1864988803863525,0.46735721826553345,2.2278867046136734
2.718074321746826,0.4704883396625519,2.8546831607818604,0.6789491772651672,2.721174955368042,0.6884490847587585,3.041392685158225
2.9967503547668457,0.4213796555995941,3.1745824813842773,0.7361530661582947,3.0081634521484375,0.6758977770805359,3.1271047983648077
3.3128273487091064,0.34005939960479736,3.441162109375,0.7139153480529785,3.1917383670806885,0.676607072353363,3.359835482339888
3.2751588821411133,0.687605082988739,3.3019955158233643,0.7381271123886108,3.083211898803711,0.7089987993240356,3.660865478003869
1.6239773035049438,0.8477126955986023,1.617722749710083,0.8514938950538635,1.5448349714279175,0.8429483771324158,1.4708906104643977
1.509439468383789,0.8212301135063171,1.492126703262329,0.8939904570579529,1.5575610399246216,0.9060927629470825,1.403161082042965
1.686336636543274,0.890633225440979,1.6520005464553833,0.8934947848320007,1.652524471282959,0.9066498279571533,1.2427786353774164
1.4055728912353516,0.8164016008377075,1.3958766460418701,0.8366913199424744,1.2433420419692993,0.8586024045944214,0.8325089127062363
1.2635529041290283,0.8628405332565308,1.266754388809204,0.8669883012771606,1.3148536682128906,0.8716732263565063,1.252853030979893
1.1248369216918945,0.788402259349823,1.1253836154937744,0.8177981376647949,1.1614166498184204,0.8298476338386536,1.1139433523068367
0.9757981300354004,0.86395263671875,0.996666431427002,0.8097577095031738,0.941405713558197,0.855718731880188,0.9731278535996987
0.8206142783164978,0.8684853911399841,0.8221527934074402,0.8446982502937317,0.7680632472038269,0.8596322536468506,0.8450980400142568
0.7430881261825562,0.23774978518486023,0.7510938048362732,0.7728686928749084,0.7091487050056458,0.8608320355415344,0.7781512503836436
0.8239588737487793,0.8716857433319092,0.8298298716545105,0.7164597511291504,0.8444326519966125,0.788379430770874,0.6434526764861874
1.1088204383850098,0.6473489999771118,1.1129038333892822,0.6184457540512085,1.1386759281158447,0.6446609497070312,1.3560258571931227
1.3087880611419678,0.2453841120004654,1.3197473287582397,0.6185434460639954,1.1386759281158447,0.6446609497070312,1.1139433523068367
0.8413817286491394,0.5023239850997925,0.8951177000999451,0.4475595951080322,0.8849840760231018,0.42320773005485535,1.0293837776852097
0.7892458438873291,0.5311731696128845,0.8755897283554077,0.5432212352752686,0.8405223488807678,0.5503053665161133,1.0
1.1748930215835571,0.2694457769393921,1.1499054431915283,0.5179811120033264,1.0501998662948608,0.5450713038444519,0.9542425094393249
0.9750127196311951,0.21940448880195618,0.9510523676872253,0.44271472096443176,0.9534779787063599,0.4269635081291199,0.8388490907372553
0.8985467553138733,0.5241948366165161,0.8971867561340332,0.5292893648147583,0.8405223488807678,0.5503053665161133,0.7781512503836436
0.930959939956665,0.5460003614425659,0.9468329548835754,0.6112703084945679,0.9458639025688171,0.5882384777069092,0.6812412373755872
2.090108871459961,0.24252930283546448,1.9046709537506104,0.4598710536956787,2.1211166381835938,0.48450344800949097,2.4471580313422194
1.652057409286499,0.8995452523231506,1.648237943649292,0.9060055613517761,1.656697392463684,0.8997102975845337,0.3010299956639812
2.020698070526123,0.38933926820755005,2.036386489868164,0.7791988849639893,2.0135204792022705,0.819350004196167,1.0
1.1069684028625488,0.813780665397644,1.0990056991577148,0.8371543884277344,1.1140923500061035,0.7573828101158142,1.1139433523068367
1.220656156539917,0.3207729458808899,1.371378779411316,0.8586693406105042,1.133192539215088,0.7658314108848572,1.0791812460476249
1.3886308670043945,0.8112928867340088,1.5480108261108398,0.8506854176521301,1.4336835145950317,0.8224137425422668,1.3222192947339193
1.209727168083191,0.7284595370292664,1.2086060047149658,0.824424684047699,1.2058017253875732,0.7566215991973877,1.3010299956639813
1.4857656955718994,0.29262709617614746,1.6335155963897705,0.8457640409469604,1.4502246379852295,0.7968156933784485,1.6127838567197355
1.607036828994751,0.42009666562080383,1.7508131265640259,0.7874212861061096,1.605650782585144,0.8098997473716736,2.0681858617461617
1.806413173675537,0.8064495325088501,1.6264593601226807,0.7410489320755005,1.6322004795074463,0.7793576121330261,1.5563025007672873
2.356233596801758,0.8839467167854309,2.3704421520233154,0.8696667551994324,2.481433629989624,0.8813602924346924,2.100370545117563
1.3817490339279175,0.8188886046409607,1.316527009010315,0.8251866698265076,1.4185197353363037,0.8210435509681702,1.7403626894942439
1.410362958908081,0.9054558873176575,1.4653093814849854,0.9034176468849182,1.4859490394592285,0.9062020182609558,0.0
1.2301865816116333,0.8893684148788452,0.9423072338104248,0.9021626710891724,1.1681382656097412,0.8909690976142883,0.9542425094393249
2.571214199066162,0.8903030753135681,2.551241397857666,0.8810056447982788,2.4843897819519043,0.8793058395385742,3.0681858617461617
2.5849642753601074,0.7369933128356934,2.3229176998138428,0.8329434990882874,2.323850154876709,0.8142040967941284,2.7126497016272113
2.4935507774353027,0.4134725034236908,2.4538049697875977,0.8776264786720276,2.463836908340454,0.9023115634918213,2.6127838567197355
2.3232264518737793,0.7490243315696716,2.285593271255493,0.7853913307189941,2.2048962116241455,0.752953052520752,2.367355921026019
1.5520344972610474,0.8271021246910095,1.5712909698486328,0.8255883455276489,1.6292595863342285,0.8038756847381592,1.6020599913279625
1.6167759895324707,0.8466582298278809,1.8031500577926636,0.8553858399391174,1.8007287979125977,0.7935752272605896,1.6020599913279625
1.4009592533111572,0.8817247748374939,1.4796180725097656,0.8861390948295593,1.4624207019805908,0.8804070949554443,1.6020599913279625
1.2485647201538086,0.8813199400901794,1.363863229751587,0.8424240946769714,1.3302841186523438,0.8515393733978271,1.413299764081252
1.146723747253418,0.8473880290985107,1.4539004564285278,0.8671467900276184,1.4642657041549683,0.8834108710289001,1.1903316981702914
1.2512105703353882,0.8771267533302307,1.2968053817749023,0.8931976556777954,1.3609275817871094,0.9041894674301147,1.1903316981702914
1.4279028177261353,0.8465147614479065,1.1361093521118164,0.886413037776947,1.1543493270874023,0.9009148478507996,1.0530784434834197
1.3885018825531006,0.8571634888648987,0.9847705364227295,0.8820064663887024,1.0339758396148682,0.8827695250511169,0.7589118923979735
1.6373993158340454,0.9056889414787292,1.6380023956298828,0.8898446559906006,1.6547021865844727,0.8999606966972351,1.6989700043360187
1.6373993158340454,0.9056889414787292,1.6380025148391724,0.8898446559906006,1.6547021865844727,0.8999606966972351,1.5228787409373927
1.6379786729812622,0.8893832564353943,1.6385037899017334,0.9060201644897461,1.6384737491607666,0.90705806016922,1.9159272116971158
0.7585601806640625,0.7765833735466003,1.4820984601974487,0.8439744114875793,0.7842312455177307,0.8268334865570068,0.8860566650649422
1.088667869567871,0.8357600569725037,1.618830919265747,0.8520292043685913,0.9719465374946594,0.8178679943084717,0.7958800173440752
1.1895055770874023,0.7889026999473572,1.3479201793670654,0.7860589027404785,1.2043818235397339,0.8697593212127686,1.1549019512998535
1.3173439502716064,0.7985588312149048,1.3210601806640625,0.8380076289176941,1.3239084482192993,0.7893451452255249,1.221848758302246
1.2005665302276611,0.7850797772407532,1.1684050559997559,0.807977020740509,1.2282360792160034,0.8672541975975037,1.5228787409373927
1.739673376083374,0.859092652797699,1.8357312679290771,0.8504391312599182,1.8045835494995117,0.8424779772758484,1.6989700043360187
1.9316449165344238,0.861835777759552,1.8845252990722656,0.8377810716629028,1.9135510921478271,0.8459954857826233,2.0
1.8496743440628052,0.8715189099311829,1.8445351123809814,0.876808226108551,1.8212264776229858,0.8740160465240479,1.7781512503836436
1.5941780805587769,0.8885570168495178,1.583438515663147,0.9035084843635559,1.6120489835739136,0.8964691758155823,0.8538719556358723
1.4969513416290283,0.888905942440033,1.2942599058151245,0.8826870322227478,1.3381808996200562,0.8889832496643066,0.7075701760979364
2.1831319332122803,0.8531401753425598,2.0918004512786865,0.8235119581222534,2.178154468536377,0.8491204977035522,3.6127838567197355
1.5810081958770752,0.7973183989524841,1.3184890747070312,0.7960231304168701,1.3354324102401733,0.7656977772712708,2.103803720955957
2.0533437728881836,0.6642246842384338,2.0292012691497803,0.7976744174957275,2.3686811923980713,0.8086611032485962,2.5440680443502757
1.1754539012908936,0.8789013624191284,1.6380021572113037,0.8898446559906006,1.1725425720214844,0.9070565104484558,1.2405492482825997
1.2562479972839355,0.8873009085655212,1.6380021572113037,0.8898446559906006,1.2574442625045776,0.8976541757583618,1.1549019512998535
1.5347180366516113,0.8820739388465881,1.5809285640716553,0.8859596252441406,1.5790202617645264,0.871297299861908,1.625312461253012
1.0375511646270752,0.8675828576087952,1.2099566459655762,0.9048635959625244,0.9978479146957397,0.8930739760398865,0.9586073104988301
1.189160704612732,0.8751286268234253,1.1946240663528442,0.8857783079147339,1.000646710395813,0.8899635076522827,0.8450980400142568
1.5129307508468628,0.8883948922157288,1.4735753536224365,0.898030161857605,1.4465901851654053,0.9062566161155701,1.6954816764901974
1.0203927755355835,0.8945208787918091,1.1567964553833008,0.904933750629425,1.0176352262496948,0.8889049887657166,0.7958800173440752
1.0588843822479248,0.8799574971199036,1.0859320163726807,0.8860452175140381,0.9421364665031433,0.8956599831581116,0.7075701760979364
0.7513357400894165,0.904528021812439,1.637235403060913,0.9039405584335327,0.7566118836402893,0.893969714641571,0.7695510829646709
0.8083175420761108,0.8912432193756104,1.6372188329696655,0.9039405584335327,0.8093621730804443,0.8875184059143066,0.7160033436347992
0.9942267537117004,0.8704874515533447,1.0959534645080566,0.8600224852561951,1.1294664144515991,0.8657559752464294,1.6020599913279625
1.7671091556549072,0.6344292759895325,1.537911057472229,0.6668336987495422,1.7700542211532593,0.3916931450366974,1.0759117614827776
1.952905535697937,0.837489128112793,2.021937608718872,0.6931380033493042,1.4016836881637573,0.671316921710968,2.6541187604979295
1.1972265243530273,0.6977225542068481,0.9755977988243103,0.436237096786499,1.0704998970031738,0.6154168248176575,1.1532049000842843
0.9517219066619873,0.301638662815094,0.9215328693389893,0.7216684818267822,1.1790378093719482,0.6567143797874451,1.0982975364946976
2.0842535495758057,0.2113334983587265,2.1278209686279297,0.630861222743988,2.1346988677978516,0.2871773838996887,1.5273720828276118
1.7168794870376587,0.5690944790840149,1.7168123722076416,0.5984503030776978,1.6037391424179077,0.2932840585708618,1.5843312243675307
1.5605943202972412,0.6943480372428894,1.6334553956985474,0.5164778232574463,1.627636194229126,0.6530959606170654,1.5443161417474274
2.367960214614868,0.6925060153007507,2.4825868606567383,0.6109087467193604,2.0214593410491943,0.6268443465232849,3.070942474030112
2.720510482788086,0.4717579782009125,2.6272740364074707,0.5899218916893005,2.695030450820923,0.4000847041606903,2.1219863790508384
1.7189981937408447,0.849998414516449,2.112257480621338,0.6663369536399841,2.139350175857544,0.5532214045524597,2.43539838026736
1.9081629514694214,0.8344758749008179,2.1428050994873047,0.3857091963291168,2.184136390686035,0.6117358803749084,2.608675764480902
3.2708654403686523,0.5605858564376831,2.8590762615203857,0.6570653319358826,2.8720033168792725,0.6537536382675171,3.2004565007517085
2.0999884605407715,0.8489254713058472,2.563631772994995,0.7306191921234131,2.852113723754883,0.5771244764328003,2.8519428931916573
1.75333833694458,0.8183454871177673,1.6459076404571533,0.8973849415779114,1.8644769191741943,0.8743967413902283,3.2917661058877763
1.109525442123413,0.7374866008758545,1.4377226829528809,0.6967324018478394,1.5302352905273438,0.6279996037483215,1.7481880270062005
1.3663556575775146,0.7545673251152039,1.541245698928833,0.7219509482383728,1.6889197826385498,0.688008725643158,1.6901960800285136
1.7642669677734375,0.725377082824707,1.865977168083191,0.7085099220275879,1.9320533275604248,0.779449999332428,1.5797835966168101
2.3411495685577393,0.6027496457099915,2.221174716949463,0.5345541834831238,2.126823902130127,0.7124776840209961,2.6627578316815743
2.1962809562683105,0.5891910195350647,2.4910502433776855,0.7446848154067993,2.5507068634033203,0.7068314552307129,1.9030899869919435
1.9995638132095337,0.7185134887695312,2.2240400314331055,0.45937955379486084,2.3891444206237793,0.6847329139709473,2.6434526764861874
2.202500820159912,0.5775991678237915,2.2334797382354736,0.6714305281639099,2.382373571395874,0.6785582900047302,1.845098040014257
2.5320212841033936,0.6551818251609802,2.56223201751709,0.7860384583473206,2.4919872283935547,0.607586681842804,2.6020599913279625
1.8369780778884888,0.7294689416885376,2.0095038414001465,0.7445201277732849,2.0718257427215576,0.6713250875473022,2.6020599913279625
1.9072380065917969,0.7260315418243408,2.0464072227478027,0.7468194961547852,2.021254062652588,0.6672691106796265,1.7160033436347992
2.473247528076172,0.22381016612052917,2.5133705139160156,0.7623346447944641,2.563565969467163,0.7667315006256104,2.6434526764861874
1.7952326536178589,0.7454988956451416,1.9664356708526611,0.5573121309280396,2.259063959121704,0.7373884320259094,1.6812412373755872
2.269554615020752,0.6988043189048767,2.269252300262451,0.8127831816673279,2.3031938076019287,0.6260885000228882,2.681241237375587
1.8826539516448975,0.6021343469619751,1.8797451257705688,0.7515470385551453,2.3023927211761475,0.7683963775634766,1.5563025007672873
1.2842292785644531,0.35540175437927246,1.2900484800338745,0.825728178024292,1.2734735012054443,0.8063216805458069,0.7611758131557314
1.5709593296051025,0.7545767426490784,1.5692815780639648,0.7865463495254517,1.409900188446045,0.7661240100860596,1.6645479622465467
1.9800982475280762,0.743941605091095,2.0173373222351074,0.801993727684021,1.8359711170196533,0.7640195488929749,2.1038721084030554
2.656006336212158,0.8186042904853821,2.4574499130249023,0.7926293015480042,2.6394217014312744,0.763576090335846,2.861821058126627
3.01585054397583,0.8764112591743469,2.7199082374572754,0.8743979334831238,3.0436930656433105,0.8640128970146179,3.33894430279097
2.533820390701294,0.8633602261543274,2.445505142211914,0.896834135055542,2.1471898555755615,0.8985919952392578,3.4985283357730985
3.385042667388916,0.4770110845565796,3.4540820121765137,0.8469030261039734,2.9090638160705566,0.84943026304245,3.3674155625246405
3.1161465644836426,0.8525568246841431,3.109290361404419,0.856993556022644,3.1188483238220215,0.8619994521141052,3.333674942312747
3.0972790718078613,0.8506940603256226,3.176546573638916,0.8254578709602356,3.1724021434783936,0.7528412938117981,3.146128035678238
3.1392059326171875,0.2289055734872818,3.1117379665374756,0.8573267459869385,3.0918185710906982,0.8636617064476013,3.0
2.810004711151123,0.8800815939903259,2.9509594440460205,0.8643338680267334,2.7239668369293213,0.7341731786727905,2.8808135922807914
2.9287068843841553,0.4011182188987732,3.044799327850342,0.8473531007766724,3.0623998641967773,0.7575265169143677,2.8258413877277757
2.5503807067871094,0.6990944743156433,2.556812286376953,0.8618297576904297,2.3946657180786133,0.7991100549697876,2.6989700043360187
2.183410167694092,0.8615619540214539,2.116110324859619,0.8623430728912354,2.452570676803589,0.8694051504135132,2.6700787846043186
2.069037914276123,0.687652587890625,2.1974868774414062,0.7562965154647827,2.1036808490753174,0.7243042588233948,2.012837224705172
2.3694207668304443,0.2629425525665283,2.4775500297546387,0.7452208995819092,2.3422889709472656,0.727571427822113,2.4471580313422194
2.7649545669555664,0.7270950675010681,2.6690526008605957,0.7468387484550476,2.6349353790283203,0.7611116766929626,2.791690649020118
1.1786020994186401,0.8671427369117737,1.1909351348876953,0.8730660080909729,1.6065787076950073,0.8695276379585266,1.4771212547196624
1.4939987659454346,0.2564530670642853,1.4808449745178223,0.8425523638725281,1.605843186378479,0.8693430423736572,1.1760912590556813
2.9224424362182617,0.5299291014671326,2.9222235679626465,0.5405689477920532,2.7668118476867676,0.576677680015564,3.1245042248342823
2.5680646896362305,0.3030792474746704,2.568235397338867,0.3136766254901886,2.4942853450775146,0.3069356679916382,2.902546779313991
2.5294060707092285,0.7801380157470703,2.5580809116363525,0.7708283066749573,2.5380752086639404,0.7618600726127625,2.6020599913279625
2.670595169067383,0.34097519516944885,2.711930751800537,0.3299727737903595,2.7139954566955566,0.3014853894710541,2.5550944485783194
2.928380250930786,0.521181583404541,2.9442970752716064,0.5514538884162903,2.7235751152038574,0.563231885433197,2.9684829485539352
2.3846890926361084,0.2589755654335022,2.4909987449645996,0.2727241516113281,2.3930187225341797,0.25675949454307556,2.851869600729766
2.544221878051758,0.7471296787261963,2.548551559448242,0.7492822408676147,2.489138603210449,0.7380140423774719,2.550228353055094
2.5565483570098877,0.25893545150756836,2.511143445968628,0.28718456625938416,2.5935723781585693,0.28586816787719727,2.507855871695831
2.8629350662231445,0.5488736629486084,2.848421812057495,0.5374710559844971,2.7274601459503174,0.586925745010376,2.870403905279027
2.3422954082489014,0.33245736360549927,2.233121156692505,0.358649343252182,2.4134249687194824,0.324407160282135,2.814913181275074
2.3709168434143066,0.7521421313285828,2.5105226039886475,0.7547281980514526,2.4616308212280273,0.7405271530151367,2.5327543789924976
2.5004608631134033,0.32056769728660583,2.5222206115722656,0.35071054100990295,2.4348866939544678,0.3667811453342438,2.45484486000851
2.7718915939331055,0.2734401226043701,2.7549610137939453,0.6298807263374329,2.829619884490967,0.6066445112228394,2.862131379313037
2.34096622467041,0.4229359030723572,2.1600754261016846,0.4705583155155182,2.235076904296875,0.480691134929657,2.795184589682424
2.246610641479492,0.7726962566375732,2.509566068649292,0.7894514799118042,2.467665433883667,0.782339334487915,2.506505032404872
2.559418201446533,0.4519059956073761,2.5654702186584473,0.4501797556877136,2.3294930458068848,0.4832826256752014,2.450249108319361
1.3036553859710693,0.5561435222625732,1.350074291229248,0.5788525938987732,1.3223189115524292,0.5815585255622864,1.1583624920952498
1.4037020206451416,0.4909745752811432,1.3973891735076904,0.5673360824584961,1.4285329580307007,0.5932893753051758,1.4548448600085102
1.717110276222229,0.5222777128219604,1.6611733436584473,0.5505508780479431,1.686016321182251,0.573677122592926,1.6946051989335686
2.392989158630371,0.23500050604343414,2.4043006896972656,0.5639751553535461,2.271251916885376,0.5142439007759094,1.9822712330395684
2.757324695587158,0.6520015001296997,2.7067551612854004,0.6430716514587402,2.826085090637207,0.658502995967865,3.555215405126073
1.6464898586273193,0.900638997554779,1.6378896236419678,0.8898446559906006,1.6381514072418213,0.891862690448761,0.9208187365805955
2.4168601036071777,0.35643497109413147,2.4105730056762695,0.3709503412246704,2.4828264713287354,0.35404258966445923,2.2329961103921536
2.0944137573242188,0.3217080533504486,2.1149864196777344,0.3208363950252533,2.118244171142578,0.30289679765701294,2.0203612826477078
1.9582688808441162,0.38121023774147034,1.9797438383102417,0.38017141819000244,1.9116904735565186,0.3562135398387909,1.8627275283179747
2.7257025241851807,0.8222845792770386,2.903761386871338,0.7159029841423035,2.9404473304748535,0.8053566813468933,2.625312450961674
2.7192373275756836,0.4996807277202606,2.7385754585266113,0.5514216423034668,2.638763427734375,0.5475068688392639,2.3242824552976926
2.7233972549438477,0.6842280030250549,2.5851941108703613,0.6675735116004944,2.631331205368042,0.6301150918006897,2.6138418218760693
2.493725299835205,0.7671647667884827,2.462222099304199,0.7513196468353271,2.6509861946105957,0.7658799886703491,2.8915374576725643
1.108457088470459,0.6303771138191223,1.103182077407837,0.6759030222892761,1.090383529663086,0.6851759552955627,1.0
0.7171202301979065,0.26930490136146545,0.7604477405548096,0.641398012638092,0.8902102708816528,0.6883180737495422,0.6020599913279624
1.2868911027908325,0.6070365905761719,1.189800500869751,0.6422333717346191,1.2620995044708252,0.655441164970398,1.3010299956639813
0.7829486727714539,0.6052031517028809,0.8376270532608032,0.6508444547653198,1.0386656522750854,0.6643843054771423,0.9030899869919435
1.5668208599090576,0.2677170932292938,1.5318466424942017,0.6242344975471497,1.5797730684280396,0.5963534712791443,1.4771212547196624
1.1061618328094482,0.5568720102310181,1.1782835721969604,0.6164292097091675,1.2980647087097168,0.6236507892608643,1.041392685158225
1.7492035627365112,0.2931849956512451,1.7003190517425537,0.5482022762298584,1.7793469429016113,0.5426549911499023,1.6989700043360187
1.3677657842636108,0.5475651621818542,1.3358228206634521,0.5622019171714783,1.2940311431884766,0.5510303974151611,1.4913616938342726
2.9371800422668457,0.25252798199653625,2.9266629219055176,0.7031190395355225,2.924389362335205,0.6160188317298889,3.118595365223762
2.828498125076294,0.6105777621269226,2.8505260944366455,0.6643251180648804,2.790590763092041,0.665201723575592,2.786041210242554
1.7802503108978271,0.5282015204429626,1.8131248950958252,0.5569807887077332,1.7191747426986694,0.5017577409744263,1.8808135922807914
1.646233081817627,0.5822983980178833,1.6142945289611816,0.6252087950706482,1.686992883682251,0.5854422450065613,1.7075701760979363
2.706383228302002,0.6286345720291138,2.7376198768615723,0.6699503064155579,2.7189292907714844,0.6343847513198853,2.7745169657285498
2.5440685749053955,0.6078010201454163,2.5231449604034424,0.6829439997673035,2.5490028858184814,0.5686337947845459,2.5415792439465807
2.3314671516418457,0.6452122330665588,2.3077242374420166,0.6710394024848938,2.3294296264648438,0.6607073545455933,2.285557309007774
2.125771999359131,0.5937566757202148,2.0710983276367188,0.665684700012207,2.1345741748809814,0.6015766263008118,2.143014800254095
1.6983755826950073,0.4969121813774109,1.6625349521636963,0.5497236251831055,1.688967227935791,0.5352916121482849,1.7403626894942439
1.4772868156433105,0.5611952543258667,1.4612758159637451,0.6057057976722717,1.5091533660888672,0.5712611079216003,1.5563025007672873
2.530289888381958,0.6440914869308472,2.4722046852111816,0.6440292596817017,2.4168224334716797,0.68680739402771,2.3364597338485296
2.3409671783447266,0.623788595199585,2.2732701301574707,0.6793462634086609,2.2690320014953613,0.6353579163551331,2.1583624920952498
2.0320122241973877,0.6021367311477661,2.032475471496582,0.5833333730697632,2.015767812728882,0.6118435859680176,2.0453229787866576
1.8513869047164917,0.6417788863182068,1.8030645847320557,0.6762992143630981,1.8474199771881104,0.6615740656852722,1.9030899869919435
1.601280689239502,0.5628904104232788,1.4948062896728516,0.5821808576583862,1.521030306816101,0.5675361752510071,1.5563025007672873
1.310265064239502,0.5744118094444275,1.3183941841125488,0.6220266819000244,1.315979242324829,0.5938668251037598,1.3010299956639813
1.7898434400558472,0.6940300464630127,1.7749929428100586,0.6260725259780884,1.7817084789276123,0.6543483734130859,1.7403626894942439
1.6138420104980469,0.6183735132217407,1.6587340831756592,0.6697328090667725,1.6741323471069336,0.6359840631484985,1.6020599913279625
1.5105056762695312,0.6209232211112976,1.4265742301940918,0.6067158579826355,1.4700829982757568,0.6025742888450623,1.3617278360175928
1.1838411092758179,0.2854975759983063,1.1417605876922607,0.6558772921562195,1.2132444381713867,0.6537867784500122,1.146128035678238
1.947075605392456,0.8672365546226501,1.7865540981292725,0.9054853320121765,1.8827952146530151,0.898857831954956,3.9537596917332287
1.9786531925201416,0.8813658356666565,2.847435474395752,0.8776214122772217,2.829246997833252,0.8903853297233582,3.173186268412274
1.9786531925201416,0.8813658356666565,3.0969324111938477,0.8764362335205078,3.0906546115875244,0.8770765066146851,2.8692317197309762
1.5819728374481201,0.8697525858879089,1.9760942459106445,0.8866453170776367,2.3048095703125,0.8961616158485413,1.9084850188786497
1.4361258745193481,0.8993684649467468,1.3941256999969482,0.8816985487937927,1.8116649389266968,0.9039831757545471,1.146128035678238
2.104011058807373,0.47794416546821594,2.098816156387329,0.49396347999572754,1.9808133840560913,0.5543336272239685,3.2801228963023075
2.2622246742248535,0.5226945281028748,2.26261568069458,0.5131169557571411,2.2918803691864014,0.5839065909385681,2.0086001717619175
2.2331786155700684,0.49326083064079285,2.23462176322937,0.5523599982261658,2.2918803691864014,0.5839065909385681,1.9822712330395684
2.1047515869140625,0.5145218968391418,2.1037864685058594,0.5522753596305847,2.0632224082946777,0.5467038154602051,1.9542425094393248
2.06837797164917,0.4977649748325348,1.9903150796890259,0.49847427010536194,2.0867421627044678,0.45836687088012695,1.8976270912904414
2.582324981689453,0.4899347722530365,2.837703227996826,0.6220943927764893,1.9808133840560913,0.5543336272239685,1.8260748027008264
1.6971746683120728,0.5336214900016785,1.6808580160140991,0.5782795548439026,1.6502584218978882,0.6267892718315125,1.4913616938342726
1.429460883140564,0.5976846814155579,1.4030861854553223,0.6375666856765747,1.4152027368545532,0.5483404994010925,1.3979400086720377
1.5337908267974854,0.6148172616958618,1.4756126403808594,0.6415766477584839,1.4677826166152954,0.6332017183303833,1.2787536009528289
2.3533430099487305,0.20020629465579987,2.82551908493042,0.6068036556243896,2.1319425106048584,0.5345989465713501,2.82865989653532
2.3681201934814453,0.19816046953201294,2.3501603603363037,0.5502746105194092,2.379579782485962,0.5419548153877258,2.5514499979728753
2.471198081970215,0.4991692900657654,2.4219396114349365,0.5468494892120361,2.379579782485962,0.5419548153877258,2.3541084391474008
2.218959331512451,0.20044240355491638,2.220834970474243,0.47453758120536804,2.2319626808166504,0.5272406339645386,2.285557309007774
2.2744550704956055,0.4924313724040985,2.2357232570648193,0.48548829555511475,2.2489538192749023,0.4627220928668976,2.1583624920952498
2.5566790103912354,0.48862338066101074,2.82551908493042,0.6068036556243896,2.542259454727173,0.49126356840133667,2.0681858617461617
1.7253844738006592,0.21917855739593506,1.736602544784546,0.5897689461708069,1.7434327602386475,0.5303114056587219,1.8512583487190752
1.600935935974121,0.5509611964225769,1.5708504915237427,0.619718611240387,1.5783880949020386,0.5644712448120117,1.5797835966168101
1.5143574476242065,0.2179722785949707,1.5499929189682007,0.6339412927627563,1.5251456499099731,0.6043253540992737,1.462397997898956
2.7266364097595215,0.5017877817153931,2.7408642768859863,0.5008547902107239,2.7332160472869873,0.49067315459251404,2.9689496809813427
2.7266364097595215,0.5017877817153931,2.741264820098877,0.5236608982086182,2.763747215270996,0.5098023414611816,2.797959643737196
2.5300936698913574,0.20387421548366547,2.5695271492004395,0.5026716589927673,2.5452358722686768,0.43413040041923523,2.6414741105040993
2.5680744647979736,0.4434274733066559,2.4830777645111084,0.46251463890075684,2.5075178146362305,0.5061268210411072,2.5390760987927767
2.432610273361206,0.20060253143310547,2.7559962272644043,0.5906694531440735,2.507946491241455,0.44793403148651123,2.513217600067939
2.584202289581299,0.4730362594127655,2.7559962272644043,0.5906694531440735,2.5782337188720703,0.4704314172267914,2.4149733479708178
1.9874403476715088,0.5162033438682556,1.9816310405731201,0.5497321486473083,2.055345296859741,0.5782409310340881,2.1492191126553797
1.8177226781845093,0.21569858491420746,1.807685136795044,0.5651160478591919,1.7937803268432617,0.5395843386650085,1.9294189257142929
1.6469855308532715,0.5903798937797546,1.717515468597412,0.6112897396087646,1.614766001701355,0.6154597401618958,1.7323937598229686
3.3369483947753906,0.5440301299095154,3.3068370819091797,0.5029746294021606,3.356015920639038,0.5114717483520508,3.425371166438941
3.3369483947753906,0.5440301299095154,3.3751940727233887,0.5089405179023743,3.331669807434082,0.47709545493125916,3.370883016777606
2.9912118911743164,0.4735865890979767,2.8836445808410645,0.46216338872909546,2.9627323150634766,0.5078074932098389,3.278982116865443
3.052863597869873,0.21655860543251038,2.8836445808410645,0.46216338872909546,3.039982318878174,0.36909469962120056,3.0565237240791006
2.6459577083587646,0.5200906991958618,2.498715400695801,0.5927362442016602,2.3787589073181152,0.46464216709136963,2.6693168805661123
2.480893135070801,0.5075274109840393,2.487851619720459,0.4998762607574463,2.433485746383667,0.5099377036094666,2.416640507338281
2.220815420150757,0.5173894762992859,2.245607376098633,0.5582175254821777,2.1894192695617676,0.5114214420318604,2.2764618041732443
2.6459577083587646,0.5200906991958618,2.6368422508239746,0.4958525002002716,2.643124580383301,0.5082479119300842,2.143014800254095
1.8776741027832031,0.5550700426101685,1.8857700824737549,0.5700972676277161,1.8313599824905396,0.6154953837394714,1.9731278535996986
3.4777889251708984,0.21434323489665985,3.424851417541504,0.5132497549057007,3.4980177879333496,0.4849339425563812,3.6137361412618714
3.1045634746551514,0.4588886499404907,3.1167759895324707,0.4919579029083252,3.114941120147705,0.4913210868835449,2.840106094456758
2.445733070373535,0.6039721965789795,2.418999433517456,0.5896667838096619,2.419116258621216,0.5485373735427856,2.629409599102719
2.493274211883545,0.22906357049942017,2.5399231910705566,0.5198523998260498,2.5299794673919678,0.5124260187149048,2.5428254269591797
2.4696309566497803,0.4977250397205353,2.461890697479248,0.4876914620399475,2.4379518032073975,0.4410145580768585,2.399673721481038
2.3043060302734375,0.30063340067863464,2.2930173873901367,0.543618381023407,2.297959566116333,0.5568087100982666,2.330413773349191
2.2367660999298096,0.39261355996131897,2.2421512603759766,0.6051149368286133,2.222846031188965,0.5581092238426208,2.2174839442139063
2.1852550506591797,0.48326370120048523,2.172889232635498,0.6695241332054138,2.1603386402130127,0.6239362359046936,2.1172712956557644
3.4405741691589355,0.4862925112247467,3.4390883445739746,0.5133710503578186,3.419260263442993,0.4685294032096863,3.5851221863068155
3.0111961364746094,0.5249578952789307,3.0345144271850586,0.5290461182594299,3.1516671180725098,0.5748759508132935,2.7315887651867388
2.5863196849823,0.2337207794189453,2.515082597732544,0.5664224028587341,2.6280694007873535,0.4783485531806946,2.531478917042255
2.469722270965576,0.5614084005355835,2.431938409805298,0.575350821018219,2.809096097946167,0.6256400942802429,2.509202522331103
2.4534571170806885,0.5110059380531311,2.429269790649414,0.48741841316223145,2.4281961917877197,0.5721560120582581,2.385606273598312
2.3176205158233643,0.49580299854278564,2.281857490539551,0.5820189714431763,2.304385185241699,0.6061234474182129,2.2405492482825995
2.151214361190796,0.6060451865196228,2.1479578018188477,0.6049904823303223,2.1368091106414795,0.5832169651985168,2.146128035678238
2.1061065196990967,0.2958209216594696,2.080604314804077,0.6702409386634827,2.1225810050964355,0.7098954916000366,2.037426497940624
3.667044162750244,0.6399949193000793,3.7873694896698,0.6222374439239502,3.8120248317718506,0.6084324717521667,3.953807997665307
3.667044162750244,0.6399949193000793,3.903657913208008,0.6307162046432495,3.9065136909484863,0.6334441900253296,3.839729375206388
3.5590171813964844,0.5787798166275024,3.5227317810058594,0.5614758729934692,3.6284055709838867,0.6267886757850647,3.777499319590365
3.7418930530548096,0.5898654460906982,3.7718052864074707,0.5905342698097229,3.715414047241211,0.5628681778907776,3.5216610151120733
3.0372471809387207,0.6601690053939819,2.176588535308838,0.6128422617912292,2.1003713607788086,0.6370393633842468,3.0644579892269186
2.7313554286956787,0.3802890181541443,2.8336188793182373,0.6382086873054504,2.713125228881836,0.6014691591262817,2.851869600729766
2.5049052238464355,0.5794454216957092,2.583096981048584,0.6095616221427917,2.6138627529144287,0.617254376411438,2.814913181275074
2.0231478214263916,0.6330674290657043,1.7684227228164673,0.6070067882537842,2.3479650020599365,0.6292999386787415,2.3283796034387376
3.0372471809387207,0.6601690053939819,3.0567126274108887,0.6186417937278748,3.0493454933166504,0.674756646156311,1.9395192526186185
2.838980197906494,0.3405646085739136,2.3988587856292725,0.7968120574951172,2.644209146499634,0.7549801468849182,3.4886916983169405
2.923611879348755,0.7723258137702942,2.1381514072418213,0.7990685105323792,2.915221691131592,0.7336958646774292,2.6857417386022635
2.4547550678253174,0.7596955299377441,2.6753406524658203,0.7770062685012817,2.599918842315674,0.7757155895233154,2.5211380837040362
2.307051658630371,0.794135570526123,1.9225480556488037,0.8132591843605042,2.335606098175049,0.7964031100273132,2.444044795918076
2.390638828277588,0.7300194501876831,2.518186092376709,0.7736619114875793,2.460045337677002,0.7669411897659302,2.3560258571931225
2.251187801361084,0.7513724565505981,2.3189780712127686,0.7813590168952942,2.2928318977355957,0.7682904005050659,2.220108088040055
2.1568870544433594,0.7825189828872681,2.113295078277588,0.7502144575119019,2.0915720462799072,0.7764965295791626,2.113943352306837
2.0800349712371826,0.8071423768997192,1.9701635837554932,0.8169086575508118,1.9891166687011719,0.8025732040405273,2.0043213737826426
3.2383551597595215,0.35181188583374023,3.2306923866271973,0.6408509612083435,3.0928969383239746,0.7079277634620667,3.473194909204938
3.1642210483551025,0.6439131498336792,3.1443138122558594,0.6552841663360596,2.9692800045013428,0.6852174401283264,3.2607866686549762
3.087813138961792,0.7033685445785522,3.112799644470215,0.6652272939682007,3.09761118888855,0.6852051615715027,2.8129133566428557
2.600461721420288,0.7306945323944092,2.5988285541534424,0.7133477330207825,2.5665104389190674,0.7484311461448669,2.3443922736851106
2.5700838565826416,0.7099222540855408,2.5493593215942383,0.7051205635070801,2.5859105587005615,0.6731876730918884,2.5575072019056577
2.493873357772827,0.71233069896698,2.473581552505493,0.7531019449234009,2.4714555740356445,0.7287054061889648,2.7671558660821804
1.508103847503662,0.9030640721321106,1.456709861755371,0.9030311703681946,1.508512020111084,0.8915993571281433,1.1613680022349748
1.6450437307357788,0.9006386995315552,1.631379246711731,0.8940993547439575,1.6464424133300781,0.8916970491409302,1.6989700043360187
1.6386016607284546,0.8893830180168152,1.6387349367141724,0.8898445963859558,1.6463546752929688,0.8916970491409302,1.5228787409373927
1.6723484992980957,0.4982370138168335,1.736657738685608,0.49080708622932434,1.6783757209777832,0.5926714539527893,1.6903698339638435
1.8941559791564941,0.47326400876045227,1.895326018333435,0.4931447207927704,1.9639816284179688,0.4462885856628418,1.8664610930195247
2.4636573791503906,0.20661506056785583,2.4246411323547363,0.3758201599121094,2.430575370788574,0.3491448163986206,2.0883098426358813
2.31815242767334,0.3817196786403656,2.4148311614990234,0.3416452705860138,2.3715317249298096,0.3935909867286682,2.423245873936808
2.139925241470337,0.33263978362083435,2.098761558532715,0.34241580963134766,2.2124812602996826,0.33625510334968567,1.8920946026904804
1.979962944984436,0.38155490159988403,1.9796942472457886,0.3799237608909607,2.000617027282715,0.3814772963523865,1.505149978319906
2.726783275604248,0.8221659660339355,2.687605619430542,0.8240196704864502,2.9413442611694336,0.8052705526351929,2.782915040137594
0.9583892822265625,0.6228808760643005,0.909445583820343,0.7410244345664978,0.917214035987854,0.6536755561828613,0.8325089127062363
0.9023139476776123,0.5852394700050354,0.9133552312850952,0.5294092297554016,0.9133736491203308,0.6286383271217346,0.9822712330395684
0.8865650296211243,0.5588721632957458,0.8856700658798218,0.719388484954834,0.8832433223724365,0.5657293200492859,0.9822712330395684
1.0348258018493652,0.5690978765487671,1.033645749092102,0.46762460470199585,1.0165451765060425,0.5579239130020142,0.9800033715837464
0.9426669478416443,0.2023857831954956,0.9578812718391418,0.7102023959159851,0.9497547745704651,0.47744446992874146,0.9777236052888477
0.8751921057701111,0.6766583323478699,0.8655406832695007,0.7232282161712646,0.8747391700744629,0.5328075885772705,0.8920946026904804
0.8871758580207825,0.2180788815021515,0.9056334495544434,0.6465335488319397,0.9179043769836426,0.5444573760032654,0.7481880270062005
0.9038045406341553,0.6723868250846863,0.9226019978523254,0.5917405486106873,0.907177746295929,0.6401638388633728,0.9294189257142927
0.9563744068145752,0.583480954170227,0.9360780119895935,0.6326317191123962,0.9342041611671448,0.6698253750801086,0.8808135922807914
1.621445894241333,0.8143542408943176,1.573081374168396,0.8639788627624512,1.6287587881088257,0.8502702116966248,0.38021124171160603
2.956810474395752,0.8725059032440186,2.6497485637664795,0.8871449828147888,2.951854705810547,0.876387357711792,3.538070787043172
1.9957715272903442,0.8914884924888611,1.887287974357605,0.9056911468505859,1.7342166900634766,0.891688346862793,3.4212747912103465
2.790520191192627,0.8420329689979553,2.801724433898926,0.851797878742218,2.825991153717041,0.8546999096870422,3.2990712600274095
2.1425869464874268,0.8884121179580688,1.9107356071472168,0.8896036148071289,1.6751091480255127,0.891626238822937,3.1734776434529945
-0.2866203784942627,0.8872410655021667,-0.2591480016708374,0.7618927955627441,-0.26608455181121826,0.6957425475120544,-0.6777807052660807
-0.23483359813690186,0.6814416646957397,-0.34296631813049316,0.808862566947937,-0.3593943119049072,0.8462764024734497,-0.6575773191777937
-0.22159767150878906,0.6800276637077332,-0.3333784341812134,0.8081632852554321,-0.31849443912506104,0.7088077068328857,-0.431798275933005
-0.49554014205932617,0.5782519578933716,-0.3646904230117798,0.8637012243270874,-0.30618953704833984,0.8453384041786194,-0.09151498112135022
1.4081124067306519,0.8961791396141052,1.3313465118408203,0.8990858793258667,0.8908815979957581,0.8742626905441284,0.4548448600085102
-0.3246694803237915,0.5603761672973633,-0.15372776985168457,0.7982426881790161,-0.25422024726867676,0.905967116355896,0.3159703454569177
1.2730562686920166,0.8896576166152954,1.217026948928833,0.893064022064209,0.6330646276473999,0.8827845454216003,0.8000293592441343
0.7232391238212585,0.9035105109214783,0.8456765413284302,0.8309658169746399,0.6559814214706421,0.716925859451294,0.6464037262230695
1.119893193244934,0.855242133140564,1.1111387014389038,0.8984098434448242,1.105055809020996,0.8708295226097107,1.1139433523068367
1.1342086791992188,0.8689064979553223,1.1090633869171143,0.8866889476776123,1.1192286014556885,0.6698170900344849,1.0969100130080565
1.1774747371673584,0.8726307153701782,1.027490258216858,0.8878464102745056,1.1626613140106201,0.8766935467720032,1.0791812460476249
1.2746365070343018,0.8797527551651001,1.1807825565338135,0.7550921440124512,1.284744143486023,0.886883020401001,1.0
1.2973930835723877,0.6324687004089355,0.9934177398681641,0.8744411468505859,1.0045667886734009,0.8364301323890686,0.9956351945975499
1.2973930835723877,0.6324687004089355,1.031890630722046,0.8656038641929626,1.0121638774871826,0.9067700505256653,0.964259630196849
2.16884183883667,0.8773539662361145,1.9946322441101074,0.8655223846435547,2.1753437519073486,0.8847344517707825,2.7403626894942437
2.0496060848236084,0.8270272016525269,1.8729567527770996,0.8129372596740723,1.6428889036178589,0.7900738716125488,2.296665190261531
2.5099170207977295,0.7186862230300903,2.2133066654205322,0.8399264216423035,2.508448839187622,0.8076688051223755,2.361727836017593
2.3216500282287598,0.7782592177391052,2.325612783432007,0.8542638421058655,2.156338691711426,0.8781210780143738,2.342422680822206
2.202860116958618,0.8594112396240234,2.1918435096740723,0.8063148260116577,1.985764980316162,0.8865975141525269,2.3010299956639813
0.7783077359199524,0.5549598932266235,0.8737147450447083,0.6217994093894958,0.8697218894958496,0.6752781271934509,0.8860566650649422
2.8791093826293945,0.8950793147087097,3.0356650352478027,0.8197109699249268,3.040395498275757,0.8880913257598877,3.4490153163477864
2.883850574493408,0.8950887322425842,3.144711971282959,0.9014883041381836,3.1312527656555176,0.899154543876648,3.374381698050882
3.0720324516296387,0.7135475873947144,3.132253646850586,0.8579866886138916,3.0747222900390625,0.8719691038131714,2.9965116721541785
3.2206497192382812,0.21852850914001465,3.098782777786255,0.858059287071228,3.019437074661255,0.899152398109436,2.8937617620579434
3.188351631164551,0.23556631803512573,3.0451817512512207,0.8940058350563049,3.0564069747924805,0.8397737741470337,2.7307822756663893
2.5236220359802246,0.7283300161361694,2.4041221141815186,0.880496084690094,2.4136786460876465,0.899628221988678,2.1702617153949575
1.2453420162200928,0.734845757484436,1.301300287246704,0.7733210921287537,1.2357804775238037,0.7683497667312622,1.3979400086720377
1.2239634990692139,0.6441265940666199,1.2483488321304321,0.7114896178245544,1.2236531972885132,0.6823601126670837,1.3424226808222062
1.3555669784545898,0.3699423372745514,1.3642690181732178,0.5439658761024475,1.3484058380126953,0.5038608908653259,1.2787536009528289
1.2920591831207275,0.3189566731452942,1.3101060390472412,0.4063463807106018,1.2609708309173584,0.34148046374320984,1.255272505103306
1.3813576698303223,0.7377409338951111,1.3753833770751953,0.7057541012763977,1.3759045600891113,0.7262023687362671,1.2174839442139063
1.5879108905792236,0.8756653666496277,1.5392370223999023,0.8630602359771729,1.6008795499801636,0.8676573038101196,0.5850266694009609
0.9793204665184021,0.7949510812759399,0.977006733417511,0.7848988175392151,0.9714248180389404,0.7649736404418945,0.8750612633917001
1.636879563331604,0.8888283371925354,1.3027074337005615,0.888248085975647,1.3063749074935913,0.8920598030090332,1.1549019512998535
1.6379648447036743,0.889174222946167,1.2969293594360352,0.9015909433364868,1.288546085357666,0.887167751789093,1.1549019512998535
1.6542948484420776,0.8601762652397156,1.723182201385498,0.8881816267967224,1.4991717338562012,0.9017825126647949,0.9586073104988301
2.8003082275390625,0.36821848154067993,2.783872604370117,0.6162169575691223,2.806173324584961,0.5954259037971497,2.806179973983887
2.7787270545959473,0.5239374041557312,2.7969307899475098,0.7071574330329895,2.8502278327941895,0.7270817756652832,2.792391689498254
2.8018462657928467,0.611206591129303,2.763899803161621,0.697851836681366,2.813897132873535,0.47831159830093384,2.7781512503836434
2.785832643508911,0.21242694556713104,2.8010177612304688,0.476376473903656,2.8050925731658936,0.5974125862121582,2.7781512503836434
2.787139415740967,0.25541171431541443,2.7766098976135254,0.568717360496521,2.866560459136963,0.7349024415016174,2.7781512503836434
2.7769227027893066,0.6196721792221069,2.736978769302368,0.6989396214485168,2.743478775024414,0.7180948853492737,2.7634279935629373
2.7642874717712402,0.2973414957523346,2.778611660003662,0.7300529479980469,2.871554374694824,0.7445325255393982,2.6989700043360187
3.5727198123931885,0.6770772933959961,3.5811705589294434,0.6243840456008911,3.5535340309143066,0.6390494108200073,3.752893154884594
3.568103313446045,0.7482659816741943,3.542984962463379,0.7201063632965088,3.54794979095459,0.7267932295799255,3.752893154884594
2.951016902923584,0.7859438061714172,3.1027605533599854,0.7636948823928833,3.0716171264648438,0.7653577327728271,3.450557009418329
3.351327419281006,0.8083544969558716,3.3937573432922363,0.7885061502456665,3.4321656227111816,0.8207928538322449,3.752893154884594
3.5944972038269043,0.4163851737976074,3.7588753700256348,0.7054336071014404,3.5949454307556152,0.7683568596839905,3.4514794051248616
3.0086042881011963,0.5895739793777466,2.911236524581909,0.7667267322540283,2.8974504470825195,0.769062876701355,3.3334472744967503
1.4139430522918701,0.5505799651145935,1.3846181631088257,0.5503868460655212,1.4096260070800781,0.5564734935760498,1.3424226808222062
1.2959955930709839,0.2247476428747177,1.316642165184021,0.3837866485118866,1.3064708709716797,0.3793850839138031,1.3222192947339193
1.2673248052597046,0.43257826566696167,1.264866828918457,0.4334547519683838,1.2737120389938354,0.501708984375,1.255272505103306
1.2502374649047852,0.4620599150657654,1.246243953704834,0.4702991545200348,1.2528373003005981,0.5176208019256592,1.221848758302246
1.402708649635315,0.4833562672138214,1.4043619632720947,0.534248948097229,1.3918066024780273,0.6180949211120605,1.3979400086720377
1.3196762800216675,0.2784113585948944,1.3217192888259888,0.25259512662887573,1.3394532203674316,0.26615047454833984,1.3521825181113625
1.2461767196655273,0.27351900935173035,1.2496037483215332,0.32768604159355164,1.2556037902832031,0.31468918919563293,1.2430380486862944
1.1981563568115234,0.3120519816875458,1.2383434772491455,0.32201525568962097,1.2252070903778076,0.36401280760765076,1.221848758302246
1.4184856414794922,0.4736577570438385,1.4327061176300049,0.4845380187034607,1.4086048603057861,0.6177546977996826,1.4393326938302626
1.3322638273239136,0.21461281180381775,1.3261241912841797,0.21776314079761505,1.3240551948547363,0.2370532751083374,1.380211241711606
1.2468376159667969,0.20451104640960693,1.2403570413589478,0.27053722739219666,1.2490431070327759,0.445157915353775,1.2304489213782739
1.2114005088806152,0.21370957791805267,1.2224010229110718,0.3134942948818207,1.213122010231018,0.32831090688705444,1.221848758302246
1.4217002391815186,0.5512382984161377,1.4608986377716064,0.5258897542953491,1.410886287689209,0.6441450119018555,1.4771212547196624
1.300508975982666,0.35281404852867126,1.3235771656036377,0.3683077096939087,1.3083345890045166,0.5010315775871277,1.3979400086720377
1.1942522525787354,0.3805921971797943,1.189115047454834,0.4075133502483368,1.1954203844070435,0.5126621723175049,1.221848758302246
1.2427080869674683,0.20543524622917175,1.2536680698394775,0.37472105026245117,1.2463314533233643,0.3578488528728485,1.2041199826559248
1.2301771640777588,0.5056658387184143,1.2458986043930054,0.5128898620605469,1.2518547773361206,0.5308560132980347,1.1549019512998535
1.63645601272583,0.8893830180168152,1.6331605911254883,0.889844536781311,1.6512470245361328,0.8999601006507874,0.6020599913279624
1.6382064819335938,0.8893832564353943,1.6376187801361084,0.9039405584335327,1.6206657886505127,0.8930415511131287,-0.22184874961635637
2.754700183868408,0.6302104592323303,2.711062431335449,0.7120885848999023,2.732595920562744,0.7278345227241516,2.832508912706236
2.387965202331543,0.8237580060958862,2.2540388107299805,0.8142554759979248,2.2378134727478027,0.8501995801925659,2.814913181275074
1.556439995765686,0.8158799409866333,1.444893479347229,0.8754332661628723,1.5111503601074219,0.8682340979576111,2.12057393120585
2.025972843170166,0.8520873188972473,1.7163273096084595,0.8535944223403931,1.6022045612335205,0.8530264496803284,2.694605198933569
1.6930785179138184,0.2541698217391968,1.7086127996444702,0.5354775190353394,1.7278035879135132,0.6064937114715576,1.7075701760979363
1.4985138177871704,0.4565548598766327,1.4734257459640503,0.5231177806854248,1.4857515096664429,0.45277485251426697,1.3979400086720377
1.2236238718032837,0.5349708199501038,1.214682936668396,0.4834897220134735,1.263444423675537,0.5117340683937073,1.3010299956639813
0.8415676355361938,0.23515012860298157,0.9330256581306458,0.497543066740036,0.8532853722572327,0.49781638383865356,0.8450980400142568
1.8630588054656982,0.237872913479805,1.8889153003692627,0.536247730255127,1.895663857460022,0.5671069025993347,1.9242792860618816
1.647775411605835,0.5250545740127563,1.6347875595092773,0.4895721673965454,1.637785792350769,0.5100108981132507,1.6532125137753437
1.4101297855377197,0.447435200214386,1.4243606328964233,0.4846774935722351,1.4164183139801025,0.4258049726486206,1.4313637641589874
0.9687447547912598,0.4440845549106598,1.0638492107391357,0.47401154041290283,0.9561527967453003,0.44758737087249756,0.9542425094393249
2.181025505065918,0.4726244807243347,2.1808247566223145,0.5482574701309204,2.18916392326355,0.5474859476089478,2.167317334748176
1.9453365802764893,0.49087846279144287,1.906165361404419,0.47470760345458984,1.8914204835891724,0.4706471264362335,1.919078092376074
1.6511123180389404,0.408605694770813,1.63637113571167,0.4279414713382721,1.6295490264892578,0.4520123302936554,1.6812412373755872
1.1671481132507324,0.4481516480445862,1.2455729246139526,0.4551553428173065,1.1903278827667236,0.4311109185218811,1.0791812460476249
2.4804797172546387,0.23629127442836761,2.550940990447998,0.4523286819458008,2.5117928981781006,0.4865078330039978,2.7067177823367587
2.3953847885131836,0.45950445532798767,2.364349603652954,0.4190950393676758,2.3069870471954346,0.4171566069126129,2.155336037465062
2.0246694087982178,0.3444453179836273,2.038377046585083,0.3695615231990814,1.986891746520996,0.41144123673439026,2.0293837776852097
1.4147510528564453,0.42422693967819214,1.506700873374939,0.4517872631549835,1.3597397804260254,0.45200854539871216,1.505149978319906
2.876054286956787,0.2479163259267807,2.8988122940063477,0.5615410208702087,2.8093671798706055,0.5691776871681213,3.227629649571009
2.795337438583374,0.5041941404342651,2.662828207015991,0.5028769373893738,2.7344441413879395,0.4428005814552307,2.745855195173729
2.4772562980651855,0.4908013343811035,2.3955860137939453,0.4828573167324066,2.437593936920166,0.45805445313453674,2.361727836017593
1.638297200202942,0.5286460518836975,1.6529203653335571,0.558686375617981,1.655898928642273,0.5491959452629089,1.7708520116421442
2.857290267944336,0.49916568398475647,2.7889389991760254,0.5306690335273743,2.654555320739746,0.5578106045722961,2.841359470454855
2.572127342224121,0.4813024401664734,2.523756504058838,0.538528561592102,2.5567305088043213,0.443502277135849,2.367355921026019
2.2329154014587402,0.2105073481798172,2.165088653564453,0.5222502946853638,2.2352476119995117,0.4921899437904358,2.2810333672477277
1.5229082107543945,0.5227418541908264,1.5206776857376099,0.5041146874427795,1.539971113204956,0.5100833177566528,1.5563025007672873
2.6070666313171387,0.5429247617721558,2.553926944732666,0.6202785968780518,2.5053188800811768,0.565774142742157,2.4927603890268375
2.3220362663269043,0.49143970012664795,2.24191951751709,0.5010027289390564,2.2066938877105713,0.5197439789772034,2.187520720836463
1.9221919775009155,0.49255722761154175,1.906708002090454,0.5559872388839722,1.9075227975845337,0.5114373564720154,2.130333768495006
1.4473986625671387,0.2577614486217499,1.350144624710083,0.5789293646812439,1.421689510345459,0.571014940738678,1.3010299956639813
1.6615599393844604,0.8534892201423645,1.6072357892990112,0.9007177948951721,1.610681414604187,0.7901325225830078,1.568201724066995
1.4629039764404297,0.8843231201171875,1.5971451997756958,0.8568894863128662,1.4799318313598633,0.8619047403335571,1.6434526666158582
1.6839172840118408,0.8548447489738464,1.719180703163147,0.8773712515830994,1.7009938955307007,0.8666234612464905,1.8129133700057625
1.6431479454040527,0.8579480051994324,1.7256840467453003,0.8750129342079163,1.833147644996643,0.8503354787826538,1.75587484805329
1.6665927171707153,0.7284939885139465,1.6080074310302734,0.8784484267234802,1.5842654705047607,0.8655869960784912,1.6989700043360187
1.7026679515838623,0.8872355222702026,1.704737901687622,0.9045924544334412,1.8031268119812012,0.8781738877296448,1.5910645958907432
1.6383399963378906,0.8464613556861877,1.5997793674468994,0.854434609413147,1.618147611618042,0.8988439440727234,1.3010299956639813
1.453948736190796,0.8843681812286377,1.3529009819030762,0.7381191849708557,1.3606467247009277,0.857037365436554,1.6020599913279625
1.6063895225524902,0.854889988899231,1.306932806968689,0.7711588144302368,1.324036955833435,0.86330646276474,1.5563025007672873
1.479334831237793,0.8888528347015381,1.5450583696365356,0.8535665273666382,1.4721664190292358,0.8696873784065247,1.5563025007672873
1.6592894792556763,0.8688925504684448,1.5711145401000977,0.8703294992446899,1.488578200340271,0.8538557887077332,1.462397997898956
1.5059523582458496,0.9011316299438477,1.5266737937927246,0.8889656662940979,1.5350875854492188,0.886384129524231,1.4771212547196624
1.621134877204895,0.8998538851737976,1.6677864789962769,0.9052263498306274,1.6334774494171143,0.8994100689888,1.4913616938342726
1.6793228387832642,0.8389239311218262,1.6688061952590942,0.847994327545166,1.6729825735092163,0.7637538909912109,1.6989700043360187
1.6818504333496094,0.8041513562202454,1.6704957485198975,0.8431225419044495,1.683335781097412,0.8455990552902222,1.6812412373755872
1.6140779256820679,0.8367745876312256,1.619044542312622,0.7229817509651184,1.6205357313156128,0.8250880837440491,1.6334684555795866
1.4942476749420166,0.22743500769138336,1.4863837957382202,0.8083239197731018,1.4927548170089722,0.859393835067749,1.5563025007672873
1.5752763748168945,0.8461655378341675,1.4897217750549316,0.8137304782867432,1.5727730989456177,0.8426437377929688,1.505149978319906
1.5458464622497559,0.8561069369316101,1.5094764232635498,0.8513599634170532,1.5456323623657227,0.8538752794265747,1.3424226808222062
1.608296513557434,0.9056562781333923,1.5963605642318726,0.9031770825386047,1.6546193361282349,0.9062297344207764,1.5185139398778875
1.7681525945663452,0.9053407907485962,1.7644957304000854,0.8895244598388672,1.7624056339263916,0.9069687724113464,1.0
1.1170892715454102,0.8657202124595642,1.1046127080917358,0.882296085357666,1.119283676147461,0.6808337569236755,1.187520720836463
1.1279250383377075,0.8712724447250366,1.1284492015838623,0.845000147819519,1.120007872581482,0.6764225363731384,1.1139433523068367
1.1740301847457886,0.878271758556366,1.184454083442688,0.8478121161460876,1.1791737079620361,0.8805890083312988,1.021189299069938
1.0531015396118164,0.8828420639038086,1.067030429840088,0.8879789710044861,1.083911418914795,0.6565276384353638,1.1760912590556813
1.0365300178527832,0.884026288986206,1.0946967601776123,0.8883600234985352,1.0489277839660645,0.683147668838501,1.146128035678238
1.0581351518630981,0.8697062730789185,1.0606141090393066,0.8491520285606384,1.0287525653839111,0.6983856558799744,1.1139433523068367
1.1626209020614624,0.8719091415405273,1.1427528858184814,0.8874114751815796,1.167397141456604,0.7084211707115173,0.9542425094393249
1.548427700996399,0.8892806172370911,1.418139934539795,0.9038816094398499,1.4247981309890747,0.8924906849861145,1.5314789170422551
1.6222259998321533,0.9041275382041931,1.644676685333252,0.9044786095619202,1.6340278387069702,0.890570342540741,1.5228787409373927
1.6878128051757812,0.9032845497131348,1.5619854927062988,0.9032584428787231,1.7130389213562012,0.8986899852752686,1.9542425094393248
1.3994731903076172,0.8159464597702026,1.3763659000396729,0.8810213804244995,1.4003411531448364,0.8776504993438721,1.5831987739686226
1.5340209007263184,0.2619464099407196,1.5083118677139282,0.7768211364746094,1.5530195236206055,0.8847028613090515,1.3617278360175928
1.1824795007705688,0.8579026460647583,1.129227638244629,0.8734554052352905,1.1588811874389648,0.8742278218269348,1.3263358609287514
1.2427942752838135,0.8806154131889343,1.0352239608764648,0.7923316359519958,1.0481431484222412,0.8677237629890442,1.2810333672477277
1.2440433502197266,0.8749414086341858,1.2151730060577393,0.8612020611763,1.3142642974853516,0.8929597735404968,1.221848758302246
1.1180922985076904,0.8722305297851562,0.9538442492485046,0.8498955965042114,1.1189494132995605,0.8915307521820068,1.1549019512998535
1.2405622005462646,0.8778544068336487,1.1816271543502808,0.8643065094947815,1.2272815704345703,0.8859943747520447,1.1139433523068367
1.3112032413482666,0.261969655752182,1.2848550081253052,0.8793187141418457,1.3050588369369507,0.8834841847419739,1.0969100130080565
1.198329210281372,0.8784466981887817,1.225853681564331,0.872260570526123,1.1646156311035156,0.8713012933731079,0.9777236052888477
1.270948052406311,0.8839360475540161,1.2789137363433838,0.9012536406517029,1.2762829065322876,0.88094562292099,0.9777236052888477
1.156645655632019,0.8798675537109375,1.1457632780075073,0.8783659934997559,1.1956744194030762,0.8910967707633972,0.8860566650649422
0.8617033958435059,0.8411118984222412,0.764969527721405,0.7980822920799255,0.8124321103096008,0.8674896955490112,0.8860566650649422
1.4477523565292358,0.7827175259590149,1.4434767961502075,0.8896514773368835,1.4275652170181274,0.9050652384757996,1.568201724066995
1.4730528593063354,0.8354196548461914,1.5124496221542358,0.5073553919792175,1.5002830028533936,0.7926921248435974,1.568201724066995
1.4677627086639404,0.6515206098556519,1.4158934354782104,0.8899385333061218,1.416768193244934,0.8585708737373352,1.462397997898956
1.318387746810913,0.6088306903839111,1.3238279819488525,0.5077452659606934,1.3308475017547607,0.8894950747489929,1.3424226808222062
1.3226834535598755,0.6590513586997986,1.2949647903442383,0.7100245356559753,1.313148856163025,0.7960808277130127,1.146128035678238
1.4667458534240723,0.8898599147796631,1.4621260166168213,0.9032226800918579,1.4343795776367188,0.9032844305038452,1.3424226808222062
1.2394278049468994,0.8560542464256287,1.2820485830307007,0.9018719792366028,1.2452497482299805,0.8471262454986572,1.3010299956639813
1.107985258102417,0.21309275925159454,1.0982986688613892,0.6803298592567444,1.1055729389190674,0.7979682683944702,1.2787536009528289
1.0336968898773193,0.7991318106651306,1.0386171340942383,0.8811032176017761,1.0383967161178589,0.8390823602676392,1.0
1.0896096229553223,0.8039151430130005,1.0658679008483887,0.8086753487586975,1.0421037673950195,0.878926157951355,0.7781512503836436
1.1389504671096802,0.8920695781707764,1.1479072570800781,0.8857215046882629,1.2756004333496094,0.8897297382354736,1.414973347970818
0.8094631433486938,0.702808678150177,0.8727859854698181,0.9016118049621582,0.8372978568077087,0.8351281881332397,0.9542425094393249
0.6765920519828796,0.7978450655937195,0.7308177351951599,0.8198074102401733,0.6993710398674011,0.8595007061958313,0.9030899869919435
0.8895072340965271,0.8207736611366272,0.6440434455871582,0.8817764520645142,0.5661393404006958,0.8595787882804871,0.47712125471966244
0.8676851391792297,0.8223812580108643,0.5812493562698364,0.8218435049057007,0.593134880065918,0.8355901837348938,0.3010299956639812
1.6005042791366577,0.8873206377029419,1.6195086240768433,0.8917807936668396,1.6186245679855347,0.9066401720046997,0.47712125471966244
1.942230463027954,0.7950383424758911,1.9323102235794067,0.8852856755256653,1.939848780632019,0.8482118248939514,2.0
1.7031488418579102,0.690890371799469,1.6795122623443604,0.7932490706443787,1.6873122453689575,0.8914721012115479,1.6989700043360187
1.5658185482025146,0.8553810715675354,1.5765690803527832,0.8865671157836914,1.5787134170532227,0.8585244417190552,1.5228787409373927
2.0072083473205566,0.8355544209480286,1.997567057609558,0.9031583666801453,2.007789373397827,0.8647980690002441,2.0
1.7651547193527222,0.831256628036499,1.7648823261260986,0.8939024806022644,1.5365463495254517,0.8928399085998535,1.6989700043360187
1.6773635149002075,0.26835185289382935,1.6791611909866333,0.7611677646636963,1.6697009801864624,0.8200892210006714,1.6989700043360187
1.7461508512496948,0.4247879385948181,1.7556620836257935,0.9016900062561035,1.5567469596862793,0.8929251432418823,2.0
1.9399731159210205,0.7991543412208557,1.9441717863082886,0.8555625081062317,1.940426230430603,0.8348391652107239,2.0
1.707005500793457,0.722880482673645,1.703637957572937,0.9036391377449036,1.6980043649673462,0.8582009077072144,1.6989700043360187
1.8935351371765137,0.8095763325691223,1.941504716873169,0.7023990750312805,1.9630169868469238,0.8042493462562561,2.0
1.9552016258239746,0.808803379535675,1.889469027519226,0.7474398016929626,1.9341132640838623,0.7550641894340515,2.0
1.8659240007400513,0.7949523329734802,1.9015355110168457,0.7249405384063721,1.9868719577789307,0.7927703261375427,2.0
1.8390617370605469,0.8189634680747986,1.7103304862976074,0.7615612745285034,1.7213646173477173,0.7884875535964966,2.0
0.6118441820144653,0.24439100921154022,0.5635453462600708,0.7898108959197998,0.580047607421875,0.7446648478507996,0.9542425094393249
1.2869868278503418,0.7569895386695862,1.2469110488891602,0.7345640659332275,1.240488052368164,0.7820897102355957,0.6989700043360189
1.1627087593078613,0.2208777517080307,1.2965848445892334,0.8269559741020203,1.2838239669799805,0.7502185702323914,1.0
0.7910090088844299,0.7353125810623169,0.825584352016449,0.8385682702064514,0.8040035963058472,0.6694653034210205,0.7481880270062005
1.3701846599578857,0.6774446368217468,1.3822638988494873,0.7447472214698792,1.3511607646942139,0.703350305557251,1.6989700043360187
0.926386833190918,0.6636495590209961,0.9459639191627502,0.588512122631073,0.921869695186615,0.6858875155448914,0.7403626894942439
1.5192686319351196,0.23168572783470154,1.5317445993423462,0.7229526042938232,1.51897394657135,0.7736513018608093,2.0969100130080562
1.083105206489563,0.751552164554596,1.047180414199829,0.8307142853736877,1.0379760265350342,0.7376977801322937,0.8750612633917001
2.654383659362793,0.7932758927345276,2.638986110687256,0.8031956553459167,2.5910563468933105,0.7856088876724243,2.0969100130080562
1.7392176389694214,0.8176419138908386,1.399600625038147,0.8277875781059265,1.4015147686004639,0.7943282127380371,1.0
1.311478853225708,0.8705112934112549,1.0681605339050293,0.7926996350288391,1.0770559310913086,0.7962583899497986,0.3010299956639812
1.3693652153015137,0.8695217370986938,0.7134084105491638,0.8390957713127136,0.7725696563720703,0.8166705965995789,1.0
1.1000360250473022,0.7854560017585754,0.9986447095870972,0.836074709892273,1.101919412612915,0.8651306629180908,1.3010299956639813
1.4523593187332153,0.8029159307479858,1.3765699863433838,0.8395075798034668,1.3874499797821045,0.8114336133003235,1.9542425094393248
2.2089293003082275,0.8745611906051636,2.1743929386138916,0.8680291771888733,2.909719705581665,0.8652344942092896,2.6989700043360187
1.9217207431793213,0.8855985999107361,2.240333080291748,0.8953331708908081,1.857027292251587,0.8854604959487915,3.0398105541483504
2.7270631790161133,0.6245045065879822,2.744504928588867,0.7808928489685059,2.772958993911743,0.7459421157836914,2.9565237915936438
2.412353515625,0.40644964575767517,2.493690252304077,0.6973119378089905,2.4431915283203125,0.7526888847351074,2.70687133673295
3.185140371322632,0.7445504665374756,3.2168641090393066,0.7144020199775696,3.2528786659240723,0.7636601328849792,3.076086756743291
2.6475260257720947,0.3075849413871765,2.881132125854492,0.7381852269172668,2.8914637565612793,0.6849866509437561,2.814274238747904
3.256047487258911,0.7265810370445251,3.2120776176452637,0.751167893409729,3.1629109382629395,0.670214831829071,3.3586960995738107
2.9343760013580322,0.550491213798523,2.931121587753296,0.7214662432670593,2.96974515914917,0.6488441824913025,2.78801273285574
2.6566972732543945,0.6711694598197937,2.675699234008789,0.6451448798179626,2.6783106327056885,0.6575642228126526,2.462368045522524
3.121188163757324,0.6216968894004822,3.2289412021636963,0.6830032467842102,3.2155091762542725,0.7649388313293457,3.20652095363069
2.74910831451416,0.6598774194717407,2.7245779037475586,0.7174639105796814,2.8274736404418945,0.633283257484436,2.8374369137301994
2.7723379135131836,0.5747457146644592,2.781421661376953,0.5584025979042053,2.787337064743042,0.6681742668151855,2.741939077729199
2.8693838119506836,0.590399980545044,2.848041534423828,0.7257190942764282,2.8621773719787598,0.5873600840568542,3.0
2.9849424362182617,0.3028632402420044,2.970574378967285,0.6921653151512146,3.040750503540039,0.7180429697036743,2.9354820739988465
2.696117401123047,0.849652111530304,2.631402015686035,0.8604341745376587,2.5870323181152344,0.8475987315177917,3.141305507230986
2.4465856552124023,0.8194025158882141,2.5747382640838623,0.8484673500061035,2.5467376708984375,0.8390909433364868,2.7483431044875495
1.8132967948913574,0.9001773595809937,1.8533509969711304,0.891166090965271,1.765488624572754,0.8874220848083496,2.8609366207000937
2.344553232192993,0.8719111680984497,2.3522510528564453,0.8902117609977722,2.333430290222168,0.8883644342422485,2.530711837981657
2.4063985347747803,0.8092430830001831,2.4043502807617188,0.8824918866157532,2.3977439403533936,0.821527361869812,2.373095987078727
2.3118667602539062,0.8718605637550354,2.29788875579834,0.869523823261261,2.297595977783203,0.8043559193611145,2.2641091563058082
1.2004159688949585,0.7988334894180298,1.0559687614440918,0.8179787993431091,1.1647026538848877,0.8895428776741028,1.5228787409373927
1.021845817565918,0.7502435445785522,1.0559087991714478,0.6666475534439087,1.2107975482940674,0.8850773572921753,1.1549019512998535
1.5155974626541138,0.8441246151924133,1.5603362321853638,0.8734651803970337,1.4131767749786377,0.8751006126403809,1.0
1.405035138130188,0.8656641840934753,1.0996429920196533,0.8552912473678589,1.124699354171753,0.8733273148536682,0.7695510829646709
1.307992696762085,0.8347023129463196,1.282105565071106,0.8140127062797546,1.454314112663269,0.8541290760040283,1.6989700043360187
1.5057462453842163,0.7623804807662964,1.6972987651824951,0.8734584450721741,1.5561213493347168,0.891591489315033,1.3010299956639813
1.0789538621902466,0.8290082216262817,1.4346413612365723,0.8360954523086548,1.2464756965637207,0.874183714389801,1.221848758302246
1.383407473564148,0.8636712431907654,1.134042501449585,0.8865726590156555,0.9298560619354248,0.8938461542129517,0.8860566650649422
1.2603094577789307,0.7149078249931335,1.2576357126235962,0.7479223012924194,1.2755978107452393,0.7778153419494629,1.221848758302246
1.1302626132965088,0.26121950149536133,1.1708083152770996,0.6248603463172913,1.1588187217712402,0.6620874404907227,1.1549019512998535
1.0976779460906982,0.517037034034729,1.083222508430481,0.5230346918106079,1.060438871383667,0.49605464935302734,1.0969100130080565
1.0137879848480225,0.2539127469062805,1.0058040618896484,0.5145552158355713,1.0213706493377686,0.4786800146102905,1.0
0.8940384984016418,0.615548312664032,0.9337392449378967,0.6115282773971558,0.9061533808708191,0.5779135823249817,0.9586073104988301
1.1721510887145996,0.644664466381073,1.1974810361862183,0.7238571047782898,1.2298457622528076,0.7558246850967407,1.221848758302246
1.1301405429840088,0.5851020812988281,1.1392052173614502,0.5718558430671692,1.1322214603424072,0.4727010726928711,1.0969100130080565
1.0062353610992432,0.38633421063423157,1.0255191326141357,0.4033696949481964,1.0178420543670654,0.43605154752731323,1.0457574862177303
0.9238168001174927,0.39483824372291565,0.9462428092956543,0.4318620264530182,0.9500380754470825,0.4102058708667755,1.0
0.888969898223877,0.5759845972061157,0.9020702838897705,0.5325468182563782,0.9335864186286926,0.5535684823989868,0.9208187365805955
1.20133638381958,0.3121204078197479,1.2334082126617432,0.661929726600647,1.2208267450332642,0.7679276466369629,1.1549019512998535
1.1130321025848389,0.5309740304946899,1.1345603466033936,0.5656040906906128,1.1140129566192627,0.5673386454582214,1.0969100130080565
0.997098982334137,0.5000215768814087,1.035082221031189,0.5013637542724609,1.0573805570602417,0.5098102688789368,1.0457574862177303
0.9340798854827881,0.5833592414855957,0.911689817905426,0.5704741477966309,0.8949165940284729,0.590004563331604,0.9586073104988301
1.001737356185913,0.4709397852420807,1.014075517654419,0.4849766194820404,1.00458562374115,0.4905792474746704,0.9586073104988301
1.8238390684127808,0.8963624238967896,1.8171287775039673,0.8890644311904907,1.7728790044784546,0.8675587177276611,1.6384892569546374
1.6246534585952759,0.8997894525527954,1.536452054977417,0.8803597092628479,1.517974615097046,0.8903829455375671,1.6334684555795866
1.7499322891235352,0.8973115682601929,1.6916149854660034,0.8923422694206238,1.6529241800308228,0.8970275521278381,1.6232492903979006
1.6436102390289307,0.8881614804267883,1.6982170343399048,0.9042721390724182,1.7043805122375488,0.8903950452804565,1.579783608045612
1.6805448532104492,0.8893325924873352,1.627219319343567,0.9038273692131042,1.6747384071350098,0.8996463418006897,1.5563025007672873
2.007382392883301,0.840741753578186,2.0085678100585938,0.8453251123428345,2.0093419551849365,0.8653474450111389,2.0170333392987803
2.0740420818328857,0.8601692318916321,2.08353590965271,0.853564441204071,2.061164140701294,0.8295733332633972,2.103803720955957
2.1837961673736572,0.857113242149353,2.214154005050659,0.8785951137542725,2.225071430206299,0.8689783811569214,2.2095150145426308
2.1326260566711426,0.6130415797233582,2.3321661949157715,0.8552260994911194,2.2250940799713135,0.8547221422195435,2.3873898263387296
1.2071020603179932,0.7180874943733215,1.5624690055847168,0.7776519656181335,1.3175570964813232,0.7976243495941162,1.6720978579357175
1.7699363231658936,0.4586108922958374,1.7724586725234985,0.7509702444076538,1.527549386024475,0.8256973624229431,1.4771212547196624
1.429727554321289,0.7749455571174622,1.529043436050415,0.7927321791648865,1.5709269046783447,0.7545909285545349,0.9030899869919435
1.612671971321106,0.7310501933097839,1.778638243675232,0.792601466178894,1.6409671306610107,0.8378240466117859,1.7781512503836436
2.1119327545166016,0.5697945356369019,2.11735463142395,0.8566176891326904,1.8749829530715942,0.867279589176178,2.2174839442139063
2.1024365425109863,0.8514686822891235,2.097369909286499,0.8503758907318115,1.8415437936782837,0.8602312803268433,2.204119982655925
0.3872509002685547,0.739311158657074,0.36287879943847656,0.7962645888328552,0.38594651222229004,0.7599549889564514,0.09691001300805642
0.33497345447540283,0.21028615534305573,0.31840765476226807,0.7040007710456848,0.3244290351867676,0.6980589032173157,0.3010299956639812
0.3079054355621338,0.686122715473175,0.3113112449645996,0.6510852575302124,0.30328893661499023,0.7141045928001404,0.47712125471966244
0.3902852535247803,0.7266286611557007,0.4098532199859619,0.8272910118103027,0.4096173048019409,0.7706157565116882,0.47712125471966244
0.5170221328735352,0.21633799374103546,0.48528313636779785,0.8270707726478577,0.5518414974212646,0.7489040493965149,0.4623979978989561
0.8446224331855774,0.7924254536628723,0.8260244131088257,0.8317816853523254,0.8446672558784485,0.7917580604553223,0.8129133566428556
1.0442399978637695,0.7640448808670044,1.051421880722046,0.7432416081428528,1.0245972871780396,0.7112588286399841,0.9586073104988301
0.9734041690826416,0.5837708115577698,0.9861396551132202,0.7017550468444824,0.957069456577301,0.7537398934364319,0.9777236052888477
0.9382979869842529,0.2786860466003418,0.9578630924224854,0.685235321521759,0.9560880064964294,0.7327545285224915,1.0
0.9396523833274841,0.31858083605766296,0.9690907001495361,0.6620103120803833,0.9867056012153625,0.6196574568748474,1.0
0.9590482115745544,0.3012444078922272,0.9973833560943604,0.793764054775238,1.0010457038879395,0.7067103385925293,0.9586073104988301
0.9776589274406433,0.7410464286804199,0.9751337170600891,0.7171066403388977,1.0970211029052734,0.772896945476532,0.9586073104988301
1.0238444805145264,0.7424247860908508,1.0250320434570312,0.765952467918396,1.168200969696045,0.8047003746032715,0.9586073104988301
1.2973132133483887,0.8391355872154236,1.3538038730621338,0.8989000916481018,1.363752841949463,0.8856260776519775,1.0530784434834197
1.5263395309448242,0.4220844507217407,1.4043854475021362,0.5979368686676025,1.357041597366333,0.4136233925819397,1.041392685158225
0.6277580261230469,0.5693409442901611,0.6681424975395203,0.6192616820335388,0.6871864795684814,0.43036505579948425,0.13353890837021754
1.5610073804855347,0.414338082075119,1.349023461341858,0.8298549056053162,1.235785722732544,0.5146244168281555,1.2151085810530933
0.5092438459396362,0.5893105864524841,0.49366068840026855,0.8288172483444214,0.5114196538925171,0.42915186285972595,0.7339992865383869
1.3416109085083008,0.5462443828582764,1.3977289199829102,0.3770773410797119,1.3213026523590088,0.5054330229759216,1.4581844355702627
0.6158231496810913,0.37094178795814514,0.594645619392395,0.40667834877967834,0.5993773937225342,0.38869965076446533,0.7339992865383869
1.5264925956726074,0.5282503366470337,1.4786654710769653,0.3557991683483124,1.5193408727645874,0.4898650646209717,1.948950610245548
0.8166103363037109,0.5374929308891296,0.8433703780174255,0.5985247492790222,0.7590540051460266,0.3413100838661194,0.9100905455940682
2.0246198177337646,0.5856925845146179,1.8434981107711792,0.35009124875068665,1.9761725664138794,0.40472495555877686,2.232919911693493
1.157806396484375,0.3539113998413086,1.1297047138214111,0.82771897315979,1.1352801322937012,0.4045553207397461,1.0350292822023681
2.318868398666382,0.2590501010417938,2.306913137435913,0.6284376382827759,2.270636558532715,0.45667627453804016,2.4260555824839303
1.598975419998169,0.6753376722335815,1.5645778179168701,0.5078075528144836,1.4738013744354248,0.5163551568984985,1.2460059040760292
2.2238385677337646,0.8381351232528687,2.038041114807129,0.7592352032661438,2.134955406188965,0.7359614968299866,2.503368436197436
1.8496037721633911,0.8418475389480591,1.839000940322876,0.8619199991226196,1.8236889839172363,0.7656058669090271,1.5122840632818535
1.664089560508728,0.8887037634849548,1.768672227859497,0.8911968469619751,1.703198790550232,0.883506178855896,2.583176094813449
1.6322604417800903,0.889556884765625,1.6325668096542358,0.8941016793251038,1.6387094259262085,0.891862690448761,0.6812412373755872
1.6481492519378662,0.8917259573936462,1.6448942422866821,0.90602046251297,1.6387097835540771,0.891862690448761,0.7481880270062005
1.1273696422576904,0.8745787739753723,1.1268285512924194,0.8656571507453918,1.6296005249023438,0.8999550938606262,0.9294189257142927
1.622581958770752,0.8893827199935913,1.4311631917953491,0.9057947993278503,1.5999244451522827,0.9070102572441101,0.5910646070264992
1.057157039642334,0.8889720439910889,0.9693251848220825,0.8897766470909119,0.81261146068573,0.8909352421760559,0.414973347970818
1.0156848430633545,0.8974003195762634,0.8543778657913208,0.903030514717102,0.9766916632652283,0.8982797861099243,0.43136376415898736
0.9589903950691223,0.8994508385658264,0.9594221115112305,0.9033175110816956,1.6296005249023438,0.8999550938606262,1.1038037209559568
1.6478923559188843,0.8917259573936462,1.6305290460586548,0.9039300680160522,1.6444281339645386,0.8916970491409302,0.9294189257142927
1.6373993158340454,0.9056889414787292,1.6325703859329224,0.8941016793251038,1.6421171426773071,0.9070583581924438,0.8195439355418687
2.1756644248962402,0.7317419052124023,2.191696882247925,0.8152191638946533,2.3954062461853027,0.7772656083106995,2.091139153825755
1.1430281400680542,0.2526272237300873,1.1474580764770508,0.887242317199707,1.1449400186538696,0.8891589641571045,1.7664128471123994
1.7620580196380615,0.8789752125740051,1.766594648361206,0.8785818219184875,1.7634050846099854,0.8735305070877075,1.1271047983648077
1.7516980171203613,0.8904588222503662,1.6541147232055664,0.9039233326911926,1.6714820861816406,0.8999014496803284,1.5440680443502757
1.5194011926651,0.841986358165741,1.9709430932998657,0.8257167935371399,1.7066075801849365,0.8312594890594482,0.9731278535996987
1.3570818901062012,0.842624306678772,1.3429359197616577,0.8395493626594543,1.2573511600494385,0.8229532837867737,2.342422680822206
2.0738072395324707,0.32002267241477966,2.0808446407318115,0.7885388731956482,2.1129980087280273,0.809630274772644,1.6020599913279625
2.152332305908203,0.7929278612136841,1.9523673057556152,0.8096650838851929,2.1482341289520264,0.7570692896842957,2.342422680822206
2.5874152183532715,0.6940569281578064,2.297877788543701,0.7952732443809509,2.631904363632202,0.7569329142570496,2.6989700043360187
2.8193418979644775,0.7862213253974915,3.0235276222229004,0.7574829459190369,3.0644848346710205,0.788223922252655,2.9030899869919438
2.33740496635437,0.8087769746780396,2.411661148071289,0.835576593875885,2.083946943283081,0.8268418908119202,2.3010299956639813
2.4034290313720703,0.8352218866348267,2.421165943145752,0.8508746027946472,2.228553533554077,0.8332064747810364,2.495821753385906
2.7243146896362305,0.24518512189388275,2.7267656326293945,0.6002768874168396,2.763343334197998,0.48628225922584534,2.6532125137753435
2.7490110397338867,0.20317980647087097,2.7531344890594482,0.5747506022453308,2.698211431503296,0.4682769775390625,2.7781512503836434
2.689499855041504,0.4101506173610687,2.706080198287964,0.45441165566444397,2.6889402866363525,0.536270797252655,2.7781512503836434
2.7178144454956055,0.43385225534439087,2.7035417556762695,0.4550914168357849,2.743715763092041,0.45078742504119873,2.716003343634799
2.7372546195983887,0.4427535831928253,2.7079153060913086,0.4543819725513458,2.819721221923828,0.4336673617362976,2.6627578316815743
2.7440781593322754,0.20757333934307098,2.7505908012390137,0.5764506459236145,2.8267297744750977,0.43459439277648926,2.5440680443502757
2.4887256622314453,0.41134050488471985,2.422312021255493,0.4122959077358246,2.434231758117676,0.4756311774253845,2.3010299956639813
2.7284648418426514,0.41960448026657104,2.753779888153076,0.5974655747413635,2.732914447784424,0.5478009581565857,2.845098040014257
2.7575206756591797,0.22002243995666504,2.779029607772827,0.6440222263336182,2.7541637420654297,0.5497131943702698,2.8512583487190755
2.702078342437744,0.5741063356399536,2.6926610469818115,0.5235186219215393,2.6636762619018555,0.588079571723938,2.8756399370041685
3.5397846698760986,0.6745700240135193,3.5443058013916016,0.7124229669570923,3.5874805450439453,0.7179941534996033,3.3010299956639813
3.1737585067749023,0.2698333263397217,3.3371405601501465,0.6378569602966309,3.3251662254333496,0.6274501085281372,3.845098040014257
3.2912163734436035,0.24259847402572632,3.585045099258423,0.7063649296760559,3.5331358909606934,0.6588017344474792,3.57978359661681
3.3921432495117188,0.6987840533256531,3.3999762535095215,0.721571147441864,3.3951737880706787,0.7397717237472534,3.4471580313422194
1.811292052268982,0.19821056723594666,1.7722461223602295,0.5958657264709473,1.746764898300171,0.8289244174957275,2.3010299956639813
1.814873218536377,0.5309174060821533,1.8305468559265137,0.5676995515823364,1.7953603267669678,0.22760514914989471,2.1760912590556813
1.7650824785232544,0.7709944248199463,1.720532774925232,0.6075870990753174,1.7469538450241089,0.8323622941970825,2.0
1.8133670091629028,0.77219158411026,1.8141084909439087,0.39239707589149475,1.7130457162857056,0.8291971683502197,2.0
1.7806665897369385,0.5700579881668091,1.775073766708374,0.43535327911376953,1.8293074369430542,0.3178490996360779,1.6989700043360187
1.8224050998687744,0.8855851292610168,1.7024425268173218,0.6272873878479004,1.7307660579681396,0.8359648585319519,1.6020599913279625
1.7463252544403076,0.5743376612663269,1.750145435333252,0.6077961325645447,1.8096672296524048,0.3565303087234497,1.6020599913279625
1.7006714344024658,0.7715030312538147,1.7326070070266724,0.28885775804519653,1.704171895980835,0.2695116102695465,1.591064607026499
1.799533724784851,0.8875510692596436,1.813877820968628,0.2668449878692627,1.72227942943573,0.8300198316574097,1.5797835966168101
1.7467446327209473,0.19841605424880981,1.7718642950057983,0.5647321343421936,1.709167242050171,0.8289148211479187,1.568201724066995
1.7451554536819458,0.7724536657333374,1.7924760580062866,0.3196576237678528,1.7809511423110962,0.2646808624267578,1.5563025007672873
1.7705203294754028,0.30495792627334595,1.7054439783096313,0.6221188902854919,1.7581499814987183,0.33816057443618774,1.5440680443502757
0.3281174898147583,0.3566645085811615,0.2540090084075928,0.8540182709693909,0.2416013479232788,0.8779457807540894,0.07918124604762482
0.28829383850097656,0.29446959495544434,0.14786994457244873,0.8303950428962708,0.15571463108062744,0.7993197441101074,0.20411998265592482
0.20169293880462646,0.8634240031242371,0.21419882774353027,0.8718770742416382,0.2561854124069214,0.8764095902442932,0.2304489213782739
0.3168720006942749,0.8410393595695496,0.3283480405807495,0.8373888731002808,0.3294273614883423,0.807526707649231,0.25527250510330607
0.4140801429748535,0.39611417055130005,0.6034897565841675,0.856880247592926,0.5111410617828369,0.8875590562820435,0.5440680443502757
1.2477257251739502,0.2689826488494873,1.16510009765625,0.8622505068778992,1.2493473291397095,0.8271391987800598,1.4771212547196624
1.4172829389572144,0.8436576724052429,1.1302711963653564,0.862078070640564,1.435546875,0.8193389177322388,1.2041199826559248
0.6749686002731323,0.8507756590843201,0.674042820930481,0.8498156666755676,0.7060837149620056,0.847084641456604,0.8450980400142568
0.5669686794281006,0.8303223252296448,1.3738526105880737,0.8605527877807617,0.5603510141372681,0.8309445381164551,0.6627578316815741
0.840549886226654,0.8302170038223267,0.8122057914733887,0.8223193883895874,0.8351728320121765,0.828956663608551,0.6020599913279624
0.682525098323822,0.8455288410186768,1.3204882144927979,0.8601198792457581,0.6711146235466003,0.8388268351554871,0.47712125471966244
1.5054659843444824,0.6801698803901672,1.4301093816757202,0.6765701174736023,1.4261958599090576,0.6374089121818542,1.2304489213782739
1.1611822843551636,0.21278996765613556,1.1578441858291626,0.4158953130245209,1.156633734703064,0.4654240310192108,1.2041199826559248
1.1333518028259277,0.5818690657615662,1.126511573791504,0.6852561235427856,1.1217808723449707,0.6471366286277771,1.1139433523068367
1.1991976499557495,0.3641607463359833,1.1660630702972412,0.42350494861602783,1.196049451828003,0.49102306365966797,1.1139433523068367
0.6209523677825928,0.25456544756889343,0.6133180856704712,0.8376286625862122,0.6306902170181274,0.8565847277641296,0.505149978319906
1.5352154970169067,0.6699277758598328,1.4004156589508057,0.491942822933197,1.409860372543335,0.6406468152999878,1.4313637641589874
1.2267441749572754,0.20159955322742462,1.238525390625,0.4113163948059082,1.230980634689331,0.4697069823741913,1.2304489213782739
1.2529268264770508,0.4070607125759125,1.2279224395751953,0.3841223418712616,1.211707592010498,0.44589754939079285,1.2174839442139063
1.1796839237213135,0.46936678886413574,1.1703310012817383,0.684311032295227,1.1873106956481934,0.6552096605300903,1.1643528557844371
0.6366477012634277,0.841924250125885,0.641528844833374,0.8453652262687683,0.6271098852157593,0.8206083178520203,0.5797835966168101
1.4643545150756836,0.20440849661827087,1.4641304016113281,0.7592331171035767,1.4685728549957275,0.7002961039543152,1.568201724066995
1.2766376733779907,0.42263343930244446,1.2505067586898804,0.3889029920101166,1.280632495880127,0.47042301297187805,1.380211241711606
1.306998372077942,0.4090816080570221,1.2562352418899536,0.3424632251262665,1.286881446838379,0.48124539852142334,1.250420002308894
1.2246214151382446,0.5714027881622314,1.2149020433425903,0.5979350209236145,1.2391901016235352,0.6612665057182312,1.2148438480476977
0.7026658058166504,0.829068124294281,0.6849791407585144,0.8679733276367188,0.7297618985176086,0.8569439053535461,0.6989700043360189
1.5292118787765503,0.5451603531837463,1.5737711191177368,0.6801880598068237,1.5378116369247437,0.659142255783081,1.5797835966168101
1.3347584009170532,0.33015140891075134,1.297612190246582,0.3991912305355072,1.3662017583847046,0.5744730234146118,1.4771212547196624
1.27176833152771,0.580100417137146,1.2731337547302246,0.6981130242347717,1.2889941930770874,0.673190176486969,1.255272505103306
1.3600765466690063,0.42738044261932373,1.3599414825439453,0.49354448914527893,1.3727915287017822,0.5625201463699341,1.250420002308894
0.7042993307113647,0.8292108178138733,0.7695542573928833,0.8693655729293823,0.7783440351486206,0.8574471473693848,0.8450980400142568
1.5788302421569824,0.5631559491157532,1.6056069135665894,0.5831989049911499,1.6046699285507202,0.7041604518890381,1.6334684555795866
1.3619418144226074,0.42891639471054077,1.4383124113082886,0.6204423308372498,1.38590407371521,0.5463613867759705,1.4471580313422192
1.2980525493621826,0.5828066468238831,1.312784194946289,0.5559125542640686,1.3340474367141724,0.6897348165512085,1.3010299956639813
1.3638495206832886,0.3957490026950836,1.4226837158203125,0.6136950850486755,1.4391080141067505,0.5879093408584595,1.2922560713564761
0.7729960083961487,0.8326578736305237,0.8670329451560974,0.8480962514877319,0.8739737272262573,0.8601101636886597,0.8920946026904804
2.7954139709472656,0.7827257513999939,2.763587236404419,0.66136634349823,2.7450108528137207,0.7381272315979004,2.6989700043360187
2.9054102897644043,0.7460237741470337,2.927513360977173,0.760936975479126,2.914882183074951,0.8750019669532776,3.0
3.1888349056243896,0.2540205717086792,3.373173236846924,0.746688961982727,3.3126978874206543,0.8926503658294678,3.3979400086720375
3.355240821838379,0.8492338061332703,3.3596158027648926,0.734477698802948,3.346177101135254,0.8733316659927368,3.255272505103306
3.1837494373321533,0.20832769572734833,3.2283477783203125,0.8933713436126709,3.242910385131836,0.7944516539573669,3.4771212547196626
3.3019227981567383,0.8481045365333557,3.315088987350464,0.7257915139198303,3.282456636428833,0.8927168846130371,3.1760912590556813
3.147498607635498,0.2044256627559662,3.2319397926330566,0.5018699765205383,3.2296149730682373,0.8736796975135803,3.146128035678238
3.1172595024108887,0.49432605504989624,3.0972914695739746,0.8932658433914185,3.1099300384521484,0.799491822719574,3.0791812460476247
3.025259494781494,0.7541517615318298,2.9854941368103027,0.4835596978664398,2.995678424835205,0.5491592884063721,3.041392685158225
2.20859432220459,0.8709262013435364,2.1610589027404785,0.868569016456604,2.1031460762023926,0.8928195238113403,3.9030899869919438
1.1203533411026,0.7466579675674438,0.9974244236946106,0.7828502655029297,0.9911180734634399,0.7952753901481628,1.6989700043360187
1.8668487071990967,0.7786035537719727,1.9028332233428955,0.7489517331123352,1.8774356842041016,0.7862672805786133,1.0457574862177303
1.9665820598602295,0.7629842758178711,1.6114557981491089,0.629591703414917,1.961686134338379,0.7711600661277771,2.0
1.9015140533447266,0.6975281238555908,1.8094193935394287,0.7373955249786377,1.7940638065338135,0.5968760251998901,2.0
1.8170005083084106,0.20760060846805573,1.8273605108261108,0.5780497789382935,1.8328561782836914,0.747973620891571,1.9586073152760695
1.8401626348495483,0.7683306336402893,1.9627805948257446,0.5936222672462463,1.9100453853607178,0.7128589749336243,1.6989700043360187
1.68782377243042,0.7709969878196716,1.8189458847045898,0.7340810298919678,1.7362911701202393,0.629459798336029,1.9208187522151972
1.5424765348434448,0.7844182252883911,1.8269290924072266,0.755434513092041,1.8859615325927734,0.7454254031181335,1.6989700043360187
1.7115848064422607,0.773105800151825,1.8392574787139893,0.7832444906234741,1.8867273330688477,0.7755086421966553,1.3979400086720377
1.8441786766052246,0.7483690977096558,1.9303032159805298,0.7243430018424988,1.8219633102416992,0.7333815693855286,1.221848758302246
2.2842793464660645,0.3019384443759918,2.2628867626190186,0.8203816413879395,2.2927372455596924,0.8223917484283447,2.57978359661681
2.436318874359131,0.7587565779685974,2.4247570037841797,0.7847970128059387,2.444924831390381,0.8079062700271606,2.380211241711606
2.3347692489624023,0.8285838961601257,2.347440004348755,0.8396720290184021,2.323516368865967,0.8434321880340576,2.3010299956639813
2.2289836406707764,0.8460316061973572,2.321498394012451,0.8530075550079346,2.283944845199585,0.8573614954948425,2.278753600952829
2.476062059402466,0.4614679515361786,2.374782085418701,0.300808310508728,2.3698086738586426,0.2968774437904358,2.278753600952829
2.3913981914520264,0.2722528874874115,2.422602653503418,0.2279464304447174,2.4432754516601562,0.21745246648788452,2.278753600952829
2.3664422035217285,0.3096175789833069,2.4508914947509766,0.3139754831790924,2.4354512691497803,0.3809203803539276,2.278753600952829
2.4369091987609863,0.27588126063346863,2.5414366722106934,0.3572900593280792,2.4863739013671875,0.27668896317481995,2.3010299956639813
2.585487127304077,0.4781622886657715,2.5363197326660156,0.32350435853004456,2.442533254623413,0.2411319464445114,2.3010299956639813
2.5439798831939697,0.5366584658622742,2.5107412338256836,0.30996769666671753,2.483976125717163,0.37858062982559204,2.3010299956639813
2.57858943939209,0.3189498484134674,2.556457042694092,0.2885451912879944,2.552241802215576,0.33797162771224976,2.4771212547196626
2.676809549331665,0.47424033284187317,2.58744740486145,0.20843437314033508,2.607435703277588,0.20914699137210846,2.4771212547196626
2.631986141204834,0.5339548587799072,2.6149628162384033,0.30678364634513855,2.6170802116394043,0.287815123796463,2.4771212547196626
2.554448127746582,0.20652516186237335,2.686577320098877,0.28880566358566284,2.6588356494903564,0.33860376477241516,2.845098040014257
2.719850540161133,0.26451998949050903,2.664188861846924,0.2396266609430313,2.719742774963379,0.23520773649215698,2.845098040014257
2.660405158996582,0.30605578422546387,2.6318516731262207,0.31351569294929504,2.6633832454681396,0.31022047996520996,2.845098040014257
2.6755950450897217,0.21589165925979614,2.781719207763672,0.2913574278354645,2.7904369831085205,0.2817530333995819,3.0791812460476247
2.819040536880493,0.2279117852449417,2.802145481109619,0.25089970231056213,2.795055389404297,0.2186308056116104,3.0791812460476247
2.793306827545166,0.5331581830978394,2.719266414642334,0.37957796454429626,2.805040121078491,0.38188809156417847,3.0791812460476247
1.6373993158340454,0.9056889414787292,1.6495585441589355,0.9045490622520447,1.6464475393295288,0.8916970491409302,2.5409548089261325
1.25021231174469,0.8376710414886475,1.2108359336853027,0.854819655418396,1.123247504234314,0.8323129415512085,0.9542425094393249
0.721114993095398,0.8496652841567993,0.6218564510345459,0.8357689380645752,0.7202306985855103,0.849736750125885,0.9030899869919435
0.664667010307312,0.7600336670875549,0.49510109424591064,0.8374033570289612,0.6344307661056519,0.8474456667900085,0.6627578316815741
0.7427123785018921,0.7282126545906067,0.729722261428833,0.8724415302276611,0.6951401829719543,0.8208173513412476,0.38021124171160603
1.3071011304855347,0.8288715481758118,1.2821948528289795,0.880560576915741,1.3049603700637817,0.8817074298858643,1.4313637641589874
1.3483012914657593,0.6512861251831055,1.330324411392212,0.849844217300415,1.2661728858947754,0.8719654083251953,1.414973347970818
1.3123962879180908,0.8389989733695984,1.246579647064209,0.8825038075447083,1.2671229839324951,0.8839654922485352,1.380211241711606
1.2653833627700806,0.22511357069015503,1.2400627136230469,0.8806015849113464,1.1881067752838135,0.8745755553245544,1.3617278360175928
1.2921684980392456,0.6508519649505615,1.29522705078125,0.48641565442085266,1.2690300941467285,0.7949469089508057,1.255272505103306
1.3169445991516113,0.21115219593048096,1.3080689907073975,0.7920398712158203,1.3010547161102295,0.7065757513046265,1.2304489213782739
1.2439707517623901,0.6819363236427307,1.326725721359253,0.8077589869499207,1.158360481262207,0.8742867112159729,1.2041199826559248
1.2820193767547607,0.8388344049453735,1.3383162021636963,0.5830152034759521,1.3682693243026733,0.874109148979187,1.1760912590556813
1.272396445274353,0.8355252146720886,1.302481770515442,0.831204354763031,1.2543134689331055,0.8309979438781738,1.041392685158225
2.878933906555176,0.5654109716415405,2.972701072692871,0.8558221459388733,2.956789255142212,0.898582935333252,3.0927206446840994
2.4745981693267822,0.8834645748138428,2.4918689727783203,0.9041814208030701,2.5144097805023193,0.8760837912559509,3.015778756389041
2.828181266784668,0.8933717608451843,2.833421230316162,0.9024229645729065,2.829122543334961,0.8325216770172119,2.8603380065709936
2.7610230445861816,0.8599816560745239,2.7459678649902344,0.8931490182876587,2.7666802406311035,0.8766530156135559,2.7481880270062002
2.3883442878723145,0.8800163269042969,2.331249475479126,0.8943341374397278,2.41983699798584,0.8986289501190186,2.6434526764861874
2.351180076599121,0.7027761340141296,2.3871312141418457,0.883189857006073,2.410796880722046,0.8904025554656982,3.0170333392987803
2.9980411529541016,0.8785291910171509,2.9373607635498047,0.9060168862342834,2.9710309505462646,0.8829948306083679,3.0073209529227447
2.897815227508545,0.85599684715271,2.9288320541381836,0.8103027939796448,2.928523540496826,0.8911468386650085,2.912753303671323
2.8591551780700684,0.8767487406730652,2.7798242568969727,0.8933660984039307,2.8324027061462402,0.9056304693222046,2.857935264719429
2.477914333343506,0.6003283858299255,2.3820137977600098,0.8999295830726624,2.5318803787231445,0.8915790915489197,2.8457180179666586
2.8929686546325684,0.5654101967811584,2.9637539386749268,0.8863807916641235,2.9388625621795654,0.8726985454559326,3.0195316845312554
2.4843246936798096,0.883560299873352,2.8408687114715576,0.8786484599113464,2.8631091117858887,0.8895590901374817,2.919601023784111
2.350494384765625,0.8857913613319397,2.8634090423583984,0.8734655976295471,2.854182004928589,0.8213173151016235,2.8129133566428557
2.145345687866211,0.8886761665344238,2.4553427696228027,0.8406718969345093,2.4783084392547607,0.8923442959785461,2.7693773260761385
2.4161651134490967,0.8938109874725342,2.4768543243408203,0.870291531085968,2.479879140853882,0.8892536163330078,3.0034605321095067
0.944586455821991,0.7783451080322266,0.9474424123764038,0.6122433543205261,0.9167683124542236,0.6988853216171265,1.0
0.8687139749526978,0.7766886353492737,0.8980758786201477,0.4909456968307495,0.8798692226409912,0.5923429727554321,0.8450980400142568
0.8155736327171326,0.7017921209335327,0.8268828392028809,0.6240531206130981,0.8223657011985779,0.44026076793670654,0.7781512503836436
0.7679369449615479,0.7815709710121155,0.761603832244873,0.643057644367218,0.7503070831298828,0.7027131915092468,0.7160033436347992
0.7096397280693054,0.2562600076198578,0.7117019891738892,0.5569047927856445,0.7223632335662842,0.6311338543891907,0.6989700043360189
0.9498772025108337,0.6897971630096436,0.9693346619606018,0.5994423031806946,0.9346141815185547,0.6808261275291443,1.0
0.9909732341766357,0.7100607752799988,0.9891694784164429,0.5035144686698914,0.9957717061042786,0.6108142137527466,1.0
1.0508062839508057,0.7425094246864319,1.0793941020965576,0.6695435643196106,1.0696053504943848,0.6711636185646057,1.0
1.2884892225265503,0.7387002110481262,1.285657525062561,0.5533418655395508,1.2803940773010254,0.7202134132385254,1.3010299956639813
1.2768042087554932,0.7738343477249146,1.2796871662139893,0.4382590651512146,1.2603013515472412,0.6419270634651184,1.3010299956639813
1.2929348945617676,0.7368052005767822,1.3085107803344727,0.6454170346260071,1.2743706703186035,0.6625098586082458,1.3010299956639813
1.285541296005249,0.5509923696517944,1.2845895290374756,0.5587544441223145,1.3028134107589722,0.6634464859962463,1.3010299956639813
1.9993267059326172,0.8424408435821533,2.0203163623809814,0.8358535766601562,2.0282142162323,0.8773015737533569,2.1760912590556813
2.1083226203918457,0.8446983695030212,2.1213724613189697,0.7931818962097168,2.121150255203247,0.833745002746582,2.041392685158225
2.0435783863067627,0.8177942633628845,2.0595898628234863,0.8417223691940308,2.0408105850219727,0.8738830089569092,2.041392685158225
1.9602999687194824,0.8173748254776001,1.9553242921829224,0.8205491900444031,1.9882546663284302,0.8439047336578369,2.0
2.8502159118652344,0.31126511096954346,2.866668939590454,0.8876696228981018,2.8687729835510254,0.8884536027908325,3.0569048513364727
3.007730484008789,0.8865929245948792,3.0056519508361816,0.8697327375411987,3.00557279586792,0.8222433924674988,2.9542425094393248
2.930431842803955,0.8637925386428833,2.935450315475464,0.8920695185661316,2.940302848815918,0.8231791853904724,2.9138138523837167
2.77288818359375,0.8883654475212097,2.8289480209350586,0.8877793550491333,2.827300786972046,0.8884344696998596,2.8750612633917
1.926703929901123,0.8206828236579895,2.0015146732330322,0.7791985869407654,2.2676076889038086,0.7417885661125183,2.971275848738105
1.7717986106872559,0.8125655055046082,1.8619204759597778,0.8350526094436646,1.8363275527954102,0.8567823767662048,1.5998830720736879
1.932327151298523,0.8185553550720215,2.0813920497894287,0.7757687568664551,2.415335178375244,0.73668372631073,2.8943160626844384
1.7592042684555054,0.8003295660018921,1.726786732673645,0.8414313197135925,2.058361291885376,0.8190901279449463,1.4727564493172123
2.2907514572143555,0.7560123205184937,2.186088800430298,0.769957959651947,2.1858129501342773,0.7322705388069153,2.5899496013257077
1.91705322265625,0.8498300313949585,2.0092413425445557,0.8332909941673279,1.8924109935760498,0.812454342842102,1.4578818967339924
1.933727502822876,0.5399913787841797,1.9454011917114258,0.6719037890434265,1.9138699769973755,0.6620764136314392,2.204119982655925
0.7422673106193542,0.7085294723510742,0.9761399626731873,0.6153212785720825,0.8877719044685364,0.7123373746871948,2.0791812460476247
1.9018537998199463,0.5388668179512024,1.9605538845062256,0.5838699340820312,1.8973195552825928,0.6613931059837341,2.0569048513364727
1.9524359703063965,0.580862283706665,1.918463110923767,0.670933187007904,1.9855999946594238,0.5816047191619873,2.0
0.7877200841903687,0.8408309817314148,1.1480467319488525,0.8084146976470947,1.570442795753479,0.8249098658561707,2.0
2.0646605491638184,0.5811834931373596,2.133460521697998,0.5940859317779541,2.202361583709717,0.5901283621788025,1.9777236052888478
1.9208790063858032,0.20312583446502686,1.9046931266784668,0.6709674000740051,2.0051116943359375,0.5973144173622131,1.9030899869919435
1.7599289417266846,0.8914747834205627,1.9279284477233887,0.8927547931671143,1.9745538234710693,0.8891421556472778,1.7781512503836436
1.5768895149230957,0.8960844278335571,1.8269182443618774,0.8881986737251282,1.828925371170044,0.8975314497947693,1.7634279935629373
1.951704502105713,0.5907167792320251,1.9070981740951538,0.5843385457992554,1.9597910642623901,0.5980692505836487,1.6989700043360187
1.9216831922531128,0.8408712148666382,1.8375085592269897,0.873542845249176,1.780937671661377,0.8579835295677185,1.3010299956639813
1.9899656772613525,0.5843895673751831,1.991910696029663,0.668117880821228,1.971393346786499,0.6404998302459717,0.6020599913279624
3.601240634918213,0.7948349714279175,3.7132139205932617,0.8576180338859558,3.597588062286377,0.8895952105522156,3.6532125137753435
3.683520793914795,0.6212342977523804,3.7149548530578613,0.8415249586105347,3.607609272003174,0.8706340789794922,3.5563025007672873
3.498788356781006,0.8199178576469421,3.5140175819396973,0.8255572319030762,3.4018197059631348,0.649267315864563,3.505149978319906
2.862820625305176,0.7459367513656616,2.400315999984741,0.6201391220092773,2.906531810760498,0.8926538228988647,3.4771212547196626
2.9087445735931396,0.8295494914054871,1.6024744510650635,0.6377983689308167,1.8996572494506836,0.7833003997802734,3.4471580313422194
2.0788145065307617,0.4787200093269348,2.0974855422973633,0.8610252737998962,2.051171064376831,0.892429769039154,1.591064607026499
1.286811113357544,0.2547552287578583,1.130571722984314,0.8625324964523315,1.5570807456970215,0.8919892907142639,1.4913616938342726
1.2746572494506836,0.8070375919342041,1.0275510549545288,0.8749311566352844,1.2047319412231445,0.8568300008773804,1.3010299956639813
2.9087445735931396,0.8295494914054871,3.231882095336914,0.8933175206184387,3.220637798309326,0.8762919902801514,1.3010299956639813
1.3289422988891602,0.8576031923294067,1.3381550312042236,0.8936577439308167,1.2546178102493286,0.8912803530693054,1.0
1.8560853004455566,0.8166316151618958,1.8197585344314575,0.836369514465332,1.807765007019043,0.8407946228981018,0.7403626894942439
0.9057082533836365,0.8984373211860657,0.9427510499954224,0.8917132019996643,0.9640303254127502,0.9042900800704956,0.7923916894982539
1.0417029857635498,0.89260333776474,1.0830743312835693,0.8879221677780151,1.0704593658447266,0.8890621662139893,0.6627578316815741
1.6339662075042725,0.8894615769386292,1.6468026638031006,0.9059855341911316,1.6430095434188843,0.9070566892623901,0.3222192947339193
1.9265202283859253,0.8501823544502258,1.926174283027649,0.894089937210083,1.9244766235351562,0.8822351694107056,1.9294189257142929
1.9291030168533325,0.9033879637718201,1.9250738620758057,0.8747332096099854,1.924079179763794,0.8802861571311951,1.9294189257142929
1.9265202283859253,0.8501823544502258,1.926174283027649,0.894089937210083,1.9244775772094727,0.8822351098060608,1.9294189257142929
1.9267914295196533,0.8227043747901917,1.9250720739364624,0.8747336268424988,1.924079179763794,0.8802861571311951,1.9294189257142929
0.8529157042503357,0.8885010480880737,0.8558490872383118,0.7491868138313293,0.8649792075157166,0.8742607831954956,0.7160033436347992
0.6995501518249512,0.8408616185188293,0.7590857148170471,0.7636361718177795,0.7641373872756958,0.7518090009689331,0.7781512503836436
0.7128324508666992,0.8360282182693481,0.7565442323684692,0.7986912131309509,0.7784647345542908,0.8794469237327576,0.8325089127062363
0.9402257204055786,0.8752915263175964,0.9458706974983215,0.7359198331832886,0.9573027491569519,0.7751793265342712,0.8750612633917001
0.762272834777832,0.8350592851638794,0.7941766977310181,0.8044434189796448,0.8265082240104675,0.7157450914382935,0.8450980400142568
0.7657026052474976,0.8677182793617249,0.7765599489212036,0.8034282922744751,0.7657400369644165,0.7431226372718811,0.7923916894982539
1.004331350326538,0.8368113040924072,0.9638360142707825,0.8608008623123169,0.909643828868866,0.8871662616729736,0.7781512503836436
1.0063364505767822,0.8943789601325989,0.8041212558746338,0.7941381931304932,0.7965510487556458,0.7947632074356079,0.7781512503836436
1.2496283054351807,0.9031417369842529,1.1612582206726074,0.8895397782325745,1.1202133893966675,0.8714247345924377,0.6989700043360189
1.5114400386810303,0.8783417344093323,1.6043983697891235,0.9038867354393005,1.5563098192214966,0.9067067503929138,0.9030899869919435
1.638206958770752,0.8893832564353943,1.6448909044265747,0.90602046251297,1.6206709146499634,0.8930415511131287,1.041392685158225
1.0468779802322388,0.8411156535148621,0.9897224307060242,0.8502408266067505,1.5192828178405762,0.8550755381584167,1.4771212547196624
1.4841135740280151,0.8459082245826721,1.5111068487167358,0.8551803827285767,1.5240520238876343,0.8546672463417053,0.8450980400142568
1.69231116771698,0.8056257963180542,1.6905851364135742,0.8876906633377075,1.6913580894470215,0.8691970109939575,1.662757831681574
1.702705979347229,0.6210604906082153,1.7033920288085938,0.8774350881576538,1.7055087089538574,0.7978017330169678,1.6989700043360187
1.9296929836273193,0.8527424931526184,1.9085654020309448,0.826369047164917,1.909038782119751,0.786862313747406,2.041392685158225
1.8925803899765015,0.2231459766626358,1.8969285488128662,0.8210241794586182,1.8901569843292236,0.8636331558227539,1.9030899869919435
1.7721257209777832,0.846487820148468,1.7821156978607178,0.6762543320655823,1.7687441110610962,0.7607364058494568,1.7403626894942439
1.6563256978988647,0.2948659658432007,1.6814684867858887,0.7024235129356384,1.6577813625335693,0.8196588158607483,1.6532125137753437
1.8326936960220337,0.3407279849052429,1.8635529279708862,0.8686031103134155,1.855514407157898,0.790998101234436,1.845098040014257
1.8634204864501953,0.7219269275665283,1.8750020265579224,0.8782908320426941,1.8884773254394531,0.7694286704063416,2.0086001717619175
1.0654640197753906,0.8855775594711304,1.0642149448394775,0.7512871623039246,1.051281452178955,0.8355680108070374,1.0
0.6727616786956787,0.24047476053237915,0.6917718648910522,0.7660619020462036,0.6351600885391235,0.8502708077430725,0.6020599913279624
1.075599193572998,0.2134784460067749,1.3867583274841309,0.7498484253883362,1.0827412605285645,0.8754699230194092,0.3010299956639812
1.052825689315796,0.48485928773880005,1.4427906274795532,0.7479524612426758,1.0496211051940918,0.7242212295532227,0.6989700043360189
1.1491540670394897,0.6942530274391174,1.1176714897155762,0.7109912037849426,1.0696287155151367,0.8858588933944702,1.3010299956639813
1.1406700611114502,0.6296094655990601,1.115976095199585,0.6699614524841309,1.134716272354126,0.8523517847061157,1.0
0.7342504858970642,0.7656047344207764,0.7253024578094482,0.8278714418411255,0.7262258529663086,0.7387292385101318,0.6020599913279624
1.1652274131774902,0.687533974647522,1.1172547340393066,0.7341347932815552,1.1464314460754395,0.8448365926742554,1.6989700043360187
1.5758838653564453,0.8828915357589722,1.4304834604263306,0.7321619987487793,1.4678552150726318,0.8449394702911377,2.0
1.4239816665649414,0.5241974592208862,1.3369237184524536,0.7145933508872986,1.3258816003799438,0.8868784308433533,1.4771212547196624
0.7296877503395081,0.8749600648880005,0.7175894975662231,0.7198634743690491,0.7021648287773132,0.8435607552528381,0.8450980400142568
1.8656026124954224,0.6890454888343811,2.024254560470581,0.577582597732544,1.9334098100662231,0.8765957951545715,2.3010299956639813
2.6562581062316895,0.8843414783477783,2.604640245437622,0.6337670087814331,2.545232057571411,0.8592909574508667,2.4771212547196626
1.984208106994629,0.7144171595573425,2.140246868133545,0.7753748297691345,2.0627498626708984,0.5863111615180969,1.6989700043360187
0.9183324575424194,0.7673126459121704,0.9138715863227844,0.8254597187042236,0.7974788546562195,0.8350121974945068,0.9030899869919435
2.6601295471191406,0.8058602213859558,2.7249183654785156,0.8332157731056213,2.392150640487671,0.8946404457092285,2.7781512503836434
0.9052424430847168,0.8227129578590393,1.1678187847137451,0.8675377368927002,1.115173101425171,0.8133887648582458,1.0
0.9350802302360535,0.816342830657959,0.8973286747932434,0.8195433020591736,1.2488045692443848,0.8353042602539062,0.724275869600789
1.0814448595046997,0.8473556637763977,0.9947449564933777,0.8165106177330017,1.0479066371917725,0.849890947341919,0.8363241157067517
0.986514687538147,0.6358909010887146,1.2796086072921753,0.830463171005249,0.9668068289756775,0.8126292824745178,0.7745169657285496
0.9105566740036011,0.8460426926612854,1.0403136014938354,0.8149369955062866,1.0868065357208252,0.8346887230873108,0.5786392099680724
0.3965797424316406,0.5454839468002319,0.3814241886138916,0.5750779509544373,0.42268919944763184,0.574912965297699,0.3222192947339193
0.3532015085220337,0.7769526243209839,0.4010699987411499,0.8436526656150818,0.4181886911392212,0.881676197052002,0.31806333496276157
0.30763816833496094,0.5395188927650452,0.40461432933807373,0.6830576062202454,0.3424561023712158,0.5499125123023987,0.3010299956639812
0.4254506826400757,0.7276136875152588,0.39424407482147217,0.7141371369361877,0.41827595233917236,0.7385697364807129,0.3010299956639812
0.4116889238357544,0.33015790581703186,0.4141726493835449,0.8939293026924133,0.43894970417022705,0.8864567875862122,0.2764618041732441
0.3765721321105957,0.7196241617202759,0.35687267780303955,0.7534548044204712,0.35476529598236084,0.7253586053848267,0.25527250510330607
0.41013073921203613,0.29623672366142273,0.40118467807769775,0.6022957563400269,0.47497713565826416,0.6042251586914062,0.3010299956639812
0.42819058895111084,0.3209853768348694,0.4168124198913574,0.8448221683502197,0.42333972454071045,0.8948796987533569,0.25527250510330607
0.3721201419830322,0.7827209234237671,0.41074132919311523,0.6847609877586365,0.41180312633514404,0.5990030765533447,0.20411998265592482
0.24988889694213867,0.7787454724311829,0.3550229072570801,0.5393843650817871,0.3840768337249756,0.538794219493866,0.36172783601759284
0.25415194034576416,0.8870230913162231,0.24882495403289795,0.8819596171379089,0.2688640356063843,0.8984795212745667,0.3222192947339193
0.2509351968765259,0.5121905207633972,0.3538411855697632,0.6515617966651917,0.23504161834716797,0.5313695669174194,0.28330122870354957
0.23846638202667236,0.7743692398071289,0.27676868438720703,0.4926906228065491,0.28210175037384033,0.7322665452957153,0.38021124171160603
0.25426971912384033,0.762507975101471,0.235129714012146,0.4677157700061798,0.24338507652282715,0.7364689111709595,0.3424226808222063
0.2810479402542114,0.7649092674255371,0.2359309196472168,0.8906427621841431,0.2550356388092041,0.89473557472229,0.3222192947339193
0.27079975605010986,0.281431645154953,0.2699347734451294,0.6640259623527527,0.2907778024673462,0.7971181273460388,0.3222192947339193
0.26124823093414307,0.7039874792098999,0.2424997091293335,0.6630184054374695,0.22966814041137695,0.69804447889328,0.2787536009528289
0.23625028133392334,0.8538974523544312,0.24335718154907227,0.8452920913696289,0.2064955234527588,0.8947198390960693,0.2787536009528289
0.3495197296142578,0.3012053370475769,0.380210280418396,0.8400346636772156,0.4107515811920166,0.8980106711387634,0.2787536009528289
0.39740467071533203,0.5051127672195435,0.4200557470321655,0.538655161857605,0.4084744453430176,0.5426129102706909,0.2787536009528289
0.35268425941467285,0.5436388850212097,0.36132967472076416,0.663416862487793,0.3000926971435547,0.753028929233551,0.26951294421791633
0.15817523002624512,0.8223410844802856,0.19516491889953613,0.6651972532272339,0.26264095306396484,0.7142924070358276,0.3222192947339193
0.28528034687042236,0.8192058801651001,0.340720534324646,0.8954657912254333,0.42067527770996094,0.8980627655982971,0.2576785748691845
0.2902933359146118,0.6652546525001526,0.2253115177154541,0.5916995406150818,0.25566565990448,0.667247474193573,0.23552844690754893
0.4364696741104126,0.776911199092865,0.3967190980911255,0.7619131207466125,0.3459179401397705,0.833303689956665,0.23552844690754893
0.3898913860321045,0.7907295227050781,0.2933320999145508,0.7967193722724915,0.28096508979797363,0.7063298225402832,0.2304489213782739
0.36411452293395996,0.8777146935462952,0.4952254295349121,0.8849553465843201,0.29663074016571045,0.8864047527313232,0.20411998265592482
0.35658979415893555,0.871451199054718,0.28298699855804443,0.8669803142547607,0.31334853172302246,0.8611568212509155,0.2304489213782739
0.4342763423919678,0.5822192430496216,0.3455085754394531,0.8837925791740417,0.41583025455474854,0.8009828329086304,0.2304489213782739
0.6114779710769653,0.8884401321411133,1.3091840744018555,0.888930082321167,0.6818263530731201,0.8904688358306885,0.20411998265592482
0.38747942447662354,0.8634629249572754,0.31801700592041016,0.878476619720459,0.29509246349334717,0.8545820713043213,0.1931245983544616
0.3418564796447754,0.8307344913482666,0.3324369192123413,0.8871472477912903,0.34592366218566895,0.8913580775260925,0.18184358794477254
0.5883005857467651,0.8960368037223816,1.3845973014831543,0.8895151019096375,0.5862499475479126,0.8884486556053162,0.146128035678238
2.5487685203552246,0.8380436301231384,3.291217565536499,0.8364635109901428,3.2748141288757324,0.837192952632904,3.566555330883055
2.5512773990631104,0.8431059122085571,3.555539846420288,0.834073007106781,3.5447864532470703,0.8017560243606567,3.3991543339582164
2.4065585136413574,0.48231959342956543,2.225114583969116,0.7908539175987244,2.3478918075561523,0.80489182472229,2.2814878879400813
1.4474531412124634,0.8564757704734802,1.4444308280944824,0.874331533908844,1.4289954900741577,0.8687000274658203,1.4183012913197455
0.17892897129058838,0.4231474995613098,0.30512332916259766,0.7037529349327087,0.1940077543258667,0.39147433638572693,0.146128035678238
0.2257777452468872,0.39383798837661743,0.27867233753204346,0.6827824115753174,0.19855880737304688,0.7290610671043396,0.25527250510330607
0.3264356851577759,0.4498388469219208,0.34786689281463623,0.447335422039032,0.36896979808807373,0.4242819845676422,0.146128035678238
0.18739640712738037,0.20949870347976685,0.33335137367248535,0.6968170404434204,0.18961787223815918,0.7348436117172241,0.17609125905568124
0.2406022548675537,0.3093092441558838,0.22926747798919678,0.3599134087562561,0.25721287727355957,0.296857625246048,0.3424226808222063
0.3217911720275879,0.20998439192771912,0.31866252422332764,0.3567289113998413,0.39094817638397217,0.39252573251724243,0.25527250510330607
0.23611438274383545,0.3304581642150879,0.3965803384780884,0.686355710029602,0.23320770263671875,0.7274337410926819,0.2304489213782739
0.31181812286376953,0.33425331115722656,0.3080263137817383,0.32145342230796814,0.2846759557723999,0.7150326371192932,0.4471580313422192
0.4077773094177246,0.3857378661632538,0.4268726110458374,0.32807430624961853,0.3820211887359619,0.7211058139801025,0.38021124171160603
0.4760403633117676,0.4020545184612274,0.5268192291259766,0.6826631426811218,0.5639960765838623,0.40596792101860046,0.25527250510330607
0.46629035472869873,0.29823943972587585,0.4405704736709595,0.36382994055747986,0.4236074686050415,0.7198375463485718,0.6434526764861874
0.6156350374221802,0.410162091255188,0.5538570880889893,0.43216368556022644,0.6510870456695557,0.40588629245758057,0.6434526764861874
0.7256819605827332,0.6359080076217651,0.7316449284553528,0.6484867930412292,0.8289132714271545,0.6787152886390686,0.3424226808222063
0.5790069103240967,0.6063272356987,0.5713484287261963,0.6513267159461975,0.5648194551467896,0.7773951292037964,0.7923916894982539
0.837472140789032,0.6843796372413635,0.7838778495788574,0.7347175478935242,0.8774231672286987,0.6560019254684448,0.7634279935629373
0.934846043586731,0.880933940410614,0.9491738677024841,0.9026631116867065,0.8889518976211548,0.8538669943809509,0.38021124171160603
0.8826507329940796,0.8796013593673706,0.8909705281257629,0.9023017287254333,0.5990800857543945,0.868609607219696,0.8325089127062363
0.9242958426475525,0.8928374648094177,0.9332741498947144,0.8868069648742676,0.916601300239563,0.8617281913757324,0.8325089127062363
0.9129754304885864,0.8006192445755005,0.9037478566169739,0.8948025703430176,0.9074526429176331,0.8772304654121399,0.47712125471966244
0.5276668071746826,0.8469994068145752,0.5226759910583496,0.7845553755760193,0.677232563495636,0.8922668099403381,0.8573324964312685
0.5961441993713379,0.8529875874519348,0.5672310590744019,0.7924048900604248,0.8763406276702881,0.8795721530914307,0.9030899869919435
1.4272631406784058,0.7963088154792786,1.4244753122329712,0.8445934057235718,1.4252851009368896,0.759610652923584,1.3010299956639813
1.4295481443405151,0.7073063254356384,1.4261398315429688,0.738542914390564,1.427962303161621,0.7836883068084717,1.4771212547196624
1.5459781885147095,0.7138972878456116,1.585325837135315,0.8083051443099976,1.5998365879058838,0.7298214435577393,1.6020599913279625
1.7471153736114502,0.7100920081138611,1.7870588302612305,0.653954029083252,1.780817985534668,0.7552386522293091,1.7781512503836436
1.5291560888290405,0.2951933741569519,1.7444300651550293,0.8283098936080933,1.5238603353500366,0.7376534938812256,1.3010299956639813
1.5062816143035889,0.7425611615180969,1.8482587337493896,0.8275449275970459,1.4773527383804321,0.7948440909385681,1.6020599913279625
2.040325164794922,0.7918485999107361,2.038339853286743,0.8372547626495361,1.8638066053390503,0.7836617827415466,2.0791812460476247
1.8895070552825928,0.8278284668922424,1.8908053636550903,0.7853931188583374,1.6929430961608887,0.8564619421958923,1.7781512503836436
1.9580841064453125,0.8854536414146423,1.9251548051834106,0.8894826769828796,1.963645339012146,0.8700619339942932,2.0644579892269186
1.8458428382873535,0.8859379887580872,1.8682798147201538,0.8907434344291687,1.866926670074463,0.8738410472869873,1.9777236052888478
2.0293705463409424,0.898487389087677,1.6436899900436401,0.8898353576660156,2.018253803253174,0.8844380974769592,2.342422680822206
2.110764741897583,0.8893730044364929,1.642307996749878,0.8898393511772156,2.1751699447631836,0.8914037942886353,2.146128035678238
0.7525961995124817,0.8104456663131714,0.7562746405601501,0.830814778804779,0.760408341884613,0.7836539149284363,0.6020599913279624
0.7712889909744263,0.22237226366996765,0.7613074779510498,0.8382298946380615,0.7676470875740051,0.8623331785202026,0.6989700043360189
0.8486040234565735,0.7890300750732422,0.9072189331054688,0.8339216709136963,0.8353491425514221,0.8036934733390808,1.0
1.435797929763794,0.7844547033309937,1.5973559617996216,0.8248212933540344,1.4069806337356567,0.7829108238220215,1.4771212547196624
2.6139729022979736,0.8064092397689819,2.611208200454712,0.8356636166572571,2.6202313899993896,0.8076632618904114,2.0
2.2376606464385986,0.26326560974121094,1.9375077486038208,0.8376927971839905,2.243873357772827,0.8390774130821228,2.7781512503836434
2.5953421592712402,0.27578431367874146,1.8631632328033447,0.8353589177131653,2.616698741912842,0.8345517516136169,2.3010299956639813
2.253511428833008,0.8015157580375671,1.8031396865844727,0.8440448641777039,2.2576541900634766,0.7698083519935608,3.0
0.39557111263275146,0.3025909960269928,0.38285863399505615,0.8219420313835144,0.4011361598968506,0.6366431713104248,0.42324587393680785
0.371864914894104,0.7982298731803894,0.3567216396331787,0.5611774325370789,0.45836806297302246,0.5426129102706909,0.42324587393680785
0.48463714122772217,0.5893381834030151,0.47914445400238037,0.6886194944381714,0.5143576860427856,0.6659203171730042,0.414973347970818
0.5051017999649048,0.7850143313407898,0.49574458599090576,0.781217634677887,0.48633766174316406,0.7770827412605286,0.38021124171160603
0.44435977935791016,0.8532025218009949,0.4319063425064087,0.5653570294380188,0.45126283168792725,0.5223437547683716,0.22010808804005508
0.3741675615310669,0.835961103439331,0.3444415330886841,0.792449951171875,0.3254280090332031,0.4560164213180542,0.39093510710337914
0.3737300634384155,0.2374238520860672,0.41616809368133545,0.8308104276657104,0.4315236806869507,0.6065229773521423,0.38021124171160603
0.30104100704193115,0.3144100308418274,0.2724248170852661,0.4685207009315491,0.26386022567749023,0.4461648464202881,0.38021124171160603
0.36087560653686523,0.8508353233337402,0.37032461166381836,0.5829777121543884,0.3648066520690918,0.6091060638427734,0.37106786227173627
0.28896987438201904,0.7620227336883545,0.25470995903015137,0.8196836709976196,0.297349214553833,0.7842608094215393,0.3222192947339193
0.2874586582183838,0.22523880004882812,0.2848052978515625,0.8664290904998779,0.2889695167541504,0.4631378650665283,0.31175386105575426
0.29912447929382324,0.8393166065216064,0.38267552852630615,0.8335269093513489,0.2815206050872803,0.5471137166023254,0.3010299956639812
0.2994877099990845,0.8224149346351624,0.2886652946472168,0.8742067217826843,0.29636621475219727,0.6100010871887207,0.2787536009528289
0.2560337781906128,0.7947939038276672,0.22248542308807373,0.44969865679740906,0.2599684000015259,0.3906918168067932,0.2787536009528289
0.22360384464263916,0.24866198003292084,0.20112824440002441,0.8236377239227295,0.2447512149810791,0.791679322719574,0.2787536009528289
0.4247863292694092,0.8152990937232971,0.41178297996520996,0.7637338042259216,0.4224410057067871,0.808367133140564,0.2304489213782739
0.2474839687347412,0.5022122263908386,0.2211071252822876,0.8736432194709778,0.3127739429473877,0.5610882639884949,0.21748394421390624
0.33238935470581055,0.6215094923973083,0.3679943084716797,0.8473982810974121,0.3870948553085327,0.659536600112915,0.20411998265592482
0.2150435447692871,0.4991611838340759,0.18601000308990479,0.8037135601043701,0.21204102039337158,0.532825767993927,0.20411998265592482
0.32332122325897217,0.618338942527771,0.32435572147369385,0.6549564599990845,0.31967151165008545,0.6505333781242371,0.1903316981702915
3.274958372116089,0.8720581531524658,3.255250930786133,0.857501208782196,3.2758970260620117,0.864428699016571,3.4313637641589874
3.278158664703369,0.8877364993095398,3.2207674980163574,0.8418499827384949,3.2593612670898438,0.8979363441467285,3.230448921378274
2.987231731414795,0.8717581629753113,2.9748260974884033,0.8494836091995239,2.9876718521118164,0.8940756320953369,3.113943352306837
2.324256181716919,0.6280375123023987,2.3139333724975586,0.6401306390762329,2.3241426944732666,0.6759169697761536,2.380211241711606
2.065345525741577,0.8104622960090637,2.1015565395355225,0.7731859087944031,2.0894174575805664,0.8479064702987671,2.146128035678238
1.8827687501907349,0.6587281227111816,1.8830630779266357,0.7378925681114197,2.0371389389038086,0.8381310105323792,1.845098040014257
1.4560710191726685,0.7991686463356018,1.446829080581665,0.830390989780426,1.4531968832015991,0.8360210657119751,1.4771212547196624
1.3310798406600952,0.8850253224372864,1.341082215309143,0.6738232970237732,1.3282676935195923,0.7995116710662842,1.3424226808222062
1.3037257194519043,0.8853988647460938,1.246565341949463,0.8169057965278625,1.2559187412261963,0.8647843599319458,1.255272505103306
3.273440361022949,0.28781354427337646,3.277644395828247,0.7316404581069946,3.318481922149658,0.8302244544029236,3.3010299956639813
3.210031509399414,0.860368549823761,3.2243435382843018,0.8388981223106384,3.18117618560791,0.7947090864181519,3.1903316981702914
2.9527103900909424,0.7393559813499451,2.9718284606933594,0.7653911113739014,3.0005388259887695,0.8413236737251282,3.041392685158225
2.285653829574585,0.742001473903656,2.291165351867676,0.7471219301223755,2.325056314468384,0.8103920817375183,2.230448921378274
2.079446792602539,0.8851627111434937,2.0521280765533447,0.7727175354957581,2.051510810852051,0.8988346457481384,2.0
1.8602875471115112,0.8822130560874939,1.8543448448181152,0.6062191724777222,1.974677562713623,0.8390439748764038,1.7403626894942439
1.4524080753326416,0.8602970242500305,1.4492084980010986,0.8145895004272461,1.4645006656646729,0.8412137627601624,1.380211241711606
1.284053921699524,0.6771019101142883,1.2895461320877075,0.8323767185211182,1.2869292497634888,0.8992502093315125,1.2787536009528289
1.2898197174072266,0.8852254748344421,1.2111903429031372,0.8253775835037231,1.2203348875045776,0.7727463841438293,1.2041199826559248
0.31255555152893066,0.8785744905471802,1.0020424127578735,0.8281969428062439,0.8483111262321472,0.8878979086875916,0.7993405494535817
1.6278566122055054,0.731829047203064,1.5684436559677124,0.7785589098930359,1.6588847637176514,0.7717275619506836,0.8061799739838872
2.1000003814697266,0.7121152877807617,1.8356502056121826,0.8612067699432373,1.9194388389587402,0.8807308077812195,1.1367205671564067
1.070946455001831,0.44832342863082886,1.3015401363372803,0.7217522859573364,1.329553246498108,0.7476483583450317,2.8573324964312685
0.047719717025756836,0.8780697584152222,0.48087096214294434,0.8338553309440613,0.44241762161254883,0.7935497760772705,0.6627578316815741
-0.5660923719406128,0.8592188954353333,0.23224472999572754,0.8222982287406921,-0.23843419551849365,0.8678602576255798,-0.22914798835785583
-0.11438429355621338,0.8527185320854187,0.2610929012298584,0.5551918148994446,0.4917454719543457,0.7109443545341492,0.7923916894982539
0.36581361293792725,0.3809669017791748,0.9166950583457947,0.8524166345596313,0.7958047986030579,0.7212868928909302,0.3424226808222063
0.6395701169967651,0.8068413138389587,0.7516039609909058,0.8280268311500549,0.6492393016815186,0.8101744055747986,0.5185139398778874
0.614812970161438,0.7690208554267883,0.4928659200668335,0.8218557834625244,0.6823268532752991,0.6643824577331543,0.04139268515822507
0.6652985215187073,0.36408400535583496,1.1486629247665405,0.6614784598350525,1.178289771080017,0.8666718602180481,0.9493900066449128
0.5240124464035034,0.4403156340122223,0.9643588066101074,0.8206388354301453,0.917555034160614,0.6470167636871338,1.6989700043360187
0.5543917417526245,0.7822980880737305,0.6820207834243774,0.8388016223907471,0.6140520572662354,0.7994723320007324,0.20411998265592482
-0.2563490867614746,0.7640706300735474,-0.23041248321533203,0.754305899143219,-0.19182348251342773,0.7017630338668823,0.0
0.0678180456161499,0.8551037311553955,0.1412050724029541,0.7246509194374084,0.4933964014053345,0.6853034496307373,0.25527250510330607
0.4804497957229614,0.7810750603675842,0.4617469310760498,0.8057472705841064,0.48092150688171387,0.7132419347763062,0.414973347970818
0.28875672817230225,0.5145614147186279,0.5367103815078735,0.815617561340332,0.3382307291030884,0.88397616147995,-0.3010299956639812
-0.31189990043640137,0.657900333404541,-0.41347968578338623,0.7344000935554504,0.32484281063079834,0.7066206336021423,-0.431798275933005
0.2677396535873413,0.8670502305030823,0.05100715160369873,0.7556720972061157,0.44502508640289307,0.7454402446746826,-0.5228787452803376
0.4088236093521118,0.24660977721214294,0.5291553735733032,0.8596563339233398,0.48308849334716797,0.7081860303878784,0.414973347970818
1.801079511642456,0.8893595933914185,1.7838079929351807,0.8940831422805786,1.8360157012939453,0.8915243148803711,2.2648178230095364
1.718537449836731,0.885027289390564,1.7210053205490112,0.9045490622520447,1.7038860321044922,0.8930415511131287,3.719082573901486
1.6788356304168701,0.8917248845100403,1.654163122177124,0.8898439407348633,1.6503556966781616,0.9070582389831543,4.218902950862829
3.597062110900879,0.7710165977478027,3.586110830307007,0.7695344090461731,3.660855770111084,0.7925872206687927,3.655234507034294
3.361046314239502,0.6341648697853088,3.3487300872802734,0.6436036825180054,3.241787910461426,0.6625638604164124,3.439332693830263
3.450807571411133,0.755351722240448,3.4715662002563477,0.7018159031867981,3.3483800888061523,0.6517709493637085,3.4933186082321015
3.690092086791992,0.7371705770492554,3.6824514865875244,0.7724981904029846,3.670403003692627,0.7741489410400391,3.7673785241141804
3.47078275680542,0.7624596357345581,3.453770399093628,0.619458794593811,3.480567455291748,0.599920392036438,3.554489160003819
3.3438076972961426,0.6857278943061829,3.350144386291504,0.690970242023468,3.3358027935028076,0.7794045805931091,3.4000196350651586
3.273083209991455,0.546925961971283,3.1770167350769043,0.8330712914466858,3.2504451274871826,0.8387948274612427,3.6624745037503095
3.455657958984375,0.7254634499549866,3.463052749633789,0.7001959085464478,3.4548590183258057,0.7230103611946106,3.2942457161381182
3.46646785736084,0.7276536226272583,3.3652780055999756,0.7754273414611816,3.408451557159424,0.7103283405303955,3.4631461367263494
3.4287872314453125,0.7491627931594849,3.4699771404266357,0.6867808103561401,3.417390823364258,0.7958187460899353,3.5296869537729165
3.533182144165039,0.6860877871513367,3.448655843734741,0.7995777130126953,3.449495553970337,0.8094676733016968,3.5224442335063197
3.528860092163086,0.7045181393623352,3.5244410037994385,0.7205953001976013,3.469564199447632,0.782684862613678,3.374198257929083
3.3660383224487305,0.788486123085022,3.4024858474731445,0.7349756360054016,3.428269624710083,0.7947767972946167,3.5358002908248976
3.3384180068969727,0.8579212427139282,3.197690963745117,0.8520005345344543,3.167346477508545,0.8476880192756653,3.5599066250361124
2.1212522983551025,0.8844915628433228,2.00551438331604,0.8980974555015564,1.9692254066467285,0.8880858421325684,3.4410664066392633
0.4114152193069458,0.7526727318763733,0.3910865783691406,0.5517827272415161,0.48464369773864746,0.6479011178016663,-0.09691001300805639
0.21216058731079102,0.8134381175041199,0.2653677463531494,0.6594991683959961,0.33449316024780273,0.6055687665939331,0.0
0.41006553173065186,0.7768890857696533,0.5141640901565552,0.48833200335502625,0.42962539196014404,0.8337222933769226,0.04139268515822507
0.1886082887649536,0.20467109978199005,0.17384612560272217,0.5467711091041565,0.18033885955810547,0.5446274876594543,0.3010299956639812
0.2910505533218384,0.8107216358184814,0.20646250247955322,0.5985990762710571,0.23442816734313965,0.8254923820495605,0.47712125471966244
0.27503275871276855,0.8146734833717346,0.21560370922088623,0.47465869784355164,0.16404545307159424,0.831270694732666,0.6020599913279624
0.4457366466522217,0.7514780759811401,0.34807026386260986,0.5883438587188721,0.3416324853897095,0.8227216601371765,0.5563025007672873
0.3990741968154907,0.7815223932266235,0.32786309719085693,0.6377923488616943,0.39203107357025146,0.5465803742408752,0.5910646070264992
1.1133863925933838,0.8437846302986145,1.1945970058441162,0.7858808040618896,1.1782499551773071,0.7944052815437317,0.9571281976768131
0.7379339933395386,0.7682458162307739,0.740612268447876,0.49429962038993835,0.7294574975967407,0.29666686058044434,0.7626785637274363
0.8739177584648132,0.8317941427230835,0.9082096219062805,0.7570181488990784,0.792107105255127,0.8643128871917725,0.6739419986340878
0.9438321590423584,0.4793400168418884,0.8099055290222168,0.6524469256401062,0.9256383776664734,0.768385112285614,0.8808135922807914
1.1194971799850464,0.6218615770339966,1.1300690174102783,0.8349892497062683,1.1237037181854248,0.8132297396659851,1.2105860249051565
0.8967093229293823,0.3325592279434204,0.918057918548584,0.774330198764801,0.8775656819343567,0.7490190267562866,0.8715729355458788
0.913353681564331,0.834600031375885,0.9278620481491089,0.8365341424942017,0.9591341614723206,0.8217452764511108,0.7803173121401513
0.9263525605201721,0.7854989767074585,0.9366995692253113,0.7866936326026917,0.9096542596817017,0.7609837055206299,0.8750612633917001
-0.15832293033599854,0.2058166265487671,-0.10555636882781982,0.3654649257659912,-0.2347503900527954,0.6317776441574097,0.0
-0.26306748390197754,0.2235083431005478,-0.2852414846420288,0.6380717158317566,-0.28229784965515137,0.5638713836669922,-0.22184874961635637
0.07036149501800537,0.5841712951660156,0.027118802070617676,0.5918166637420654,0.039255380630493164,0.5225335359573364,-0.3010299956639812
0.00042498111724853516,0.7368476390838623,-0.01222836971282959,0.8422865271568298,0.029455065727233887,0.7359830141067505,-0.3979400086720376
-0.07504653930664062,0.35167571902275085,-0.06887471675872803,0.3337579369544983,-0.08652567863464355,0.34242820739746094,-0.6989700043360187
-0.2307736873626709,0.8331590890884399,-0.24718856811523438,0.7975201606750488,-0.25021541118621826,0.7046760320663452,0.0
-0.1700817346572876,0.3864065706729889,-0.09313392639160156,0.36057931184768677,-0.08965516090393066,0.3742532432079315,0.0
-0.11520242691040039,0.23078356683254242,-0.052886962890625,0.5674285292625427,-0.05588996410369873,0.580910861492157,-0.045757490560675115
-0.19142436981201172,0.3213518559932709,-0.2050563097000122,0.3576328158378601,-0.2942284345626831,0.6163872480392456,-0.22184874961635637
-0.22761821746826172,0.5675857067108154,-0.27469515800476074,0.6341647505760193,-0.23469209671020508,0.6148186326026917,-0.22184874961635637
0.013828635215759277,0.36403876543045044,0.08827900886535645,0.33422574400901794,-0.09181523323059082,0.6275944113731384,0.3010299956639812
0.08025002479553223,0.2227596789598465,0.12033271789550781,0.5359012484550476,-0.04869580268859863,0.723735511302948,0.2304489213782739
-0.09062576293945312,0.3598552942276001,-0.09187090396881104,0.34164735674858093,-0.16893279552459717,0.6132646203041077,0.146128035678238
-0.07662379741668701,0.7251005172729492,-0.20302855968475342,0.7979828715324402,-0.016715526580810547,0.730039656162262,-0.09691001300805639
-0.20192193984985352,0.5529857277870178,-0.19643330574035645,0.5929256677627563,-0.18807220458984375,0.6508158445358276,-0.1549019599857432
0.46729767322540283,0.5195155143737793,0.288360595703125,0.5831879377365112,0.11674368381500244,0.730376660823822,0.47712125471966244
0.31819868087768555,0.36461231112480164,0.32786428928375244,0.38458865880966187,0.14743494987487793,0.6411105394363403,0.47712125471966244
0.26701176166534424,0.3194117248058319,0.16239666938781738,0.35070812702178955,0.29248201847076416,0.3750530481338501,0.2304489213782739
-0.1019735336303711,0.6632093787193298,-0.010828375816345215,0.6355736255645752,-0.12260639667510986,0.5245508551597595,-0.1549019599857432
-0.11004376411437988,0.8342580199241638,-0.20956826210021973,0.8068429231643677,-0.06505966186523438,0.7326042652130127,-0.22184874961635637
0.343275785446167,0.7352805733680725,0.352819561958313,0.7609171867370605,0.6713823080062866,0.8086153864860535,0.6020599913279624
0.8756733536720276,0.8032317161560059,0.8766945600509644,0.813740074634552,0.9059991240501404,0.8121230602264404,0.43136376415898736
0.46667420864105225,0.7792708873748779,0.5034772157669067,0.7524981498718262,0.6640497446060181,0.8081991672515869,0.25527250510330607
0.0890432596206665,0.7903115749359131,0.0035963058471679688,0.8277249336242676,0.30043160915374756,0.7898879051208496,-0.09691001300805639
0.26994574069976807,0.8810730576515198,0.09977269172668457,0.8778260350227356,0.25253868103027344,0.8662078976631165,-0.1549019599857432
