6,13,42,log (Separation factor)
1.0430877208709717,1.1957623958587646,0.9108119010925293,0.20411998265592482
0.86838698387146,0.9370436072349548,0.8743013143539429,0.3010299956639812
0.9757380485534668,0.983002781867981,1.003254771232605,0.3424226808222063
0.9168116450309753,1.1813071966171265,0.9185847043991089,0.505149978319906
1.049295425415039,0.942238986492157,0.9632333517074585,0.5797835966168101
0.7152841687202454,1.0947760343551636,0.879128634929657,0.6232492903979004
2.35943603515625,2.840672016143799,2.8039705753326416,3.26030994579492
2.1177403926849365,1.809874415397644,2.052872896194458,3.0791812460476247
2.090275287628174,2.1559464931488037,2.3094193935394287,2.3979400086720375
2.4568417072296143,2.358865737915039,2.4545483589172363,2.3010299956639813
2.0806732177734375,2.4949185848236084,2.2973780632019043,2.204119982655925
1.9614189863204956,2.1287548542022705,2.2453010082244873,2.146128035678238
1.7232530117034912,1.7464903593063354,1.9305689334869385,2.0791812460476247
2.1451199054718018,2.2001962661743164,2.4134087562561035,2.075546961392531
2.5102453231811523,2.3605403900146484,2.385575771331787,2.0
2.349824905395508,2.298574924468994,2.3968536853790283,1.9030899869919435
2.541947841644287,2.636620044708252,2.407947063446045,1.845098040014257
2.6345057487487793,2.525357246398926,2.4181666374206543,1.845098040014257
1.8648475408554077,2.09987473487854,1.9422880411148071,1.6020599913279625
0.8720273971557617,0.9769479632377625,0.8536863923072815,1.3010299956639813
1.3008962869644165,1.2165679931640625,1.349124789237976,1.2855573090077739
1.2425179481506348,1.2026913166046143,1.1075915098190308,1.2671717284030137
1.243248462677002,1.3648173809051514,1.1747493743896484,1.2405492482825997
1.6354838609695435,1.674503207206726,1.5723966360092163,1.2253092817258628
1.3426979780197144,1.5993432998657227,1.5466856956481934,1.2174839442139063
1.492835283279419,1.6099010705947876,1.4082999229431152,1.2041199826559248
1.382678508758545,1.4094024896621704,1.2977224588394165,1.1958996524092338
1.1233415603637695,1.1888654232025146,1.2401167154312134,1.1903316981702914
1.6680970191955566,1.6774227619171143,1.7580722570419312,1.1789769472931695
1.704329490661621,1.639708399772644,1.3986786603927612,0.9138138523837167
2.2796881198883057,2.379603624343872,2.3737685680389404,1.4548448600085102
1.985479712486267,2.0368244647979736,2.0857393741607666,1.2227164711475833
2.067945957183838,2.1478638648986816,2.1012933254241943,1.1034616220947049
1.910884976387024,1.902030110359192,1.989571213722229,1.0610753236297918
1.8252609968185425,1.8733224868774414,1.8578474521636963,0.9294189257142927
1.715674638748169,1.7765179872512817,1.8603198528289795,0.8450980400142568
2.085951805114746,2.1513166427612305,2.168196201324463,0.6464037262230695
1.5412986278533936,1.4200050830841064,1.5524238348007202,1.8881233072979084
1.3257864713668823,1.2814149856567383,1.2805625200271606,1.4756711883244296
1.2782244682312012,1.2448794841766357,1.2506316900253296,1.2174839442139063
1.208856225013733,1.2041138410568237,1.1628220081329346,0.9439888750737718
1.2833302021026611,1.282933235168457,1.2307442426681519,0.7403626894942439
1.6785959005355835,1.7180231809616089,1.6925429105758667,1.398634324538392
1.755125641822815,1.7535027265548706,1.766140103340149,1.584218112117405
1.7890571355819702,1.804659366607666,1.8804699182510376,2.1048284036536553
1.9349620342254639,1.8013689517974854,1.967117428779602,2.361538971269279
2.1626737117767334,2.0575907230377197,2.0059375762939453,2.8147801457458046
0.8023308515548706,0.785058319568634,0.8018648028373718,0.8169038393756602
0.6846624612808228,0.7341394424438477,0.6248273849487305,0.7355988996981799
0.5664593577384949,0.7898082137107849,0.6339290142059326,0.667452952889954
0.8445045351982117,0.8277890086174011,0.7578924894332886,0.8382192219076258
0.8632614016532898,0.8319607377052307,0.6277005672454834,0.7419390777291989
0.7240113615989685,0.7612254023551941,0.787538468837738,0.7419390777291989
0.8779301047325134,0.8459566831588745,0.7341321706771851,0.8530895298518655
0.893721342086792,0.7310737371444702,0.7255054116249084,0.7339992865383869
0.7198111414909363,0.8239254951477051,0.831234872341156,0.6637009253896482
0.8405017256736755,0.8815760612487793,0.6366174221038818,0.865103974641128
0.80101078748703,0.7903301119804382,0.8628008365631104,0.7543483357110189
0.8155078887939453,0.7523502111434937,0.7643251419067383,0.6627578316815741
0.8403949737548828,0.798579752445221,0.8038848042488098,0.8331471119127851
0.8699286580085754,0.7494346499443054,0.7956011295318604,0.7881683711411677
0.8417739272117615,0.8636138439178467,0.8288282155990601,0.6989700043360189
0.7533648610115051,0.84723299741745,0.8819864988327026,0.8976270912904414
0.6552963852882385,0.8236843347549438,0.8075101375579834,0.7781512503836436
0.9314131736755371,0.8626705408096313,0.7578323483467102,0.7092699609758307
0.9220476150512695,0.8611209988594055,0.7191775441169739,1.0784568180532925
0.8762446641921997,0.8352989554405212,0.8477042317390442,0.8375884382355113
0.9266855120658875,0.9433179497718811,0.7202353477478027,0.6884198220027106
0.9693998098373413,0.9496639966964722,0.9299139976501465,1.1861083798132053
0.9609693288803101,1.0086063146591187,0.8963813781738281,0.8267225201689921
0.9861574172973633,0.908916711807251,0.8316808342933655,0.8055008581584001
1.2419613599777222,1.2675977945327759,1.1428475379943848,1.3643633546157308
1.0778288841247559,1.1247520446777344,1.102524995803833,1.2227164711475833
1.253874659538269,1.1839134693145752,0.9869745969772339,1.0644579892269186
0.7920457124710083,0.8840898275375366,0.7628230452537537,0.8715729355458788
0.8476346135139465,0.8905166387557983,0.7421761155128479,0.846955325019824
0.9872217178344727,0.9817538857460022,0.9513336420059204,0.7774268223893114
0.8670798540115356,0.9236721992492676,0.7564615607261658,0.8450980400142568
0.8922534584999084,0.7169864773750305,0.9532423615455627,0.9731278535996987
0.890997588634491,0.8974044322967529,0.8993088006973267,1.1760912590556813
1.0567035675048828,1.0565615892410278,1.0715813636779785,1.3521825181113625
0.93950355052948,1.0277212858200073,1.0461336374282837,1.3434085938038574
1.134890079498291,0.9455878734588623,1.0478236675262451,1.2605483726369795
0.915345311164856,1.057634949684143,1.0160801410675049,1.2460059040760292
1.1829642057418823,1.2926361560821533,1.2013685703277588,1.1335389083702174
0.24280954897403717,0.16332904994487762,0.24061505496501923,0.25984415912950387
0.9434637427330017,0.9736254215240479,0.9857574105262756,0.5693739096150459
0.35387444496154785,0.22182610630989075,0.36088576912879944,0.134905422521204
0.3421049416065216,0.34731385111808777,0.2559409439563751,0.057018743462753624
1.135026216506958,0.9431084990501404,1.0643748044967651,0.5440680443502757
0.46018853783607483,0.17975452542304993,0.349735826253891,0.1887887561999041
0.2876630127429962,0.26932522654533386,0.3626503050327301,0.32102665773805583
1.0731143951416016,1.0594017505645752,1.2091883420944214,0.5198279937757188
1.0345710515975952,1.1376161575317383,1.0858838558197021,0.5024271199844327
1.1301273107528687,1.1148099899291992,1.288643717765808,0.49554433754644844
0.25873515009880066,0.3719073235988617,0.12332253903150558,0.377943380255784
0.9165101647377014,1.0114141702651978,0.9086466431617737,0.7626785637274363
0.47497180104255676,0.2430911362171173,0.18956752121448517,0.30330969374508143
0.23703207075595856,0.22867301106452942,0.30263763666152954,0.18412335423967113
1.113012433052063,1.057552695274353,0.8843985199928284,0.7272158209084926
0.3130641579627991,0.23495757579803467,0.12376011908054352,0.0022796980811002577
0.26303720474243164,0.312260240316391,0.2677091658115387,0.2374806502767422
0.8972286581993103,0.9140190482139587,1.1703227758407593,0.6683859166900001
0.985099732875824,0.9005386233329773,0.9724422097206116,0.6232492903979004
0.9886791110038757,1.0456995964050293,1.2932636737823486,0.6053050461411095
0.1422073394060135,0.19034597277641296,0.23712636530399323,0.4359352590196724
0.8655456900596619,0.903911292552948,1.1334786415100098,1.0128372247051722
0.17160768806934357,0.24715499579906464,0.17509131133556366,0.25984415912950387
0.3404610753059387,0.23054486513137817,0.3385727107524872,0.19289736949889066
0.9312743544578552,0.9563233852386475,0.8381204605102539,0.9289076902439527
0.371023565530777,0.26907652616500854,0.26512548327445984,0.0022796980811002577
0.28627288341522217,0.21371504664421082,0.3167753219604492,0.2172772761581854
0.9259928464889526,1.0609166622161865,0.9682121276855469,0.8260748027008264
1.0334644317626953,1.131752371788025,0.9832956790924072,0.7715874808812554
0.8767010569572449,0.9826684594154358,1.166626214981079,0.6963563887333322
2.5130133628845215,2.603816270828247,2.5593698024749756,2.506505032404872
2.217337131500244,2.2243142127990723,2.291822671890259,2.4409090820652177
2.0245728492736816,2.006772518157959,2.0281448364257812,1.8195439355418688
1.520838975906372,1.5109364986419678,1.5508028268814087,1.8195439355418688
2.603403091430664,2.571713447570801,2.6253929138183594,2.762678563727436
2.238708257675171,2.287226915359497,2.224710702896118,2.6580113966571126
2.0628998279571533,2.070054769515991,2.1171514987945557,2.1903316981702914
1.710960865020752,1.6198484897613525,1.5711448192596436,2.0
2.7430083751678467,2.8293213844299316,2.81197452545166,3.12515582958053
2.451068639755249,2.348623037338257,2.3280951976776123,2.9960736544852753
2.75396990776062,2.7120885848999023,2.7800986766815186,2.9410142437055695
2.811598062515259,2.623105049133301,2.643596649169922,2.7596678446896306
2.4239602088928223,2.331271171569824,2.3581504821777344,2.716003343634799
2.6950414180755615,2.7845706939697266,2.6319522857666016,2.6693168805661123
2.281400203704834,2.3382928371429443,2.396771192550659,2.606381365110605
2.1004080772399902,2.151228427886963,2.1132802963256836,2.424881636631067
2.339635133743286,2.2532057762145996,2.276744842529297,2.4216039268698313
1.8029314279556274,1.7399686574935913,1.8447761535644531,2.2278867046136734
2.3531341552734375,2.3383853435516357,2.452415704727173,2.792391689498254
2.4396300315856934,2.2837915420532227,2.3925111293792725,2.708420900134713
1.8252875804901123,1.8291199207305908,1.8045291900634766,2.330413773349191
1.875359296798706,1.7965501546859741,1.9070061445236206,2.1367205671564067
2.3801753520965576,2.4496421813964844,2.4333996772766113,2.629409599102719
2.398041248321533,2.4005537033081055,2.5629918575286865,2.5877109650189114
1.8723201751708984,1.807282567024231,1.759468913078308,2.214843848047698
1.738945722579956,1.7428269386291504,1.6955865621566772,2.075546961392531
2.4330902099609375,2.404829263687134,2.5154924392700195,2.499687082618404
2.525315284729004,2.4217658042907715,2.475209951400757,2.403120521175818
1.7855870723724365,1.8964858055114746,1.862850308418274,2.1398790864012365
1.7398234605789185,1.9052989482879639,1.858557105064392,1.99563519459755
2.5918772220611572,2.3737237453460693,2.5637612342834473,2.4456042032735974
2.475513458251953,2.5996932983398438,2.5242841243743896,2.322219294733919
1.8619786500930786,1.7612230777740479,1.8328673839569092,2.0569048513364727
2.0171711444854736,1.897152304649353,1.7881567478179932,1.9444826721501687
0.6087917685508728,0.7917917966842651,0.919990599155426,1.4578213636679103
0.7030292749404907,0.7212984561920166,0.6671726703643799,1.0163917383715793
0.8812366127967834,0.8865711688995361,0.8542356491088867,1.4750170755177987
0.8803211450576782,0.8128966689109802,0.7702162861824036,1.0621462303689089
1.091268539428711,1.1852550506591797,1.0825753211975098,1.5152643446896048
1.1345562934875488,1.079835057258606,1.0755945444107056,1.1127034773661755
1.299296259880066,1.1005046367645264,1.147550344467163,1.5185139398778875
1.3215229511260986,1.0252063274383545,1.0890429019927979,1.414973347970818
1.1497383117675781,1.125720500946045,1.3455058336257935,1.255272505103306
1.0618209838867188,0.9846146702766418,1.0392401218414307,1.0827413643651347
1.1831474304199219,1.1016438007354736,1.1794925928115845,1.5118833609788744
1.1222689151763916,0.9741243124008179,1.2179864645004272,1.3979400086720377
1.0350092649459839,1.1193755865097046,1.1622982025146484,1.2304489213782739
1.0663763284683228,0.9985411167144775,0.977308452129364,1.0335250388423651
1.1696653366088867,1.2003090381622314,1.2686030864715576,1.4913616938342726
1.1143457889556885,1.1532833576202393,1.2268195152282715,1.380211241711606
1.1842536926269531,1.2276986837387085,1.1412032842636108,1.2041199826559248
1.1861097812652588,0.945277214050293,1.0354465246200562,0.9973113594439728
1.0227627754211426,1.151377558708191,1.1677993535995483,1.682235356902564
0.9653112888336182,1.0135921239852905,0.9728502631187439,1.2571256853305026
1.6457985639572144,1.588167667388916,1.7653602361679077,1.7769190028420465
1.6394075155258179,1.708118200302124,1.7161657810211182,2.0419450721452637
1.9119681119918823,1.935819149017334,1.7917076349258423,2.0493343359722838
1.9877753257751465,1.8953269720077515,2.030879497528076,2.5087451294695478
2.1452410221099854,2.1318087577819824,2.1436407566070557,2.7127338590699517
1.9436442852020264,1.8155310153961182,1.8213735818862915,2.8519734280672506
1.4977816343307495,1.4802436828613281,1.5827432870864868,2.0920887392558067
1.385697364807129,1.4102410078048706,1.4884480237960815,1.9095560292411753
1.3481537103652954,1.3881927728652954,1.3176634311676025,1.6286953827140234
1.3290750980377197,1.2759917974472046,1.3046231269836426,1.4622482153549974
1.3766419887542725,1.2727768421173096,1.5165023803710938,1.271841606536499
0.5308191180229187,0.9955816268920898,0.9745164513587952,1.0170333392987803
0.5668763518333435,0.722490668296814,0.6142266392707825,1.1549019512998535
1.6294208765029907,1.6939842700958252,1.729112982749939,2.0873909449971877
1.8171292543411255,1.5781680345535278,1.709283471107483,1.7982361763679358
1.7002685070037842,1.6443623304367065,1.7824472188949585,1.5521813388393357
1.877266526222229,1.7233015298843384,1.9560956954956055,2.5644174867471095
1.6867612600326538,1.7342748641967773,1.9050848484039307,2.052886235256382
1.774073600769043,1.838485836982727,1.8159003257751465,1.7283537820212285
2.015331983566284,1.8299907445907593,1.9711236953735352,2.8491490473770673
1.9524260759353638,1.863616704940796,2.019906759262085,2.189097109071418
1.9458396434783936,2.1288812160491943,2.037257194519043,1.9376181793938234
1.1302831172943115,1.226026177406311,1.0366474390029907,1.8796692056320534
1.0957632064819336,1.0703257322311401,1.1631062030792236,1.4313637641589874
1.6385890245437622,1.4408596754074097,1.5029387474060059,0.9030899869919435
1.8299376964569092,1.7253270149230957,1.6641682386398315,1.041392685158225
1.773268222808838,1.6932268142700195,1.8170216083526611,1.290034611362518
1.701745867729187,1.7047245502471924,1.685529351234436,1.505149978319906
1.931691288948059,1.8599318265914917,1.644443392753601,1.380211241711606
1.3846648931503296,1.468596339225769,1.440825343132019,1.0
1.8700031042099,1.9093602895736694,1.967834234237671,0.6989700043360189
1.4296979904174805,1.2415825128555298,1.4160068035125732,1.3010299956639813
1.67045259475708,1.5556659698486328,1.5469802618026733,2.8943160626844384
1.7812787294387817,1.4397879838943481,1.2687044143676758,1.8260748027008264
1.3759797811508179,1.548683524131775,1.5771312713623047,1.6989700043360187
1.6250802278518677,1.2556709051132202,1.4679373502731323,1.9030899869919435
1.7992247343063354,1.778236746788025,1.883400559425354,2.255272505103306
1.8348619937896729,1.816191554069519,1.7613153457641602,2.1931245983544616
2.2684524059295654,1.834627389907837,2.3080875873565674,2.0969100130080562
1.4430522918701172,1.4213017225265503,1.4563050270080566,0.9084850188786497
0.9430981278419495,0.8208718299865723,0.9129148721694946,0.8920946026904804
0.9440224766731262,0.8456872701644897,0.8725497126579285,0.8260748027008264
0.6121312975883484,0.4658498764038086,0.652542233467102,0.7745169657285496
0.5943120121955872,0.5872998237609863,0.7258908748626709,0.800717078282385
0.7259911894798279,0.5831301212310791,0.6668599247932434,0.8234742291703011
0.7062904834747314,0.6376553177833557,0.5322390198707581,0.7923916894982539
0.7589820027351379,0.737790048122406,0.6799780130386353,0.7795964912578245
-0.07421373575925827,-0.15545973181724548,-0.034382861107587814,0.5440680443502757
0.11535768210887909,0.0650281235575676,0.23400859534740448,0.07188200730612536
0.019610213115811348,0.16167935729026794,0.039296165108680725,0.07918124604762482
0.06312895566225052,-0.0860583484172821,0.015023604035377502,0.4899584794248346
0.047373462468385696,-0.14042243361473083,-0.032851673662662506,0.48855071650044424
0.31223317980766296,0.06569662690162659,0.14483071863651276,0.11727129565576427
0.015076324343681335,0.03663116693496704,0.10180439800024033,0.41995574848975786
0.28537237644195557,0.31548166275024414,0.1972162276506424,0.06445798922691845
0.37762606143951416,0.5472522377967834,0.46135345101356506,0.2966651902615311
0.7026801109313965,0.635705828666687,0.7607541680335999,-0.022276394711152253
0.892723023891449,0.8136971592903137,0.3134211599826813,0.9956351945975499
0.8828102946281433,0.8587528467178345,0.5725966095924377,1.1205739312058498
0.43126770853996277,0.4953450560569763,0.0002512144565116614,0.7403626894942439
0.5353559851646423,0.5052589774131775,0.470312237739563,0.7558748556724915
0.3732810914516449,0.37866586446762085,0.1230785995721817,0.7403626894942439
2.0438501834869385,2.0661981105804443,2.1222290992736816,2.4471580313422194
2.1186509132385254,2.3016552925109863,2.0948853492736816,2.322219294733919
2.133402109146118,2.095674514770508,2.1004223823547363,2.3010299956639813
2.1852481365203857,1.9867660999298096,2.13802433013916,2.278753600952829
2.232814311981201,2.183690071105957,2.1268982887268066,2.3010299956639813
2.1741254329681396,2.1606650352478027,2.2244620323181152,2.146128035678238
2.2066190242767334,2.1442980766296387,2.0915520191192627,2.146128035678238
2.0544068813323975,2.2017111778259277,2.1875510215759277,2.041392685158225
2.1776487827301025,2.1586809158325195,2.392305612564087,2.322219294733919
2.2466821670532227,2.2637698650360107,2.3349878787994385,2.113943352306837
2.2058894634246826,2.1998064517974854,2.346449851989746,2.1760912590556813
2.24228572845459,2.224651336669922,2.3785276412963867,2.0791812460476247
2.3635010719299316,2.355196237564087,2.422384262084961,2.6232492903979003
2.4444499015808105,2.429500102996826,2.478214740753174,2.342422680822206
2.398437261581421,2.5421030521392822,2.4351627826690674,2.3010299956639813
2.4439003467559814,2.453381299972534,2.4711825847625732,2.1760912590556813
0.9653157591819763,1.1770292520523071,0.951474666595459,0.8860392755664424
1.885394811630249,1.9832649230957031,1.926414966583252,1.5228744023138037
1.5473164319992065,1.7505476474761963,1.7545372247695923,0.6989700043360189
1.6546109914779663,1.7145072221755981,1.7685108184814453,0.8450980400142568
1.76334810256958,1.6640329360961914,1.6445187330245972,1.0086001717619175
1.6759802103042603,1.818648338317871,1.7017287015914917,1.2041199826559248
2.113136053085327,1.9731574058532715,1.940809726715088,1.287801729930226
2.7195756435394287,3.0578222274780273,2.9255313873291016,1.7403626894942439
0.784847617149353,0.644996166229248,0.7879649996757507,0.8129133566428556
0.8094096779823303,0.7835349440574646,0.786544680595398,0.6989700043360189
0.8466783761978149,0.814138650894165,0.8050224184989929,0.6989700043360189
0.7563385963439941,0.755566418170929,0.7385822534561157,0.8325089127062363
0.8033034205436707,0.8132507801055908,0.8544464707374573,0.7403626894942439
0.9344841837882996,0.8914682269096375,0.8965977430343628,0.7075701760979364
0.7917667627334595,0.7360096573829651,0.7456527352333069,0.8195439355418687
0.6988528966903687,0.8168624043464661,0.7093827724456787,0.724275869600789
0.6955529451370239,0.787142813205719,0.7501863837242126,0.568201724066995
0.9537636041641235,0.7924640774726868,0.9050949811935425,0.8750612633917001
0.80079185962677,0.9013985395431519,0.7607326507568359,0.8129133566428556
0.9487344622612,0.8410975337028503,0.8970564007759094,0.7160033436347992
0.9428108334541321,0.8261971473693848,0.9543411731719971,1.0606978403536118
0.8918057084083557,0.8627446889877319,0.8565320372581482,0.8750612633917001
0.9385746121406555,0.7825374007225037,0.8377007842063904,0.7923916894982539
0.9062977433204651,0.9055495858192444,0.9077589511871338,1.0718820073061255
0.9149149060249329,0.9468919038772583,0.7620998620986938,1.0606978403536118
0.9475834965705872,0.8109278082847595,0.9126366376876831,0.7160033436347992
0.8146055340766907,0.981194019317627,0.8179428577423096,0.8388490907372553
0.8616098761558533,0.916437566280365,0.9329316020011902,0.8260748027008264
0.9060392379760742,0.999786376953125,0.869053840637207,0.5185139398778874
0.9490598440170288,1.0379120111465454,0.9440687894821167,0.8573324964312685
0.9806500673294067,0.9830003380775452,0.9999289512634277,0.8325089127062363
1.0456911325454712,1.0682384967803955,1.1077911853790283,0.6989700043360189
0.9624260067939758,0.9920490980148315,1.0560827255249023,0.8633228601204559
1.0899593830108643,1.0373103618621826,1.0647246837615967,0.8325089127062363
0.982232928276062,1.063804268836975,1.1190661191940308,0.6989700043360189
1.0780973434448242,0.926030158996582,1.0593167543411255,0.9138138523837167
1.0602232217788696,1.0324815511703491,1.0295602083206177,0.7558748556724915
1.1186012029647827,1.1097289323806763,1.0218926668167114,0.6434526764861874
1.0038776397705078,1.0320286750793457,1.0248671770095825,0.8692317197309762
1.0503298044204712,1.0618499517440796,1.1076499223709106,0.8450980400142568
0.9984626173973083,1.094230055809021,1.0237826108932495,0.7481880270062005
1.07918119430542,1.1193604469299316,0.9201332926750183,0.8808135922807914
1.0744578838348389,1.1858218908309937,1.0800954103469849,0.8750612633917001
1.0897060632705688,1.0747039318084717,1.1095672845840454,0.8061799739838872
1.1811072826385498,1.1396336555480957,0.9926364421844482,1.0791812460476249
1.1129708290100098,1.1139212846755981,1.1858724355697632,0.8692317197309762
1.0700775384902954,1.0953896045684814,1.012569546699524,0.7481880270062005
1.2282603979110718,1.2223951816558838,1.2414559125900269,1.173186268412274
1.3460617065429688,1.4283479452133179,1.2442539930343628,0.9493900066449128
1.48294198513031,1.3402724266052246,1.1762179136276245,0.24551266781414982
1.1148220300674438,1.2761329412460327,1.3400987386703491,0.08990511143939793
1.4009515047073364,1.2447885274887085,1.4254541397094727,0.021189299069938092
1.7219513654708862,1.6079678535461426,1.373175024986267,2.2174839442139063
1.6069608926773071,1.5537118911743164,1.5036911964416504,2.1760912590556813
1.055700659751892,1.0649724006652832,0.9220537543296814,2.1760912590556813
1.6994656324386597,1.5126171112060547,1.8493760824203491,2.0791812460476247
1.1258693933486938,1.3446065187454224,1.391157865524292,1.6127838567197355
1.0425752401351929,0.9759529829025269,0.9384407997131348,1.6020599913279625
0.953738272190094,0.9317367076873779,0.939566433429718,1.6020599913279625
1.664994239807129,1.6617223024368286,1.4532902240753174,2.060697840353612
1.4164358377456665,1.660231113433838,1.6879788637161255,2.255272505103306
1.5139696598052979,1.7972173690795898,1.564750075340271,1.7781512503836436
1.827816128730774,1.5536878108978271,1.9151421785354614,1.9030899869919435
1.9748154878616333,1.8897937536239624,1.6819132566452026,2.3979400086720375
2.170207977294922,2.072674512863159,2.2239432334899902,2.8260748027008264
2.1460604667663574,2.124695062637329,2.086944341659546,2.0
2.174057960510254,2.200946092605591,2.1568713188171387,2.5563025007672873
2.076439619064331,2.130931854248047,2.109882116317749,2.4913616938342726
2.1539177894592285,2.1296956539154053,2.17631459236145,2.4471580313422194
2.232090473175049,2.3048150539398193,2.2604644298553467,2.342422680822206
2.2250516414642334,2.2937440872192383,2.204789638519287,2.3010299956639813
2.2362799644470215,2.266216516494751,2.195394515991211,2.3010299956639813
2.2764036655426025,2.195735216140747,2.1300418376922607,2.2865462835166968
2.229121208190918,2.1923248767852783,2.238650321960449,2.1825002473792
2.132357120513916,2.0955467224121094,2.2771358489990234,2.041392685158225
2.1211349964141846,2.313366174697876,2.149693012237549,2.041392685158225
2.3015315532684326,2.173485279083252,2.123218297958374,1.9138138523837167
2.231121778488159,2.253704071044922,2.2855844497680664,2.4228359687795225
2.45747709274292,2.419966220855713,2.448242664337158,2.6354535864286435
2.5008795261383057,2.4269824028015137,2.4917690753936768,2.699681663884886
2.3273680210113525,2.55991530418396,2.4872617721557617,2.831146414079443
0.8020190000534058,0.6894611120223999,0.6736908555030823,1.0791812460476249
0.8715015649795532,0.7797382473945618,0.7283141016960144,0.6020599913279624
0.764503538608551,0.7694498896598816,0.7954281568527222,0.3010299956639812
0.8239346742630005,0.7586209774017334,0.7323922514915466,0.6020599913279624
0.8127724528312683,0.8471357822418213,0.8227713704109192,0.7634279935629373
0.864436686038971,0.6540327072143555,0.8303261399269104,0.8260748027008264
0.7931028604507446,0.7952390313148499,0.7727217078208923,0.8061799739838872
0.7099849581718445,0.8325297236442566,0.757368266582489,0.7781512503836436
0.7066665887832642,0.6586205363273621,0.7425656318664551,0.7781512503836436
0.6903893351554871,0.7497521042823792,0.7576332092285156,0.7781512503836436
0.7505277395248413,0.732068657875061,0.8007811307907104,0.6989700043360189
0.7321591377258301,0.7945938110351562,0.7852817177772522,0.6989700043360189
0.7009991407394409,0.6436869502067566,0.876758337020874,0.6812412373755872
0.7190200090408325,0.851751983165741,0.7097637057304382,0.3010299956639812
0.7117131352424622,0.6451428532600403,0.7921031713485718,0.3010299956639812
2.4588735103607178,2.35300350189209,2.22466778755188,3.1958074358152864
2.3211231231689453,2.3498916625976562,2.066399335861206,3.1958074358152864
2.400202512741089,2.3204030990600586,2.5691769123077393,2.334740887721888
2.003056287765503,1.9924607276916504,2.049102783203125,1.9062951290625774
2.0058836936950684,2.015300750732422,2.044976234436035,1.9062951290625774
2.0317447185516357,2.1315793991088867,1.8692855834960938,1.834228891383931
2.087279796600342,2.1385529041290283,2.1897201538085938,1.754670152523498
2.484982967376709,2.4238595962524414,2.636244297027588,2.967079734144497
2.5642051696777344,2.757359266281128,2.4629926681518555,2.949877704036875
2.7390849590301514,2.8604328632354736,2.3914124965667725,2.661812685537261
2.695157766342163,2.532313108444214,2.6317532062530518,2.298853076409707
2.405032157897949,2.5539679527282715,2.4540443420410156,1.8916346250702947
0.6828844547271729,0.6530027389526367,0.6580407619476318,0.9030899869919435
0.6381187438964844,0.6245089769363403,0.584132969379425,0.6989700043360189
0.7139354348182678,0.8058087825775146,0.7652298808097839,0.6989700043360189
0.815727710723877,0.8466448187828064,0.8025599718093872,0.9030899869919435
1.3031995296478271,1.2926932573318481,1.2180938720703125,1.1139433523068367
1.4054803848266602,1.2149838209152222,1.2836343050003052,1.3979400086720377
1.648611307144165,1.6591904163360596,1.5434482097625732,0.49968708261840383
1.7676268815994263,1.5702929496765137,1.7311108112335205,1.0314488618593833
1.7484500408172607,1.7656724452972412,1.830319881439209,1.2242481009625932
2.091578722000122,2.187238931655884,2.1326074600219727,1.6989700043360187
2.0337555408477783,1.9200770854949951,2.0214054584503174,1.623817637311556
2.6158711910247803,2.6126949787139893,2.597280263900757,2.758172248053806
2.3353850841522217,2.3207638263702393,2.551647424697876,2.70895422526236
2.1960978507995605,2.282975673675537,2.346082925796509,2.6989700043360187
2.124720335006714,2.2108044624328613,2.1504580974578857,2.3717120565379637
2.72328519821167,2.990339517593384,3.019521951675415,3.295541529929717
2.6199893951416016,2.886094570159912,3.0400848388671875,2.9542425094393248
3.1020922660827637,2.9939942359924316,3.2554123401641846,2.9342635071094874
2.366691827774048,2.665785789489746,2.72434663772583,2.7503469106520897
1.1443369388580322,1.1792092323303223,1.085371971130371,0.47712125471966244
1.0810505151748657,1.0525896549224854,1.0119885206222534,0.6020599913279624
0.9744575619697571,1.2780430316925049,1.1155998706817627,0.7781512503836436
1.218223214149475,1.1444673538208008,1.1515339612960815,1.0
1.4907163381576538,1.2362709045410156,1.2848095893859863,1.9912260756924949
2.8399388790130615,2.902285575866699,2.89346981048584,2.6225816587732296
1.4554660320281982,1.5002281665802002,1.598870038986206,1.9822712330395684
0.9484488368034363,0.9049085378646851,0.7889484763145447,0.7558748556724915
0.7659775614738464,1.0293490886688232,0.8074218034744263,-0.2006594505464183
0.9163655638694763,1.09900963306427,0.9006909728050232,-0.6841261751528591
0.9181482195854187,0.45315566658973694,0.48831769824028015,1.1916186633694683
0.5135872960090637,1.0724538564682007,0.4414753019809723,1.7007902213743469
1.3706860542297363,1.372969388961792,1.5433088541030884,0.43136376415898736
1.4789564609527588,1.364157795906067,1.4675532579421997,0.5976951859255123
1.308892846107483,1.377294898033142,1.6075880527496338,0.8000293592441343
1.4402174949645996,1.590089201927185,1.620652437210083,1.3384564936046048
1.794145941734314,1.744858980178833,1.5666073560714722,1.1958996524092338
1.7049156427383423,1.6084165573120117,1.7264480590820312,1.0791812460476249
1.3797988891601562,1.632203459739685,1.6498936414718628,1.0433428227646813
1.6490617990493774,1.6682103872299194,1.6726775169372559,1.0911966803912403
1.4305675029754639,1.6722227334976196,1.7293598651885986,0.9137089734924423
1.829305648803711,1.6162956953048706,1.6281591653823853,0.4742451189255232
1.9788455963134766,1.869152545928955,1.6481183767318726,0.7515534544607227
1.5155638456344604,1.896019458770752,1.847226858139038,0.30317466626995204
1.9073004722595215,1.9704420566558838,1.9475796222686768,0.692907962872534
1.752453327178955,1.9953320026397705,2.014026403427124,0.22098782005028048
2.2214608192443848,2.095426321029663,2.3543384075164795,0.7083283371027844
2.3422019481658936,2.256375789642334,2.0582752227783203,0.5650524972024342
2.413724422454834,2.5072684288024902,2.378607749938965,2.482873583608754
1.2616603374481201,1.0696380138397217,1.0947949886322021,0.9084850188786497
1.148665428161621,1.260962724685669,1.1523957252502441,0.8325089127062363
1.2782362699508667,1.2661868333816528,1.1821541786193848,0.7403626894942439
1.2141377925872803,1.3406094312667847,1.1846083402633667,0.3222192947339193
1.277766466140747,1.0980613231658936,1.1632907390594482,0.9777236052888477
1.159324049949646,1.1294341087341309,1.334957480430603,0.9444826721501687
1.254910945892334,1.1450271606445312,1.174121379852295,0.7993405494535817
1.208237648010254,1.3303570747375488,1.3394025564193726,0.5797835966168101
1.3110113143920898,1.304903507232666,1.1579731702804565,1.2174839442139063
1.2827345132827759,1.3358447551727295,1.3093053102493286,1.1139433523068367
1.253379225730896,1.3494994640350342,1.1827178001403809,1.0
1.2622735500335693,1.336016297340393,1.3577666282653809,0.6020599913279624
1.4322556257247925,1.3990389108657837,1.3978439569473267,1.6972293427597176
1.2834452390670776,1.351129412651062,1.3843772411346436,1.4756711883244296
1.3706001043319702,1.3773752450942993,1.2621086835861206,1.4668676203541096
1.3676173686981201,1.4998904466629028,1.4080833196640015,1.1613680022349748
1.5917575359344482,1.478596806526184,1.5632469654083252,2.7514330818193473
1.5460270643234253,1.5218383073806763,1.4994841814041138,2.71121652432109
1.5593860149383545,1.4471464157104492,1.512363314628601,1.888179493918325
1.6246936321258545,1.6817094087600708,1.5701310634613037,1.2695129442179163
3.3721041679382324,3.4421823024749756,3.4423086643218994,3.4648867983522846
3.62695050239563,3.4939582347869873,3.732419729232788,3.129593598631454
3.1699330806732178,3.1158714294433594,3.1905980110168457,3.043881485530335
3.4862489700317383,3.420720338821411,3.4236958026885986,3.252908802698647
3.231450080871582,3.320495128631592,3.155508518218994,3.0110889721802105
3.553196668624878,3.5825726985931396,3.59796404838562,2.9756166540720357
3.4334967136383057,3.3998119831085205,3.3746232986450195,3.1727505157617624
3.872107982635498,3.5055737495422363,3.5889053344726562,3.0110889721802105
3.5557713508605957,3.3706231117248535,3.165823459625244,2.9369872517800037
1.5438411235809326,1.7409392595291138,2.243389844894409,2.9836262871245345
1.26689612865448,1.246273398399353,1.2372766733169556,1.041392685158225
1.0416368246078491,1.098841905593872,0.915798008441925,0.6020599913279624
1.3172409534454346,1.3641680479049683,1.3572129011154175,1.2304489213782739
1.1185749769210815,1.1719391345977783,1.0610986948013306,0.8450980400142568
1.43938410282135,1.4537709951400757,1.480015754699707,1.4771212547196624
1.1920794248580933,1.1226750612258911,1.198911190032959,1.0791812460476249
1.4225679636001587,1.5348868370056152,1.470306158065796,1.3979400086720377
1.3371424674987793,1.132777452468872,1.3201284408569336,0.9542425094393249
1.4417656660079956,1.5176886320114136,1.4490011930465698,1.146128035678238
1.3583370447158813,1.3635905981063843,1.310097336769104,0.7781512503836436
1.514859914779663,1.4663281440734863,1.4600344896316528,1.6989700043360187
1.2147855758666992,1.1569489240646362,1.285505771636963,1.4913616938342726
1.6471432447433472,1.5035054683685303,1.5372161865234375,1.5797835966168101
1.2922669649124146,1.3569926023483276,1.2857030630111694,1.3010299956639813
1.4296530485153198,1.4193000793457031,1.5747305154800415,1.3222192947339193
1.4914844036102295,1.3750168085098267,1.2707252502441406,1.0791812460476249
1.576603889465332,1.6873313188552856,1.6585242748260498,1.8864907251724818
1.26693594455719,1.2425673007965088,1.3148704767227173,1.7160033436347992
1.7730847597122192,1.6551240682601929,1.667059302330017,1.7403626894942439
1.563596248626709,1.451680064201355,1.4366759061813354,1.5563025007672873
1.7408794164657593,1.5922185182571411,1.6827691793441772,1.5563025007672873
1.513931155204773,1.5052746534347534,1.379141926765442,1.3010299956639813
2.3080461025238037,2.190030813217163,2.237940788269043,2.103803720955957
2.5409607887268066,2.687784194946289,2.6823008060455322,2.999130541287371
2.642404317855835,2.4039437770843506,2.5729339122772217,2.0569048513364727
2.6326816082000732,2.7256877422332764,2.7451374530792236,1.4471580313422192
1.708452582359314,1.6255502700805664,1.6281676292419434,1.6989700043360187
1.9986563920974731,1.9544744491577148,2.0367860794067383,1.4771212547196624
1.75416100025177,1.7380386590957642,1.716597557067871,1.146128035678238
1.5973871946334839,1.653989315032959,1.6831605434417725,1.9344984512435677
1.9602655172348022,2.013375759124756,2.069960832595825,1.662757831681574
1.8187671899795532,1.751251220703125,1.8953291177749634,1.255272505103306
1.847344994544983,1.848388433456421,1.7754753828048706,2.322219294733919
2.1112027168273926,2.1852681636810303,2.178213357925415,1.8864907251724818
1.9892266988754272,1.924433946609497,2.0058422088623047,1.7708520116421442
1.9098302125930786,1.9553148746490479,1.8963415622711182,2.164352855784437
2.3180484771728516,2.3378021717071533,2.3835642337799072,1.7708520116421442
2.145862102508545,2.0898921489715576,2.098071336746216,1.505149978319906
1.2010197639465332,1.4033539295196533,1.2444069385528564,0.6961949619737903
1.2025938034057617,1.3315677642822266,1.2591973543167114,0.8305933515989188
1.1212743520736694,1.1949857473373413,1.1946601867675781,0.797579815793672
1.2561544179916382,1.2421603202819824,1.0902581214904785,0.797579815793672
1.152994990348816,1.1579176187515259,1.2389912605285645,0.7436195787442547
1.284551739692688,1.330840826034546,1.216436505317688,0.9887917815307437
1.3703362941741943,1.2740015983581543,1.1981388330459595,1.0801263997448851
1.2497031688690186,1.3850626945495605,1.1830947399139404,1.0508370135649823
1.2501578330993652,1.0848654508590698,1.2535022497177124,1.0458367464142944
1.2410105466842651,1.2360645532608032,1.275612235069275,1.0215842860140794
1.2258002758026123,1.2511855363845825,1.0579020977020264,1.0941349531626912
1.2920793294906616,1.2748740911483765,1.2951653003692627,1.239856395556882
1.2596979141235352,1.3750430345535278,1.2692564725875854,1.2302819158169285
1.1031105518341064,1.18716299533844,1.230441689491272,1.1555354937858646
1.3266195058822632,1.3397271633148193,1.161970853805542,1.1263196365340924
1.1747660636901855,1.267783284187317,1.346229910850525,1.2354641059591605
1.2020059823989868,1.167807698249817,1.2473852634429932,1.430205792067269
1.213585376739502,1.3406579494476318,1.114428997039795,1.3804753391098448
1.2087424993515015,1.2272584438323975,1.1160353422164917,1.3764099587970406
1.1722445487976074,1.0736497640609741,1.201475977897644,1.3604028425674604
1.2365939617156982,1.3467421531677246,1.1652140617370605,1.3746432963453468
1.31606125831604,1.1474528312683105,1.1954739093780518,1.5817214203849028
1.1604108810424805,1.1995338201522827,1.1570903062820435,1.5279582682846446
1.2027714252471924,1.1065706014633179,1.3610272407531738,1.5007691607550182
1.2950234413146973,1.0399951934814453,1.2513878345489502,1.4743461977881533
1.2372536659240723,1.217785358428955,1.3450323343276978,1.6911547233885742
1.3575007915496826,1.499516248703003,1.2418290376663208,1.8487323228597905
1.4553675651550293,1.161712408065796,1.3109723329544067,1.8273016807154139
1.282607913017273,1.2221136093139648,1.2103638648986816,1.7492904790287955
1.3288651704788208,1.1082439422607422,1.2487678527832031,1.7697723174478275
2.160712718963623,2.24870228767395,2.1969823837280273,1.792391689498254
1.8450340032577515,2.181154727935791,2.219085931777954,2.0253058652647704
2.215604543685913,2.2260704040527344,2.2534584999084473,2.3636119798921444
2.0092034339904785,2.245281219482422,2.4038822650909424,2.673941998634088
2.1842191219329834,2.43627667427063,2.394320249557495,3.042181594515766
2.7511141300201416,2.8228061199188232,2.9455604553222656,3.7399935484064395
2.8088486194610596,3.019141912460327,2.927615165710449,3.3508274639865863
2.940197467803955,2.6208884716033936,2.8953022956848145,3.4067788693285026
2.9759230613708496,2.623107671737671,2.9237449169158936,4.024936968037443
2.7666850090026855,3.0048813819885254,2.8982536792755127,3.867231714518894
3.0598247051239014,3.0564544200897217,3.077723741531372,3.1225435240687545
3.0166943073272705,2.9553000926971436,3.0725960731506348,3.031408464251624
3.0665788650512695,3.0080530643463135,3.1290369033813477,2.9662514169781424
2.9775264263153076,3.137275218963623,3.1251204013824463,2.8943160626844384
3.0544557571411133,3.129671812057495,3.1444435119628906,2.6989700043360187
3.212188720703125,3.238466501235962,3.330068588256836,2.924858731585223
1.7259405851364136,1.9130524396896362,1.7349395751953125,2.8750612633917
1.5753802061080933,1.7535028457641602,1.63367760181427,2.832508912706236
1.9518555402755737,1.9078505039215088,1.7185046672821045,2.806179973983887
1.7424129247665405,1.8905210494995117,2.0243797302246094,2.7781512503836434
1.8927357196807861,1.8513898849487305,2.222742795944214,2.7075701760979363
1.7714722156524658,1.9114108085632324,1.8915729522705078,1.5116507707600613
1.889807939529419,2.011349678039551,1.982923984527588,1.5116507707600613
1.986734390258789,2.024445056915283,1.9370458126068115,1.988772021023035
2.3096420764923096,2.183603286743164,2.1588711738586426,2.423245873936808
2.291747808456421,2.2729732990264893,2.285200595855713,2.0211892990699383
2.1398630142211914,2.2163848876953125,2.0800647735595703,1.863322860120456
2.3118040561676025,2.2856123447418213,2.222505807876587,1.7634279935629373
2.356719493865967,2.3345022201538086,2.377254009246826,2.7904043667870764
2.306452751159668,2.2485156059265137,2.3192625045776367,4.108835527934605
2.2116007804870605,2.1283769607543945,2.343269109725952,3.777499319590365
2.793407440185547,2.670360565185547,2.7476484775543213,3.2035767749779724
2.2351064682006836,2.12546706199646,2.289611339569092,3.1319392952104246
2.7709717750549316,2.5669171810150146,2.5911340713500977,2.888179493918325
2.137288808822632,2.197678804397583,2.189427614212036,2.7867514221455614
2.670945644378662,2.4977896213531494,2.5756137371063232,2.7323937598229686
2.508624315261841,2.64518666267395,2.538586139678955,2.4082399653118496
1.8994526863098145,2.0451836585998535,1.7965482473373413,2.037426497940624
2.313997983932495,2.3759820461273193,2.3279361724853516,1.3617278360175928
2.417527675628662,2.3492231369018555,2.368908405303955,3.839729375206388
2.323528289794922,2.4557676315307617,2.284048080444336,3.4085791254086675
2.7421133518218994,2.7597005367279053,2.813035488128662,2.9960736544852753
2.369950294494629,2.244736433029175,2.3375332355499268,2.9122220565324155
2.709221124649048,2.6965341567993164,2.8240041732788086,2.693726948923647
2.67807936668396,2.66477108001709,2.701035976409912,2.510545010206612
2.275296926498413,2.242689609527588,2.2683944702148438,2.3944516808262164
2.719120740890503,2.640482187271118,2.6934499740600586,2.1367205671564067
1.856960654258728,2.017332077026367,1.8458870649337769,1.8260748027008264
2.3386971950531006,2.365328550338745,2.416247606277466,1.2304489213782739
2.322948455810547,2.3277671337127686,2.4458539485931396,3.350441856535061
2.4210731983184814,2.257147789001465,2.3269758224487305,3.081707270097349
2.745084524154663,2.6693155765533447,2.7582907676696777,2.667452952889954
2.2885489463806152,2.267784833908081,2.366885185241699,2.582063362911709
2.633652687072754,2.6875388622283936,2.648007392883301,2.3961993470957363
2.7164578437805176,2.697906494140625,2.6478068828582764,2.2576785748691846
2.2089908123016357,2.2245969772338867,2.300095319747925,2.0863598306747484
2.6754074096679688,2.6400270462036133,2.618089437484741,1.7853298350107671
2.0753512382507324,1.9404418468475342,1.9544416666030884,1.568201724066995
2.538015604019165,2.3072924613952637,2.4089510440826416,1.0
2.3497207164764404,2.218952178955078,2.3584814071655273,3.087781417809542
2.392576217651367,2.4695937633514404,2.33986759185791,2.920123326290724
2.8173346519470215,2.784849166870117,2.8538215160369873,2.59659709562646
2.3885700702667236,2.3247933387756348,2.411318778991699,2.4149733479708178
2.7917490005493164,2.729508876800537,2.792855739593506,2.1702617153949575
2.8547720909118652,2.6871848106384277,2.702158212661743,2.103803720955957
2.3444275856018066,2.2387216091156006,2.2794508934020996,1.968482948553935
2.68455171585083,2.8429677486419678,2.6600236892700195,1.6532125137753437
2.046795129776001,1.9379063844680786,1.922631025314331,1.462397997898956
2.5614326000213623,2.4371421337127686,2.436800003051758,0.7781512503836436
1.1104612350463867,1.2391911745071411,1.2861697673797607,1.581255415287389
1.514934778213501,1.4308617115020752,1.3021867275238037,1.2699610169756437
1.3578507900238037,1.2243068218231201,1.3420881032943726,1.4913894877917173
1.3099510669708252,1.3396419286727905,1.2100318670272827,1.393855202222663
1.2737921476364136,1.391388177871704,1.358733057975769,1.099032375194915
1.1601650714874268,1.1869919300079346,1.2046469449996948,1.390725836207472
1.235678791999817,1.2675585746765137,1.1362065076828003,1.495121534136168
1.0722918510437012,1.243274211883545,1.1154134273529053,1.089690488695378
1.2106013298034668,1.315255880355835,1.3452037572860718,1.3354238378279515
1.288651704788208,1.3668004274368286,1.2841191291809082,1.4061824640303864
1.347404956817627,1.4619026184082031,1.297448754310608,1.2761504482119963
1.2432067394256592,1.1841957569122314,1.3026628494262695,1.5296042170262314
1.2634427547454834,1.2381846904754639,1.1971139907836914,1.099032375194915
1.4520233869552612,1.325088620185852,1.4769922494888306,1.3077525168162103
1.4544122219085693,1.5090774297714233,1.5204133987426758,1.5000381282628856
1.6207424402236938,1.675987720489502,1.6600935459136963,1.3969747683263671
1.902321457862854,1.7744085788726807,1.9561675786972046,1.108178315998013
1.4419938325881958,1.3910577297210693,1.5276881456375122,1.3000582611786848
1.412496566772461,1.3912713527679443,1.3918052911758423,1.4269310390823817
1.5155236721038818,1.5146138668060303,1.3915539979934692,1.5133003878884927
1.2235405445098877,1.2432589530944824,1.189328908920288,1.1457121858072492
1.2388286590576172,1.5722811222076416,1.0869669914245605,1.4000623708588962
1.2623082399368286,1.3975499868392944,1.23873770236969,1.523849749001494
1.1875916719436646,1.5385031700134277,1.3119418621063232,1.195329107238088
1.1123647689819336,1.1474052667617798,1.161393404006958,1.3096532653171913
1.0607068538665771,1.2112666368484497,1.1400388479232788,1.4467482518508625
1.2749134302139282,1.5924029350280762,1.2976603507995605,1.3077525168162103
1.3185133934020996,1.1104549169540405,1.1038581132888794,1.5296042170262314
1.2558053731918335,1.108878254890442,1.1356693506240845,1.2376140539756968
1.3275420665740967,1.2859331369400024,1.179161787033081,1.3354238378279515
1.4363186359405518,1.568830966949463,1.3814655542373657,1.4709548261420542
1.47825026512146,1.4595270156860352,1.4380481243133545,1.5330138210920605
1.461837649345398,1.3538507223129272,1.3397119045257568,1.3425138928250662
1.2245309352874756,1.1630784273147583,1.4168628454208374,1.545307549522784
1.2188984155654907,1.042266845703125,1.265718698501587,1.371416950140233
1.1780279874801636,1.098899483680725,1.1621538400650024,1.4522375911389147
1.4645445346832275,0.9969311356544495,1.1045531034469604,1.5024760231599108
0.5938607454299927,0.8009909391403198,0.8789151906967163,1.0
0.20222200453281403,0.2509477734565735,0.02475588582456112,0.6989700043360189
1.7848505973815918,1.711862325668335,1.6276113986968994,0.04139268515822507
1.6389377117156982,1.7617065906524658,1.933679461479187,0.40732137779296895
1.7932162284851074,1.9122710227966309,1.9183988571166992,1.384439870103492
1.7562932968139648,1.7082723379135132,1.9271602630615234,1.8077360152522643
1.8794646263122559,1.7470654249191284,2.1321661472320557,2.1137185266842535
2.1136984825134277,2.1369948387145996,2.068502426147461,2.7596678446896306
2.146479368209839,2.094223737716675,1.9445338249206543,1.385767379476026
1.2611944675445557,1.373079776763916,1.4271970987319946,1.384512889046886
1.347387671470642,1.432552695274353,1.6148319244384766,1.3819833068550689
1.8542410135269165,2.045881509780884,1.9512333869934082,1.3730337907725567
1.4185442924499512,1.8127373456954956,1.6718826293945312,1.3486638158303363
1.5898141860961914,1.7102009057998657,1.698848009109497,1.3477536605167075
1.2731870412826538,1.522167682647705,1.5296111106872559,1.3470288325967898
1.3905478715896606,1.3272494077682495,1.3463674783706665,1.3200182230881328
1.5299668312072754,1.5474157333374023,1.4223343133926392,1.3129975081623855
1.5690343379974365,1.4989256858825684,1.5438599586486816,1.2818056561389528
1.6211376190185547,1.3318264484405518,1.2361385822296143,1.2702441378916305
1.4733772277832031,1.5405467748641968,1.4953848123550415,1.1935283323418668
1.5932369232177734,1.5059659481048584,1.3569329977035522,1.1793126048380502
1.5709437131881714,1.3698593378067017,1.4718056917190552,1.144220463816844
1.1397218704223633,1.0460026264190674,0.8890677690505981,0.8260740248592667
1.3366293907165527,1.2074549198150635,1.347514271736145,2.220108088040055
2.203568935394287,2.1919822692871094,2.1329753398895264,1.978733823568585
2.0885510444641113,2.1959378719329834,2.252504825592041,1.9692307711828732
2.1668882369995117,2.2498512268066406,2.1193277835845947,1.892307694340667
2.1604764461517334,2.1676855087280273,2.1952130794525146,1.7999999969162366
3.292112112045288,3.3599913120269775,3.2607810497283936,3.721428571424871
3.4382190704345703,3.345367908477783,3.319998264312744,3.721428571424871
3.3448221683502197,3.24981427192688,3.357551097869873,3.721428571424871
3.488095283508301,3.19077205657959,3.3731019496917725,3.721428571424871
1.5856393575668335,1.706386923789978,1.5576252937316895,1.9525304268328585
1.717730164527893,1.7043099403381348,1.6595760583877563,1.933040803122635
1.802461862564087,1.6391187906265259,1.745743751525879,1.925768861048547
1.9035489559173584,1.7945442199707031,1.7723363637924194,1.9183287120637145
1.723176121711731,1.791230320930481,1.7503104209899902,1.9126800886174558
1.924763560295105,1.8286194801330566,1.791243553161621,1.9126800886174558
1.7625467777252197,1.8089418411254883,1.7837743759155273,1.905039998332904
1.6945856809616089,1.7437047958374023,1.6929020881652832,1.9145667004028522
1.7863496541976929,1.721510648727417,1.630707025527954,1.8991816034116005
1.7634412050247192,1.670068383216858,1.8360532522201538,1.8667166352160611
1.8241597414016724,1.7390764951705933,1.6932510137557983,1.8560488837367255
2.539687395095825,2.2346131801605225,2.2888643741607666,2.2133020250809263
2.2252354621887207,2.1822850704193115,2.264237642288208,2.204119982655925
2.3489973545074463,2.1036648750305176,1.9927845001220703,2.1818435879447726
2.252741575241089,2.2131118774414062,2.424492359161377,2.12057393120585
2.267186164855957,2.313013792037964,2.0235695838928223,1.9590413923210936
2.5929970741271973,2.4325852394104004,2.4717535972595215,1.8512583487190752
1.2985029220581055,1.2343671321868896,1.243377447128296,0.9586073104988301
1.3910620212554932,1.2720321416854858,1.4998189210891724,0.9586073104988301
0.8525266647338867,0.8340281248092651,0.7690512537956238,0.9138138523837167
0.8549123406410217,0.968058168888092,0.8091495037078857,0.7781512503836436
0.8775395750999451,0.9753853678703308,0.9219409823417664,0.7075701760979364
0.8827834129333496,0.9367043375968933,0.9169965386390686,0.6989700043360189
0.8302560448646545,0.8709231019020081,0.8995934128761292,0.6532125137753437
0.9654690623283386,0.9622255563735962,0.85483717918396,0.5440680443502757
1.2670584917068481,1.3586201667785645,1.2922886610031128,1.2148438480476977
1.4330487251281738,1.5437500476837158,1.3908393383026123,1.3443922736851108
1.3254172801971436,1.2538490295410156,1.3812613487243652,1.271841606536499
1.3409419059753418,1.3987210988998413,1.4071745872497559,1.4608978427565478
1.263442039489746,1.3503190279006958,1.4095503091812134,1.4390167283875128
1.588709831237793,1.6266133785247803,1.6881725788116455,1.4058583993176366
1.2491415739059448,1.1724656820297241,0.9235125780105591,1.36078268987328
1.2643582820892334,1.4505000114440918,1.2607191801071167,1.4653828514484184
1.3903487920761108,1.3871288299560547,1.0364325046539307,1.173186268412274
1.0127158164978027,1.0560189485549927,0.9920295476913452,0.9395192526186185
1.4512170553207397,1.2749371528625488,1.2722288370132446,1.2923106206353376
1.4652857780456543,1.3168766498565674,1.4589989185333252,1.3047197644091688
1.3876569271087646,1.2586721181869507,1.2634990215301514,1.3342689557297742
1.3631714582443237,1.3607252836227417,1.374346137046814,1.1802061003605138
1.394182801246643,1.2622700929641724,1.2509853839874268,1.2621079564995132
1.51083242893219,1.3308385610580444,1.3705198764801025,1.380211241711606
1.3175967931747437,1.3312122821807861,1.3242559432983398,1.3617278360175928
1.4000941514968872,1.3714367151260376,1.2927050590515137,1.3424226808222062
1.5241923332214355,1.399633765220642,1.4098345041275024,1.3309901094818017
1.4373841285705566,1.442491888999939,1.2973647117614746,1.245460549349151
1.3763501644134521,1.2062515020370483,1.3626128435134888,1.1760912590556813
1.468584656715393,1.3438596725463867,1.3802578449249268,1.3309901094818017
1.4731619358062744,1.370985746383667,1.3733559846878052,1.313265453369894
1.4794683456420898,1.1956775188446045,1.191196322441101,1.6718243418666583
1.235527515411377,1.2020478248596191,1.3352978229522705,1.6468341996082319
1.3458678722381592,1.362621545791626,1.3876019716262817,1.6307099121056705
1.2991114854812622,1.275924563407898,1.354177713394165,1.5929661999426337
1.547273874282837,1.582029938697815,1.6032016277313232,1.7622552466494428
1.3204714059829712,1.4030078649520874,1.2087721824645996,1.7277173545725861
0.9673674702644348,0.87804114818573,1.0490702390670776,1.7247116825191253
1.2390068769454956,1.3060029745101929,1.350266933441162,1.6491320075074318
1.3718441724777222,1.3126658201217651,1.3051615953445435,1.6232406044214023
1.3494701385498047,1.3612537384033203,1.4284335374832153,1.6229306392040854
1.2373528480529785,1.2953113317489624,1.4620916843414307,1.6479333047241782
1.2984942197799683,1.3318976163864136,1.410109281539917,1.6801239359925626
1.4393327236175537,1.4054051637649536,1.5200374126434326,1.6657875928773154
1.348203420639038,1.534259557723999,1.3768945932388306,1.620313850188516
1.3787869215011597,1.393723726272583,1.3274377584457397,1.571395514484615
1.2748404741287231,1.2273627519607544,1.267949104309082,0.9684829485539351
1.99862802028656,2.0148587226867676,2.1017770767211914,2.7158002125209113
1.990829348564148,2.0237314701080322,1.8812493085861206,2.597415086445643
1.8489415645599365,1.9423772096633911,2.1429898738861084,2.3254133417105067
2.0923104286193848,2.009246826171875,1.9582016468048096,2.2151978629265603
1.5031682252883911,1.5171829462051392,1.4089789390563965,1.5563025007672873
1.1144434213638306,1.007668137550354,1.0660053491592407,1.041392685158225
1.5727311372756958,1.5701788663864136,1.6285103559494019,1.5797835966168101
1.0697903633117676,1.171362280845642,1.1009334325790405,1.1139433523068367
1.650206208229065,1.7508820295333862,1.682722568511963,1.6334684555795866
1.5728272199630737,1.714033842086792,1.7319074869155884,1.5563025007672873
1.810380220413208,1.695040225982666,1.8339239358901978,1.5440680319418618
1.1483157873153687,0.9947797656059265,1.0873336791992188,1.4913616938342726
1.5373117923736572,1.6049093008041382,1.6599160432815552,1.4471580313422192
1.5763531923294067,1.6331557035446167,1.6755366325378418,1.3979400086720377
1.4858027696609497,1.499508261680603,1.4093282222747803,1.3979400086720377
1.6832993030548096,1.6190006732940674,1.7514762878417969,1.3424226808222062
1.4621633291244507,1.4064788818359375,1.4022420644760132,1.3010299956639813
1.1032928228378296,0.9358822703361511,0.9170868992805481,1.2041199826559248
1.515561580657959,1.5717649459838867,1.4992550611495972,1.1760912590556813
1.349778652191162,1.2049154043197632,1.2089612483978271,1.1760912590556813
1.317206859588623,1.2582563161849976,1.3116118907928467,1.146128035678238
1.1896586418151855,1.411020040512085,1.2401039600372314,1.1139433523068367
1.3897794485092163,1.303030014038086,1.3484230041503906,1.0969100130080565
1.3253452777862549,1.2760169506072998,1.2239489555358887,1.0791812460476249
0.620575487613678,0.6223748326301575,0.6528875827789307,1.041392685158225
1.0786850452423096,1.1671222448349,0.9735942482948303,1.0
0.7936174869537354,0.9556145071983337,1.0492030382156372,0.9030899869919435
1.0656501054763794,0.9323140382766724,0.8975474238395691,0.8586693906442104
1.7636216878890991,1.7439943552017212,1.90162992477417,1.6989700043360187
1.2901947498321533,1.2494672536849976,1.2831565141677856,1.255272505103306
1.650783658027649,1.8245433568954468,1.664247751235962,1.7558748556724915
1.1694362163543701,1.1338754892349243,1.3072118759155273,1.3979400086720377
1.99847412109375,1.8930611610412598,1.9895076751708984,1.7993405494535817
2.0603365898132324,2.0404751300811768,1.9347140789031982,1.792391689498254
2.1454029083251953,2.075451374053955,2.1295716762542725,1.792391689498254
1.9256670475006104,2.0227339267730713,2.0546092987060547,1.7634279935629373
1.939220905303955,1.8470828533172607,1.9352264404296875,1.7075701760979363
1.9454892873764038,1.8386353254318237,1.8791660070419312,1.6989700043360187
1.995411992073059,1.8676396608352661,1.943990707397461,1.6812412373755872
1.918135166168213,1.934554100036621,2.09773325920105,1.6334684555795866
1.6096400022506714,1.7457109689712524,1.7068240642547607,1.5865828716950925
1.9289442300796509,1.9632171392440796,1.9789836406707764,1.5797835966168101
1.8905388116836548,2.072059392929077,1.9558210372924805,1.4913616938342726
1.8610793352127075,1.8930156230926514,2.0812370777130127,1.845098040014257
1.9312894344329834,2.0719311237335205,1.953808069229126,1.8573324964312685
1.9877656698226929,2.0464882850646973,2.0149879455566406,1.8750612633917
1.9825278520584106,2.095790147781372,2.16217041015625,1.8808135922807914
0.8970821499824524,1.0748934745788574,0.9445394277572632,1.1139433523068367
1.0872081518173218,1.0583652257919312,0.8060781955718994,1.0
0.8653371334075928,0.9919927716255188,1.0685632228851318,0.9542425094393249
0.9438626170158386,1.044854998588562,0.8596692681312561,0.9030899869919435
1.1408944129943848,0.9829872250556946,0.9537082314491272,0.8129133566428556
0.8112215995788574,1.050963044166565,0.8555798530578613,0.7563221771162021
2.515730857849121,2.387244462966919,2.5273125171661377,3.350441856535061
2.4787068367004395,2.340894937515259,2.6155121326446533,3.1122697684172707
1.8106662034988403,1.9205527305603027,1.9371533393859863,2.0
1.8520864248275757,2.021233081817627,1.8170499801635742,1.8920946026904804
1.9836034774780273,2.004326343536377,2.2020318508148193,1.7160033436347992
1.8632137775421143,2.0193986892700195,1.913270354270935,1.5563025007672873
2.0270848274230957,1.9112684726715088,2.08282470703125,1.255272505103306
1.8915902376174927,1.944119930267334,1.945346713066101,1.1139433523068367
3.105987548828125,3.0202651023864746,2.9151549339294434,4.255055303557442
2.869760274887085,2.8731143474578857,2.860258102416992,4.05080494781346
2.311357021331787,2.5224926471710205,2.5218558311462402,2.8260748027008264
2.5016353130340576,2.4336116313934326,2.4274775981903076,2.7781512503836434
2.4190833568573,2.4221277236938477,2.4835402965545654,2.6020599913279625
2.469470262527466,2.4444401264190674,2.5297794342041016,2.322219294733919
2.5749168395996094,2.4223172664642334,2.5776941776275635,2.230448921378274
2.4357686042785645,2.507645606994629,2.468179225921631,1.9542425094393248
1.683384895324707,1.8874863386154175,2.0207324028015137,2.8182258936139557
1.759811520576477,1.9745744466781616,2.0067131519317627,2.507855871695831
2.677806854248047,2.690139055252075,2.820531129837036,4.0
2.2960920333862305,2.4741408824920654,2.3419909477233887,2.5705429398818973
2.8436198234558105,2.7412984371185303,2.835939884185791,2.4456042032735974
2.8235723972320557,2.8196609020233154,2.751554250717163,2.4099331233312946
2.551966905593872,2.5159037113189697,2.518983840942383,2.3729120029701067
2.772350311279297,2.8582205772399902,2.6763572692871094,2.2278867046136734
2.1647918224334717,2.2184011936187744,2.2453949451446533,2.103803720955957
2.5802500247955322,2.4092891216278076,2.4760634899139404,1.9030899869919435
2.4732892513275146,2.3542914390563965,2.37842059135437,1.8325089127062364
2.0063095092773438,1.9969253540039062,2.100647449493408,0.7781512503836436
2.850973129272461,2.7061140537261963,2.7833776473999023,4.0
2.9395129680633545,2.9220175743103027,2.8105530738830566,2.998259338423699
2.6325416564941406,2.536195755004883,2.5483953952789307,2.9722028383790646
2.68523907661438,2.5980498790740967,2.727762222290039,2.949877704036875
2.869572639465332,2.9073293209075928,2.9735381603240967,2.747411807886423
2.754032611846924,2.9132027626037598,2.835581064224243,2.5171958979499744
2.311737060546875,2.2469370365142822,2.2891159057617188,2.3483048630481607
2.543273448944092,2.5420100688934326,2.5491445064544678,2.164352855784437
2.5375313758850098,2.555896282196045,2.611699104309082,2.08278537031645
2.0610361099243164,2.0134031772613525,2.0129554271698,1.0791812460476249
3.011218309402466,3.1912384033203125,3.1144256591796875,4.0
3.1282012462615967,3.187004327774048,3.17546010017395,3.652343055062715
2.9679036140441895,3.0188844203948975,3.178520917892456,3.1806992012960347
2.6432394981384277,2.722078323364258,2.664616584777832,3.037027879755775
2.7960755825042725,2.8141205310821533,2.7307984828948975,2.977266212427293
2.9754199981689453,3.131993532180786,3.0389041900634766,2.94546858513182
2.4786136150360107,2.5416877269744873,2.599363088607788,2.814913181275074
2.863048553466797,2.662106513977051,2.7595484256744385,2.576341350205793
2.7465250492095947,2.740462064743042,2.7911629676818848,2.4871383754771865
2.413957118988037,2.261371612548828,2.354806423187256,1.5440680443502757
1.5535008907318115,1.5963537693023682,1.5118364095687866,0.7781512503836436
1.7828224897384644,1.6215914487838745,1.5734065771102905,0.9542425094393249
1.9506884813308716,1.6771296262741089,1.786014199256897,1.146128035678238
1.525294303894043,1.8496843576431274,1.8849269151687622,1.3424226808222062
1.979468822479248,1.7247868776321411,1.8335590362548828,1.1760912590556813
1.803106665611267,1.9516571760177612,1.8680212497711182,1.1139433523068367
1.855208396911621,1.8855739831924438,1.881708025932312,1.0
2.088050127029419,1.9406007528305054,1.9351792335510254,0.9542425094393249
1.7611192464828491,1.8322110176086426,1.9459387063980103,1.919078092376074
1.6096422672271729,1.889587163925171,1.53963041305542,2.1994639048906626
1.979451298713684,2.235914707183838,1.9576979875564575,2.1818435879447726
2.3390679359436035,2.0805180072784424,2.077209949493408,1.8129133566428555
2.4056320190429688,2.1935245990753174,2.2078042030334473,1.7160033436347992
2.4963557720184326,2.244908571243286,2.200361490249634,1.6989700043360187
2.5606751441955566,2.588778495788574,2.6208560466766357,3.270911639410481
2.9663808345794678,2.9254648685455322,2.888856887817383,3.2617385473525378
2.747086763381958,2.7716856002807617,2.7927143573760986,3.1806992012960347
2.983454704284668,2.9375216960906982,2.899644374847412,3.09377178149873
2.8181183338165283,2.728269338607788,2.8930671215057373,2.94546858513182
2.7156643867492676,2.5988845825195312,2.692186117172241,2.8312296938670634
2.573660373687744,2.4521186351776123,2.576841354370117,2.765668554759014
2.420245885848999,2.4855315685272217,2.6113152503967285,2.6857417386022635
2.482667922973633,2.4390347003936768,2.3694229125976562,2.4742162640762553
2.3704416751861572,2.2979543209075928,2.392335891723633,1.380211241711606
2.9454076290130615,3.0438873767852783,2.9746744632720947,3.384353414137506
2.896311044692993,2.945986032485962,3.000431776046753,3.2357808703275603
2.9456217288970947,2.971357822418213,2.897562026977539,3.1122697684172707
2.7193520069122314,2.7482450008392334,2.622365951538086,2.9036325160842376
2.842224597930908,2.7942070960998535,2.7539422512054443,2.681241237375587
2.7007598876953125,2.689842462539673,2.8205559253692627,2.515873843711679
2.6653683185577393,2.672983407974243,2.699864387512207,2.4712917110589387
2.59805965423584,2.5105371475219727,2.5743536949157715,2.1789769472931693
2.5086865425109863,2.620323419570923,2.4918372631073,2.1492191126553797
2.504570484161377,2.4381930828094482,2.5080983638763428,1.2304489213782739
2.9363200664520264,2.939269542694092,2.876206398010254,3.6310376965367404
2.868875503540039,2.882101535797119,2.8541319370269775,3.3613500243522663
2.760126829147339,2.9132936000823975,2.834235668182373,3.0056094453602804
2.8911807537078857,2.8941590785980225,2.832636594772339,2.6464037262230695
2.8384897708892822,2.792874336242676,2.7352232933044434,2.444044795918076
2.5757827758789062,2.541261672973633,2.6456589698791504,2.3909351071033793
2.6019272804260254,2.442098617553711,2.5069520473480225,2.2405492482825995
2.574524164199829,2.5236876010894775,2.5509393215179443,2.0453229787866576
2.4868295192718506,2.364468574523926,2.4912893772125244,2.041392685158225
2.4188923835754395,2.38250470161438,2.2439441680908203,1.1139433523068367
2.8069512844085693,2.9355430603027344,2.9484593868255615,3.723044991643445
3.052659749984741,3.045799732208252,2.8410377502441406,3.2617385473525378
3.0349371433258057,2.9473280906677246,2.7962892055511475,2.949877704036875
2.97713303565979,2.8789703845977783,2.8424813747406006,2.5276299008713385
2.605771064758301,2.726227045059204,2.6394970417022705,2.342422680822206
2.7960495948791504,2.6799824237823486,2.9188270568847656,2.1702617153949575
2.54866623878479,2.5263419151306152,2.7694551944732666,2.1702617153949575
2.5062949657440186,2.606912136077881,2.5941193103790283,1.9867717342662448
2.5727791786193848,2.5646634101867676,2.4744975566864014,1.9590413923210936
2.2880818843841553,2.514547109603882,2.440326690673828,0.9030899869919435
1.8045246601104736,1.9940301179885864,1.9086090326309204,3.042181594515766
1.8540326356887817,1.9736636877059937,1.9864230155944824,3.137354111370733
1.311143398284912,1.4451239109039307,1.3534281253814697,1.772445426346
1.5804228782653809,1.5956181287765503,1.7592899799346924,2.020858281918316
1.5469715595245361,1.6612029075622559,1.7105387449264526,1.8893017025063104
2.1931040287017822,2.3276560306549072,2.465503215789795,1.8114400989511272
2.5359177589416504,2.1676597595214844,2.4664669036865234,1.7479928841299552
2.612995147705078,2.530639171600342,2.3511509895324707,1.432071328734167
2.0999810695648193,2.4402592182159424,2.361257314682007,1.366804595051468
1.4855175018310547,1.3195377588272095,1.6056805849075317,1.307278943389931
1.4856922626495361,1.6171332597732544,1.416077971458435,1.307278943389931
1.4201359748840332,1.5897326469421387,1.7129462957382202,1.307278943389931
1.512378454208374,1.5408202409744263,1.5220489501953125,1.4833702095804502
1.522216558456421,1.4838029146194458,1.663125991821289,1.4833702095804502
1.6789844036102295,1.6343145370483398,1.5334404706954956,1.4833702095804502
1.5760092735290527,1.7021574974060059,1.7509359121322632,2.00624894772595
1.5412945747375488,1.6244397163391113,1.761277675628662,2.0476416348300397
1.5786110162734985,1.7944401502609253,1.6291342973709106,2.0476416348300397
1.961948037147522,1.9805083274841309,1.8981858491897583,2.738642709134438
1.849932074546814,2.0106818675994873,1.9409197568893433,2.738642709134438
1.9146190881729126,1.9979910850524902,1.976568341255188,2.738642709134438
1.79954993724823,2.0043647289276123,2.0461766719818115,2.9200628016758503
1.9866031408309937,1.8195157051086426,2.0166640281677246,2.9457682020667706
1.9791959524154663,2.1273789405822754,2.170773983001709,2.960491458592242
1.7407846450805664,2.15364933013916,1.937592625617981,3.0707069384290415
2.0919888019561768,2.0354490280151367,1.8808311223983765,3.0961540607315317
1.9398205280303955,2.025608539581299,2.025941848754883,3.1201923016792876
1.6890805959701538,1.697813630104065,1.6007080078125,1.6237516232510494
1.452477216720581,1.5849785804748535,1.4562972784042358,2.4899584794248346
1.6851989030838013,1.6363269090652466,1.4430440664291382,1.0
1.0100294351577759,0.9078732132911682,0.9243264198303223,0.9542429437335896
1.5956249237060547,1.7984850406646729,1.5736377239227295,1.5421029766994931
1.680830955505371,1.6992764472961426,1.6482232809066772,1.5496739006875977
1.6029374599456787,1.7258446216583252,1.6130645275115967,1.539538175680695
0.9740482568740845,0.8898079991340637,0.8046044707298279,1.6231311772599608
3.605605363845825,3.59430193901062,3.5156233310699463,3.255272505103306
3.78116512298584,3.6242825984954834,3.6349704265594482,3.6020599913279625
3.631067991256714,3.708465337753296,3.5503714084625244,3.6020599913279625
3.59702205657959,3.6598148345947266,3.454716920852661,3.5563025007672873
3.669135093688965,3.687819242477417,3.7184016704559326,3.6232492903979003
3.717715263366699,3.529836416244507,3.6699280738830566,3.6989700043360187
3.54748797416687,3.5533077716827393,3.4937620162963867,3.7634279935629373
3.6560893058776855,3.638450860977173,3.647887945175171,3.7634279935629373
3.6645781993865967,3.6335084438323975,3.696634531021118,3.7634279935629373
3.6662025451660156,3.5945396423339844,3.566962242126465,4.0
3.7644100189208984,3.711721181869507,3.52571177482605,3.8920946026904804
3.6334054470062256,3.661031723022461,3.6640236377716064,3.778151250383644
0.8317626714706421,0.1764279007911682,0.4559827148914337,0.31875869313729016
0.5939919948577881,0.543678879737854,0.37603846192359924,0.04139268515822507
0.2669670879840851,0.09000331163406372,0.530769944190979,0.4913616938342727
0.27419474720954895,0.07304996252059937,0.16364379227161407,0.7558748556724915
0.45746099948883057,0.07355839014053345,0.42573919892311096,0.2304489213782739
0.4418545961380005,0.5179123282432556,0.3248821794986725,0.7781512503836436
0.5857909321784973,0.5250287055969238,0.5086528658866882,0.4913616938342727
0.40338829159736633,0.4230281710624695,0.46824535727500916,0.6020599913279624
0.38712090253829956,0.3579239249229431,0.5577065944671631,0.6989700043360189
0.536519467830658,0.4194629490375519,0.4856627285480499,0.8325089127062363
0.5540878176689148,0.5672182440757751,0.3984469175338745,0.9084850188786497
0.5917223691940308,0.6218814849853516,0.6893063187599182,0.6334684555795865
0.41536951065063477,0.5890281796455383,0.5100609660148621,0.47712125471966244
0.6149826645851135,0.6849365830421448,0.6288077235221863,0.6232492903979004
0.7196068167686462,0.5295277237892151,0.5519874691963196,0.3222192947339193
0.8579592704772949,0.9549263715744019,0.9303703308105469,0.9542425094393249
0.41160106658935547,0.5928150415420532,0.5755848288536072,0.32538942048605174
0.5714983940124512,0.479780912399292,0.5660557150840759,0.43012474167709114
0.6629649996757507,0.6567999720573425,0.5637507438659668,0.5144456083995548
0.6775643825531006,0.7847570776939392,0.7469115257263184,0.5472380879812769
0.9359252452850342,0.7649360299110413,0.8489914536476135,0.655632020068717
0.8005157113075256,0.7161211967468262,0.6941804885864258,0.6609608605962506
0.831241250038147,0.8685199022293091,0.896975040435791,0.7156299404562237
1.8362442255020142,1.9000664949417114,1.842025876045227,2.0
1.9362688064575195,1.8963414430618286,1.829124093055725,2.0
2.0698046684265137,1.8912060260772705,2.0449657440185547,2.0
1.947599172592163,1.9839065074920654,2.0185861587524414,2.0
1.3428590297698975,1.501918911933899,1.3668493032455444,1.5228787409373927
1.3941539525985718,1.4639290571212769,1.4567266702651978,1.5228787409373927
1.3331409692764282,1.53895103931427,1.44239342212677,1.6989700043360187
1.4522994756698608,1.52914559841156,1.5330463647842407,1.6989700043360187
0.4347662329673767,0.23970377445220947,0.4717768728733063,0.20411998265592482
0.7222030758857727,0.6214930415153503,0.7467057704925537,0.13033376849500614
0.8642016053199768,0.8282920122146606,1.0161372423171997,0.09691001300805642
0.6949776411056519,0.6425734758377075,0.7046558856964111,0.2671717284030138
0.39036431908607483,0.19465088844299316,0.3383261263370514,0.1903316981702915
0.9586512446403503,0.7683747410774231,0.8021711111068726,0.09691001300805642
0.656939685344696,0.6379424333572388,0.6179938316345215,0.3891660843645325
0.792876124382019,0.834473729133606,1.0858023166656494,0.20411998265592482
0.36655333638191223,0.43851572275161743,0.23804105818271637,0.17609125905568124
0.7542570233345032,0.6487476825714111,0.5470759272575378,0.4471580313422192
0.8958497643470764,0.801397442817688,1.074014663696289,0.2304489213782739
0.5589602589607239,0.352242648601532,0.3524864614009857,0.20951501454263097
2.045736074447632,1.9251145124435425,1.9583147764205933,1.0
1.7264745235443115,1.8369895219802856,1.8038971424102783,1.3010299956639813
1.9249444007873535,1.788305401802063,1.988500714302063,1.4771212547196624
1.9756149053573608,2.03078031539917,1.9453438520431519,2.255272505103306
2.4476163387298584,2.310194969177246,2.4935221672058105,3.230448921378274
2.168473720550537,2.205333709716797,2.2067253589630127,2.785329835010767
2.3353445529937744,2.197280168533325,2.0967941284179688,2.6989700043360187
2.1678826808929443,2.1351802349090576,2.2021281719207764,2.6989700043360187
1.4865138530731201,1.5343281030654907,1.580504059791565,1.7853298278911853
1.9126782417297363,1.5472877025604248,1.5431444644927979,1.6127838567197355
1.5271632671356201,1.4568570852279663,1.4877017736434937,1.740362697390507
1.5242555141448975,1.581721544265747,1.5543129444122314,1.8450980462184636
1.622462511062622,1.5876383781433105,1.5499718189239502,1.716003351986616
1.867332935333252,1.8710360527038574,1.54069983959198,1.8450980462184636
1.9018034934997559,1.8644789457321167,1.9542418718338013,1.8920945971226024
1.8976584672927856,1.8390545845031738,1.937856674194336,1.7923916965030036
1.3902791738510132,1.5719531774520874,1.7722210884094238,1.7075701760979363
1.5322147607803345,1.7283906936645508,1.7649931907653809,1.6720978486954092
1.1699365377426147,1.1854678392410278,1.2740422487258911,1.6232492903979006
1.1602116823196411,1.2003154754638672,1.2191933393478394,1.5440680443502757
1.2150018215179443,1.2587321996688843,1.2185405492782593,1.5314789170422551
1.1338591575622559,1.2183834314346313,1.3347159624099731,1.380211241711606
1.1297436952590942,1.2513724565505981,1.2047349214553833,1.4471580313422192
1.2409011125564575,1.3093326091766357,1.1044572591781616,1.4313637641589874
1.1575387716293335,1.2882378101348877,1.2465834617614746,1.414973347970818
1.3234840631484985,1.2059530019760132,1.299007534980774,1.3222192947339193
1.2770020961761475,1.2640128135681152,1.2902131080627441,1.3222192947339193
1.1936445236206055,1.171500563621521,1.3130793571472168,1.1760912590556813
1.4348536729812622,1.2071670293807983,1.3043354749679565,1.2304489213782739
1.25070059299469,1.381186604499817,1.3891817331314087,1.146128035678238
1.2579727172851562,1.3884447813034058,1.3626654148101807,1.2787536009528289
1.402584433555603,1.3742343187332153,1.387870192527771,1.2041199826559248
1.2999427318572998,1.3746912479400635,1.3250094652175903,1.2041199826559248
1.4404304027557373,1.3753246068954468,1.4367345571517944,1.1760912590556813
1.6349350214004517,1.6826492547988892,1.4507797956466675,1.4471580313422192
1.7871923446655273,1.5826114416122437,1.5935132503509521,1.414973347970818
1.6929289102554321,1.6658939123153687,1.664871096611023,1.3424226808222062
1.6692943572998047,1.7619407176971436,1.8311442136764526,1.3010299956639813
1.3772618770599365,1.354282021522522,1.4454925060272217,1.5831987739686226
1.3598672151565552,1.5194522142410278,1.5487326383590698,1.3010299956639813
1.023025631904602,0.9389233589172363,0.7755267024040222,1.3010299956639813
1.1035219430923462,1.0764775276184082,1.0689246654510498,1.221848758302246
1.0977033376693726,1.0311126708984375,1.1464725732803345,1.1549019512998535
0.5813776850700378,0.6455909609794617,0.653560221195221,0.8860566650649422
0.6688613295555115,0.5670387744903564,0.7910682559013367,1.0969100130080565
0.6878636479377747,0.8257685899734497,0.48972657322883606,0.9586073104988301
0.1734108179807663,0.0878283679485321,0.04079224914312363,0.8860566650649422
1.6011033058166504,1.759782075881958,1.6737189292907715,1.3617278360175928
1.8641444444656372,1.6529043912887573,1.7376435995101929,1.0755469613925308
1.1388061046600342,1.1859321594238281,1.2685425281524658,0.9777236052888477
1.5305384397506714,1.412569522857666,1.611046552658081,0.6989700043360189
1.0898830890655518,1.1232050657272339,0.999535083770752,1.4771212547196624
1.0168226957321167,0.9978064894676208,0.9507405161857605,1.3979400086720377
1.1626003980636597,1.1376358270645142,1.0985647439956665,0.9030899869919435
1.1906248331069946,1.1408512592315674,1.201574444770813,1.1760912590556813
1.4619801044464111,1.444525122642517,1.478790521621704,1.3783979009481377
1.4876868724822998,1.4957746267318726,1.4241822957992554,1.3010299956639813
1.5493453741073608,1.4149293899536133,1.370578646659851,1.1760912590556813
1.5703898668289185,1.571844458580017,1.4632065296173096,1.146128035678238
0.8067872524261475,0.9982842803001404,0.9614065885543823,0.572762898855467
0.9905783534049988,0.9493703842163086,1.037839651107788,0.5783216808001675
1.262641191482544,1.32764732837677,1.210507869720459,0.6336295186630205
1.5558871030807495,1.4476512670516968,1.626975655555725,0.7517713333546332
1.5257631540298462,1.4260079860687256,1.435383677482605,0.5154377414620255
1.7322274446487427,1.5270938873291016,1.5150009393692017,0.5470103885032926
0.5758941769599915,0.6762308478355408,0.6543950438499451,0.6989700043360189
0.6766777634620667,0.5875439047813416,0.6029196977615356,0.38021124171160603
0.7585681676864624,0.5814818739891052,0.6487698554992676,0.11394335230683678
0.6307438015937805,0.5993160605430603,0.6598882079124451,0.7781512503836436
0.8198177218437195,0.4906081557273865,0.5965054035186768,0.47712125471966244
0.7736405730247498,0.5337280035018921,0.5805844068527222,0.3424226808222063
0.7650744915008545,0.6691027879714966,0.611822783946991,1.1760912590556813
0.6249759197235107,0.5885910987854004,0.712685227394104,0.8750612633917001
0.8405958414077759,0.6272088289260864,0.6827032566070557,0.6020599913279624
0.882907509803772,0.9856566190719604,0.852752685546875,0.3010299956639812
0.8187898397445679,0.7132090926170349,0.7068905234336853,2.012837224705172
0.8845813274383545,0.7981553673744202,0.9875994920730591,1.2041199826559248
0.9198598265647888,0.9298650622367859,0.6973763704299927,0.921686475483602
0.728333592414856,0.845669686794281,1.0204635858535767,0.8937617620579434
0.8030980825424194,0.7015331387519836,0.8479027152061462,0.8305886686851442
0.7193214893341064,0.699395477771759,0.9039822816848755,0.7708520116421442
0.6112741827964783,0.7040501832962036,0.6902090311050415,0.5314789170422551
0.9357740879058838,0.9329007267951965,0.9928747415542603,0.3424226808222063
0.8408453464508057,1.0253254175186157,1.0256297588348389,1.5010592622177514
0.5868977904319763,0.7107560038566589,0.938493013381958,0.6232492903979004
0.8962221145629883,0.9735168218612671,0.7448685169219971,1.0644579892269186
0.7451955676078796,0.7545325756072998,0.7716302871704102,2.4082399653118496
1.3383969068527222,1.1771619319915771,1.258086919784546,0.6532125137753437
1.1477961540222168,1.3099573850631714,1.203525185585022,0.568201724066995
1.3952580690383911,1.245389461517334,1.2520334720611572,1.7151673578484579
1.226194143295288,1.1550788879394531,1.292335033416748,0.5910646070264992
1.091686725616455,1.0671862363815308,1.3606092929840088,1.5550944485783191
1.1951030492782593,1.0819621086120605,1.0697215795516968,0.8512583487190752
1.0843950510025024,1.2881643772125244,1.3483821153640747,2.44870631990508
1.3443536758422852,1.3007160425186157,1.5094738006591797,0.505149978319906
1.2935460805892944,1.3658632040023804,1.336682677268982,1.9822712330395684
2.492246150970459,2.792877674102783,2.77551007270813,2.2973957102789804
2.3085551261901855,2.487154722213745,2.6176538467407227,3.6560342834463664
2.5682685375213623,2.571989059448242,2.4561045169830322,3.6560342834463664
2.7830610275268555,2.755269765853882,2.6605679988861084,2.900913067737669
2.7490599155426025,2.5761382579803467,2.49672794342041,2.9060179692461596
2.6623594760894775,2.7241363525390625,2.5617218017578125,2.900913067737669
2.8658061027526855,2.931281328201294,3.001870632171631,3.126159652375837
3.3824870586395264,3.240962266921997,3.157945156097412,3.109983294819892
1.7971055507659912,1.547256588935852,2.0821094512939453,2.0
2.013401746749878,1.9589489698410034,1.5087794065475464,2.0
1.9405076503753662,2.1211163997650146,2.1138556003570557,3.674952948048565
1.9773855209350586,2.3322784900665283,2.1969504356384277,3.2530955858490316
2.097885847091675,2.007982015609741,2.1038401126861572,2.949877704036875
1.9036024808883667,1.9185974597930908,2.05800461769104,1.5797835966168101
1.8388501405715942,1.8327202796936035,2.0262601375579834,1.7781512503836436
1.938883662223816,1.9534695148468018,1.6713348627090454,1.9912260756924949
1.7090997695922852,1.9655221700668335,1.7764058113098145,2.1271047983648077
1.1186293363571167,0.9850687980651855,0.9057019948959351,0.6004987225948004
1.070165991783142,0.9071553349494934,0.9158496260643005,0.6422230685031098
0.8676153421401978,0.9884846210479736,0.8481138944625854,0.6863197266147095
0.9161458015441895,0.9950902462005615,0.9266522526741028,0.7554006825805436
1.0902849435806274,1.0478630065917969,1.0041979551315308,0.6584906695724873
1.2245380878448486,1.0257662534713745,0.9403942823410034,0.6922690907616533
0.9760965704917908,0.9852913022041321,1.0281037092208862,0.7236088385015975
0.972000241279602,0.9678500890731812,0.9585278630256653,0.7704644333502404
1.1642069816589355,1.2102335691452026,1.3392761945724487,0.537789008123533
1.1489077806472778,1.1422944068908691,1.1571906805038452,0.6004987225948004
1.1845519542694092,1.2028290033340454,1.3139019012451172,0.6321616891371097
1.357000470161438,1.2768630981445312,1.1712138652801514,0.7152834888984626
1.3766294717788696,1.5110077857971191,1.468101143836975,0.5026753343752224
1.4856888055801392,1.40735924243927,1.4477297067642212,0.5543355246304233
1.3389052152633667,1.5000840425491333,1.3372855186462402,0.5741697566312904
1.4250375032424927,1.4845339059829712,1.3750300407409668,0.6710797696393469
1.403789758682251,1.4251227378845215,1.534021019935608,0.4839931619052586
1.350486159324646,1.4890977144241333,1.4027734994888306,0.5072229862964996
1.5163962841033936,1.4895962476730347,1.2991458177566528,0.5117235111953695
1.6601115465164185,1.4126089811325073,1.5546046495437622,0.5419851445059987
1.465867280960083,1.0581779479980469,1.5669087171554565,1.3010299956639813
1.2751835584640503,1.4017373323440552,1.3231569528579712,1.708675792726537
1.9111714363098145,1.8252054452896118,1.946294903755188,1.2730012720637376
1.3890851736068726,1.577453374862671,1.4973057508468628,1.6327608884794387
1.4159762859344482,1.4692634344100952,1.6507045030593872,1.675228253593064
1.3116742372512817,1.4506516456604004,1.5111976861953735,1.8093576702111058
1.43429696559906,1.5060656070709229,1.6311101913452148,1.6030360562505217
1.679174780845642,1.5430327653884888,1.68619966506958,1.5922878159521308
1.7522772550582886,1.8183693885803223,1.8424400091171265,1.5613399414589013
1.6422663927078247,1.566092610359192,1.76188063621521,0.6211762817750351
1.7457349300384521,1.669960379600525,1.7875984907150269,0.9072500828813285
1.7879010438919067,1.8387455940246582,1.8590617179870605,1.4520625774204234
1.836545467376709,1.5269328355789185,1.652329921722412,2.281091665663499
2.0419623851776123,1.9118201732635498,1.9373222589492798,2.106299572916015
2.1799447536468506,2.2149507999420166,2.2340009212493896,2.0163904168315687
1.994655966758728,1.8522061109542847,1.9799237251281738,1.9375075510718127
2.0785841941833496,2.0869367122650146,2.0068042278289795,1.8669264750160817
2.0188565254211426,2.2152273654937744,2.311007499694824,1.7981014785788747
2.020650863647461,2.072356700897217,2.029935598373413,1.7928247593001219
2.2359752655029297,2.123889684677124,2.225074529647827,1.7513580706372016
1.9479141235351562,2.1047260761260986,2.131589651107788,1.790102116443042
2.171281337738037,2.2596194744110107,2.2733795642852783,2.369698138949881
0.3407294750213623,0.4502479135990143,0.28312721848487854,1.3617278360175928
0.40993306040763855,0.6146603226661682,0.35496070981025696,0.5797835966168101
0.4328477382659912,0.6236920356750488,0.356624037027359,0.38021124171160603
0.5366711020469666,0.4594484865665436,0.631769597530365,0.47712125471966244
0.5673555731773376,0.7004930973052979,0.7616817355155945,0.3010299956639812
0.5326666831970215,0.7252709269523621,0.7099196314811707,0.43136376415898736
0.793195366859436,0.8463321924209595,0.9192020297050476,0.5797835966168101
1.8003103733062744,1.8326256275177002,1.8903034925460815,1.7011469211582442
2.0376100540161133,1.9263850450515747,2.049622058868408,1.7011469211582442
1.9691624641418457,2.0571024417877197,2.0831422805786133,2.245214967977794
2.08174204826355,2.289682388305664,2.1874890327453613,2.732555387821718
2.423034191131592,2.415050506591797,2.3710808753967285,3.1672727939401932
1.8368531465530396,2.0753448009490967,2.056144952774048,1.6989700043360187
2.225872755050659,2.278468608856201,2.0152275562286377,1.9030899869919435
2.20562744140625,2.2958476543426514,2.1553497314453125,2.0
2.3644115924835205,2.402024269104004,2.201209545135498,2.5160062303860475
2.106377601623535,2.234968662261963,2.362560987472534,2.4533183400470375
2.5154917240142822,2.367281675338745,2.343876361846924,2.0969100130080562
2.2410011291503906,2.3153469562530518,2.3301496505737305,2.0
2.302717924118042,2.3633055686950684,2.437012195587158,1.9637878273455553
2.1532890796661377,2.384355068206787,2.2944889068603516,1.9138138523837167
2.0369865894317627,2.0723440647125244,1.7673143148422241,1.9030899869919435
2.369439125061035,2.561197519302368,2.194150447845459,1.7323937598229686
2.3797168731689453,2.416820764541626,2.3644864559173584,1.568201724066995
2.3699724674224854,2.3753111362457275,2.397573232650757,1.4471580313422192
2.369022846221924,2.4775137901306152,2.2860219478607178,2.505149978319906
2.3443615436553955,2.2735400199890137,2.4104812145233154,2.4471580313422194
2.1544394493103027,2.3875086307525635,2.4022364616394043,2.255272505103306
2.5638599395751953,2.4651196002960205,2.289698362350464,2.2174839442139063
2.5097124576568604,2.587000608444214,2.4970312118530273,2.832508912706236
0.9085926413536072,1.0211535692214966,1.1968470811843872,0.8830935291101389
2.389164924621582,2.3205220699310303,2.454409122467041,2.8492146064139448
2.5005571842193604,2.4394636154174805,2.38067626953125,2.8920946026904804
2.614034652709961,2.607948064804077,2.555116891860962,3.1760912590556813
2.610694646835327,2.7731704711914062,2.5581936836242676,3.12057393120585
2.621793508529663,2.5754826068878174,2.661007881164551,3.0969100130080562
2.4404404163360596,2.467533588409424,2.375673532485962,3.0791812460476247
2.7947115898132324,2.6859381198883057,2.6784677505493164,3.026669428201376
0.98740553855896,1.2414530515670776,1.2650669813156128,1.7853298350107671
1.1792601346969604,1.1584455966949463,1.240551233291626,1.3010299956639813
1.1554999351501465,1.0442241430282593,1.3685466051101685,0.3979400086720376
1.117859959602356,1.194354772567749,1.262094259262085,0.3979400086720376
1.2279865741729736,1.1168639659881592,1.2557036876678467,0.47712125471966244
1.3237931728363037,1.2242507934570312,1.368145227432251,0.6020599913279624
1.5785001516342163,1.62485671043396,1.565254807472229,0.9542425094393249
-0.4612898528575897,-0.5196008086204529,-0.42037683725357056,0.5314789170422551
1.1694774627685547,1.0372158288955688,1.1532998085021973,1.6334684555795866
1.351076602935791,1.0937693119049072,1.4177472591400146,1.6989700043360187
1.0598756074905396,1.4097564220428467,1.3587725162506104,1.3502480183341627
1.1232388019561768,1.0676695108413696,1.035590410232544,1.250420002308894
1.3645007610321045,1.5129518508911133,1.378417730331421,1.2479732663618066
1.7115627527236938,1.6217683553695679,1.6793580055236816,1.24551266781415
1.9412665367126465,1.6498401165008545,2.004281759262085,1.2405492482825997
1.0587633848190308,0.9864541292190552,1.020606517791748,1.1038037209559568
1.095397710800171,0.9799386262893677,0.9686594605445862,1.0530784434834197
0.9572781920433044,1.0073087215423584,0.8375157117843628,1.021189299069938
1.0651689767837524,1.1195398569107056,1.1250019073486328,1.0128372247051722
0.9999478459358215,0.9672409296035767,0.9139884114265442,1.1549019512998535
0.8893959522247314,1.0364655256271362,0.987565279006958,1.0863598306747482
1.042650818824768,0.9967153072357178,1.0441484451293945,1.0492180226701815
1.0438876152038574,0.924118161201477,0.8465299010276794,1.041392685158225
0.9939602017402649,1.028703212738037,1.0688124895095825,1.1549019512998535
1.1162339448928833,1.038569688796997,0.9665646553039551,1.041392685158225
0.9843306541442871,0.9249696135520935,1.0788220167160034,1.021189299069938
1.0400233268737793,1.1910732984542847,1.1238325834274292,0.9867717342662448
1.1636015176773071,1.1281217336654663,1.0792429447174072,1.0969100130080565
1.2084194421768188,1.0783987045288086,1.0883234739303589,1.0170333392987803
1.015977144241333,0.9726654887199402,0.9695850014686584,1.0086001717619175
1.1829296350479126,1.1382734775543213,1.0801292657852173,0.9493900066449128
1.126491665840149,1.1158889532089233,1.0203443765640259,1.0791812460476249
0.8309356570243835,1.0497157573699951,1.056591510772705,1.0
1.1037565469741821,1.1217142343521118,1.1539084911346436,0.9731278535996987
1.0967819690704346,1.1817306280136108,1.1533986330032349,0.9242792860618817
0.8883170485496521,1.0596052408218384,0.9687739610671997,1.7781512503836436
1.18275785446167,0.9482925534248352,1.115928292274475,1.380211241711606
1.0426653623580933,0.9359830021858215,1.0768295526504517,0.9030899869919435
1.0516657829284668,1.0576969385147095,1.1348966360092163,0.8450980400142568
2.4959909915924072,2.381880044937134,2.369332790374756,2.4673614169369897
2.5241167545318604,2.3367116451263428,2.6114771366119385,2.6020599913279625
2.6957809925079346,2.5174667835235596,2.7536282539367676,2.6434526764861874
2.9275686740875244,2.881878137588501,2.7073466777801514,2.681241237375587
0.6414323449134827,0.6420230865478516,0.7421253323554993,0.9395192526186185
0.9299272894859314,0.9134865999221802,0.9783841371536255,0.7708520116421442
0.18622855842113495,0.2776670455932617,0.30844494700431824,0.17609125905568124
0.890356719493866,1.0298149585723877,0.8287032842636108,1.0644579892269186
1.283798336982727,1.269933819770813,1.2345998287200928,0.8325089127062363
1.3937469720840454,1.4323261976242065,1.3631964921951294,1.2227164711475833
1.4342584609985352,1.3816415071487427,1.429944396018982,1.2648178230095364
1.0152798891067505,0.8667990565299988,1.047891616821289,1.5910645958907432
1.1864513158798218,1.1120356321334839,1.0837033987045288,0.9731278535996987
0.7730675935745239,0.7095778584480286,0.7622204422950745,0.7160033436347992
0.5223613977432251,0.44713735580444336,0.4348224699497223,0.5563025007672873
1.413581132888794,1.3574265241622925,1.33769690990448,1.0086001717619175
0.9394989013671875,0.9297208786010742,1.0405091047286987,0.8129133566428556
1.4312447309494019,1.407954454421997,1.4940574169158936,1.4785664955938433
1.4458271265029907,1.663309931755066,1.5862518548965454,1.4941545940184429
1.0942718982696533,1.0792227983474731,0.9373001456260681,1.6830470382388496
2.3441884517669678,2.5706849098205566,2.4853103160858154,3.361727836017593
2.4787213802337646,2.4001874923706055,2.530756711959839,3.3010299956639813
2.538275957107544,2.629807233810425,2.522463321685791,3.146128035678238
2.474896192550659,2.4710402488708496,2.5587666034698486,2.9956351945975497
2.535597801208496,2.3852341175079346,2.5235042572021484,3.342422680822206
2.5043962001800537,2.5557701587677,2.4784045219421387,3.037426497940624
2.532799005508423,2.670546293258667,2.682621955871582,3.0170333392987803
2.5051164627075195,2.6730973720550537,2.5689191818237305,3.0
2.503469467163086,2.603105068206787,2.522355318069458,3.0211892990699383
2.67092227935791,2.583340883255005,2.6667327880859375,3.3010299956639813
2.4971883296966553,2.5065815448760986,2.6482458114624023,3.0170333392987803
2.5123095512390137,2.5242772102355957,2.6041860580444336,2.9542425094393248
2.6748440265655518,2.6382033824920654,2.796552896499634,4.0
3.269826889038086,3.3150060176849365,3.5372114181518555,2.9542425094393248
3.3531723022460938,3.150355815887451,3.138810157775879,2.845098040014257
2.7587172985076904,2.8003499507904053,2.8717055320739746,2.6020599913279625
2.615156888961792,2.7022695541381836,2.755725383758545,2.4771212547196626
2.6751320362091064,2.536665439605713,2.603787422180176,2.3010299956639813
2.7074801921844482,2.848158121109009,2.8166449069976807,2.6232492903979003
2.9500107765197754,2.9172205924987793,2.9567360877990723,2.6434526764861874
2.722482919692993,2.803555488586426,2.7698118686676025,2.6627578316815743
1.0085644721984863,1.3194589614868164,0.9831634759902954,1.1549019512998535
1.4827126264572144,1.465819001197815,1.4954760074615479,1.7853298350107671
1.0657187700271606,1.144965648651123,1.2615387439727783,1.255272505103306
1.456820011138916,1.5088809728622437,1.5276615619659424,1.9344984512435677
1.076840877532959,1.129250168800354,1.2400755882263184,1.3617278360175928
1.6709445714950562,1.8917148113250732,1.7651137113571167,2.1522883443830563
1.3784966468811035,1.4028583765029907,1.5693179368972778,1.5563025007672873
1.8837672472000122,2.103949546813965,2.0225234031677246,2.419955748489758
1.7696651220321655,1.5553228855133057,1.56655752658844,1.9344984512435677
1.2626317739486694,1.3545396327972412,1.3966251611709595,-0.09691001300805639
1.27899169921875,1.3195401430130005,1.2864950895309448,0.07918124604762482
1.3923211097717285,1.3092198371887207,1.331437349319458,0.21748394421390624
1.457364797592163,1.4199849367141724,1.4857172966003418,0.5877109650189114
1.474839210510254,1.6850090026855469,1.532572627067566,1.3222192947339193
1.70954430103302,1.7382574081420898,1.5933762788772583,1.2810333672477277
1.658994197845459,1.695839762687683,1.6319267749786377,1.2227164711475833
1.6320146322250366,1.8289413452148438,1.7215149402618408,0.9084850188786497
1.7375308275222778,1.7605161666870117,1.6261215209960938,1.1986570869544226
1.8995288610458374,1.8533200025558472,1.8414463996887207,1.1818435879447726
2.0164172649383545,1.8595879077911377,2.0448200702667236,1.7972675408307164
2.277317523956299,2.02972412109375,2.1100194454193115,2.5514499979728753
2.2740652561187744,2.2231578826904297,2.2651546001434326,2.550717423469283
2.2522237300872803,2.2146737575531006,2.1231470108032227,1.909020854211156
1.048130989074707,0.9847256541252136,0.9926319122314453,1.3364597338485296
1.0929875373840332,1.3115068674087524,1.3355062007904053,1.4857214264815801
0.8133629560470581,0.9887338876724243,0.6434909105300903,1.5954962108028714
0.9403302073478699,0.9347596764564514,0.9953910708427429,1.0128372247051722
1.3992050886154175,1.3305439949035645,1.331102728843689,1.1958996524092338
1.0323586463928223,0.9267871379852295,1.1133323907852173,1.221848758302246
1.6663235425949097,1.496070146560669,1.7569570541381836,1.0457574862177303
2.246952772140503,2.1667723655700684,2.3128650188446045,1.968482948553935
1.2524244785308838,0.8875637650489807,1.1818844079971313,1.6232492903979006
1.9340643882751465,2.0380513668060303,1.9050220251083374,1.4771212547196624
1.9348315000534058,2.194856643676758,2.0152413845062256,1.6989700043360187
1.6121790409088135,1.625089406967163,1.498612403869629,1.6989700043360187
1.8850854635238647,1.690255880355835,1.8246831893920898,1.9344984512435677
2.129364490509033,2.0525553226470947,2.1461100578308105,1.8864907251724818
2.0741655826568604,1.9437596797943115,1.8166619539260864,2.322219294733919
1.8233166933059692,1.775482416152954,1.7947241067886353,1.9084850188786497
2.0318655967712402,1.8068363666534424,1.769881248474121,2.937517892017347
1.596205234527588,1.4620999097824097,1.369997501373291,1.7781512503836436
1.7298957109451294,2.036007881164551,1.988574743270874,3.7104558643354246
1.5964982509613037,1.720663070678711,1.5322182178497314,2.8432327780980096
1.7239725589752197,1.9910235404968262,1.8862247467041016,3.287801729930226
2.326983690261841,2.224058151245117,2.3713269233703613,1.4885507165004443
2.1470069885253906,1.960368037223816,2.1634185314178467,1.7242758696007892
2.048408031463623,2.156358242034912,2.045442819595337,1.6334684555795866
2.0063743591308594,2.148432970046997,2.2941734790802,1.5440680443502757
2.169830322265625,2.2001681327819824,2.1931393146514893,1.4913616938342726
1.5831048488616943,1.5466327667236328,1.5542035102844238,1.255272505103306
1.993333101272583,1.8961074352264404,2.2225728034973145,1.8808135922807914
2.0994787216186523,2.2054717540740967,2.25730562210083,1.8195439355418688
2.106112241744995,2.1303179264068604,2.1479239463806152,1.7481880270062005
2.239865779876709,2.226896047592163,2.1876935958862305,1.6812412373755872
1.5394401550292969,1.5719590187072754,1.5299791097640991,1.5314789170422551
2.2696187496185303,2.1050331592559814,2.1201047897338867,2.155336037465062
2.1607377529144287,2.314526319503784,2.172334671020508,2.0644579892269186
2.1616146564483643,2.2222955226898193,2.1763393878936768,1.9867717342662448
2.372959852218628,2.2664148807525635,2.2804343700408936,1.919078092376074
1.7378498315811157,1.6735855340957642,1.735742211341858,1.7323937598229686
2.2310922145843506,2.291851758956909,2.3341825008392334,2.651278013998144
2.4395766258239746,2.386927366256714,2.3144028186798096,2.525044807036845
2.411515235900879,2.3336732387542725,2.3654844760894775,2.428134794028789
2.324704170227051,2.287261724472046,2.5371835231781006,2.296665190261531
1.8538089990615845,1.7876334190368652,1.79207444190979,2.100370545117563
2.3471994400024414,2.3186867237091064,2.3139450550079346,2.2095150145426308
2.3691658973693848,2.5211949348449707,2.509505033493042,2.1172712956557644
2.5662662982940674,2.455579996109009,2.496725082397461,2.0644579892269186
2.5065157413482666,2.4070491790771484,2.4267611503601074,1.9084850188786497
1.7340723276138306,1.9058083295822144,1.8884174823760986,1.845098040014257
2.3220553398132324,2.427500009536743,2.2578463554382324,2.0569048513364727
2.431154489517212,2.4534950256347656,2.4849812984466553,2.0086001717619175
2.3197133541107178,2.413344383239746,2.562006950378418,1.9084850188786497
2.5406153202056885,2.5811779499053955,2.5447793006896973,1.8260748027008264
1.6929303407669067,1.892253041267395,1.8713456392288208,1.7323937598229686
2.517991065979004,2.4347949028015137,2.5706472396850586,3.330413773349191
2.5951590538024902,2.5523030757904053,2.654672861099243,3.2016701796465816
2.6584644317626953,2.593953847885132,2.7685108184814453,3.0874264570362855
2.6741888523101807,2.800293445587158,2.6988046169281006,2.9938769149412114
2.009093999862671,2.055722713470459,2.046891450881958,2.6580113966571126
2.7620441913604736,2.7416372299194336,2.7919278144836426,3.12515582958053
2.3667962551116943,2.3776021003723145,2.302433490753174,2.9960736544852753
2.6339409351348877,2.6989643573760986,2.5651755332946777,2.9410142437055695
2.6355104446411133,2.685474157333374,2.6822855472564697,2.7596678446896306
2.249201774597168,2.3169937133789062,2.2912464141845703,2.716003343634799
2.6252214908599854,2.726896047592163,2.669340133666992,2.6693168805661123
2.279911994934082,2.3069076538085938,2.1887621879577637,2.606381365110605
2.0563249588012695,2.120633602142334,2.038395404815674,2.424881636631067
2.1681225299835205,2.163921356201172,2.2912423610687256,2.4216039268698313
1.7130271196365356,1.737380862236023,1.8003565073013306,2.2278867046136734
1.9456743001937866,1.9715561866760254,1.977353572845459,3.041392685158225
1.9676626920700073,1.9230707883834839,1.9731465578079224,3.1271047983648077
2.009247303009033,1.9111217260360718,1.931123971939087,3.359835482339888
2.1524550914764404,2.110365867614746,2.060015916824341,3.660865478003869
1.1062939167022705,1.1772737503051758,1.0594488382339478,1.4708906104643977
0.9862833619117737,1.1964049339294434,1.0298762321472168,1.403161082042965
1.4583171606063843,1.2413867712020874,1.4929698705673218,1.2427786353774164
0.7810431718826294,0.7157158255577087,0.8705292344093323,0.8325089127062363
0.9566539525985718,0.8215080499649048,0.8507519960403442,1.252853030979893
0.9177725315093994,1.0060988664627075,0.9482311606407166,1.1139433523068367
0.8974288702011108,0.9820162057876587,0.9486741423606873,0.9731278535996987
1.0284464359283447,1.1703506708145142,1.0673911571502686,0.8450980400142568
1.129156231880188,0.9845971465110779,1.0084419250488281,0.7781512503836436
0.9635025262832642,0.9902121424674988,0.9716910123825073,0.6434526764861874
1.00033700466156,0.9673147797584534,1.0442291498184204,1.3560258571931227
1.0995131731033325,1.0979291200637817,1.018850564956665,1.1139433523068367
1.1611690521240234,1.0900444984436035,1.0700114965438843,1.0293837776852097
0.9815219640731812,0.972740113735199,1.111509919166565,1.0
0.9443315267562866,1.073555588722229,1.0188758373260498,0.9542425094393249
1.1490076780319214,1.0729697942733765,1.054923176765442,0.8388490907372553
1.0974773168563843,1.1426217555999756,1.090813398361206,0.7781512503836436
1.0113821029663086,0.8546630144119263,0.9981867074966431,0.6812412373755872
2.0733001232147217,1.9936035871505737,2.006625175476074,2.4471580313422194
0.8417593836784363,0.7751175761222839,0.773976743221283,0.3010299956639812
1.0555914640426636,1.0892572402954102,1.0900893211364746,1.0
1.6007425785064697,1.6323626041412354,1.3425911664962769,1.1139433523068367
1.7525365352630615,1.8994011878967285,1.818558692932129,1.0791812460476249
2.0005366802215576,1.973691463470459,1.8061524629592896,1.3222192947339193
1.4633488655090332,1.5965664386749268,1.5944894552230835,1.3010299956639813
1.930083155632019,1.9519175291061401,1.9449633359909058,1.6127838567197355
1.9926443099975586,1.946677327156067,2.12117862701416,2.0681858617461617
1.8092412948608398,1.543821930885315,1.5701918601989746,1.5563025007672873
2.097898483276367,1.9425163269042969,1.998884677886963,2.100370545117563
1.8454349040985107,2.065523147583008,2.039403200149536,1.7403626894942439
1.1555825471878052,0.9691963791847229,1.0069608688354492,0.0
0.8795376420021057,0.9928690195083618,0.9816681742668152,0.9542425094393249
2.0496809482574463,2.0059914588928223,2.0377190113067627,3.0681858617461617
1.9190014600753784,2.0064618587493896,1.9581974744796753,2.7126497016272113
2.2520551681518555,2.427058696746826,2.293558359146118,2.6127838567197355
2.13069748878479,2.2259068489074707,2.25343656539917,2.367355921026019
1.7930595874786377,1.9024901390075684,1.7624785900115967,1.6020599913279625
1.8752332925796509,1.80502188205719,1.6904538869857788,1.6020599913279625
2.0085513591766357,1.9526488780975342,2.052081823348999,1.6020599913279625
1.9691411256790161,1.767413854598999,1.824747085571289,1.413299764081252
1.2273625135421753,1.3744373321533203,1.2329272031784058,1.1903316981702914
1.326688289642334,1.3560304641723633,1.4489439725875854,1.1903316981702914
1.8230786323547363,2.005566358566284,1.8796937465667725,1.0530784434834197
1.8512225151062012,1.8139760494232178,1.9044592380523682,0.7589118923979735
1.6754882335662842,1.7157316207885742,1.3175849914550781,1.6989700043360187
1.310057282447815,1.1624910831451416,1.1011775732040405,1.5228787409373927
2.4001522064208984,2.2936830520629883,2.3529393672943115,1.9159272116971158
0.6411849856376648,0.550752580165863,0.5040066838264465,0.8860566650649422
0.5601028800010681,0.6220664381980896,0.5868430733680725,0.7958800173440752
0.488930881023407,0.4775611460208893,0.36443081498146057,1.1549019512998535
0.48729291558265686,0.6475892663002014,0.5307878851890564,1.221848758302246
0.6063833832740784,0.6526201963424683,0.4564187824726105,1.5228787409373927
1.3267196416854858,1.2671819925308228,1.1952061653137207,1.6989700043360187
1.4195835590362549,1.3733174800872803,1.3116791248321533,2.0
1.620863914489746,1.7351006269454956,1.5387637615203857,1.7781512503836436
1.2373164892196655,1.1191644668579102,1.083449125289917,0.8538719556358723
0.6797754764556885,0.7050140500068665,0.5925343632698059,0.7075701760979364
2.1305181980133057,2.2644309997558594,2.3165905475616455,3.6127838567197355
1.9024248123168945,1.8625941276550293,1.8013430833816528,2.103803720955957
2.489778995513916,2.5043535232543945,2.688663959503174,2.5440680443502757
1.1207176446914673,1.0234013795852661,1.1659561395645142,1.2405492482825997
1.1741501092910767,0.9789612293243408,1.0677040815353394,1.1549019512998535
0.8364434242248535,1.0218145847320557,0.8943731784820557,1.625312461253012
1.3805358409881592,1.3921622037887573,1.3692480325698853,0.9586073104988301
0.599306046962738,0.7497325539588928,0.7622309923171997,0.8450980400142568
0.8143572211265564,0.8962032794952393,0.7774873375892639,1.6954816764901974
1.5214178562164307,1.5596994161605835,1.5329526662826538,0.7958800173440752
0.9146652221679688,0.7446474432945251,0.7083224058151245,0.7075701760979364
0.851491391658783,1.3889304399490356,0.7166422605514526,0.7695510829646709
1.1211953163146973,1.5891914367675781,1.058199405670166,0.7160033436347992
0.20783917605876923,0.8942899107933044,0.6631798148155212,1.6020599913279625
2.016361951828003,1.6650402545928955,1.87264883518219,1.0759117614827776
1.6521117687225342,1.7322711944580078,1.7967429161071777,2.6541187604979295
1.999921202659607,2.0154621601104736,1.9260166883468628,1.1532049000842843
1.7804611921310425,1.8420201539993286,1.8263840675354004,1.0982975364946976
2.0775833129882812,1.9617948532104492,1.994387149810791,1.5273720828276118
2.186828374862671,1.9543840885162354,2.0593693256378174,1.5843312243675307
2.0316882133483887,1.9837017059326172,1.8413790464401245,1.5443161417474274
1.9081356525421143,1.7474266290664673,1.8611457347869873,3.070942474030112
1.9338566064834595,1.9339226484298706,2.092763900756836,2.1219863790508384
1.8694955110549927,1.7731757164001465,2.0525662899017334,2.43539838026736
2.005889654159546,2.237569808959961,2.0540499687194824,2.608675764480902
1.9490045309066772,1.9067769050598145,1.8563586473464966,3.2004565007517085
2.0092926025390625,2.2500784397125244,2.1800649166107178,2.8519428931916573
2.366020679473877,2.497804880142212,2.2238242626190186,3.2917661058877763
2.0851123332977295,1.9328845739364624,1.967041015625,1.7481880270062005
2.061363935470581,1.9103277921676636,1.995965838432312,1.6901960800285136
2.1249001026153564,1.9914844036102295,2.1475272178649902,1.5797835966168101
2.6417768001556396,2.4883806705474854,2.554678201675415,2.6627578316815743
2.64473557472229,2.663302421569824,2.706974506378174,1.9030899869919435
2.7063076496124268,2.567176342010498,2.5476157665252686,2.6434526764861874
2.5358526706695557,2.718672513961792,2.704025983810425,1.845098040014257
2.7976653575897217,2.7983224391937256,2.8086812496185303,2.6020599913279625
2.7557060718536377,2.7209765911102295,2.6712498664855957,2.6020599913279625
2.8363587856292725,2.644195318222046,2.678910970687866,1.7160033436347992
2.6925079822540283,2.8541688919067383,2.7240631580352783,2.6434526764861874
2.7159194946289062,2.7141811847686768,2.645583391189575,1.6812412373755872
2.7228825092315674,2.8257369995117188,2.7521536350250244,2.681241237375587
3.0183215141296387,2.8331949710845947,2.8425798416137695,1.5563025007672873
2.1476707458496094,2.3568456172943115,2.252957582473755,0.7611758131557314
2.262270212173462,2.2824854850769043,2.4409213066101074,1.6645479622465467
2.4495437145233154,2.4308969974517822,2.4232866764068604,2.1038721084030554
2.4755399227142334,2.236194610595703,2.3613386154174805,2.861821058126627
2.685187816619873,2.5324594974517822,2.741248846054077,3.33894430279097
2.598942995071411,2.572333335876465,2.573192596435547,3.4985283357730985
2.572911500930786,2.8759424686431885,2.6517748832702637,3.3674155625246405
2.6709649562835693,2.6024911403656006,2.7863097190856934,3.333674942312747
2.7691972255706787,2.7850475311279297,2.891934394836426,3.146128035678238
2.77919602394104,2.490246534347534,2.787773370742798,3.0
2.662792444229126,2.4963724613189697,2.6197407245635986,2.8808135922807914
2.527167320251465,2.2763009071350098,2.4788761138916016,2.8258413877277757
2.7699673175811768,2.7295563220977783,2.5939457416534424,2.6989700043360187
2.5916335582733154,2.793523073196411,2.4388601779937744,2.6700787846043186
2.2746055126190186,2.4495794773101807,2.343738317489624,2.012837224705172
2.463918447494507,2.572324514389038,2.3306725025177,2.4471580313422194
2.6194303035736084,2.481339931488037,2.5682106018066406,2.791690649020118
1.562495470046997,1.4716575145721436,1.8124502897262573,1.4771212547196624
1.5162681341171265,1.1820199489593506,1.730913758277893,1.1760912590556813
1.878723382949829,2.018963575363159,1.8675929307937622,3.1245042248342823
2.1061084270477295,2.078918218612671,2.041936159133911,2.902546779313991
1.867116093635559,1.8376492261886597,1.974162220954895,2.6020599913279625
2.0247128009796143,2.177135467529297,2.0561583042144775,2.5550944485783194
2.2448649406433105,2.0938127040863037,1.892267107963562,2.9684829485539352
2.1544694900512695,2.2931325435638428,2.066627025604248,2.851869600729766
2.019249677658081,1.8812624216079712,1.8415971994400024,2.550228353055094
2.0981063842773438,2.1907339096069336,2.214416265487671,2.507855871695831
2.047551155090332,2.0033445358276367,1.8267498016357422,2.870403905279027
2.0532283782958984,2.05065655708313,2.1040003299713135,2.814913181275074
1.701981782913208,1.782539963722229,1.9271695613861084,2.5327543789924976
2.1479837894439697,2.175630569458008,2.0960397720336914,2.45484486000851
2.2394392490386963,2.1489410400390625,2.049283027648926,2.862131379313037
2.1148810386657715,2.140516519546509,2.2073919773101807,2.795184589682424
1.8552368879318237,1.9240081310272217,1.9535149335861206,2.506505032404872
2.2497565746307373,2.2432196140289307,2.091221809387207,2.450249108319361
2.1942546367645264,2.044699192047119,2.1225974559783936,1.1583624920952498
2.0498855113983154,2.176128625869751,2.2684528827667236,1.4548448600085102
2.3370516300201416,2.2056884765625,2.3613290786743164,1.6946051989335686
2.3057713508605957,2.214172840118408,2.1798095703125,1.9822712330395684
2.373157262802124,2.2423624992370605,2.269465684890747,3.555215405126073
1.302997350692749,1.3961948156356812,1.1948424577713013,0.9208187365805955
2.151155471801758,2.12843656539917,2.081106424331665,2.2329961103921536
2.171454906463623,2.183899164199829,2.106574058532715,2.0203612826477078
2.412529706954956,2.1452341079711914,2.134448289871216,1.8627275283179747
2.370190382003784,2.4708895683288574,2.341125965118408,2.625312450961674
1.970836877822876,1.940483808517456,2.0862741470336914,2.3242824552976926
1.8332397937774658,1.9702050685882568,1.732173204421997,2.6138418218760693
2.0012731552124023,1.7482465505599976,2.1011695861816406,2.8915374576725643
1.5676013231277466,1.5945855379104614,1.6327601671218872,1.0
1.3852087259292603,1.424450397491455,1.485350489616394,0.6020599913279624
1.6149885654449463,1.6906834840774536,1.8378273248672485,1.3010299956639813
1.4002467393875122,1.504189372062683,1.5542538166046143,0.9030899869919435
1.8502744436264038,1.8279705047607422,1.611008882522583,1.4771212547196624
1.5000466108322144,1.5830339193344116,1.5830997228622437,1.041392685158225
1.8474922180175781,1.8801711797714233,1.711680293083191,1.6989700043360187
1.6329225301742554,1.398436188697815,1.5497945547103882,1.4913616938342726
2.6550042629241943,2.5309066772460938,2.6894075870513916,3.118595365223762
2.4486095905303955,2.4513354301452637,2.5528903007507324,2.786041210242554
2.000410795211792,2.036180257797241,1.9765734672546387,1.8808135922807914
1.8241697549819946,1.7984554767608643,1.7638719081878662,1.7075701760979363
2.6410489082336426,2.6410067081451416,2.6755452156066895,2.7745169657285498
2.544163942337036,2.3785030841827393,2.6817564964294434,2.5415792439465807
2.558274269104004,2.349181890487671,2.3894102573394775,2.285557309007774
2.320838689804077,2.378596544265747,2.400402545928955,2.143014800254095
2.0872881412506104,2.084585428237915,1.901574730873108,1.7403626894942439
1.8049662113189697,1.8925057649612427,1.8174799680709839,1.5563025007672873
2.6226654052734375,2.6994469165802,2.6566481590270996,2.3364597338485296
2.5224826335906982,2.586066246032715,2.6482667922973633,2.1583624920952498
2.5049867630004883,2.308598756790161,2.4101781845092773,2.0453229787866576
2.334998607635498,2.2084767818450928,2.25673770904541,1.9030899869919435
2.092529058456421,2.029376983642578,1.921560525894165,1.5563025007672873
1.7491589784622192,1.746015191078186,1.712546467781067,1.3010299956639813
2.5910258293151855,2.3403167724609375,2.3801701068878174,1.7403626894942439
2.2303307056427,2.5367538928985596,2.467214345932007,1.6020599913279625
2.131964921951294,2.065202474594116,1.9613503217697144,1.3617278360175928
1.8109649419784546,1.901861310005188,1.7850102186203003,1.146128035678238
0.7312711477279663,0.5809046626091003,0.7278035879135132,3.9537596917332287
1.8706556558609009,2.118528127670288,2.0869641304016113,3.173186268412274
1.7701194286346436,2.099294900894165,2.0291740894317627,2.8692317197309762
1.545605182647705,1.8117913007736206,1.6773276329040527,1.9084850188786497
1.3017085790634155,1.1332817077636719,1.3006995916366577,1.146128035678238
2.297969341278076,2.3378336429595947,2.416686773300171,3.2801228963023075
2.6561663150787354,2.556610107421875,2.46537709236145,2.0086001717619175
2.5701584815979004,2.6082398891448975,2.5585381984710693,1.9822712330395684
2.7606334686279297,2.782994031906128,2.820554256439209,1.9542425094393248
2.8020997047424316,2.6749167442321777,2.8421130180358887,1.8976270912904414
2.3504607677459717,2.4566380977630615,2.3920533657073975,1.8260748027008264
1.91331148147583,1.8936026096343994,1.9538596868515015,1.4913616938342726
2.168691635131836,2.160728693008423,2.0074517726898193,1.3979400086720377
1.870790719985962,1.9384361505508423,1.705883264541626,1.2787536009528289
2.322427272796631,2.4135451316833496,2.444519519805908,2.82865989653532
2.550321578979492,2.6170318126678467,2.644681930541992,2.5514499979728753
2.5415308475494385,2.4372434616088867,2.5913541316986084,2.3541084391474008
2.7236006259918213,2.716050386428833,2.7435367107391357,2.285557309007774
2.8592944145202637,2.761415719985962,2.8099331855773926,2.1583624920952498
2.6187314987182617,2.429046154022217,2.4983160495758057,2.0681858617461617
2.01892352104187,1.9328423738479614,2.0080971717834473,1.8512583487190752
2.095320463180542,2.0674262046813965,2.0836899280548096,1.5797835966168101
1.9316356182098389,1.939445972442627,1.8712213039398193,1.462397997898956
2.52038311958313,2.498072385787964,2.411266326904297,2.9689496809813427
2.606027126312256,2.6879336833953857,2.701796054840088,2.797959643737196
2.7826483249664307,2.8576433658599854,2.7908096313476562,2.6414741105040993
2.773447036743164,2.8457562923431396,2.88484525680542,2.5390760987927767
2.423302412033081,2.48234486579895,2.4000084400177,2.513217600067939
2.4322943687438965,2.468043327331543,2.549372673034668,2.4149733479708178
1.9505239725112915,1.9958523511886597,1.9120025634765625,2.1492191126553797
2.2680230140686035,2.186859607696533,2.0910303592681885,1.9294189257142929
1.7989791631698608,1.9746681451797485,1.815794825553894,1.7323937598229686
2.4498395919799805,2.6176435947418213,2.636619806289673,3.425371166438941
2.498605966567993,2.615936279296875,2.5714852809906006,3.370883016777606
2.8877718448638916,2.90960955619812,2.9309258460998535,3.278982116865443
2.8712289333343506,3.0600838661193848,2.8150603771209717,3.0565237240791006
2.5655131340026855,2.5290019512176514,2.5714097023010254,2.6693168805661123
1.930935025215149,1.8817005157470703,1.9922159910202026,2.416640507338281
2.3231027126312256,2.2112491130828857,2.2546918392181396,2.2764618041732443
2.5640904903411865,2.46820330619812,2.5631513595581055,2.143014800254095
1.9455177783966064,1.8406612873077393,1.8813422918319702,1.9731278535996986
2.6856579780578613,2.642838954925537,2.5920486450195312,3.6137361412618714
3.1311137676239014,2.882559299468994,3.000241279602051,2.840106094456758
2.6970720291137695,2.76977276802063,2.83614182472229,2.629409599102719
2.1217596530914307,2.2014434337615967,2.005417823791504,2.5428254269591797
2.042848825454712,1.9657139778137207,2.1630425453186035,2.399673721481038
2.1213173866271973,2.0684380531311035,2.155033588409424,2.330413773349191
2.139160633087158,2.160395860671997,2.1270816326141357,2.2174839442139063
2.211118459701538,2.2186498641967773,2.1136772632598877,2.1172712956557644
2.916703939437866,2.8886022567749023,3.0829203128814697,3.5851221863068155
3.3823392391204834,3.466047525405884,3.281806707382202,2.7315887651867388
2.5128672122955322,2.4670498371124268,2.2851104736328125,2.531478917042255
3.2066447734832764,3.2085156440734863,3.1922945976257324,2.509202522331103
2.5493123531341553,2.356658697128296,2.3768069744110107,2.385606273598312
2.3469624519348145,2.5024969577789307,2.3013381958007812,2.2405492482825995
2.553882122039795,2.5358633995056152,2.5882890224456787,2.146128035678238
2.5777993202209473,2.5589077472686768,2.3832716941833496,2.037426497940624
2.689098596572876,2.794086217880249,2.783749580383301,3.953807997665307
2.681781053543091,2.881828546524048,2.7777819633483887,3.839729375206388
3.2053654193878174,3.1136794090270996,3.166611909866333,3.777499319590365
3.151270627975464,3.1706128120422363,3.182894229888916,3.5216610151120733
2.78672456741333,2.675481081008911,2.700272798538208,3.0644579892269186
2.2338929176330566,2.2613484859466553,2.225576639175415,2.851869600729766
2.5605685710906982,2.5211620330810547,2.378675937652588,2.814913181275074
2.1335105895996094,2.0873124599456787,2.269153118133545,2.3283796034387376
2.7668981552124023,2.8786559104919434,2.9324872493743896,1.9395192526186185
2.8766772747039795,3.0426998138427734,2.9087178707122803,3.4886916983169405
3.097867727279663,3.2051451206207275,3.2303414344787598,2.6857417386022635
2.3232192993164062,2.413407564163208,2.275320053100586,2.5211380837040362
3.111687183380127,3.1454691886901855,3.1207528114318848,2.444044795918076
2.456826686859131,2.3483529090881348,2.2697460651397705,2.3560258571931225
2.3162081241607666,2.357543706893921,2.2291886806488037,2.220108088040055
2.3180510997772217,2.4632091522216797,2.496318817138672,2.113943352306837
2.4669275283813477,2.559011936187744,2.5117201805114746,2.0043213737826426
2.9716413021087646,3.1628854274749756,3.1888012886047363,3.473194909204938
3.298091173171997,3.1570467948913574,3.09857177734375,3.2607866686549762
3.272336959838867,3.524930477142334,3.4564855098724365,2.8129133566428557
2.3289926052093506,2.6089816093444824,2.500819206237793,2.3443922736851106
2.5032448768615723,2.388638973236084,2.3718791007995605,2.5575072019056577
2.2749016284942627,2.4227845668792725,2.365011692047119,2.7671558660821804
0.4397266209125519,0.08465138077735901,0.7518378496170044,1.1613680022349748
2.1289796829223633,1.9362280368804932,2.133399486541748,1.6989700043360187
1.957998514175415,1.9011163711547852,1.9402711391448975,1.5228787409373927
1.8918222188949585,1.9037725925445557,1.979007363319397,1.6903698339638435
2.0119619369506836,1.9610357284545898,1.9114556312561035,1.8664610930195247
2.1301207542419434,2.0056350231170654,2.0099916458129883,2.0883098426358813
2.1361474990844727,2.0904035568237305,2.2203640937805176,2.423245873936808
2.3413891792297363,2.278204917907715,2.2792882919311523,1.8920946026904804
2.128579616546631,2.1425716876983643,2.2144930362701416,1.505149978319906
2.361509084701538,2.3841171264648438,2.3900442123413086,2.782915040137594
1.020275354385376,1.0480822324752808,1.005116581916809,0.8325089127062363
1.0180238485336304,0.9600605368614197,0.882158637046814,0.9822712330395684
1.0652382373809814,1.0611470937728882,0.9535101652145386,0.9822712330395684
0.9832996129989624,0.9351537227630615,0.9876046180725098,0.9800033715837464
0.8141190409660339,0.9905654191970825,0.9157703518867493,0.9777236052888477
1.0164495706558228,1.1097666025161743,1.0996019840240479,0.8920946026904804
1.0900917053222656,1.143049716949463,1.0845876932144165,0.7481880270062005
0.9323254227638245,0.9975367784500122,0.9735095500946045,0.9294189257142927
1.1115739345550537,1.0039355754852295,1.1083704233169556,0.8808135922807914
0.6459539532661438,0.7826644778251648,1.0582126379013062,0.38021124171160603
2.2851080894470215,2.1352176666259766,2.415433883666992,3.538070787043172
2.4686570167541504,2.1519851684570312,2.4331328868865967,3.4212747912103465
2.1124420166015625,1.9149545431137085,1.9840989112854004,3.2990712600274095
2.8435425758361816,2.6622843742370605,2.980278968811035,3.1734776434529945
0.29220181703567505,0.40946951508522034,0.22132448852062225,-0.6777807052660807
0.3752237558364868,0.29033148288726807,0.28657013177871704,-0.6575773191777937
0.41208958625793457,0.19403600692749023,0.3881445825099945,-0.431798275933005
0.2817436754703522,0.25028786063194275,0.3420946002006531,-0.09151498112135022
0.6221858263015747,0.7072415351867676,0.7091420292854309,0.4548448600085102
0.3103647530078888,0.32821500301361084,0.20843638479709625,0.3159703454569177
0.8182440400123596,0.8757795095443726,0.8303386569023132,0.8000293592441343
0.2886350452899933,0.3197616934776306,0.43135741353034973,0.6464037262230695
0.9934976696968079,1.0499733686447144,0.9238494634628296,1.1139433523068367
1.0442092418670654,0.8622493147850037,1.0231560468673706,1.0969100130080565
0.992809534072876,0.9163469076156616,0.8264638781547546,1.0791812460476249
1.0656450986862183,1.0711841583251953,1.1097166538238525,1.0
0.6359416842460632,0.7538524866104126,0.5704048871994019,0.9956351945975499
0.5261085629463196,0.6268478035926819,0.4429190456867218,0.964259630196849
1.3120733499526978,0.9456567168235779,1.3520156145095825,2.7403626894942437
1.6119672060012817,1.7823654413223267,1.6588647365570068,2.296665190261531
1.0996010303497314,0.9624080061912537,1.1078954935073853,2.361727836017593
1.2056457996368408,1.3255785703659058,1.059558629989624,2.342422680822206
1.0724611282348633,1.2857722043991089,1.1942131519317627,2.3010299956639813
1.027861475944519,1.0656213760375977,1.0937665700912476,0.8860566650649422
2.8053455352783203,2.9314277172088623,2.9222397804260254,3.4490153163477864
2.8980796337127686,2.9484024047851562,3.0565402507781982,3.374381698050882
2.95772123336792,3.197173833847046,2.975489616394043,2.9965116721541785
3.1638782024383545,3.1290199756622314,3.0390853881835938,2.8937617620579434
3.201049327850342,2.948767900466919,3.1040220260620117,2.7307822756663893
2.8439924716949463,2.536165475845337,2.53071665763855,2.1702617153949575
1.4053399562835693,1.4418007135391235,1.36933434009552,1.3979400086720377
1.468282699584961,1.4687541723251343,1.4830272197723389,1.3424226808222062
1.5654438734054565,1.5705071687698364,1.6228058338165283,1.2787536009528289
1.1934082508087158,1.242227554321289,1.3020336627960205,1.255272505103306
1.5189884901046753,1.5214180946350098,1.469585657119751,1.2174839442139063
1.134889006614685,1.1623876094818115,0.8636313080787659,0.5850266694009609
0.8616715669631958,1.1325894594192505,0.9976626038551331,0.8750612633917001
1.1748298406600952,1.0626277923583984,1.0676939487457275,1.1549019512998535
1.5956475734710693,1.6061627864837646,1.4917182922363281,1.1549019512998535
0.9007919430732727,0.7630499005317688,0.6512503623962402,0.9586073104988301
2.7871744632720947,2.7426652908325195,2.733132839202881,2.806179973983887
2.762004852294922,2.7406299114227295,2.6513545513153076,2.792391689498254
2.6956067085266113,2.7755980491638184,2.704570770263672,2.7781512503836434
2.6505956649780273,2.6558642387390137,2.6010141372680664,2.7781512503836434
2.82089900970459,2.8771121501922607,2.804110527038574,2.7781512503836434
2.581677198410034,2.711866855621338,2.6430130004882812,2.7634279935629373
2.9082279205322266,2.875380754470825,2.7522919178009033,2.6989700043360187
3.0803725719451904,3.1640992164611816,3.1855950355529785,3.752893154884594
3.2660248279571533,3.4645042419433594,3.280221939086914,3.752893154884594
2.7746834754943848,2.8906729221343994,2.712010145187378,3.450557009418329
3.3998241424560547,3.464935064315796,3.3466198444366455,3.752893154884594
3.148604393005371,3.5189406871795654,3.305776834487915,3.4514794051248616
2.802168846130371,3.0289478302001953,3.0547935962677,3.3334472744967503
1.4113496541976929,1.1163634061813354,1.385791540145874,1.3424226808222062
1.6955779790878296,1.6416269540786743,1.7803857326507568,1.3222192947339193
1.7428945302963257,1.4903151988983154,1.3791598081588745,1.255272505103306
1.8400191068649292,1.4834123849868774,1.6068426370620728,1.221848758302246
1.1250982284545898,1.1196380853652954,1.0720754861831665,1.3979400086720377
1.221480131149292,1.4705337285995483,1.4724446535110474,1.3521825181113625
1.1084867715835571,1.086037278175354,1.0978342294692993,1.2430380486862944
1.2892929315567017,1.3007798194885254,1.3152220249176025,1.221848758302246
1.1511995792388916,1.0954645872116089,1.0716463327407837,1.4393326938302626
1.2871581315994263,1.5445669889450073,1.5616159439086914,1.380211241711606
1.1857566833496094,1.1874409914016724,1.153944730758667,1.2304489213782739
1.3186322450637817,1.273501992225647,1.4075419902801514,1.221848758302246
1.0769450664520264,1.13666832447052,1.0128052234649658,1.4771212547196624
1.4800496101379395,1.4791885614395142,1.2736769914627075,1.3979400086720377
1.2849513292312622,1.1788277626037598,1.1354390382766724,1.221848758302246
1.0649659633636475,1.058645248413086,1.2911795377731323,1.2041199826559248
1.2933672666549683,1.3544933795928955,1.391476035118103,1.1549019512998535
0.8490269780158997,0.6455686092376709,0.6302688717842102,0.6020599913279624
0.9314719438552856,1.1026933193206787,0.8438968062400818,-0.22184874961635637
2.4369051456451416,2.4880616664886475,2.519773006439209,2.832508912706236
2.0889787673950195,1.879917860031128,2.032341480255127,2.814913181275074
1.49628746509552,1.249576449394226,1.372362494468689,2.12057393120585
1.896795392036438,2.0120248794555664,1.9247325658798218,2.694605198933569
1.6350396871566772,1.7043324708938599,1.7292709350585938,1.7075701760979363
1.7787941694259644,1.9451431035995483,1.8113651275634766,1.3979400086720377
1.657418131828308,1.6128571033477783,1.7193061113357544,1.3010299956639813
1.4233791828155518,1.2830551862716675,1.395387887954712,0.8450980400142568
1.767898440361023,1.7363933324813843,1.842600703239441,1.9242792860618816
1.8378971815109253,1.975354552268982,1.9275678396224976,1.6532125137753437
1.8382089138031006,1.69841468334198,1.8883885145187378,1.4313637641589874
1.4178671836853027,1.331527590751648,1.5270906686782837,0.9542425094393249
1.7896052598953247,1.7779340744018555,1.8079860210418701,2.167317334748176
1.7861721515655518,1.886696219444275,1.9348756074905396,1.919078092376074
1.9712021350860596,1.8139762878417969,1.877203106880188,1.6812412373755872
1.58112370967865,1.423779845237732,1.454691767692566,1.0791812460476249
1.8322843313217163,1.8653579950332642,1.8670135736465454,2.7067177823367587
1.8649240732192993,1.9227079153060913,1.9376682043075562,2.155336037465062
1.8767064809799194,1.8981682062149048,1.9158332347869873,2.0293837776852097
1.5251444578170776,1.5530540943145752,1.6170539855957031,1.505149978319906
2.016230821609497,1.9496409893035889,2.0643985271453857,3.227629649571009
2.024967670440674,2.0786242485046387,2.068127393722534,2.745855195173729
1.9541659355163574,2.0894699096679688,2.0280370712280273,2.361727836017593
1.6200432777404785,1.682192325592041,1.5886904001235962,1.7708520116421442
2.0121572017669678,2.1460750102996826,1.9765483140945435,2.841359470454855
2.189431667327881,2.2121474742889404,2.123063564300537,2.367355921026019
2.0472354888916016,2.2178120613098145,2.0350334644317627,2.2810333672477277
1.9124510288238525,1.6678004264831543,1.8465378284454346,1.5563025007672873
2.018550157546997,2.154088258743286,2.070732831954956,2.4927603890268375
2.0535943508148193,2.1699059009552,2.039612054824829,2.187520720836463
2.148449182510376,2.0491597652435303,2.0753445625305176,2.130333768495006
1.7765923738479614,1.8064783811569214,1.7335864305496216,1.3010299956639813
1.7188283205032349,1.9684911966323853,1.859496831893921,1.568201724066995
1.969470739364624,1.8287487030029297,1.861678957939148,1.6434526666158582
1.8156154155731201,1.821136474609375,1.9041883945465088,1.8129133700057625
1.8519843816757202,1.9125412702560425,1.8703761100769043,1.75587484805329
2.078946113586426,1.9758055210113525,2.0391478538513184,1.6989700043360187
1.8700975179672241,1.9365899562835693,1.842756986618042,1.5910645958907432
1.7233484983444214,1.785584807395935,1.9655017852783203,1.3010299956639813
2.113105058670044,1.9488614797592163,1.9619907140731812,1.6020599913279625
1.6985933780670166,1.969844937324524,2.0062522888183594,1.5563025007672873
1.0752778053283691,1.1101163625717163,1.0741219520568848,1.5563025007672873
1.4634758234024048,1.5168521404266357,1.4895488023757935,1.462397997898956
1.6036731004714966,1.5126605033874512,1.5650699138641357,1.4771212547196624
1.3156529664993286,1.4543112516403198,1.387804627418518,1.4913616938342726
1.4702677726745605,1.3625420331954956,1.3204785585403442,1.6989700043360187
1.3770172595977783,1.464285969734192,1.541475534439087,1.6812412373755872
1.508897304534912,1.519065260887146,1.5502358675003052,1.6334684555795866
1.3980472087860107,1.5937410593032837,1.5400317907333374,1.5563025007672873
1.7843769788742065,1.8974412679672241,1.9871490001678467,1.505149978319906
1.346781611442566,1.5617295503616333,1.65176260471344,1.3424226808222062
1.8306059837341309,1.7952991724014282,1.8511884212493896,1.5185139398778875
1.4594917297363281,1.4684511423110962,1.598828911781311,1.0
0.9031493663787842,1.2852152585983276,1.276870846748352,1.187520720836463
1.123482584953308,1.0571517944335938,1.2517259120941162,1.1139433523068367
0.8519895076751709,0.8746602535247803,0.7603343725204468,1.021189299069938
0.8626204133033752,0.880354106426239,0.9953020811080933,1.1760912590556813
0.9101099371910095,0.9332131743431091,0.9408541321754456,1.146128035678238
0.9025113582611084,0.9070411920547485,0.7959375381469727,1.1139433523068367
1.0455950498580933,1.0150097608566284,1.081997275352478,0.9542425094393249
0.9173233509063721,0.7514945268630981,0.9029666781425476,1.5314789170422551
0.5632529854774475,0.9366702437400818,0.8439968824386597,1.5228787409373927
2.1419382095336914,2.0319864749908447,2.012751340866089,1.9542425094393248
1.3572139739990234,1.3926022052764893,1.3986643552780151,1.5831987739686226
1.3805955648422241,1.3991762399673462,1.4855434894561768,1.3617278360175928
1.3895221948623657,1.4509472846984863,1.389033317565918,1.3263358609287514
1.226563572883606,1.1359484195709229,1.2543721199035645,1.2810333672477277
1.1552696228027344,1.0969327688217163,1.2351323366165161,1.221848758302246
0.911024272441864,0.9770940542221069,1.202824354171753,1.1549019512998535
0.46708348393440247,0.5394821166992188,0.45004045963287354,1.1139433523068367
1.4451987743377686,1.26356041431427,1.4597840309143066,1.0969100130080565
1.157487154006958,1.1446233987808228,1.237165927886963,0.9777236052888477
0.42839160561561584,0.34989216923713684,0.4818442463874817,0.9777236052888477
0.38342732191085815,0.42309847474098206,0.2666323482990265,0.8860566650649422
0.8774488568305969,0.9439400434494019,0.964585542678833,0.8860566650649422
1.3093791007995605,1.2127768993377686,1.35109281539917,1.568201724066995
1.3835126161575317,1.4467397928237915,1.5019465684890747,1.568201724066995
1.3061619997024536,1.3991285562515259,1.4414031505584717,1.462397997898956
1.528660774230957,1.3397259712219238,1.351454496383667,1.3424226808222062
1.1520695686340332,1.151848316192627,1.1677120923995972,1.146128035678238
1.2590126991271973,1.08754301071167,1.226852297782898,1.3424226808222062
1.2102524042129517,1.1951411962509155,1.218457579612732,1.3010299956639813
1.1367048025131226,1.2299623489379883,1.1281365156173706,1.2787536009528289
1.263447880744934,1.3235032558441162,1.058748722076416,1.0
1.0288760662078857,1.1580777168273926,1.1653602123260498,0.7781512503836436
0.8775714635848999,0.7431437969207764,0.8920110464096069,1.414973347970818
1.0949898958206177,1.0578489303588867,0.9387246370315552,0.9542425094393249
1.1045341491699219,1.181125283241272,1.3076200485229492,0.9030899869919435
1.220164179801941,1.2280899286270142,1.1326781511306763,0.47712125471966244
1.0710067749023438,1.0520786046981812,0.9631583094596863,0.3010299956639812
1.56821870803833,1.6534768342971802,1.5160449743270874,0.47712125471966244
1.7489830255508423,1.678283929824829,1.83364737033844,2.0
1.3494768142700195,1.4708116054534912,1.3671355247497559,1.6989700043360187
1.3698238134384155,1.6232372522354126,1.8652522563934326,1.5228787409373927
1.7271183729171753,1.8996220827102661,1.846173644065857,2.0
1.8045680522918701,1.690287709236145,1.6422663927078247,1.6989700043360187
1.5137051343917847,1.3770071268081665,1.455346703529358,1.6989700043360187
1.6852840185165405,1.842529535293579,1.7402491569519043,2.0
1.9244574308395386,1.8865330219268799,1.8632985353469849,2.0
1.5029754638671875,1.4970842599868774,1.526178002357483,1.6989700043360187
0.8516021966934204,0.9282873272895813,1.0246729850769043,2.0
0.9483100771903992,1.0247756242752075,1.125191569328308,2.0
0.9187825322151184,0.9319872856140137,0.9988819360733032,2.0
0.9461989402770996,1.0820403099060059,1.066473126411438,2.0
0.9427399039268494,0.8859041929244995,0.8324238657951355,0.9542425094393249
1.3705066442489624,1.2881287336349487,1.260657787322998,0.6989700043360189
1.1211555004119873,1.3808397054672241,1.2844994068145752,1.0
1.0121126174926758,1.1700913906097412,0.9189303517341614,0.7481880270062005
1.263474464416504,1.2503844499588013,1.2100069522857666,1.6989700043360187
0.9781301021575928,1.088525414466858,0.9475749135017395,0.7403626894942439
1.1729320287704468,1.3340089321136475,1.3636237382888794,2.0969100130080562
1.2005443572998047,1.2328979969024658,1.0905539989471436,0.8750612633917001
1.6688240766525269,1.3363631963729858,1.620487093925476,2.0969100130080562
1.3456164598464966,1.5205923318862915,1.3509187698364258,1.0
1.7136269807815552,1.7335125207901,1.7493404150009155,0.3010299956639812
1.7406507730484009,1.6929497718811035,1.6147692203521729,1.0
1.693069577217102,1.6864070892333984,1.6482998132705688,1.3010299956639813
1.6946027278900146,1.655268907546997,1.7119559049606323,1.9542425094393248
2.1679649353027344,1.9720290899276733,1.967599630355835,2.6989700043360187
2.2074437141418457,2.2772347927093506,2.1922950744628906,3.0398105541483504
2.4682459831237793,2.3978941440582275,2.4595725536346436,2.9565237915936438
2.204191207885742,2.249739170074463,2.0658438205718994,2.70687133673295
2.5329763889312744,2.6891040802001953,2.592081308364868,3.076086756743291
2.298295259475708,2.1590840816497803,2.241274356842041,2.814274238747904
2.5410497188568115,2.5014939308166504,2.7840635776519775,3.3586960995738107
2.3608362674713135,2.335552453994751,2.3402533531188965,2.78801273285574
2.4590935707092285,2.482515573501587,2.550126552581787,2.462368045522524
2.880938768386841,2.809504985809326,2.681232452392578,3.20652095363069
2.4823832511901855,2.3869211673736572,2.5230026245117188,2.8374369137301994
2.5145556926727295,2.5656330585479736,2.3951032161712646,2.741939077729199
2.526431083679199,2.5461673736572266,2.5549557209014893,3.0
2.5266616344451904,2.5812838077545166,2.4474828243255615,2.9354820739988465
3.0768401622772217,2.899472236633301,3.0873618125915527,3.141305507230986
2.7778725624084473,2.688962459564209,2.6591103076934814,2.7483431044875495
2.295156955718994,2.3585808277130127,2.2812540531158447,2.8609366207000937
2.1574618816375732,2.448864221572876,2.0831620693206787,2.530711837981657
2.866889476776123,2.340132236480713,2.097393751144409,2.373095987078727
2.146117687225342,2.1411590576171875,2.5147488117218018,2.2641091563058082
1.1716980934143066,0.9857017993927002,1.1546173095703125,1.5228787409373927
1.1119903326034546,1.1720627546310425,1.0795979499816895,1.1549019512998535
1.2414261102676392,0.8501939177513123,1.0094389915466309,1.0
0.656481146812439,0.6559803485870361,0.8945037126541138,0.7695510829646709
1.3216636180877686,1.1502314805984497,1.3520703315734863,1.6989700043360187
1.0058672428131104,1.029273509979248,0.9073396921157837,1.3010299956639813
1.1681958436965942,1.037724494934082,1.1444734334945679,1.221848758302246
0.8862085342407227,0.7543140053749084,0.797118067741394,0.8860566650649422
0.8406460881233215,0.6277939677238464,0.7124865055084229,1.221848758302246
0.8867998719215393,0.8785610795021057,0.828471839427948,1.1549019512998535
0.9538501501083374,0.9751198291778564,0.8106067180633545,1.0969100130080565
1.0584057569503784,1.0103787183761597,0.920787513256073,1.0
0.8607375621795654,0.9660441875457764,0.9015113711357117,0.9586073104988301
0.8409376740455627,0.7960773706436157,0.7121703624725342,1.221848758302246
0.8323753476142883,0.8582553267478943,0.9967475533485413,1.0969100130080565
0.8749443292617798,0.8500150442123413,0.8673349618911743,1.0457574862177303
0.9262899160385132,0.9879781603813171,0.9930698871612549,1.0
0.98131263256073,0.749360978603363,0.9430875182151794,0.9208187365805955
0.8831519484519958,0.8839396834373474,0.7754027247428894,1.1549019512998535
0.8927289247512817,1.0222347974777222,0.9061014652252197,1.0969100130080565
0.9851169586181641,1.0018107891082764,0.9794559478759766,1.0457574862177303
0.8429964184761047,0.9651258587837219,0.9070038199424744,0.9586073104988301
1.0864754915237427,1.0316909551620483,1.0798612833023071,0.9586073104988301
1.384361743927002,1.385606050491333,1.413047194480896,1.6384892569546374
1.433700442314148,1.4150562286376953,1.3307223320007324,1.6334684555795866
1.531076192855835,1.5120295286178589,1.465531826019287,1.6232492903979006
1.3561251163482666,1.3880524635314941,1.4020897150039673,1.579783608045612
1.7353230714797974,1.563521146774292,1.7075190544128418,1.5563025007672873
1.8890522718429565,1.7050093412399292,1.7952626943588257,2.0170333392987803
1.868661880493164,1.9738380908966064,2.11303448677063,2.103803720955957
1.881923794746399,2.1726784706115723,1.9850798845291138,2.2095150145426308
2.1069042682647705,2.3623671531677246,2.35916805267334,2.3873898263387296
1.9450314044952393,1.7395542860031128,1.842352032661438,1.6720978579357175
2.144561529159546,2.121758460998535,2.2520041465759277,1.4771212547196624
1.9458738565444946,1.9433581829071045,2.01889705657959,0.9030899869919435
2.4607982635498047,2.3357059955596924,2.4863390922546387,1.7781512503836436
2.724245309829712,2.782744884490967,2.690114736557007,2.2174839442139063
2.3418805599212646,2.2535271644592285,2.3189587593078613,2.204119982655925
-0.19682738184928894,0.09122896194458008,0.1254081279039383,0.09691001300805642
0.048989731818437576,0.040333330631256104,-0.06593558937311172,0.3010299956639812
0.26056140661239624,0.1396726667881012,0.10425416380167007,0.47712125471966244
0.14777164161205292,0.10749468207359314,0.08810978382825851,0.47712125471966244
0.22655363380908966,0.19518229365348816,0.13747532665729523,0.4623979978989561
0.3143026828765869,0.3465530574321747,0.3118179440498352,0.8129133566428556
0.8038271069526672,0.9800828695297241,1.0867047309875488,0.9586073104988301
0.8724753856658936,0.7527039647102356,0.6208454370498657,0.9777236052888477
0.7699021100997925,0.7554579377174377,0.7712568640708923,1.0
0.8672332763671875,0.8338321447372437,0.8186226487159729,1.0
0.7954122424125671,0.8683977127075195,0.9284452199935913,0.9586073104988301
0.8169873952865601,0.9572516679763794,0.7961174845695496,0.9586073104988301
0.8127653002738953,1.0280373096466064,0.8426977396011353,0.9586073104988301
0.7180766463279724,0.8123310208320618,0.7387431859970093,1.0530784434834197
1.8761752843856812,1.7531033754348755,1.802452802658081,1.041392685158225
1.5028072595596313,1.2319200038909912,1.1141197681427002,0.13353890837021754
1.7338777780532837,1.7813948392868042,1.877978801727295,1.2151085810530933
0.8583949208259583,1.0082316398620605,0.9769117832183838,0.7339992865383869
1.5134027004241943,1.5990246534347534,1.8595292568206787,1.4581844355702627
1.1451729536056519,1.0340074300765991,1.2150905132293701,0.7339992865383869
1.471642255783081,1.723758339881897,1.8327468633651733,1.948950610245548
1.6257834434509277,1.1562111377716064,1.2316431999206543,0.9100905455940682
1.6018465757369995,1.7100331783294678,1.6469974517822266,2.232919911693493
1.2581977844238281,1.0606588125228882,1.0782607793807983,1.0350292822023681
1.907668113708496,1.9404059648513794,1.5521633625030518,2.4260555824839303
1.150063395500183,1.3575057983398438,1.410676121711731,1.2460059040760292
1.9727791547775269,1.8167906999588013,1.7111228704452515,2.503368436197436
1.2339727878570557,1.4295856952667236,1.3843327760696411,1.5122840632818535
2.101238489151001,2.340493679046631,2.024592876434326,2.583176094813449
0.6325209736824036,0.7573775053024292,0.9317343831062317,0.6812412373755872
0.9862381219863892,0.9575515389442444,1.1010944843292236,0.7481880270062005
0.7342002987861633,0.5984399318695068,0.7043406963348389,0.9294189257142927
0.6939553618431091,0.7331801652908325,0.4707353413105011,0.5910646070264992
0.6656160354614258,0.612578272819519,0.8723474740982056,0.414973347970818
0.6313118934631348,0.6888514161109924,0.7127254009246826,0.43136376415898736
0.6524122953414917,0.7492730021476746,0.6057050824165344,1.1038037209559568
0.9602662324905396,1.0441721677780151,1.1762197017669678,0.9294189257142927
0.8616275787353516,0.7214291095733643,0.9493410587310791,0.8195439355418687
2.7772579193115234,2.8338983058929443,2.7173912525177,2.091139153825755
1.5410747528076172,1.5546443462371826,1.4771952629089355,1.7664128471123994
1.6033012866973877,1.654866099357605,1.5202722549438477,1.1271047983648077
2.186760425567627,2.0408146381378174,1.9579724073410034,1.5440680443502757
0.7890298366546631,0.8421990275382996,0.7225990891456604,0.9731278535996987
0.8832640051841736,1.0790177583694458,1.100520372390747,2.342422680822206
2.299520254135132,2.2730965614318848,2.2903451919555664,1.6020599913279625
2.385526657104492,2.17911434173584,2.362379312515259,2.342422680822206
2.333721876144409,2.301025390625,2.448042869567871,2.6989700043360187
2.6158242225646973,2.6661128997802734,2.598050355911255,2.9030899869919438
2.804377317428589,2.8759517669677734,2.7792162895202637,2.3010299956639813
2.1904921531677246,1.9300135374069214,1.599367380142212,2.495821753385906
2.2394161224365234,2.3119187355041504,2.295530080795288,2.6532125137753435
2.3044097423553467,2.242781639099121,2.2544679641723633,2.7781512503836434
2.2515604496002197,2.158437728881836,2.1187899112701416,2.7781512503836434
2.2799463272094727,2.1434457302093506,2.4289135932922363,2.716003343634799
2.2203338146209717,2.159888505935669,2.346107244491577,2.6627578316815743
2.2795443534851074,2.2765016555786133,2.2308425903320312,2.5440680443502757
2.1557188034057617,2.100832223892212,1.9873188734054565,2.3010299956639813
2.3220155239105225,2.3066341876983643,2.1305248737335205,2.845098040014257
2.334085702896118,2.3566267490386963,2.3091442584991455,2.8512583487190755
2.3008317947387695,2.2423412799835205,2.3883845806121826,2.8756399370041685
3.177825450897217,3.070124864578247,3.1975631713867188,3.3010299956639813
2.9732980728149414,3.129551887512207,3.2939765453338623,3.845098040014257
3.1501693725585938,2.9542250633239746,3.1018266677856445,3.57978359661681
3.1612489223480225,3.2645254135131836,3.242985248565674,3.4471580313422194
1.7131730318069458,1.504921555519104,1.5632460117340088,2.3010299956639813
1.582617998123169,1.6994696855545044,1.6312390565872192,2.1760912590556813
1.5011262893676758,1.5972317457199097,1.4088703393936157,2.0
1.7159168720245361,1.6898725032806396,1.5245354175567627,2.0
1.6567611694335938,1.6990584135055542,1.6954519748687744,1.6989700043360187
1.5122199058532715,1.5205104351043701,1.4009013175964355,1.6020599913279625
1.474708080291748,1.581741213798523,1.5966179370880127,1.6020599913279625
1.5902185440063477,1.6075258255004883,1.5551880598068237,1.591064607026499
1.698715329170227,1.717842698097229,1.5534735918045044,1.5797835966168101
1.781412959098816,1.5768307447433472,1.6078858375549316,1.568201724066995
1.6905789375305176,1.8090581893920898,1.61119544506073,1.5563025007672873
1.672236680984497,1.6865447759628296,1.7458868026733398,1.5440680443502757
0.7547879815101624,1.0295379161834717,1.1725319623947144,0.07918124604762482
0.6829054951667786,1.40602707862854,0.969488263130188,0.20411998265592482
1.0068659782409668,0.9372817873954773,1.2088524103164673,0.2304489213782739
1.0894323587417603,1.4971082210540771,0.5920518040657043,0.25527250510330607
0.8817191123962402,1.5305004119873047,1.1657098531723022,0.5440680443502757
1.3499205112457275,1.1444370746612549,1.2815581560134888,1.4771212547196624
1.3364713191986084,1.1246871948242188,1.385169506072998,1.2041199826559248
0.8422810435295105,0.8368984460830688,0.8803327083587646,0.8450980400142568
0.7523776292800903,0.971396267414093,0.8352748155593872,0.6627578316815741
0.7114131450653076,0.7554421424865723,0.5763725638389587,0.6020599913279624
0.7357132434844971,0.8161715865135193,0.9635953307151794,0.47712125471966244
2.003916025161743,1.8933494091033936,1.9250688552856445,1.2304489213782739
1.3254497051239014,1.329307198524475,1.521234154701233,1.2041199826559248
1.626386284828186,1.6175932884216309,1.317328691482544,1.1139433523068367
1.5390489101409912,1.3377363681793213,1.424220085144043,1.1139433523068367
0.9608412384986877,0.960180401802063,0.9370924830436707,0.505149978319906
2.0514824390411377,1.8637224435806274,1.9178640842437744,1.4313637641589874
1.4187195301055908,1.4692474603652954,1.4945579767227173,1.2304489213782739
1.4570534229278564,1.3888543844223022,1.5195999145507812,1.2174839442139063
1.455021858215332,1.6147305965423584,1.7863762378692627,1.1643528557844371
0.9702402353286743,0.9979768395423889,1.0045011043548584,0.5797835966168101
1.7897011041641235,1.8175166845321655,1.9566885232925415,1.568201724066995
1.4543747901916504,1.5219509601593018,1.5228337049484253,1.380211241711606
1.48200523853302,1.4816086292266846,1.4587047100067139,1.250420002308894
1.6598520278930664,1.406637191772461,1.9219990968704224,1.2148438480476977
0.9433074593544006,0.8916395306587219,1.0159355401992798,0.6989700043360189
1.924028754234314,1.9493770599365234,1.806563138961792,1.5797835966168101
1.4814412593841553,1.3602126836776733,1.5464650392532349,1.4771212547196624
1.6642189025878906,1.6445008516311646,1.7971872091293335,1.255272505103306
1.446823000907898,1.461820363998413,1.3920137882232666,1.250420002308894
0.9567679762840271,0.9641532301902771,1.0692640542984009,0.8450980400142568
1.8942365646362305,1.8721610307693481,1.784714937210083,1.6334684555795866
1.4542230367660522,1.5112119913101196,1.5306494235992432,1.4471580313422192
1.3648083209991455,1.389389157295227,1.9102964401245117,1.3010299956639813
1.361412525177002,1.4275861978530884,1.457741618156433,1.2922560713564761
0.9809220433235168,0.9296886324882507,0.9348204731941223,0.8920946026904804
2.9370815753936768,2.6440811157226562,2.444009304046631,2.6989700043360187
2.7102508544921875,2.44266676902771,2.53145170211792,3.0
2.5829286575317383,2.49501633644104,2.894473075866699,3.3979400086720375
2.6353867053985596,2.5927581787109375,2.746922492980957,3.255272505103306
2.635068893432617,2.786118984222412,2.849120616912842,3.4771212547196626
2.6449098587036133,2.4461777210235596,2.8091518878936768,3.1760912590556813
2.6563045978546143,2.9085874557495117,2.650392770767212,3.146128035678238
2.7726399898529053,2.817312002182007,2.9231059551239014,3.0791812460476247
3.0417697429656982,2.8993208408355713,2.7505626678466797,3.041392685158225
3.016098976135254,3.04824161529541,3.130359411239624,3.9030899869919438
1.4950538873672485,1.3278073072433472,1.4271576404571533,1.6989700043360187
1.6395114660263062,1.634303331375122,1.5546892881393433,1.0457574862177303
1.5777629613876343,1.5899314880371094,1.6170933246612549,2.0
1.6619577407836914,1.5136048793792725,1.5557619333267212,2.0
1.79483962059021,1.694090485572815,1.6704076528549194,1.9586073152760695
1.7437198162078857,1.7698949575424194,1.7561702728271484,1.6989700043360187
1.7120734453201294,1.6660422086715698,1.7559382915496826,1.9208187522151972
1.605184555053711,1.595028042793274,1.7419878244400024,1.6989700043360187
1.8440380096435547,1.7592432498931885,1.8225979804992676,1.3979400086720377
1.791510820388794,1.8721837997436523,1.832623839378357,1.221848758302246
2.2443578243255615,2.2226486206054688,2.378607988357544,2.57978359661681
2.208613872528076,2.1151416301727295,2.1764028072357178,2.380211241711606
2.526430606842041,2.285210371017456,2.444164276123047,2.3010299956639813
2.2940850257873535,2.1697330474853516,2.3653697967529297,2.278753600952829
2.305854082107544,2.25896954536438,2.187952756881714,2.278753600952829
2.3448386192321777,2.227999210357666,2.2373647689819336,2.278753600952829
2.2524876594543457,2.331174612045288,2.2005672454833984,2.278753600952829
2.2043724060058594,2.351102828979492,2.3530590534210205,2.3010299956639813
2.287721872329712,2.3247666358947754,2.137150764465332,2.3010299956639813
2.2823333740234375,2.300858497619629,2.2481703758239746,2.3010299956639813
2.356679677963257,2.212531566619873,2.157883405685425,2.4771212547196626
2.3184211254119873,2.1976826190948486,2.2483644485473633,2.4771212547196626
2.1886892318725586,2.161297082901001,2.2376081943511963,2.4771212547196626
2.1403439044952393,2.24405837059021,2.1842269897460938,2.845098040014257
2.3323347568511963,2.1893720626831055,2.174914836883545,2.845098040014257
2.339369773864746,2.281386375427246,2.2117652893066406,2.845098040014257
2.1694982051849365,2.252379894256592,2.334871768951416,3.0791812460476247
2.10823130607605,2.1703994274139404,2.3948729038238525,3.0791812460476247
2.2645764350891113,2.285170555114746,2.172727108001709,3.0791812460476247
1.6911898851394653,1.8101919889450073,1.4025803804397583,2.5409548089261325
1.0670862197875977,1.3317012786865234,1.1515727043151855,0.9542425094393249
1.3640466928482056,1.4641294479370117,1.1776776313781738,0.9030899869919435
1.3502163887023926,1.4803518056869507,1.440551996231079,0.6627578316815741
1.3810683488845825,1.3962682485580444,1.1969798803329468,0.38021124171160603
1.4706342220306396,1.3972314596176147,1.4549440145492554,1.4313637641589874
1.5350544452667236,1.4033911228179932,1.469301700592041,1.414973347970818
1.4469051361083984,1.3622068166732788,1.5196917057037354,1.380211241711606
1.3962645530700684,1.412530541419983,1.4216078519821167,1.3617278360175928
1.4971201419830322,1.4723018407821655,1.5639050006866455,1.255272505103306
1.3142428398132324,1.5465437173843384,1.4678337574005127,1.2304489213782739
1.3331027030944824,1.4429646730422974,1.4896925687789917,1.2041199826559248
1.412264108657837,1.532050609588623,1.3743720054626465,1.1760912590556813
1.402389407157898,1.3557987213134766,1.3438332080841064,1.041392685158225
2.771652936935425,2.7832961082458496,2.756903886795044,3.0927206446840994
2.629140853881836,2.4929213523864746,2.713730812072754,3.015778756389041
2.8553946018218994,2.9415602684020996,2.884974241256714,2.8603380065709936
2.84309983253479,2.754683256149292,2.8531899452209473,2.7481880270062002
2.4200191497802734,2.327599048614502,2.3336594104766846,2.6434526764861874
2.7103052139282227,2.82641339302063,2.868253707885742,3.0170333392987803
3.0768067836761475,3.0748672485351562,2.956508159637451,3.0073209529227447
3.171462059020996,3.1495325565338135,3.135010242462158,2.912753303671323
3.137143611907959,3.1651694774627686,3.00553822517395,2.857935264719429
2.561384677886963,2.697704792022705,2.805171251296997,2.8457180179666586
2.975189447402954,3.055938482284546,3.0514774322509766,3.0195316845312554
3.129734754562378,3.075662612915039,3.1271884441375732,2.919601023784111
3.162616491317749,3.1777007579803467,3.0496721267700195,2.8129133566428557
2.72611927986145,2.484449625015259,2.4866669178009033,2.7693773260761385
2.8407437801361084,2.6835415363311768,2.6753530502319336,3.0034605321095067
1.423691987991333,1.3869775533676147,1.4612456560134888,1.0
1.4621001482009888,1.4611210823059082,1.462108850479126,0.8450980400142568
1.4018129110336304,1.4246762990951538,1.367715835571289,0.7781512503836436
1.2905319929122925,1.3194444179534912,1.509157657623291,0.7160033436347992
1.2811453342437744,1.4396073818206787,1.3476041555404663,0.6989700043360189
1.4559671878814697,1.4689862728118896,1.3762176036834717,1.0
1.5239479541778564,1.597253680229187,1.322253942489624,1.0
1.567182183265686,1.4885666370391846,1.5552397966384888,1.0
1.6635409593582153,1.702493667602539,1.6837528944015503,1.3010299956639813
1.5801200866699219,1.5792856216430664,1.646257996559143,1.3010299956639813
1.6979396343231201,1.6307628154754639,1.7576080560684204,1.3010299956639813
1.5920675992965698,1.6656978130340576,1.5805197954177856,1.3010299956639813
1.9853686094284058,1.9193611145019531,1.8747156858444214,2.1760912590556813
1.9287375211715698,1.8947067260742188,1.7913336753845215,2.041392685158225
1.8268868923187256,1.9466536045074463,1.8485026359558105,2.041392685158225
1.8658546209335327,1.8900517225265503,1.7835098505020142,2.0
1.8966624736785889,1.7813749313354492,1.8061283826828003,3.0569048513364727
1.8803162574768066,1.7272956371307373,1.9452823400497437,2.9542425094393248
1.7962630987167358,1.904470443725586,1.8529008626937866,2.9138138523837167
1.9657213687896729,1.8614778518676758,1.8541191816329956,2.8750612633917
1.9138275384902954,1.7793246507644653,1.964621901512146,2.971275848738105
1.9467880725860596,1.9589658975601196,2.0556819438934326,1.5998830720736879
1.7951995134353638,1.3771817684173584,1.8906327486038208,2.8943160626844384
1.941898226737976,0.6534225344657898,1.7756061553955078,1.4727564493172123
1.557983636856079,1.389676570892334,1.6125530004501343,2.5899496013257077
1.204797625541687,1.0892555713653564,1.156661868095398,1.4578818967339924
2.3052635192871094,2.3391592502593994,2.282561779022217,2.204119982655925
1.9594405889511108,2.0158097743988037,1.8557288646697998,2.0791812460476247
2.350853443145752,2.1603686809539795,2.3422162532806396,2.0569048513364727
2.210416078567505,2.436814308166504,2.27073073387146,2.0
1.4959728717803955,1.340006709098816,1.331315040588379,2.0
2.3322560787200928,2.205998659133911,2.2655060291290283,1.9777236052888478
2.2313549518585205,2.317316770553589,2.2147436141967773,1.9030899869919435
2.1722328662872314,2.419809579849243,2.5564584732055664,1.7781512503836436
1.9391884803771973,1.9330544471740723,1.9514025449752808,1.7634279935629373
2.134925365447998,2.223367929458618,2.0722317695617676,1.6989700043360187
1.622637152671814,1.684097170829773,1.7148399353027344,1.3010299956639813
1.9566799402236938,1.9961862564086914,1.8816282749176025,0.6020599913279624
2.6809651851654053,2.454491376876831,2.9223265647888184,3.6532125137753435
2.5865161418914795,2.6057465076446533,2.935192584991455,3.5563025007672873
2.985783815383911,2.5006937980651855,2.6760897636413574,3.505149978319906
2.6970770359039307,2.6709022521972656,2.965203285217285,3.4771212547196626
3.0377049446105957,2.662382125854492,2.7482223510742188,3.4471580313422194
2.9121553897857666,3.008998155593872,3.1504297256469727,1.591064607026499
2.9397366046905518,3.206507921218872,3.223562240600586,1.4913616938342726
2.8831629753112793,3.018812894821167,2.9456005096435547,1.3010299956639813
3.0059127807617188,3.0653276443481445,2.9816009998321533,1.3010299956639813
2.8412692546844482,2.8803021907806396,2.9863858222961426,1.0
1.2220244407653809,1.0326646566390991,1.2253074645996094,0.7403626894942439
0.6624037027359009,0.7776673436164856,0.8284505009651184,0.7923916894982539
0.8229323029518127,0.8118665814399719,0.9267562031745911,0.6627578316815741
0.7826709747314453,0.8358342051506042,0.9533299803733826,0.3222192947339193
1.8992834091186523,1.8174078464508057,1.8533066511154175,1.9294189257142929
1.8519972562789917,1.9086188077926636,1.960006833076477,1.9294189257142929
1.8536279201507568,1.9112952947616577,1.9580897092819214,1.9294189257142929
1.955207109451294,1.7504433393478394,1.9261888265609741,1.9294189257142929
0.836570143699646,0.8113085627555847,0.6642043590545654,0.7160033436347992
0.6340470910072327,0.9618548154830933,0.7543631196022034,0.7781512503836436
0.6722038388252258,0.8524730801582336,1.0761677026748657,0.8325089127062363
1.035302758216858,1.0466432571411133,0.8010709285736084,0.8750612633917001
0.6324319243431091,0.8496227860450745,1.0174857378005981,0.8450980400142568
0.9235348105430603,0.9842656850814819,1.0337374210357666,0.7923916894982539
0.800419270992279,0.8525956273078918,1.0509326457977295,0.7781512503836436
1.096972107887268,1.2175426483154297,0.8836432099342346,0.7781512503836436
1.1614199876785278,1.2481552362442017,1.2869330644607544,0.6989700043360189
1.2819541692733765,1.249275803565979,1.3839541673660278,0.9030899869919435
1.3280731439590454,1.0756099224090576,1.0203161239624023,1.041392685158225
1.3427125215530396,0.9537438750267029,1.140429973602295,1.4771212547196624
1.3486543893814087,1.4134974479675293,1.1197642087936401,0.8450980400142568
1.6810506582260132,1.6768169403076172,1.6096460819244385,1.662757831681574
1.6492080688476562,1.6714131832122803,1.6232366561889648,1.6989700043360187
1.6874009370803833,1.693102478981018,1.63652503490448,2.041392685158225
1.7508234977722168,1.8371261358261108,1.7453721761703491,1.9030899869919435
1.6886260509490967,1.8552236557006836,1.7640377283096313,1.7403626894942439
1.7804948091506958,1.766580581665039,1.8968286514282227,1.6532125137753437
1.743199348449707,1.7050737142562866,1.8863424062728882,1.845098040014257
2.043804407119751,1.989811897277832,2.0073931217193604,2.0086001717619175
0.9904565811157227,1.1712015867233276,1.0402066707611084,1.0
0.6252651810646057,0.6511281728744507,0.816260576248169,0.6020599913279624
1.531245231628418,1.5566829442977905,1.6620737314224243,0.3010299956639812
1.6277872323989868,1.6765925884246826,1.6722972393035889,0.6989700043360189
1.2298784255981445,1.2186496257781982,1.1368082761764526,1.3010299956639813
1.520315170288086,1.483971118927002,1.6146576404571533,1.0
0.6807587742805481,0.6876921653747559,0.6704699397087097,0.6020599913279624
1.600016713142395,1.5518230199813843,1.2808743715286255,1.6989700043360187
1.449940800666809,1.5261064767837524,1.3073650598526,2.0
1.3815734386444092,1.286303997039795,1.3042765855789185,1.4771212547196624
0.5952945351600647,0.7697244882583618,0.7227166295051575,0.8450980400142568
1.661570429801941,1.5512346029281616,1.790891408920288,2.3010299956639813
1.4746853113174438,1.577821135520935,1.537610650062561,2.4771212547196626
1.335720181465149,1.3667739629745483,1.5031793117523193,1.6989700043360187
0.8092948198318481,0.849972665309906,0.8688027262687683,0.9030899869919435
1.9068950414657593,2.0041160583496094,1.7169487476348877,2.7781512503836434
0.9833716750144958,1.066830039024353,1.1441118717193604,1.0
1.3723642826080322,1.347597599029541,1.7136657238006592,0.724275869600789
0.766944169998169,0.741456151008606,0.6671919822692871,0.8363241157067517
1.1149954795837402,1.4314427375793457,1.218388557434082,0.7745169657285496
0.8721290230751038,1.0573772192001343,1.3898160457611084,0.5786392099680724
-0.07490737736225128,-0.09585699439048767,-0.05167631432414055,0.3222192947339193
-0.25137802958488464,-0.20791086554527283,-0.09676126390695572,0.31806333496276157
-0.22587402164936066,-0.10907083749771118,-0.16333268582820892,0.3010299956639812
0.1623726338148117,0.0466388463973999,0.024555165320634842,0.3010299956639812
-0.14117686450481415,-0.0794193223118782,-0.05492226406931877,0.2764618041732441
-0.09501989185810089,0.014597347006201744,-0.02249906212091446,0.25527250510330607
0.08147080987691879,-0.0013535039033740759,0.06201578676700592,0.3010299956639812
-0.2806672155857086,-0.11131641268730164,-0.09406252950429916,0.25527250510330607
-0.017800774425268173,-0.03904181718826294,-0.021941885352134705,0.20411998265592482
0.10465231537818909,-0.018440010026097298,0.00012160818005213514,0.36172783601759284
0.06061737611889839,-0.043744828552007675,-0.07070467621088028,0.3222192947339193
0.025110967457294464,-0.06778937578201294,-0.06204516813158989,0.28330122870354957
0.05965009704232216,0.017799947410821915,-0.03439422324299812,0.38021124171160603
0.018868837505578995,-0.08646300435066223,0.0400799922645092,0.3424226808222063
-0.2214633971452713,-0.10061866790056229,-0.06591924279928207,0.3222192947339193
0.0812813863158226,0.21781113743782043,0.03199319168925285,0.3222192947339193
0.15206508338451385,0.06673550605773926,0.10568063706159592,0.2787536009528289
0.1538320928812027,0.06313589215278625,0.03596500679850578,0.2787536009528289
-0.06638626009225845,-0.10949322581291199,-0.0410601869225502,0.2787536009528289
-0.009579015895724297,0.0752749964594841,-0.01133854128420353,0.2787536009528289
-0.04900967329740524,-0.10624152421951294,0.06514982134103775,0.26951294421791633
0.3426497280597687,0.2502841651439667,0.20824219286441803,0.3222192947339193
0.06976728141307831,0.1406807154417038,0.14495088160037994,0.2576785748691845
0.1527107208967209,0.10692837834358215,0.1471879929304123,0.23552844690754893
0.19767825305461884,0.3931320309638977,0.2868693172931671,0.23552844690754893
0.368468701839447,0.19686643779277802,0.30399835109710693,0.2304489213782739
0.3334268629550934,0.3301508128643036,0.32381388545036316,0.20411998265592482
0.3191094994544983,0.40956249833106995,0.44402533769607544,0.2304489213782739
0.5921280980110168,0.6016884446144104,0.49927818775177,0.2304489213782739
0.35463252663612366,0.4154071509838104,0.4048174321651459,0.20411998265592482
0.6608067154884338,0.716309130191803,0.6357546448707581,0.1931245983544616
0.5469915866851807,0.5960156321525574,0.6628710627555847,0.18184358794477254
0.5736351013183594,0.5936816930770874,0.5578327775001526,0.146128035678238
2.3764846324920654,2.5881357192993164,2.670048952102661,3.566555330883055
2.390279531478882,2.692628860473633,2.698502779006958,3.3991543339582164
2.6877832412719727,2.6418209075927734,2.6197242736816406,2.2814878879400813
2.2632176876068115,2.1848878860473633,2.1829326152801514,1.4183012913197455
0.25583770871162415,0.3851548731327057,0.11093371361494064,0.146128035678238
0.3173638880252838,0.36033526062965393,0.28127321600914,0.25527250510330607
0.3944220542907715,0.37923067808151245,0.5381056070327759,0.146128035678238
0.2763923108577728,0.39799848198890686,0.3688912093639374,0.17609125905568124
0.2996426224708557,0.25330257415771484,0.3438650369644165,0.3424226808222063
0.3048177659511566,0.26658815145492554,0.4596598446369171,0.25527250510330607
0.414672315120697,0.4484082758426666,0.5029979348182678,0.2304489213782739
0.33910703659057617,0.2884935736656189,0.46200093626976013,0.4471580313422192
0.5261860489845276,0.41061195731163025,0.556752622127533,0.38021124171160603
0.4452967941761017,0.5592710375785828,0.4472476541996002,0.25527250510330607
0.5274348855018616,0.4280931353569031,0.5348519682884216,0.6434526764861874
0.6009934544563293,0.5387623310089111,0.38953322172164917,0.6434526764861874
0.5340478420257568,0.547162652015686,0.7234297394752502,0.3424226808222063
0.7262767553329468,0.7122130393981934,0.6272279620170593,0.7923916894982539
0.6924603581428528,0.6574564576148987,0.5970175862312317,0.7634279935629373
0.9833735227584839,0.9532774686813354,0.9739565849304199,0.38021124171160603
1.0039849281311035,1.1071984767913818,0.962551474571228,0.8325089127062363
0.9905648827552795,1.0303391218185425,0.9716076254844666,0.8325089127062363
0.9263799786567688,1.033805251121521,1.0256459712982178,0.47712125471966244
0.9707757234573364,1.0307813882827759,1.0643268823623657,0.8573324964312685
1.0617109537124634,1.0594080686569214,1.0914227962493896,0.9030899869919435
1.694209337234497,1.7949544191360474,1.6280803680419922,1.3010299956639813
1.6313462257385254,1.6325145959854126,1.6826030015945435,1.4771212547196624
1.844857931137085,1.7207497358322144,1.7644593715667725,1.6020599913279625
1.8583390712738037,1.682291030883789,1.7577848434448242,1.7781512503836436
1.4530502557754517,1.5286062955856323,1.4156793355941772,1.3010299956639813
1.5627710819244385,1.6117470264434814,1.4560598134994507,1.6020599913279625
2.0381970405578613,2.016667366027832,1.9248689413070679,2.0791812460476247
1.7259814739227295,1.65798020362854,1.5926297903060913,1.7781512503836436
2.258199691772461,2.2859535217285156,2.4074556827545166,2.0644579892269186
1.8806679248809814,1.8940273523330688,1.8766499757766724,1.9777236052888478
2.2944858074188232,2.1358702182769775,2.1092350482940674,2.342422680822206
1.8635950088500977,1.7209829092025757,1.8899191617965698,2.146128035678238
1.671462893486023,1.5688414573669434,1.48116135597229,0.6020599913279624
1.3652344942092896,1.1672717332839966,1.225844383239746,0.6989700043360189
1.5776515007019043,1.2165429592132568,1.5435712337493896,1.0
1.7527904510498047,1.6052151918411255,1.7202200889587402,1.4771212547196624
2.5509769916534424,2.2082793712615967,2.422332525253296,2.0
1.7483952045440674,1.6183836460113525,1.8626855611801147,2.7781512503836434
1.801700234413147,1.6311835050582886,1.8608832359313965,2.3010299956639813
1.7003471851348877,1.6282531023025513,1.6825848817825317,3.0
0.25604817271232605,0.21112005412578583,0.29982995986938477,0.42324587393680785
0.251283198595047,0.2849453389644623,0.261376291513443,0.42324587393680785
0.34061306715011597,0.39552047848701477,0.483928382396698,0.414973347970818
0.5231443047523499,0.4505331516265869,0.4804457724094391,0.38021124171160603
0.27096524834632874,0.35558202862739563,0.2840992510318756,0.22010808804005508
0.32752469182014465,0.2913894057273865,0.45165586471557617,0.39093510710337914
0.40230152010917664,0.4286869168281555,0.4833027720451355,0.38021124171160603
0.3675774931907654,0.2828797996044159,0.41639256477355957,0.38021124171160603
0.2795925438404083,0.2595821022987366,0.21232159435749054,0.37106786227173627
0.5224438905715942,0.6655447483062744,0.43389877676963806,0.3222192947339193
0.3355266749858856,0.41712987422943115,0.34468501806259155,0.31175386105575426
0.4886517822742462,0.5287181735038757,0.4790082275867462,0.3010299956639812
0.38531234860420227,0.387273907661438,0.18391497433185577,0.2787536009528289
0.29222050309181213,0.30691632628440857,0.41096821427345276,0.2787536009528289
0.5590196251869202,0.5686210989952087,0.5624255537986755,0.2787536009528289
0.5159074664115906,0.5687981843948364,0.5822876691818237,0.2304489213782739
0.4092017412185669,0.42940008640289307,0.37108826637268066,0.21748394421390624
0.4402136206626892,0.47455984354019165,0.3721041679382324,0.20411998265592482
0.39542216062545776,0.2926451563835144,0.32059627771377563,0.20411998265592482
0.3335378170013428,0.3365899920463562,0.37556663155555725,0.1903316981702915
2.8309686183929443,2.7309024333953857,2.6942543983459473,3.4313637641589874
2.241023063659668,2.310955047607422,2.165318489074707,3.230448921378274
1.9131920337677002,1.99834144115448,1.978535771369934,3.113943352306837
2.4496378898620605,2.3165090084075928,2.3927345275878906,2.380211241711606
1.9652270078659058,1.813348650932312,2.0161828994750977,2.146128035678238
1.8505165576934814,1.87742018699646,1.8197946548461914,1.845098040014257
2.213545560836792,2.0633487701416016,2.047067403793335,1.4771212547196624
1.5066418647766113,1.5052273273468018,1.4105565547943115,1.3424226808222062
1.2982829809188843,1.158676028251648,1.3676055669784546,1.255272505103306
2.8124563694000244,2.7537641525268555,3.0108869075775146,3.3010299956639813
2.2524449825286865,2.3000006675720215,2.2216286659240723,3.1903316981702914
2.128615617752075,2.1271069049835205,2.0978384017944336,3.041392685158225
2.6037003993988037,2.5385279655456543,2.596848487854004,2.230448921378274
1.9404582977294922,2.0217819213867188,2.0353236198425293,2.0
1.861048698425293,1.863426685333252,1.8260573148727417,1.7403626894942439
2.0316545963287354,2.0145630836486816,2.033377170562744,1.380211241711606
1.6613296270370483,1.5712523460388184,1.561110496520996,1.2787536009528289
1.3165653944015503,1.1484040021896362,1.262587547302246,1.2041199826559248
1.3541473150253296,0.9720568060874939,1.4012882709503174,0.7993405494535817
1.474736213684082,1.2210242748260498,1.3080393075942993,0.8061799739838872
1.9665875434875488,1.6596890687942505,1.9142484664916992,1.1367205671564067
0.9158647060394287,0.9599742293357849,0.9022769927978516,2.8573324964312685
0.13284020125865936,0.32016000151634216,0.10111740976572037,0.6627578316815741
0.10955063998699188,0.3551660478115082,0.35021451115608215,-0.22914798835785583
0.8058744668960571,0.8215766549110413,0.7000735402107239,0.7923916894982539
0.21797819435596466,0.4677203297615051,0.4090338945388794,0.3424226808222063
0.9554256200790405,0.6864367723464966,0.6760076284408569,0.5185139398778874
0.8789548873901367,0.5803178548812866,0.7950497269630432,0.04139268515822507
0.7420697808265686,1.1604595184326172,1.194210171699524,0.9493900066449128
0.2646617591381073,0.6438566446304321,0.397532194852829,1.6989700043360187
0.2406999170780182,0.12561964988708496,0.2160056084394455,0.20411998265592482
0.17165842652320862,0.23957493901252747,0.25382134318351746,0.0
0.6976990699768066,0.8121124505996704,0.8812326788902283,0.25527250510330607
0.19001524150371552,0.2850012481212616,0.37708526849746704,0.414973347970818
-0.4953503906726837,-0.5122942328453064,-0.5310693979263306,-0.3010299956639812
0.19482041895389557,0.20027709007263184,0.4520103335380554,-0.431798275933005
-0.1146441251039505,-0.10455486178398132,-0.004613230004906654,-0.5228787452803376
0.12649889290332794,0.3285899758338928,0.23486919701099396,0.414973347970818
3.628669023513794,3.487574338912964,3.5904717445373535,2.2648178230095364
3.3308849334716797,3.2954111099243164,3.2514963150024414,3.719082573901486
2.9585800170898438,2.9874770641326904,2.9478330612182617,4.218902950862829
3.1421821117401123,3.120393753051758,3.2376654148101807,3.655234507034294
2.851304054260254,2.737654447555542,2.862765073776245,3.439332693830263
2.752737522125244,2.7849082946777344,2.838526487350464,3.4933186082321015
3.2470428943634033,3.172168731689453,3.087890386581421,3.7673785241141804
2.859260320663452,2.917447090148926,2.8489534854888916,3.554489160003819
2.979299306869507,3.063563585281372,3.073094129562378,3.4000196350651586
3.3638412952423096,3.4357316493988037,3.357212543487549,3.6624745037503095
3.0334863662719727,3.0568344593048096,2.986884593963623,3.2942457161381182
3.1676700115203857,3.0979294776916504,3.0310678482055664,3.4631461367263494
3.264815092086792,3.070281982421875,3.1583542823791504,3.5296869537729165
3.009765386581421,3.109471559524536,3.0580689907073975,3.5224442335063197
3.043012857437134,3.108839988708496,2.9708502292633057,3.374198257929083
3.1581506729125977,3.1242685317993164,3.0552406311035156,3.5358002908248976
3.473618268966675,3.3084447383880615,3.3995282649993896,3.5599066250361124
3.448099374771118,3.540292263031006,3.306152820587158,3.4410664066392633
0.2260071486234665,0.33098143339157104,0.22146253287792206,-0.09691001300805639
0.25955623388290405,0.2110515534877777,0.3024560809135437,0.0
0.27215754985809326,0.4471423923969269,0.30387750267982483,0.04139268515822507
0.3673340976238251,0.28776901960372925,0.20960094034671783,0.3010299956639812
0.2920626997947693,0.2659655809402466,0.24343542754650116,0.47712125471966244
0.29805833101272583,0.3863535225391388,0.3205578625202179,0.6020599913279624
0.3226214647293091,0.38487792015075684,0.35618188977241516,0.5563025007672873
0.2623261511325836,0.3799232244491577,0.38809260725975037,0.5910646070264992
0.8279864192008972,0.7123734951019287,0.7636646628379822,0.9571281976768131
0.4408859312534332,0.4028521180152893,0.4227334260940552,0.7626785637274363
-0.2794705331325531,-0.07561224699020386,-0.0895281657576561,0.6739419986340878
0.7363376617431641,0.746226966381073,0.6732237339019775,0.8808135922807914
1.119736909866333,1.190474033355713,1.0151185989379883,1.2105860249051565
0.8055915832519531,0.6756303310394287,0.767261266708374,0.8715729355458788
0.10396827012300491,0.23116104304790497,0.24549825489521027,0.7803173121401513
0.6523992419242859,0.7844873666763306,0.7563002109527588,0.8750612633917001
0.1346324235200882,0.21443507075309753,0.21488560736179352,0.0
-0.10221771150827408,-0.24971097707748413,-0.22851942479610443,-0.22184874961635637
0.2212483137845993,0.22654172778129578,0.07012858241796494,-0.3010299956639812
-0.8630815148353577,-0.785322368144989,-0.7290529608726501,-0.3979400086720376
0.275596559047699,0.16883163154125214,0.1595396250486374,-0.6989700043360187
-0.7616672515869141,-0.7552725076675415,-0.6620837450027466,0.0
0.12254646420478821,0.13696855306625366,0.29886120557785034,0.0
0.1767762452363968,-0.022997500374913216,0.06633906811475754,-0.045757490560675115
0.15066970884799957,0.09778869152069092,0.18216659128665924,-0.22184874961635637
-0.29229065775871277,-0.239080011844635,-0.17572350800037384,-0.22184874961635637
0.19728818535804749,0.1551821231842041,0.20625533163547516,0.3010299956639812
0.10804065316915512,0.1763058304786682,0.16726888716220856,0.2304489213782739
0.1477459967136383,0.15739110112190247,0.2327568680047989,0.146128035678238
-0.7289596199989319,-0.7281445860862732,-0.6730121970176697,-0.09691001300805639
-0.147792786359787,-0.12338745594024658,-0.22628383338451385,-0.1549019599857432
0.11174778640270233,0.13381771743297577,0.16872085630893707,0.47712125471966244
0.2894030213356018,0.30201393365859985,0.30106794834136963,0.47712125471966244
0.2191937416791916,0.132899671792984,0.31212398409843445,0.2304489213782739
0.010534452274441719,0.09303519129753113,-0.15152867138385773,-0.1549019599857432
-0.6906051635742188,-0.5732921957969666,-0.6939155459403992,-0.22184874961635637
0.602189838886261,0.4992220401763916,0.5119885206222534,0.6020599913279624
0.44570520520210266,0.537156343460083,0.4032486379146576,0.43136376415898736
0.5965039730072021,0.546079695224762,0.4608529806137085,0.25527250510330607
0.2230389565229416,0.3831503093242645,0.14035214483737946,-0.09691001300805639
-0.4182140827178955,-0.43526384234428406,-0.29105323553085327,-0.1549019599857432
