seed_6_y_pred,seed_6_y_std,seed_13_y_pred,seed_13_y_std,seed_42_y_pred,seed_42_y_std,log (Separation factor)
0.4593617881832157,0.11132774328848807,0.408062798000141,0.11620571626058263,0.4594745467323893,0.11129758783630114,0.20411998265592482
0.4692029069687702,0.11267237631809213,0.4420134653002925,0.1102314096431751,0.4122276765881743,0.11235503447071159,0.3010299956639812
0.4740045139686442,0.11208482481109154,0.44285885581125406,0.1095811654372006,0.437626000686244,0.10970744721742558,0.3424226808222063
0.4147121342246496,0.10954806122600019,0.4128143151093635,0.11548697577889351,0.3635790742117522,0.11201023475554053,0.505149978319906
0.4090938144424525,0.11010389090794989,0.40136923630578414,0.10971300855291695,0.42891174538189203,0.11208369555325376,0.5797835966168101
0.39483674648365774,0.11063364687898197,0.4183437385438731,0.1175825271579055,0.373150135531388,0.11474612184299332,0.6232492903979004
1.9764030335843419,0.8120745852795606,2.7591837387636824,0.5040573935847934,2.9003455716987103,0.4327189676317486,3.26030994579492
2.0016176099458116,0.8087142820429343,3.0150653158152814,0.5667420838352477,1.710521164763032,0.9890925773395588,3.0791812460476247
2.081654633749657,0.1654700043968457,2.143806489623657,0.18514022117104936,2.2358888013898124,0.15150845486460154,2.3979400086720375
2.2033130367341536,0.11785812242545693,2.065261329774445,0.1361560947766423,2.1836375565696446,0.11504875615262673,2.3010299956639813
2.0561140836429606,0.12490285246627152,2.139325563518306,0.11852979137842172,2.183950485828847,0.12251276803172562,2.204119982655925
1.938593372194385,0.7540373591525213,1.4965460660203604,0.5220292503873966,1.9272332641995777,0.8519993789263418,2.146128035678238
1.9878167600134447,0.6918460345908196,2.002645615037477,0.43397339507507837,2.2979170197281733,0.4248653971592296,2.0791812460476247
1.9616626025161932,0.12068909514242661,1.966631361219068,0.12495998276420331,1.9984080360033367,0.11788698944505402,2.075546961392531
2.260435858195252,0.18579017820493807,2.199909337150861,0.21580413995047945,2.3020443984648393,0.1691772363945253,2.0
2.346771189923846,0.1820270691388851,2.221947154104928,0.2120922546127244,2.2885810010140024,0.1800173148462828,1.9030899869919435
2.225926001116683,0.20068274166844205,2.1428467312627975,0.25610356134200774,2.2638727655470867,0.2184469806576791,1.845098040014257
1.9441803688661428,0.1785939994380832,1.9937491397424303,0.15252046337012826,1.964912498920444,0.18129956302005848,1.845098040014257
2.0951489815109907,0.34564448398426995,2.0777262347338867,0.32318846008844027,2.180342062108683,0.350080089482861,1.6020599913279625
1.3034405329536751,0.1495818332905842,1.397681325397398,0.16081365603313616,1.2851617292776345,0.16269852179503386,1.3010299956639813
1.1926115387600484,0.10766903475649524,1.1995684152728636,0.1069201318519491,1.1854291957584127,0.11347627500254098,1.2855573090077739
1.2126408874434684,0.10867359513884121,1.217118121074237,0.10846677548341188,1.214091068263044,0.11780150135236032,1.2671717284030137
1.4566401520885703,0.9119913198449141,1.4424886632916876,0.8491662418686118,1.4202030769164162,0.8848743500168301,1.2405492482825997
1.6386880005308317,0.9252987704206096,1.943449010501973,0.9048572327824648,2.102210335208491,0.9709733391758287,1.2253092817258628
1.1134471682858047,0.11474887527761866,1.062432813976741,0.12477821723918626,1.1223896149691368,0.1147009779411294,1.2174839442139063
1.129346740452599,0.11134968684288356,1.0897579090949963,0.11748186883346338,1.2061044147502966,0.11637484566332576,1.2041199826559248
1.1959524577627891,0.10793525073842443,1.2375381348969234,0.1169415928318721,1.1846162364001858,0.10702279224569738,1.1958996524092338
1.2367929936988962,0.11495339790997451,1.2608375248981116,0.1194902889968472,1.2283751105659313,0.10871663819133462,1.1903316981702914
1.2150676940889866,0.11310593359179529,1.2192997795586837,0.11770197124479627,1.1521491873954475,0.11064034601315613,1.1789769472931695
1.2150677095718643,0.11310618837208775,1.219297591509557,0.1177018671050561,1.2061069854429707,0.11637484336936676,0.9138138523837167
2.3162562778330424,0.9821012677911628,2.3004224060506493,0.9112648220347671,2.434208527653104,0.9822364326162816,1.4548448600085102
1.3016625225413399,0.18958920695841344,1.363692137389156,0.20004715377829302,1.365600270205634,0.1954735804218549,1.2227164711475833
0.9048521761456717,0.12567039163107474,0.9185160306401108,0.12425171063428553,0.9233973819540667,0.124594970899538,1.1034616220947049
1.0020329879612673,0.1665691122204618,0.9620230316635497,0.16352873224024458,0.9789331714367541,0.1707972229521198,1.0610753236297918
0.9228924882192459,0.1271846275323735,0.9342275564530308,0.12395740976816362,1.1174942032710882,0.23757925696814255,0.9294189257142927
0.9608483006086421,0.1930832367440591,0.9567620723522048,0.18040173562582548,1.1914017707079225,0.3488499933038492,0.8450980400142568
1.0983051126259247,0.19673839813365637,1.0968253976194955,0.20143958730252332,1.102623411543946,0.19644621403875892,0.6464037262230695
2.5665531503893972,0.20945909911739902,2.0426103688716157,0.13992298381066826,2.064370042343795,0.13760451662430295,1.8881233072979084
1.3735288697148067,0.1303335187492323,1.429847055033728,0.13804886388749324,1.523009508803467,0.13160945775058466,1.4756711883244296
1.0068135575963297,0.11624093869358523,1.096940695403538,0.11303912199403757,1.0114959545431015,0.11337002129646061,1.2174839442139063
0.844480272473797,0.11113569104493771,0.8105969198884014,0.11247363861323317,0.8769538510950654,0.11457525652235553,0.9439888750737718
0.6783691010291321,0.1137626415799179,0.7432888345373593,0.11787849443560564,0.7822964762413106,0.12066055530151353,0.7403626894942439
1.6150698969633561,0.11910518659575442,1.654204529975089,0.11777220330562888,1.6295057431321078,0.12481771860506695,1.398634324538392
1.6801956974907828,0.1102098458402966,1.72235383396554,0.11207954762110287,1.6762683872457198,0.11330792381645445,1.584218112117405
1.8794647039619548,0.11569611592554226,1.897405189435729,0.11786976162736883,1.9563280193794972,0.10930310021015892,2.1048284036536553
2.3164349560141715,0.1151861089611418,2.292284866954517,0.13938129792873186,2.318344940229001,0.1278197504345016,2.361538971269279
3.3899414778375765,0.20806762395866926,2.7872433672184154,0.14208051143349118,2.798977760423653,0.139671254692475,2.8147801457458046
0.8342458506407289,0.114250300340029,0.7836944140629166,0.12099101194365358,0.8390933938850016,0.11284211548813589,0.8169038393756602
0.6698128925167989,0.10631591957339544,0.7104996943387174,0.10550294900523526,0.722063477677152,0.10732045936184899,0.7355988996981799
0.6404597133333501,0.11058515942892233,0.638452601672792,0.11055640444858804,0.6613467795583025,0.11221432382291714,0.667452952889954
0.8003487275270982,0.11072406195825162,0.7923165354617195,0.11809447957746384,0.8160239098492876,0.10991929536957258,0.8382192219076258
0.7414082000120239,0.10645180762199105,0.7286479117714542,0.10623262450489376,0.7289816356226678,0.10601914990576809,0.7419390777291989
0.6540093396767227,0.11177200157239167,0.6548472798787771,0.10976440253838134,0.6614761503986639,0.11404896884418005,0.7419390777291989
0.8028256598768608,0.1079946667947741,0.8044432327439995,0.11508784494360168,0.8220808041784987,0.10921810103390522,0.8530895298518655
0.7365039615776493,0.10412388411578054,0.7183119012995772,0.10600056006855907,0.721800461614809,0.10484312550080978,0.7339992865383869
0.6559869639790115,0.1100142784299829,0.6822992069325242,0.10919539249515971,0.6641058396391164,0.1122975249248168,0.6637009253896482
0.8284706375272096,0.1080864843988711,0.8303536435401028,0.10944076750320078,0.8353955623248749,0.10748396031863026,0.865103974641128
0.7520420759929023,0.10445850147238972,0.7301445135098498,0.10489233270835682,0.7552943337886471,0.10473744380164844,0.7543483357110189
0.6755238810379914,0.10709383003566605,0.6786412666799707,0.10769836864182561,0.6835207951016905,0.1074432355752118,0.6627578316815741
0.8811702013032835,0.10838684454217609,0.871239402246444,0.10580872692501637,0.8661543038710019,0.1083368418167975,0.8331471119127851
0.764240688624334,0.10451382617435033,0.7833455300059442,0.10258004563939384,0.7676819622555046,0.10475650339966483,0.7881683711411677
0.6991472597899939,0.10945275459861416,0.6936554083090213,0.10870141303404071,0.6752978268721139,0.11013636687942638,0.6989700043360189
0.9087140934033626,0.10902411939775937,0.8889209128179876,0.11557106378884291,0.9114498584110701,0.1104720562349099,0.8976270912904414
0.7841274101753702,0.10442475053615691,0.8231716945772042,0.10334441463364569,0.7843125433992956,0.10597693564116242,0.7781512503836436
0.7238569104275369,0.1115643207003063,0.7148487252646603,0.11004630672935198,0.7035374556926876,0.10827498080994574,0.7092699609758307
0.9521991635554076,0.11077031913168776,0.9718317969827603,0.12595768235758945,0.9746809269329101,0.11172644458341462,1.0784568180532925
0.8552988380189046,0.10662486460141123,0.8903627315430117,0.10480048166352683,0.8406035784918637,0.10719547423178552,0.8375884382355113
0.7735008307785198,0.1147258754937557,0.7860616172406504,0.10805850845317826,0.7994409295227701,0.1160258201718455,0.6884198220027106
1.1380577437603305,0.13533746001759825,1.1622466954788826,0.15388985848679468,1.0609223381829564,0.13480558219857844,1.1861083798132053
0.9987663350730315,0.12198826754940358,1.0089249227621344,0.12798924764538008,1.0286761312397896,0.12273880612531883,0.8267225201689921
0.9517272835369961,0.12027370157483062,0.8481575531070221,0.1256404017735677,0.9363700947828566,0.1363907826596682,0.8055008581584001
1.0212430361273972,0.15864899744878772,1.2541830910150131,0.1443734238574641,1.0791987713975355,0.1682912902109436,1.3643633546157308
1.0645043410787411,0.1211884705818112,0.9734748895696578,0.16791775472776685,1.0915779580679634,0.12314570655510623,1.2227164711475833
0.9776929081207624,0.1754040521163884,0.7610658662086975,0.2456362459411666,1.1454319496443535,0.16927151794505205,1.0644579892269186
0.8948890433818518,0.1240536928676114,0.8498622959973893,0.12250365587940495,0.7686043709788398,0.14242150601784842,0.8715729355458788
0.9086314054017691,0.12109185229000975,0.8658259879027485,0.11922280734751886,0.7933663873984093,0.13575687067396153,0.846955325019824
0.9768463675475066,0.10860757979846743,0.9093665980791157,0.11045210660789724,0.8964675637150883,0.11091889325364018,0.7774268223893114
0.961994039511985,0.11517115541390195,0.9653592817282908,0.10846148396761533,0.8789528616450588,0.12271915094070708,0.8450980400142568
0.9993622466173078,0.10862150741968338,1.0082202983194495,0.10744108603041169,0.9989106309835274,0.10990978340172303,0.9731278535996987
1.089094843277712,0.11030597264518237,1.0983427099075964,0.11113368887120331,1.0905093541814788,0.12156364600724037,1.1760912590556813
1.337378524983876,0.11943190436589103,1.2090550968027376,0.11384339016494291,1.2983288853260646,0.13406319438572137,1.3521825181113625
1.3712500644553585,0.11902019219756754,1.2090954251502137,0.11384355402071752,1.3100589156740483,0.11450178510214842,1.3434085938038574
1.1428783615827345,0.1122546711535446,1.2069624557843346,0.11332966016868812,1.2635263023847352,0.12252956109796188,1.2605483726369795
1.0512176556415787,0.14109727571792802,1.1296502458329665,0.14617339869028917,1.0953174124407465,0.14605191751369223,1.2460059040760292
1.8302837894588186,0.18266378687230672,1.821301423824164,0.17158426823905804,1.856993077698533,0.23522584534782143,1.1335389083702174
0.013659619010605528,0.19049865322753756,0.06471177880343304,0.14932824408419387,0.11667128339290245,0.1619558243669743,0.25984415912950387
0.5861590310882729,0.16787668590744212,0.5981357562082559,0.18671045107464543,0.5998471178778046,0.18979172330709218,0.5693739096150459
0.06590979915197992,0.15340448223734615,0.20327137362163383,0.1189300115281194,0.18403303820816386,0.11906300333156485,0.134905422521204
0.18539256086987033,0.11871529096002675,0.18192057476179446,0.11932010729016121,0.17926165862782062,0.11950075877853285,0.057018743462753624
0.5366105504473591,0.1227715614669753,0.5379617315596816,0.12215493996901283,0.5359054169939201,0.12946746385372748,0.5440680443502757
0.2117712359359425,0.11855860396289009,0.2244366448666637,0.11892889266952503,0.21181120179675572,0.1185357488395019,0.1887887561999041
0.17974849333067988,0.1565339927313167,0.18428327251887677,0.1608636654604711,0.12858093069764354,0.150866664712122,0.32102665773805583
0.5152947229104514,0.12460566294528566,0.5130173627463954,0.1250129986702738,0.5152012099102976,0.12946746374243803,0.5198279937757188
0.5026042180911994,0.12877222488457737,0.5243606323381953,0.1612626829599527,0.5018173812570059,0.12248910372687781,0.5024271199844327
0.5217330328598349,0.1740493934516213,0.5219640950427042,0.2055252154800432,0.517119485714866,0.1728815103051698,0.49554433754644844
0.27633788644661794,0.14960355408543696,0.37388988945306556,0.1622363179638951,0.2862551682492056,0.1585943567910726,0.377943380255784
0.7925309555389405,0.2012861448838625,0.7803212563244384,0.1798032081923036,0.7363947368620063,0.22858909728943608,0.7626785637274363
0.2552275611580841,0.11855860396782883,0.2549813683706741,0.1212544372053088,0.25515716984613235,0.11853574884519838,0.30330969374508143
0.16665489963812496,0.11856479439998145,0.2178638566800879,0.11598358666195535,0.1987597931599372,0.1189825105217217,0.18412335423967113
0.7084677292352599,0.12181320324372112,0.7107745135939018,0.12413524315723094,0.6955656938352922,0.17126064678268824,0.7272158209084926
0.22777332662375316,0.11977890377568373,0.23491193513760478,0.1188057157986228,0.24039052005442918,0.11809632101872966,0.0022796980811002577
0.00013391820884445238,0.15525690792083402,-0.011579752638118501,0.16223631750056902,-0.016284618534090356,0.15378561149982814,0.2374806502767422
0.6687088892162797,0.11844420505652822,0.677237089133143,0.11307334386804398,0.6706272504013562,0.12174182828337494,0.6683859166900001
0.628724903117267,0.1277463735409861,0.6329350817655042,0.12413519623500942,0.6348246601087764,0.12248910338880523,0.6232492903979004
0.6155391454153287,0.16826727111116946,0.6124588530269977,0.17980318039850413,0.614990676820582,0.17284174693966584,0.6053050461411095
0.1504653464469594,0.19848619520873226,0.33445389484048493,0.16223631764627952,0.25436409915472136,0.15081197026634746,0.4359352590196724
0.9919249436174878,0.1688771069747624,0.8957169322622549,0.20599957078478698,0.980248835973254,0.17616358018256323,1.0128372247051722
0.13894634401007755,0.15765343293218198,0.32514380279770183,0.12037212133752345,0.28815631782893747,0.11949515195399249,0.25984415912950387
0.2084746885920421,0.11396943876006925,0.2281471395576955,0.11190302464734142,0.2861629416419176,0.11678894330684,0.19289736949889066
0.917952456426685,0.12123000853988945,0.8517328459475221,0.16149281449369945,0.917262235598658,0.12058413387016768,0.9289076902439527
0.22386803765523244,0.11855860396556266,0.2322998631303521,0.12037214052345914,0.2508629149661701,0.1231895382909495,0.0022796980811002577
-0.007964758165297736,0.1470626292031462,0.00464445394664903,0.16223631745893197,0.0042562808692403475,0.14494629920203844,0.2172772761581854
0.844792650496616,0.12910034647949326,0.9346794479773938,0.16878488293999366,0.8414362183027687,0.1390849315798861,0.8260748027008264
0.7692482990990739,0.13153975409329824,0.9126080036928672,0.22830841532303178,0.7640616523689333,0.1378759140416404,0.7715874808812554
0.7324102494529716,0.19712770620352899,0.8930823838872038,0.2944725569618123,0.7317733262337603,0.17616357997617157,0.6963563887333322
2.47160907430118,0.21072415814375017,2.420025311978171,0.21001983195771673,2.499408123993899,0.24422893433167514,2.506505032404872
2.280398572135109,0.2073518769418415,2.3296401274472385,0.20179001485581502,2.353972610240991,0.19874349071740596,2.4409090820652177
2.0664624199175217,0.4170112903064093,2.00273998213501,0.2001556353592857,2.0635533811412152,0.2107753360586487,1.8195439355418688
1.8931027991708347,0.18217580526478017,1.7067583928371701,0.20303826632247132,1.7821897335093568,0.23655671294771502,1.8195439355418688
2.871288358897261,0.14221016173388765,2.7698336932192658,0.12593792919483987,2.8320645334702097,0.1415808123077991,2.762678563727436
2.7501430876143296,0.1390370725534503,2.7395593840530665,0.13927341252002734,2.6147123013984266,0.1445901726044288,2.6580113966571126
2.247217224084461,0.28655528671195085,2.053438152479265,0.16266531306471457,2.1043340533398207,0.16061989505368482,2.1903316981702914
2.048694051156774,0.14342351311592683,2.019133651335858,0.14537402990409035,2.041713998692263,0.14598067650320154,2.0
3.0659364818173698,0.2072545094424541,3.1413719118042414,0.1542666624150856,3.0752642326396202,0.21633279856309817,3.12515582958053
2.971089543404373,0.1265239366705799,2.9531273101250477,0.14633124767452263,2.8576882984674117,0.14397110175381778,2.9960736544852753
2.9244721235846303,0.12568595173897915,2.950044639425579,0.1234894867279904,2.944692037338516,0.12286492540761013,2.9410142437055695
2.8441808187134505,0.11626537874707933,2.8112063744122975,0.11913215369895852,2.8198335757249424,0.11849984472736987,2.7596678446896306
2.766750246244812,0.12608277156024794,2.751347728688848,0.1255897219218364,2.7599285907141615,0.12147552840826446,2.716003343634799
2.6235569729028962,0.1678231909535582,2.6135455766549427,0.19672409613879527,2.682125929454822,0.14669354985333768,2.6693168805661123
2.5700395687348996,0.12083040569727878,2.5770285152573287,0.120506227749361,2.5949503118452286,0.1290348215286098,2.606381365110605
2.4863845949293375,0.164546514419044,2.5280108600961233,0.15410234360658506,2.4831665002334793,0.3003304774603484,2.424881636631067
2.474881439486183,0.13360593898290354,2.444055708432807,0.14991500565457647,2.4595060505877946,0.15584884225410242,2.4216039268698313
2.310084403947533,0.12904824507371812,2.3506733202669996,0.14111106069321136,2.313282776140296,0.1314419211418391,2.2278867046136734
2.7614988262159277,0.11201384971642543,2.8078995796089226,0.11148660830267902,2.77977996181924,0.11187201322794965,2.792391689498254
2.8017494959873215,0.11213107609032986,2.8078757831503443,0.11148672052216872,2.7384513503064065,0.11948728848018234,2.708420900134713
2.1814342060620313,0.11180386983573824,2.1607763615186077,0.11460965518776274,2.1798031167362946,0.1102483576834122,2.330413773349191
2.236380234082802,0.1125155776959854,2.2537401896010354,0.11631123851227022,2.223299124075635,0.11131503894832546,2.1367205671564067
2.6437745032431543,0.11184969233881915,2.600284879042235,0.11014173358087828,2.6084360467760392,0.11087306473281945,2.629409599102719
2.6093916432423594,0.11259111810089935,2.641713325399917,0.10901575720996282,2.610478646344187,0.11393034843907206,2.5877109650189114
2.114738974491524,0.11269033457119151,2.099414483717101,0.11324547233366325,2.1795152585459157,0.12067197459963559,2.214843848047698
2.1741916341642065,0.11116744433104948,2.1404611135511855,0.10707327148056976,2.1795315591879545,0.12067197450540665,2.075546961392531
2.4523223780582333,0.1101929671512232,2.469826282422058,0.11224703663578878,2.4624302122926474,0.1101716301430654,2.499687082618404
2.496247361055958,0.11132760097113258,2.469825242144033,0.11224662955320336,2.47635287334311,0.1126769328755024,2.403120521175818
2.0472155297901344,0.11399839686881436,2.0674666578327696,0.11282972222084722,2.055804760134519,0.10979663747918068,2.1398790864012365
2.0472104721717734,0.11399839734809268,2.0503164523030644,0.11179872441484244,2.1450847280105685,0.13670303131502146,1.99563519459755
2.3122401678512543,0.14729472464707805,2.3165954731551897,0.12022764964059636,2.313827094034757,0.12420585557941016,2.4456042032735974
2.312247475243735,0.1472946785905876,2.3914203916757004,0.12509487894116364,2.395555075429977,0.125538865651062,2.322219294733919
1.987705891700569,0.12860827111326867,2.007664229878263,0.12023970539819208,2.117404952238546,0.187176062125269,2.0569048513364727
2.042125258282816,0.12451682414386424,2.0231938100641758,0.12827025533484657,2.1173978523569583,0.18717606289680658,1.9444826721501687
1.1858125585506216,0.43539048471085223,1.4850540091397517,0.22106834624650276,1.5881695245912955,0.358596358372989,1.4578213636679103
1.6280722646834496,0.22666559706395953,2.2199598256025634,0.35137550911430565,1.4547441213572252,0.20471381356520432,1.0163917383715793
1.1325362369375924,0.4403408948248451,1.4176785210595062,0.3026316434810269,0.5840200387432057,0.5556839377921879,1.4750170755177987
0.583821902552593,0.42558144972572765,1.8840391694758574,0.40769237854566787,0.21331689541500753,0.5535735063402978,1.0621462303689089
1.5222515578965738,0.16679542828058774,1.5262868391063296,0.1513267727406592,1.5185836654996916,0.15435618594639428,1.5152643446896048
1.1104852249683457,0.2142335859911838,1.1055563526025658,0.16370907541538912,1.1082901988713614,0.17265415109447313,1.1127034773661755
1.5160483809591432,0.11910348486393185,1.518899134603422,0.11812843123825972,1.5175571640571077,0.11972462566988523,1.5185139398778875
1.3927065738102862,0.1139288232115187,1.4036806481713882,0.11168879659329478,1.3978163790439755,0.11229809264805832,1.414973347970818
1.2827134149605723,0.12986255142597056,1.266841918631672,0.1227185602131793,1.288541140779948,0.12557575329316092,1.255272505103306
1.0693652845233916,0.15068683395157592,1.1019394182199784,0.18856211990793484,1.0779932106336685,0.1283163644398113,1.0827413643651347
1.4913435942108801,0.1197451834711259,1.503778692700645,0.11520589472727366,1.5010713798218804,0.11623696805343653,1.5118833609788744
1.3874622277317061,0.11010050182798518,1.3806619275379441,0.10840744209954647,1.383811575310368,0.10914036083882171,1.3979400086720377
1.2681097442458449,0.11560046381016136,1.262576871630276,0.11832946133088167,1.2572260777374409,0.11957712485833523,1.2304489213782739
1.0539728198673681,0.1830679158979787,1.0877923916429755,0.27596178839951047,1.0472424759682566,0.12903213602829902,1.0335250388423651
1.4563780691627781,0.12973511220269535,1.4569329903969943,0.1335814017689037,1.465916431403006,0.13276284583498546,1.4913616938342726
1.3437014205601163,0.11776932931981753,1.3518172324625835,0.11763093589215415,1.343425243427764,0.11565942020130003,1.380211241711606
1.234092786349918,0.1313195374109488,1.2488949520775865,0.12022171069201808,1.2526531450828453,0.13139659248447377,1.2041199826559248
1.0263474862245072,0.2571376481300641,1.0729005694098173,0.363118141078527,1.0140774083882342,0.17358652987158468,0.9973113594439728
1.2449357875470923,0.4641804023531824,1.23859977087747,0.5121124533637229,1.2445416320832474,0.39956955006893485,1.682235356902564
1.6286389390149871,0.43699012394681164,1.6324723048505014,0.39483621344619074,1.6209641820687042,0.45821494499286614,1.2571256853305026
2.0810906892140966,0.2530326122239926,2.0398412188848867,0.23604151194747308,2.0802759756704954,0.2423096707984196,1.7769190028420465
1.910565972953158,0.12479432989571303,1.9032605177855482,0.1341837149702485,1.8750223523234102,0.13740776276946928,2.0419450721452637
2.2277318582109586,0.1602820906506053,2.175209432860373,0.1273873279714075,2.220843232242431,0.15726976722881958,2.0493343359722838
2.206071635255811,0.3851507824581547,2.2931187832138296,0.35083691227905434,2.192974012106815,0.3971007771551409,2.5087451294695478
3.10457601896682,0.6778747238166434,2.9267809277616283,0.6987988009094631,2.737509061109728,0.8593705553107576,2.7127338590699517
2.191277743699143,0.9290570269290069,2.3837127819654045,0.9793390666093066,2.4827619766721316,0.8819859281018089,2.8519734280672506
2.404123796742032,0.37128221543761897,2.35304821946151,0.39084073344954373,2.514756785945527,0.43262362627047707,2.0920887392558067
1.7263945014450766,0.24159961836803975,1.7484984876430412,0.12763383842790613,1.770921590767702,0.16304407277646926,1.9095560292411753
1.5691196920936668,0.20151401493213117,1.6800093307744652,0.13107111000496524,1.8819351898650671,0.20614466416336416,1.6286953827140234
1.5081555470676091,0.2508549374801392,1.6044897435447143,0.17616171130110947,1.885810419438488,0.3394908165241149,1.4622482153549974
1.8766249506833146,0.7153886744829685,1.8503078669271156,0.5883063644718136,1.8461730962577096,1.0166121443767504,1.271841606536499
1.0931374365433806,1.007069007661817,1.0590952983724171,0.9999499683558679,1.1102122222489081,1.003938025639279,1.0170333392987803
0.9117015079581445,1.0723882431674352,0.9460149624702048,1.0743592200582675,0.5520095832322551,0.5787544980359063,1.1549019512998535
2.1902997091124994,0.1605768824238632,2.163954639281547,0.1614005654809923,2.162660254769745,0.16944164717986568,2.0873909449971877
1.8886727143568156,0.12071606748459186,1.892542666449094,0.11758583876779187,1.837884912480899,0.12120427916738631,1.7982361763679358
1.5741560678992983,0.15891663918300614,1.5040902106092964,0.16140056710678236,1.6573296158002258,0.15021337651475994,1.5521813388393357
2.343142826002783,0.1473131628772472,2.3048050754659877,0.12249580320918432,2.1818927815570106,0.14240793083867176,2.5644174867471095
2.1243166482687674,0.12030288729171602,2.050666507467438,0.11208034799772212,2.1370776416045385,0.1204838571020331,2.052886235256382
1.7119804344336471,0.14348139747681174,1.726621611070736,0.14502489244061273,1.7192765685183264,0.15214539415774767,1.7283537820212285
2.56786130204956,0.16746288898147008,2.476525015442355,0.14260306904159561,2.3326848274654406,0.170060311661709,2.8491490473770673
2.4021903487639156,0.12311424979703423,2.3873355155231306,0.12111505180019828,2.5532586286833454,0.17234518667355084,2.189097109071418
1.984738074653945,0.1727926804404336,1.8934015734786964,0.18245788403158983,2.2384463749783516,0.24445726167526627,1.9376181793938234
1.458424898611294,0.4624005858873895,1.4492810275110353,0.3605894064,1.468937420307381,0.5737423863473381,1.8796692056320534
1.8627637477093442,0.19313409173916235,1.8560660378442426,0.21207188511418723,1.86712720272062,0.22552585641399645,1.4313637641589874
0.9258741085992286,0.25429404295847896,1.6712574210082627,0.7288386366487103,0.9096429133542052,0.30836512952043743,0.9030899869919435
1.2380803961052722,0.8606654881767736,1.0858928161739452,0.8246748341014769,1.4230795123739668,0.8218374022252624,1.041392685158225
1.67891431040778,1.007244536830697,1.6181632609184426,1.0072529902881524,1.646931825924057,1.007147380296131,1.290034611362518
1.6258668533287945,1.0072293842251718,1.608824693928066,1.0040613223300383,1.5511354344106014,1.0068790602250144,1.505149978319906
2.761066327733296,0.2183061631244053,2.8125282877294966,0.19223383951652534,1.4966642749365282,0.9378242643607925,1.380211241711606
1.2532917013663538,0.14718856167811017,1.5467589023464514,0.1272167047317776,1.402849828050607,0.13913407159454785,1.0
2.017186656865345,0.9818426314505134,1.7894193688350633,0.15787230525655824,1.8220665790137707,0.21896006498673679,0.6989700043360189
1.2457555878295072,0.12277029806704197,1.2944867966240987,0.1231104024208933,1.28454707881534,0.12297997213218613,1.3010299956639813
1.4737089665887697,0.18616097889628305,1.5703494389018318,0.19130865691302948,1.6352027349807805,0.909403178823874,2.8943160626844384
2.053711144175175,0.9488939207980885,0.8936894985097751,0.1808578147537145,0.7780619980558903,0.21101715064240806,1.8260748027008264
1.4906321240069489,0.12548082372771036,1.4226470058079146,0.11713478536104846,1.409830447681577,0.11636173419671696,1.6989700043360187
2.1771306728909523,0.21654047794968626,2.0042768824797736,0.19801687976342686,2.2515819289634043,0.2039692451749185,1.9030899869919435
2.618213104412386,0.44706396285712063,1.1438396948291276,0.7790384392222267,2.2405361126743424,0.7809922054572987,2.255272505103306
3.3962438548547524,0.9365718367237363,3.0023826528703355,0.6037773776951895,1.4026830790249947,0.9875804996754044,2.1931245983544616
2.3433744399819245,0.938376991091226,1.8570797950903546,0.7912038258124675,3.8560900856365605,0.9203064801851691,2.0969100130080562
0.9996613785480736,0.26534925023961337,1.708544285596177,0.720107650513151,0.9041818474977972,0.224754977036694,0.9084850188786497
0.5583115172097235,0.4135325096527054,0.7955186064196585,0.4338629787023254,1.07957126464414,0.9333994946838862,0.8920946026904804
1.2686806050369528,0.6126806202242083,1.4958866489102627,0.9935343011443747,1.6098007273718622,0.9347715558616582,0.8260748027008264
0.8277601229336223,0.15047487707309906,0.8349156019713259,0.2956211144526075,0.8427567263183888,0.17125634341587948,0.7745169657285496
0.7928445322765876,0.12041290161201994,0.8209764506464208,0.24695148649247417,0.8298523905675044,0.14858691782963612,0.800717078282385
0.7810671038858753,0.11882239917200564,0.8089573738177446,0.20171721042814028,0.7842659916588431,0.1146219066097359,0.8234742291703011
0.7792505547283844,0.12452631668660992,0.7930317862931908,0.11753670934900166,0.8608331977054249,0.21089535523413463,0.7923916894982539
0.8234791016543261,0.18010916440608418,0.8225098934833921,0.17913469867079684,0.9091119823111445,0.32437964415260806,0.7795964912578245
0.46926237426355955,0.1783357022185807,0.4042637903149189,0.2046875452424909,0.4975495187361876,0.1396158202724018,0.5440680443502757
0.15846027747284186,0.14529670229039632,0.1066581505221409,0.1290304587490387,0.10344766802864513,0.13074304896238656,0.07188200730612536
0.15709532919790758,0.14439217341797916,0.1001920555623701,0.1294841286428528,0.09900880724628891,0.12794422163669023,0.07918124604762482
0.46979256600633335,0.15925777771825317,0.407427058210319,0.18976744427216372,0.5129691135675558,0.12176732122371602,0.4899584794248346
0.4805667611109312,0.11557548538916591,0.41176002128620426,0.16733089542532378,0.5087840462076518,0.14952151432991972,0.48855071650044424
0.07019624091369936,0.11776374667089744,0.07312696485825398,0.11611986075272442,0.0759216790111723,0.11989385924781837,0.11727129565576427
0.4476116486653883,0.22278750175619427,0.4559611398289205,0.14469707057196315,0.48487812993518986,0.2500077197540017,0.41995574848975786
0.10610934712549858,0.19682115778148662,0.11474846532610172,0.21503639310735978,0.10876250812962374,0.21113169014422017,0.06445798922691845
0.06441004564022834,0.5330781914484756,0.08533716887572917,0.4874699626740945,0.08108331170333294,0.5486821469135256,0.2966651902615311
0.18770561754041593,0.43574190246785993,0.24578836873971355,0.6642527000575194,0.17229925555843795,0.6152074486078957,-0.022276394711152253
1.5643227930688908,0.9703754649931865,1.5476682265993993,0.9708962616196555,1.622556944321644,1.0102719097936206,0.9956351945975499
1.3367562939511592,0.644707916824604,1.6647423611527945,0.7878848432901454,1.3322409174915082,0.538324419795981,1.1205739312058498
0.5071771931174516,0.618551432497709,1.1027340111552295,1.00422780845223,1.0977413620244985,1.006925658479032,0.7403626894942439
0.6074910997424376,0.6185514448062003,1.0744089200523237,1.006564035266477,1.0922450268943171,1.0051267315055092,0.7558748556724915
1.123775005908283,1.007355377767624,1.1242652735885077,1.0074848213858834,1.1121919615006726,1.0037548757647146,0.7403626894942439
2.2943588132098354,0.13166881003276382,2.316641266181101,0.12414347926613487,2.3020984170668237,0.12284381098581007,2.4471580313422194
2.265055605898271,0.11776587261659562,2.329551307213519,0.11532718478368298,2.3018332489219056,0.11535493474174716,2.322219294733919
2.1978631903163,0.11705536846883544,2.1913265886399547,0.11384368147011545,2.2077211186994457,0.11224674048438471,2.3010299956639813
2.1168511776083516,0.13007677583246377,2.1271601673614504,0.12314237600174308,2.182117758215064,0.13619035388305778,2.278753600952829
2.31285470902341,0.11814207594515634,2.315704423875481,0.12255220565671215,2.319317310195103,0.11975147940088914,2.3010299956639813
2.2888727060173357,0.10751737214523442,2.2730414890411814,0.10760836903240088,2.2797008374000574,0.10773557399186047,2.146128035678238
2.219333418159567,0.10751737197172995,2.229171411555817,0.11333473570664586,2.1957403244677547,0.10878905077852292,2.146128035678238
2.156316421369297,0.11946063907951922,2.1836465341776723,0.12322746198277539,2.1281848628819304,0.12746731518946186,2.041392685158225
2.206740271125361,0.1609112730250589,2.2659035586254808,0.12218443618612843,2.3173025776429412,0.1324019985826588,2.322219294733919
2.162567106697396,0.1431821931642822,2.229563303983106,0.11958580893924893,2.2424524033724804,0.12209126742283553,2.113943352306837
2.1144038284690088,0.13307087698452807,2.1457097340274727,0.11993618948874721,2.106948643161955,0.11635226081510633,2.1760912590556813
2.035143820560911,0.1294485260128393,2.0892926656205866,0.11788573543953404,2.0445257012681886,0.1311030654289581,2.0791812460476247
2.3642947663543588,0.15215228947147721,2.352821595903077,0.1302849568094827,2.393828227194037,0.15120171238649677,2.6232492903979003
2.455270353345888,0.12186998949824539,2.448218369715959,0.12359403623752434,2.4426721014915613,0.11821790903239321,2.342422680822206
2.315980198665673,0.11784404073950829,2.3429967552056024,0.12359713187231006,2.3527636064022213,0.1449940232603109,2.3010299956639813
2.283223566944185,0.14703492639627153,2.219354499879043,0.14958170776847865,2.2664749553344987,0.17890340640878183,2.1760912590556813
1.0931410817125546,1.0070690089542078,1.171613579683308,1.0071603351649,1.1316729123733695,1.007224582862879,0.8860392755664424
1.143360260852274,1.0072939585166494,1.1242974735428084,1.0074959140783084,1.1602432715076072,1.0071602553847165,1.5228744023138037
0.8093777460885396,0.13382723624094103,1.0687427701348131,0.16987660226394813,0.8571410226075991,0.14850127282330114,0.6989700043360189
0.8257686802520812,0.12358416762456256,1.0725498604284485,0.1510666874977222,0.80604354248943,0.12362391832747681,0.8450980400142568
0.9442998676081611,0.12150176975990917,0.9807559320946919,0.18592199387612585,0.8172229006865429,0.15164632049049026,1.0086001717619175
1.136947617728596,0.1371408216359489,1.2864109095014165,0.3151961790671403,0.9148395547675646,0.21877072856793156,1.2041199826559248
1.5232111674884092,0.5147687424453731,1.8380133404005503,0.36509565439501246,1.7100235872353806,0.5551606514802742,1.287801729930226
2.543330611825695,0.979990512733975,3.0547520152858745,0.6210980519507419,2.6827477611605897,0.8059699848566361,1.7403626894942439
0.7282265290940112,0.11718707396218951,0.7206722209188074,0.11472583043008833,0.7352077782412726,0.12014513565617278,0.8129133566428556
0.7479872931318285,0.11402860830065832,0.8046619120726766,0.12346940654856477,0.7631320113392006,0.11579782210991142,0.6989700043360189
0.7364131983913694,0.11626955556727579,0.8024724588411688,0.12360358763072538,0.7315010171289829,0.12022042188030474,0.6989700043360189
0.7264150543908914,0.10752262394117117,0.7473763053054168,0.10629321040896728,0.7122718428462239,0.10729771776980374,0.8325089127062363
0.7320830521646089,0.10767291150108656,0.731917610022648,0.10584916372897306,0.7459400877825436,0.10515853271974505,0.7403626894942439
0.7475710657473064,0.106720942346298,0.6860665006647941,0.1066331645076723,0.7085579872961271,0.1073277451687935,0.7075701760979364
0.758420093609965,0.10856580262310658,0.7553305049619731,0.11044917621508318,0.7604341028766243,0.10833601822754425,0.8195439355418687
0.744879403074195,0.10623521076673195,0.7545076754031171,0.11040823994241165,0.7811136198516688,0.1069220741917728,0.724275869600789
0.7732781598223811,0.10658866345743616,0.7521030997758049,0.11044771174798217,0.776159661430914,0.1070455716450099,0.568201724066995
0.8117631175659752,0.10945524135896287,0.8060595255954599,0.1096183785336616,0.7784904832860298,0.10615340880550508,0.8750612633917001
0.7851420611212167,0.10658574772738359,0.8198277661413638,0.10439529514596915,0.8075658627142281,0.10801005357218699,0.8129133566428556
0.8077233521107116,0.10948591374725569,0.7740832226923287,0.10563339734329089,0.7728343574366905,0.10898837379866304,0.7160033436347992
0.852613741395773,0.10641923823014084,0.855953137207311,0.10592576444036597,0.8461737983768571,0.10637318427933716,1.0606978403536118
0.884843844565936,0.10860691027785929,0.8817591244601369,0.10567285260773086,0.8888942753396598,0.10628409981613841,0.8750612633917001
0.8819144884590628,0.10868116251472554,0.8340269401079926,0.1067048590052873,0.8857211964821858,0.10657320250127204,0.7923916894982539
0.9799051590041186,0.13566818310878365,1.0331410260001785,0.12393206468375104,1.040971626331821,0.14128558967895913,1.0718820073061255
0.9789463075861138,0.13562983932251446,0.9353651239552244,0.11162087778386864,1.0301218118176914,0.14097247389818487,1.0606978403536118
0.9760952779905427,0.13566038978135703,1.0302226891257171,0.1240088459185938,0.9977416538750304,0.14182274126770034,0.7160033436347992
0.6887103811128096,0.1174052476486451,0.7813106162793423,0.10526562833038515,0.7129235354352785,0.11753041715552211,0.8388490907372553
0.7634649514770669,0.10680396117832654,0.7855237861746206,0.10494704270003669,0.7002940070892526,0.11544200116914548,0.8260748027008264
0.7251943318176932,0.10768588136396015,0.7400359955992646,0.10621224719572928,0.7462760293562783,0.10849687677375722,0.5185139398778874
0.7809335716840398,0.11484820821475332,0.8163933484802519,0.11254309291581191,0.7872437709724499,0.11596475059597773,0.8573324964312685
0.8442388143678196,0.12364568471960857,0.8121566367545371,0.1161196818886068,0.8091113690855811,0.11563418365152726,0.8325089127062363
0.8414400575600031,0.12375131928588451,0.7723883638063277,0.11689964025863836,0.833607656748283,0.11560748592011619,0.6989700043360189
0.7803931813326005,0.1059471272638686,0.8144686181292681,0.10870200114252748,0.8010843797559702,0.10841948836505615,0.8633228601204559
0.8269774669694433,0.11029300608817619,0.7639031747886251,0.10689119292408726,0.8126310491820787,0.10719955222859223,0.8325089127062363
0.7883937331787566,0.1059810153509959,0.7599218266994873,0.10773317515849036,0.750270294349277,0.10866259309699204,0.6989700043360189
0.7714109704761124,0.10678421312742861,0.7611465189475541,0.10737718318543284,0.8013092088702157,0.10859921103619077,0.9138138523837167
0.8218764571145744,0.10776004957955065,0.8051281765228917,0.1051494210015834,0.7880384521291736,0.10809466357225665,0.7558748556724915
0.8190568537447406,0.10784044251544411,0.8027180698810981,0.10623100272314438,0.8048447423256612,0.10631979680431142,0.6434526764861874
0.80598160957726,0.10632630564087729,0.8542674322730278,0.10648785381937666,0.7996114329244632,0.1073863274779641,0.8692317197309762
0.7984513962082358,0.10710300752197736,0.8396549413940865,0.10601602086773756,0.8099887110030854,0.1079196337330764,0.8450980400142568
0.8060729375740152,0.10639193453069928,0.7963048111334118,0.10690160124799236,0.784931363916564,0.107678641359394,0.7481880270062005
0.8617919186179159,0.10729521026627489,0.8402027169020951,0.1065404862952274,0.8181575773021771,0.10811318829157847,0.8808135922807914
0.8430987067155471,0.10621938162425927,0.8767697412918227,0.10798642403096163,0.852865720527251,0.10751535431936429,0.8750612633917001
0.8433767571997948,0.1066373751894556,0.8567800855433509,0.10916038725919949,0.8128214095888282,0.10846626050154237,0.8061799739838872
0.8466196853915999,0.11495717973220466,0.9063487644613268,0.12274310693022579,0.8327461614375354,0.11679009019207931,1.0791812460476249
0.9237697956149613,0.115370096943759,0.9393664471627065,0.11427410958876706,0.9479579449664995,0.11637682363474593,0.8692317197309762
0.9195488090889257,0.11696316003703375,0.9012080467698818,0.12305635355261237,0.9491917400295528,0.11514416506088389,0.7481880270062005
1.1854913715706703,0.8240325983108854,0.9530170705409114,0.1411199497896767,0.960207966108771,0.1398702988743612,1.173186268412274
1.184501957796435,0.824017667112288,1.1760830995023168,0.1411556692135413,1.173036775687575,0.14086315433392885,0.9493900066449128
0.40768305006724725,0.20006598533045017,0.1753903388725646,0.19822791575228327,0.3041754748346137,0.2689028311734412,0.24551266781414982
0.0930133609827235,0.12749511036674224,0.3248243539149134,0.22093927432367982,0.36495668048930896,0.2768960285393465,0.08990511143939793
0.0945785777172532,0.157131850076915,0.3488021934760326,0.25713502561550755,0.40266256242638176,0.3298461922011404,0.021189299069938092
2.030880707971432,0.15040657865902402,1.9065220052715106,0.1478498025398859,1.9573104319359036,0.1969520683065357,2.2174839442139063
2.032352161932704,0.11811070523685789,1.9458516635046668,0.12796943463136629,2.0226108323437777,0.15760229061033415,2.1760912590556813
0.8268632075420868,0.5387133462064003,2.533150546310096,0.29400766849583604,2.6773045604710344,0.32902052358180045,2.1760912590556813
2.0337760961387654,0.11401201182282311,2.086004660346207,0.11007139316580766,2.0278846764962104,0.10802419472081433,2.0791812460476247
1.8839499716469394,0.11563463811197477,1.8947197660777126,0.11462050640634713,1.5759221003056227,0.33817787072486616,1.6127838567197355
1.678937356886276,0.1216928279838813,1.618428920891057,0.13256638916265637,1.5947644583604366,0.13290441327222122,1.6020599913279625
1.16703384835219,0.23350606678778443,1.3660168674938429,0.1919761032213089,1.3063979853143524,0.3596636415277811,1.6020599913279625
2.0393670075754886,0.11813936364803015,2.0234474171485726,0.11512096820076896,2.149460639902397,0.12097634092648403,2.060697840353612
1.8770442584399019,0.14138246703816804,1.8726111270676051,0.14446669538737517,1.8720940919623525,0.1398190072608365,2.255272505103306
2.020034086668009,0.10950583928706346,2.1214558948698135,0.10753984638063764,2.0286411062393963,0.1212122835447021,1.7781512503836436
2.1105990620845505,0.11191982366137172,2.0890515380189867,0.1271859462509056,2.1428749972057033,0.12028003627661103,1.9030899869919435
1.9278180744654532,0.2299424368361254,1.9852896275516136,0.2299200930475857,1.8710245720576602,0.2595270799319432,2.3979400086720375
2.8564146668407764,0.6019126347593661,2.0349456034306272,0.35105226823186014,2.256889966642307,0.5163447829906003,2.8260748027008264
2.06989698262686,0.37831898642950884,2.085743414971918,0.4196608971243366,2.1822448014219393,0.3607108927493097,2.0
2.6143720103751837,0.16919007089738777,2.48464249291895,0.22190458857060566,2.6096531403427177,0.17654966999925875,2.5563025007672873
2.4710416355308364,0.12111205648754488,2.418258469752097,0.16609380524338982,2.490523596061646,0.12594642646074272,2.4913616938342726
2.3228691541268427,0.11421240713220385,2.3440152004031147,0.11193933532816572,2.3455322215344996,0.11562475489971753,2.4471580313422194
2.21095057819622,0.12301115215183693,2.284311741614816,0.12075884286633705,2.475172979333336,0.1741171781723275,2.342422680822206
2.2557100914337926,0.11203015566196489,2.2035498318060682,0.11538133089254328,2.2435173711629894,0.11174421365797764,2.3010299956639813
2.198366812410931,0.11586202996239005,2.203555252609112,0.11538133083980108,2.240672851248948,0.11709500695302637,2.3010299956639813
2.2556936104306056,0.11203011280928148,2.2411187015566445,0.11079109984653264,2.2824064014462664,0.11341328181757053,2.2865462835166968
1.8258581557051061,0.19378629784039453,1.5240590751997263,0.33618827674551965,1.838904096850942,0.20930916783273118,2.1825002473792
2.101072454977607,0.12209283661649403,1.7993046471392933,0.2078319776027961,2.1433352004542696,0.122073087391451,2.041392685158225
2.5329134296775857,0.18841998999514414,2.5669877019584586,0.20947862345063317,2.73560864827503,0.29299285112207285,2.041392685158225
2.238679102189363,0.11423991066427246,2.258683163996266,0.11023433435562911,2.2595021430139877,0.11633288149101545,1.9138138523837167
2.4644315544731663,0.20419758275214256,2.424774547232052,0.16409468901174165,2.419453839775997,0.1316314358274776,2.4228359687795225
2.7110873287173956,0.43791134898824746,2.5990317151061513,0.22213752805211232,2.5279551340444466,0.4650364554198989,2.6354535864286435
2.4447540266754944,0.867261147357806,2.5325318640431633,0.8430816100301488,2.2720389600916784,0.9114724865582384,2.699681663884886
2.415005029758547,1.0086722087427318,2.4176955099872823,1.0080471681345349,2.5002375310931395,1.009006893122515,2.831146414079443
0.5657873838829728,0.10914631599356685,0.6079637655558512,0.11051920586893275,0.6501142138791647,0.10869050405201672,1.0791812460476249
0.7040987380268284,0.10539586598656056,0.6201316178262466,0.10731172030548004,0.6506812318188082,0.10608087752184887,0.6020599913279624
0.6963850634535069,0.10445639045824873,0.6363340292893358,0.10514792770677403,0.6773351064516817,0.10446149518815497,0.3010299956639812
0.6877601492012917,0.10608219228235105,0.6978641550392368,0.10457208730518473,0.6600313000049085,0.1049349667896596,0.6020599913279624
0.6666002794120605,0.11083145944165684,0.691692397385135,0.11193102741036999,0.6629972581436354,0.11164039454905651,0.7634279935629373
0.6787873867177251,0.11308601348228045,0.5525708483310894,0.11897342881142443,0.6628112138883027,0.11190192506211011,0.8260748027008264
0.6464253029458091,0.10756297774916125,0.607709201893408,0.1106000565501582,0.650123354605909,0.10904040153667557,0.8061799739838872
0.6559808654805285,0.11177271650016071,0.5525496165374548,0.11897390380321603,0.6694654062330726,0.11355485453757673,0.7781512503836436
0.5836428903887181,0.10624019262110508,0.6466417319810321,0.10512347699430943,0.6494110959703964,0.1051496519837765,0.7781512503836436
0.686719955658906,0.10773541969418417,0.6529378456514923,0.1071809706129145,0.6874481496445463,0.10814534250692788,0.7781512503836436
0.6056383817507165,0.10438702168385972,0.6912639115259155,0.1038482034031016,0.6526769694260753,0.10388319021478895,0.6989700043360189
0.6827866301529587,0.10586437291779931,0.6536370949390384,0.10517433315558038,0.6512368177238881,0.10605636048399802,0.6989700043360189
0.6729949805871758,0.10580385159227415,0.5912861705306194,0.10792176871933824,0.6724953020250718,0.10608437890975098,0.6812412373755872
0.6919951891821378,0.1035790743250737,0.6998959785581786,0.10379943875804111,0.6521702394759319,0.10454474044187954,0.3010299956639812
0.6784876762915114,0.104912949693134,0.6912419123841158,0.1038468240668477,0.6873013853698764,0.10378344368818068,0.3010299956639812
2.991835040800572,0.7240303748187816,2.835564037737562,0.6332895276303272,2.920027698520185,0.9896528171087989,3.1958074358152864
1.9574500169184321,0.44013800814158427,2.215971950588729,0.5732506994573117,3.4945063566270744,0.6790297908831495,3.1958074358152864
1.967782733775319,0.38037596098246146,1.9696437477682154,0.16505208772262614,1.9392694657402747,0.157099343822815,2.334740887721888
2.2003006797005544,0.2999421968577679,2.0231419073138186,0.11819173314393316,1.991307625238035,0.11616914976664201,1.9062951290625774
2.2345618698964214,0.29992880946652023,1.896313715707684,0.12315110460029281,1.891455167142944,0.12262357836300869,1.9062951290625774
2.2297004728830867,0.29942767811923765,1.9895619361783061,0.11945682991777508,1.9224236153262193,0.12352850471693644,1.834228891383931
1.955836851825827,0.47601450821211533,1.11061952560675,0.4111392224901923,1.1444462580269887,0.391883456627703,1.754670152523498
2.0960940549839213,0.26188896579529053,2.425497908272695,0.13862356336650344,2.24771165479185,0.4669613537927099,2.967079734144497
2.848796498374007,0.29414255044686255,2.9951354724850754,0.22531663729836995,2.696278843365907,0.9637819334334444,2.949877704036875
2.9388273388768487,0.30521419937594446,2.6814505387201524,0.34257749916292385,2.5057902175194,0.9702394163881017,2.661812685537261
3.095457126349192,0.2609616766783159,3.251534970433637,0.26970459332698377,2.1343536147714373,0.6503762931695026,2.298853076409707
1.422010955380666,0.6617555037816685,1.5340154112511648,0.8146215617030562,1.7681514074378482,0.7715091327337086,1.8916346250702947
0.7047411817950197,0.13554810538109083,0.7173231773004785,0.1714788687483728,0.692320106782873,0.15387557549925204,0.9030899869919435
0.816685528025611,0.12491670736009618,0.8130897655025366,0.12529262019268117,0.8140458967999643,0.1249290667013585,0.6989700043360189
0.7516675107702425,0.14673483589491867,0.8019717433027906,0.11205864689462003,0.7667797247859397,0.14134707467388546,0.6989700043360189
0.7485212296671058,0.12716445371652765,0.8039289890351439,0.3529497422829831,0.6069651587150391,0.22350896328156866,0.9030899869919435
1.3433888202797108,0.5845810786010169,1.5505138800685196,0.724434202865106,1.2956843291583664,0.8467103532635909,1.1139433523068367
1.535582624194646,1.0194813494889778,1.4412595696381838,1.0209231952095035,1.7128650844555688,1.0192234305354384,1.3979400086720377
1.1952353393876365,0.34844502124930643,1.0540013807778066,0.16025059882793816,1.03559172018256,0.18133520469763945,0.49968708261840383
1.190908868980058,0.3037628970043493,0.6667277937563181,0.12953637608300247,0.6295375578057221,0.13307261393126613,1.0314488618593833
1.5029936359158242,0.32958754984199473,1.3851902429945537,0.29521458229536496,1.3573520568990154,0.558601768644317,1.2242481009625932
1.8108632875475406,0.6025305098596011,1.9411100363478262,0.7259949679944475,1.7282571579944692,0.5582879493787543,1.6989700043360187
1.5127030315541978,0.42393309727685297,1.6759811478974278,0.48414100932232446,2.1306424309408616,0.9249801072195868,1.623817637311556
2.0706655810239085,0.14336746033413847,2.1415712064545414,0.13718666814187314,2.0048817076140972,0.14323187692067865,2.758172248053806
2.425312062894239,0.14316956271181894,2.44680129847743,0.143348596519531,2.362399219158126,0.14325921109880715,2.70895422526236
2.422892107234862,0.27404712167003503,2.4954553308098246,0.6020968310358381,2.0242952231969955,0.14323456665169856,2.6989700043360187
1.8908479839156276,0.14327783500386754,1.9044762510969708,0.1434542200152401,1.9105771147812114,0.14347462954033888,2.3717120565379637
3.54503053788854,0.1433896042188262,3.636984846181759,0.14314944832114235,3.4692946961002833,0.1434561812193437,3.295541529929717
3.264992867146133,0.274100373088196,3.43195479088767,0.6025108555838661,3.520146070967224,0.1389695949783364,2.9542425094393248
3.553104411755064,0.13619140706581082,3.6846898105229697,0.14322851041563603,3.572799174389475,0.13710889087655093,2.9342635071094874
3.2080123480344414,0.1434890680631283,3.227092117370838,0.14333561577453022,3.253347367191755,0.14372495065719101,2.7503469106520897
0.5989603181127843,0.1399947050282295,0.5458546698519873,0.13776290693536083,0.5968226337650786,0.13566471921644793,0.47712125471966244
0.490993583762827,0.1520203391639713,0.5951270515257889,0.12326803134411965,0.6016803827232156,0.12264097535363733,0.6020599913279624
0.510132297547047,0.21227450337245057,0.7160538414800549,0.12413341728485143,0.6371920666269189,0.17341446806555397,0.7781512503836436
0.5902854561113491,0.40918681074541685,0.9751486831763873,0.20624055031061964,0.873952251972552,0.33791618719454886,1.0
1.2249639794975722,0.982382903939998,1.8817392149006589,0.4447891366698867,1.8248678636239606,0.7878945275826994,1.9912260756924949
1.6469422312635726,1.0069974436532876,3.119937699661045,0.7503276845627032,1.7135034447583493,1.0071300650517967,2.6225816587732296
1.6536192016048934,1.0050272860432603,1.4667916798299916,0.808029306551109,1.4804650312007444,0.8883078719593183,1.9822712330395684
1.2688819780578566,0.6596788770641054,2.073189521512923,1.002888424225243,1.6881259328877587,0.9073035455524563,0.7558748556724915
0.6613544414328604,0.11723246848435104,1.1964024943107743,0.14193532618330482,0.6417465582242365,0.1176847725186568,-0.2006594505464183
0.6915223828446503,0.12334638631698293,1.1963696650680191,0.1414321487726766,0.8686408224822786,0.11589327929530867,-0.6841261751528591
0.735933159798534,0.1224662488399839,0.2776787866888948,0.11542484915986599,0.27914905120912636,0.11542821701122416,1.1916186633694683
0.1230447915938726,0.11712369912055327,1.196487248687504,0.1430874053953081,0.14660292157974153,0.11961090474673329,1.7007902213743469
0.5134336394306727,0.13999365778109332,0.5217344348987922,0.1410297172037501,0.6465816913226576,0.16012654081503858,0.43136376415898736
0.608408667775191,0.12147459881423277,0.6759431190888173,0.1209146736288081,0.5910600559657255,0.1236837730266262,0.5976951859255123
0.8187071586786306,0.11669431689323875,0.8314376076508985,0.11844169598816974,0.5780298759686973,0.17671780043071092,0.8000293592441343
0.9631157895534056,0.16435077841690215,1.0863742750086693,0.16474939145260428,0.6048481631447336,0.29575591673903057,1.3384564936046048
1.623472409608261,0.3002427387768362,1.2341407997543006,0.38575463517938113,1.2846681522326566,0.31285643086888776,1.1958996524092338
1.0585867901100519,1.031731654606988,2.60428962270169,0.6371523948108976,0.9867077983088388,1.039283977296925,1.0791812460476249
0.9763007019953948,0.1515795129533207,1.1141431400996276,0.1916123823749864,1.1162492546006346,0.18181752903463036,1.0433428227646813
0.6168894764690969,0.17294602695822026,0.5599957046602475,0.1457806130815243,0.5863711622547081,0.1888077251275866,1.0911966803912403
0.9093814793684766,0.12695889595871088,0.9925698505683636,0.1622176060176404,0.9435398785535607,0.1316432786316455,0.9137089734924423
0.7559105630517723,0.128147171844478,0.763803704802624,0.12299318383510287,0.7566197999538147,0.12697944496868036,0.4742451189255232
0.6880166815197487,0.16831114800649175,0.6629006660141497,0.2357414832478269,0.6992408339507561,0.1579347619358771,0.7515534544607227
0.48355137181129737,0.12474635630117145,0.1988633250889913,0.17733454374152446,0.13820611782776893,0.24179196065560588,0.30317466626995204
0.7935478264381632,0.3259899573153898,0.5314944592560906,0.5331956064743961,0.5572954519666187,0.39296710230025683,0.692907962872534
0.07542147869060312,0.3187569268477182,0.09272757118693642,0.384300598149121,-0.12348347767004464,0.5020999185534916,0.22098782005028048
0.8611732654840907,0.6518340184900808,0.8348110433945994,0.37515725497673863,0.9630856727015317,0.7152722663221351,0.7083283371027844
0.9143145588941064,0.668785350196744,0.9291236047738777,0.7108895967143727,1.101788579152596,0.7608796674448081,0.5650524972024342
2.524811824986112,1.0074001418748106,2.666599872505393,0.8281948832736533,2.660160570638524,0.9014236011867861,2.482873583608754
0.6457386839595058,0.11097313788349272,0.5472174257186382,0.11903781581087189,0.5707538480165437,0.11598265830783323,0.9084850188786497
0.6513368554949988,0.11139602960130855,0.6276266374114898,0.11077650843805033,0.6155520885183408,0.11105253325949824,0.8325089127062363
0.7468379728091007,0.11704480921906099,0.8301018475893199,0.12395400295346289,0.8369628641470829,0.11987787373777228,0.7403626894942439
0.692581058870029,0.11993619477302118,0.7211061610225397,0.11645078176246279,0.88539756486701,0.11874536467720766,0.3222192947339193
0.7799953070342727,0.11083993633985445,0.6703257575735005,0.11324949179363787,0.6999610373578409,0.11144030524071755,0.9777236052888477
0.9076019536739803,0.11748940385549886,0.9195512803500021,0.1141844498194395,0.8723578069232073,0.11647448886402167,0.9444826721501687
0.8354957741038069,0.10584104762667766,0.6788163742203219,0.10883301594669258,0.7520929545197448,0.1063280795389495,0.7993405494535817
0.7539638456415353,0.11107946137232497,0.7926687260235352,0.1086205249833497,0.9774791405513515,0.1137074718166976,0.5797835966168101
1.078636823192064,0.11541709261089879,0.9944081550508952,0.11177956140270828,1.026044398858967,0.11723122855433678,1.2174839442139063
0.9159401351286555,0.11696233980082645,1.00272827115811,0.11130116524741616,0.9339391020416646,0.111912787968709,1.1139433523068367
0.9776300919972556,0.10789517022124519,1.013179357369586,0.10865428155541336,0.9473823375089155,0.10948637225029846,1.0
1.0584176193536612,0.10543461609069453,1.043540886838079,0.10468769452542151,1.1041534730673481,0.10632016337056828,0.6020599913279624
1.3815971473992692,0.12714959276582438,1.386232773548469,0.1166414885117228,1.3775467682329887,0.12037054981115704,1.6972293427597176
1.3538105833449992,0.12960165239683738,1.5197905884976484,0.14942474629941788,1.2885797353758681,0.12708021834654426,1.4756711883244296
1.4882787219278224,0.11122140828465749,1.3814427356249275,0.11343164950823424,1.3981205823719796,0.11578789810973716,1.4668676203541096
1.483871049903235,0.11520875850857243,1.4752690160989992,0.1167397217314928,1.4391821084169913,0.11792222014920754,1.1613680022349748
2.1069823441345568,0.1293050944871447,2.1586477936500623,0.13298709924390706,2.079594242836363,0.12851212169829584,2.7514330818193473
2.3693762833405874,0.12361033395709764,2.0698126966639645,0.11773568232946496,2.4325608021247245,0.12639945221619178,2.71121652432109
1.9948551127000156,0.1520143986059694,1.816298685675196,0.21262731606371513,1.884178220830594,0.1465545485581523,1.888179493918325
2.326411997587015,0.12356061077614856,2.4395718792488106,0.11713916233058899,2.3381169463292286,0.12656926743263205,1.2695129442179163
3.5566862641505823,0.17771703365134664,3.09122248401518,0.18840046094648882,3.1611066110836417,0.43209212461006025,3.4648867983522846
2.7984127103078835,0.15925222412525217,3.0616373898842792,0.1852310434975146,2.974369409611426,0.1722907866282743,3.129593598631454
3.339677733380391,0.1286764839053951,3.1777342029741726,0.1269116911124934,2.734403653970715,0.2970953629444447,3.043881485530335
3.3908226484366635,0.1751017743630718,3.314115593361692,0.1394919098183484,3.17214300803112,0.2580828334361908,3.252908802698647
3.119409120401766,0.12296230968984945,3.1696868844202815,0.12225207591451079,2.8033705881916884,0.18721423994023673,3.0110889721802105
2.972033903221087,0.13050107961823246,3.0376390711896377,0.1313690565102047,2.9977947568629877,0.1459430023838535,2.9756166540720357
2.9882398748789676,0.17815563813246948,3.115793178582624,0.17006654144923516,3.062174255404181,0.25509536997248,3.1727505157617624
3.0526746518590038,0.17822847007318315,2.7713476398153634,0.20136031682451203,2.828921348775358,0.21596087846894987,3.0110889721802105
3.114479487472508,0.1421683150820021,2.941948101263635,0.1533043437901835,3.075340495890462,0.12434952205509156,2.9369872517800037
1.5645619203542998,1.0062438904975963,1.7005235120971518,1.0065630307508986,1.5542162852428785,1.0069565756946497,2.9836262871245345
1.0975456469078062,0.165033571714085,1.2036295855300099,0.1491788763678847,1.2999607725189013,0.23878057100977668,1.041392685158225
0.6509739820406426,0.15896263375233965,0.7191298935991546,0.14551810650012176,0.7985607602492999,0.177295437975909,0.6020599913279624
1.1980376198861917,0.12574733609008226,1.203547567714584,0.12306597447443025,1.3623888489830118,0.1838775856585023,1.2304489213782739
0.7595339748310393,0.1287788015153487,0.7370733836041617,0.12477792617684426,0.7362979766301039,0.12420606071209798,0.8450980400142568
1.5053973916807644,0.12249573433176353,1.4094693893950883,0.12777583563678066,1.4824819870263977,0.12324683086658479,1.4771212547196624
1.1344979647154556,0.12796298032521447,1.1661480546106686,0.1223676097172342,1.1608531212009157,0.12010454025822742,1.0791812460476249
1.33304992044386,0.12626625444464487,1.3158711322963652,0.11612724870900168,1.3233982838926786,0.11658866371629123,1.3979400086720377
0.953775751507374,0.11464465879792955,0.9543540833647661,0.11008858500995643,0.9826800704951871,0.11232493511980819,0.9542425094393249
1.1880044199813509,0.16618800933669856,1.216177365994373,0.14692566692018852,1.221798845365587,0.15559001085696503,1.146128035678238
0.8759417880357024,0.17308328223949476,0.8632904632355564,0.1802299241116051,0.8562683587179938,0.1523450783405957,0.7781512503836436
1.7010700006792463,0.13606484096444427,1.5614033567496532,0.136024157549883,1.7045729600085298,0.13904167194464986,1.6989700043360187
1.4392077395934286,0.1417981554912689,1.3173716391857544,0.12840713217866015,1.294863140109558,0.15689650584179152,1.4913616938342726
1.513880489254519,0.11292711927725557,1.449137710931891,0.11808324564649371,1.4946337850433022,0.11531110224240616,1.5797835966168101
1.253553818571065,0.1147058226558732,1.258411305363778,0.1277326019374413,1.1597148165894224,0.142797549142487,1.3010299956639813
1.399252065122888,0.13208634497400423,1.4262729655598707,0.14785113566800484,1.3993520280824199,0.14517336740090447,1.3222192947339193
1.0849039500661677,0.14740783724073214,1.088891584288362,0.1632789024128927,1.0343354222834777,0.154575957549715,1.0791812460476249
1.8287635014787829,0.2271043661914418,1.8932402689528993,0.16741903062186528,1.87427936758498,0.16964107934704067,1.8864907251724818
1.7342709237060798,0.17440628474851164,1.647283815089177,0.14876576341493483,1.7492039222479256,0.15419977827701545,1.7160033436347992
1.6965539065111044,0.16371430780970636,1.78315837502959,0.17776894686678862,1.7298370362092486,0.12531412331335753,1.7403626894942439
1.5458306128213197,0.12282902246717935,1.5154352915252658,0.12315527491066657,1.5213486741739362,0.12339487812102494,1.5563025007672873
1.581433407298382,0.16547692039202935,1.668942346563131,0.26129643464893854,1.625922470924289,0.19020351746362194,1.5563025007672873
1.3650504735255902,0.1611398301397134,1.4424758050908104,0.140281787727039,1.4600039339826396,0.18268244549789614,1.3010299956639813
2.0463671930857625,0.7808622709340304,2.157363153800246,0.8102422003432694,2.188365270108892,0.8268769092575201,2.103803720955957
2.446890854752491,0.9619278819721251,2.4179449191277094,0.8620418138063013,2.361017313821126,0.9311513061934362,2.999130541287371
2.4607431913124427,0.9881716642909876,2.6638714567613277,0.9140722383065855,2.481414296261278,1.0070574510865782,2.0569048513364727
2.3898482157971155,0.5546291042680654,2.5884153604423847,1.0050916756929977,2.6375736793036566,0.9639282723910335,1.4471580313422192
1.7108164134092199,0.2286873753328366,1.6968320842211448,0.21008047951555844,1.7067561800485085,0.20535698918680892,1.6989700043360187
1.4933781845006726,0.51457009549001,1.4842580536528958,0.21044486558374184,1.504542147195178,0.20869318627563502,1.4771212547196624
1.0517925646152335,0.22376912916169842,1.8434138990030522,0.7358467085153783,1.7835692209081295,0.5332573307492728,1.146128035678238
1.9721893973784277,0.1584876768529701,1.952705697885492,0.14974262644602512,1.9074951727289429,0.27382752456299614,1.9344984512435677
1.651130025166612,0.3627173182517746,1.6351061200394126,0.13315208891973418,1.6497665650994364,0.13811768536466132,1.662757831681574
1.4071888647736817,0.1587903611064191,1.8653192571828288,0.5283832610027722,1.8116078384627743,0.36282950850774887,1.255272505103306
2.2129831807151374,0.24808359756473403,2.106177797109198,0.1776056672578127,2.2084667337639052,0.46983533209828116,2.322219294733919
1.8965485264040738,0.250474649320791,1.7550542140567762,0.17742661816644573,1.9933848617111831,0.3041173316963985,1.8864907251724818
1.4123992741857208,0.2587701418488929,1.4074696589507134,0.256037316804116,1.3470716053492604,0.2485674881686744,1.7708520116421442
2.117126978964873,0.4831432022554449,2.1557579848007253,0.3904120995936411,2.187829604295133,0.5271961809512061,2.164352855784437
1.843558387468332,0.4155070795938996,2.059230420691146,0.36690824042114006,1.9582742537357523,0.5105589823614768,1.7708520116421442
1.9079324411964007,0.520833230869234,1.954398141258641,0.46773829213316115,1.9354088608650302,0.5347669499757439,1.505149978319906
1.0505858770530558,0.11661759468934234,0.9795998242545708,0.12074430930849545,1.0110614381264083,0.11425687835444617,0.6961949619737903
1.0108910504571185,0.10480760539986274,1.051753991075141,0.10431945357961346,1.0301842822160614,0.10547024828405031,0.8305933515989188
1.0517026368551805,0.10471430725768362,1.0090183642544828,0.10460019594309404,0.9894513064042931,0.10531919869382748,0.797579815793672
1.0108902000905355,0.10480760540511685,1.0517517746249712,0.10431945357478495,0.9894513795480141,0.105319198697069,0.797579815793672
1.0575341019686135,0.11045436394609812,1.1132499651699663,0.10828560220420037,1.0322109704584717,0.11084791356517198,0.7436195787442547
1.096878534802667,0.11503576791914906,1.0463914016611842,0.11749955668211264,0.9707419958859247,0.11177801966526468,0.9887917815307437
1.0046044735160629,0.10389380142676691,1.054836685713409,0.10442663281938544,1.0445758392911848,0.10397072984071942,1.0801263997448851
1.0312599466215056,0.10378509114161845,1.0548473183317437,0.10442663252299428,1.0859287188874667,0.10446724175667133,1.0508370135649823
1.0692635745743346,0.10340170112290588,1.0111315851211335,0.10377137229893124,1.085926892614642,0.10446724175038623,1.0458367464142944
1.0166066010511003,0.11365209783604467,1.086818086155293,0.10898072069489245,1.087251865247166,0.11096859463771759,1.0215842860140794
1.0252717294227787,0.1117414801548796,1.061323250327405,0.1092090525649985,1.0550788174593397,0.11019366469316412,1.0941349531626912
1.0975319536018877,0.10330014306258907,1.164730209946072,0.10292699148346865,1.1570449740679312,0.10360516671244649,1.239856395556882
1.1680430227327223,0.1033638029939378,1.1473651393293396,0.10345261544610199,1.1337052966273546,0.10287786002090091,1.2302819158169285
1.1183624936003995,0.10322090704387184,1.1537319923745248,0.10291744546067697,1.1307942715922719,0.10330757084923549,1.1555354937858646
1.1784501608924103,0.10734032657216835,1.1295284448745941,0.1088265968322931,1.1588448033464243,0.10989625640850444,1.1263196365340924
1.137604971318978,0.11129697236767054,1.157742801931582,0.10779478692491948,1.2220113693082062,0.11047438043420996,1.2354641059591605
1.2176338071237878,0.10348013738880524,1.2144806182162473,0.10415777995015821,1.2342560771051867,0.10347940567919894,1.430205792067269
1.2176305023838885,0.103480137191271,1.2493579844933664,0.10241772764833419,1.2342537466451513,0.10347940577995644,1.3804753391098448
1.231897663709257,0.1032732618435745,1.2165943052733572,0.10203077443935386,1.2342517175032408,0.10347940574639315,1.3764099587970406
1.1686911442929886,0.11203034610562844,1.2110163199467467,0.11166812089625591,1.2382543295122737,0.10947208441431336,1.3604028425674604
1.2987086353600357,0.10980618727952547,1.2806362172558032,0.10897000886301843,1.3583842900523182,0.11541767043334666,1.3746432963453468
1.376962842643827,0.104698588269755,1.3736399560248014,0.10704837136664509,1.3729748725166786,0.10415545790855991,1.5817214203849028
1.3847702811838063,0.10426637503106853,1.3736429410552458,0.10704837145435249,1.393663969675515,0.10409859849522599,1.5279582682846446
1.3847715906038554,0.10426637472942173,1.3736445820334646,0.10704837120268325,1.415023831153451,0.1040726740115015,1.5007691607550182
1.289454981582424,0.11186745380499352,1.3659582002811246,0.11626118552481242,1.3819988988621912,0.10898426434611327,1.4743461977881533
1.8712779631384358,0.14226483564808357,1.9161966048177912,0.15069335498794398,1.910398424407834,0.15360983030093775,1.6911547233885742
1.8494861009892394,0.11094873503570976,1.8500160420898109,0.11185421142474616,1.8977221509762374,0.11553011656118929,1.8487323228597905
1.876548456710656,0.11552925071339816,1.947825362147848,0.133250447583064,1.937415047499694,0.12054196199976969,1.8273016807154139
1.8987129699292096,0.11455324814281158,1.9478143992350985,0.13325044738020672,1.9374162818154383,0.12054196156612293,1.7492904790287955
1.932833325365174,0.1326571959606648,1.9248522192173527,0.15123983062866223,1.9021423654162828,0.13701064632626905,1.7697723174478275
1.9716417321160942,0.1480493658072485,1.974523453412677,0.14683745539110235,1.966339790895513,0.16029752877140907,1.792391689498254
2.0253979811196468,0.12397090497885313,1.9598345839773028,0.13150385027371495,2.01785671329182,0.12324605425687694,2.0253058652647704
2.2182355910601164,0.12262973876293315,2.1973725796342625,0.12858941933188922,2.220440328955576,0.1198782061018337,2.3636119798921444
2.7281732853830913,0.2543334105743282,2.526947335674481,0.14229956816109013,2.6830115539364243,0.21309636067161436,2.673941998634088
2.826310059938283,0.7799780790533227,3.3783321194821423,0.369249911998451,2.494509810272435,0.676336919307724,3.042181594515766
3.5493614994728833,0.192207429978388,3.448158344972348,0.13936924787491012,3.414903370818361,0.1411870285370019,3.7399935484064395
3.4856332013420745,0.16970804067242135,3.52304426241233,0.12208072384448442,3.5682086090845715,0.13214496687238803,3.3508274639865863
3.3909923731873253,0.12617296662140112,3.320359623525386,0.12629292991268665,3.3896935880367267,0.12310742985296831,3.4067788693285026
3.887598367603117,0.19232329411807697,3.8997901939517075,0.18290401963478614,3.7849356062186565,0.15739873359190182,4.024936968037443
3.5997825908833754,0.12025001816309397,3.620253604079351,0.12042222250332056,3.6001384481366174,0.12013417338503199,3.867231714518894
3.4925064324237414,0.11816380293573445,3.5299583716727083,0.1117369282348748,3.5943873669226405,0.12723487730550742,3.1225435240687545
3.1688527591187636,0.11940799087058057,3.1890252747803807,0.11222223968623582,3.2925321641407397,0.1227268053603327,3.031408464251624
2.9243614961920286,0.11370168703090892,2.966899587235667,0.11379588846993137,2.844269432267641,0.11503057161328242,2.9662514169781424
2.9181083652270043,0.13104423580551475,3.023545790383206,0.11243433274985484,2.9291055062282556,0.11402817507023684,2.8943160626844384
2.6945236742049534,0.16354077007406537,2.6707760219533325,0.15220133302296793,2.625569589122411,0.15547094248787272,2.6989700043360187
2.0834547660282756,0.6060674963089072,1.9854767468293764,0.5734680406398773,1.7285498470243694,0.5578566056568806,2.924858731585223
2.8272319180696144,0.1312431291305458,2.82225292984931,0.13744995915647995,2.827068482761923,0.1299081198341917,2.8750612633917
2.830951379281913,0.1185486419057085,2.82506792965539,0.1170905719016694,2.8365247411175254,0.12512428546633889,2.832508912706236
2.8109539317889016,0.11252768421866911,2.7943060157617556,0.11982432057419294,2.8128879001865874,0.11836449520707389,2.806179973983887
2.77174357342832,0.11643487474600688,2.7856157753388175,0.1138936268623728,2.778949966414901,0.11487338259131201,2.7781512503836434
2.7565381797386754,0.1639291253817889,2.7887106673839956,0.14049564998671146,2.758623537648486,0.1608481290576001,2.7075701760979363
1.2743969764880543,0.15961874446563584,1.2784479750748203,0.15011935250074157,1.1165035946548907,0.14130162387070164,1.5116507707600613
1.5692362835479698,0.11500213294131954,1.617499056115476,0.11215724765838335,1.543091086970122,0.11400871338634946,1.5116507707600613
2.021229223544338,0.11274612767090324,1.9944064172936118,0.10863866968721148,1.8720107273808815,0.10899710789119038,1.988772021023035
2.339113848942796,0.11217001899285596,2.3152763730995014,0.11184115528770493,2.2908732376406666,0.11590923186296531,2.423245873936808
2.1313852669169284,0.10956074272209743,2.2035705500200833,0.10654902639384099,2.0525364234238213,0.10712326592607935,2.0211892990699383
1.9416544876459603,0.11422419984202442,1.7467691678200468,0.1171482461924305,1.9536325493604296,0.11426361118697594,1.863322860120456
1.657638342901699,0.13234907829610232,1.5428738363500372,0.14136165890782373,1.7201009245531829,0.13680236285399142,1.7634279935629373
2.878042818436489,0.11680849969012769,2.8968104646163386,0.11825696620217661,2.685277148293454,0.12241151922456726,2.7904043667870764
4.028089904718974,0.17034759176616016,3.7675596927728967,0.16493815230552325,4.010158563474828,0.14014711950514724,4.108835527934605
3.6699537151348065,0.12547587727051,3.692534264548932,0.13164353443063684,3.6890563927450204,0.12179422938313403,3.777499319590365
3.1533719032950946,0.1465137977280003,3.1175414839083926,0.14005349591424923,3.101426309567538,0.14573311159678698,3.2035767749779724
3.261517898198977,0.12103216547791062,3.1646123797245753,0.1391697014849695,3.2431729865563867,0.12275805512889414,3.1319392952104246
2.9768160256507645,0.12609516094390666,2.9893383057849516,0.13094174564384706,2.9972187798740926,0.12166754977333527,2.888179493918325
2.643481649179459,0.14024186494300375,2.632723862072075,0.15478502040085423,2.6516299769770715,0.14593661300522104,2.7867514221455614
2.6684078241465157,0.11998765136726018,2.712540667174762,0.13075161797209775,2.679481357220909,0.12124839229562802,2.7323937598229686
2.352671684497824,0.1399815126268404,2.4031253831855417,0.1458418684136694,2.379579890735261,0.15124149045762902,2.4082399653118496
1.989067300147899,0.16135456246190927,2.000835736517683,0.15093556591530516,1.8619073946584663,0.2350773119686486,2.037426497940624
1.4867226935908329,0.17192109968867655,1.4054519341412892,0.14873506922450322,1.4209601672076788,0.17616092063391894,1.3617278360175928
3.71698092862402,0.1392382736876543,3.561286259231025,0.1374611493767645,3.775321099758533,0.12573577024839502,3.839729375206388
3.3766436844222456,0.11584602210708941,3.41381422562205,0.11197822933744311,3.4365757042279226,0.11210062910024969,3.4085791254086675
2.9047102817768247,0.11897692825966749,2.9218896438453412,0.12045384787463861,2.9333781694168835,0.12017676964904415,2.9960736544852753
2.9390232317836364,0.1101186580091639,2.924759197437165,0.1118104506638622,2.8927639277527715,0.11170630402159021,2.9122220565324155
2.7110299901315345,0.11368801176505834,2.7121723569869456,0.10855549187340473,2.737056717279432,0.11135892724382532,2.693726948923647
2.442463768784708,0.11358978322181225,2.432661281692562,0.10882753111851426,2.4282418234738516,0.11088900079836135,2.510545010206612
2.4244539226806063,0.11921400116864224,2.4206188556238413,0.11759402410002186,2.420038890491687,0.11886220665185067,2.3944516808262164
2.160022724030174,0.1263449392702304,2.1365808368570898,0.11476814933841308,2.1684682576841627,0.12635311354017895,2.1367205671564067
1.7754177447727857,0.12175595701812077,1.8149399715440904,0.11868963510552778,1.6778567605618506,0.1710476042700896,1.8260748027008264
1.1572045159525304,0.12141147320830287,1.158965783334833,0.12458630302379753,1.1608972244001374,0.12464822860238207,1.2304489213782739
3.5627821280367025,0.14117540782916527,3.4633164701166708,0.11988521624761789,3.4500884807665835,0.12557141271737005,3.350441856535061
3.09491689439261,0.10978606818338052,3.109251085668121,0.1120077344396395,3.106630302144539,0.11353604595064809,3.081707270097349
2.7698641889708866,0.11866123059179122,2.7705827972568002,0.12033298685021594,2.762273980109227,0.12055530058486401,2.667452952889954
2.651267904345305,0.11099332050027369,2.6302328199197698,0.11616276996726586,2.63454372951116,0.1134385094583329,2.582063362911709
2.5193082896503003,0.11120733521878094,2.5238589725701432,0.11260896659615348,2.5056919083680205,0.11282068606711917,2.3961993470957363
2.199518654923362,0.11301599173775706,2.199562802139569,0.11147855751906136,2.2064396641327675,0.11302156527408602,2.2576785748691846
2.190611603233898,0.11870359288578015,2.185564300965007,0.12162572484166909,2.176579411182732,0.12020968601231714,2.0863598306747484
1.9270930149283467,0.12529841591775517,1.9268171641520024,0.12106935536546588,1.9326496822115549,0.12582459598115925,1.7853298350107671
1.5928736350553656,0.12537386360943137,1.6295214364625856,0.1712304799261339,1.6017679306078485,0.12429007511412997,1.568201724066995
1.043171614223127,0.1781900434804189,0.9711111852886215,0.12457600866359077,1.1796304166115041,0.20148656044853666,1.0
3.299977738598381,0.17685677998196103,3.16872610788538,0.14551931784482922,3.190143594528834,0.1496073447982184,3.087781417809542
2.766374545753923,0.12069404737876968,2.771945548982879,0.11468759449347934,2.770246380773909,0.12056340169013169,2.920123326290724
2.4407740765717496,0.14194869759251566,2.4943993413156393,0.13526267419355578,2.4399807562092217,0.1502037766238917,2.59659709562646
2.3613129383329188,0.12569651225447784,2.4121550507345937,0.1272160567981319,2.384889550755512,0.12271395310728411,2.4149733479708178
2.272562882495733,0.12665670386030456,2.2520123935228717,0.12065600413454129,2.3350316551845034,0.12117960104691324,2.1702617153949575
1.9956469196212203,0.12650698243064726,1.9630949923024137,0.12277050089542821,1.9147363732657652,0.1241423557168272,2.103803720955957
1.9306616869767677,0.13706172542642567,1.9025436452614302,0.13394733496324882,1.955289141898514,0.14257606466082667,1.968482948553935
1.6931708066330176,0.13984330930235933,1.7285448574653342,0.15123270622126042,1.6705381169091973,0.14143842575767757,1.6532125137753437
1.4483659333443255,0.16275041545481167,1.4909853684249275,0.23351501773159267,1.443422294565487,0.16710728099119013,1.462397997898956
0.9473413572259552,0.25108382027694387,0.9625935754765857,0.18747016542798023,1.152002564500673,0.29561936642579634,0.7781512503836436
0.956620789681218,1.008329254451266,0.9622801538110374,1.008398977811507,0.9444108970903864,1.0089136131804886,1.581255415287389
1.2286066774040103,0.8631153524951137,1.1810361840337937,0.9099616252625545,0.9447602627965676,1.0089079062284023,1.2699610169756437
1.173869230429402,0.8484617517732801,1.1783934910047236,0.8252068463689922,0.9619345343742018,1.0078232094843818,1.4913894877917173
1.259427999421524,0.7417684655136085,1.2605085581836084,0.6999842176727665,1.039913814034309,0.9719212052072428,1.393855202222663
1.0730376853507306,0.9850869120430785,1.0132700171033941,0.9998319081904057,1.046101884994512,0.989864971834899,1.099032375194915
0.8701468840901214,1.0084666145182395,1.0178882356479515,0.9844478800097038,0.9577926039831974,1.0083005564014524,1.390725836207472
1.077624149468519,0.927715449217086,0.8989357400418185,0.9976079675996368,0.923490675033573,1.0073834533713903,1.495121534136168
1.3335072348804902,0.32614938806857646,1.3626026423826434,0.21756746358609166,1.3307427826312268,0.32959889136020465,1.089690488695378
1.07149190746602,0.35024896749727386,1.0515522471491052,0.22307623722659092,1.0670479496308989,0.34940551478448506,1.3354238378279515
0.9775419020391405,1.0086671472928261,0.9622732183220932,1.0083989780048486,0.9444416403959381,1.008913615656429,1.4061824640303864
1.1040770734525922,0.9797865903728974,1.06079021862667,0.9772865337306115,0.985084648542014,1.007849250262865,1.2761504482119963
0.9857740390080735,1.0083039658556574,0.9625557214569505,1.0077018884007394,0.967448850049491,1.0048516492546664,1.5296042170262314
0.9898621229683293,1.0083908663661871,0.9960507667094765,1.0085592796003433,0.9408892936953949,1.0085338400660766,1.099032375194915
0.9888680401571152,1.0084051026071472,0.9622789473008032,1.0083989776509876,0.9444237349871744,1.0089136129322913,1.3077525168162103
0.9568854250163132,1.008325055956856,0.9961329592105688,1.0085500691702225,0.9444139785360163,1.0089136135941197,1.5000381282628856
1.0358919986932738,1.0016243902420867,0.962485066578993,1.0083962517753644,0.9444343195307908,1.008913613154518,1.3969747683263671
0.9903439624225688,1.0083997585918825,0.9960859192251771,1.0085726240439359,0.9780907342369292,1.0080941668267362,1.108178315998013
0.945935817320462,0.9959185518623721,1.1636737690569312,0.8792775773730752,1.0021722659294552,0.9980149562183692,1.3000582611786848
1.022492259313953,0.9989189316762745,0.989401595211373,1.0046405122852002,0.971476563528298,1.0054376109042664,1.4269310390823817
0.859330197822038,1.0087001212363322,0.9509199079756026,1.0085540135874447,0.9465350360773728,1.0086593772357288,1.5133003878884927
0.8593308651165587,1.0087001206099215,0.9509259609968669,1.0085540239828488,0.9408719945266479,1.008533845118847,1.1457121858072492
0.8593303978204613,1.008700121107238,1.5105725189871058,0.21497443617825115,0.9465216883396139,1.0086593833371598,1.4000623708588962
0.8593345600785349,1.0087001207190265,1.3925990015248741,0.16892958087872118,0.9465423789905412,1.0086593831113062,1.523849749001494
0.9566170125107115,1.0083292544743292,0.9509212718378147,1.0085540148339456,0.9444075610881507,1.008913614322329,1.195329107238088
0.9775324699404626,1.0086671924574713,0.9622736890293396,1.008398977282137,0.9465263284024544,1.0086593832855426,1.3096532653171913
0.9801835034351383,1.0086143063891229,0.9149618399793308,1.0087936725213833,0.9347530041624039,1.0083108571702746,1.4467482518508625
0.980193302929769,1.0086143049934242,0.8745716855907857,1.0086933259270938,0.9408866291501937,1.0085338513211668,1.3077525168162103
0.8593335839788071,1.0087001187408091,0.9509359844266458,1.0085540175478551,0.9465321976976115,1.0086593621844333,1.5296042170262314
0.9888681008593537,1.008404944643886,0.9150418121974787,1.008793545247392,0.9444185135228554,1.0089136129365786,1.2376140539756968
0.9888679987651751,1.008404937502353,0.994914121260598,1.0085764707592213,0.9408724285285158,1.0085338572438398,1.3354238378279515
1.520494714380405,0.20840878077480446,1.524165733270041,0.16945045640170017,1.5193799859234733,0.2208715317501567,1.4709548261420542
1.4544025730035646,0.2582697888549293,1.4598421971431772,0.2158918261353715,1.4576283937230265,0.2247349841105344,1.5330138210920605
0.8593323201774292,1.0087001212375235,0.9150001869653286,1.0087936782694806,0.9408840924463753,1.0085338495671468,1.3425138928250662
0.9801884833538161,1.0086143128194873,0.8745654503737503,1.0086933266408484,0.9347649834190352,1.0083108424859566,1.545307549522784
0.8593277495988286,1.008700121266869,0.9149462668248561,1.008793688274594,0.9347539225903941,1.0083108738998392,1.371416950140233
0.9801955617387428,1.008614306741807,0.8745627482885743,1.0086933278963397,0.94440909897593,1.008913613854743,1.4522375911389147
0.9888710669051899,1.008404948400126,0.9149754455677872,1.0087936979022456,0.9755348339811011,1.0081046910050389,1.5024760231599108
1.1433364535367625,1.0072939513636157,1.1711707998867311,1.007160224824579,1.0685844525455999,1.0065446321255334,1.0
1.1433663907759812,1.0072939600745225,1.0912853714096964,1.0070125203027536,1.1778633793696767,1.0070802403831485,0.6989700043360189
0.7353814379017707,0.12940201958610115,0.6707982355179684,0.13407433241262418,0.6675766585539438,0.13426389844921668,0.04139268515822507
0.5907789372391294,0.12353876652925583,0.5548751714297167,0.12786105519756127,0.44881630253980775,0.12991504250925737,0.40732137779296895
0.7474694756372349,0.11676720322292754,0.8282112615545523,0.12113791996944775,0.8001672889300084,0.12407136371298402,1.384439870103492
1.4871049836143513,0.11917393637079467,1.6001589048572724,0.1318645867162553,1.5531751649572896,0.1275147808784848,1.8077360152522643
2.769877952343619,0.2474170446822144,2.702287931482104,0.19417116037191728,2.388421370798832,0.1637556485126197,2.1137185266842535
3.11957178483222,0.8218276320522853,4.664266037190721,0.4956033043569749,1.6951358781702717,0.6652088251430005,2.7596678446896306
1.3043846666647876,0.40918032677284205,1.6609634201567445,0.817844800675802,1.3727050259147806,0.15299672984335047,1.385767379476026
1.3927586378587007,0.16355199459069011,1.3851519521383269,0.17005135842303706,1.4045875364285412,0.1556462197956304,1.384512889046886
1.406884883712756,0.12765737810204378,1.4053296277809975,0.1541297709109456,1.5275845676392523,0.7370051332078246,1.3819833068550689
1.371183969905323,0.14064781691515604,1.6083923115433254,0.7468888762120727,1.3928678871962246,0.43466498847184254,1.3730337907725567
1.3430239970414917,0.1151819280912764,1.3507232194621197,0.1275572155046615,1.3503302889907198,0.13379890107130207,1.3486638158303363
1.3591940996335306,0.11973305339691515,1.346842720539058,0.14848982264595686,1.3478117241516396,0.150319551087258,1.3477536605167075
1.2936128115306063,0.10680735819590334,1.2908288003560393,0.11065786409820093,1.3437353415823696,0.12714752237848312,1.3470288325967898
1.2928724297008627,0.10754890974813394,1.297046155659517,0.10635135321709006,1.2947201785660165,0.10598038660480762,1.3200182230881328
1.2333555065628503,0.11582764648136358,1.252265576944358,0.11093354125836585,1.2676893664748696,0.10825507853921909,1.3129975081623855
1.1833168178515572,0.1171977271657571,1.1923919824360407,0.11328271039728714,1.243185108583898,0.10808805271164311,1.2818056561389528
1.2333594568496493,0.11582763243412211,1.2817141129739453,0.10708038011995522,1.2676977555837117,0.10825508164672032,1.2702441378916305
1.273150958851823,0.11475655194468697,1.2495644221802857,0.11040111295423215,1.254726895762706,0.10970428138592218,1.1935283323418668
1.1755002566416577,0.11867906193686134,1.1816314984583616,0.1153347513837356,1.245873553079592,0.11189723979879795,1.1793126048380502
1.276523566640976,0.1129676861293798,1.2632501517905694,0.11041061908437272,1.2299412460851893,0.11307437401579637,1.144220463816844
0.6159997512926783,0.21357944080835536,0.45457802006019565,0.22004019818697118,0.5572839998650556,0.2038081541005413,0.8260740248592667
2.5642637057182425,0.48313609167131394,0.9307814404616109,0.4962418575213729,1.4470930657151406,0.48674272907924,2.220108088040055
2.033099807098478,0.2166159217386056,1.9920218785845907,0.1569455435384575,2.059089986595146,0.1917971117126431,1.978733823568585
1.9203619885806615,0.1218120123601461,1.9330367861366025,0.12269301475692448,1.9176115340398523,0.12044153583084724,1.9692307711828732
1.8724852565684356,0.12276984254877332,1.8698948452625173,0.12501285887023292,1.8703580480774096,0.1231910600788576,1.892307694340667
1.871286033237561,0.2165174349265095,1.889314136412201,0.1649026982149978,1.9273648475846106,0.18009997420648827,1.7999999969162366
3.6552236072608575,0.1804712680814946,3.8144478358970173,0.1468132825749692,3.6557503081055063,0.17934758572343693,3.721428571424871
3.739723403643679,0.12256441298730344,3.754726505576897,0.13115716807982863,3.726171483063126,0.12042070978990066,3.721428571424871
3.738283563803428,0.12182764236755882,3.7526819211649385,0.13118332195527818,3.7208483576407945,0.12335790440449541,3.721428571424871
3.6675973139700497,0.17711136851400666,3.6069520838075553,0.14746050539322933,3.669445292941617,0.17617042566909513,3.721428571424871
1.7819125932727868,0.17441478136219885,1.751339641451256,0.16195719151795174,1.626360068387777,0.23645638021383814,1.9525304268328585
1.9150932629039055,0.11913325469625137,1.8270409639856577,0.1399175103089375,1.7198304410051939,0.21048598786493786,1.933040803122635
1.9745952723719427,0.20719049781593277,1.9313605860911582,0.13778514682943896,1.825852738632269,0.18424766466465323,1.925768861048547
1.9739027193505598,0.23845473185296717,1.914656889647748,0.12524508944956228,1.9250394995173843,0.1338177983142533,1.9183287120637145
1.8943644615302793,0.1661717132101005,1.92684401603785,0.18234389764421507,1.8979583795593649,0.19700914474851763,1.9126800886174558
1.8612279238270304,0.3638083951085164,1.9242824281826816,0.3299374645659267,1.9034961022470767,0.25175427139453,1.9126800886174558
1.893023762037728,0.5515442998774808,1.92415437557687,0.44404325047689347,1.9249721759345937,0.39651501754034135,1.905039998332904
1.8328947055172726,0.9600221256514635,1.7706446988029185,0.9017943212591687,1.8039433767133104,0.7814847494052888,1.9145667004028522
1.799682364246364,0.6752090447295941,1.8182103038134672,0.688342117972799,1.6967577930645137,0.9795634343150957,1.8991816034116005
1.7424457131165487,0.17427136389061118,1.850314105192737,0.4467287063683717,1.7393009648535531,0.19394866850251352,1.8667166352160611
1.8109551447488166,0.6158829453248474,1.6991947724205099,0.2115393671041631,1.736233801961864,0.21695367033784937,1.8560488837367255
2.2271260401181414,0.16421468860079544,2.217867733422817,0.16605469551774849,2.2124415862939824,0.2389182870867169,2.2133020250809263
2.2081915738694087,0.13212013195588895,2.216022053000491,0.12995445028624986,2.2100974555554838,0.17854085513791065,2.204119982655925
2.1813065039612507,0.1255986018397126,2.1877560174546513,0.12634847553497078,2.1880279773513345,0.12741046541276796,2.1818435879447726
2.0797290737158356,0.12979305912080027,2.083352472358668,0.13814340798181274,2.0841368425323967,0.1427656327669175,2.12057393120585
1.9889259722071606,0.14196820927696865,2.0554237081676145,0.19801420755099214,1.991044564429964,0.13076977314467927,1.9590413923210936
1.8629009400604177,0.19894028821306614,1.9827189285250122,0.3007677957342799,1.8430326067139127,0.252647786110098,1.8512583487190752
1.0232578707230222,0.7584954298686039,1.0165892591438497,0.8467118442908068,1.0720825615357341,0.8900465473201322,0.9586073104988301
1.0864557674422533,0.9544014918189763,1.0653940532160973,0.8771512316376939,1.075653976333393,0.9157866384817147,0.9586073104988301
0.8656240259090283,0.4536613383848805,0.7377512821562542,0.30594688387372293,0.7233824334972005,0.3852288633359213,0.9138138523837167
0.7795487713246777,0.1378625630484606,0.6814626247306155,0.20136999249243298,0.6823560194627258,0.21376282878177225,0.7781512503836436
0.7415290853436459,0.2002540249374279,0.7526352771029119,0.20770835182336378,0.45550692256973724,0.29712174419097886,0.7075701760979364
0.6691152412051774,0.13204212672749954,0.5869977465518748,0.13684810237984957,0.4819894702479173,0.1916063913737184,0.6989700043360189
0.6416648262775182,0.134277306829924,0.6283695237952489,0.13693127119122733,0.6538203219947711,0.12786036805608092,0.6532125137753437
0.675795171666952,0.13237047523134296,0.6600789074170607,0.1318417460807439,0.6642224417185998,0.1329428936401243,0.5440680443502757
1.2445428842156874,0.1540615141785998,1.2692981510086054,0.16892771087536412,1.2316926227216183,0.16847081436490177,1.2148438480476977
1.2933594341389099,0.11802503981999209,1.2702799926851995,0.14106952837047987,1.2188711140678123,0.20403208785313695,1.3443922736851108
1.3246404933450286,0.12927270234043486,1.3213364829168623,0.1166975951696672,1.2188733266510052,0.2040320878620897,1.271841606536499
1.3791053478843893,0.3519528923887552,1.2145423264343853,0.9148994354811149,1.2280208837622948,0.4297633754473694,1.4608978427565478
1.331056626159902,0.8824280112166527,1.2757385459681516,0.9090528808855646,1.4186692075943055,0.7229506715724603,1.4390167283875128
1.2740759254111986,0.747208006458021,1.151397715546327,1.0064072275056775,1.2535873495775554,0.7777979365848355,1.4058583993176366
1.1252669006082674,1.0073292850434274,1.1243696367900293,1.0074945215067477,1.1329095995064258,1.007192165552058,1.36078268987328
1.4688692608000478,0.2702378701534483,1.2675969087518024,0.23235184550465882,1.2221404116149872,0.44709169991036474,1.4653828514484184
1.1433649197598192,1.0072939586430922,1.0259740696374309,1.0071351074684267,1.096615108541882,1.0070870351921573,1.173186268412274
1.1251059824447616,0.9635577676313111,1.1271907799436436,0.9941752097960355,1.1485415474373941,0.9792564583066874,0.9395192526186185
1.3428599041099725,0.7340698551795618,1.1928415747384375,0.8984951739969869,0.9334184808128507,0.8958529387457603,1.2923106206353376
0.9847287123242698,0.661527363541564,1.078475268118099,0.9859501475781495,1.143761905219578,0.9098930403884982,1.3047197644091688
1.038119530157118,0.9979787033487335,0.989941153176609,1.0060082283757465,0.9863006810401487,1.0014477340691772,1.3342689557297742
1.2732382745410582,0.1391234327579054,1.2499757000203688,0.14705073855771095,1.2369346458483628,0.1437682072923087,1.1802061003605138
1.2308424332175214,0.11705794291611576,1.2541495551789157,0.11673092271846551,1.2328676363892965,0.1173392799823225,1.2621079564995132
1.2998455351496938,0.11809537984729478,1.2981166192316844,0.11191617118428004,1.297803298411388,0.11874309529295128,1.380211241711606
1.3072786536386047,0.11776065736037239,1.2402973327069529,0.11797734293675755,1.2289109068935273,0.12473903150037903,1.3617278360175928
1.2976232947216009,0.11503910659195629,1.3077971389878638,0.11702951861321889,1.3293729396217009,0.11566749399727196,1.3424226808222062
1.290012253382593,0.11111398747042281,1.2721592033729985,0.10889713559792605,1.2973032192425065,0.10699902694496057,1.3309901094818017
1.316771734330257,0.10843757350348113,1.330375889078887,0.11095734911130697,1.328780283211833,0.11273517787347763,1.245460549349151
1.3072783793989708,0.11776065919362262,1.3100728901521737,0.11400095605910958,1.3249234476868115,0.11566769554981615,1.1760912590556813
1.3274633904861712,0.14481316984332124,1.299911917381467,0.11519864493141613,1.3540931964795766,0.11648314500152038,1.3309901094818017
1.3475657028634302,0.21355178095838406,1.381303931639295,0.14522105236778104,1.3735327767632106,0.15821584158161933,1.313265453369894
1.2285588834546166,0.9921094172887006,1.1404866162699978,1.007153479469509,1.1540164355030422,1.0011925273205202,1.6718243418666583
1.2489129429444923,0.9886478349463714,1.1404883707887368,1.007153475363047,1.2496116342687569,0.9910383838752028,1.6468341996082319
1.14457526925605,1.0072799258793714,1.1404900858160962,1.0071534766805221,1.1602458817977792,1.0071602532451445,1.6307099121056705
1.6137429018514735,0.13891868626999337,1.6005271267306171,0.15299576825809483,1.6175033040934865,0.1375799476756145,1.5929661999426337
1.7195430038509159,0.12283286864757158,1.7596713164004998,0.20681035282818439,1.6853730919363636,0.11698671169529647,1.7622552466494428
1.7293725387163412,0.1523849928902753,1.6897446399901648,0.11219929614313125,1.6673630134317425,0.11155317684611919,1.7277173545725861
1.8218469241751853,0.2030466287255745,1.7970592483860934,0.23317451469876432,1.5476311116522228,0.6139420002736286,1.7247116825191253
1.6498673007849947,0.10900966256531953,1.6443052683223205,0.11004291295329709,1.649291261052401,0.11408759591703925,1.6491320075074318
1.6305448175250334,0.11862168138380164,1.6352818638010893,0.11875545832521271,1.6280021900527937,0.11289911295942695,1.6232406044214023
1.6305410461827414,0.11862168129925292,1.6247628174659858,0.11173686044557668,1.6384720549670568,0.11158171003426486,1.6229306392040854
1.6558363821702213,0.1171554383182224,1.6400778307422752,0.11290913819622374,1.6650262990427187,0.11198866438486019,1.6479333047241782
1.6662443091647279,0.12491195009606203,1.653220966245208,0.12146988176455542,1.6534207633418045,0.1803445646361306,1.6801239359925626
1.6727497585687976,0.16537563013838996,1.6880607561273961,0.15189856385404846,1.6364257730855771,0.26013412913346623,1.6657875928773154
1.2882207282971974,0.9544056840675178,1.320232630706946,0.953213456929189,1.3579174598518045,0.8952046501054732,1.620313850188516
1.1240324260389056,1.0073598296193205,1.0917721008976844,1.0070484692903992,1.1044456370259639,1.0072148141361663,1.571395514484615
1.0045041822919356,0.9728620987722341,1.370384276302778,0.4721744553625214,0.9659585072046646,0.981508589035805,0.9684829485539351
2.6554864133776546,0.17641652183997977,2.640604943762343,0.20087340154728714,2.6643983670009157,0.18163611374881164,2.7158002125209113
2.531722203277105,0.12272962644860644,2.4451200059092475,0.11649086915006861,2.534869839201742,0.1264836581102333,2.597415086445643
2.551134993892511,0.1972541410912869,2.4193581894191145,0.12501018755881416,2.480789732112598,0.11918376475032262,2.3254133417105067
2.457007443040129,0.2860484938578496,2.2230977709467963,0.20086592721617155,2.1977344453384067,0.18989503846186245,2.2151978629265603
1.491883291087732,0.32476294986832155,1.4804634620571533,0.32990632573560974,1.4405319859880983,0.47588543627171137,1.5563025007672873
1.1298679268401086,0.982138936689603,1.0892502560915172,0.45191223736654484,1.1220112627891954,0.6141848196433994,1.041392685158225
1.48245819735969,0.680456557358313,1.6002883879716705,0.22058195533521252,1.6187361579792017,0.5175946287483973,1.5797835966168101
1.1341452459530803,0.800451074538009,1.0815373091433471,0.5984353150993086,1.0816673681933588,0.6072294575151509,1.1139433523068367
1.3379017891409075,0.8311859765602265,1.3927348857501702,0.7171336649661877,1.4345888087714405,0.6444077649062294,1.6334684555795866
1.3245417029847941,0.9234461359093304,1.1841780877045518,0.9775411684611944,1.3560548408597521,0.7733182868190608,1.5563025007672873
1.453863362536655,0.683883198950334,1.4232786896250362,0.7963954171977693,1.4096398248669484,0.8008775729150962,1.5440680319418618
1.405858263990452,0.7024394143384057,1.0927474646723274,1.007035903045373,1.3058639812112705,0.8290486475925519,1.4913616938342726
1.344273929195476,0.7345499495666211,1.2842603633445788,0.8640203290606544,1.264013524701208,0.8719370266785899,1.4471580313422192
1.3314062830987843,0.753702909035503,1.371851758625142,0.8776514041931256,1.3829015127594635,0.7992640535768671,1.3979400086720377
1.2609170331848945,0.853276700866659,1.091738783414291,1.0070476719515171,1.2503072874477827,0.909594533147953,1.3979400086720377
1.2254594830300238,0.9256274808911528,1.266396503171655,0.7920368885986131,1.262689561987976,0.8887648257361046,1.3424226808222062
1.0921206243641999,0.9318498288518992,1.1685922583861492,1.0071479266357306,1.2316867543511554,0.9199489561023205,1.3010299956639813
1.1922429635251879,0.9484391559702788,1.1410795630682506,0.9985291664068933,1.2243527969221009,0.6026482406325298,1.2041199826559248
1.212299295232633,0.7989977553416195,1.1844457329701148,0.864653991087423,1.1670726828231386,0.8719447326736007,1.1760912590556813
1.12207441340045,0.5696747043146243,1.1496125930201508,0.869992321103555,1.1081847975153698,0.7780092158523954,1.1760912590556813
1.1844786097308286,0.7899701398971882,1.1554059923871567,0.5131510633557826,1.1658768691285344,0.6881095211723317,1.146128035678238
1.0997913202768697,0.4950787220621217,1.1656527654486288,1.0002989621438654,1.0510549556862572,0.815251665831333,1.1139433523068367
1.1433616317784505,1.0072939284344986,1.0252885748401495,1.0070989584617325,1.1602414230556155,1.0071602560239226,1.0969100130080565
1.1475492839811958,0.970221003880642,1.1172215943444121,0.8919770360886534,1.159900363109429,0.9181317391255106,1.0791812460476249
1.0510782165511525,0.6954403140758392,1.0718866207575615,0.6925030877283942,1.0848405215257806,0.8578045868469262,1.041392685158225
1.1235067971366393,0.8020135013937687,1.1406001780367707,1.0059241087447743,1.1310960208360323,0.8965364628827525,1.0
1.1192640243337215,0.9699378844235641,1.0872240838383553,0.9042179226016803,1.1100860755370396,0.9872526014256063,0.9030899869919435
0.5777689245949142,0.7200986920248733,0.6733897777684217,0.7226204885147821,1.019055352446651,0.9854156365074286,0.8586693906442104
1.1830504419699146,1.0032869174390882,1.1854388719985316,0.9946561749906941,1.1887233717194001,1.0041180917854895,1.6989700043360187
1.1557409016608158,1.0069859145947788,1.1455122272825133,1.0066205381041584,1.1612499456548813,1.0046253056266579,1.255272505103306
1.1499102310687523,1.0070902937035324,1.1519294542257454,1.001885695088181,1.131710840993383,1.0072243655223625,1.7558748556724915
1.1499198065752423,1.0070902935571093,1.0918988637594442,1.0070476729197837,1.1623336506339494,1.0071389229633505,1.3979400086720377
1.6721399728097885,0.10725757980363058,1.667091010070242,0.10756602988494977,1.6541388901958947,0.10874582941933213,1.7993405494535817
1.703113431776936,0.10868854170567724,1.7078261452174959,0.10834880716005017,1.6744953309750077,0.10719543255656329,1.792391689498254
1.5646228406028206,0.3007602203351601,1.5672553473447448,0.3058329094587126,1.4850661785912846,0.5605313290698035,1.792391689498254
1.675551027832604,0.1082301110934385,1.6802364484905625,0.10715847661313566,1.6541450210016662,0.10874582941616212,1.7634279935629373
1.6535482747537302,0.27844132579009373,1.5220548374438168,0.45785076818271586,1.7326086000065632,0.3139148346888478,1.7075701760979363
1.6755472854993927,0.10823011114450788,1.7194921766685947,0.11070647101197861,1.6880229357286605,0.10728468911132091,1.6989700043360187
1.6117820474565434,0.5668916681631256,1.366541593091809,0.8257807477127825,1.686959374127945,0.32086709117875106,1.6812412373755872
1.7177469936246665,0.10873176486479533,1.7194918701925088,0.11070647104689194,1.7161254906366623,0.10889993406635635,1.6334684555795866
1.454332574674032,0.7323776066481651,1.5760540565910581,0.6365929285124051,1.503850794242007,0.61562224096347,1.5865828716950925
1.7177480572295307,0.10873176486728163,1.719492921226342,0.11070647098210563,1.7161259260581012,0.10889993406380763,1.5797835966168101
1.7031132649417153,0.10868854170662007,1.7078248343515114,0.1083488071837007,1.7189155824974156,0.1071160020686167,1.4913616938342726
1.7764646006782285,0.1103626671499906,1.7563358513711362,0.11307118633547865,1.779869152854713,0.10883548022383321,1.845098040014257
1.8525643136715368,0.1189640975012064,1.8085949027985238,0.10997199854863819,1.8476286119722913,0.1198207075614864,1.8573324964312685
1.8839652917996343,0.1211463243691292,1.8712981499319514,0.12417570312856158,1.8921542163458116,0.12363295226346631,1.8750612633917
1.9056974711910273,0.16566141231289763,1.9374001400057062,0.14708911628690852,1.9259024694637579,0.1643358896119537,1.8808135922807914
0.9107146544136415,0.11160092073892074,0.9386336526805765,0.11870675157452196,0.9305101263616087,0.1339127198874886,1.1139433523068367
0.9794866454713756,0.11475888142651026,0.9477524254466435,0.11193952490614018,0.9304972967261511,0.13391271995004567,1.0
0.9422201622206807,0.11366813672844177,0.9763659751123122,0.11329280659420429,0.940714356782618,0.11104019758830022,0.9542425094393249
0.942213202517472,0.11366813611716543,0.9386445739837483,0.1187067514748657,0.9305035830589924,0.13391271995555148,0.9030899869919435
0.8776757706980906,0.12463367880793784,0.8955151937095533,0.11975482077332762,0.9389952035098957,0.11226284166230034,0.8129133566428556
0.9224274857200297,0.14422667411934165,0.9358715296557579,0.14211791969173543,0.9285271606282641,0.1357748463451178,0.7563221771162021
3.398774382503004,0.142353700550865,3.392927149550315,0.14275961052464128,3.3883680850086173,0.14224070278695597,3.350441856535061
3.2038855224987475,0.142200555640052,3.2090663592830886,0.14255848150344708,3.2654190005208106,0.14191126214874145,3.1122697684172707
1.5454994007748544,0.10649630379291526,1.5664489570203854,0.1095024963954136,1.5518049500242523,0.10881167009362439,2.0
1.5719413630456893,0.10636885714064026,1.6182097861404021,0.10568818028069239,1.527905040600544,0.10534359139418642,1.8920946026904804
1.6001300832485577,0.10537933792002666,1.5664488111798374,0.10950249631053974,1.6229079344864161,0.10651509505057549,1.7160033436347992
1.6566158765159011,0.1064279568294401,1.5930360728347521,0.10536053687751036,1.551807233047413,0.10881167050070092,1.5563025007672873
1.6566124143731826,0.10642795690480904,1.5664474385916245,0.10950249645137262,1.6229041113818212,0.1065152197613605,1.255272505103306
1.571943588924628,0.10636886676191486,1.5664502726923784,0.10950249641497437,1.5518071044336144,0.10881167117987231,1.1139433523068367
4.1886434324919435,0.14298882777255334,4.274127622800117,0.1413003198868514,4.264001125286187,0.14243023010697803,4.255055303557442
3.9655133785724432,0.14089359697458775,3.956867501163661,0.14270243789137468,4.031222636572117,0.14226797771241484,4.05080494781346
2.4342238921653974,0.10602799630627797,2.4827696631264056,0.10594208023572652,2.391266058861473,0.10881205415675695,2.8260748027008264
2.3962049840165895,0.10727126456311535,2.4133886487764094,0.10837706071709244,2.4691428341094106,0.10595239825998926,2.7781512503836434
2.396197840409922,0.10727113155736231,2.4134013845766207,0.10837724499591107,2.3912835699797403,0.10881198446835513,2.6020599913279625
2.498742834449951,0.10605842077659633,2.4495271427430847,0.1053443103262264,2.3912730753069407,0.10881206167095647,2.322219294733919
2.478179079874398,0.10534291445680034,2.4827349705386275,0.10594223880196103,2.5106004031252906,0.1061188885692929,2.230448921378274
2.3961995161622838,0.10727120027627947,2.4622626534878407,0.10568876860432759,2.469137215252658,0.1059523859703137,1.9542425094393248
2.30254390609508,0.2810463820837632,2.356476124854579,0.32719880861696177,2.2650510009951983,0.15669013627276393,2.8182258936139557
2.8898369623900706,0.30626186179562825,2.8795874761835742,0.3610712845399805,2.9178690507929783,0.32820975845432804,2.507855871695831
3.601061166759828,0.24186677045893287,3.658477948375274,0.2862609648592481,3.747357175862855,0.24207439948817355,4.0
2.8804874938358465,0.27954440467225733,3.269431286267385,0.8098140091828097,2.8754073348944074,0.30654534901533426,2.5705429398818973
2.6739752331526225,0.20226417385824302,2.7042813394238245,0.16927653809472684,2.6827337154854196,0.20989238275646074,2.4456042032735974
2.284732696279253,0.16461877432150532,2.3587713914405537,0.12524033883624477,2.4181220154154786,0.17203972064962278,2.4099331233312946
2.552645507482749,0.18687012758573734,2.4597650870544143,0.1799992226593141,2.3726327891876293,0.16208630494671428,2.3729120029701067
2.307412867685512,0.18900682920485679,2.5146265701124935,0.32905951651363813,2.4684344242481875,0.32737743101691524,2.2278867046136734
2.1896910484620746,0.17814470673203744,2.0771490040360083,0.733964797911891,2.2039893178424403,0.3218966085821247,2.103803720955957
2.148138189351962,0.124493395021366,2.0922160016201174,0.12428707657054604,2.06443868983475,0.14920768720726582,1.9030899869919435
1.8012589690821286,0.20131871670317042,1.7290009863561795,0.18383076652916813,1.7304215141673653,0.17731405087172286,1.8325089127062364
1.0372473416002552,0.29998669361673613,1.9994784872799227,0.8943824549304126,2.442542724416768,0.9891810307890777,0.7781512503836436
4.114198237167312,0.3005316782838761,4.174285981682857,0.19212650210889456,4.17840922358287,0.22238257335860045,4.0
2.9551290550929163,0.1744977703375621,2.792269371862693,0.13615382909916626,2.8830564809206467,0.14634809124861262,2.998259338423699
2.756431295603873,0.14332658270166065,3.4212281423431277,0.7119048458290846,2.7870565013382853,0.1735022678687378,2.9722028383790646
2.635680344705494,0.18681546957664086,2.485503611718131,0.1293013919740796,2.5288603272080463,0.16844122539307144,2.949877704036875
2.6877568703518895,0.14033134955914814,2.7456579107096264,0.16971300803540276,2.7136975779084382,0.14304683609887475,2.747411807886423
2.459819553540911,0.13527508774017014,2.7344414978923566,0.3205742331004056,2.7029370882488424,0.2895990576025202,2.5171958979499744
2.285353596376101,0.22096053011056077,2.307137906199195,0.6213532657308652,2.2991870143995956,0.2225351868757375,2.3483048630481607
2.280449438416439,0.16740955313558237,2.353405086510292,0.147660583301408,2.4024528405686674,0.15351805655448303,2.164352855784437
1.9834423612956598,0.13515668145605808,1.8971399857279907,0.22078087923328552,1.9397511554499336,0.18364508341152938,2.08278537031645
0.8709152882319976,0.2207573805815079,1.848825782443764,0.7843610789526384,2.480583917502263,0.9891474101018733,1.0791812460476249
3.762156993814335,0.7983497223391856,3.628924773949228,0.5464260525858983,3.4886093847242456,0.5737409647535461,4.0
3.419896991978261,0.210220535686632,3.3096651512972484,0.172367200613634,3.4139925948350056,0.24293013830437202,3.652343055062715
3.348469420608995,0.21596898191536412,3.3133559519987363,0.15828681505050363,3.3913987486002055,0.17183909175489107,3.1806992012960347
3.3037656519915686,0.5074559823625089,3.4262260628564416,0.41275329952236184,2.879059395747462,0.6877863707222497,3.037027879755775
3.0491819777650084,0.2946299855428432,3.0985557368711074,0.304610108596549,2.9783931584465897,0.20667949207050704,2.977266212427293
2.940665350074485,0.28374599595041455,3.0924216607679025,0.21554181386241678,2.819086593949428,0.2592056173286212,2.94546858513182
2.617140245680354,0.6413836583793918,2.7481137252316956,0.38980326546377114,2.5691799832251765,0.7067472771985479,2.814913181275074
2.5866276947024525,0.18864900287726255,2.674574997180474,0.15765221399722187,2.7300080651785574,0.1831399279081231,2.576341350205793
2.307695003059391,0.28125341433424605,2.139566713630006,0.42783210854972803,2.2386933552620514,0.2591327673555799,2.4871383754771865
1.6990630616010787,0.6792962966555057,1.7980431127574166,0.4025502739515632,2.5704760840159606,0.989196093229623,1.5440680443502757
0.9836558206509242,0.1874717555608148,0.9843635261185002,0.18111928391468435,0.9846083850949299,0.18787956472286113,0.7781512503836436
0.8805960424384287,0.13658514548919906,0.9196420511489158,0.12707231691193321,0.9190451334126034,0.12739426238957466,0.9542425094393249
1.0337615055729357,0.13942870786698966,1.0501852576188817,0.19363813994685924,1.0838142578380672,0.16390203838788506,1.146128035678238
1.340256668317073,0.1627585988838023,1.3411403925465095,0.18503705022316083,1.3077039988525987,0.15872110938322753,1.3424226808222062
1.188626646498338,0.12472486754487244,1.19869318162843,0.11719343623211133,1.2039851598830795,0.12433504489710039,1.1760912590556813
1.0856729336827382,0.11723738522935294,1.0786792610477787,0.11956837782677583,1.0856605404220696,0.11950923874446999,1.1139433523068367
1.0795187166164601,0.17690626945532142,1.008347496439813,0.12495778076344707,1.0220006273213083,0.12467673676359864,1.0
1.074251305756012,0.24540982415173968,1.0015121716772883,0.17268127969399477,1.0417313092449256,0.189654389837257,0.9542425094393249
2.5409094952704656,0.25235453769296073,2.5191996529710106,0.25312545884127374,2.8810119888936727,0.42651138143108025,1.919078092376074
3.455277881777379,0.5265867849134016,3.388259990149053,0.5729990534814843,3.574330096996625,0.5009926363925957,2.1994639048906626
1.8499232630540798,0.17569586776486018,1.8627141060815149,0.21421561313884374,1.859622049991937,0.18094064343758787,2.1818435879447726
2.3952506871931423,0.3645193169386109,2.11666431496654,0.18613033727700853,2.132812121747465,0.19852905995089887,1.8129133566428555
2.55748118732375,0.8526248692854052,1.4249826438685294,0.3930358171476024,1.3819426553231648,0.3982332740479296,1.7160033436347992
2.527980766757538,1.003868070043358,2.088277815128263,0.5747985104199494,2.2161988681450726,0.7686827552708607,1.6989700043360187
3.0701876675965494,0.14365073258821215,2.8111227941051116,0.17048406934082547,3.0949899303928463,0.16620585214691289,3.270911639410481
3.39903278016249,0.17017475295721526,3.1006071888687803,0.19948350269743573,3.208689101023029,0.1533623155945891,3.2617385473525378
3.0491730487188184,0.11995114975907144,3.053614554916023,0.11864879129682024,3.1325737714054505,0.12579682536088596,3.1806992012960347
3.3356463291653577,0.1340341076197427,3.357748600239717,0.13380342161437922,3.2755643679591024,0.12754190745249122,3.09377178149873
2.8614326318558057,0.1374644607124603,2.831573063743609,0.13366440456466647,2.7578731269234087,0.14077904479719086,2.94546858513182
2.6659755354607686,0.16931071307265294,2.666272029214764,0.16685382344403799,2.6662733331356536,0.17530224747958456,2.8312296938670634
2.8670604722839177,0.1180840261716191,2.8343971433366484,0.12159172070493296,2.8130235442470317,0.13088675557560045,2.765668554759014
2.596182983799347,0.11716190901842186,2.5500812182323744,0.11718025359908828,2.475179626806677,0.12721759598694027,2.6857417386022635
2.4538696822159274,0.16335964142848217,2.206541823337467,0.16047712249370902,2.2746751848748805,0.15090474149303415,2.4742162640762553
1.534974699372106,0.15306369504894363,1.3816855365693175,0.15204942738299213,1.5554856243424617,0.22048360779022147,1.380211241711606
3.392264981088273,0.11862635898610775,3.189862572052836,0.16695572343693824,3.386215915718908,0.11971538895034474,3.384353414137506
3.297637110611655,0.11705702050773459,3.4058838076539057,0.11989267683818372,3.316269031069515,0.10985560159980204,3.2357808703275603
3.049079483311025,0.11102701447220324,3.108505422059339,0.11254658572273138,3.048770104121048,0.11044611019880704,3.1122697684172707
2.829562265172287,0.11981514703399046,2.6056209262125725,0.13871654604959532,2.8041756025507345,0.11918189669619295,2.9036325160842376
2.803515041521822,0.12478047761503401,2.803934352182193,0.12018423990329755,2.7998571076583447,0.11677234261111845,2.681241237375587
2.615862548534118,0.12182116746318869,2.5940751961565365,0.12127733747196782,2.63041388269319,0.12441311412360591,2.515873843711679
2.575014821039507,0.11169041925168216,2.580409876708626,0.10812133698448492,2.5476264105053374,0.11022062091354963,2.4712917110589387
2.3543402576334045,0.10951208727914469,2.3966751008901896,0.10725031703891984,2.3405084701323804,0.1092043354200649,2.1789769472931693
2.2197239987390285,0.13519620232964327,2.010097079205643,0.1510606974743185,2.143831294501916,0.11547030450422759,2.1492191126553797
1.2292501968477472,0.11983433650121854,1.2258977125103558,0.12485969678315847,1.3009164490534513,0.1644755271586281,1.2304489213782739
3.4234422854759172,0.12412651784313035,3.2874113689321405,0.14277164377535434,3.6561260640040727,0.1472259645273516,3.6310376965367404
3.2808713879257967,0.11425359663808439,3.301263965396641,0.11236431747508761,3.3837687751893135,0.11528334405279837,3.3613500243522663
3.0618745905174096,0.10993038546613082,3.05644563913079,0.10701192894085446,3.056636861658074,0.1120994391920113,3.0056094453602804
2.7020482284213037,0.11533852806684187,2.7560558117581158,0.11311052223279774,2.674877800215986,0.11703433807035969,2.6464037262230695
2.360146408160363,0.1634805932880896,2.3774791798168566,0.11822359577854467,2.3345719201622197,0.12351368129973302,2.444044795918076
2.6063613170521056,0.12074795077306755,2.6103969529513,0.12029355378353226,2.5723391637576585,0.12289223956932722,2.3909351071033793
2.3381725934291824,0.11089340751468986,2.2934270990197123,0.11540354846570301,2.3049267770381814,0.11216408808719645,2.2405492482825995
2.1213348076336196,0.10876011769264636,2.1500691648429187,0.10893868768100784,2.1253764637722177,0.10919008277571222,2.0453229787866576
1.8752019385941707,0.12126464545316087,1.8213297769272763,0.15020299231305112,1.9483857914183085,0.11676513694892435,2.041392685158225
1.0435109780290133,0.12100164661877037,1.0708399864708384,0.11780707354149264,1.0488180374056935,0.1211917340182274,1.1139433523068367
3.191604184783234,0.11923750157602535,3.205133016788052,0.12181647302401673,3.212074064553394,0.13202702490008714,3.723044991643445
3.824910537115405,0.15454257002398983,3.690199300903323,0.14644082909291237,3.8727467341922184,0.1829816759714673,3.2617385473525378
3.0947537949371933,0.12154565149547768,3.159978946768804,0.13097765222595872,2.9399853377408016,0.13853974350244222,2.949877704036875
2.6944914786158103,0.13079932725932422,2.755900715804736,0.15747708699861485,2.6058777892457026,0.15498316910891063,2.5276299008713385
2.2146265070347773,0.16012797547213548,2.2636766112172304,0.15195470084425686,2.276929100283921,0.14968837772224203,2.342422680822206
2.293766767972773,0.2229511056679811,2.3720814294729937,0.14261495122269804,2.291403486900766,0.17720945893821316,2.1702617153949575
2.0222385686846245,0.12915113411611595,2.0891551985627794,0.12473655367889168,2.0729862179693526,0.12166323179156872,2.1702617153949575
1.9532921674570343,0.12247801181421333,1.952386038452472,0.11266540982158399,1.8886901829359093,0.12131784056147107,1.9867717342662448
1.679008044885152,0.13559409320762944,1.6451746935761435,0.15780538251772938,1.7667368641787018,0.1344914492575004,1.9590413923210936
1.1220953953153114,0.15744242269395364,1.0973398184435084,0.1716003794427021,1.1632102446127406,0.15751531144782163,0.9030899869919435
2.5465038685357335,1.0073257638616526,2.457849125580453,0.9995406033540589,3.103681499680226,0.3261852237425071,3.042181594515766
2.5465006588483714,1.0073257653600618,2.457944754205672,0.9995391262009319,3.0065871382913665,0.3698151313456631,3.137354111370733
1.4277443686000786,0.3652614280461956,1.5542130525337878,0.3733823543117719,1.4762041787365958,0.4032242560294355,1.772445426346
1.8573318994263266,0.5680727232915442,1.5518826995142643,0.9725821338015405,1.5282011337890642,1.0042211778457946,2.020858281918316
1.7860886125853606,0.6866470998700888,1.0896261232910196,0.8650656476329849,1.747767030250321,0.9260547079168595,1.8893017025063104
2.0988972324290085,0.31405078271134906,2.104928569974911,0.2971100660981307,2.2008014227262436,0.48771616676987856,1.8114400989511272
1.7534736059002474,0.660476180837272,1.6200499573224287,0.2245831368496587,1.585699970546176,0.37550740645690406,1.7479928841299552
1.5568492926557758,0.6768734240310614,1.9517637299113255,0.4783970064482001,1.4046809412189771,0.37757075826091857,1.432071328734167
1.3945744969611527,0.3186649790358184,2.2327425931140565,0.8532133339198291,1.619969881442018,0.5053958057964907,1.366804595051468
1.2916868637051366,0.17983302752056454,1.2978666178117155,0.1611081904457449,1.2921854050275896,0.14390344896762633,1.307278943389931
1.2932232097662935,0.12181953006547633,1.274681043322917,0.15905099608030782,1.2962495488186139,0.12122997305302681,1.307278943389931
1.3032657935428733,0.15196522047476047,1.2789350491737235,0.23098996313426287,1.3025810072528596,0.14759044161151588,1.307278943389931
1.450831977208875,0.17958996035144406,1.5277774745948474,0.11995704807440453,1.5070975301949645,0.13885837604016604,1.4833702095804502
1.4978455474925758,0.11867644853970928,1.4933340390167922,0.12223908156824294,1.5036093361780543,0.11967977597208113,1.4833702095804502
1.520427097512354,0.14008006739426035,1.517128278867458,0.18587969768143298,1.5147157848807784,0.14446489405326382,1.4833702095804502
1.7660684662251032,0.3718980329041976,2.0029924710254448,0.13615110698219612,1.9941635206994446,0.19270342934974952,2.00624894772595
1.7954477208443769,0.34345430390248244,2.027300357582138,0.12544201697955196,2.0125580811976653,0.1517243870987934,2.0476416348300397
1.8157476495692966,0.3465196180797531,2.031713548578284,0.18210795378141623,2.040727323936505,0.17718692024171565,2.0476416348300397
2.698424754078567,0.19295309189839832,2.6906275881205177,0.19971867928584772,1.8629703299093434,0.9339511679989678,2.738642709134438
2.742722929234382,0.12399728526884309,2.7464674328814658,0.12252777017263249,1.883160055493446,0.933445388026934,2.738642709134438
2.7196901747490934,0.20186496362808665,2.7516823849612675,0.16147098481612243,1.8974528485046365,0.9357953435636387,2.738642709134438
2.9001565189681524,0.2020262032988458,2.9232769766472115,0.16781632365887997,2.921091862682844,0.19068307689307457,2.9200628016758503
2.948437474191622,0.12392636149144393,2.9567925795910277,0.1259152377422692,2.951613557611517,0.12473053064887485,2.9457682020667706
2.916824995675424,0.1980048077286017,2.9139706492664477,0.2010978842488361,2.920962980757184,0.19067139294233074,2.960491458592242
3.0469688246259965,0.19803106589387207,3.0411613110762445,0.2012846370152926,3.0648661973041484,0.205596894762606,3.0707069384290415
3.102960316887355,0.12371269744112086,3.0936360003662324,0.12271424821706772,3.108248991717767,0.12473052586654867,3.0961540607315317
3.0584207840549773,0.20210767731219903,3.060083975456506,0.20171749221576898,3.0652297180617554,0.20559699277906868,3.1201923016792876
1.1433675437285036,1.0072939580860905,1.1243021395926363,1.0074959120430356,1.1602322033263248,1.0071602560209991,1.6237516232510494
1.9181893118028468,0.6636812391373357,2.493769019200161,1.0017402828216102,2.0488409893580646,0.7952070779228092,2.4899584794248346
0.9742216931702053,0.8910300913104764,1.1082304972797103,0.9923022849283991,0.8149709380157375,0.7420162420391866,1.0
0.7306992747200657,0.7097913355860198,0.9858174768646286,0.9154589689622108,0.8815397189911616,0.41371832451859125,0.9542429437335896
1.1367571650091612,1.0017825541552174,1.164490395777488,0.9821100296468219,1.150756695562101,0.9437298031043453,1.5421029766994931
1.143420953123596,1.007293954084838,1.0891308792398946,1.006587953886357,1.4730514437068993,0.5685298637689188,1.5496739006875977
1.1434213840042942,1.0072939514909762,1.0938558438300212,1.0065883345352487,1.4920304455300202,0.507103341478529,1.539538175680695
1.2097284691416161,1.003612530677565,1.1986874645143164,0.9990903833229383,1.1302494343529759,1.0034835416227268,1.6231311772599608
1.9212983690038261,0.9961613291473014,3.575920100164681,0.1693381353745733,3.548408457173392,0.18526577691977536,3.255272505103306
1.9247156474947598,0.9959026624872284,3.4526560084682556,0.12591282841440973,3.244266608543468,0.20376616462285596,3.6020599913279625
1.9212947892581334,0.996161325512565,3.572984118881246,0.16311716801822304,3.2103015348848603,0.32168875961671767,3.6020599913279625
3.580091738365315,0.2084049626545929,3.6685843914181033,0.22490990079268733,3.516400467149568,0.20311484183223438,3.5563025007672873
3.642207701913607,0.12392103079536193,3.688217304131945,0.16620116483996764,3.559457197644638,0.2411840020659721,3.6232492903979003
3.580332092324693,0.20840486927930277,3.587435215497108,0.21028984224989644,3.498488913993369,0.4046418542683667,3.6989700043360187
3.7029683542005243,0.19803107108463705,1.6759828140630435,1.0070234042524118,3.70473772338046,0.19654582160440523,3.7634279935629373
3.781484532433309,0.12447684259577371,1.6760833546048193,1.007023426509499,3.7845533983822865,0.12498395315222245,3.7634279935629373
3.706195650397094,0.19698579733683033,1.6759514144060825,1.007024075146876,3.667520443402154,0.21389461772647528,3.7634279935629373
3.8159718720344205,0.25826276032668105,3.856626303197286,0.16878503410702828,3.8620915105955524,0.20399168434898435,4.0
3.902922932126254,0.12392690343407825,3.88775214073249,0.1227158571389726,3.896885169153966,0.12331141151237562,3.8920946026904804
3.8159668202959764,0.2582627604263447,3.783111531229122,0.20128492435997403,3.737439803508769,0.21389457285860491,3.778151250383644
1.0931377378132638,1.00706901038517,1.091769403810193,1.007048468158191,1.1044431964368546,1.0072148167114603,0.31875869313729016
0.6163322587757729,0.12522476388513215,0.5054445129601024,0.12084911688529527,0.5536297586946082,0.13657711951425847,0.04139268515822507
0.32439169549898383,0.11687357126190677,0.05078741234248341,0.14126715196948217,0.5386176149956543,0.13035686118855505,0.4913616938342727
0.25994523749362,0.11581207170988016,0.047686257691862854,0.1426565521684285,0.26116436475222393,0.1157540170992229,0.7558748556724915
0.6401148349819621,0.13005446757906264,0.04402540133484889,0.14635085880843282,0.4942235771077643,0.12479154047319023,0.2304489213782739
0.6077698333179506,0.11605704151907552,0.6383432077385504,0.11400787608373998,0.5897825940311998,0.11713950756352959,0.7781512503836436
0.7129784140781237,0.11617374060358214,0.7117729834555343,0.11586913095747242,0.7110013195371424,0.11598893233320552,0.4913616938342727
0.6822592150094419,0.11307013233899504,0.6849243192171899,0.1164757678889552,0.6846200829588427,0.1130213472268047,0.6020599913279624
0.6753326932197132,0.11123422037080909,0.6906223535913926,0.11467923321125907,0.6772974118941059,0.11111007534728616,0.6989700043360189
0.7116861375788835,0.11129361599884705,0.7043909410217729,0.10980475245487639,0.702390701293255,0.11302141793882703,0.8325089127062363
0.7417792643221983,0.13604098728161892,0.7604477309909234,0.15527871082416025,0.7318758043391251,0.1448324533199881,0.9084850188786497
0.670875790845269,0.12034443159206473,0.5378285432658467,0.12078190344740371,0.5915691597505348,0.11722760142256063,0.6334684555795865
0.6708733404298713,0.12034443150303983,0.6883562616333091,0.1138375007199165,0.6319870678241268,0.1202921048607092,0.47712125471966244
0.33411497146635094,0.13120134788772747,0.3149494239025459,0.1350402655103479,0.37252928729988355,0.18837192328409602,0.6232492903979004
0.5557281493388861,0.1312954677969504,0.6204799003436698,0.1314947233749044,0.3725388097711808,0.18837192288135624,0.3222192947339193
1.487711521958365,0.748137535339547,1.48092987428556,0.8321382628555163,1.4881715577343722,0.7697972395951106,0.9542425094393249
0.7228479515041438,0.9226059959082279,0.4578741229654202,0.20113812680738113,0.6229719510329206,0.3364470574607106,0.32538942048605174
0.6796277690311661,0.8806808118739633,0.397184502628233,0.12643475757104747,0.5818718735228652,0.24303529569217316,0.43012474167709114
0.6000988305116683,0.7535626427880224,0.4191349456886928,0.2587184292527144,0.5248391317391579,0.17416255511217132,0.5144456083995548
0.6192384689024855,0.195629745471943,0.649113845283432,0.27410204338103944,0.6360209503853949,0.17383288985274517,0.5472380879812769
0.6033641443204341,0.12181463103246344,0.6581218769615576,0.19007342141699557,0.6096994767981871,0.12051357866850751,0.655632020068717
0.6713900889549348,0.12180070146312141,0.6669824678832451,0.11916182106403593,0.6728175369680802,0.12359770305541046,0.6609608605962506
0.7545957119743313,0.19570580762569165,0.6933393927620708,0.1611027343665296,0.7722933875206852,0.1801473701795387,0.7156299404562237
1.970188611470308,0.18510420255106166,1.9756132565457059,0.2676463118428615,1.974805059297784,0.1836378438068126,2.0
2.0042303226908675,0.12574686929340909,1.989416245952793,0.19125699254922984,2.009315702008578,0.1287743070351822,2.0
2.0111034953375824,0.132484036419658,2.0029114106271813,0.22536701248304028,1.9942277988488053,0.21284875276793455,2.0
1.986889942759583,0.17323095921701778,1.9929128302268075,0.31553489614227664,1.9876373000940526,0.2893018009166665,2.0
1.4536761161706855,0.18505368929624144,1.4364350501753254,0.1901463326405743,1.4310886965223135,0.19548340212386053,1.5228787409373927
1.6116204435855974,0.12686933880328974,1.612340736764297,0.1275667862482923,1.595130246467899,0.13391960656742363,1.5228787409373927
1.5078449986380666,0.21885399902301503,1.6302660384618148,0.1264422575337131,1.6587661830660363,0.13397554481730004,1.6989700043360187
1.4896034510744547,0.3009659338245908,1.7209632121307368,0.17789386340814317,1.7113625248611792,0.1786565649179101,1.6989700043360187
0.24066037797995699,0.19729935152974573,0.20574986072618806,0.2872170586927211,0.22167443507902007,0.18870209339665175,0.20411998265592482
0.25509727113296,0.17714161862540442,0.26765358427035535,0.16126647964385576,0.24500888445378277,0.17505520643605257,0.13033376849500614
0.10768382096536677,0.17607053462669925,0.10621016242272718,0.16120487391556626,0.12908454563875948,0.23604098041006427,0.09691001300805642
0.24763926411518744,0.12181320406546142,0.21239695610540843,0.13659336589573612,0.2419146720806471,0.12607437812630343,0.2671717284030138
0.19031488475173752,0.12943371708191892,0.18501426168703183,0.197379018923921,0.18411745696528237,0.13333588236811078,0.1903316981702915
0.14028126467248914,0.12140504895272516,0.1223303964091147,0.13136838136684487,0.14265570708940079,0.12064034118687476,0.09691001300805642
0.38272769021068664,0.21841642168141687,0.3152672395240974,0.13659336575980605,0.3545758810494657,0.1233109505782107,0.3891660843645325
0.1554130071111004,0.12274162225541548,0.16371968295277273,0.13137575145666877,0.11602593388708238,0.23457950262599384,0.20411998265592482
0.19196390767074423,0.12945128561389485,0.2005890994336712,0.11922162190479063,0.1861056920130284,0.13333588231673202,0.17609125905568124
0.5308212992620971,0.33822287335597206,0.43968248527121556,0.16156753877590532,0.5017143641878339,0.17616357797577448,0.4471580313422192
0.26288940311814524,0.17714137558992626,0.2678897406206131,0.1794006780246875,0.15982745169339707,0.3906680705545109,0.2304489213782739
0.2080583615758025,0.17552875806459992,0.20785597176424786,0.17869243938686363,0.2081757439607801,0.1738617340590181,0.20951501454263097
1.3322254213357305,0.12942996694830464,1.165991384410534,0.1411524683226259,1.2373866112070946,0.13606372154375654,1.0
1.2037541201557374,0.12324953645458345,1.3236136290645546,0.12033543789406713,1.203255775874455,0.12337879660852416,1.3010299956639813
1.5457043804715451,0.11724150614036045,1.535349451961889,0.11588571431819132,1.323171298720342,0.1539925947789324,1.4771212547196624
1.8763669540891084,0.21288335663373975,1.8461476442290987,0.20652746102392977,1.6680017294626308,0.2655316777783387,2.255272505103306
2.7792506304731024,0.17641738769654658,2.844740825162436,0.16515669719031248,2.7575173222603286,0.18330038865036088,3.230448921378274
3.0813883577976457,0.12992192179703335,2.990460715955717,0.12237467456740671,3.0088786452878766,0.12169544708234624,2.785329835010767
2.914752296265533,0.12994824795830062,2.7710145157258275,0.12240470380419362,2.5988661465117526,0.2038349035423619,2.6989700043360187
2.4310965525342514,0.18040177939198776,2.63055425479721,0.1658191891851857,2.3124752368017285,0.30110472256163134,2.6989700043360187
1.7366856536266875,0.19459873976672093,2.032772564865989,0.161344767046271,1.6233021420483797,0.2420896029965099,1.7853298278911853
1.491607734939712,0.5900097571285347,1.6794977863818563,0.6296275497255936,1.6133026115310005,0.6439438300548278,1.6127838567197355
1.8624065328518964,0.19797398903337304,1.8211703569420186,0.4244976311853591,1.86444213409933,0.17865409063756588,1.740362697390507
1.8169099073846326,0.6353562551080141,1.7429203826822601,0.4236553221124278,1.7242938959983976,0.6834374605142989,1.8450980462184636
1.8122223385499494,0.6054576806681851,1.8559804971522271,0.18574592095968145,1.85274098108723,0.19394915772165872,1.716003351986616
1.7444803483915807,0.632462127412695,1.723342164140055,0.7384476002246763,1.8079917956063285,0.6905444013937734,1.8450980462184636
1.6823370561767372,1.010825865563606,1.917525026146451,1.0212021957913202,1.7349254347292862,0.6974838990175934,1.8920945971226024
1.6823357157880232,1.0108257581270028,1.9175009178852787,1.0212021186228257,1.8928842738943223,0.5565581681602456,1.7923916965030036
1.645079306533829,1.0103914542942019,1.6531458677970639,0.4253248125028008,1.7016651430985223,0.5573496135493684,1.7075701760979363
1.6450830742101499,1.0103914694723515,1.7592588148450918,0.6618916338029984,1.6738207070973767,0.6974838905124797,1.6720978486954092
1.460717203636315,0.14294494613705003,1.4199999573162205,0.11954152899730851,1.4721243187979618,0.12671618721705152,1.6232492903979006
1.421568886939551,0.1210378816444958,1.3826835281108216,0.11209754639440955,1.471273940482473,0.11346374414602996,1.5440680443502757
1.3541919182688278,0.12183011588593333,1.3509938368427785,0.11040231762890819,1.4021274606747913,0.11411200180211283,1.5314789170422551
1.3709751308764493,0.12577645159447007,1.3714041133005215,0.1391322838668982,1.4098838207029467,0.1295435931519868,1.380211241711606
1.4192312959434998,0.1333360540624114,1.4777227221855693,0.11848223669135016,1.4779417669412516,0.11804660064381758,1.4471580313422192
1.4055913300031189,0.11235953673285838,1.4378313744556726,0.10675648677370188,1.4567390906102418,0.11222815519344168,1.4313637641589874
1.323935573120357,0.1175918352486641,1.3703268727923419,0.10896049415014694,1.3944590052108872,0.11173648026748909,1.414973347970818
1.3244580159697679,0.11828379228965091,1.3280441365258837,0.13079879950813095,1.324633523119859,0.11838066825627204,1.3222192947339193
1.4056416695174203,0.11499963380991525,1.4133363708700597,0.11445628973971024,1.4167983377117024,0.11271655476828706,1.3222192947339193
1.3364883405330739,0.11290596727883756,1.3652915760834614,0.10610199573994344,1.3657794089676363,0.11170978369488845,1.1760912590556813
1.2929129671582165,0.10947701541779868,1.3084950256332906,0.10855296106838666,1.301115106992722,0.10704295931842593,1.2304489213782739
1.285375305342444,0.11454959158057655,1.2770065163564879,0.1160417742148405,1.2913995104108227,0.11891499931750885,1.146128035678238
1.1880630791949667,0.14379219637196486,1.2055321812303383,0.14626090633954011,1.1305505104063873,0.17795331001635764,1.2787536009528289
1.1835620163970784,0.12169906832106474,1.2340396122398716,0.11268899651939666,1.122769862271395,0.14228367001400535,1.2041199826559248
1.1218014979658335,0.12044917668735051,1.1703336623427327,0.11777089609335045,1.156253943477444,0.12255609050437946,1.2041199826559248
1.0818942362507453,0.14827561511136608,1.112390489444191,0.12549509971168296,1.0891100308362756,0.1320858562244597,1.1760912590556813
1.4706532078995798,0.19847711494949424,1.4365117595800878,0.2044944685152551,1.4749682465926708,0.22758769117409722,1.4471580313422192
1.393830913650897,0.12752257679902224,1.3828867991094673,0.12047007192243672,1.385853946239585,0.12777377833022988,1.414973347970818
1.3505881917202216,0.13016264819768075,1.3517871166500275,0.12994908945666972,1.3504364768379142,0.13771936739074261,1.3424226808222062
1.3132196806925025,0.19497729142360698,1.340273426002218,0.22399904777133722,1.3460492917309002,0.21366998623195177,1.3010299956639813
1.2286660507504128,0.9091295270576284,1.2351758768218162,0.8891699138810891,1.1815939131070898,0.9564826740802759,1.5831987739686226
1.13060258585292,0.9672009100082672,1.1716704598427468,1.0063259740979489,1.0979805361143993,0.958815581156869,1.3010299956639813
1.0978304855983234,0.9751907960913165,1.0781685342949894,0.9110471081784431,1.072317337477191,0.9986533953393584,1.3010299956639813
1.216330247095549,0.9389044778354724,1.1788128017669135,0.8536280147695342,1.1899001046708289,0.9844634854773329,1.221848758302246
1.1319500522788037,1.006349432317639,1.1077874593141603,0.9777282051025286,1.1378274684558027,1.0045874670786221,1.1549019512998535
1.0936773559518356,0.9722062265092191,1.09860352265384,0.9691465741319685,1.0777602782979165,0.9526692555589302,0.8860566650649422
1.1536946306401015,0.9809313802004344,1.1450403669447582,0.9827057751071414,1.1723318874411406,0.9699042295211305,1.0969100130080565
1.1236807079819755,1.0073349833627165,1.0879917767543832,1.0062413155252599,1.0980288679930688,1.0048151137682588,0.9586073104988301
1.0278076918348913,0.9478209238430731,1.0277372841478631,0.9548369093293524,1.071120030042814,0.9995288530269655,0.8860566650649422
1.298297614108204,0.9424516407212874,1.3994166432640294,0.7486317583049988,1.3353392496096983,0.9189860433496422,1.3617278360175928
1.1752400703901162,0.9657929039339,1.1713568276803668,1.0065228721184016,1.208505566292098,0.9733812675142673,1.0755469613925308
1.1236098001618573,0.9743670938192579,1.2779586492557204,0.4098033760744622,1.013889420303971,0.3181389646302153,0.9777236052888477
2.036088022794983,0.9992522861930966,0.8098002110371745,0.6764758052237383,1.550162209589363,1.0091506753332669,0.6989700043360189
1.2276552679395285,0.1407158127506432,1.1844684315912164,0.1275266999026789,0.8313601658077339,0.1922673210853115,1.4771212547196624
1.2509315744607452,0.12280400963873035,1.2509723660255518,0.12334024467635812,0.8700092310780297,0.16797083956696376,1.3979400086720377
1.3400067186311584,0.1172793602061817,1.340049454492242,0.11693536274796638,1.3612885766843221,0.11614095323681278,0.9030899869919435
0.7383429436324782,0.21280738914150885,0.7433997914132163,0.20954282620477124,0.7156830597247199,0.21566832478739334,1.1760912590556813
1.3972564001631897,0.2407214077376503,1.3053683169536006,0.2925073356932022,1.3533033206994016,0.2593761460829227,1.3783979009481377
1.16451717232984,0.14020063263569052,1.2325520525931277,0.12862581389610073,1.257983292722432,0.15314510484726873,1.3010299956639813
1.2743892824600225,0.18024115803230673,1.2298848451763278,0.12024106288397907,1.201815873840711,0.1451389091208821,1.1760912590556813
1.2439385460972117,0.2473273833621973,1.2028168966889659,0.20099031768789033,1.1464969713829438,0.19308378394482262,1.146128035678238
0.6877966695965677,0.21692666245571998,0.7516692562346053,0.251429153023467,0.6662388290059797,0.24543887492991612,0.572762898855467
0.5150537220274207,0.2078987424442073,0.6203115290832191,0.13561669950825844,0.5272067616656533,0.1965632871378746,0.5783216808001675
1.3200442560852998,0.5922998580915435,0.9615792029021052,0.42454928632142225,0.7696176118501623,0.5650252815493034,0.6336295186630205
2.517629544215183,0.9876838568917372,1.9314181268008848,0.8857451793405711,2.2391192859252134,0.9657470061766552,0.7517713333546332
2.4716684532524265,1.0083448979787202,2.4708466797531736,1.0080146507179168,2.2832196295864735,1.0081570845489305,0.5154377414620255
2.4721010306083864,1.0083445071270134,2.4212743128504055,1.0080350480147369,2.2834312950037514,1.0081570188956919,0.5470103885032926
0.6448778977707742,0.14931506712690212,0.6462175008034344,0.14897994041926801,0.6615560035825077,0.1549878984867518,0.6989700043360189
0.3579555555751315,0.13429546463195316,0.4046134724420323,0.11694841723195884,0.4023582303667599,0.1277289195124986,0.38021124171160603
0.20971916301072802,0.24969856072693575,0.1955050664991851,0.19037905363261762,0.14744267314972492,0.23936911639433367,0.11394335230683678
0.8713354083744699,0.12238244777476763,0.7828883893594482,0.1370918493407587,0.8523715491085624,0.1254194494532002,0.7781512503836436
0.4759201905543238,0.1653586692777718,0.542304242705477,0.11654832055298454,0.5578564312373113,0.12113693388813725,0.47712125471966244
0.9040278581522118,0.3960837544899697,0.9138089769545238,0.41231949751087466,0.8398938870679894,0.44402679843764103,0.3424226808222063
0.8622488612782625,0.2494925267751914,1.010279613873044,0.174061142725037,0.9802663368646825,0.19423818772724538,1.1760912590556813
0.4091803298658325,0.3912179009563977,0.4397837940660436,0.4682588589481893,0.42823658309608703,0.42701883672253205,0.8750612633917001
0.38840585762635405,0.3941910339148799,0.49130209228490984,0.28302946901319315,0.5052306583771229,0.30414202645059013,0.6020599913279624
0.3670990749699967,0.17158899705709127,0.3079204621079914,0.2433810724265013,0.2703656575799456,0.2106636396062743,0.3010299956639812
2.2800943925199517,0.21241909368792003,1.8154836611864762,0.8515788576670169,2.191743033762096,0.4103122504578153,2.012837224705172
0.5795025484580947,0.3336309933158015,1.308044954114324,0.16297993667450936,0.6420230322113707,0.5519728091691146,1.2041199826559248
1.283861896611311,1.0422195232732718,1.2867814776171855,1.049124819390245,1.1039747965154678,1.0221305093828326,0.921686475483602
1.142291880842909,1.018482352169184,0.9721485024691157,1.0307582964850224,1.1771900873820373,1.0148416287239759,0.8937617620579434
0.8629970859349967,0.1659706663112592,1.0999654610202425,0.173920419925682,0.8010005008494081,0.13419493708696373,0.8305886686851442
0.8536095454027771,0.14497392984781435,1.1009228847769843,0.1723383836279268,0.8727021397918184,0.15287461217373424,0.7708520116421442
0.8712168428469765,0.9605732988258051,0.6197721714991273,0.25208395529477584,0.5983389057758073,0.20999654272166687,0.5314789170422551
0.46271827049795,0.2574037961845464,0.5102442523081892,0.26441653408420773,0.4088924253347863,0.2857779753309274,0.3424226808222063
0.8065932777871408,0.3235289700659538,1.2162321422839608,0.1609393954554837,0.8494095645439508,0.5416555883663627,1.5010592622177514
0.847358405489688,0.9342209336647364,0.5840112066599206,0.1559118838183986,0.5289600211103818,0.2634259856657965,0.6232492903979004
0.8374399154532032,0.22846480660134638,0.6763615938064692,0.15084660738524086,0.7574506290726274,0.24165309313634656,1.0644579892269186
1.947198610670478,0.4081621832086576,1.9737250720273554,0.7511792373388014,2.1841078227810113,0.26221261579411625,2.4082399653118496
1.2838583269063368,1.042219523128759,1.2867855105947696,1.049124832095203,1.3037519832637374,1.0425172832320915,0.6532125137753437
1.5972138426480118,0.7606556001417702,1.5542269318004964,0.3220991461514176,1.589696642501422,0.14579300218120778,0.568201724066995
1.445310499992108,0.3727619222968281,1.4230148373409621,0.5358050804538521,1.104872274943607,0.5222213035616473,1.7151673578484579
1.1333601563240185,1.0218893635217188,1.226339583476983,1.0251996697650627,1.1174641781013288,1.0195964447444745,0.5910646070264992
1.5892277922099887,0.7743108986567746,0.6367875453610525,0.14281083052991228,0.7588963903775342,0.34840522118503314,1.5550944485783191
0.6187566644573754,0.7504492027197183,0.9311643541885383,0.8058868994110628,0.5978313196132985,0.6968682288140728,0.8512583487190752
1.3381597140925732,1.027394696714209,1.9563652991558946,0.9099313467087925,1.9644749220484565,0.885072476749728,2.44870631990508
0.983783594158377,0.5762814829230541,1.1074377687673098,0.7242118649853743,1.4392444703126057,0.7703022408377199,0.505149978319906
1.503049955889375,1.0048879279676382,1.2091590875000309,0.9634284230222973,1.156640704675178,0.9497061913495068,1.9822712330395684
2.752464007387611,0.23828759476082526,2.747017910566411,0.2840337454549317,2.819646007844495,0.26152264028768835,2.2973957102789804
3.7784864322112575,0.20007196547977835,3.909760354565412,0.23308215154318926,3.830533576824093,0.21569289650166734,3.6560342834463664
3.277568524254789,0.13070206681097274,3.3017139030750005,0.13082722377833422,3.29791151227902,0.12861377033761975,3.6560342834463664
3.3304607321995485,0.1300184733775735,3.325428231623228,0.13250721726488227,3.3499763050915266,0.13669380905362738,2.900913067737669
2.7669949903698026,0.1295131194081617,2.4069763012279672,0.21060520074013975,2.4824866112924493,0.1766735580586232,2.9060179692461596
2.6793620394254147,0.12066705694448061,2.406987971347811,0.2106052005969667,2.482492108233985,0.17667355806526858,2.900913067737669
3.682056338906774,0.5447178936981829,2.7033411768654503,0.662883141335874,2.941973678072979,0.5799579410023746,3.126159652375837
2.377511959345828,0.9870741787170291,2.3914094828011057,0.7128104817440472,2.2253644677678066,0.9708739479107212,3.109983294819892
1.093145535163781,1.0070690070748096,1.2909573197393356,0.9961133180845274,1.402554783566608,0.9487237063804911,2.0
1.0931369179199506,1.0070690087074272,1.326655076947097,0.9824925616419987,1.0966168710947368,1.00708703554666,2.0
2.9451340863192383,0.14107406569104125,3.0976548663072205,0.12237215515186418,3.2463237871733375,0.1410718102128981,3.674952948048565
2.945117883426802,0.14107406561134625,3.308609328130254,0.1223734016372739,3.3078100939928845,0.12236927532954014,3.2530955858490316
3.458818859276766,0.12237364202633094,3.4588201948618256,0.12237351337632496,3.2463171815276954,0.14107180979056388,2.949877704036875
1.7110943659331883,0.17483457966657492,1.7875122427867929,0.15982096888252592,1.9256761868406878,0.2992787469921533,1.5797835966168101
1.7784734893462526,0.12196995591462977,1.5944563165289538,0.21536724270336002,1.9650469858289534,0.20314333339871782,1.7781512503836436
1.9336596478450567,0.12181076124777523,1.625065887450412,0.3487513623789996,1.8802955726583075,0.20399210636738355,1.9912260756924949
2.1652152170503376,0.19608378570544932,1.6765726920417154,0.4838672838909915,2.026573688411665,0.3007752731536066,2.1271047983648077
0.7175403985605199,0.20318708519630424,0.6876018358411662,0.15723980149134228,0.703558161272248,0.16536375355554567,0.6004987225948004
0.6921649359885043,0.15628570457329022,0.6295542948051156,0.12489459262746182,0.6326227084540346,0.12162730354613518,0.6422230685031098
0.6963441585245632,0.12079128812765687,0.6951697349500628,0.12306489853591832,0.6875214060191728,0.12484859216935952,0.6863197266147095
0.7653608648307406,0.15680938186152818,0.7940591928827302,0.16990379262138947,0.7583321463926002,0.1546442950655851,0.7554006825805436
0.6503031843994329,0.147052005978252,0.6909165220595536,0.16217901297359896,0.6204133392130609,0.16869189687170763,0.6584906695724873
0.6623767179065738,0.12088538635427779,0.6533102515325644,0.11498129195928228,0.6426356158520046,0.1401680615663362,0.6922690907616533
0.7041094576699116,0.1426482416342097,0.6919404812001134,0.11500660776497916,0.6993648546218754,0.12142781627298883,0.7236088385015975
0.78692094114682,0.17296785943084148,0.7499362777168377,0.1233530095158711,0.7854241514317514,0.1415377857404932,0.7704644333502404
0.6295796041949875,0.17520168602557729,0.657254208948931,0.18472025262925812,0.6534929618799148,0.25094336864660494,0.537789008123533
0.5768571791824311,0.12246565222087484,0.5610478325790003,0.13023507988075003,0.630327083058192,0.17893566113155873,0.6004987225948004
0.6438080135324745,0.12410564251759343,0.6195403044378294,0.13002200027165364,0.6259204654986701,0.12315740145287704,0.6321616891371097
0.7463947384909341,0.1706940488226292,0.7333473280237692,0.16862788936574385,0.7686472080522134,0.17914188263414774,0.7152834888984626
0.5970831195077773,0.2783148751809667,0.5794778996301346,0.1785306480694465,0.6003475977487831,0.18264692483246342,0.5026753343752224
0.5757594136899198,0.19337113160476166,0.5449553155657374,0.11878525904711064,0.5280835929384313,0.12168834912906495,0.5543355246304233
0.5838339261717782,0.12671646197901276,0.629805247913221,0.19650896566027945,0.5951815290727649,0.12048498168125381,0.5741697566312904
0.689341777895909,0.17904340852958597,0.7539843053319575,0.28538957380648383,0.6826872253343048,0.1809016208164542,0.6710797696393469
0.6136031356905389,0.1978561814060908,0.5283637303375435,0.16157510606446748,0.5797495825135937,0.18165109752829295,0.4839931619052586
0.48154763949626433,0.12142268460707498,0.46465221851230476,0.13139163022324496,0.46878032449974816,0.12360115796517757,0.5072229862964996
0.5703676712844901,0.19803631103586386,0.4829340280097014,0.13139163009362026,0.5040320551171376,0.12174275274454366,0.5117235111953695
0.6707540522328631,0.28758662545841174,0.5506015687472321,0.16127106584906578,0.6531232640869291,0.19188153286583542,0.5419851445059987
1.6738569769608536,1.0071695708539123,1.6663528377266126,1.00666813112509,1.7135026745655637,1.0071300656190207,1.3010299956639813
1.4129813147388326,0.15924017455250997,1.4979817776908284,0.15617344577389666,1.4914822650788744,0.15030090836798862,1.708675792726537
1.5848933408776118,0.14619455360553807,1.599973594968234,0.13481377827509633,1.6159073890344502,0.1557404497435436,1.2730012720637376
1.4900628019789264,0.1199599170732528,1.569855804180602,0.1110376592881685,1.6824703817693654,0.12481777755465921,1.6327608884794387
1.8473289036237976,0.17847199337706188,1.704703902601503,0.12238048221911502,1.7415655470619753,0.11901356073804059,1.675228253593064
2.0305619315762424,0.2679197388146984,1.8342235679776269,0.18797032479166997,1.8192323141173623,0.1921276735449098,1.8093576702111058
1.5765722557858972,0.14107459400251027,1.600065280606218,0.14465469015503002,1.5421625914770718,0.1312009955647002,1.6030360562505217
1.6018562468775372,0.2646768168091375,1.6085540953901805,0.27508740989687014,1.5778691518284884,0.2363632960302461,1.5922878159521308
1.2251662546143065,0.6594563089634494,1.248190654012157,0.6816594588201802,1.4386731458468827,0.5448016692117161,1.5613399414589013
0.874632220396098,0.19865244032661547,1.8481951878345801,0.678402402584409,1.8142862551554946,0.7636259969467581,0.6211762817750351
0.7767938741115373,0.15733142628144053,1.7161550523510336,0.5365925343733496,1.6493160576131158,0.6115689249404911,0.9072500828813285
1.5483235353564988,0.3834764593832524,1.3495138755856324,0.1769134035527581,1.5481137083013234,0.3853258879128788,1.4520625774204234
2.371454230942394,0.8459343548336913,2.461484934021315,0.985591864368745,2.196600179414973,0.8516908318467528,2.281091665663499
2.0244029696249917,0.6214258009545702,1.9792925454476895,0.6242775898499517,2.5002923619232233,1.0090070603369443,2.106299572916015
2.1566517672658914,0.6797358746515513,2.047356186063434,0.5153621007388517,2.1063558101555757,0.7176490159140291,2.0163904168315687
2.468989319341315,1.008354868572377,2.4176827520925297,1.00804757382075,2.2537573275545504,1.0083437916605185,1.9375075510718127
2.5751771450900955,0.9837938373010525,2.5563422004495733,1.0026532316046362,2.253725324189398,1.0083437868226204,1.8669264750160817
1.8468485955925085,0.19881649766621234,1.9448204645256448,0.7745589478694885,1.8273149537941658,0.1611518775299466,1.7981014785788747
1.7613048739652182,0.13549496932146285,1.7403037063317408,0.16563782446007108,1.7519425227005578,0.16001874813794836,1.7928247593001219
2.2795504072912554,0.9216988557007192,2.2643517843958128,0.990041609631157,2.422203645399967,0.9777037157633025,1.7513580706372016
1.9069634129458959,0.17547458188325868,1.8996968288010918,0.6293657628442555,1.872972351940272,0.5566226974330682,1.790102116443042
2.456532758666464,1.0073709048658182,1.9482888904939386,0.8830021257437753,2.5406730756808,1.0074045202536765,2.369698138949881
0.6210298516537092,0.146074621897997,0.4902620499879302,0.12789041572929294,0.5366847689094354,0.18963971611224087,1.3617278360175928
0.8333710612421749,0.11681303841821288,0.765520645336045,0.11516467973823492,0.49340767562049415,0.16119443388359134,0.5797835966168101
0.48174834528827604,0.1169650000711134,0.7158833769862858,0.11488111475444944,0.4475457097659963,0.1362910457736855,0.38021124171160603
0.5723744359870551,0.11302651586092613,0.43308818487281386,0.11452735970432941,0.6382407060815272,0.11580288818743452,0.47712125471966244
0.5352459672026835,0.11318639686425706,0.4933963697074688,0.12383673952377763,0.4640077893101342,0.12435543799772268,0.3010299956639812
0.3025280514203421,0.1617112769861888,0.3053235682892348,0.12755286414144454,0.03425523804377795,0.15325943616671725,0.43136376415898736
0.9941788896709219,0.31971052114730025,0.9152690701097334,0.3058411060112481,1.124914036519961,0.3314000043769631,0.5797835966168101
1.6312209059153793,0.11245353275057111,1.6489653959593784,0.1110780585547883,1.6569481641751411,0.11395299903610076,1.7011469211582442
2.0212123096477517,0.11274661453693217,1.9944083950956795,0.10863867006619624,1.9199745172767373,0.11294062131328661,1.7011469211582442
2.314136565126093,0.11599313190474993,2.3172583312572534,0.11500981430455541,2.411328445879783,0.1114383258332871,2.245214967977794
2.1770519001028115,0.11688105633875084,2.3152676392805738,0.11184112266604945,2.3017920755936325,0.11191115185078496,2.732555387821718
2.771029156855779,0.14101250747490596,2.729868631066565,0.12842637977608948,2.685277406911753,0.12241152435699712,3.1672727939401932
1.9048235275396899,0.15039231914692977,1.9039086790363957,0.18362366518630624,1.9060906166124352,0.18742511591430283,1.6989700043360187
1.7932062438007417,0.12845067580207364,1.7963918216702375,0.12891230949313925,1.7818224959455877,0.14693857247947562,1.9030899869919435
2.0065949353736547,0.1702086091079195,1.9218836355385973,0.12528482461953636,1.9434210246967905,0.16474444233920696,2.0
2.177029390708181,0.11512488520451769,2.1237942330571755,0.11104792819812156,2.126746871128659,0.11288471598659049,2.5160062303860475
2.1547812372668993,0.11129512148393675,2.181446673106321,0.11427752625231494,2.177032760937966,0.1160857547841376,2.4533183400470375
2.037876337995212,0.1358095970311293,2.005303863443602,0.1301641149182292,1.9958215868386366,0.12425581965254619,2.0969100130080562
2.032305624905719,0.13077425344060226,2.030544073137309,0.12966029830127218,2.02550108811172,0.13067940280876725,2.0
2.128157553006199,0.1225923927258234,2.110025869378549,0.13634593417108165,2.12766194228717,0.12966923299440533,1.9637878273455553
2.076105368253863,0.1287543024297838,2.1217883347967907,0.13489110710042562,2.0490261729483623,0.1362407659810605,1.9138138523837167
1.8970601464409924,0.6801094070381308,2.0449025218562347,0.665789768852921,1.7396477714633136,0.6869061341888488,1.9030899869919435
2.453097536958646,0.11637900459462945,2.3968744838659157,0.1158060053820139,2.3435183457930515,0.11374815258400195,1.7323937598229686
1.4606134796879489,0.13830037762798136,1.4517497763075902,0.1386704272095952,1.7721942542974403,0.4055283378717471,1.568201724066995
1.5768673825939528,0.13968343841063016,1.6185818455666932,0.13633016818142737,1.772203976853139,0.4055282744336618,1.4471580313422192
2.2599064196025798,0.11107451985088047,2.3912513090828877,0.11620142733090355,2.34304090328009,0.11098951794886135,2.505149978319906
2.290350556626043,0.11584922606487688,2.276857797193226,0.11053582623017533,2.3272894116145304,0.13000674647876231,2.4471580313422194
2.4002039341090247,0.12450239920670023,2.624474679957126,0.15880406672881023,2.325988206598805,0.1323602790053663,2.255272505103306
2.269111244604059,0.16697060830339144,2.781942434662041,0.19749435540959737,2.3185434455572964,0.15784783896974097,2.2174839442139063
2.4466612208529264,0.9460452802193873,2.4906982061778438,0.7213454537315588,2.2567802141629647,0.9291196086464343,2.832508912706236
1.1527320877312224,0.8751768331643616,1.2557615858632758,0.9823979226759686,1.065152819041221,0.7529410741626607,0.8830935291101389
2.7904919073397556,0.17806342707801606,2.7979823474540186,0.17644407954757182,2.786973242166604,0.1746877271321594,2.8492146064139448
2.9378843320401264,0.12637127258527592,2.8987843554406068,0.14232795725101327,2.9346605025551784,0.12844856068881555,2.8920946026904804
3.0586042217701106,0.6072784193148185,3.0367480278390744,0.40295570023621474,3.0875030320353307,0.2764302957847524,3.1760912590556813
3.0906411722498945,0.5960816970903218,3.2036319964629847,0.15494947504318318,3.1929172200638734,0.18253609669069423,3.12057393120585
2.838719414131152,0.3082199921429748,2.764922992160579,0.40971849312692604,2.7997813577341484,0.38835732135712103,3.0969100130080562
3.017515474737321,0.20783667188041013,2.9832420396794355,0.16259349146552735,3.0127820429901235,0.21471714256316865,3.0791812460476247
2.795315085596071,0.5935291190714788,2.813203506612702,0.5651133313276402,2.7313489099749173,0.6021955431685797,3.026669428201376
1.6388688833262781,1.0070203273530545,1.6322313245615183,1.0069772188140336,1.7153438568515913,1.0070912011712843,1.7853298350107671
1.6354738423761106,0.6260473450589479,1.6704241664116442,0.8527900892686034,1.4107866694695477,0.7910955853977685,1.3010299956639813
0.3783230979650154,0.13561631367945046,0.30864990603885256,0.15144183875487305,0.4267386827341644,0.13109933234234186,0.3979400086720376
0.38050925632948207,0.11648090583721946,0.34411522685574925,0.13605159005053374,0.3543922571074438,0.12178963679794537,0.3979400086720376
0.44198909264736685,0.12255932089953082,0.4330016375336103,0.11662673953826033,0.41759666719451927,0.11985663659647534,0.47712125471966244
0.6686282428832119,0.20974144639641076,0.5871862344199641,0.20326297749831204,0.5113835330334047,0.1713368999896117,0.6020599913279624
1.6763375789818435,0.7070538740951053,0.9965719652495089,0.4618921369593089,1.6735460695452533,0.7485544931072758,0.9542425094393249
1.0673624911550292,0.644843752841025,0.8687316484567514,0.6477815270034771,0.8863380522470392,0.7224936587060385,0.5314789170422551
1.5254585483312106,1.0901579452830426,0.9595205304260755,0.6000293167603519,1.7049435919651306,1.059459789618324,1.6334684555795866
1.1499146109913387,1.0070902967578095,1.091763058519403,1.007048469969814,1.177859784869349,1.007080239254049,1.6989700043360187
1.2950689597399139,0.24265008127341472,1.325786448603043,0.3135941585841676,1.8478830337742034,0.5593294906679801,1.3502480183341627
1.3753306620755263,0.30997849627514473,1.7986668893823685,0.31956391456771327,1.3761724215509494,0.5431760240486907,1.250420002308894
1.2193613108652217,0.1276425023738562,1.1848727521870248,0.16368070356089726,1.2590065793801655,0.2872620221188958,1.2479732663618066
1.2331164727018362,0.12921544221890988,1.2115717056935753,0.1494456029371021,1.2397260921108775,0.1685243013222345,1.24551266781415
1.9793168637494585,0.1639073591760738,1.2655351233709966,0.1569576713591683,1.2735994933672308,0.12254184519121172,1.2405492482825997
1.1746350957566172,0.17166087147276543,1.1801449344937978,0.1511102248585555,1.156843767335844,0.18464951438121338,1.1038037209559568
1.10263066166642,0.16192709514817358,1.1095238349929826,0.1592466197004905,1.0873497012619455,0.442741121887772,1.0530784434834197
1.0491625517321816,0.1686728273329185,1.0486804422407265,0.18535741621336652,1.05245721170895,0.1772362050651605,1.021189299069938
1.0776243271179564,0.16865203929934805,1.0776997301268978,0.1764284645397903,1.0839976189053604,0.19237161962901167,1.0128372247051722
1.1217985321940125,0.12181090412434625,1.102348878715301,0.12194484158524412,1.12781565045056,0.1237395283148872,1.1549019512998535
1.033153052153438,0.1349909956312711,1.0457313708191558,0.11724951971973863,1.0669229221434873,0.36347033200280215,1.0863598306747482
0.989323265596732,0.128491633841365,0.9975505641613982,0.12197357624670793,0.9977860961322117,0.12231125385960814,1.0492180226701815
1.0204937908851492,0.12418750823434176,1.0190545531396369,0.11848268070854619,1.0211407338567589,0.12314748613774198,1.041392685158225
1.1121266183500316,0.117215538781589,1.0963832446308466,0.11734337896807692,1.1207296208309487,0.12053374150889996,1.1549019512998535
1.013533175799893,0.1365028878170814,1.0468015625853466,0.119117969900505,1.03910701957752,0.2777943086650136,1.041392685158225
1.0216605627303152,0.11774807135860951,1.024312624052401,0.12814608295003574,1.0259477151478054,0.12295290291423264,1.021189299069938
0.968846375873087,0.12871976945041883,0.9911909777397397,0.12354755532596605,0.9864206136465277,0.11785945221772631,0.9867717342662448
1.1152783679534128,0.1224580834541007,1.1215592914031778,0.12329399089093954,1.146857281577031,0.18409972898402746,1.0969100130080565
0.9941737388466068,0.1345834478758904,1.0325765556661342,0.18077346233460953,1.0069580773539382,0.19012728244263907,1.0170333392987803
1.0092374222064984,0.1242308545517956,1.015662047661952,0.1307673187527815,1.014009744904997,0.12032879704551977,1.0086001717619175
0.9593630574967137,0.12190075557328878,0.9629954926072878,0.11915321922302782,0.9555045977378812,0.12595964115432,0.9493900066449128
1.1082782847335602,0.16795234276916188,1.0968608472446597,0.1675363626368007,1.1393456927938592,0.26127991499949793,1.0791812460476249
1.0009638242177905,0.1686757670360295,0.9942860356994124,0.1853790681407289,1.006327253870989,0.1755355978151568,1.0
1.0021053491408072,0.17095786832670962,1.0053202617285444,0.2628246068214732,1.0088983703608987,0.16577157253079913,0.9731278535996987
0.9382412032509354,0.16819176607182576,0.9156011888739863,0.17645038271436386,0.9288132602026078,0.17407822569285386,0.9242792860618817
1.3169980783804094,0.1504225180237573,1.300727926321719,0.14887640068269647,1.1509051729280038,0.13482089784430737,1.7781512503836436
1.321554654407823,0.12125658589257805,1.4354936790787889,0.12779599887930726,1.7160642063602607,0.14537966419093112,1.380211241711606
1.3135324648431432,0.11790717872231844,1.3335349852207279,0.12276266766540575,1.6936606422902067,0.18187371188486812,0.9030899869919435
0.6933134405570486,0.26305738140000634,0.7331704020665226,0.25630241867647713,1.6447921635813405,0.3213998216705218,0.8450980400142568
2.8952918376933465,1.037945124396046,2.6090895772183873,1.0388710253128892,2.5224742079973104,0.25688916890600233,2.4673614169369897
2.878541872407414,1.0249124122802105,2.614284712358023,1.02762239709812,2.532786700351785,0.14947471131638437,2.6020599913279625
2.78996611599111,0.8638297154273338,2.6435403313711774,0.8759710396474687,2.767460117378717,0.3501143076466609,2.6434526764861874
2.620466020539585,0.717797089076536,2.5471244199503387,0.43085724585717194,2.3642746544347157,0.7653093405828779,2.681241237375587
0.5535900697667178,0.15075922885055418,0.6618810285516135,0.15691259470401722,0.5551927526912459,0.1507793782111654,0.9395192526186185
0.9877105891961179,0.1569575249196712,0.8543429825502555,0.15381422195432454,0.8751706358972277,0.17014586965830883,0.7708520116421442
0.5398923495573449,0.15391775772378435,0.7695987629485591,0.6373374550267211,0.5895924113447035,0.1562386341789587,0.17609125905568124
0.6058272128124056,0.15395410923638717,0.6960080896574423,0.1538105012533338,0.6800637212123862,0.15192697586984924,1.0644579892269186
0.7983690598206882,0.1539907126605497,1.0656444646038872,0.9568034026780515,1.0343066352360393,0.15686598951294786,0.8325089127062363
1.4202285790181441,0.1569425430291631,1.0258677954287863,1.0071315609176228,1.3764205871095667,0.17014719173921267,1.2227164711475833
1.4684669974279583,0.15391775414107806,1.4331560022751448,0.15690961602411133,1.3918446805287268,0.17014701507037974,1.2648178230095364
1.6554813517216045,0.15391723098685411,1.55815811745429,0.1569521084121394,1.702852507934872,0.1568612040913032,1.5910645958907432
0.8279924055276943,0.1571142641485248,0.8926585420168507,0.15703373730479747,0.9103015813068175,0.15207389041482952,0.9731278535996987
1.1418224980988874,0.15363744425074144,1.04909885059977,0.15646710273020903,1.0316196837643168,0.17039503978023074,0.7160033436347992
0.24458076386033634,0.15679666606581288,0.8279634533153665,0.6351756785460877,0.2889989081343747,0.17043593331196819,0.5563025007672873
0.8209007795820074,0.1571526268224384,1.1240231888848515,0.9583616367489668,0.8997779107268657,0.15213572287293042,1.0086001717619175
1.119553699613589,0.15710396864754336,1.2202563697930342,0.15213864677861075,1.1636486628266456,0.17061350839529985,0.8129133566428556
1.207628928892298,0.15728296811898906,1.1454664156195342,1.0089681868260836,1.1968524775642686,0.1571448159065015,1.4785664955938433
1.2493167658547482,0.15728315118169417,1.3839905391704792,0.15723929699429517,1.3284443737720386,0.15219751992754968,1.4941545940184429
1.7423716505395161,0.1521655149107917,1.7427918463751102,0.1522028590561992,1.7412658612863519,0.15216781115074796,1.6830470382388496
3.2913957507806524,0.13210061589296812,3.2791061476456944,0.12132743643554207,3.304007737613633,0.1351193749594035,3.361727836017593
3.207948300534318,0.11575679194411877,3.207475791480785,0.11828792054008397,3.254054830421586,0.11667116184539687,3.3010299956639813
3.1184079612805937,0.11584926943634535,3.1277851528142016,0.11455433605856831,3.101494854704445,0.11706054031253585,3.146128035678238
3.1465261300976533,0.16669614251327697,2.9966271696012656,0.13572427783897362,3.0130438279631955,0.13094143871079753,2.9956351945975497
3.2795853530594874,0.12449116865303403,3.2207040642532543,0.11916254488064698,3.234167341038466,0.11483238576356679,3.342422680822206
3.251056490638555,0.11057612520759647,3.2442167819899823,0.10824326497543837,3.186707778163167,0.11056326828836814,3.037426497940624
3.2020370070076978,0.12888810461774866,3.1069771509093576,0.10676162375748048,3.098966395756423,0.10937601341189539,3.0170333392987803
3.1345341892931344,0.16727115886376637,2.9948261383271397,0.11373229118251028,2.975102086386488,0.12666675905762553,3.0
3.214122264143847,0.13473321632871954,3.263828534159653,0.12790865613339117,3.2575398522663863,0.1321710549476198,3.0211892990699383
3.0620740785888882,0.11208452039718499,3.0592690828299203,0.10933259149548796,3.0707974300546095,0.11670767883021096,3.3010299956639813
3.141808396881589,0.14244810487949647,3.0453185322200254,0.11759397666361383,3.073160409913773,0.11752392984522697,3.0170333392987803
3.0936274748615293,0.1790810144596407,2.984359350629492,0.11856613438052559,2.9326405850124795,0.14505994821692605,2.9542425094393248
2.5006266634968517,1.0025732071301825,2.152278634722967,0.6686238554082605,2.509529707088549,0.9964322425702249,4.0
2.6167707837072305,0.9966870568575287,2.6068483639409354,0.9562443437102129,2.738333535853831,0.9824944353224337,2.9542425094393248
2.4639089083209305,1.006629309877619,2.514035217832758,1.0071818151556087,2.514961501010818,1.0070857634346682,2.845098040014257
2.5411550907943043,0.12888016979229983,2.539599502247301,0.12912805162892585,2.490702190421521,0.13884340230294598,2.6020599913279625
2.606157181275509,0.13053892514983456,2.6294760394721832,0.12478531282019192,2.6017258681446522,0.12968678185697616,2.4771212547196626
2.5491693067515966,1.0073052025824694,2.4706602050817446,1.0074018363539088,2.5149526716245294,1.0070857587265758,2.3010299956639813
2.591713444642128,0.11466365940426193,2.5927761188575085,0.1157247432312655,2.5494209061028275,0.1313100249534,2.6232492903979003
2.638416692546878,0.12166210729940911,2.5550521596538003,0.1428451226364884,2.6056857401056233,0.1313860861184131,2.6434526764861874
2.6450534095380784,0.1713761255068562,2.517529905150489,0.17493525038195967,2.648447100487975,0.1588909678626776,2.6627578316815743
1.1367821664450166,1.0065327390537253,0.7716220701701565,0.9923336592358369,1.0793759001327876,1.0067123586176305,1.1549019512998535
1.8643331401516148,0.2601322764097589,1.8727770710700742,0.17940457143452773,1.8502183807791375,0.2953001499864962,1.7853298350107671
1.3718628172413774,0.2601329200733572,1.3038808501130248,0.24134876012502252,1.4660618975771036,0.7347942800449615,1.255272505103306
1.8168763110645714,0.23725777671190817,1.8486505575254264,0.23580767263207067,1.8950219336499914,0.18998976323034777,1.9344984512435677
1.3837205348062185,0.25631244522961827,1.3330103779643452,0.18444833147879888,1.4940950217886462,0.595170164440167,1.3617278360175928
1.8037038525385793,0.5405490403569086,2.018891726515369,0.5369445293628813,1.8757991528864475,0.6068095195424326,2.1522883443830563
1.7483822370895563,0.6108033932862971,1.7787658216374957,0.44802930774985256,1.7346279422662823,0.37379531027576535,1.5563025007672873
1.8863025420664377,0.6183253304740904,1.9863479331815355,0.6761239711115727,1.789632840728069,0.8733882129312425,2.419955748489758
1.3967809087689598,0.705248463232373,2.295272348948548,0.5449567995472898,2.131296566264089,0.7699426321478661,1.9344984512435677
0.09950997842474574,0.12314536937101173,0.10002588121347977,0.12081504098209918,0.09592080874537001,0.12130569607253333,-0.09691001300805639
0.15013599918570275,0.11086081101519238,0.14577417993838493,0.11471558269027826,0.13855397740340658,0.11130791451825521,0.07918124604762482
0.31974987186293635,0.11194041601741929,0.4005471009926782,0.11371673874680098,0.3671663356162316,0.11070447024591253,0.21748394421390624
0.8704647035929562,0.13230143500773223,0.8767510987502916,0.13184026617521316,0.8601945408527717,0.1322700390861136,0.5877109650189114
1.7058001811533934,0.13065881935332435,1.780419783204288,0.13496357761044658,2.0334092337509837,0.19483439070016625,1.3222192947339193
1.4748506605485372,0.11430453891876571,1.5074596456767173,0.1163621581375386,1.6418282723067046,0.13167627596039258,1.2810333672477277
1.2259246845478642,0.13110352848835724,1.201159491193751,0.13063157032485267,1.1782830231472305,0.13032452619194082,1.2227164711475833
0.9617874100650861,0.12327998161904492,0.9845095653130518,0.12182750144865083,0.8233272305815358,0.11960300231162224,0.9084850188786497
0.9513892518803128,0.11203373197245715,0.9562292860596052,0.11061603938792748,0.9430771576866649,0.11112202688639444,1.1986570869544226
1.2097369139846355,0.11388858029827809,1.250782198035956,0.11132792774530843,1.1496341394113343,0.11457081683823643,1.1818435879447726
1.4726886777203176,0.12733587352984202,1.4306244189339825,0.1211076855411661,1.4677928790892796,0.13532283063502104,1.7972675408307164
2.3197211795847084,0.13047000957113922,2.3116526068482726,0.1296951251189832,2.803203908869133,0.19289299591622294,2.5514499979728753
2.1818161590248337,0.11143022076236134,2.27886952205826,0.11426020654132331,2.1693217994175673,0.1121447238710029,2.550717423469283
2.1873627375471463,0.13341856080033357,2.183248262176666,0.13086869473293042,2.148889790275232,0.13090862925291674,1.909020854211156
1.698105326714989,1.001787183400006,1.3635999653114295,0.9547027261948821,1.592154047485288,0.9578015269619128,1.3364597338485296
1.6506383402744471,0.9967793341754944,1.1191475624786364,0.321283836674254,1.1455204309205378,0.48844879681113296,1.4857214264815801
1.2854174662448434,0.5962703098215976,1.383053999375742,1.0058699418908217,1.1747799299544228,0.44303506980286644,1.5954962108028714
1.5451840793023612,0.9641622101940638,1.3156999842911157,0.7840905467791983,2.386841845138999,0.8481342493852824,1.0128372247051722
1.811839909375203,0.9443684448159906,1.5918453439521865,0.474432383204082,1.2667775523856473,0.8767300764390225,1.1958996524092338
1.4580571635151653,0.8372802628639612,1.4954482717474153,0.8588979089326713,2.660817847225532,0.33668189472354243,1.221848758302246
0.4443958059712312,0.7164003223887251,1.1112339870430183,1.0069393881955917,1.0034344100962942,0.7275150212806775,1.0457574862177303
2.437437068420806,0.8851917732312492,2.3181803723003043,0.8771133317837458,2.038615596324464,0.8594957929235877,1.968482948553935
0.5085953419548814,0.987072386009912,0.5079118831096987,0.9969901694758366,0.523191617032907,0.9961870585597318,1.6232492903979006
1.1571877808802742,0.1432449728437789,1.4866132566727108,0.1599127997066812,1.4265894030570347,0.14820780436325595,1.4771212547196624
1.8798648027462614,0.14818687365617866,1.8998083951894738,0.143821377627607,1.8984826909292218,0.1343420492826683,1.6989700043360187
0.9190230043924932,0.1517337959334475,0.9093699925873434,0.15198045954310274,0.9220677088722949,0.1528901902638161,1.6989700043360187
2.1288028487962114,0.15477875565803453,1.8803794864636694,0.15187469595637124,2.1756813677596365,0.15340325975045407,1.9344984512435677
2.907826618415435,0.1528590482958498,2.730353569705234,0.2747409761806829,3.0430274685896777,0.14631871088192505,1.8864907251724818
2.380201477745794,0.1542628329895847,2.5849170993019976,0.16551849529733048,2.426465805508502,0.1610664103466368,2.322219294733919
2.225127795800594,0.15147149337611945,2.0826258782838956,0.14184597760988085,2.3602584272188203,0.13851611860972732,1.9084850188786497
2.675018865886101,0.1566084307763539,2.485739311127411,0.12917544401766337,2.4301493968846906,0.1314790342913657,2.937517892017347
2.4222243896377718,0.1547610275002152,2.39258617458197,0.16491041461519465,2.551106154239613,0.16061053603581887,1.7781512503836436
2.6564954309383753,0.1450084721698863,3.240551140571897,0.2685152478577491,2.608012988107446,0.1536246859309405,3.7104558643354246
2.7595645167440974,0.15102097787805943,2.627989394400137,0.1617404932562649,2.7895125281991318,0.16026118013616336,2.8432327780980096
2.860076237782941,0.15307327339701837,3.1159256427724733,0.15248503565067015,3.2084154312900424,0.15429711376229202,3.287801729930226
1.4594542981899585,1.1802995910871883,1.4760439068037585,1.1760708492071328,1.3769344941114978,1.1740508913941006,1.4885507165004443
1.7940018600674041,0.14877846455691132,1.8303791141084684,0.15212161437662008,1.939043185670954,0.2595062602994913,1.7242758696007892
1.8842802247846964,0.32257016373465486,1.754197867240781,0.18024564829365916,1.7316581437294691,0.18345145917429193,1.6334684555795866
1.685647690876798,0.18347522069476907,1.6702067869973276,0.1819356434720024,1.6889366229208558,0.25308724916671976,1.5440680443502757
1.5891949678493196,0.18012432876342205,1.6061344999348643,0.14814060951996685,1.6888629089049723,0.17062223346331898,1.4913616938342726
1.4650936826977832,0.18565421148394495,1.4916293052984726,0.15285033873805806,1.5011356457239924,0.16866878237668662,1.255272505103306
1.8793391054952509,0.12849620798983863,1.8448405577437246,0.1820109399452928,2.0096183907616436,0.19651805802252087,1.8808135922807914
1.9333561052705992,0.22421178961194152,1.7948042251917893,0.12209226569984981,1.7876738805658532,0.1253111678243486,1.8195439355418688
1.7060036901452666,0.12845822239181032,1.7131785719559929,0.1240969759847468,1.7948897632412988,0.19247474663972697,1.7481880270062005
1.6502661094123579,0.1270570400648177,1.6486696164585963,0.12405017974877557,1.6548250272028262,0.12727494034777542,1.6812412373755872
1.3717706247548391,0.16214679315579025,1.4365241049566655,0.12663983255367808,1.4346678572746119,0.12757202554554536,1.5314789170422551
2.107011425972705,0.1617763500234964,2.095330306638684,0.25951872666425774,2.1210874770201467,0.16889577775022546,2.155336037465062
2.054625274000784,0.18136826473441062,1.9648409363056345,0.1689907053934538,1.9867836947651598,0.17527650166273098,2.0644579892269186
1.932597004731334,0.16524218069756447,1.9684704174781804,0.15145600313185995,1.9468634290661901,0.1784554824993937,1.9867717342662448
1.8714373855073545,0.1626683180291417,1.8480361812870543,0.1637857830534151,1.867412916973991,0.16901883240239718,1.919078092376074
1.5945362969213468,0.20855544840629697,1.7202343235710338,0.16450110016503272,1.7009599901083423,0.17072551105987047,1.7323937598229686
2.68899648535561,0.36637504495982615,2.444661155549857,0.16467141722953138,2.480553834686787,0.256140752999147,2.651278013998144
2.3212740504855565,0.17799006313684132,2.306977254245848,0.19556321303910876,2.2840737106904223,0.1931510362805518,2.525044807036845
2.254591379374304,0.23902346499728855,2.446433648786137,0.22117994609417865,2.2539898902556494,0.18587449138572032,2.428134794028789
2.024434351860554,0.18780366579697239,2.1574815762775836,0.2959339632712624,2.0435430468939058,0.1718803231241072,2.296665190261531
2.2015425795798595,0.21653749159138605,1.9593316974686092,0.19988905601938492,1.9692308195895976,0.2942300160381754,2.100370545117563
2.619694505727134,0.3932777706366742,2.2757653922948533,0.13722659230416837,2.2679199092906384,0.17342290240929192,2.2095150145426308
2.263444761847389,0.12250173264722333,2.277601934365504,0.12060618344219454,2.4117499596486836,0.17834434017466685,2.1172712956557644
2.0818880722005457,0.16638491808664768,2.3707525291849008,0.23729546257515946,2.351599096471704,0.18182459911743154,2.0644579892269186
2.0669618388531976,0.12501806166576812,1.9883732026360368,0.19043857468554867,2.0572509533348926,0.12445566772265,1.9084850188786497
2.13040860309678,0.2920184323882667,1.9136398099579897,0.1210659800297663,1.8461803851426075,0.18910693063449166,1.845098040014257
2.5505365839375007,0.4623171279365684,2.0497344325837172,0.20127118020748822,2.0466283231044033,0.20030781380917545,2.0569048513364727
1.9285974716734848,0.19402993503054666,1.948306992389168,0.1987828023978348,2.2877128907815756,0.26499015887867117,2.0086001717619175
1.8861633779421099,0.16918287059391773,2.2949260246079266,0.2804324120010879,2.288958315838397,0.2717720034695128,1.9084850188786497
1.7725146223905588,0.19242236475224836,1.739015908432846,0.1967557227580483,1.730401118737927,0.1991132292438477,1.8260748027008264
2.062643291460413,0.43669694355689204,1.7585608711778742,0.20151885853974044,1.7388759891844876,0.2035259014585064,1.7323937598229686
2.869769270414977,0.7626126793094449,2.5390276987044587,0.9936791655122519,2.7014020929544706,0.8649394216893449,3.330413773349191
2.8778077000266533,0.9107734186890137,2.690406243216881,0.8760092089518626,2.935369931420391,0.7882826315002551,3.2016701796465816
3.123540959939909,0.5749516778410593,2.9052798623008633,0.755662570476127,3.0476601180692073,0.6188368473024312,3.0874264570362855
2.469693230628195,0.9442108238053912,2.757464285375713,0.4603342032914922,2.825098046483805,0.7883851540044665,2.9938769149412114
2.365585099873127,0.9794236155242024,2.3876467185804655,0.6901758894588387,2.0857255600193927,0.9541563995002387,2.6580113966571126
3.0293956005640617,0.17706406600942798,3.0743031205160065,0.1283570453867531,3.04466480524842,0.18517582880479394,3.12515582958053
2.9287478231654545,0.12405408406140268,2.9117121342078542,0.13809792128715837,2.8090265306501,0.14215664288898636,2.9960736544852753
2.89761850525434,0.12316040670767073,2.8712238202916076,0.11351960799611437,2.883090222653014,0.12126817452446034,2.9410142437055695
2.773542254342482,0.11626877651235254,2.74969344642115,0.1460732565073417,2.7919597462433945,0.1217262871706272,2.7596678446896306
2.741810750370072,0.12302435209336628,2.725766631078386,0.12046490631520199,2.732172211159651,0.12073852940973279,2.716003343634799
2.6075111805020326,0.16880747094306972,2.5909351383191543,0.2139874558951853,2.6318643250677773,0.14500912986012823,2.6693168805661123
2.551353616256551,0.11567297809656533,2.5333551660848546,0.12941996025004332,2.560028425472847,0.11966506299397221,2.606381365110605
2.3913956041869024,0.13354948396832356,2.336128784429735,0.14788848864557064,2.431189880070641,0.23935570195717348,2.424881636631067
2.4518967433394465,0.14068252406465018,2.3831215850739023,0.1552761611254078,2.445016196320662,0.14790387316262024,2.4216039268698313
2.25132038294415,0.12454133382250267,2.20638300375621,0.12494630601357698,2.2008889446717586,0.12506884735156354,2.2278867046136734
3.402387011535975,0.6412879820346395,2.984389950077836,0.15478607589528962,2.8839480527987997,0.2983567916151411,3.041392685158225
3.532534426086042,0.530061056186058,3.1974973447166777,0.1265317563786407,3.1004518605832185,0.2103409143917186,3.1271047983648077
3.644108038902135,0.3516835810778947,3.4095402101365155,0.1464129001133516,3.055405503865927,0.24979442980708422,3.359835482339888
3.423145232892739,0.2057154891018087,3.3522692802870484,0.25881969975072494,2.754555517307587,0.4921011019504253,3.660865478003869
1.1020720775812305,0.9174876995074127,1.1653241825888256,0.8929032279979575,1.217657586509901,0.672136056979481,1.4708906104643977
1.0548593937751614,0.9360622188103528,1.1948853248323672,0.8970889206436268,1.0384970673549003,0.9572268983136826,1.403161082042965
1.1069638877022743,0.9694085842940277,0.9987021520957949,0.9676367386759882,1.0067619834017827,0.9615359703183481,1.2427786353774164
1.5239469592172223,0.923015076242461,1.3185031511705965,0.8171548900141794,1.192371897393051,0.9987400389891075,0.8325089127062363
1.1305600362457189,0.8602003920899101,1.097327960599825,0.975664001171745,1.0979207913901439,1.0031334832899443,1.252853030979893
1.1370888985070373,0.4113554130108337,1.15668148131334,0.7191065653404053,1.0862243366648894,0.8137169559757597,1.1139433523068367
1.1202375273420335,0.8053861099903457,1.0599572700159885,0.9420840425167584,1.022004499357079,0.770981481163482,0.9731278535996987
0.9543881636225062,0.4183504549564301,0.8701024764799701,0.18806911213878133,0.8620235314250407,0.8153818947381585,0.8450980400142568
0.7106066473559796,0.3660468966959722,0.703655528899148,0.47289191821820276,0.7319214736126312,0.5144667472892581,0.7781512503836436
0.8964073469632022,0.6832779007853164,0.8510808109424025,0.5380391450756151,0.8984314207488996,0.6708434650299359,0.6434526764861874
1.1127657606500967,0.13987674103309292,1.1138030375895394,0.1401217148167166,1.1296036623302719,0.7952290186825459,1.3560258571931227
1.3482802020529852,0.14033632167565865,1.348113675592658,0.14030728529761,1.129612519569405,0.7952290188037207,1.1139433523068367
0.8406401762720214,0.13659997691354875,0.8484341935766451,0.13825396020820713,0.8448298094156091,0.13891286508872333,1.0293837776852097
0.7744219857497725,0.13648680060375218,0.8220477411927317,0.13199614230935067,0.8901031383986614,0.5404991140285825,1.0
1.1780412911189155,0.4927380569590038,1.0877228273267692,0.4130481852105757,1.0589010631301776,0.7216543926395832,0.9542425094393249
1.0273454397117985,0.13938782170119418,1.0219486535553495,0.13834725784325977,1.0124564860093146,0.13592452084434284,0.8388490907372553
0.9964226891426292,0.14037684087277127,0.9801092996747681,0.13799525238147034,0.8900958457935665,0.540499114290708,0.7781512503836436
0.8985075592184686,0.34896684707994874,0.8506323519341212,0.263594577572723,0.9116684837076774,0.31841079363887675,0.6812412373755872
1.0537399619449177,0.7517141692754084,1.3006340774604253,0.8787956671645158,1.7995704509231962,0.5750938227967385,2.4471580313422194
1.1433604064217648,1.0072939584322236,1.0409379107994026,1.0062220757768745,1.1044396303071715,1.0072148155052587,0.3010299956639812
1.0121576855182943,0.9901624647570958,1.1446413735602396,0.9955742992285965,1.1914111824980997,1.000229349532457,1.0
1.2365545065242975,0.31426184416410674,1.4502210159582227,0.7229489455566681,1.2327567009083142,0.2045551366766864,1.1139433523068367
1.3260947079811056,0.3087341438397647,1.1880280718344618,0.3621762000685183,1.0531037162785797,0.20524250604846228,1.0791812460476249
1.3540165557509878,0.13323406024933693,1.4062709631449821,0.2066840511072472,1.3493351604632582,0.1367241606885976,1.3222192947339193
1.2431206676335127,0.1315584742164504,1.4602082369666902,0.5368954368556221,1.2269001136350222,0.17717162752499419,1.3010299956639813
1.33890602615098,0.2618175708949648,1.63045951695191,0.13389490018592098,1.4431489142902256,0.20816431275512692,1.6127838567197355
1.3822250838932728,0.5340131453435689,1.8934863508538813,0.2909540866893634,1.615128710431852,0.3857883138486588,2.0681858617461617
1.555401670407519,0.5436141843067743,1.5582909430554301,0.28613303364730525,1.533245111355407,0.38617147211194397,1.5563025007672873
1.690310384977559,1.0070474843651032,1.6664659089307925,1.0068127631496406,1.5351062884968099,0.9788527413808461,2.100370545117563
2.414996503407804,1.0086724756366197,2.5447797294791394,1.008389853828133,2.7403351539360163,0.9649695937545745,1.7403626894942439
1.12159880169082,0.9959659219255098,1.0816905439392466,0.9743904174849269,1.0790392417809551,0.998926554125489,0.0
0.9052760502419867,0.9835005067114121,0.4553399878555724,0.8357113280988185,0.954812944303093,0.9882047274452461,0.9542425094393249
2.0377680006135366,0.9250233250805172,2.021945167538779,0.9364547308691555,1.5649741331816764,1.006848839246197,3.0681858617461617
1.651851743553982,1.0067933252162,2.154239609759204,0.7458407884732128,2.013818611143874,0.9017837052748819,2.7126497016272113
2.18597827102485,0.8991194091960604,2.187336319373542,0.9012401400120578,2.044146230098069,0.9566653982355802,2.6127838567197355
2.0411345252383635,0.8917811944947238,2.0242161071525753,0.9091469379892013,1.9653434699757253,0.9348821293503599,2.367355921026019
1.6403726709521889,0.9087938470455122,1.6847268651439242,0.9821221878905197,1.552036111578178,0.991702481731122,1.6020599913279625
1.7886060563827235,0.36877537838891467,1.7017062882268679,0.6233521622358581,1.6682406733238961,0.45759877519227543,1.6020599913279625
1.490366768066958,0.31188230185062293,1.540255418849154,0.28709320132458616,1.6080699813969872,0.23451932335629866,1.6020599913279625
1.328432475392951,0.26512223214481645,1.408611418852906,0.2284861007002281,1.4319402095450073,0.19261022128174027,1.413299764081252
1.6225651476905756,1.0071895443914065,1.6320124105816811,0.9765384249438587,1.6374219009288884,1.0014888667752115,1.1903316981702914
1.5702282742483882,0.9747707830661363,1.4874982364196743,0.8519177119282434,1.664920659303644,0.9967056400489394,1.1903316981702914
1.2880452400704967,0.31455006460620155,1.1075669301794258,0.38436326597779646,1.0635396350331292,0.2533108882289428,1.0530784434834197
1.302670856048306,0.719549973095909,0.8123362236667319,0.40172625088356273,1.0866571698930723,0.6656522049840433,0.7589118923979735
1.1499048449831604,1.007090296787295,1.140483904373228,1.0071534799901578,1.1044396911927254,1.0072148141796822,1.6989700043360187
0.9566230069563819,1.0083292555926167,0.9622739402026018,1.0083989777060316,0.9465289725314961,1.0086593835424695,1.5228787409373927
2.4689942700944534,1.0083548604683525,2.187869262628089,1.008215165946991,2.56785872928075,1.008243964243468,1.9159272116971158
1.3379734000487848,0.38246122279674477,1.1250997880994869,1.0074934911054585,0.8345855538205542,0.41441166107439575,0.8860566650649422
0.9004503096958069,0.32812126890259546,1.124964998089693,1.007493909698302,0.905464571160995,0.36122053374657126,0.7958800173440752
1.1561129456278016,0.1376487888398288,1.3426740749897563,0.12265242224586283,1.2030188596342137,0.14183179585924025,1.1549019512998535
1.3057439590013478,0.12452165249695386,1.3084363747109213,0.1243531102402717,1.3045344096129416,0.12462959199839768,1.221848758302246
1.0961301961339605,0.13718697520546488,1.1372425651701503,0.1221218131944613,1.2386027226257799,0.15278748785514762,1.5228787409373927
1.685548766277862,0.9474367402137963,2.045083282248841,0.22014710364139936,1.9693675722062736,0.4522362799795522,1.6989700043360187
1.724022359690335,0.7946944345120891,1.7308869081063556,0.283940330661949,1.7377512195905236,0.2709168371695766,2.0
2.147184061458051,0.6203772866547256,2.277080609095272,0.38300711468072274,1.9012112670259436,0.7594122689033422,1.7781512503836436
1.1958857674601167,1.2038506528923454,1.2359985205352133,1.235668057116373,1.1302821894809938,1.2407595201350328,0.8538719556358723
1.1492738025939095,1.0072300253513244,1.140483353438293,1.0071534745434492,1.1602153492494072,1.0071601695005978,0.7075701760979364
1.6444887053868709,0.9940777352074213,1.3613427869014834,0.7341484039239484,1.23730396046146,0.8961940583747275,3.6127838567197355
1.2516472960709515,0.6845802405856019,1.5292339229268783,0.765269457073675,1.788869147890193,0.5527839458238366,2.103803720955957
1.7642674830362917,0.8903351879779362,1.7011119316974588,0.9210659236041636,1.7570552063528047,0.9765000348468716,2.5440680443502757
1.153148758004741,0.14107407548735726,0.9622803295042284,1.0083989762295473,1.152808411717201,0.141073826787644,1.2405492482825997
1.2380603993860078,0.1410728405987526,0.9622826914042847,1.0083989762714096,1.2376210681496689,0.14107364833960565,1.1549019512998535
1.832808961118446,0.19491382891867332,1.831146992555256,0.17112749871990732,1.8234834587519726,0.17113912956432079,1.625312461253012
0.8364344573916217,0.17122079272393262,1.0185861272862136,1.0062851449918182,0.7320366922694251,0.1947740950995449,0.9586073104988301
1.0699575880541994,0.9820678124391654,1.0449440703885378,0.9764378244635008,0.6366975983290413,0.19465059056000034,0.8450980400142568
1.479797931197729,0.17185758022904957,1.4739194191668061,0.17176243671724292,1.478908125079683,0.1718389942490755,1.6954816764901974
0.9253807353740354,0.17166612110630347,0.9862456312270101,1.0107811258372985,1.0361207708382678,0.19554713444443408,0.7958800173440752
0.9248985106345693,0.9900243086118292,1.0024552157256479,0.9803501440002395,0.9147371206062537,0.1955868041762767,0.7075701760979364
0.7183886895433758,0.14860466054190283,1.0881825372295522,1.231731696085424,0.718156238563438,0.15380572470705217,0.7695510829646709
0.7753124888604039,0.15569417348488687,1.0881907315326305,1.2317316970541685,0.773378181392235,0.14820597188632736,0.7160033436347992
0.7464491959660343,1.1526969554320734,1.0872195289420166,1.230922970583523,0.7649942403955837,1.1440080837428075,1.6020599913279625
1.4177707637284225,0.13719573019062417,1.189231693563222,0.24178003611802168,1.3557819789089467,0.15957486859818923,1.0759117614827776
2.606163119974769,0.25501048039595453,2.6660298310457717,0.31622347399733836,1.980196662089582,0.2935958911151222,2.6541187604979295
0.7829929682530823,0.17918073327096756,0.7593409931671321,0.14863396658410874,0.9039799341838475,0.21470088154901856,1.1532049000842843
0.9746002353321468,0.2485652253229486,1.016127175203849,0.23804332831586494,0.9815684582915001,0.22204718192177614,1.0982975364946976
1.6300272716457784,0.1381912610858038,1.6437044019644254,0.1374559326523117,1.6425709959081514,0.13811152398108142,1.5273720828276118
1.6607128352768366,0.12299020317672184,1.7879110352576184,0.15150252527802038,1.7359715848161235,0.1458209745349402,1.5843312243675307
1.7961974489695052,0.14847711024226876,1.7451397722046165,0.1478626467504535,1.744881268085796,0.15211557566568257,1.5443161417474274
2.8528605042703026,0.14682758175720276,2.918005865519311,0.12689156290445922,2.5358269743352375,0.2007843649970094,3.070942474030112
2.239540288513373,0.18018608930000246,2.0443515440132014,0.17515640758173595,2.386325959858932,0.15466932808353628,2.1219863790508384
1.9071883150706213,0.2943341749247753,2.034111719313754,0.2845292678529849,2.164725131046719,0.24952915298126976,2.43539838026736
2.044736500264908,0.2649414024968839,2.1340322176242124,0.12206645251188328,2.3206906481379965,0.14529865766888167,2.608675764480902
3.2650849534855633,0.2528853719960164,3.1153018005016087,0.2771375779413661,3.191717958807549,0.24109877258120652,3.2004565007517085
2.3189631162878523,0.4795223208079136,3.11003208687889,0.2442538668471087,3.260993903906857,0.2455961725070533,2.8519428931916573
1.674866694107719,0.9904697511554171,1.7993025835244207,0.9865472879729816,1.7727490216893849,0.9998549916605137,3.2917661058877763
1.147270902975789,0.25171688981063933,1.375365179578023,0.1739429071463923,1.7727458253067363,0.1896792274215477,1.7481880270062005
1.36270747046962,0.18208345822285274,1.4569581694689573,0.14802313291943028,1.6675031929838744,0.1237815600070064,1.6901960800285136
1.648198659914499,0.19530671565056504,1.6535832249935125,0.20012823089903375,1.7641895506017489,0.17881251412768687,1.5797835966168101
2.6328180766063447,0.16347133126069005,2.6239353209950536,0.15590842045704464,2.6691792300007195,0.16353005583262156,2.6627578316815743
1.9654352046399717,0.16566057200122325,2.3074270119054017,0.14964834603223745,1.9847231757324835,0.1955563346411151,1.9030899869919435
2.3227849275791517,0.1447091573624514,2.5983033519865466,0.12205232537947187,2.586404144032537,0.12313199897721012,2.6434526764861874
1.8456990588286248,0.12442869592837486,1.8748825076643048,0.12057356362553624,1.90414562892631,0.1520080510406588,1.845098040014257
2.4581199506114935,0.19309729105238888,2.5030346815764637,0.17036574047290068,2.5576819500939734,0.18290761469771444,2.6020599913279625
2.145960332520114,0.16587070619334301,2.1177523966609892,0.13361382389905838,2.347317643904585,0.14178433495428985,2.6020599913279625
1.7865313966532286,0.12397828527779299,1.932735957600345,0.118592552348817,1.8164903296825772,0.11897774484804292,1.7160033436347992
2.6231081597114,0.1239852705154097,2.6328448670086564,0.1242553919292209,2.6296762542820504,0.12310328409997134,2.6434526764861874
1.6739012455504227,0.1285111007947897,1.6968762279091,0.1178079347769237,1.7095376089008567,0.1655502438971903,1.6812412373755872
2.604910527963817,0.18586241556677618,2.582257068312135,0.17939274278520204,2.6404714714947373,0.2042492822734652,2.681241237375587
1.6513849109961953,0.16784952788742502,1.651623572543224,0.1665575795066561,1.6477618326227874,0.21911753114805615,1.5563025007672873
1.3247840249015415,0.2562047474934774,1.3500896288544133,0.18672335402194895,1.3967326969863019,0.22846985805928458,0.7611758131557314
1.5550740814165107,0.1313995917811672,1.547359620400974,0.1349073153897688,1.2452244111383366,0.23517658190833196,1.6645479622465467
1.8961258347368677,0.12500458080279714,1.9974895379683026,0.12974455700649262,1.662913785516154,0.27756240568558926,2.1038721084030554
3.0244988422203782,0.5061947225356739,3.2860368715924455,0.27308691958432146,3.1690908050932856,0.4374094472325531,2.861821058126627
2.973868632408168,0.79140213084595,3.7191096743045478,0.46654097839676234,3.2453893553684177,0.5861646051761001,3.33894430279097
2.4773746506569907,0.9826779553420174,3.020687647393508,0.6356157175548413,2.5342830122662185,1.0071736588364162,3.4985283357730985
3.5333457589431236,0.19160330789529126,3.57587876263945,0.1861856535714698,2.6826697610697394,0.9859895743506862,3.3674155625246405
3.1915899317819716,0.21700108353411152,3.164818998314683,0.29066298103205374,3.106351613195298,0.38236972936120817,3.333674942312747
2.5258349532868083,1.0073823441889058,2.5113313464310414,1.0072243568651187,2.469697458400759,1.0051510900163612,3.146128035678238
2.4396419010678763,1.0058742801164042,3.0650295832873438,0.3562077816879465,3.0876353030474872,0.40088107878726575,3.0
2.4895539589256064,1.0071556105841861,2.8306657774211343,0.6030877411656183,2.514962519815922,1.0070857485712228,2.8808135922807914
3.0036643994523153,0.1627212841959044,3.1176134120538332,0.21410316654396847,3.0369337690967573,0.15516468511983114,2.8258413877277757
2.5464964567241006,1.0073257491695427,2.514015766215289,1.0071824034605337,2.5149407235925607,1.0070857821192896,2.6989700043360187
2.2541435367221068,0.37314910680351293,2.255764218499488,0.299198065305762,2.563572476179285,0.9857928889038778,2.6700787846043186
2.1433706742245584,0.167439307801218,2.208388947761799,0.2809944082855977,2.1681180121014343,0.16672013971987704,2.012837224705172
2.376887238460988,0.13812324495359588,2.448815155628793,0.22244510660880107,2.2828825335680962,0.15289786880664147,2.4471580313422194
2.7208238315710505,0.22845356166468025,2.851518081947307,0.280465796313215,2.565159436174169,0.22107112952183897,2.791690649020118
1.1688867132687957,0.1628696516564661,1.1699169715132443,0.17190933442562734,1.0431893717255054,1.0305217330897785,1.4771212547196624
1.4748435858276663,0.16118034774632914,1.4678381498074342,0.15584707924824823,1.0479650939241734,1.0310187230827,1.1760912590556813
2.9657303833054622,0.171082382956336,2.980731654516614,0.17530794869739383,2.846908701654213,0.5040092421839246,3.1245042248342823
2.6078873002192453,0.11855507667361703,2.6259912775642444,0.12253269324371878,2.496188712791687,0.12172700719776801,2.902546779313991
2.5470511528790416,0.19770657788242807,2.587327477444735,0.19876024299476028,2.562011499724446,0.1712203059054882,2.6020599913279625
2.5960669989880607,0.13778280361706072,2.6154693629486365,0.12725518221455426,2.6094407510513484,0.15921239468981604,2.5550944485783194
3.027248687804458,0.12928407120010135,2.9969404262642687,0.12457889317004739,2.8462061776206014,0.36760998480373075,2.9684829485539352
2.5036438566111014,0.11568419433426869,2.536361016437276,0.11174620332567567,2.476157565873935,0.11579645694340988,2.851869600729766
2.5685531298988047,0.12176849106784778,2.569925640146239,0.12513652828184546,2.5717361252739956,0.1323920810032667,2.550228353055094
2.433080241933574,0.1353106614256473,2.5593368112811907,0.11773566877493936,2.5004255157710653,0.11901465156479064,2.507855871695831
2.9462607534912673,0.12918653643022854,2.898791955147828,0.12178162349011135,2.8487363599491013,0.22549704520486877,2.870403905279027
2.4836821919019734,0.11994970291863884,2.041586631616277,0.11521118576760864,2.550412333563025,0.11913535805554033,2.814913181275074
2.502327591465096,0.19327152647890705,2.5364407544415006,0.12513043419932549,2.5400726144789703,0.13241300723002253,2.5327543789924976
2.410060271056883,0.13508891979998053,2.459244350715934,0.11953849186445625,2.40051842424859,0.15945722305876922,2.45484486000851
2.7821323155503572,0.1748107848829613,2.8228350135855704,0.16026982263865067,2.7632730858235206,0.17511106901605988,2.862131379313037
2.511649113552414,0.13675085704609957,1.8732223187467922,0.13026917220144707,2.2190428660563173,0.1450728902631995,2.795184589682424
2.4538559397745705,0.27775634441935293,2.5268993559399107,0.19875877856742358,2.485607530943993,0.17573718582402229,2.506505032404872
2.5128055341445683,0.14055477776967118,2.5622077253982263,0.14705107401189504,2.297168578473516,0.20789399600057495,2.450249108319361
1.312709537768834,0.1529728333317394,1.23801197636312,0.13142293558739707,1.3370617989990161,0.13749449033818117,1.1583624920952498
1.3337884573102365,0.11953014637305569,1.26094553107635,0.12845603575567752,1.267205390840278,0.13187774974925884,1.4548448600085102
1.5912900058109052,0.12751649626499836,1.5293684034783832,0.12628632192124292,1.461797773775951,0.12933677825004766,1.6946051989335686
2.3304433753097404,0.13201042130814308,2.2313599484942577,0.14038722362381456,2.2813316113567756,0.15720121131575057,1.9822712330395684
2.92439099704377,0.20343595615973797,2.7662460569423626,0.24983005768631436,2.9336139431164807,0.25223931478167994,3.555215405126073
1.1433585819868815,1.00729396061198,1.1404888461381173,1.0071534760443275,1.13167095070528,1.0072245818113879,0.9208187365805955
2.484729929840743,0.11036796733375805,2.622682777442603,0.12117257376180499,2.460973424144316,0.11148824724336479,2.2329961103921536
2.2242895246334786,0.11330073772416824,2.1714147100914296,0.11482285812933243,2.2021107669525226,0.11454691247369136,2.0203612826477078
2.050896448324563,0.11775660729176476,2.01482517531565,0.10988490606403307,1.9728299509891591,0.11878777340542107,1.8627275283179747
2.7705387982311764,0.16950849644730623,2.885202277455237,0.11552577681420051,2.9503400027996234,0.1524646653359022,2.625312450961674
2.4679049485528877,0.2343226927064762,2.465873154309972,0.24310115121587955,2.524854405063966,0.2598288657430041,2.3242824552976926
2.6408504969475852,0.1403473323111217,2.645272584847887,0.146264742613065,2.6273639249980185,0.1395295497946578,2.6138418218760693
2.602386742330948,0.23917498962306963,2.640684129674625,0.1747367414160492,2.7412789786322045,0.21271891868534742,2.8915374576725643
0.7777657971629434,0.11655442751018885,1.054036702532139,0.14033940025347388,0.7420587089226091,0.1197299494890002,1.0
0.8628552182269539,0.12088453077866063,0.907681084152105,0.11454361413896677,1.0170387225863884,0.12703119462881057,0.6020599913279624
0.9860399038860944,0.11176157160790061,0.9682502389155458,0.11041343803094661,0.9846739869802914,0.11534759188424824,1.3010299956639813
0.948107940664328,0.1141564222878175,1.0874368655917328,0.11446730960383622,1.251282483186094,0.1202343224516523,0.9030899869919435
1.5011821373560876,0.12504065102666106,1.3719629148522239,0.11143301154978101,1.3306029813867901,0.12157852485545284,1.4771212547196624
1.5072274845249216,0.11347715490319284,1.4822716498971729,0.11559567945019283,1.5909418604536913,0.11541702890783827,1.041392685158225
1.741735535395799,0.13257787851774022,1.6973378305854392,0.13183793866596596,1.561601319120951,0.12860205562137772,1.6989700043360187
1.7847632406148086,0.11777913983199458,1.6184539019808104,0.11466768307371021,1.6879418712012102,0.12755204245591997,1.4913616938342726
2.8206554488120172,0.12047368702156072,2.75617937683291,0.12188367451699958,2.8163843671493645,0.12148782432117823,3.118595365223762
2.7352729456509475,0.15984459220540842,2.7474881335649837,0.1754321067028475,2.7430847004020653,0.1794159240327413,2.786041210242554
1.9121375860051781,0.12473297709984951,1.8519399613843117,0.11890869432355451,1.9101393423661357,0.12677679930824806,1.8808135922807914
1.8375352098720137,0.13606992814308075,1.8613466884002556,0.13742517213886188,1.8747423604682798,0.12957581855723715,1.7075701760979363
2.6439695726564616,0.11959361282134981,2.648909713607173,0.11745517139140985,2.631817091484991,0.11802648909207561,2.7745169657285498
2.491433780224846,0.12670950708071196,2.476544320342923,0.12215879533581092,2.4969403893996795,0.12596909191666916,2.5415792439465807
2.570727471408446,0.11959819075467501,2.5427086943727577,0.11300137625968823,2.4898440699132705,0.12010036101987688,2.285557309007774
2.249603884540753,0.16062757835064242,2.182643016102813,0.19353088138098073,2.2822578439900925,0.1661711608381463,2.143014800254095
1.6723652852300819,0.11781834225796341,1.7117534488414112,0.11435850947802081,1.7017041294908395,0.11958635090796292,1.7403626894942439
1.611879899355497,0.12146778548384755,1.6211479654876386,0.12462795316393713,1.639050818213194,0.12212536513341754,1.5563025007672873
2.637117684388294,0.18796617983788694,2.6462497084629115,0.15800253367817793,2.5353330525709956,0.18611728444226405,2.3364597338485296
2.437812020850131,0.18703836895131498,2.3093105283974604,0.17574854721740163,2.336110510826855,0.17211773297466498,2.1583624920952498
2.0999688133700327,0.12090900321293263,2.0653104130852,0.1691187366107126,2.0880949905418285,0.12226759672550572,2.0453229787866576
1.8668474121471292,0.12385652656398967,1.891050763847688,0.15580545660259948,1.8719934287891873,0.12301267684704027,1.9030899869919435
1.5448477436788826,0.1366142580497879,1.5371397859436273,0.11820576851055054,1.5211987551529065,0.12445008144732983,1.5563025007672873
1.390187984753709,0.1200452690763407,1.410003050073885,0.11753888433988507,1.4282290845491923,0.12808980484009583,1.3010299956639813
1.712934477468632,0.17206417834490337,1.7156598969885812,0.22751379866089116,1.6688581657447277,0.1657647427062822,1.7403626894942439
1.6843971599205214,0.16243106423781015,1.594439741201291,0.1744657306346411,1.5777514042375766,0.17418839482585896,1.6020599913279625
1.3852617087949464,0.160609826794921,1.4048874909516682,0.1507076799831728,1.4052191960651896,0.16228051150266243,1.3617278360175928
1.2358984811489013,0.17076295425835064,1.1507238760690734,0.1702321460254931,1.2026306766609716,0.17458641666979802,1.146128035678238
2.6197233899133137,0.9929484348088553,2.188556039801006,1.0082181304050561,2.5003722656590375,1.0090058856698643,3.9537596917332287
2.1076224771120504,1.0070354040689264,2.869194370942344,0.14103939815930588,2.867735213776392,0.14106891175966219,3.173186268412274
2.10762206642574,1.0070353963538807,3.170635761491543,0.14096926034720253,3.167810991701381,0.14102876945279758,2.8692317197309762
2.281780111276046,0.8677723223511605,2.2381940530729505,0.9574894116586375,2.6096277706311204,0.9967927448339067,1.9084850188786497
2.283712427894847,0.9755499497237152,2.287259970807437,0.9774938858995889,2.5688228688433643,1.0082373161953344,1.146128035678238
2.1508677344666984,0.11791809288013552,2.140791370605339,0.11737827288305408,2.0239917318518947,0.1380092748370561,3.2801228963023075
2.2818568641711625,0.11842102894528445,2.254631798630414,0.11527178873163363,2.3383453201230218,0.12953762715984296,2.0086001717619175
2.197811869320203,0.11904542985112287,2.187643426300175,0.11937387435578792,2.3383379640988364,0.12953734861410993,1.9822712330395684
2.0893263323618556,0.12115381790054727,2.0608739801948914,0.11608705179686346,2.0481735293669003,0.12264917814300169,1.9542425094393248
2.090107465301919,0.11584156444936672,1.9831017389954448,0.12070303728747113,2.0478968557314983,0.1179339127309498,1.8976270912904414
2.73515728434736,0.11790462787552249,3.0701308137534022,0.1347941987224867,2.023985327489701,0.138009229410247,1.8260748027008264
1.6066005207684866,0.131923390858928,1.6246636255317781,0.12779239775539628,1.5763284485382851,0.13239588856609052,1.4913616938342726
1.639686959604248,0.12924169325240834,1.7853820195387529,0.16229258375866704,1.752123013851346,0.12715298813001394,1.3979400086720377
1.4493526679819255,0.14522076777184387,1.363487840342454,0.1519090501874983,1.401255330864362,0.14802546317731927,1.2787536009528289
2.3961885217022845,0.11088034253625992,2.938523905053689,0.128541073620861,2.1769569745528576,0.12246973973119317,2.82865989653532
2.350824259432767,0.10989868432461733,2.338123507521388,0.11112311867186524,2.335928127581875,0.11415470404248733,2.5514499979728753
2.4885962487768243,0.11240135969283739,2.433769189164569,0.10936698740278589,2.335916576235535,0.11415470405560328,2.3541084391474008
2.1869847514518654,0.11109916177978263,2.2148945502483004,0.11311588474193364,2.2082302119685253,0.11524687751647496,2.285557309007774
2.2560168410758474,0.11313365329340462,2.206937860872892,0.1121050851379557,2.2184390704482118,0.10987822212123027,2.1583624920952498
2.5929596450716144,0.11085222724485704,2.938530473569579,0.12854032368557716,2.6022549261297105,0.11089029413958205,2.0681858617461617
1.700316254959168,0.11857856717115071,1.6486299815918237,0.11486691816466944,1.7886436023694983,0.12233943439886771,1.8512583487190752
1.7335296736406665,0.11406425173771455,1.873713248820586,0.1408603432889618,1.701729950766713,0.11419391839167146,1.5797835966168101
1.4671626720462587,0.12217910089893563,1.4781655471944428,0.12213310813516413,1.4569194785073192,0.12298796819188725,1.462397997898956
2.713692760598114,0.11085330707596144,2.722814576893361,0.11146771924901014,2.751121991981635,0.10873406313956997,2.9689496809813427
2.713700106870508,0.1108533295992896,2.731358025805776,0.10999285307561109,2.7292083639683717,0.1114035729002661,2.797959643737196
2.505323268623131,0.11281215363658463,2.5196445945242125,0.10836251418276577,2.549533456532027,0.10965065261477032,2.6414741105040993
2.552375178933131,0.10831925093130647,2.4580072428274793,0.12157584286741654,2.481597553387221,0.11407922890436466,2.5390760987927767
2.407478415418464,0.11038578228835373,2.736637414838027,0.12361036434218942,2.477816164955162,0.11073059295425712,2.513217600067939
2.5652456451340755,0.11038952395370044,2.7366462425385283,0.12360981732265859,2.5558629088367537,0.11027975362164583,2.4149733479708178
1.87631621921479,0.11221899566387009,1.9027549583386059,0.10746192969913107,1.8684225681971003,0.11280721750707647,2.1492191126553797
1.921760085149338,0.11256473607915131,1.9048908116740977,0.10958748039847979,1.9260615776475425,0.11444830301748728,1.9294189257142929
1.5995777425374014,0.11665632238118259,1.6638754490095677,0.1271419723701996,1.5396193990038092,0.15746884551317658,1.7323937598229686
3.45192196059871,0.12358506076230695,3.337790718738632,0.12802259086112466,3.3673854323292733,0.11594828287480667,3.425371166438941
3.4519486204319954,0.12358472369391431,3.3512383718772836,0.11351698336871871,3.404938513202077,0.11687668785271879,3.370883016777606
3.0122162838177196,0.11920914082690365,2.9061347018321397,0.1416405975443405,3.0008298709528827,0.12224872047708386,3.278982116865443
3.0574456742791503,0.12114329954352682,2.9061348638065962,0.14164059751407443,3.1276735449942348,0.118571628596484,3.0565237240791006
2.3506423138674397,0.12062990823821104,2.423850653825254,0.1234389291679879,2.2146731486472486,0.12467426250202401,2.6693168805661123
2.2373502687783464,0.11379267503673274,2.216611368036611,0.11326072399232155,2.1576885924624136,0.11764838742319465,2.416640507338281
2.2771615367506293,0.11716681027020001,2.2838160018555342,0.1162372394131511,2.2930201189796127,0.11927201650605679,2.2764618041732443
2.350629453249291,0.12062983908823852,2.6011982307048784,0.12339901137262212,2.6664704371657963,0.12538842950247941,2.143014800254095
1.9949773346218975,0.16347059302058456,2.053614198332982,0.19788404163167161,1.7911616226929565,0.23055535619777917,1.9731278535996986
3.517988137667194,0.12018362800812409,3.482504063083386,0.13363734281746137,3.5682595192442292,0.123286023581721,3.6137361412618714
3.160778172009019,0.49583019275746076,3.13751763544803,0.12103239502206473,3.1363327443319773,0.1223303257201864,2.840106094456758
2.266314336788196,0.23708250090174293,2.3412356145955138,0.23959456797350837,2.375926636219387,0.6275684053707666,2.629409599102719
2.27570458513656,0.11460516414478093,2.3106319154028627,0.11596130975954318,2.2445455298115755,0.11964384118860699,2.5428254269591797
2.29025218612057,0.11251753136816746,2.2727100639626694,0.11342042262283278,2.313733624524815,0.10993414924189736,2.399673721481038
2.262899956530454,0.17722705013354464,2.2257020361044826,0.11011482197575133,2.2597033727268334,0.11646477662452087,2.330413773349191
2.2465110838724573,0.24699373717442327,2.3280240393694513,0.17795119793551148,2.214653024318963,0.12310626229698873,2.2174839442139063
2.226456717376335,0.32956116034986327,2.3245084874530835,0.260362313325653,2.164047672037379,0.15406284998929964,2.1172712956557644
3.6340227374400795,0.12984097621543375,3.5707565017727134,0.12362124132233276,3.562844742304762,0.12749382175745577,3.5851221863068155
3.077445923571936,0.12403293486171124,3.1082403134430887,0.5692258537456111,3.390706909740288,0.2348373716900187,2.7315887651867388
2.6538980716246137,0.126970065899075,2.6031380149918393,0.13622465131597838,2.629526329304909,0.12284548710170605,2.531478917042255
2.230500178573017,0.6565627639091345,2.1178708617485977,0.21788436560175298,3.142726055934884,0.40627463297738525,2.509202522331103
2.460095212697621,0.11244614372383464,2.4679520322743453,0.11253546763286679,2.4404024976898206,0.12366665091374254,2.385606273598312
2.281802341617524,0.12072295744367788,2.2856405991786604,0.12126515000392991,2.2946098168001132,0.12944871490560592,2.2405492482825995
2.1404710234457722,0.11959360405384549,2.108227913916012,0.13406008490987856,2.127600008825233,0.12070961991540244,2.146128035678238
1.9784137300063926,0.1619932541669348,1.949914519296684,0.15869609516430658,2.0306672601571023,0.189373804179574,2.037426497940624
3.3648950690085933,0.1672055218559463,3.6876505765390797,0.12922413377428485,3.7660948612836127,0.13300186859200072,3.953807997665307
3.3648698391111678,0.16720603858365976,3.745956104447712,0.12597377439837704,3.7582143040362235,0.12975482965782362,3.839729375206388
3.7134735687953437,0.11873262992751861,3.692677331568697,0.12128294350084753,3.738533181130136,0.12042788697663706,3.777499319590365
3.8584741491250085,0.11849841766772977,3.855655231857125,0.1164598700775981,3.8492500052702083,0.11890820776670029,3.5216610151120733
2.580215177334271,0.33609080724598406,2.0758761669713754,0.1372500233504704,1.9412582023978373,0.139214651333782,3.0644579892269186
2.498804121942103,0.13300841611817465,2.53137862494105,0.12589005152853833,2.441491969222706,0.13382997970933927,2.851869600729766
2.669783290274583,0.1313675348552332,2.697350735126336,0.13366679412424845,2.6315847602343116,0.1292204590483697,2.814913181275074
2.422428801619373,0.18637871209219803,2.4840662150413335,0.36748457438790294,2.418383661292571,0.33539076275141316,2.3283796034387376
2.5802070557847103,0.3360907098107315,3.046179681702702,0.13872534315809798,3.032612712118339,0.13799941814739974,1.9395192526186185
2.9034559356319436,0.20752408625963964,2.635259402198244,0.32022378646827937,2.2959137088319905,0.4355739901273714,3.4886916983169405
2.9674310620890574,0.1288177632849024,2.5512270187068213,0.7967508562878205,2.96505109342039,0.12514423283895254,2.6857417386022635
2.4507689995099957,0.18609601499174455,2.4131086432846525,0.36764891301552416,2.5132706837972956,0.3925791450292705,2.5211380837040362
2.173255892284672,0.21922997288303925,2.543722318076977,0.9854774428126548,2.2615181821753714,0.21589227706719258,2.444044795918076
2.3722018053767524,0.12091278915940085,2.306317321150826,0.27322453480257664,2.3846783390320168,0.2878389919839221,2.3560258571931225
2.2365279197294363,0.11779276554682078,2.205134708181612,0.18422922491104413,2.2473016681553633,0.19695079458503423,2.220108088040055
2.1499345976969697,0.18773915261999458,2.1035029858892553,0.12326120542915107,2.113897688368334,0.18080007184926478,2.113943352306837
2.074040915183335,0.2693890972650506,2.0506441851626955,0.19429449443699218,2.0254186316468363,0.26031076040760903,2.0043213737826426
3.0029094905356626,0.1348702682166894,2.9811847105945506,0.14221644620725366,2.6856462908965035,0.2896143146556947,3.473194909204938
3.0360478617523325,0.12451828611214995,3.0758921976606937,0.12903145670099897,2.739890278008396,0.1808381205675048,3.2607866686549762
3.3148646507845507,0.13499786168166478,3.4220418780752517,0.1426615791281471,3.4523906172830294,0.1505858096377952,2.8129133566428557
2.9653247426848224,0.14658878091610705,2.8679611497247643,0.1406729466278669,2.522769675807073,0.2491829334223696,2.3443922736851106
2.5447529876583768,0.13027413472214525,2.552342468131709,0.13553356730186145,2.580795099431077,0.1296111217441559,2.5575072019056577
2.2137217499905115,0.14046358732042963,2.313502124940278,0.15578014458018327,2.2684237012385324,0.13819613391077654,2.7671558660821804
1.2680559723722316,0.915913981728821,1.3824628419154084,1.0090385284017471,1.6429287352158486,0.9738673628891504,1.1613680022349748
1.1434699583912706,1.0072926005086238,1.0917618454870048,1.0070484686092052,1.1602559118980666,1.0071602560685569,1.6989700043360187
1.1528236748087375,1.007180263180953,1.1477824193350916,1.0070116958270077,1.1602560292356237,1.0071602568789007,1.5228787409373927
1.7575197695660625,0.10755230955426488,1.785130239542813,0.10950966551586382,1.656936587029325,0.11395328765450051,1.6903698339638435
1.9111624020352718,0.10875158737253449,1.8705417318739783,0.11092683194907738,1.9731969486884027,0.10948103569624366,1.8664610930195247
2.426254665773486,0.1163386817229022,2.2884913259374944,0.1077965027637938,2.3597532247308424,0.11435489315297805,2.0883098426358813
2.1770585143399415,0.1168812644359596,2.4252510435299395,0.10875996108134808,2.2908743995240908,0.11590923273975422,2.423245873936808
2.098206203060823,0.10768218433685309,2.2035589505729822,0.1065489891573715,2.2023944422668724,0.10683756302954098,1.8920946026904804
1.9416369890440164,0.11422415221782811,2.0126289459599427,0.10983172630635099,1.915923219102491,0.1104540368720977,1.505149978319906
2.7710249345557827,0.1410125027943822,2.729850514640394,0.12842637936718082,2.9698222861726826,0.12235931903817067,2.782915040137594
0.9343647880417093,0.13327309287238934,0.8884729037294296,0.14848353867537945,0.9032875609785989,0.1861450810347418,0.8325089127062363
0.9096874990264793,0.10704959313513461,0.9108253159213382,0.10729185602170829,0.9196549071589635,0.10961959932391943,0.9822712330395684
0.8831093233545182,0.1097564905925018,0.8885271359547938,0.11513187664003201,0.8891039031893784,0.10958642945078015,0.9822712330395684
1.0439866564696558,0.14101742171511775,1.109196123305515,0.17212503130773313,1.0792082611363043,0.17817990977096956,0.9800033715837464
0.9473065018743229,0.11284891480727442,0.9534786083216708,0.11861571881296236,0.9465736195107273,0.11234461473290144,0.9777236052888477
0.8763683776313321,0.11048525499943618,0.8670988643356593,0.1178438840667002,0.8775476201987531,0.11002660466032567,0.8920946026904804
0.8979873428959779,0.12247609643853022,0.8955262060395299,0.12412649984725595,0.90413580685089,0.16522929486213556,0.7481880270062005
0.90254059737768,0.11476518451210035,0.9341108591882865,0.13246086886306074,0.9090954933206403,0.1861448152569456,0.9294189257142927
0.9855642322479529,0.18212940821586543,0.9674781790460905,0.17656627763811578,0.920761702887892,0.3150687324332226,0.8808135922807914
0.8319036787158262,0.9474994229852044,0.6251672663901726,0.5781948251805601,0.9658578977197311,1.0036432503536732,0.38021124171160603
2.032441471758199,0.9784635187726856,1.740580544146853,1.00644908869764,1.6272226856125587,1.006929701100487,3.538070787043172
1.6526302821118186,1.0069354499514438,1.6783664811119148,1.0071442604606338,1.551353072484159,1.0069821313726204,3.4212747912103465
1.63930157785492,1.0070192500919906,1.8344026360976005,1.0024849283392898,1.9138091728204514,0.9971418188279829,3.2990712600274095
1.6770572708867337,1.0071601911207253,1.6700727383562013,1.007042110523435,1.5513555954934097,1.006982128849399,3.1734776434529945
-0.2960148482160285,0.11361808759487677,-0.2981442028691621,0.11365110771776535,-0.37228575445980017,0.1161199311196024,-0.6777807052660807
-0.288715163185425,0.11976132015487474,-0.393511679193685,0.12309593789457915,-0.4027043086266646,0.11878534201345003,-0.6575773191777937
-0.26934063335454117,0.11868290261961507,-0.3792459415690841,0.12239051769130481,-0.3767476762072923,0.11335996582159645,-0.431798275933005
-0.5250255306511922,0.11474653828403311,-0.3955775478577759,0.1119999981136929,-0.32894915462843954,0.11621934355293169,-0.09151498112135022
1.1301241196443172,0.9427156230964439,1.0808338609216652,0.730831622611414,0.733149684630886,0.33026232028368113,0.4548448600085102
-0.305013151642185,0.12157491100120423,-0.14759686846500064,0.12371739888518721,-0.20317103000238657,0.1267270852258916,0.3159703454569177
1.1183569338143782,0.7552900120517162,1.0946332577664881,0.5136806151466913,0.6364338559062759,0.34392339350657464,0.8000293592441343
1.5984722627024242,0.31508934621183693,0.6070270186188891,0.17505357569961907,1.217086595012868,0.2720978784308112,0.6464037262230695
1.0996104919356386,0.14063906384227648,1.1010329308961109,0.1403642024524438,1.1005818568864705,0.14038475799299688,1.1139433523068367
1.12157327624007,0.13882271802698906,1.115990756601752,0.14070880055446391,1.1171700192037113,0.1404633479945821,1.0969100130080565
1.11236283846328,0.7462821321579923,1.0721756431210068,0.807879766684029,1.1022068671419774,0.8229328024320623,1.0791812460476249
1.0990968891713404,0.984444343884578,1.087422148372924,0.974064373728144,1.1040033492611379,1.0003901909464281,1.0
0.5689519171064452,0.6015548621489436,0.950100644936636,0.14067239659687214,0.967660480496722,0.13997149710323245,0.9956351945975499
0.5689566812693752,0.6015548596758387,1.0321562413644136,0.1405958102263922,0.9986908769073921,0.14076327923279938,0.964259630196849
2.0961702160511275,0.3221356102604732,2.119566043731905,0.508207316673573,2.230091394049622,0.3338109027456836,2.7403626894942437
2.909236386122004,0.7347976475169183,2.5092100604291674,0.7491650876595995,2.7916483348510717,0.38647027448120697,2.296665190261531
2.532503717023628,0.13501914221136957,2.2947034121597776,0.23996036280482969,2.513387364750402,0.13015090102896698,2.361727836017593
2.3293782256482283,0.12864180988623208,2.368330199875845,0.12194323714211538,2.1113286698253697,0.21723968435020055,2.342422680822206
2.1638663306547445,0.2054463830077993,2.1969420939378814,0.16534503340307824,1.8647933764590812,0.36640384964090783,2.3010299956639813
1.192151229410427,0.5387437625895628,0.9841900161907823,0.7507754949376272,1.1541387255813098,0.6919506827330179,0.8860566650649422
3.021731199497337,0.16107366178970856,3.174949220318683,0.1192765242651051,3.1760497836057304,0.11929907630732431,3.4490153163477864
3.099781777076805,0.21398896586233654,3.4430952032772213,0.15283981518843912,3.505387989662415,0.15863343807002095,3.374381698050882
3.0726783810527323,0.11344113049114216,3.135030259744365,0.12496961523391695,3.0736711377012824,0.11351039864109981,2.9965116721541785
3.027639581302404,0.15032397148480617,3.026085259148485,0.12721982624392145,2.9864558066529874,0.11702502099313333,2.8937617620579434
2.848822196572864,0.204710593109808,2.766542610690599,0.15450639374377567,2.772050814658555,0.1525540367423916,2.7307822756663893
2.500539845556441,0.9578475389940304,2.2542265365633574,0.8870191716982789,2.3778978031343794,0.8748511880444698,2.1702617153949575
1.2055440014477237,0.323431206290324,1.2122768862781035,0.2786074732874259,1.2105515116896601,0.2303319640494125,1.3979400086720377
1.2658217179602684,0.3478227923556789,1.2613515996407907,0.2584343233170143,1.2479975976714919,0.3573579379087855,1.3424226808222062
1.1153252080363596,0.8726644314801583,1.2345876046001902,0.8141186201904175,1.1158705578372135,0.8539963749353525,1.2787536009528289
1.0963606381346374,0.8956638787923679,1.1970406349095164,0.3061339015227311,1.0410071272379806,0.6488750970290738,1.255272505103306
1.3771947106256754,0.2481736590802694,1.3802614060174112,0.24385012823276672,1.3764176096988237,0.2767305589282152,1.2174839442139063
0.9601721556660688,1.0082297723663298,0.9905416161283404,1.0027361852915908,0.9361942214596779,1.0082814151094615,0.5850266694009609
0.9254149386082694,0.9927169775179688,0.8134728368030153,0.9192902357559978,0.6476740524494273,0.9036864407991058,0.8750612633917001
1.1491710113693274,1.0072273345635192,1.1300565031271093,0.7994854813008009,1.1768144874805921,1.0058742011869657,1.1549019512998535
1.1492472225243506,1.0072293501331133,1.1670586225215969,0.9679735380891656,1.1602561745115467,1.0071602345913069,1.1549019512998535
1.1292212223182725,1.0069568353686325,1.1405196944850735,1.0071529490713986,1.096287953684524,1.0070749714967326,0.9586073104988301
2.800201347851134,0.13414613464685074,2.800231619307546,0.12784322050768457,2.8000485169273457,0.12792745469827754,2.806179973983887
2.778056039480224,0.12071686893797352,2.798346627153069,0.1378981358844881,2.8013256250875496,0.22819348855106172,2.792391689498254
2.8028438029370593,0.15134529696000287,2.8007699682213043,0.1527051947709662,2.8064596024828754,0.13607677780242122,2.7781512503836434
2.790128464273991,0.12493265906969987,2.7886764265102215,0.1267892670245632,2.7915699750770164,0.12590103708270958,2.7781512503836434
2.7635232780733467,0.22975942301134372,2.7547969895168034,0.12143419597422864,2.7859371310674144,0.37653278448897,2.7781512503836434
2.7779925364132585,0.13888568450287136,2.785117233364849,0.13955147536753737,2.775650318217576,0.13955502499680295,2.7634279935629373
2.719838128863453,0.3964841165562856,2.7393969133654794,0.2482465925260826,2.756921833607975,0.5458316681311367,2.6989700043360187
3.239166801174277,0.1627599068558681,3.529167493266764,0.17805233793273648,3.5051970257648764,0.16700090841947587,3.752893154884594
3.8600355066040573,0.15672069844400832,3.8645616062633987,0.15844750065292906,3.787883970635104,0.15446445338442996,3.752893154884594
3.1034908549255125,0.1637832493343462,3.325102791582019,0.1534195039379179,3.3487139517766655,0.1657892368710545,3.450557009418329
3.9656821848689354,0.16412022359604422,3.6594201560404405,0.18012569433059683,3.7691135390469164,0.1546779780851939,3.752893154884594
3.6470841173284434,0.16260244724771258,3.7387188451316105,0.16539552784476097,3.7711493406591083,0.15380993670378204,3.4514794051248616
3.3410464906885036,0.1627762513245744,3.3673783688347196,0.1565967713873799,3.430908253463914,0.15231152887856553,3.3334472744967503
1.398710444282277,0.15787966903075723,1.3839361383476614,0.15523622478386762,1.3728718863386395,0.1551096049863922,1.3424226808222062
1.2995065802323795,0.11675552216885249,1.3493096243195437,0.14654052579108465,1.3269506333478616,0.16438745671625496,1.3222192947339193
1.247785429500525,0.12696438462564277,1.2547989355547866,0.13212240592471752,1.2488845584282497,0.1421598740725971,1.255272505103306
1.222345082013668,0.13530543390398214,1.2276224324907026,0.14298337826395707,1.2350488243006676,0.15016356385487784,1.221848758302246
1.4144672182269864,0.11861155202013406,1.4069964417124692,0.12064719761726667,1.3566595202741634,0.1855151351641441,1.3979400086720377
1.3174829957014575,0.11173315150041815,1.3334998376693623,0.11506758127168665,1.3349000567678482,0.11157457780594715,1.3521825181113625
1.2605847945009019,0.10716542676112122,1.2566840768591592,0.11313221056365806,1.2626570620979207,0.10838421824814365,1.2430380486862944
1.2246149382596843,0.1216928234884008,1.2200131291106568,0.11621552262058163,1.2299154064174407,0.11228934992172619,1.221848758302246
1.4449858219253655,0.12732613189130235,1.4613881261802137,0.12146594841755452,1.3676274087769218,0.27702690232768745,1.4393326938302626
1.328626524478557,0.11149378084440928,1.3370300924149898,0.11139340095658207,1.3271126718710848,0.10945814269942462,1.380211241711606
1.272890542296883,0.11008824888164932,1.2509434522285623,0.10984957232984854,1.2329480822188015,0.11844464081220407,1.2304489213782739
1.2357987916753097,0.11399846908826927,1.205736078528939,0.11214380378243216,1.223078291924983,0.11245301153998155,1.221848758302246
1.429228290910066,0.16289561828770183,1.4558482268427604,0.15926335721399898,1.3740195260047996,0.3781052506031641,1.4771212547196624
1.322447410674245,0.12637760324954464,1.336209663937349,0.12312545440324806,1.3649989234377509,0.15996211954182707,1.3979400086720377
1.1986277498767954,0.1130789693425396,1.187800945668498,0.1154526795453043,1.1845265269632184,0.11837063047094329,1.221848758302246
1.2640340837387591,0.11128814194209484,1.2377135885267654,0.12348419303290084,1.2362374583307247,0.12622215348935634,1.2041199826559248
1.1897807372284583,0.17870916179407648,1.2102001978318642,0.14836817533814534,1.219123044515964,0.15631897404874717,1.1549019512998535
1.1492740123340697,1.007230028118729,1.1404867239362058,1.0071534759105873,1.1044412536269266,1.0072148139856172,0.6020599913279624
1.1492763358744256,1.0072300279802455,1.17161479745365,1.0071603335765045,1.1778606105371858,1.007080238210593,-0.22184874961635637
2.7753814367223493,0.1549953396004081,2.7957272999979925,0.1909309405995319,2.7749004525447676,0.15979874824358783,2.832508912706236
2.4795393138167174,1.0070795743301721,2.544719911227695,0.9174706870845483,2.6047953172542395,0.978506779835063,2.814913181275074
0.660206359899792,1.0053442772403507,0.872863945554214,1.0765660827304808,0.653685954547253,1.0058464705735914,2.12057393120585
0.8768632486150734,0.8033059834204461,0.9750058568712614,0.7865124117609366,1.2361304091530823,1.003469104021818,2.694605198933569
1.7834557019726236,0.20608826097279603,1.747761539679497,0.14613504370062685,1.7522544695425684,0.15568142873623267,1.7075701760979363
1.4294082587165484,0.122671054304476,1.4466645361393287,0.1311780617049615,1.4707257367423394,0.1324370756820099,1.3979400086720377
1.252682241868282,0.14488006792341737,1.271729145715088,0.14762363921743593,1.2800766500687273,0.1447705694876735,1.3010299956639813
0.8131973859446645,0.14732663536643362,0.7418552412441266,0.36388566547947065,0.8675044594937125,0.15289386358481513,0.8450980400142568
1.9368616659801074,0.16654109155095484,1.9118891628340637,0.12202956344373136,1.9018693630996442,0.1219488258302662,1.9242792860618816
1.5902078060052653,0.1321014039504698,1.613053247535084,0.1226071622596635,1.5309939736908298,0.12892143610437146,1.6532125137753437
1.4486017576449126,0.12879417685708774,1.4736600716204598,0.11988746287564955,1.4490908367685778,0.1197420038054034,1.4313637641589874
0.9666542145946155,0.12005296460707311,0.875812210284513,0.3362940551417035,0.9585368742939107,0.12034654851921878,0.9542425094393249
2.221459204727699,0.12448692136629232,2.200475473164531,0.11693925753705094,2.2346524028013244,0.12763209889726526,2.167317334748176
1.8752252201281396,0.14254551820703945,1.8281458177188263,0.11626611189842499,1.766846521460185,0.12938678830435488,1.919078092376074
1.6728049869653527,0.1282759538134659,1.6691932282662325,0.11477484109049087,1.5833131812659664,0.1492683276941087,1.6812412373755872
1.1706782520106906,0.12146347299295782,1.0827100880140859,0.29861286607287957,1.1725659644003055,0.12534264711824505,1.0791812460476249
2.535198159297348,0.15653779882808505,2.6088908532744477,0.1578966000811084,2.549261965005326,0.16972836963135696,2.7067177823367587
2.3265916532436006,0.15741504128720962,2.293051736440873,0.13838167098116078,2.3047394809702872,0.1417899298875125,2.155336037465062
1.9762390113971975,0.1594709155806884,2.0113523636250936,0.14013762543337657,1.892240405609545,0.18192624991431317,2.0293837776852097
1.4196075116997575,0.15013261061120717,1.3998402307857878,0.23872555210480892,1.347994962453475,0.15003606572626393,1.505149978319906
3.012258391751697,0.1762423059262371,2.9758543846133474,0.178574628917156,2.8620837999642865,0.23730357697564064,3.227629649571009
2.8219276431771565,0.1746185947266227,2.5927542665714745,0.17073230220372151,2.6530505143658454,0.1440898428996664,2.745855195173729
2.5116967411401907,0.1660670448738623,2.408084211138416,0.17162627869606512,2.4607919086552617,0.15140676279378215,2.361727836017593
1.744854418327434,0.16129800817003348,1.7078180283941427,0.15299198906478068,1.738065397340299,0.17039156128016664,1.7708520116421442
2.881340536050513,0.17651703102087804,2.8624561005543905,0.12504728315952288,2.679963244651657,0.1686123619340143,2.841359470454855
2.5402675998718918,0.14139372892259203,2.4719180523118234,0.12020439572828637,2.4817136668842616,0.12160420117715788,2.367355921026019
2.2408663761095293,0.12260701276847764,2.2142064370241705,0.14968913177770474,2.24295716228686,0.12342393529767666,2.2810333672477277
1.5486936023614217,0.12283127572481845,1.5591276320661192,0.12081645833624685,1.5527069981750532,0.12212498058907324,1.5563025007672873
2.5834956997676772,0.2746427194470342,2.7491992122975577,0.15773984713380534,2.6488053624046874,0.17585129629643403,2.4927603890268375
2.247007842977048,0.1741756440756973,2.246296496874998,0.12862187129291258,2.186720828775153,0.16702387551731623,2.187520720836463
1.9993206476579548,0.1581376182778989,2.053133224644653,0.19351396399765133,1.9985640937669937,0.1645154980775792,2.130333768495006
1.4463355616422124,0.17741089173405936,1.507718974159249,0.16738458692315425,1.4282558701493713,0.19445625703253194,1.3010299956639813
1.6200301503808778,0.19818854238890615,1.5117078810791993,0.15201801527140973,1.5686909284722523,0.18978650292129376,1.568201724066995
1.4570813446167947,0.1234147848200846,1.5789542056969594,0.12422693223488283,1.4762250775917174,0.12248910423568073,1.6434526666158582
1.5260221877137767,0.6469999130494114,1.405166685221517,0.8635833351845574,1.395464997867335,0.9027448295292442,1.8129133700057625
1.5118612124329984,0.7098873064633836,1.3690762253425672,0.9419233999426134,1.4840470910259227,0.7654784978019836,1.75587484805329
1.4014789375039776,0.9291698907890763,1.3380028663404042,0.886854700161033,1.312541496817595,0.9204019895500156,1.6989700043360187
1.4032942667308275,0.8203083924886272,1.447425895307697,0.5954292755802596,1.1775993975677785,0.9971358466363308,1.5910645958907432
1.634059385339299,0.12785919796232953,1.581264457010317,0.11780145884352451,1.6198860724273618,0.12138618917595444,1.3010299956639813
1.4512638132907643,0.12341478476729684,1.2593686116763725,0.17970188596392123,1.2703485263694945,0.17608831174331782,1.6020599913279625
1.550476311628953,0.19818854293284044,1.1316869904629527,0.2542252838272896,1.149529466422394,0.2427597558128219,1.5563025007672873
1.488697325949336,0.4341689823604736,1.292927039707077,0.4421316374718279,1.3697476802096722,0.4034651406445435,1.5563025007672873
1.3774757183038946,0.7328204943275171,1.56025801971015,0.8997120128645706,1.551613579925611,0.9016806343260308,1.462397997898956
1.254584425739833,0.9670485164742828,1.4423913337835161,0.7448279743975919,1.251546200955723,0.9807999838814905,1.4771212547196624
1.1187014645326787,1.0127986856283544,1.2925673711086105,1.0793216906634817,1.0907127775631014,1.0126140330321673,1.4913616938342726
1.6412806147920533,0.25835964427934904,1.636569185553808,0.3959925096674274,1.670168963463963,0.21153603021251052,1.6989700043360187
1.6959759389995723,0.124901453384789,1.6747099439926338,0.2297776016477564,1.6965243355481447,0.12988128288865167,1.6812412373755872
1.6491517011333734,0.14431411142792785,1.5902273710121546,0.11690913078520197,1.6321543179637155,0.12708835402001994,1.6334684555795866
1.509228130983649,0.12074374550169273,1.5024435730015604,0.12571663458706678,1.5113490119581745,0.12806394311775862,1.5563025007672873
1.5330777238662872,0.43694361163780276,1.4996278342411975,0.17533702049832564,1.5650931145722569,0.1730153404711471,1.505149978319906
1.461288708060628,0.2652641549282014,1.5187311657531184,0.16334978274005557,1.4916675683176455,0.20247652626676432,1.3424226808222062
1.1781103326206221,1.0866772960248559,1.1265041203767727,1.0139438219813055,1.0734845683041585,1.0139044475869987,1.5185139398778875
1.149918150641662,1.007090294646942,1.1404883869129705,1.0071534786078036,1.0966156951986392,1.0070870276586055,1.0
1.1086927345640345,0.15191784976830958,1.0970944703222,0.15526641984344716,1.1058158384037267,0.15899762967456949,1.187520720836463
1.1255880634171058,0.1194942119749536,1.1533491308640569,0.13300068869360862,1.1206185941707347,0.12129205196884968,1.1139433523068367
1.1736727060136583,0.16732578530726364,1.1836198236692723,0.14243879078359492,1.1689459918270215,0.1337153132894619,1.021189299069938
1.0557134627602642,0.11846832206085169,1.0811069737987515,0.12159569670184009,1.0890715196988037,0.11668396641407423,1.1760912590556813
1.0424419102938451,0.11719223451786229,1.1014032815049908,0.1300372289474011,1.0345890578241983,0.12049151680496727,1.146128035678238
1.0556018599369044,0.12000906884035313,1.0509089480271174,0.12019437751182105,1.016839842331061,0.12678691017525012,1.1139433523068367
1.144702905588666,0.13960703543662206,1.1181528904198499,0.15462727996240863,1.1442109227824055,0.14177328829164024,0.9542425094393249
1.1492740545453242,1.0072300266641587,1.1716158830235763,1.0071603243508094,1.1778611549060034,1.0070802398542766,1.5314789170422551
1.1499215809791465,1.007090290259585,1.124293104384169,1.0074959096116942,1.2340055343817742,0.9727956383102652,1.5228787409373927
1.6824970760435127,1.0025867440244265,1.6289599940232817,1.0070290907851842,1.816240272823598,0.9542356328327134,1.9542425094393248
1.3465453913992689,0.3350698371819548,1.3550746111981926,0.23147957757168236,1.3445372896151726,0.36514854496262267,1.5831987739686226
1.559915359625119,0.3267225568904542,1.5564239772921995,0.33948360033002595,1.5486110777013233,0.3762696403308952,1.3617278360175928
1.1050832642683477,0.4753653460193455,1.083141961006329,0.23147957765496172,1.103096630641927,0.5428893356034152,1.3263358609287514
1.1347045269798377,0.9969972611982256,1.0046253188924943,0.3364457958119147,1.010371734907285,0.5404852489099717,1.2810333672477277
1.0987758722034462,1.0058953559481305,1.0080252564054883,0.9092450450983286,1.1318534253763368,0.9998682259393836,1.221848758302246
0.9808377171227639,0.9498774664447959,1.073534278244843,1.0060032239688514,1.1035645578226134,0.9998785105178135,1.1549019512998535
1.1557241053324212,0.9748585249813794,1.1722493255792292,0.9827146862181371,1.131208218172282,1.0071915982206758,1.1139433523068367
1.3181572750392916,0.3267230477533224,1.2936856089389404,0.42976145356740436,1.3099895401778952,0.37625556364400853,1.0969100130080565
1.11128426721447,0.9786387404182609,1.2641383754142952,0.38693420872466094,1.1278186076736925,0.24328494989687796,0.9777236052888477
1.1462290522596597,1.0071882501491607,1.0334352307454755,1.0051825536502828,1.2398412959264964,0.957759244358313,0.9777236052888477
0.9534636374636212,0.739954530287078,0.9310372960346296,0.7457785220448998,1.0869183926397128,0.9962681616682617,0.8860566650649422
1.0029732364180157,0.8798970377521267,0.5454291553662416,0.6598769989577683,1.0615145248051356,0.9699992729687876,0.8860566650649422
1.804979825888581,0.13551179977263156,1.7439828856435073,0.1388235887580815,2.021186140635337,0.15873040813428888,1.568201724066995
1.4622772612119226,0.12953282094654225,1.4821448034086364,0.13058169417003632,1.4582921954199437,0.14701621729830078,1.568201724066995
1.3780695844354516,0.12298496735674035,1.4678668775866452,0.12748511838713023,1.508254855607172,0.13121340742341592,1.462397997898956
1.0616613225323457,0.13718730349355757,1.2078935253470198,0.11709593911261175,1.2133917233642388,0.11603618245832907,1.3424226808222062
0.9428190489609496,0.12767443834381942,0.9826960125308687,0.12347880036924022,0.9143499415331501,0.12984533612088625,1.146128035678238
1.622434568313305,0.13906691766336424,1.6385635647623111,0.13844280688185184,1.8689970657669523,0.1595727897205438,1.3424226808222062
1.2689899417461243,0.1298409799965475,1.4638372614649675,0.14853858494296512,1.300383678372028,0.14632482742131556,1.3010299956639813
1.1796992933846802,0.12253535526128165,1.244818289458093,0.12299135091353974,1.204749317335084,0.12264304584527248,1.2787536009528289
0.9460602118587949,0.13982039507998018,1.055701518116563,0.12456639974174448,1.0689474267426597,0.13050071320851717,1.0
1.02884358777865,0.13151163583714215,0.9494351626497246,0.12864437348082897,0.8763400505396505,0.1285708869176826,0.7781512503836436
0.9185032256852577,0.13910486708921804,0.9284099069291452,0.1396091749471113,0.873553311870468,0.14396915570899946,1.414973347970818
1.0077958767096282,0.13026902626526646,1.051690575059611,0.14753745254748107,0.8599487142053219,0.14287187190097847,0.9542425094393249
0.891495855452609,0.13214921020691747,0.9154661776997244,0.1250067533026761,0.9884462377898311,0.13296729062909377,0.9030899869919435
0.9124334608573225,0.12481893536040782,0.7530030995826127,0.12576730043167267,0.7384505062404851,0.12485733550380036,0.47712125471966244
0.822343309942536,0.14193308502555393,0.6388206411344989,0.13093604348611557,0.6025692279878545,0.12472907351839543,0.3010299956639812
0.9495947191139148,1.1067313220845134,1.0656861740131836,1.1016040763694914,1.0892316893007927,1.106338688750726,0.47712125471966244
1.9391783943087633,0.2286734302785192,1.9647084196273095,0.20881879077965712,1.9060920169770057,0.2457077438249644,2.0
1.5970214120928408,0.312491154244842,1.7240320455625042,0.5132097249525485,1.62825708892678,0.26515217381720885,1.6989700043360187
1.4451497194123741,0.24671780092323634,1.4331450417061948,0.25379055279525137,1.3956309828386206,0.293397097021356,1.5228787409373927
2.0305545671557788,0.14049610088602876,2.011867847110481,0.1256512605636501,2.023424100280822,0.132827232259177,2.0
1.7842971087415365,0.1403808788999257,1.7693490078816385,0.12553660481316473,1.4998230417962461,0.36122055319871715,1.6989700043360187
1.7209055178373704,0.14326851446179406,1.7405578342510923,0.30771084693330947,1.7192736221696734,0.14735231036529342,1.6989700043360187
1.7585832273026316,0.2557484541778306,1.7640965854227628,0.2547997533346249,1.4474333168447941,0.6273991441773609,2.0
1.936277908486755,0.22535811545003226,1.9141145095166459,0.2507678535807154,1.9313443238799228,0.2398769135607485,2.0
1.6738365760205287,0.22867343049262925,1.6743136296219059,0.20909598775681054,1.6605645439978172,0.23043156494620973,1.6989700043360187
1.9523323788218723,0.1788738119934105,1.969971786160445,0.18766793005838547,1.9506002623274818,0.17850682590967876,2.0
2.0097399057770553,0.12401518620152648,1.9862780978916614,0.1224553855660323,2.010981849454085,0.12584238776759468,2.0
2.005164128546486,0.12388864902013597,1.9935775635037598,0.11911221959966131,2.004787867113735,0.12383702250918151,2.0
1.9591633846314291,0.1799622081901073,1.9471321484229334,0.16519698940822317,1.9531948094212366,0.183100887768671,2.0
0.6987441717117086,0.14735277831473828,0.6983608545999528,0.14725419963611125,0.6882635069742519,0.14777327321975087,0.9542425094393249
1.0055960602645082,0.14710538570524032,1.2286127205704591,0.12892046098159665,1.2062329938226983,0.1330663586735264,0.6989700043360189
1.1338777818950285,0.12328161569280038,1.188190635590956,0.12119259636347526,1.1465045668591494,0.12231008764905466,1.0
0.8382593652000478,0.12177057783649257,0.8831428439212294,0.12695476026299188,0.879665339468192,0.1265553200578485,0.7481880270062005
1.4194733465606828,0.11745042033075467,1.3915169820687818,0.11680836986299069,1.4099465586697737,0.11718262665022089,1.6989700043360187
0.868273847049546,0.12138718408335956,0.8801637666914426,0.11749432331999068,0.8599723798393804,0.1209785439710209,0.7403626894942439
1.6216439286713717,0.13855153526921313,1.511723587155941,0.11985456097934491,1.5437779092513535,0.12685674272234546,2.0969100130080562
0.7550368822211287,0.20471295270622528,0.6732781603228476,0.20525071628002062,0.755868173546826,0.17999321226963785,0.8750612633917001
3.5773045470791103,0.5170017697512452,3.852616254242984,0.43557596276891947,3.7351683203405006,0.45477327249150307,2.0969100130080562
1.3125473807602375,0.9387195364482085,0.40217274307935935,0.9273891494151584,1.0815685477658652,0.5548002083241081,1.0
1.1093060138431305,0.18858839786765888,0.9462962847302576,0.14106778575968126,0.9744261833865054,0.13851338954921494,0.3010299956639812
1.2034957925636536,0.16658265629653485,0.6472628081151277,0.13077197299888416,0.7307923158173557,0.12333487820000345,1.0
1.1158356344565203,0.11812403254267433,1.0026197165307753,0.12475789142101601,1.1138667760130634,0.11857343467197798,1.3010299956639813
1.3683229334498224,0.13271050940070434,1.945296620486125,0.24010685797133466,1.8102015176273114,0.21116181494373407,1.9542425094393248
3.307984177938801,0.7583096076500614,3.6599401310808792,0.8411702652384918,4.004350152386635,0.5591194613117957,2.6989700043360187
2.2181373253173096,0.9719433619360178,1.5271437419536003,0.7216226312059972,2.1201859292397316,0.9798537890183524,3.0398105541483504
2.907536121948266,0.20123526774548026,2.8886592481789597,0.29250707529291786,2.8082053149709605,0.24179115839418666,2.9565237915936438
2.389738964925967,0.332246209457989,2.8376258199538773,0.17037974388198826,2.4709601007978064,0.20077812282826046,2.70687133673295
3.0616018922058474,0.21111890605568723,3.1994872641550796,0.13205964442966459,3.188907728453235,0.13507352361647104,3.076086756743291
2.620378544040512,0.20264925658897232,2.964588920161424,0.21409886879912732,2.964703098861232,0.20629361705673666,2.814274238747904
3.1358783007887574,0.2563229256342832,3.1962373986329786,0.2009262159185682,3.1672578992123706,0.17525949941764551,3.3586960995738107
2.7945417312159924,0.12352617359942503,3.0186735634242825,0.2675519427061627,3.0500853028074184,0.24932906610687422,2.78801273285574
2.716663449556399,0.152594918414703,2.469053427233892,0.12087138714825843,2.6491180616459404,0.16211609691644882,2.462368045522524
3.546891937995296,0.24049877597127461,3.458499229588462,0.33196870048083593,3.407859408527672,0.3722246318231655,3.20652095363069
2.7164210242383806,0.11469132052413608,2.6853099859592464,0.12082777427378423,2.778466105787935,0.12636527267550712,2.8374369137301994
2.740961606606696,0.11483460926672762,2.7475749616566896,0.11507246684778513,2.766303035690361,0.11655118464831589,2.741939077729199
2.9250481131567536,0.11979925385211457,2.8319745868232515,0.12488071126135458,2.848729403468022,0.11813738512059282,3.0
3.1560906405118807,0.1775485931083176,3.0419673621105288,0.13932218931652457,3.1195532081440103,0.18932228104206533,2.9354820739988465
2.6326991357219267,0.887008844670033,2.73165869868353,0.9320540734947345,2.669856782242135,0.8934539293130388,3.141305507230986
2.388601432427866,0.5100842345040922,2.3770376228747487,0.7429585092172156,2.4193731544585537,0.6974071572578101,2.7483431044875495
2.3946394954354155,1.000385379142899,1.8393158118273318,0.9887819235058176,2.2496128139622806,1.0066302779147618,2.8609366207000937
2.3806581924765435,0.2047964711927022,2.4038994396478186,0.2008815111443249,2.3967524088166527,0.20555063380341082,2.530711837981657
2.4113538424690413,0.12798728127056763,2.39689974621746,0.12271575843613795,2.4020826716172365,0.12388217984157378,2.373095987078727
2.336015956715444,0.20473684861649646,2.260180335063091,0.20975084669182312,2.2747234102746616,0.2023680804898914,2.2641091563058082
1.2369212752810386,0.19645970752018085,1.0616144429509773,0.771771606859954,1.2206024124663566,0.4461285814134719,1.5228787409373927
1.0763661053391258,0.46751113302452146,1.0384926925424809,0.40376871226165956,1.2067305805293413,0.49639507414543366,1.1549019512998535
1.5014479387670268,0.1994641400006104,1.5165709278860549,0.23939736348089555,1.3531974717887065,0.1847841941242192,1.0
1.1729838099899825,0.979127365680924,0.9007534418953888,0.3786293575891165,0.9181682012655206,0.49689499111906876,0.7695510829646709
1.318687776601433,0.20039006584251667,1.2285033071457099,0.7717706169013836,1.5803174788168957,0.19959534982162722,1.6989700043360187
1.3390123587331313,0.21433059098012291,1.679929982036,0.2393973635034926,1.4682118109855107,0.4509309906246786,1.3010299956639813
1.1131628659529362,0.5137503492094576,1.1856814491233294,0.37674865002591507,1.15949509179185,0.5360467713126154,1.221848758302246
1.1634338411027154,0.9791384651794702,0.7887958927672131,0.38182156125531,0.8559752550556274,0.6922874088128115,0.8860566650649422
1.2571552787768248,0.2201766906986463,1.1534049063452703,0.3042746273504941,1.0905217515132604,0.8364524604607972,1.221848758302246
1.1126454539037387,0.21992052324368,1.1138677556767795,0.18848623416439245,1.1106988543627523,0.2227659929823221,1.1549019512998535
1.0583328357992219,0.19884355054547556,1.062649284701543,0.21401606244059052,1.0638443659449484,0.4002452796504924,1.0969100130080565
1.044668999624795,0.219581892957372,1.0210574855109806,0.21703011171763031,1.0424188843225781,0.21315414698588017,1.0
0.908158168294029,0.4252251729359127,0.9082729661609508,0.22092564363239212,0.9128969698732198,0.21660535703230388,0.9586073104988301
1.1881493779665795,0.12761993254580137,1.1544566520044905,0.19646001913224675,1.0882098300496634,0.8275551912074199,1.221848758302246
1.1274928070212962,0.12799882091556983,1.1257845439912966,0.13019244192527105,1.1319073180309034,0.1253379086085863,1.0969100130080565
1.06228908117248,0.12674267033916864,1.0548308897656202,0.12106053176330292,1.0479211777034294,0.2417022536392523,1.0457574862177303
0.9779362586449233,0.1269097352825777,0.9911450216716794,0.12160524423936962,0.9705449258688127,0.1317342952197406,1.0
0.9252437551498088,0.24993170157214953,0.9465744808772526,0.12277636948376044,0.9543525210440845,0.13885852643897548,0.9208187365805955
1.2146722948756628,0.22411185437215445,1.2102159131383998,0.23712569814074497,1.0869497500225553,0.8280038391924963,1.1549019512998535
1.083740417984823,0.20306813738618754,1.0656935495864042,0.23376677595667014,1.070099948878282,0.22201857428207378,1.0969100130080565
1.0162483358095813,0.2177313572657271,1.0064205660528236,0.23012272617464816,1.0266232786978402,0.21153312281746295,1.0457574862177303
0.9061690825996823,0.20402788581138342,0.9006772661647432,0.23349324965951165,0.9029484823090161,0.2166584270745405,0.9586073104988301
1.0466457352543515,0.200543099931343,1.0071937993995714,0.1869753695030984,0.9999659202735671,0.21275282490216735,0.9586073104988301
1.150946142863064,1.0070519729509826,1.379894902994107,0.822506482609504,1.3885934426825546,0.8640923880546678,1.6384892569546374
1.1880745643689716,1.003498971343253,1.3911193409883824,0.9021381136160624,1.3633978333077295,0.906229182725845,1.6334684555795866
1.1829234919,0.9979413357179665,1.308143128890828,0.8256999685590134,1.164117610446538,0.989661320359037,1.6232492903979006
1.1220628464854414,0.9940931357945904,1.1243176512218462,1.0074956635502201,1.1602410488626482,1.0071602122197427,1.579783608045612
1.1492782151994794,1.007230012678887,1.1242921570287945,1.007495905996875,1.10937257384116,1.0071048680482906,1.5563025007672873
2.0898118586304473,0.17824073244444003,2.098986481005225,0.15106220452231767,2.1054387649826842,0.1858878561152245,2.0170333392987803
2.034676165603193,0.1748849267847792,2.0802731142290805,0.12853408472650166,2.086469949066151,0.1252846588687298,2.103803720955957
2.0926184208276144,0.28918369188771853,2.1708630877476587,0.19916799056497458,2.1448182427419127,0.22275892661773036,2.2095150145426308
2.481372871826105,0.5864733409310524,2.5129033392932834,0.38014756243465364,2.4703861369364852,0.5656748326080419,2.3873898263387296
2.2320653416862446,0.21538774967802723,2.4075453370483855,0.9407127002767119,2.141738144854513,0.4001473108404774,1.6720978579357175
2.0985238299967284,0.7331668415146493,2.0368719157417017,0.7232495122408168,2.5965498584178786,0.6945369817096223,1.4771212547196624
1.8416109763055852,0.5726979296343703,2.406180597789088,0.9603836771998139,1.7968481077505474,0.6213199008901646,0.9030899869919435
2.426209359831451,0.4015441630247132,2.155141379022409,0.3637331829196118,2.6357503388890606,0.5357493749923589,1.7781512503836436
2.4256270683266643,0.9276372761475897,2.275988224064212,0.8976886368060887,2.5653541052513154,0.8879840059009697,2.2174839442139063
2.242393993139905,0.8495444795000349,2.3636599163943712,0.9943099853294148,2.3683065892107713,0.4943834346603785,2.204119982655925
0.3712013584068863,0.12545439217233642,0.3714554823335139,0.1252062780791244,0.37396949486553455,0.12592067466846316,0.09691001300805642
0.3119644829223778,0.1173642323559985,0.3316666725663977,0.11480330385818219,0.2992165125909101,0.11688895531696641,0.3010299956639812
0.3122905838077923,0.11277847550359855,0.3175438154692518,0.11260583969714603,0.2891406977211253,0.11327733988392238,0.47712125471966244
0.399791865828252,0.11554480435792125,0.4873396340267122,0.1755987180895428,0.40295840453999343,0.11782523057076968,0.47712125471966244
0.5053214445129417,0.12312213448432152,0.6174933496945627,0.24558317436147623,0.5141627822737878,0.12321822899041625,0.4623979978989561
0.9205882758169235,0.31701254454559874,1.1927281787995268,0.603762988085847,0.8786851923945288,0.3270075946658949,0.8129133566428556
0.9974093380493282,0.16698016806441787,0.9956011074423327,0.1829833830980776,0.99752808554012,0.1579330223193025,0.9586073104988301
0.978399871172856,0.12290820628910733,0.9815791092057663,0.11994888836038721,0.9746635407539492,0.132064221761657,0.9777236052888477
0.9697649233377472,0.14813317687236965,0.9716900711047096,0.11331170355229205,0.9802435841486554,0.133061781239319,1.0
0.9693234127475512,0.16486959780761806,0.9765062335456799,0.12696090694730788,0.9826006669594709,0.1252701882097922,1.0
0.9662556080672163,0.1582163481627709,0.9864876887499578,0.12374023252701759,0.9860528491725723,0.12490518781790817,0.9586073104988301
0.9636258336733106,0.12360479735475044,0.9584920210905625,0.12730283940265488,0.9558286207167609,0.2255933247203094,0.9586073104988301
0.9506932786786889,0.16676144576781524,0.9606580721182518,0.147343556593892,0.9448700605438809,0.324123657454313,0.9586073104988301
1.1240318698186846,1.007359135122172,1.0247577993696062,1.0063903963832075,1.1302335153035212,1.007200601588,1.0530784434834197
1.610488885716041,0.12782568862756707,1.3958590514840123,0.11987680051311671,1.3316732157710072,0.12368018513017515,1.041392685158225
0.6442317052867507,0.12250710705653742,0.6611186346978553,0.1230172203158116,0.6564357927278407,0.12040717405461346,0.13353890837021754
1.64040112403185,0.1255349917192269,1.3359814298313246,0.11682132512180109,1.229210536809157,0.12658954469439493,1.2151085810530933
0.45605375264493375,0.11688980732005523,0.475058347026571,0.11679306814683253,0.47842569532080725,0.11637056220654597,0.7339992865383869
1.3267230444825686,0.11682131101683806,1.4014039115176362,0.11349279273800929,1.3266000852987319,0.12382288785225253,1.4581844355702627
0.5959745361650555,0.11458184129481222,0.6010588473637517,0.11342687043045085,0.5887133476173685,0.11438649766586925,0.7339992865383869
1.5428949037999091,0.11764969612458416,1.5099194413399182,0.11318367697620443,1.541915754017794,0.12070820741400123,1.948950610245548
0.8480889636884766,0.11646437424836881,0.848915969883204,0.11530147452300572,0.7140176851238837,0.1115522414665562,0.9100905455940682
2.0983830801017542,0.12544971005158456,1.8734167285381014,0.11949477562572124,2.050288471630593,0.12308150967799471,2.232919911693493
1.1281437455254943,0.12389816356448768,1.1299592525136295,0.12145485176138915,1.154186852120671,0.12139410103423272,1.0350292822023681
2.463865880528518,0.14553807151129936,2.4631356873796153,0.1492431858838371,2.8223447537614854,0.2004771288825292,2.4260555824839303
1.5762747966034913,0.17330803732092806,1.5374990381556548,0.16266638982384965,1.403903009319623,0.15339832221261832,1.2460059040760292
2.0699810960269476,0.6008844168782361,1.9534150860902986,0.2590482632934927,3.1884386241412774,0.5602621260151484,2.503368436197436
1.6182830857864565,0.6465549717673594,1.7292116871023966,0.2548839089138447,1.8038744760098682,0.21563077779474057,1.5122840632818535
1.6524656612555033,1.0383307882077124,1.423860831362067,0.6943193505962911,2.0656602514647817,0.9840643564163467,2.583176094813449
1.0969236829064,1.047003508361489,0.9437959339202219,1.0680381713750675,0.9886264857289742,1.066972110721417,0.6812412373755872
0.9288687964950764,1.0762608697996854,0.9527469157033441,1.0760038272869936,0.9886231969713059,1.0669721103227099,0.7481880270062005
1.1019203563774886,0.14111668211367862,1.1019316691070977,0.14110609174006508,0.8693052311825521,1.0685182267114686,0.9294189257142927
1.0862489080538005,1.049316126135527,0.8535053442308588,1.0301898441668615,0.9355677980773145,1.0632611956032811,0.5910646070264992
0.7588185445824398,0.8832946224735161,0.7196874378344408,0.9401063518802979,0.6213841037248791,0.7909327751698138,0.414973347970818
0.6640307990543114,0.8977462266247905,0.5404781490911101,0.6515175207268212,0.6306766911476529,0.8695078069470126,0.43136376415898736
0.9290417744873737,0.14110594924398892,0.9296413229836489,0.14112219705581927,0.869307227229969,1.0685182273501914,1.1038037209559568
0.9288660640012367,1.0762608691353321,1.0232515763538166,1.048929215510926,1.0517510785564976,1.0459182211567823,0.9294189257142927
1.0255294116747855,1.0476459206736506,0.9438016512187728,1.0680381721967858,0.9364163451682774,1.0634465652181335,0.8195439355418687
3.5272945065829866,0.7733990818330736,2.5535390677176295,0.8842193651188968,3.4607826235272157,0.7566055425137823,2.091139153825755
1.1285711021281568,0.14102662863128007,1.1269950697410447,0.14107250589182083,1.1268112946558917,0.14107233533588645,1.7664128471123994
1.760741250228165,0.1410589783004266,1.7592580113370586,0.14107234680926667,1.7608917099405141,0.14102926778843414,1.1271047983648077
1.623348673056015,1.0071946231489362,1.6705785640676205,1.0071281164824946,1.647236718937179,1.0071572932288748,1.5440680443502757
1.630311807201586,0.2873512578262783,2.26169841020708,0.3034124886502582,2.0528141785566385,0.29356145852120513,0.9731278535996987
1.055051006539962,0.30829469336494925,1.1033947767497898,0.30881080702446795,1.1526730739279687,0.30914738214778825,2.342422680822206
2.1448309463738995,0.21012283206584517,2.295527438182754,0.1627670210953847,2.1590087432708613,0.2232476760323906,1.6020599913279625
2.0908555406768574,0.1327926682959211,1.8024860688243627,0.19687685721807466,2.1260647169691174,0.1258080835720484,2.342422680822206
2.447040362098303,0.13612696977318042,2.1014909422919477,0.27862494490365725,2.7798309570996755,0.19714740588944152,2.6989700043360187
3.3837984718786087,0.5379923851282365,3.302168279621383,0.2518525114325981,3.151688910561904,0.45959896510836157,2.9030899869919438
2.5055056109022225,0.43057029976822203,2.754842203584206,0.37771627736721874,2.2627508011968667,0.579485062619271,2.3010299956639813
1.3782186794093718,1.141513513618783,1.4862539335441953,1.1349324789059594,1.3031096461668135,1.1420354777065858,2.495821753385906
2.616772920291091,0.14586375895298256,2.683591217374685,0.12763217229936527,2.635543544778054,0.14521248087940042,2.6532125137753435
2.728104620491851,0.11383684916193985,2.745859616367264,0.11253823108259338,2.720310325182351,0.10861130575185675,2.7781512503836434
2.710517319135969,0.1094498567245908,2.7423603286166953,0.11470172593419141,2.712723213744323,0.10986547879475357,2.7781512503836434
2.7864196979173546,0.1206302752815035,2.798398017497783,0.13038273911259263,2.795850019956694,0.12027537320557721,2.716003343634799
2.678528914292632,0.11302865848444636,2.6813515215124477,0.11431290579505898,2.7608216965365386,0.13035103543976623,2.6627578316815743
2.6844962879222134,0.15084494182501437,2.756322865247413,0.13117998358300145,2.758703980421332,0.1609303738483336,2.5440680443502757
2.505274464837349,0.19331919238940007,2.396757071895171,0.28130264207634853,1.7087158915497818,0.9951564307505183,2.3010299956639813
2.7842242485118964,0.11108419760963006,2.794348287263844,0.11479001150719424,2.7877238065019823,0.11237665940413068,2.845098040014257
2.8625771103829902,0.12442607430931334,2.841477113536622,0.1268485818347615,2.8565970367740716,0.12314776191386144,2.8512583487190755
2.8613465638638713,0.14434817761435173,2.854859353839277,0.1470070587232201,2.8586028862902593,0.14509790355435453,2.8756399370041685
3.777601434737054,0.21276755317769236,3.6895507224814956,0.35367326104725644,3.7041520403664774,0.2691066468814725,3.3010299956639813
3.3585152734412294,0.24875637900632622,3.5164101153209533,0.180943115634443,3.523970080640383,0.18545724654384624,3.845098040014257
3.419286179095409,0.16837995242598078,3.67166420522067,0.12591537039789238,3.644657353998068,0.12417026633883828,3.57978359661681
3.450933361370774,0.1978450469491817,3.4387208794645967,0.20141962664618815,3.4830717675741854,0.18810653586756632,3.4471580313422194
2.0279577590984648,0.12733180590237403,2.028359517591179,0.12685388913714774,2.007033913430195,0.13845161437722464,2.3010299956639813
2.19380326363373,0.1378782109185022,2.094124914532531,0.12437006830957029,2.2082018504438166,0.13267102256097307,2.1760912590556813
1.8153838106408926,0.11600035517313562,1.84478035660995,0.12250196685432771,1.8533945063756532,0.12133499578506177,2.0
1.9890348638014235,0.12144880026090232,2.129618123252135,0.15689309386366648,1.8632672393253895,0.13320747450974543,2.0
1.8445880431760797,0.19612105863870916,1.9906104406605196,0.20800273121497007,1.887125169850392,0.16875784334337512,1.6989700043360187
1.6611474432033104,0.13284655757554453,1.6356630033727129,0.1370604379891067,1.6081265310776072,0.13659612788882186,1.6020599913279625
1.6328193433811713,0.13695204800644212,1.656255102800501,0.13379764423341503,1.6633268244682933,0.13237560645342727,1.6020599913279625
1.506940525255128,0.13774724233791472,1.66761613692559,0.13705134337759825,1.4281256867015257,0.19452767985775404,1.591064607026499
1.7884456104148536,0.11916225402853248,1.8066426086552168,0.11805959226156296,1.8246482024382336,0.12955930730767873,1.5797835966168101
1.748061430577957,0.12634752045394532,1.7765137070029784,0.1216106844186477,1.8144614299251485,0.13296641002980325,1.568201724066995
1.685396150451322,0.11995150135111408,1.7288548112394908,0.1169895421875799,1.7105342757576536,0.1174724946397014,1.5563025007672873
1.4520820768517426,0.13760018218182787,1.4333235450377053,0.15874134610931595,1.335303257981715,0.19329768795004465,1.5440680443502757
0.30609634215960635,0.2658609920041339,0.1708113454290041,0.1401895704702328,0.19717099280819794,0.15497669921890594,0.07918124604762482
0.26739264686496345,0.20231296513735383,0.13853705462315502,0.12391999344180318,0.12982582341402482,0.12166064491491509,0.20411998265592482
0.19159310040367172,0.12226031982508384,0.19355599922494626,0.12146418456190348,0.23090863784382454,0.1229390395564572,0.2304489213782739
0.3241260983618459,0.11812497342121701,0.33774322938498447,0.18659701294808306,0.3146860002802405,0.12894573549505342,0.25527250510330607
0.404358265318971,0.3068041779971062,0.6395615425324979,0.3601180714174319,0.516873062467704,0.2648753661580152,0.5440680443502757
1.2535906911303636,0.24495495076267162,1.6216285671650235,0.6939226917255422,1.1580334274114241,0.34686097393682447,1.4771212547196624
1.5825156975001045,0.35658989119751977,1.636604823859542,0.6685423667146971,1.6694605580233601,0.45118655252254936,1.2041199826559248
0.742293658200218,0.44176533852994776,0.6693233317820251,0.2664531251306411,0.6660490069050091,0.21513860188869138,0.8450980400142568
0.4806036431611582,0.23954200330027528,0.8466944285442177,0.577617312808923,0.6087816486999795,0.5682982979932063,0.6627578316815741
0.8976981607081161,0.23350519738982703,0.8401777833563748,0.24618186893372188,0.9776064476927441,0.31650968702694393,0.6020599913279624
0.6636154092639754,0.19462121862763998,0.598809035386316,0.5615313549954103,0.67870443467722,0.23356343903144558,0.47712125471966244
1.5028744250180286,0.2157139817807645,1.407314271958216,0.13992742105148734,1.4069908764278614,0.1533036248037856,1.2304489213782739
1.1278395278333757,0.12388864490298812,1.13441981197224,0.12052933249224011,1.0656956822280805,0.14876211337557949,1.2041199826559248
1.1197977625925448,0.1535475751579317,1.1911308580955455,0.16867334997637412,1.1564174121627075,0.14494253112045627,1.1139433523068367
1.1977872377708216,0.1220710164487548,1.2603913317257684,0.13656538015507022,1.2442007121604794,0.12617557677113966,1.1139433523068367
0.5536951782329282,0.1496028374477767,0.5522412025575143,0.14923150335117263,0.5959124190928595,0.15517136186203379,0.505149978319906
1.5373917702571371,0.16607106446656844,1.4194707892624268,0.1169696485764766,1.3967429829192333,0.11708561895062035,1.4313637641589874
1.2419192091129174,0.11419297230135961,1.2415449066741397,0.11247921765544378,1.2599707820444392,0.11788456350503106,1.2304489213782739
1.2219041063736173,0.12904089565915294,1.230343730139644,0.11119487203246288,1.141956069743405,0.13015272202540226,1.2174839442139063
1.1655079880504302,0.11833876359322132,1.2135339295546512,0.14487613917732145,1.1619694657942352,0.15612708884814117,1.1643528557844371
0.6285168700326569,0.1186124270854781,0.646499780008786,0.11755284418696449,0.6238193306231383,0.11901983620862036,0.5797835966168101
1.4689038904215663,0.11251382930567504,1.469015850292417,0.11190550022272529,1.4702937591012917,0.11214511239504028,1.568201724066995
1.291558373305282,0.10929636642188144,1.3210205542063402,0.12245023297572054,1.279528776765439,0.1081346682300063,1.380211241711606
1.2597442702244532,0.1273214737039013,1.2427872038388448,0.11171377127450438,1.2783505001119062,0.11007091129583439,1.250420002308894
1.2122905415195375,0.12419806157961,1.2114526405871024,0.11252628164627815,1.2066734732944395,0.19432148882475478,1.2148438480476977
0.7040690593312946,0.11230706256249993,0.6805523403229277,0.11598582199692196,0.7136494537061306,0.12249673765744719,0.6989700043360189
1.5365911983031846,0.13693960069508504,1.5733366106668616,0.11774199020970079,1.5673257362698743,0.11837415318326129,1.5797835966168101
1.3245125272795306,0.11082554118905595,1.3508611939548194,0.12250284297221518,1.370501562905098,0.11741535078884993,1.4771212547196624
1.2572319832225531,0.1241774170454746,1.2572996761708721,0.12242311655424487,1.2501444399985484,0.2440627316146711,1.255272505103306
1.2921661487202691,0.12903492549117707,1.3617048100251719,0.10994278933346809,1.3214641701355303,0.13553476545446316,1.250420002308894
0.7051129763085666,0.15482492232669107,0.745926128462883,0.12127260025667747,0.779492922141736,0.11949514943051388,0.8450980400142568
1.598142533654152,0.16018539226224052,1.638260374790803,0.14303987401501345,1.6376847756829107,0.14195742950064943,1.6334684555795866
1.4348482167966923,0.13061184275855697,1.4216707698575872,0.1299522731146981,1.3870378783900563,0.12311539519067197,1.4471580313422192
1.2814506477258414,0.1555558993770158,1.302185033297454,0.15041572769922146,1.2916323480292156,0.2985664689155465,1.3010299956639813
1.4354642290590616,0.12770985584627662,1.356682893111385,0.12982122135620278,1.3683775072755262,0.15718572936022648,1.2922560713564761
0.7624706063279177,0.19314802139728734,0.8164225543268263,0.13847470146134752,0.8384760022670352,0.1551713619290036,0.8920946026904804
2.8463263315528695,0.18193877832236033,2.744135272664903,0.22903390460547526,2.7561584044593523,0.2644335826062079,2.6989700043360187
2.9070998800753176,0.17320774324581045,2.9636057627232555,0.19913096123191315,2.917175872058329,0.17174239836056773,3.0
3.2490207503329627,0.14402716845000854,3.5020898874863367,0.18783062314756022,3.370870440228058,0.14362053091112267,3.3979400086720375
3.3751303373492214,0.11814942284485448,3.433930367806174,0.15243406242157131,3.3512572674055274,0.11633306712950219,3.255272505103306
3.195964101370304,0.11568768587817953,3.226396713429459,0.10942260769096776,3.2321825859210267,0.11124001535387565,3.4771212547196626
3.3064959127983933,0.11186310087467764,3.3476753977207148,0.12719093830663009,3.276702625961918,0.11352297842412862,3.1760912590556813
3.1527077749998687,0.11242688991723389,3.2096058549615565,0.1088731640232695,3.216946494754865,0.11064519445618824,3.146128035678238
3.1330878749337696,0.11719961785493882,3.1199117561290075,0.11671667729525483,3.0945378605993623,0.1189503545531893,3.0791812460476247
2.982957896425338,0.1500841219261198,3.0203592141967777,0.14238765670713532,3.01293164593614,0.14383610887985776,3.041392685158225
1.8650205319661226,0.9786172111198158,2.0353150077701554,0.9564982507962424,2.0007160468778533,0.9601432647033474,3.9030899869919438
1.2015761743377782,0.15567748133833556,1.1976402609186372,0.15655468834881323,0.6841525883857569,0.2091748482015902,1.6989700043360187
1.8625260822394454,0.15092820574942561,1.8808129912096496,0.1252479845004323,1.857484194581704,0.1462648599393628,1.0457574862177303
1.9675874476773352,0.16065019149324622,1.683398096677686,0.11509073847622643,1.9557203503737273,0.15387546493384566,2.0
1.7925800769178122,0.1741993221396326,1.6611222482471064,0.14703474047102455,1.8421479107099308,0.13821896186608712,2.0
1.8602246720815223,0.11414661651946226,1.8573849440434864,0.11394075980176539,1.8607904074549402,0.11596480451548669,1.9586073152760695
1.89879214138374,0.12011344442667964,1.9813073085225705,0.11581144321798187,1.944682578668298,0.1148892958841765,1.6989700043360187
1.752597602672636,0.12570954111034105,1.868052997928738,0.1478749530831997,1.748113417597276,0.11674722116603889,1.9208187522151972
1.5915705342659983,0.1294607589816092,1.9619655603953319,0.21404954040715382,1.8635809331503286,0.17640910650451178,1.6989700043360187
1.6677895829549967,0.16955134446304884,2.0462287682473312,0.2904470773148732,1.8150846281299415,0.24609714869433236,1.3979400086720377
1.859290208170043,0.23112368212162523,1.759698600512231,0.44788946671951035,1.742545104210393,0.3917041605588678,1.221848758302246
2.3930602505777534,0.17884214654335104,2.3383846008144533,0.2122129116455241,2.394958916914123,0.22402397426312246,2.57978359661681
2.446998759972198,0.12141340960577301,2.4380223836962793,0.11915546600752029,2.4466493974267713,0.12173133754077746,2.380211241711606
2.3613209322043205,0.1961995005026913,2.4351674962974243,0.21266971673022445,2.374099791193622,0.22417619867456293,2.3010299956639813
2.297482282100046,0.28445803290162136,2.4886878560051904,0.3429346454174953,2.374430584979006,0.36869583554625923,2.278753600952829
2.4499073413525796,0.11671633635006959,2.3127460350234745,0.1164385406512511,2.2821746562180274,0.11861332216371755,2.278753600952829
2.2934727145971454,0.10957160765535363,2.2842288580979346,0.1107344788472221,2.3111795056616757,0.11145205472984068,2.278753600952829
2.272432347251967,0.11720775917750677,2.437910786020201,0.11764895076977444,2.3019046648343737,0.12325948560722917,2.278753600952829
2.3780629427070825,0.11280613983305836,2.496799285262579,0.1123167413719584,2.3973077812606873,0.11420367663982604,2.3010299956639813
2.525801613588041,0.1104827375388323,2.457973833287176,0.10614919073548158,2.3715192090735604,0.10874962908932265,2.3010299956639813
2.4921307584060677,0.1191153168748906,2.4988693063606773,0.11528376230579822,2.3831023139036955,0.12004948506628463,2.3010299956639813
2.5911963489398993,0.11008536676417462,2.564028098899788,0.11103261820307751,2.579092344452201,0.11217146431573917,2.4771212547196626
2.6501625895702325,0.10790395700872796,2.587401348894863,0.10467601190018788,2.596399708285001,0.10502905493891182,2.4771212547196626
2.6119615184688243,0.11784902461570765,2.5942130380288098,0.11012338708277836,2.6089514638806426,0.10997870822310005,2.4771212547196626
2.6775525461928082,0.11678054253851484,2.690688770275397,0.1127401424463904,2.748856088453972,0.11460041610375232,2.845098040014257
2.7708961949770172,0.10582622295619129,2.7189382810090557,0.10794344458138515,2.766896195481799,0.10687380350441052,2.845098040014257
2.717468247989077,0.11353117996412326,2.692580470540994,0.11366585752516804,2.73995343747813,0.11256511237899428,2.845098040014257
2.8689780606364854,0.12591268913035872,2.930108776238856,0.1202372404990496,2.932486448122824,0.12080610384646603,3.0791812460476247
2.9441849193119416,0.11339493041480629,2.908840233872036,0.11538901549766915,2.924242286870412,0.11105010724635792,3.0791812460476247
2.8455650315344156,0.12448500443795942,2.804763143892891,0.11630625312776068,2.933661222832376,0.12153013887425805,3.0791812460476247
1.6726142113047389,1.024189039196168,1.8093672493222,1.0222492841636714,1.517586504644347,1.0213926261422333,2.5409548089261325
1.2905128297853505,0.247216357112113,1.3052645549997524,0.2562628657129982,1.0637598637079089,0.26757465963534394,0.9542425094393249
0.7133552123336031,0.1247679933994105,0.6463166154028334,0.1643126046297707,0.7118275046847855,0.12586631672081733,0.9030899869919435
0.6422137705438629,0.12760018268486154,0.5064636346794882,0.15177049900075587,0.6388374906458834,0.12661775528726232,0.6627578316815741
0.6511264314384918,0.1689070368441247,0.6582488767403624,0.17373139669630921,0.6248319976924623,0.18823220523542913,0.38021124171160603
1.3138558466264434,0.176407865612755,1.2738338817261328,0.1674595669189446,1.3041619599873477,0.1488997518865955,1.4313637641589874
1.4351037366510755,0.3468455287378269,1.424765952450123,0.1735769878219317,1.312992321250899,0.16486800032030974,1.414973347970818
1.1970767022529136,0.40020995726280134,1.1889182113196455,0.17521497573021452,1.2118347000962988,0.16985194047069843,1.380211241711606
1.2559225692318947,0.17759027743487768,1.246667479302669,0.16885819369154242,1.2012338122197994,0.24768530630940597,1.3617278360175928
1.30265489276808,0.4146648037907413,1.2686378073718891,0.15443314126055702,1.253733514999451,0.1706779800275018,1.255272505103306
1.311453023342958,0.16333568811753402,1.2797747017868346,0.1340724423085537,1.284293937816361,0.1498979945345848,1.2304489213782739
1.2637870117715297,0.32623140356538316,1.262038640044781,0.16251031366312116,1.162720776768002,0.2039727209378069,1.2041199826559248
1.1519411542961078,0.3722690760957933,1.2755134665882715,0.18630287895112047,1.312651668866101,0.16552374553780866,1.1760912590556813
1.0743604720623985,0.3839581437591797,1.1606876427462742,0.36818485346523583,1.0801585684008375,0.564867166052014,1.041392685158225
1.7960563042504778,1.0189708427072786,1.7412696182034046,1.0078489259494916,1.9086274529836067,0.9876190277869324,3.0927206446840994
1.7474410188469087,1.006890608217937,1.9773556506187293,1.0183081046512357,1.6828385007564637,1.0071531776936162,3.015778756389041
2.4478907931283844,0.6999457728463239,2.605897561081317,0.5615631575700686,2.6094578846929846,0.5287205202616608,2.8603380065709936
2.7771341128096294,0.4805074359482394,2.810677413855232,0.5977720770572028,2.653076509874609,0.6050594673271286,2.7481880270062002
2.157405353155314,0.8412113626857084,2.1020026048698934,0.799139524370154,2.221311923868906,0.7208867934592623,2.6434526764861874
1.7809231986127259,1.0195337240263675,1.4619098322635495,1.0098882795807593,1.7029670144177778,1.0092491983600527,3.0170333392987803
2.00188695089977,0.9879432486180485,2.1514439598994306,0.9451529213250766,1.7482157588637555,1.0084276236860081,3.0073209529227447
2.525523849079164,0.69994576845926,2.276769012381582,0.6888978493025738,2.656622242348316,0.6026601203602536,2.912753303671323
2.927698274722756,0.4340506925646258,2.766707606087188,0.4234211299478163,2.925937077827024,0.4380665807173255,2.857935264719429
2.1819983630834265,0.8582711753675826,2.0597340333503573,0.9027001817923938,2.288734948439472,0.8389634520579144,2.8457180179666586
1.7968192007931334,1.0189708464022198,1.7717339579578242,1.0085327911785384,1.7355468950057746,1.0078796739473446,3.0195316845312554
1.7317961308807153,0.9858430773420851,2.2584358365963544,0.688897868494087,2.667389926863694,0.4691998634408606,2.919601023784111
1.5727741092368006,1.0055858113620126,2.8555920353874935,0.5634534291384026,2.8720908316696763,0.4778485798966219,2.8129133566428557
1.4899065233039654,1.0097275445460916,1.736603468315948,1.0054030220707304,2.221494028415312,0.745451674414295,2.7693773260761385
1.6744347359380503,1.0099664983734638,1.705335168927587,1.0094050363320166,1.7191191161206525,1.0096190365414939,3.0034605321095067
1.020584110416292,0.15527332551129794,1.010464695542931,0.1689206809609375,1.016870692369689,0.20440807582607878,1.0
0.8668497033668464,0.13244309949465569,0.8593090340571403,0.13399297853522021,0.8512751939382753,0.13373233409195037,0.8450980400142568
0.7699032046381984,0.13482308533067727,0.754644649857911,0.18176935069325795,0.769807756915507,0.13817741111443227,0.7781512503836436
0.7135903091796426,0.1273404133985294,0.6828691452756067,0.19095127918672036,0.7036348637026681,0.13233221413741358,0.7160033436347992
0.7734046023628294,0.2219691474244079,0.757725675295096,0.20396396130339398,0.7439463794195595,0.2064120186219358,0.6989700043360189
1.0048541116030734,0.1602911432979911,1.0026378760904366,0.11717820538232161,0.996734082404892,0.15330478089684485,1.0
1.0210305316123933,0.21572397971420973,0.9934533779837386,0.12200169692904639,0.9986164678261041,0.11957872035899364,1.0
1.0496293417305202,0.27945655838362377,1.0367180584983275,0.18229452208540484,1.038573070055416,0.16847261422248072,1.0
1.311619113382469,0.1643982616756486,1.314858702836636,0.16282025428023203,1.3124828787179685,0.1759380633882461,1.3010299956639813
1.2920855229920571,0.12338133670684345,1.29226917492035,0.12130738199560331,1.285306525961367,0.131842710970762,1.3010299956639813
1.294805399026007,0.12355093986566092,1.2911324586698736,0.12443114231471816,1.2858283641752375,0.131257237035658,1.3010299956639813
1.3025524483516846,0.16487951730818218,1.2796779852960563,0.14124185548322524,1.2882021973389655,0.150581504878249,1.3010299956639813
2.0223218852714835,0.19064868105470578,2.0441723845470516,0.1564946633937925,2.037728064442809,0.18503379904055342,2.1760912590556813
2.1133571412919783,0.12177456629983549,2.1146628938052405,0.12264051048392553,2.1108509156012008,0.12327518468129996,2.041392685158225
2.0405538165496426,0.12139915353698673,2.0403545786401693,0.12257142698761374,2.0243615565524764,0.12497949132538826,2.041392685158225
1.9643072703507012,0.17691994340425327,2.0016339924926796,0.15824929894979498,1.9939871972038017,0.17387941169808466,2.0
2.9185706896845964,0.18010731933820437,2.9199111202818577,0.21068073450127525,2.9313118624291485,0.18811961844784836,3.0569048513364727
2.9987007117016926,0.12142095515036945,2.9850430665706185,0.11922090358775772,3.0057921119271462,0.12359933482500776,2.9542425094393248
2.9392557258916714,0.12198797206107269,2.939989726279543,0.12268933698007992,2.940057701124723,0.12319103557300391,2.9138138523837167
2.7622843778889568,0.19782554617084536,2.844040049146481,0.2106807345101942,2.8764467762950914,0.1881196188328089,2.8750612633917
2.7629326256491282,0.3243376852679179,2.3436512331299713,0.3416718057384023,2.667741845986826,0.3078821515444609,2.971275848738105
1.6698327400732267,0.1750465232357108,1.6446028743682746,0.1840685606715444,1.5728523282651998,0.2073324346127211,1.5998830720736879
2.637149351682674,0.30041966888770893,2.1482342116535214,0.3087811421557527,2.6363136752193173,0.16335790984221396,2.8943160626844384
1.6538088437746135,0.16573597178223126,1.4206831977426002,0.34651159989219915,1.8348047576252715,0.32245964330713905,1.4727564493172123
2.6381910287521757,0.169785265493233,2.668127437153797,0.18363268077275782,2.6949872086647204,0.16992705779891193,2.5899496013257077
1.4130955487039538,0.32547958191398624,1.8073547093688995,0.3797501145129489,1.5728808872470403,0.32877875910078774,1.4578818967339924
1.98440725818677,0.12457370752984097,1.9423949530004476,0.12015612221755699,1.9443106746499088,0.11731932602011759,2.204119982655925
0.7131598581764422,0.22496049078403205,0.8590037718778142,0.3358429578194564,0.6917709081868619,0.2690800255842512,2.0791812460476247
1.963648864592717,0.12084899435842984,2.009988673640196,0.1125767740052772,1.922968120760599,0.11510099180163391,2.0569048513364727
1.9511719313793658,0.11224187023769687,1.8872473153715195,0.12367011562999788,1.9833207601321872,0.11405080621677453,2.0
1.5643123916036077,0.9495077335048602,1.555519944029652,0.9148750201592852,1.5078266835118708,0.8509913601567342,2.0
2.4044405814363,0.19102295661808788,2.4616453890677024,0.24539830461074588,2.507194768274152,0.223104324643278,1.9777236052888478
1.908058944146097,0.11855300331420938,1.8548664913599737,0.12928750804991693,2.053075423646448,0.1318076618634928,1.9030899869919435
1.6261118235634353,1.0069372460817676,1.6337430874497716,1.0070524444079225,1.7135049250355014,1.00712995220948,1.7781512503836436
1.678169298600644,1.007210680979374,1.669937973066182,1.0070418301208361,1.6471929112873618,1.0071554706635673,1.7634279935629373
1.94057151600491,0.14024126768337308,1.9910734011044644,0.13489742415096923,2.03274340839777,0.15234111492998606,1.6989700043360187
1.6048896605807277,0.9650823103325429,1.705862661572806,0.979267577316846,1.5580911375684727,1.006533575307407,1.3010299956639813
2.077487328712876,0.23552676116503615,1.9896508402330912,0.24891862619047367,2.102439320282902,0.2360219991102406,0.6020599913279624
3.8877178873384817,0.16620909962266786,4.78548087599976,0.3863836229520944,3.846772579774551,0.1747859343655533,3.6532125137753435
3.753403261559752,0.12472432375365204,4.396914428946642,0.2883874839325724,3.593925255973388,0.12058442220542569,3.5563025007672873
3.5466509356481106,0.12197865227570051,3.859048025185633,0.19994431909538898,3.3432827959012545,0.1171757661781866,3.505149978319906
2.882836241368082,0.1151795148016682,2.4067993358383566,0.1235647685016797,2.8953795345375317,0.11674493973258596,3.4771212547196626
3.3375003127609606,0.17381653412064693,1.5345643336117891,0.1367928059479451,1.8540154595268967,0.13107311933379243,3.4471580313422194
2.1169250159011535,0.48334989137294665,2.034277355976154,0.6761778631592443,1.9547154803080178,0.9050607736613743,1.591064607026499
1.4493930243375595,0.5202002348400995,0.9273117099568298,0.4540094684676785,1.4045877662951682,0.6084376645410261,1.4913616938342726
1.340612227855965,0.31382460206916996,0.9142319599580265,0.47136408746460906,1.4120944660484693,0.31305869201443015,1.3010299956639813
3.3374957497872684,0.17381653411614004,3.420947752988262,0.1251573601673978,3.4017041074185244,0.12698764307902177,1.3010299956639813
1.5011965720784597,0.9518602333468211,1.3364146423736896,0.6847189863399716,1.4950205330435637,0.8551237110816396,1.0
0.8080964461530153,0.810329102185849,0.3358364157734359,0.41602588243492583,1.238222966550265,0.6331772895516437,0.7403626894942439
0.8132598313757311,0.762651722084532,0.6951264685438887,0.5192921855972384,0.6390750187983087,0.8159402348748342,0.7923916894982539
0.8031464504561442,0.8008699662536546,0.8813397720091869,0.8151089278189125,0.8463369849068331,0.7654594401899657,0.6627578316815741
0.8737874549199377,1.0415071731628172,0.7981642103434993,1.029772195253423,0.6042159928367845,1.0226620094483163,0.3222192947339193
1.9278951620082467,0.12237503936668996,1.927951834562208,0.122374577807185,1.9283432762418524,0.12237833090222706,1.9294189257142929
1.9284481615849929,0.11542425028611789,1.9278742630769234,0.12237396908594125,1.9275290152468543,0.12237387981540969,1.9294189257142929
1.9279041580519172,0.12237334349462937,1.9279443826749778,0.12237282765942112,1.9283452185022307,0.12237333800083114,1.9294189257142929
1.9285696546939635,0.11543002633660905,1.9278743385133246,0.12237954408808925,1.9275385173550026,0.12237807153074258,1.9294189257142929
0.7979788454702338,0.17714094061872435,0.8112745126093782,0.18803345371448957,0.7913632688746649,0.1710355963735441,0.7160033436347992
0.7028155554385827,0.15841287955959832,0.7701430929835135,0.11897431121923766,0.7559085303869997,0.12607442393097937,0.7781512503836436
0.7231446617454266,0.1934471616856202,0.8242817880189455,0.19043190565348034,0.7937066926579809,0.12346876275261266,0.8325089127062363
1.6738378282805257,1.0071699206930107,1.669960030000891,1.0070423864323104,1.6472401098428473,1.0071572890987726,0.8750612633917001
0.7805447864824616,0.23135509804457563,0.8970976441526124,0.27474900064038893,0.8907165497184298,0.17465430289457617,0.8450980400142568
1.6387901101076692,1.0070199148379475,1.6705799552679892,1.0071279897184557,1.6272310029830535,1.0069296951554436,0.7923916894982539
1.0409839700512296,0.5460812411008616,1.6186592060918965,1.007265526794416,1.6594622565731314,1.0067395315486394,0.7781512503836436
1.0852337300754158,0.7211918446196817,0.7396032179597383,0.21658551318364902,0.7130497385537234,0.45731506734458965,0.7781512503836436
1.4995497335020698,0.9951696764710223,1.2051309611744287,0.7140574925175047,1.1473036970877615,0.7364939964420651,0.6989700043360189
1.5631014485662027,1.0029575051133708,1.6677076965194857,1.0070973609323735,1.6541706105658975,1.0065320513988003,0.9030899869919435
1.6738355636983633,1.007169921627932,1.6783529070235212,1.0071445412858486,1.7135038163495135,1.0071300714790223,1.041392685158225
0.8827553899662853,0.3484396613084872,0.7949555040749445,0.3459391395266509,2.0005457427877587,0.9775271837285053,1.4771212547196624
1.586695784503235,0.35158906384163746,1.5184284657436762,0.3388394567660018,2.0083199080316962,0.9813339258220518,0.8450980400142568
1.6850427389341738,0.1524512877548915,1.6792003938427913,0.15163391411924898,1.6832929434010901,0.15348710359539794,1.662757831681574
1.7036880960541545,0.11854904273554283,1.7132125799463997,0.11753524041479907,1.6956833870401102,0.12220895671473674,1.6989700043360187
1.974835492593097,0.17333280485655986,1.9202741545584199,0.15736329263669893,1.9799958009424234,0.18313861850978402,2.041392685158225
1.8888140246388758,0.12301293253381601,1.891613600124402,0.1174749009076442,1.8914624879139024,0.11729035272028376,1.9030899869919435
1.7692358404795399,0.1134695162588077,1.7684751933698082,0.12700586656040805,1.767980197021436,0.1151017231207691,1.7403626894942439
1.6298084369595824,0.17606449778342023,1.6436916370153658,0.1775201439690155,1.650166714516694,0.14005446044123568,1.6532125137753437
1.8239613945681874,0.23138089399931747,1.8443035980134281,0.12617627407050755,1.8613888579820077,0.15727509677000592,1.845098040014257
1.9002581074171596,0.7642084963502699,1.887985734307148,0.5633731723732159,1.9357395179637034,0.5675812127133613,2.0086001717619175
1.250137813797355,0.14277441890947978,1.1350546572754063,0.14882357202491525,1.268223116349499,0.14848222917557358,1.0
0.6551356986583654,0.141834235987859,0.6905007037945318,0.13386931740219798,0.6183185245053651,0.15356916211588081,0.6020599913279624
0.9594752465476419,0.12150002435749747,1.32957542646359,0.1255901492677974,1.0097547264648967,0.11977632626260912,0.3010299956639812
0.9397522039982444,0.11608581415724911,1.3927882031659882,0.12209339655144723,0.9562200473471804,0.11583349979464312,0.6989700043360189
1.2026053745566105,0.12353807026613885,1.1994531474485326,0.12352595383683157,1.097197216397317,0.1381189676836189,1.3010299956639813
1.1222182988693779,0.11160623653019622,1.1438929698026756,0.11126559736276802,1.075993155017496,0.11192364563709269,1.0
0.7017706548429671,0.12411269052748264,0.7133013385448861,0.12332683949168431,0.6991391951608599,0.12428395872913674,0.6020599913279624
1.1871929913888142,0.11248041183981171,1.1060888926937884,0.11192219797329718,1.1428842727232396,0.11428085612743608,1.6989700043360187
1.674232361818095,0.11536023830614574,1.4255628662900395,0.11305814860525491,1.5599122030999442,0.11980251282925225,2.0
1.3888417251210219,0.12932790440305228,1.313065663818709,0.11788902669058271,1.2731886975412654,0.14411193383016344,1.4771212547196624
0.6851142796528809,0.12380097671364394,0.6890170891816662,0.12338822421561046,0.6071302220300165,0.175625028717129,0.8450980400142568
2.0123311181647674,0.12421678625623678,2.56149217438856,0.16017443736129014,1.9878393067482556,0.11714811350889756,2.3010299956639813
3.2024458920745644,0.17953105095338046,3.5750514072429374,0.23085464958838225,3.312646168891095,0.2501403120029416,2.4771212547196626
1.787639401989232,0.2684314560307743,2.0336143563183557,0.3100899098832359,2.011983721015387,0.3318325378844608,1.6989700043360187
1.0278760764700037,0.24776294450478914,0.8674956810595894,0.162415851400359,0.6729326280585739,0.3390032714841596,0.9030899869919435
3.783813600857335,0.35876214874905116,3.42822985728849,0.36467902565845917,3.3347994083631405,0.841495317983844,2.7781512503836434
1.271272128197389,0.3576808055875347,1.1836938083370403,0.5633460542340734,1.1699558390882365,0.6166671443920612,1.0
1.0110417831658258,0.5309869571415812,0.9850210821705097,0.5014404811610703,1.1166920839385341,0.47818467755525573,0.724275869600789
0.8359657576290017,0.5579532717269133,0.6887144409824422,0.48063938797610306,1.0917581872819773,0.5770760875985694,0.8363241157067517
0.49855493673512563,0.44917753142588235,-0.12930541465291534,0.5358537854966121,0.44538073570068826,0.45070472981891035,0.7745169657285496
0.772102639914646,0.41024236984120677,0.10203882042098655,0.4560993194852189,0.840028932172992,0.3697365271967179,0.5786392099680724
0.42629401286814805,0.2706538887372229,0.3435262324556936,0.14554207078909054,0.4053579424914393,0.2404892200050816,0.3222192947339193
0.31134436737990234,0.24704942379375142,0.3617129262296326,0.1641795062902434,0.38953801099653984,0.24164594585707155,0.31806333496276157
0.3008021341517262,0.20792528011038805,0.4017326175707303,0.1796476065390816,0.3546028556838483,0.18550008412064428,0.3010299956639812
0.4449647623423125,0.28467221133284315,0.36269023453461946,0.21626231519436329,0.4232873554986851,0.2568343410727952,0.3010299956639812
0.32806848983154446,0.21163306553598557,0.35654175917885733,0.22103488400257237,0.3747465341485019,0.27744206356662854,0.2764618041732441
0.33446021755194044,0.2271183583762995,0.3063019459997778,0.2532624354213571,0.3949877605767087,0.2981561130938405,0.25527250510330607
0.4285946101576483,0.1792143745964107,0.47552041616079044,0.2810955201000298,0.42915173474069057,0.250392969841866,0.3010299956639812
0.35605178853003583,0.20131489339877612,0.33196333686953916,0.16934531394125152,0.3846204413964085,0.19235909215446126,0.25527250510330607
0.31535959809126024,0.17646841594052456,0.3615700739428658,0.23156399475077397,0.33306766924801945,0.17120360350685276,0.20411998265592482
0.2749849792344543,0.1272756281360963,0.4003871962275116,0.19025967991349954,0.37487696866834996,0.1749736701178676,0.36172783601759284
0.27329464908684864,0.12193761172342503,0.2627756098437206,0.12357532853841238,0.27851801164346623,0.12426777333272587,0.3222192947339193
0.2586545813729728,0.12111036042601615,0.35190837606704006,0.16779395650863035,0.2407608475113221,0.12232418103635055,0.28330122870354957
0.2683913180098323,0.1263439056751358,0.29687986045858583,0.12299843332683738,0.2955597660289153,0.12232826570143038,0.38021124171160603
0.2677776435102279,0.12010451564827573,0.2540908449755128,0.12165108510601229,0.2938616563541472,0.1508367502568795,0.3424226808222063
0.2786913313061503,0.12183324787048486,0.27646175461602907,0.12117296565717763,0.2811520085217365,0.12279188134565688,0.3222192947339193
0.2793784777957504,0.17816838673742438,0.2637458608196619,0.14515538708071435,0.3106074796631124,0.20939527180297784,0.3222192947339193
0.22261629268807992,0.20825986299056876,0.2314252605249143,0.18124791535769538,0.22859774901068608,0.20324577735270755,0.2787536009528289
0.21790359240518486,0.19822645043565937,0.2568291240071159,0.13921704103338864,0.22598109142329914,0.17269725085143608,0.2787536009528289
0.31790790559256554,0.19096068602043717,0.332853483899175,0.16827109087979095,0.378329905633187,0.18194477588463132,0.2787536009528289
0.4008233457562014,0.17254544636872957,0.4147249017916339,0.16734967840742007,0.4224927325529839,0.17111100502899346,0.2787536009528289
0.38287399865695426,0.1658498329695335,0.35187701270475635,0.16779396721702677,0.35816387375199743,0.21855320332749065,0.26951294421791633
0.14768139297503202,0.40880952958804856,0.27370430895429276,0.4393924867878467,0.5805251353178904,0.6538498624792479,0.3222192947339193
0.28303780688255475,0.4960689021987441,0.29218461552727004,0.4408766726597231,0.5868712349594885,0.6695175736358097,0.2576785748691845
0.3637604190803254,0.4969506861418509,0.34829414251398627,0.36097544777839596,0.21448226009642068,0.4422608521640912,0.23552844690754893
0.27832904688784965,0.3206277717005578,0.27942457667621556,0.3259716731148717,0.415398034539153,0.42470011289507065,0.23552844690754893
0.1531746702397636,0.4807171387229954,0.3287702698240098,0.5179071093493549,0.34990291978033494,0.4489635500232125,0.2304489213782739
0.30757942418680906,0.4227918988161361,0.3909116822288099,0.4500204199247621,0.25634587632430894,0.4476718235130697,0.20411998265592482
0.7134813183351292,0.9437107214673391,0.6608996565059976,0.8888933802527426,0.385078672071655,0.6939322440423857,0.2304489213782739
0.3462158485565512,0.5785033701931873,0.6818917613322316,0.707696273427399,0.7571564267762844,0.8793839015818318,0.2304489213782739
0.3199576743705941,0.6254925814024305,1.027476323901916,0.9906572276905792,0.31501211868207357,0.5839019025586062,0.20411998265592482
0.3821295378574654,0.6237289635059903,0.528246165664505,0.7347847848924499,0.4173296551287202,0.6779902620787012,0.1931245983544616
0.43914701025706027,0.7232196122807958,0.6097589325263233,0.7246836080041996,0.31733484360330255,0.5065634909190124,0.18184358794477254
0.4698801644792896,0.7365016396927946,1.049653471523942,0.9964039079305891,0.3071428863085983,0.5127452048323247,0.146128035678238
1.7848782920971455,1.0200576714312106,3.34819977027156,0.32985712750524265,3.1090266596307083,0.3559726958430751,3.566555330883055
1.6989535935803652,1.0465410874386276,3.4168657729915157,0.3473115846130635,3.404980643178477,0.5367264290169054,3.3991543339582164
2.075195888344895,0.8931528533363547,1.1281531295802156,0.6022995351387715,2.2037626002498576,0.8834316069599297,2.2814878879400813
1.6076515964361762,0.9897482350404605,1.4524456159182217,0.8683682013070102,1.7695215736451917,1.0132497947830612,1.4183012913197455
0.15804421960927528,0.13415837770492817,0.24448492023962332,0.15105370240074698,0.19584444570495396,0.12693294171952996,0.146128035678238
0.1941256895987884,0.11750341542053189,0.24955572599136477,0.1212290299321306,0.19165994679162424,0.11509973150065882,0.25527250510330607
0.3091893280437712,0.12508111973519975,0.3365021594090869,0.11873037916593131,0.34640809914512505,0.14466563789942433,0.146128035678238
0.2070368112731653,0.11688087476032011,0.28479275109835345,0.14603459258964996,0.18206794122259695,0.1257585527143063,0.17609125905568124
0.25170417615286267,0.10936666169959211,0.23655575756233804,0.10753688086323282,0.23924092104987182,0.10682953682726452,0.3424226808222063
0.3116750469246343,0.11688087474180418,0.3177346452455576,0.11664126864860815,0.3761152436475448,0.13289080555177016,0.25527250510330607
0.22025909338538252,0.11444595896477515,0.3604793038127718,0.1402503227859116,0.2215487313010771,0.12570025580745958,0.2304489213782739
0.31818072409333964,0.10812651839115436,0.30712819181812834,0.10643015602495678,0.29048896258484036,0.11445162350273108,0.4471580313422192
0.4384562901903293,0.1256058062700903,0.4192692104900704,0.11862629030189897,0.37265495259236436,0.11898803169176476,0.38021124171160603
0.4482505243719892,0.13753340864340674,0.5040995682848555,0.13558516072880938,0.5552733014742592,0.15178289717029392,0.25527250510330607
0.46056742096932046,0.11630974038378739,0.4234404091936017,0.11343403982651942,0.44087998397783057,0.12211009301819131,0.6434526764861874
0.6980564201075145,0.14846747050610914,0.605935673048486,0.1382563280604283,0.7295107913014157,0.14571561231784225,0.6434526764861874
0.6723743396460956,0.1718779929391369,0.6565773822966017,0.18053988036327717,0.8035728256753172,0.1938888620272401,0.3424226808222063
0.5553248639381578,0.12362845382824822,0.5633273336965636,0.12364609610611849,0.5531493157635041,0.1234965126701212,0.7923916894982539
0.8887910111133693,0.17730582222914107,0.7384666090002433,0.14969756050888014,1.0194576496561236,0.18944480746235892,0.7634279935629373
0.8498700268934313,0.3281212775020126,0.8387640767310598,0.2337655740808222,0.8414816639288173,0.19655042675862136,0.38021124171160603
0.8392646979709759,0.20642088270922887,0.8356895534633149,0.16942288857765994,0.6010561344751844,0.12473049146846375,0.8325089127062363
0.9615046971487685,0.19444157059096817,1.0044432197184634,0.201717210225994,0.924666651350933,0.1881199191127517,0.8325089127062363
0.84508275873886,0.21842361127465995,0.8496112555305884,0.20128575388608225,0.8766242763189501,0.21170983501053015,0.47712125471966244
0.49144373422183807,0.20642088054095084,0.49583893532290024,0.2371044737102483,0.6839172830030054,0.12666855912771519,0.8573324964312685
0.5139359240223904,0.32812127286108145,0.5309725470273867,0.39672183434652936,0.8457232620192761,0.21217879641767848,0.9030899869919435
1.4395705935440746,0.15897624286075768,1.4295586208038153,0.15616616367656835,1.4239563685642698,0.16097437579107723,1.3010299956639813
1.4143830406487126,0.12221822735220912,1.437562088416945,0.12094567555062714,1.417075819511077,0.123579805355236,1.4771212547196624
1.5326629678933132,0.15956230857927486,1.5634494413507902,0.1264166648629491,1.585159594928161,0.1267551737041123,1.6020599913279625
1.7424904966814219,0.19834477160158562,1.7593405507578772,0.12531667273881883,1.80682183576961,0.1511583041871734,1.7781512503836436
1.495392374362025,0.1945765909825642,1.6595305378348124,0.41570166849939183,1.4853839129944535,0.18120611162501107,1.3010299956639813
1.5024267045171604,0.17753781312752287,1.776522884344539,0.3784065836459185,1.4207086783178724,0.2845762064572173,1.6020599913279625
2.106258066569887,0.345684452091388,2.0141599070092098,0.2765089863830596,1.913791725242156,0.45018978203072657,2.0791812460476247
2.0374657607656608,0.4414941471747779,1.9259584487537325,0.2433016694853798,1.6360708920144025,0.7503175861512298,1.7781512503836436
1.6924237686576908,0.9344243112702141,1.6212254198182894,0.8774229736009418,1.7880954398706952,0.890190479867781,2.0644579892269186
1.649760867833387,0.9100804798533431,1.5863005126425322,0.8306687217142543,1.7304651616441877,0.8527273803476662,1.9777236052888478
2.052036779274152,0.6050774795296339,1.669955074043031,1.0070423859219997,2.069484091762565,0.5257602071037873,2.342422680822206
1.6264847878651814,1.0070998610485626,1.6699607458380366,1.0070423874276566,2.2824168031976733,0.4284393505601681,2.146128035678238
0.7368133048829618,0.13669135982562308,0.7089434849719136,0.14759572383986952,0.7177753250256665,0.14361213509360066,0.6020599913279624
0.7565368142909382,0.12402772389338114,0.7485917211580729,0.13206552755998516,0.7498113585441476,0.12446576458543715,0.6989700043360189
0.8527925863625483,0.1265729368485922,0.9211104987296261,0.12593430232201114,0.725287107944124,0.17262120888412333,1.0
1.3675367266641012,0.1875920318045943,1.5092920475748401,0.24992581463337327,1.0648750110955236,0.3529453424683351,1.4771212547196624
2.570007905027994,0.16989975839732602,2.678296077820799,0.1884685046521435,2.6507331963470717,0.17996833576749274,2.0
2.270218417240924,0.14122017076679713,2.0468260874801523,0.1599954755626365,2.2893227530514877,0.1456784274540276,2.7781512503836434
2.642701017557127,0.14482534215428317,2.1024913763041293,0.24567131631667713,2.6773676219606966,0.1517246150690949,2.3010299956639813
2.3592201587574038,0.20663629809916986,2.132975533120476,0.35104881767360263,2.4324460566480774,0.19490948551932818,3.0
0.4711991643048128,0.20815126520782865,0.4626087978533828,0.20468053934440025,0.4562620364248122,0.18530454696227594,0.42324587393680785
0.450533888495559,0.1905639486422612,0.4931318087431149,0.22194697264033944,0.504982544331966,0.20971650160539487,0.42324587393680785
0.49806824130856864,0.23020896828304765,0.44988940499802954,0.1648747443646137,0.5619743897593557,0.3577992667370498,0.414973347970818
0.42134502082321923,0.20127054093808047,0.43188406492618725,0.209919179567762,0.4322230031018921,0.21832664030771234,0.38021124171160603
0.49809364293082314,0.20065423629424634,0.4522873300813126,0.15261459825549575,0.4943556332884458,0.20865739964470978,0.22010808804005508
0.35248378216311194,0.12891517610481615,0.355295530403432,0.13050061813004427,0.3581982813508773,0.12583281920384953,0.39093510710337914
0.344139472771106,0.13088860899369023,0.37744037798642904,0.253069735711118,0.41912351654608426,0.2232711030914594,0.38021124171160603
0.2607378868390027,0.134829705809857,0.18085786495033074,0.16725257358735166,0.23006511760203674,0.12492109964271561,0.38021124171160603
0.33334106818783216,0.12906952399661314,0.34804982236998616,0.1235448763673541,0.3312960138774601,0.14462022986233408,0.37106786227173627
0.31223444390119437,0.12759494168642935,0.3178656242894382,0.12842630800837168,0.3110985140439113,0.12849573047145432,0.3222192947339193
0.2981130587747498,0.13051058492542011,0.36987556492511287,0.21279931797559487,0.2910704874243364,0.13180197584740477,0.31175386105575426
0.2743262837923439,0.12901955724817318,0.36249807967420256,0.422567563026864,0.2746287524150095,0.1328124354898311,0.3010299956639812
0.2758240381277586,0.12819656865129703,0.27316114036777517,0.13041121492471278,0.2543325494922455,0.1446202300514164,0.2787536009528289
0.26730881687754504,0.127974372426869,0.17211965014260766,0.16743845014472095,0.290019929701288,0.13512494200514996,0.2787536009528289
0.2561889424461734,0.13119283946691254,0.27215286061541355,0.12842621073108454,0.25449159118174114,0.13821950207486425,0.2787536009528289
0.34218739952006105,0.25190218814935866,0.33350419385073327,0.23073170328719395,0.2929014947037958,0.1890753743496121,0.2304489213782739
0.2729788187532869,0.1805187866173541,0.35125256797432525,0.330375080780462,0.31011240197476697,0.18435452308252204,0.21748394421390624
0.2594048135202127,0.2317365479973606,0.3787623675810654,0.573093005350013,0.3054483473283005,0.18733750092869683,0.20411998265592482
0.2504512176318643,0.20259502285084188,0.3183386699694122,0.20046872950626074,0.3262448339782369,0.20643414890047557,0.20411998265592482
0.25729498476071155,0.18975754863196875,0.26113607350286916,0.17640866946185524,0.24065740636505462,0.22613452154524422,0.1903316981702915
3.2877696044007747,0.20641723216693403,3.2842500830607824,0.21406256370225174,3.296599505444918,0.21605031407513922,3.4313637641589874
3.260212623240508,0.22047371665164064,2.2875792273706472,0.963188321279544,3.2063327284995875,0.21826933738891485,3.230448921378274
3.0245950114011433,0.20639249476556779,3.022429322919065,0.21406590095977518,3.0202185781418525,0.22375610550282776,3.113943352306837
2.2858225506509213,0.1931931002160153,2.22324638680039,0.1689233469389588,2.2453808814464318,0.20357109939736892,2.380211241711606
2.0123044441731817,0.2063152176465403,1.7978497906465543,0.9392783576773083,2.042804125310493,0.2117168726774735,2.146128035678238
1.783277251507632,0.19497633916634466,1.7994268378732845,0.19999258962214078,1.8231575040055237,0.9596596942370322,1.845098040014257
1.4012093444950067,0.20200616622131856,1.415930959021313,0.23191049162669725,1.4061336715478552,0.24118735626990428,1.4771212547196624
1.323921614536826,0.23914149952922678,1.2847591134246779,0.16892406686308936,1.2841506486695364,0.19156859903495316,1.3424226808222062
1.4648952068044847,0.8335045454289057,1.2332104927430898,0.21262203418418046,1.2349697715656403,0.21617563561968653,1.255272505103306
3.372877070720098,0.20312123850866437,3.4060353086543156,0.16892652807391936,3.3972641583490004,0.19158248978116732,3.3010299956639813
3.1965518395935835,0.2082171435514069,2.288857744911405,0.9620060809450763,3.1999321772177876,0.19156970396794998,3.1903316981702914
3.0792353342314263,0.19693701116513043,3.0648067018104768,0.2073524753301322,3.0734095995259634,0.24174436849795286,3.041392685158225
2.3309949181120633,0.2006797036891316,2.2990846936726674,0.19389451360087162,2.3636105088239012,0.19156994559193305,2.230448921378274
2.0854788112950486,0.2389625815982874,1.7613473149310594,0.9392772063865732,2.0828282487966665,0.21217937980771856,2.0
1.8316890923569074,0.2577733446038249,1.8416515712748132,0.16891920174526212,1.7959338549092196,0.9599072439574466,1.7403626894942439
1.4620212979227678,0.20649815922692838,1.4566500166373781,0.21261871377246025,1.4783089908841887,0.19158138325064303,1.380211241711606
1.2991599781301115,0.19121519190038336,1.3395042845522054,0.16921986277821294,1.3091293535781152,0.21228018251793007,1.2787536009528289
1.4558262755397122,0.823941872778614,1.2430957932114486,0.2319104926058007,1.2535365669228298,0.20460512069670744,1.2041199826559248
1.519822560502661,0.135042874674826,1.1645312104552068,0.14154079697625596,1.9473582763732549,0.1414591110914905,0.7993405494535817
1.1396358262206245,0.13996823372529166,0.684239307109611,0.1408961900409074,1.1668429329176375,0.14179555362551027,0.8061799739838872
1.8599875889744821,0.13989346063319283,1.656911070470625,0.12936556331457244,2.23517843993866,0.14377728566078674,1.1367205671564067
1.1174113230103504,0.1462214888936477,1.433477482303541,0.1360371477697805,1.3523069363117788,0.13501859083718334,2.8573324964312685
-0.359194372974065,0.15946364893253331,0.14639691711745817,0.13648806151603687,0.024548287852551587,0.130934685191445,0.6627578316815741
-0.8283961073845791,0.15682268825960824,-0.10612693370534476,0.14714454815954,-0.3382265381663516,0.1359624216826675,-0.22914798835785583
-0.451245523293498,0.16043683223963545,0.40803916273810237,0.13103457588282102,0.5274051237332544,0.13719307438139908,0.7923916894982539
0.6024997103033727,0.14606271747191882,1.2351685020342107,0.12914356921685907,1.0806736946104438,0.13533552110960292,0.3424226808222063
1.0327829153943766,0.1356106130983173,0.9042287330363108,0.1413374433082224,0.8610115399028158,0.12962772199562475,0.5185139398778874
0.5749914645648304,0.13948770762234733,0.34118689010386616,0.14697746315818708,0.6212128411119899,0.14136591126416376,0.04139268515822507
0.6425040255165189,0.13871519200571433,0.9731778578911581,0.13880326201476792,1.128215537370263,0.13593273085839178,0.9493900066449128
0.6117432347489815,0.15526956667890773,1.172004282504966,0.1363513734596451,1.1066598876848466,0.12954820384967183,1.6989700043360187
-0.10741277915047998,0.13041656340544386,0.17399469256544275,0.13181283294650736,0.2077031384453547,0.14147590070990018,0.20411998265592482
-0.6874438373356702,0.13443920840394746,-0.734650684102288,0.14276093652363883,-0.4905484211089015,0.13340734115485808,0.0
-0.08361189776307132,0.13266473169619797,0.01112327369485877,0.13212440807733072,0.5050777531686383,0.14127592944676964,0.25527250510330607
0.6931503771745734,0.11883581637150947,0.6594903069752363,0.12097615473528857,0.6189908891340228,0.12790835412154875,0.414973347970818
-0.6060670073408527,0.14491518997552244,-0.6365376980577007,0.14132465104204456,-0.809779388333713,0.14183426591055606,-0.3010299956639812
-0.34623012685012733,0.14015590327518007,-0.5606176643374048,0.14108351157167057,0.016970662972978667,0.16173226283158207,-0.431798275933005
0.44665877238414664,0.14123871129781657,0.29175658289997153,0.13669218790863719,0.1308856031775567,0.1648650630445473,-0.5228787452803376
0.3791090328433413,0.13069495091492184,0.8560713388088196,0.12011301961848668,0.5623125146546406,0.12201405387564901,0.414973347970818
1.7376012789405852,1.0065483379630957,2.177649777788267,0.9689647561085656,1.6835228618610976,1.0064633886531895,2.2648178230095364
1.6474745945340217,1.0065446990258884,1.6484236065588826,1.0060332563918757,1.7269030445267781,1.0067352375264844,3.719082573901486
1.6853206189086893,1.006610358444377,1.6699657724986376,1.0070423740392818,1.6770385338123825,1.007072404763518,4.218902950862829
3.614536092887427,0.3078992170944252,3.65254454862748,0.2535583226453465,3.6924994464351677,0.33132102052866397,3.655234507034294
3.4922835648647137,0.14966420164865513,3.4360433555315284,0.1815077287729339,3.4773118462203243,0.3470875237625455,3.439332693830263
3.460724302970598,0.17161462702903696,3.499025654161141,0.12831080687412122,3.5204728376000127,0.2557359777765714,3.4933186082321015
3.6984323867783138,0.328636804655383,3.6870568977874734,0.15724698299647413,3.694718013705025,0.2938270569294565,3.7673785241141804
3.463368872787783,0.2818308263872754,3.389263807573397,0.13841526644549026,3.429669916103276,0.17505279250228395,3.554489160003819
3.347407362190387,0.15831644852784374,3.343549072688979,0.1544916264702261,3.379304165329727,0.16334132463139772,3.4000196350651586
3.3587633394075094,0.7436564293008043,3.723771479328901,0.35816482732057064,3.321594092682881,0.8333910883707628,3.6624745037503095
3.4495283560933174,0.1308884841680524,3.4508555491071813,0.11978388246267288,3.4510142417857095,0.11993309605886597,3.2942457161381182
3.4619374868351396,0.13081079387303884,3.401964136101113,0.11515122968030349,3.401652427918572,0.11669099259437797,3.4631461367263494
3.408849254029806,0.11228172429948036,3.4522590601304044,0.12363201186471745,3.3971225603304696,0.13165986790545434,3.5296869537729165
3.533470481807785,0.1254861956863265,3.4449916725352727,0.11417099570490723,3.4385892257291566,0.12678463560187572,3.5224442335063197
3.5403903141892066,0.12879076530712233,3.5292765412284415,0.12226937955594862,3.517647560485318,0.15556989679324984,3.374198257929083
3.434175223646361,0.13379428451081118,3.443256204127473,0.1318426452491272,3.4996420008542657,0.19116016709689004,3.5358002908248976
3.0899702269288634,0.9171383393029592,3.049603433709864,0.9219054611954282,3.0102163240835513,0.9400165912103268,3.5599066250361124
3.0962062384783793,0.732459585253185,2.680264985142741,0.9764339706558722,2.6632192719752417,0.9833200647682147,3.4410664066392633
0.32651531170766446,0.14059470345508482,0.3660333985078339,0.12898395670293006,0.44638312216137854,0.14723753729928615,-0.09691001300805639
0.24115142551113378,0.11807362885985405,0.2068933786305167,0.11571000666177397,0.3147132209057857,0.11846644484114931,0.0
0.3244495066618587,0.13857757145839986,0.44141090347356493,0.13210482156415163,0.3881896420040274,0.14830508896471037,0.04139268515822507
0.1502886195007993,0.1126363299164063,0.1495715400848221,0.11246296500243773,0.13572119869672705,0.11334930527702082,0.3010299956639812
0.3204661137430238,0.11380335933910565,0.21227435602977063,0.11102002367860028,0.24208140794158184,0.11329152925987145,0.47712125471966244
0.22837845977518345,0.13359096487229857,0.24382520302803767,0.12716565913960237,0.1819816090665527,0.1435122572485127,0.6020599913279624
0.48075156183549894,0.11005946315365889,0.3899975601810075,0.1136295298536306,0.3843801428643212,0.11444411950784247,0.5563025007672873
0.5104276764613154,0.14657937256049292,0.3576299113405741,0.13762659524043408,0.4345121499811708,0.1329803629722838,0.5910646070264992
1.15132204403998,0.8668671837013691,1.1588968296920286,0.780039851170645,1.172886209050342,0.8753405600513646,0.9571281976768131
0.9991347347172119,0.18092512651776319,0.6779876101017542,0.13197751770816582,0.9192819442505847,0.15065755763873717,0.7626785637274363
0.9508505309474701,0.8842993327989347,0.8484933756850898,0.6465326474544788,0.908427968195442,0.8480515454867232,0.6739419986340878
1.0491222238889513,0.4440437495684987,0.8059281311368894,0.17944302684681301,0.8938836574220096,0.22954067385484722,0.8808135922807914
1.11665820415093,0.8596288026820353,1.0726229674383099,0.859572572437851,1.0223025570127255,0.7839114606648514,1.2105860249051565
0.966175354408472,0.2607222240340428,0.8669870927068766,0.29847129666772537,0.9677931821879502,0.270070857316851,0.8715729355458788
0.877502663525563,0.844523650332753,0.8056609843260661,0.7373430776878315,0.8940742493550439,0.864524539521081,0.7803173121401513
0.9044958656077171,0.23244914671838357,0.8514483995885845,0.5162785505655437,1.055760183952636,0.4629467419568729,0.8750612633917001
-0.08795713748497613,0.12477108995039604,-0.07472566809429049,0.12589845458419996,-0.05458581733955792,0.140874399316134,0.0
-0.21782508484695962,0.13368514935775455,-0.13504092244826582,0.15419494184640303,-0.21488653007415115,0.13526871020159423,-0.22184874961635637
0.08084174509891495,0.12713698623024866,-0.019584917909297284,0.13432655363972487,-0.016396052020980267,0.1346568342760075,-0.3010299956639812
0.00396522385744591,0.1432938409844079,-0.024378956628512638,0.1307559745000097,0.0029351684387970423,0.14278632562852217,-0.3979400086720376
-0.08400240268214576,0.12576105435514304,-0.12955007856048462,0.12389730072276306,-0.14268871008752648,0.1270361070141015,-0.6989700043360187
-0.29903762149365254,0.1275848927671106,-0.2851937679135774,0.1267810009302503,-0.2907864235502655,0.1275039698509072,0.0
-0.05002843277435853,0.12815763123136184,0.06112836624741136,0.12059933246490778,-0.025640486580371658,0.12055535023507691,0.0
-0.1911393421196006,0.13419009155132652,-0.11847882216245864,0.12617356648236114,-0.12167247690979655,0.12627202227698253,-0.045757490560675115
-0.34175583885866523,0.12144789761982662,-0.3500605861055932,0.12213781419946185,-0.5617604488649643,0.13438378030012027,-0.22184874961635637
-0.20886058949829334,0.12721380561532242,-0.1372013475453855,0.14900141894275457,-0.21178778601274417,0.12678778990942166,-0.22184874961635637
0.16999580113268298,0.1231814017341832,0.19799692947981362,0.11645655473155897,0.1986803897267051,0.15521755320439204,0.3010299956639812
0.0437259242622734,0.12500722057969668,0.06677037375942851,0.1160323846826529,-0.11748047583229404,0.1481427194386783,0.2304489213782739
-0.17581147397084562,0.11697590841114329,-0.3137447553539703,0.12562513369274592,-0.30821808318188304,0.12443201538566144,0.146128035678238
-0.08598500433740508,0.12622493397856097,-0.1655356356520965,0.15504936529995103,-0.014996286645955648,0.17244002167775063,-0.09691001300805639
-0.19688161768678203,0.11774812872846813,-0.19416951302421248,0.11765474556399928,-0.19432848089636234,0.11791800583636973,-0.1549019599857432
0.5410779971834905,0.22789508452339124,0.440031956360609,0.18384053284419288,-0.017701210688139568,0.22979081036672297,0.47712125471966244
0.35931050853970614,0.13616510754722813,0.47741952585417935,0.1439986857127223,0.5804765329860673,0.22877128817503284,0.47712125471966244
0.27895842698518725,0.15927851402378135,-0.1182050533354988,0.14649237168888943,0.26396373604532264,0.1574258051477737,0.2304489213782739
-0.13709478280336862,0.19762856545492752,-0.06719567130505588,0.2463335246024552,-0.13071166869221673,0.20274061078293157,-0.1549019599857432
0.06340975820928563,0.2408037469776118,-0.1233384942208926,0.254073689368878,-0.04449398958487971,0.2848385886803544,-0.22184874961635637
0.37448398053041543,0.2464240433611854,0.3352964706644057,0.24473148816330323,1.477939307842293,0.7380783450527213,0.6020599913279624
0.9707688095077587,0.6608002595373109,0.8782263914657219,0.6314587168029042,0.9432657667164258,0.623152353459956,0.43136376415898736
0.4988864395013384,0.23591752339569047,0.4936506418571862,0.18066906051822745,1.4539993224566936,0.6528656497651772,0.25527250510330607
0.15197685184239673,0.6712602800802053,-0.07455873460392382,0.8500341245886563,0.11740480329883307,0.6449604522429134,-0.09691001300805639
0.3984157025623636,0.8693417994930014,-0.49660670515246164,0.515263145222008,-0.07362763465234257,0.7577704506880387,-0.1549019599857432
