validation,cluster,iid_seed,y_pred,y_std
ood,0,,"[-7.69291699e-01 -8.16263795e-01 -1.85532284e+00 -1.69104266e+00
 -1.59384894e+00 -1.62647200e+00 -1.53510165e+00 -1.46332169e+00
 -2.29649758e+00 -2.14066720e+00 -2.01477551e+00 -1.94156861e+00
 -1.89495754e+00 -1.92598486e+00 -1.97244453e+00 -2.04604173e+00
 -2.17162490e+00 -2.32760668e+00 -1.85646439e+00 -1.72930288e+00
 -1.56907594e+00 -1.86896157e+00 -1.74175358e+00 -1.58157301e+00
 -1.88545370e+00 -1.75819898e+00 -1.59808850e+00 -1.90781569e+00
 -1.78063107e+00 -1.62053216e+00 -1.93972826e+00 -1.81245041e+00
 -1.65224671e+00 -1.98618793e+00 -1.85900331e+00 -1.69882298e+00
 -2.05970359e+00 -1.93247223e+00 -1.77221036e+00 -2.18538570e+00
 -2.05799150e+00 -1.89793921e+00 -2.34117532e+00 -2.21404886e+00
 -2.05392075e+00 -1.86174035e+00 -1.87824416e+00 -1.90066457e+00
 -1.93247223e+00 -1.97893786e+00 -2.05252910e+00 -2.17826962e+00
 -2.17826962e+00 -2.08067393e+00 -2.33400083e+00  1.37999654e-01
  2.98284948e-01 -1.21808767e-01  3.84066105e-02 -3.51172090e-01
 -1.91090614e-01 -7.91968286e-01 -1.04152739e+00 -8.83024096e-01
 -1.13240862e+00 -9.32616830e-01 -9.65344727e-01 -9.04897094e-01
 -9.32407141e-01 -1.18180323e+00 -8.50622296e-01 -8.50622296e-01
 -1.10005331e+00 -1.10005331e+00 -5.12208581e-01 -6.84868813e-01
 -5.61411142e-01 -7.34164476e-01 -6.00772023e-01 -7.73612678e-01
 -5.03380239e-01 -5.63740551e-01 -6.37174547e-01 -6.75982177e-01
 -8.18587363e-01 -9.91375685e-01 -1.04056072e+00 -1.16628957e+00
 -1.25705421e+00 -1.32220721e+00 -1.48626614e+00 -1.39786577e+00
 -1.23378360e+00 -1.16911972e+00 -1.07778442e+00 -9.52078879e-01
 -1.39374280e+00 -1.41181874e+00 -1.68456697e+00 -1.84854436e+00
 -1.86959052e+00 -1.97932792e+00 -1.88731718e+00 -1.78846955e+00
 -1.81774998e+00 -1.97049952e+00 -1.87193155e+00 -1.99213958e+00
 -2.27368712e+00 -2.37224936e+00 -1.87452888e+00 -9.21494007e-01
 -9.18197870e-01 -2.66088414e+00 -2.66286397e+00 -2.66577578e+00
 -2.68997836e+00 -2.74428797e+00 -2.74600005e+00 -2.86436796e+00
 -2.86626649e+00 -3.14565325e+00 -3.14793634e+00 -8.63934755e-01
 -1.93271685e+00 -1.97935128e+00 -2.05309963e+00 -2.17860723e+00
 -2.33449578e+00 -7.11848915e-01 -6.63717926e-01 -5.20897269e-01
 -6.14323199e-01 -5.66273749e-01 -4.23540413e-01 -8.67720008e-01
 -8.19484234e-01 -6.77007079e-01 -7.70025432e-01 -7.21993446e-01
 -5.79265893e-01  1.71269178e-01 -7.44390488e-01 -7.09414721e-01
 -1.43457699e+00 -6.47056997e-01 -5.19662678e-01 -1.03501678e+00
 -9.01985347e-01 -6.85678244e-01 -7.64248550e-01 -9.63399708e-01
 -1.11929417e+00 -1.26378036e+00 -1.31063604e+00 -1.85665655e+00
 -1.90306377e+00 -1.97683549e+00 -2.10243607e+00 -2.25797534e+00
 -1.85069174e-01 -2.56826013e-01 -3.47998291e-01 -4.12976623e-01
 -5.76715231e-01 -2.44286489e+00 -2.11042595e+00 -2.08940339e+00
 -2.13242698e+00 -2.06838059e+00 -2.15697885e+00 -2.17909646e+00
 -2.13587475e+00 -2.11489844e+00 -2.25258851e+00 -2.18851876e+00
 -2.23050618e+00 -2.20955324e+00 -2.31427097e+00 -2.37822413e+00
 -2.33504891e+00 -2.35624647e+00 -2.47010708e+00 -2.49111795e+00
 -2.53404880e+00 -2.51173329e+00 -3.10739726e-01 -4.45261955e-01
 -3.84348422e-01 -5.18940568e-01 -5.09925842e-01 -6.44448042e-01
 -4.12534028e-01 -5.47196031e-01 -6.01074815e-01 -7.35480607e-01
 -5.03380239e-01 -6.38158679e-01 -6.65785253e-01 -8.00284207e-01
 -5.68509936e-01 -7.02939034e-01 -5.67764521e-01 -5.36678851e-01
 -5.58749795e-01 -1.23643911e+00 -1.29816794e+00 -1.43282986e+00
 -1.32754159e+00 -1.38916564e+00 -1.52372265e+00 -1.39255476e+00
 -1.45412052e+00 -1.58895731e+00 -1.45665956e+00 -1.51841164e+00
 -1.65279412e+00 -1.09470737e+00 -1.14139998e+00 -1.21489227e+00
 -1.34037638e+00 -1.49648046e+00 -8.19501638e-01 -8.93040478e-01
 -1.01848984e+00 -1.17482674e+00 -1.07733011e+00 -1.33890891e+00
 -6.91350281e-01 -7.37530470e-01 -6.63886786e-01 -7.17951953e-01
 -7.83139884e-01 -5.93725622e-01 -6.39963984e-01 -5.66401839e-01
 -6.20338857e-01 -6.85689926e-01 -5.05045772e-01 -6.31158888e-01
 -6.46480441e-01 -5.32063723e-01 -5.96485913e-01 -7.07926810e-01
 -5.66972554e-01 -7.78647065e-01 -6.06997311e-01 -6.50012374e-01
 -6.65898800e-01 -5.36492467e-01 -5.50084472e-01 -8.95087481e-01
 -5.35910130e-01 -5.38868487e-01 -5.35910130e-01 -6.10811651e-01
 -5.13408244e-01 -3.67198288e-01 -4.01638329e-01 -4.25770789e-01
 -4.09278721e-01 -3.48365188e-01 -3.05352986e-01 -3.06383759e-01
 -3.34685832e-01 -5.14421523e-01 -5.56397140e-01 -5.65825343e-01
 -1.53136301e+00 -1.48284197e+00 -1.37548041e+00 -1.32135701e+00
 -1.39495397e+00 -1.34878552e+00  4.39900219e-01  4.81931150e-01
  2.73622572e-01  3.25948000e-02  1.25013351e-01  4.32591736e-01
  3.45661819e-01  4.32591736e-01  2.22242117e-01  2.20716298e-01
  3.45661819e-01  2.46327937e-01  8.18148255e-02  1.29347444e-02
 -9.84508395e-02 -4.39048290e-01 -2.67488778e-01 -6.43225133e-01
 -1.32941604e-02 -9.54210758e-04 -9.54210758e-04 -9.86953974e-02
 -2.40613431e-01  5.78597963e-01 -2.33817458e-01 -3.41895312e-01
 -1.76974535e-01 -1.76974535e-01 -3.93581539e-01 -1.76974535e-01
 -3.22165370e-01 -1.76974535e-01 -3.26661110e-01 -1.76974535e-01
 -5.19106507e-01 -1.76974535e-01 -1.76974535e-01 -1.42453730e+00
 -1.39712048e+00 -1.54397678e+00 -1.54397678e+00 -1.54397678e+00
 -1.54397678e+00 -1.54397678e+00 -1.54397678e+00 -1.45571613e+00
 -1.42798471e+00 -1.57506251e+00 -1.57506251e+00 -1.57506251e+00
 -1.57506251e+00 -1.57506251e+00 -1.57506251e+00 -8.32639456e-01
 -7.53207266e-01 -9.14633989e-01 -1.03017163e+00 -9.58216786e-01
 -8.78854513e-01 -1.04026961e+00 -1.15562093e+00 -1.11423934e+00
 -1.03471398e+00 -1.19637358e+00 -1.31172490e+00 -8.84747863e-01
 -9.56562936e-01 -1.04767704e+00 -1.11239910e+00 -1.01512384e+00
 -8.66042852e-01 -8.38462889e-01 -8.98770809e-01 -8.66182625e-01
 -1.07554817e+00 -7.68534660e-01 -8.01379025e-01 -7.41106093e-01
 -7.68767595e-01 -9.78179693e-01 -1.60790098e+00 -1.95085555e-01
 -1.52206886e+00 -4.28106010e-01 -5.20959496e-02 -1.92296088e-01
  4.07818615e-01  4.00690734e-01  3.88100445e-01  3.71352136e-01
 -3.91027546e+00 -3.91027546e+00 -3.92278433e+00 -3.93928790e+00
 -3.99360919e+00 -4.11368942e+00 -4.39525414e+00 -2.08258212e-01
 -2.81960100e-01 -4.07397747e-01 -5.63629866e-01 -4.65865403e-01
 -3.90439779e-01 -2.55020708e-01 -8.75290513e-01 -7.40046203e-01
 -5.85520327e-01 -3.09557557e-01 -4.98593330e-01 -5.08027375e-01
 -5.39555669e-01 -7.37559557e-01 -1.50745201e+00 -1.31213260e+00
 -1.53646445e+00 -1.34115672e+00 -1.59038985e+00 -1.39529181e+00
 -1.71084261e+00 -1.51549995e+00 -1.99217463e+00 -1.79711151e+00
 -1.81166434e+00 -1.93726492e+00  8.97700846e-01  1.07797241e+00
  1.11961603e+00 -1.15733886e+00 -2.46165133e+00 -1.33504212e+00
 -1.37100792e+00 -1.41687369e+00 -1.43192148e+00 -1.51116729e+00
 -1.66311336e+00 -1.78494048e+00 -9.47105646e-01 -1.01848984e+00
 -1.10956895e+00 -1.17482674e+00 -1.33890891e+00 -7.47278929e-01
 -8.18896055e-01 -9.10161495e-01 -9.74930167e-01 -9.74930167e-01
 -9.75209713e-01 -9.75675583e-01 -9.75209713e-01 -9.75675583e-01
 -1.06744194e+00 -9.74930167e-01 -7.90174663e-01 -7.90174663e-01
 -8.77381206e-01 -1.13914633e+00 -1.63481128e+00 -2.95342445e-01
 -2.26159602e-01 -2.55370110e-01 -3.09388667e-01 -4.30027723e-01
 -7.11313188e-01 -1.97776151e+00  2.89462447e-01 -1.24537230e+00
  7.01030552e-01  6.72111213e-01  6.17603481e-01  4.97622430e-01
 -1.12010932e+00 -1.16673207e+00 -1.24037576e+00 -1.36592984e+00
 -1.52196407e+00 -1.42453730e+00 -1.15097380e+00 -1.19755578e+00
 -1.27140319e+00 -1.39686418e+00 -1.55301476e+00 -1.45550656e+00
 -1.03646100e+00 -1.68121266e+00 -1.77224541e+00 -2.23653913e+00
 -2.30150580e+00 -1.83724689e+00 -2.46554136e+00 -1.41694927e+00
 -1.50804019e+00 -1.97215343e+00 -1.57287288e+00 -2.03708506e+00
 -2.20147014e+00 -9.44558978e-02 -7.86470890e-01 -8.73729825e-01
 -1.12332392e+00 -8.58262718e-01 -9.45591509e-01 -1.19516230e+00
 -9.49225366e-01 -1.03664732e+00 -1.28607845e+00 -1.01423860e+00
 -1.10163736e+00 -1.35106826e+00 -9.16940033e-01 -1.00408244e+00
 -1.25372314e+00 -1.17825103e+00 -1.26557970e+00 -1.51510406e+00
 -9.18687105e-01 -9.51508164e-01 -8.90990615e-01 -9.18943286e-01
 -1.16805983e+00 -1.34984541e+00 -1.39753962e+00 -1.44452357e+00
 -1.46242476e+00 -2.97057450e-01 -2.43152469e-01 -5.05715430e-01
 -7.60847628e-01 -1.22133875e+00 -1.22133875e+00 -5.71857095e-02
  6.09219074e-03 -3.03931093e+00 -2.99862242e+00 -1.32884598e+00
 -1.47326803e+00 -1.57758975e+00 -2.55882621e-01 -3.46961707e-01
 -4.11974996e-01 -1.22057605e+00 -1.13646173e+00 -1.27106547e+00
 -1.20562124e+00 -1.12317252e+00 -1.03895354e+00 -1.17359209e+00
 -1.10804319e+00 -1.88011932e+00 -1.92659068e+00 -2.00042629e+00
 -2.12602139e+00 -2.28169441e+00 -1.14738655e+00 -1.04986668e+00
 -1.31151533e+00 -8.63177717e-01 -9.98189151e-01 -9.37019348e-01
 -1.07163477e+00 -1.06250358e+00 -1.19725871e+00 -1.15360594e+00
 -1.28824472e+00 -9.68862176e-01 -9.41538393e-01 -1.21866584e+00
 -1.35325801e+00 -8.71633410e-01 -8.44239831e-01 -1.00620222e+00
 -9.78948355e-01 -1.12116933e+00 -1.25574970e+00 -4.10356045e-01
 -2.59726077e-01 -2.59726077e-01 -5.09273589e-01 -7.05641091e-01
 -7.05641091e-01 -5.71002424e-01 -5.71002424e-01 -5.09273589e-01
 -9.55305099e-01 -8.20491672e-01 -7.58797765e-01 -5.56047738e-01
 -7.52391934e-01 -7.52391934e-01 -6.17636800e-01 -6.17636800e-01
 -5.56047738e-01 -1.00171816e+00 -8.67067814e-01 -8.05362284e-01
 -8.26093853e-01 -8.26093853e-01 -6.91268802e-01 -6.91268802e-01
 -6.29516661e-01 -6.29516661e-01 -1.07546663e+00 -9.40688133e-01
 -8.78924370e-01 -9.51531470e-01 -9.51531470e-01 -8.16636562e-01
 -8.16636562e-01 -7.55140662e-01 -1.20092750e+00 -1.06627715e+00
 -7.55140662e-01 -1.00452507e+00 -9.84259367e-01 -1.28950262e+00
 -9.55922365e-01 -1.23360896e+00 -1.13592601e+00 -9.53278542e-01
 -1.25866151e+00 -1.20291924e+00 -9.24883246e-01 -1.10557401e+00
 -1.10746086e+00 -1.10746086e+00 -9.72845376e-01 -9.72845376e-01
 -9.11139846e-01 -1.35689187e+00 -1.22215986e+00 -1.16054749e+00
 -9.11139846e-01 -9.75267947e-01 -1.28069758e+00 -1.22479212e+00
 -9.47105646e-01 -1.12723732e+00 -5.61451912e-01 -1.89652234e-01
 -9.47105646e-01 -1.01848984e+00 -1.10956895e+00 -1.17482674e+00
 -1.07733011e+00 -1.33890891e+00 -1.38904905e+00 -1.19328713e+00
 -3.26055437e-01 -1.31260276e-01 -2.18763769e-01 -3.10471833e-01
 -1.82879537e-01 -1.03307545e-01 -2.89309323e-01 -2.61706054e-01
 -3.80854338e-01 -1.57116473e-01 -3.42885286e-01 -3.15421790e-01
 -4.34663236e-01 -2.28978127e-01 -4.14746970e-01 -3.87143701e-01
 -5.06198764e-01 -3.20266902e-01 -5.05942583e-01 -4.78013158e-01
 -5.97347796e-01 -3.84977341e-01 -5.70629716e-01 -5.43212771e-01
 -6.62477553e-01 -2.87562281e-01 -4.73261237e-01 -4.45797712e-01
 -5.64969301e-01 -3.63908023e-01 -2.03043485e+00 -1.96152568e+00
 -1.09721148e+00 -1.33165288e+00 -1.35807395e+00 -6.44255877e-01
 -5.13152003e-01 -9.47300673e-01 -9.76327777e-01 -1.03055310e+00
 -1.15066516e+00 -1.43226504e+00 -1.59621334e+00 -5.75381637e-01
 -4.77896690e-01 -9.36131299e-01 -9.83304322e-01 -1.06731379e+00
 -4.93818074e-01 -2.59085506e-01 -5.05057395e-01 -2.70301491e-01
 -5.28263927e-01 -2.93438196e-01 -5.82276642e-01 -3.47532421e-01
 -7.02659488e-01 -4.67950225e-01 -8.28108788e-01 -5.93329608e-01
 -9.84305978e-01 -7.49526799e-01 -1.14810872e+00 -1.51109743e+00
 -1.31283140e+00 -1.24653697e+00 -1.20293665e+00 -1.05043733e+00
 -1.02190816e+00 -1.24653697e+00 -1.36573195e+00 -1.13328791e+00
 -7.45630920e-01 -1.49795961e+00 -1.58915520e+00 -1.34056282e+00
 -1.10841584e+00 -1.05233574e+00 -9.41678166e-01 -1.04053748e+00
 -2.08223283e-01 -1.34474814e-01 -1.88644737e-01 -1.61775261e-01
 -6.28111362e-02 -3.55207771e-01 -3.55207771e-01 -2.15327919e-01
 -1.61355942e-01 -2.34964669e-01 -1.88807845e-01 -8.99718404e-02
 -2.10299516e+00 -2.16569090e+00 -2.25548291e+00 -2.33835673e+00
 -2.47502804e+00 -6.02721572e-02 -2.45994329e-01 -1.58391833e-01
 -2.18361944e-01 -2.43094236e-01 -5.74185848e-02 -2.15875328e-01
 -1.55870289e-01 -4.12132204e-01 -1.76734185e+00 -3.15957546e-01
 -2.88505673e-01 -3.59237611e-01 -5.04917622e-01 -6.85270607e-01
 -6.57737195e-01 -7.28469133e-01 -4.90358949e-01 -6.70525551e-01
 -6.43143594e-01 -7.13793993e-01 -1.21360362e-01 -1.59539044e-01
 -1.95038944e-01 -3.18302512e-02 -2.30154485e-01 -2.52551585e-01
 -5.94156504e-01 -5.94156504e-01 -4.83289242e-01 -3.86112928e-01
 -2.09211707e+00 -2.16110182e+00 -4.22958046e-01 -4.76732016e-01
 -5.48616946e-01 -6.39521420e-01 -7.12524474e-01 -7.66636193e-01
 -7.04581261e-01 -7.86517501e-01 -8.68581891e-01 -9.41445231e-01
 -9.57331657e-01 -1.03031135e+00 -9.72868681e-01 -1.59062278e+00
 -1.38244522e+00 -1.39570522e+00 -1.18758595e+00 -1.46238995e+00
 -1.46969831e+00 -1.24788809e+00 -1.63721061e+00 -1.64453650e+00
 -1.42263889e+00 -9.74545836e-01 -9.81766939e-01 -7.59845972e-01
 -7.71807432e-01 -7.79110074e-01 -5.57235718e-01 -1.23152411e+00
 -1.00962639e+00 -5.57282329e-01 -9.95108485e-01 -1.27638817e+00
 -2.78466797e+00 -2.79999518e+00 -2.71580529e+00 -2.79729319e+00
 -2.81257391e+00 -2.72861695e+00 -2.86815310e+00 -2.88320112e+00
 -2.79913354e+00 -3.00351405e+00 -2.98820996e+00 -2.91906214e+00
 -3.26981544e+00 -3.28483438e+00 -3.20076680e+00]","[0.5429642  0.6100417  0.727906   0.7251489  0.7159662  0.73346037
 0.7395112  0.74381244 1.0719813  1.0662639  1.0669708  1.0682403
 1.0693421  1.0306545  1.0292572  1.0275042  1.0259918  1.0309681
 1.0334042  1.0563408  1.0392867  1.032928   1.055854   1.0387499
 1.0323573  1.0552684  1.0380962  1.0316533  1.0545431  1.0372865
 1.030794   1.0536414  1.0362593  1.0297463  1.0525274  1.034964
 1.028624   1.0512694  1.0334104  1.0283964  1.0507272  1.0323582
 1.0355355  1.0572828  1.0380274  1.0185441  1.017902   1.0171096
 1.0161153  1.0148742  1.013434   1.0126963  1.0126963  1.0199031
 1.019797   0.5715538  0.5687905  0.5659719  0.553023   0.6177412
 0.59878147 0.43153825 0.43116418 0.4283439  0.4306326  0.42919168
 0.43059707 0.44186917 0.4524285  0.4329692  0.4646827  0.4646827
 0.44791192 0.44791192 0.5612646  0.5235533  0.554648   0.517055
 0.5334914  0.49387333 0.517072   0.5108126  0.5089265  0.4873427
 0.5872344  0.5514201  0.8803942  0.87379676 0.8687037  0.8615578
 0.8602333  0.767636   0.75561094 0.76254827 0.7680031  0.7749988
 0.6276145  0.6113764  0.74033463 0.7480363  0.809579   0.87116295
 1.1325232  1.0603206  1.0600263  1.1318818  1.0598129  1.0605843
 1.0716435  1.1396503  0.71409476 0.5321425  0.60029036 1.3657156
 1.3227904  1.322727   1.365229   1.3646371  1.3213531  1.3644418
 1.320596   1.3724571  1.3262285  1.188517   1.1336886  1.1320527
 1.1297554  1.1265941  1.1238037  0.35722476 0.3544048  0.35552034
 0.36299318 0.35942715 0.3580027  0.3657089  0.3627785  0.36332512
 0.37111324 0.36745062 0.3655225  0.9298256  1.010419   1.0142527
 0.79690015 0.9982977  0.8353396  1.0201689  0.747096   0.9972958
 0.99592793 0.9960941  1.0060188  0.6843604  0.6922099  1.0138257
 1.0125946  1.0111301  1.0101749  1.0159291  0.81156963 0.8154909
 0.8231963  0.8370675  0.8293506  1.2111443  1.107221   1.1086063
 1.1014849  1.1104116  1.1062801  1.100579   1.1076548  1.1094533
 1.0995975  1.1083788  1.1052352  1.1065931  1.1078922  1.0993398
 1.1061435  1.1048189  1.1132101  1.1115716  1.1052141  1.1103482
 0.55171096 0.6476261  0.54983276 0.6451542  0.54856044 0.6425667
 0.52542394 0.62348956 0.5490344  0.64208454 0.5256639  0.62277895
 0.55146134 0.6449472  0.52827984 0.6258026  0.67016464 0.5428045
 0.6576648  0.73723483 0.71417207 0.7368385  0.7377768  0.7120875
 0.7340392  0.7403027  0.71062094 0.733308   0.7423223  0.7125757
 0.74165934 1.083303   1.0812963  1.078317   1.0733503  1.0617361
 0.47740063 0.4704434  0.4593517  0.44121915 0.44119075 0.45654503
 0.4751654  0.47265092 0.48508543 0.4990493  0.46580294 0.47217783
 0.46685094 0.47877198 0.49374658 0.4726725  1.0006998  0.9944906
 0.823149   0.82918566 1.059721   1.0520291  1.0905362  1.0270555
 1.0529089  1.1148409  1.1058168  1.1209975  1.1155376  1.0810055
 1.1213056  1.1203289  1.1213056  0.861273   0.862563   0.5313682
 0.534444   0.5394714  0.54737157 0.5583873  0.57171685 0.58677304
 0.60813624 0.61283237 0.68204683 0.56490344 0.9876624  0.99034506
 0.9983702  1.0147454  1.0243247  1.0332041  0.677749   0.72036105
 0.74663967 0.6363074  0.6412528  0.611594   0.6577388  0.611594
 0.63894415 0.6249677  0.6577388  0.7891325  0.78457683 0.85883623
 0.77790934 0.77707803 0.8532268  0.8479441  0.7865246  0.7658102
 0.7658102  0.8547785  1.1305053  0.74796134 0.572784   0.6083413
 0.7681727  0.7681727  0.8120848  0.7681727  0.76165026 0.7681727
 0.78109944 0.7681727  0.7892353  0.7681727  0.7681727  0.7415193
 0.72472864 0.68840885 0.68840885 0.68840885 0.68840885 0.68840885
 0.68840885 0.69857305 0.689296   0.6632915  0.6632915  0.6632915
 0.6632915  0.6632915  0.6632915  0.45755142 0.45246744 0.44108567
 0.53116655 0.4512021  0.44681954 0.43657392 0.52806824 0.4538089
 0.4515185  0.4454143  0.5345949  0.5981555  0.59793997 0.5995198
 0.606032   0.61779004 0.48324573 0.44528627 0.45619553 0.43720856
 0.43486062 0.47745693 0.4468247  0.43528265 0.42764184 0.4405997
 0.7596624  0.50849813 0.61038893 1.0676059  0.7297414  0.7348536
 1.3033724  1.3032084  1.3029394  1.3026251  0.9047358  0.9047358
 0.9046537  0.9045979  0.90480286 0.9073115  0.93385607 0.6603371
 0.6577917  0.65442634 0.646425   0.6435884  1.01266    1.0077126
 1.1208073  1.1298078  0.7066899  0.56929    0.67985696 0.58992547
 1.037347   0.88074285 0.69881725 0.724941   0.69817865 0.7241481
 0.69755805 0.72322553 0.6984768  0.72333    0.721648   0.7433772
 0.55316883 0.5153555  1.3359426  1.3598818  1.4037558  0.82350945
 1.3505682  1.5919749  1.5911702  1.5903255  1.5900797  1.5890343
 1.5880021  1.5879264  0.46560478 0.4593517  0.45095748 0.44121915
 0.45654503 1.0327861  1.0298598  1.0263835  1.0239339  1.0239339
 1.0298814  1.0288409  1.0298814  1.0288409  1.0243499  1.0239339
 1.063975   1.063975   1.0119708  1.0346175  0.9181745  0.81862175
 0.8111319  0.8097313  0.8075369  0.8037811  0.7982234  0.91546834
 1.4561154  1.6384091  1.3848943  1.3844957  1.3840495  1.3841574
 1.0251906  1.0241992  1.0231285  1.0227649  1.0285434  1.0202444
 0.99933845 0.9980617  0.99651396 0.9953332  1.000279   0.99204874
 1.2313068  1.2684379  1.2679237  1.2898493  1.2925633  1.2685124
 1.2944875  1.3079177  1.3079226  1.3079545  1.3094586  1.3115945
 1.3156695  1.3385155  0.50287193 0.44754842 0.48401082 0.50011295
 0.44246688 0.48094994 0.4977841  0.43625835 0.47765112 0.49904186
 0.43081993 0.4748062  0.54059696 0.47282645 0.49408734 0.52233857
 0.44459116 0.47084633 0.42882636 0.4302146  0.4412118  0.45144045
 0.43196458 0.8404098  0.83673173 0.8321441  0.8268158  1.0745454
 1.109659   1.4136755  1.7554815  1.5438908  1.5438908  1.077168
 1.3707321  2.0480673  2.0462115  0.49031255 0.48882753 0.49347413
 0.75530475 0.7493443  0.74348015 0.50226575 0.44269314 0.62700766
 0.45658666 0.5071166  0.44257376 0.62748075 0.45867285 1.0217916
 1.0204192  1.0187143  1.0172964  1.0227994  0.43920207 0.4392443
 0.45479277 0.5000916  0.5603204  0.4966231  0.55621994 0.4929505
 0.55118376 0.49222663 0.5495004  0.55968535 0.54324937 0.494949
 0.55286115 0.5851525  0.5665852  0.6159048  0.62716067 0.5048357
 0.56234825 1.4792904  1.1024591  1.1024591  0.6125432  0.60095733
 0.60095733 0.5311081  0.5311081  0.6125432  0.57030475 0.47088867
 0.60714734 0.61008424 0.59700793 0.59700793 0.52728796 0.52728796
 0.61008424 0.566793   0.46736613 0.6052719  0.5912554  0.5912554
 0.5218359  0.5218359  0.6068639  0.6068639  0.56188303 0.4626126
 0.6030969  0.5827625  0.5827625  0.51408535 0.51408535 0.60335445
 0.55531055 0.45673084 0.60335445 0.60175073 0.5808777  0.6648235
 0.65319455 0.5540383  0.5644617  0.5084398  0.61534595 0.45430925
 0.49204764 0.46599498 0.57861114 0.57861114 0.5094947  0.5094947
 0.607394   0.5548336  0.45628697 0.609345   0.607394   0.62093276
 0.65796083 0.6181854  0.6655477  0.64625144 1.3269372  1.2245551
 0.46560478 0.4593517  0.45095748 0.44121915 0.44119075 0.45654503
 1.0152675  0.753742   0.8549271  0.89819723 0.7986275  0.76782554
 0.908777   0.74502647 0.71206987 0.71922994 0.651384   0.74041104
 0.7068828  0.7143304  0.647071   0.7341674  0.6997442  0.70761704
 0.64138293 0.7256289  0.6896276  0.69812554 0.6338184  0.717162
 0.6783453  0.6876184  0.6263943  0.7163521  0.6733563  0.6803015
 0.62841254 0.79860026 0.55861723 0.51477396 0.6511882  0.51395184
 0.9441295  1.3245192  1.310008   0.944049   0.9430721  0.9416757
 0.94008344 0.9461679  0.9502486  0.8552709  0.86524934 0.85773253
 0.90900093 0.87923485 1.6929996  1.7077848  1.6928477  1.7076749
 1.6925787  1.707492   1.6921576  1.7072682  1.6920946  1.7076913
 1.6934041  1.7096447  1.7002765  1.7179565  1.7034514  1.6649178
 1.8276856  1.524292   1.4920726  1.4985422  1.5005088  1.524292
 0.7017881  1.0436164  1.2020025  0.83515203 0.8323597  1.2434661
 1.2302365  1.2547647  1.247212   1.2284819  1.2184259  1.215931
 1.2020407  1.2179775  1.2293311  1.188751   1.188751   1.2091136
 1.2199711  1.2207484  1.2198297  1.2314957  1.2875412  1.2844378
 1.2804133  1.2767996  1.27053    1.0851479  1.0676272  1.0884875
 1.0757887  1.0649072  1.0802237  1.0701904  1.0807678  1.0475668
 0.67459875 1.1806462  1.1986816  1.1879418  1.4115043  1.3881494
 1.4078518  1.3831383  1.5788143  1.5533648  1.5727866  1.544625
 0.78952664 0.7839922  0.7794801  0.8135355  0.7764906  0.7728281
 1.2845111  1.2845111  0.8958733  0.88612366 1.4292426  1.4425514
 0.8158445  0.81560296 0.8158547  0.8171699  0.9080205  0.9083146
 0.8193369  0.9054074  0.80644524 0.890028   0.8849036  0.9613408
 0.89376384 0.5509675  0.60170376 0.5568098  0.56415766 1.34924
 1.316447   1.398749   1.4707019  1.4047278  1.4988861  1.4377776
 1.370733   1.4700948  1.4667999  1.4004041  1.493469   1.3882041
 1.4809545  1.4934736  0.4998848  0.5280621  0.5846768  0.59844375
 0.5360552  0.5840095  0.59791356 0.5351852  0.58116263 0.59579426
 0.5312356  0.5947599  0.57896924 0.52712    0.59256905 0.6092964
 0.531616  ]"
ood,1,,"[-6.30429506e-01 -1.37197733e+00 -1.04858720e+00  4.39287901e-01
  6.02070212e-01  7.85934091e-01  1.76908553e-01  3.39991450e-01
  5.23855329e-01 -4.44295406e-02  1.18583143e-01  3.02226663e-01
 -5.80831289e-01 -5.80831289e-01 -7.53593266e-01 -7.53593266e-01
 -3.63551199e-01 -3.63551199e-01 -5.36453485e-01 -5.36453485e-01
 -1.87142015e-01 -1.87142015e-01 -3.60304773e-01 -3.60304773e-01
 -5.19359589e-01 -5.55410981e-01 -6.13896728e-01 -1.68615341e-01
 -3.02019417e-01 -3.37960571e-01 -3.96506429e-01  4.86947894e-02
 -3.87181640e-02 -1.18065858e+00 -3.99532408e-01  5.52391768e-01
 -5.45361102e-01 -5.52455127e-01 -5.80811262e-01 -3.28030884e-01
 -3.35064828e-01 -3.63320768e-01 -1.51521504e-01 -1.58615589e-01
 -1.87172115e-01 -3.71150374e-02 -4.43293452e-02 -7.27054477e-02
 -6.26962602e-01 -6.34016573e-01 -6.62312567e-01 -6.85939372e-01
 -6.93013370e-01 -7.21469700e-01 -4.68488932e-01 -4.75502789e-01
 -5.04019260e-01 -2.92199969e-01 -2.99614668e-01 -3.27910662e-01
 -1.84907615e-01 -1.77753448e-01 -2.13444114e-01 -7.91047394e-01
 -8.19623947e-01  5.84741235e-02  1.12400889e-01 -5.39188862e-01
 -4.85743076e-01  9.78019834e-02 -2.52050519e-01 -7.57315159e-02
  7.77022243e-02  3.87250781e-02  3.87250781e-02  3.87250781e-02
 -3.25996906e-01 -3.49307656e-02  1.05296850e-01  1.89659595e-02
  3.42862606e-02 -3.26762795e-02  1.43128633e-03 -9.92279649e-02
 -1.32446325e+00 -1.33592594e+00 -1.35043466e+00 -1.37001348e+00
 -1.39726734e+00 -1.39762807e+00 -1.32420278e+00 -1.39762807e+00
 -1.33592594e+00 -1.32420278e+00 -1.35009408e+00 -1.33592594e+00
 -1.37029397e+00 -1.35009408e+00 -1.35009408e+00 -6.18786454e-01
 -6.95057392e-01 -4.04261768e-01 -3.27890605e-01 -7.13227987e-02
 -1.26972914e-01 -3.94171834e-01 -5.34860313e-01 -2.71719396e-01
 -1.95729017e-01 -2.53182769e-01 -3.81677061e-01 -4.39271122e-01
 -4.57978129e-01 -2.30297446e-01 -4.27227288e-01 -5.02897024e-01
 -5.84278107e-01 -6.43355072e-01 -7.41589487e-01 -3.06748748e-01
 -2.87691057e-01 -5.20251393e-01 -1.59131289e-02 -2.29215324e-01
  3.08448076e-03  3.61900330e-02  5.54882288e-02 -1.77072108e-01
  4.46392059e-01 -3.37960571e-01 -3.58771741e-01 -4.19602156e-01
 -4.40313160e-01 -4.78699148e-01 -4.99329984e-01 -1.06084144e+00
 -8.43771756e-01 -6.32238030e-01 -6.69712245e-01 -7.08809614e-01
 -7.50737607e-01 -6.85814083e-01 -4.14807677e-01 -4.52191681e-01
 -5.56688547e-01 -4.91664797e-01 -5.94302952e-01 -6.33645833e-01
 -5.33547699e-01 -6.75293267e-01 -4.68483925e-01 -6.10454917e-01
 -4.19852674e-01 -2.56328940e-01 -5.65541029e-01 -6.54897928e-01
 -4.99871045e-01 -6.41431272e-01 -3.84422511e-01 -5.01013279e-01
 -8.28722000e-01 -6.53956056e-01 -5.90069592e-01 -6.55098319e-01
 -4.37788159e-01 -6.37723923e-01 -4.06045318e-01 -6.40128672e-01
 -4.22838569e-01 -4.19852674e-01 -6.37142777e-01 -6.37142777e-01
 -1.08376145e-01 -6.79426432e-01 -4.61895883e-01 -6.96740746e-01
 -5.20491838e-01 -4.06045318e-01 -3.61016184e-01  6.74719810e-02
  3.11805606e-01 -1.83578730e-02  3.81138325e-02  2.25875497e-01
  1.89022541e-01  1.32420480e-01  1.59794748e-01  2.40875125e-01
  4.58285570e-01  3.49876285e-02  2.52327800e-01  4.28546667e-01
 -7.88722813e-01 -6.12473965e-01  2.81541944e-02  2.45579600e-01
  4.21820879e-01  5.36314964e-01 -5.62515020e-01 -2.71819651e-01
 -8.06578159e-01 -5.89408278e-01 -4.13049191e-01  1.62850738e-01
  7.74316788e-02  1.03683650e-01  9.94152427e-02  3.24326754e-02
  6.63898587e-02 -3.94903272e-01 -4.42717910e-01 -4.71710294e-01
 -4.99219745e-01 -1.09835565e+00 -2.25417793e-01 -1.77688301e-01
 -2.54465282e-01 -2.81714201e-01 -3.39969546e-01 -8.81060600e-01
 -3.87774140e-01 -4.16741520e-01 -4.44376200e-01 -1.04334176e+00
 -1.13336504e+00 -2.75997877e-01  2.48189688e-01  4.36923265e-01
 -3.77579546e+00 -3.77579546e+00 -3.50457859e+00 -3.50457859e+00
 -2.65947998e-01 -4.85176444e-02  8.80181789e-04  2.00615525e-01
 -1.25945461e+00 -1.05977929e+00  1.75155103e-01 -1.41221106e-01
 -6.99900985e-02 -2.92530656e-01 -2.91338265e-01 -7.13093102e-01
 -4.70532984e-01 -7.42912114e-01 -5.00311911e-01 -7.98742652e-01
 -5.55861831e-01 -9.30202842e-01 -6.87362194e-01 -1.20691061e+00
 -9.63789344e-01 -6.15640163e-01 -1.37463689e-01 -5.40085435e-02
 -3.41738045e-01  4.66581941e-01 -3.22039008e-01 -3.01117599e-01
  2.41225839e-01  2.41225839e-01  2.41225839e-01 -9.57476854e-01
 -7.40086555e-01 -5.63577175e-01 -6.53455079e-01 -4.36104834e-01
 -2.59675562e-01 -6.15980864e-01 -3.48210871e-01 -4.94119644e-01
 -5.54899931e-01 -5.49769819e-01 -3.73300523e-01 -1.97186887e-01
 -8.27704072e-02 -4.33755159e-01 -2.57391095e-01 -1.42849326e-01
 -5.09440005e-01 -3.33146036e-01 -2.18644381e-01 -6.50028288e-01
 -4.73709255e-01 -3.59245181e-01 -2.32622027e-01 -1.67595911e+00
 -3.68531078e-01 -1.81176782e+00 -5.09169459e-01 -1.95256650e+00
 -6.07283652e-01 -2.05062056e+00 -1.09416747e+00 -1.28021574e+00
 -1.05555093e+00 -8.61717284e-01 -1.08184302e+00 -1.05809605e+00
 -6.72312379e-01 -7.91307926e-01 -9.64270294e-01 -4.84360337e-01
 -5.65741420e-01 -6.01652503e-01 -6.25159025e-01 -7.31709957e-01
 -6.73955619e-01 -4.90021557e-01  2.82858253e-01 -4.97806966e-01
 -8.37799966e-01  7.26776958e-01  6.84914112e-01  2.59411931e-01
  4.35620666e-01  1.06288791e-01  7.95959830e-02  3.23578954e-01
  2.96906114e-01  4.23636913e-01  5.00028253e-01  4.73355412e-01
  5.38163662e-01  5.87641597e-01  5.82792044e-01  6.32510424e-01
 -1.03841710e+00 -9.81183767e-01 -1.00182462e+00 -1.00797677e+00
 -8.21146965e-01 -7.63673246e-01 -7.84434319e-01 -7.90606558e-01
 -9.97896850e-01 -7.62150228e-01 -4.71114129e-01 -4.19231415e-01
 -7.58302569e-01 -8.35094571e-01 -7.79244065e-01 -8.55935872e-01
 -9.31585610e-01 -9.52186346e-01 -5.61793625e-01 -6.38485432e-01
 -7.14075029e-01 -7.34695852e-01 -1.01697469e+00 -7.99604356e-01
 -6.23155057e-01 -1.08107150e+00 -8.63581002e-01 -6.87432289e-01
 -1.09161234e+00 -8.74191999e-01 -6.97742701e-01 -6.63129091e-02
  2.24522829e-01  2.76806355e-01 -1.06993377e-01  1.83742166e-01
  2.36065745e-01 -1.06084144e+00  3.84840250e-01  2.65103102e-01
  4.66161132e-01 -9.41384971e-01 -1.01763594e+00 -1.10400689e+00
 -1.01763594e+00 -9.41384971e-01 -1.10400689e+00  6.23051643e-01
  1.79076302e+00 -7.96357930e-01 -5.07846832e-01 -5.51302850e-01
 -6.28124893e-01 -6.05039239e-01  2.21797466e-01  4.22464609e-01
  4.05661345e-01  1.42139792e-01 -3.64823729e-01 -8.82663131e-02
  1.43382192e-01  2.04563260e-01  1.94242954e-01 -7.93686509e-02
  6.43011093e-01  8.51543903e-01  6.26177907e-01  8.75471354e-01
 -1.74780130e+00 -6.67522907e-01 -7.84975410e-01 -7.20628023e-01
 -6.48805857e-01 -1.34918213e+00 -2.68953979e-01 -3.86366367e-01
 -3.22119176e-01 -2.50196815e-01 -7.32521534e-01  3.47746730e-01
  2.30334401e-01  2.94521451e-01  3.66503954e-01 -1.21972597e+00
 -1.91168559e+00 -1.08725369e+00 -1.51807654e+00 -8.26016605e-01
 -6.93614542e-01 -6.14087105e-01 -3.59513223e-01 -4.95402187e-01
 -5.76783299e-01 -6.35920346e-01 -5.80851316e-01 -4.04722720e-01
 -7.34014511e-01 -2.19516098e-01 -5.19509912e-01 -5.00652552e-01
 -4.43078637e-01 -6.05640411e-01 -6.06421947e-01 -7.66779363e-01
 -7.25337327e-01 -2.89989710e-02  8.73571634e-03 -3.42894793e-02
 -3.44092697e-01 -4.95472342e-01 -4.26195204e-01 -1.93494618e-01
 -2.19696462e-01 -3.02600563e-01 -7.07216263e-02 -2.60932446e-02
 -4.84019667e-01 -4.84019667e-01  7.93755651e-02  2.55484104e-01
  3.21995735e-01 -1.47989082e+00 -1.26240039e+00  7.62808323e-01
  7.06246376e-01  1.16110682e+00  7.93899894e-01  1.10476530e+00
  7.37317920e-01 -1.70574796e+00 -1.00879848e+00 -7.49364913e-01
 -8.91716659e-01 -9.77556586e-01 -1.64665103e+00 -8.32309067e-01
 -9.49470997e-01 -6.90297961e-01 -9.18419540e-01 -1.52945900e+00
 -7.15317488e-01 -8.32449377e-01 -5.73136091e-01 -8.01407933e-01
 -1.46287727e+00 -6.48765802e-01 -5.06684542e-01 -7.65997827e-01
 -7.34796047e-01 -1.41495240e+00 -6.00690603e-01 -4.58609343e-01
 -7.17892587e-01 -6.86881185e-01 -8.48721564e-01 -9.30162787e-01
 -1.16568899e+00 -1.10667217e+00 -9.89420056e-01 -9.89420056e-01
 -9.22908425e-01 -8.74853313e-01 -8.44954133e-01 -1.08759439e+00
  3.46068740e-02  2.11156368e-01 -4.91785049e-01 -3.08181643e-01
 -4.45222855e-01 -3.30776334e-01 -2.85967648e-01 -4.56044316e-01
 -3.41617823e-01 -2.96748996e-01 -4.81113940e-01 -3.66246521e-01
 -3.21538031e-01 -5.03117442e-01 -3.88530642e-01 -3.43762040e-01
 -5.29629946e-01 -4.14962947e-01 -3.70254487e-01 -4.42290902e-02
  1.32220149e-01 -1.32973373e+00 -1.35627627e+00 -1.33943295e+00
 -1.97422385e-01  1.69984877e-01 -1.11352026e-01 -8.83971334e-01
 -5.16604185e-01 -7.97870934e-01  3.29330325e-01  3.29029679e-01
  3.28729153e-01  3.28308225e-01 -6.04812503e-02 -1.16171539e-01
 -2.47431397e-01 -3.05220485e-02 -3.83340389e-01 -5.23998797e-01
  1.07597113e-02  1.72920704e-01  1.56007230e-01 -2.94198394e-02
  1.32901490e-01  1.00397170e-01  5.02979755e-02 -1.11903071e-01
 -3.10831070e-02 -1.67132378e-01 -3.29573929e-01 -3.07510316e-01
  4.13416743e-01  6.30626678e-01  8.07156086e-01  3.73477697e-01
  5.91088414e-01  7.67317295e-01  2.91074634e-01  5.08404732e-01
  6.84753895e-01  1.05527341e-01  3.22937608e-01  4.99146461e-01
 -5.03411889e-02  1.67129219e-01  3.43478322e-01 -2.05107570e-01
  1.25232339e-02  1.88711882e-01 -3.83500695e-01 -1.66210592e-01
  1.01485252e-02 -1.21110892e+00 -8.34373176e-01 -5.91572583e-01
 -9.68368411e-01 -5.26804328e-01 -6.28525734e-01  3.80938053e-02
 -6.89245939e-01 -7.90646613e-01 -1.24107242e-01 -3.50535452e-01
 -4.52256799e-01  2.14462876e-01 -5.13137341e-01 -6.14678323e-01
  5.21416068e-02  5.05018115e-01  4.67584014e-01  3.67004871e-01
  6.45987034e-01  5.69094896e-01  4.94006157e-01  4.03837800e-01
  2.38640785e-01  2.38370299e-01  4.00962114e-01  2.32137918e-01
  1.41498506e-01  3.02106380e-01  1.43362164e-01  1.47520363e-01
  1.66227460e-01  1.89413309e-01  1.96156740e-01  2.01537371e-01
  3.69239330e-01  3.34891319e-01]","[0.75967306 0.49294606 0.41195697 0.791323   0.8172887  0.84479266
 0.78638107 0.78543276 0.8012716  0.7509747  0.79207665 0.8227703
 0.42410344 0.42410344 0.40364632 0.40364632 0.5004691  0.5004691
 0.4716948  0.4716948  0.50373864 0.50373864 0.48637152 0.48637152
 0.5788199  0.58254594 0.5909839  0.52278984 0.66421664 0.66946363
 0.67863446 0.5736493  1.3882322  1.3929796  1.5093168  0.7611461
 0.50268626 0.49975178 0.49935335 0.60084146 0.59871936 0.5994015
 0.64180946 0.64004374 0.64143884 0.7694474  0.7679095  0.768888
 0.49573892 0.49275795 0.4923682  0.49167588 0.48860824 0.48806345
 0.58607554 0.5838411  0.5844233  0.6178715  0.6159816  0.6173225
 0.74368215 0.74531865 0.74460167 0.53185606 0.5295679  0.9350122
 0.9364829  0.71628356 0.72260654 1.113884   0.9878493  1.0071943
 1.1069553  1.0971236  1.0971236  1.0971236  1.0666965  1.0830852
 1.1186842  1.0885652  1.0904702  1.0881579  1.1143444  1.2479178
 0.9817052  0.981124   0.9804093  0.9795162  0.97836995 0.9783612
 0.981719   0.9783612  0.98110855 0.981719   0.9804247  0.98110855
 0.97951055 0.9804247  0.9804247  0.9344668  0.9450861  1.0505437
 1.0449202  0.9099937  0.90780395 0.9014681  0.9060127  1.1135805
 1.0564315  1.1380451  1.0459859  1.1187364  1.0955021  1.0613885
 0.8428191  0.84015507 0.83703417 0.8335535  0.83203423 1.4119276
 1.4056562  1.4632236  1.4491723  1.4974871  1.4611216  1.6644919
 1.6767962  1.713656   1.1210032  0.46725136 0.4442402  0.46627876
 0.44526327 0.4691541  0.45406422 0.34797296 0.43418238 0.48139605
 0.4784089  0.48305222 0.50146186 0.46571973 0.5655729  0.56502295
 0.47897837 0.57374334 0.4749916  0.48388186 0.59507257 0.50882936
 0.5677204  0.5089056  1.1077931  0.99317443 0.9811805  0.8892384
 0.8047541  1.0528076  1.0277262  1.0770873  1.0393182  1.0334822
 1.0784192  1.0802721  1.1028259  1.082342   1.0492902  1.0848787
 1.1073267  1.1077931  1.0853308  1.0853308  1.0830271  0.9070726
 0.95318633 1.2275785  1.2338852  1.3039879  1.438447   1.2037973
 1.3073273  1.1637881  1.2717025  1.2766863  1.2719378  1.2670244
 1.2680428  0.47107372 0.51012397 0.5949074  0.628819   0.6651574
 0.88295597 0.90944815 0.6349131  0.70058966 0.66367024 0.73607916
 0.78080916 0.93197817 0.5841361  0.63702613 0.6597341  0.84226775
 0.7626455  0.83473814 0.8328024  0.83398986 0.86253744 0.45663702
 0.43156564 0.4267364  0.4360526  0.54878384 0.4944219  0.5134027
 0.49484974 0.5082963  0.49258408 0.6137665  0.4770726  0.48067856
 0.49757725 0.6104606  0.84939253 0.93411565 0.9084747  0.8120691
 0.8788003  0.8788003  0.89793247 0.89793247 0.5462105  0.5903902
 1.0731846  1.122454   1.224577   1.2784812  0.5992308  0.8765044
 0.60325855 1.0215161  0.9284969  0.7578408  0.80733216 0.75674164
 0.8058303  0.7551259  0.80342937 0.7530318  0.79920375 0.76143605
 0.7933822  0.88108164 0.9167451  0.95307004 0.9136663  1.0605459
 1.5643678  1.5731514  0.8328169  0.8328169  0.8328169  1.027634
 1.0124818  1.0193602  0.56505954 0.61206144 0.6607178  1.0301688
 0.70479316 0.7635956  0.9816102  0.91408974 0.63483614 0.6778314
 0.8079442  0.6317187  0.6736788  0.8043377  0.62815356 0.66842043
 0.7996198  0.6269853  0.6577951  0.7866994  0.7520917  1.5455345
 0.7572669  1.5494875  0.77685684 1.5619153  0.7602234  1.5504818
 0.6473207  0.6400918  0.8893779  1.0239656  0.8530218  1.0082638
 0.42375162 0.38110653 0.37491217 0.90385383 0.9045433  0.9058447
 0.90825224 0.8276619  0.79396755 1.5974977  1.4722195  0.76658946
 1.0112803  0.7116815  0.799781   0.60517657 0.62579966 0.5627479
 0.65025485 0.6218903  0.6905479  0.6793247  0.63870794 0.72787017
 0.7889865  0.8412016  0.99614096 1.0304333  0.54537416 0.34732366
 0.37817192 0.46908858 0.58382463 0.43527076 0.4536901  0.5223328
 0.34832466 0.7485486  0.8858935  1.2173275  0.38150954 0.39324236
 0.38755563 0.40376243 0.3822722  0.39256006 0.45226514 0.47442052
 0.44208673 0.444306   0.36685297 0.4422668  0.48991102 0.36742115
 0.4454918  0.4864057  0.4268828  0.4621094  0.47248036 1.4178873
 1.4463726  1.6669346  1.4043598  1.4375232  1.6612052  0.34797296
 0.8468789  1.0749111  0.7898814  1.2030559  1.2451489  1.2045213
 1.2451489  1.2030559  1.2045213  0.817473   1.1829147  1.0674006
 0.4084722  0.40104392 0.40203154 0.38161257 0.9806339  1.3335747
 1.3775611  1.4621066  1.1783212  1.2272128  1.3106474  1.3448486
 1.4882641  1.6613544  1.2137899  1.2132381  1.1931938  1.4703504
 1.6219729  1.0092658  1.0506938  1.03378    1.0448127  1.6095738
 1.0310634  1.0706567  1.0607555  1.0796082  1.8747473  1.4070795
 1.4329723  1.4200255  1.4270573  1.0867056  1.3849635  0.9989288
 1.4430956  1.1714854  1.0284075  0.5434518  0.5846983  0.5866573
 0.591698   0.60569507 0.64904106 0.6780982  0.63856435 0.9099273
 1.2749656  1.2907817  1.3104563  1.288164   0.5411922  0.55551136
 0.5315888  1.2415603  1.2428738  1.2568032  1.3148266  1.4667996
 0.899063   1.013242   0.9722882  0.66062784 0.7950089  1.0024339
 0.6445397  0.6445397  0.65725785 0.76456106 0.8409446  0.9247879
 0.9612943  1.252687   1.1663325  1.2293395  1.2006083  1.1263264
 1.0964686  1.3743898  1.1539633  1.3694903  1.1139451  1.0999482
 1.3772951  1.1194603  1.1592435  1.3797945  1.1086679  1.3773661
 1.1241887  1.1632043  1.3879339  1.1142396  1.3968499  1.1509894
 1.4115989  1.1885941  1.1402473  1.4383957  1.2019919  1.4539223
 1.2378124  1.1900858  1.3968759  1.3929088  1.3777575  1.3848894
 1.388614   1.388614   1.4052644  1.4407245  1.495851   1.3933067
 0.7715401  0.75989527 0.89964014 0.9607773  0.9271386  1.0580658
 1.218665   0.92671084 1.0576853  1.2183751  0.9257626  1.0568383
 1.2177368  0.9249617  1.0561205  1.2171992  0.9240711  1.0553168
 1.2166017  1.2928915  1.3185747  1.1078212  1.1217935  1.1087477
 1.2811102  1.3614639  1.2446024  1.5812904  1.6484149  1.5657108
 1.7821622  1.7821547  1.7821401  1.7821252  1.2739918  1.2742956
 1.2761143  1.3042468  1.2797737  1.2876039  0.9504632  0.952584
 0.95203906 0.9493445  0.95137143 0.9505459  0.94953763 0.9476928
 0.9484284  0.94797194 0.94645435 0.9539055  0.87354803 0.89836216
 0.92805237 0.87247443 0.897028   0.9262784  0.8709479  0.894914
 0.9232168  0.8701712  0.89242744 0.9180649  0.8736507  0.89267814
 0.912916   0.9184238  0.9702457  1.0222646  0.819432   0.8342508
 0.84328413 0.55252457 0.86541617 0.9015078  0.5152709  1.1283588
 0.8090155  0.87249696 1.1284606  0.808701   0.83212084 1.1073558
 0.8024171  0.8705434  1.1048805  0.79853326 0.82663053 1.6867623
 1.6858025  1.7438776  0.85192776 0.84554505 0.837989   0.8217861
 0.7777131  0.7753057  0.8175124  0.7721218  0.7796524  0.8276095
 0.78700167 0.7895081  0.7989042  0.8113875  0.816293   0.8215838
 0.8840795  0.96595746]"
ood,2,,"[-1.7753453   1.6957397   1.6668515   1.5953662   0.9747646   0.97354054
  1.0957023   1.2073371   1.371362    1.371362    1.429138    1.2088059
 -0.15125406 -0.17328727 -0.2178433  -0.34526858 -0.48530176 -0.6490818
  0.6770716   0.18695545 -0.40745115 -0.35359225 -0.17414409  0.04667747
  0.04667747 -0.11685783 -0.24318147  0.30807686 -0.07842213  0.23959029
  0.2378766   0.3595488   0.16149491  0.09912872  0.08768368 -0.65813994
 -0.7807914  -0.9898619  -1.5550133  -0.6555694  -1.3033453  -1.1100652
 -0.7128557  -0.92033494 -0.9107872  -0.73035985 -1.0003889  -1.0704055
 -0.88801956 -0.9692976  -1.1022311  -1.053391   -0.98104864 -1.1105548
 -1.2736006  -1.9120734  -1.9301896  -1.9162353  -2.056758   -3.445094
 -3.46676    -3.512173   -3.6388638  -3.9424324   0.7598797   0.7581047
  0.8811234   0.99214625  1.1577624   1.1252023   0.99055505  0.9404906
  1.1577624   0.6217438 ]","[3.1881096 3.2671099 3.2665448 3.2656515 3.246884  3.246672  3.2555904
 3.2596848 3.2647011 3.2647011 3.2550466 3.2680686 2.950718  2.9502845
 2.9496248 2.948627  2.948252  2.9504385 3.8850224 3.2795131 3.301073
 3.3575783 3.3037674 3.2804976 3.2804976 3.2879636 3.3071768 3.6309552
 3.716517  3.6306665 3.6273417 3.6253905 3.6305964 3.6311967 3.6342232
 2.7303348 2.7287395 2.7274985 3.140309  3.1118104 2.8313892 2.7919087
 2.7862737 3.027415  2.7373877 2.7403557 2.731639  2.7431676 3.0192053
 3.0190766 3.0697618 3.0467606 3.072856  3.0195942 3.0243878 3.562113
 3.5630546 3.5667727 3.5726833 3.6330636 3.6325066 3.6315904 3.6298568
 3.627168  3.4971728 3.505209  3.4880574 3.5140023 3.4802253 3.4950278
 3.4531596 3.438508  3.4802253 3.2469344]"
ood,3,,"[-1.0669345e-01 -1.1146295e-01 -1.1146295e-01 -2.7326766e-01
 -4.2517573e-01 -5.2640802e-01  1.0864866e-01  1.3905412e-01
 -5.9237123e-02  1.2617660e-01 -7.4261010e-02 -7.0112944e-03
 -3.1216383e-02  6.3219368e-02 -1.5558070e-01  1.6239941e-02
 -8.0222845e-02 -6.8475485e-01  1.2901306e-02 -2.0494485e-01
 -3.2051086e-02 -2.3129624e-01 -2.0756805e-01 -1.3483340e-01
 -7.3459595e-01 -3.5601822e-01 -1.8312442e-01 -8.8495398e-01
  6.4769447e-02 -1.3447571e-01 -1.9832718e-01 -3.9876470e-01
 -6.0379291e-01 -7.6023197e-01 -7.4938136e-01 -9.0474731e-01
 -9.3086022e-01 -1.0841991e+00 -1.0478318e+00 -1.6362667e+00
 -1.2344378e+00 -1.1555029e+00 -1.1875776e+00 -1.1950896e+00
 -1.1250974e+00 -1.7541924e+00 -1.8076105e+00 -2.0092404e+00
 -1.9907587e+00 -1.9647650e+00 -2.1598368e+00 -2.1369433e+00
 -2.4598374e+00 -2.4209661e+00 -2.2933824e+00  1.3559633e-01
 -2.0127356e-02  2.4565208e-01 -1.1408621e-01  2.5030243e-01
  9.5532656e-02 -2.0033121e-03  3.6000049e-01  3.5618496e-01
  1.9867271e-01  4.6600223e-01  1.0614473e-01  5.3074801e-01
  3.7466669e-01  6.3877678e-01  2.7736914e-01  5.5364156e-01
  6.6095495e-01  3.9708316e-01  3.0288589e-01 -2.3260784e-01
 -3.4278291e-01 -3.1535840e-01 -4.2386413e-01 -4.0633628e-01
 -5.1806140e-01 -4.9504867e-01 -6.0737002e-01 -5.0029510e-01
 -6.1249721e-01 -3.8642371e-01 -4.9826807e-01 -6.4290267e-01
 -7.5617790e-01 -8.1007302e-01 -9.1953272e-01 -9.6382928e-01
 -9.6382928e-01 -6.9727474e-01 -5.8996141e-01 -8.1722724e-01
 -7.4258488e-01 -7.0109034e-01 -6.3908708e-01 -6.7795837e-01
 -2.7827564e-01 -3.6782271e-01 -6.4528739e-01 -8.2640851e-01
 -8.2640851e-01 -9.7938973e-01 -1.0777603e+00 -1.0351927e+00
 -9.6174264e-01 -6.9691706e-01 -6.0212356e-01 -5.7767999e-01
 -5.0339526e-01 -2.3952359e-01 -1.4437240e-01 -5.8161479e-01
 -5.0589925e-01 -2.4238527e-01 -1.4723408e-01 -4.6690872e-01
 -3.9417410e-01 -3.3601105e-02 -1.3042164e-01  7.3473752e-02
 -1.4095972e+00 -1.3781185e+00 -1.4200900e+00 -1.5330075e+00
 -1.5488660e+00 -1.4284365e+00 -1.3909962e+00 -1.4405987e+00
 -9.0045476e-01 -1.0130742e+00 -6.7235422e-01 -7.8497362e-01
 -3.8201192e-01 -4.9242544e-01 -2.3821199e-01 -2.8972241e-01
 -4.8741749e-01 -4.4878468e-01 -2.9568428e-01 -1.5212280e-01
 -7.9862630e-01 -6.2811726e-01 -4.4163045e-01 -2.9592276e-01
 -3.4910250e-01 -6.2668639e-01 -4.7954786e-01 -7.7191716e-01
 -6.2549400e-01 -1.0516474e+00 -1.3161153e+00 -1.1618224e+00
 -1.2493424e+00 -1.0967190e+00 -9.8439765e-01 -1.1031578e+00
 -8.3606672e-01 -9.4791114e-01 -7.4687737e-01 -5.9520781e-01
 -4.8455581e-01]","[3.0930152 3.0656807 3.0656807 2.7564569 2.577708  2.5548685 3.083252
 2.3817794 2.371795  2.385276  2.3730853 2.388686  2.3418913 2.160096
 2.4211822 2.0039382 2.461177  2.5443175 2.3168964 2.5338507 2.1816156
 2.3182786 2.3760736 2.12903   2.6504717 2.4090924 1.9772209 2.531127
 2.3991456 2.3965309 2.382729  2.4089692 1.0310088 1.0230205 1.0278585
 1.0192752 1.0304528 1.018899  2.1637032 2.4599514 2.153425  1.8548371
 2.2173023 1.6380391 2.1707797 2.4174724 1.5157363 1.0769881 1.7896607
 1.5122496 1.0733821 1.7870904 1.0808053 1.7885745 1.522409  2.652652
 2.4834096 2.8377879 2.4443307 2.6580575 2.4781687 2.4426422 2.8485765
 2.6228898 2.4560456 2.8006444 2.4073446 2.6679983 2.4916687 2.8522022
 2.4517467 2.65179   2.832893  2.481565  2.4284472 1.6592412 1.2865356
 1.6581565 1.2859025 1.6575683 1.2863513 1.66032   1.2920542 1.6694643
 1.3119967 1.6969126 1.3345753 1.6910119 1.3337282 2.1027002 1.774962
 1.6042824 1.6042824 2.636923  2.6158695 2.5864308 2.609964  2.6338186
 2.6444829 2.6471627 2.7119591 2.525251  2.5233974 2.525994  2.525994
 2.388998  2.3263974 2.9076076 2.952707  2.9096992 2.8997965 2.8402002
 2.8768625 2.818649  2.8207076 2.811713  2.847707  2.7959833 2.793654
 2.8308914 2.8802228 2.8131344 2.8175008 2.79615   2.7259183 2.6995847
 2.3444016 2.692311  2.2697287 2.7241914 2.2791686 2.3099942 2.0320318
 1.804518  2.013221  1.7657865 2.0142207 1.7944896 2.3739412 2.7564144
 2.4747734 2.5797698 1.9642655 1.970247  2.0103798 2.0247648 1.9611877
 1.9678699 2.0306785 1.9575006 1.9661723 1.9670267 1.9772602 2.5634305
 2.1860104 2.3921757 2.224064  2.4362204 2.608027  2.2057364 2.5549436
 2.398536  2.2098427 2.421384  2.588795 ]"
ood,4,,"[-1.5960971  -0.803994   -1.3243501  -0.6278754  -1.419117   -1.1471238
 -0.46517178 -0.9826972  -1.2549365  -0.33606735 -0.85593116 -1.1276782
 -0.94159055 -0.7876252  -0.7884867  -1.089033   -0.9345753  -1.0225731
 -1.1317396  -1.2063223  -1.0945714  -1.2486597  -1.0949405  -1.2427522
 -1.3953638  -1.3289039  -1.4379473  -1.5130223  -0.610522   -0.610522
 -0.63882893 -0.4776022  -0.7207961  -0.34443635 -0.58467644 -0.9647284
 -1.20743    -0.78922516 -1.0304499  -0.62504464 -0.86897695 -0.48966345
 -0.73285735 -0.49778634 -0.7397495  -0.78922516 -1.0353727  -0.6540901
 -0.8982686  -1.1798614  -0.93642145 -0.8015325  -1.044234  ]","[2.074325  2.9236763 2.4427392 2.9370546 2.1070328 2.4771256 2.9151223
 2.44526   2.057993  2.9643025 2.5119886 2.1384478 2.440919  2.471
 2.4787061 2.4489412 2.486749  2.656069  2.578751  3.2827926 3.030545
 3.005     3.0301814 3.0585697 3.02685   3.196356  3.1445088 3.6972878
 2.5172186 2.5172186 3.509814  1.9495683 1.5918357 1.976544  1.5885704
 1.9461224 1.5891595 2.0319393 1.6739959 1.9468852 1.5916988 1.9743396
 1.5889859 2.0744367 1.6952857 1.9464064 1.5987257 1.974426  1.5967133
 1.6046836 1.9504775 1.9730436 1.5960121]"
ood,5,,"[-9.39335108e-01 -9.40193832e-01 -9.11149144e-01 -1.14305198e+00
 -1.06112075e+00 -8.61646891e-01 -1.30378270e+00 -8.75335753e-01
 -8.76245022e-01 -5.01417100e-01 -4.07514393e-01 -4.35422540e-01
 -6.36133909e-01 -7.77543604e-01 -7.41401911e-01 -4.67977822e-01
 -7.21474767e-01 -4.35422540e-01 -4.67977822e-01  3.36963892e-01
  1.84618235e-01  3.36256742e-01  3.69216084e-01  4.14349079e-01
  2.00738311e-02 -1.31943524e-01  1.92403793e-02  5.23512363e-02
  9.74841714e-02  3.29039693e-02 -1.19290113e-01  3.23230624e-02
  6.50804043e-02  1.10112309e-01 -6.83388352e-01 -8.57656419e-01
 -7.80144989e-01 -9.53882694e-01 -8.77053201e-01 -9.33803976e-01
 -9.11932111e-01 -8.81523550e-01 -1.05132127e+00 -2.37583447e+00
 -2.44776416e+00 -2.88500023e+00  3.39395404e-02 -1.18153572e-01
  3.30807567e-02  1.11425698e-01 -2.02846003e+00 -2.06487942e+00
 -1.11979103e+00 -1.15603364e+00 -1.10476351e+00 -1.79612792e+00
 -1.16022623e+00 -1.82312679e+00 -1.77549350e+00 -1.78243899e+00
 -1.80264401e+00 -1.87957454e+00 -2.03949690e+00 -4.33023185e-01
 -4.09762174e-01 -6.41361952e-01  1.03603137e+00  1.01080048e+00
  9.64127064e-01  8.50170732e-01  5.27017117e-01 -9.40193832e-01
 -7.68779695e-01 -1.04758334e+00 -4.31785643e-01 -8.89068842e-02
 -8.89068842e-02 -8.89068842e-02 -1.05620027e-02 -4.42999393e-01
 -9.96155143e-02 -9.96155143e-02 -9.96155143e-02 -2.13716626e-02
 -4.56890345e-01 -1.13658011e-01 -1.13658011e-01 -1.13658011e-01
 -3.55656743e-02 -4.76085097e-01 -1.32852733e-01 -1.32852733e-01
 -1.32852733e-01 -5.49119711e-02 -5.03614426e-01 -1.60735667e-01
 -1.60735667e-01 -1.60735667e-01 -8.23907852e-02 -6.17974639e-01
 -2.74540275e-01 -2.74540275e-01 -2.74540275e-01 -1.96245909e-01
 -7.38396406e-01 -7.52767205e-01 -7.71886230e-01 -7.99819589e-01
 -8.42098594e-01 -9.91463959e-01 -1.05510974e+00 -1.02662063e+00
 -9.90352690e-01 -9.88180697e-01 -9.91918564e-01 -1.05601895e+00
 -1.02727735e+00 -9.91160929e-01 -9.89064634e-01 -9.13952589e-01
 -9.77472007e-01 -9.48957741e-01 -9.12715018e-01 -9.10770297e-01
 -1.49964488e+00 -1.05228102e+00 -1.31115746e+00 -1.30024683e+00
 -9.47417080e-01 -2.94492692e-01 -8.12649786e-01 -7.58045793e-01
 -6.01659119e-01 -6.68234587e-01 -6.01659119e-01 -6.75811470e-01
 -7.82291770e-01 -7.93101430e-01 -5.39016724e-02 -8.33764017e-01
 -1.15391207e+00 -9.97803330e-01 -9.19862509e-01 -3.52278978e-01
 -9.86463249e-01 -9.86463249e-01 -9.86463249e-01 -9.86463249e-01
 -9.16250885e-01 -9.09229636e-01 -8.69400561e-01 -8.42805743e-01
 -8.82255971e-01 -9.82018173e-01 -9.99066114e-01 -9.72799659e-01
 -1.01232564e+00 -1.11193633e+00 -1.19250369e+00 -1.16608560e+00
 -1.20538437e+00 -1.30542445e+00 -7.30971098e-01 -7.87848175e-01
 -7.66228795e-01 -7.35416174e-01 -1.01475024e+00 -7.31526732e-01
 -7.88631082e-01 -7.66582370e-01 -7.36274898e-01 -1.01523018e+00
 -6.53838515e-01 -7.10033655e-01 -6.88490093e-01 -6.58081591e-01
 -9.37112570e-01 -1.12183666e+00 -1.15669036e+00 -1.15815520e+00
  4.30412054e-01  5.93213677e-01  7.67936468e-01  3.33933115e-01
  4.96633887e-01  6.71407104e-01  2.37050176e-01  3.99498343e-01
  5.74423075e-01  7.68751502e-02  2.39878953e-01  4.14147019e-01
  9.57162380e-02  2.58265376e-01  4.32685018e-01 -2.20845520e-01
 -5.85488677e-02  1.16325378e-01 -1.78380287e+00 -3.56522053e-01
  3.50501299e-01 -9.02890325e-01 -2.88414955e-03 -2.80140638e-02
 -7.48644471e-02 -1.88770056e-01 -5.11948943e-01 -3.20203573e-01
 -1.35706663e-01 -1.88624227e+00 -1.52972507e+00 -1.28686094e+00
 -1.31204152e+00 -1.35881615e+00 -1.47320151e+00 -1.79602695e+00
 -1.42011285e+00 -1.36702430e+00  1.88078344e-01  7.84915686e-02
 -1.30099833e-01 -2.70448774e-01 -4.62143660e-01 -5.21723151e-01
 -1.10259151e+00 -8.45836520e-01 -1.16368628e+00 -9.06502008e-01
 -1.27766776e+00 -7.84918427e-01 -9.60146248e-01 -9.75350499e-01
 -9.69592094e-01 -6.54621482e-01 -7.38068104e-01 -8.71547341e-01
 -1.13262105e+00 -1.10304606e+00 -1.41513753e+00 -1.16767681e+00
 -1.18916988e+00 -1.43223596e+00 -3.65614265e-01 -1.73919380e-01
  1.05017424e-02  6.34388328e-02 -5.36068678e-01 -3.44222248e-01
 -1.59750640e-01 -1.06889307e-01 -6.69901490e-01 -4.77903545e-01
 -2.93684483e-01 -2.40671635e-01 -8.15882564e-01 -6.24010921e-01
 -4.39589828e-01 -3.86602223e-01 -1.00833511e+00 -8.16488743e-01
 -6.31966591e-01 -5.79029560e-01  6.42974973e-02 -6.92126989e-01
 -7.47084558e-01 -8.21691513e-01 -1.06632352e+00 -1.01525533e+00
 -1.01525533e+00 -1.12858009e+00 -1.18416905e+00 -4.46636319e-01
 -5.76453388e-01 -7.70067751e-01 -9.29939747e-01 -1.88601494e+00
 -2.04661942e+00 -1.00207162e+00 -5.52914619e-01 -8.44952524e-01
 -9.02082145e-01 -8.80260766e-01 -8.49725962e-01 -1.01934695e+00
 -7.30087101e-01 -5.61779499e-01 -7.07331240e-01 -7.42563725e-01
 -5.91758668e-01 -1.15762484e+00 -1.19278145e+00 -1.01204777e+00
 -1.15762484e+00 -1.19278145e+00 -1.07708263e+00 -1.01204777e+00
 -1.24165237e+00 -1.20210099e+00 -7.37588227e-01 -8.34218621e-01
 -9.31051075e-01 -1.10668302e+00 -1.40516126e+00 -6.23126924e-01
 -1.01954889e+00 -6.16257250e-01 -4.07085031e-01  6.79792166e-01
  6.70750380e-01  6.36149287e-01 -1.04384542e+00 -2.26773787e+00
  2.14572132e-01  6.17813349e-01  2.05050528e-01  6.08266473e-01
 -2.27841437e-01 -1.08329570e+00 -1.16174161e+00 -1.05894864e+00
 -1.24286461e+00 -1.21255708e+00 -1.32408869e+00 -1.35682082e+00
 -1.32853389e+00 -1.43632746e+00 -1.38576436e+00 -1.66343164e+00
 -2.55547583e-01 -6.28481269e-01 -7.76205003e-01 -8.51822197e-01
 -9.69390035e-01 -1.12964094e+00 -2.46365047e+00 -1.81375670e+00
 -1.14522398e+00 -1.23397446e+00 -1.17075801e+00 -1.47880840e+00
 -1.56331587e+00 -1.95029199e+00 -1.43516564e+00  9.31149125e-02
 -4.60153818e-03 -6.57551169e-01 -4.21001226e-01 -1.82399154e-02
 -3.77707624e+00 -2.74565488e-01 -4.36028689e-01 -2.75196940e-01
 -5.69078565e-01 -3.57633293e-01 -1.23154342e-01 -3.64098907e-01
 -1.96902573e-01 -5.95067263e-01 -1.67348361e+00 -1.67502427e+00
 -1.67967129e+00 -1.69035482e+00 -1.75162637e+00 -1.99542487e+00
 -2.18891287e+00 -2.18891287e+00 -1.21436894e-01  1.68883562e-01
  3.76742482e-01  7.05907106e-01 -1.56260872e+00 -1.58175302e+00
 -1.55210209e+00 -1.33348405e+00 -1.60339761e+00 -1.33348405e+00
 -1.54192376e+00 -1.56730640e+00 -1.38217807e+00 -1.38995695e+00
 -1.66807866e+00 -2.07172394e+00 -1.55669880e+00 -8.89529824e-01
 -8.90060186e-01 -8.12068880e-01 -4.95576262e-02 -1.79425240e-01
 -2.75904119e-01 -4.50828850e-01 -3.72787058e-01 -3.72787058e-01
 -5.32962143e-01 -1.21877027e+00 -1.11218882e+00 -1.25769007e+00
 -1.25142646e+00 -8.82710576e-01 -1.02831280e+00 -1.02184725e+00
 -1.02000356e+00 -1.05844355e+00 -1.19457471e+00  3.90279770e-01
  3.71464014e-01  3.57168913e-01  3.10520649e-01  2.67711282e-01
  6.64442778e-02 -5.08892953e-01 -2.86966324e-01 -2.87825078e-01
 -2.09379137e-01 -5.85141540e-01 -1.98509514e+00  3.85809422e-01
  2.72105932e-01  1.42036200e-01 -5.11235595e-02 -2.11298645e-01
 -9.60222006e-01 -1.11597729e+00 -1.03737986e+00 -1.03737986e+00
 -1.01055765e+00 -1.07460749e+00 -1.11309803e+00 -9.96818304e-01
 -2.40014970e-01 -3.23537380e-01 -3.83925050e-01 -4.79974538e-01
 -4.80959535e-01 -4.80959535e-01 -4.02665198e-01 -5.25157928e-01
 -6.26864851e-01 -5.74054062e-01  6.94245100e-02  1.46935940e-01
 -1.00252628e+00 -1.05955482e+00 -1.03788495e+00 -1.01338637e+00
 -1.14946699e+00 -9.24534917e-01 -7.61834204e-01 -5.87288320e-01
 -1.09940910e+00 -1.02121592e+00 -8.58742416e-01 -6.84348047e-01
 -1.25973582e+00 -1.18139100e+00 -1.01901853e+00 -8.44523191e-01
 -1.55786049e+00 -1.47956610e+00 -1.31724429e+00 -1.14244580e+00
 -9.34359610e-01 -1.03689992e+00 -7.97344506e-01 -3.88647974e-01
  1.46437883e-02 -3.97992760e-01 -5.11948943e-01 -4.49363977e-01
 -1.46433663e+00 -1.46517015e+00 -1.38682532e+00 -7.59611666e-01
 -1.22427607e+00 -8.51089776e-01 -9.17463183e-01 -1.28509307e+00
 -1.38450170e+00 -1.36571097e+00 -1.68267691e+00  4.13143039e-02
  7.92557001e-03 -6.21352792e-02 -2.63478041e-01 -4.56940860e-01
 -9.98687267e-01 -1.21109223e+00 -1.01861441e+00 -7.39406705e-01
 -2.47357607e+00 -2.07056236e+00  3.29210281e-01  2.95467854e-01
  2.25583851e-01  2.42915750e-02 -5.58622479e-01 -2.15289116e-01
 -1.29342079e-01 -4.98260081e-01 -3.54350001e-01 -1.23804808e-02
 -3.23385835e-01 -1.79475784e-01  1.62089646e-01 -1.82951665e+00
 -1.75584424e+00 -1.42849803e+00 -9.83861864e-01 -1.13350511e+00
 -1.28448689e+00 -9.41128314e-01 -8.55282307e-01 -9.46684659e-01
 -9.72016692e-01 -1.36167002e+00 -1.01861441e+00 -9.32541192e-01
 -1.13244438e+00 -7.29304194e-01 -1.79925966e+00 -1.45590115e+00
 -1.05291247e+00 -1.37010562e+00 -2.89669371e+00 -2.49335194e+00
 -2.50443935e+00 -2.90770578e+00 -2.56543303e+00 -2.96867418e+00
 -3.08265591e+00 -2.67951560e+00 -3.40606213e+00 -3.00266933e+00]","[0.84385806 0.8546252  0.8786844  0.7536015  0.84251934 0.8750981
 0.791901   0.90435886 0.8446849  0.7613935  0.75915337 0.6294186
 0.8331054  0.8008077  0.8187509  0.7698991  0.84384924 0.6294186
 0.7698991  1.0941569  1.1057678  1.116007   1.12506    1.1228235
 1.12472    1.1492279  1.1571075  1.1545746  1.146135   1.1638955
 1.1656823  1.1670306  1.1747447  1.1770816  0.42826262 0.47139767
 0.42343754 0.4671185  0.42070258 0.43056363 0.4518413  0.47911692
 0.4636221  1.2953646  1.2946665  1.2984331  0.97283894 0.9897651
 0.9828106  0.9519548  1.4262029  1.4169856  1.3171096  1.3226994
 1.5027955  1.1674228  0.53562605 1.1293312  1.0612204  1.0024247
 1.0089804  1.0018655  1.0135683  0.78556937 0.9003687  0.8974813
 1.2865695  1.2862052  1.2856681  1.2849628  1.2889999  0.946523
 1.4147015  0.57861614 0.87715536 0.85161704 0.85161704 0.85161704
 0.8486571  0.8768695  0.8511966  0.8511966  0.8511966  0.84825075
 0.8765192  0.8506747  0.8506747  0.8506747  0.8477496  0.8760943
 0.850015   0.850015   0.850015   0.8471152  0.8755666  0.84915334
 0.84915334 0.84915334 0.84630084 0.8742898  0.84646654 0.84646654
 0.84646654 0.84381276 1.1413779  1.1410643  1.1406852  1.1402041
 1.1396112  0.5699562  0.5438981  0.53833467 0.56390876 0.53132033
 0.57624817 0.55169386 0.54368806 0.56390685 0.5453748  0.5773423
 0.55637485 0.55711144 0.5858424  0.54860103 1.3428478  1.1237211
 1.0991172  1.1969988  0.7897004  0.8009205  0.88000023 0.8955454
 0.7725462  0.82779866 0.7725462  0.82731915 0.8282272  0.8279796
 0.5991317  0.9488291  1.2904729  0.80909073 0.8353323  0.63665974
 0.85898757 0.85898757 0.85898757 0.85898757 0.8535536  0.8591582
 0.44445163 0.44753185 0.4899728  0.49819246 0.4409791  0.4445831
 0.48900688 0.49588495 0.44591102 0.45093158 0.4995501  0.5005148
 0.5307541  0.5191614  0.53535223 0.5684499  0.48636872 0.5599847
 0.5500072  0.56308854 0.59086967 0.5064402  0.52448666 0.51915014
 0.5404541  0.57675683 0.48508036 1.4201657  1.43874    1.4008657
 1.0528629  1.0616778  1.0644852  1.0542837  1.062785   1.0657809
 1.0592965  1.067067   1.0703894  1.0778435  1.0830827  1.086932
 1.1012563  1.1051757  1.1095183  1.0939409  1.1114916  1.11055
 0.9362664  1.3319988  0.82779026 1.2944113  1.7552414  1.7550001
 1.7546533  1.7542493  1.7583152  1.7750431  1.7661079  0.5616007
 0.908569   1.2938235  1.2929988  1.2916118  1.288833   1.2826555
 1.2741424  1.2720935  1.2472715  1.2459127  1.2450861  1.2502596
 1.2992073  1.3320264  1.1976696  1.197356   1.1972442  1.1964235
 1.1972415  1.2161472  0.79508036 1.3714036  0.96679115 0.7519537
 0.7471031  0.74612546 0.793518   0.8982067  0.7719174  1.1193398
 0.7640819  0.8120968  1.2532922  1.2442726  1.2489451  1.2489264
 1.2527342  1.242128   1.2465907  1.2465487  1.2566067  1.2422665
 1.2468125  1.2468874  1.2708309  1.2496595  1.2564291  1.2566582
 1.3373252  1.3165561  1.3266691  1.3246202  0.8840361  0.51535535
 0.51314265 0.5107436  0.5420039  0.51374274 0.51374274 0.6984621
 1.0991796  0.7632582  0.7612023  0.76325893 0.7799951  1.0770843
 0.96067595 0.84582114 0.60949045 0.42111528 0.4313205  0.45221853
 0.47881967 0.46387637 0.60393846 0.70915663 0.6585717  0.7014985
 0.6988446  0.6048271  0.6436436  0.67899895 0.6048271  0.6436436
 0.5585989  0.67899895 0.8773189  1.6635171  1.0630784  1.0623416
 1.0632489  1.0837138  0.7864628  1.4571238  0.8275714  1.0840499
 0.7109178  0.6807734  0.680469   0.6793932  1.3777367  1.189417
 1.2488555  1.5401955  1.6222414  1.8581457  1.2642125  1.2684188
 1.2651198  1.2390167  1.2639065  1.2345848  1.2615068  1.2605932
 1.2310895  1.2591996  1.2289871  1.2607933  0.50295526 1.1460692
 1.1465608  1.1477579  1.1542194  1.1794945  1.2425812  1.3723814
 1.1928906  1.227668   1.2222481  1.2241355  0.76056486 1.5504245
 0.7963235  1.3548731  1.3691994  1.4202412  1.0940913  1.3628387
 1.6017371  0.8267918  0.8772481  0.83051    0.8804396  0.9559253
 0.8637111  0.91327983 0.838139   0.7453348  0.99049747 0.99043363
 0.9902647  0.98987466 0.98796123 0.98333913 0.9836772  0.9836772
 1.3893464  1.3556727  1.3488696  1.3635056  1.0998598  1.104885
 1.1005634  1.0048426  1.1129903  1.0048426  1.1209209  1.0529073
 1.5368888  1.4747217  0.9207037  0.57090235 1.2909486  0.5839632
 0.5983723  0.57015467 0.7604245  0.7587054  0.7585163  0.7567045
 0.7619333  0.7619333  0.7906906  0.88309276 0.60332686 0.56314236
 0.5644266  0.5863064  0.52899563 0.55344933 0.87497187 0.8963797
 0.8782999  0.8215529  0.8207261  0.8201369  0.818379   0.81699723
 0.8120144  0.8285433  0.7973608  0.7853272  0.7781492  0.86991805
 1.3116392  0.68534786 0.68251204 0.6805845  0.6821812  0.7025307
 1.6273483  0.78709006 0.8196912  0.8196912  0.8151394  0.8259504
 0.8341327  0.81540585 1.4815146  1.4801428  1.4792778  1.4735368
 1.4789515  1.4789515  1.4797727  1.4820286  0.9924317  0.98947203
 1.4240229  1.4272193  1.1266997  1.1174399  1.1005614  1.066343
 1.055439   1.1307509  1.1246355  1.1341157  1.129558   1.1345401
 1.1277958  1.1375654  1.1459504  1.1554457  1.1465524  1.1567066
 1.1739534  1.170522   1.1734768  1.1789782  1.4541491  1.4352217
 1.4857146  0.7042707  1.0755326  0.7237721  0.8111124  0.7110538
 1.52364    1.5322745  1.5429956  1.5242281  1.535931   1.5803815
 1.4963721  1.5442225  1.5536741  1.5640262  1.5566374  1.0607853
 1.0613856  1.0629596  1.0703095  1.0917377  1.8020188  1.8809206
 1.8020444  1.7543089  1.4170325  1.7072068  1.1645252  1.1635805
 1.1619258  1.1587856  1.1661899  1.1563723  1.1714792  1.3070155
 1.1338018  1.0851289  1.3121433  1.1469439  1.0923405  0.97942555
 1.1034638  1.0967711  1.0212406  1.2042391  0.97557026 0.9742047
 0.96787184 0.9740035  0.9731234  0.97381425 0.9716718  0.9653604
 0.96892893 1.1757946  0.9751531  0.96440405 1.1789025  0.95924497
 0.47490507 0.9569095  0.9569317  0.47465444 0.95730364 0.47375822
 0.47402504 0.958958   0.49721795 0.97887754]"
ood,6,,"[-0.98801005 -0.8741667  -0.75081676 -1.0498039  -0.9369113  -0.81427425
 -1.1317996  -1.0186692  -0.89460623  0.896702    0.9606349   1.0238547
  1.0735276   0.82658976  0.8902851   0.95374256  1.0019891   0.6768585
  0.7391277   0.8028229   0.8520203   0.5960513   0.6578451   0.72106487
  0.7707377  -0.15712059 -0.16139859 -0.04874372  0.04685855  0.04311526
  0.15553248 -0.35379136 -0.3567622  -0.24458262 -0.03056204 -0.03436476
  0.07757717 -0.76911724 -0.7707809  -1.0229473  -1.0219966  -0.76852304
 -0.7640074  -0.7921711  -0.8035792  -0.7928841  -0.94962656 -0.08439398
  0.02873629  0.15588897  0.20817608  0.03206366  0.183815    0.15113562
  0.32701033  0.35719436  0.3524409  -0.17043   ]","[2.2926476 2.3044913 2.2955122 2.288878  2.300321  2.2927032 2.2847195
 2.2957304 2.2903886 2.6544588 2.6432872 2.6499112 2.638315  2.652738
 2.641491  2.6480756 2.6363096 2.6494493 2.6376402 2.6441834 2.6318069
 2.649318  2.6364634 2.6429696 2.6302314 3.2266755 3.247949  3.2358468
 3.1854925 3.2080574 3.1880877 3.225359  3.2518291 3.239611  3.1149485
 3.1342227 3.1132205 2.0746863 2.0706747 2.0179074 2.020208  2.2376482
 2.227523  2.249279  2.2556195 2.269381  2.1782043 2.4866657 2.4996057
 2.858404  2.845023  2.8435204 2.8904672 2.457331  2.5238142 2.5017648
 2.3657734 2.3416538]"
iid,0,17,"[-8.23915958e-01 -8.35428715e-01 -3.56625766e-01 -1.65300155e+00
 -1.59521961e+00 -1.49404359e+00 -1.41220498e+00 -9.78518844e-01
 -7.91197538e-01 -8.39783907e-01 -1.06135213e+00 -1.22045577e+00
 -5.75889111e-01 -9.27773058e-01 -7.27228582e-01 -6.05234981e-01
 -9.50580120e-01 -6.27969265e-01 -1.11050868e+00 -1.21144211e+00
 -1.08190274e+00 -1.22427714e+00 -1.38299251e+00 -1.54649734e-01
 -2.15986192e-01 -1.58459008e-01  1.84933007e-01 -9.39198732e-02
  4.59491313e-01 -3.91479343e-01 -3.95288616e-01 -5.21028638e-02
 -4.72056240e-01 -5.33271432e-01 -4.75889772e-01 -3.79444987e-01
  2.84459174e-01 -9.74224329e-01 -7.62312651e-01 -9.18953538e-01
 -9.17752504e-01 -1.03186059e+00 -8.97517323e-01 -7.77598202e-01
 -9.12645221e-01 -8.16273212e-01 -6.01462126e-01 -5.38997412e-01
 -4.26102430e-01 -4.08269256e-01 -4.44056928e-01 -7.44212568e-01
 -1.12477517e+00 -1.10931981e+00 -1.01093400e+00 -9.53382492e-01
 -7.09261894e-01  1.65656149e-01 -1.03485715e+00 -1.29864275e+00
 -1.49651837e+00 -1.39980674e+00 -1.45777059e+00 -1.22889924e+00
 -1.31887794e+00 -2.13457036e+00 -2.16394067e+00 -2.21871400e+00
 -2.34671259e+00  2.69028008e-01  2.07642972e-01  2.65194476e-01
  3.61372411e-01 -2.51798391e+00 -2.70450473e+00 -3.00578833e+00
 -6.91877604e-01 -8.95115316e-01 -8.33693922e-01 -8.01594138e-01
 -1.13865352e+00 -1.08128405e+00 -1.07937944e+00 -1.10056090e+00
 -1.37084889e+00 -4.05260652e-01 -1.26529157e-01 -8.72233510e-02
 -8.56340528e-02 -5.06727815e-01 -6.56526625e-01 -6.53991163e-01
 -6.59244061e-01 -6.57764018e-01 -5.62605202e-01 -2.86760926e-01
 -2.44567871e-01 -8.91002774e-01 -4.02203530e-01 -5.37905574e-01
 -9.79634881e-01 -6.61476254e-01 -6.59341097e-01 -6.61136568e-01
 -7.32760489e-01 -4.70090955e-01 -4.96913552e-01 -4.70200151e-01
 -4.50365275e-01 -1.23460102e+00 -1.39953971e+00 -8.58005285e-01
 -6.30431950e-01  2.20017076e-01 -2.78875500e-01 -2.83897936e-01
 -3.66197467e-01 -4.53956187e-01 -4.96780097e-01 -1.92345953e+00
 -1.10756075e+00 -1.06661725e+00 -3.07408601e-01 -4.08657432e-01
 -4.66354489e-01 -1.65112114e+00 -6.28151238e-01 -6.64060235e-01
 -7.12525249e-01 -6.58843756e-01 -6.42138779e-01 -7.38207519e-01
 -1.03949142e+00 -1.09308791e+00 -1.05739737e+00 -1.06324470e+00
 -1.62907839e+00 -1.10593510e+00 -2.10988045e-01 -2.90109187e-01
 -4.32677656e-01 -5.12660146e-01 -4.36341345e-01 -5.16796947e-01
 -4.20206547e-01 -5.37711501e-01 -5.21285534e-01 -5.91575027e-01
 -6.75694287e-01 -5.44966102e-01 -5.63769817e-01 -7.44430900e-01
 -8.79550695e-01 -9.60127592e-01 -9.37902808e-01 -1.01767898e+00
 -9.42136645e-01  1.97379827e-01  1.97379827e-01  1.68070257e-01
  1.68070257e-01  1.68070257e-01  1.45518005e-01  1.13272667e-01
 -1.46046281e-02 -1.46046281e-02 -1.25128174e+00 -1.39380169e+00
 -1.55239570e+00 -1.02860689e-01 -6.94097638e-01 -6.01862431e-01
 -3.24465394e-01 -8.37867141e-01 -1.04658818e+00 -9.66993928e-01
 -1.23797345e+00 -6.42175198e-01 -6.73947334e-01 -9.71033692e-01
 -6.30674601e-01 -9.59339023e-01 -1.00770700e+00 -6.01328671e-01
 -6.77841544e-01 -9.74976420e-01 -6.34386778e-01 -6.82936728e-01
 -5.81712186e-01 -8.78555894e-01 -9.15362597e-01 -8.37648749e-01
 -7.87206292e-01 -5.07018983e-01 -4.29329395e-01 -5.32786131e-01
 -3.59792084e-01 -5.40792882e-01 -6.89305723e-01 -5.52900016e-01
 -4.73390698e-01 -6.49369121e-01 -6.49369121e-01 -5.52900016e-01
 -5.52900016e-01 -3.16143245e-01 -3.70831668e-01  6.13623261e-02
  2.16596007e-01  3.21411431e-01  3.75784457e-01  4.08442199e-01
 -2.30592430e-01 -6.47440195e-01 -5.54950237e-01 -1.42870378e+00
 -1.19011497e+00 -5.87753594e-01 -6.15401149e-01 -5.69896162e-01
 -7.90239155e-01 -8.04663420e-01 -3.84697884e-01 -3.28262508e-01
 -2.55571038e-01 -2.18800724e-01  4.09936309e-02  1.32610202e-01
 -1.24005795e-01 -3.23165059e-02 -2.67603397e-02 -5.88299513e-01
 -7.95625508e-01 -1.31312764e+00  1.89457953e-01  3.65606248e-01
  9.96005535e-02 -2.00785577e-01 -1.06767058e-01  6.53171539e-02
 -2.35784709e-01  2.05279589e-02 -9.40411687e-02 -1.17940068e-01
 -1.46582365e-01 -1.07846737e-01 -2.58979976e-01 -1.55547500e-01
 -4.07068223e-01 -1.45187259e-01 -3.24950635e-01 -1.45187259e-01
  3.06819677e-02  2.28436291e-01 -5.66147566e-01 -1.10012412e+00
 -1.10012412e+00 -1.40061951e+00 -1.34197617e+00 -1.34197617e+00
 -1.34197617e+00 -7.50241876e-01 -9.35330987e-01 -7.38753438e-01
 -9.23320830e-01 -1.07755971e+00 -1.17584848e+00 -1.03363180e+00
 -1.15510368e+00 -6.45826697e-01 -8.90541732e-01 -5.17027438e-01
 -4.61683899e-01 -6.45717561e-01 -6.33816600e-01 -7.87885666e-01
 -8.20701182e-01 -6.37783587e-01 -9.72853422e-01 -7.92010367e-01
 -8.24534655e-01 -5.53288221e-01 -5.75513005e-01 -5.41205347e-01
 -8.76372218e-01 -7.29484975e-01 -7.28344679e-01 -4.94717747e-01
 -6.15837812e-01 -9.50907707e-01 -2.05116451e-01 -4.87196267e-01
 -6.44249678e-01 -1.99778616e-01 -1.98793411e-03 -3.01063895e-01
 -3.58736664e-01 -1.61030889e-01 -4.57401484e-01 -4.89379913e-01
 -4.09931242e-01 -6.46651626e-01 -4.48958009e-01 -1.35718894e+00
 -2.06123412e-01 -3.95494848e-01 -1.42089105e+00 -1.43537593e+00
 -6.41398728e-01 -3.65292668e+00 -3.65292668e+00 -3.86514187e+00
 -3.80460596e+00  1.43358529e-01 -7.82460570e-02 -2.37264752e-01
 -2.40879893e-01 -2.55959243e-01 -1.49214923e-01 -8.69627178e-01
 -6.91707730e-01 -1.23963547e+00 -1.28452182e+00 -1.13438332e+00
  5.40713668e-02 -8.23318958e-04 -4.29972351e-01  8.43271613e-02
 -1.32801056e-01 -8.97056341e-01 -2.65312582e-01 -1.04862630e+00
 -9.37393308e-01 -6.61403477e-01 -1.19330561e+00 -1.26107168e+00
 -1.93214560e+00 -1.43098438e+00 -1.22051644e+00 -1.99440408e+00
 -7.15655208e-01 -7.99810827e-01 -9.06336844e-01 -6.31948352e-01
 -1.31830573e-01 -7.06168413e-01 -5.91162562e-01 -8.91779184e-01
 -6.62786424e-01 -1.55396068e+00 -1.46241689e+00 -1.43919742e+00
 -1.70383215e+00 -1.58795285e+00 -1.72404313e+00 -1.98768330e+00
 -2.03659701e+00 -1.85894465e+00 -9.17764664e-01 -4.63030457e-01
 -3.51530612e-01 -2.71778613e-01 -7.75620818e-01 -7.36118555e-02
 -1.01544690e+00 -3.64038080e-01  6.39220476e-02 -5.48690438e-01
 -1.20742440e-01 -5.26987314e-01 -4.05151486e-01 -5.94850481e-01
 -9.27057326e-01 -9.31024313e-01 -1.05734873e+00 -1.10248983e+00
 -5.40501714e-01 -1.16552472e+00 -7.64472008e-01 -9.47316766e-01
 -4.26053911e-01 -5.75197577e-01 -6.06059909e-01 -1.85594797e+00
 -1.89223313e+00 -2.21086502e+00 -2.33947015e+00 -1.13921165e+00
 -7.00903356e-01 -7.58612573e-01 -7.77549684e-01 -7.15582371e-01
 -5.86370647e-01 -2.68937349e-02  1.30062580e-01 -7.18406439e-02
 -1.00883305e-01 -5.85121095e-01 -1.45029759e+00 -2.80913591e-01
 -1.92645371e-01 -3.40867072e-01 -9.64674950e-02 -1.91141069e-01
  1.52639091e-01  8.61347318e-02  1.93667591e-01 -1.70667100e+00
 -9.90771532e-01 -1.23348486e+00 -1.15708125e+00 -1.02289557e+00
 -1.25566113e+00 -1.41313910e+00 -6.15983427e-01 -3.38537812e-01
 -4.20861661e-01 -3.80027294e-01 -8.48918855e-01 -5.79759002e-01
 -5.38839698e-01 -2.63395816e-01 -5.39822340e-01 -6.98768258e-01
 -7.97469497e-01 -6.94534361e-01 -9.00149822e-01 -9.48408604e-01
 -1.02790582e+00 -1.17028022e+00 -1.32934737e+00 -1.14191699e+00
 -1.27006114e+00 -1.75915146e+00 -8.24449778e-01 -1.16975856e+00
 -1.22761321e+00 -1.32627821e+00 -4.77903605e-01 -6.36800945e-01
 -9.82206762e-01 -6.85287714e-02 -6.36922240e-01 -7.85156071e-01
 -7.19161153e-01 -8.48324418e-01 -9.68534648e-01 -9.06154871e-01
 -1.02590418e+00 -1.16104817e+00 -9.76541400e-01 -9.09952044e-01
 -1.16501522e+00 -8.80132973e-01 -1.06858253e+00 -1.12486017e+00
 -7.77319193e-01 -7.43290544e-01 -1.02449691e+00 -8.90420437e-01
 -7.92738199e-01 -8.44660699e-01 -8.89061689e-01 -3.72869760e-01
 -1.16983128e+00 -9.93670940e-01 -9.33317125e-01 -1.79212475e+00
 -7.87691534e-01 -6.97239697e-01 -7.36678958e-01 -1.02694750e+00
 -4.91791964e-02  2.28557527e-01 -8.81976962e-01 -8.17207336e-01
  2.71915257e-01  3.18063200e-01 -1.49028277e+00 -1.45132875e+00
 -1.25005639e+00 -1.58656991e+00 -1.36266017e+00 -1.82893157e+00
 -1.20220780e-01  7.73757696e-02 -1.98832393e-01 -6.49500489e-02
  1.32840633e-01  7.85646439e-02  1.84435606e-01 -1.02226472e+00
 -2.13495851e+00 -1.22803783e+00 -1.68986893e+00 -6.13096118e-01
 -1.15279877e+00 -1.13070750e+00 -1.03442037e+00 -6.62167728e-01
 -7.11069524e-01 -7.90360451e-01 -3.83812308e-01 -1.08351624e+00
 -7.18736589e-01 -4.80002314e-01 -8.16952527e-01 -9.18322682e-01
 -9.98123169e-01 -8.40511799e-01 -8.28817070e-01 -9.75849867e-01
 -8.44612181e-01 -9.24897909e-01 -9.80071604e-01 -7.48215914e-01
 -8.28416765e-01 -8.83529782e-01 -7.37152040e-01 -9.79537845e-01
 -3.44288141e-01 -7.15461075e-01 -8.50556612e-01 -7.36035943e-01
 -6.49563193e-01 -7.64083803e-01 -7.64083803e-01 -7.84585893e-01
 -8.43399048e-01 -8.43399048e-01 -7.28805661e-01 -8.98475707e-01
 -9.05499816e-01 -1.04072881e+00 -1.00627553e+00 -1.26011336e+00
 -1.18514109e+00 -1.09240866e+00 -1.14465857e+00 -1.19969893e+00
 -1.06876445e+00 -1.27947509e+00 -9.26365852e-01 -1.20806956e+00
 -1.03201842e+00 -1.21390474e+00 -9.75401044e-01 -9.40426171e-01
 -1.53390741e+00 -2.51143312e+00 -1.14293599e+00 -1.23797345e+00
 -1.39655292e-01 -1.29125237e-01  3.65414023e-02 -6.90312624e-01
 -1.49836230e+00 -9.22520161e-01 -5.55362701e-01 -6.75330341e-01
 -1.43580055e+00 -1.43580055e+00 -1.63260865e+00 -1.01950884e-01
 -1.35312259e-01 -1.43816411e-01 -3.08706671e-01 -4.45864528e-01
 -5.07006884e-01 -5.11240721e-01 -4.85934585e-01 -5.11240721e-01
 -4.49491799e-01 -1.80115056e+00 -1.81215358e+00 -9.84570384e-02
 -1.33735180e-01  1.03070140e-01  2.45347500e-01  4.47384179e-01
  3.41743648e-01  5.27087510e-01  9.13982928e-01 -2.24259853e-01
 -3.44652057e-01 -2.89320648e-01 -4.34121281e-01 -4.72238213e-01
 -6.17317915e-01 -6.86855197e-01 -6.74917877e-01 -6.45729661e-01
 -6.90737247e-01 -6.49781585e-01 -4.37578768e-01 -5.53142667e-01
 -2.35918164e-01 -1.39509737e-01  2.28266418e-01  8.02873969e-02
 -1.65373921e-01 -2.39157200e-01  1.57952726e-01 -1.95444298e+00
 -7.82217979e-02 -1.30694067e+00 -1.25267673e+00 -1.48851156e+00
 -1.80130816e+00 -1.40684295e+00 -1.58845019e+00 -1.43427205e+00
 -1.74694729e+00 -1.47342014e+00 -1.90118623e+00 -9.80047345e-01
 -5.59899867e-01 -1.04645479e+00 -1.15834284e+00 -1.30036545e+00
 -6.42866671e-01 -5.88081181e-01 -4.39810932e-01 -5.23930192e-01
 -9.53054965e-01 -1.05186534e+00 -2.10381508e-01 -3.64377767e-01
 -3.52707326e-01 -7.62191296e-01 -6.65479660e-01 -5.86115837e-01
 -6.10281646e-01 -3.07990909e-01 -9.73654091e-01 -4.43972021e-01
 -1.09299088e+00 -1.02655923e+00 -9.98268723e-01 -9.39140201e-01
  1.20117068e-02  5.22516370e-02 -8.64386439e-01 -1.01476753e+00
 -7.02601790e-01 -3.87475967e-01 -3.11800182e-01 -1.34268999e-01
 -3.43838263e+00 -2.71320271e+00 -3.46177197e+00 -3.51667881e+00
 -3.64460468e+00 -3.29622674e+00 -6.33853018e-01 -4.28019196e-01
 -1.58094096e+00 -3.50839078e-01 -2.19805241e-02 -1.64306402e-01
 -4.66876149e-01 -5.65613747e-01 -4.44614977e-01 -5.25895476e-01
 -1.46947742e+00 -6.39870226e-01 -4.73148078e-01 -6.22024894e-01
 -6.22024894e-01 -5.40404677e-01 -2.69089317e+00  8.75950873e-01
  7.99656332e-01 -2.97727734e-01 -2.09374607e-01  2.46402919e-01
 -1.35688365e-01 -2.45406342e+00 -2.41933131e+00 -2.51793551e+00
 -1.93082094e-01  6.08042479e-02 -3.21699440e-01 -5.88250995e-01
 -3.16579938e-01 -9.82508063e-02 -8.60164642e-01  1.32816374e-01
 -9.34263349e-01 -9.22326088e-01 -7.84367561e-01 -1.56472111e+00
 -4.45779592e-01 -1.32279396e-01 -6.56787455e-01 -6.92095935e-01
 -4.77173328e-02 -7.91537225e-01 -5.57716250e-01 -3.60398680e-01
 -4.17877316e-01 -8.90274882e-01 -9.83274341e-01 -9.03522372e-01
 -1.22849894e+00 -2.75236100e-01 -2.62740701e-01 -4.65565950e-01
 -4.71376896e-01 -5.03282547e-01 -1.77099180e+00 -1.77053070e+00
 -1.61626768e+00 -1.61574602e+00 -1.19771898e-01 -9.18211341e-02
 -1.12270069e+00 -1.52354240e-02 -8.88732076e-02 -3.09228301e-01
 -2.16811180e-01 -3.59306842e-01 -5.18034339e-01 -1.06281757e-01
 -2.83097237e-01 -2.48680413e-01 -5.85388005e-01 -8.33633244e-01
 -1.22574270e-01 -4.39810932e-01 -8.62542450e-01 -1.17941523e+00
 -7.77452648e-01 -5.39846659e-01 -3.80682409e-01 -8.14429224e-01
 -7.40937054e-01 -8.39711070e-01 -2.53010321e+00 -2.62987208e+00
 -2.51484203e+00  3.35107863e-01  4.93556321e-01  1.35436773e-01
  2.15079546e-01 -1.58398390e-01  3.93074155e-02 -4.39155817e-01
 -5.33259273e-01 -4.53422397e-01 -2.02593148e-01 -3.44603539e-01
 -4.45791721e-01 -4.85934585e-01 -6.02396250e-01 -5.92023849e-01
 -7.77416229e-01  1.50734484e-01 -1.90971255e-01 -6.22097671e-01
 -3.63892525e-01 -1.94246709e-01 -1.33679605e+00 -1.34022927e+00
 -1.14015794e+00 -1.16459060e+00 -8.63148987e-01 -4.76908833e-01
 -5.27351260e-01 -5.15668690e-01 -4.12418187e-01 -1.54614806e+00
 -8.46868634e-01 -9.14380014e-01 -9.26838994e-01 -6.85132504e-01
 -7.65005827e-01 -1.13301241e+00 -1.03274632e+00 -7.65078604e-01
 -8.99082303e-01 -2.67423451e-01 -1.09884799e-01 -2.69995302e-01
 -3.61320645e-01 -2.09119797e-01 -1.73138082e-01 -1.03072035e+00
 -8.63051951e-01 -9.90965664e-01 -2.77595878e+00 -2.77102113e+00
 -2.94218326e+00 -2.98802781e+00 -2.97035241e+00 -2.91614914e+00
 -2.95515180e+00 -3.27159977e+00 -3.21737242e+00]","[0.5630991  0.5754218  0.587267   0.4936181  0.49481183 0.49852243
 0.50212145 0.38570085 0.3750836  0.37262413 0.36895406 0.38305533
 0.37491927 0.38078445 0.35654342 0.3729561  0.37988406 0.37169465
 0.37824646 0.38443336 0.3604006  0.36368573 0.38879395 0.6532439
 0.659763   0.6535216  0.64678055 0.6491553  0.6514825  0.5894464
 0.60129386 0.6131183  0.6498318  0.64487433 0.631005   0.64063615
 0.6339189  0.46130714 0.370736   0.38323304 0.42535383 0.4595184
 0.4236538  0.39315554 0.4492751  0.40196908 0.38610527 0.46945047
 0.4473972  0.4546897  0.48222163 0.51571393 0.5538921  0.5711268
 0.55455655 0.5591816  0.5710912  1.3590226  1.3316482  0.65194464
 0.6445699  0.6475501  0.6447957  0.67425734 0.53029156 0.839251
 0.83813155 0.8363928  0.8334671  0.96225077 0.97536546 0.9674493
 0.94327503 0.6477128  0.6681819  0.7071238  1.3343846  0.46026304
 0.44158497 0.45054772 0.46286997 0.44456097 1.2329478  0.55264336
 0.5495699  0.33768314 0.34309727 0.36563066 0.36509198 0.33470574
 0.34993893 0.34728286 0.35034916 0.34822044 0.33622435 0.35093316
 0.37108308 0.5999169  0.61302423 0.6128442  0.52963513 0.45916027
 0.49870285 0.4577922  0.49878258 0.48489398 0.4843494  0.4848868
 0.48541236 0.8214202  0.8174031  0.81428087 0.8769047  0.6288818
 0.67043114 0.9157154  0.9176061  0.9116068  0.7593705  0.98940086
 0.36771268 1.3398056  0.7275452  0.72321355 0.7170448  0.66997135
 0.44191465 0.41261005 0.4107859  0.44144768 0.44361302 0.4401668
 0.45558077 0.4224202  0.4544907  0.7371442  0.7092419  0.7391722
 0.48671502 0.48498106 0.48471868 0.48229995 0.49092543 0.49832797
 0.49285737 0.4918428  0.49284422 0.49532586 0.5086993  0.4599703
 0.52321315 0.5321291  0.48622465 0.4771821  0.489639   0.48465818
 0.5471436  0.40535873 0.40535873 0.40437788 0.40437788 0.40437788
 0.40384042 0.40335768 0.4042414  0.4042414  0.70409507 0.6990468
 0.6935914  0.6516686  0.68397635 0.69558567 0.6534037  0.3400343
 0.34281325 0.34914693 0.36742872 0.44847348 0.43946165 0.4296635
 0.4394854  0.41700378 0.4348229  0.43894336 0.4318776  0.44710824
 0.43170032 0.43713474 0.4459373  0.45631656 0.45590794 0.46200153
 0.4304621  0.45119038 0.4370745  0.9904763  1.0508925  1.0938467
 1.1566259  1.161314   1.1576791  1.1580645  1.1580645  1.161314
 1.161314   0.62574434 0.6251722  0.593402   0.58831966 0.5709545
 0.56001997 0.5607809  1.1283218  1.0196503  1.0225154  0.7601523
 0.7680928  0.42931634 0.43787768 0.47701335 0.5874142  0.474262
 0.942747   0.94674623 0.93969905 0.95208794 0.959484   0.99119157
 0.90518236 0.9347051  0.92154455 0.9456925  0.9043006  1.1168495
 0.42833003 0.44063178 0.6857833  0.7972436  0.5888702  0.59509987
 0.6514306  0.424411   0.64590245 0.47418338 0.66552335 0.59860647
 0.66789764 0.7391763  0.5552015  0.53126913 0.57732576 0.53126913
 0.5411251  0.5895375  0.6066362  0.44226316 0.44226316 0.7018779
 0.45461535 0.45461535 0.45461535 0.42057598 0.34384975 0.44707048
 0.34613174 0.33905798 0.38757506 0.36639655 0.40472555 0.6188422
 0.61013114 0.6254703  0.48201957 0.42468262 0.43776646 0.47294706
 0.49847758 0.44108498 0.4894258  0.47908434 0.5058315  0.43189254
 0.42791674 0.44158837 0.49897486 0.44963562 0.49189737 0.46710378
 0.4683025  0.47023645 0.46919525 1.1482983  1.1339281  0.58537495
 0.62330514 0.58398426 0.5865641  0.62472767 0.6008424  0.5974721
 0.62483823 0.6164474  0.64942783 1.00183    0.6724638  0.68591666
 0.52291477 0.5572504  0.95309967 0.893752   0.893752   0.8963152
 0.89885575 0.6087807  0.6004146  0.59310627 0.60984427 1.0476456
 1.0603646  0.99106723 0.6671136  0.64220136 0.6166788  0.66170293
 0.7369554  0.7361794  0.7588939  0.5243556  0.5707255  1.1271684
 1.1267685  0.42209765 0.44847125 0.4549738  0.41557825 0.41657805
 1.2586558  0.67727286 0.7891266  1.2649084  1.0292978  1.0278826
 1.0478134  1.0447747  0.47632307 0.592558   0.76995546 0.7624627
 0.7685915  0.54080266 0.73819727 0.5341828  0.54022336 0.5349945
 0.7684713  0.5775315  0.5554628  0.56536996 0.9716539  0.7442809
 0.75142515 0.7500137  1.4955659  0.6436771  0.8694447  0.44714382
 0.45137873 0.44278765 0.4431579  0.4894258  0.44552472 0.56304526
 0.7563782  0.78879714 0.7530466  0.75882584 0.55121785 0.91554713
 1.0526679  0.6299242  0.7099549  0.5540239  0.5629587  1.157722
 1.1566095  1.1516464  1.1506253  0.33276975 0.5392122  0.53577423
 0.5549257  0.6623088  0.56482995 0.6658683  0.7029081  0.57047987
 0.5691969  0.57653326 1.133228   0.5960904  0.5171161  0.48047045
 0.4901686  0.50415444 0.4768466  0.5106662  0.48468176 0.8616918
 0.67198986 0.735533   0.8690816  0.884051   0.87569946 1.3427849
 0.48820263 0.5430761  0.54124635 0.5416136  1.1346165  0.5453329
 0.545475   0.63969594 0.6579442  0.64520955 0.6515077  0.9361365
 0.7873131  0.78570676 0.78370273 0.78173053 0.784865   0.76822287
 0.76377183 0.950393   0.51754177 0.6203999  0.62756854 0.6608935
 0.5572914  0.5669685  0.60715216 1.2999032  0.41496187 0.3902358
 0.41166097 0.42504874 0.383675   0.4234508  0.38655552 0.3685834
 0.48116815 0.44002903 0.41855034 0.5206592  0.4018986  0.4334227
 0.37958437 0.39792284 0.4593908  0.42214593 0.5861513  0.58220446
 0.57766235 0.9773864  0.42820004 0.69333196 0.88997304 0.7819772
 1.3387083  0.5314506  0.5582083  1.3682225  0.68909895 0.5165767
 0.6216372  1.5047371  1.1117111  1.4527565  1.9571755  1.9543355
 0.5027921  0.51702964 0.5077791  0.58979875 0.470753   0.49698472
 0.48815885 0.46638712 0.4827974  0.5020997  0.49357685 0.59524935
 0.7746552  0.68984    0.9940011  0.5455114  0.41439977 0.36178118
 0.3579222  0.39025623 0.38762635 0.38458073 1.2357732  0.34472167
 0.5910278  0.6499006  0.3826477  0.384022   0.3812136  0.36293334
 0.40041432 0.39015174 0.3706998  0.4322595  0.40355724 0.3842394
 0.43542597 0.3984159  0.48380622 1.4015726  1.097405   0.4174481
 0.38714138 0.45096782 0.41494507 0.4142054  0.4142054  0.44846126
 0.41003025 0.41003025 0.4112551  0.36620113 0.3412992  0.36213407
 0.44271696 0.48077238 0.36312497 0.3991039  0.41716582 0.36635855
 0.43504113 0.5563229  0.50291467 0.48956084 0.48432887 1.2486807
 1.2434684  1.4037057  1.3207557  1.436131   0.3448644  0.36742872
 0.678859   0.6784987  0.7043519  0.7613452  0.7056385  0.619559
 0.79579663 0.8416673  0.6237699  0.6237699  0.7201737  0.9500985
 0.947601   0.9456416  0.56781995 0.93910754 0.92673606 0.8540135
 0.9521312  0.8540135  0.95733285 1.185096   1.1629417  0.56882566
 0.5706489  0.5975161  0.5566007  0.5288115  0.53814197 0.54138136
 1.1621302  1.059369   0.40656096 0.47889552 0.43389487 0.4686759
 0.42139298 0.41613397 0.41860378 0.40091422 0.44476777 0.4325112
 0.49568796 0.43216982 0.72880995 0.7470444  0.73712397 0.761325
 0.92584    0.8634124  0.88854283 1.2087861  1.3423239  0.99257356
 0.98656464 0.7530842  0.5657944  0.9857466  0.74370503 0.7456819
 0.5504519  0.7415855  0.5459705  0.5150446  0.511518   0.92585987
 0.9262667  1.0160996  0.46862182 1.0851994  0.9156487  0.91169506
 0.89919955 0.91765916 0.5251786  0.5346199  0.52180725 0.5493953
 0.531704   0.5371954  0.55622727 0.840985   0.9698824  0.97906804
 0.5592722  0.49187112 0.46461475 0.5750978  1.000824   1.0011272
 0.7147343  0.74451727 0.7847599  0.6748983  0.6983753  0.8739547
 0.6622383  0.6393952  0.66119725 0.65920526 0.6563885  0.6476376
 0.77039486 0.85271764 0.6266706  0.5110913  0.52485484 0.52151954
 1.4611789  0.58392555 0.56773597 0.5756446  0.82246876 0.91120315
 0.54888487 0.55997646 0.55997646 0.5846103  0.8261834  0.91325504
 0.8803231  0.4625746  0.46831733 0.56068164 0.4804849  0.66791177
 0.6482267  0.6521992  0.69697756 0.7655118  0.6947027  0.61474544
 0.48013723 0.58553797 1.9739484  0.9845217  0.6578173  0.67655253
 0.6482359  0.6456515  1.1027844  1.1161506  1.0011183  1.0933795
 1.1598836  0.4519267  0.4852116  0.48723963 0.48619398 0.479382
 0.5376023  0.53306794 1.1870183  0.89351505 0.94213367 0.9732618
 0.9802684  0.9106652  1.1647784  1.0868986  1.4886053  1.4713178
 0.75999343 0.8335929  1.234103   0.8869057  1.1254885  1.1151589
 1.1275744  1.1324465  1.1536355  0.5812929  0.614032   0.59703016
 0.6197763  1.554203   0.5122657  0.5222414  0.4780874  0.47783056
 0.6339314  0.46392107 0.6144527  0.59909946 0.5158883  0.54071075
 1.494361   1.4755404  1.4966255  0.4715399  0.50217193 0.45938322
 0.46718782 0.47528163 0.50905776 0.5713887  0.54430205 0.5600004
 0.51731986 0.51403815 0.51365995 0.5914229  0.53687054 0.61534506
 0.630574   0.95410866 0.95207125 0.9603269  0.9665612  0.9794518
 0.76215297 0.60762924 0.57898235 0.7575974  0.6222086  0.82874274
 0.5850981  0.805364   0.5497227  1.1479003  1.2442389  1.2346354
 1.2516077  1.2033242  1.1923127  1.2245413  1.2212465  1.1923186
 1.3052202  0.44382137 0.45182112 0.44362086 0.45550656 0.47035265
 0.512609   0.54331857 0.49061552 0.49403077 0.42475748 0.36880046
 0.3571437  0.42695627 0.3689487  0.35074472 0.38540438 0.40229782
 0.38868657]"
iid,0,29,"[-0.907048   -0.9623873  -0.8507213  -1.066415   -0.46869773 -0.521439
 -0.33307728 -0.5229459  -0.56316435 -1.4879036  -1.2761331  -1.431395
 -0.6266618  -0.70899534 -0.84531724 -1.1478132  -0.5673733  -0.7515781
 -0.638613   -0.80187714 -0.77501285 -1.0452405  -1.1907337  -0.7923422
 -0.8084763  -0.8308199  -0.9141927  -1.0003195  -1.1571144  -1.1341991
 -1.3027115  -0.1432606  -0.13177705  0.7069393  -0.16396743 -0.48665056
 -0.43042782  0.25822264 -0.57927257 -0.56784093  0.12080956 -0.6681533
 -0.61252815 -0.9644398  -0.8983703  -0.82767624 -0.90486556 -0.9502802
 -0.94238204 -0.5349491  -0.5349491  -0.5427953  -0.6351056  -0.5131251
 -0.55461663 -0.49673113 -0.4107083  -0.8679466  -0.88062537 -0.37656936
  0.5346338  -1.3090248  -1.3984252  -1.1982682  -1.45457    -1.3986071
 -1.205413   -2.2416883  -2.4012113  -2.2702413  -2.3254766  -2.9240515
 -0.91097105  0.14013934  0.20805353  0.2646399  -2.6051614  -2.8370671
 -1.0251572  -0.85061735 -0.8053066  -0.9863417  -0.86152935 -1.0401742
 -1.0965528  -0.89057606 -1.2792248  -0.53923595 -0.44453546 -0.3162676
 -0.14710581 -0.54905677 -0.5341697  -0.68041635 -0.6464073  -0.461527
 -0.31522837 -0.31935936  0.23684031 -0.5138526  -0.5589035   0.13135779
 -0.5301167  -0.8559694  -0.7534487  -0.7737658  -0.7737658  -0.7617626
 -0.3437814  -0.34352162 -0.35513508 -0.36854127 -1.2982168  -1.5613517
 -0.8284816  -0.82333744 -0.6858723  -1.6090007  -0.28802636 -0.48511767
 -0.1434685  -0.70070744 -0.8575283  -1.0028915  -0.18586934 -0.63965225
 -0.60785156 -0.6898474  -0.66376257 -0.74414754 -0.9012282  -0.932925
 -1.0525411  -1.5160409  -1.3622859  -0.9300151  -1.3735875  -1.240643
 -0.18223202 -0.4023944  -0.3460937  -0.5834555  -0.4916129  -0.5605403
 -0.6163993  -0.491509   -0.7309752  -0.5439905  -0.8092557   0.22691566
  0.22691566  0.21480852  0.21480852  0.27113515  0.19890827  0.255027
  0.23231965  0.19958371 -0.31946328  0.0063895   0.06292397 -1.1825497
 -1.4758224  -0.22691923 -0.46999678 -0.46999678 -0.1739701  -1.1546981
 -0.7105672  -1.0525151  -0.8125293  -1.0496832  -1.0878752  -0.7654389
 -0.95170915 -0.76264596 -1.029548   -1.0267421  -0.7895622  -0.80112374
 -0.6312474  -0.8951747  -0.73313165 -0.7445632  -0.48748192 -0.75175995
 -0.5624889  -0.8294429  -0.6011485  -0.4870143  -0.5453934  -0.76441264
 -0.70229226 -0.25994098 -0.60091466 -0.7638151  -0.46121523 -0.6339105
 -1.4971008  -0.4870143  -0.31541026 -0.45188808 -0.60873497 -0.7545659
  0.10438961 -0.00717252  0.5062626   0.68714184 -0.08501136 -0.5804677
 -1.1882396  -0.6379375  -0.64196455 -0.63404036 -0.5400414  -0.5005503
 -0.5424576  -0.6641003  -0.40914944  0.08495587  0.039801   -0.60418826
 -0.6737392  -0.7728305   0.5132775   0.10228509  0.4149137  -0.08093238
 -0.0245018   0.48516613 -0.10244459 -0.15074313 -0.12673676  0.06521028
 -0.27659476 -0.22840017 -0.08475161 -0.01104367 -0.16543531 -0.16543531
 -0.16543531 -0.1089918   0.17705828 -0.5646193  -1.2862916  -0.9265596
 -0.9265596  -0.9265596  -1.419236   -1.0586727  -0.1819722  -0.7301568
 -0.80574834 -0.8887963  -1.0589324  -1.0746119  -1.0457342  -1.2158573
 -0.9116336  -1.1080884  -1.1911104  -1.2405392  -0.83292437 -1.0674282
 -0.9883423  -0.84453785 -0.6795849  -0.5529798  -0.7160102  -0.67979276
 -0.80083793 -0.7909911  -0.5722837  -0.6570075  -0.66332084 -1.0293142
 -0.7841582  -0.51569724 -0.6070851  -0.9727018  -0.72162205 -0.7117233
 -0.45691538 -0.46339762 -0.20686197 -0.7005256  -0.4235429  -0.46989286
 -0.30465415 -0.5218547  -1.5726793  -0.80922973  0.05492187 -0.26744944
 -1.6495309  -1.5702631  -1.8496361  -1.6196269  -0.6570075  -0.67303777
 -3.698439   -0.24837947 -0.12741226 -0.968285   -0.9888879  -0.73063743
 -0.6176724  -0.5462768   0.19043839  0.16185945  0.10662395  0.2120806
  0.03870982 -0.7362493  -0.04546845 -0.06152463 -0.6973299  -1.1851997
 -1.0298858  -1.3081934  -1.0852771  -1.2218329  -1.5245106  -1.4794598
 -1.8505974  -1.4112079  -1.7941408  -1.7192637  -0.69442004 -0.65898204
 -0.8106587  -0.60294116 -0.93406814 -0.6714529  -1.6244853  -1.514456
 -1.9232659  -1.6694063  -1.8333719  -2.2099395  -2.2875445  -1.971071
 -2.0658233  -2.0813339  -1.5877223  -2.1156547  -2.1213706  -0.7106841
 -0.735366    0.14104867 -0.38116798 -0.3132798  -0.2950672  -0.9361466
 -1.0815098   0.02431637 -0.695901   -0.25323787 -0.5556819  -0.8467462
 -0.58867764 -0.47545278 -1.3091288  -0.9429016  -1.2592714  -0.3807263
 -0.89831835 -1.1240146  -1.0837443  -0.1969372  -0.548667   -0.7038771
 -1.791101   -1.8906338  -1.3111813  -0.58535206 -0.76404893 -0.82011575
 -0.8248443  -0.74079597 -0.13429719  0.03385139 -1.4635594  -0.7226353
 -2.5109286  -1.2269251  -0.45451215 -0.27971247 -0.12465829 -0.44567862
 -0.13169914 -0.10896581 -0.05289894 -0.17459363  0.09069765  0.25583237
  0.15003806  0.1342417   0.12730473  0.11161232 -1.1913313  -1.2268212
 -1.3490615  -0.8740002  -0.9243253  -1.007828   -1.1284574  -0.5536554
 -0.38885832 -0.76527005 -0.85422873 -0.5681527  -0.99972194 -0.99972194
 -1.2620513  -0.38737744 -0.54425025 -0.47373804 -0.7656078  -0.61943907
 -1.0191557  -1.2423059  -1.0657135   0.12145901 -0.89766884 -0.78953624
 -0.9008125  -0.43557206 -0.52468663 -0.63604087 -0.76963484  0.11964041
 -0.5404051  -0.7357557  -0.6298834  -0.958724   -0.8408226  -1.0479945
 -1.1041653  -0.85825574 -0.87405217 -0.9316779  -0.9089186  -0.8686741
 -0.88501614 -0.79847366 -1.0013068  -0.9309504  -0.630455   -0.7297541
 -0.39184615 -0.4354941  -0.50543475 -0.9773523  -0.86838835 -0.9674016
 -0.84552515 -0.9674016  -0.84552515 -0.9362505  -0.5745181  -0.8405368
 -1.0843418  -0.8526699  -0.78795135 -0.85856754 -0.78932834 -0.76074934
 -1.2378372  -0.4188663  -0.4602799  -0.2604346   0.3397768  -0.10319799
 -1.0157782   0.42278582  0.23819143  0.33598357  0.14123058 -1.4086877
 -1.4521798  -1.263974   -1.6030769  -0.07399547 -0.24988636 -0.10631573
  0.07830477  0.05866313 -0.95937353 -1.0320163  -1.1047888  -1.9458694
 -1.2323811  -1.1574001  -0.6945499   0.6331534  -1.0522294  -1.0715592
 -1.0645703  -0.9166349  -0.812971   -1.0912268  -1.0685453  -0.79096514
 -0.85978866 -0.94807184 -0.8635819  -0.8073851  -0.88197637 -0.95061797
 -0.7320924  -0.19756073 -0.622219   -0.55344754 -0.7605935  -0.6040064
 -0.6040064  -0.5529019  -0.7602557  -0.6392106  -0.6392106  -0.89722717
 -0.847006   -0.8467982  -1.0103611  -1.1543604  -0.9540734  -0.78925043
 -0.99244726 -0.94151163 -1.2683647  -1.1996192  -1.0964749  -1.2405132
 -1.8619509  -1.7574556  -1.3637927  -1.0320423  -1.1215465  -0.32673794
 -0.25955123 -0.50309646 -0.42260757 -0.2032246  -0.05955005 -1.5096496
 -1.2314978  -0.83796465 -0.9093083  -1.2030227  -1.3485678  -1.7591963
 -1.3804984  -0.92120755 -0.2541992  -0.38722154 -0.58865166 -0.43073958
 -0.4503552   0.2919199  -0.25466684 -2.382167   -2.3872333  -2.5081227
  0.06126124 -0.0265283   0.35731393  0.02990228  1.4431348  -0.43092147
 -0.38132387 -0.4708022  -0.6774025  -0.52699894 -0.5039279  -0.5970695
 -0.54113257 -0.6540716  -0.23050457  0.11847126  0.01904219  0.0348646
 -0.03021759  0.13468331 -0.30044523  0.12164092 -0.08249128 -0.01260257
  0.2162115  -1.9661865  -1.4189762  -1.4283552  -0.84698004 -0.9398359
 -0.9067362  -1.1361477  -1.126301   -1.2292114  -1.3200927  -1.1130247
 -1.1489564  -0.7250515  -0.6624115  -0.55651325 -0.31868383 -0.40270618
 -0.9754817  -0.27210006 -0.39465207 -0.49893954 -0.99740964 -1.0670645
 -0.5484072  -1.1047108  -0.99883854 -1.1206112  -0.98031414 -0.89722717
 -0.68270266 -0.04575419 -0.2678132  -0.9623873  -0.8185049  -0.04952145
 -0.0865702  -0.3492374  -0.10880989 -2.6912103  -2.7694128  -3.60179
 -3.8956604  -4.041101   -0.4777391  -0.3160598  -0.9952272  -0.22187889
 -1.8421016  -0.97085714 -1.8677187   0.25419563  0.1176399  -0.31826815
 -0.3427422  -0.26308468  0.02239382 -1.3998802  -1.2894872  -0.7282732
 -0.41629422 -0.3384813  -0.2875977  -0.5409767  -0.58636534 -2.2463129
 -2.4468076  -2.6063306   1.0509527  -0.287117   -0.01946151 -0.12216413
 -0.14539105  0.38664633  0.1380868   0.0173015  -0.02343655 -2.487468
 -2.643977   -0.19044197 -0.29831478 -0.24198818 -0.09831363  0.0667432
 -0.36971042 -0.87703997 -0.8053586  -0.41798297 -0.00802988 -0.23668808
 -0.25931743 -0.2625131  -0.28488266 -0.06773406 -0.3358832  -2.2063801
 -2.5086684   0.06004012 -0.721674   -0.8148676  -0.69317293 -0.89000446
 -0.8471359  -0.8808592  -1.6094683  -0.600486   -0.5277784  -0.70173365
 -0.14681351 -0.7774551  -0.9045018  -0.5026028  -0.7022143  -0.5586957
 -0.83622396 -0.73458654 -1.2554002  -0.36664465 -0.322581   -0.63606685
 -0.4432364  -1.8493242  -1.6824229  -0.5629565  -0.4837147  -0.33980635
 -0.17513925 -0.17513925 -1.0768592  -1.0767554  -1.0775348  -0.514658
  0.2948298  -0.02156591 -0.71159345 -0.66841316 -0.66841316 -0.096443
 -0.15167844 -0.34482065 -0.1445077  -0.22624373 -0.10532844 -0.12146264
 -0.34809425 -0.5914316  -0.49343157 -0.23720765 -0.9240655  -0.2766467
 -0.47410175 -0.739445   -0.4221919  -0.5393399  -2.3070042   0.38371056
  0.20129842  0.50984794  0.4269169   0.0564028  -0.43458477 -0.46768448
 -0.3027056  -0.23705178 -0.70377314 -0.16539639 -1.0148169  -1.387929
 -1.2820307  -1.4037254  -1.304894   -1.2139087  -1.0819516  -1.1353943
 -0.8312616  -0.87667626 -0.77761096 -0.8609578  -0.60096663 -0.7217
 -0.6022917  -0.2537835  -0.41421574 -0.06612325 -0.5567211  -0.43731278
 -1.569094   -1.3777704  -1.4257832  -1.4392413  -1.1539707   0.08604705
 -0.08680403 -0.34269023 -0.7658676  -0.7722589  -0.80076    -0.9926291
 -1.1970991  -2.751564   -2.7100205  -2.6866636  -2.7182305  -2.7635152
 -2.6990047  -2.7705822  -2.8911855  -2.97196    -2.906904   -2.930027
 -3.232549  ]","[0.5922416  0.6364719  0.6190509  0.62821954 0.5971776  0.5292527
 0.58767104 0.55268365 0.5326831  0.46124846 0.43587252 0.45146737
 0.35033548 0.38387045 0.37919343 0.4004693  0.3896852  0.38331103
 0.38355282 0.3816251  0.3775553  0.38295346 0.39147347 0.38625783
 0.38476628 0.38297796 0.37853357 0.37658843 0.37811363 0.4031758
 0.3946405  0.59218794 0.58306825 0.6298466  0.6161194  0.5671909
 0.5492947  0.66071266 0.55082965 0.55904776 0.57182586 0.35187823
 0.3748514  0.37635323 0.37593508 0.38559788 0.42871696 0.37629235
 0.39023417 0.3923015  0.3923015  0.53336024 0.4627614  0.5051592
 0.52022016 0.4484229  0.5613331  0.57929885 0.535372   0.48927766
 1.3668965  0.7652035  0.763343   0.77379894 0.75909257 0.74401224
 0.5730978  0.96738106 1.1264558  0.9672605  0.9674887  1.1421406
 0.47122118 0.93187314 0.9382927  0.9175445  0.63195014 0.65718186
 1.1880567  0.5306964  0.5356716  0.54010844 0.52875847 0.5141291
 0.50776106 0.48698992 0.492666   0.33113623 0.3189614  0.36322457
 0.34741527 0.31992015 0.31844336 0.3435134  0.35097414 0.36776337
 0.4171543  0.41747636 0.6102934  0.6906487  0.6971834  0.6716313
 0.6869692  0.68415743 0.43332702 0.43932307 0.43932307 0.45213717
 0.51675844 0.51677656 0.51611096 0.5154212  0.976617   0.98231703
 0.97207326 0.9531293  1.0117351  0.9692518  0.92218864 0.9503738
 0.7118891  0.35304862 0.3537619  0.3692446  0.6780542  0.41053048
 0.38954082 0.40884852 0.40926108 0.3863522  0.389276   0.41104907
 0.42939556 0.78858984 0.77887243 0.7476889  0.7734819  0.8389231
 0.40543282 0.43309617 0.43017843 0.41641825 0.43089458 0.4475812
 0.45467016 0.42434654 0.5025044  0.53046376 0.49679717 0.49097157
 0.49097157 0.490358   0.490358   0.5116126  0.48966286 0.51088315
 0.5100751  0.5092596  0.50116867 0.48873657 0.50909585 0.5921361
 0.5810145  0.55959255 0.54746354 0.54746354 0.9255424  0.34624842
 0.56052065 0.50037825 0.49293235 0.47395113 0.48215955 0.5359438
 0.5540155  0.5079569  0.51486814 0.48592138 0.49609423 0.49835685
 0.57147694 0.55378795 0.50685656 0.5010263  0.55619705 0.53995407
 0.51170623 0.50900584 0.48669896 1.2018994  0.965178   0.80006146
 1.0982206  1.1368915  1.0785882  1.2004572  1.1283846  1.1992043
 1.1419526  1.2018994  0.67408663 0.6738038  0.67653465 0.6874028
 0.57144135 0.5393895  0.4979198  0.49900857 0.4802307  0.9345377
 0.73975205 0.4724972  0.46868202 0.4672184  0.48226756 0.49805993
 0.5156485  0.59708697 0.92399305 0.7574599  0.71588874 1.063416
 1.1018796  1.2460775  0.5695387  0.45956397 0.4632564  0.477409
 0.5049457  0.6199631  0.47295773 0.4858292  0.52689344 0.6140566
 0.4859996  0.48710117 0.6952899  0.55364877 0.5514165  0.5514165
 0.5514165  0.5683953  0.6572706  0.6278148  0.846786   0.45763206
 0.45763206 0.45763206 0.8617566  0.4582758  0.6758391  0.48432165
 0.40580648 0.44277963 0.45311186 0.39537233 0.4421628  0.45507437
 0.5012352  0.42145473 0.45560172 0.46258578 0.53953433 0.5404121
 0.5218655  0.53930354 0.5354216  0.53624785 0.4806459  0.44290197
 0.47358173 0.48677814 0.45865074 0.4363228  0.46810603 0.4913639
 0.49325135 0.4472285  0.467899   0.49168608 0.4541475  0.4684475
 0.4412336  0.4883378  0.47544444 1.0796376  0.4506845  0.45861098
 0.4648143  0.5111828  1.0449679  1.0251642  0.86872494 0.713218
 0.64955205 0.6681558  0.71043235 0.57975274 1.1719507  1.1715751
 0.7176966  0.52824795 0.87964624 0.8902012  1.0611032  1.0508027
 1.0519109  1.068153   1.1666955  1.1653442  1.1632099  1.3028878
 1.1999477  0.7761835  0.79945976 0.57059944 0.5810118  0.61824185
 0.64761347 0.6072296  0.64597875 0.6450452  0.6582185  0.7346148
 0.47737953 0.74700516 0.4957235  1.1588018  1.1021135  0.94026566
 0.95058155 0.5745737  0.79944277 0.7780494  0.81970036 0.6198615
 0.80841845 0.61707306 0.81969345 0.78818744 0.6887645  0.64039767
 0.9295669  0.6691599  0.78165597 0.8516938  0.6844246  1.1302613
 1.160697   0.78433007 0.7815574  0.7992864  0.8108553  1.6286588
 0.9123892  0.4649308  0.4506059  0.4539341  0.45087862 0.60910517
 0.60832906 0.5865044  1.2343124  0.62320006 0.65164715 0.55675393
 0.63077456 0.55902356 0.6063231  0.6729592  0.5814697  0.53416044
 1.174318   1.1705508  0.3553338  0.62844914 0.6226265  0.61954963
 0.646485   0.654254   0.70292044 0.6960753  0.68201554 0.56771594
 0.936597   1.7236649  0.79596204 0.7070519  0.7218762  0.86445045
 0.5278524  0.71036565 0.70835376 0.68116355 0.6803449  0.7004769
 0.6295306  0.68832195 0.6559475  0.6980166  1.0609108  0.7015008
 1.2350193  0.99115217 1.018533   1.0176607  0.99336624 0.4877498
 0.5189521  0.45544618 0.45357028 0.50517875 0.46014956 0.46014956
 0.59607416 0.71264374 0.7154768  0.7356811  1.0901855  0.7412278
 0.681775   0.6896442  0.65426594 0.7233351  0.873742   0.44400486
 0.54799986 0.51843494 0.5196992  0.5613953  0.5768526  1.3886964
 0.48121017 0.5773698  0.47713944 0.35700676 0.35365444 0.35736546
 0.35987082 0.6014396  0.39579633 0.45888576 0.48675463 0.40467158
 0.42849216 0.4074154  0.37554553 0.37658703 0.59703636 0.59313446
 1.0219171  1.033041   0.5291572  0.74446636 0.6137817  0.52172077
 0.56444407 0.52172077 0.56444407 0.71360785 0.93509096 0.95900965
 0.8429682  0.8234661  0.8007812  0.63711566 0.6642937  0.73359096
 1.8329616  1.4909624  0.7273792  0.73925555 0.5245712  0.5975665
 1.5360613  1.2358997  1.1698555  1.1902835  1.5437075  0.5265968
 0.47048557 0.49096417 0.5259208  0.4836157  0.54068285 0.54709136
 0.44845313 0.54417616 0.51768994 0.51557475 0.5097278  0.7767804
 0.57860166 1.0657171  0.4760083  1.2576461  0.346274   0.42031378
 0.3766576  0.43755776 0.37818113 0.30802587 0.3469292  0.36626047
 0.35328165 0.36226973 0.4037709  0.38870025 0.42845327 0.43279904
 0.37979734 0.93909836 0.3531445  0.36170426 0.35744563 0.35664037
 0.35664037 0.38192797 0.43441108 0.3773456  0.3773456  0.34831664
 0.3426146  0.40855286 0.4821682  0.39396682 0.3960515  0.37485978
 0.34244734 0.37314963 0.3713068  0.34643942 0.5058691  0.4577709
 1.1892587  1.1600605  1.2355912  0.30812222 0.30464575 0.67140245
 0.67309225 0.6691202  0.66831636 0.6536503  0.6950554  0.60310525
 0.91942483 0.66773707 0.6669269  0.67391044 0.6899379  0.97013324
 0.94900715 0.92964315 0.99270695 1.0867776  0.7981191  0.69352204
 0.7708823  0.5701447  0.6334426  1.1936861  1.1702294  1.1835322
 0.5056137  0.49987    0.43504128 0.4830855  1.2440863  0.3714414
 0.49350157 0.48948094 0.3684284  0.48679635 0.537226   0.46565956
 0.43520048 0.4007943  0.89637303 1.0331686  0.94356024 1.1031371
 0.8928892  0.89062065 1.0286827  1.0437958  0.95041937 1.3036332
 1.007482   1.5169282  1.4617511  0.7904363  1.1859066  0.6241663
 0.65074813 1.517936   1.1666696  1.1639866  1.340488   0.73291194
 0.6236362  0.7365931  0.48549354 1.0514607  0.76695347 0.7626508
 0.7702517  0.43882957 0.482599   0.96854115 1.0810473  1.1152653
 1.0476053  0.7729982  0.5292252  0.50676817 0.7746607  0.59519887
 0.79027027 1.0741549  1.2220092  0.6431295  0.717232   0.6783891
 0.6753056  0.70722055 0.87362516 0.60119015 0.59755254 0.6040286
 0.6097239  0.62351674 1.0898653  1.0676287  1.5188059  0.5225019
 1.242229   1.1074443  1.1073817  0.50976455 0.50286084 0.5147467
 0.6831647  0.7320928  0.6546066  0.82672155 0.82923275 1.039026
 0.52100646 0.51723593 0.5412856  0.5295341  0.52757704 1.1273928
 1.1313851  1.1386164  0.9429937  0.49952912 0.5044793  0.50688225
 0.50701374 0.65012354 0.8491385  0.5161442  0.857135   0.5714268
 0.57648504 1.2695302  1.2648021  1.2864153  1.3292851  1.3109163
 1.2700802  0.6316459  0.64216506 0.6346387  0.65931904 0.56199336
 0.5674599  0.56174964 0.5674186  0.65953153 0.56780034 0.9305711
 0.9389408  0.9750606  0.9017439  0.8687358  0.9145754  0.85989845
 0.89052474 0.87631696 0.70581985 1.0032868  1.4011494  1.3482351
 1.4680291  0.4935923  0.47886652 0.4770401  0.48487735 0.48049852
 0.49030277 0.52675    1.2083892  0.85371554 0.8143959  0.8847431
 0.8446243  1.1346595  1.402967   0.9745909  0.94555855 0.9989655
 0.94564563 0.94564563 1.5582188  1.5582092  1.5581994  0.83949536
 0.9351767  0.91981167 0.89308625 1.3584552  1.3584552  1.2336353
 1.2323723  1.2519007  1.2351434  0.67323077 0.65710497 0.6568156
 0.6736724  0.6843622  0.68519884 0.62677443 0.52245504 0.5412692
 0.5393692  0.5441129  0.5510093  0.6505336  1.401069   0.48108023
 0.46960354 0.48797077 0.48438942 0.4712289  0.55720747 0.5773914
 0.5925845  0.4974342  0.58087826 0.96208256 0.97906506 0.9384442
 0.9239682  0.8764709  0.90720993 0.92198867 0.8918614  0.71877855
 0.72982687 0.93006665 0.9387228  0.99342346 0.6432728  0.6405701
 0.5779685  0.58378863 0.5844057  0.5677728  0.64045215 0.5717657
 0.9579397  1.0290527  1.0878894  1.0964776  1.1068674  0.46222648
 0.4603193  0.44692323 0.5647743  0.56466824 0.56437945 0.5691627
 0.6139692  0.43935272 0.43215954 0.39621848 0.42823192 0.4386337
 0.39530385 0.39181262 0.38428947 0.43576378 0.390673   0.42608225
 0.44220522]"
iid,0,43,"[-0.9434366  -0.88558763 -1.1180925  -0.6802236  -0.42216876 -0.42216876
 -1.6007702  -1.5536475  -1.4590642  -0.68984103 -0.75152254 -1.0139884
 -1.155405   -0.7431103  -0.6700036  -0.8201459  -0.6993379  -0.86529225
 -1.4594259  -1.1037266  -1.226246   -1.3679279  -0.20212555 -0.11164004
 -0.11127847  0.31986547 -0.5621152  -0.07668954 -0.44149998 -0.44125894
  0.19847888 -0.6377287  -0.18522882 -0.5500392   0.33714783 -0.7700824
 -0.854084   -0.81747043 -0.7405312  -0.86719644 -0.87469274 -0.798091
 -0.6533238  -0.810866   -0.69646955 -0.48864692 -0.48864692 -0.43889678
 -0.54591745 -0.4833923  -0.47982496 -0.45528734 -0.36942974 -0.4166249
 -0.27769086 -0.7466295  -0.8202664  -1.0802495  -0.69830143 -0.53328705
  0.2346828  -1.3016908  -1.3960812  -1.4433005  -1.2234982  -1.1162364
 -1.231814   -2.4617805  -1.3001723  -0.65154016  0.16133505 -2.2065458
 -2.2092214  -2.4048476  -0.82867867 -0.7853401  -0.7127878  -0.89342135
 -1.068969   -0.9482092  -1.1158991  -1.0384537  -0.559054   -0.47350976
 -0.3538105  -0.1323452  -0.18966389 -0.18467438 -0.17093527 -0.5493402
 -0.7059664  -0.70092875 -0.6974337  -0.6839356  -0.61509526 -0.287959
 -0.31266537 -0.7284311  -0.27299058  0.08304602 -0.5456764  -0.83255935
 -0.41751674 -0.42472377 -0.54842424 -0.84005564 -0.8538189  -0.6757885
 -0.81747043 -0.6313894  -0.6888527  -0.4507076  -0.46104813 -0.4917081
 -0.51636624 -0.45051476 -0.51636624 -0.46116865 -0.46116865 -0.47387132
 -1.322637   -1.45945    -1.5117551  -0.9321561  -0.2820777  -0.14039582
 -1.0825154  -1.009963   -1.4572325  -0.6060804  -0.68253756 -0.681477
 -0.65154016 -0.7434478  -1.0260403  -1.1918018  -1.0224969  -1.2577497
 -1.0785865  -0.18506008 -0.26163772 -0.39910147 -0.56247675 -0.40606746
 -0.54396504 -0.61273307 -0.6564573  -0.6756921  -0.83889866 -0.7981392
 -0.8459128  -0.02710813  0.24150413  0.22988611  0.22988611  0.22988611
  0.30236614  0.19426078  0.19426078  0.28180563  0.16473365  0.16473365
  0.25225437 -0.2255544   0.0426963   0.0426963   0.13072324 -0.06801224
 -0.8085761  -0.19920897 -0.23488253 -0.26438555 -0.3097006  -1.1219009
 -1.118912   -0.8068166  -0.8290161  -0.98458177 -0.80358666 -0.9591764
 -0.82593083 -0.9814001  -0.9025326  -0.89383113 -0.81462616 -0.6047788
 -0.760465   -0.6238208  -0.7794347  -0.54490507 -0.5146308  -0.5366616
 -0.4999275  -0.77343285 -0.6720283  -0.5313588  -0.774397   -0.39382273
 -0.6724381  -0.5697802  -0.60550195 -0.6506965  -0.44477808 -0.6467435
 -0.69051594 -0.50865304 -0.0930078   0.10888529  0.3064878   0.42594612
  0.15506804 -0.6508652  -1.312176   -0.82417125 -0.4736785   0.18370336
 -0.06393868  0.04153937  0.02206355 -0.6012597  -0.59800565 -0.76147735
 -0.8928429  -0.76571965  0.21091652  0.28346872  0.1239019   0.1239019
  0.18912667 -0.49910796 -0.49913207 -0.17616582 -0.01917803  0.09538716
  0.37928116 -1.0383332  -0.6285933   0.03782737 -0.04682505  0.03963512
 -0.06046778 -0.19245994 -0.10561413 -0.07008517 -0.06847018 -0.11354423
 -0.04400492  0.03363329 -0.10828966 -0.24541593 -0.13993788  0.06209981
  0.23126    -0.54962945 -0.54962945 -0.51704115 -0.54336244 -0.95303
 -0.95303    -0.95303    -1.2159779  -1.265728   -1.1363872  -1.1363872
 -0.40148774 -0.87117356 -0.8947953  -0.9803154  -1.004154   -0.8557713
 -1.0316323  -1.0356817  -1.0370075  -0.8886488  -1.0643893  -1.1773155
 -1.2626668  -0.7687567  -0.9103904  -0.70538795 -0.4974448  -0.42862856
 -0.5879544  -0.6976506  -0.747449   -0.75489706 -1.0158443  -0.8543733
 -1.1247692  -0.6943484  -0.7441709  -0.8032492  -1.0124457  -0.8605679
 -0.6070446  -0.6567948  -0.66392946 -0.76362264 -0.7656955  -1.0337775
 -0.54962945 -0.6012115  -0.64903337 -0.6512509  -1.610002   -0.94977593
 -0.34925488 -0.16864544 -0.28689846 -0.5287797  -0.4141422  -0.20651245
 -0.85859144 -0.43749875  0.3245175  -0.24792272 -0.497493   -0.12636745
 -1.5090072  -0.6221094  -3.7246733  -3.8012748  -3.7178516  -0.56944275
 -0.78500265 -0.63433003 -0.4731723  -0.8307757  -0.5955953  -1.3018837
 -0.47519702 -1.1150312  -0.15423137 -1.3202748  -0.707268   -1.3466926
 -0.7340473  -1.1918259  -1.4280668  -1.7106352  -1.5960219  -1.3993111
 -1.7330276  -1.6699722  -0.8958317  -1.0177727  -0.8783083  -0.6695216
 -0.10086566 -0.36812812 -0.50802636 -0.68875635 -0.5833506  -0.608298
 -1.4524598  -1.4357319  -1.5004745  -0.7994408  -1.4740567  -1.8003253
 -0.0213232  -0.33100834 -0.16216147 -0.8644245  -0.1811071  -0.6604344
 -0.3044942  -0.23840171 -0.54586923 -0.49448004 -1.9123355  -1.0272454
 -1.2511452  -1.1011958  -1.0104692  -1.215327   -0.4357392  -0.5510275
 -0.75728333 -1.1179237  -0.6300878  -0.70302576 -0.79854894 -0.8395494
 -1.905948   -1.9389943  -2.0766268  -2.2464375  -2.3615572  -0.89908576
 -0.980219   -0.79076344 -0.79076344 -0.79076344 -0.6166138  -0.78762996
 -0.15982342 -0.1473136  -0.30075812 -1.3390999  -0.64797276 -0.21984178
 -0.29654    -0.30748305 -0.28299367 -0.17312872 -0.2839578  -0.05873227
 -0.03824407 -0.07189292  0.03816479  0.09726727  0.13081968 -0.97243345
 -1.4648252  -1.549622   -1.018327   -1.3206122  -1.0561217  -0.6809949
 -0.35870358 -0.3974865  -0.4185291  -0.4571433  -0.5382525  -0.9636597
 -0.64139247 -0.6801272  -1.2662101  -0.22013104 -0.48028293 -0.40356067
 -1.1808828  -1.3607692  -1.6382998  -0.21955258 -0.6427423  -0.96848047
 -1.0933379  -1.2114946  -0.13265848 -0.6369815  -0.616662   -0.74793106
 -0.69755423 -0.82882327 -0.9865342  -0.8257621  -0.81264967 -1.0810691
 -0.8597484  -0.8395494  -1.1280714  -0.8362231  -0.7823271  -1.0372485
 -0.99121034 -0.9781943  -0.8135174  -0.7371567  -0.863364   -0.971156
 -0.7941862  -0.7192476  -0.75564426 -0.52080137 -0.85357785 -1.1873667
 -0.7055808  -0.91914004 -1.4897724  -1.2382015  -0.828534   -0.77222764
 -0.88944423 -0.79134196 -0.93449414 -0.7965242  -0.13485193  0.0674268
  0.50512695 -0.3595472  -0.80773246 -0.7774582   0.2438181   0.28317952
  0.34690988  1.3268     -1.3342068  -1.2960505  -1.3339417  -1.6536779
 -1.5691462  -1.594455   -1.8990543  -0.16717511  0.1787138   0.14586037
  0.1401478   0.09230191 -2.1702938  -1.1384361  -1.2488313  -1.2983886
 -0.71061844  0.53930604 -0.9949705  -1.0639554  -1.0099149  -0.9494144
 -0.89551836 -0.64838254 -1.0015749  -0.2314598  -0.86326754 -0.93191504
 -0.8475519  -1.0737175  -1.0705599  -0.8065996  -0.82547283 -0.87541586
 -0.21109217 -0.6199401  -0.77741    -0.7341678  -0.66535157 -0.89158946
 -0.82272506 -0.81057674 -0.74197745 -0.72269446 -0.9681912  -0.87982684
 -0.88240594 -1.1086197  -0.9872814  -1.1629977  -0.9642623  -1.0931933
 -1.0241601  -1.0241601  -1.1623952  -1.0525784  -1.004853   -0.79717505
 -1.7485023  -2.379635   -2.2106676  -2.967164   -1.1584423  -0.980219
 -1.118912   -1.2400575  -0.39408788 -0.01344132 -1.4071689  -1.73686
 -1.0214124  -1.0233406  -1.028089   -1.1048596  -0.5096413  -0.65149194
 -1.5090796  -1.7886108  -0.21123677 -0.2267837   0.45082116 -0.4807409
 -0.513522   -0.42074665 -0.47211176 -0.42768854 -1.7648445  -2.171041
 -0.18616885  0.14706558  0.31750333 -0.03614706  0.46745276  0.1157307
  0.05448306  0.3878863   0.19006675  1.2139703  -0.55996996 -0.68579155
 -0.7328662  -0.6087078  -0.7192958  -0.6422602  -0.03776199 -0.05068165
 -0.23338813 -0.06432438  0.37776268 -0.3563896   0.28404737  0.42146277
  0.49305093 -1.5332797  -1.6004088  -0.79204094 -0.88247824 -0.89997756
 -0.59762    -0.6880573  -1.1347723  -1.37863    -0.88505733 -1.3925138
 -0.79440314 -0.9796164  -0.6212176  -0.6178431  -0.5300331  -0.2671816
 -0.05236888 -0.17862439 -0.28766978 -0.33500957 -0.22032386 -0.01274228
 -0.34412077 -0.45306978 -0.2782211  -0.18739814 -0.9773748  -1.0337534
 -1.0862997  -0.3441931  -1.0446966  -1.023895   -1.2656558  -0.9367599
 -0.9238403  -0.9033521  -1.1449441  -0.6620976  -0.75983834 -0.09368271
 -0.03872615 -0.34096318 -1.0502645  -0.00618607 -0.0213232  -0.7437611
 -0.5903648  -3.480743   -2.8333402  -3.5622377  -3.6837687  -3.0959506
 -3.2378254  -0.65674657 -0.55553484 -0.4659894  -2.0166326   0.0789966
 -0.06278175 -0.5318167  -0.3543408  -0.26669952 -0.24452406 -0.29205668
 -0.15230304  0.25558078 -1.2356224  -1.1210814  -0.89997756 -0.8866482
 -0.8916136  -0.89214385 -0.8506372  -0.4191799  -0.28431934 -0.5306116
 -2.4338202   0.75710773  0.70550156  0.80244684 -0.19405079  0.02447385
 -0.06613213 -0.03397769 -0.11735266  0.37344813  0.18150985  0.13009655
 -0.10860294 -2.4170923  -2.655623   -0.29273158  0.11700821 -0.43407604
 -0.17662376  0.09748417 -0.18183017  0.05402511 -0.20636779 -0.24493384
  0.02924639 -2.5622933  -0.9162476  -0.9662147  -0.8705951  -1.3346407
  0.17232633 -0.4569746  -0.67950046 -0.8402244  -0.7865935  -0.9211166
 -0.6998923  -0.94967955 -1.2763578  -1.3087533  -0.11455661 -0.22350556
 -0.16223383 -0.1597029  -0.20480102 -1.6685982  -0.06924152 -1.0264258
  0.01410925 -0.42084306 -0.6751859  -0.28492194 -0.07333916 -0.12330627
 -0.4948898  -0.5276468  -0.65785533 -0.46483243 -0.7498112  -0.41064715
 -1.0286434  -1.2462281  -0.79334253 -0.26631385 -0.6065625  -0.53933716
 -1.0322831  -1.1508013  -0.8114686  -2.2275887   0.40938675  0.29899156
 -0.05359823  0.06094289 -0.30360237 -0.3853141  -0.5607413  -0.53948176
 -0.7048094  -0.6714739  -0.64703274 -1.4709716  -1.3601665  -1.2490001
 -1.2695606  -1.2825766  -1.2501328  -1.265728   -1.1679873  -1.13564
 -0.76012754 -0.74913627 -0.5415547  -0.36877894 -0.12677717 -1.5228187
 -1.5047169  -1.5193961  -1.4105916  -0.80414104 -0.8462985  -1.1565139
 -1.0657632   0.06925863 -0.13408065 -0.23555744 -0.24683797 -0.2484771
 -0.24124593 -0.82024235 -1.1714342  -1.2431669  -2.7168465  -2.7586908
 -2.7702122  -2.7135203  -2.9568477  -2.9150763  -2.9004211  -2.9455671
 -3.1977406 ]","[0.6328619  0.57423174 0.6205466  0.6100592  0.40710372 0.40710372
 0.41288978 0.41021127 0.41097102 0.358163   0.36951315 0.36310893
 0.3743936  0.37538314 0.3526386  0.3722934  0.35177234 0.3714872
 0.39049748 0.37919042 0.35885674 0.3812747  0.58424944 0.58235234
 0.59191763 0.61054015 0.581907   0.6170015  0.5714409  0.58944476
 0.6142728  0.6150452  0.63533586 0.598925   0.6545065  0.35341176
 0.37263718 0.3607372  0.36835194 0.3888328  0.40664005 0.41185987
 0.39451155 0.40144554 0.40599164 0.4275067  0.4275067  0.5058875
 0.48484033 0.45448712 0.45298785 0.48034832 0.5102022  0.5184486
 0.48622298 0.491659   0.5825966  0.55196667 0.5162955  0.5016523
 1.3771118  0.5685223  0.56691563 0.5690318  0.637544   0.5585555
 0.59889853 0.79246587 0.4778274  0.48350167 0.71619153 0.6770428
 0.677084   0.68415326 1.1349453  1.1515895  0.4885561  0.5158034
 0.51040155 0.46961048 0.50780565 0.47117543 0.34663278 0.3472236
 0.3610015  0.33768043 0.43006405 0.42970616 0.42968896 0.34487095
 0.35969126 0.35886553 0.35447475 0.3530269  0.35253996 0.35128817
 0.42938352 0.38412213 0.6300514  0.6048615  0.72495806 0.6178114
 0.5111701  0.6757862  0.6974125  0.6934238  0.5041366  0.45118937
 0.48878253 0.46561912 0.44460583 0.5280648  0.52777034 0.527089
 0.52675396 0.5280708  0.52675396 0.52776134 0.52776134 0.5274418
 0.9179371  0.9248901  0.9239757  0.93380946 0.78006893 0.7638511
 0.3508634  0.6306499  0.5555569  0.38745487 0.3835785  0.3605034
 0.385956   0.38274512 0.3980142  0.77503437 0.78397775 0.77099824
 0.87197584 0.42407122 0.42260745 0.44246855 0.43174794 0.44242093
 0.43775848 0.41105303 0.51850045 0.4352003  0.44568542 0.5283342
 0.54258865 0.4831637  0.46095353 0.4606322  0.4606322  0.4606322
 0.4832499  0.45996252 0.45996252 0.48293465 0.45973217 0.45973217
 0.48271418 0.48602787 0.46111584 0.46111584 0.48397008 0.55874133
 0.5758262  0.9947484  0.9947442  0.99489146 0.9953484  0.3234617
 0.34859127 0.4514381  0.47381628 0.43905777 0.44728106 0.42555228
 0.46682397 0.45532343 0.45763907 0.4391862  0.42903852 0.4668217
 0.42944366 0.48005864 0.4546413  0.43094534 0.9975927  1.0031897
 0.8070311  0.845013   1.1044708  1.0833079  1.0426949  1.071249
 1.1610553  1.1604294  1.0827634  1.1652179  1.1694177  1.1660813
 0.5789383  0.81510025 0.51008236 0.5218394  0.5092377  0.5146866
 0.45242566 0.81843495 0.8138956  0.5830523  0.85118586 0.85860276
 0.79389685 0.79946536 0.79930913 1.1692262  1.135584   1.1960958
 1.1929753  1.0701709  0.47107476 0.43672326 0.44167948 0.44167948
 0.59810174 0.59583586 0.5798442  0.52743477 0.5986768  0.5582045
 0.5797351  0.75099736 0.7858273  0.43176016 0.419079   0.45114267
 0.5843874  0.50233984 0.69303006 0.5376041  0.60106784 0.6394355
 0.74618405 0.47617257 0.5080536  0.5784557  0.48396572 0.5039663
 0.5853037  0.6662268  0.6662268  0.65871805 0.6618727  0.42139998
 0.42139998 0.42139998 0.75266194 0.7584408  0.41610482 0.41610482
 0.57041824 0.44415405 0.4575884  0.44945288 0.46702033 0.48308522
 0.398665   0.45040736 0.40457833 0.47362494 0.3837282  0.44168428
 0.43275613 0.47878253 0.47977313 0.48470885 0.49923688 0.48661947
 0.5390606  0.47021043 0.45325765 0.47225896 0.47976875 0.4931721
 0.5001796  0.45704684 0.43198586 0.49349466 0.4882389  0.48606583
 0.4630055  0.4399773  0.45757917 0.46884346 0.46968117 0.492065
 0.4791698  0.49755684 0.4813083  0.48774654 0.6353715  0.9864993
 0.46341845 0.506406   0.52887547 0.537854   0.5350427  0.5853307
 0.47921488 0.96983194 0.72695565 0.6345366  0.6444509  0.74957025
 0.5603253  1.0239338  0.85176206 0.849228   0.89055014 0.9999378
 1.138622   1.1307515  1.1559552  0.90516007 0.88274753 0.7106201
 0.90175974 0.7253214  0.50473    0.57885367 0.5891345  0.5780338
 0.5881337  0.5941656  0.5706048  0.5835744  0.59942883 0.6544018
 0.47023508 1.0588888  1.0549866  1.0521684  1.0490391  1.0811801
 0.44665387 0.4678714  0.5326807  0.7971889  0.85219127 0.7834036
 0.54002357 0.9601855  0.66230327 0.6324746  0.49145743 0.7154289
 0.64478934 0.63876355 0.6388518  0.80761915 0.46955776 0.4496264
 0.4181589  0.4499099  0.47972372 0.53795195 1.102859   0.95800436
 1.0056707  0.95632905 0.95243216 0.95162296 0.53175306 0.5301671
 0.5334103  0.5671238  0.68352914 0.55110586 0.54488635 0.5811785
 1.4217745  1.421089   1.4193367  1.4186211  1.4188536  0.3233444
 0.32049462 0.5605087  0.5605087  0.5605087  0.6456664  0.5776663
 0.59073514 0.6298757  0.5893831  0.66435677 0.5351727  0.559918
 0.5560755  0.59730923 0.7141809  0.42990598 0.44237447 0.4576805
 0.497009   0.5484509  0.47716525 0.59059507 0.52057153 0.8416339
 0.89258385 0.89945275 0.6780103  0.7189841  0.6345092  0.5078337
 0.54483896 0.5825677  0.54263234 0.57963145 0.5761108  0.49879438
 0.5412351  0.5695011  0.7132491  0.5927512  0.6159278  0.6059973
 0.58970755 0.58985764 0.8607015  0.66621804 0.9075008  1.2184315
 0.53891397 0.5620765  1.2930176  0.42762256 0.46671218 0.3607854
 0.46559647 0.35890666 0.3610234  0.52935845 0.42671588 0.35991827
 0.4322517  0.47165382 0.36272562 0.48799166 0.55351007 0.38193476
 0.5676262  0.4698988  0.35810706 0.36608762 0.3868887  0.37477338
 0.41035894 0.5318452  0.5278113  0.8201214  0.5914786  0.45133185
 0.79726684 0.82591563 0.6959209  1.3418531  0.77411807 0.686295
 0.81771225 0.6988096  0.8501935  0.77760625 0.6790679  0.6981163
 0.5297406  1.0900147  0.6471232  1.4214691  1.1224705  1.4821829
 1.5134406  1.1559019  0.8174564  0.7791429  0.7261354  0.80964905
 0.7745495  0.7746359  0.81209314 0.43390524 0.523382   0.47265604
 0.50341076 0.47906974 0.67760986 0.53606695 0.5809545  0.8725895
 0.44940716 1.1204787  0.35453865 0.46162182 0.37344378 0.4686861
 0.380234   0.3664904  0.3556442  0.872345   0.355779   0.37284783
 0.37512335 0.3786564  0.40312222 0.39336255 0.4096984  0.42683688
 0.8513932  0.34481597 0.3466358  0.41043213 0.34267443 0.39673722
 0.34444442 0.40641972 0.34047768 0.3661826  0.39246804 0.42761764
 0.34041268 0.38742632 0.40125912 0.4777932  0.3808377  0.40530705
 0.3575445  0.3575445  0.43442228 0.39644223 0.45450568 0.4831637
 1.1295     1.2212263  1.2090575  1.4008427  1.1257552  0.32049462
 0.34859127 0.36313796 0.57781494 0.54837215 0.9319647  0.6720432
 0.73739976 0.7373347  0.7371538  0.7351324  0.80152243 0.8066478
 0.74700487 0.6886626  0.8979183  0.90309805 0.5695353  0.8694862
 0.87060297 0.80649287 0.8648375  0.8593941  0.8366405  1.062855
 0.6267652  0.63878584 0.6183766  0.51901037 0.522462   0.55110204
 0.5042621  0.5215505  0.8884044  1.1042494  0.42288542 0.39414006
 0.39084145 0.46766078 0.41015857 0.43039843 0.7782416  0.838079
 0.69048125 0.6673047  0.9049045  0.8871128  1.0573162  0.82763463
 0.79470354 0.7777384  0.5096897  0.60592514 0.6117826  0.6261082
 0.6083042  0.6154605  0.98163027 1.3024906  0.81311375 1.17434
 0.78567034 1.1982617  0.49725175 0.4866455  0.48143092 0.58241117
 0.53697646 0.5409624  0.54402405 0.55321777 0.5677515  0.56672686
 0.565542   0.56732535 0.9202745  0.9038912  1.0403392  1.037154
 1.0281645  0.98567104 0.56149304 0.56199586 0.50404364 0.61029327
 0.49925375 0.50665873 0.46169713 0.6410035  0.4914017  1.0609491
 1.0601361  1.1339949  0.7072627  0.62324697 0.62296534 0.7329285
 0.6202969  0.60210407 0.6315734  0.59933656 0.5975888  0.63154835
 0.63814294 1.423007   1.1945736  1.0430143  1.2055055  0.523863
 0.5380097  1.40326    0.68703085 0.685871   0.6851815  0.688067
 0.6924786  0.7000196  0.7242854  0.7449521  1.2524346  1.2524048
 1.2499574  1.2458775  1.2435763  0.49759072 0.52324307 0.5062363
 0.69951355 1.0345185  0.99364495 0.90432376 0.75896025 0.55556923
 0.5607136  0.7603546  0.5557627  0.6028571  0.54642856 0.5360827
 0.5555455  0.5324532  0.58393365 0.5000974  0.5468421  0.62572855
 0.55839324 0.73602927 0.5465433  0.73503566 0.5462685  0.5564402
 0.734566   0.8404367  0.6148987  0.634706   0.6576565  0.6115853
 1.25521    1.1147785  1.1620402  1.1236993  0.44967327 0.42778146
 0.45127815 0.5249984  1.1494731  1.1352053  0.739477   0.7717142
 0.7294341  0.79225445 0.70613307 1.3211659  0.704054   1.1111097
 0.862761   0.79059386 1.2543025  0.82134897 0.7081324  0.7079262
 0.7178678  0.73271644 1.5199026  0.495247   0.48116925 0.53299123
 0.5992152  0.50286615 0.62958455 0.53237796 0.61356723 0.5524485
 0.49365908 0.51635164 0.5641838  1.1515895  0.42252263 0.42038468
 0.43793055 0.4384717  0.5132071  0.5077621  0.5031584  0.58085656
 0.5843901  1.1397913  0.93815285 0.77572554 0.85613513 0.83359975
 0.819577   0.82440287 0.59125674 0.7560428  0.8320902  0.5891479
 0.82535464 0.65249383 0.659046   0.5939474  0.58151567 1.0433052
 1.0040298  1.1675173  1.149172   1.069391   1.0802463  1.2067205
 1.2097188  0.45748246 0.4596772  0.4756289  0.48085484 0.4824958
 0.4959912  0.41929522 0.47438422 0.4617405  0.3693548  0.40773875
 0.4192374  0.3531925  0.4173554  0.3642087  0.34834632 0.39981595
 0.37851164]"
iid,0,71,"[-8.4821153e-01 -8.8364315e-01 -9.9978685e-01 -8.5017312e-01
 -6.0648370e-01 -4.4734794e-01 -3.8363642e-01 -1.6731918e+00
 -1.4127879e+00 -1.3984845e+00 -1.3071878e+00 -1.2281103e+00
 -8.5944992e-01 -7.1592528e-01 -7.7477366e-01 -7.5654703e-01
 -5.6994867e-01 -1.0102897e+00 -6.5715867e-01 -1.1367728e+00
 -1.2303580e+00 -1.1404099e+00 -9.5368898e-01 -7.6185971e-01
 -7.8204799e-01 -8.4906971e-01 -1.0020754e+00 -1.0698737e+00
 -1.0162971e+00  1.9720507e-01 -2.6091307e-01  3.8396680e-01
 -7.4273884e-02  4.2773533e-01  6.3926256e-01  7.1876907e-01
 -4.9099380e-01  6.8923771e-02 -3.8927606e-01 -7.5777304e-01
 -7.8156233e-02 -6.2626332e-01 -8.3962947e-01 -7.1762127e-01
 -1.0036284e+00 -8.0096936e-01 -8.5413718e-01 -1.0938625e+00
 -7.3231292e-01 -8.9643443e-01 -6.7869556e-01 -8.4285796e-01
 -3.5719556e-01 -4.8841918e-01 -4.3696776e-01 -2.3140717e-01
 -3.1641033e-01 -3.4955341e-01 -7.4921143e-01 -7.6729500e-01
 -8.5761088e-01 -6.4792275e-01 -4.6349037e-01  5.7501960e-01
 -1.5106642e+00 -1.2933748e+00 -1.5482209e+00 -1.6384959e+00
 -1.3559012e+00 -2.1356421e+00 -2.2750390e+00 -2.1935096e+00
 -2.2382178e+00 -2.6715298e+00 -8.6357749e-01 -7.9300028e-01
  2.4444723e-01 -2.9606836e+00 -9.7211999e-01 -1.1089833e+00
 -7.8450000e-01 -9.2487782e-01 -7.8646159e-01 -9.0456700e-01
 -1.0751864e+00 -1.0214055e+00 -1.1651753e+00 -1.1113944e+00
 -7.9998857e-01 -9.5303512e-01 -1.2780497e+00 -6.0039455e-01
 -5.2352387e-01 -5.3038955e-01 -1.5000027e-01 -1.5543556e-01
 -1.4154083e-01 -5.6112146e-01 -5.6283784e-01 -7.8760588e-01
 -6.5822124e-01 -3.3005992e-01 -3.2160044e-01 -8.4285796e-01
 -4.6541113e-01 -7.7109563e-01 -4.2818135e-01 -5.2732450e-01
 -5.2883661e-01 -9.4845808e-01 -7.8486776e-01 -6.2753016e-01
 -6.1890727e-01 -6.1890727e-01 -6.5184599e-01 -6.0014933e-01
 -5.2123535e-01 -5.2127618e-01 -4.3341231e-01 -5.2127618e-01
 -1.3006899e+00 -1.3380424e+00 -1.4308511e+00 -1.4637082e+00
 -1.5587645e+00 -8.4204060e-01 -8.5475022e-01 -3.3982706e-01
 -3.3353359e-01 -5.0182354e-01 -3.7971321e-01 -3.9279059e-01
  3.8437068e-02 -5.0652325e-01 -1.0135591e+00 -7.0865101e-01
 -1.0352594e+00 -4.6185568e-01 -6.4632893e-01 -5.8919704e-01
 -5.7575178e-01 -6.2119579e-01 -8.8576818e-01 -1.5803832e+00
 -1.1858948e+00 -4.5323277e-01 -3.7730205e-01 -3.2368463e-01
 -3.8653797e-01 -6.0726017e-01 -4.1506308e-01 -4.7795728e-01
 -5.5883288e-01 -5.6815052e-01 -4.5533741e-01 -6.3913637e-01
 -7.9361331e-01 -9.7804570e-01 -1.7807585e-01  1.4023656e-01
  1.4023656e-01  1.9393569e-01 -1.9340098e-01  1.2523842e-01
  1.2523842e-01 -2.1363002e-01 -2.4121520e-01  7.7015460e-02
  3.7701488e-02  3.7701488e-02  9.1441453e-02 -4.3341231e-01
 -1.1335852e+00 -1.7729938e-01 -5.7195115e-01 -4.1432747e-01
 -1.8530929e-01 -7.1972591e-01 -9.5687664e-01 -1.1383257e+00
 -1.0089002e+00 -8.4543258e-01 -1.0364037e+00 -9.5466983e-01
 -7.5299162e-01 -9.6100420e-01 -6.3766515e-01 -8.4547341e-01
 -8.9921343e-01 -6.9332588e-01 -6.9925159e-01 -7.3562318e-01
 -5.3566134e-01 -3.4900171e-01 -5.8539641e-01 -8.3591056e-01
 -5.8596849e-01 -7.5423801e-01 -8.3157867e-01 -6.0358214e-01
 -9.0325928e-01 -1.1622738e+00 -6.7052215e-01 -6.1627132e-01
 -3.1371310e-01 -6.7751038e-01 -9.8099291e-02  4.8592985e-01
  4.0987647e-01 -6.3108557e-01 -5.6917220e-01 -4.9393621e-01
 -4.5339623e-01 -4.2617887e-01  2.4318033e-01 -2.3190200e-02
  7.4890316e-02 -7.1862251e-01 -6.4310044e-01 -6.6884661e-01
  4.1633344e-01 -1.2680829e-01  1.5127063e-01  2.7076542e-01
  1.9172889e-01  2.6083481e-01 -3.3381966e-01 -2.9620168e-01
 -5.5642176e-01 -2.2495508e-02 -1.1035480e+00 -7.2855318e-01
  1.6312206e-01 -5.0044060e-03  8.9806795e-02  7.2438359e-02
 -1.6618353e-01 -8.0914736e-02 -3.3136761e-01 -2.2025526e-02
 -1.9838667e-01 -2.2257990e-01 -3.1052554e-01 -1.3218230e-01
 -7.8483164e-02  2.4273074e-01  2.5115961e-01 -6.1563790e-01
 -6.1085647e-01 -1.0659504e+00 -1.1542025e+00 -1.1250031e+00
 -1.1250031e+00 -1.1250031e+00 -1.1250031e+00 -5.7669175e-01
 -7.5801826e-01 -9.1564190e-01 -8.9467716e-01 -9.0142024e-01
 -1.0593709e+00 -9.5583451e-01 -1.0386717e+00 -1.1373041e+00
 -1.3564324e+00 -6.9144601e-01 -5.1383841e-01 -8.2491738e-01
 -6.7170727e-01 -8.5266602e-01 -5.6827313e-01 -6.2140012e-01
 -8.9655709e-01 -8.0244058e-01 -7.9054826e-01 -5.1457405e-01
 -8.4298056e-01 -6.9573706e-01 -4.0398815e-01 -3.7877327e-01
 -3.9209586e-01 -6.7922682e-01 -5.5973196e-01 -5.7321805e-01
 -2.2388768e-01  9.7489715e-02  6.1113834e-03 -4.0541849e-01
 -5.8985090e-01 -1.5490431e-01 -6.2732583e-01  1.7391086e-01
  8.5107577e-01 -1.4527149e+00 -1.8040478e+00 -1.6747448e+00
 -6.0341871e-01 -6.3901377e-01 -3.7384424e+00 -3.7384424e+00
 -3.7539308e+00 -3.7742419e+00 -2.7300969e-01 -2.1926969e-01
 -6.6187882e-01 -3.0421156e-01 -1.7131189e+00 -1.3859384e+00
 -6.6602683e-01 -1.1991765e+00 -1.2489934e+00  1.0492754e-01
  3.7783265e-02 -1.1509991e-01 -8.9844167e-02 -2.0660096e-01
 -1.9961774e-02 -2.3798674e-01 -8.0219537e-01 -1.0880637e-01
 -9.9330950e-01 -9.3272430e-01 -8.1715268e-01 -5.9777904e-01
 -9.6831936e-01 -8.5270685e-01 -6.3345587e-01 -1.2129078e+00
 -7.0047760e-01 -1.3654232e+00 -1.1882651e+00 -1.0726118e+00
 -1.6908056e+00 -1.5132389e+00 -1.3978715e+00 -1.2180367e+00
 -1.6902335e+00 -1.2328918e+00 -1.3744752e+00 -1.6855338e+00
 -1.8367004e+00 -6.9606400e-01 -8.5671180e-01 -4.3852067e-01
  6.3974261e-03 -3.6389768e-01 -1.2881439e+00 -1.4995074e+00
 -1.3914554e+00 -1.3201426e+00 -8.4347093e-01 -2.0754857e+00
 -5.6434989e-01 -4.5086250e-01  5.1474094e-01  5.4865599e-02
 -5.4771709e-01 -2.7025118e-01 -1.0665634e+00 -2.7027160e-01
 -9.2536825e-01 -5.8323044e-01 -1.6299593e-01 -1.1922747e-01
 -4.6835354e-01 -4.5870894e-01 -1.1094328e+00 -8.7587839e-01
 -6.8923920e-01 -6.4555246e-01 -9.1568279e-01 -1.2506689e+00
 -1.1877793e-01 -8.2074893e-01 -7.9504365e-01 -4.0202653e-01
 -2.2709572e-01 -2.0128777e+00 -2.0699279e+00 -2.0889721e+00
 -2.1899948e+00 -1.0481733e+00 -1.1383257e+00 -7.3693091e-01
 -8.2700157e-01 -8.2700157e-01 -7.8335571e-01 -6.7072648e-01
  1.3026500e-01 -1.0010177e-01 -6.8069804e-01 -3.7329710e-01
 -2.5335270e-01 -1.9098979e-01 -2.2601271e-01 -3.3533174e-01
 -2.8146914e-01 -1.0586399e-01  5.7603598e-02  1.4890033e-01
 -7.7375197e-01 -8.0922449e-01 -1.4782976e+00 -1.5812006e+00
 -1.6919906e+00 -1.2870812e+00 -1.3469310e+00 -8.0305356e-01
 -8.5515887e-01 -3.8294169e-01 -7.6888883e-01 -4.3925628e-01
 -8.4804803e-01 -1.0096358e+00 -1.0295380e+00 -6.9982374e-01
 -1.2651767e+00 -1.1990540e+00 -4.4391513e-01 -1.3427421e+00
 -1.5241094e+00 -1.2026094e+00 -1.0121696e+00 -1.1559802e+00
 -1.2614987e+00 -9.9549586e-01 -8.8658553e-01 -1.0121287e+00
 -1.0449040e+00 -4.5674732e-01 -7.7685785e-01 -7.7248514e-01
 -6.8809491e-01 -7.2734761e-01 -1.0281894e+00 -8.4492171e-01
 -7.6907271e-01 -6.8831968e-01 -7.1547574e-01 -9.8883456e-01
 -1.0020142e+00 -1.0292723e+00 -1.0766984e+00 -7.3946464e-01
 -7.9067087e-01 -7.5859034e-01 -8.9618927e-01 -1.1426167e+00
 -8.6169755e-01 -9.9798870e-01 -1.0257783e+00 -8.8911927e-01
 -1.0257783e+00 -1.1570836e+00 -5.4931092e-01 -6.0051715e-01
 -6.3950419e-01 -8.2054460e-01 -9.2712551e-01 -6.9957852e-01
 -8.0056071e-01 -1.5739715e-01  2.9079032e-01 -7.3938292e-01
 -1.3933396e-01 -1.0678916e+00  3.2981825e-01  3.6283863e-01
  2.4051905e-02 -1.3906381e+00 -1.2335457e+00 -1.9232974e+00
 -3.2213172e-01 -1.0271728e-01 -9.4298661e-02  1.1475605e-01
 -6.6001940e-01 -7.3182255e-01 -8.4142756e-01 -2.1697659e+00
 -1.0023206e+00 -1.0456395e+00 -1.0507889e+00 -6.3917726e-01
 -7.3059654e-01 -1.1520571e+00 -1.1350155e+00 -1.0762489e+00
 -1.1152359e+00 -1.0811529e+00 -6.5785342e-01 -1.0764123e+00
 -9.8883456e-01 -7.1134824e-01 -7.3639965e-01 -8.2978052e-01
 -8.9283818e-01 -1.1279047e+00 -1.2180979e+00 -9.4298190e-01
 -9.7804570e-01 -1.0055900e+00 -1.0793548e+00 -8.6153412e-01
 -1.0256147e+00 -7.6071543e-01 -8.6210626e-01 -5.7600141e-02
 -6.0665190e-02 -6.2252396e-01 -6.2252396e-01 -5.5977285e-01
 -5.1009905e-01 -7.2385347e-01 -5.6976479e-01 -6.8212837e-01
 -5.6976479e-01 -7.8331482e-01 -7.7552968e-01 -9.3971252e-01
 -8.7690008e-01 -9.1899300e-01 -1.0207107e+00 -8.0683374e-01
 -7.7751172e-01 -1.1165845e+00 -1.0411851e+00 -8.2373226e-01
 -6.6598594e-01 -9.9674231e-01 -8.2195449e-01 -1.0316631e+00
 -1.0378339e+00 -9.8820114e-01 -1.0823381e+00 -1.1285176e+00
 -1.5120128e+00 -1.4392697e+00 -2.2878304e+00 -2.1215837e+00
 -1.1923927e+00 -1.0481733e+00 -1.0626402e+00 -1.3227990e+00
 -2.2650313e-01  6.6430867e-02 -8.3542013e-01 -1.2590874e+00
 -1.2859371e+00 -5.5973196e-01 -5.8151400e-01 -3.6769831e-01
 -5.4922915e-01 -6.8568379e-01 -1.3918232e+00 -1.2762107e+00
 -1.6971856e-01 -1.5721327e-01 -2.6459110e-01 -4.3525133e-01
 -2.9099113e-01 -3.7840545e-01 -2.4689570e-01 -2.0797360e+00
 -2.0667810e+00 -2.4630314e-01 -8.9455903e-02  1.4524275e-01
  2.8157485e-01  2.2111225e-01  4.1085732e-01  2.7460694e-01
  5.7457018e-01 -2.9025549e-01 -6.0820013e-01 -6.3795125e-01
 -6.6569984e-01 -6.9974202e-01 -6.5245897e-01 -7.1400458e-01
 -4.8592630e-01 -5.9892333e-01 -4.3461791e-01 -2.4784029e-02
 -1.3385785e-01 -2.7104807e-01 -1.1330181e-01 -1.0508752e-01
 -2.2112912e-01  5.7767153e-02 -1.4689440e-01  3.3572340e-01
 -1.9478585e+00 -1.7803450e+00 -2.1800280e-01 -1.9548059e+00
 -1.5391281e+00 -1.8528428e+00 -1.0801721e+00 -8.2884061e-01
 -6.7354631e-01 -8.2696068e-01 -1.1661153e+00 -1.1448236e+00
 -1.0025250e+00 -1.9148380e+00 -1.1943543e+00 -1.5934198e+00
 -8.7322205e-01 -6.8858534e-01 -6.5061998e-01 -4.5204765e-01
 -5.1935542e-01 -9.9721229e-01 -2.6103568e-01 -6.3974941e-01
 -5.8633631e-01 -4.2245999e-01 -4.1547176e-01 -1.2224708e+00
 -5.3447616e-01 -6.4326394e-01 -9.7914910e-01 -1.0066117e+00
 -1.2535295e+00 -8.0145973e-01 -8.6799109e-01 -9.7706485e-01
 -5.6443167e-01 -6.7354631e-01  1.5846324e-01  9.9083543e-02
 -3.5564259e-01 -9.5618188e-01 -7.2160578e-01 -5.3472579e-02
 -2.6677496e+00 -3.4995549e+00 -3.5131431e+00 -2.9296043e+00
 -3.7616956e+00 -4.0866690e+00 -7.9253036e-01 -3.8645625e-01
 -2.8657752e-01 -6.5407324e-01 -1.3872869e+00 -2.4297249e-01
 -1.8733989e+00 -1.8653890e+00  1.2715918e-01 -1.6447186e-02
 -1.9773281e-01 -5.9573567e-01 -5.7035732e-01 -5.5564529e-01
 -6.8212837e-01 -6.2254441e-01 -5.9168988e-01 -4.3952191e-01
 -5.6860006e-01 -4.8641670e-01 -4.8453683e-01 -3.6606362e-01
 -2.4781067e+00 -2.6953144e+00  8.3820260e-01  8.2686210e-01
 -1.3011849e-01  2.0807564e-01  9.7076297e-03 -1.5850055e-01
  2.8760266e-01 -6.4384103e-02 -1.3230491e-01 -2.4647021e+00
 -2.8038568e+00 -2.6460288e+00 -2.6460288e+00 -2.5846057e+00
 -2.6377330e+00 -1.8915075e-01 -2.4542451e-01 -2.8155085e-01
 -3.8118440e-01 -2.6835084e-01 -6.3689351e-02 -3.0235210e-01
 -3.5817635e-01 -8.5573101e-01 -8.8364315e-01 -7.4514514e-01
 -8.8564563e-01 -9.9500549e-01 -4.3326929e-01 -5.6951958e-01
 -6.8413085e-01 -8.1384718e-02 -7.5078475e-01 -8.6737812e-01
 -6.4387691e-01 -3.2245865e-01 -5.9724778e-01 -1.3839359e+00
 -6.8453950e-01 -5.0672758e-01 -1.5931791e-01 -3.4031749e-01
 -1.8449193e-01 -1.0762131e-01 -2.3128456e-01 -4.1767856e-01
 -1.7027795e+00 -5.6259263e-01 -2.4840778e-01 -1.1187142e-01
 -1.0669721e+00 -1.0679938e+00  3.4140944e-03 -7.4686158e-01
 -1.1338353e-01 -6.0227442e-01 -2.3528951e-01 -1.0496491e-01
 -1.4117301e-01 -2.0394462e-01 -2.9413790e-01 -4.3782595e-01
 -7.4387825e-01 -1.4472848e-01 -3.3071378e-01 -1.0341969e+00
 -7.9990679e-01 -2.2139472e-01 -5.0296783e-01 -7.5613832e-01
 -9.1282213e-01 -8.4040594e-01 -2.2879939e+00  4.7538614e-01
  4.2765355e-01 -3.8556218e-02 -2.2405112e-01  9.7081125e-02
 -5.0223219e-01 -3.4444505e-01 -6.1183727e-01 -5.3680563e-01
 -6.9455189e-01 -9.2265058e-01 -8.7849391e-01 -5.6005889e-01
 -1.2364881e+00 -1.4123793e+00 -1.2758429e+00 -1.1256979e+00
 -1.0983579e+00 -1.0593300e+00 -1.3315036e+00 -9.4363576e-01
 -1.2159320e+00 -9.9668097e-01 -7.9091609e-01 -7.6369870e-01
 -7.2458911e-01 -5.9835118e-01 -7.7939165e-01 -9.6361971e-01
 -4.4089097e-01 -6.2491465e-01 -6.2180877e-01 -8.0599600e-01
 -6.2822491e-01 -1.3857341e+00 -1.4200214e+00 -1.6376786e+00
 -8.0211365e-01 -9.3215215e-01 -6.5662742e-01 -8.7432545e-01
 -8.7440717e-01 -9.0677381e-01  2.0783049e-01 -2.7137500e-01
 -2.6405981e-01 -2.9156804e-02 -8.0284923e-01 -1.2454789e+00
 -2.7114773e+00 -2.7268431e+00 -2.7238188e+00 -2.9323425e+00
 -2.8108654e+00 -3.0658751e+00 -3.1448095e+00 -3.3909307e+00
 -3.4106896e+00 -3.2889676e+00 -3.4700692e+00]","[0.5090158  0.55907726 0.5187888  0.53921074 0.48376372 0.41989326
 0.45289746 0.49800268 0.47677168 0.4597942  0.45971152 0.46096402
 0.3674463  0.3651003  0.3563615  0.34933147 0.3529731  0.37138107
 0.34912837 0.36933595 0.37043035 0.3507239  0.35077158 0.38083085
 0.37992242 0.37790075 0.37773713 0.39653018 0.41102147 0.7133512
 0.63655347 0.72013855 0.6451455  0.7159728  0.7213343  0.7226921
 0.5795805  0.6609435  0.58007944 0.5131239  0.5490387  0.34309155
 0.3459108  0.33767357 0.35458565 0.33343688 0.3319475  0.35586783
 0.36269864 0.34536552 0.3608711  0.36235765 0.40174466 0.43845558
 0.4650227  0.46233472 0.46927738 0.4393952  0.50321275 0.5123433
 0.5165015  0.5669834  0.5515797  1.1900615  0.6620809  0.6672786
 0.662419   0.65645546 0.5297572  1.0749412  0.8090906  0.87656856
 1.0737071  0.8793644  0.41531703 0.45217648 0.636442   0.5181732
 1.12667    1.0828001  1.1478807  0.5946875  0.57834315 0.5899531
 0.5871606  0.57418984 0.58541673 0.57306993 0.4819821  0.47888696
 0.4889649  0.33890018 0.33143887 0.32894856 0.33399555 0.33275852
 0.3687868  0.33605525 0.33533686 0.3495446  0.3397542  0.3332332
 0.37141654 0.37560526 0.5454196  0.52613646 0.525807   0.5237458
 0.4618962  0.56121093 0.55133075 0.5457307  0.4591635  0.4591635
 0.4693972  0.46622616 0.47288993 0.47288138 0.4764251  0.47288138
 0.9113339  0.91108036 0.88790065 0.8857835  0.8824093  0.89253896
 0.9144946  0.5354723  0.86404246 0.8658162  0.8967134  0.8746863
 0.80370367 0.8328318  0.89680827 0.35266867 0.6123594  0.623783
 0.6186064  0.35170484 0.35128108 0.3505722  0.3549327  0.60399127
 0.76308846 0.44293463 0.46132988 0.47245905 0.45226723 0.42645538
 0.46951807 0.45253488 0.4541989  0.45575896 0.4358049  0.40160972
 0.4022009  0.4231721  0.4488138  0.40613458 0.40613458 0.42988452
 0.44840387 0.40552035 0.40552035 0.4479788  0.4475998  0.40412614
 0.40347123 0.40347123 0.42739648 0.45008537 0.73307025 0.47423688
 0.48472312 0.4638227  0.6603538  0.33374974 0.32009813 0.31485578
 0.3409228  0.33008325 0.3981241  0.40722468 0.3994492  0.41507295
 0.4346513  0.40800148 0.39225236 0.42228156 0.40760267 0.38238025
 0.3983531  0.98481673 0.9881074  0.7420012  1.0127406  1.0170448
 0.9991435  0.99867177 1.0214638  1.031677   1.0624855  1.0658101
 0.53841525 0.54944825 0.5096475  0.45522618 0.4580156  0.81665224
 0.39550668 0.44923696 0.47686198 0.7558176  0.72101814 0.69102734
 0.67706144 0.9885784  0.98109585 0.983916   0.46179968 0.43493095
 0.43784276 0.42298046 0.4224303  0.57251537 0.5468955  0.5274233
 0.53415924 0.46969283 0.7062935  0.7400348  0.45815384 0.48327753
 0.44757718 0.53284687 0.6061441  0.5802672  0.5808074  0.7531328
 0.5590301  0.4498151  0.5860992  0.49562863 0.5308024  0.5510228
 0.59454435 0.5136519  0.5156464  0.39674476 0.54971373 0.41005766
 0.41005766 0.41005766 0.41005766 0.45393443 0.45183238 0.3509434
 0.35853156 0.4500786  0.34829876 0.3776996  0.36423475 0.38628617
 0.36950323 0.4580742  0.5063203  0.42310023 0.42648387 0.44060996
 0.42069608 0.423129   0.4315208  0.43296835 0.45713532 0.41158444
 0.4292004  0.41503146 0.42113903 0.43519065 0.45402038 0.4365553
 0.44202322 0.46087387 0.46434888 0.500171   0.4961262  0.45979637
 0.4574079  0.5496511  0.48781654 0.6798893  0.52306044 0.45984486
 0.5922861  0.60220534 0.9178413  0.9175167  0.8595085  0.8595085
 0.8589549  0.85829216 0.5427928  0.5100112  0.91510653 0.89929
 0.548117   0.57451624 0.61959004 0.55844253 0.5662636  1.1657561
 1.1653057  1.1657397  1.2714367  1.1928421  1.1792477  0.5769855
 0.42634484 0.46813914 0.7535188  0.8463076  0.8362055  0.8463011
 0.8452575  0.8352313  0.845167   0.8305291  0.84351265 0.82971674
 0.8419881  0.83253187 0.837653   0.8456087  0.83827144 0.6663387
 0.5448145  0.6294267  0.64204466 0.4956736  0.45667624 0.7572487
 0.7751636  0.71244866 0.7871282  0.78484887 0.43341163 0.9249779
 0.55509204 0.4292606  0.6309044  0.47373983 0.9355675  0.94926876
 0.9291254  0.58011174 0.6179303  0.57950443 1.4411914  0.5535675
 0.80353224 0.4049915  0.38292968 0.39261904 0.41559505 0.4028705
 0.5300335  0.5004566  0.48768148 0.50984824 0.54237825 0.55069906
 0.5106902  0.97747535 0.58076465 0.51657015 0.55161643 1.1644864
 1.162848   1.162357   1.1600602  0.316432   0.31485578 0.52063423
 0.5188474  0.5188474  0.5367518  0.6263249  0.90316904 0.5246726
 0.5322627  0.5502554  0.6076618  0.58284676 0.51747656 0.5109263
 0.49999067 0.5527808  0.5385752  0.48858654 0.9106872  0.9104824
 1.0246658  1.0190583  1.0190171  0.602514   0.688505   0.6748879
 0.6832878  0.4657358  0.4352209  0.49834034 0.43439946 0.49694452
 0.44058582 0.49982044 0.70015806 1.2028499  0.55661327 1.1994066
 1.1902428  0.58759016 0.57920104 0.57415366 0.6014586  0.8399602
 1.0148286  0.8204359  0.47227883 0.48330057 0.5107041  0.3633671
 0.4269861  0.42478648 0.34198666 0.46177882 0.48464575 0.43353316
 0.47652826 0.369702   0.4657042  0.49672934 0.3550483  0.5035801
 0.50123954 1.0464565  0.6159725  0.5692485  0.5122177  0.47850493
 0.50039583 0.5338642  0.50039583 0.45252594 0.8983768  0.8989441
 0.9001803  0.8957993  0.7322737  0.5981322  0.61865306 0.6361148
 0.46615005 1.002809   0.5070172  1.3107806  0.94228494 1.1953251
 1.5030524  0.4908863  0.47977802 0.5405124  0.42276362 0.4927889
 0.500576   0.64378077 0.63540626 0.6357084  0.63386077 0.75582296
 0.6205689  0.69912547 0.6398464  0.45159796 0.45512155 0.35832945
 0.43170393 0.377764   0.43719196 0.4345627  0.37958091 0.38501182
 0.34044245 0.51792186 0.35468563 0.35168755 0.34321854 0.3507239
 0.36166626 0.37504905 0.38375178 0.40289062 0.36024442 0.35482132
 0.37509632 0.37327117 0.36752075 0.9000047  0.9276055  0.3589369
 0.3589369  0.3516299  0.36749038 0.34316242 0.36360964 0.35494125
 0.36360964 0.34026083 0.35002115 0.33211076 0.33721864 0.34575406
 0.33615175 0.353478   0.41253486 0.33627832 0.3656716  0.3648296
 0.36055088 0.32739544 0.36156398 0.3776312  0.32732734 0.3489324
 0.35426545 0.43141744 1.0976344  1.2382246  1.0895361  1.0667552
 1.2709142  0.316432   0.3287945  0.34407216 0.47700965 0.47957313
 0.6280746  1.0859729  0.46037892 0.64047    0.6393275  0.914018
 0.91489553 1.0069197  0.71498215 0.71862996 0.91595376 0.92247415
 0.63887644 0.563315   0.63487744 0.5711367  0.63047385 1.051826
 1.034773   0.5960431  0.5697609  0.51553434 0.5199789  0.5199282
 0.5166241  0.51473576 0.5239411  0.42575622 0.35133588 0.35791916
 0.36077842 0.35321704 0.37843394 0.38248754 0.44860604 0.38983735
 0.7809667  0.79222053 0.7610561  0.76342106 0.7740373  0.77148163
 0.803495   0.69567174 0.8184444  0.82425696 1.2440159  1.209277
 1.3111358  0.528101   0.5161944  0.45604014 1.157997   1.1778485
 0.52460307 0.5611956  0.924128   0.9115057  0.6783174  1.1165489
 0.5542471  1.1376855  0.6385441  0.4332164  0.9310189  0.6267737
 0.62362945 0.6067665  0.45727938 0.4871576  0.4657053  0.48881048
 0.6864031  0.8715714  0.835874   0.85965    0.5062742  0.53240734
 0.46980718 0.54934406 0.51862866 0.4700864  0.54127395 0.49590963
 0.90121645 0.92834204 0.5661535  0.6319587  0.5506586  0.7552409
 0.5225071  0.5702232  0.56987476 0.52469295 0.5701183  0.5967949
 1.4262666  1.2244213  1.2401658  1.2803268  1.4397705  0.49406007
 1.1720297  0.93778145 0.4695213  0.4721748  0.48208302 0.58739614
 0.58490676 0.6033862  1.0496234  1.0530574  1.0508174  0.5081641
 0.50484717 0.54310447 0.52304685 0.5342351  0.8619924  0.8597013
 0.8108939  0.77592534 0.5558163  0.72514445 0.5384143  0.51286614
 0.71126574 0.5116962  0.49332327 0.9983217  1.0148855  1.0086005
 1.0086005  1.0235137  1.0372539  0.8712778  0.8682972  0.95965844
 0.8550317  0.48483706 0.5464321  0.43771777 0.43835852 0.8091651
 0.84770787 0.76839685 0.82636684 0.8153843  1.0080749  0.98290163
 1.2319682  1.3033648  0.4095223  0.40491897 0.42182902 0.45276102
 0.44850326 1.0361929  1.0807797  1.0995151  0.738392   0.75558627
 0.73476297 0.75474495 0.73022974 0.7407328  1.1932268  0.6261218
 0.6895322  0.6079877  1.1411108  1.1411002  0.83632857 0.7691442
 0.6192023  0.5762852  0.6694246  0.6667841  0.6693338  0.664612
 0.668117   0.6701765  1.4062107  0.500096   0.5094377  0.5102396
 0.4559857  0.49658552 0.4878082  0.47765395 0.4853582  0.54207927
 1.2362283  0.39839125 0.39588055 0.3967231  0.40168917 0.43597808
 0.49172264 0.52126056 0.41514865 0.5626292  0.5831492  0.6302914
 0.91524327 0.92052174 0.9142862  0.74313587 0.86095387 0.7790259
 0.8354393  0.8915473  0.59016865 0.90762717 0.61843765 0.62027323
 0.80598503 0.8536096  0.90103036 1.0029298  1.0149153  0.61944366
 0.9950246  0.59219116 1.0114355  0.62122166 0.5843105  0.950859
 1.1621734  1.153407   1.0781747  1.0884596  1.2103717  1.1911105
 1.1911108  1.1988459  0.3870684  0.4489831  0.45462143 0.51835304
 0.38735104 0.44474164 0.40127525 0.40048155 0.37454352 0.40725452
 0.37196857 0.41312397 0.37697318 0.45090634 0.43454987 0.39386103
 0.40277746]"
iid,0,97,"[-7.19435036e-01 -8.37226927e-01 -8.26019466e-01 -8.48570526e-01
 -8.58552873e-01 -7.59137630e-01 -8.02470148e-01 -5.48827291e-01
 -5.27592123e-01 -3.23770344e-01 -5.62076628e-01 -1.39950633e+00
 -1.05956149e+00 -8.97983253e-01 -1.05516016e+00 -1.23212028e+00
 -7.30960131e-01 -5.94156325e-01 -1.00710869e+00 -7.83594370e-01
 -6.47153616e-01 -7.34000206e-01 -1.11754990e+00 -9.81063724e-01
 -1.51816034e+00 -1.15802383e+00 -8.33052516e-01 -9.06649709e-01
 -1.12902963e+00 -1.53843284e-01 -5.79092026e-01 -4.42560494e-01
  4.36159849e-01 -6.91484392e-01 -5.51867366e-01 -8.71620715e-01
 -7.57186532e-01 -6.98199809e-01 -8.60186338e-01 -7.67577231e-01
 -7.95119524e-01 -8.13632250e-01 -1.04858088e+00 -8.11771870e-01
 -9.29246187e-01 -6.94615245e-01 -8.56193423e-01 -3.70142967e-01
 -5.43110132e-01 -5.93021989e-01 -5.67022443e-01 -6.45837784e-01
 -5.55996478e-01 -4.89114612e-01 -5.11665702e-01 -5.67884564e-01
 -3.43099833e-01 -3.65968525e-01 -4.21960533e-01 -8.69306624e-01
 -7.95119524e-01 -1.10316622e+00 -7.03997612e-02 -1.45091558e+00
 -1.62773955e+00 -1.30821300e+00 -1.38707376e+00 -1.56512284e+00
 -2.39202595e+00 -2.59230804e+00 -2.92635441e+00 -2.82798290e+00
 -8.13813746e-01 -6.85222745e-01 -2.52610707e+00 -2.36480093e+00
 -2.89899373e+00 -3.08702517e+00 -8.10909808e-01 -6.74060643e-01
 -7.39944220e-01 -1.07099581e+00 -1.14504683e+00 -1.00856066e+00
 -1.00565660e+00 -8.90360355e-01 -9.43403006e-01 -5.28953314e-01
 -4.59711999e-01 -4.51000124e-01 -3.13969493e-01 -3.11428487e-01
 -1.35103643e-01 -1.32834911e-01 -1.26845479e-01 -1.50712430e-01
 -7.05822706e-01 -7.01285243e-01 -6.95205092e-01 -4.82308477e-01
 -3.09704304e-01 -3.33752722e-01 -7.85500109e-01 -6.96747839e-01
 -3.57438147e-01 -5.36666989e-01 -6.43387556e-01 -1.15475690e+00
 -9.10098195e-01 -5.88983655e-01 -6.09901249e-01 -6.08993769e-01
 -6.17161155e-01 -7.25106835e-01 -7.10587025e-01 -4.76092160e-01
 -4.30536300e-01 -4.42242891e-01 -4.56218213e-01 -4.76228297e-01
 -1.50010133e+00 -8.51882875e-01 -6.40256703e-01 -1.65705132e+00
 -4.60619509e-01 -8.83680582e-02 -2.31569588e-01 -5.65525115e-01
 -1.56611145e-01 -6.99152648e-01 -6.51872516e-01 -8.42762589e-01
 -1.26574266e+00 -4.51998383e-01 -1.21451497e+00 -5.90844035e-01
 -6.78235054e-01 -7.69210696e-01 -7.33727932e-01 -7.68031001e-01
 -7.50153482e-01 -8.90859485e-01 -9.25117135e-01 -1.10357463e+00
 -9.68268156e-01 -1.37269008e+00 -4.43150371e-01 -5.10349870e-01
 -4.32169765e-01 -4.32578117e-01 -6.13440454e-01 -5.35124242e-01
 -5.35487235e-01 -4.01632786e-01 -4.46825683e-01 -6.24693274e-01
 -6.91756606e-01 -6.33495927e-01 -7.94847250e-01 -7.07365453e-01
 -8.01471889e-01 -7.74973273e-01 -8.69261265e-01  1.76890671e-01
 -1.31382942e-01  1.64095104e-01  1.64095104e-01  1.64095104e-01
  1.47488058e-01 -1.71675384e-01  1.24347091e-01  1.24347091e-01
  1.91591978e-01 -5.27037382e-02 -5.27037382e-02 -1.22377133e+00
 -1.38103890e+00  5.53780198e-02 -7.21159220e-01 -4.97327387e-01
 -1.56837940e-01 -1.07371831e+00 -7.92896152e-01 -9.55472589e-01
 -8.20756018e-01 -1.00134611e+00 -1.00710869e+00 -8.06326985e-01
 -7.81824827e-01 -8.10047686e-01 -9.81653571e-01 -7.37085640e-01
 -9.23392892e-01 -9.29382324e-01 -7.28600621e-01 -7.31776834e-01
 -5.91297746e-01 -7.77741075e-01 -7.83458292e-01 -5.54816723e-01
 -5.37574470e-01 -7.44027913e-01 -6.89079523e-01 -4.80584234e-01
 -6.55502498e-01 -6.03730321e-01 -5.16021609e-01 -4.47370172e-01
 -6.73107743e-01 -6.52417064e-01 -9.71489727e-01 -6.59132481e-01
 -6.59813046e-01 -2.42913187e-01 -4.72235352e-01 -8.16445470e-01
 -1.68317676e-01  2.10851431e-03  2.09469438e-01  3.69641066e-01
  3.69641066e-01 -7.21159220e-01 -6.43478274e-01 -4.97554243e-01
 -6.08358502e-01 -6.49830699e-01 -6.34947896e-01 -5.93657196e-01
 -7.59682119e-01 -9.07103479e-01 -5.42973995e-01 -4.29220438e-01
  1.95221901e-01 -4.23583984e-02 -5.53682387e-01 -5.42928636e-01
 -3.30077380e-01  5.36754966e-01  3.19865346e-01  2.51531482e-01
  4.75181937e-01  1.76073909e-01 -1.43134892e-01 -2.84703016e-01
 -5.73319793e-02  1.55564725e-01 -9.67995882e-01 -8.22117269e-01
 -6.43523693e-01  4.09035683e-02 -6.79041743e-02 -1.91277146e-01
 -1.72945857e-01 -1.35910511e-02 -2.75083631e-01 -2.64420658e-01
 -9.73975062e-02 -3.69507730e-01 -1.11327469e-01 -1.95769191e-01
 -1.11327469e-01 -2.55572677e-01  1.01569176e-01 -5.81859887e-01
 -5.49190283e-01 -9.93133307e-01 -9.93133307e-01 -9.93133307e-01
 -1.27195895e+00 -1.16555595e+00 -1.16555595e+00 -1.99989021e-01
 -7.71842420e-01 -9.11051035e-01 -1.05216539e+00 -8.19621682e-01
 -9.29291546e-01 -9.54655886e-01 -9.96581793e-01 -1.10607016e+00
 -1.13138914e+00 -1.24527884e+00 -1.33856845e+00 -4.34257001e-01
 -5.07899642e-01 -6.23604298e-01 -8.09820771e-01 -6.70566797e-01
 -8.37136149e-01 -7.05459714e-01 -7.31731474e-01 -7.76016891e-01
 -1.06051433e+00 -4.92699206e-01 -7.75517762e-01 -6.31680965e-01
 -1.52728057e+00 -1.84198737e-01 -7.36541152e-01 -2.83341795e-01
 -1.37508452e-01 -2.40689814e-01 -1.35784268e-01 -6.17433369e-01
 -4.71463978e-01 -1.86104417e-01 -7.84955621e-01 -4.95275259e-02
 -3.31438601e-01  8.05507421e-01 -1.50082731e+00 -1.76445258e+00
 -1.44043398e+00 -1.42949891e+00 -7.51151741e-01 -3.73964500e+00
 -3.76941061e+00 -3.89400864e+00 -3.74563456e+00 -4.30355787e+00
  1.83624029e-03 -1.54679167e+00 -1.24958944e+00  1.00389421e-01
  4.37167883e-02 -7.37574697e-02 -5.91842234e-01 -2.56207883e-01
 -1.40118515e+00 -1.65451050e+00 -1.35013902e+00 -1.47578073e+00
 -1.38988698e+00 -1.85334098e+00 -1.31642580e+00 -1.86572814e+00
 -7.43029714e-01 -8.60095620e-01 -5.69563389e-01  4.55868244e-03
 -4.74004954e-01 -5.96062064e-01 -7.01013029e-01 -1.08224869e+00
 -1.22513258e+00 -7.04824448e-01 -7.04915226e-01 -1.53413212e+00
 -1.83700621e+00 -1.85216117e+00 -1.95298314e+00 -7.10723162e-01
 -4.18421328e-01 -3.43145221e-01 -7.43347347e-01 -1.02025747e-01
 -7.16531038e-01 -3.22635978e-01 -9.92578864e-02  3.74097824e-02
  1.12640560e-01 -1.58063114e-01 -8.28323364e-02 -2.53349304e-01
 -8.83327305e-01 -1.81667852e+00 -1.25694001e+00 -1.01273513e+00
 -9.45671737e-01 -1.24840963e+00 -2.66734719e-01 -1.39601254e+00
 -9.76980031e-01 -8.62863481e-01 -5.27229130e-01 -5.88756800e-01
 -7.04143822e-01 -2.11973405e+00 -2.18561745e+00 -2.47038722e+00
 -2.60496783e+00 -8.85641396e-01 -9.74529862e-01 -1.15180755e+00
 -5.04133582e-01 -5.92840493e-01 -6.95794940e-01 -7.28827536e-01
 -7.72704542e-01 -7.65716910e-01 -6.61174297e-01 -6.91938162e-01
 -5.46331763e-01  9.41383839e-03 -1.45358264e-01 -5.17972708e-01
 -5.98648429e-01 -1.03723717e+00 -6.07814014e-01 -2.13056862e-01
 -8.50102901e-02 -2.79575706e-01 -3.01536888e-01 -6.30491376e-02
  7.54335523e-02 -1.55794382e-01  1.15725994e-01  1.11959875e-01
  9.16321278e-02 -9.24708724e-01 -1.01101089e+00 -1.66912091e+00
 -9.32921529e-01 -1.19958687e+00 -1.31193376e+00 -8.95351529e-01
 -1.03437865e+00 -1.05270994e+00 -1.10484505e+00 -1.16237974e+00
 -3.78310353e-01 -8.35593462e-01 -6.89760149e-01 -5.35396457e-01
 -1.04322672e+00 -1.01300728e+00 -6.88126683e-01 -2.69956350e-01
 -1.50803208e-01 -7.30234146e-01 -6.41754031e-01 -7.99793065e-01
 -1.10030758e+00 -1.02543986e+00 -1.37187338e+00 -1.92829943e+00
 -9.75482702e-01 -8.64633083e-01 -9.44219708e-01 -8.54423821e-01
 -1.96086824e-01 -3.85570258e-01 -5.23689926e-01 -5.27546763e-01
 -6.16571307e-01 -4.74231839e-01 -6.16299033e-01 -8.66992533e-01
 -5.77231646e-01 -7.15351343e-01 -7.89493084e-01 -8.82374465e-01
 -7.82414675e-01 -8.71575356e-01 -7.15487421e-01 -8.08278084e-01
 -9.46669936e-01 -9.50481415e-01 -1.20103884e+00 -7.60453463e-01
 -9.07239616e-01 -7.87995696e-01 -1.04150248e+00 -9.22167778e-01
 -8.81285429e-01 -9.04880166e-01 -4.95830029e-01 -1.19777179e+00
 -9.26069975e-01 -1.01926899e+00 -1.06491566e+00 -9.30017531e-01
 -9.30153668e-01 -6.54776514e-01 -5.15477121e-01 -6.92664146e-01
 -9.79339480e-01 -9.17584956e-01 -1.04231918e+00 -9.82878685e-01
 -9.30788934e-01 -8.56919408e-01 -9.69447911e-01 -8.59278858e-01
 -4.88025635e-01  2.94410348e-01 -5.93838692e-01 -6.45918250e-02
  2.66913414e-01  1.30979848e+00 -1.45377409e+00 -1.62601531e+00
 -1.49742424e+00 -1.82729614e+00 -8.02913904e-02  1.42688155e-02
  1.13638759e-01 -1.00518465e-02  3.81438375e-01 -6.20518863e-01
 -7.99793065e-01 -1.29714179e+00 -6.07814014e-01  6.19290948e-01
 -1.15416706e+00 -1.08297467e+00 -9.42314029e-01 -1.03660202e+00
 -1.27132368e+00 -9.52750146e-01 -9.00660336e-01 -1.12943792e+00
 -8.89861226e-01 -9.57015276e-01 -8.68625998e-01 -7.44254827e-01
 -7.89992213e-01 -3.70006859e-01 -6.54912651e-01 -7.49336720e-01
 -6.40846550e-01 -5.46649337e-01 -7.98204958e-01 -9.55336452e-01
 -8.88046265e-01 -7.93712914e-01 -1.04966974e+00 -9.55472589e-01
 -8.61139238e-01 -9.31424141e-01 -1.03977823e+00 -9.07693386e-01
 -9.77887511e-01 -1.06491566e+00 -9.70763743e-01 -1.20022202e+00
 -7.97796607e-01 -1.47115254e+00 -1.72211826e+00 -1.32318664e+00
 -1.07762039e+00 -3.19232941e-01 -2.59338707e-01 -4.61698771e-02
 -1.68559182e+00 -1.47891152e+00 -1.47891152e+00 -1.85837758e+00
 -1.48685205e+00 -2.66507894e-01 -2.38148868e-01 -2.75174350e-01
 -2.49673963e-01 -3.06528091e-01 -2.40009248e-01 -1.60977125e+00
 -1.55237269e+00 -1.74893451e+00 -2.91091204e-02 -1.85378432e-01
  3.19502354e-01  9.82218981e-03  2.15095878e-01  3.30392122e-01
  7.66586065e-02  3.97319436e-01  5.43243408e-01  3.19275498e-01
  1.50676847e+00 -3.39016169e-01 -3.26583534e-01 -3.72729331e-01
 -5.19333959e-01 -5.86805701e-01 -6.32724583e-01 -6.98199809e-01
 -6.96112573e-01 -5.15250266e-01 -6.20155871e-01 -3.38607788e-01
 -3.84562016e-02  2.59789586e-01  3.57208490e-01  4.07755494e-01
 -3.06301206e-01 -1.05055571e-02  3.79215002e-01 -1.36792576e+00
 -1.70560193e+00 -1.56671095e+00 -2.01936579e+00 -8.87048006e-01
 -7.84864902e-01 -7.72341549e-01 -1.03623903e+00 -1.28003550e+00
 -1.57347178e+00 -1.20230925e+00 -6.77781343e-01 -5.13752937e-01
 -4.46008950e-01 -3.26674312e-01 -6.96021855e-01 -8.53062570e-01
 -2.10243642e-01 -3.49134654e-01 -3.67556632e-01 -5.06492972e-01
 -7.50425696e-01 -5.37574470e-01 -7.01330662e-01 -4.90294367e-01
 -1.07444429e+00 -1.13188815e+00 -1.27086997e+00 -4.86664414e-01
 -6.83271646e-01 -1.03846240e+00 -9.91862833e-01 -1.10021687e+00
 -4.73142833e-01 -7.03962326e-01 -3.34115714e-01 -8.98845315e-01
 -8.04285109e-01  1.49121463e-01  1.27160311e-01  1.10280991e-01
  2.02775002e-04 -2.47087657e-01 -2.74177146e+00 -3.51372600e+00
 -2.83347321e+00 -3.57076144e+00 -2.97653866e+00 -3.13389707e+00
 -3.46812463e+00 -4.29265797e-01 -4.59757388e-01 -2.20044494e-01
 -4.31751013e-02 -2.10152924e-01 -2.16007185e+00 -1.14241505e+00
 -1.94436193e+00  1.64775670e-01  2.18463540e-02 -1.66321218e-01
 -1.15002751e-01  1.58287168e-01  2.84473300e-01 -1.23520565e+00
 -7.17620015e-01 -5.91751456e-01 -5.70017159e-01 -4.00453061e-01
 -4.22777265e-01 -3.77130628e-01 -5.41022897e-01 -2.24569321e+00
 -2.45355320e+00 -2.61853456e+00  1.04177189e+00  1.08256340e+00
  1.18524563e+00  9.58464503e-01  1.22621882e+00  2.47957110e-02
 -1.01980329e-01  3.97239327e-02 -7.33037591e-02 -1.56656504e-01
 -7.95423985e-04  8.93634558e-02 -1.44133151e-01 -2.58863306e+00
 -2.51081562e+00 -2.99495071e-01 -2.88650602e-01  1.02885008e-01
 -8.34322989e-01 -7.59092212e-01 -2.87198603e-01 -3.11610013e-01
 -7.29407668e-02 -6.48469448e-01 -2.58627343e+00 -2.61581230e+00
 -2.81609464e+00 -5.03271461e-01 -2.79484957e-01 -1.00936711e-01
 -7.55553007e-01 -8.32008898e-01 -9.13955033e-01 -4.16016489e-01
 -5.55043578e-01 -7.31232345e-01 -4.76001412e-01 -5.22147179e-01
 -5.18607974e-01  1.21375084e-01 -7.36495793e-01 -7.82550812e-01
 -5.23735285e-01 -1.22014141e+00 -3.91196698e-01 -2.25852430e-01
 -3.91514301e-01 -4.53450352e-01 -5.43382406e-01 -4.84214187e-01
 -2.17100716e+00 -1.56122065e+00 -1.59148550e+00 -4.35164481e-01
 -1.10737562e-01 -1.14412963e-01 -1.09327459e+00 -1.09390986e+00
 -6.09810472e-01 -7.21159220e-01 -7.70244598e-02 -1.34105444e-01
 -3.55305552e-01 -1.31337583e-01 -6.11171722e-01 -2.17140555e-01
 -3.56439888e-01 -6.54685736e-01 -9.68858004e-01 -1.21837175e+00
 -8.55921149e-01 -5.95744431e-01 -9.56279039e-02 -1.73717260e-01
 -7.40307212e-01 -5.25187254e-01 -4.49865758e-01 -7.02011228e-01
 -4.29583430e-01 -5.08171856e-01 -2.06301594e+00 -2.12917185e+00
  3.15645576e-01  6.40163183e-01  4.21367884e-01  1.25073075e-01
  3.03848147e-01 -5.02636194e-01 -1.78118587e-01 -1.97357297e-01
 -4.57443297e-01 -5.31585038e-01 -7.98295677e-01 -1.34740651e-01
 -2.21677959e-01 -9.55926299e-01 -6.60266817e-01 -1.46148777e+00
 -1.39024997e+00 -1.38639307e+00 -1.24160349e+00 -8.61502230e-01
 -6.21290207e-01 -7.60135829e-01 -5.48555076e-01 -2.42368698e-01
 -5.08434176e-02 -1.44769394e+00 -1.63681436e+00 -1.39324474e+00
 -1.36393285e+00 -9.47486699e-01 -7.19162762e-01 -8.52563500e-01
 -1.07943535e+00 -9.41860259e-01  2.85063267e-01 -1.19575262e-02
 -2.94186234e-01 -2.71226794e-01 -1.08695745e-01 -1.07013369e+00
 -6.34539545e-01 -8.10002327e-01 -1.16274285e+00 -8.67128670e-01
 -9.37141299e-01 -1.20480490e+00 -2.81074047e+00 -2.68496275e+00
 -2.74635434e+00 -2.82004237e+00 -2.75828791e+00 -2.77144647e+00
 -2.96328926e+00 -3.29751706e+00 -3.24873948e+00]","[0.6488916  0.6688346  0.6523329  0.6627792  0.6560904  0.66115886
 0.66110396 0.51620406 0.51269555 0.57689935 0.5230821  0.38926
 0.35735786 0.35027635 0.34842962 0.35748336 0.3646281  0.3781549
 0.3772434  0.36156723 0.3745361  0.3712203  0.36389613 0.37221825
 0.40846667 0.38684145 0.34555203 0.3410904  0.3698246  0.5662093
 0.5270687  0.5177893  0.5940018  0.593984   0.59292316 0.38341781
 0.3791785  0.36845642 0.3813866  0.369721   0.38107064 0.3961689
 0.3863134  0.40843704 0.38477597 0.38359523 0.38707593 0.3889854
 0.45167753 0.45022786 0.5181922  0.45967156 0.5132301  0.51735693
 0.51988184 0.4551913  0.5350884  0.5374944  0.4717873  0.49692985
 0.45815367 1.2429628  1.4853135  0.56547976 0.5613278  0.5155152
 0.6152576  0.73553634 0.83047646 0.83744025 0.872828   0.9112129
 0.42941418 0.4577508  0.67712563 0.67892313 0.7082509  0.7092778
 0.58442605 0.5716657  0.57509583 0.58127743 0.5877971  0.56938463
 0.57533675 0.4685971  0.46597603 0.34146112 0.3282159  0.32691875
 0.35880488 0.3581989  0.35592052 0.3554075  0.3547503  0.38646472
 0.34595874 0.35906464 0.3585955  0.36536276 0.3516751  0.38748068
 0.36557657 0.5247157  0.4634184  0.56359863 0.5674214  0.573871
 0.522245   0.48571497 0.49242628 0.49996352 0.49170205 0.5004079
 0.55631924 0.47406703 0.47552457 0.475058   0.47459304 0.4740649
 0.86063784 0.8938112  0.90493524 0.8794737  0.7885465  0.8673589
 0.8668782  0.8764217  0.6550347  0.3321589  1.3608379  0.6358207
 0.6537608  0.646402   0.55669785 0.4019186  0.3979461  0.37999508
 0.39626047 0.395137   0.39512932 0.3943888  0.3936443  0.3903423
 0.73205245 0.68800074 0.3932395  0.39212662 0.40694606 0.4097283
 0.39283165 0.40603837 0.40693986 0.42781132 0.5044008  0.47499222
 0.4419103  0.5525009  0.44257474 0.5563138  0.48139548 0.5626597
 0.4942785  0.44012508 0.45467165 0.4394925  0.4394925  0.4394925
 0.438774   0.4537206  0.43800133 0.43800133 0.43864876 0.43734953
 0.43734953 0.5119656  0.50816995 0.56075376 0.57419413 0.562889
 0.8237935  0.32298046 0.45998177 0.4770379  0.45963973 0.45700476
 0.46418238 0.43430445 0.43473366 0.4387016  0.44293565 0.4708334
 0.46413025 0.47169867 0.44394726 0.47365537 0.4591131  0.45975158
 0.4681527  0.9149892  0.9027989  0.800278   0.78570855 1.0530903
 1.0458237  1.1121012  1.101031   1.0616549  1.1224214  1.1209061
 1.0653105  1.1248083  1.1242956  0.5544979  0.55184364 0.7529323
 0.5194832  0.49998868 0.48577413 0.48718944 0.48718944 0.85171664
 0.86457384 0.83429915 0.43594354 0.44311312 0.45260057 0.46681246
 0.52882916 0.64740324 0.7978672  0.81174374 0.73744166 0.68712103
 1.1023102  1.0955054  1.1231971  0.56914824 0.5770679  0.43444023
 0.43951428 0.664306   0.76318246 0.57331914 0.50737387 0.567201
 0.7959551  0.83379453 0.8090606  0.48353085 0.4613691  0.48805356
 0.5277883  0.65747714 0.46823558 0.49666604 0.6030162  0.47208
 0.514125   0.6074019  0.514125   0.6454664  0.5448458  0.5896216
 0.5798692  0.41006398 0.41006398 0.41006398 0.6119786  0.41115037
 0.41115037 0.5895763  0.3939809  0.39308307 0.40592915 0.4381049
 0.38773558 0.39339322 0.44991538 0.38896078 0.3973808  0.39218828
 0.42037725 0.5241438  0.5183633  0.53127015 0.43424526 0.40877998
 0.41978335 0.41036996 0.43608457 0.44438756 0.42864582 0.42248464
 0.43859014 0.44917542 0.6774047  0.44495204 1.0290302  0.4708045
 0.4670284  0.46735314 0.47164306 0.47678638 0.48072597 0.5344682
 0.4986239  0.7192041  0.5816337  0.626168   0.58531624 0.6916409
 0.5900369  0.58689606 0.9611889  0.8790472  0.87771934 0.8968203
 0.88748026 0.8768558  0.8687902  0.61744434 0.56148314 0.76973826
 0.7677411  0.8078392  0.44627318 0.9994109  0.47246632 0.51165336
 0.48723495 1.054213   0.63127875 0.4714111  0.6533235  0.48658898
 0.8991631  0.9208367  0.9062876  0.4752807  0.4622041  0.5586221
 0.9218334  0.9011084  0.9039817  0.9167179  0.90291774 0.44938186
 1.0066512  0.7135571  0.47164202 0.90180844 0.6070051  0.61758065
 1.442142   0.580176   0.78015393 0.4474699  0.46571743 0.45406708
 0.4528544  0.44902614 0.45148665 0.44229338 0.5629982  1.0939555
 0.9227264  0.8656261  0.861434   0.85520697 0.48029378 0.8264147
 1.0039843  0.5091203  0.5873768  0.4926299  0.47311556 1.2576873
 1.258205   1.2658693  1.2754599  0.32064205 0.31625935 0.31353667
 0.5840784  0.5819759  0.5798457  0.5875552  0.5960433  0.64679176
 0.64483356 0.5731046  0.5801968  0.61692166 0.6354559  0.4988038
 0.53624856 1.608157   0.6497222  0.6059829  0.6270014  0.5193852
 0.4126775  0.5218076  0.45437002 0.43351108 0.51592475 0.5082761
 0.50229794 0.870867   0.87046874 0.8554733  0.6577048  0.6838851
 1.1326596  1.0030235  0.99406886 1.0254905  1.0945636  1.0303068
 0.47037178 0.43753505 0.46730134 0.46278498 0.45786864 0.43045875
 0.47529873 0.6249401  0.64844173 0.98206055 0.65086627 0.6332327
 0.6323597  0.6189918  0.6257453  0.7712213  0.7663243  1.2684778
 0.48192498 0.49701    1.3203831  0.49053928 0.43521804 0.44411638
 0.35513514 0.48544925 0.44246885 0.36174145 0.47909278 0.42878458
 0.42803514 0.34220427 0.45776072 0.35118315 0.4624581  0.52071106
 0.47471088 0.48580527 0.39626685 0.3690988  0.3689185  0.3805412
 0.38594788 0.38376468 0.51441705 0.5129501  0.85561585 0.54968387
 0.5207189  0.45752504 0.49530435 0.5326289  0.6793714  0.9319999
 0.93679106 0.9336025  0.8599477  0.8064561  0.71848893 0.6592212
 0.8378831  0.749852   0.79299814 1.3170402  0.6127169  0.49916038
 1.0353174  0.5889947  1.3590071  1.1435913  0.5247378  0.5845304
 0.53362536 0.6453907  0.45413482 0.51856065 0.53677845 0.5182009
 0.67388135 0.47344676 0.46734452 0.40218183 0.42449015 1.2114269
 0.43708557 0.44714877 0.3638255  0.32293364 0.35993394 0.33229694
 0.3622441  0.34579554 0.3832061  0.37740773 0.41236466 0.38377517
 0.4216523  0.89324206 0.3534792  0.33642438 0.3446304  0.39617398
 0.4509382  0.33685708 0.33483553 0.39106473 0.3283387  0.45164403
 0.36800474 0.3625737  0.3359971  0.34289584 0.3654621  0.34083024
 0.3965453  0.46977344 0.500425   0.89673096 1.1088178  1.3307232
 0.31222698 0.54355377 0.54527766 0.52575403 0.64071834 0.6195371
 0.6195371  0.756883   0.74970615 0.80635786 0.6346495  0.5759943
 0.69012713 0.6633273  0.6725801  0.7727152  0.82441545 0.8146482
 0.58878416 0.5663989  0.5713976  0.6258202  0.58783656 0.5812219
 0.6067991  0.5547151  0.56696993 0.718726   1.1652184  1.0596561
 0.40136513 0.3969887  0.43787706 0.3862873  0.3828837  0.35531673
 0.39442202 0.44622123 0.36196154 0.661213   0.6631137  0.70059615
 0.82041335 0.8070302  0.7804214  0.7795096  0.86631984 1.1370428
 0.5630492  0.5536036  0.47401386 1.122708   0.593145   0.6238446
 1.2940644  0.53998125 0.9141895  0.5336594  0.6264143  0.46297225
 1.0700366  1.030928   0.6497036  0.67681664 0.46313336 0.46529517
 0.46131665 0.465332   0.48841903 0.52543086 0.4988341  0.8756128
 1.1226796  1.1695195  1.1498039  1.0729841  1.098098   0.4948859
 0.43204242 0.45106894 0.5410964  0.43105316 1.3417392  0.6449602
 0.6837509  0.6472319  0.6463692  0.64581144 0.6438973  0.64615947
 0.65126187 0.53551686 0.64964545 0.53296477 0.6503209  0.65396893
 0.6518158  1.4512038  1.5722166  1.2265546  1.19849    0.52995074
 1.142907   1.0472156  1.0144122  0.46309417 0.45992696 0.5947345
 0.6594872  0.5975382  0.5966375  0.6900621  1.0881017  1.0916041
 1.0920321  0.49237406 0.48381642 0.5028275  0.48702282 1.0695673
 1.0740733  1.0807436  1.0689554  1.0327349  1.1232977  1.0058016
 1.0824296  0.73862046 0.51154304 0.5284688  0.5421043  0.5385081
 0.8220932  0.5511728  0.5521851  0.5614778  0.74620056 0.6983862
 0.6432645  0.69584256 0.5396152  0.5342692  0.42409572 0.42389485
 0.5375338  1.9379115  1.0078937  1.0056989  0.99403894 1.1640723
 1.1873019  1.1713163  0.69591355 0.692822   0.72034836 1.0346527
 1.0311744  0.98776966 1.5404856  1.5408989  1.5200005  1.5397539
 0.40981808 0.43457592 0.43376678 1.1222607  0.8007962  0.78844106
 1.0366071  0.84530234 0.82923746 0.7898309  0.9852273  1.3766556
 1.3720516  0.6182936  0.6232392  0.67256063 1.3744967  1.3744886
 0.72087014 0.714575   1.0980558  1.0963553  1.0844524  1.0912522
 1.097533   0.49960446 0.498541   0.55976415 1.5029747  1.5102755
 1.5062724  0.44378713 0.49483398 0.5951649  0.59456325 0.48266804
 0.51578695 0.48069766 0.48597956 0.5958665  1.3876575  1.3870333
 0.45575458 0.4575889  0.4384798  0.4390427  0.45071012 0.55540156
 0.559229   0.46247992 0.4609297  0.4656698  0.5682797  1.0419856
 1.0391543  1.0395777  1.0388764  0.5124694  0.59514034 0.5188687
 0.5756547  0.60567755 0.57043266 0.57692814 0.5048912  0.5177942
 0.4959074  1.0411038  1.0187446  1.1310542  1.1619722  1.1065744
 1.1521775  1.1436917  1.1260507  1.1539823  0.49970433 0.4750495
 0.45855284 0.469944   0.5778718  0.5033505  0.4980413  0.46273813
 0.4989998  0.45953995 0.54744744 0.48863673 0.35351488 0.39784983
 0.4553496  0.45413035 0.34024855 0.39438367 0.45572248 0.47950923
 0.41666436]"
iid,1,17,"[-9.33318615e-01 -9.14933324e-01 -8.90548587e-01 -4.87426490e-01
 -1.71411371e+00 -1.45149398e+00 -1.36469603e+00 -1.29599309e+00
 -6.28122509e-01 -8.08879137e-01 -7.74140537e-01 -7.92235553e-01
 -8.48649442e-01 -1.01179481e+00 -9.41543639e-01 -9.54316616e-01
 -1.21877480e+00 -1.12384844e+00 -1.38162994e+00  2.60274947e-01
  3.10689390e-01 -4.86168563e-01 -1.65199757e-01 -6.48056030e-01
 -1.42750323e-01 -5.45388579e-01 -8.12943220e-01 -8.64131808e-01
 -1.04392076e+00 -9.09417748e-01 -6.64893091e-01 -5.68321824e-01
 -4.62945014e-01 -4.57429409e-01 -5.13746500e-01 -3.68115515e-01
 -2.71253943e-01 -8.73130918e-01 -4.04789388e-01 -1.32676423e+00
 -1.36856663e+00 -2.46471810e+00 -2.74340057e+00  2.22052932e-01
 -2.16329575e+00 -2.16513443e+00 -2.22832179e+00 -1.33082843e+00
 -8.58712971e-01 -8.99450958e-01 -9.28383648e-01 -1.09394813e+00
 -1.00415039e+00 -1.11726844e+00 -1.00898862e+00 -6.07414842e-01
 -5.17907381e-01 -3.67438167e-01 -1.71295941e-01 -1.62296832e-01
 -6.04705453e-01 -6.27348363e-01 -8.53390932e-01 -2.10195422e-01
 -4.51623529e-01 -2.59255171e-01 -5.45291841e-01 -6.87729597e-01
 -6.87729597e-01 -6.63635194e-01 -6.37411892e-01 -8.60358000e-01
 -4.72234428e-01 -4.46398228e-01 -4.57429409e-01 -4.57429409e-01
 -1.23106384e+00 -1.26851177e+00 -1.39246750e+00 -1.41269135e+00
 -6.19607210e-01  8.68648291e-03 -3.38899493e-02 -4.18529987e-01
 -2.58190721e-01 -4.02563781e-01 -6.98935986e-03 -1.95283246e+00
 -1.04992020e+00 -8.22039127e-01 -6.99639320e-04 -6.51442826e-01
 -6.39734268e-01 -6.51055753e-01 -7.42691994e-01 -8.73130918e-01
 -1.02437425e+00 -1.03569579e+00 -1.04304981e+00 -1.18684232e+00
 -1.39411259e+00 -3.96854669e-01 -5.15101194e-01 -4.05079663e-01
 -3.15475464e-01 -6.02189541e-01 -4.91877675e-01 -4.02467012e-01
 -6.78149879e-01 -5.83223641e-01 -5.40937424e-01 -7.03792572e-01
  1.59155726e-01 -1.59297109e-01  1.36803091e-01 -9.02140141e-03
 -1.16419935e+00 -1.38646817e+00 -5.99963963e-01 -5.10553241e-01
 -4.13691729e-01 -2.17549503e-01 -2.17549503e-01 -3.80404651e-01
 -7.54988194e-02 -8.84653330e-02 -1.30945027e-01 -1.69070363e-01
 -8.13330293e-01 -9.96505976e-01 -1.15916765e+00 -1.34573007e+00
 -9.49478328e-01 -9.93893385e-01 -8.05879414e-01 -1.05824196e+00
 -7.27596700e-01 -9.79959249e-01 -8.97418857e-01 -6.47088408e-01
 -5.05618274e-01 -5.48775375e-01 -5.50323606e-01 -5.41130960e-01
 -5.98028660e-01 -8.14878523e-01 -6.40701890e-01 -5.82933366e-01
 -1.23474097e+00 -6.38282776e-01 -6.78440213e-01 -3.10927540e-01
 -3.75953466e-01  2.89103985e-02 -2.64480442e-01 -1.38859689e+00
 -1.18326211e+00 -5.74418068e-01 -5.26713014e-01 -5.96093357e-01
 -4.82104421e-01  2.38786340e-02  9.52909589e-02 -7.36886084e-01
 -8.73711526e-01 -1.19884121e+00  3.01109731e-01  2.37148225e-01
  2.78176486e-01 -4.09538150e-02 -4.35664058e-02 -3.83114070e-01
 -8.01435113e-02  5.12630343e-02  3.44266832e-01  3.38847935e-01
 -1.08136868e+00 -6.98567271e-01 -1.29203320e-01  6.50036931e-02
 -1.08302116e-01 -6.78544044e-02 -1.40476406e-01 -1.40476406e-01
 -3.24281067e-01 -1.40476406e-01 -1.16090941e+00 -1.22322583e+00
 -1.22322583e+00 -1.22322583e+00 -8.48746181e-01 -1.11165619e+00
 -9.02160347e-01 -1.04653347e+00 -1.09627056e+00 -1.27441454e+00
 -1.11475253e+00 -1.20929182e+00 -1.32153893e+00 -8.85516822e-01
 -7.88848817e-01 -5.93093634e-01 -2.76092231e-01 -3.88242602e-01
 -7.12114334e-01 -7.89139092e-01 -5.45485377e-01 -1.06317699e+00
 -7.61464357e-01 -6.94309592e-01 -6.90148711e-01 -5.54871559e-01
 -1.11068845e+00 -1.56006408e+00 -6.85504019e-01 -5.89520335e-02
 -1.05998373e+00 -7.72495568e-01  4.92309332e-02 -4.06144083e-01
 -3.09766352e-01 -1.13914430e-01 -5.56226254e-01 -4.59461480e-01
 -4.98844743e-01 -1.52039766e-01  6.62615299e-02  5.60729682e-01
 -1.51874566e+00 -1.50471473e+00 -1.68769681e+00 -1.59838295e+00
 -6.67602539e-01 -7.28854656e-01 -3.70804882e+00 -3.73059487e+00
 -1.43434405e-02 -1.33364141e-01 -4.52397645e-01 -1.05475843e+00
 -1.10188293e+00 -1.38482308e+00 -1.12655795e+00 -6.57255650e-02
 -4.54913527e-01 -7.03211963e-01 -6.97599590e-01 -1.33847284e+00
 -1.29309011e+00 -9.53252196e-01 -1.62576747e+00 -1.41346550e+00
 -1.27489829e+00 -8.25522661e-01 -4.94490325e-01 -7.15307593e-01
 -8.73324454e-01 -9.28577125e-01 -5.81094801e-01 -3.18571955e-01
 -1.32473218e+00 -1.37679160e+00 -1.28738093e+00 -7.15404332e-01
 -8.29006195e-01 -1.42565775e+00 -1.68160057e+00 -3.56600523e-01
 -2.73189276e-01 -2.30709493e-01  5.89075089e-02 -9.37963367e-01
 -5.55742443e-01  1.29442215e-02 -1.42169774e-01 -2.52965450e-01
 -4.24722940e-01 -9.57606554e-01 -5.58742166e-01 -1.95089698e+00
 -8.82710636e-01 -1.01711690e+00 -1.13062203e+00 -5.36195993e-01
 -3.88629675e-01 -2.16958547e+00 -8.18942666e-01 -7.77043521e-01
 -7.77043521e-01 -6.04318380e-01 -6.04318380e-01 -6.27735436e-01
 -1.00521481e+00 -9.19488072e-02 -1.45846844e-01 -3.73437583e-01
 -5.89900374e-01 -1.44879162e-01 -1.75360084e-01 -6.23388290e-02
  1.33996964e-01  1.17353439e-01 -9.39995408e-01 -1.00521481e+00
 -1.10788226e+00 -1.09172261e+00 -4.08659965e-01 -7.78785288e-01
 -6.82117224e-01 -1.14794290e+00 -9.25190389e-01 -9.41640377e-01
 -8.44972372e-01 -6.48830175e-01 -1.43881786e+00 -4.12337035e-01
 -2.77350128e-01 -5.31067431e-01 -3.96080554e-01 -5.58645368e-01
 -8.45649719e-01 -8.37811768e-01 -1.11949408e+00 -1.33856952e+00
 -1.24374008e+00 -6.41282499e-01 -8.04040849e-01 -2.37966895e-01
 -9.16868627e-01 -7.28661120e-01 -1.00376344e+00 -1.07440162e+00
 -8.29973817e-01 -9.91377473e-01 -1.26599598e+00 -9.12804484e-01
 -8.14104438e-01 -4.54816759e-01 -4.91490632e-01 -9.33125079e-01
 -9.75895166e-01 -1.05979013e+00 -8.17200899e-01 -6.87632859e-01
 -1.46107376e+00 -7.34950840e-01 -9.85087752e-01 -7.94364393e-01
 -9.11449790e-01 -8.05879414e-01  2.96658576e-01 -1.21896827e+00
 -7.98331738e-01  2.50017941e-01  1.69025838e-01 -1.33073866e-01
 -1.59770560e+00 -1.28950977e+00 -1.56925678e+00 -1.42653584e-01
 -1.39266789e-01  1.45415187e-01  5.70689440e-02  6.62615299e-02
  3.43976438e-01  2.55533516e-01 -5.16842961e-01 -6.52023375e-01
 -8.14684987e-01  3.73780072e-01 -1.05098462e+00 -1.15123296e+00
 -1.09694791e+00 -1.06124163e+00 -1.00695658e+00 -9.64670420e-01
 -7.64464080e-01 -1.04614639e+00 -3.48472297e-01 -8.18458796e-01
 -9.19287741e-01 -8.77775669e-01 -9.82475162e-01 -1.09472227e+00
 -7.45788455e-01 -9.00031567e-01 -1.00492454e+00 -7.53819942e-01
 -9.08546865e-01 -9.98344541e-01 -2.62351602e-01 -9.26448345e-01
 -8.74679148e-01 -7.70076454e-01 -6.76408112e-01 -9.93506312e-01
 -1.02485812e+00 -1.13255739e+00 -8.46036792e-01 -1.01740718e+00
 -1.16671526e+00 -7.84300864e-01 -1.15597439e+00 -1.05137169e+00
 -9.58090425e-01 -1.11272049e+00 -1.11949408e+00 -1.02272928e+00
 -1.34824610e+00 -1.32715130e+00 -1.56025767e+00 -9.47349489e-01
 -9.96505976e-01 -1.08340073e+00 -6.50482178e-02 -6.89471364e-01
 -2.19678342e-01 -4.41414833e-01 -1.14513671e+00 -1.40930462e+00
 -9.86345708e-01 -2.56448984e-01 -2.20646024e-01 -1.71779811e-01
 -3.08605194e-01  3.26075017e-01 -1.70715332e-01 -6.30161166e-02
 -1.69195461e+00 -2.18506789e+00 -2.22251582e+00 -2.18323648e-01
 -1.52717113e-01  2.95836031e-01  5.23717105e-01  6.20240033e-01
  1.24513984e-01 -2.63609558e-01 -3.19152534e-01 -5.64935088e-01
 -5.50613880e-01 -6.84923410e-01 -6.32960737e-01 -6.25413060e-01
 -7.08609819e-03  7.33184814e-03 -2.19775081e-01 -1.43434405e-02
 -1.50104463e-01  1.26836360e-01 -1.89874077e+00 -1.97247553e+00
 -9.04869795e-01 -7.10469306e-01 -1.13962114e+00 -1.11765552e+00
 -1.04566252e+00 -1.22409678e+00 -8.36457074e-01 -6.80762529e-01
 -6.28025711e-01 -3.91532600e-01 -3.31635207e-01 -4.18723494e-01
 -2.01776862e-01  5.68681955e-03  1.05250478e-02  1.00032508e-01
 -4.59461480e-01 -5.76546907e-01 -1.01053691e+00 -1.16158676e+00
 -8.64422083e-01 -8.33747685e-01 -8.47778559e-01 -5.86997449e-01
 -9.26351547e-01 -2.63423324e-02 -3.03379864e-01 -6.63061738e-02
 -2.72946644e+00 -3.70379114e+00 -3.82290864e+00 -3.38505477e-01
 -2.66802788e-01 -1.02785778e+00 -8.47488284e-01  8.25181007e-02
 -8.01435113e-02 -6.19607210e-01 -4.69428241e-01 -2.74156898e-01
 -6.29283667e-01 -2.37443638e+00 -2.70459795e+00 -2.42514819e-01
 -1.69457436e-01  1.35593534e-01 -1.05012059e-01 -1.54749215e-01
 -2.53303409e+00 -2.80542684e+00 -2.54580688e+00  8.33889246e-02
 -1.50491536e-01 -2.90413409e-01 -2.89736032e-01 -3.56503755e-01
 -3.47794920e-01 -2.38691926e+00 -2.42920542e+00 -2.81394196e+00
 -5.47911525e-02 -5.79256296e-01 -5.76740384e-01 -5.30099750e-01
 -7.44240224e-01 -7.86816716e-01 -8.17878246e-01 -7.64947891e-01
 -8.38005304e-01 -7.84397602e-01 -6.94793403e-01 -5.97835124e-01
 -1.07991731e+00 -1.31573296e+00 -1.12781584e+00 -1.63264513e-01
 -1.83101237e-01 -3.01734895e-01 -5.63870668e-01 -2.04659748e+00
 -1.86448622e+00 -1.82549000e+00 -1.64357209e+00 -4.66476917e-01
 -3.76630813e-01 -8.36270452e-02 -5.42872727e-01 -5.45008183e-02
 -4.40785885e-01 -5.06005347e-01 -1.74489200e-01 -1.88616872e-01
 -2.92929292e-01 -2.11743653e-01 -3.95306438e-01 -4.65557665e-01
 -5.57677746e-01 -6.28412783e-01 -8.51552367e-01 -4.27625865e-01
 -6.71956956e-01 -7.36305535e-01 -9.81120408e-01 -2.64867514e-01
 -3.16346377e-01 -1.13971794e+00 -8.58229160e-01 -6.65473700e-01
  3.24333251e-01  4.20614183e-01  3.90520394e-01  3.27139437e-01
  5.88035583e-03 -3.41021359e-01 -5.01167119e-01 -2.03034818e-01
 -2.52868682e-01 -3.21765184e-01 -4.84523535e-01 -5.24003565e-01
 -6.70699000e-01 -8.05879414e-01 -1.88520074e-01 -9.42511261e-01
 -1.34940720e+00 -1.17029560e+00 -1.30866921e+00 -1.15800643e+00
 -1.08688438e+00 -6.02673352e-01 -3.35892856e-01 -5.47614217e-01
 -1.60225356e+00 -1.61047864e+00 -1.12791252e+00 -1.07420814e+00
 -9.10482168e-01  3.03618908e-02 -1.32106245e-01 -2.97186911e-01
 -2.98154593e-01 -6.67312264e-01 -8.91032398e-01 -2.81607103e+00
 -2.73672390e+00 -2.87190437e+00 -2.94583249e+00 -2.90480423e+00
 -3.23728800e+00 -3.18600273e+00]","[0.78528774 0.78423756 0.7840439  0.45066774 0.51256186 0.4819883
 0.48500565 0.48798826 0.37392294 0.37708476 0.37159207 0.37098673
 0.37505108 0.3926431  0.37500253 0.37424424 0.372065   0.40603623
 0.38899145 0.62008756 0.6247643  0.48452696 0.5860351  0.5905269
 0.56656474 0.59322906 0.3685935  0.38013268 0.3916653  0.4255402
 0.37766653 0.40762588 0.44448012 0.4584406  0.4839016  0.44900343
 0.45692647 0.5252225  0.5228148  0.60927975 0.58471876 0.7984277
 0.8673414  0.7911616  0.6667398  0.66668206 0.66565114 1.0974002
 1.2894491  0.50291854 0.49805662 0.48815456 0.49926278 1.2634853
 0.494467   0.34694305 0.3310288  0.3569918  0.35258517 0.39884573
 0.32792267 0.3269614  0.36343503 0.6758796  0.6284939  0.7048333
 0.6254218  0.5078917  0.5078917  0.5131807  0.51273847 0.52285963
 0.5550339  0.5560341  0.555596   0.555596   0.838836   0.8508287
 0.8286658  0.8298372  0.8816155  0.6655472  0.66352963 0.6563698
 0.87169623 0.8705291  0.7891342  1.0607708  0.36093843 0.676991
 0.6917071  0.5006094  0.49707165 0.439007   0.49273413 0.49353805
 0.49129495 0.44221762 0.78215706 0.76615137 0.74569064 0.45311433
 0.44998726 0.44413936 0.4228468  0.4493984  0.4442741  0.42329937
 0.4525617  0.44615087 0.52241963 0.5375318  0.41430518 0.42146403
 0.41326028 0.41094616 0.59238213 0.58397716 0.7128382  0.7075026
 0.7523263  0.7170117  0.7170117  0.72820616 1.0417795  1.0414828
 1.0407043  1.0402228  0.34233266 0.32925272 0.32574502 0.36538103
 0.4127766  0.41608205 0.43684837 0.39531592 0.44333977 0.4352567
 0.39626104 0.44435135 0.47587013 0.45372823 0.46182144 0.45201874
 0.85282296 0.7675964  1.0845034  1.1119953  1.0458288  1.1142678
 1.1639947  0.5968079  0.59601754 0.5903472  0.8006336  0.8708913
 0.83147377 0.91319877 0.9843686  0.9611863  0.93720156 0.7918551
 0.80142146 1.1144284  1.1211746  1.0258545  0.55263746 0.467802
 0.46938857 0.8552269  0.6902282  0.7567462  0.7049463  0.7167657
 0.73631305 0.5868655  0.76474303 0.76684034 0.4213035  0.52872247
 0.6175123  0.66341984 0.56337756 0.56337756 0.6663441  0.56337756
 1.0276457  0.42196494 0.42196494 0.42196494 0.4279833  0.42889896
 0.45168024 0.45690596 0.49355492 0.44077048 0.4857645  0.46661714
 0.48325285 0.49715433 0.52191544 0.50349236 0.48083088 0.5259817
 0.39876872 0.40725043 0.4223716  0.49346635 0.4034435  0.41099936
 0.4314219  0.41183776 0.5056711  0.7117725  0.9509672  0.49749953
 0.5457799  1.103301   0.51184577 0.4708715  0.47530347 0.5086287
 0.5133398  0.5192801  0.52156544 0.75650275 0.75091285 0.578517
 0.7040497  0.6930221  0.7417213  0.72323656 1.222238   1.071696
 0.866243   0.8652515  0.58647877 0.5814611  1.0801034  1.1437995
 0.8251626  0.729215   0.8336591  0.6242753  0.45056614 0.571441
 0.48187822 0.5677032  0.5728114  0.5916764  0.5386177  0.63150406
 0.989336   1.0158174  0.45364568 0.63373774 0.91197985 0.9127172
 0.8818787  0.91652393 0.5215335  0.6616262  0.47749966 0.6164903
 0.6125288  0.46688798 0.60643643 0.7729177  0.80377716 0.7529671
 0.6524671  0.86012524 0.84461904 0.4263659  0.42520264 0.4320004
 0.4481347  0.60048586 0.5688531  1.163375   0.8083534  0.8049033
 0.80881673 0.47256228 0.5198308  0.95790917 0.7095205  0.72800183
 0.72800183 0.77975476 0.77975476 0.7293641  0.6974254  0.7066476
 0.8325256  0.70631033 0.6397718  0.4713596  0.5261874  0.5651267
 0.56117904 0.5505728  0.9927315  0.99239606 0.9930397  0.66477835
 0.50561553 0.4807378  0.51134646 0.6625229  0.8446627  0.48883724
 0.5208777  0.5120124  0.8603557  0.6800772  0.69175524 0.67829543
 0.69065475 0.69192064 1.1311885  0.5974683  0.60821056 0.596807
 0.61126274 0.48101044 0.4828274  1.3494519  0.35432062 0.5180844
 0.3520166  0.389462   0.36717787 0.55320865 0.37580082 0.42006308
 0.50704485 0.93605787 0.95156556 0.689889   0.73283404 0.67914325
 1.5764343  0.8289081  0.73240227 0.6588872  0.78826416 0.6372924
 0.8443196  1.7802811  0.49911684 1.3776944  0.6741145  1.0689906
 1.2939417  1.7173464  0.52204204 0.5020291  0.5528897  0.4627859
 0.54835147 0.50990266 0.5550901  0.5512056  0.73783773 0.72325677
 0.5669402  0.56346065 0.5608841  1.1910685  0.32466033 0.43670183
 0.43490034 0.42434767 0.41255215 0.43315503 0.37935036 0.3834088
 0.5760521  0.41755244 0.35869431 0.4148348  0.4721625  0.42012623
 0.37382558 0.37778917 0.41652697 0.4193987  0.42433298 1.4672761
 0.98779285 0.41072834 0.41115373 0.3535474  0.3810131  0.40382373
 0.40226564 0.5396541  0.44711074 0.34832445 0.392961   0.40983054
 0.39989704 0.35195747 0.391567   0.4537649  0.47115538 0.49909806
 1.1793578  1.3249058  1.3184961  1.2987562  0.32925272 0.3252639
 0.56252545 0.6132512  0.8686691  0.8634842  0.5860653  0.82797366
 0.82047844 1.018306   1.0124     0.7366705  0.6877999  0.57078874
 0.8735606  0.87892157 0.84667456 1.1237541  1.0943756  0.5926253
 0.5327729  0.49533004 0.5165537  0.5305623  0.8804061  1.0473888
 0.47923005 0.42389873 0.4670529  0.40393066 0.41717848 0.3938589
 0.7502959  0.7865879  0.69250244 0.7356733  0.793766   0.8222615
 0.4993763  0.49608573 1.0317158  0.70537347 1.0011145  1.0289466
 0.66029835 1.134548   1.1187534  0.51464254 1.1173537  0.71818626
 0.5060876  0.5046483  0.5367201  0.975173   0.9924894  0.96788514
 1.0963434  1.1112165  0.6155435  0.5375502  0.66991216 0.60475254
 0.5352864  0.67834145 0.6993824  0.6542174  0.6484526  0.8501809
 0.58960813 0.61989033 0.6242036  1.0757053  1.0549629  1.4427927
 1.1142315  0.5175559  0.5151781  1.4376478  0.6242628  0.5985915
 0.509285   1.0077482  1.0138831  0.8425251  0.51226336 0.66642374
 0.5062767  0.49647257 0.6662957  0.6816803  0.82638794 0.64078265
 0.64802724 0.57866806 0.5317348  0.5791875  0.5324144  1.0378823
 1.0364517  1.0261694  1.1633768  0.6833041  0.6918921  1.1068603
 1.3186314  1.3231663  0.49229255 0.4555489  0.45436072 0.49656686
 0.48170763 0.5121354  0.5115051  1.1431143  1.1673145  0.7856593
 0.78748363 0.7453019  0.7516213  1.1043899  1.1074252  1.4689165
 1.4934455  0.6761674  0.6722898  0.6334939  0.9734691  0.94689345
 0.92809135 0.97362405 0.93456703 0.80458915 0.7685204  0.7707121
 0.77330256 0.8043964  0.78664607 0.8147732  1.5426553  0.52080774
 0.5066014  0.55896074 0.54801166 0.55974764 0.67019707 0.5309544
 0.5569391  0.705939   0.46267796 0.456808   0.45612872 0.45568824
 0.4734192  0.57845765 0.5455262  0.5500302  0.5481322  0.5459419
 0.5419706  0.59576696 0.60004556 0.67812663 1.0073217  1.0019119
 0.56433713 0.6830192  0.5453927  0.5545031  0.7194073  0.5380126
 0.5466971  0.59693515 1.0118998  1.1978725  1.2218348  1.2340988
 1.3923986  0.4473748  0.44595724 0.45076358 0.46900937 0.5340448
 0.47303    0.43049717 0.35593948 0.39690387 0.3596489  0.35064086
 0.39914954 0.36548352]"
iid,1,29,"[-9.88953292e-01 -9.32682693e-01 -8.20141554e-01 -3.95975471e-01
 -2.60488570e-01 -1.55868006e+00 -1.39582109e+00 -1.31258535e+00
 -6.74835324e-01 -9.74198759e-01 -9.86714661e-01 -7.82848358e-01
 -6.28078818e-01 -1.00289369e+00 -8.20853829e-01 -6.97933674e-01
 -1.10469961e+00 -1.32667851e+00 -9.08973753e-01 -9.40416098e-01
 -1.06750822e+00 -1.61430001e-01 -4.08211529e-01 -3.29325885e-01
 -6.78345859e-01 -6.81296766e-01 -6.17038429e-01 -8.59673440e-01
 -7.95109808e-01 -7.13756621e-01 -9.56391633e-01 -8.91929805e-01
 -1.02283776e+00 -7.83000946e-01 -9.49472308e-01 -9.68347847e-01
 -5.98518968e-01 -3.67941916e-01 -4.93355095e-01 -5.74148655e-01
 -4.55756575e-01 -5.77760935e-01 -4.65525061e-01 -3.99078995e-01
 -6.30520940e-01 -7.74300933e-01 -5.71757376e-01 -4.75191802e-01
 -1.65168428e+00 -1.55053973e+00 -1.45946884e+00 -1.55628872e+00
 -1.59973824e+00 -1.26766038e+00 -2.11792612e+00 -2.26903224e+00
 -2.42135978e+00 -8.24924052e-01  2.98350394e-01  2.88124025e-01
 -2.42415810e+00 -2.63290858e+00 -2.83005905e+00 -2.93985271e+00
 -1.28923249e+00 -1.25107431e+00 -1.01724124e+00 -9.13959742e-01
 -8.62420797e-01 -1.19658458e+00 -1.04176414e+00 -9.92819965e-01
 -9.63768899e-01 -1.34891188e+00 -1.31166959e+00 -5.17420173e-01
 -5.16860485e-01 -5.17013133e-01 -5.27493954e-01 -5.26832521e-01
 -4.26603734e-01 -3.34973276e-01 -1.04141831e-01 -9.47803855e-02
 -6.80838823e-01 -6.90505564e-01 -5.89971542e-01 -4.98493731e-01
 -2.68018425e-01  6.39066696e-02 -2.69900888e-01 -4.41358238e-01
 -5.80660939e-01 -5.77811837e-01 -5.74097753e-01 -5.69010019e-01
 -7.29783058e-01 -8.43952239e-01 -4.17293161e-01 -4.31284487e-01
 -1.45814598e+00 -1.47773385e+00 -1.55013263e+00 -9.33700264e-01
 -6.92286313e-01  1.96431875e-02 -3.39816809e-02 -3.71045470e-01
 -4.61658388e-01 -1.59598351e-01 -2.32912958e-01 -7.66211390e-01
 -8.05743217e-01 -1.80763423e-01 -7.28307605e-01 -7.76793897e-01
 -7.18081236e-01 -9.40314353e-01 -9.98874366e-01 -9.43824887e-01
 -1.10373306e+00 -1.23886383e+00 -3.37924212e-01 -5.26985168e-01
 -5.77862680e-01 -5.53797603e-01 -6.79312527e-01 -6.43189490e-01
 -7.59037614e-01 -7.58885026e-01  2.00767279e-01  2.00767279e-01
  2.73420393e-01  1.50347650e-01 -1.87428415e-01  2.19541132e-01
 -8.23765993e-03 -8.23765993e-03 -1.14789474e+00 -1.19566870e+00
 -8.12357306e-01 -4.00045663e-01 -3.89819294e-01 -5.63108206e-01
 -1.18422127e+00 -9.92311180e-01 -9.74961936e-01 -9.22405422e-01
 -6.43342078e-01 -7.22863674e-01 -9.84984815e-01 -5.42757213e-01
 -5.99536538e-01 -4.74530399e-01 -7.59139419e-01 -5.70434570e-01
 -3.57664675e-01 -5.29121995e-01 -3.68247181e-01 -1.55435538e+00
 -6.58859730e-01 -1.88089788e-01 -1.33776975e+00 -7.26577759e-01
 -5.34515023e-01 -4.70816344e-01  2.87106454e-01  3.09899628e-01
  4.82934177e-01  9.22963619e-02 -5.21185100e-01 -1.25616217e+00
 -1.03092718e+00 -7.31156766e-01 -7.54102528e-01 -6.74530029e-01
  4.58347797e-03  7.02664256e-02  3.19555998e-02 -6.28409564e-01
  1.50856376e-01 -9.66374278e-02 -1.03505909e-01 -6.34652972e-02
  3.71450782e-02 -6.83494806e-02 -9.71207619e-02 -9.57216024e-02
  1.09442115e-01 -1.06329560e-01 -2.12943494e-01 -1.38229787e-01
 -2.23653197e-01 -2.73676515e-02 -2.74149150e-01 -1.64177358e-01
 -1.64177358e-01 -6.34652972e-02 -1.12231374e-01 -1.29147124e+00
 -9.51151252e-01 -9.51151252e-01 -9.51151252e-01 -1.10566640e+00
 -1.10566640e+00 -9.39805567e-01 -1.06089413e+00 -7.75013208e-01
 -1.08638382e+00 -1.04456246e+00 -1.14280701e+00 -1.26079202e+00
 -7.51914799e-01 -9.31563377e-01 -9.98263836e-01 -9.07345653e-01
 -8.16122234e-01 -4.57486421e-01 -4.75649714e-01 -6.75954580e-01
 -6.87554717e-01 -1.23301291e+00 -6.50261462e-01 -6.86130106e-01
 -4.78956759e-01 -1.02436399e+00 -1.14234900e+00 -4.32810813e-01
 -5.76387227e-01 -5.50541461e-01 -5.05667448e-01 -1.05092216e+00
 -1.60274005e+00 -1.04502034e+00 -5.04497290e-01  4.96609211e-02
 -3.68857741e-01 -2.77990431e-01 -4.68537807e-02 -1.60972118e-01
 -6.38610482e-01 -2.26756752e-01 -1.73761630e+00 -6.67254567e-01
  2.30937660e-01 -1.53410614e+00 -6.97730184e-01 -7.04903960e-01
 -3.66094017e+00 -3.67345619e+00 -3.82812381e+00 -2.05500722e-02
 -4.06201869e-01 -2.24670768e-01  2.17800736e-02 -1.55603433e+00
 -6.51533365e-01 -9.32275653e-01 -1.53289557e-01 -1.01699769e-01
 -8.22431087e-01 -7.82237828e-01 -5.30099273e-02 -6.55145705e-01
 -1.12947702e+00 -1.31039762e+00 -1.17114580e+00 -1.33191872e+00
 -8.52499723e-01 -1.10515761e+00 -1.41230536e+00 -1.05407655e+00
 -7.06135631e-02 -8.69441926e-01 -1.01164460e+00 -6.19582295e-01
 -1.08139777e+00 -1.54148340e+00 -1.37674189e+00 -1.83285928e+00
 -1.94097400e+00 -1.65901065e+00 -2.27157617e+00  1.54875755e-01
  7.61427879e-02 -1.00950778e+00 -6.87096775e-01 -1.72673881e-01
 -1.81587934e-02  1.56605542e-01 -2.00351298e-01 -2.53834128e-02
 -1.10399842e-01 -4.80279565e-01 -1.01673245e+00 -4.14698422e-01
 -2.94016868e-01 -9.27696705e-01 -1.10765052e+00 -7.68449962e-01
 -8.34590793e-01 -8.34590793e-01 -6.24670029e-01 -8.44461024e-01
 -4.21770394e-01  6.91979527e-02  5.62241673e-02 -4.73512858e-01
  1.41800225e-01 -3.45708460e-01 -2.39622617e+00 -1.72372675e+00
 -5.04446387e-01 -2.87351906e-01 -6.30836487e-02  3.48556042e-02
 -1.23952520e+00 -1.36636293e+00 -1.09096277e+00 -1.26776218e+00
 -1.31813097e+00 -1.05702746e+00 -5.17471075e-01 -5.78167975e-01
 -5.93736529e-01 -9.46673989e-01 -3.22915316e-01 -1.08979261e+00
 -4.12612408e-01 -6.01215482e-01 -1.20289338e+00 -1.19388807e+00
 -1.26643944e+00 -2.08251524e+00  3.23178709e-01 -1.03616762e+00
 -7.07396924e-01 -8.85977149e-01 -9.02715802e-01 -1.04954839e+00
 -6.54687762e-01 -7.38126993e-01 -7.93242455e-03 -3.86842936e-01
 -5.38712442e-01 -4.69671577e-01 -6.21668279e-01 -7.61225402e-01
 -5.66389799e-01 -8.57994437e-01 -1.10246110e+00 -6.43138587e-01
 -7.94982612e-01 -8.01393211e-01 -9.34717774e-01 -6.93838060e-01
 -7.48582304e-01 -9.00375485e-01 -9.07142162e-01 -1.04018700e+00
 -9.20726478e-01 -8.21820557e-01 -7.76285112e-01 -6.64252758e-01
 -7.79439509e-01 -4.69239146e-01 -7.28358507e-01 -1.10897338e+00
 -1.16565096e+00 -8.35506558e-01 -8.70255947e-01 -8.60589206e-01
 -7.77862310e-01 -4.05591309e-01  2.32921839e-01 -1.06669414e+00
  2.69401014e-01  1.62710905e-01 -1.93313885e+00 -1.56901836e-01
  7.42348433e-02 -2.45683193e-01  7.58629441e-02  9.05665159e-02
 -6.39933288e-01 -7.36397147e-01  2.69044936e-01 -1.08857155e+00
 -9.71502244e-01 -8.06150258e-01 -9.48861718e-01 -7.64939427e-01
 -9.03682470e-01 -8.02741468e-01 -8.53568137e-01 -7.62802601e-01
  5.01250088e-01  5.01250088e-01  3.83163273e-01  4.82578099e-01
 -6.02131307e-01 -4.86232221e-01 -7.01138973e-01 -8.78854275e-01
 -8.27620566e-01 -7.28460252e-01 -7.91344881e-01 -8.72036695e-01
 -7.56595492e-01 -9.70128596e-01 -8.44206631e-01 -1.14769125e+00
 -9.55628514e-01 -1.20146883e+00 -1.10062945e+00 -1.05616248e+00
 -7.33955026e-01 -1.54265356e+00 -1.30205369e+00 -1.58966446e+00
 -9.27696705e-01 -1.17430019e+00 -4.14240509e-01 -1.01496220e-01
 -8.40543449e-01 -8.52906704e-01 -6.69391394e-01 -1.35628915e+00
 -1.38539112e+00 -1.78830087e-01 -6.49406910e-02 -8.36636424e-02
 -3.04712057e-02 -4.50730324e-02 -4.37389791e-01 -1.79342890e+00
 -1.91141415e+00 -4.16504562e-01 -9.08119678e-02  1.09733129e+00
 -2.13833869e-01 -3.48201454e-01 -4.04675514e-01 -3.70791078e-01
 -2.74530768e-01 -4.08593088e-01 -5.48048496e-01 -5.88343501e-01
 -2.80127287e-01  9.31612253e-02  2.51695693e-01 -1.94977570e+00
  2.14135647e-03 -1.39826310e+00 -1.81983447e+00 -9.18640494e-01
 -8.00553739e-01 -7.87630796e-01 -1.15410185e+00 -1.56898272e+00
 -7.43977904e-01 -6.52245641e-01 -1.35889471e-01 -4.94220018e-01
 -6.61301851e-01 -5.60208201e-01 -1.05255020e+00 -1.05168533e+00
 -1.16946673e+00 -1.27330780e+00 -1.06949246e+00 -8.15613449e-01
 -1.06303096e+00 -9.75826859e-01 -3.56941152e+00 -3.69635105e+00
 -3.29224139e-01 -8.00248444e-01 -1.30378354e+00 -1.30378354e+00
 -4.66746122e-01 -4.66746122e-01 -2.14753675e+00  3.02624166e-01
 -4.85519946e-01 -3.84578913e-01 -6.34082377e-01 -4.27468657e-01
 -2.64584184e-01 -5.80203056e-01 -6.03352368e-01 -4.40238953e-01
 -2.70108438e+00  6.20812237e-01  6.51287854e-01 -2.97807246e-01
  2.33201683e-01  5.02206087e-02  7.94136524e-03 -5.72327971e-02
 -2.34896111e+00 -2.58111525e+00 -2.62812591e+00 -1.21338487e-01
 -2.11951375e-01 -2.36321688e-01 -2.98036188e-01 -7.32083321e-02
 -3.38290930e-02  2.87971437e-01 -8.37287307e-01 -7.04064429e-01
 -6.12612069e-01 -6.13731384e-01 -4.11416799e-01 -1.58860683e-01
 -4.24975663e-01 -5.64787149e-01 -7.84629047e-01 -2.28130400e-01
 -7.39195406e-01 -7.77913213e-01 -6.77124798e-01 -7.01647758e-01
 -9.71197009e-01 -6.47971988e-01 -5.48811615e-01 -1.35695052e+00
 -2.23307610e-02 -3.51518989e-02 -4.00870442e-02 -5.07712960e-02
 -4.02905345e-02 -3.72317374e-01 -7.97206759e-02 -1.06776261e+00
 -5.48557222e-01 -3.66466492e-01 -4.83800769e-02 -3.94805282e-01
 -6.89854622e-02 -2.09204018e-01 -1.23220921e-01 -3.93380702e-01
 -5.56392372e-01 -7.92464197e-01 -7.94601023e-01 -6.51075482e-01
 -4.63998735e-01 -2.24976063e-01 -3.83408725e-01 -8.11848521e-01
 -4.82111156e-01 -6.40442073e-01 -4.81958538e-01 -6.89691544e-01
 -1.09421897e+00 -9.35862541e-01 -8.05132687e-01 -6.47234201e-01
 -2.20472312e+00  2.65483439e-01  3.56961429e-01  5.88047087e-01
  2.27528811e-01  5.30188084e-02 -1.33498192e-01 -1.15131378e-01
 -5.32072902e-01 -4.25942361e-01 -6.17140174e-01 -7.38025188e-01
 -2.05082893e-01 -1.14713156e+00 -1.29874659e+00 -1.26353943e+00
 -1.10490322e+00 -9.50846016e-01 -7.47386694e-01 -6.32403433e-01
 -1.18591070e-01 -5.32785177e-01 -1.92272067e-02 -1.76254630e+00
 -1.82166600e+00 -1.50393581e+00 -1.05962217e+00 -1.13069808e+00
 -8.77785802e-01  1.55028403e-01 -1.54256284e-01 -1.57054543e-01
 -2.67967582e-01 -2.27621675e-01 -1.53086066e-01 -2.23816037e-02
 -9.68653142e-01 -1.17541945e+00 -2.73094964e+00 -2.81347299e+00
 -3.00492501e+00 -2.94020891e+00]","[0.7858791  0.7887207  0.78961694 0.44515222 0.5104486  0.49614233
 0.5021043  0.5054393  0.37743133 0.418015   0.4170064  0.39523864
 0.41963017 0.41579938 0.39175516 0.4138485  0.41077936 0.41044536
 0.4007662  0.3986754  0.3936784  0.5445411  0.49680564 0.67253375
 0.6475824  0.41201553 0.40106782 0.4741785  0.44371396 0.3990395
 0.47221726 0.44329277 0.47035813 0.44184723 0.44342062 0.4481691
 0.42195365 0.42330515 0.47199202 0.47029728 0.46669155 0.48722875
 0.47917312 0.48895425 0.5913947  0.5850527  0.57109255 0.5756854
 0.66009176 0.6509136  0.6511383  0.64488655 0.59422517 0.5159378
 0.9970068  0.92146534 1.0992498  0.4764909  0.7852386  0.8046891
 0.87177616 0.867805   0.80383855 0.8642898  1.2662185  1.2842045
 0.5706954  0.54326266 0.5469391  0.5720805  0.54816365 0.5593258
 0.5509036  0.55871254 1.2684289  0.3608105  0.36015302 0.3587412
 0.3709926  0.369017   0.32928807 0.37554422 0.35922545 0.38644108
 0.36132184 0.3593652  0.3271745  0.36617368 0.35378745 0.57926595
 0.58355314 0.62888676 0.6254789  0.45609406 0.47188905 0.47820094
 0.4672222  0.5641418  0.49620107 0.49583972 1.0620263  1.036934
 1.0407681  1.0242512  1.0848451  0.67716724 0.6732294  0.9753944
 0.9419699  0.8033992  0.6990127  0.38079488 0.73963493 0.7146657
 0.4547462  0.45323834 0.46102816 0.46287468 0.4534896  0.46556345
 0.47826532 0.972653   0.4757664  0.4498908  0.4840672  0.51177526
 0.51386285 0.5482572  0.49858245 0.53682166 0.43380263 0.43380263
 0.45085454 0.431563   0.45054793 0.44977438 0.4306689  0.4306689
 0.82795197 0.8257896  0.6399646  0.63746095 0.62518275 0.64249706
 0.33233333 0.33999065 0.40468192 0.42537892 0.43340674 0.42496118
 0.4256289  0.44087845 0.4457473  0.45162746 0.48060524 1.1157773
 1.118736   1.1081349  1.0034993  1.0804209  1.1540455  1.1211472
 1.1617777  1.1945088  1.2003492  0.77036124 0.5487021  0.54758424
 0.5350619  1.1928502  1.0140827  0.81173164 0.96373683 1.1007836
 1.1124895  1.1244504  0.99250764 0.9414809  0.9289088  0.91793513
 0.8233815  0.9489972  0.7690397  0.7638937  0.8265488  1.052986
 0.49894288 0.4757607  0.6669451  0.85870934 0.46811226 0.5675631
 0.8515722  0.5344501  0.5456405  0.5887799  0.5887799  0.6069732
 0.6290876  1.0529855  0.459079   0.459079   0.459079   0.47834545
 0.47834545 0.3630658  0.40391946 0.49597254 0.3894941  0.4229658
 0.37614033 0.36646694 0.7249872  0.7247377  0.7284557  0.7015206
 0.71778554 0.5706102  0.5363357  0.4299387  0.42256862 0.55872315
 0.37214914 0.40145934 0.43371674 0.5530768  0.5406318  0.4025887
 0.40347546 0.40961325 0.43343538 0.55256414 0.71885425 0.50222147
 1.1303061  0.5530758  0.5135349  0.51288694 0.55684644 0.6266749
 0.55315197 0.8880433  1.010221   0.9886681  0.8499185  0.5549167
 1.1763359  1.1761982  0.93412834 0.9336369  0.9515968  0.6383631
 0.62175983 0.6312209  1.0453689  0.66061825 0.88850343 0.7871503
 0.7008292  0.770357   0.622533   0.46143788 0.49552277 0.5242771
 0.53216225 0.5357133  0.5720918  0.72520983 1.0759228  0.99636924
 1.0198119  1.0485762  0.50151044 0.73969847 0.98377097 0.9838472
 0.9826404  0.69081265 0.70442975 0.67513925 0.48849803 0.7188723
 0.6352747  1.1099247  0.6761588  0.9055918  0.9018839  0.46508777
 0.4574603  0.47696203 0.44653988 0.46724418 0.4598862  0.55625474
 0.8137377  0.61989886 0.5796899  0.31799495 0.31176433 0.6788609
 0.67793536 0.67793536 0.7445173  0.6932825  0.711608   0.70534116
 0.7525956  0.54873747 0.56366307 0.567702   0.89621586 1.262014
 0.72884476 0.46317554 0.49854022 0.49105203 1.0575224  1.0582656
 0.75391865 0.807784   1.2347344  0.80948657 0.49580052 0.49315727
 0.5166614  1.2315125  0.74092287 1.2303643  0.75319946 0.7480526
 0.69253606 0.6825449  0.7124822  0.88378054 0.7947771  0.7850901
 1.2756575  0.51826084 0.6023697  0.5295853  0.55456144 0.6053986
 1.389929   0.6087619  0.48353717 0.60477936 0.4778938  0.3817804
 0.6001214  0.37555715 0.3683815  0.64342743 0.517241   0.48124847
 0.42119297 0.5190998  0.6351787  0.5258164  0.4935414  0.40849668
 0.3988866  0.4171527  0.44112334 0.58272177 0.5737842  1.013368
 0.51900405 0.7003067  0.7087984  0.95378137 0.7859533  0.7801848
 0.76609415 0.63884413 0.49463078 1.5244745  1.1611884  1.0610117
 0.55642843 0.45641825 0.46953326 0.45235127 0.51784396 0.54993945
 0.56210166 0.562596   1.2860562  0.3116933  0.4309546  0.4118556
 0.41221723 0.36642274 0.38524336 0.3906539  0.40004888 0.40517652
 1.3174231  1.3174231  1.3173693  1.3347467  0.36020848 0.43767446
 0.37648326 0.36738214 0.35411692 0.3494747  0.49810794 0.3421797
 0.42083904 0.51168555 0.46777305 0.4164649  0.40452048 0.3936715
 0.38947606 0.5142766  0.5395112  1.0939131  1.1014783  1.3531983
 0.31799495 0.3157306  0.58952767 0.55431217 0.76052713 0.7599129
 0.9452579  0.7609026  0.7512307  0.95572543 1.0970026  1.0926282
 1.1051424  0.70453626 0.6916093  0.7903331  0.8191177  0.5495535
 0.52103883 1.2446074  0.48701152 0.4294713  0.44195598 0.40450975
 0.48305574 0.42505643 0.43081552 0.41288203 0.70187604 0.745166
 0.8048943  1.3863674  1.404378   0.90057856 0.46130094 1.0920826
 0.5989823  0.6127458  0.98909074 1.0236074  0.49466896 0.48579058
 0.47810388 0.49327442 0.5049798  0.49498212 1.2094026  1.2263407
 1.221313   0.496163   0.5313135  0.5249563  0.6322105  0.75987595
 0.5044717  0.50454557 1.166881   1.1918637  1.5718725  1.5718725
 0.5349186  0.5349186  1.0599217  0.51294374 0.6772589  0.6521449
 1.0736347  0.71642435 0.7510805  0.6964632  0.70317173 0.7331526
 0.8894301  1.0005283  0.9735424  0.5594599  0.7189384  0.53744185
 0.569542   0.5958619  0.8271195  0.83366644 0.82430935 0.8263228
 0.8245163  0.904333   0.5670216  0.65328795 1.1776093  1.201624
 0.84680533 0.9005402  0.83556944 0.8451775  1.0477852  1.4627475
 1.428307   1.3922188  1.427168   1.2176696  0.4487361  0.51054794
 0.52793944 0.5224006  0.5389966  1.2226483  1.2471538  1.1632721
 1.0047939  1.0027543  1.050606   1.0145633  1.0031801  1.0216238
 0.5399793  1.3061064  0.94684035 0.9169659  1.0462826  1.102509
 0.73055893 0.7407939  0.7305634  0.7400742  0.76598275 1.6530458
 1.6524072  1.6431787  0.49062967 0.7081621  0.58435374 0.735754
 0.696112   0.5660839  0.55730194 0.5882075  0.5665034  0.7252828
 0.6246117  0.738893   1.3718327  0.4910509  0.49985963 0.5494631
 0.48951924 0.49540946 0.50315046 0.6412136  0.5629366  0.61752546
 0.53100955 1.0270789  1.0518657  0.7042427  0.69808143 0.76932335
 0.7031871  0.69295686 0.6234239  0.97977096 0.70766264 0.9800206
 0.73950136 1.003892   1.1279466  1.1372486  0.9352927  1.2163157
 1.4927096  0.5383261  0.4993831  0.5433133  0.51730156 0.5290162
 0.5510006  0.5941825  0.5154489  0.5813062  0.37766016 0.37520048
 0.42293766 0.37700912]"
iid,1,43,"[-7.94897676e-01 -9.40347552e-01 -8.92210126e-01 -3.95246625e-01
 -1.52043080e+00 -6.01745784e-01 -8.50938439e-01 -5.62408328e-01
 -9.24528062e-01 -7.91349471e-01 -9.57204640e-01 -9.84245181e-01
 -1.02504289e+00 -8.91902685e-01 -1.40706825e+00 -1.13868725e+00
  7.50222802e-02 -4.11335140e-01  3.52869332e-01  2.64364481e-02
  8.62432718e-02 -6.96726978e-01 -6.81220293e-02 -5.38672686e-01
 -8.45776320e-01 -9.36965942e-01 -8.10281634e-01 -7.23421633e-01
 -7.09369779e-01 -7.09369779e-01 -8.89801979e-01 -8.89801979e-01
 -6.07727766e-01 -7.87993431e-01 -4.88588184e-01 -4.90150928e-01
 -5.69479108e-01 -6.57953143e-01 -3.48748773e-01 -3.71946454e-01
 -2.75927722e-01 -8.26741636e-01 -6.39507711e-01 -7.61836767e-01
 -6.26237214e-01 -3.12024415e-01 -9.96567726e-01 -1.33122420e+00
 -1.62436569e+00 -1.52277493e+00 -1.44951844e+00 -1.37179136e+00
 -2.18463278e+00 -2.25308585e+00 -1.34084404e+00 -8.25857818e-01
 -2.44329166e+00 -7.97805369e-01 -9.80133355e-01 -1.02376199e+00
 -9.35249448e-01 -1.31721091e+00 -5.90371132e-01 -1.56301379e-01
 -7.81588793e-01 -6.19397044e-01 -3.61417204e-01 -3.18031996e-01
 -7.64116824e-01 -4.25617546e-01 -6.11942053e-01 -4.37427729e-01
 -6.95663810e-01 -6.72760725e-01 -6.04973733e-01 -7.84189045e-01
 -4.25591916e-01 -4.47098792e-01 -4.85309005e-01 -4.85731721e-01
 -4.25361365e-01 -4.47034746e-01 -4.63238537e-01 -4.47034746e-01
 -1.19793034e+00 -1.32929003e+00 -7.99188793e-01 -6.25840127e-01
  4.16105986e-03 -5.63650846e-01 -4.67324704e-01  9.47695971e-03
 -8.21092725e-01 -1.01277149e+00  1.79584801e-01 -7.62605369e-01
 -8.63030493e-01 -6.45323157e-01 -6.86479509e-01 -7.61183500e-01
 -7.34693825e-01 -8.83166730e-01 -1.12800431e+00 -9.45842743e-01
 -1.07072091e+00 -3.68974715e-01 -4.91226912e-01 -4.20596272e-01
 -4.69912201e-01 -5.11619329e-01 -5.61293960e-01 -4.10528153e-01
 -6.12326324e-01 -6.61795914e-01 -4.42551464e-01 -6.65741205e-01
 -7.85995185e-01 -8.57343137e-01  1.43065393e-01  2.44656146e-01
 -1.36703134e-01  1.32087827e-01  2.34114110e-01  9.98082757e-02
 -3.64445448e-02 -4.96363461e-01 -6.91641688e-01 -8.17173064e-01
 -7.96063304e-01 -1.08788538e+00 -7.75184095e-01 -1.08810318e+00
 -7.77348876e-01 -6.69238150e-01 -6.94485307e-01 -9.16919351e-01
 -6.73670173e-01 -5.75435460e-01 -5.54671526e-01 -8.67693067e-01
 -5.56631327e-01 -8.48863363e-01 -4.63174492e-01 -5.35880208e-01
 -5.19279361e-01 -7.70085990e-01 -6.60092294e-01 -5.49150705e-01
 -7.03733683e-01 -1.25399685e+00 -4.91892993e-01 -7.39151478e-01
 -6.02732122e-01 -6.91475153e-01 -2.90555954e-01 -5.67275882e-01
  2.04801559e-02  2.73554027e-01  4.29481924e-01 -6.52778149e-01
 -9.92481589e-01 -6.08240128e-01 -3.11742604e-01  2.23507941e-01
  7.73919225e-02 -5.70990622e-01 -5.97518682e-01 -7.12456822e-01
 -7.65269697e-01 -1.09214306e-01  1.26848817e-01 -1.59196317e-01
 -4.94992852e-01 -4.48828042e-01 -1.03954303e+00 -1.12736881e-01
  3.53261232e-02 -1.27890289e-01 -2.73353040e-01 -3.11652929e-01
 -9.59822536e-02 -1.62680447e-01 -9.59822536e-02 -9.59822536e-02
 -1.32079005e-01  3.06717455e-01 -4.01151717e-01 -9.52413976e-01
 -1.13405025e+00 -1.13405025e+00 -2.71854371e-01 -7.75389075e-01
 -9.88267303e-01 -1.04303992e+00 -1.15822148e+00 -1.08928156e+00
 -1.07229650e+00 -1.07242453e+00 -1.20460403e+00 -1.30230069e+00
 -9.67849195e-01 -6.96893513e-01 -7.18835890e-01 -6.93076313e-01
 -8.42561185e-01 -1.22768641e+00 -6.76052690e-01 -1.06121635e+00
 -5.74423492e-01 -6.71069860e-01 -5.96801400e-01 -1.17114604e+00
 -1.65088654e-01 -4.71769542e-01  6.28277659e-02 -1.26872754e+00
 -1.73824072e+00 -7.63092101e-01 -3.79425311e+00 -4.28747606e+00
  1.04632378e-02 -5.78233004e-02 -3.50811064e-01 -2.49130607e-01
 -1.58460546e+00 -1.45159340e+00 -1.37651801e+00 -1.15804207e+00
 -5.59787154e-02 -4.78776246e-01 -7.18297899e-01 -8.72701526e-01
 -8.60045910e-01 -1.57165527e+00 -1.88588095e+00 -1.45158064e+00
 -1.46386480e+00 -1.77777028e+00 -7.28058577e-01 -7.52767801e-01
 -7.98702002e-01 -9.46752250e-01 -5.89295149e-01 -4.77905214e-01
 -1.32036185e+00 -1.71406937e+00 -1.73051667e+00 -1.99050760e+00
 -8.14201295e-01 -4.68554407e-01 -3.67399126e-01 -7.02632070e-01
  8.26822519e-02  8.26822519e-02  1.54973269e-02 -1.44965172e-01
 -3.81796837e-01 -7.60120332e-01 -1.23711407e+00 -9.17956889e-01
 -1.16352451e+00 -4.73473191e-01 -2.05005813e+00 -8.92850578e-01
 -9.63353157e-01 -1.05412006e+00 -1.15510881e+00 -6.88260019e-01
 -7.69445539e-01 -7.24792182e-01 -7.69445539e-01 -5.47575116e-01
 -3.68744105e-01  2.25916147e-01 -5.71187735e-02  6.82076812e-02
 -1.10969186e-01 -1.56993091e-01 -1.13899469e+00 -1.19077504e-01
 -1.37189925e-01 -2.34079659e-01 -1.32181406e-01 -1.81655884e-02
 -1.29266381e-02  6.36731386e-02 -1.05891073e+00 -1.65449333e+00
 -1.23534644e+00 -9.12935615e-01 -1.03682745e+00 -6.66714728e-01
 -5.47472656e-01 -7.18464375e-01 -7.88966954e-01 -1.10835469e+00
 -9.80517626e-01 -9.80517626e-01 -3.88342410e-01 -6.70070767e-01
 -7.84893572e-01 -6.95100188e-01 -9.60061133e-01 -1.02828360e+00
 -1.15007472e+00 -1.34211218e+00 -1.10025918e+00 -1.88652134e+00
 -3.62211376e-01 -4.52952623e-01 -5.80315828e-01 -8.58009219e-01
 -9.27922547e-01 -8.37309361e-01 -8.23974848e-01 -8.16109896e-01
 -9.18123364e-01 -7.19886243e-01 -9.97451544e-01 -9.38810468e-01
 -1.05367172e+00 -7.50282764e-01 -8.48581553e-01 -5.90140581e-01
 -9.26513493e-01 -6.24866605e-01 -8.48082006e-01 -8.35016489e-01
 -1.09558380e+00 -1.09558380e+00 -9.99142408e-01 -7.65487432e-01
 -1.49436378e+00 -9.18110609e-01 -9.71551120e-01 -3.13100398e-01
 -1.98584974e-01 -7.95205057e-01  2.74591506e-01  1.88833117e-01
  5.54603398e-01 -1.42600048e+00 -1.53452110e+00 -1.55271029e+00
 -1.98246336e+00 -8.12259316e-02  8.83439779e-02  5.50397038e-02
  3.31746757e-01 -1.09347034e+00 -1.39472008e+00 -1.59503233e+00
  4.58366930e-01 -1.03101206e+00 -9.75150526e-01 -8.52116942e-01
 -6.91090882e-01 -8.13253403e-01 -1.00511158e+00 -1.20050502e+00
 -6.99096680e-01 -9.00689900e-01 -9.28204298e-01 -1.06001234e+00
 -1.10973811e+00 -8.27369332e-01 -8.75814199e-01 -7.07999170e-01
 -9.98834968e-01 -4.36710417e-01 -5.76293647e-01 -6.47885025e-01
 -6.47885025e-01 -6.89105392e-01 -6.17475629e-01 -9.29241896e-01
 -8.79387975e-01 -8.08001578e-01 -8.08001578e-01 -1.08217239e+00
 -1.01920176e+00 -9.00151908e-01 -1.18059933e+00 -1.07430756e+00
 -1.19565034e+00 -1.41062927e+00 -1.22853184e+00 -8.60084355e-01
 -9.63353157e-01 -1.26964974e+00 -1.89925909e-01 -4.78955567e-01
 -5.72724938e-02  5.14915586e-02 -1.39933145e+00 -9.62725461e-01
 -1.44559872e+00 -1.44559872e+00 -1.44599581e+00 -1.88260674e-01
 -1.90463901e-01 -4.65134323e-01 -3.74713272e-01 -4.14422184e-01
  3.06845486e-01 -5.09467423e-01 -5.32549798e-01 -5.33881962e-01
 -4.67990786e-01  6.71680748e-01 -7.89991677e-01 -6.88393116e-02
 -3.01853806e-01 -4.40450758e-01 -3.83116186e-01 -5.44667423e-01
 -6.16015375e-01 -5.95008075e-01 -6.24367058e-01 -6.28337979e-01
 -2.78476775e-01  1.55869722e-02  1.96219087e-02  3.28313887e-01
  3.58979404e-01 -2.09139884e-01  5.06542861e-01  6.21647537e-01
  5.96157014e-01 -9.72908854e-01 -1.54259086e+00 -1.85337090e+00
 -1.50038421e+00 -1.95302749e+00 -9.13960338e-01 -9.96119380e-01
 -1.02020097e+00 -1.12756872e+00 -1.14250445e+00 -1.11633492e+00
 -1.39515567e+00 -1.36387515e+00 -9.43511486e-01 -7.89786756e-01
 -6.38201118e-01 -6.52534783e-01 -5.51238596e-01 -4.31996584e-01
 -9.38426197e-01 -1.04373169e+00 -4.43704307e-01 -1.09586561e+00
 -5.60768723e-01 -6.76039875e-01  8.20930004e-02 -7.91507959e-02
  1.57356262e-03 -3.58611441e+00 -3.59549069e+00 -2.72355986e+00
 -3.19240689e+00 -4.08434582e+00 -7.39702284e-01 -6.95253909e-01
 -5.65674722e-01 -1.01430869e+00 -3.36259663e-01  3.88230681e-02
 -1.74080729e-01 -3.02704573e-02 -1.31420064e+00 -6.25532746e-01
 -6.70583129e-01 -3.76160711e-01 -2.74851739e-01 -5.79649687e-01
 -6.00682616e-01 -2.43816805e+00 -2.73148870e+00 -2.84356266e-01
  1.48125112e-01 -3.44718695e-02  2.73336232e-01  1.13655150e-01
 -3.12183499e-02 -2.49404216e+00 -2.48072052e+00 -2.36853647e+00
 -2.47722363e+00 -2.59505653e+00 -1.77231848e-01 -7.27290034e-01
 -3.30982208e-01 -3.43701899e-01 -3.40230554e-01 -3.64299268e-01
 -9.35741663e-02 -2.65597773e+00 -2.68076372e+00 -3.14954686e+00
 -1.09752297e-01 -7.23101377e-01 -6.48422956e-01 -8.00226331e-01
 -4.88357604e-01 -6.03385389e-01 -5.94252348e-01 -7.71354139e-01
 -7.42129624e-01 -9.27333295e-01 -6.02360666e-01 -7.02824235e-01
 -5.83582163e-01 -9.18943167e-01 -5.19407451e-01 -1.26175928e+00
 -6.61296368e-01 -5.73808670e-01 -5.56016505e-01 -4.68567193e-01
 -1.84674084e-01 -4.28089738e-01 -4.87845242e-01 -1.80861497e+00
 -1.09444380e+00 -5.46576023e-01 -1.07754052e-01 -4.27359611e-01
 -4.92379755e-01 -5.42054296e-01 -1.51433885e-01 -3.62185776e-01
 -2.60582149e-01 -9.30489302e-02 -2.57379830e-01 -2.38024950e-01
 -3.70178759e-01 -4.28409994e-01 -5.62139392e-01 -4.42064732e-01
 -6.71876848e-01 -2.03952134e-01 -8.87765288e-01 -1.14614224e+00
 -7.82818437e-01 -2.97127157e-01 -3.25884104e-01 -7.34463274e-01
 -7.27968931e-01 -7.55982935e-01 -5.17742217e-01 -8.42509925e-01
 -8.61749530e-01 -2.02543855e+00 -2.07115507e+00  3.80909026e-01
  2.80432642e-01  1.70165300e-03 -3.35644811e-01 -2.16492414e-01
 -2.58148372e-01 -3.23104471e-01 -4.87717152e-01 -5.62933564e-01
 -7.67524123e-01 -9.11705911e-01 -1.26909900e+00 -1.03596926e+00
 -8.58636856e-01 -8.40229869e-01 -8.53346646e-01 -6.53802931e-01
 -4.63507533e-01 -7.99496233e-01 -7.12251902e-01 -5.21418512e-01
 -2.84612477e-01  4.57144976e-02 -4.30203289e-01 -1.27216578e-02
 -1.64634645e+00 -1.63492060e+00 -1.58497703e+00 -9.08631682e-01
 -9.53771770e-01 -1.10920012e+00 -8.41754198e-01 -7.39484489e-01
 -8.54268909e-01  2.41774082e-01 -1.90758467e-01 -2.33131766e-01
 -1.58043504e-01 -9.54053521e-01 -1.53698051e+00 -1.16794372e+00
 -1.26793337e+00 -2.74915290e+00 -2.81929660e+00 -2.83177304e+00
 -2.91892767e+00 -3.34245539e+00]","[0.76287264 0.74487007 0.68207866 0.5262384  0.46095958 0.36236498
 0.38864174 0.3678609  0.37119147 0.37201256 0.3699697  0.3692068
 0.36842555 0.3688638  0.38885748 0.397264   0.6630519  0.56607246
 0.6662969  0.6660266  0.67655027 0.63674855 0.65900207 0.40041944
 0.38241586 0.3787032  0.3926916  0.4034686  0.42623484 0.42623484
 0.43217006 0.43217006 0.40346098 0.41030973 0.41617656 0.4232038
 0.52147186 0.5412781  0.5463627  0.55242854 0.4865186  0.57295674
 0.63184094 0.6234597  0.5755846  0.5896946  1.3031209  0.7167627
 0.72120035 0.7138733  0.80658495 0.6182586  0.9256323  0.7968627
 0.5171053  0.48028663 0.6783867  1.3329867  0.4091318  0.4091343
 0.50723815 0.5140676  0.3265484  0.3785945  0.3337084  0.31777716
 0.3310676  0.3735047  0.3574644  0.65021527 0.645143   0.6240066
 0.6215918  0.5122236  0.44656354 0.5610877  0.61202973 0.61173457
 0.6114401  0.6114401  0.6120373  0.61173964 0.61157894 0.61173964
 0.8775499  0.88317406 0.92488277 0.8856436  0.6660011  0.90026313
 0.8780054  0.823895   0.34846145 0.3600002  0.75184995 0.7624719
 0.7646047  0.441968   0.44026503 0.4682477  0.46718946 0.46618617
 0.743443   0.785136   1.0037934  0.44011074 0.44000784 0.50247055
 0.4576561  0.50292605 0.45970777 0.4861483  0.5080854  0.46863544
 0.47295237 0.46827626 0.50213975 0.47190353 0.42429656 0.4482437
 0.4397037  0.42411706 0.4479417  0.42377484 0.42513976 0.6823629
 0.6738794  0.478277   0.48844907 0.4157288  0.50602454 0.42220324
 0.5125138  0.4686025  0.47086114 0.4221618  0.485233   0.47447184
 0.49418473 0.4027449  0.50320935 0.43614843 1.1960113  0.9178117
 0.8637962  0.8010069  1.1092017  1.1332136  1.1040691  1.0810318
 1.075498   1.1786485  1.1911916  1.1900356  0.6392277  0.64094305
 0.6097843  0.5682018  0.5645981  0.94585925 0.98680735 0.41519377
 0.9195451  0.82945424 0.8157802  1.0858122  1.1440551  1.1822635
 1.138058   0.49609676 0.47917658 0.74202013 0.6704539  0.61777073
 0.8691938  0.47728625 0.66437364 0.49459687 0.5079801  0.5122929
 0.63122827 0.6742191  0.63122827 0.63122827 0.7098416  0.7247786
 0.58286506 0.44228452 0.42958713 0.42958713 0.6202013  0.4110902
 0.4466384  0.39830396 0.45307428 0.41002122 0.41992673 0.47715148
 0.45629257 0.44605744 0.6015286  0.39055538 0.40623155 0.3913161
 0.40272832 0.5039848  0.3978852  0.5038633  0.396551   0.4595152
 0.43465474 0.5332693  0.4660327  0.48033807 0.7344028  0.55352557
 0.5734002  1.1274048  0.80901873 0.81022996 0.66128105 0.6591652
 0.65895283 0.63272715 0.7102633  0.6987224  0.7770614  0.76580554
 0.7487655  0.433664   0.47432435 0.8784301  0.54248977 0.55085504
 0.57293963 1.1773735  0.6031098  0.50289124 1.0676324  1.067297
 1.0668606  0.8672221  0.84096557 0.85853773 0.47935155 0.5704683
 0.7059785  0.5232655  1.0747672  0.74044997 1.6510801  1.693332
 0.700804   0.700804   0.41872302 0.41274402 0.42642912 0.56725377
 0.9042197  0.76949066 0.77958274 0.49968684 0.91981536 0.32554
 0.32185552 0.31856793 0.321209   0.6700931  0.70254254 0.6729656
 0.70254254 0.7067841  0.7264846  1.0812345  0.6473826  0.7036096
 0.5753754  0.5743335  1.6793555  0.51671505 0.58497715 0.5247776
 0.5849077  0.56347513 0.55376995 0.49830306 0.989375   1.0182117
 0.60694516 0.7849086  0.86350846 0.5032461  0.51010275 0.50131726
 0.4992583  0.75749654 0.50083363 0.50083363 1.2090654  0.67803466
 0.6902081  1.2295806  0.7555745  0.7547174  0.7544173  0.7608899
 0.7237513  0.9136758  0.54811895 0.5487213  0.4893247  0.37343857
 0.36853307 0.53384495 0.4475096  0.5551341  0.38016233 0.4963446
 0.39499226 0.4851291  0.36831242 0.4180934  0.5527144  1.0008438
 1.3040303  0.53597075 0.8564653  0.73185444 0.54272395 0.54272395
 0.61707073 0.9283244  0.7643032  1.5124079  0.75115985 1.1388886
 0.5852788  1.4891648  1.2948544  1.8673805  1.219844   0.64177334
 0.641961   0.60366493 0.66858494 0.43549204 0.5036182  0.54190326
 0.7280891  0.5491927  0.45284483 0.98560584 1.2457691  0.43246877
 0.42404187 0.42336425 0.38160238 0.3794687  0.38771525 0.36268005
 0.34719524 0.388876   0.4454364  0.38792488 0.40865108 0.4041872
 0.45000565 0.41955283 1.6013044  1.0539569  0.39089644 0.36205527
 0.36205527 0.3589926  0.38817677 0.37046167 0.34902504 0.37908345
 0.37908345 0.46891534 0.42631447 0.4395703  0.39092013 0.38573685
 0.49789295 1.1572077  1.1659025  1.3098348  0.32185552 0.3624175
 0.6231204  0.5870326  0.62174743 0.615216   0.7560361  0.71435314
 0.72107047 0.72107047 0.80121565 1.0706244  1.0771849  0.71895456
 0.69294    0.5994319  0.5970288  0.9552016  0.96020067 0.9614078
 0.96347934 0.47164068 0.9207931  0.9402232  0.49221823 0.41973922
 0.38288513 0.37972084 0.4847312  0.5007884  0.40398985 0.42516637
 0.67353344 0.8844949  0.683755   0.89547706 0.89831436 0.88434255
 1.0737182  1.0531877  1.0533704  1.301125   0.69626296 0.5513471
 0.7671093  0.5112282  1.1935778  0.690834   1.2237747  1.239279
 1.2416126  1.2509882  1.3570061  1.2863772  1.29205    0.8374833
 0.5160744  0.54244137 0.50836694 0.54527575 1.228276   1.2019852
 1.205713   0.70085466 0.5653822  0.49895626 1.0678035  0.65089154
 0.9038611  0.69591266 0.69564193 0.62468076 0.63713634 0.70142704
 1.5369008  1.5879991  1.189831   1.4975305  0.5441621  0.5179255
 0.6761958  0.6108794  0.84689045 1.1229422  1.1062824  0.61433727
 0.6025311  0.64426434 0.62442786 1.1786939  1.1800655  0.5122467
 0.74096054 0.9271104  0.72820073 0.5428576  0.9231822  1.0122695
 1.0119584  1.0245972  1.0362848  1.027764   0.65346897 0.6353459
 0.4668424  0.53061026 0.4666925  0.5305676  2.1089714  1.1354036
 1.1342356  1.1147094  0.98361385 0.7849256  0.771274   0.7732208
 1.2257198  1.2134726  1.1029935  1.1648324  1.2168096  0.47628587
 0.5114003  0.5117996  0.49418268 0.52652186 0.5117814  1.2103976
 1.2282501  1.2603284  1.2227463  1.2481409  0.8549694  1.2982422
 0.84139436 1.4220682  1.3025764  0.9374046  0.96951574 0.9110416
 0.9177242  0.9284624  1.0932821  1.119346   1.0940508  0.76436174
 0.7934825  0.8123767  0.76967657 0.8150912  0.7870792  0.65761393
 0.50938004 0.73002917 0.5036764  0.5284425  0.67352575 0.51902807
 0.73006797 0.5364544  0.48869756 0.6659617  0.7385958  0.5080632
 0.55393255 1.4882575  1.474658   0.41469654 0.41129297 0.41735807
 0.53829753 0.52602226 0.53021646 0.5432688  0.6531603  0.6551903
 1.1930996  1.0451512  0.6224934  0.6581864  0.70048743 0.6634894
 0.8121829  0.86249965 0.72375846 0.8681827  0.82097524 0.6878917
 0.73651    0.6486419  0.7430477  0.6055142  1.0507901  1.2471927
 1.2422423  1.2298079  1.2033559  1.2452428  1.2149608  1.4782352
 1.5029902  0.5088444  0.46701428 0.46319997 0.4921639  0.4898186
 0.5369558  0.57784706 0.48814136 0.41654113 0.41301695 0.38835698
 0.36986396 0.37952974]"
iid,1,71,"[-7.15955973e-01 -7.33144760e-01 -1.00448895e+00 -1.45085061e+00
 -1.42516685e+00 -1.32521367e+00 -1.24398923e+00 -1.05456495e+00
 -7.64144123e-01 -6.74822092e-01 -9.77811575e-01 -1.03514063e+00
 -6.73480809e-01 -8.98450077e-01 -7.29021430e-01 -9.87623036e-01
 -8.18293750e-01 -1.13236141e+00 -9.63106692e-01 -8.67401004e-01
 -8.85906219e-01 -9.11167800e-01 -9.47383463e-01 -1.09179902e+00
 -1.21698880e+00  3.01410913e-01 -4.20517653e-01  2.10250735e-01
  4.34748054e-01 -6.05371535e-01 -1.53197408e-01 -7.13819802e-01
 -8.97630394e-01 -8.65811288e-01 -7.74204016e-01 -9.10596490e-01
 -7.07411230e-01 -6.11730337e-01 -4.94861603e-01 -6.79293215e-01
 -6.79293215e-01 -5.10584831e-01 -5.27873039e-01 -5.27177513e-01
 -5.09144187e-01 -4.65973556e-01 -8.07861269e-01 -3.09237748e-01
  3.81070375e-01 -1.52978981e+00 -1.46240091e+00 -1.38693917e+00
 -1.27086520e+00 -1.63620114e+00 -2.32136774e+00 -2.40602016e+00
 -2.85029507e+00 -2.84120393e+00  1.84790552e-01  4.17559385e-01
 -2.25678539e+00 -2.34725022e+00 -2.78278208e+00 -1.14160168e+00
 -9.62088287e-01 -8.85310113e-01 -9.70682681e-01 -1.02473295e+00
 -1.16957068e+00 -1.63396573e+00 -5.48365414e-01 -3.35989654e-01
 -3.25482637e-01 -1.26867771e-01 -7.14515269e-01 -6.74300492e-01
 -6.84037507e-01 -5.88182747e-01 -4.71413314e-01 -3.02704990e-01
 -6.97301686e-01 -2.26945221e-01 -4.64036077e-01 -3.82190675e-01
 -7.02095628e-01 -7.48097956e-01 -3.59810472e-01 -1.54260683e+00
 -1.50370860e+00 -6.15009189e-01  2.05282927e-01 -4.88229513e-01
 -3.56034935e-01 -5.25811315e-01 -1.79899633e-01 -3.15595269e-02
 -7.56965578e-01 -8.46088886e-01  2.03395188e-01 -7.10789382e-01
 -9.65391874e-01 -6.76213145e-01 -7.17943072e-01 -7.32002139e-01
 -7.05722153e-01 -9.28381383e-01 -1.08546495e+00 -1.09773552e+00
 -8.50634456e-01 -3.76353472e-01 -5.38007438e-01 -6.48740888e-01
 -4.22107399e-01 -5.32493114e-01 -3.42845261e-01 -5.20197630e-01
 -7.91914463e-01 -8.91867638e-01 -7.55847812e-01 -8.26714277e-01
  2.42964089e-01 -7.62205124e-02  2.11070478e-01  1.85610175e-01
  1.85610175e-01  1.85610175e-01  2.81961799e-01 -1.56029105e-01
  1.49444282e-01  4.68093157e-03  4.68093157e-03  4.68093157e-03
 -1.04751050e+00 -1.10267854e+00 -1.48279393e+00 -1.01680815e-01
 -4.33061510e-01 -2.74735987e-01 -4.09985811e-01 -1.11810374e+00
 -1.09793425e+00 -8.85409474e-01 -1.22704875e+00 -7.04927325e-01
 -7.09174812e-01 -8.50088000e-01 -5.48390269e-01 -5.88778853e-01
 -8.63054097e-01 -8.84912670e-01 -7.54531324e-01 -4.71959800e-01
 -4.93396103e-01 -5.45782089e-01 -7.87021101e-01 -5.43968856e-01
 -6.93377078e-01 -4.85695899e-01 -6.48417950e-01 -6.61110818e-01
 -6.60017908e-01 -5.64237714e-01 -5.64237714e-01 -2.42420077e-01
 -5.93299627e-01 -7.39106178e-01 -3.07200909e-01  3.18102837e-01
  5.24368167e-01  5.23672700e-01 -1.46769166e+00 -1.06400383e+00
 -6.00751400e-01 -5.99360406e-01 -4.60508913e-01 -7.65882909e-01
 -7.86921740e-01 -4.86217529e-01 -4.17735666e-01 -3.53103906e-01
  9.23139453e-02 -7.08901584e-01  1.44849002e-01  2.23738551e-01
  2.05357432e-01  1.24530494e-01  2.60873199e-01  3.77468705e-01
 -2.31863379e-01 -5.14608860e-01 -1.84246540e-01 -1.20310247e-01
  4.07722950e-01 -9.29524004e-01 -1.56624317e-02  2.49149084e-01
 -8.59327316e-02 -3.30250859e-02 -1.37399614e-01  3.79655957e-02
  9.84243751e-02 -1.12684548e-01 -4.14655596e-01 -1.49446726e-01
 -2.11395860e-01 -1.49446726e-01  2.69939542e-01 -5.06759644e-01
 -4.54150051e-01 -1.27056718e+00 -9.38615203e-01 -1.10801899e+00
 -1.10801899e+00 -1.10801899e+00 -4.62297320e-01 -2.55982339e-01
 -7.95292616e-01 -9.18992162e-01 -9.40031052e-01 -1.05699921e+00
 -1.35829949e+00 -4.50076401e-01 -7.75818586e-01 -6.25516176e-01
 -8.37867081e-01 -8.33495378e-01 -1.10722411e+00 -6.67469680e-01
 -7.55351067e-01 -8.03489566e-01 -8.17722440e-01 -6.59695029e-01
 -4.50374454e-01 -5.42975247e-01 -6.00503027e-01 -8.74629200e-01
 -1.64067233e+00 -8.14965308e-01 -1.71032071e-01 -1.12163091e+00
 -4.75561500e-01 -3.58965933e-01 -1.07244790e-01  2.14274704e-01
  6.82594299e-01 -1.46734381e+00 -1.48798537e+00 -6.16102099e-01
 -3.73750401e+00  2.89986134e-02 -3.50992560e-01 -9.46712792e-01
 -1.59263325e+00 -1.16832876e+00  1.17103517e-01  5.59989214e-02
 -5.69801688e-01 -2.57820427e-01 -1.02346611e+00 -9.02772129e-01
 -5.87984025e-01 -1.16815484e+00 -1.05570745e+00 -1.22898626e+00
 -9.96540368e-01 -1.49742424e+00 -1.57770479e+00 -1.80277348e+00
 -7.54456818e-01 -9.80045795e-02 -3.76750886e-01 -1.04800737e+00
 -1.27265370e+00 -1.29466128e+00 -1.54181194e+00 -1.56993008e+00
 -1.39118671e+00 -1.75100839e+00 -1.84842801e+00 -1.99458218e+00
 -8.51874948e-02 -2.30770469e-01 -5.98714590e-01 -5.46999216e-01
 -3.77868652e-01 -3.45701784e-01 -7.21221864e-01 -5.19949257e-01
 -1.77100396e+00 -1.03136504e+00 -1.13961458e+00 -5.31822443e-01
 -3.89940530e-01 -6.40295506e-01 -2.20872164e+00 -2.30450201e+00
 -2.60272217e+00 -7.35554159e-01 -7.81407416e-01 -6.52168691e-01
 -6.23777390e-01 -7.61064053e-01 -5.48340559e-01 -3.79706740e-01
 -6.89411163e-03  8.69982839e-02 -7.14762211e-02 -1.04403305e+00
 -2.32558906e-01 -2.37501919e-01 -1.42417192e-01 -1.41448438e-01
 -2.46045589e-02  1.43159926e-01  1.69737875e-01  3.49848866e-02
  1.82008505e-01  7.25169778e-02 -9.16210175e-01 -1.00990391e+00
 -1.12533200e+00 -9.27313328e-01 -6.05719268e-01 -3.98982018e-01
 -5.00524938e-01 -9.40999746e-01 -9.43533361e-01 -1.01303363e+00
 -2.76549250e-01 -4.04223114e-01 -6.94867432e-01 -8.03837299e-01
 -9.75725055e-01 -1.26624513e+00 -1.24632406e+00 -1.15034509e+00
 -1.29033923e+00 -1.71747541e+00 -4.75412458e-01 -9.32802796e-01
 -4.93992239e-01 -2.62216985e-01 -6.40270710e-01 -5.86568177e-01
 -6.13245606e-01 -7.32250512e-01 -8.67897749e-01 -9.76395726e-01
 -8.59427571e-01 -9.17253375e-01 -7.88138866e-01 -8.56595933e-01
 -4.77946073e-01 -7.80562878e-01 -8.91619265e-01 -1.00016689e+00
 -1.00016689e+00 -1.06186759e+00 -8.90576005e-01 -6.47796988e-01
 -7.67720997e-01 -6.83664918e-01 -1.14458239e+00  2.01060236e-01
  1.78704917e-01 -1.18919253e-01 -1.50696254e+00 -1.44429302e+00
 -1.74663663e+00  3.95553112e-02 -8.79694819e-02  1.41595066e-01
 -1.15615749e+00 -1.05059063e+00 -1.12794018e+00  5.63639164e-01
 -1.12023997e+00 -1.05118680e+00 -9.96987462e-01 -9.34193790e-01
 -1.12317097e+00 -4.10432905e-01 -2.76648641e-01 -1.09517717e+00
 -1.03091788e+00 -1.14132845e+00 -9.37075138e-01 -9.02995646e-01
 -9.08137381e-01 -5.08001566e-01 -6.89328253e-01 -5.08001566e-01
 -7.63150573e-01 -5.63641548e-01 -9.29052055e-01 -8.18840206e-01
 -7.24028707e-01 -6.52889013e-01 -8.36948037e-01 -9.79078352e-01
 -1.14239657e+00 -1.08402419e+00 -1.12471104e+00 -7.96360672e-01
 -1.80192888e+00 -2.23209524e+00 -9.44526911e-01 -1.11810374e+00
 -1.00230312e+00 -2.23045468e-01 -4.65725124e-01 -1.98206186e-01
 -9.97418165e-03 -1.28715980e+00 -5.50352573e-01 -6.58825636e-01
 -1.43266821e+00 -7.59871781e-01 -4.74220186e-01 -2.35768270e+00
  3.43960524e-01  1.90379381e-01 -6.64414465e-01 -3.43590468e-01
 -4.06856090e-01 -6.19157314e-01 -4.88378555e-01 -5.59990168e-01
 -5.88108242e-01 -6.06017351e-01 -7.03039527e-01 -7.44521141e-01
 -4.90042776e-01  5.06336689e-02  2.24667788e-03 -2.59261101e-01
 -2.66017407e-01  5.72409034e-02  2.14150548e-01  3.86130810e-03
  3.90857100e-01 -1.92016387e+00 -1.62052774e+00 -1.47029972e+00
 -1.86382830e+00 -1.51540792e+00 -1.90868807e+00 -2.01395702e+00
 -8.13922048e-01 -7.57338166e-01 -7.32002139e-01 -1.00356984e+00
 -1.14865613e+00 -1.39026761e+00 -1.23847485e+00 -6.44617558e-01
 -5.27773619e-01 -3.23197424e-01 -4.68010336e-01 -3.80129009e-01
 -3.29605937e-01 -2.40159690e-01 -6.34979963e-01 -9.74781156e-01
 -1.11899805e+00 -4.39941972e-01 -8.48697007e-01 -6.14711106e-01
 -4.13960099e-01 -3.00394952e-01 -1.13479567e+00 -9.22906399e-03
 -3.60257626e-01 -3.53069234e+00 -2.96336365e+00 -3.90720606e+00
 -3.36277914e+00 -4.25659388e-01 -2.54044890e-01 -5.96030951e-02
 -6.24472916e-01 -6.24472916e-01 -1.72050571e+00 -7.02194989e-01
 -2.06159878e+00 -4.31745023e-01 -4.14928824e-01 -3.14553350e-01
 -1.46292150e-01 -1.46851134e+00 -6.78746700e-01 -3.57252061e-01
 -5.52165806e-01 -5.49532831e-01 -2.45135164e+00 -2.55845857e+00
  9.39333081e-01  1.05053842e+00  9.02372122e-01 -1.38491392e-02
 -1.34915709e-01  7.64912963e-02 -4.46994901e-02 -1.20260537e-01
  3.37677002e-02  3.00814748e-01  1.79623902e-01  2.57198811e-02
 -3.76433134e-03 -2.35105085e+00 -2.60619974e+00 -1.17379189e-01
 -3.14652681e-01 -8.55105519e-01 -6.76312506e-01 -2.88074672e-01
 -1.02401137e-01 -2.30308604e+00  8.25780630e-03 -8.99369121e-01
 -7.66330004e-01 -9.24903870e-01 -4.34874773e-01 -6.64588332e-01
 -7.96360672e-01 -8.44225943e-01 -8.74033093e-01 -7.46259868e-01
 -6.29316568e-01 -5.69801688e-01 -9.26145852e-01 -1.25516689e+00
 -2.08589017e-01 -2.18400538e-01 -4.27671373e-01 -1.58011413e+00
 -1.13653302e-01 -1.06224024e+00 -1.06328344e+00 -8.75720978e-02
 -6.91961229e-01 -4.03080493e-01 -3.83060038e-01 -2.87329465e-01
 -4.31819528e-01 -1.40777826e-01  9.45013762e-03 -3.41179967e-02
 -7.02342391e-02 -2.76102155e-01 -2.15444624e-01 -5.09988725e-01
 -5.05567312e-01 -9.45272088e-01 -9.44526911e-01 -7.33591855e-01
 -4.25336480e-01 -5.33586025e-01 -1.07170403e+00 -6.38283551e-01
 -2.56702805e+00 -2.66077137e+00 -2.55560207e+00  5.71115732e-01
  4.10803080e-01  4.35990095e-01  4.05462623e-01 -5.68210483e-02
 -3.57475609e-01 -2.92173147e-01 -4.75313097e-01 -4.87136602e-01
 -8.57341051e-01 -1.50909877e+00 -1.34344554e+00 -1.28725922e+00
 -6.12425864e-01 -6.79690599e-01 -3.92845273e-02 -1.60987163e+00
 -1.56814170e+00 -1.60346317e+00 -1.23519611e+00 -7.97130704e-01
 -9.42192018e-01  3.73709202e-03 -1.64673209e-01 -1.77390873e-01
 -1.08064616e+00 -6.51125431e-01 -1.18169224e+00 -1.18735564e+00
 -2.80916142e+00 -2.78442121e+00 -2.73946238e+00 -2.90312815e+00
 -2.86398172e+00 -2.96954846e+00 -3.31096435e+00 -3.33838677e+00
 -3.40470767e+00 -3.29948854e+00]","[0.626027   0.665774   0.6155683  0.5074761  0.46641105 0.46746957
 0.4698918  0.38267854 0.35356742 0.35359696 0.37168607 0.36915025
 0.38796833 0.36412662 0.38571364 0.36219323 0.38358316 0.36302838
 0.3838812  0.37182385 0.370472   0.36885375 0.36694935 0.36318034
 0.4097095  0.5333066  0.55239636 0.61008227 0.61370915 0.5690875
 0.573823   0.3802539  0.40297645 0.38911504 0.3661014  0.3871985
 0.37930468 0.38397577 0.37537098 0.4072456  0.4072456  0.44422913
 0.49821508 0.5045328  0.46122745 0.5179122  0.47984815 0.5419848
 1.5422616  0.60918665 0.631176   0.56712335 0.5198375  0.7657718
 0.8989905  1.0306665  0.91581047 1.035279   0.7723984  0.78612876
 0.7562041  0.75475734 0.7642404  1.1907141  0.45320764 0.4414083
 0.3955235  0.47553644 0.4714934  1.1939858  0.33786935 0.35848656
 0.3575143  0.33578777 0.3551349  0.35325927 0.33920893 0.33111718
 0.3612047  0.34517998 0.3682817  0.5587538  0.493809   0.5510805
 0.44462413 0.43147078 0.45502314 0.8415472  0.76961285 0.78342193
 0.6435961  0.6679766  0.84139705 0.8262988  0.8165281  0.65840995
 0.33075956 0.32980052 0.73298305 0.74348956 0.73815054 0.4162441
 0.4410747  0.41521543 0.43992102 0.4456596  0.47105864 0.47242898
 0.8899125  0.42173195 0.38880822 0.41122866 0.4200898  0.41520467
 0.41609716 0.48187912 0.49807835 0.50353044 0.53765625 0.53331405
 0.47637433 0.51226467 0.47507823 0.47431037 0.47431037 0.47431037
 0.5061348  0.5118947  0.47353917 0.47341737 0.47341737 0.47341737
 0.63519144 0.6326169  0.6262232  0.5131221  0.50123113 0.95181584
 0.95199287 0.3076413  0.32733667 0.32440075 0.3601169  0.423309
 0.43508598 0.42584112 0.4526532  0.4489668  0.43221465 0.42916316
 0.4358191  0.41747397 0.42204192 1.0374771  0.7387358  1.1462944
 1.0786113  1.1108544  1.1595488  1.163719   1.1643082  1.1693735
 1.1693735  0.63203496 0.64412206 0.670984   0.7801678  0.52728087
 0.5190228  0.5125092  0.7574735  0.8668916  0.40066725 0.4036435
 0.44886714 0.52277166 0.4538512  0.93364716 0.96638626 0.9909127
 0.73610854 0.94635904 0.5309929  0.5309891  0.5234323  0.5138793
 0.54458326 0.5460168  0.7419913  0.5776603  0.63658965 0.88054174
 0.58353484 0.78896195 0.46850133 0.59094244 0.65286195 0.61250556
 0.7545742  0.6189839  0.5481564  0.61112714 0.5860051  0.58628166
 0.6905252  0.58628166 0.66474545 0.62147653 0.61088294 0.8251835
 0.43912455 0.4324194  0.4324194  0.4324194  0.68027675 0.68901783
 0.3932944  0.4184246  0.3891917  0.38945863 0.4297641  0.48599744
 0.46780878 0.43575633 0.45509526 0.47311264 0.5043465  0.40124273
 0.46154    0.43530762 0.43578604 0.43305716 0.4371179  0.46127918
 0.47310847 0.50496036 0.6876105  0.97326714 0.44231084 0.50309277
 0.5202821  0.51797074 0.78667    0.7359356  0.55879474 0.534562
 0.51009536 1.0560284  0.73309904 0.5287218  0.5191665  0.9264775
 0.6161166  0.74039584 0.71358794 0.71093005 0.41512084 0.70119137
 0.6678337  0.6906008  0.6587845  0.6761761  0.6665324  0.6748717
 0.6879127  0.6288041  0.6965123  0.5556902  0.8339024  0.4647866
 0.4843083  0.73590523 0.74187195 0.5036223  0.5428245  0.6755632
 0.4800968  0.7784597  0.48854664 0.54937786 0.6607358  0.66986924
 0.4513374  0.5005541  0.4513363  0.47572774 0.53969634 0.535275
 1.2148781  0.88588524 0.89124477 0.4993546  0.53619015 0.45615172
 1.1606902  1.1582526  1.1521764  0.715257   0.704321   0.82320946
 0.74827296 0.7322507  0.735357   0.7370497  0.6126119  0.7069573
 0.5355425  1.6476654  0.7056612  0.6061795  0.4917262  0.5728021
 0.58589053 0.5070192  0.5123598  0.5430105  0.6047118  0.52370393
 0.96116793 0.96230805 0.64709204 0.7162067  0.4787951  0.4659385
 0.48847133 0.49638325 0.99421823 0.45587474 0.6265415  1.2947221
 1.2885514  1.2972946  0.70161176 0.70481926 0.7181509  0.7147966
 0.67985195 0.8577215  0.53211176 0.5295234  0.46995953 1.3827293
 0.34784484 0.4969409  0.41644117 0.49465218 0.4641742  0.3819996
 0.3740612  0.40464014 0.37594548 0.56175905 0.9693333  1.344611
 0.57854116 0.49662057 0.49662057 0.5140283  0.57295835 0.9748925
 0.8043851  0.7306776  1.453421   1.1690524  1.069159   1.7120922
 0.5664865  0.54374987 0.5913689  0.46613163 0.42298818 0.48549995
 0.50444114 0.9430851  0.44335964 1.2081718  0.4323654  0.38963732
 0.44048584 0.40657836 0.37358767 1.2499937  0.9453881  0.38532153
 0.3396631  0.39681628 0.4177359  0.43201676 0.41002253 0.41480687
 0.39552474 0.41480687 0.33812684 0.41109806 0.37508607 0.3340328
 0.3342352  0.40630677 0.46731532 0.38308504 0.51622343 0.39632225
 0.39491576 0.48373094 1.1526937  1.2004697  1.3022959  0.3076413
 0.33345467 0.55571616 0.5442736  0.5596964  0.5648954  0.66556853
 0.9836731  0.96384466 0.67248017 0.7293371  0.5620361  1.1079817
 0.43652025 0.4878326  0.6023157  0.38272923 0.3792955  0.37539616
 0.37592566 0.4433832  0.3739495  0.44833285 0.37689924 0.39618295
 0.47506148 0.80446124 0.57175505 1.0522058  1.0028961  0.9653154
 1.1718161  0.7348781  0.8880661  0.58626044 0.678814   0.6624817
 0.55059755 0.6496429  0.56290245 0.53991556 1.1697409  0.58701825
 0.60246265 1.0397962  1.0529013  1.2813512  0.6422526  0.46998703
 0.44992828 0.66726536 0.66113454 0.50118154 0.48848864 0.52383494
 0.54187745 0.92688316 0.95555276 0.91794884 0.56046075 0.6144387
 1.1313642  1.3839672  0.65597886 0.6305178  0.6240054  0.56438905
 0.5803613  0.5649183  0.5831888  1.5000256  1.2429076  1.2084905
 1.5635659  1.5635659  1.2690432  1.0611784  1.0319558  0.6850827
 0.68209445 0.71307623 0.69560283 0.7310797  0.97561455 0.5005521
 0.59347993 0.5621493  1.054908   1.0506343  1.0083714  1.1983963
 1.0488721  0.73170584 1.0186877  0.72766817 1.0111164  0.533835
 0.99786717 0.73246396 0.98467904 0.53412926 0.5096194  0.62425953
 0.63071024 0.7635868  0.77828664 0.5901821  0.58736885 0.4456072
 0.58840245 0.8625725  0.9036557  0.6654774  0.69740766 0.7079181
 1.1020033  1.2707152  0.49493554 0.49332643 0.4459463  0.5056551
 0.48205036 0.5085694  0.52979475 1.1240733  0.83599156 0.86821795
 0.8393     1.3152577  0.612844   1.5544046  1.5543746  0.9379222
 0.8611526  1.1398561  1.145112   1.0933721  1.0979614  0.90422666
 0.8763829  0.8754002  0.8748285  0.9024916  0.8741911  0.9045396
 0.8859398  1.614025   1.6141933  1.597929   0.47525716 0.4782267
 0.44071156 0.60740376 1.5209754  1.5105181  1.4992204  0.41630027
 0.4293485  0.41186664 0.4544545  0.43846723 0.4961217  0.5000422
 0.6616097  0.96891147 1.1204723  0.6231434  0.7257091  0.61089516
 0.6877334  0.5743548  0.5621705  1.0439547  1.1961005  1.1864891
 1.1519043  1.1410294  1.4200714  0.44104654 0.42721444 0.47073764
 0.53550994 0.5328924  0.5352183  0.5530855  0.46522078 0.42357552
 0.3861749  0.46141824 0.41997024 0.38656875 0.425896   0.4722721
 0.3984021  0.43122873]"
iid,1,97,"[-0.6368356  -0.9095715  -0.82871735 -0.5228041  -1.6061594  -1.4900727
 -1.0015376  -0.8657793  -1.0042477  -0.7071651  -0.7168766  -0.85658723
 -0.9033381  -0.777043   -0.9510375  -1.220431   -1.0422356  -0.9142918
 -1.021751   -1.3074734  -0.22456968 -0.14342195  0.7258506  -0.47937322
 -0.40771112 -0.6477441   0.29276145 -0.63267994 -0.9231451  -0.7426913
 -1.0895963  -0.9058676  -0.83434105 -0.516006   -0.6827282  -0.5449148
 -0.71461815 -0.88400537 -0.88147587 -0.74314296 -0.5485735  -1.5642643
 -1.49267    -1.457302   -1.3538177  -1.2706599  -2.2374315  -2.2692087
  0.31530118 -2.2014313  -2.2034187  -2.2486339  -2.3243613  -1.1622069
 -0.8181476  -0.7840895  -0.9821596  -0.8932652  -0.8556386  -1.0698345
 -1.0624491  -1.1289393  -0.52903754 -0.51966476 -0.4338419  -0.08589798
 -0.1025883  -0.72347146 -0.71922547 -0.69962174 -0.647586   -0.6282984
 -0.28035456 -0.30253297  0.21981198 -0.5272533  -0.60666203 -0.42675024
 -0.4460378  -0.5405785  -0.5874648  -0.5535648  -0.6696063  -0.7459661
 -0.42311406 -0.43815565 -0.46539313 -0.42297855 -0.43831375 -0.43831375
 -1.2694628  -1.4437962  -1.554327    0.22389984 -0.2634158  -0.13764018
 -0.26824898 -0.43815565 -2.0950336  -0.82794946 -0.53515804 -1.4387823
 -0.7118176  -0.73995847 -0.77112573 -1.5883625   0.5096899  -0.3502098
 -0.4942341  -0.48456773 -0.55756235 -0.52901495 -0.628592   -1.0621104
 -0.08883411  0.17857182  0.17111886  0.24253243  0.14808214  0.14808214
  0.12942702  0.05363184  0.05363184 -0.27010095 -0.29295692 -0.33993366
 -1.1627941  -1.3101835  -0.6278919  -0.57081974 -1.0155853  -0.9585583
 -0.5019582  -0.5612437  -0.9490275  -0.81826055 -0.83689314 -0.27893168
 -0.3381946  -0.7258429  -0.3789379  -0.57646596 -0.4190262  -1.0050608
 -0.6242783  -0.56594133 -0.6968664  -0.66479576 -0.61298585 -0.7992214
 -0.67665285 -0.6971826  -0.4406174  -0.7512284   0.4054153  -0.08659816
 -0.43562612 -1.3686786  -1.1579835  -0.6328606  -0.63660973 -0.6290889
 -0.84725964 -0.40271986  0.02973694  0.0611527  -0.60126424 -0.6794534
 -0.85577416 -0.74784064 -1.1509821  -0.10604382  0.23270804 -0.3897335
 -0.1165458  -0.01471025  0.13658637 -0.0908215  -0.2106573  -1.1739058
 -0.95094717 -0.09247023  0.05469334 -0.25658387 -0.15938944 -0.42658085
 -0.42539516 -0.03894389 -0.20767611 -0.14251852 -0.14251852 -0.25582725
 -0.14251852  0.29127085 -0.5973796  -1.0616586  -1.152405   -0.58656144
 -0.98631525 -0.89593023 -0.9636173  -1.0210735  -1.2228926  -0.9017346
 -1.0083808  -0.25042948 -0.2772152  -0.36660647 -0.9464528  -0.6236234
 -0.73607385 -0.7877257  -0.5517806  -0.81360805 -0.86523724 -0.45972428
 -0.5645863  -0.6304892  -0.7136018  -1.3111547  -0.0628162  -0.7360287
 -0.31432232  0.0479179  -0.50868845 -0.35696274 -0.14651603 -0.284465
 -0.5932466  -0.8573325  -0.7058326  -0.38029298  0.06381768 -1.436953
 -1.4272866  -1.6986449  -1.4612995  -3.7738864  -3.8986459  -3.6660209
 -0.99498785 -0.93072236 -1.4332716  -1.2096127  -0.06764936 -0.17537963
 -0.46083096  0.11598891 -1.3278902  -1.2805972  -1.1268388  -1.3882372
 -1.4884241  -1.6987691  -1.8176903  -0.81480503 -0.82329696 -0.03311694
 -0.23394245 -0.37722144 -0.6273047  -1.3333557  -1.0980204  -2.0015092
  0.7336198  -0.46173435 -0.27622148 -0.0824877  -0.07164693 -0.6637794
 -0.31606135 -0.44325987 -0.1383403  -0.60736215 -0.31527087 -0.63200235
 -1.0935035  -0.89184237 -0.8825147  -1.1723702  -0.13395882 -1.4075022
 -0.5099307  -0.77539426 -0.850015   -0.5433338  -1.902158   -2.0093012
 -0.72959197 -0.72243255 -0.5706842  -0.08210379 -0.06604582 -0.22190464
 -0.25361395 -0.5657381  -0.19389933 -0.41202486 -0.19782907 -0.01265496
  0.16411752  0.18119168  0.14738202 -1.4711239  -1.5225275  -0.9336471
 -1.0682535  -1.2591641  -0.6875162  -0.36276707 -0.6270111  -0.4164741
 -0.06633943 -0.85943294 -0.15722132 -0.35167783 -1.1451101  -0.66989994
 -0.49012366 -0.92334837 -0.9517151  -1.2034018  -1.3532078  -1.6223303
 -1.7284571   0.05159926 -0.77683973 -1.2167495  -1.3549244  -0.5789051
 -0.54780567 -0.56773686 -0.91088146 -0.583456   -0.8223823  -0.7619562
 -0.7958111  -0.89240694 -0.7712386  -0.79316866 -0.70964944 -0.53895235
 -0.81103337 -0.6704194  -0.60948515 -0.7059907  -0.84834373 -0.88838685
 -1.0647076  -0.9222643  -1.1894896  -0.68028903 -0.66267276 -1.6910338
 -0.9443072  -0.846966   -0.876462    0.12317097 -0.20435613 -0.13626248
 -1.0760226   0.17861706 -0.01008034 -1.4580698  -1.569504   -1.4064407
 -1.6130478   0.2229287   0.15467697 -1.1105099  -1.2005336  -1.1325755
 -1.0364538  -0.83657694 -0.90948117 -0.88475066 -0.91029423 -1.0012213
 -1.1206732  -0.12325352 -0.74393344 -1.1023568  -0.7816051  -1.0209606
 -0.702874   -0.64101374 -0.53041524 -0.8807757  -0.5585335  -0.6693805
 -0.6693805  -0.8359897  -0.725346   -0.78971314 -0.7168992  -0.6061313
 -0.6061313  -0.7729325  -0.88092256 -0.808007   -0.8639951  -0.906963
 -1.0739901  -0.84138757 -0.93708    -0.87095124 -1.0023506  -1.0584967
 -1.0788684  -0.7167863  -1.702123   -1.7334483  -1.0561028  -0.15658897
 -0.5817282  -1.3015561  -1.4763186  -1.6091633  -0.6225393  -0.6257237
 -0.67484605 -0.62795967 -0.62795967 -0.6617129  -1.8325963  -1.0357537
 -0.17869961 -0.56551224 -0.36900052 -0.39220655 -0.33503273 -0.35350722
 -0.36579344 -0.3505034  -2.358171    0.09365243 -0.11338389  0.10327363
  0.46431684 -0.3982706  -0.45751098 -0.5488219  -0.50859815 -0.56801915
 -0.62694335 -0.6009706  -0.6837897  -0.7430526  -0.70280623 -0.6744395
 -0.62156814  0.36031306 -0.22208536  0.12308061  0.0078522   0.3238157
 -0.88865787 -1.4159715  -1.516531   -1.4779221  -1.3674816  -1.464484
 -1.0393673  -0.73808396 -1.2667301  -1.1390799  -1.2648782  -0.8084813
 -0.73699987 -0.6143861  -0.29340863 -0.6600077  -0.40412012 -0.4356713
 -0.49353397 -0.28125793 -0.12244046 -0.8235003  -0.6221327  -0.54075915
 -0.24586731 -3.5956008  -2.8633738  -3.6711702  -3.287316   -0.60907865
 -0.48791033 -0.41611275 -0.22016561  0.10657108 -0.51261824 -0.4407981
 -0.4407981  -0.42309147 -0.2893885  -1.3211148  -0.7235618  -0.6321831
 -0.3930083  -0.5113987  -0.41776142  0.891963   -0.08569473  0.00660998
 -0.1454094  -2.7875109  -2.541922   -0.20826334 -0.25280088 -0.101188
 -0.21007013 -0.21650684 -0.06030923 -0.2305547  -0.24733531 -0.2603217
 -2.2116623  -0.01994991 -0.46329272 -0.52257824 -0.60982394 -0.5597926
 -0.7954384  -0.79181355 -0.56862897 -0.93014646 -1.0688633  -1.3759058
 -1.1277875  -0.34698018 -0.2158519  -0.14425755 -1.90602    -1.0343083
 -1.0345566  -1.0349633  -0.5702777  -0.42205256 -0.3507293  -0.19281518
 -0.0907312  -0.18766588 -0.13806927 -0.2290867  -0.37837327 -0.32642785
 -0.42363352 -0.7408845  -0.8394904  -0.6612047  -0.53219944 -0.43756843
 -0.73474133 -1.1644428  -2.0392714   0.09905016  0.25052762  0.2275812
  0.43818605  0.02912718  0.18069488  0.3912319  -0.08562702  0.10946184
 -0.30013898 -0.55331635 -0.28735587 -0.31034735 -1.3176591  -1.5565629
 -1.5094055  -1.181517   -1.3239379  -0.7821811  -0.79904073 -0.947966
 -0.8960657  -0.27775726 -0.11905277 -0.6854158  -2.0832217  -1.9626179
 -2.0412588  -2.0303955  -1.2633197  -0.7502798  -0.8181025  -1.1309494
  0.23142064  0.18019801 -0.18351018 -0.32105264 -0.29966468 -0.8166796
 -1.136573   -1.2306393  -2.7603188  -2.82909    -2.9169455  -2.8095992
 -3.170823   -3.267848  ]","[0.6302694  0.58864605 0.60036016 0.4686381  0.41348618 0.40910262
 0.38439304 0.37466693 0.364973   0.35846952 0.35816976 0.3722979
 0.3716195  0.3568894  0.37143284 0.36900637 0.37236932 0.37471285
 0.3737041  0.38646004 0.54023457 0.54327476 0.5593955  0.5528695
 0.5632224  0.5557393  0.5361143  0.3557041  0.34539855 0.35747036
 0.3625939  0.37230912 0.39147985 0.38857907 0.38999206 0.4356758
 0.53919995 0.535803   0.5979506  0.57693005 0.57528114 0.61124295
 0.5942552  0.6008532  0.5587259  0.5311372  0.78388584 0.7833515
 0.7422419  0.8026692  0.758199   0.80161494 0.8004095  1.0974776
 0.61639625 0.6175929  0.60366505 0.6035329  0.6159749  0.6227505
 1.1848834  0.49150893 0.33127683 0.34158108 0.33114144 0.34428427
 0.37197566 0.33699715 0.34045428 0.3376     0.3360986  0.3346684
 0.3418969  0.37626246 0.6246682  0.6840968  0.69218034 0.50776374
 0.65981466 0.6713502  0.6694977  0.42316896 0.4212574  0.46194172
 0.5158462  0.51534057 0.514561   0.5158523  0.5153507  0.5153507
 0.8945658  0.9480595  0.90238065 0.64224887 0.64605224 0.6383444
 0.844882   0.86759573 0.952833   0.36045372 0.62322086 0.6247408
 0.3771579  0.3753579  0.3789948  0.6579638  0.85771525 0.4282102
 0.46216965 0.48288453 0.4415279  0.48397383 0.5151787  0.46096098
 0.41994965 0.4435755  0.4433027  0.4276278  0.44255406 0.44255406
 0.44204012 0.44055146 0.44055146 1.0168331  1.0165203  1.0160294
 0.34331065 0.347043   0.4773495  0.47875312 0.43986332 0.43276528
 0.46018213 0.46018666 0.43156973 0.45985118 0.46572417 0.47177386
 0.47854942 0.43873462 0.9163621  0.8965779  0.73684514 0.9702828
 1.0305893  1.0992367  1.126582   1.1404294  1.136489   1.055246
 1.1458801  1.131782   0.56563336 0.9144399  0.51756155 0.4432086
 0.81328034 0.7408463  0.79260945 0.4166541  0.41558534 0.4146245
 0.48007774 0.7829381  0.7488373  0.7589935  0.9046255  0.9769669
 1.0021112  0.9966694  0.94174933 0.46971598 0.4670154  0.6207749
 0.54141843 0.5756345  0.5763324  0.56071556 0.8656658  0.771009
 0.7853245  0.49906403 0.5484165  0.835518   0.5904255  0.8662498
 0.885264   0.5060924  0.5738492  0.56549877 0.56549877 0.6127645
 0.56549877 0.6018338  0.5641215  0.47525325 0.48620728 0.435951
 0.37313443 0.4065201  0.35642162 0.44461682 0.37380314 0.5359343
 0.52356595 0.5139841  0.48150918 0.50886744 0.44364718 0.433627
 0.4243833  0.46633726 0.4263004  0.42744732 0.45022425 0.44354612
 0.46212223 0.46653736 0.46620083 0.71126425 0.4401015  1.0875468
 0.50052136 0.52013904 0.49833637 0.49581277 0.514121   0.5172764
 0.53336865 0.55826    0.5433688  0.68691856 0.73097    0.5931953
 0.6136802  0.60952353 0.6298598  0.80022377 0.7989405  0.8205117
 1.067487   0.77969235 0.6576016  0.6558709  0.84327966 0.84559876
 0.8608546  0.4617035  0.5849267  0.59166926 0.6129925  0.5904652
 0.6178857  1.0646083  0.4700023  0.89961123 0.89371973 0.5049528
 0.49278978 0.48604104 0.6973823  0.4979931  0.6418826  0.45074737
 1.0859354  0.72773886 0.7276142  0.7059615  0.64895904 0.6796114
 0.4685524  0.46509683 0.43914562 0.46416548 0.45086536 1.168688
 0.9395322  0.82584715 0.83039033 0.8278656  0.5449631  0.92258596
 1.0520386  0.6061405  0.5747698  0.54361916 0.9738304  0.9734882
 0.63708043 0.6138883  0.61350006 0.5840481  0.63813114 0.557286
 0.55621845 0.710657   0.7389069  0.50930065 0.63377786 0.531771
 0.6215706  0.53680724 0.61639374 0.8472495  0.8481777  0.6633956
 0.76346123 0.7744677  0.48001912 0.5409579  0.51554894 0.5398735
 0.7180454  0.9715689  0.71715176 0.7182792  0.9635415  0.691542
 0.7277281  0.63913536 0.6389991  0.66096103 0.6597151  0.92775315
 0.8614964  0.7094124  0.8974759  0.5270487  0.5501573  0.5706193
 0.48090893 0.42331436 0.35155377 0.47475934 0.3557818  0.4221661
 0.4745539  0.34563696 0.39126667 0.40017328 0.50805944 0.87567216
 1.1861254  0.49206978 0.8316815  0.66097677 0.6742639  0.48072895
 0.42580482 0.5085128  0.42169777 0.832913   0.8241421  0.70199627
 0.7949695  0.5572514  1.3422462  1.0040686  0.676797   1.0633167
 1.444371   1.2371981  1.7872431  0.6377552  0.6475258  0.5924407
 0.593675   0.45676482 0.4873426  0.6269185  0.7166303  0.43676585
 0.42721063 0.3530544  0.45118323 0.42624906 0.3918539  0.38961884
 0.3254704  0.8800067  0.35332897 0.37723118 0.39646375 0.3979129
 0.3926647  0.39134663 0.3849122  0.37689242 0.38360417 0.39009765
 0.39009765 0.35393932 0.41995457 0.37447903 0.3883415  0.38175127
 0.38175127 0.41846713 0.3718579  0.38606453 0.41655773 0.37137246
 0.371416   0.4079221  0.38573083 0.38814947 0.38800034 0.41784742
 0.4497295  0.46462575 1.0726396  1.1123575  0.32446766 0.4851348
 0.6983117  1.0250714  0.52368444 0.7127332  0.68448997 0.6844176
 0.6834998  0.9942366  0.9942366  1.0810661  0.76647854 0.7514472
 0.9059374  0.7155812  0.556833   0.6884758  0.7709035  0.73337406
 0.68784314 0.75928545 1.0442224  0.5212055  0.51772875 0.5356697
 0.4926924  0.42775095 0.4570307  0.45407906 0.36910808 0.42337346
 0.45239845 0.45323437 0.42398262 0.4525736  0.369533   0.41343448
 0.39610457 0.85377455 0.8662402  0.84088725 0.67678    0.8333135
 1.1675338  0.7130835  0.7183707  0.7936521  0.69024557 0.7023638
 0.5444778  0.604158   1.2635424  1.0504311  1.0606823  0.48317707
 0.4470283  1.0199535  0.6071486  0.4743814  0.9880762  0.7636811
 0.58344966 1.2538842  0.7358744  0.7329082  0.7139822  0.7034831
 0.7441844  0.5855753  0.5933746  0.58494455 0.6171664  1.4706826
 1.5342532  1.275323   1.2899158  0.46059322 0.72899944 0.7250034
 0.7250034  0.7248847  0.7365344  0.85861444 1.0976485  1.090464
 0.48903966 0.54671204 0.49544877 0.82702816 0.53687036 0.5508278
 0.55326074 0.6313274  0.7249063  0.81901324 0.8827018  0.8646148
 0.5803989  0.58032167 0.62998396 0.5801671  0.5356239  0.53565603
 0.77901596 0.8446598  1.0490384  1.0454913  1.1063058  1.3892288
 1.3679907  0.42479098 0.43604305 0.43310004 0.5014372  1.1213281
 1.1231252  0.7857784  0.7916446  0.8101677  0.96340513 1.5180985
 1.5180948  1.5180871  0.7822259  0.7753746  1.0102559  0.76569724
 0.7388011  0.7610365  0.73886603 0.73966014 0.7665942  0.76162404
 0.745952   0.48538733 0.5065734  0.52908856 0.55675906 0.53016454
 0.538815   0.48461547 1.1955234  0.47718892 0.475922   0.47492072
 0.533313   0.47472638 0.47316536 0.5314002  0.47233933 0.5249851
 0.4535828  0.49244684 0.94593817 0.9455627  0.76766264 0.75451666
 0.73207474 0.7735158  0.72970927 0.74693966 0.64270496 0.6683582
 0.6594495  0.67734134 0.66871226 0.65587646 1.2631041  1.2845674
 1.277312   1.3128433  1.1407311  1.1082821  1.1253258  1.2056891
 0.50565237 0.50214064 0.46528175 0.46079805 0.46515623 0.46739703
 0.46972266 0.45781037 0.354922   0.4047927  0.3609654  0.3538421
 0.36457425 0.38966706]"
iid,2,17,"[-1.0715294   0.82532775 -0.68600434 -1.0294833  -0.3785649  -0.5782534
 -0.8056458   0.26941156  0.20444226 -0.455057   -0.6518035   0.07572961
 -0.00860786 -0.96898836 -1.227946   -0.60755086 -1.0130571  -1.0787618
 -0.20425111  0.20897788 -1.5242304   0.11250466 -1.2590823  -1.0267252
  0.39800167 -0.6438356  -0.7789226   0.1426602  -0.295821    0.01983154
 -0.34840932 -0.07566106 -0.8832412  -1.0477482  -0.37599063 -0.3859199
 -0.9810628  -0.9523783  -1.1768286  -0.9067159  -0.6244674  -1.0238445
 -0.9884178  -1.0810909   0.31660628 -2.4828334  -0.10446811 -1.1182337
 -0.96255267 -0.5894085  -0.94575876 -1.1922742  -0.9353392  -0.97358525
 -1.1118594  -0.62986106 -0.75563174 -0.4744252  -0.3367639  -0.02687281
 -0.57004035 -0.20474148  0.1585961  -0.39204907  0.01474434 -0.95697516
 -0.4854577  -1.3906143  -0.50347745 -0.61527365 -0.5565561  -1.8786192
 -1.2185683  -0.18022478]","[0.60249925 1.1088167  1.1328574  1.0037094  0.9503315  0.99162894
 0.7766652  0.7397869  0.7350902  1.6065903  1.7184423  1.7237895
 1.6895243  0.68527806 0.7458445  0.92846435 0.9943428  0.9138667
 1.0786228  1.7922975  1.0482119  1.9234083  1.9126263  1.9475561
 2.1251786  1.0293357  1.9069812  1.5672345  1.5955567  0.8672013
 1.0300852  1.2387372  2.4456825  2.6985397  1.195024   1.0126318
 0.89732623 0.5601034  0.56861687 0.70281494 0.80500567 1.5564944
 2.823501   2.4466522  2.5315814  1.4571472  0.8673844  0.94206566
 0.45896596 0.6078995  0.4389013  0.49391523 0.4275456  0.9154883
 2.2426875  0.6804031  0.8015117  2.0469372  2.4905424  1.3819661
 2.2382567  1.045513   1.0848624  0.9534653  2.1844382  2.3097184
 0.9254772  1.8580152  1.5037916  1.2330613  1.086445   1.9531984
 1.9468368  0.76212174]"
iid,2,29,"[-1.0653111   0.2767145  -0.22948915 -0.7524906  -0.280241   -0.83002317
 -1.1151663  -1.2909148  -2.242946   -2.2550213  -1.1817594  -1.0143799
 -0.5962895  -0.51726246 -0.3440246  -1.3597796  -1.5159805  -0.18154687
 -0.8247627  -1.4194982  -0.43560514  0.10054755 -1.01163    -0.95194125
 -0.699228    0.44062704  0.05553436 -0.03198123 -0.6288688  -1.5545378
 -1.6639919  -0.7547024  -0.359567   -1.3465087  -1.0821686  -0.9721165
  0.04244292 -0.33422092 -2.1296659  -1.570379   -1.3965433   0.02672112
 -0.91897345 -1.1556363  -1.0089998  -0.95083535 -0.79678637  0.37564784
 -0.5938984  -0.41856828 -1.2157135  -1.3826149  -0.00400496 -0.51708317
 -0.028813   -0.42305169 -0.6975243  -0.40171078  0.09158081 -1.8659832
 -1.0946025  -1.1087102  -0.58008957 -0.07173389 -0.75090647 -0.73951864
 -1.4342635  -0.7410729  -0.6983911  -1.0227488  -1.3020337  -0.6769904
  0.04130709 -2.714299  ]","[0.5608575  1.150736   1.1967939  0.46081352 0.7656317  0.98479176
 0.81870544 1.0964851  1.681831   1.6517477  1.1181314  1.0947058
 0.34829956 0.40451443 0.42765895 1.4868892  1.5014327  1.2896955
 0.578288   1.8165082  0.5946097  0.7457643  0.4481801  1.7864292
 0.7361997  0.8610609  1.2456547  1.3740929  1.4986885  1.36191
 1.3876518  1.8849031  1.6712952  1.0995209  1.7506477  1.5500519
 1.53714    1.5655701  0.88451606 1.7691169  0.89123863 1.3333071
 1.3364952  1.2940481  0.47665766 0.48210555 1.4465977  1.4934989
 1.0031838  1.9949126  0.45739084 0.51718146 1.0231801  1.3760816
 1.2437689  0.6665782  0.58117634 1.8111632  1.8825178  0.79841113
 1.3273997  0.76370615 1.9887179  1.3635246  2.0792077  0.7820327
 1.7842455  1.1381787  1.2139992  1.649527   1.05606    0.922754
 0.5854998  0.83904386]"
iid,2,43,"[-1.1812409  -0.88855183 -1.049634   -0.8999537  -0.84803873 -0.9982041
 -0.43102044 -0.9656966  -0.50428367 -0.545282   -0.7728347  -0.50889295
  0.5587611  -1.2798553  -0.84367204 -1.2449218  -0.9094149  -0.62509525
 -0.49021325 -0.32622    -3.6832294  -3.6570292  -0.06664491 -0.23888636
 -1.5510747  -0.0304985  -2.4770544   0.24751365 -0.23791593 -0.46692428
 -0.05863935 -0.67870843 -0.0530597  -0.09284502 -0.25222898  0.15460038
 -0.46013165 -0.8411248  -1.0543646  -0.6212138  -0.7244373  -0.70757705
 -0.92397046 -0.538732    0.04955739 -1.3705852  -0.93658537 -1.0709822
 -0.90613985 -0.76737636 -1.549134   -1.3759222  -0.00745213 -0.32876724
  0.05586475  0.41611624 -0.6391657  -1.093786   -3.9343135  -2.722559
  0.8028103   0.16284853 -0.34853864 -2.175268   -1.0435691  -0.5168985
 -2.2504718  -0.30656996 -0.59598404  0.23975068 -0.10521734 -0.59161735
 -0.73377717 -0.6430472 ]","[0.5662606  0.63991594 0.6050458  1.2310774  1.2796094  1.272526
 1.4434758  0.51365644 0.63457984 0.62870544 0.554546   1.7815785
 0.96495676 1.7389126  0.5876741  0.54846704 0.87403464 0.68660283
 0.697326   0.69794405 1.5498599  1.5484401  1.7451426  1.9071945
 1.0592175  1.9115465  1.7040004  1.928394   0.7724762  1.1027745
 0.89704764 1.0124159  1.4002056  1.2514391  1.2472515  0.92251337
 0.93598735 1.4714644  1.4386691  0.6377974  0.63783723 1.5974631
 1.7959597  2.4964821  1.1405761  0.69500065 1.0272793  0.40545234
 0.5125863  0.58005804 2.2463474  0.50477004 1.8487657  1.4498098
 1.3610574  1.0517027  1.0319694  1.3475467  1.4757386  2.066516
 1.921735   1.8471518  0.9619911  2.0647933  2.3003497  0.7297889
 1.8167046  1.18966    1.039441   0.77866334 0.7820812  0.9546195
 0.9742695  1.1293373 ]"
iid,2,71,"[-1.39816785e+00 -9.79699850e-01 -9.46819305e-01 -1.19239175e+00
 -1.59799886e+00 -4.18304652e-01 -2.39221156e-01 -5.50311983e-01
 -8.64678741e-01 -4.20731246e-01 -3.51572990e-01  5.06368279e-02
 -7.84432888e-03 -1.78920031e-01 -7.68099844e-01 -4.54703718e-01
 -6.27720714e-01 -2.74285614e-01  3.61485004e-01 -1.01753950e-01
  8.88559222e-02 -1.18618906e-01 -1.26748025e-01  1.05599463e-01
 -1.01063907e+00 -6.29055321e-01 -6.74311519e-01 -7.63367951e-01
 -3.55698228e-01 -3.67335320e+00  1.65718615e-01  1.22646332e-01
 -1.38501525e-02 -8.65042686e-01 -1.23473608e+00 -5.67055583e-01
 -2.20889664e+00 -1.06086969e+00  2.03042626e-02 -1.16363657e+00
 -2.98915625e-01 -5.98116100e-01 -9.22795892e-01 -3.34708095e-01
 -1.86806500e-01 -6.24080777e-01 -1.02895987e+00 -8.72686505e-01
 -9.90012884e-01 -3.95858526e-01 -5.28229892e-01 -8.94525945e-01
 -1.31165934e+00 -1.10309267e+00 -2.52920866e+00 -6.59994543e-01
 -4.10296857e-01 -1.07458007e+00 -2.50577927e-03 -6.41067028e-01
 -3.21885014e+00 -4.76907164e-01  9.51756716e-01 -2.34974623e-01
 -3.85181487e-01 -7.20538378e-01 -3.50723684e-01 -2.09980607e-01
 -6.21411502e-01 -2.15546489e-02 -2.94547737e-01 -1.31408608e+00
 -1.31833267e+00 -5.64977527e-02]","[0.58711475 0.48093915 0.54037    2.105419   2.0661552  0.38951585
 0.60958856 1.2431548  1.2500379  0.82042366 1.9372094  1.4201376
 0.6970651  1.342491   0.7569675  0.6495398  1.752087   1.2143971
 1.3225374  0.8859405  1.0751556  1.1027396  1.075607   1.0867828
 0.82839066 0.971426   0.63108695 0.685587   0.5822751  1.427811
 1.8293295  1.8272581  1.8247286  1.1067094  0.8157729  1.9609425
 2.0067687  0.41689822 1.0251927  1.5962315  0.74256426 1.4227122
 0.52654696 2.1998715  1.0227677  1.0595521  0.48727286 0.6232824
 0.5103409  2.1618614  0.5754172  0.51625377 0.57071656 0.59043914
 2.6935542  0.68061084 0.93495667 1.4653176  1.3345572  1.3409789
 1.3062577  1.4814688  2.2624102  1.4969764  0.9029611  1.7332343
 1.7785239  0.984098   1.1132956  1.610573   1.6682642  1.5030305
 1.2275015  0.9587877 ]"
iid,2,97,"[-0.38577062 -1.3241403  -0.86237025 -0.88985944 -0.70695996 -0.850193
 -0.8026898  -1.1940489  -0.64281857 -0.48198274 -0.3681679  -0.34622476
  0.02222663 -0.73083216 -0.83934206 -1.0242912   0.13797063  0.13797063
  0.12663734  0.0829922  -0.8254769  -0.6107478  -0.49596846 -0.6036344
 -0.94284844 -0.03648925 -0.34670705 -0.11220509 -2.080213   -0.46438003
 -1.1013935  -1.9065974  -2.2398434   0.13953799 -0.67766225 -0.4514794
 -0.38552946 -0.71335    -1.1265316  -0.4619687   0.74851966 -0.75530714
 -0.61388254 -0.9042069  -0.9340471  -1.8938173  -0.21878588 -0.5344292
 -0.53262067 -0.68417287 -0.47836575 -0.5135712  -0.22180009 -2.4990616
 -2.514253   -0.7574171  -1.7748181  -0.71319926 -0.28497696 -0.48077708
 -0.3915578  -0.8948027  -0.62835056 -0.52924484  0.29253697  0.47338676
 -1.5131886  -1.112546   -0.801243   -0.7625412  -0.76217943 -0.8511576
 -0.5796417  -0.04360271]","[1.1409265  0.89178693 0.51602757 0.49938938 1.6278973  0.46266544
 1.1786903  1.1880368  0.3642196  0.3623344  0.8011306  0.803384
 1.4396105  2.437901   1.2147561  1.8539097  0.6917834  0.6917834
 0.6915839  0.69246924 0.5003286  0.6878561  1.5928587  1.7279966
 1.246762   1.3597172  0.87235856 1.2762777  1.0602068  1.4782277
 1.5373785  2.1164277  2.110996   1.036922   0.7894916  0.80565447
 0.938541   0.4551397  2.473683   1.1105745  3.2692623  0.9684417
 0.4765412  0.42018828 0.5174803  1.4713472  1.4572431  1.5594501
 2.1704075  2.0340521  1.3705969  1.3926923  1.7275537  1.9841925
 1.981193   1.6669499  1.2950333  1.9504994  1.9551741  1.3309225
 0.9812802  1.0709034  1.3223118  1.1725855  0.7415628  0.7661908
 1.6171185  1.6228545  1.5149508  1.6429187  1.7564907  0.86588496
 0.87388784 0.72752464]"
iid,3,17,"[-1.0810935  -0.6468644  -0.56785005 -0.78065264 -0.6582853  -1.3985494
 -0.8011638  -0.6214586  -0.7501191  -0.80465996 -0.8275019  -0.48836955
 -0.5424442  -0.5888273  -1.1288751  -2.7893414  -2.2656093  -2.3565106
 -2.812883   -0.51703846 -0.6941798  -0.37066385  0.06566316 -0.35714516
  0.44511843 -0.7622393  -1.3015878  -0.801863   -0.6704055  -0.72541255
 -0.7233148  -0.94357604 -0.86386245 -1.4274514  -0.14271098  0.15120369
 -0.18559778  0.10948223 -0.21822912  0.07079089 -0.23920631 -0.28349167
 -0.59162426 -0.9678164  -0.67460096 -0.480911   -0.55491406 -0.7836827
 -0.64127046 -0.6505937  -0.71702164 -1.030049   -0.47135466  0.16029382
  0.0283702  -0.18699628 -0.11567366 -0.8354266  -1.4050757  -1.0344775
 -0.41494915 -0.86362934 -1.2400546  -0.5405796  -1.206491   -0.63660884
 -1.8062075  -3.9232788  -0.24013871 -1.2284006  -1.324896   -0.8377574
 -0.08141077 -1.5237137  -1.1659349  -1.3095126  -0.7417282  -0.5310233
 -1.5423602  -1.2535732  -1.2505431  -1.6097205  -0.09726024 -0.30423588
 -0.44664812 -0.45597136 -0.7773895  -0.6531576  -1.14589    -1.3463393
 -1.2265359  -1.0065078  -0.7953367  -1.2246712  -1.1230481  -0.63031566
 -0.8918321  -0.5739101  -0.6574696  -0.8405544  -0.9316889  -0.926095
 -0.7282095  -0.9524331  -0.9496361  -0.5501359  -1.0768981  -1.076665
 -0.98413205  0.05261058 -2.3406615  -0.9312228  -0.9645533  -1.0111694
 -0.36227295 -0.8699225  -0.71002924 -1.0563871  -1.4143989  -1.2726859
  0.15073758 -0.12219989 -0.0089227   0.08081335 -1.4269853  -0.6249548
 -0.61353385 -0.6801949  -0.49932435 -1.481293   -0.8498776  -0.41704687
 -0.3457242  -1.061981   -0.00752419 -1.0363421  -2.7285075   0.13232416
 -0.3287093  -0.2965442  -0.6547891  -1.2820091  -0.30213812 -0.5161061
 -0.37532544 -0.55806065 -0.40329513 -0.47555012 -0.6181955  -0.7897428
 -0.6911497  -0.9188695  -0.8198102   0.30107462 -0.29234874 -0.22871774
 -0.43219712 -0.61586463 -0.25878516 -0.26204824 -1.0717704  -0.81444937
 -1.0144325  -2.6874852  -3.0580835 ]","[1.4991884  0.47994608 0.43703103 0.4363735  0.4345494  0.53502315
 1.2755524  1.2542604  0.45191112 0.4848005  0.4969254  0.49946314
 0.6027226  0.73783666 0.9358333  1.7344261  1.2647454  1.262612
 1.266726   2.1704447  0.89674693 0.36282295 0.5064702  0.50356996
 1.4818692  0.76646155 1.4087852  0.359695   0.616627   0.614084
 0.6091746  0.60225284 1.198607   1.4822289  0.7804703  0.7479684
 0.78143847 0.7479546  0.782416   0.7481479  1.286666   1.2861152
 1.2873563  0.5237355  0.5810747  1.404176   1.626637   1.6253945
 1.7756774  0.73238057 0.72445095 0.89881104 1.5553073  0.8169612
 0.79819393 1.099344   1.0127387  0.5371638  1.7464896  0.5784968
 1.177257   0.7473163  0.68578225 0.81301963 0.9478662  0.5952575
 1.1239477  1.3603573  0.96012056 1.7722281  1.5119438  1.7863868
 0.9618704  0.95381916 1.1885225  1.8664824  1.6079147  1.4356004
 1.3223746  0.65889376 0.6576856  1.4951876  0.64936566 0.6015973
 0.7491813  0.8439467  1.0212681  1.0090173  1.7691696  1.7720025
 1.3235043  1.1190037  0.7751464  1.2379824  1.2191579  1.1811541
 0.50848526 0.59534603 0.7610695  0.45037025 0.44835207 0.6146623
 0.41487664 0.4399473  0.5678318  0.7492792  1.5061023  1.2171959
 0.94717497 0.7808382  1.4245821  0.43529037 0.7635573  0.50300145
 1.8752338  0.49670503 0.41100955 0.4694163  0.7216438  0.5430655
 1.0776665  1.6513609  2.0941472  1.0829158  1.6141577  1.6568437
 0.59275    0.5926298  0.6497886  1.078821   1.1567028  0.9802511
 1.7985183  0.8064386  1.1984036  0.9922825  1.7104303  0.98118424
 2.076544   1.9988306  3.393757   1.8470771  1.5021439  1.3006897
 1.8310091  1.8320857  0.9721588  0.93015605 0.9133176  0.9266838
 1.2416447  0.95933056 1.29001    0.74783033 1.0434204  0.7901431
 1.0717577  0.8811313  0.6544912  0.6565947  0.9852331  0.96153635
 0.9563758  0.6432927  0.7086316 ]"
iid,3,29,"[-0.85856616 -0.22289366 -1.2403486  -0.4095218  -0.4928887  -0.65583307
 -0.95330125 -0.9750903  -0.9684589  -0.4540473  -1.6041313  -2.3582227
 -2.2739086  -1.1891917  -0.814988   -0.83109295 -0.92961746 -0.4152059
 -0.2437354  -0.49573076 -0.42089    -0.68235886  0.01583874  0.1513099
 -0.7723572  -0.69183236 -0.2380513  -0.5516244  -0.8111986  -1.1465609
 -0.95519596 -0.66814864 -0.8955128  -0.78372544 -0.5819397  -0.6198337
 -0.28068206 -0.584308    0.40993673  0.4336205   0.23183477 -0.03910762
  0.17120433 -0.11110628 -0.92014396 -1.10393    -1.2460327  -0.9239334
 -0.46257347 -0.63309664 -0.7107794  -0.7515155  -0.6132023  -0.65583307
 -1.2848741  -0.3820486  -0.35457546 -0.99309    -0.8519347  -0.7638311
 -0.1414215  -0.33278638 -0.94382775 -1.3057158  -1.1058247  -2.1337006
 -0.50520426 -0.5232039  -0.06942278 -1.009195   -1.098246   -0.42846882
 -1.0527731  -0.8670923  -1.0821409  -1.3104526  -0.7846728  -0.80267245
 -0.58288705 -0.81025124 -0.509941   -0.4985728  -0.8443559  -0.67288536
 -1.1588764  -0.8983549  -0.9684589  -0.93245953 -1.2308751  -1.0333524
 -1.0811937  -0.51088834 -0.65393835 -0.3091026  -1.7083399  -1.8826525
 -1.0575099  -1.098246   -0.77140987 -0.92867017 -0.9002496  -0.58099234
 -0.92961746 -1.190139   -0.9144599  -1.330347   -1.3350837  -1.4061351
 -1.4885546  -0.11157995 -2.1791735   0.15557307 -0.07889628 -0.885092
 -0.42846882 -0.652991   -0.64257014  0.08878481  0.10678446  0.38625306
 -0.88224995 -0.8869867  -1.2739795  -0.9599327  -0.6160443  -0.01352906
 -0.42089    -0.5070989  -0.13479    -1.1162456  -0.81214595 -0.2901556
  0.02341759 -0.33089167 -4.1259794  -0.75246286 -0.35647014 -0.0893172
 -0.598992   -2.7655835  -2.5107462  -0.22289366 -0.8869867  -0.37920657
  0.17215168 -0.62362313 -0.63972807 -0.35741752 -0.6643592  -0.32615492
 -0.07794899 -0.5753082  -0.7145688  -0.37731186 -0.5497297  -1.0537205
 -1.5425535  -0.6861483  -0.23047245 -1.6846561  -1.2934003  -0.86330295
  0.26120275 -2.8025303  -3.2373643 ]","[1.5386145  0.800025   0.84740496 1.1649684  1.2082626  1.1953572
 0.49536458 0.56275636 0.4814318  1.0377579  1.0444214  1.4813728
 1.4751972  1.9298996  1.03013    1.0960165  0.9813073  0.4272273
 0.41950938 1.200302   0.83012575 1.4695393  1.3137482  1.2567651
 1.2169973  0.6101321  0.54597956 0.54921883 0.6766503  0.94274795
 0.53118414 0.5430287  0.5688759  0.5369874  1.6491235  1.7184623
 1.094469   1.8643017  0.7794851  0.76872224 0.76638967 1.1315233
 1.1049485  1.1438359  0.5499681  0.7399645  0.71826845 0.7982207
 0.86009806 0.88031363 0.60143685 0.55004543 0.60848075 0.5757885
 0.8404616  0.8732067  1.0633353  1.901215   1.6764482  1.4789586
 0.86857456 0.8414164  0.84757394 0.85754114 0.8362969  1.1741744
 0.7211683  0.90069854 1.1628008  1.6138761  1.6153055  0.93451035
 1.1099634  1.4122639  1.374574   1.3733116  0.9497158  0.8625693
 0.93461245 0.9898734  0.6441617  0.7401705  0.4298512  0.73292464
 0.49782938 0.7098106  0.5678228  1.4819022  1.3393357  1.2431418
 1.3127958  1.563428   1.3254992  1.141819   1.212302   1.1975194
 1.0372019  0.34215057 1.0809355  0.42841777 0.45359048 0.5060216
 0.42808837 0.43499428 0.52185756 0.42450657 0.82951075 0.78249884
 1.0824381  1.6284182  1.5634984  0.9676383  1.6296084  1.9584699
 0.64655507 0.61618686 0.6845982  1.7929558  1.578328   1.9295195
 1.3040369  1.2924994  1.9032304  1.1818248  2.4377394  1.3175982
 0.89339733 0.9634431  1.3633717  0.7113464  0.9046034  2.3864043
 1.4114602  1.3918284  1.2348098  2.2405882  1.0802356  1.1677732
 1.9580545  1.8275806  1.8503114  2.015757   1.3713864  1.0494409
 2.072709   1.6358714  0.869181   0.8760258  0.92465484 1.6145895
 0.9914879  1.0452882  2.5436327  0.81460196 0.80172944 1.587514
 1.2983625  0.9073925  0.92737913 2.2387314  2.3286624  2.744618
 0.71258336 1.0009084  0.5906047 ]"
iid,3,43,"[-0.96177894 -0.90086794 -0.60056233 -0.9636677  -0.9258934  -1.0961138
 -1.4129456  -0.16969937  0.14807683 -0.80005777 -0.5852165  -0.34629416
 -0.6942898  -0.8045435  -0.17064369 -1.620232   -1.4228613  -2.2803378
  0.30484015  0.43893892  0.55934435 -0.95823765 -1.3869758  -0.5417761
 -0.22305554 -0.19566917 -0.23887354 -0.5677459  -0.7311197  -0.7868368
 -0.8142232  -0.7877812  -0.6621816  -1.0257592  -1.4195561  -0.5025853
 -0.57388425 -0.6390449   0.14429939 -0.12484241  0.2316525  -1.2372952
 -1.5600293  -0.73088366 -0.76027673 -0.76747745 -0.7382614  -0.33425358
 -0.99176234 -0.6706809  -0.31701908 -0.07243055 -1.2219493  -0.09391469
 -0.12012058 -0.00349247 -0.8378321  -1.0203291  -1.0203291  -1.033314
 -0.66643125 -0.6938176  -0.7806985   0.01185334 -0.42986977 -1.572542
 -0.5920631  -0.98609614 -0.59890974 -1.3520346  -1.0592839   0.05552983
 -1.284513   -1.4568582  -0.8288607  -1.9129827  -1.7984796  -0.82744414
 -1.3350362  -1.3071775  -0.22919387 -1.1224377  -0.69145674 -1.0866702
  0.06426513 -0.22966605 -0.9081867  -0.4950304  -0.7037334  -0.5677459
 -0.5436648  -0.71553785 -1.1022521  -1.2774303  -1.3355083  -0.7786917
  0.28311986 -1.1796894  -0.00349247 -0.80147433 -0.729231    0.08716583
 -0.821778   -0.83476293 -0.9719308  -0.9216438  -0.8628576  -1.1909037
 -1.043938   -1.3303144  -1.0295366  -1.020093   -1.0866702  -1.1721345
 -1.0295366   0.02861571 -1.3114272   0.3138116  -0.45418695 -0.620866
 -0.18150383 -1.3397579  -0.42750886 -1.0779349  -0.9230603  -1.0139546
 -0.56632936 -3.2506647  -0.93510085 -0.45395088  0.85516435  0.7942532
 -0.15742272 -0.00868642  0.4634922   0.24629003 -2.7052984  -0.08588767
 -0.38312408 -0.39233157 -0.8817447  -0.56267    -1.8145335  -0.83877647
 -0.06157047 -0.13971597 -0.20747364 -0.24996972 -0.56750983 -2.3351104
  0.30531234  0.59853524 -0.49597478 -0.7249814  -0.6296013  -0.06582004
 -1.4408042  -0.9393505  -1.0432298  -0.8553027  -1.0177321  -0.11421835
 -1.0739214  -2.6741347  -2.7553494 ]","[1.6106     0.48359582 0.5594617  0.5577604  0.46628645 0.46060812
 0.511658   0.89696866 1.1470385  0.40015242 0.9025949  0.9262196
 0.80267537 0.77699184 2.5152466  1.026737   0.9937273  1.3657186
 1.4580342  1.4772123  1.4673363  0.8136128  0.764312   0.28376684
 0.31154236 0.36741015 0.44119114 1.059505   0.6821816  0.74925077
 0.66153544 0.6439611  0.39498618 1.1496763  1.2086468  0.5673956
 0.62196606 0.69669443 0.6415128  0.6878489  0.6198719  0.8036551
 0.78289586 0.92019224 0.633757   0.61198056 0.55044585 1.5076703
 1.653823   1.7768868  1.6335292  1.1364406  1.6079199  1.0258191
 1.0282825  1.0714221  0.5468684  0.5931261  0.5931261  0.7382504
 0.72576237 0.5011688  1.7711978  0.6881965  0.78409827 1.0804589
 1.827137   1.7534974  1.8223394  1.3540115  1.4227546  1.3747909
 1.2442627  1.1518353  1.2337381  1.1549346  1.2333612  1.7108054
 1.5751158  0.6117014  1.3739352  1.5859207  0.99229795 0.33871567
 1.064244   0.6517988  1.2352995  0.7809271  1.2937969  0.93187696
 0.6688238  0.6506622  0.44192734 1.380328   0.9376382  0.93018574
 0.95536596 1.2126026  0.8005937  0.89201754 0.43532106 1.9755763
 0.45045176 0.48434234 0.44361076 0.43466896 0.5513967  0.46461612
 0.45157647 0.42253146 0.5537405  0.5853057  0.33871567 0.34220037
 0.32576254 0.8578843  1.1766179  0.89345896 0.6288291  0.71825045
 1.1490115  1.6301179  1.3444049  0.70383346 1.1047887  1.5524703
 1.1681426  1.1687433  2.3675191  1.11619    1.8525164  1.7204885
 1.1795003  1.7028003  1.552777   1.5210869  1.4593768  1.5882044
 0.8056441  0.8054372  1.502209   1.9316113  2.1945195  2.0648766
 1.6906823  1.7002224  1.2901711  1.2888038  1.2866541  2.4057586
 0.67296547 0.72356236 0.76527584 0.7825295  1.0282534  1.6167941
 1.1272446  1.1856318  1.7914943  1.9053453  2.5234413  0.5502239
 0.98263294 0.5466449  0.5421361 ]"
iid,3,71,"[-0.35235745 -0.7738273  -0.64271396 -1.0832549  -0.9016033  -0.9802713
 -1.1848081  -0.41767573  0.78880566 -0.5568943  -0.7785951  -0.8477276
 -0.5750118  -0.26320034 -1.4336852  -2.3862834   0.53301543 -2.3204885
 -1.2038792  -0.7871771  -0.37142846 -0.45105004 -0.5459285  -0.23173314
 -0.7733506  -0.43150225 -1.1480964  -0.8420063  -1.1097159  -1.0684749
 -1.5009106  -0.51112384 -0.578826   -0.7380692  -0.13399404 -0.3456826
 -1.0188901  -0.66083145 -1.0327166  -0.6245965  -0.73044074 -0.48275566
 -1.1182979  -0.2879927  -0.23507059 -0.32041347  0.27722508 -0.10538751
  0.01332968 -0.09346813 -0.04817444  0.25386316 -1.3054324  -0.31516892
 -0.94212925 -0.58740795 -1.1986346  -0.4777495  -1.0899298  -0.7600008
 -1.8425205  -0.1297031  -0.3070637   0.08150864 -1.3314168  -1.4053171
 -1.4479885  -0.6996887  -0.619352   -0.55355686 -1.0803943  -0.08393264
 -0.07988006 -0.7628615  -0.3826327  -0.02886498 -0.1254121  -0.14805901
 -1.78936    -1.1628765  -1.112815   -0.56929046 -0.38859242 -0.45867848
 -0.49491343 -1.093744   -1.1361771  -1.2653832  -2.4334843  -0.753326
 -1.1090008  -1.1919599  -1.1786101  -0.70088065 -0.86632186 -1.3349926
 -0.5230432   0.11106873 -1.3144913  -1.4177132   0.29724973 -1.0250883
 -0.63460875 -0.8339011  -0.9845623  -0.6932522  -0.81721395 -1.2472658
 -0.8524954  -1.1862385  -0.54449815 -0.5497427  -0.6288875  -0.5945596
 -0.30611017 -0.40337247 -1.6439433   0.6584075  -0.51541483  0.08031666
  0.28723747 -0.06009382 -1.4577624  -1.8713655  -1.9853148  -0.54640526
 -1.2558478  -1.0775336   0.03144711 -0.32089025 -2.7176428  -0.29156852
 -0.6045719  -0.6856238  -2.58939     1.0603297   0.18258506 -0.04221469
 -0.14305282 -0.26367712 -0.8315172  -0.06629187 -0.07916486 -2.1316853
 -0.6861006  -1.2739652  -2.0229802  -1.6236804  -0.5380617  -0.31111634
 -1.0596545  -1.0584626  -0.17356646 -0.20312661 -0.73234785 -0.7652454
 -0.5931293  -0.7175678  -0.8658451  -0.45677137 -1.3218813  -1.6012719
  0.12060422 -3.3226712  -3.4456794 ]","[0.8857273  0.48258975 0.48712766 0.46815413 0.47986802 0.47645167
 0.5045097  1.0020444  1.2280518  0.4585722  0.45709193 0.44105053
 0.82488614 0.6814462  1.0784472  1.9644897  1.5030214  1.2558781
 2.1787295  0.9581465  0.33496127 0.28584433 0.3042688  0.41547394
 0.5436718  0.74504614 1.2512666  0.55439746 1.2667265  1.8769727
 1.9222642  0.5564418  0.61686885 0.6977812  0.7350187  0.7439267
 0.34944615 0.61589056 0.49181575 0.5721485  0.59675354 1.4529912
 1.4187909  1.126149   1.6296619  1.6994051  0.77514684 1.2203472
 1.2251428  1.1047801  1.0295821  1.0790861  1.5960826  1.3166052
 0.5397058  0.4861637  0.85215914 0.5316147  0.8593413  1.9676585
 1.0946983  1.0442684  1.0448495  1.3425837  0.90569955 1.1137369
 1.0519553  1.5966123  1.4710426  1.57068    1.0743223  1.2368164
 0.7885618  0.93336564 0.96816033 1.2738492  1.0997559  0.74424195
 1.8985219  1.1616005  1.3403338  0.7034193  0.7901921  0.7712354
 1.341917   1.4555069  1.4517579  1.4507638  1.5570413  0.80093896
 0.8678858  0.44442612 0.47656706 0.7041508  0.40988582 0.8715064
 2.9010367  0.8949768  1.1177404  0.9676885  1.6579036  0.9204465
 0.45844543 0.5687554  0.4584998  0.40430775 0.7058202  0.42750496
 0.48143566 0.6980236  1.3333483  1.3329808  1.3295568  1.792699
 1.4969076  0.91829044 1.2831529  0.8493533  0.66189194 1.4483868
 1.7677487  2.3142688  1.4348755  0.7525763  0.70569813 1.201316
 1.6165569  0.6260622  1.8259791  1.9389951  1.1386812  1.6782279
 1.732364   0.9211443  1.6783096  1.7777716  1.4093207  1.098157
 1.8306453  1.9057815  1.339336   1.58567    1.585569   1.9223641
 1.9822272  1.8766978  1.6373979  2.2475562  1.583236   1.5796336
 2.4505444  2.4505277  1.0848109  0.9643247  1.1501108  1.2779294
 1.0509999  0.7983419  0.83566743 1.0345981  1.2148126  1.7914139
 0.58626115 0.6778868  0.53654087]"
iid,3,97,"[-9.0785611e-01 -8.6323339e-01 -1.1964947e+00 -5.2856284e-01
  3.7211174e-01 -7.5919193e-01 -7.7798045e-01 -7.7915472e-01
 -1.2721186e+00  4.1556031e-01 -8.6957449e-01 -2.3381799e-01
 -3.3433652e-01 -7.1644807e-01 -8.4632367e-01 -7.6529819e-01
 -3.9704323e-01 -4.0103576e-01 -1.4374576e+00  9.7564578e-02
 -7.1879661e-01 -8.1109524e-01 -7.8667015e-01 -3.4936732e-01
 -7.4932796e-01 -1.1286682e-01  1.4500558e-01  8.2064033e-02
 -8.1062549e-01 -6.0019410e-01 -4.1442260e-01 -4.5857564e-01
 -7.0400065e-01 -9.9616218e-01 -7.2138005e-01 -4.3015799e-01
 -2.8337267e-01 -1.4830196e+00 -5.7529926e-01 -9.7408563e-01
  1.7248374e-01 -6.3084286e-01  1.6520321e-01 -5.5087423e-01
 -3.6956501e-01 -2.6317501e-01 -8.4092200e-01 -9.2077321e-01
 -1.1744182e+00 -1.2169273e+00 -1.1983736e+00 -6.1757344e-01
 -5.4241937e-01 -7.1433437e-01 -4.8440981e-01 -7.3382741e-01
 -8.8413560e-01 -1.4313512e+00 -7.6553309e-01 -7.8502613e-01
 -3.8964050e+00 -3.6803370e+00 -8.4550172e-01  8.7700605e-02
 -6.8685615e-01 -1.3219081e+00 -9.9991989e-01 -5.5345762e-01
 -1.8273194e+00 -1.8987157e+00 -2.0694563e+00 -2.1268088e-01
  1.4594501e-01 -1.2848008e+00 -1.1405989e+00 -5.9526211e-01
 -7.3382741e-01 -3.9281580e-01 -8.0926359e-02  2.3037589e-01
 -1.3630080e+00 -4.0502834e-01 -1.4322907e+00 -8.4444487e-01
 -5.7177645e-01 -7.3993373e-01 -8.1908035e-01 -9.8019189e-01
 -9.4361299e-01 -8.8084757e-01 -9.8430192e-01 -7.8702241e-01
 -7.5602138e-01  2.5350928e-01 -1.3142049e-01 -7.9770839e-01
 -5.8539814e-01 -7.9371583e-01 -1.0182387e+00 -1.1086584e+00
 -7.2819090e-01 -8.1027323e-01 -8.6769563e-01 -9.3674344e-01
 -1.0050867e+00 -1.0908093e+00 -1.4783225e+00 -1.1263901e+00
 -1.3327115e+00 -1.4365181e+00 -1.6308618e+00 -3.2759142e+00
 -1.0459517e+00 -1.4792619e+00 -2.2324938e-01  1.4659089e-01
  3.2044333e-01 -1.5922279e+00 -1.0463040e+00 -1.5083841e+00
 -3.7062168e-04 -9.1795492e-01  1.2692159e-01 -9.7479022e-01
 -3.5995464e+00 -3.2294126e+00  1.8234777e-01 -1.3860240e+00
 -4.4941622e-01 -4.0602648e-01 -3.1402144e-01 -1.3494337e-01
  1.6226757e-01 -2.4611971e+00 -2.1150661e-01 -8.6093247e-02
 -3.3645025e-01 -6.7112076e-01 -4.6092418e-01 -8.0804211e-01
 -2.7397841e-01 -5.4993480e-01 -1.8755120e-01 -2.2160542e-01
 -4.2146829e-01 -5.5063939e-01 -3.8295183e-01 -6.9660270e-01
 -7.5484711e-01 -3.7015215e-01  3.5778564e-01  2.5022125e-01
  2.3965281e-01 -1.3112221e+00 -9.2969775e-01 -5.0460750e-01
 -1.7796433e+00 -1.6818256e+00 -1.0791839e+00 -1.0039124e+00
  2.9108638e-01 -1.4104962e-01 -2.9971395e+00 -3.3895848e+00
 -3.3146653e+00]","[1.6348076  1.7097781  0.4746095  0.9066625  0.98785484 0.4115437
 0.4232898  0.37805134 1.032914   1.3225594  0.72665143 0.36185366
 0.47555238 0.45318803 0.93394876 0.76728064 0.81048346 0.8104948
 1.4514123  1.2636169  1.1889     1.1918334  0.45918906 0.48241556
 0.68767416 0.59513074 0.5746896  0.5728994  1.3062216  1.3005399
 1.6051373  1.6050826  0.54848677 0.46867993 0.61322314 1.7763261
 1.0015614  1.2630593  0.5729545  0.7644253  1.5813155  1.659711
 0.7011417  1.1762257  0.9816726  0.78229827 0.48076242 0.59760267
 0.62568253 0.628692   0.86308163 0.513266   0.5515373  1.7740848
 0.81413436 0.8162075  1.9420699  0.79121923 1.8445795  1.8444481
 1.3336171  1.3650093  1.6220362  1.1108772  0.88393587 1.0277977
 1.4681683  1.3336622  1.0735791  1.3376707  0.80667096 1.3039985
 1.0084236  1.5003648  0.28602102 0.89058644 0.8854525  0.7878589
 0.766249   0.65265507 1.781947   0.7534698  1.293503   0.8032562
 0.86853296 0.7422677  0.46130154 0.7913851  0.6319192  0.82077247
 1.5091844  1.6517771  1.451413   0.7656309  0.875876   0.8219091
 0.43577594 0.4376502  0.4299028  0.4727891  0.40033823 0.3948535
 0.6872566  0.42296016 0.6826996  0.39001003 0.7348156  0.39992097
 0.37755552 0.7092092  2.0630176  2.3478816  0.29454002 0.69977266
 1.5966755  1.6682727  1.7659594  1.2790401  1.1516101  1.6971718
 1.3612076  1.254392   1.6398789  1.3294188  1.1553198  1.1807421
 1.0835204  1.4860716  1.359401   1.3660963  0.9369352  0.86967856
 1.6190383  1.5344996  1.7257316  1.8062536  1.0909852  0.70149887
 0.7429861  0.80328405 1.7012634  1.4020345  1.2403342  1.2401962
 2.5531895  0.78772837 0.8226557  0.8615894  1.1342565  0.9788279
 0.6612188  0.6548648  0.77041495 1.1383893  1.2421238  0.9147471
 1.8694274  1.9496762  2.0433013  2.2344537  0.69166577 0.6345494
 0.5855352  0.59848446 0.6028961 ]"
iid,4,17,"[-0.96789485 -1.3397596  -0.7570314  -0.953597   -0.6510589  -1.1186833
 -2.3502223  -0.8401753  -0.89664584 -0.13585508 -0.31487882 -0.3951391
 -0.97762704 -0.9547985   0.00700349 -0.82623786  0.21906847 -0.9073392
 -0.2514395  -0.88775474 -1.2993891  -0.6925107  -2.1019921   0.17124867
 -1.3758047  -0.9537172  -1.0773517  -0.91184485 -0.9474093  -0.99625033
 -1.325702   -0.66139185  0.04917622 -0.92752445 -0.7056071  -1.2349286
 -0.6041403  -1.1833241  -1.7905629  -0.89400256 -1.1822428  -0.65129924
 -0.8816271  -0.37014785 -0.4028287   0.14421499 -0.38150206 -1.0951339
  0.34931117 -0.33938944 -1.5388484  -0.856756   -2.794898  ]","[1.6855047  0.91491914 0.63043183 0.61653334 1.0180521  0.8087164
 1.3279052  0.8648396  1.0313257  1.3809273  0.6913746  1.6277119
 0.6011315  0.6482079  1.4647713  0.70712197 1.6455663  1.8867397
 1.2194074  1.0385633  1.6310511  0.84412795 1.8301948  1.2370781
 1.4096289  0.5136731  0.54324627 0.78811574 0.8036132  0.57917947
 0.6912273  0.4841368  2.0650878  0.5966943  0.6254851  0.68761677
 1.7663794  1.2993157  1.5989304  1.2123712  1.8729182  0.7427138
 1.3693502  1.1529217  0.99022704 2.1362064  2.239804   2.3546987
 0.711009   0.9294071  1.9562579  0.96475965 0.6309145 ]"
iid,4,29,"[-0.3443699  -1.3510048  -0.78243583 -0.71368647  0.16099805 -0.9855479
 -1.550016    0.15858579  0.5344154  -0.41311923 -0.15452522 -0.85697454
  0.06933224 -1.1712917  -0.85480356 -0.08601713 -0.31397542  0.29753178
 -0.7066909  -0.5648502  -0.7089826  -1.2295477  -0.80486983 -0.7011427
 -0.84539574 -1.2991413  -0.36077324 -0.21024835 -0.9380264  -0.31783506
 -1.0021925  -0.84274226  0.10985816  0.07705146 -0.8610754  -1.1194282
 -1.168397   -1.1375201  -1.0195607  -0.6275689  -0.02908784 -0.4268691
  0.07126206 -1.3444917  -2.0353622  -0.72743636 -0.8637289  -1.0890337
 -0.3236245   0.18222594  0.07319182 -0.40395266 -1.5753448 ]","[0.9264134  0.8155536  0.69469833 1.3924304  1.3022839  0.58760685
 1.1761801  1.6923453  1.5692749  0.3252735  0.52890515 0.8127395
 1.3327531  1.2764763  0.68294406 1.231939   0.7849252  1.2258252
 1.6069229  0.89900804 0.86128885 0.7687274  0.8320616  0.61930317
 1.9956597  0.9456756  1.1600693  0.80769724 1.0667231  0.85406965
 1.9432031  0.5140656  0.99282324 2.3031867  0.49131888 0.49631146
 0.46895128 0.7882771  0.44668576 1.7511892  2.0251486  1.2499808
 1.1378595  1.6311479  0.76469374 0.8024372  1.3870053  0.7817205
 2.5541213  1.3703876  1.8768178  1.9692016  1.1192946 ]"
iid,4,43,"[-1.0576572   0.14540476 -0.47267106 -0.6573209  -2.3505685  -1.1650174
 -0.65647554 -0.752363   -0.5124028  -0.888103   -0.95705986  0.31121522
 -0.31628025 -0.9237287  -0.713839   -1.1115185  -0.81383246 -0.69077283
 -3.7547648  -1.3336055  -1.6514592  -0.92119265 -1.1531824   0.22667962
  0.22486818 -1.1758863  -0.41349617 -1.1926726  -0.8559795  -0.1881485
 -1.3349339  -2.429428   -1.0871239  -1.0687675  -0.4143415  -0.33330813
  0.01449537  0.3689409  -0.7663718  -1.0863993  -1.2518475  -2.6815856
 -0.23609221 -0.34441853 -2.6518772  -0.34840375 -0.74934393 -0.41047704
 -0.77071935 -0.8295319  -1.4121027  -0.4777432  -2.7178152 ]","[0.5753402  1.4642609  1.2236587  1.2651964  1.9778619  0.98229915
 0.4287756  0.6892081  1.1791089  0.7868705  1.794337   1.1128947
 1.3146455  0.69819444 0.8739492  1.0289208  0.9672842  1.9212176
 1.5165262  1.1233109  1.104429   1.7187595  0.4040098  1.453666
 1.8814206  1.6910535  1.056426   0.5922969  0.58983    2.4517534
 1.0054209  1.4729005  0.94805753 0.40110752 0.92946225 0.9165334
 2.048777   1.3196281  2.4514441  2.0251718  2.06897    2.1765459
 1.7540252  0.9218327  2.1605275  1.9010404  2.8609247  1.1039513
 1.3960453  1.0805074  1.3323804  1.501181   0.903754  ]"
iid,4,71,"[-0.8389429  -0.7117337  -0.9279893  -0.50699896 -0.6406886  -0.68749195
  0.04360068 -0.45491523 -1.3936229   0.10456508 -1.5719557  -0.26386148
 -1.0325168  -0.4253931   0.17212993  0.44634974 -0.15441358 -0.65964997
 -0.840863   -0.73885566 -0.576844   -0.54588175 -1.3919427  -0.6751311
 -3.677627   -0.8588643  -0.26074123 -2.1424768  -1.0094751  -0.7460562
 -0.88022584 -1.0880809   0.10720527  0.76041245 -0.27058193 -0.6172869
 -0.5779241   0.09436435  0.00687808 -0.923909   -0.7003329  -0.7348954
 -0.326746   -0.34762746 -0.06296694 -0.99291396  0.4113071  -0.08288842
 -0.19065619 -0.8910266  -0.5463618  -0.78805923 -1.1058421 ]","[0.6387891  1.5263461  0.47038957 0.49761635 1.049349   1.4855453
 1.4670199  1.5956646  1.280079   0.61891013 0.99798065 1.6405789
 0.62195134 1.4795511  0.81629896 1.2635787  0.94188774 1.4276389
 0.8622954  0.8046432  0.7218758  0.70626247 1.0426499  1.8434385
 1.3735785  2.0036817  1.5549417  1.7468948  0.5694994  0.7788795
 1.4655747  2.4684849  2.345598   3.3037906  0.7382096  1.8004591
 1.2349633  2.149888   1.6121581  1.2980059  2.0518856  2.4175847
 0.87924105 0.9727198  1.5330178  0.98645484 1.4943529  1.0708551
 1.0656601  1.1397555  1.0764565  1.5144452  1.8836988 ]"
iid,4,97,"[-0.61879605 -0.9093793  -0.6357557  -0.60959965 -1.4043143  -2.545149
 -0.67648274 -0.7175681  -1.1351098  -0.48204398 -1.7487624  -0.5329229
 -0.02723885 -0.9432986  -0.69439787 -0.6103163   0.47080153  0.19968599
 -0.472967   -1.08232    -0.3172249  -0.82696974 -1.1243608  -0.33370677
 -0.9870115  -0.5547794  -0.20782322 -0.9581084  -0.6202293  -1.8833647
 -2.1276073  -0.65474576  0.2130627  -0.13807368 -0.964319    0.07941586
 -0.56660336  0.05875373 -0.77125376 -1.0120927  -0.01051807 -0.26085198
 -0.6045834   0.0919565  -1.0261859  -0.5485688  -0.8336581  -0.08373117
 -0.10964835 -0.4884934  -0.5603928  -1.3435223  -1.0309633 ]","[0.5221656  0.49274677 1.4232701  0.43589947 1.2449783  1.5204219
 0.3640569  0.47004494 1.223348   0.8074995  1.50304    0.9602961
 0.64690405 0.5573097  0.60083044 1.7382747  0.87245554 0.82902855
 1.2830007  1.7415769  0.84366626 0.6363526  0.85056704 0.858897
 2.1753867  1.7012916  1.7876842  1.544927   1.4719827  1.2995712
 1.4694179  1.1318774  1.2943897  0.967698   1.156199   2.2963758
 0.69958335 1.004784   0.5043781  0.6608476  0.96854204 1.6146873
 0.65871304 1.8204645  1.5611323  1.8930609  1.8587513  1.3745289
 1.8321635  1.001507   0.72884697 1.292178   0.9833122 ]"
iid,5,17,"[-5.14070570e-01 -4.99923587e-01 -3.98259223e-01 -4.61609870e-01
 -1.48332548e+00 -7.04445720e-01 -6.59841657e-01 -9.24320638e-01
 -1.00814581e+00 -8.15756857e-01 -9.36441302e-01 -1.26863432e+00
 -9.03199613e-01 -1.29864383e+00  9.22855139e-02 -2.49405116e-01
 -1.63839519e-01  5.06153107e-01 -6.11309290e-01 -5.23891389e-01
 -4.38325793e-01  4.22539353e-01 -5.91829240e-01  7.78899789e-02
 -6.04720652e-01 -7.03252256e-01 -9.01397049e-01 -8.30624819e-01
 -9.52204347e-01 -8.67272735e-01 -4.91495043e-01 -5.57754636e-01
 -3.67205501e-01 -9.24034715e-01 -1.29374588e+00 -1.52870011e+00
 -1.30943441e+00 -1.08633971e+00 -2.48055100e+00 -2.80361938e+00
  2.45913267e-01 -2.50179625e+00 -2.44658828e+00 -1.16473234e+00
 -8.88828874e-01 -9.83805060e-01 -1.03432655e+00 -1.03487349e+00
 -9.92631435e-01 -1.28213489e+00 -5.89479685e-01 -5.77346623e-01
 -3.58229965e-01 -1.91300571e-01 -1.82548821e-01 -5.90026677e-01
 -7.41590858e-01 -7.32640207e-01 -5.07307887e-01 -7.86965609e-01
  2.05013931e-01 -4.85900909e-01 -5.67749500e-01 -8.05836558e-01
 -6.68071270e-01 -5.84482253e-01 -6.28240943e-01 -8.27243507e-01
 -3.94480050e-01 -4.04499829e-01 -3.93709302e-01 -4.59148437e-01
 -4.04549539e-01 -4.17005867e-01 -1.52658677e+00 -8.50714087e-01
 -1.66382992e+00 -1.09899461e-01 -2.66311884e-01  7.80639052e-02
 -7.95804381e-01 -7.61307120e-01 -1.19230533e+00 -6.46813512e-01
 -6.91865087e-01 -6.83859229e-01 -9.07202542e-01 -1.03932393e+00
 -2.14597106e-01 -3.54077876e-01 -5.58600008e-01 -5.52931249e-01
 -4.97735649e-01 -7.14365959e-01 -8.01038027e-01 -1.45876050e-01
  1.33408785e-01  1.18689954e-01  2.04292834e-01  6.87900782e-02
 -1.53320026e+00 -1.60122514e-01 -7.76324332e-01 -3.75596702e-01
 -1.54180229e-01 -7.86058128e-01 -1.15118206e+00 -1.06012177e+00
 -8.81394863e-01 -6.38484478e-01 -8.42534184e-01 -6.78314805e-01
 -8.36567104e-01 -5.02882242e-01 -8.61492157e-01 -7.51237631e-01
 -3.69095057e-01 -7.46538579e-01 -7.01027036e-01 -5.11696160e-01
 -6.27159417e-01 -6.88558340e-01 -1.21435869e+00 -7.48278975e-01
 -5.11696160e-01 -2.86475688e-01 -1.36577308e-01 -3.27847540e-01
  4.31067228e-01  5.32756448e-01  5.36610246e-01 -2.08306789e-01
  1.00440562e-01 -4.55866545e-01 -1.35881209e+00 -5.84681153e-01
 -5.63870907e-01 -6.77991569e-01  1.75601065e-01 -4.21978235e-02
 -6.13000035e-01 -6.06871307e-01 -4.19989228e-02  3.05236220e-01
  1.85944021e-01 -9.83630419e-02 -1.20938540e-01  3.02178025e-01
  2.67668366e-01 -1.05787170e+00 -9.72368181e-01 -6.63173318e-01
  7.02072978e-02  6.97100759e-02 -2.50822276e-01 -1.10769629e-01
 -2.11364865e-01 -1.95726097e-01 -1.19896853e+00 -8.91588628e-01
 -7.77865827e-01 -7.96711862e-01 -8.51658821e-01 -1.09853494e+00
 -1.36791182e+00 -8.54654849e-01 -3.20314050e-01 -2.49131620e-01
 -3.71606201e-01 -5.98567069e-01 -6.08661413e-01 -7.54544437e-01
 -7.70419359e-01 -4.62741137e-01 -9.97081876e-01 -3.22278231e-01
 -1.11316621e-01 -4.75010961e-01 -2.25387573e-01 -1.49829268e-01
  5.72412729e-01 -1.44712496e+00 -1.77852249e+00 -3.74102473e+00
 -3.79099894e+00 -3.91163397e+00 -3.83503139e-01 -2.97912627e-01
 -1.82349920e-01 -4.77173924e-02 -1.17534876e+00 -6.30217552e-01
 -7.48552084e-02 -8.79952908e-02 -4.85279351e-01 -1.19521379e-01
 -5.35278618e-01 -9.44472015e-01 -9.75401461e-01 -1.18457294e+00
 -1.44719958e+00 -1.62516809e+00 -1.28580213e+00 -6.55590117e-01
 -6.47907495e-01 -4.28467631e-01 -1.19332469e+00 -1.37775755e+00
 -1.58210564e+00 -1.00650489e+00 -1.74171293e+00 -1.85263872e+00
 -1.97076225e+00 -5.13138175e-01 -4.21580613e-01 -1.10284805e-01
 -1.10284805e-01 -7.52033234e-01 -8.33558679e-01 -7.70804763e-01
 -3.76678258e-01  9.54182744e-02 -3.66310418e-01 -4.34086651e-01
 -2.61003673e-01 -1.28432274e+00 -9.93277848e-01 -8.41987193e-01
 -4.65563089e-01 -2.10738373e+00 -2.41293645e+00 -2.53485155e+00
 -1.00179338e+00 -1.28832579e+00 -6.50070548e-01 -7.32316971e-01
 -5.74288487e-01 -1.16115153e-01 -1.98287010e-01 -4.65339303e-01
 -2.36160707e+00 -1.42815471e+00 -3.02934915e-01 -3.09361994e-01
 -2.36563444e-01 -9.00588632e-02 -5.97510338e-02 -1.73597932e-02
  8.54482055e-02  1.18192613e-01 -9.89225209e-01 -1.06530571e+00
 -1.13902414e+00 -1.27624238e+00 -1.11448443e+00 -1.46520030e+00
 -8.70902717e-01 -1.00769830e+00 -3.53356838e-01 -6.68941498e-01
 -4.93334919e-01 -4.90923226e-01 -9.79429245e-01 -9.35098708e-01
 -6.40423775e-01 -1.41076303e+00 -1.48312628e-01 -7.33386099e-01
 -5.74835479e-01 -1.09096408e+00 -9.74854469e-01 -1.29362154e+00
 -2.05753374e+00 -2.01061749e+00  1.17148459e-01 -9.28609490e-01
 -9.76470530e-01 -9.49519157e-01 -1.13790524e+00 -4.06091034e-01
 -6.37626708e-01 -5.25756121e-01 -5.98107100e-01 -7.78077126e-01
 -7.47993052e-01 -8.96113694e-01 -8.23650837e-01 -8.90071988e-01
 -7.38097608e-01 -8.93652260e-01 -9.36192632e-01 -1.23646176e+00
 -7.35586464e-01 -8.22842777e-01 -7.95866549e-01 -9.42246795e-01
 -1.05329680e+00 -1.12424314e+00 -1.05711329e+00 -1.16791475e+00
 -6.72248244e-01 -8.29928696e-01 -9.44571495e-01  1.01360559e-01
  2.06480801e-01 -1.36169612e+00 -2.79812455e-01 -1.46522462e-01
  1.52031064e-01  1.90667927e-01  7.26065636e-02  5.99761963e-01
 -1.30535674e+00 -1.58934069e+00 -2.02063727e+00  5.65327406e-02
  6.60800934e-02  5.88698387e-02  6.85663819e-02  3.05186391e-01
 -7.45531619e-01 -8.24409127e-01 -2.02736282e+00 -9.89697576e-01
 -9.52403307e-01 -5.58053017e-01 -1.19039083e+00 -1.10317183e+00
 -9.74431813e-01 -8.40346217e-01 -9.36031103e-01 -1.23371434e+00
 -8.08621168e-01 -8.84378433e-01 -1.06784165e+00 -9.02702332e-01
 -1.00831985e+00 -1.16788995e+00 -8.17049742e-01 -8.43106031e-01
 -2.70078629e-01 -7.30750620e-01 -6.24822319e-01 -9.34427381e-01
 -8.06259215e-01 -7.02506363e-01 -1.00958788e+00 -9.46038365e-01
 -9.46038365e-01 -1.09541464e+00 -8.95765603e-01 -1.08987021e+00
 -1.23370194e+00 -1.22815752e+00 -1.00874257e+00 -8.33235443e-01
 -1.44292319e+00 -2.46722436e+00 -1.10028768e+00 -2.16337502e-01
 -1.86477125e-01 -1.31057799e-01 -1.47944665e+00 -1.40938318e+00
 -5.44751406e-01 -5.56188285e-01 -8.81370008e-01 -5.84730864e-01
 -1.03094506e+00 -7.79755116e-02 -1.16649747e-01 -6.60214603e-01
 -1.79534221e+00 -1.76855206e-01  1.51881874e-01 -1.26110315e-02
 -4.67949897e-01 -5.49823403e-01 -5.10589778e-01 -6.59916282e-01
 -6.93282247e-01  6.46628737e-02  3.43798995e-02 -1.33867264e-01
 -2.81478226e-01 -1.08631492e-01  1.32613122e-01  2.02975094e-01
  3.84847164e-01  1.40643895e-01 -7.81806588e-01 -8.63965988e-01
 -1.10972321e+00 -1.07338607e+00 -1.35431182e+00 -6.03179157e-01
 -4.69391972e-01 -2.67206967e-01 -8.14165592e-01 -2.54427403e-01
 -6.29223049e-01 -4.10243154e-01 -4.32271659e-01 -9.97218609e-01
 -1.13631403e+00 -1.21120107e+00 -8.24508548e-01 -7.22322106e-01
  5.23557067e-02 -8.52218270e-01 -3.71954322e-01 -2.55223036e-01
 -3.44020867e+00 -2.72467947e+00 -3.47108841e+00 -3.52083898e+00
 -3.64147401e+00 -5.98380625e-01 -5.57207644e-01 -1.70589745e-01
 -7.07876801e-01  9.58409309e-02 -5.80181003e-01 -5.57058454e-01
 -6.34929061e-01 -2.70886630e-01 -7.49447525e-01 -5.00259221e-01
 -2.56936121e+00  7.57367730e-01  7.79918432e-01  7.53713012e-01
  9.00055885e-01 -2.79315203e-01 -1.06269479e-01 -2.83442408e-01
  1.06358528e-03 -6.12925291e-02  6.92625046e-02 -1.05076075e-01
 -2.60193157e+00 -2.82828331e+00 -2.65038919e+00 -2.55757618e+00
 -2.12036192e-01 -3.22750628e-01 -1.03721023e-01 -4.40339655e-01
 -2.50598550e-01 -2.47987956e-01 -2.71110415e-01 -2.95103133e-01
 -5.57729602e-02 -2.69320941e+00 -2.71937132e+00 -7.69859970e-01
 -4.99016106e-01 -1.49854124e-01 -6.65709317e-01 -6.62738204e-01
 -8.36492479e-01 -7.93231070e-01 -9.43253756e-01 -5.80802560e-01
 -7.17821956e-01 -1.30299485e+00 -1.94019341e+00 -4.25664335e-01
 -2.91721731e-01 -1.82623386e-01 -2.26829648e-01 -1.16227031e-01
  4.92478609e-02 -3.97985727e-01 -1.17432952e-01 -4.21021193e-01
 -8.26199234e-01 -1.51246428e-01 -2.25076795e-01 -1.25960886e-01
 -3.82322133e-01 -3.34958315e-01 -2.96545178e-01 -5.97908199e-01
 -5.50469816e-01 -4.10044223e-01 -1.02951550e+00 -2.88887382e-01
 -9.49544072e-01 -6.89527988e-01 -2.14604568e+00 -2.12108326e+00
 -2.26016641e+00  4.79400635e-01  3.65478992e-01 -1.22952461e-01
 -3.04526120e-01 -2.22105682e-01 -4.98556137e-01 -5.43408751e-01
 -7.25106776e-01 -5.93358278e-01 -1.30617738e+00 -1.34856844e+00
 -1.44531000e+00 -1.02639520e+00 -7.82838404e-01 -5.09321749e-01
 -2.78817922e-01 -3.33342224e-01 -4.95522857e-01 -1.50774002e-01
 -4.47711527e-01 -1.47636366e+00 -1.45376348e+00 -7.41267622e-01
 -1.07853270e+00 -1.13934731e+00  2.76270866e-01  1.09341443e-01
 -1.44931257e-01 -2.69892156e-01 -2.55769998e-01 -9.06121016e-01
 -7.13794112e-01 -2.65203047e+00 -2.66344237e+00 -2.72808599e+00
 -2.91453266e+00 -2.84859633e+00 -3.16296268e+00 -3.27720761e+00]","[0.49939314 0.49673826 0.638615   0.54128796 0.47679567 0.3498357
 0.3518241  0.35526416 0.3827454  0.37173688 0.37028292 0.389637
 0.36977643 0.37032306 0.6492192  0.5916703  0.608256   0.66862637
 0.5718746  0.5833357  0.5999023  0.6720206  0.56664884 0.55919224
 0.38360715 0.381336   0.3653602  0.39054704 0.4076281  0.4232585
 0.48679218 0.49652356 0.51521033 0.59701335 0.64918786 0.6063816
 0.6271047  0.5123017  0.84926176 0.94061536 0.80994165 0.7228258
 0.7139989  1.1422604  1.2967815  0.44764948 0.4620189  0.45829085
 0.494768   0.48919404 0.34086567 0.3385055  0.3552488  0.35008928
 0.34937903 0.32307637 0.35698634 0.3553744  0.3641123  0.37495592
 0.61135215 0.6429503  0.6408625  0.60663086 0.5114619  0.5292791
 0.4773922  0.67042136 0.55514866 0.5546465  0.5551594  0.552619
 0.5546349  0.5540741  0.9660733  0.98052055 0.9837943  0.63982886
 0.8262006  0.79912007 0.32989192 0.70519584 0.6353809  0.48186305
 0.4798721  0.43518522 0.47717613 0.4822025  0.42401809 0.4243956
 0.42260435 0.44391242 0.43444288 0.5185571  0.4838356  0.48325524
 0.4251403  0.42469805 0.4606562  0.4240029  0.6186673  0.5392304
 0.5945801  0.5374492  0.9149076  0.3419186  0.33447412 0.35722098
 0.4417594  0.47018513 0.4591145  0.4569105  0.4747782  0.5011335
 0.44896337 0.47257802 0.46532413 0.4214272  0.42128596 1.1686946
 1.1350589  1.0907048  1.0574081  1.1611891  1.1686946  0.5643412
 0.6367279  0.84723765 0.5556522  0.5467516  0.54725647 0.45006853
 1.0688236  0.87685496 0.76038665 0.41814494 0.45301348 0.52144325
 0.8604774  0.77909255 1.173175   1.1439598  0.48614398 0.44658494
 0.46256158 0.52756774 0.5173318  0.5418958  0.58500946 0.8752465
 0.8421051  0.86519617 0.7128842  0.6344493  0.6132744  0.8204091
 0.54781973 0.64588547 0.9875508  0.42384028 0.4550021  0.39038578
 0.40279004 0.37887853 0.4319019  0.54156727 0.5763816  0.51494855
 0.5716188  0.40741885 0.43757233 0.41661373 0.4443177  0.45208222
 0.4497181  0.48033476 0.51051295 0.49797538 0.5589563  0.8053553
 0.62577504 0.57872605 0.67486465 0.87371224 0.87252486 0.87122893
 0.57135594 0.54292506 1.0425136  1.0318012  0.7397216  0.8757517
 1.1832429  1.3484827  1.2100872  1.2088517  0.4328903  0.8499556
 0.53107464 0.5097947  1.2135714  0.52696216 0.6821188  0.97285116
 0.8282157  0.8304545  0.83748645 0.48338452 0.49786386 0.7367181
 0.6750277  0.5121342  0.6696866  0.7913979  0.8034958  0.79213184
 0.79213184 1.59588    1.6327366  0.81934476 0.45751017 0.47157818
 0.48051432 0.48061955 0.4375134  0.81776327 0.7352698  0.5380485
 0.4727039  1.2764533  1.2681701  1.2643963  0.328088   0.3919233
 0.58866096 0.590689   0.61763185 1.0087471  0.61820555 0.5936438
 0.90830094 1.1693016  0.63344437 0.5408518  0.5342199  0.5470163
 0.5181046  0.52534515 0.54001874 0.52290356 1.0379202  1.0393553
 0.7722776  0.77364385 0.7803535  1.2788259  0.83887005 0.8425342
 0.5392672  0.501617   0.5350305  0.50895184 0.51155204 1.0249854
 0.5173605  0.8929011  0.62256753 0.59291416 0.6477482  0.6391365
 0.6263294  0.63606495 1.0285655  0.97830886 0.7739783  0.9153978
 1.3714318  0.5780643  0.6068548  0.5023351  0.5666453  0.49754605
 0.5198634  0.51451796 0.46360657 0.33082995 0.53130054 0.35768563
 0.50728524 0.5604162  0.49884775 0.3829707  0.38182196 0.38915575
 0.41790298 0.7859803  0.7459064  0.6828968  0.6386072  0.50809574
 0.76642793 0.6318087  1.4381645  1.0943562  0.5376097  1.4130899
 1.1244495  0.5653752  1.068094   1.5186918  1.4596219  1.1720874
 0.5951152  0.59814674 0.6405646  0.5296696  0.58197254 0.5536337
 0.57603574 0.7318098  0.5306992  0.5294149  0.82953346 0.55901486
 0.59584874 0.4698318  0.41832158 0.4466205  0.4673092  0.47256964
 0.3558122  0.39230263 0.37427035 0.3698609  0.36571553 0.40454277
 0.45153573 0.4275951  0.39048862 0.39302614 1.0784672  0.4021507
 0.35276142 0.39308923 0.39434472 0.4027002  0.38721687 0.38286325
 0.38286325 0.38649404 0.35030589 0.36932296 0.50364316 0.52574325
 0.53625137 0.5340993  1.153568   1.4205678  0.3263926  0.56959945
 0.578649   0.5698127  0.7218223  1.037093   0.7697865  0.7692226
 0.76435703 1.0308175  0.7721357  0.81543666 0.8765117  0.672073
 0.80351186 0.597343   0.54965025 0.4875473  0.39460617 0.38914043
 0.37563235 0.37640107 0.40376377 0.7764515  0.8400755  0.66133744
 0.9026441  0.91408885 0.9147698  0.8730174  0.93046486 1.3626819
 1.2440037  0.6010508  1.5109197  0.73099977 1.0697281  0.47786036
 0.4883876  0.7128675  0.7390551  0.47056672 0.5279463  0.5202057
 0.81339294 0.65163714 0.5421848  0.4896438  0.62588596 0.5299999
 0.9904214  0.752561   0.63126934 0.69299746 0.6641115  0.62819403
 0.6631761  0.6623008  0.6625157  1.2665583  1.4708811  1.1883018
 1.1116633  0.4956511  0.6842785  0.6808062  0.69740987 0.6948258
 1.0687042  0.5038095  0.8344974  1.1084869  0.99880004 1.053287
 1.0444788  0.5476803  0.55071187 0.56940097 0.5559822  0.8510743
 0.55527365 0.567621   0.8518837  0.8296398  0.91046053 0.98123586
 0.78385097 0.7799728  0.81766266 0.62305945 0.57590574 0.5021199
 0.5760994  0.5764453  0.6614364  1.0403713  1.0386642  0.73539925
 1.1587267  1.2912858  1.2841095  1.284927   0.46518666 0.46114132
 0.4392822  0.48817134 0.4972939  1.0887552  1.1087502  0.8812858
 0.9102526  0.87911373 0.87983483 0.8761903  0.97701466 0.90343964
 1.0688903  0.90437156 1.2894995  0.91501755 0.9074802  0.8732139
 0.8844004  0.9036048  0.8691881  0.883503   0.9002609  0.4826999
 0.69053334 0.49559805 0.44858333 0.7452946  1.5653343  1.5871764
 1.5655707  0.4239573  0.4695045  0.44977543 0.5561392  0.5741053
 0.729243   0.7236711  0.8439324  0.8345954  0.61025304 0.5934608
 0.5595813  0.7679041  0.59171885 0.78576136 0.5798028  0.81457216
 0.8375178  0.61602104 0.7786508  1.0262454  1.087998   1.0812955
 1.2610966  1.2385986  0.4969937  0.48332092 0.46284768 0.46641925
 0.49150544 0.5768932  0.61274624 0.47642222 0.47590575 0.4741178
 0.38798693 0.47445437 0.39620867 0.4121111 ]"
iid,5,29,"[-7.87255466e-01 -9.62319076e-01 -9.48913753e-01 -9.10584450e-01
 -4.53363508e-01 -3.43836993e-01 -1.43592429e+00 -1.38647354e+00
 -8.74836922e-01 -6.27434134e-01 -8.67637753e-01 -5.66812277e-01
 -9.10087943e-01 -1.02358639e+00 -1.15734172e+00 -8.75680923e-01
 -1.30554509e+00 -9.28110659e-01 -2.46573895e-01  2.81422198e-01
 -4.97377664e-01 -4.28464353e-01  5.19676805e-02 -3.75488490e-01
 -1.54449522e-01 -8.84990215e-01 -8.06420088e-01 -9.75178242e-01
 -8.91072273e-01 -7.94330478e-01 -8.00412536e-01 -6.89247608e-01
 -3.96589458e-01 -4.68481719e-01 -5.24684787e-01 -4.72478509e-01
 -5.07233024e-01 -3.06922734e-01 -7.14668095e-01 -9.96179938e-01
 -5.52413940e-01 -4.62151438e-01 -1.45352507e+00 -1.36805367e+00
 -1.60140562e+00 -1.40126908e+00 -2.42250657e+00 -2.49802351e+00
 -2.88995552e+00  2.00146198e-01 -2.33090377e+00 -8.84171009e-01
 -7.82141566e-01 -1.10818887e+00 -1.06375277e+00 -1.11213601e+00
 -6.50347352e-01 -5.90917051e-01 -5.43154359e-01 -3.92965049e-01
 -1.86225116e-01 -6.33243144e-01 -2.47591734e-01 -6.43619835e-01
  7.73384571e-02 -1.77610934e-01 -6.90488815e-01 -7.39219666e-01
 -4.53140080e-01 -4.62772071e-01 -4.91742462e-01 -4.74886507e-01
 -1.15301013e-01 -1.16677511e+00 -1.19929552e+00 -4.74812031e-01
 -8.71708989e-01 -8.53785574e-01 -1.00174069e+00 -1.02011096e+00
 -1.49768806e+00 -1.19924581e+00 -1.27463841e+00 -3.82960707e-01
 -5.17162919e-01 -3.35545599e-01 -5.88161528e-01 -7.57714093e-01
 -6.57620966e-01 -7.31946051e-01 -7.47684896e-01  1.67501748e-01
  1.67501748e-01  2.52898633e-01  1.53302073e-01  2.38574803e-01
  2.19459772e-01  1.06433034e-01  1.06433034e-01 -7.51227140e-03
 -8.02981853e-02 -6.81998789e-01 -5.67507386e-01 -3.88918638e-01
 -1.20411146e+00 -1.18258846e+00 -1.29809761e+00 -5.73614240e-01
 -5.83345532e-01 -5.56286633e-01 -9.20216441e-01 -4.88291830e-01
 -4.98221695e-01 -3.83680642e-01 -7.37854302e-01 -3.89837146e-01
 -3.15015554e-01 -6.10354781e-01 -7.21122503e-01 -5.21507263e-01
 -7.12657273e-01 -6.74725175e-01 -4.92685795e-01 -6.26441181e-01
  5.34286439e-01  4.49261844e-01  5.50620973e-01  2.29042113e-01
 -1.18728030e+00 -4.98966426e-01 -5.45885086e-01 -7.05085754e-01
 -3.94876570e-01  7.31431246e-02 -5.60693145e-02  4.67296839e-02
  4.05979753e-02 -6.04942977e-01 -6.55510843e-01 -6.90960526e-01
 -8.12924147e-01  3.11658680e-01  1.52458012e-01  2.35695183e-01
  2.53419936e-01  8.26509595e-02  8.79634023e-02  2.53419936e-01
  1.68122351e-01 -2.01765358e-01 -1.04576766e-01 -4.18137282e-01
  1.17281377e-01 -1.14448261e+00 -1.07412994e-01 -2.50049353e-01
 -1.13017142e-01 -2.84828782e-01 -5.08623242e-01 -9.81980205e-01
 -1.16464019e+00 -1.18052804e+00 -1.15302229e+00 -3.70250463e-01
 -7.96366096e-01 -8.96335125e-01 -1.02862585e+00 -1.07591677e+00
 -1.13810265e+00 -1.08192444e+00 -1.18589020e+00 -1.22402084e+00
 -8.97625983e-01 -7.82836676e-01 -4.82557327e-01 -5.10534763e-01
 -7.44259119e-01 -8.53835225e-01 -9.74036336e-01 -7.22760916e-01
 -9.51992035e-01 -6.46946371e-01 -7.37407506e-01 -6.52010560e-01
 -6.38158441e-01 -7.52327144e-01 -8.01740885e-02 -1.21617627e+00
 -2.87137449e-01 -4.59569663e-01 -1.66737795e-01 -1.53005958e+00
  5.08791387e-01 -4.42031622e-02  4.70784843e-01 -1.39176130e+00
 -1.64919305e+00 -1.54674172e+00 -6.00648344e-01 -3.65922284e+00
 -3.77597308e+00 -3.77597308e+00 -4.12701893e+00 -4.30971622e-01
 -2.30984032e-01 -9.46406484e-01 -9.85927343e-01 -1.52854514e+00
 -1.25738525e+00 -1.17481828e+00  6.79796338e-02 -5.65173864e-01
 -8.62374902e-01 -2.49391526e-01 -3.49385321e-01 -3.36153775e-01
 -1.52881825e+00 -1.45646679e+00 -9.77561474e-01 -7.80403852e-01
 -2.46549100e-01 -3.31126779e-01 -9.75128591e-01 -5.41615248e-01
 -1.29653382e+00 -1.31381178e+00 -1.06963611e+00 -1.48958290e+00
 -1.54901314e+00  3.64187658e-01 -2.07847416e-01 -9.25379992e-01
  1.76637232e-01  1.76637232e-01 -2.11347699e-01 -5.89526892e-01
 -2.35551775e-01 -9.41143632e-01 -1.04237866e+00 -1.08366215e+00
 -2.23114610e-01 -1.36862469e+00 -2.24728227e-01 -2.31769705e+00
 -7.69679546e-01 -7.58458793e-01 -8.52445066e-01  7.00896978e-02
 -3.96266729e-01 -2.64844865e-01 -5.46182990e-01 -2.20300698e+00
 -2.24827468e-01 -4.11211193e-01 -2.37996995e-01 -2.74675429e-01
 -2.52246857e-03 -3.80590558e-02 -1.06199014e+00 -1.26555252e+00
 -9.81980205e-01 -1.17615891e+00 -1.42184877e+00 -6.82793200e-01
 -3.25665325e-01 -7.59923458e-01 -9.07853723e-01 -5.50651431e-01
 -4.86876845e-01 -7.28917420e-01 -6.78002000e-01 -8.64460230e-01
 -1.15292299e+00 -1.06305766e+00 -1.10560715e+00 -1.31060934e+00
 -1.35127211e+00 -1.92695642e+00 -3.37109506e-01 -8.06072533e-01
 -1.14761043e+00 -5.78852236e-01 -5.50924480e-01 -7.78368235e-01
 -9.35930431e-01 -6.40740156e-01 -1.02601922e+00 -9.04527247e-01
 -5.91413558e-01 -6.61890805e-01 -8.98221731e-01 -7.73403287e-01
 -7.83010423e-01 -7.89117277e-01 -1.02174938e+00 -6.17404997e-01
 -6.62635565e-01 -7.20526695e-01 -6.48361385e-01 -8.17342937e-01
 -1.13845015e+00 -1.15396559e+00 -1.15396559e+00 -7.71963418e-01
 -1.65333891e+00 -1.02673912e+00 -5.09740353e-01  7.47567415e-02
 -6.93939447e-01 -8.49317133e-01  2.09604442e-01  4.19881940e-02
 -1.08991790e+00 -1.36229432e+00 -1.53279018e+00 -1.63233709e+00
 -1.76073050e+00 -1.39852643e-01  1.53028965e-01 -1.33671284e-01
 -1.87578797e-02  1.59632325e-01  2.52451837e-01 -2.52773857e+00
 -1.26915216e+00 -1.46139455e+00 -8.44451487e-01 -9.01995122e-01
 -1.17854202e+00 -1.15833473e+00 -1.15674591e+00 -6.92226589e-01
 -9.39976871e-01 -1.31859064e-01 -1.02671432e+00 -7.56075621e-01
 -9.64553297e-01 -9.80093539e-01 -1.05456758e+00 -8.80298376e-01
 -1.11248350e+00 -1.00556374e+00 -1.28706336e-01 -1.05693877e-01
 -7.37705410e-01 -7.37705410e-01 -8.95193160e-01 -9.34614778e-01
 -8.41522217e-01 -9.85281944e-01 -1.06837010e+00 -1.27208138e+00
 -1.17650640e+00 -1.06953692e+00 -1.29176736e+00 -1.17481828e+00
 -1.08927250e+00 -7.96688795e-01 -1.13279021e+00 -1.21632528e+00
 -1.13705993e+00 -9.37146842e-01 -1.67898273e+00 -1.20100832e+00
 -9.79398489e-01 -1.29277289e-01 -8.94373953e-01 -1.36817777e+00
 -1.36817777e+00 -1.35951400e+00 -7.53332973e-02 -2.54344076e-01
 -3.93138826e-01  1.53177917e-01 -1.39579535e-01  7.87901878e-03
 -6.35415316e-02  3.79007995e-01 -4.18820381e-02  4.86213386e-01
  7.82086194e-01 -3.05011243e-01 -4.38841075e-01 -5.43030262e-01
 -5.65149069e-01 -6.51886463e-01 -1.66601539e-02  4.19223964e-01
 -4.02398437e-01  1.41957164e-01  2.58272886e-02  4.56039011e-01
 -1.43647051e+00 -1.92670822e+00 -1.49984789e+00 -1.63928807e+00
 -8.64944279e-01 -8.65465581e-01 -9.69083786e-01 -9.52004433e-01
 -6.26391530e-01 -1.32175565e+00 -1.09133291e+00 -1.19542289e+00
 -5.41987598e-01 -2.20110774e-01 -4.06196624e-01 -6.00822091e-01
 -4.15729284e-01 -5.09914160e-01 -2.38580376e-01 -2.17032552e-01
 -1.00531542e+00 -1.08970690e+00 -1.05960703e+00 -6.71299338e-01
 -4.93976653e-01 -4.66197848e-01 -4.69834805e-02 -1.36526108e-01
 -5.83767533e-01 -3.60639572e+00 -3.03259802e+00 -4.04906940e+00
 -6.34782255e-01 -2.63653278e-01 -9.75178242e-01 -9.75178242e-01
 -4.16622967e-01 -4.16622967e-01 -7.28011727e-02 -1.25646591e-03
 -1.52236390e+00 -1.41253948e+00 -8.36780667e-01 -4.79081869e-01
 -3.94020110e-01 -5.25007486e-01 -2.63001633e+00 -1.19931102e-02
 -2.43942499e-01 -5.89489937e-02 -1.40398741e-01 -1.66191578e-01
  7.45084286e-02 -2.90352702e-02  2.30258524e-01 -2.63689256e+00
 -2.55273700e+00 -2.75593966e-01 -3.33212018e-01 -3.42695057e-01
 -6.69313371e-01 -4.33591008e-02 -8.38729739e-02 -2.44266438e+00
 -2.48993063e+00 -2.60365248e+00 -7.92145908e-01 -6.97458386e-01
 -8.54927540e-01 -7.12495923e-01 -9.87553596e-02 -7.27303863e-01
 -6.42130375e-01 -5.85356355e-01 -8.79305363e-01 -7.94007778e-01
 -3.06053847e-01 -1.81683421e+00 -5.53307652e-01 -4.67712164e-01
 -1.75029159e-01 -1.75029159e-01 -1.11163950e+00 -1.11208642e+00
 -4.88540053e-01 -4.66868132e-01 -1.09119654e-01 -1.13315046e-01
 -3.81024390e-01 -2.73831427e-01 -1.16889834e-01 -1.39827788e-01
 -1.73589349e-01 -2.43297070e-01 -4.36929554e-01 -3.04899514e-01
 -7.58781552e-01 -4.52742875e-01 -6.45034850e-01 -2.31139135e+00
  3.96732867e-01  4.14259017e-01 -4.78523374e-02 -3.86783719e-01
 -3.78244013e-01 -3.60966027e-01 -2.75991172e-01 -1.10707188e+00
 -9.16269302e-01 -1.47082782e+00 -1.31335247e+00 -1.02855134e+00
 -8.31046164e-01 -6.34037495e-01 -5.78926742e-01 -1.38586581e-01
 -1.66163027e+00 -1.45141494e+00 -1.19142604e+00 -1.05273056e+00
 -9.90346134e-01 -1.22906029e+00 -1.16667581e+00  8.17692280e-03
 -8.60575438e-02 -8.42701793e-02 -2.76313901e-01 -2.79690057e-01
 -2.48684019e-01 -9.08300579e-01 -8.48348975e-01 -1.13003469e+00
 -2.80478191e+00 -2.86803532e+00 -2.81592846e+00 -2.87895823e+00
 -2.87694740e+00 -2.94005179e+00 -3.27265286e+00 -3.21247792e+00]","[0.6947781  0.5769807  0.5849143  0.57691926 0.60650843 0.7236865
 0.48286444 0.51128674 0.385683   0.38397643 0.36262074 0.35738057
 0.3718959  0.37240294 0.37875724 0.35403705 0.41069734 0.39255935
 0.5884916  0.6285616  0.53727025 0.55424005 0.59652567 0.66014457
 0.65133446 0.3944399  0.37239105 0.39096218 0.3745374  0.35583457
 0.3724506  0.37635487 0.41087967 0.46484601 0.4376962  0.47474375
 0.47641787 0.48004827 0.62744915 0.61983037 0.6143069  0.6204183
 0.7406664  0.7232582  0.73572755 0.74477917 1.0469295  0.84438485
 1.0506785  0.8889465  0.67388606 0.5828318  0.57581997 0.5762707
 0.5697352  0.5172209  0.3297738  0.33296448 0.3370061  0.33414024
 0.37517354 0.33352628 0.3402969  0.67800206 0.91356957 0.94360036
 0.4058135  0.46124226 0.48074773 0.4803858  0.47960883 0.48001647
 0.76403356 1.11571    0.6964701  0.6924632  0.3835887  0.39097986
 0.42852077 0.4283149  0.8661987  0.85873485 0.98481303 0.42162794
 0.4205164  0.46621546 0.49616784 0.56890446 0.49671167 0.49488923
 0.49717665 0.45943782 0.45943782 0.48338047 0.45892814 0.4829032
 0.48238668 0.45786414 0.45786414 0.45832875 0.7198414  0.7500223
 0.7517027  0.7028681  0.31299525 0.3323113  0.36386046 0.49417192
 0.48790705 0.4534494  0.436665   0.4823397  0.4764799  0.49768674
 0.44402814 0.50467515 0.9956746  0.85971016 1.1572092  1.0578365
 1.1471373  1.1589246  0.67460364 0.67756593 0.5592021  0.5605651
 0.5629498  1.082658   0.81401485 0.47820562 0.5028727  0.6019701
 0.88442916 1.0394589  1.0079833  1.0160346  1.0094545  1.2574562
 1.1685653  1.1887065  1.2148147  0.57117325 0.6089389  0.5481872
 0.55831945 0.5258607  0.53650486 0.55831945 0.53795296 0.81703424
 0.5684366  0.6325519  0.5580352  0.8849716  0.49857092 0.5356943
 0.54222673 0.584761   0.6131445  0.4780098  0.48599076 0.4870804
 0.42328396 0.6442752  0.46469545 0.45771667 0.3642313  0.422817
 0.40215605 0.3845162  0.41910225 0.44089255 0.5505887  0.55643314
 0.562857   0.62084854 0.42099065 0.41646186 0.47078052 0.43443778
 0.47875237 0.43787175 0.4562645  0.46022105 0.4149638  0.47049475
 0.53271264 0.53256375 0.4880858  0.51761323 0.5292154  1.0063931
 0.84330064 0.66474235 0.60231453 0.63091964 0.6355156  0.6862791
 1.1132879  1.0015373  1.010978   1.010978   0.9978924  0.5817776
 0.57666045 0.9761249  0.8322962  0.6479019  0.8222481  0.6351566
 0.91186434 1.0732291  0.73240393 0.8044882  1.110401   1.0022213
 0.53727573 0.6536269  1.0129673  0.93327785 0.5169274  0.53148025
 0.85873425 0.83499223 0.52055174 0.41751224 0.6718843  0.41138178
 0.72347826 1.1336282  0.7488495  1.628032   0.6697066  0.6697066
 0.43567666 0.43328065 0.43055555 0.71777767 0.7054373  0.7058751
 0.5231612  1.0427601  0.59728175 0.9275292  0.5833658  0.53934324
 0.57573956 0.7346809  0.57944494 0.6765144  0.6848425  0.96551126
 0.7005314  0.7949163  0.54135007 0.53819746 0.51106703 0.534608
 0.7154181  0.76175517 0.88827455 0.91359544 1.375486   0.47795928
 0.47939923 0.4743596  0.4777727  0.48960662 0.6980881  0.7255679
 1.194807   0.7332907  0.75128907 0.74631494 0.7440975  0.73738444
 0.76585174 1.0031818  0.63166183 0.75738406 0.5590804  0.43426195
 0.46702847 0.38794377 0.37930056 0.46197763 0.37423474 0.40040034
 0.48632726 0.44430098 0.46440703 0.349533   0.35725096 0.37338465
 0.390117   0.59865195 0.59433717 0.5836732  0.5120686  0.77290595
 0.4366086  0.45713398 0.45713398 0.86667126 0.8132803  1.3317002
 0.71362394 0.5544134  1.142486   0.90609676 1.0511417  1.9518557
 0.7542917  0.7665359  0.81827193 0.81661206 0.8543974  0.5221988
 0.5338665  0.51096195 0.49232605 0.5183133  0.588844   1.2062899
 0.91440505 0.85920405 0.52122515 0.53159237 0.42385978 0.40232018
 0.41746974 0.39640105 0.38985544 1.2673441  0.344993   0.36247942
 0.3828031  0.36425292 0.3891471  0.38662586 0.4077888  0.4171699
 1.0758989  1.1046857  0.40534824 0.40534824 0.3884235  0.35119933
 0.46713713 0.39544287 0.34973872 0.55674917 0.3875003  0.40311784
 0.5203965  0.38924202 0.3937661  0.40283418 0.412077   0.36477733
 0.49078453 0.4748786  1.0653881  1.2753288  0.31886196 0.6032806
 0.74853426 0.7513336  0.7513336  0.82111907 1.0528389  0.99021566
 1.0507624  0.65585876 0.7560715  0.63803947 0.54377276 0.59312814
 0.56316763 0.57881624 0.53901607 0.47078994 0.4648651  0.40564713
 0.47879046 0.4031472  0.58874524 0.93040216 0.93170494 0.8963545
 0.9982863  0.87443703 0.91262263 0.5385232  0.8979086  0.66216403
 1.1373583  0.63944095 0.639756   0.65495974 0.62996775 1.3035282
 0.64035565 1.1795192  0.4903326  0.79647344 0.781508   0.60732836
 0.6029212  0.62433517 0.9930307  1.0027314  0.85927516 0.4836148
 0.45882726 0.80300355 0.9643839  0.9119632  0.6951056  0.6935069
 0.6991396  0.86846745 0.69513255 0.88838434 1.4596689  1.2208796
 1.5433987  1.5433987  0.51448077 0.51448077 0.6135317  0.6661069
 0.988682   0.98160195 1.0324847  0.5353291  0.5599812  0.5523514
 0.9136402  0.6897657  0.84762096 0.507206   0.52365535 0.5274856
 0.5408429  0.5444618  0.7726331  0.7953072  0.7407056  0.60889685
 0.60349125 0.6072423  0.82052064 0.669775   0.67003536 1.0906334
 1.0881526  1.0832354  0.6562988  1.1565052  1.0987699  1.1687789
 1.2689902  0.47554007 0.51491153 0.4854329  0.46707278 0.51133496
 0.72829443 1.2873238  0.8950899  0.8979284  0.8619812  0.8619812
 1.4512095  1.4512058  0.9136262  0.92320603 1.000866   1.2113743
 1.2289677  1.2115642  0.7513835  0.76125246 0.7613948  0.76260906
 0.5324749  0.55472785 0.47053245 0.5795342  0.6004795  1.3205719
 0.4689613  0.4607934  0.46667388 0.533185   0.48392338 0.5932162
 0.8952375  1.0993727  0.9327994  0.7373142  0.7266881  0.7234346
 0.92859256 0.6304134  0.646793   0.6865468  1.1098151  1.1750468
 1.1587366  1.1412693  1.1552525  1.2725891  1.2806357  0.4881877
 0.48553032 0.48644271 0.49387175 0.49896014 0.5096479  0.59909785
 0.56306964 0.5447884  0.44773415 0.38784978 0.44714504 0.38735917
 0.4448352  0.38575706 0.46980625 0.40508562]"
iid,5,43,"[-0.88174033 -0.45449826 -0.36226946 -0.39333808 -1.4174294  -1.3977916
 -1.1930125  -1.3507979  -1.0111928  -1.0006412  -1.1503175  -0.64188683
 -0.9780725  -0.8140342  -0.8330857  -1.0236007  -0.74388564 -1.4178202
 -0.9359638  -1.1179789   0.08900678  0.2475738  -0.04660082 -0.43945247
 -0.6726624   0.04792392  0.24693888 -0.7084205  -0.71242625 -0.9002056
 -0.86688995 -1.0458763  -0.7508223  -0.7508223  -0.891608   -0.53578466
 -0.48761857 -0.531095   -0.50960106 -0.60759413 -0.5006127  -0.80284756
 -0.7833564  -0.61599636 -1.2473336  -1.3403441  -2.2733788   0.46925515
 -2.9202507  -0.8813495  -0.77817833 -1.0624853  -1.0026929  -1.0116813
 -1.2917871  -0.54809487 -0.54262364 -0.48165888 -0.09574389 -0.07991654
 -0.56665784 -0.55073273 -0.6754956  -0.67236924 -0.6252779  -0.32074696
 -0.18416238  0.12476498 -0.64950746 -0.11577243 -0.5632384  -1.0716691
 -0.45029718 -1.5401406  -1.5371119   0.04836357 -0.26828206 -0.34233865
 -0.5639223   0.05881751 -2.0494018  -0.6850702  -0.72786283 -0.80279875
 -0.01162422 -0.178105   -0.68370247 -0.66513944 -1.0543762  -1.0574049
 -1.4073663  -1.2298454  -0.20272535 -0.44267657 -0.2664258  -0.42391816
 -0.40408507 -0.51458377 -0.46250966 -0.41571137 -0.45029718 -0.7805231
 -0.890631   -0.9493487  -0.88613683 -0.9967332  -0.10023808  0.15192556
  0.15192556  0.15192556  0.13814986  0.11978233  0.11978233  0.09271938
 -0.0219804  -1.0221353  -1.0649278  -1.1363465  -1.4165502  -0.17141253
 -0.9563831  -1.1054733  -1.0387442  -0.9861816  -0.9891126  -0.7134032
 -0.97504383 -0.9193548  -0.66621417 -0.6965988  -0.66054755 -0.9224812
 -0.49299207 -0.43163648 -0.43603298 -0.51184815 -0.5712986  -0.6237147
 -0.4888398  -0.6296255  -0.268624   -0.44033176 -0.625229   -0.6514126
 -0.6472603  -0.6462833  -0.5992408  -0.5992408  -0.67891514 -0.08343369
  0.17283344  0.47785276  0.47931832  0.04269701 -0.61922044 -0.55268675
 -0.58893347 -0.53744555 -0.8366518   0.24434978  0.10375947 -0.6195624
 -0.31708324 -1.2132363   0.49700195 -0.05944836  0.18309188  0.20272952
 -0.07190508 -0.53939956 -0.05236506 -0.07986766  0.26428062 -1.1577429
 -0.10864031 -0.00791162 -0.13521469 -0.05461216 -0.14229798 -0.14757377
 -0.14757377 -0.14757377 -0.14757377 -0.94075114 -0.94075114 -0.94075114
 -0.94075114 -0.94075114 -0.7667474  -0.7542907  -1.0787035  -0.8738755
 -1.1429901  -1.0466579  -0.7580521  -0.83289033 -0.92404443 -0.565632
 -0.6121861  -0.6208325  -0.7936149  -0.6011948  -0.915056   -0.764598
 -1.071376   -0.57076126 -0.71819055 -1.0243824  -0.39348462 -0.70001835
 -0.5589396  -0.8563383  -1.7009547  -0.7827214  -0.50442296 -0.64765114
 -0.1940301  -0.05138814 -0.2013576  -0.46573377 -0.52650315  0.47785276
 -1.5414596  -0.58209443 -0.72551805 -3.7377064  -3.9117103  -3.832085
  0.0734725  -0.39929777 -0.9046998  -0.58912885 -1.4193833  -0.10023808
 -0.14947891 -1.3042928  -1.2489946  -1.3740506  -1.2283311  -0.9763139
 -0.85028094 -0.13687557 -0.71330553 -0.71115613 -0.295345   -1.3698494
 -1.5979791  -1.4347222  -1.9841871  -2.0583413   0.01749039 -0.13233256
 -0.25455523 -1.3252983  -1.1052779  -0.06750858  0.05823129 -0.4676389
 -0.9199899  -1.074014   -1.1289213  -0.30570117 -1.3695076  -0.5401323
 -0.46837166 -0.66084063 -2.0145717  -2.143438   -0.9563831  -1.0475372
 -1.2278914  -0.7710462  -0.78443116 -0.7710462  -0.89326894 -0.18357617
 -0.25313854 -0.58864033 -0.15455931 -0.2159149   0.09447801  0.15847147
 -1.0978527  -1.0640485  -1.4172828  -0.74456954 -0.5319743  -0.44091797
 -0.57115203 -0.8821311  -1.209426   -1.1357603  -0.66865665 -0.9114411
 -0.72766745 -1.0920885  -0.49934256 -0.86405665 -0.56441075 -0.56060046
 -0.6391024  -0.65185225 -0.9133951  -0.75453496 -0.76923877 -1.0815368
 -0.6434989  -0.7074924  -0.8537004  -0.7878506  -0.9503257  -0.85839003
 -0.5003196  -0.52943414 -0.98022187 -1.2348281  -1.1718116  -1.1666335
 -1.0333707  -0.53373295 -0.781207   -0.66650724 -0.7068573  -0.7894627
 -0.40252188 -0.905286   -1.06229     0.18885618 -1.3995502  -1.2823102
 -1.5528415  -1.5326177  -1.6591392  -1.833729   -1.9897559  -0.8548728
 -0.9317627  -1.2640405  -0.5772095  -1.1579382  -1.1385936  -0.9812966
 -1.0247731  -0.8871138  -0.81295955 -0.6654326  -1.0584795  -1.0389396
 -0.9920436  -0.8748036  -0.8653267  -0.83709145 -0.8455913  -0.9556992
 -0.90059644 -0.9777794  -1.0096785  -0.2517708  -0.40857926 -0.76420724
 -0.6200997  -0.7478913  -0.8198474  -0.70969063 -0.6911765  -1.0076756
 -0.8970792  -0.9496907  -0.82180136 -1.0092388  -0.98369026 -0.91163653
 -1.1716162  -1.1510992  -0.92384905 -0.9894057  -0.970745   -1.1927682
 -1.1860758  -1.3943722  -2.1598516  -0.8810564  -0.44316506 -0.33217788
 -0.6434012  -0.02364129 -0.0269143  -0.2079035  -0.2079035  -2.1421678
 -0.06887645 -0.0219804  -0.31381026 -0.54047424 -0.47970486 -0.6230308
 -0.6900529  -0.51829636 -0.6149216  -0.6172664   0.11401796  0.14835954
  0.3852331  -0.21405858 -0.4341278  -1.643214   -1.3911481  -1.5066295
 -1.7826319  -1.0421149  -0.9593141  -0.8249766  -0.68536335 -0.79781604
 -1.1434298  -1.2558825  -1.4955894  -0.6791105  -0.67148995 -0.79683906
 -0.41600445 -0.40926316 -0.39744145 -0.1262263  -0.10629547 -1.0846632
 -1.0330776  -0.88750464 -0.90215963 -0.0359515  -0.38009974 -1.323442
 -1.329597   -1.4491818  -1.2341442  -1.1249156  -3.3271713  -1.2095238
 -1.8442807  -2.0160372  -0.18123138 -0.35543045 -0.22148377 -0.14078361
 -0.68096685 -0.4663688  -0.48810706 -0.4694952  -2.7246554   0.8695319
 -0.18733764  0.16667825  0.02139837 -0.09154278 -2.660955   -2.4911523
 -2.4778652  -0.30540806 -0.09046805 -0.65859354  0.12398332  0.11519033
  0.09330559 -0.20634031  0.07405871  0.05119687 -2.3105538  -0.30892527
  0.07063919 -0.45694077 -0.17522287 -0.6939121  -0.77216977 -0.72708124
 -0.41199878 -0.5342215  -1.0475861  -0.3250458  -0.19764501 -0.22881126
 -0.11938727 -0.26046607 -0.46807855 -0.50334823 -0.40232646 -0.19373697
 -0.12974352 -0.16217989 -0.40721145 -1.1289213  -0.6243985  -0.53734785
 -0.7739772   0.24220043  0.45078987  0.10991466 -0.42372277 -0.51546305
 -0.5427214  -0.8986424  -0.01152647 -0.44580296 -0.26027068 -1.3025341
 -1.1471912  -0.58600247 -0.17165679 -0.6238123  -0.60007125 -0.0934968
 -1.4884572  -1.3758092  -1.619473   -1.6393061  -1.4700897  -0.71516186
 -0.8686485   0.17508048  0.02159381 -0.0760085  -0.07053733 -0.34878686
 -0.35191324 -0.29710355 -0.10355991 -0.14576632 -0.631726   -1.5484451
 -1.1002952  -2.873648   -3.2680626  -3.3502283 ]","[0.6238176  0.55422455 0.5458361  0.60565543 0.51636624 0.547667
 0.53475094 0.54522073 0.39221895 0.38224766 0.4009541  0.38800964
 0.40179312 0.3675243  0.366558   0.39979735 0.38298187 0.43248364
 0.35390788 0.39366254 0.62270737 0.62164223 0.65267944 0.5773136
 0.65003186 0.6778672  0.6915666  0.38473088 0.3945542  0.4001702
 0.40672442 0.40363127 0.42208648 0.42208648 0.4066964  0.4231605
 0.44714683 0.5165101  0.44645503 0.53022504 0.50611824 0.59066534
 0.602273   0.5240338  0.60842305 0.5680467  0.819106   0.77951753
 0.65298516 0.4842053  0.47093067 0.485438   1.2606608  0.51273227
 0.5107718  0.37473544 0.37386906 0.3574088  0.38984326 0.3892056
 0.35247532 0.35093957 0.37565473 0.36293468 0.35224444 0.3512068
 0.6801171  0.66761255 0.6685363  0.5903843  0.5946248  0.44087017
 0.44977576 0.8526342  0.85208774 0.6034972  0.92901564 0.92617667
 0.9112238  0.81735885 1.0972116  0.3594121  0.35714316 1.3973229
 0.76388437 0.75702757 0.4077897  0.40727603 0.42774543 0.74780124
 0.7146962  0.89016074 0.44189608 0.4487582  0.4807727  0.4360303
 0.45546457 0.47636917 0.4539117  0.47256994 0.45780772 0.47689596
 0.5164555  0.5246905  0.49492478 0.5420935  0.49924177 0.4665586
 0.4665586  0.4665586  0.46620047 0.46589208 0.46589208 0.46572796
 0.46792006 0.7002245  0.6968069  0.69168425 0.67244774 0.9859939
 0.34399113 0.33656442 0.3686499  0.41977516 0.42604187 0.44623023
 0.42189884 0.4306415  0.45455283 0.46539363 0.449695   0.4453897
 0.4315221  1.1934938  1.0581853  1.061316   0.86455476 1.168312
 1.118732   1.1298176  1.1404884  1.1140083  1.1841441  1.1639471
 1.1903545  1.1909096  1.1974001  1.1974001  0.818227   0.5380771
 0.52667123 0.5621408  0.5520579  0.46944624 1.0187757  1.0080845
 0.4383301  0.45265907 0.6621723  0.9432176  0.9018306  1.0099157
 0.99043405 1.1689255  0.55680376 0.47868136 0.48378962 0.4707556
 0.6465402  0.65642434 0.6434124  0.7388274  0.6254828  0.8532528
 0.41308933 0.56173646 0.47296682 0.8062268  0.88251746 0.5671638
 0.5671638  0.5671638  0.5671638  0.439157   0.439157   0.439157
 0.439157   0.439157   0.5057323  0.42053926 0.47768793 0.41940814
 0.44367197 0.5137181  0.51426363 0.51267195 0.51230055 0.5558592
 0.42450526 0.40424615 0.44316688 0.41668522 0.50374466 0.43401077
 0.5100121  0.4127978  0.4244644  0.51424146 0.40747705 0.49176666
 0.43473738 0.49652198 0.7512106  1.0917159  1.2207776  1.1992918
 0.50198245 0.55025923 0.54678905 0.49649358 0.55487394 0.6877055
 0.5459354  1.2237402  1.1179028  0.87959194 0.8802933  0.89323795
 0.5589472  1.0965016  1.1479219  1.1398481  0.63439035 0.59426534
 0.547025   0.49691612 0.49223623 0.49182513 0.68585783 0.9509534
 0.94564474 0.48193762 0.5757625  0.68465173 0.7875621  0.48857263
 0.68197876 0.48907626 0.49304205 0.5774639  0.79300237 0.8027727
 0.82071453 1.6062336  0.79732287 0.4268469  0.44198686 0.4667643
 0.5494367  1.0110208  1.0267029  0.5129765  0.8712407  0.5088134
 0.5280297  0.49733284 1.1599436  1.1579581  0.34399113 0.33790237
 0.37541792 0.5387409  0.5439421  0.5387409  0.58590585 0.6587442
 0.65359944 0.7353783  0.680251   0.47962528 0.49167624 0.51946145
 0.8091696  0.8452888  1.2981782  0.4286902  0.6762291  0.69625884
 0.6906179  0.7291396  0.764137   0.73052317 0.46785286 0.6051466
 0.47425613 0.62169456 0.5165563  0.61524445 0.45147502 0.48483434
 0.4473239  0.48394316 0.3619966  0.49528518 0.48327482 0.39616045
 0.52898395 0.5026238  0.3807095  0.43821132 0.3970192  0.5409539
 1.0302984  0.51549906 0.7701881  0.72126526 0.50704634 0.49099523
 0.772763   0.85278744 0.86012685 0.85501474 0.6261102  0.6831054
 0.60557663 0.58587253 1.5009438  1.6400752  1.0291487  1.0139132
 1.0318085  1.0233613  1.0385821  1.0868534  1.1304189  0.5017696
 0.50348085 0.5647357  0.5328573  0.4640832  0.4911322  0.37017664
 0.4165863  0.42769855 0.35922348 0.38677493 0.3369847  0.36323786
 0.36893958 0.40506634 0.41010642 0.41463816 0.4303215  0.4775562
 0.42988145 0.41203645 1.6807244  1.1406353  1.1497614  0.5024047
 0.45001808 0.45361528 0.4496335  0.36617312 0.44647202 0.44990596
 0.35772124 0.44555038 0.44308245 0.4953136  0.44522163 0.4928374
 0.4466469  0.48934123 0.3790435  0.35882923 0.44986984 0.52397996
 0.525364   1.0862501  1.1802644  0.34994143 0.5838753  0.56943303
 0.8860934  1.1025523  1.1017267  0.7976282  0.80211043 1.042022
 0.49764895 0.499131   0.47826654 0.41308147 0.46749455 0.4072867
 0.40163788 0.49424168 0.4165329  0.42401445 0.7055389  0.6407349
 1.0134338  1.0844417  0.9922896  1.3785834  0.9042663  0.6122615
 0.48326924 1.2138467  0.70421255 1.2061212  0.6717587  0.6838949
 1.141274   1.1431035  1.3625816  0.73079634 0.4885105  0.70307034
 0.48471352 0.48841277 0.5163799  0.9993865  0.99270046 0.8872169
 0.5409699  0.5466869  0.5004049  1.0595154  1.4429632  0.73807687
 0.7622782  0.71600854 0.8126512  0.7107274  0.5779511  0.66856956
 1.2519758  1.0378435  0.5125323  0.6626521  0.6800357  0.6453396
 0.9948778  0.5016993  0.5370228  0.5279547  0.9469989  1.0026138
 0.5627242  0.7821054  0.5671562  0.5504248  0.71508694 0.746619
 0.8791386  0.623328   0.68444496 0.59861964 0.7569108  0.7566887
 0.75625    0.54968435 0.7559272  0.7556538  0.940569   1.2993428
 1.3786495  1.3007431  1.1348139  1.0992696  1.193033   0.46318606
 0.50867903 0.5153044  0.5374206  0.88479    0.876393   0.8751347
 0.8925128  0.87514836 0.92329544 0.72598743 1.0835311  0.7574737
 0.73235816 0.7319938  0.48621488 0.45320627 0.61211884 0.48302117
 0.60891217 0.44191083 0.47400793 0.48725104 0.55276275 0.5494979
 0.63359916 0.6854331  1.0242083  1.0376041  1.0531077  0.566918
 0.564681   0.6878112  0.57057476 0.61083734 0.6870097  0.52563125
 1.1133987  1.0888444  1.2476192  1.2259386  1.1277997  1.0792856
 1.384683   0.57919675 0.56489605 0.54793537 0.54268444 0.5076599
 0.5160731  0.54109925 0.60140526 0.66246873 0.5731977  0.58100194
 0.58296067 0.41023993 0.45670238 0.4279039 ]"
iid,5,71,"[-0.7336058  -0.8740693  -1.0864077  -1.0819722  -0.82910067 -0.47322613
 -0.45556465 -0.4301546  -1.4368849  -0.64756966 -1.0401298  -0.9161255
 -0.5480669  -0.944154   -0.96643794 -0.8060419  -0.8377577  -0.630015
 -0.6795259  -1.0698416  -0.843155   -0.8963799  -0.94602436 -1.1827575
 -1.0605433  -1.3369813   0.0502854  -0.14586103  0.33300245 -0.6341565
 -0.15259433 -0.5520481  -0.8329482  -0.86191195 -0.88873816 -0.8060686
 -1.0366563  -0.7296514  -0.8778367  -0.66381496 -0.43440294 -0.4624048
 -0.33757216 -0.33674383  0.46691966  0.42440927 -1.6019835  -2.1618066
 -2.3037395  -2.7978332  -0.6305227   0.16063613 -2.544561   -3.0404444
 -1.3398938  -0.93309224 -0.8030493  -1.1834522  -1.0534894  -0.97100693
 -1.1096001  -0.5892147  -0.30176827 -0.13632226 -0.12523377 -0.7143412
 -0.58779854 -0.60329574 -0.4731994  -0.391465   -0.8917842  -0.746725
 -0.6818505  -0.81619525 -0.39662182 -0.40741643 -0.42136392 -0.46630582
 -0.3965684  -0.4079241  -0.42112345 -0.42112345 -1.3786902  -1.486182
 -1.7124946  -0.51263714  0.1428144   0.08900172 -0.04456818 -0.5280808
 -0.7808456  -0.76240927 -0.93693984 -1.068666   -1.4168186  -0.3588407
 -0.4166079  -0.608987   -0.57093865 -0.6247513  -0.47814244 -0.78100586
 -0.7522292  -0.1195693   0.15801764  0.15801764  0.24039334  0.12042361
  0.1705758  -0.0449422  -1.5599273  -0.78485346 -0.38601428 -0.32111305
 -0.2379893  -0.28731313 -1.1036149  -0.97194207 -0.9910197  -0.66736865
 -0.84962106 -0.8258142  -0.74274385 -0.49249074 -0.4453579  -0.52888244
 -0.58034384 -0.59236753 -0.29033238 -0.69456893 -0.61660194 -0.5759619
 -0.6393401  -0.65895206 -0.59680295 -0.73333865  0.05218244 -0.31763953
  0.22612518  0.442899    0.5003456   0.5096438   0.32536077 -0.5930088
 -0.5529298  -0.33936232 -1.2181071  -0.5574988  -0.5808515  -0.5710989
 -0.73341876 -0.944154   -0.803557   -0.39346898  0.21020049  0.1228016
  0.10276216 -0.5076406  -0.67054826 -0.7918005  -0.29407313  0.29824066
  0.17132396 -0.17805785 -0.04189622 -0.09434623 -0.9281224   0.04464763
 -0.0446884   0.0684278   0.03366601 -0.06492829 -0.3199107  -0.08006477
 -0.02704024 -0.03147566 -0.42181814 -0.1383797  -0.24617875 -0.1383797
 -0.5663162  -0.96964425 -1.3042235  -1.1258454  -1.1258454  -1.1258454
 -0.9049835  -0.9178088  -0.92867017 -1.0914443  -0.9295653  -1.0179795
 -1.0571767  -1.070189   -1.1586567  -1.105218   -1.352051   -0.93589777
 -0.85341525 -0.7219028  -0.42606652 -0.48158926 -0.8284594  -0.73210955
 -0.71591765 -0.8484187  -0.6475162  -0.5853938  -1.0003715  -0.43373498
 -0.46181697 -1.5941815  -1.4717269  -0.722544   -0.4489917  -0.31723878
 -0.39886627 -1.5239365  -1.8467058  -0.60623485 -0.61459804 -3.668669
 -0.31416604 -0.23208427 -1.6523228  -1.541304   -1.4924611  -1.3809881
 -0.7216623  -1.2095035  -0.00932539 -0.31657076 -1.1619966  -0.90818983
 -1.1902924  -1.0724068  -0.93603134 -1.2599229  -1.5663667  -1.4302852
 -1.4658219  -1.6656289  -1.4410799  -1.9069043  -0.85079676 -0.2937525
 -0.42406258 -0.59517306 -1.4812657  -1.2836096  -1.4719139  -1.9307113
 -0.74929005 -0.28066003 -0.3825675  -0.5724349  -0.20485729 -0.34403822
 -0.77956307 -1.0816249  -1.0780712  -0.56511384 -0.70127547 -0.7015961
 -1.797943   -1.895041   -1.1442282  -1.2810044  -0.7523628  -0.7681272
 -0.94519603 -0.09864807 -0.22096908 -0.37500593 -0.5312872  -0.12488645
 -0.31229568 -0.2384435  -0.20034176  0.00590461 -1.2277528  -1.0959731
 -0.9265193  -1.2662821  -0.7254832  -0.44848403 -0.44867107 -0.87762296
 -0.7457631  -0.6006238  -1.1285975  -1.0319537  -1.0909767  -0.46146962
 -0.9050904  -0.9653157  -1.1172417  -1.2314935  -0.9874126  -1.0372975
 -1.3873739  -1.3055594   0.1036706  -0.65644044 -0.7549278  -0.81082463
 -0.12114567 -0.70031357 -0.82000273 -0.8095822  -0.7799505  -0.8190809
 -0.9866645  -0.9016169  -0.83791804 -0.37246758 -0.8882305  -0.85899955
 -0.9086173  -1.0578715  -1.0942364  -0.9163125  -0.5224698  -0.76118016
 -0.66392183 -1.5760124  -0.77584904 -0.28440073  0.38625407 -0.8912498
 -0.22666025 -0.7235594  -0.7235594   0.49700558 -1.3567536  -1.391088
 -1.5041908  -1.8221507  -0.04870969 -0.3218879  -0.9760034  -2.1428092
 -1.390794   -1.2705572  -0.6024941  -0.9151903  -0.42136392 -0.4790242
 -0.76085955 -1.0072918  -0.8792261  -0.8170502  -0.7798837  -0.907602
 -0.6187662  -0.8607096  -0.583657   -0.7627566  -0.6682237  -0.81619525
 -0.84642816 -0.8155005  -1.0524206  -1.2365167  -0.9300462  -1.2449601
 -0.91593844 -1.070857   -0.79380447 -1.2067782  -1.0415994  -1.1893305
 -0.93536335 -1.3922637  -1.3519976  -0.98976386  0.01907724  0.12117177
 -0.5733968  -0.16256064 -0.65537167 -1.0957594  -0.1840697  -0.20314729
 -0.35184026 -0.2607274  -0.25730735 -0.39964113 -0.4261467  -0.34256867
 -1.6322832  -1.6156905  -2.1001117  -0.24608523  0.29615653  0.42521083
  0.29972363  0.00545043 -0.68615234  1.4003589  -0.22893143 -0.33551475
 -0.29418    -0.42414275 -0.40030912 -0.4910212  -0.58950853 -0.60171926
  0.11169976 -0.01728773  0.34176636 -0.44466317 -0.03716689  0.26759362
 -1.9268904  -1.957003   -0.99286336 -1.0201705  -0.82135206 -1.4004931
 -0.7281284  -0.8475103  -0.66504407 -0.6329809  -0.62298787 -0.40030912
 -0.54117334 -0.4090196  -0.21402204 -0.13210058 -1.0411184  -0.53441334
 -1.0427482  -0.80072474 -0.36167297 -0.36065763 -0.0067603  -0.78284955
 -0.65408915 -2.6811233  -0.5397305  -0.40506515 -0.24018025 -0.85469776
 -0.4683632  -0.4683632  -0.526451   -1.4105129  -1.5085461  -0.44423565
 -0.366242   -0.5814126  -0.5071062  -0.5322224  -2.646682    1.0363884
  0.03562987  0.17104334 -0.11649656 -0.02949846 -0.03991902  0.0189169
  0.03529584 -2.5698106  -0.07470757 -0.2799653   0.03665859 -0.26313213
 -0.03863645 -2.3345737  -0.7129251  -0.7018633  -0.35196048 -0.50109434
 -0.28544277 -0.68649966 -0.83570033 -0.7128717  -0.89648676 -0.5120493
 -1.344543   -0.1993264  -1.9819055  -0.5150418  -0.5452881  -0.3623677
 -0.1451664  -0.48602468 -0.3361293  -0.406695   -0.09039176 -0.19392914
 -0.27774763 -0.6270759  -0.65376854 -0.8060419  -0.60008943 -0.55442613
 -0.73117435 -0.7542331   0.26246345  0.18115664  0.25912356 -0.07136762
  0.07377166 -0.6624523  -0.81192017 -0.44896498 -0.8785581  -1.2818327
 -1.1380026  -0.87484413 -0.6863928  -0.49868962 -0.17811131 -1.6216757
 -1.4874378  -1.071712   -0.94925743 -1.1912543  -0.8791192  -0.16264081
 -0.29329824 -1.0999277  -0.80999637 -0.81566083 -1.1880212  -1.3380768
 -2.7277217  -2.8683722  -2.8101242  -3.333689  ]","[0.66941124 0.655375   0.6401152  0.6778631  0.6692657  0.51640207
 0.5119476  0.5567389  0.47183755 0.35599717 0.35906932 0.3998729
 0.3884284  0.39842868 0.39759457 0.38383284 0.38203415 0.38336638
 0.38170257 0.40539187 0.3872658  0.38383853 0.38173717 0.3815568
 0.4160039  0.40168488 0.6418743  0.5516584  0.61794716 0.64459366
 0.6883274  0.70681447 0.40015092 0.3936618  0.39558017 0.40334678
 0.4048673  0.4408676  0.41917872 0.43082747 0.5362368  0.4531378
 0.5540445  0.4812536  1.4264859  1.5995977  0.74547064 0.95388365
 0.93899834 0.9452397  0.501349   0.84571844 0.76035035 0.78826135
 1.2133925  0.6976681  0.6849902  0.7040157  0.6924639  0.70861316
 0.70553195 0.3549796  0.3728325  0.3962449  0.3960531  0.3544876
 0.34635204 0.6331308  0.6071559  0.58892477 0.5078856  0.51629966
 0.44994316 0.4852174  0.59071887 0.5903282  0.5898943  0.58892757
 0.59073    0.59031886 0.589899   0.589899   0.9226662  0.9190963
 0.9328886  0.94869375 0.93830794 0.93723404 0.936322   0.6989154
 0.42163032 0.42237923 0.40353513 0.4372083  0.7537037  0.4462571
 0.43552768 0.4486344  0.44486573 0.48778406 0.46966332 0.5089047
 0.5080005  0.480224   0.4306038  0.4306038  0.46639064 0.42974752
 0.4650335  0.43173513 0.62467486 0.6483817  0.6175621  0.6364215
 0.9972989  0.9961036  0.35361055 0.42403144 0.43792298 0.4415115
 0.4435693  0.48996216 0.4449895  0.4510321  1.2438828  1.1202742
 1.1179556  1.198736   1.1792458  1.2203417  1.2078469  1.2443432
 1.2400798  1.2434733  1.1848868  0.6430535  0.65073216 0.9009148
 0.62428427 0.6130111  0.6264957  0.6184103  1.0632507  1.0674436
 1.0802094  1.0572952  0.842197   0.4678875  0.4753751  0.48638242
 0.62083256 0.7209796  0.49947855 1.0092229  0.9599824  0.97873807
 0.9690522  1.199119   1.1636462  1.1575745  1.2117579  0.48804587
 0.6701963  0.7815428  0.53085744 0.93372756 0.83078784 0.50529784
 0.48628625 0.62361896 0.75097626 0.6878065  0.64236903 0.7997099
 0.72834396 0.5539819  0.561898   0.5392204  0.6540042  0.5392204
 0.6733026  0.46397737 0.6412727  0.45971915 0.45971915 0.45971915
 0.4420524  0.45196745 0.48449862 0.41652638 0.43412602 0.47886235
 0.43892387 0.4472849  0.49560997 0.41305134 0.45711294 0.55453616
 0.55000013 0.56731486 0.55172426 0.54495883 0.4619104  0.4367005
 0.47903016 0.47674093 0.4713916  0.43809518 0.46193904 0.4432539
 0.48633718 0.7708462  0.777946   1.0769372  0.47023973 0.46612853
 0.8869176  0.5776773  0.68833935 1.287365   1.1692038  0.9302143
 0.59670115 0.54976285 0.78844017 0.7177236  0.8059048  0.73384595
 0.8554048  0.7959448  0.90565145 0.81663376 0.6991069  0.70613885
 0.69773203 0.7049269  0.70464885 0.7001637  0.70318776 0.69976646
 1.284781   0.7136672  0.6780645  0.5304144  1.0085386  0.5047986
 0.50946474 0.72241986 0.52657753 0.4806423  0.4683474  0.53074855
 1.1439847  0.691818   0.4906146  0.4899768  0.4492194  0.49170753
 0.58555514 1.0811982  0.9995874  0.5231663  1.165145   0.5830137
 1.1381588  1.1335778  0.33410022 0.3728     0.62104356 0.6662058
 0.656644   1.1008549  0.69476426 0.70157456 0.6073953  0.6204529
 0.6100806  0.7658891  0.4738008  0.5092799  1.1090088  0.70039093
 0.79640675 0.8324695  0.5477331  0.57618284 0.55306876 0.5400366
 0.5760739  0.56959295 0.7492771  0.53467184 0.7114241  1.119102
 1.1600372  0.80356973 0.80485    0.83175623 0.78720176 0.786152
 0.8198111  0.81477284 0.76913947 0.48267013 0.4819441  0.4856801
 1.4414467  0.39413702 0.4427282  0.51964474 0.4811678  0.4127286
 0.53148246 0.3941957  0.5970885  1.0082864  0.723903   0.7027742
 0.56223595 0.5293046  0.48030308 0.57074493 1.0829983  1.0775965
 1.0863059  0.7737435  0.6528372  0.73747873 0.5290362  0.6693602
 0.63888663 1.63654    1.63654    1.2655822  0.67950505 0.6304563
 0.6358451  0.74364126 0.4844588  0.47577795 0.5380142  0.79718125
 1.0034004  0.46124244 0.49097133 0.41946626 1.3223352  0.65081763
 0.38568875 0.37905082 0.40990293 0.42221886 0.46931154 0.4275898
 0.37821183 0.3810197  0.39704305 0.38846385 0.3735156  0.38020673
 0.38273826 0.46814042 0.37143287 0.52563673 0.43147746 0.5105292
 0.36961856 0.41766027 0.40904507 0.37836173 0.40376425 0.48513684
 0.5130176  1.182319   1.2193158  0.3368786  0.60001457 0.60512674
 0.7256335  0.91079926 0.7252381  0.7609497  1.1141096  1.1208844
 0.8184131  0.68501675 0.6233443  0.85884136 0.81415296 0.8608392
 0.80129725 0.8585445  1.1588229  0.62906975 0.5932235  0.51268584
 0.52122945 0.5356256  0.86624265 1.1184962  0.49885207 0.407763
 0.4933229  0.43285462 0.4032089  0.41851488 0.40890777 0.43887994
 0.81511134 0.7154102  0.9720707  0.92782414 0.9518914  0.9213734
 0.57490385 0.5298328  0.5583998  0.5498069  1.180162   1.083102
 0.83231604 0.6951414  0.51524395 1.1302971  0.4964058  0.48745215
 0.48342922 0.51393753 1.0739838  1.0499529  1.0438185  1.0354756
 0.5646456  0.49646682 1.2621042  1.547768   0.7650174  0.82434994
 0.72566307 0.6096753  1.5223392  1.2527655  0.54071414 1.1492373
 0.72897035 0.72897035 0.7442873  0.8506725  0.8428067  0.5999035
 0.64093095 0.57991177 0.6235192  0.6213564  0.8925308  1.0409747
 0.7859167  0.79031914 0.61039907 0.6160554  0.90998346 0.6160751
 0.6129051  0.63100624 0.68735164 0.598183   0.6630837  0.5410063
 0.66316587 1.0142144  0.761289   0.7846476  1.2783229  1.2425348
 1.4017571  1.435044   1.3653558  1.2224108  0.43953183 0.4705616
 1.2193402  0.9553647  1.0358264  0.7964634  0.8786488  0.87573904
 0.9956403  0.9421808  1.2581877  1.1917204  0.71542555 0.71206075
 0.71061337 0.7312921  0.56842506 0.569534   0.59969425 0.6162717
 0.60128593 0.60419434 0.50241745 0.5017595  0.5666002  0.52999693
 0.58368665 0.5615618  0.6740823  0.91370714 0.9257461  0.8698294
 0.8531439  0.8804679  0.68779045 0.7048332  0.6281238  1.1482706
 1.2077785  1.2815706  1.3115621  1.2590127  1.2576655  0.44500434
 0.4609021  0.6524837  0.5796297  0.5793342  0.6509876  0.5920241
 0.37590182 0.38417265 0.40722933 0.4999281 ]"
iid,5,97,"[-9.56417859e-01 -1.14487064e+00 -4.96470809e-01 -4.81728613e-01
 -3.48769009e-01 -3.84481460e-01 -4.81728613e-01 -1.56880188e+00
 -1.49553418e+00 -7.95443416e-01 -6.87559485e-01 -6.99362576e-01
 -1.00659263e+00 -7.40743339e-01 -8.50586653e-01 -1.10416627e+00
 -1.14818299e+00 -2.37817645e-01 -5.02990484e-01  1.47467852e-03
  2.52511799e-01 -6.53981328e-01 -1.65016472e-01 -5.36836863e-01
 -4.91642296e-01 -8.52196157e-01 -7.84666657e-01 -9.17976201e-01
 -8.17649961e-01 -9.32275176e-01 -9.24857438e-01 -8.13241303e-01
 -3.28031957e-01 -4.94383126e-01 -6.08460128e-01 -4.96412486e-01
 -3.62438142e-01 -3.63721102e-01 -6.67149007e-01 -7.64034569e-01
 -5.48313379e-01 -4.75080639e-01 -1.54367959e+00 -2.16546416e+00
  1.61586046e-01  2.12180734e-01 -2.33734369e+00 -1.03507400e+00
 -1.12121773e+00 -6.04681313e-01 -7.63416409e-01 -7.70041108e-01
 -6.58191741e-01 -1.06966686e+00 -1.01967859e+00 -9.52778935e-01
 -9.07735944e-01 -1.01226091e+00 -1.05168223e+00 -1.61503458e+00
 -5.74613750e-01 -4.62939322e-01 -4.46132749e-01 -1.90197110e-01
 -7.44778752e-01 -7.40370095e-01 -7.28310406e-01 -6.33244276e-01
 -3.13418031e-01 -3.08939427e-01 -3.44033748e-01 -5.12029409e-01
 -9.81260300e-01 -6.32999361e-01 -6.80060089e-01 -5.97298563e-01
 -6.44662499e-01 -8.10045600e-01 -4.36055809e-01 -4.46564287e-01
 -4.60571706e-01 -1.28040791e+00 -1.25514555e+00 -1.46511674e+00
 -2.39508867e-01 -4.92715299e-01  5.02032042e-03 -1.99096084e-01
 -7.12891757e-01 -1.24665475e+00 -5.37221789e-01 -6.72980547e-01
 -6.90661848e-01 -7.61130452e-01 -8.97472382e-01 -9.19119179e-01
 -1.42872787e+00 -3.90243053e-01 -5.26083469e-01 -6.11212611e-01
 -4.08857405e-01 -5.93577981e-01 -8.23843122e-01  1.56757534e-01
 -7.86043406e-02  1.28182828e-01  2.15679646e-01 -2.29851782e-01
 -6.66618347e-03 -1.21559584e+00 -1.86173379e-01 -4.85320866e-01
 -4.85320866e-01 -5.32358289e-01 -1.32674575e-01 -1.10387468e+00
 -1.28681087e+00 -7.72420347e-01 -8.37290704e-01 -8.25126052e-01
 -6.76059604e-01 -9.35284257e-01 -7.13346660e-01 -4.78188872e-01
 -5.38038194e-01 -8.25091064e-01 -5.34824967e-01 -5.70601642e-01
 -7.43612468e-01 -2.94121414e-01 -6.84130490e-01 -5.72566867e-01
 -2.46320128e-01 -7.25114703e-01  5.23841977e-02 -3.26049328e-03
  1.68840587e-01  5.04831910e-01 -6.61107481e-01 -5.37151814e-01
 -1.40135443e+00 -8.19166183e-01 -4.40091282e-01  2.64758110e-01
  6.71030879e-02  1.46995544e-01  1.30153954e-01 -6.35751843e-01
 -7.48336017e-01 -6.97204888e-01  4.18688059e-01  2.20018327e-01
 -9.77493525e-02 -1.19156981e+00 -9.69014049e-01 -2.15949416e-02
  3.30584049e-02 -8.46691728e-02  2.11269855e-02 -1.53283358e-01
  2.31354892e-01 -5.53993344e-01 -5.53993344e-01 -1.18814087e+00
 -1.17154419e+00 -3.38458776e-01 -8.04225743e-01 -9.09298837e-01
 -9.58820462e-01 -9.03560579e-01 -1.00335026e+00 -1.08326602e+00
 -9.31167185e-01 -1.11080265e+00 -1.07402885e+00 -1.25368762e+00
 -1.00162411e+00 -8.89623106e-01 -6.41816676e-01 -6.69534087e-01
 -7.82450676e-01 -5.27693033e-01 -9.70390260e-01 -1.11326361e+00
 -4.17079896e-01 -1.00245225e+00 -2.05662429e-01 -7.22105622e-01
 -3.29758108e-01 -2.19203293e-01 -2.92249501e-01 -5.06174564e-01
 -7.83383727e-01 -1.63362551e+00  1.11691177e-01 -1.57712936e+00
 -1.68312383e+00 -3.73700047e+00 -3.80931187e+00 -3.65367889e+00
  5.60348034e-02 -2.06117272e-01 -8.71224523e-01 -6.98237062e-01
 -7.26129413e-01 -1.51825428e-01 -7.58389652e-01 -7.77108967e-01
 -1.04456782e+00 -1.32021403e+00 -1.08569193e+00 -1.35184455e+00
 -9.32613373e-01 -1.65797830e+00 -1.65278816e+00 -1.81330764e+00
 -6.22689188e-01 -3.97334248e-01 -1.36304104e+00 -1.55725551e+00
 -2.09539199e+00 -1.97796774e+00 -3.95795107e-02 -3.37409079e-01
 -1.75431609e-01 -1.75431609e-01 -9.52370763e-01 -1.58076882e-01
 -1.51802123e-01 -4.36534017e-01 -3.19261283e-01 -7.74344802e-01
 -1.01167774e+00 -9.99571443e-01 -5.58028817e-01 -1.40820074e+00
 -7.61830270e-01 -3.42167646e-01 -2.05258846e+00 -2.08859253e+00
 -2.17397833e+00 -5.52383840e-01 -8.01659822e-01 -7.68979728e-01
 -7.68979728e-01 -1.02047205e-01  4.41384315e-02 -6.32299602e-01
 -3.69203091e-02  6.57560229e-02 -1.70536542e+00 -1.27424967e+00
 -1.36556029e+00 -1.18658376e+00 -9.70588565e-01 -6.90230310e-01
 -4.27448422e-01 -4.74695742e-01 -7.15504289e-01 -5.06582737e-01
 -9.96935546e-01 -6.76922679e-01 -8.28589976e-01 -8.95979524e-01
 -1.25663829e+00 -1.44314933e+00 -1.75812948e+00 -7.11352229e-01
 -1.06689095e+00 -1.14028704e+00 -8.81330609e-01 -1.31132674e+00
 -5.24007440e-01 -8.56359899e-01 -1.28656626e-01 -6.35460258e-01
 -8.45116615e-01 -1.01007986e+00 -8.12156618e-01 -8.00353587e-01
 -7.94469535e-01 -9.76804972e-01 -8.17160130e-01 -7.13451624e-01
 -6.49292767e-01 -8.69189322e-01 -1.03241479e+00 -7.80631185e-01
 -8.12663972e-01 -9.44941342e-01 -7.13393271e-01 -9.48930144e-01
 -9.20145512e-01 -8.67801428e-01 -6.13936007e-01  8.16237330e-02
  5.45932770e-01  5.15561938e-01 -7.85424769e-01  3.43390822e-01
  3.88888717e-01  2.13731885e-01 -1.70479405e+00 -1.36957240e+00
  1.37198448e-01 -2.11004138e-01 -1.68597043e-01  1.08658850e-01
  4.02895808e-02 -6.79445267e-03 -8.67871404e-01 -2.18179250e+00
 -9.25347269e-01 -1.06284380e+00 -9.56301212e-01 -1.25097013e+00
 -3.07516485e-01 -8.42072546e-01 -1.07510185e+00 -8.92585576e-01
 -9.71265018e-01 -1.04524422e+00 -7.68944740e-01 -8.59508932e-01
 -1.26376510e-01 -7.13451624e-01 -5.56699157e-01 -5.96027255e-01
 -7.32672453e-01 -6.66857421e-01 -8.97833943e-01 -1.03387260e+00
 -8.02872777e-01 -9.67637777e-01 -9.94906187e-01 -1.10028243e+00
 -1.05227709e+00 -7.32544124e-01 -1.03900445e+00 -1.29526663e+00
 -9.09724534e-01 -2.19214916e+00 -1.17028451e+00 -1.04269004e+00
 -9.91955400e-01 -1.28681087e+00 -2.08088338e-01 -6.62950277e-01
 -1.16147888e+00 -9.09789205e-02 -5.07165909e-01 -5.00284672e-01
 -6.19691730e-01 -9.79184508e-02 -1.68674529e+00 -2.39700055e+00
  4.15259004e-02 -1.51568830e-01  1.86276913e-01  1.98149979e-01
  5.27137637e-01 -3.33431959e-01 -4.69225764e-01 -5.29349148e-01
 -5.94079494e-01 -6.39798999e-01 -7.00027347e-01 -5.16018212e-01
 -5.76059997e-01 -6.40510440e-01  6.33475780e-02 -1.14684224e-01
  2.06559062e-01 -1.58669317e+00 -1.57150781e+00 -1.66117394e+00
 -1.90078115e+00 -8.54353845e-01 -1.01624966e+00 -1.09022892e+00
 -9.79866564e-01 -5.92994869e-01 -3.21407288e-01 -9.71649885e-01
 -3.36172789e-01 -5.34819186e-01 -3.08589488e-01 -1.97125018e-01
 -5.54290771e-01 -6.28497362e-01 -6.72082484e-01 -1.05245209e+00
 -8.90474558e-01 -8.83919835e-01 -8.77201915e-01 -6.18443787e-01
 -7.24601567e-01 -7.99339414e-02 -2.86721140e-01 -6.16181135e-01
 -2.68166232e+00 -2.68965149e+00 -3.59327555e+00 -4.05040026e+00
 -5.87781429e-01 -4.40336198e-01 -2.92202830e-01 -8.68489504e-01
 -2.79350042e-01 -1.92942584e+00 -1.66940868e-01 -4.11306679e-01
 -3.26049238e-01  2.00774074e-02 -1.41200280e+00 -1.30178630e+00
 -4.20718819e-01 -3.63954365e-01 -6.52535081e-01 -5.55113018e-01
 -5.85483789e-01 -2.45090747e+00  1.05502820e+00  7.39680648e-01
 -2.28020668e-01  5.11013269e-02  2.20193267e-02 -6.69412017e-02
 -1.89474821e-02  1.24159098e-01  1.76048279e-02 -2.72795379e-01
 -1.49154544e-01 -3.83782387e-02  1.70590043e-01 -6.49491012e-01
 -2.27635801e-01 -2.48116195e-01 -2.81963348e-02 -2.89485306e-01
 -3.36790949e-01 -2.56454134e+00 -2.58550000e+00 -2.73686409e+00
 -6.18794560e-02  6.20996356e-02  1.72292829e-01 -6.70379698e-01
 -5.87198257e-01 -5.50587714e-01 -7.76782393e-01 -1.43594730e+00
 -3.48080873e-01  8.33264589e-02 -6.90376103e-01 -5.52418828e-01
 -6.64973855e-01 -1.20958984e-01 -7.22268939e-01 -7.94860244e-01
 -5.73074222e-01 -9.66751397e-01 -1.30222952e+00 -1.38647223e+00
 -1.32809830e+00 -1.30855143e-01 -3.39601785e-01 -4.82591689e-01
 -7.60850906e-02 -1.08959913e+00 -5.35472333e-01  7.74249434e-02
  3.02359462e-02 -2.08135247e-02 -4.71884936e-01 -6.80969834e-01
 -8.18011522e-01 -1.56840622e-01 -1.55814230e-01 -2.82149196e-01
 -2.13640034e-01 -5.80212057e-01 -8.59893799e-01 -7.18583405e-01
 -4.13837552e-01 -4.37198818e-01 -1.93276227e-01 -1.08302104e+00
 -6.90801799e-01 -5.07714093e-01 -7.43834078e-01 -7.18874931e-01
 -1.13425720e+00 -6.47543311e-01  2.88014412e-01  1.86020315e-01
 -3.46424699e-01 -2.35636652e-01 -4.33326662e-01 -1.96471870e-01
 -2.60339200e-01 -6.64606452e-01 -1.42134500e+00 -1.00228894e+00
 -5.41362166e-01 -7.34923422e-01 -3.32242340e-01 -5.25803566e-01
 -1.59726000e+00 -1.69633818e+00 -7.96131492e-01 -1.05392158e+00
 -1.11771894e+00 -1.06664610e+00 -9.94054794e-01 -9.94218051e-01
 -8.13777804e-01  1.29873991e-01  4.51647639e-02 -6.63347244e-02
 -8.05333734e-01 -6.72653973e-01 -8.09917331e-01 -1.09560561e+00
 -9.13917422e-01 -2.85432339e+00 -2.81733942e+00 -2.92741632e+00
 -3.30238581e+00 -3.33302450e+00 -3.37672663e+00 -3.30850887e+00]","[0.6813434  0.71655566 0.48794806 0.48777363 0.5340525  0.5213254
 0.48777363 0.4722558  0.4763484  0.37379754 0.37103835 0.37006012
 0.37144732 0.3675188  0.3648504  0.367796   0.41679394 0.5293613
 0.5389904  0.6172369  0.6278125  0.61083996 0.5993591  0.63122815
 0.6452481  0.390033   0.34857684 0.39211518 0.40299448 0.3567004
 0.38828483 0.39367822 0.37223566 0.50915754 0.49820077 0.48976207
 0.45032737 0.49636576 0.5550307  0.5524758  0.57526445 0.57901555
 0.55248535 0.8099413  0.81676847 0.81072766 0.64194965 1.1908436
 1.1389762  1.255347   0.5531487  0.5430405  0.51359445 0.5449439
 0.5377921  0.52090096 0.50954324 0.56780815 0.56634814 1.1745576
 0.3545125  0.3382137  0.3351884  0.37947857 0.35862306 0.35759032
 0.35562953 0.34450498 0.35240495 0.35152134 0.38147926 0.5632275
 0.56489366 0.543953   0.47992143 0.5029037  0.47904277 0.48545685
 0.48235738 0.48194662 0.48147222 0.877717   0.9141803  0.94951516
 0.9136043  0.91971874 0.8216357  0.68896943 1.3513589  0.68005913
 0.6368161  0.4318562  0.41121066 0.40821028 0.40573183 0.42288893
 0.69169223 0.42946893 0.4274778  0.43230966 0.45958003 0.4537441
 0.4175583  0.4131162  0.43853644 0.41227984 0.4362472  0.4434054
 0.41329163 0.74968535 0.6216182  0.6251812  0.6251812  0.6580309
 0.9222217  0.34575924 0.36721706 0.45703992 0.44185534 0.448028
 0.4470596  0.40839297 0.44103062 0.4278979  0.44672573 0.3951886
 0.45765218 1.1092119  1.0921316  1.0717359  1.1504328  1.1521527
 0.63895816 0.6675778  0.5879631  0.5388471  0.5332768  0.49240863
 0.97267646 0.9692738  0.74215156 0.47311935 0.9126107  0.85868263
 0.8618691  0.8532763  0.8603671  0.9550753  1.1014111  1.001308
 0.5637924  0.45574614 0.5237905  0.8468367  0.8542122  0.4849263
 0.44127238 0.46265265 0.7577232  0.532711   0.62082666 0.6908099
 0.6908099  0.9597519  0.41263524 0.6011349  0.38246402 0.3979519
 0.37337285 0.47680253 0.41272685 0.3815977  0.4943274  0.39501438
 0.48270142 0.3962082  0.57677656 0.58833027 0.38924697 0.40391374
 0.40270364 0.38982418 0.4990068  0.5024543  0.3918136  0.5067343
 0.44456255 1.1360255  0.49637952 0.5019982  0.49736068 0.552337
 0.49662605 0.9589546  0.6907513  0.5494437  0.6289111  0.986701
 1.0027974  1.012315   0.5477804  1.1083671  1.1300085  1.1496934
 0.8122199  0.56881756 0.49708706 1.0909472  0.64960873 0.6385173
 0.6476301  0.66127384 0.63957614 0.6602546  1.1193588  0.4883667
 0.8930696  0.7137297  0.4787729  0.51440185 0.45977548 0.4515401
 0.80967593 0.81699926 0.8115405  0.8115405  0.8565325  0.46606362
 0.4251352  0.46481073 0.41823965 0.47418633 0.7140954  0.7564575
 0.5110648  0.8706903  0.5590793  0.55876344 1.2413322  1.2411835
 1.2414759  0.597607   0.57768935 0.60385966 0.60385966 1.0299784
 0.65192074 0.64784575 0.52048635 0.41939613 0.99297374 0.7058428
 0.73624647 1.2658567  0.69002694 0.5172667  0.57250816 0.55641556
 0.52601826 0.57027763 0.51287997 0.5713434  0.6135619  0.6598359
 0.65068096 0.9990194  0.90285784 0.546538   0.6322044  0.6392902
 0.55021006 0.65912056 0.5908021  0.61319965 1.329873   0.4422
 0.34878024 0.3544888  0.5031898  0.5261062  0.36079913 0.45099413
 0.3772223  0.53908294 1.374363   0.61195266 0.64036417 0.92647284
 1.0291524  0.94137484 0.9513293  0.94676256 0.8993412  0.93803453
 1.7449249  0.92663217 0.5272971  0.52588844 1.4932355  1.2061018
 1.5586907  1.7402213  0.5550174  0.5452841  0.4501325  0.4588971
 0.5630082  0.44149852 0.546932   0.5195933  0.623398   0.8168031
 0.44317192 0.39375827 0.35212907 0.3672557  0.86825407 0.35750216
 0.3566223  0.35161847 0.39555794 0.37133983 0.36725715 0.38154674
 1.0317214  0.3757767  0.4013381  0.3991751  0.35392076 0.3967144
 0.3431038  0.33805835 0.39540783 0.4659599  0.35836956 0.4930249
 0.38388574 0.3782237  0.34361023 0.3583593  0.48727578 1.1877037
 1.2399796  0.3172238  0.35207984 0.36721706 0.58277225 0.65195215
 1.0055926  1.060227   1.0656734  1.115263   1.1375593  0.7428068
 0.7600326  0.9912799  0.5124424  0.4850823  0.47270057 0.49145174
 0.4809198  0.39654216 0.39003438 0.4013878  0.3574228  0.39003167
 0.39948425 0.41513315 0.41677502 0.3775717  0.8316905  0.68183666
 0.786831   0.6049644  0.7614731  0.5840554  0.48581815 0.6006575
 0.94361275 0.95928377 0.5972333  1.0719124  0.70172834 0.7036505
 0.4792719  0.50787854 0.92713773 0.9200288  1.0915384  1.1277893
 1.1143789  0.6694724  0.66077155 0.58325344 0.5595038  0.6910099
 0.52416646 0.6994518  0.6952678  0.69017076 0.5641324  0.5638334
 0.5806039  0.6019479  1.5646148  1.1176227  1.1671939  1.4506874
 0.48859793 0.97175133 0.50010043 0.68713844 0.6788832  0.68361413
 0.8413824  0.8591181  0.59802    0.63755643 0.58460295 0.62707907
 0.6095477  0.94431794 0.8902286  0.7820655  0.5524302  0.55406535
 0.84350747 0.5481447  0.5331723  0.8253918  0.53928363 1.0731579
 1.0870556  1.0862551  1.073341   0.6075225  0.5963442  0.59578544
 0.6028349  0.5949463  0.5438158  1.0831113  1.081785   1.0752633
 1.1553197  1.1530439  1.1895292  0.74426717 0.73947316 0.7513373
 0.74073166 0.6482041  1.1337115  1.2287879  0.9094161  1.3562
 1.3184025  1.3739539  0.45859593 0.42621136 0.4675435  0.45094755
 1.150542   1.1651492  1.1227323  0.8510206  0.80209535 0.81816167
 0.567636   1.3893567  0.90938777 0.9452214  1.005651   0.99371576
 0.89166737 0.92127395 1.2665263  1.0367672  1.0726413  0.78739965
 0.78950244 0.8059477  1.5624778  1.5593212  0.4840491  0.7794777
 0.79206544 0.49737865 0.82342535 0.78127515 0.77215916 0.5180258
 0.5029977  0.54773533 0.47292832 0.50574946 0.576844   0.55261755
 0.54969704 0.95601207 0.9534254  0.9682153  0.6969643  0.71499085
 0.9668942  0.57965666 0.9527126  0.5800879  1.0204424  1.166759
 1.2261838  1.1932199  1.2067149  1.2485294  1.2702743  1.2702746
 1.359856   0.48974273 0.48416412 0.47272834 0.46496555 0.5002979
 0.46457675 0.5162338  0.5228629  0.45205173 0.36746448 0.36953163
 0.45623118 0.49310374 0.4193285  0.41381246]"
iid,6,17,"[-0.3437029  -1.4898432  -0.3652642  -1.214634   -1.586748   -1.1070697
 -1.299789   -0.5220076  -0.8216854  -0.4161392  -1.1076753  -0.34661007
  0.17546397 -1.5741503  -0.5324248  -0.5943227  -0.783408    0.19436044
 -0.01495373 -0.325291   -0.72429615 -1.3464243  -0.8638389  -0.6535557
 -0.5016576  -1.613639   -1.5135849  -0.17290837 -1.2228708  -0.5774855
 -1.2655089  -1.1153066  -1.8486329  -2.043169   -1.1860471  -1.3883356
 -0.93070316 -0.3894904  -1.2412827  -0.48154986 -0.715817   -1.0595864
 -1.2781065   0.16746938 -0.85899365 -1.0995595  -1.2684159  -0.49729687
 -1.066612   -0.29379702 -0.9293707  -3.0761733  -0.3114821  -0.8895186
 -0.7838925  -1.3546612  -0.12154889 -1.1506767 ]","[0.9954044  0.85912657 0.9996289  1.1493722  1.1621795  0.7657696
 0.8221445  0.34380788 0.99328387 1.6430262  0.5783459  0.620482
 0.6883339  0.91040623 1.808883   2.262182   1.9406575  0.83982533
 1.2734636  0.8800298  0.6456801  0.6751738  0.9048593  0.8705573
 0.9531017  1.5340341  1.4563544  1.0410764  1.1583252  1.5437124
 0.7146259  1.9643058  2.1201198  2.1192849  1.8573745  1.8615061
 0.77298945 1.4322484  1.4742206  1.2012727  0.49574724 0.60510886
 1.2052045  0.87519395 0.73459345 2.1909828  1.2631792  0.68838507
 1.3771514  1.3141617  1.3135923  1.312235   0.97802746 1.8772761
 0.8754555  1.8300254  1.4213715  1.1603646 ]"
iid,6,29,"[-0.5568166  -0.5226598  -0.04562533 -0.20284444 -0.65757614  0.66665727
 -0.4398035  -0.29010016 -0.97384745  0.08055323 -0.06866133  0.34232038
 -0.7580302  -0.23840666 -0.32004082 -0.21775365 -0.32065186 -0.24500579
  0.49678975 -0.27836826 -1.397783   -0.9567385  -0.47035524 -1.3017285
 -0.17742544 -1.0971541   0.02152729 -0.47909302 -1.302706   -0.5837632
 -0.6986376  -0.48624212 -0.79493666 -0.37918893 -2.4177213   0.571336
 -2.0326476  -2.022871   -2.0708983  -1.5463866  -1.4023046  -0.48611993
  0.5564267  -0.21665382 -0.31979638 -0.36134675 -0.40301925 -0.5187491
 -0.6284909  -1.7405732   0.18540674 -0.4522686  -0.0700056  -0.5253483
 -2.2854936  -1.58036    -0.11522216 -0.87925935]","[1.1530371  1.2148387  0.46546748 0.78544295 0.8991634  0.6959974
 1.3489245  1.6535197  1.5189736  1.8448291  0.94051087 1.0704349
 1.7784095  1.3757786  0.62166727 0.5832147  0.6067264  0.64707977
 1.2381413  1.117866   0.81776804 1.8695949  1.0480977  0.50181186
 1.0243709  1.5591723  2.342483   0.8359103  1.1458561  1.5761766
 1.5751451  1.443959   2.5149486  1.0458474  1.4544437  1.6199195
 1.280333   0.5963974  0.50106025 2.3806791  1.5465589  1.1634902
 1.0643445  0.79020053 0.6896649  0.7772534  0.9636124  0.9893698
 1.2559751  2.3174012  2.5393257  0.83727676 2.0156536  1.3790584
 2.4517372  1.905561   0.69609165 1.1552004 ]"
iid,6,43,"[-1.099946    0.7720765  -0.21284431 -1.3143309  -1.385472   -1.1655593
 -0.8660934  -0.41401044 -1.5916853   0.0825358  -0.9518955  -0.49861073
 -0.6579574  -0.79339004  0.47381234 -0.61469585 -0.32508394  0.3130237
 -0.66108185 -0.882677   -1.0821607  -0.14482754 -0.31763333 -0.58008665
 -1.1708468  -1.3674464  -0.44525486  0.02653617 -0.636567   -0.1856857
 -0.3765171  -0.95477957 -0.57720256 -2.0021892  -0.9881871  -1.098504
 -0.8838787  -0.6096487  -2.200231   -0.7247724   0.0635488  -0.8963765
 -1.0410622   0.19669819 -1.9339322  -0.0322274  -0.6137345  -0.7971153
 -0.2275052  -0.44693726 -0.41641384 -0.7348668  -0.2645178  -1.2991893
 -0.07681084 -2.717687   -2.8693428  -2.9366384 ]","[0.5892964  1.0360911  0.78814197 1.1945987  1.1916689  0.99429834
 0.40121466 0.42179495 1.4615741  1.4001131  0.5627274  0.59822273
 0.5515889  1.7081934  0.93327624 0.70272684 1.5868806  1.3490672
 1.3568064  0.6010108  0.7414986  0.8826432  0.9808936  1.0485789
 1.1490479  1.1382291  1.369767   0.7520162  0.78097624 0.7532907
 1.0684259  1.1328336  1.0581286  1.8568395  0.39322436 1.0883806
 1.3443804  1.2526894  1.6331432  0.7864508  1.6895066  0.89474916
 0.45439756 1.087218   1.3396044  0.9640419  0.667969   2.3733294
 0.92859346 1.3206137  1.8657857  0.76903117 0.86481076 1.2011143
 0.8990823  0.64096224 0.65281266 0.64625627]"
iid,6,71,"[-0.4601917  -1.2646027  -0.87798184 -2.8399773  -0.33827132 -0.7182985
 -0.8205582  -0.30398494 -0.8253535  -0.7760818  -0.69264364  0.47537053
  0.11872035 -0.8998004  -0.8384207  -0.32868072 -0.36374632 -0.13543028
 -1.8341639  -0.8335055  -2.003078   -1.7833337  -1.0772264  -1.065358
 -0.7609766  -1.1004835  -1.4292011  -0.9031572   0.24651504 -1.0937701
 -1.3801692  -0.8488504  -1.1707346  -0.822776   -1.2212052  -0.14166415
 -0.29475403 -1.1628225  -0.15700912 -1.6859891  -1.8327253  -1.8485497
 -0.51305985 -0.20735973 -0.608726   -0.36152852  0.19736326 -0.8585609
 -0.09443051 -0.06386048 -1.740176   -0.9637577  -0.66543037 -0.7226143
 -0.49987277 -0.73196507 -0.6880881  -2.712662  ]","[0.67301714 0.5053442  0.533524   1.2746656  0.29556906 0.98641557
 0.5366277  0.62897646 0.86176    0.67237407 0.7068606  0.9815494
 1.2106465  0.70315725 0.61277884 0.8681736  1.1442629  1.1277584
 1.2633525  0.8652797  1.8208306  1.9126633  1.1443645  1.1788635
 2.437652   1.2946832  1.3305782  0.513665   1.0153978  0.950219
 0.95720935 0.5028729  0.55479604 0.5733331  2.0455956  1.0551902
 1.4303486  1.1465633  1.5878413  1.4220272  1.4875137  0.85372263
 1.5340905  1.560392   1.4912657  0.92269367 1.4633149  1.9551407
 1.7283547  1.5478042  1.3036426  2.3863368  0.7741208  2.1938298
 1.0156174  1.5591797  0.9706908  0.6297758 ]"
iid,6,97,"[-1.4076905e+00 -4.9054024e-01 -2.9832580e+00 -3.8337851e-01
 -8.2276583e-01 -3.0711022e-01 -6.0904574e-01 -4.2633975e-01
 -1.1109440e+00 -4.8764399e-01  9.6677244e-02 -3.6322531e-01
 -8.4810817e-01 -6.2413043e-01  5.1048088e-01 -1.3460147e-01
 -8.0852586e-01  2.0540774e-01 -2.4749547e-01 -1.4376185e+00
 -3.7020140e+00 -3.4319285e-01 -1.2807376e+00 -1.8546712e-01
  2.0891666e-02 -2.8747687e+00  3.5275519e-01 -5.5039638e-01
 -5.6572247e-01 -1.3496444e+00 -7.8813136e-01 -1.0042651e+00
 -7.6134092e-01 -8.5939151e-01 -8.8962126e-01 -1.3103639e+00
 -1.1943324e+00 -1.4306192e+00 -5.7307482e-02 -9.1579914e-02
  2.3207754e-01 -9.4597775e-01 -3.2665998e-01 -3.5965419e+00
 -4.2356417e-01  8.0493438e-01 -2.1578074e-03 -2.6447573e+00
 -2.0843904e+00 -5.6005061e-01 -7.9428589e-01 -5.1443446e-01
  4.2854083e-01 -7.4081659e-02 -1.7919189e-01 -4.8836803e-01
 -1.4733391e+00 -2.7765372e+00]","[0.95726866 0.92062926 2.5505395  0.38663757 0.45176387 0.40077975
 0.9798893  0.9360625  0.77066094 0.6518847  0.6691175  1.6285732
 0.76222575 1.7361199  1.0174308  1.254709   0.5971457  0.8865078
 1.5440708  1.2735071  1.2367234  1.4588362  1.5946538  1.2193866
 1.0701317  2.3982055  1.5692172  1.5578483  3.4062214  0.7193995
 1.0114671  0.891243   0.5317599  0.51853704 0.8383491  0.5015492
 0.8501428  1.6650083  2.1962118  2.2007463  1.7689699  1.4901946
 1.4594122  1.7293468  2.0002513  2.0614066  1.0710244  1.9826092
 2.0544858  0.95497775 0.9750935  1.5281608  1.5901874  2.0628796
 1.0581632  1.4310169  1.9889841  0.78842324]"
