6,13,42,log (Total flux)
-0.5994757413864136,-0.6797344088554382,-0.5637345910072327,-1.0087739243075051
-0.5802098512649536,-0.5574719309806824,-0.6572666168212891,-0.9507819773298184
-0.7500578165054321,-0.7865744829177856,-0.7016037106513977,-1.0457574905606752
-0.6742550730705261,-0.5548065900802612,-0.5500801801681519,-0.8860566476931632
-0.6026242971420288,-0.7348544001579285,-0.7093580961227417,-0.958607314841775
-0.5500572323799133,-0.6312987804412842,-0.6789752244949341,-1.0
-0.5407245755195618,-0.5962615609169006,-0.5355411171913147,-0.9208187539523752
-0.4958731532096863,-0.47828736901283264,-0.5164785981178284,-0.7328282715969863
-0.5282882452011108,-0.6085750460624695,-0.5858268737792969,-0.9281179926938746
-0.6928223371505737,-0.6642753481864929,-0.6586809158325195,-1.154901959985743
-0.5118564963340759,-0.6122947931289673,-0.5839058756828308,-0.6020599913279624
-0.34070709347724915,-0.49580004811286926,-0.353738933801651,-0.638272163982407
-0.560082733631134,-0.4617059826850891,-0.43548959493637085,-0.46852108295774486
-0.3446826636791229,-0.37611061334609985,-0.4488665759563446,-0.4559319556497244
-0.38427725434303284,-0.4201258420944214,-0.42171531915664673,-0.5228787452803376
-0.24153955280780792,-0.2758527398109436,-0.18838946521282196,-0.045757490560675115
-0.5703251361846924,-0.531184732913971,-0.5296515226364136,-0.22184874961635637
-0.2868810296058655,-0.28235819935798645,-0.36531370878219604,-0.3010299956639812
-0.3262491524219513,-0.31778061389923096,-0.3291146755218506,-0.37675070960209955
-0.3836885988712311,-0.414131224155426,-0.3593321442604065,-0.37675070960209955
-0.3718778192996979,-0.3764864206314087,-0.3458133339881897,-0.37675070960209955
-0.21611228585243225,-0.3143492043018341,-0.3635231852531433,-0.3565473235138126
-1.7172670364379883,-1.7058379650115967,-1.7370840311050415,-1.6575773191777938
-1.4420983791351318,-1.4006972312927246,-1.4842257499694824,-1.4685210829577449
-1.3706663846969604,-1.4136511087417603,-1.265851616859436,-1.9913998282380825
-1.3438186645507812,-1.245850682258606,-1.340813159942627,-1.3979400086720375
-1.2237614393234253,-1.2169880867004395,-1.2102030515670776,-1.337242168318426
-1.1283316612243652,-1.1316251754760742,-1.0699093341827393,-1.3010299956639813
-1.2852081060409546,-1.40773606300354,-1.2850794792175293,-1.5934598195660448
-0.9976915717124939,-1.0456316471099854,-1.068162441253662,-0.958607314841775
-0.9047445058822632,-0.9323952198028564,-0.8209996819496155,-0.619788758288394
-0.788471519947052,-0.7833831906318665,-0.7510331273078918,-0.44369749923271273
-0.7776737213134766,-0.7642905116081238,-0.702519416809082,-0.36653154442041347
-0.6834105253219604,-0.774580717086792,-0.7147783041000366,-0.3279021420642826
-0.7107862830162048,-0.7982344031333923,-0.7113903164863586,-0.4559319556497244
-0.7406745553016663,-0.7894625663757324,-0.829081118106842,-0.619788758288394
-0.760321855545044,-0.7318983674049377,-0.8537764549255371,-0.7695510786217261
-0.8147767186164856,-0.9943639039993286,-0.8523244261741638,-0.9208187539523752
-1.1143642663955688,-1.169629693031311,-1.0837088823318481,-1.154901959985743
-0.8671871423721313,-0.861433207988739,-0.899833083152771,-0.8088285442714415
-0.8799957633018494,-0.836279034614563,-0.7866582870483398,-0.41476493663422465
-0.7097858786582947,-0.7150315642356873,-0.7110002040863037,-0.33837659077077
-0.8486523628234863,-0.8502401113510132,-0.9054539203643799,-0.7169250252645285
-0.8275935649871826,-0.7887065410614014,-0.7993163466453552,-0.3994627056355312
-0.6735278964042664,-0.7470921277999878,-0.6157293319702148,-0.21910689131292108
-1.01212739944458,-0.9718638062477112,-0.9117526412010193,-0.9125735429637145
-0.8440066576004028,-0.8074508309364319,-0.8049865365028381,-0.39859193946531624
-0.7838237881660461,-0.7610184550285339,-0.6799634695053101,-0.1901037533975609
-0.9550612568855286,-0.9447806477546692,-0.9954100251197815,-0.9270152553720696
-0.7911075353622437,-0.8085797429084778,-0.7992733716964722,-0.6449317936511493
-0.7250827550888062,-0.7831670641899109,-0.7129819393157959,-0.22584814104528958
-0.8704285025596619,-1.0307399034500122,-1.0422700643539429,-1.016824927962187
-0.850453794002533,-0.8288092017173767,-0.8741223216056824,-0.7171513971653553
-0.7971187233924866,-0.7691903114318848,-0.7655883431434631,-0.34390179798716813
-0.923023521900177,-0.9769437909126282,-0.9545431733131409,-1.0594835150674329
-0.8669751286506653,-0.9258663058280945,-0.9124194383621216,-0.7602001815529014
-0.7908068299293518,-0.7958895564079285,-0.8050222396850586,-0.43735032778808336
-1.0090852975845337,-1.0406228303909302,-0.9928431510925293,-1.3516399890190685
-0.962634265422821,-0.8569852709770203,-0.9335287809371948,-0.9385475209128068
-0.8392160534858704,-0.7547959089279175,-0.8035681843757629,-0.6753060861382254
-1.0564020872116089,-1.118467092514038,-1.0860085487365723,-2.0757207139381184
-0.9672986268997192,-0.9949797987937927,-0.977222740650177,-1.254144804826271
-0.8137930035591125,-0.8436382412910461,-0.9386611580848694,-0.906578314837765
-1.3049554824829102,-1.3799445629119873,-1.373990535736084,-2.221848749616356
-1.1598759889602661,-1.1125794649124146,-1.109674334526062,-2.5528419686577806
-1.113309621810913,-1.10616934299469,-1.1134233474731445,-1.4306260903849541
-1.0825698375701904,-1.0759927034378052,-1.073088526725769,-0.5867002359187481
-1.0027127265930176,-1.1558163166046143,-1.2047269344329834,-0.596879478824182
-0.9886209964752197,-1.043910026550293,-0.9875878095626831,-0.6968039425795111
-1.000573992729187,-1.1238936185836792,-1.1706665754318237,-1.0
-1.1606054306030273,-1.1327587366104126,-1.2228854894638062,-1.0506099933550872
-1.159380316734314,-1.2367357015609741,-1.197750449180603,-1.1739251972991736
-1.239479899406433,-1.1336098909378052,-1.2702553272247314,-1.3279021420642825
-1.3591020107269287,-1.1306164264678955,-1.3427205085754395,-1.3979400086720375
-1.1291202306747437,-1.0867775678634644,-1.0472965240478516,-2.154901959985743
-1.1004151105880737,-0.9368312954902649,-1.0482687950134277,-2.0177287669604316
-1.493107557296753,-1.4722070693969727,-1.4959089756011963,-1.6020599913279623
-0.36490532755851746,-0.3206476867198944,-0.4108538329601288,-0.2688449400403264
-0.09401509165763855,-0.08616618067026138,-0.04818139597773552,0.06069784035361165
-0.333648145198822,-0.3471452593803406,-0.38559797406196594,-0.24598209844216795
-0.29333460330963135,-0.2771369218826294,-0.2660380005836487,-0.24598209844216795
0.04748555272817612,0.029804371297359467,0.00047054607421159744,0.17926446433902532
-0.23268449306488037,-0.27066949009895325,-0.2417038530111313,-0.22184874961635637
-0.15700699388980865,-0.07866614311933517,-0.168238565325737,-0.1962943969757637
0.26823505759239197,0.17813658714294434,0.1991470754146576,0.32633586092875144
0.4684448838233948,0.35111379623413086,0.39134863018989563,0.5276299008713387
0.5206519961357117,0.5595538020133972,0.6008898019790649,0.6627578316815741
-0.6900463700294495,-0.6048123240470886,-0.5763018727302551,-0.5290385369682233
-0.2884603440761566,-0.3247440755367279,-0.3643591105937958,-0.10790539730951959
-0.48702189326286316,-0.46713870763778687,-0.5770469307899475,-0.5102889561907537
-0.5214611887931824,-0.5141938924789429,-0.4839906692504883,-0.49069395850550057
-0.20616599917411804,-0.20585550367832184,-0.20314042270183563,0.04532297878665747
-0.377223402261734,-0.37778013944625854,-0.4768153727054596,-0.4631109125294204
-0.3344150483608246,-0.25906386971473694,-0.31183260679244995,-0.4486329650765712
0.032951146364212036,0.03269585222005844,0.019936690106987953,0.20682587603184974
0.23415061831474304,0.15196053683757782,0.2983742356300354,0.3242824552976926
0.42496269941329956,0.40167295932769775,0.43688759207725525,0.4487063199050799
-0.762559711933136,-0.7348727583885193,-0.7734850645065308,-0.8846058574743971
-0.35672080516815186,-0.3673526346683502,-0.34042251110076904,-0.2569922373293755
-0.7085875868797302,-0.6210067272186279,-0.6478270888328552,-0.8681119898227769
-0.5593063235282898,-0.5857537984848022,-0.580912172794342,-0.8596239623199455
-0.32938283681869507,-0.3862340748310089,-0.4058529734611511,-0.005243055412371884
-0.587831974029541,-0.6439104676246643,-0.560672402381897,-0.8331171770258415
-0.4176167845726013,-0.4192778766155243,-0.4995642304420471,-0.8239087409443188
-0.12472853809595108,-0.17034022510051727,-0.1733800619840622,0.1766699326681496
0.01923409290611744,0.06271187216043472,-0.057360392063856125,0.29885307640970665
0.22278228402137756,0.2900979518890381,0.18808312714099884,0.38560627359831223
-0.7149751782417297,-0.7181884050369263,-0.7524766325950623,-0.8210230527068306
-0.5918839573860168,-0.5815228819847107,-0.5517329573631287,-0.6903698325741012
-0.9300621747970581,-0.9161928296089172,-1.036352515220642,-1.1674910872937636
-0.8425663709640503,-0.7994236946105957,-0.87010657787323,-0.8569851997459049
-0.8238095045089722,-0.7885380387306213,-0.7942072153091431,-0.8386319977650252
-0.6600439548492432,-0.7005301117897034,-0.6542856693267822,-0.6989700043360187
-1.0156534910202026,-1.0480854511260986,-1.0055803060531616,-1.1674910872937636
-0.9060443639755249,-0.8857276439666748,-0.9296198487281799,-0.8696662315049939
-0.9630475640296936,-1.0434972047805786,-0.9634708166122437,-0.8601209135987634
-0.8196913003921509,-0.8099839687347412,-0.7934780120849609,-0.721246399047171
-1.0329991579055786,-1.0178022384643555,-0.9960110187530518,-0.9393021596463883
-0.9966415762901306,-0.99967360496521,-1.012283205986023,-0.9956786262173574
-0.8392465114593506,-0.8309259414672852,-0.8730006814002991,-0.7495799976911061
-0.9648837447166443,-0.9912963509559631,-0.970114529132843,-1.0604807473813815
-0.8473881483078003,-0.8664401173591614,-0.9093350768089294,-0.7772835288524167
-1.2151752710342407,-1.176614761352539,-1.1584688425064087,-1.1674910872937636
-0.9089264869689941,-0.9166750311851501,-0.8584606647491455,-0.8210230527068306
-1.0612258911132812,-1.0176095962524414,-0.9706170558929443,-0.8996294548824371
-0.796642005443573,-0.7608065009117126,-0.7578612565994263,-0.8416375079047503
-0.7645223140716553,-0.8284110426902771,-0.7793647050857544,-0.6946486305533762
-0.9792492985725403,-0.9791953563690186,-0.9806897044181824,-1.154901959985743
-1.0084657669067383,-1.0729447603225708,-1.0065521001815796,-0.8794260687941502
-0.6821362972259521,-0.6743572950363159,-0.7052102088928223,-0.8239087409443188
-0.7445975542068481,-0.7299819588661194,-0.737362802028656,-0.6861327796308466
-0.922122597694397,-0.9194629192352295,-0.8913540244102478,-1.136677139879544
-0.9917917251586914,-0.9133073091506958,-0.9228942394256592,-0.8632794328435931
-0.6174218654632568,-0.6889933943748474,-0.5610719919204712,-0.8041003475907662
-0.6038581728935242,-0.6695556640625,-0.6678061485290527,-0.679853713888946
-0.8837859630584717,-0.8452750444412231,-0.8480756878852844,-1.1135092748275182
-0.8405095338821411,-0.8329036235809326,-0.8952585458755493,-0.8356471442155629
-0.470965713262558,-0.4805804193019867,-0.44621703028678894,-0.7878123955960422
-0.502637505531311,-0.5020606517791748,-0.422586590051651,-0.6716203965612623
-0.7763902544975281,-0.669158399105072,-0.6560550928115845,-1.0861861476162833
-0.6864314675331116,-0.7937752604484558,-0.7156707048416138,-0.8239087409443188
-0.5615690350532532,-0.5719494819641113,-0.642762303352356,-0.4190750243243807
-0.4515184164047241,-0.5644606351852417,-0.5390608906745911,-0.21490018838220346
-0.5918877720832825,-0.5219149589538574,-0.5298011302947998,-0.6497519816658371
-0.5021055936813354,-0.5504242181777954,-0.4937252402305603,-0.367510314097029
-0.6974390149116516,-0.600721001625061,-0.606207549571991,-0.9208187539523752
-0.6338890790939331,-0.486972838640213,-0.6163000464439392,-0.5174837133936314
-0.427989661693573,-0.4537929594516754,-0.5315786600112915,-0.5528419686577808
-0.5204309225082397,-0.5662035346031189,-0.5293202996253967,-0.5228787452803376
-0.47245916724205017,-0.5225278735160828,-0.5135921239852905,-0.5086383061657274
-0.4599033296108246,-0.4408181607723236,-0.45296648144721985,-0.3360636208328832
-0.3581514358520508,-0.43684348464012146,-0.4535386264324188,-0.3979400086720376
-0.2704087495803833,-0.3984387516975403,-0.3419831693172455,-0.37675070960209955
-0.3524605333805084,-0.4262138605117798,-0.3840751349925995,-0.3372421683184259
-0.33876535296440125,-0.27044960856437683,-0.39311522245407104,-0.2006594505464183
-0.1910700500011444,-0.1620553880929947,-0.1431426703929901,-0.2839966563652008
-0.11117669939994812,-0.20457541942596436,-0.17816051840782166,-0.22184874961635637
-0.19416126608848572,-0.167087122797966,-0.19527746737003326,-0.1870866433571444
-0.0869622752070427,-0.10550042241811752,-0.07600466161966324,-0.10065836056122002
-0.8368688821792603,-0.903174102306366,-0.8993555307388306,-0.9913998282380825
-0.769097089767456,-0.788687527179718,-0.8921934962272644,-0.673135932224739
-0.5231107473373413,-0.5105791091918945,-0.7176986336708069,-1.2218487496163564
-0.7950208187103271,-0.6158011555671692,-0.7437183856964111,-1.3979400086720375
-0.736941397190094,-0.7422224283218384,-0.8651425838470459,-1.4202164033831899
-0.9198412895202637,-0.8826513290405273,-0.9127228260040283,-1.6197887582883939
-1.211729645729065,-1.185624122619629,-1.1358718872070312,-2.0
-0.8780384659767151,-0.5291509628295898,-0.7865594625473022,0.06069784035361165
-0.3817954659461975,-0.5362547039985657,-0.3782515823841095,0.42488163663106704
-0.12614388763904572,-0.15275515615940094,-0.17425957322120667,0.5378190950732742
-0.3529137372970581,-0.1905754655599594,-0.31835654377937317,0.6586790285824489
-0.14493167400360107,-0.2217060923576355,-0.039280276745557785,0.8155777483242672
0.3358991742134094,0.15862666070461273,0.03587010130286217,0.19589965240923374
-0.6885970830917358,-0.6956218481063843,-0.5547037124633789,-0.8239087409443188
0.5587113499641418,0.31207606196403503,0.4789488613605499,0.1846914308175988
-1.5795460939407349,-1.5721672773361206,-1.4757133722305298,-1.0222763947111522
-1.5179741382598877,-1.3807786703109741,-1.3096442222595215,-1.1249387366083
-1.277084469795227,-1.365585207939148,-1.2957607507705688,-1.0222763947111522
-1.551970362663269,-1.5467191934585571,-1.6357866525650024,-1.6197887582883939
-1.4670294523239136,-1.3389675617218018,-1.5064340829849243,-1.5086383061657274
-1.4271186590194702,-1.263715386390686,-1.3847309350967407,-1.3279021420642825
-1.59634530544281,-1.632916808128357,-1.6003530025482178,-2.221848749616356
-1.4941450357437134,-1.4703866243362427,-1.6086275577545166,-1.9829666607012197
-1.3658939599990845,-1.435408592224121,-1.5259195566177368,-1.5686362358410126
-0.8033707737922668,-0.7944963574409485,-0.7823270559310913,-1.3979400086720375
-0.950924277305603,-0.8640587329864502,-0.8783561587333679,-0.8538719643217619
-0.9003797769546509,-0.7656704187393188,-0.7503994107246399,-0.5228787452803376
-0.9603275060653687,-0.9612287282943726,-0.8444780111312866,-0.6989700043360187
-0.9660468101501465,-1.0499722957611084,-0.9629388451576233,-1.3010299956639813
-1.0486016273498535,-1.0953400135040283,-1.063862919807434,-1.3979400086720375
-2.26358962059021,-2.310258150100708,-2.326655149459839,-2.337242168318426
-2.329741954803467,-2.426439046859741,-2.3520658016204834,-2.337242168318426
-2.3011634349823,-2.385852575302124,-2.4974985122680664,-2.5228787452803374
-2.369032382965088,-2.351576805114746,-2.3924624919891357,-2.431798275933005
-2.2099227905273438,-2.3533756732940674,-2.311985969543457,-2.431798275933005
-2.350576877593994,-2.430541515350342,-2.490623950958252,-2.5086383061657274
-2.360121488571167,-2.4210667610168457,-2.401811361312866,-2.494850021680094
-2.4839537143707275,-2.409868001937866,-2.4938700199127197,-2.494850021680094
-2.6708362102508545,-2.6292998790740967,-2.660540819168091,-2.494850021680094
-2.5372183322906494,-2.7416930198669434,-2.7039153575897217,-2.6989700043360187
-2.577173948287964,-2.5128231048583984,-2.677504777908325,-2.4559319556497243
-0.9916343092918396,-0.8934541940689087,-0.7776020169258118,-1.5228787452803376
-0.666361391544342,-0.6366285085678101,-0.7751009464263916,-0.744727494896694
-0.5338062644004822,-0.47672805190086365,-0.5861632227897644,0.07918124604762482
0.17210331559181213,0.1729496270418167,0.08938034623861313,0.1559430179718367
0.11625412106513977,0.17395396530628204,0.15345163643360138,0.21695720736109697
0.273634135723114,0.3043802082538605,0.2007046490907669,0.3412366232386923
0.21816036105155945,0.42355215549468994,0.39320987462997437,0.5584685625237948
0.48949316143989563,0.5118282437324524,0.4669605791568756,0.7523558041535008
-2.0804412364959717,-1.947627305984497,-1.9882582426071167,-2.6989700043360187
-2.7562129497528076,-2.73172664642334,-2.736858606338501,-3.0
-2.7357537746429443,-2.7575087547302246,-2.7390966415405273,-3.0
-2.0246617794036865,-1.9813010692596436,-1.9698660373687744,-2.3979400086720375
-2.101154088973999,-2.0114736557006836,-2.040977716445923,-2.0
-2.8386576175689697,-2.7787036895751953,-2.820298671722412,-3.0
-2.246070623397827,-2.199233055114746,-2.0080833435058594,-1.744727494896694
-2.8465936183929443,-2.9757516384124756,-2.911140203475952,-2.8239087409443187
-2.3388216495513916,-2.451848030090332,-2.4554502964019775,-1.3872161432802645
-2.946991205215454,-3.037142515182495,-3.0263097286224365,-2.6989700043360187
-1.1392968893051147,-1.0749200582504272,-1.7686963081359863,-0.8239087409443188
-1.1366902589797974,-1.1136435270309448,-2.003876209259033,-1.1023729087095586
-1.4640843868255615,-0.8511840105056763,-1.4465693235397339,-1.3979400086720375
-1.35993492603302,-1.0889840126037598,-1.3546034097671509,-1.744727494896694
-0.058105144649744034,-0.2756306529045105,-0.1235366240143776,0.05076631123304232
-0.8555381298065186,-0.8302299380302429,-0.8680165410041809,-1.0
-0.8398224711418152,-0.8787947297096252,-0.7681757807731628,-0.7958800173440752
-0.8500695824623108,-0.8372257947921753,-0.8062057495117188,-0.6777807052660807
-0.8113043904304504,-0.806647777557373,-0.6720031499862671,-0.5528419686577808
-0.902627170085907,-0.9434924721717834,-0.8866444230079651,-1.0457574905606752
-0.9407145380973816,-0.9516730904579163,-0.8715760707855225,-0.9208187539523752
-0.8633164167404175,-0.8866322636604309,-0.8879582285881042,-0.721246399047171
-0.8289169073104858,-0.7648183107376099,-0.7587008476257324,-0.619788758288394
-1.1229864358901978,-1.1102474927902222,-1.0699942111968994,-1.0506099933550872
-1.0402499437332153,-0.9466214776039124,-0.9804345965385437,-0.958607314841775
-0.9297443628311157,-0.9625372290611267,-0.8744031190872192,-0.8239087409443188
-0.9171689748764038,-0.8414117693901062,-0.8610392212867737,-0.6575773191777937
-1.207086443901062,-1.1821203231811523,-1.135865330696106,-1.6989700043360187
-1.1440117359161377,-1.0815768241882324,-1.1260377168655396,-1.3979400086720375
-1.0620661973953247,-1.0523231029510498,-1.0913950204849243,-1.2218487496163564
-1.1411761045455933,-0.9619230628013611,-0.9988018274307251,-1.0
-1.030371069908142,-1.3058490753173828,-1.0709800720214844,-1.0457574905606752
-0.8497495651245117,-0.9645973443984985,-1.1502749919891357,-1.0629487487389813
-0.9264312982559204,-1.0029727220535278,-0.9871546626091003,-1.1831094015116075
-0.9638926386833191,-1.0202444791793823,-0.910255491733551,-1.2869464912940425
-1.0920419692993164,-1.1715761423110962,-1.049688696861267,-1.6021121097929614
-1.207275152206421,-1.2167142629623413,-1.186471700668335,-2.135548252841817
-1.3051947355270386,-1.3811389207839966,-1.2823991775512695,-1.6777807052660807
-0.7195754647254944,-0.7615599632263184,-0.6935131549835205,-1.0
-0.7495084404945374,-0.6755722761154175,-0.7558793425559998,-1.0
-0.7318018078804016,-0.7439001202583313,-0.7610474228858948,-0.6020599913279624
-0.5581139326095581,-0.6364176869392395,-0.5738869309425354,-0.6989700043360187
-0.669575035572052,-0.58061683177948,-0.6102040410041809,-0.6989700043360187
-0.5514127612113953,-0.6554893851280212,-0.6154267191886902,-0.2924298239020636
-0.4573231637477875,-0.4637962877750397,-0.5042815208435059,-0.431798275933005
-0.4345806837081909,-0.42261117696762085,-0.4924974739551544,-0.5086383061657274
-0.5071908831596375,-0.4721042215824127,-0.48521411418914795,-0.14874165128092473
-0.368879109621048,-0.36490926146507263,-0.3884349465370178,-0.6020599913279624
-0.3479876220226288,-0.38157790899276733,-0.31532421708106995,-0.6989700043360187
-0.3645155131816864,-0.36776071786880493,-0.4425562918186188,-0.1549019599857432
-0.2729604244232178,-0.289274126291275,-0.22461482882499695,-0.3979400086720376
-0.2515559494495392,-0.22291870415210724,-0.2666710913181305,-0.6575773191777937
-0.2782864272594452,-0.2768101692199707,-0.2581891417503357,0.0
-0.2141975462436676,-0.22007180750370026,-0.20677988231182098,-0.2924298239020636
-0.15239498019218445,-0.060339175164699554,-0.2782857418060303,-0.5228787452803376
-0.2370840609073639,-0.1688736230134964,-0.23510564863681793,0.17609125905568124
-0.5344575047492981,-0.45427796244621277,-0.5117895603179932,-0.5528419686577808
-0.4515256881713867,-0.5458047986030579,-0.50367671251297,-0.6989700043360187
-0.5581547617912292,-0.5626484751701355,-0.501809298992157,-0.16115090926274472
-0.7554671168327332,-0.8008270263671875,-0.7783523201942444,-0.9208187539523752
-0.8371154069900513,-0.7588464021682739,-0.8056259155273438,-1.0
-0.8747244477272034,-0.8243726491928101,-0.882250964641571,-0.619788758288394
-0.7197930216789246,-0.6566535234451294,-0.6800640821456909,-0.8860566476931632
-0.7128515243530273,-0.6821130514144897,-0.6179850101470947,-0.958607314841775
-0.7676070928573608,-0.6767889857292175,-0.6733089089393616,-0.2924298239020636
-0.536769688129425,-0.5273329615592957,-0.458182692527771,-0.6020599913279624
-0.5910513997077942,-0.6162274479866028,-0.4871097505092621,-0.6777807052660807
-0.4970204532146454,-0.6251589059829712,-0.6056402921676636,-0.09691001300805639
-0.4274773597717285,-0.5071139931678772,-0.40835753083229065,-0.5228787452803376
-0.42581111192703247,-0.38356757164001465,-0.425403356552124,-0.6989700043360187
-0.47732725739479065,-0.46394073963165283,-0.45765629410743713,-0.1549019599857432
-0.38082537055015564,-0.2792147994041443,-0.3915369510650635,-0.3010299956639812
-0.31322935223579407,-0.305847704410553,-0.4399605989456177,-0.744727494896694
-0.3492899239063263,-0.3880441188812256,-0.3226388394832611,0.0
-0.2386380136013031,-0.18351031839847565,-0.24774083495140076,-0.6989700043360187
-0.25610771775245667,-0.31911560893058777,-0.26611441373825073,-0.2839966563652008
-0.2685927152633667,-0.3473803699016571,-0.2782192826271057,0.17609125905568124
-0.643735945224762,-0.6719745993614197,-0.6098579168319702,-0.5528419686577808
-0.5865197777748108,-0.7066183686256409,-0.5817866325378418,0.03342375548694973
-0.3575918674468994,-0.4473031163215637,-0.35985076427459717,-0.022276394711152253
-0.15346147119998932,-0.22746582329273224,-0.12335416674613953,0.6503075231319364
-0.15998920798301697,-0.14173899590969086,-0.17813971638679504,0.7558748556724915
-0.5076260566711426,-0.5019407272338867,-0.5221837162971497,-0.7695510786217261
-0.40287771821022034,-0.5084686279296875,-0.47003594040870667,-0.6989700043360187
-0.39514896273612976,-0.391550213098526,-0.3469978868961334,-0.6575773191777937
-0.45415225625038147,-0.4381064176559448,-0.4562375545501709,-0.5528419686577808
-0.26414111256599426,-0.38847219944000244,-0.3082456588745117,-0.494850021680094
-0.33083322644233704,-0.3189411461353302,-0.3869187533855438,-0.44369749923271273
-0.37205734848976135,-0.36210525035858154,-0.4007509648799896,-0.42021640338318983
-0.3667357265949249,-0.3473251163959503,-0.39970627427101135,-0.4559319556497244
-0.3889293968677521,-0.21097268164157867,-0.26925188302993774,-0.3467874862246563
-0.3991135358810425,-0.46855300664901733,-0.4826434552669525,-0.6989700043360187
-0.45420947670936584,-0.5414280295372009,-0.532163143157959,-0.9208187539523752
-0.6145500540733337,-0.5872020721435547,-0.5912692546844482,-1.0
-1.0523278713226318,-0.898118257522583,-0.9362692832946777,-0.5376020021010439
-0.5626736283302307,-0.547386646270752,-0.6057009696960449,-0.472653707396684
-0.5825783014297485,-0.6888590455055237,-0.6214718818664551,-1.3010299956639813
-0.8266872763633728,-0.6522170305252075,-0.5331993103027344,-1.0
-0.5854199528694153,-0.7043035626411438,-0.681681215763092,-0.8239087409443188
-0.7833002209663391,-0.7330614328384399,-0.7583115696907043,-0.6020599913279624
-0.7074488997459412,-0.7108797430992126,-0.7859020829200745,-0.494850021680094
-0.8346037268638611,-0.6646832227706909,-0.6846733689308167,-0.4814860601221125
-0.7100849151611328,-0.8148215413093567,-0.7549435496330261,-0.49907776080969946
-0.6715596914291382,-0.764290988445282,-0.5230522751808167,-1.2596373105057561
-0.7064539194107056,-0.6717047691345215,-0.6186131834983826,-0.9208187539523752
-0.6816881895065308,-0.7124197483062744,-0.7065515518188477,-0.6777807052660807
-0.6681774854660034,-0.7443468570709229,-0.6255042552947998,-0.7958800173440752
-0.7762888669967651,-0.8133406043052673,-0.8585341572761536,-0.8124792791635369
-0.8853861689567566,-0.9503005743026733,-0.9582720994949341,-0.9172146296835499
-1.106299638748169,-0.9256601929664612,-1.0718321800231934,-0.9706162223147904
-0.836514949798584,-0.8453807830810547,-0.9079622626304626,-1.4814860601221125
-0.3605157732963562,-0.42696085572242737,-0.2760695219039917,-0.6989700043360187
-0.4084324240684509,-0.39831268787384033,-0.4578807055950165,-0.6020599913279624
-0.39534997940063477,-0.4072824716567993,-0.43728935718536377,-0.4559319556497244
-0.3836461305618286,-0.44123348593711853,-0.4003925025463104,-0.3467874862246563
-0.33697590231895447,-0.4095954895019531,-0.3377437889575958,-0.3979400086720376
-0.4129857122898102,-0.40533167123794556,-0.4276314675807953,-0.11918640771920865
-0.4072510004043579,-0.334385484457016,-0.3663841784000397,-0.6777807052660807
-0.34696733951568604,-0.4522691071033478,-0.3166356384754181,-0.05551732784983137
-0.4499613344669342,-0.3853147625923157,-0.3400726914405823,-0.42021640338318983
-0.3926180303096771,-0.4145130515098572,-0.3252699077129364,-0.5228787452803376
-0.37369343638420105,-0.39215633273124695,-0.3098127841949463,-0.2076083105017461
-0.3631287217140198,-0.35979241132736206,-0.3820436894893646,-0.3010299956639812
-0.3746889531612396,-0.3649132549762726,-0.4211883842945099,-0.22184874961635637
-0.3352867066860199,-0.35997244715690613,-0.3980194330215454,-0.16115090926274472
-0.40095341205596924,-0.38609614968299866,-0.2985196113586426,-0.4559319556497244
-1.2755531072616577,-1.2986855506896973,-1.2844815254211426,-1.6968039425795112
-1.241097092628479,-1.3888981342315674,-1.4575552940368652,-1.239577516576788
-1.150115966796875,-1.1772223711013794,-1.2479057312011719,-1.3133637307377066
-1.329954981803894,-1.3325966596603394,-1.2187836170196533,-1.2062096153091812
-1.2977055311203003,-1.313233733177185,-1.2641208171844482,-1.0777937225609837
-1.2569293975830078,-1.328395962715149,-1.2158622741699219,-1.0963674839157624
-1.3019957542419434,-1.3171662092208862,-1.364200472831726,-1.337242168318426
-1.1449304819107056,-1.1572842597961426,-1.1429164409637451,-1.0726296369609765
-1.1540590524673462,-1.0207123756408691,-1.1974457502365112,-1.2247537402597635
-0.9088556170463562,-0.8494325280189514,-0.8852542638778687,-1.2388241868442686
-1.0507280826568604,-0.8074758648872375,-0.9698546528816223,-0.870954940112042
-1.4165875911712646,-1.4997354745864868,-1.5033855438232422,-1.489454989793388
-0.5757939219474792,-0.11161021143198013,-0.023478243499994278,0.8482507146770425
-0.5785909295082092,0.0008549572667106986,-0.17681019008159637,0.5928426831311002
-0.6930258274078369,-0.16003675758838654,-0.1087251678109169,0.292256071356476
-0.4089902341365814,-0.21262769401073456,-0.5466840863227844,-0.585026652029182
-0.9054383039474487,-0.36039838194847107,-0.2520473003387451,-0.24488773360492885
-0.25960278511047363,-0.3460274934768677,-0.29642966389656067,-0.204815410317576
-0.40109628438949585,-0.382861852645874,-0.42859089374542236,-0.31984585826562695
-0.36146116256713867,-0.3408615291118622,-0.25168028473854065,-0.431798275933005
-0.307620644569397,-0.43250009417533875,-0.3857918083667755,-0.3949105381184196
-0.27708372473716736,-0.2993914484977722,-0.2049671709537506,-0.5014137911824823
-0.18784554302692413,-0.08225228637456894,-0.21544663608074188,-0.5686362358410126
-0.358619749546051,-0.3318991959095001,-0.2274562567472458,-0.3219370950256548
-0.5403279662132263,-0.4485033452510834,-0.4494163691997528,-0.5554867936659571
-0.0706084668636322,-0.0540337935090065,-0.08332138508558273,-0.10237290870955855
-0.0926297977566719,-0.07445826381444931,-0.0420784056186676,-0.10237290870955855
-0.17725926637649536,-0.12028094381093979,-0.103830486536026,-0.09691001300805639
-0.09550981968641281,-0.13980339467525482,-0.15612229704856873,-0.10237290870955855
-0.28588736057281494,-0.2803862988948822,-0.25977134704589844,-0.22184874961635637
-0.9889423847198486,-1.0045632123947144,-0.8323737978935242,-1.5003129173815961
-1.0629674196243286,-0.8274235725402832,-1.0875099897384644,-1.0
-0.3826662302017212,-0.4030526280403137,-0.4215852618217468,-0.11918640771920865
-0.9883953332901001,-0.8752346634864807,-1.0875530242919922,-0.3214816209598861
-0.8549329042434692,-0.9268372058868408,-1.018357276916504,-0.3142582613977364
-1.0883184671401978,-0.9436536431312561,-1.014674186706543,-0.5883802940367698
-1.0522111654281616,-1.0196342468261719,-0.9566260576248169,-1.1611509092627446
-1.282767415046692,-1.2269096374511719,-1.2265267372131348,-1.6575773191777938
-0.4928731322288513,-0.4138029217720032,-0.42705586552619934,-0.5528419686577808
-0.9565384387969971,-0.6324440836906433,-0.48478198051452637,-1.0145735259169983
0.15821412205696106,0.2490212768316269,-0.2873782217502594,-0.3053948010664313
-0.963819682598114,-0.5889850854873657,-0.40202030539512634,-1.2510371387438386
-0.4555777609348297,0.31273043155670166,-0.3888816833496094,-0.026595025589939317
-0.5894568562507629,-0.7322400808334351,-0.49385887384414673,-1.5171264163912463
-0.5862057209014893,-0.16231296956539154,-0.0624362975358963,0.33809775370653894
-0.5853188633918762,-0.7359166741371155,-0.7936721444129944,-1.5331323796458904
-0.6557469367980957,0.028954017907381058,-0.6023015975952148,0.539740838574004
-0.8013941049575806,-1.0837982892990112,-1.412390112876892,-1.5243288116755704
-1.0192900896072388,-0.49322277307510376,-0.7602887153625488,0.8960464650403244
-1.3635977506637573,-1.4989093542099,-1.5996466875076294,-0.7495799976911061
-0.5799697637557983,-0.5369705557823181,-0.6078135967254639,-0.7453673439996291
-0.5958151817321777,-0.5955931544303894,-0.5112711191177368,-0.6614140342225182
-0.5818949341773987,-0.6243988871574402,-0.6621060967445374,-0.32546401318612034
-0.5369399785995483,-0.5465233325958252,-0.6422739028930664,-0.4888067129869551
-0.6359474658966064,-0.6187602877616882,-0.6635900735855103,-0.8572320991525307
-0.7561407089233398,-0.6254234910011292,-0.6670148968696594,-0.36340880800663117
-0.6268305778503418,-0.6527419686317444,-0.5426621437072754,-0.7930905100987986
-0.6500160694122314,-0.5966563820838928,-0.5638087391853333,-0.5133995206937987
-0.6637700200080872,-0.6789993047714233,-0.6965720653533936,-0.4374537718612325
-0.675832986831665,-0.5959458947181702,-0.6957103610038757,-0.5482872319781882
-0.6666384339332581,-0.6112154722213745,-0.6702858209609985,-0.9544579729417159
-0.5977379083633423,-0.6662912964820862,-0.6832323670387268,-0.8963878212059435
-0.7135744094848633,-0.7158552408218384,-0.7061598300933838,-0.6240000523718865
-0.6731846928596497,-0.7426990270614624,-0.6629643440246582,-0.6030460898718408
-0.7402327060699463,-0.6918659210205078,-0.7231712341308594,-0.9900904051928974
-0.7375805974006653,-0.6850534677505493,-0.6972693800926208,-1.0491096362935557
-1.02194344997406,-0.8807342052459717,-0.8154851198196411,-1.1480265719327492
-0.8981456756591797,-0.8582051992416382,-0.9066526889801025,-1.2143143317190987
-1.0767103433609009,-0.939477801322937,-0.9611527323722839,-0.9521607219524473
-1.060031771659851,-0.9488011598587036,-0.8749343752861023,-1.2268574313145115
-1.1319025754928589,-1.058141827583313,-1.0832233428955078,-1.1999706407558657
-1.6645363569259644,-1.7532944679260254,-1.7013989686965942,-1.8664610916297826
-1.5496985912322998,-1.4726037979125977,-1.5018683671951294,-1.563837352959244
-0.8658922910690308,-0.8499156832695007,-0.8542775511741638,-0.935916564036404
-1.225846767425537,-1.27720308303833,-1.2574520111083984,-1.4067139329795428
-1.347130298614502,-1.4847866296768188,-1.3666176795959473,-1.5917600346881504
-0.7657548189163208,-0.7366686463356018,-0.8247422575950623,-0.661145253747677
-1.4352738857269287,-1.418013095855713,-1.326830506324768,-1.2636034977233574
-1.1074811220169067,-1.1477402448654175,-1.1007976531982422,-1.1555228242543185
0.5885324478149414,0.6682484149932861,0.48601117730140686,-0.2924298239020636
-0.5056180357933044,-0.4099014401435852,-0.414190411567688,-0.687727413983718
-0.4763590395450592,-0.4725481867790222,-0.4682237505912781,-0.4424506940221613
-0.5317562818527222,-0.5012221932411194,-0.5054061412811279,-0.7172397141989045
-0.5109896063804626,-0.558718740940094,-0.5283869504928589,-0.4677936106549203
-0.6397760510444641,-0.6571542024612427,-0.6255966424942017,-0.7846162676991075
-0.6717408299446106,-0.6668879389762878,-0.6285813450813293,-0.534777807730267
-0.5466263294219971,-0.5350184440612793,-0.5402888059616089,-0.5738418480741471
-0.537719190120697,-0.6135848760604858,-0.6516512036323547,-0.4324184685174818
-0.40290552377700806,-0.36581841111183167,-0.4046098589897156,-0.46141244338273957
-0.4754560589790344,-0.4614962935447693,-0.3796338737010956,-0.28918814997674686
-0.6057242155075073,-0.6668671369552612,-0.696348249912262,-0.8266738471710442
-0.7162256836891174,-0.7618655562400818,-0.6815904378890991,-0.7010203637415846
-0.6059823632240295,-0.5970667004585266,-0.5407245755195618,-0.6403864628098056
-0.5799713730812073,-0.6064888834953308,-0.6025461554527283,-0.558540531082206
-0.5139120817184448,-0.5307053923606873,-0.4403480291366577,-0.5073597218749326
-0.4591885507106781,-0.5408219695091248,-0.45930927991867065,-0.39403377797205474
-0.7329862117767334,-0.7698018550872803,-0.7862823605537415,-0.9757894452265757
-0.826286256313324,-0.833574652671814,-0.8137088418006897,-0.8450984743089558
-0.6008334755897522,-0.8359060287475586,-0.7370182275772095,-0.7476349144869489
-0.735258162021637,-0.793476402759552,-0.7402302026748657,-0.6353758467270006
-0.48839133977890015,-0.6193972229957581,-0.6096662878990173,-0.6265270889921077
-0.6121023297309875,-0.6722283363342285,-0.5554804801940918,-0.4777501339389004
-0.4434986114501953,-0.44340047240257263,-0.3767928183078766,-0.6307841425898572
-0.5095314383506775,-0.4984171688556671,-0.45216166973114014,-0.8041003475907662
-0.7312117218971252,-0.746053159236908,-0.7408807873725891,-0.46852108295774486
-0.9150867462158203,-1.1733601093292236,-0.9972048997879028,-1.6197887582883939
-0.4923262298107147,-0.5053526163101196,-0.48429739475250244,-0.6575773191777937
-0.6313976645469666,-0.6678407788276672,-0.5738500952720642,-0.7958800173440752
-0.44013673067092896,-0.6746603846549988,-0.6341875195503235,-0.7695510786217261
-0.6928036212921143,-0.5046485662460327,-0.6912208795547485,-0.6575773191777937
-0.6769539713859558,-0.6063395142555237,-0.6836127638816833,-0.8239087409443188
-0.5432329773902893,-0.6218789219856262,-0.6224451065063477,-0.7958800173440752
-0.6766021847724915,-0.7887895703315735,-0.7419227957725525,-0.6777807052660807
-0.8060200810432434,-0.7947399020195007,-0.8416488766670227,-0.9208187539523752
-0.7033638954162598,-0.8873915076255798,-0.8711348176002502,-0.8860566476931632
-0.9155309200286865,-0.9213067889213562,-0.8719674348831177,-0.6777807052660807
-0.9810811877250671,-0.9327432513237,-0.8971580266952515,-0.8538719643217619
-0.948318600654602,-0.8908593654632568,-1.02182936668396,-0.8538719643217619
-0.18354159593582153,-0.1404644101858139,-0.20238138735294342,0.29426777217945776
-0.03676147013902664,-0.07503406703472137,-0.022469261661171913,0.33415205299228645
-0.06500568985939026,-0.03146357461810112,-0.06303959339857101,0.3313057985532691
-0.0321866050362587,-0.08587154000997543,-0.07753302156925201,0.3523176109368268
0.1036229357123375,0.0183433685451746,-0.0027623078785836697,0.5129110878474195
-0.19616134464740753,-0.18986402451992035,-0.32067278027534485,0.24368280735719336
-0.0536903440952301,-0.05424544960260391,-0.0666726604104042,0.24762962067911384
-0.08075351268053055,-0.062215086072683334,-0.1261766105890274,0.2968844755385471
-0.07903338223695755,-0.056094225496053696,-0.08045434206724167,0.28284860283464475
-0.0047933743335306644,0.042937733232975006,0.09202781319618225,0.4756276114410809
-0.24483370780944824,-0.18007086217403412,-0.21567319333553314,0.15624619039734447
-0.10486502200365067,-0.0703858882188797,-0.10898610949516296,0.19542914245706253
-0.041024334728717804,-0.1327313929796219,-0.07259324193000793,0.19434780728009307
-0.08519825339317322,-0.09841515123844147,-0.0638793483376503,0.2664668954402414
0.049674004316329956,0.0782792791724205,-0.03658135235309601,0.38797679499043713
-0.23752781748771667,-0.2276494950056076,-0.17226991057395935,0.04261488458852481
-0.04269227385520935,-0.06716959923505783,-0.026355121284723282,-0.029049065654575875
-0.0793328657746315,-0.11859847605228424,-0.13096971809864044,0.08972853307473597
-0.10770538449287415,-0.11647265404462814,-0.09961719810962677,0.08678679562662422
0.07667601853609085,-0.027741393074393272,0.018508879467844963,0.22541267286595434
-0.2432655245065689,-0.28608769178390503,-0.3422016203403473,-0.09468993788391449
-0.07868003100156784,-0.15045589208602905,-0.12318260967731476,-0.17672144304832926
-0.078087218105793,-0.19858862459659576,-0.11486150324344635,-0.08139308485501809
-0.11513755470514297,-0.11290057003498077,-0.11663626879453659,-0.03198428600635821
0.08843130618333817,-0.04138793796300888,-0.05771400034427643,0.030275802889287887
-0.2668541967868805,-0.31693971157073975,-0.31979355216026306,-0.4682656907234498
-0.18665841221809387,-0.19535960257053375,-0.16516974568367004,-0.5139948136377577
-0.16862228512763977,-0.2224573940038681,-0.18134966492652893,-0.4495270428934366
-0.11787586659193039,-0.19327712059020996,-0.21005812287330627,-0.39913596369016047
-0.09670135378837585,-0.07540629059076309,-0.04743901267647743,-0.30557030904291693
-1.044928789138794,-0.9677121043205261,-0.9967015981674194,-1.1739251972991736
-1.144731879234314,-1.0862241983413696,-1.0732531547546387,-1.2518119729937995
-1.1678411960601807,-1.1146831512451172,-1.145146369934082,-1.337242168318426
-1.2815639972686768,-1.1644566059112549,-1.162089228630066,-1.4202164033831899
-1.3693495988845825,-1.3888682126998901,-1.3324695825576782,-1.6020599913279623
-0.39143213629722595,-0.29146093130111694,-0.4849238395690918,0.1408155855660258
-0.37542203068733215,-0.3708933889865875,-0.5383542776107788,-0.004644774290455358
-0.4087945222854614,-0.3998557925224304,-0.5260456800460815,-0.17378715248775295
-0.8524520397186279,-0.8097808361053467,-0.827677845954895,-1.744727494896694
-0.7747349739074707,-0.8962090611457825,-0.7939728498458862,-1.5228787452803376
-0.767879068851471,-0.620291531085968,-0.9154124855995178,-1.1674910872937636
-0.733708381652832,-0.5659466981887817,-0.48687827587127686,-0.889410289700751
-0.5774990916252136,-0.4289044141769409,-0.5926925539970398,-0.38206284568617044
-0.4489048421382904,-0.35102829337120056,-0.5631946325302124,-0.679853713888946
-0.43955859541893005,-0.24799053370952606,-0.46620818972587585,-0.4571745730408201
-0.9252463579177856,-0.702121913433075,-0.8174313902854919,-0.5107293465282002
-0.016956958919763565,-0.03755023330450058,-0.07329314202070236,0.06069784035361165
-0.09369084239006042,-0.0905839055776596,-0.10401266068220139,0.021189299069938092
-0.10609576106071472,-0.10417185723781586,-0.03279237076640129,-0.031517051446064856
-0.04630265384912491,-0.09055476635694504,-0.103392593562603,-0.060480747381381476
-0.11410433799028397,-0.11507241427898407,-0.11091311275959015,-0.09151498112135022
-0.915803849697113,-0.9573625922203064,-0.9560540318489075,-0.6671577330056484
-0.9455002546310425,-0.8920763731002808,-0.9888436794281006,-0.7775436633207533
-1.0286128520965576,-1.0664141178131104,-0.9753247499465942,-0.9669785553170893
-1.2293446063995361,-1.233811616897583,-1.2525492906570435,-1.1360826230421395
-1.1808478832244873,-1.1148542165756226,-1.0945186614990234,-0.9649707177976319
-1.1033785343170166,-1.1568090915679932,-1.105690598487854,-0.8948305720006683
-1.103130578994751,-1.124987244606018,-1.0414607524871826,-0.7801536139756393
-1.4868156909942627,-1.4672974348068237,-1.4431794881820679,-1.3316140833099999
-0.7991655468940735,-0.6642221212387085,-0.6651127934455872,-0.9625735020593764
-0.64586341381073,-0.6642252206802368,-0.6710536479949951,-1.0409586076789064
-0.8062935471534729,-0.8062525987625122,-0.8541162014007568,-0.8794260687941502
-0.7501214742660522,-0.7805700898170471,-0.707777202129364,-1.1079053973095196
-0.8393981456756592,-1.0282729864120483,-0.8618874549865723,-0.9507819773298184
-0.7788407206535339,-0.9016232490539551,-0.8262526988983154,0.021142144537753402
-0.8736957907676697,-0.9032606482505798,-0.9483169317245483,-1.0222763947111522
-0.9739622473716736,-0.7796401977539062,-0.8716416954994202,-1.2839966563652008
-0.9040693640708923,-0.9381114840507507,-0.928162693977356,0.012682453368195807
-0.9422414898872375,-0.9521414637565613,-0.9701758027076721,-1.408935392973501
-0.7630864977836609,-0.6145714521408081,-0.6739092469215393,-0.889410289700751
-0.6511411666870117,-0.6361844539642334,-0.7764891982078552,-0.958607314841775
-0.7322100400924683,-0.7741926908493042,-0.7613242268562317,-0.8297382846050426
-0.7200803756713867,-0.6846235990524292,-0.7024633288383484,-1.0362121726544447
-0.799647867679596,-0.8357563018798828,-0.8163638710975647,-0.9030899869919435
-0.8814164996147156,-0.904000997543335,-0.9171614646911621,-0.9430951486635274
-0.7384106516838074,-0.8791071772575378,-0.8217969536781311,0.029694572594448118
-0.8030462265014648,-1.004643201828003,-0.9780516028404236,-1.0969100130080565
-0.9403365254402161,-0.9581536650657654,-0.9345950484275818,0.01871297821343185
-0.9421284794807434,-0.9401593804359436,-1.0496364831924438,-1.2596373105057561
-0.6194968819618225,-0.6885392069816589,-0.6409552693367004,-0.8356471442155629
-0.6292117834091187,-0.531408965587616,-0.6305257081985474,-0.8927900303521317
-0.7410955429077148,-0.7619906067848206,-0.7494092583656311,-0.7798919119599449
-0.7769437432289124,-0.8179706335067749,-0.7371922731399536,0.042497151244295546
-0.7946621775627136,-0.7953267097473145,-0.804767906665802,-0.8507808873446201
-0.7861970663070679,-0.8686683177947998,-0.8150600790977478,-0.8827287043442358
-0.6529709696769714,-0.6626828908920288,-0.652860164642334,0.03510139153546975
-0.8249215483665466,-0.8454266786575317,-0.7837900519371033,-0.9913998282380825
-0.8034812211990356,-0.8114805817604065,-0.7739738821983337,0.02916413961809315
-0.8885440826416016,-0.8461083769798279,-0.8623263239860535,-1.0506099933550872
-0.5197070837020874,-0.46600306034088135,-0.4712061285972595,-0.8096683018297085
-0.4863556921482086,-0.5287544131278992,-0.5816012024879456,-0.8569851997459049
-0.6257951855659485,-0.6238175630569458,-0.6631062030792236,-0.7495799976911061
-0.5945547819137573,-0.563358724117279,-0.5944539904594421,0.0478886777182788
-0.6379119753837585,-0.6825312972068787,-0.5999646782875061,-0.7772835288524167
-0.7488470673561096,-0.6624441146850586,-0.7619314193725586,-0.8153085691824012
-0.588005781173706,-0.580754816532135,-0.6573420763015747,0.03977647495960224
-0.7035854458808899,-0.7459564805030823,-0.7453335523605347,-0.9318141382538383
-0.7291316986083984,-0.6991032361984253,-0.7079083919525146,0.03342375548694973
-0.8041031956672668,-0.8344876170158386,-0.774526834487915,-0.9871627752948278
-0.45364615321159363,-0.46618008613586426,-0.4620048701763153,-0.5670307091255943
-0.6155818700790405,-0.6400645971298218,-0.7157806754112244,-0.5151309672795976
-0.31047138571739197,-0.32043489813804626,-0.3857569396495819,-0.2977418368379057
-0.4305325448513031,-0.48996248841285706,-0.4560061991214752,-0.4103854593687336
-0.7510932087898254,-0.691194474697113,-0.7256194949150085,-0.8063189704587185
-0.5535954833030701,-0.4982184171676636,-0.5056186318397522,-0.43806423668621863
-0.4015534520149231,-0.39375945925712585,-0.46879491209983826,-0.31184724440843364
-0.8230973482131958,-0.8631994128227234,-0.7601284384727478,-0.870310107800699
-0.7161566615104675,-0.7004743814468384,-0.7145258784294128,-0.6831912479469778
-0.5123345255851746,-0.5380133390426636,-0.5513905882835388,-0.445389714773836
-0.6103549003601074,-0.6670874357223511,-0.6397150754928589,-0.5895602137896534
-0.3055259883403778,-0.3497638404369354,-0.4148235321044922,-0.3810110796350664
-0.7615839838981628,-0.901029646396637,-0.7194650769233704,-0.8804142250382161
-0.7057247161865234,-0.6646355986595154,-0.7348766922950745,-0.6613443344212997
-0.2988455295562744,-0.3938513994216919,-0.3352326452732086,-0.349401101827343
-0.43217039108276367,-0.48912081122398376,-0.5195989608764648,-0.4628107737563554
-0.6636738777160645,-0.6101257801055908,-0.6866512894630432,-0.9329291439546299
-0.7204331755638123,-0.7566787004470825,-0.6957427263259888,-0.7160207157615202
-0.5456531047821045,-0.5662574768066406,-0.5246714949607849,-0.5249101966109935
-0.43688711524009705,-0.5473771095275879,-0.4975599944591522,-0.38142897187987024
-1.0251545906066895,-0.7125282883644104,-0.7329666614532471,-0.9310723883179282
-0.508333146572113,-0.5733790993690491,-0.5274243354797363,-0.6029294500405913
-0.45272374153137207,-0.501964807510376,-0.5306063890457153,-0.40538649083990197
-0.876645028591156,-0.8116622567176819,-0.8861802220344543,-0.9366666410482505
-0.822391927242279,-0.6604635119438171,-0.5689967274665833,-0.6895191085373249
-0.5955643653869629,-0.5979966521263123,-0.5612401962280273,-0.6219656775426685
-0.7833295464515686,-0.7176355123519897,-0.684933602809906,-0.732593581247096
-0.5405095219612122,-0.5237669348716736,-0.6647413372993469,-0.4438181533470888
-0.8938351273536682,-0.8379681706428528,-0.8258820176124573,-1.2006594505464183
-0.8004336357116699,-0.8209558725357056,-0.6621708869934082,-0.8965383779052951
-0.5704119205474854,-0.6180084943771362,-0.6211487650871277,-0.7368375350377834
-0.536533534526825,-0.5345637202262878,-0.3565714657306671,-0.4854522473397139
-0.6332929730415344,-0.6553747057914734,-0.6148425936698914,-0.9738754832545498
-0.5226660966873169,-0.5283339619636536,-0.26551735401153564,-0.505149978319906
-0.6528691053390503,-0.6748667359352112,-0.7891286015510559,-1.2724587429714436
-0.6339724063873291,-0.4964492619037628,-0.6268927454948425,-0.7354182707619226
-0.5725537538528442,-0.5863751769065857,-0.4651886224746704,-0.8359447081065484
-0.3230280876159668,-0.34430384635925293,-0.2855091691017151,-0.10962202152364997
-0.26706916093826294,-0.258857786655426,-0.3563862144947052,-0.23028157653022965
-0.3206775486469269,-0.33278730511665344,-0.35434460639953613,-0.3696504474354256
-0.4131501019001007,-0.44439828395843506,-0.3679214417934418,-0.5399113897085028
-0.43603065609931946,-0.5551005005836487,-0.5419697165489197,-0.6515452046511886
-0.7136776447296143,-0.6644868850708008,-0.7206001281738281,-1.031517051446065
-0.42009472846984863,-0.4384993314743042,-0.17640474438667297,-0.5169835798558678
-0.6619014739990234,-0.618353009223938,-0.6604025363922119,-0.1966111750163865
-0.30872678756713867,-0.05228232964873314,-0.15822437405586243,-0.08118360963962049
-0.39196962118148804,-0.3796568214893341,-0.20139852166175842,-0.444421927227045
0.23094096779823303,0.2482922524213791,0.2572508752346039,0.18315591543401297
0.18800917267799377,0.2314082533121109,0.24571289122104645,0.23585656875297398
0.42242997884750366,0.4271576404571533,0.4406958222389221,0.4241790135787822
0.47863346338272095,0.4099586009979248,0.4623011648654938,0.3907585287387172
0.6219786405563354,0.6152001619338989,0.6072818636894226,0.594878511394642
0.7602232098579407,0.7517590522766113,0.7195179462432861,0.7211756032766088
0.6597102880477905,0.6446462869644165,0.6060771942138672,0.6056066844300941
0.6798697710037231,0.6646724939346313,0.7221716642379761,0.7745753543387348
0.6554074883460999,0.720409631729126,0.7012845873832703,0.6695121296915462
0.7055193185806274,0.7069239616394043,0.6731226444244385,0.6961116468379268
-0.24357393383979797,-0.14701507985591888,-0.40273910760879517,0.414973347970818
0.36065584421157837,0.3462599515914917,0.3523935377597809,0.2787536009528289
-0.25002339482307434,-0.17356683313846588,-0.19415858387947083,-0.7925460651913082
-0.28458547592163086,-0.29676342010498047,-0.28394946455955505,-0.7457130130653591
-0.15588605403900146,-0.2187109738588333,-0.1705314666032791,-0.5471819983917817
-0.05060417205095291,-0.09795462340116501,-0.006608457304537296,-0.41144259336372124
-1.3563168048858643,-1.3320013284683228,-1.336823582649231,-1.3045183235098026
-1.2865632772445679,-1.2294186353683472,-1.2341625690460205,-1.158015195409886
-1.0872600078582764,-1.0962398052215576,-1.1711349487304688,-0.9698052146432488
-1.044219732284546,-0.9959117770195007,-0.9187641739845276,-0.7624562618571256
-0.544897735118866,-0.5055003762245178,-0.5321574807167053,-0.2847489711211507
-0.5270306468009949,-0.4995275139808655,-0.575976550579071,-0.3617104645857431
-0.5810458660125732,-0.5699406266212463,-0.5789893865585327,-0.4381833356810425
-0.55490642786026,-0.563215970993042,-0.6411297917366028,-0.5269511949114623
-0.6404170989990234,-0.5519394278526306,-0.5809096693992615,-0.6080069277402871
-0.5309144854545593,-0.6841843128204346,-0.5949159860610962,-0.6983190507064237
-0.6018528938293457,-0.6539278626441956,-0.6651649475097656,-0.7969671129852893
-0.6798274517059326,-0.6853498220443726,-0.7357062101364136,-0.8764750190572681
-0.8677470088005066,-0.8089718818664551,-0.7606793642044067,-0.9913998282380825
-0.8461816310882568,-0.9589086771011353,-0.9336984753608704,-1.056011124926228
-0.9110307693481445,-0.9408062100410461,-0.7787378430366516,-1.0920514783877278
-1.0026235580444336,-1.038946509361267,-1.1853162050247192,-0.8781120148963188
-0.9732076525688171,-1.1605721712112427,-1.2675691843032837,-0.585026652029182
-1.154349446296692,-1.0201714038848877,-0.9561694264411926,-0.4089353929735008
-1.0130821466445923,-1.0931248664855957,-1.1921137571334839,-0.061480274823508096
-0.9608743190765381,-0.9482959508895874,-0.8812057375907898,-0.021363051615525673
-0.9411008358001709,-1.0478463172912598,-1.054754376411438,0.0
0.3134729266166687,0.33739376068115234,0.3642430901527405,0.004321373782642578
0.20983430743217468,0.22100406885147095,0.12218876928091049,0.22788670461367355
-0.0006274942425079644,0.049139026552438736,0.169027179479599,0.07188200730612536
0.013472523540258408,0.07733844220638275,0.007960882969200611,0.0
-0.0028818014543503523,0.023064082488417625,0.08096502721309662,-0.00877392430750515
0.10875839740037918,-0.008771832101047039,0.13236437737941742,-0.022276394711152253
0.03371443971991539,-0.04997448995709419,0.1409321278333664,-0.060480747381381476
0.03779038414359093,0.007886516861617565,0.05008634924888611,-0.09151498112135022
-0.8772075772285461,-0.8470219969749451,-0.9230082631111145,-0.5482135644757098
-0.683053195476532,-0.7052479386329651,-0.7543235421180725,-0.5058454059815571
-0.7189218997955322,-0.7144169211387634,-0.6763931512832642,-0.5272435506827877
-0.6516903042793274,-0.6124781370162964,-0.620648205280304,-0.6143937264016879
-0.7947207689285278,-0.7517859935760498,-0.7329431176185608,-0.6307841425898572
-0.8293551802635193,-0.7137668132781982,-0.687853991985321,-0.6420651529995461
-0.7563325762748718,-0.785647451877594,-0.8244813084602356,-0.6556077263148893
-0.46782293915748596,-0.3187556862831116,-0.4761466085910797,-0.5331323796458906
-1.5087664127349854,-1.5204492807388306,-1.4347425699234009,-1.5686362358410126
0.35710904002189636,0.37436023354530334,0.4672509431838989,0.6142258599923229
0.49155372381210327,0.42439043521881104,0.4213009476661682,0.5026753343752224
0.24105361104011536,0.33948826789855957,0.3384235203266144,0.3979400086720376
-0.09816258400678635,-0.05736656114459038,-0.12887580692768097,-0.05270649061101971
0.19404569268226624,-0.0314100943505764,0.010548517107963562,0.012234275460939763
0.39646080136299133,0.3425675630569458,0.3072861433029175,0.0
0.038152389228343964,0.004145508166402578,0.02457551658153534,0.07918124604762482
0.2053505778312683,0.23170697689056396,0.2133902758359909,0.3979400086720376
0.13437166810035706,0.10737187415361404,0.21994736790657043,0.3010299956639812
0.16228491067886353,0.12534476816654205,0.23874536156654358,0.45895420227774913
-0.001378724118694663,-0.040698982775211334,0.08452046662569046,0.5563025007672873
0.30553290247917175,0.3068287670612335,0.3342270255088806,0.47712125471966244
0.4449051320552826,0.3768335282802582,0.4577057659626007,0.6232492903979004
0.12669149041175842,0.11296286433935165,0.10516133904457092,0.056481398322639535
-0.08848288655281067,0.03329979255795479,0.06489307433366776,-0.009759738585876107
0.03165825456380844,-0.09425131231546402,0.07208175212144852,-0.056615308200927285
-0.2003438025712967,-0.19251979887485504,-0.1269056648015976,-0.15039634191755286
-0.388872355222702,-0.4075332283973694,-0.4024144411087036,-0.4171880677667206
-0.39260411262512207,-0.35289353132247925,-0.33669641613960266,-0.19859834825520903
-0.5896365642547607,-0.5157734155654907,-0.49447736144065857,-0.6540952452175399
-0.040990062057971954,-0.08028222620487213,-0.13161197304725647,-0.21463955186702402
-0.005359504371881485,-0.03113081119954586,0.022631416097283363,-0.14232080958840296
-0.07046487927436829,0.03074292279779911,-0.042521387338638306,-0.11383088459996327
0.12359143048524857,0.13294576108455658,0.11267126351594925,0.07332896001958884
0.2825552821159363,0.3533230125904083,0.304416298866272,0.20087319676866625
0.4777718484401703,0.5349254012107849,0.49963822960853577,0.3443618130491732
-0.037821825593709946,-0.06549529731273651,0.07091756910085678,-0.12816796601886354
-0.11488568037748337,-0.19968460500240326,-0.1614733189344406,-0.19081481538992665
0.22346332669258118,0.14453083276748657,0.283753365278244,0.018284308426530838
-0.48368823528289795,-0.6535998582839966,-0.3386276364326477,-1.1018235165023234
-0.3149075210094452,-0.45755818486213684,-0.36097240447998047,-1.0655015487564323
-0.3928961455821991,-0.3480687439441681,-0.05514205992221832,-0.9408153823686288
-0.14834120869636536,-0.02009688690304756,0.09326539933681488,-0.8833922560117515
0.01168856117874384,0.040323738008737564,0.16569475829601288,-0.12436006299583162
-0.18498864769935608,-0.2557315230369568,-0.16956868767738342,-0.15304467498017607
0.05621263012290001,0.13034240901470184,0.04308559373021126,-0.16877030613293661
-0.14008620381355286,-0.0860491618514061,-0.11948811262845993,-0.21253952548158495
0.0020728616509586573,0.041497744619846344,-0.025668909773230553,-0.22257317761068865
-0.05325022712349892,-0.10327165573835373,-0.06525426357984543,0.09691001300805642
-0.03929242864251137,-0.16629517078399658,-0.005820724181830883,0.07918124604762482
-0.05871915444731712,0.07104380428791046,-0.001672479324042797,0.2671717284030138
0.045060835778713226,-0.020217038691043854,-0.060071200132369995,-0.09691001300805639
-0.15556034445762634,-0.12494169175624847,-0.1029329001903534,0.07918124604762482
-0.26201316714286804,-0.14293444156646729,-0.02683071233332157,0.4471580313422192
-0.16038233041763306,-0.17568857967853546,-0.12852634489536285,0.0
-0.26091328263282776,-0.30570411682128906,-0.2817729711532593,-0.2294462081232535
0.0005836721393279731,0.01110281702131033,-0.037298694252967834,0.146128035678238
0.033635906875133514,-0.08806891739368439,0.037740036845207214,-0.1870866433571444
-0.28446251153945923,-0.1364845484495163,-0.3085615634918213,0.0
-0.24801146984100342,-0.2844892144203186,-0.20297738909721375,-0.2471835688117286
-0.25563013553619385,-0.28587934374809265,-0.2492494136095047,-0.07058107428570727
-0.36379653215408325,-0.48036184906959534,-0.4677054286003113,-0.2924298239020636
-0.08628538250923157,-0.30695271492004395,-0.08195951581001282,0.38021124171160603
-0.18310900032520294,-0.20082439482212067,-0.24751505255699158,0.09691001300805642
-0.15018780529499054,-0.1612018197774887,-0.16014274954795837,-0.2924298239020636
-0.3704705536365509,-0.3998807668685913,-0.33153554797172546,0.3010299956639812
-0.5435499548912048,-0.5750685334205627,-0.502193033695221,-0.3295611700367185
-0.082082599401474,-0.015403683297336102,-0.12662072479724884,-0.3018994543766101
-0.2661583721637726,-0.2463941127061844,-0.22201292216777802,-0.29929628285498067
-0.26493316888809204,-0.2559289038181305,-0.24837827682495117,-0.38721614328026455
-0.5087878108024597,-0.3630892038345337,-0.4499378502368927,-0.41341269532824504
-0.20273461937904358,-0.15357159078121185,-0.21750305593013763,-0.1549019599857432
-0.2585376501083374,-0.15770000219345093,-0.3415519595146179,-0.1549019599857432
-0.2065230756998062,-0.2922908365726471,-0.22872285544872284,-0.09691001300805639
-0.20727324485778809,-0.27337557077407837,-0.18026475608348846,-0.1549019599857432
-0.22126850485801697,-0.2033107876777649,-0.1887255162000656,-0.3010299956639812
-0.25568023324012756,-0.26090890169143677,-0.2556163966655731,-0.09151498112135022
-0.20710748434066772,-0.11071310937404633,-0.18477436900138855,-0.36653154442041347
-0.1596030592918396,-0.19907647371292114,-0.35250169038772583,0.0
-0.2505720853805542,-0.36586421728134155,-0.34066227078437805,-0.549750891680639
-0.23799338936805725,-0.3174343705177307,-0.2883101999759674,0.07918124604762482
-0.24169215559959412,-0.22689713537693024,-0.3085080087184906,0.11394335230683678
-0.0626475140452385,-0.040927108377218246,-0.1642780601978302,0.0
0.09928642958402634,0.14571593701839447,0.06376788020133972,0.11394335230683678
0.31138113141059875,0.3037761449813843,0.26526695489883423,0.20411998265592482
0.44036468863487244,0.4561879336833954,0.4787467420101166,0.3424226808222063
-0.3994772732257843,-0.35444360971450806,-0.3087807297706604,-0.5228787452803376
-0.36840394139289856,-0.3690434992313385,-0.4003664255142212,-0.5376020021010439
-0.35226428508758545,-0.41023126244544983,-0.4169926941394806,-0.46852108295774486
-0.4247402250766754,-0.3732682168483734,-0.3369486629962921,-0.431798275933005
-0.34079664945602417,-0.39623621106147766,-0.30291223526000977,-0.38721614328026455
-0.32789409160614014,-0.3617311716079712,-0.34588542580604553,-0.4188471080337112
-0.5988743901252747,-0.8626328706741333,-0.6973199844360352,-1.154901959985743
-0.733225405216217,-1.0135658979415894,-0.8360427618026733,-1.0969100130080565
-0.7522770166397095,-0.7287147045135498,-0.7559894919395447,-1.0457574905606752
-0.8077051639556885,-0.8210287094116211,-0.638616144657135,-1.0457574905606752
-0.7715022563934326,-0.7398626208305359,-0.6633617877960205,-0.8860566476931632
-0.6506448984146118,-0.6657524108886719,-0.620414137840271,-0.8239087409443188
-0.7945165038108826,-0.6816491484642029,-0.7074854373931885,-0.7825160557860937
-0.7738416790962219,-0.6310103535652161,-0.7688781023025513,-0.744727494896694
-0.8877353072166443,-0.9409132599830627,-0.9847301244735718,-1.5228787452803376
-0.936660885810852,-0.9788894653320312,-1.113779902458191,-1.3979400086720375
-0.9819931983947754,-1.0198872089385986,-1.0751252174377441,-1.1674910872937636
-1.0830740928649902,-1.163058876991272,-1.0885512828826904,-1.1739251972991736
-1.0552594661712646,-1.0803415775299072,-0.9793475866317749,-0.958607314841775
-0.9776096940040588,-1.1367926597595215,-1.1159915924072266,-0.9208187539523752
-1.1869361400604248,-1.0041148662567139,-1.1498939990997314,-0.8538719643217619
-1.1548060178756714,-1.2131214141845703,-1.1641823053359985,-0.7958800173440752
-0.3270624876022339,-0.3123778998851776,-0.27288681268692017,-0.2676062401770315
0.01422136090695858,0.08046222478151321,-0.06763928383588791,0.13033376849500614
-0.6373944878578186,-0.6139363646507263,-0.5346923470497131,-0.5917600346881504
-0.8317410349845886,-0.8200638294219971,-0.8213779926300049,-0.8356471442155629
-0.7322201728820801,-0.7888170480728149,-0.8497717380523682,-0.6903698325741012
-0.7537562847137451,-0.8469134569168091,-0.8707119822502136,-0.7099653886374819
-1.0099765062332153,-1.017884373664856,-1.0178097486495972,-0.9244530386074693
-0.7689176797866821,-0.9047448635101318,-0.9257552623748779,-0.8068754016455384
-1.0918086767196655,-0.9771373271942139,-1.0148274898529053,-0.8446639625349383
-1.0177339315414429,-1.0532934665679932,-1.0341931581497192,-0.9871627752948278
-1.0435094833374023,-1.043528437614441,-1.06607186794281,-1.0757207139381184
-1.2457324266433716,-1.2965995073318481,-1.2261133193969727,-1.3767507096020994
-0.6150432229042053,-0.6873816847801208,-0.6753790378570557,-0.6216020990518624
-0.9383569955825806,-0.8165508508682251,-0.9096222519874573,-0.7235381958267558
-0.915786862373352,-0.8513560891151428,-0.9070154428482056,-0.8728952016351923
-1.0617015361785889,-1.1108012199401855,-1.1428916454315186,-1.0
-0.9430273771286011,-0.9418549537658691,-0.9361166954040527,-0.7351821769904635
-0.9449877142906189,-1.023406982421875,-0.9241446256637573,-0.9030899869919435
-1.0317515134811401,-1.1989332437515259,-1.1744996309280396,-0.9136401693252518
-1.1602401733398438,-1.0781669616699219,-1.163801908493042,-1.0969100130080565
-1.1049838066101074,-1.1647343635559082,-1.170935869216919,-1.2518119729937995
-1.306334137916565,-1.2603371143341064,-1.3040170669555664,-1.3979400086720375
-0.9246320128440857,-0.927090585231781,-0.9176710247993469,-0.6695862266508091
-1.1502718925476074,-1.1205974817276,-1.1478463411331177,-0.9469215565165803
-1.1086112260818481,-1.1258633136749268,-1.2025550603866577,-0.958607314841775
-1.184718370437622,-1.0857946872711182,-1.1357499361038208,-0.889410289700751
-1.3666046857833862,-1.3518919944763184,-1.39480721950531,-1.0362121726544447
-1.158878207206726,-1.1826403141021729,-1.277968168258667,-1.0969100130080565
-1.3913465738296509,-1.2928645610809326,-1.374017357826233,-1.1739251972991736
-1.3199559450149536,-1.3123891353607178,-1.355346918106079,-1.2218487496163564
-1.4274252653121948,-1.3639334440231323,-1.3198310136795044,-1.5086383061657274
-1.5314664840698242,-1.4640556573867798,-1.5196703672409058,-1.5686362358410126
-0.6066213250160217,-0.749886155128479,-0.5560142993927002,-0.6307841425898572
-0.6240519881248474,-0.7033859491348267,-0.7284290194511414,-0.7746907182741372
-0.6879660487174988,-0.688391923904419,-0.6040945649147034,-0.9393021596463883
-0.8487289547920227,-0.7237041592597961,-0.8314060568809509,-1.0915149811213503
-0.8005015850067139,-0.9425606727600098,-0.8717249035835266,-0.8124792791635369
-0.7171162962913513,-0.731246292591095,-0.7415164113044739,-0.728158393463501
-0.7065685987472534,-0.578937292098999,-0.7399824261665344,-0.6536470255493614
-0.6240025162696838,-0.43989211320877075,-0.521761953830719,-0.5702477199975919
-0.5355751514434814,-0.5518223643302917,-0.42051681876182556,-0.5867002359187481
-0.386274516582489,-0.38697147369384766,-0.5009626746177673,-1.2612194415156308
-0.6100502610206604,-0.6357932090759277,-0.6994302868843079,-0.632644078973981
-0.7305252552032471,-0.7158136963844299,-0.810621440410614,-0.7695510786217261
-0.8864427208900452,-0.7088930606842041,-0.7868831753730774,-0.8013429130455774
-0.8897022008895874,-0.8264691233634949,-0.8160156607627869,-0.8996294548824371
-0.8075185418128967,-0.8508017063140869,-0.8051450252532959,-0.954665283683257
-0.5625854730606079,-0.6421269178390503,-0.6013444662094116,0.19242889185267814
-0.6458115577697754,-0.6724013686180115,-0.6107653379440308,-0.7004055460750772
-0.6659409999847412,-0.6121660470962524,-0.7096494436264038,-0.007774425390468595
-0.659259021282196,-0.6665171384811401,-0.6050418615341187,-0.8730929478673854
-0.7167961001396179,-0.8022374510765076,-0.7286313772201538,-1.1897674820049158
-0.8689345717430115,-0.8200798034667969,-0.8001452684402466,-0.9747064262624288
-0.8263627886772156,-0.802603542804718,-0.8998990058898926,-0.9889246043110689
-0.8313464522361755,-0.8033761382102966,-0.8497783541679382,-1.0
-0.8780930638313293,-0.9708914160728455,-1.0007095336914062,-1.4078232426041333
-0.5308589935302734,-0.5450505614280701,-0.5860731601715088,-0.24241116296647103
-0.6400402188301086,-0.6084977984428406,-0.6142401695251465,-0.36806133618362513
-0.6415489912033081,-0.6730444431304932,-0.6621310114860535,-0.5367462373585933
-0.6954876184463501,-0.7472460865974426,-0.8208033442497253,-0.7299037185796695
-0.5858621001243591,-0.6833893656730652,-0.5734535455703735,-0.5564835524411349
-0.8102058172225952,-0.8074528574943542,-0.7762055993080139,-1.0428718023231869
-0.7934079766273499,-0.8235056400299072,-0.7516922354698181,-0.7853362626166637
-0.7713039517402649,-0.8084203004837036,-0.8114627599716187,-0.8460845738400542
-0.8159061074256897,-0.8351911902427673,-0.7745323777198792,-0.8224635000701379
-1.0014925003051758,-0.9532989263534546,-0.9237897396087646,-1.274905478918531
-0.5353493690490723,-0.5225082635879517,-0.43695127964019775,-0.6522992847276528
-0.4795242249965668,-0.5756262540817261,-0.557909369468689,-0.5604446886106418
-0.5243091583251953,-0.5954645872116089,-0.5793071389198303,-0.4611122199853002
-0.5589083433151245,-0.5571284294128418,-0.5711617469787598,-0.5485129164691497
-0.7115542888641357,-0.7132659554481506,-0.6918607354164124,-1.0710923097560472
-0.6404582262039185,-0.7743093967437744,-0.6473046541213989,-0.27318968816095895
-0.7517333626747131,-0.6928921937942505,-0.6904227137565613,-0.5829071302537867
-0.7546142935752869,-0.6783715486526489,-0.7097750902175903,-0.7366859256781294
-0.7762748599052429,-0.7313868403434753,-0.7974929809570312,-0.7385729632304492
-0.8808813691139221,-0.8455773591995239,-0.8730139136314392,-1.1706962271689751
-0.4570905864238739,-0.37958234548568726,-0.31966811418533325,-1.0649514542830874
-0.3201024532318115,-0.5082491040229797,-0.43649399280548096,-0.39758294828163654
-0.487979918718338,-0.4743548631668091,-0.41091614961624146,-0.43884492941755243
-0.5739392638206482,-0.5412881970405579,-0.4856746792793274,-0.5135015129792433
-0.559783399105072,-0.6818274855613708,-0.6364451050758362,-0.2487416872076058
-0.6092683672904968,-0.637826144695282,-0.6129240989685059,-0.8386319977650252
-0.6605748534202576,-0.6785115599632263,-0.6413679718971252,-0.5755855627799054
-0.6554948091506958,-0.6310665011405945,-0.653041660785675,-0.7058094288663243
-0.6571866273880005,-0.7301923632621765,-0.6383481025695801,-0.7067612313300833
-0.7478829026222229,-0.793716311454773,-0.7404013872146606,-1.0741724253752576
-1.1657695770263672,-1.1624665260314941,-1.0356776714324951,-1.154901959985743
-0.9264574646949768,-0.8349142074584961,-0.8779047727584839,-1.3979400086720375
-1.3283641338348389,-1.215136170387268,-1.2296534776687622,-0.7887806452865336
-0.3300327956676483,-0.2586407959461212,-0.42621928453445435,-0.9913998282380825
-0.77846360206604,-0.7911085486412048,-0.6942771077156067,-1.6382721639824072
-0.57597815990448,-0.5849946737289429,-0.5958928465843201,-0.8227521637443765
-0.8048547506332397,-0.867073118686676,-1.108041763305664,-0.5678327305574118
-0.9181197881698608,-0.8999224901199341,-1.2078713178634644,-0.7700623140920662
-1.0106234550476074,-0.9874614477157593,-1.249420166015625,-0.5868679495651279
-0.11505090445280075,-0.011099453084170818,-0.11150393635034561,-0.48030585777695184
0.035620443522930145,-0.09695742279291153,-0.035048577934503555,-0.4782331678974931
0.1771552860736847,0.15792159736156464,0.23269756138324738,-0.4782331678974931
-0.17589476704597473,-0.2290835827589035,-0.1430017203092575,-0.5673433213297185
-0.041643474251031876,0.00812471378594637,-0.12392405420541763,-0.5673433213297185
0.08251592516899109,0.030633846297860146,0.11419326812028885,-0.31188553738779184
-0.36124277114868164,-0.32335585355758667,-0.2426639050245285,-0.5439423342934175
-0.2986961305141449,-0.20401830971240997,-0.11348449438810349,-0.3637860061528278
-0.09469567984342575,-0.11570312082767487,-0.10912831127643585,-0.17810147614512115
-0.6214830279350281,-0.4961749017238617,-0.5491135120391846,-0.5220283612002359
-0.46685653924942017,-0.49390825629234314,-0.4589136838912964,-0.3226851081391375
-0.32759350538253784,-0.2851455807685852,-0.31436672806739807,-0.2105934635647474
-0.5115580558776855,-0.6348262429237366,-0.5547653436660767,-0.5364862514572177
-0.5228200554847717,-0.5854758620262146,-0.45192936062812805,-0.36317623205264593
-0.37623363733291626,-0.43545547127723694,-0.28403955698013306,-0.23669107934973807
-0.8046233057975769,-0.7470389008522034,-0.7879292964935303,-0.5668016031061403
-0.6327434182167053,-0.6779687404632568,-0.7393177151679993,-0.37724732999000976
-0.4144204556941986,-0.4611589312553406,-0.4698791801929474,-0.2358485356388072
-0.21706712245941162,-0.14982832968235016,-0.2556086778640747,-0.15946547079652254
-0.8260552883148193,-0.9832248687744141,-0.9442134499549866,-0.4962093169428189
-1.1488205194473267,-1.318248987197876,-1.4698516130447388,-1.496209316942819
-0.4600335955619812,-0.48725298047065735,-0.6063761115074158,-0.20388865217693533
-0.2472047358751297,-0.22523368895053864,-0.29466405510902405,-0.006607862550997468
-0.5535597205162048,-0.5008678436279297,-0.5483002066612244,-0.3601152580836957
0.18651780486106873,0.0999474748969078,0.13135088980197906,0.0589950935254163
0.5328034162521362,0.6378448009490967,0.602109968662262,-0.09691001300805639
-1.6760954856872559,-1.7004107236862183,-1.721535325050354,-1.1804560644581312
-1.6811772584915161,-1.606044888496399,-1.6443136930465698,-1.2218487496163564
-1.3692888021469116,-1.461416482925415,-1.527438759803772,-1.2596373105057561
-1.5673381090164185,-1.629839301109314,-1.565083622932434,-1.494850021680094
-1.4582949876785278,-1.5620254278182983,-1.5416172742843628,-1.585026652029182
-1.386956810951233,-1.3676037788391113,-1.3221980333328247,-1.6989700043360187
-1.7243119478225708,-1.7594420909881592,-1.711899757385254,-1.6777807052660807
-1.6825355291366577,-1.652322769165039,-1.6371922492980957,-1.6989700043360187
-1.5232328176498413,-1.4675006866455078,-1.5603607892990112,-1.744727494896694
-1.6947575807571411,-1.6333914995193481,-1.5812721252441406,-2.0457574905606752
-1.6379293203353882,-1.580439805984497,-1.5451552867889404,-1.853871964321762
-1.3779563903808594,-1.5068871974945068,-1.442939281463623,-1.8239087409443189
-0.6751687526702881,-0.7294850945472717,-0.7151750326156616,-0.09691001300805639
-0.7826219797134399,-0.827862024307251,-0.7523657083511353,-0.4145392704914993
-0.5985819101333618,-0.6218050718307495,-0.7634617686271667,-0.9030899869919435
-0.6276707649230957,-0.6360561847686768,-0.6847550868988037,-0.8601209135987634
-0.6159048676490784,-0.7753422260284424,-0.8079497814178467,-0.645891560852599
-3.4316494464874268,-3.7439498901367188,-3.6578378677368164,-4.0
-3.8073456287384033,-3.8013997077941895,-3.764511823654175,-3.3979400086720375
-3.816246271133423,-3.763521194458008,-3.7214887142181396,-3.552841968657781
-3.505251884460449,-3.8577463626861572,-3.7817599773406982,-3.6989700043360187
-3.561873435974121,-3.7553534507751465,-3.8157594203948975,-3.853871964321762
-3.5588743686676025,-3.7711942195892334,-3.888909101486206,-4.0
-3.4868617057800293,-3.688671827316284,-3.7258448600769043,-4.0
-3.5114104747772217,-3.756459951400757,-3.7531375885009766,-4.0
-3.3451993465423584,-3.5384016036987305,-3.5358874797821045,-3.8239087409443187
-3.575943946838379,-3.53385853767395,-3.5038304328918457,-3.744727494896694
-3.914127826690674,-4.012929439544678,-4.243586540222168,-4.0
-0.20081539452075958,-0.11211969703435898,-0.13390271365642548,0.10455539124051359
-0.14790257811546326,-0.19430966675281525,-0.06239309906959534,-0.11407366019856895
-0.09539268165826797,-0.27924421429634094,-0.25119173526763916,-0.26672246606741823
-0.2386225461959839,-0.2798692584037781,-0.323610782623291,-0.5454600150351813
-0.10090593248605728,-0.25249969959259033,-0.16930507123470306,-0.19756837356927645
-0.005035038571804762,0.023052357137203217,-0.07782819867134094,0.046846203945821285
0.1147802546620369,0.15437765419483185,0.023039009422063828,0.24022465412227756
-0.4259836971759796,-0.34525081515312195,-0.38698554039001465,-0.22184874961635637
-0.1529393494129181,-0.11957591027021408,-0.15646174550056458,-0.045757490560675115
-0.1101013720035553,-0.0036341927479952574,0.06286967545747757,0.18184358794477254
0.1828465759754181,0.26741787791252136,0.2703235447406769,0.4065401804339551
-1.3245316743850708,-1.3409303426742554,-1.2808302640914917,-2.0
-1.319521188735962,-1.2765405178070068,-1.3314785957336426,-1.3010299956639813
-1.1862883567810059,-1.2861897945404053,-1.1112940311431885,-0.9208187539523752
-0.9933927655220032,-1.0663875341415405,-0.9709997177124023,-0.6989700043360187
-1.56963312625885,-1.6294268369674683,-1.5091756582260132,-1.3665315444204136
-1.1688443422317505,-1.1287575960159302,-1.2333686351776123,-1.2365720064370627
-1.5057228803634644,-1.5017309188842773,-1.419283151626587,-1.2596373105057561
-0.9293218851089478,-0.9658111929893494,-0.9910282492637634,-1.0969100130080565
-1.4090017080307007,-1.4049932956695557,-1.4270659685134888,-1.275724130399211
-1.3008570671081543,-1.2599754333496094,-1.2700018882751465,-1.2441251443275085
-0.8554949760437012,-0.8696051836013794,-0.826098620891571,-0.958607314841775
-1.1604517698287964,-1.2363039255142212,-1.2172563076019287,-1.0705810742857071
-1.2368324995040894,-1.238312005996704,-1.2101234197616577,-1.1249387366083
-0.6649537086486816,-0.7182769179344177,-0.5876347422599792,-0.8239087409443188
-0.9668929576873779,-0.9522875547409058,-0.9951115250587463,-0.9393021596463883
-1.0686525106430054,-1.0667771100997925,-1.2016655206680298,-1.0222763947111522
-0.0811864510178566,-0.040767084807157516,-0.11616388708353043,-0.045757490560675115
-0.10417822003364563,-0.0024321458768099546,-0.06574453413486481,-0.1549019599857432
-0.010065174661576748,-0.15216320753097534,-0.0325007326900959,-0.1549019599857432
-0.10083145648241043,-0.09507321566343307,-0.11541495472192764,-0.1549019599857432
-0.39838674664497375,-0.4364720284938812,-0.38584423065185547,-0.1549019599857432
-0.2951558828353882,-0.33434396982192993,-0.26330995559692383,-0.1549019599857432
-0.10708073526620865,-0.17932701110839844,-0.22166022658348083,-0.045757490560675115
-0.0066674635745584965,-0.05142955854535103,-0.09346830099821091,-0.09691001300805639
-0.5805550813674927,-0.5654072761535645,-0.45952534675598145,-0.36051351073141397
0.1595437228679657,0.34589600563049316,0.28808528184890747,0.32159843046534387
-0.8571334481239319,-0.9500772356987,-0.808779239654541,-1.2218487496163564
-0.342772513628006,-0.24266314506530762,-0.26886674761772156,0.012837224705172217
-1.0319457054138184,-0.9773772954940796,-0.876226544380188,-1.2218487496163564
-0.2996312081813812,-0.36109063029289246,-0.13125452399253845,0.0
-0.7703600525856018,-0.909183919429779,-0.7433759570121765,-1.1079053973095196
-0.21480335295200348,-0.03527556732296944,0.05190565064549446,-0.08039897621588903
-0.834980845451355,-0.8049136400222778,-0.9096286296844482,-0.906578314837765
-0.06757298111915588,-0.11630474030971527,-0.12977465987205505,-0.1180450286603995
-1.462253212928772,-1.295901894569397,-1.4528611898422241,-1.1023729087095586
-1.214566946029663,-1.0473805665969849,-1.1135331392288208,-2.3010299956639813
-0.9040166735649109,-1.0809153318405151,-0.8706197738647461,-2.0
-0.8704158067703247,-0.7620804905891418,-0.7778087258338928,-1.0969100130080565
-1.3226022720336914,-1.451345682144165,-1.421068787574768,-0.4559319556497244
-1.0985242128372192,-1.0659830570220947,-1.2334647178649902,-2.0
-1.1620737314224243,-1.0379962921142578,-0.86163330078125,-1.5228787452803376
-0.8910970687866211,-0.8499200344085693,-0.7385686039924622,-1.0969100130080565
-1.4881864786148071,-1.4211785793304443,-1.398322582244873,-0.4559319556497244
-1.1424568891525269,-1.3211076259613037,-1.1422067880630493,-1.3979400086720375
-0.998940110206604,-1.0289967060089111,-1.1613404750823975,-1.154901959985743
-0.7993347644805908,-0.8022438287734985,-0.9936796426773071,-1.0969100130080565
-1.582078218460083,-1.430612564086914,-1.5753142833709717,-0.4559319556497244
-1.1690402030944824,-1.35628080368042,-1.4084104299545288,-1.5228787452803376
-1.1970024108886719,-1.175685167312622,-1.0086619853973389,-1.0457574905606752
-0.9878196120262146,-0.8806635737419128,-1.0238884687423706,-1.0969100130080565
-1.8900498151779175,-1.9144737720489502,-1.8134067058563232,-0.4559319556497244
-1.5184968709945679,-1.6375073194503784,-1.6740237474441528,-1.6989700043360187
-1.2972160577774048,-1.4210249185562134,-1.5938948392868042,-1.0969100130080565
-1.3717104196548462,-1.3430007696151733,-1.3780256509780884,-1.0969100130080565
-1.0987629890441895,-1.2949291467666626,-1.0409505367279053,-1.5228787452803376
-1.358717918395996,-1.455601453781128,-1.262285590171814,-1.5228787452803376
-1.6775873899459839,-1.6894067525863647,-1.6243513822555542,-1.5686362358410126
-1.320508360862732,-1.4136382341384888,-1.3498632907867432,-1.3010299956639813
-1.5222593545913696,-1.4417346715927124,-1.441508173942566,-1.4559319556497243
-1.7682567834854126,-1.8153929710388184,-1.8072549104690552,-1.6382721639824072
-1.6372878551483154,-1.5650402307510376,-1.5467023849487305,-1.1079053973095196
-1.7482807636260986,-1.6632202863693237,-1.739146113395691,-1.4685210829577449
-2.0303003787994385,-1.9475780725479126,-2.004828453063965,-1.6989700043360187
-1.3313217163085938,-1.3085732460021973,-1.2266156673431396,-1.4202164033831899
-1.5431159734725952,-1.6670401096343994,-1.544222116470337,-1.5528419686577808
-1.9042689800262451,-1.8069490194320679,-1.8852325677871704,-1.585026652029182
-0.5035305619239807,-0.7394747138023376,-0.6442720293998718,-0.2915790998652873
-0.85309898853302,-0.8314824104309082,-0.8266300559043884,-1.0457574905606752
-0.8511660695075989,-0.8037728071212769,-0.756089985370636,-0.9208187539523752
-0.9244625568389893,-0.9068703055381775,-0.9058467745780945,-0.8696662315049939
-0.8703438639640808,-0.9868552684783936,-0.8487534523010254,-0.8728952016351923
-1.1057789325714111,-1.0120164155960083,-1.0803654193878174,-0.7695510786217261
-0.7965531349182129,-0.7489248514175415,-0.7204150557518005,-0.744727494896694
-0.6954612731933594,-0.6672345399856567,-0.6780818700790405,-0.638272163982407
-0.43840816617012024,-0.5255572199821472,-0.6220000386238098,-0.6020599913279624
-0.2227652370929718,-0.20984233915805817,-0.1708894819021225,0.07483398754248842
-0.26941317319869995,-0.24833805859088898,-0.19298651814460754,-0.07456877754272212
-0.42424097657203674,-0.3350943624973297,-0.46722152829170227,-0.39621278437488217
-0.6863284707069397,-0.5640274882316589,-0.6478894352912903,-0.6624808401530248
-0.6819058060646057,-0.7792724967002869,-0.7490283846855164,-0.36705503314702814
-0.4556765854358673,-0.5602420568466187,-0.3851032853126526,-0.18908766448515754
-0.7786532640457153,-0.7090750932693481,-0.71442049741745,-0.619788758288394
-0.5653594136238098,-0.5534295439720154,-0.5849754810333252,-0.5528419686577808
-0.43939530849456787,-0.5298091173171997,-0.45942601561546326,-0.5228787452803376
-0.6742507815361023,-0.7273553013801575,-0.7217945456504822,-0.7958800173440752
-0.6699651479721069,-0.552416205406189,-0.6506526470184326,-0.721246399047171
-0.5497466325759888,-0.6084135174751282,-0.5413920879364014,-0.6777807052660807
-0.8984163999557495,-0.8634108304977417,-0.8081185221672058,-0.6575773191777937
-0.687478244304657,-0.7062242031097412,-0.7372941970825195,-0.619788758288394
-0.5652610063552856,-0.5523853302001953,-0.5161249041557312,-0.5528419686577808
-1.1878106594085693,-1.256277322769165,-1.0068964958190918,-1.3010299956639813
-1.6384105682373047,-2.1769957542419434,-2.138404369354248,-2.661543506395395
-1.4990490674972534,-1.377081036567688,-1.434948444366455,-1.6989700043360187
-1.8202335834503174,-1.504009485244751,-1.7603639364242554,-1.3979400086720375
-1.6620543003082275,-1.6634091138839722,-1.5801337957382202,-1.5228787452803376
-1.6066499948501587,-1.5930867195129395,-1.563165545463562,-1.5228787452803376
-1.6241302490234375,-1.5454771518707275,-1.5641655921936035,-2.0
-1.0228554010391235,-1.0639691352844238,-0.9927361011505127,-1.3979400086720375
-1.3159087896347046,-1.3225425481796265,-1.2737095355987549,-1.3010299956639813
-1.446281909942627,-1.416015625,-1.3369876146316528,-2.0
-1.150940179824829,-0.9610980153083801,-0.9949917197227478,-1.5228787452803376
-1.5824998617172241,-1.6615220308303833,-1.609205961227417,-2.0
-1.7203223705291748,-2.115525007247925,-2.1780292987823486,-2.6903698325741012
-1.5049933195114136,-1.659806728363037,-1.5359081029891968,-2.0
-1.7208112478256226,-1.796327829360962,-1.7678173780441284,-1.5228787452803376
-1.5391583442687988,-1.564125418663025,-1.595106601715088,-1.0457574905606752
-1.7432843446731567,-1.7045737504959106,-1.6342302560806274,-2.0
-1.7054165601730347,-1.7983242273330688,-1.7915083169937134,-1.3010299956639813
-1.3818575143814087,-1.4223350286483765,-1.3580617904663086,-0.5528419686577808
-1.8960846662521362,-2.5273544788360596,-2.2836525440216064,-2.0
-1.4212896823883057,-1.4115959405899048,-1.4170488119125366,-0.431798275933005
-1.0354722738265991,-1.039884090423584,-1.0492583513259888,-1.1307682802690238
-0.9413902759552002,-1.0991162061691284,-0.8991091847419739,-0.7099653886374819
0.7046038508415222,0.9047045707702637,0.9230183959007263,-1.6020599913279623
-0.10996249318122864,-0.13050158321857452,-0.12070094794034958,0.24608452348596643
-0.24916625022888184,-0.2569243907928467,-0.18735407292842865,-0.5772050430229445
-0.013175997883081436,-0.18349672853946686,-0.19607463479042053,-0.3507089624485719
-0.1370944082736969,-0.048637326806783676,0.006366928573697805,-0.16198694355870663
-0.16148896515369415,-0.14174102246761322,-0.2696744501590729,0.053245595471386686
-0.19536057114601135,-0.21132391691207886,-0.13928352296352386,0.05137096588066842
-0.3791724741458893,-0.3847091495990753,-0.3607536554336548,-0.21148306001705308
-0.5265927910804749,-0.5901041626930237,-0.6452350616455078,-0.8054246114267724
-0.06342089921236038,0.047555111348629,-0.050706613808870316,-1.0457574905606752
-0.5647457242012024,-0.5440239906311035,-1.2716734409332275,-0.9208187539523752
0.09512361884117126,-0.16608817875385284,-0.18654575943946838,-1.0969100130080565
0.058927204459905624,-0.30225855112075806,-0.39338555932044983,-0.3279021420642826
0.07905444502830505,-0.449338436126709,-0.15105536580085754,-0.13076828026902382
-1.1888834238052368,-1.1658658981323242,-1.2445685863494873,-1.431798275933005
-1.1495600938796997,-1.0965303182601929,-1.1626859903335571,-1.2676062401770314
-1.06504487991333,-1.0220588445663452,-1.044030785560608,-1.0362121726544447
-0.9018943905830383,-0.8808646202087402,-0.9269858002662659,-0.8601209135987634
-0.281919002532959,-0.3889484405517578,-0.30658477544784546,-0.4416731044404668
-0.17164963483810425,-0.16448110342025757,-0.12553726136684418,-0.26896109822633824
-0.09952766448259354,-0.09525135904550552,-0.02510056085884571,-0.1747738725181171
-0.04377756267786026,-0.06741925328969955,-0.08391562849283218,-0.07297525930573517
-0.4418712556362152,-0.373628705739975,-0.3843635618686676,-0.6202957309755527
-0.2966129183769226,-0.22565852105617523,-0.2605934143066406,-0.4416731044404668
-0.2019282877445221,-0.17840532958507538,-0.14696410298347473,-0.3192666411494966
-0.14948704838752747,-0.12670396268367767,-0.14032863080501556,-0.20590948330553177
-0.5931895971298218,-0.5825603604316711,-0.4529933035373688,-0.6772020316536124
-0.5050010681152344,-0.4393905699253082,-0.5034822821617126,-0.512848892949376
-0.2926007807254791,-0.3562987148761749,-0.34353259205818176,-0.376171003333255
-0.37603560090065,-0.29682689905166626,-0.4213896095752716,-0.22388310982803264
-0.7625251412391663,-0.7561245560646057,-0.8707008361816406,-0.7229595222142875
-0.7158719301223755,-0.7016336917877197,-0.6582826972007751,-0.5699910938903194
-0.6222851872444153,-0.59587562084198,-0.6052792072296143,-0.4171301897533445
-0.46579647064208984,-0.5966730117797852,-0.4436149299144745,-0.258899636731723
-0.8350816965103149,-0.8200408220291138,-0.767649233341217,-0.7851058402620318
-0.6398209929466248,-0.7786254286766052,-0.6484215259552002,-0.5436628195606764
-0.6052007079124451,-0.6982276439666748,-0.6818684339523315,-0.41238331068187045
-0.45545250177383423,-0.6231213212013245,-0.6028978824615479,-0.315473297673814
-1.8728406429290771,-1.488707423210144,-1.6840707063674927,1.0791812460476249
-1.1230331659317017,-1.055166244506836,-1.017104148864746,-0.8950590287059912
-1.2734472751617432,-1.1470917463302612,-1.1751043796539307,-1.3802077673696482
-1.1090539693832397,-1.0051215887069702,-1.1243960857391357,-1.019237844767115
-0.9117997884750366,-0.8979492783546448,-0.9586356282234192,-0.9293453190375998
-0.763037919998169,-0.7687874436378479,-0.8444370031356812,-0.6376438358473397
-0.9767086505889893,-1.1419144868850708,-1.073865532875061,-1.1249387366083
-1.0548150539398193,-1.180990219116211,-1.1579489707946777,-1.2952748095837496
-1.1674634218215942,-1.246840238571167,-1.2188204526901245,-1.56331269864241
-0.06968872994184494,-0.0159173384308815,0.021810635924339294,-0.08671609823958155
-0.013799998909235,0.07184702903032303,-0.02000102587044239,-0.15366288787019475
-0.1916041076183319,-0.1415293663740158,-0.18924595415592194,-0.24641694110709347
-0.7989985942840576,-0.6324587464332581,-0.7040114998817444,-0.8216879456873214
-0.9383436441421509,-0.822940468788147,-0.7172446846961975,-0.76275796001577
-0.14202362298965454,-0.2948954999446869,-0.19999870657920837,-0.5118837952735734
-0.7092514038085938,-0.6837425231933594,-0.7429915070533752,-0.524373841197004
-0.4880344867706299,-0.494805246591568,-0.4862767159938812,-0.43046925762642946
-0.13620832562446594,-0.12391100823879242,-0.10227254033088684,-0.3475302820980142
-0.30038097500801086,-0.2843541204929352,-0.3977710008621216,-0.34579360742080123
-0.5484001636505127,-0.5515615940093994,-0.48274359107017517,-0.26146360265571295
-0.44147539138793945,-0.5385873913764954,-0.334065705537796,-0.3467874862246563
-0.6179904937744141,-0.6358822584152222,-0.5912201404571533,-0.4225082001627747
-1.9923160076141357,-2.0382518768310547,-2.028226852416992,-2.6989700043360187
-2.0564794540405273,-2.072744846343994,-2.1304445266723633,-2.154901959985743
-2.20141339302063,-2.0800137519836426,-2.1454498767852783,-1.8860566476931633
-1.9590553045272827,-2.070272922515869,-2.14345383644104,-2.0969100130080562
-2.249603033065796,-2.025326728820801,-2.0602145195007324,-1.958607314841775
-2.139695167541504,-2.1660549640655518,-2.1533992290496826,-2.154901959985743
-2.318305253982544,-2.3220582008361816,-2.2385571002960205,-2.0
-0.9314631819725037,-1.0434943437576294,-0.9409072995185852,-0.9867413347164835
-1.0093404054641724,-1.0316613912582397,-0.9782572388648987,-1.1354889189416082
-1.0948563814163208,-1.1007670164108276,-1.1375056505203247,-1.2700257143004443
-1.2423198223114014,-1.2264304161071777,-1.2080973386764526,-1.5030703519267852
-1.4248387813568115,-1.4622138738632202,-1.3931424617767334,-1.5451551399914898
-0.47929391264915466,-0.4402023255825043,-0.4638533592224121,-0.585026652029182
-0.5002435445785522,-0.5766343474388123,-0.5260136723518372,-0.638272163982407
-0.637227475643158,-0.5515187978744507,-0.6327171325683594,-0.6989700043360187
-0.6982949376106262,-0.8116609454154968,-0.7412973046302795,-0.7061956400806633
-0.7923641800880432,-0.7699540257453918,-0.786959171295166,-0.6252516539898961
-0.6667315363883972,-0.6668757796287537,-0.6689921617507935,-0.6989700043360187
-0.7342427968978882,-0.8175243735313416,-0.771088182926178,-0.8860566476931632
-0.7136886119842529,-0.7460912466049194,-0.7254957556724548,-0.596879478824182
-0.7697533369064331,-0.7884549498558044,-0.7853848338127136,-0.7958800173440752
-0.8057488203048706,-0.8794421553611755,-0.9736960530281067,-0.9208187539523752
-0.712701141834259,-0.7322202324867249,-0.7239986658096313,-0.832682665251824
-0.6096376180648804,-0.6263486742973328,-0.5741900205612183,-0.5686362358410126
-0.5689524412155151,-0.6592271327972412,-0.5391319990158081,-0.6575773191777937
-0.6942886114120483,-0.7824167609214783,-0.6595960855484009,-0.6989700043360187
-0.6292417645454407,-0.645521879196167,-0.6648297309875488,-0.638272163982407
-0.6046399474143982,-0.5070375204086304,-0.644451379776001,-0.5686362358410126
-0.4612189829349518,-0.461128830909729,-0.44582635164260864,-0.4814860601221125
-1.071895956993103,-1.0120248794555664,-1.0286864042282104,-0.8239087409443188
-0.5078906416893005,-0.5693254470825195,-0.4599984288215637,-0.4814860601221125
-0.11862561106681824,-0.11635508388280869,-0.05211588740348816,0.1457587283907783
-0.12574559450149536,-0.16914306581020355,-0.14950181543827057,0.09483713737486861
-0.04201079159975052,-0.18714679777622223,-0.15696309506893158,0.021189299069938092
-0.05094096437096596,0.03158854320645332,0.12523242831230164,-0.040958607678906384
0.12284091114997864,0.09130077064037323,0.24580147862434387,-0.07058107428570727
-0.22509491443634033,-0.2057502120733261,-0.16482366621494293,-0.07918141976545234
-0.46321240067481995,-0.3938535749912262,-0.35753992199897766,-0.3740509819413798
-0.6972149610519409,-0.6327326893806458,-1.0860871076583862,-0.4814860601221125
-0.8734773397445679,-0.6885859370231628,-0.5130525827407837,-0.6020599913279624
-0.35259339213371277,-0.45147424936294556,-0.3233895003795624,0.20411998265592482
-0.3540385961532593,-0.2710343599319458,-0.3690899908542633,0.146128035678238
-0.4013252258300781,-0.4459269940853119,-0.4282785952091217,0.0
-0.48621201515197754,-0.39075472950935364,-0.3609122633934021,-0.09691001300805639
-0.8911952376365662,-0.7581555843353271,-0.5815558433532715,-0.5228787452803376
-0.5489912629127502,-0.611611545085907,-0.7166683673858643,-0.10790539730951959
-1.2426902055740356,-1.3660482168197632,-1.087578296661377,-1.2441251443275085
-0.9655012488365173,-0.8393966555595398,-1.1447232961654663,-1.3010299956639813
-0.6291812062263489,-0.5440493822097778,-0.5567870140075684,-0.25181197299379954
-0.46225765347480774,-0.5317232608795166,-0.465973824262619,-0.10237290870955855
-0.5104690194129944,-0.5441685318946838,-0.5514695644378662,-0.09691001300805639
-0.5784873366355896,-0.49411678314208984,-0.525650680065155,-0.1938200260161128
-0.728123128414154,-0.5967766642570496,-0.5376699566841125,-0.2076083105017461
-0.277040034532547,-0.2479649782180786,-0.30398502945899963,-0.3979400086720376
-0.33311697840690613,-0.41314029693603516,-0.3301753103733063,-0.5228787452803376
-0.19953882694244385,-0.20001572370529175,-0.2577083706855774,-0.2839966563652008
-0.49687033891677856,-0.4282441735267639,-0.4478778839111328,-0.6989700043360187
-0.16711238026618958,-0.1608618050813675,-0.09959756582975388,-0.08618614761628333
-0.15909388661384583,-0.279724657535553,-0.2842071056365967,-0.3010299956639812
-0.34875941276550293,-0.26411083340644836,-0.27015528082847595,-0.6020599913279624
0.026047412306070328,-0.11035428941249847,-0.11555513739585876,0.0
0.01788434013724327,-0.05475013330578804,0.04360468313097954,0.11058971029924897
0.005958859343081713,0.06645528227090836,0.06029308959841728,-0.1549019599857432
0.037112023681402206,0.04647279903292656,0.14680317044258118,0.25527250510330607
-0.08615598827600479,-0.12086974829435349,-0.07913292944431305,-0.3010299956639812
0.2172779142856598,0.17632269859313965,0.21900348365306854,0.30319605742048883
0.12040498107671738,0.1772058606147766,0.17436571419239044,0.07918124604762482
0.326555073261261,0.2992168664932251,0.3429412245750427,0.414973347970818
0.104185551404953,0.14572004973888397,0.07840809226036072,-0.1870866433571444
0.3422286808490753,0.3389148712158203,0.33698660135269165,0.47712125471966244
0.4069400727748871,0.4671938419342041,0.3965960144996643,0.5314789170422551
0.3187716603279114,0.24673603475093842,0.19743941724300385,0.25527250510330607
0.29153352975845337,0.24124126136302948,0.2166333943605423,0.06069784035361165
-1.0590946674346924,-1.1114583015441895,-1.0041029453277588,-1.3979400086720375
-1.0722640752792358,-1.1059414148330688,-1.1614316701889038,-1.2365720064370627
-1.2712078094482422,-1.172727108001709,-1.1344112157821655,-1.0655015487564323
-1.2719409465789795,-1.193589210510254,-1.2027798891067505,-1.0604807473813815
-1.746351957321167,-1.8171889781951904,-1.7573834657669067,-1.7911288617530743
-1.8243457078933716,-1.8699220418930054,-1.8524714708328247,-1.8072096028793474
-1.895157814025879,-1.8715794086456299,-1.9141443967819214,-1.8954787473816714
-2.0549914836883545,-1.9025646448135376,-2.0042054653167725,-1.9348686278597902
-1.1124982833862305,-1.034927487373352,-1.0608807802200317,-1.1135092748275182
-0.9296877980232239,-0.9985573887825012,-0.8801954388618469,-1.0861861476162833
-1.1981219053268433,-1.0716676712036133,-1.0878108739852905,-0.9281179926938746
-1.181220293045044,-1.2119438648223877,-1.236279010772705,-1.1870866433571443
-1.0359725952148438,-1.094162940979004,-1.040027141571045,-1.1249387366083
-1.1468335390090942,-1.2295337915420532,-1.2921603918075562,-1.1804560644581312
-1.1209523677825928,-1.233257532119751,-1.2549984455108643,-1.275724130399211
-1.4941325187683105,-1.4099433422088623,-1.4747401475906372,-1.2924298239020637
-1.0113931894302368,-1.056313157081604,-0.8945488929748535,-1.1611509092627446
-1.1022905111312866,-1.0282033681869507,-1.047774314880371,-0.9913998282380825
-1.1411141157150269,-1.0823943614959717,-1.0608991384506226,-1.0861861476162833
-1.0897012948989868,-1.0907491445541382,-1.1058385372161865,-1.193820026016113
-1.2268239259719849,-1.2472645044326782,-1.2462276220321655,-1.0506099933550872
-1.1758852005004883,-1.170222282409668,-1.257896900177002,-1.1426675035687315
-1.2740358114242554,-1.1889255046844482,-1.221205711364746,-1.1804560644581312
-1.1426502466201782,-1.3259811401367188,-1.4395326375961304,-1.2006594505464183
-0.5774250030517578,-0.5964616537094116,-0.5823007225990295,-0.6020599913279624
-0.5006167888641357,-0.4702017903327942,-0.4844541847705841,-0.3467874862246563
-0.35456976294517517,-0.38819605112075806,-0.38531243801116943,-0.1549019599857432
-0.1836196482181549,-0.24748562276363373,-0.3303992748260498,0.0
-0.6222182512283325,-0.6781517863273621,-0.5269150137901306,-0.6989700043360187
-0.5294075608253479,-0.5547541379928589,-0.4940173625946045,-0.4559319556497244
-0.4431029260158539,-0.4629889130592346,-0.44288021326065063,-0.23657200643706278
-0.3727942407131195,-0.2852708697319031,-0.263592004776001,-0.09691001300805639
-0.6964004039764404,-0.6960526704788208,-0.6781966686248779,-0.6020599913279624
-0.5601092576980591,-0.6031200289726257,-0.4886605441570282,-0.744727494896694
-0.49201372265815735,-0.5032036900520325,-0.47613975405693054,-0.42021640338318983
-0.41257187724113464,-0.42377516627311707,-0.44596555829048157,-0.22184874961635637
-0.8003465533256531,-1.0261669158935547,-0.8049846291542053,-0.6989700043360187
-1.2213611602783203,-1.1493258476257324,-1.1575089693069458,-1.0
-0.8732911348342896,-0.8192477822303772,-1.0410076379776,-0.9208187539523752
-0.9176869988441467,-0.8831405639648438,-0.8497436046600342,-0.6989700043360187
-0.8876534104347229,-0.889380156993866,-0.914966881275177,-0.8538719643217619
-1.4600934982299805,-1.5068427324295044,-1.4440064430236816,-0.7958800173440752
-0.799008846282959,-0.7730828523635864,-0.8633244633674622,-0.9208187539523752
-0.6586329340934753,-0.5911530256271362,-0.6844385862350464,-1.0969100130080565
-0.46903011202812195,-0.5065982341766357,-0.5358251929283142,-1.2218487496163564
-1.1418664455413818,-1.1747552156448364,-1.2144296169281006,-0.8860566476931632
-0.366357684135437,-0.43548354506492615,-0.3133918344974518,0.01703333929878037
-0.38113054633140564,-0.4844707250595093,-0.3613015115261078,0.1610683854711746
-0.7458991408348083,-0.8173189163208008,-1.069854497909546,0.0441476208787228
-0.47042661905288696,-0.3574168086051941,-0.47087594866752625,-0.744727494896694
-0.47474077343940735,-0.5020728707313538,-0.48158472776412964,-0.09205147838772768
-0.657825767993927,-0.4234808683395386,-1.1649073362350464,-0.5228787452803376
-0.6972675323486328,-0.5750445127487183,-0.6667490601539612,-0.744727494896694
-0.5972347259521484,-0.5980231761932373,-0.6281924247741699,-0.9030899869919435
-0.9129441976547241,-1.110987663269043,-1.4382208585739136,-0.8664610916297825
-0.8478589057922363,-0.8039295077323914,-0.8560801148414612,-0.958607314841775
-0.837746798992157,-0.8793989419937134,-0.7968092560768127,-1.6989700043360187
-0.8579121232032776,-0.8890275955200195,-0.8139456510543823,-1.7958800173440752
-0.6453672647476196,-0.684833824634552,-0.7106682658195496,-0.6020599913279624
-0.767265260219574,-0.7365716099739075,-0.7509943246841431,-0.585026652029182
-0.7858139276504517,-0.7332025766372681,-0.7774994969367981,-0.619788758288394
-0.9021465182304382,-0.808010995388031,-0.9180409908294678,-0.8860566476931632
-1.1851969957351685,-1.0355271100997925,-0.981512725353241,-1.3979400086720375
-1.0381190776824951,-0.9821010828018188,-0.900338351726532,-1.2218487496163564
-0.8114762902259827,-0.9393128156661987,-0.8774311542510986,-1.0
-0.6122053265571594,-0.7969357967376709,-0.6758595705032349,-0.8860566476931632
-0.6390353441238403,-0.7680820226669312,-0.7985569834709167,-0.8860566476931632
-0.922866940498352,-0.6502195000648499,-0.8255640864372253,-1.154901959985743
-0.8744899034500122,-0.942396342754364,-0.9294934868812561,-1.3979400086720375
-1.0077216625213623,-0.9703755974769592,-1.1576062440872192,-2.0
-1.0582382678985596,-1.0788902044296265,-1.0566798448562622,-1.6989700043360187
-0.9146217107772827,-0.9025726914405823,-1.0169172286987305,-1.6989700043360187
-2.302046537399292,-2.303642749786377,-2.3688833713531494,-2.1804560644581312
-2.0746941566467285,-2.02470064163208,-1.9768434762954712,-2.3565473235138126
-2.0606398582458496,-2.0595004558563232,-2.0097451210021973,-2.6020599913279625
-1.7859153747558594,-1.6798053979873657,-1.8788747787475586,-2.537602002101044
-1.83760404586792,-1.7178902626037598,-2.2067861557006836,-2.721246399047171
-1.5572563409805298,-1.4663825035095215,-1.2628123760223389,-0.09691001300805639
-0.7725730538368225,-0.7518651485443115,-0.78565514087677,0.24054924828259971
-0.8235020041465759,-0.6811593174934387,-0.7705884575843811,-1.2218487496163564
-1.468583583831787,-1.1897836923599243,-1.4099926948547363,-0.728158393463501
-0.6488931775093079,-0.6310403943061829,-0.6751057505607605,-0.3467874862246563
-0.6389747858047485,-0.7154067754745483,-0.6118901968002319,-0.8860566476931632
-0.5374428033828735,-0.6712754368782043,-0.6271477341651917,-0.6536470255493614
-0.7597458958625793,-0.8009428381919861,-0.8584020733833313,-0.6635402661514704
-0.763889729976654,-0.7178245782852173,-0.8096650838851929,-1.0
-1.0949612855911255,-1.0217657089233398,-1.0656907558441162,-0.6777807052660807
-0.9162104725837708,-0.9039769768714905,-0.8681528568267822,-0.004364805402450088
-0.7078994512557983,-0.7506350874900818,-0.7631372809410095,-1.0457574905606752
-0.7116866707801819,-0.6424603462219238,-0.6713298559188843,-1.0655015487564323
-0.893238365650177,-1.1505014896392822,-0.8843427300453186,-1.0457574905606752
-0.832655131816864,-0.8550667762756348,-0.9452217817306519,-1.0655015487564323
-1.115020990371704,-1.2787628173828125,-1.1500263214111328,-1.080921907623926
-0.22480276226997375,-0.20066170394420624,0.13800515234470367,0.17609125905568124
-0.6656101942062378,-0.6813791990280151,-0.6634178161621094,-1.3979400086720375
-0.5671737194061279,-0.5925878882408142,-0.6383460164070129,-0.431798275933005
-0.5819339156150818,-0.49275079369544983,-0.5373267531394958,-0.4814860601221125
-0.5522398948669434,-0.5338461995124817,-0.5363371968269348,-0.5228787452803376
-0.7311490774154663,-0.6845226883888245,-0.7471377849578857,-0.6777807052660807
-0.8145561814308167,-0.7634595036506653,-0.7956416606903076,-1.3979400086720375
-0.6040279269218445,-0.5889109969139099,-0.6276901960372925,-0.4814860601221125
-0.5948082804679871,-0.6269268989562988,-0.5519550442695618,-0.5376020021010439
-0.5892123579978943,-0.6128985285758972,-0.6160686612129211,-0.585026652029182
-0.7600102424621582,-0.7342568039894104,-0.8122538924217224,-0.6989700043360187
-0.7979331612586975,-0.8795396089553833,-0.8793119788169861,-1.5228787452803376
-0.6776193380355835,-0.6848128437995911,-0.7244194746017456,-0.5376020021010439
-0.609367311000824,-0.6410135626792908,-0.66513592004776,-0.6020599913279624
-0.6573343873023987,-0.7288476824760437,-0.7259202599525452,-0.638272163982407
-0.9899412989616394,-0.8412298560142517,-0.9213920831680298,-0.721246399047171
-0.9402623176574707,-0.9885450005531311,-0.9100305438041687,-1.5228787452803376
-0.8243667483329773,-0.8145483136177063,-0.9146270155906677,-0.6575773191777937
-0.7876107692718506,-0.7755674719810486,-0.757129967212677,-0.721246399047171
-0.7958877086639404,-0.7743501663208008,-0.8091261982917786,-0.7695510786217261
-1.0514532327651978,-0.9438461065292358,-1.0704684257507324,-0.8538719643217619
-0.8220334649085999,-0.9721305966377258,-0.8957659602165222,-0.5528419686577808
-0.7160732746124268,-0.7023380398750305,-0.7762992978096008,-0.619788758288394
-0.6875326037406921,-0.6969215273857117,-0.7250804305076599,-0.6575773191777937
-0.7165956497192383,-0.7275873422622681,-0.7085888385772705,-0.6989700043360187
-0.8484941124916077,-0.9235226511955261,-0.8647080659866333,-0.744727494896694
-0.9308695197105408,-0.7869365215301514,-0.8340471982955933,-0.46852108295774486
-0.6268349289894104,-0.7141957879066467,-0.6116985082626343,-0.5228787452803376
-0.5436393022537231,-0.5670785903930664,-0.6232583522796631,-0.5528419686577808
-0.6414883136749268,-0.6624165177345276,-0.6638327240943909,-0.585026652029182
-0.7962629199028015,-0.7598374485969543,-0.7537989020347595,-0.6020599913279624
-1.255488634109497,-1.2652339935302734,-1.1741458177566528,-0.7695510786217261
-1.0503208637237549,-1.0027216672897339,-1.1463737487792969,-0.8860566476931632
-1.0725067853927612,-1.0441981554031372,-1.0115104913711548,-1.0
-1.1445527076721191,-1.0281068086624146,-1.018293023109436,-1.0457574905606752
-1.1708918809890747,-1.1410541534423828,-1.1340192556381226,-1.3010299956639813
-0.9147258400917053,-0.9494255781173706,-0.9233269691467285,-0.8601209135987634
-0.7822839021682739,-0.7515794634819031,-0.7386663556098938,-0.721246399047171
-0.8486093282699585,-0.9354032278060913,-0.968843936920166,-0.9393021596463883
-0.9519105553627014,-0.9448272585868835,-0.9521614909172058,-0.9956786262173574
-0.7565941214561462,-0.7963536381721497,-0.7901447415351868,-0.7495799976911061
-0.9324308633804321,-1.005085825920105,-0.9850276708602905,-1.0604807473813815
-0.7789621353149414,-0.8684596419334412,-0.8487833142280579,-0.7772835288524167
-1.0915553569793701,-1.1473039388656616,-1.1440454721450806,-1.1674910872937636
-0.7967035174369812,-0.8387669324874878,-0.7909992337226868,-0.8210230527068306
-1.0912607908248901,-1.022748589515686,-0.9905843734741211,-0.8996294548824371
-0.26012104749679565,-0.2629120349884033,-0.27440375089645386,-0.44369749923271273
-0.18067523837089539,-0.24309714138507843,-0.35833224654197693,-0.5528419686577808
-0.20494690537452698,-0.28726717829704285,-0.32078880071640015,-0.7958800173440752
-0.2822060286998749,-0.3751894533634186,-0.45473524928092957,-1.0969100130080565
-0.4432412087917328,-0.5377417802810669,-0.5971964597702026,-0.24382048315619081
-0.4490874409675598,-0.3717186748981476,-0.4737504720687866,-0.5757719293040201
-0.650874674320221,-0.7724823951721191,-0.8941735029220581,-0.8024437868464636
-0.5305731892585754,-0.6308029294013977,-0.6127089858055115,-0.7695510786217261
-0.8557778000831604,-0.8720030188560486,-0.9003744721412659,-1.2218487496163564
-0.9458385109901428,-0.929746150970459,-1.0538697242736816,-1.3979400086720375
-1.078960657119751,-1.0602397918701172,-1.0121992826461792,-1.3767507096020994
-1.0859177112579346,-1.0968959331512451,-1.1839795112609863,-1.3010299956639813
-1.1024712324142456,-1.1554418802261353,-1.1325982809066772,-1.207608310501746
-1.1138306856155396,-1.0298677682876587,-1.1661763191223145,-1.0555173278498313
-0.9677740335464478,-1.0108736753463745,-1.0334675312042236,-1.3098039199714864
-0.9761401414871216,-0.9213455319404602,-0.9988383650779724,-1.408935392973501
-1.1959242820739746,-1.2210547924041748,-1.2178891897201538,-1.3187587626244128
-1.2273640632629395,-1.2454441785812378,-1.2235543727874756,-1.2596373105057561
-1.1079012155532837,-1.0584063529968262,-1.0476295948028564,-1.3467874862246563
-1.1917688846588135,-1.2068175077438354,-1.1626534461975098,-1.3010299956639813
-1.2153830528259277,-1.2641788721084595,-1.2714494466781616,-1.193820026016113
-1.137964129447937,-1.1699641942977905,-1.1317164897918701,-1.0555173278498313
-1.0912657976150513,-1.071560025215149,-1.1074506044387817,-1.3979400086720375
-0.5711787343025208,-0.5681673884391785,-0.5562998652458191,-1.154901959985743
-1.439267873764038,-1.5104622840881348,-1.0954920053482056,-1.6989700043360187
-0.6489537358283997,-0.5833605527877808,-0.6415734887123108,-0.6055483191737837
-0.6873688101768494,-0.6138515472412109,-0.6585386395454407,-0.575118363368933
-0.7445762753486633,-0.6932584047317505,-0.6739058494567871,-0.692503962086787
-0.6744531393051147,-0.7395386695861816,-0.7047048807144165,-0.744727494896694
-0.7891294360160828,-0.7489075660705566,-0.8391755819320679,-0.7544873321858502
-0.8691108822822571,-0.83899986743927,-0.8221777081489563,-0.7878123955960422
-0.8711900115013123,-0.8299990296363831,-0.887001097202301,-0.790484985457369
-1.1752889156341553,-1.0693296194076538,-1.1896480321884155,-0.8416375079047503
-0.8857759237289429,-0.7817962169647217,-0.7748969793319702,-1.3010299956639813
-2.134443998336792,-1.8613734245300293,-1.9377142190933228,-3.0
-0.6514372825622559,-0.697965145111084,-0.6898056268692017,-0.8538719643217619
-0.840268611907959,-0.8072912693023682,-0.7190309762954712,-0.7695510786217261
-0.752260148525238,-0.836173951625824,-0.7462792992591858,-0.744727494896694
-0.8640137910842896,-0.905726432800293,-0.9419497847557068,-0.8356471442155629
-0.9803974628448486,-0.8697504997253418,-0.9448544979095459,-0.8538719643217619
-0.8882681727409363,-1.0368216037750244,-0.9189555644989014,-0.8386319977650252
-0.824000895023346,-0.8544093370437622,-0.7943686842918396,-0.7958800173440752
-0.7236120104789734,-0.8381307721138,-0.7580803036689758,-0.721246399047171
-0.9898864030838013,-0.9528833031654358,-0.817230761051178,-0.785156151952302
-0.7635720372200012,-0.8907073736190796,-0.7863438725471497,-0.6289321377282637
-0.6038774847984314,-0.6561903357505798,-0.5156069397926331,-0.6575773191777937
-0.4068881869316101,-0.4185948967933655,-0.40155041217803955,-0.5376020021010439
-0.6169043183326721,-0.6644313335418701,-0.8584281206130981,-2.0
-0.6281633377075195,-1.088778018951416,-0.7577003836631775,-0.27572413039921095
-0.7595470547676086,-0.5889003872871399,-0.6138269305229187,-0.8961962790440432
-0.5136106014251709,-0.6033942103385925,-0.5738716721534729,-1.0969100130080565
-0.06837568432092667,-0.3062531650066376,-0.14012040197849274,-0.8860566476931632
0.09086498618125916,-0.06373833119869232,0.13553372025489807,-0.27572413039921095
0.10156751424074173,0.11706138402223587,0.09940964728593826,-0.8239087409443188
0.04246148467063904,0.0609685555100441,0.11825153231620789,-0.8239087409443188
-0.38317084312438965,-0.21304140985012054,-0.17305003106594086,-0.5228787452803376
-0.07893756031990051,-0.1260879635810852,-0.010066897608339787,0.7923916894982539
-0.5378900766372681,-0.3943885862827301,-0.3915894627571106,-1.2218487496163564
-0.20704300701618195,-0.27944135665893555,-0.10748260468244553,-0.6989700043360187
-0.4413449466228485,-0.5997869968414307,-0.49627313017845154,-0.6020599913279624
-0.8502587080001831,-0.893104612827301,-1.1481186151504517,-1.0705810742857071
-1.103135347366333,-1.0883629322052002,-1.0766624212265015,-0.7931741239681502
-0.02110731229186058,-0.22201211750507355,-0.1223459541797638,0.414973347970818
0.015044394880533218,0.2551364600658417,0.20731140673160553,0.05690485133647255
0.038730114698410034,-0.1550220400094986,-0.20448479056358337,0.05690485133647255
0.06012033671140671,0.013132551684975624,0.11731549352407455,0.4471580313422192
0.28580960631370544,0.32031726837158203,0.5077844858169556,0.1553360374650618
0.25595587491989136,0.24538208544254303,0.41936686635017395,0.13353890837021754
0.2193295657634735,0.26418110728263855,0.20957444608211517,-0.031517051446064856
-0.014121469110250473,-0.043353136628866196,0.000566151924431324,0.36921585741014284
0.48723217844963074,0.5000360608100891,0.33961206674575806,0.11058971029924897
-1.3274102210998535,-1.4064764976501465,-1.439813494682312,-0.7622954418286619
-1.4555455446243286,-1.4495534896850586,-1.2406094074249268,-2.3549709352788577
-1.2594562768936157,-1.2825965881347656,-1.3246746063232422,-0.6952639584468989
-1.0427411794662476,-1.0322462320327759,-0.9955272674560547,-0.7083292910333987
-1.4291821718215942,-1.4535338878631592,-1.5601568222045898,-1.1246608770454607
-1.32920241355896,-1.376560091972351,-1.4233149290084839,-1.0413166902732505
-1.137466311454773,-1.173112392425537,-1.0543313026428223,-1.032953061714837
-1.4413294792175293,-1.5883870124816895,-1.2731645107269287,-2.374687549038326
-1.5460048913955688,-1.6193931102752686,-1.6217042207717896,-1.4921711039544716
-1.2189563512802124,-1.2254372835159302,-1.2046691179275513,-1.3998005974303367
-1.438462495803833,-1.4427189826965332,-1.5389469861984253,-1.4496982512629177
-1.5753518342971802,-1.6997233629226685,-1.4231523275375366,-2.3988094673846665
-1.6262807846069336,-1.6090092658996582,-1.4787741899490356,-1.9034723343935602
-1.9236434698104858,-1.879561185836792,-1.9693347215652466,-2.595679532778269
-0.22001957893371582,-0.24078764021396637,-0.2644634246826172,-0.4814860601221125
-0.18834325671195984,-0.09581432491540909,-0.1449251025915146,-0.23657200643706278
0.018227720633149147,0.009719112887978554,0.07554390281438828,0.021189299069938092
-0.47280487418174744,-0.5486626029014587,-0.42834344506263733,0.2304489213782739
-0.41153401136398315,-0.5605742335319519,-0.4133121073246002,-0.42021640338318983
-0.44143640995025635,-0.5041537880897522,-0.4172409474849701,0.04139268515822507
-0.3128837049007416,-0.32435929775238037,-0.35568687319755554,-0.1549019599857432
-0.15893420577049255,-0.15072126686573029,-0.20804628729820251,-0.22184874961635637
-0.31721219420433044,-0.10635647922754288,-0.15970470011234283,-0.22184874961635637
-0.33010417222976685,-0.24258333444595337,-0.25459641218185425,0.04139268515822507
0.0022998168133199215,-0.0724182054400444,-0.04738469421863556,0.0
-0.04943889006972313,-0.06245913356542587,-0.12342473864555359,0.17609125905568124
0.11617216467857361,0.004028868395835161,0.013719508424401283,0.2304489213782739
0.005537243094295263,-0.10663896054029465,0.1636679321527481,0.3424226808222063
-0.5127975344657898,-0.5573616623878479,-0.6023643612861633,-1.147867825178142
-0.7985896468162537,-0.6948505640029907,-0.8069852590560913,-1.18861939781828
-0.7525019645690918,-0.7286472916603088,-0.7701790928840637,-1.2887919201413667
-0.8756205439567566,-0.9291288256645203,-0.9449478387832642,-1.3226577190884612
-1.225189208984375,-1.3209385871887207,-1.2578222751617432,-1.4648831791970478
-1.6786390542984009,-1.7558165788650513,-1.866351842880249,-1.8239087409443189
-1.4102832078933716,-1.3406941890716553,-1.4055660963058472,-1.585026652029182
-1.3346984386444092,-1.2856395244598389,-1.407474398612976,-1.4685210829577449
-1.4778571128845215,-1.391450047492981,-1.3301457166671753,-0.7695510786217261
-1.407878041267395,-1.2802801132202148,-1.3767099380493164,-0.8860566476931632
-1.213038444519043,-1.4086940288543701,-1.3774769306182861,-0.958607314841775
-1.6872503757476807,-1.6968408823013306,-1.7236552238464355,-1.0705810742857071
-1.2980691194534302,-1.2030304670333862,-1.229948878288269,-1.154901959985743
-1.44074285030365,-1.3509299755096436,-1.4956138134002686,-0.9913998282380825
-0.7393132448196411,-0.7018682360649109,-0.7968529462814331,-0.6716203965612623
-0.8144800662994385,-0.7362271547317505,-0.8806918263435364,-0.7644715530924511
-1.0965367555618286,-0.856532871723175,-0.9598922729492188,-0.9244530386074693
0.3782678246498108,0.4010906219482422,0.37513163685798645,0.6532125137753437
0.5648033022880554,0.5905405282974243,0.6375406980514526,0.38560627359831223
-1.0696390867233276,-1.0543951988220215,-1.1600000858306885,-0.958607314841775
-1.1808725595474243,-1.155200481414795,-1.1765505075454712,-1.1487416512809248
-1.2463175058364868,-1.1996254920959473,-1.2448021173477173,-1.2628073572952627
-1.1631611585617065,-1.131396770477295,-1.1371217966079712,-1.0
-0.959801435470581,-1.0264780521392822,-0.9749587774276733,-0.9208187539523752
-1.0400127172470093,-1.06508469581604,-1.1292665004730225,-1.0736575533743449
-1.0198360681533813,-1.1703314781188965,-1.184378981590271,-1.2410881076020264
-1.045009732246399,-1.0995646715164185,-1.0757471323013306,-0.958607314841775
-0.9120877981185913,-0.9269660711288452,-0.9881351590156555,-0.9208187539523752
-1.0129832029342651,-0.9395735263824463,-1.0003526210784912,-1.056011124926228
-0.9621281027793884,-1.0209916830062866,-1.0579158067703247,-1.2232988160115892
-0.9960852265357971,-0.948642373085022,-1.0198700428009033,-0.958607314841775
-0.8701543807983398,-0.9333279728889465,-0.9063827991485596,-0.9208187539523752
-0.9886995553970337,-1.0743610858917236,-0.971480667591095,-1.0400051616715837
-1.036395788192749,-1.08986496925354,-1.0367013216018677,-1.2132485778544388
-1.003300428390503,-0.968196451663971,-1.0040614604949951,-0.958607314841775
-0.8526917695999146,-0.8060607314109802,-0.9649746417999268,-0.3565473235138126
-0.8293811678886414,-0.8956112861633301,-1.0402120351791382,-0.494850021680094
-0.9264582395553589,-0.9218713045120239,-0.9220979809761047,-0.638272163982407
-0.9548805356025696,-1.0271145105361938,-0.9601055383682251,-0.8538719643217619
-1.2244683504104614,-1.1933374404907227,-1.123848557472229,-1.3010299956639813
-0.2254716455936432,-0.19281287491321564,-0.42754146456718445,0.11394335230683678
-1.2936166524887085,-1.1852866411209106,-1.2164689302444458,-1.3010299956639813
-1.0831069946289062,-1.1284701824188232,-1.1866240501403809,-1.0969100130080565
-1.0622309446334839,-1.1550722122192383,-1.0648527145385742,-0.8538719643217619
-1.4729593992233276,-1.4570962190628052,-1.4572839736938477,-1.5228787452803376
-0.3640051782131195,-0.29919955134391785,-0.41323164105415344,0.17926446433902532
0.09450722485780716,0.13984577357769012,-0.02457289956510067,-0.11294562194904302
0.2201349437236786,0.28302276134490967,0.3404689133167267,-0.6635402661514704
-0.6576920747756958,-0.7172800898551941,-0.6259322762489319,-0.744727494896694
-0.7361307144165039,-0.6935796737670898,-0.7336108088493347,-0.585026652029182
-0.752635657787323,-0.7395556569099426,-0.6876540780067444,-0.7695510786217261
-0.6546770930290222,-0.6699298620223999,-0.755839467048645,-0.6020599913279624
-0.8130300641059875,-0.8049029111862183,-0.8011742830276489,-0.8538719643217619
-0.8875691294670105,-0.8105829358100891,-0.8129464983940125,-0.6777807052660807
-0.8772724270820618,-0.8160613775253296,-0.8583366274833679,-0.8860566476931632
-0.8959035277366638,-0.8429209589958191,-0.9424872994422913,-0.7695510786217261
-0.9678736329078674,-0.9611691236495972,-1.0039093494415283,-0.8209425287452897
-1.0641746520996094,-1.1066805124282837,-1.1456836462020874,-1.186539109459555
-1.0124239921569824,-1.023133635520935,-1.005913257598877,-1.0457574905606752
-0.9859235286712646,-0.9321660399436951,-0.993421196937561,-0.9030899869919435
-0.9386100769042969,-0.8713179230690002,-0.9045315384864807,-0.7668921556946119
-1.0156995058059692,-1.0529513359069824,-0.9929346442222595,-0.9548687791235029
-0.9207606911659241,-1.0016074180603027,-0.9537820816040039,-0.8767594132816814
-1.0319114923477173,-1.076429009437561,-1.1016325950622559,-0.9875888458069761
-0.9402236938476562,-0.9546822309494019,-0.9427404999732971,-0.8079904073463299
-1.0025553703308105,-0.9157199859619141,-1.0210165977478027,-0.7311553558532908
-0.8333008885383606,-0.7903162240982056,-0.8405152559280396,-0.7356639445104669
-0.9366235136985779,-0.8196611404418945,-0.807612419128418,-0.8788736818071115
-0.822830319404602,-0.882594645023346,-0.9720679521560669,-0.7535900597763822
-0.9313477873802185,-0.9137269854545593,-0.9829692840576172,-0.8407216304182816
-0.8298472166061401,-0.80034339427948,-0.7427741289138794,-0.7244583115986905
-0.7864224314689636,-0.8567823171615601,-0.8282324075698853,-0.6353008257633614
-0.7374123334884644,-0.7132555246353149,-0.7662320733070374,-0.7195559448150182
-0.7535693049430847,-0.8426353335380554,-0.8628857731819153,-0.7986738981943117
-0.7383434176445007,-0.6006221175193787,-0.7357668280601501,-0.6989700043360187
-0.627679705619812,-0.6765739917755127,-0.7668536305427551,-0.6087931025529644
-0.34517931938171387,-0.462144136428833,-0.34883448481559753,-0.49894073778224846
-0.3377591073513031,-0.4315841794013977,-0.2851335406303406,-0.38827669199265824
-0.401963472366333,-0.2719348967075348,-0.38489457964897156,-0.36957212497497616
-0.4543846845626831,-0.5347036123275757,-0.47639256715774536,-0.35066514128785814
-0.5149576663970947,-0.5282802581787109,-0.43357324600219727,-0.25414480482627105
-0.5643975138664246,-0.5268611907958984,-0.5124291181564331,-0.906578314837765
-0.6405659914016724,-0.7202621102333069,-0.7276042699813843,-0.6439741428068773
-0.722654402256012,-0.6353291273117065,-0.7047415971755981,-0.7258421507363202
-0.6194420456886292,-0.7025748491287231,-0.6775320172309875,-0.6777807052660807
-0.694116473197937,-0.6438406109809875,-0.7433694005012512,-0.744727494896694
-0.5841208100318909,-0.5948079824447632,-0.5351381897926331,-0.7798919119599449
-1.014073371887207,-0.9519278407096863,-0.9716549515724182,-0.8153085691824012
-0.9150611758232117,-0.8843758702278137,-0.9016620516777039,-0.8860566476931632
-0.7697716951370239,-0.7843201160430908,-0.791665256023407,-0.9100948885606021
-0.5757330060005188,-0.5711095929145813,-0.6421048045158386,-0.8386319977650252
-0.6869046092033386,-0.7693410515785217,-0.7284204959869385,-0.6478174818886375
-0.7609452605247498,-0.7655189633369446,-0.7205877304077148,-0.7328282715969863
-0.6490483283996582,-0.6759461760520935,-0.6764215230941772,-0.6777807052660807
-0.7186497449874878,-0.6686347126960754,-0.6590785384178162,-0.744727494896694
-0.5655715465545654,-0.6222323179244995,-0.5418897867202759,-0.785156151952302
-0.979831337928772,-0.919929027557373,-0.968532145023346,-0.826813731587726
-0.9565640687942505,-0.9217475652694702,-0.8857507109642029,-0.8860566476931632
-0.7914363145828247,-0.8035296201705933,-0.8289654850959778,-0.9172146296835499
-0.7823925018310547,-0.7501848340034485,-0.7915224432945251,-0.707743928643524
-0.7759825587272644,-0.7969798445701599,-0.804961621761322,-0.8446639625349383
-0.7148105502128601,-0.7168262600898743,-0.7620971202850342,-0.744727494896694
-0.6513650417327881,-0.7153089046478271,-0.7598620653152466,-0.8538719643217619
-0.6723619103431702,-0.6329529881477356,-0.7135951519012451,-0.7644715530924511
-0.6455142498016357,-0.6136939525604248,-0.6237359642982483,-0.8996294548824371
-1.0708627700805664,-1.0201666355133057,-1.0099453926086426,-0.9469215565165803
-0.9635884761810303,-0.9194586277008057,-0.9466224312782288,-1.0457574905606752
-0.8261157870292664,-0.8461592197418213,-0.8582319617271423,-1.1135092748275182
-0.8291984796524048,-0.84269118309021,-0.8857027292251587,-0.790484985457369
-0.8637329936027527,-0.8835141062736511,-0.8194195628166199,-0.9706162223147904
-0.8021981716156006,-0.8130427598953247,-0.873181939125061,-0.8239087409443188
-0.7879163026809692,-0.8212765455245972,-0.8414323329925537,-0.9208187539523752
-0.732700526714325,-0.6839610934257507,-0.7474886775016785,-0.978810700930062
-1.1330546140670776,-1.0795894861221313,-1.122109293937683,-1.0409586076789064
-1.0530130863189697,-0.9848664402961731,-1.0404987335205078,-1.0969100130080565
-0.7122629284858704,-0.7424048185348511,-0.7339250445365906,-0.692503962086787
-0.9599115252494812,-0.9276236295700073,-0.9510159492492676,-1.1739251972991736
-0.9442625045776367,-0.8796543478965759,-0.9839423298835754,-0.8096683018297085
-0.8681842088699341,-0.8385639190673828,-0.855623185634613,-0.7495799976911061
-0.5598289370536804,-0.5577487945556641,-0.5674461722373962,-0.7328282715969863
-1.1757335662841797,-1.1129134893417358,-1.1138875484466553,-1.0861861476162833
-1.1079435348510742,-1.0618759393692017,-1.127781629562378,-1.0555173278498313
-1.0630332231521606,-1.0373555421829224,-0.9950447678565979,-1.0268721464003012
-0.9514650106430054,-0.9916368722915649,-0.9987861514091492,-1.013228265733755
-0.744144082069397,-0.7629329562187195,-0.7853894233703613,-1.0
-0.9366260170936584,-0.9617645144462585,-0.8762235045433044,-0.8538719643217619
-0.929366946220398,-0.8638380765914917,-0.887818455696106,-0.8239087409443188
-1.1695356369018555,-1.1264426708221436,-1.1530482769012451,-1.154901959985743
-0.5814152956008911,-0.7110104560852051,-0.5503438115119934,-0.7958800173440752
-1.215986728668213,-1.149087905883789,-1.1422584056854248,-1.154901959985743
-1.0674017667770386,-1.099165678024292,-1.0881017446517944,-1.0969100130080565
-1.0025657415390015,-0.9472646117210388,-0.9429614543914795,-1.0969100130080565
-0.9438900947570801,-0.9140794277191162,-0.8465867638587952,-1.0457574905606752
-1.1222734451293945,-1.1504995822906494,-1.0356980562210083,-0.8356471442155629
-1.084787368774414,-1.0989681482315063,-1.0833073854446411,-1.0087739243075051
-0.9895778894424438,-1.0533716678619385,-1.0806792974472046,-0.8538719643217619
-1.0557209253311157,-1.0692275762557983,-1.0368783473968506,-1.0457574905606752
-0.9644887447357178,-0.956464409828186,-0.8751295208930969,-1.0861861476162833
-1.3355448246002197,-1.3057761192321777,-1.3151029348373413,-1.1249387366083
-1.2037140130996704,-1.3012280464172363,-1.232967734336853,-1.2218487496163564
-1.18622624874115,-1.1180694103240967,-1.1578330993652344,-1.2839966563652008
-1.0283913612365723,-0.9819023013114929,-0.976057231426239,-0.6903698325741012
-1.1730339527130127,-1.085955023765564,-1.0059512853622437,-0.9208187539523752
-1.1422066688537598,-1.084610104560852,-1.0613185167312622,-0.8632794328435931
-1.410546064376831,-1.3219558000564575,-1.3998585939407349,-1.3187587626244128
-0.7942379713058472,-0.8277607560157776,-0.7289837598800659,-0.826813731587726
-1.294875144958496,-1.334594964981079,-1.2869292497634888,-1.275724130399211
-1.2765164375305176,-1.2047556638717651,-1.221086025238037,-1.214670164989233
-1.1572476625442505,-1.1436511278152466,-1.041602373123169,-1.1611509092627446
-1.0502803325653076,-1.0827447175979614,-0.9853019714355469,-1.1307682802690238
-1.921541690826416,-1.941680908203125,-1.7591357231140137,-2.0
-1.6692274808883667,-1.620985984802246,-1.5741512775421143,-2.0
-1.8358256816864014,-1.8912391662597656,-1.81951105594635,-1.5228787452803376
-2.0127594470977783,-2.030100107192993,-2.3007564544677734,-1.585026652029182
-1.7272394895553589,-1.8798656463623047,-1.347690463066101,-1.8860566476931633
-1.6158503293991089,-1.5746104717254639,-1.1076544523239136,-2.154901959985743
-2.368040084838867,-2.053138494491577,-2.056811809539795,-0.6777807052660807
-0.3930903971195221,-0.3561411499977112,-0.9860462546348572,-1.3979400086720375
-0.46219244599342346,-0.1998717188835144,-0.5581350922584534,-0.8860566476931632
-0.9955030083656311,-0.983109176158905,-1.0292538404464722,-0.7024583321818402
-1.0617423057556152,-1.0160069465637207,-1.0860507488250732,-0.7695510786217261
-1.120253324508667,-1.1103196144104004,-1.1422008275985718,-1.0486624812040823
-1.2449387311935425,-1.2620699405670166,-1.2941937446594238,-1.2814983111327258
-1.1649301052093506,-1.1222721338272095,-1.088320016860962,-2.065501548756432
-1.0738953351974487,-1.0001814365386963,-0.9748525023460388,-1.8860566476931633
-1.5026170015335083,-1.4609622955322266,-1.378766655921936,-1.4225082001627747
-0.15186382830142975,-0.1504887193441391,-0.18415245413780212,0.021189299069938092
-0.08383958786725998,-0.07006768882274628,-0.1015031635761261,0.13353890837021754
-0.032211095094680786,-0.05088301748037338,-0.012862851843237877,0.15228834438305647
-0.30476176738739014,-0.29394838213920593,-0.28866854310035706,-0.07572071393811836
-0.20474234223365784,-0.19181008636951447,-0.17739048600196838,0.03742649794062367
0.09079732745885849,0.0013763954630121589,-0.009081692434847355,0.19865708695442263
0.10483500361442566,0.07179628312587738,0.044771045446395874,0.2576785748691845
0.134018212556839,0.12610487639904022,0.11082679778337479,0.2787536009528289
0.32485470175743103,0.25061774253845215,0.2720365524291992,0.3979400086720376
-0.588581919670105,-0.504585862159729,-0.5630373358726501,-1.0969100130080565
-0.9302476048469543,-0.7465938329696655,-0.8051315546035767,-1.4559319556497243
-0.7705121636390686,-0.7314372658729553,-0.7696011662483215,-1.337242168318426
-0.5258687734603882,-0.5921729803085327,-0.6540521383285522,-1.2218487496163564
-1.650131344795227,-1.6872957944869995,-1.7352452278137207,-1.1426675035687315
-0.6366572976112366,-0.8471593260765076,-0.6455170512199402,-0.7818848136954515
-0.9826326966285706,-0.7916861176490784,-0.7631261944770813,-0.8142879001299939
-1.0046683549880981,-0.8078619837760925,-0.7246466279029846,-0.8766711330736523
-0.7176050543785095,-0.6104444861412048,-0.78985196352005,-0.9071390566611826
-0.477447509765625,-0.3442866802215576,-0.4360436797142029,-0.0735546521816107
-0.6556016206741333,-0.8462242484092712,-0.7497959136962891,-1.065299598284575
-0.42577096819877625,-0.4258842170238495,-0.5254020094871521,-0.3699791488865901
-0.7352998852729797,-0.9136168956756592,-0.7868439555168152,-1.3182162335321188
-0.6860092878341675,-0.49792441725730896,-0.6175330281257629,-0.4659738939438649
-0.627601146697998,-0.4311201274394989,-0.5693668723106384,-0.47873112440161475
-0.7533574104309082,-0.4536089599132538,-0.6141829490661621,-0.6307841425898572
-0.6018719673156738,-0.5892831683158875,-0.6043655872344971,-1.0457574905606752
-1.206403374671936,-1.0738457441329956,-1.075340986251831,0.29587484521737917
-0.9175347685813904,-0.9057938456535339,-1.0721238851547241,-1.3867926478962402
-2.0105643272399902,-2.069939613342285,-2.131747007369995,-2.0
-1.615634560585022,-1.5768241882324219,-1.5812692642211914,-2.0
-1.5855027437210083,-1.546988844871521,-1.5118119716644287,-1.5228787452803376
-1.4346089363098145,-1.2677363157272339,-1.5681806802749634,-1.3010299956639813
0.6089457869529724,0.5616868734359741,0.5417457818984985,0.515873843711679
-0.1712706983089447,-0.18938978016376495,-0.11694088578224182,-0.494850021680094
-0.1498647928237915,-0.1449682116508484,-0.11617199331521988,-0.46852108295774486
-0.20320363342761993,-0.2649505138397217,-0.35905176401138306,-0.06550154875643228
-0.11878740042448044,-0.2925567030906677,-0.07413426041603088,-0.10237290870955855
-0.15821972489356995,-0.24904538691043854,-0.28337913751602173,0.08278537031645007
-0.47814783453941345,-0.5025780200958252,-0.4744132161140442,-0.22184874961635637
-0.658769965171814,-0.6773378849029541,-0.5203461050987244,-0.22914798835785583
-0.26008620858192444,-0.04633612558245659,-0.0460086353123188,-0.07058107428570727
-0.0815214216709137,-0.16317011415958405,-0.25879132747650146,-1.154901959985743
-0.007224593311548233,0.03145010396838188,-0.130647212266922,-1.207608310501746
-0.06174999102950096,-0.12991084158420563,-0.13299520313739777,-0.22184874961635637
0.559358537197113,0.5103151202201843,0.51287442445755,0.17609125905568124
-0.16471078991889954,-0.17363812029361725,-0.08592107892036438,-0.045757490560675115
-0.13910427689552307,-0.08523543179035187,-0.09033706784248352,0.04139268515822507
-0.13602706789970398,-0.13763917982578278,-0.21553348004817963,-0.09691001300805639
-0.2042248398065567,-0.24806874990463257,-0.23121897876262665,-0.045757490560675115
-0.08110920339822769,-0.033815909177064896,-0.0694291964173317,0.06069784035361165
-0.23466083407402039,-0.23021604120731354,-0.2803694009780884,-0.045757490560675115
-0.05440173298120499,-0.03389711305499077,-0.08603450655937195,-0.022276394711152253
-1.6183817386627197,-1.718748927116394,-1.7046728134155273,-1.8239087409443189
-1.7069482803344727,-1.8100775480270386,-1.561074137687683,-1.744727494896694
-1.7583078145980835,-1.750727653503418,-1.6824562549591064,-1.7212463990471711
-2.024411678314209,-2.05682373046875,-2.09879469871521,-2.0
-2.0682196617126465,-2.0515804290771484,-2.0493385791778564,-2.0
-2.0650293827056885,-2.0696189403533936,-2.073740005493164,-2.0
-0.43972429633140564,-0.40515366196632385,-0.31501373648643494,-0.3979400086720376
-0.283128947019577,-0.26908165216445923,-0.36744174361228943,-0.1549019599857432
-0.08332914859056473,-0.04467283561825752,-0.12208984047174454,0.07918124604762482
0.1336565464735031,0.06798388808965683,-0.01349374745041132,0.17609125905568124
0.015036489814519882,0.08111192286014557,-0.08739202469587326,-0.3979400086720376
-0.14909246563911438,-0.08859769254922867,-0.05141940712928772,0.0
0.04702331870794296,0.15060661733150482,0.09514985978603363,0.3010299956639812
0.2895152270793915,0.3603607416152954,0.3489152193069458,0.47712125471966244
0.04180293530225754,0.24999262392520905,0.05834056809544563,-0.3467874862246563
0.08710821717977524,0.07982686907052994,0.04599945247173309,0.146128035678238
0.2750726640224457,0.45011162757873535,0.271907776594162,0.4471580313422192
0.3643791377544403,0.38972893357276917,0.47026488184928894,0.5797835966168101
0.26201632618904114,0.3587343692779541,0.11214930564165115,-0.3010299956639812
0.1122191846370697,0.14580285549163818,0.282756507396698,0.3010299956639812
0.5566429495811462,0.5432624220848083,0.5539550185203552,0.7403626894942439
0.38553139567375183,0.3855624496936798,0.44068846106529236,0.4913616938342727
0.803010106086731,0.7502519488334656,0.747503936290741,0.8344207036815325
-0.1913444697856903,-0.22645629942417145,-0.17943118512630463,0.2600713879850748
0.05502050369977951,-0.005196625832468271,-0.02513350546360016,0.25527250510330607
0.8468858003616333,0.9203590154647827,0.8776554465293884,0.9916690073799486
-0.11166683584451675,0.006408492103219032,-0.42134803533554077,0.25527250510330607
-0.2901054322719574,-0.2951039671897888,-0.33551400899887085,-0.5100415205751654
-0.414620965719223,-0.45176929235458374,-0.4295380711555481,-0.5436339668709571
-0.5412352681159973,-0.45201870799064636,-0.4828431010246277,-0.5833594926617189
-0.43876779079437256,-0.4609214961528778,-0.4896509051322937,-0.6073030467403343
-0.42300790548324585,-0.4008180499076843,-0.4262853264808655,-0.5512936800949201
-0.4120239317417145,-0.4768088757991791,-0.4832758605480194,-0.5767541260631921
-0.5296794176101685,-0.5926799178123474,-0.5682051181793213,-0.6038006529042637
-0.47275716066360474,-0.49339374899864197,-0.4856289327144623,-0.6345120151091003
-0.4904122054576874,-0.3715444803237915,-0.3484038710594177,-0.5734887386354247
-0.5171363353729248,-0.573136031627655,-0.5540536046028137,-0.5985994592184558
-0.5871212482452393,-0.6159297823905945,-0.593070387840271,-0.6289321377282637
-0.5410648584365845,-0.5161347389221191,-0.5507957339286804,-0.6716203965612623
-0.4759369194507599,-0.5455058217048645,-0.3864600956439972,-0.6497519816658371
-0.5443474054336548,-0.5563858151435852,-0.5775399208068848,-0.6968039425795111
-0.732682466506958,-0.6640879511833191,-0.6442061066627502,-0.7328282715969863
-0.5852140188217163,-0.580238401889801,-0.6640111207962036,-0.7878123955960422
-0.697969913482666,-0.660637378692627,-0.570853590965271,-0.6716203965612623
-0.7126451730728149,-0.7529640793800354,-0.634349524974823,-0.7772835288524167
-0.7954599261283875,-0.820254921913147,-0.736761212348938,-0.8477116556169436
-0.6728033423423767,-0.7563754320144653,-0.7619740962982178,-0.8927900303521317
-0.531425416469574,-0.5507990717887878,-0.5457841753959656,-0.5214335044061567
-0.6195693612098694,-0.6511563658714294,-0.6883129477500916,-0.6179829574251317
-0.6462920308113098,-0.6463899612426758,-0.7248436212539673,-0.7099653886374819
-0.6965843439102173,-0.6652416586875916,-0.646561324596405,-0.826813731587726
-0.39944157004356384,-0.41158509254455566,-0.4840554893016815,-0.34008379993014975
-0.5645284056663513,-0.5566115379333496,-0.5411503314971924,-0.4854522473397139
-0.6136953830718994,-0.6510307788848877,-0.5611935257911682,-0.5654310959658013
-0.4548552632331848,-0.5324262976646423,-0.5640019774436951,-0.638272163982407
-0.2737809121608734,-0.32392627000808716,-0.28361812233924866,-0.6989700043360187
-0.2290649116039276,-0.21820233762264252,-0.18465708196163177,-0.1549019599857432
0.10282886773347855,0.05775893107056618,0.053266484290361404,0.22788670461367355
0.14645002782344818,0.08363683521747589,0.06654366850852966,0.3010299956639812
-0.04419029504060745,-0.04987740144133568,-0.0732400119304657,-0.045757490560675115
0.18799206614494324,0.08365800231695175,0.16631564497947693,0.3979400086720376
0.054480914026498795,-0.029869329184293747,-0.0018932530656456947,-0.1549019599857432
0.24116730690002441,0.2434828132390976,0.07620063424110413,0.2304489213782739
0.252404123544693,0.32422327995300293,0.38405314087867737,0.38021124171160603
0.33883029222488403,0.2964404821395874,0.28579333424568176,0.0
0.4091262221336365,0.3493283689022064,0.4810738265514374,0.38021124171160603
0.4377339482307434,0.35780563950538635,0.29618972539901733,0.3424226808222063
-0.07434871792793274,0.06962122023105621,0.06334207952022552,0.25527250510330607
-0.3678039610385895,-0.5442857146263123,-0.5359962582588196,-0.5228787452803376
-0.3452226519584656,-0.2625467777252197,-0.36815616488456726,-0.3979400086720376
-0.1273680329322815,-0.0644969791173935,-0.05758263170719147,-0.22184874961635637
0.17645899951457977,0.17396731674671173,0.12089124321937561,0.07918124604762482
-0.0033834315836429596,0.03887755796313286,-0.022214148193597794,0.11394335230683678
0.14049622416496277,0.09698981791734695,0.09408627450466156,0.38021124171160603
-0.03206053748726845,-0.10467711836099625,0.004273936618119478,0.04921802267018165
0.16348537802696228,0.09690515697002411,0.08706647902727127,0.15228834438305647
-0.15501196682453156,-0.04649270698428154,-0.020123019814491272,0.03742649794062367
0.0011013385374099016,-0.08101414889097214,0.03971942886710167,0.1553360374650618
0.23396292328834534,0.08566565066576004,0.2557500898838043,0.250420002308894
-1.0543409585952759,-1.3777151107788086,-1.239237666130066,-1.0969100130080565
-1.742769718170166,-1.5417605638504028,-1.6245875358581543,-0.958607314841775
-1.3358268737792969,-1.4537758827209473,-1.4423954486846924,-0.8239087409443188
-1.1703494787216187,-1.1611530780792236,-1.2443119287490845,-1.6777807052660807
-1.2156660556793213,-1.291025161743164,-1.1733343601226807,-1.5895095799965522
-1.3935325145721436,-1.2753567695617676,-1.2994253635406494,-1.712198270069774
-1.820577621459961,-1.7715728282928467,-1.7796615362167358,-1.7351821769904636
-1.4170714616775513,-1.3901457786560059,-1.2943590879440308,-1.4710832997223453
-1.4684576988220215,-1.5298737287521362,-1.6076340675354004,-1.61738868710651
-1.4263577461242676,-1.4400070905685425,-1.4914727210998535,-1.2817724266448587
-1.3615522384643555,-1.4604002237319946,-1.3773531913757324,-1.7137007490571712
-1.866592526435852,-1.9015928506851196,-1.8202428817749023,-1.752837190960669
-1.5220867395401,-1.63190495967865,-1.6387226581573486,-1.630784142589857
-2.0782155990600586,-2.060060977935791,-2.064941883087158,-1.8707291398786847
-2.0346713066101074,-2.018963098526001,-1.974435806274414,-1.7958800173440752
-0.9593793749809265,-0.8932286500930786,-0.8389766216278076,-1.207608310501746
-1.0494574308395386,-1.1377956867218018,-1.1283597946166992,-1.154901959985743
-1.0152133703231812,-1.071761965751648,-0.9130619764328003,-1.136677139879544
-1.0782012939453125,-1.017994999885559,-1.0155941247940063,-1.193820026016113
-1.027873158454895,-0.9821951985359192,-1.0113171339035034,-1.2218487496163564
-0.6988968253135681,-0.6481058597564697,-0.6900631785392761,-0.4145392704914993
-0.6911612749099731,-0.6483558416366577,-0.6394602656364441,-0.5559552040819238
-0.6197822093963623,-0.5561414957046509,-0.6999576687812805,-0.6161846340195687
-0.6272978186607361,-0.622776985168457,-0.6224135756492615,-0.6655462488490691
-0.5957494378089905,-0.6201086044311523,-0.5913777947425842,-0.7011469235902933
-1.2686634063720703,-1.1874884366989136,-1.2211430072784424,-1.1135092748275182
-1.2507869005203247,-1.265822410583496,-1.2587862014770508,-1.0555173278498313
-1.2080044746398926,-1.1667473316192627,-1.1902704238891602,-1.0861861476162833
-1.1190747022628784,-1.0853608846664429,-1.1308001279830933,-1.3467874862246563
-1.1586114168167114,-1.182554841041565,-1.1497341394424438,-1.275724130399211
-1.4531089067459106,-1.3594166040420532,-1.2689260244369507,-0.721246399047171
-1.1276307106018066,-1.0949362516403198,-1.0719257593154907,-1.2218487496163564
-1.1912249326705933,-1.3662554025650024,-1.2885695695877075,-1.3010299956639813
-1.5575693845748901,-1.733952522277832,-1.6603538990020752,-2.0969100130080562
-0.8050062656402588,-0.8453477621078491,-0.9090625047683716,-0.721246399047171
-1.5609509944915771,-1.6627240180969238,-1.4384711980819702,-1.2839966563652008
-1.098433017730713,-1.0436670780181885,-1.0254546403884888,-0.8239087409443188
-1.0639859437942505,-1.0104625225067139,-1.1463679075241089,-0.958607314841775
-0.5211067199707031,-0.44869473576545715,-0.5111725330352783,-0.21467016498923297
-0.6307777166366577,-0.7252600789070129,-0.7148104906082153,-0.4559319556497244
-0.7619850635528564,-0.8004471659660339,-0.7950243353843689,-0.8538719643217619
-0.7758537530899048,-0.6877743005752563,-0.6545020937919617,-0.6777807052660807
-0.5114380717277527,-0.4134957194328308,-0.6220479011535645,-0.46852108295774486
-0.26933762431144714,-0.2657233476638794,-0.39645054936408997,-0.24412514432750865
-0.870599091053009,-1.0389196872711182,-1.1376148462295532,-0.6777807052660807
-1.0822899341583252,-1.179510235786438,-1.2182976007461548,-0.5228787452803376
-0.08798200637102127,0.06049871817231178,-0.06159988045692444,0.5563025007672873
0.0601789616048336,-0.06118159368634224,-0.02272639609873295,0.3424226808222063
-0.10800934582948685,-0.01755591295659542,0.03083319403231144,0.07918124604762482
-0.05554041266441345,-0.14698337018489838,-0.0798373743891716,-0.3010299956639812
-0.3438805341720581,-0.4354366064071655,-0.27400150895118713,-0.6989700043360187
-0.7260022163391113,-0.511320948600769,-0.5730117559432983,-0.8239087409443188
-0.22429096698760986,-0.27330395579338074,-0.2204643189907074,0.4129642719966628
-0.48871082067489624,-0.4334724545478821,-0.44255658984184265,-0.28567024025476695
-0.3363112807273865,-0.23837685585021973,-0.37702593207359314,0.34791518650169134
-0.4257773756980896,-0.5431413650512695,-0.5556685924530029,-0.5157001606532141
-0.4799671173095703,-0.38236498832702637,-0.41500166058540344,0.16316137497701835
-0.49606531858444214,-0.5046244263648987,-0.6193891167640686,-0.7594507517174003
-0.8230444192886353,-0.7615340948104858,-0.7736308574676514,-0.640164517660112
-0.4939056932926178,-0.6062518358230591,-0.5662450194358826,-0.14146280243036088
-0.6174547672271729,-0.6712803244590759,-0.6241739392280579,-1.0222763947111522
-0.8056188821792603,-0.6474849581718445,-0.783504068851471,-0.575118363368933
-0.686683714389801,-0.6559076905250549,-0.5992686152458191,-0.5606673061697374
-0.5738980174064636,-0.4423273205757141,-0.5313007235527039,-0.5272435506827877
-0.7219517827033997,-0.7574971914291382,-0.761233925819397,-0.6635402661514704
-0.9682435393333435,-0.9442461133003235,-1.011062741279602,-1.3098039199714864
-0.8442693948745728,-0.8156382441520691,-1.3358728885650635,-0.8239087409443188
-0.7347555756568909,-0.8930845260620117,-1.187403678894043,-0.4814860601221125
-0.6225961446762085,-0.5651023387908936,-0.9778741002082825,-0.744727494896694
-1.1118837594985962,-1.0537928342819214,-1.0437192916870117,-0.8239087409443188
-1.1387794017791748,-0.9924861788749695,-1.1153565645217896,-1.0969100130080565
-1.1543272733688354,-0.952402651309967,-1.0306764841079712,-1.3010299956639813
-1.2310867309570312,-1.3806546926498413,-1.2331241369247437,-1.2218487496163564
-0.42379555106163025,-0.40229472517967224,-0.41904422640800476,-0.2006594505464183
-0.469192236661911,-0.421349436044693,-0.4637632369995117,-0.3979400086720376
-0.5297130942344666,-0.5189268589019775,-0.47257405519485474,-0.42021640338318983
-0.6081097722053528,-0.5326269268989563,-0.5980663299560547,-0.6777807052660807
-1.061068058013916,-1.0582430362701416,-1.1256182193756104,-1.0457574905606752
-1.133978247642517,-1.1687618494033813,-1.1683398485183716,-1.154901959985743
-1.2533669471740723,-1.1603343486785889,-1.2252610921859741,-1.2218487496163564
-1.331525206565857,-1.3660670518875122,-1.3004852533340454,-1.3010299956639813
-1.285732388496399,-1.3219108581542969,-1.3439527750015259,-1.3010299956639813
-0.8582555651664734,-0.9510717988014221,-0.976708710193634,-0.6989700043360187
-1.0168676376342773,-0.9689611196517944,-0.9917103052139282,-0.8239087409443188
-1.024898886680603,-1.0231010913848877,-0.987077534198761,-0.9208187539523752
-1.1403565406799316,-1.1934030055999756,-1.1806648969650269,-0.958607314841775
-1.0796022415161133,-1.216030478477478,-1.0583919286727905,-1.0
-0.56200110912323,-0.6363410353660583,-0.5786923170089722,-0.6575773191777937
-0.6579909324645996,-0.6885423064231873,-0.7624257802963257,-0.6777807052660807
-0.6853435039520264,-0.7353880405426025,-0.8537527918815613,-0.6989700043360187
-0.8808469176292419,-0.8899812698364258,-0.835954487323761,-0.7695510786217261
-0.8355535268783569,-0.7758579254150391,-0.8380365371704102,-0.6989700043360187
0.07058250159025192,0.037914954125881195,-0.05106823518872261,0.07918124604762482
-0.05110452324151993,-0.0525084026157856,-0.031333018094301224,0.0
-0.02491447702050209,-0.14634700119495392,-0.10519885271787643,-0.10790539730951959
-0.19701853394508362,-0.3332521915435791,-0.2928176820278168,-0.17392519729917352
-0.15658709406852722,-0.19564305245876312,-0.07127101719379425,-0.3010299956639812
-0.38986390829086304,-0.461715430021286,-0.44019412994384766,-0.3467874862246563
-0.40754660964012146,-0.3836946189403534,-0.34632575511932373,-0.2596373105057561
-0.7921927571296692,-0.6894761323928833,-0.702165424823761,-1.0457574905606752
-0.49043703079223633,-0.5092883110046387,-0.5532782673835754,-0.4559319556497244
-0.6748730540275574,-0.6440776586532593,-0.8271161317825317,-1.0
-0.9543557167053223,-0.732721745967865,-0.6605960130691528,-1.3010299956639813
-0.268228143453598,-0.3925870954990387,-0.2883153557777405,0.04139268515822507
-0.39201170206069946,-0.3360317647457123,-0.3696143627166748,-0.09691001300805639
-0.32467031478881836,-0.3295758068561554,-0.303413450717926,-0.22184874961635637
-0.3711896538734436,-0.36859187483787537,-0.3820839524269104,-0.2596373105057561
-0.33239930868148804,-0.30186566710472107,-0.3635522127151489,-0.44369749923271273
-0.4779652953147888,-0.39501625299453735,-0.355062872171402,-0.619788758288394
-0.8086933493614197,-0.8440985083580017,-0.9295081496238708,-1.0
-0.735939085483551,-0.7166486978530884,-0.7068654894828796,-0.7695510786217261
-0.5406611561775208,-0.4608357846736908,-0.4767860770225525,-0.6989700043360187
-0.3898787796497345,-0.35781899094581604,-0.36970001459121704,-0.3979400086720376
-0.02063358761370182,-0.16344089806079865,-0.03203067183494568,-0.1549019599857432
0.08844179660081863,0.11691226065158844,0.19274327158927917,0.07918124604762482
0.15096646547317505,0.2776438891887665,0.1348550170660019,0.3010299956639812
-0.883289098739624,-0.9490004777908325,-0.9761973023414612,-0.7695510786217261
-2.9652178287506104,-2.9209625720977783,-3.0347299575805664,-2.8404328067663798
-3.5581235885620117,-3.5526437759399414,-3.4140429496765137,-3.492144128304169
-3.0033161640167236,-3.0364649295806885,-2.9625213146209717,-2.8239087409443187
-3.4739575386047363,-3.4924328327178955,-3.4629621505737305,-3.583359492661719
-3.026097059249878,-2.927201986312866,-3.0512475967407227,-2.8079904073463298
-3.526642322540283,-3.5689761638641357,-3.5696187019348145,-3.632644078973981
-3.02987003326416,-2.9677844047546387,-3.1672523021698,-2.7780644001719947
-3.506957769393921,-3.5561583042144775,-3.526334285736084,-3.7772835288524167
-3.1552541255950928,-2.9954261779785156,-3.038784980773926,-2.8404328067663798
-3.6040823459625244,-3.4990994930267334,-3.4358861446380615,-3.8416375079047502
-3.0727007389068604,-3.0169179439544678,-3.0754342079162598,-2.9542859410591324
-3.476483106613159,-3.499897003173828,-3.555952548980713,-3.9546770212133424
-3.233947515487671,-3.211146831512451,-3.3108131885528564,-3.109020403010311
-3.620861768722534,-3.7405388355255127,-3.674217700958252,-3.9746941347352296
-3.2424240112304688,-3.2262372970581055,-3.408573865890503,-3.3010299956639813
-0.5607104897499084,-0.6619922518730164,-0.558123767375946,-0.8239087409443188
-0.44473129510879517,-0.6898705363273621,-0.7019876837730408,-0.8538719643217619
-0.22899170219898224,-0.2528338134288788,-0.2718867063522339,-0.7695510786217261
-0.26324930787086487,-0.4193989038467407,-0.3350663185119629,-0.3187587626244128
-0.39428961277008057,-0.3188348412513733,-0.3256489336490631,-0.2676062401770315
-0.3680308163166046,-0.3045125901699066,-0.2650964856147766,-0.3098039199714863
-0.7074006199836731,-0.6541595458984375,-0.6402059197425842,0.01703333929878037
-1.2360914945602417,-1.0452927350997925,-1.1176540851593018,-0.7695510786217261
-0.5349710583686829,-0.7286095023155212,-0.5917713046073914,-1.744727494896694
-1.4286471605300903,-1.4385299682617188,-1.3942666053771973,-1.154901959985743
-0.21677614748477936,-0.241292342543602,-0.24479471147060394,0.16405529189345164
-0.278677374124527,-0.23214106261730194,-0.20981718599796295,0.027349607774756507
-1.058294653892517,-0.8279295563697815,-0.9824197888374329,-0.721246399047171
-1.153585433959961,-1.2172132730484009,-1.3336846828460693,-1.6989700043360187
-2.417320489883423,-2.3851258754730225,-2.4980390071868896,-0.0809219076239261
0.36763355135917664,0.2398269921541214,0.22930510342121124,0.5797835966168101
0.2590886950492859,0.2536104917526245,0.2761777937412262,0.38021124171160603
0.1781386137008667,0.22411589324474335,0.1498270183801651,0.146128035678238
-0.0027893742080777884,0.13285042345523834,0.07630662620067596,-0.5228787452803376
-0.24027618765830994,-0.23041193187236786,-0.28786417841911316,-1.0
-0.5481193661689758,-0.6217883825302124,-0.7815138101577759,-0.3565473235138126
-0.6675401329994202,-0.5918669700622559,-0.7133159041404724,-0.8239087409443188
-0.5393131971359253,-0.5279901027679443,-0.6461436152458191,-0.744727494896694
-0.6122880578041077,-0.6557617783546448,-0.7481349110603333,0.25527250510330607
-0.5809246897697449,-0.7120845913887024,-0.6067618131637573,0.3222192947339193
-0.6186186075210571,-0.6916865110397339,-0.4199868440628052,0.20411998265592482
-0.575519323348999,-0.6450530290603638,-0.7473652958869934,0.04139268515822507
-0.3805137574672699,-0.5793024897575378,-0.589341402053833,-0.045757490560675115
-0.46733182668685913,-0.5623790621757507,-0.6402024030685425,-0.6989700043360187
-0.33826008439064026,-0.2408781200647354,-0.056301310658454895,-0.6575773191777937
-0.30788105726242065,-0.04401559755206108,-0.03980572521686554,-0.595166283380062
-1.4418843984603882,-1.3102351427078247,-1.1995667219161987,-1.3979400086720375
-1.3913047313690186,-1.2986570596694946,-1.3457027673721313,-1.6989700043360187
-1.2073771953582764,-1.221806287765503,-1.2072621583938599,-1.5528419686577808
-1.2117724418640137,-1.1571711301803589,-1.1984761953353882,-1.4559319556497243
-0.7113969922065735,-0.6672537326812744,-0.6801480650901794,-0.8239087409443188
-0.7820017337799072,-0.7833804488182068,-0.7301400303840637,-0.744727494896694
-0.7166319489479065,-0.7951865196228027,-0.7419540882110596,-0.619788758288394
-0.6950787901878357,-0.7090238928794861,-0.7384793162345886,-0.5528419686577808
-0.6625343561172485,-0.6924138069152832,-0.7755011320114136,-0.5228787452803376
-0.5424145460128784,-0.5084224343299866,-0.520226776599884,-0.48811663902112556
-0.48071539402008057,-0.5050821900367737,-0.5366641879081726,-0.494850021680094
-0.4928525984287262,-0.5042556524276733,-0.5044949054718018,-0.5016894462103995
-0.5004717111587524,-0.4893428683280945,-0.49186834692955017,-0.36653154442041347
-0.499136745929718,-0.40793731808662415,-0.4248993396759033,-0.2924298239020636
-0.4681726098060608,-0.5599519610404968,-0.4797646403312683,-0.5228787452803376
-0.4843798279762268,-0.5887066125869751,-0.5862382650375366,-0.5086383061657274
-0.6262835264205933,-0.6209059953689575,-0.537746787071228,-0.5157001606532141
-0.5667908191680908,-0.5018333792686462,-0.5566394925117493,-0.5086383061657274
-0.4627731740474701,-0.48770734667778015,-0.5168272852897644,-0.5016894462103995
-0.4965941905975342,-0.4086485207080841,-0.521354079246521,-0.494850021680094
-0.4573172330856323,-0.4709889888763428,-0.43893635272979736,-0.48811663902112556
-2.5055644512176514,-2.449341058731079,-2.379655122756958,-2.3979400086720375
-2.5640830993652344,-2.5664660930633545,-2.423051118850708,-2.42021640338319
-2.4780325889587402,-2.6417012214660645,-2.534653425216675,-2.5528419686577806
-2.485490560531616,-2.6155688762664795,-2.623319149017334,-2.744727494896694
-2.5555293560028076,-2.5638670921325684,-2.6403708457946777,-3.3010299956639813
0.9452747106552124,1.0004353523254395,0.8603140711784363,0.9030899869919435
0.8900768160820007,0.97606360912323,0.9734906554222107,0.9542425094393249
0.94212406873703,0.9560719132423401,0.9858959913253784,0.8450980400142568
0.9108826518058777,0.9299259185791016,0.8882362842559814,1.0170333392987803
0.8257222175598145,0.9428349733352661,0.9449499249458313,0.9242792860618817
0.8601049184799194,0.8120042681694031,0.8737378120422363,1.1139433523068367
-0.02323189750313759,-0.1227111741900444,-0.11549070477485657,0.07918124604762482
-0.08928915858268738,-0.2137727588415146,-0.1675036996603012,-0.3565473235138126
-0.06523743271827698,-0.10555117577314377,-0.17134259641170502,-0.11918640771920865
-0.2193220853805542,-0.0815131887793541,-0.1396467536687851,-0.09691001300805639
-0.3153720498085022,-0.34224429726600647,-0.3347827196121216,-0.6575773191777937
-0.10627823323011398,-0.04073525592684746,0.01448347233235836,0.2304489213782739
-0.01850036159157753,-0.1148100420832634,-0.0889916718006134,0.0
-0.04953864589333534,-0.04855294153094292,-0.04847334697842598,-0.22184874961635637
0.023563535884022713,-0.027007795870304108,-0.033562880009412766,-0.09691001300805639
-0.2335169017314911,-0.2751966714859009,-0.2724607586860657,-0.3979400086720376
-0.03478860482573509,0.07025839388370514,0.11711669713258743,0.38021124171160603
0.0033813028130680323,0.10964898765087128,-0.012721529230475426,0.13033376849500614
0.015224328264594078,-0.0830082818865776,0.024345645681023598,-0.13076828026902382
0.11592605710029602,0.09862212836742401,0.1706845611333847,-0.026872146400301365
-0.10266909748315811,-0.15627704560756683,-0.17340193688869476,-0.3010299956639812
0.2019735425710678,0.13772523403167725,0.20616509020328522,0.5185139398778874
0.146439790725708,0.1018761545419693,0.1174658015370369,0.20411998265592482
0.14662784337997437,0.24231873452663422,0.19141574203968048,0.01703333929878037
0.10098877549171448,0.14421196281909943,0.11868227273225784,-0.06550154875643228
-0.05266290530562401,-0.15621908009052277,-0.09804431349039078,-0.22184874961635637
0.162112295627594,0.2363404482603073,0.20478205382823944,0.6127838567197355
0.22131207585334778,0.1505412608385086,0.16697914898395538,0.24551266781414982
0.2187741994857788,0.2502377927303314,0.22682562470436096,0.04921802267018165
0.16578727960586548,0.2139369696378708,0.13851013779640198,0.021189299069938092
-0.009277141653001308,-0.11301621049642563,-0.01913413591682911,-0.10790539730951959
-2.3798670768737793,-2.3287882804870605,-2.38301157951355,-1.9199510324211482
-2.485283613204956,-2.400343656539917,-2.3820645809173584,-2.3005959181846625
-2.6767609119415283,-2.644946575164795,-2.5695741176605225,-3.0969100130080562
-2.651834726333618,-2.617079973220825,-2.721266269683838,-2.77780395369828
-2.5074100494384766,-2.5125932693481445,-2.6019301414489746,-2.87484417041947
-2.5329809188842773,-2.426588773727417,-2.4825539588928223,-2.573814174755489
-2.444878578186035,-2.478179454803467,-2.5031118392944336,-2.4468454518303746
-2.444004774093628,-2.4727401733398438,-2.351722002029419,-2.2337359093480043
-2.420320510864258,-2.2427093982696533,-2.357245683670044,-2.137928280620006
-2.7379653453826904,-2.7089672088623047,-2.689204692840576,-3.425968732272281
-0.09517672657966614,-0.0832655280828476,-0.16399501264095306,-0.12493873660829993
-0.1865539848804474,-0.16711664199829102,-0.11850553005933762,-0.14266750356873156
-0.18114390969276428,-0.17560525238513947,-0.20919223129749298,-0.2076083105017461
-0.3251172602176666,-0.26988789439201355,-0.36100301146507263,-0.3979400086720376
-0.3106878995895386,-0.3060135841369629,-0.3226088881492615,-0.22184874961635637
-0.2751128375530243,-0.28905484080314636,-0.2771257758140564,-0.23657200643706278
-0.21007278561592102,-0.1565922349691391,-0.23644791543483734,-0.22184874961635637
-0.10857605189085007,-0.1270606964826584,-0.10145065188407898,-0.1549019599857432
0.056593745946884155,-0.012748253531754017,-0.04561607167124748,-0.10790539730951959
-0.36549246311187744,-0.2951354384422302,-0.34028977155685425,-0.2596373105057561
-0.4420998990535736,-0.54239821434021,-0.6845583319664001,-0.10790539730951959
-0.41973742842674255,-0.5559552907943726,-0.46028798818588257,0.021189299069938092
-0.3501538336277008,-0.26673293113708496,-0.4567652642726898,0.07918124604762482
-0.1709587275981903,-0.22070427238941193,-0.24611683189868927,0.09691001300805642
-0.44997721910476685,-0.45843902230262756,-0.455266535282135,-0.2076083105017461
-0.3209696114063263,-0.2442987710237503,-0.28260132670402527,0.04139268515822507
-0.3143889009952545,-0.20635466277599335,-0.14793477952480316,0.07918124604762482
-0.46880289912223816,-0.5278680324554443,-0.4883800446987152,-0.22184874961635637
-0.2831531763076782,-0.300739049911499,-0.3854096233844757,0.0
-0.3518231213092804,-0.2718045115470886,-0.19353684782981873,0.04139268515822507
-0.4950568974018097,-0.5280641317367554,-0.45488274097442627,-0.3979400086720376
-0.30257880687713623,-0.24780893325805664,-0.3680059611797333,-0.1938200260161128
-0.20985759794712067,-0.2951074242591858,-0.25315722823143005,-0.08618614761628333
-0.5314270853996277,-0.4769901931285858,-0.44501370191574097,-0.5228787452803376
-0.3352647125720978,-0.3323301076889038,-0.3542487919330597,-0.38721614328026455
-0.1798233687877655,-0.13726182281970978,-0.29495367407798767,-0.3372421683184259
-0.5065233707427979,-0.48846372961997986,-0.5556710958480835,-0.619788758288394
-0.37067845463752747,-0.33246755599975586,-0.34740403294563293,-0.3979400086720376
-0.16593292355537415,-0.2953944206237793,-0.3411909341812134,-0.37675070960209955
-1.3564821481704712,-1.5310535430908203,-1.700007438659668,-0.9507819773298184
-2.220184326171875,-2.186763048171997,-2.1970694065093994,-1.3010299956639813
-2.2675294876098633,-2.0031375885009766,-2.095991849899292,-1.3010299956639813
-1.8537136316299438,-1.9507460594177246,-1.9938868284225464,-2.3979400086720375
-1.982758641242981,-1.9148622751235962,-1.9754043817520142,-2.6989700043360187
-1.9807336330413818,-2.320721387863159,-2.2521979808807373,-3.0
-0.25941094756126404,-0.30788907408714294,-0.5535468459129333,-0.3010299956639812
-0.20696458220481873,0.006672268267720938,-0.030429592356085777,-0.1549019599857432
0.09040758013725281,-0.08538685739040375,0.09842362999916077,0.17609125905568124
0.15319040417671204,0.12838925421237946,0.1018277257680893,0.5440680443502757
-0.7778849601745605,-0.7719321250915527,-0.7679693698883057,-0.744727494896694
-0.8695498704910278,-0.9281063675880432,-0.8025912642478943,-0.7958800173440752
-0.7299636602401733,-0.6835575103759766,-0.6990294456481934,-0.6777807052660807
-0.8687477707862854,-0.8888728022575378,-0.8572931289672852,-0.8538719643217619
-0.775218665599823,-0.7681788802146912,-0.8029288053512573,-0.7958800173440752
-0.782357931137085,-0.7625657320022583,-0.7659718990325928,-0.6989700043360187
-0.8631028532981873,-0.8782994747161865,-0.827399730682373,-0.8239087409443188
-0.7076320052146912,-0.6680396199226379,-0.7524722814559937,-0.8239087409443188
-0.8456191420555115,-0.7454456686973572,-0.7237398624420166,-0.8538719643217619
-1.0109608173370361,-1.1009247303009033,-1.1345152854919434,-2.0969100130080562
-0.28374195098876953,-0.2108989953994751,-0.2638093829154968,-0.08618614761628333
-0.112993985414505,-0.07165255397558212,-0.14746811985969543,0.06818586174616162
-0.49165692925453186,-0.47450393438339233,-0.43232041597366333,-0.3467874862246563
-0.5207558274269104,-0.5750513672828674,-0.4434796869754791,-0.638272163982407
-0.6774879097938538,-0.669784426689148,-0.799892246723175,-0.7695510786217261
-0.3890596926212311,-0.21666811406612396,-0.39017781615257263,-0.2676062401770315
-0.38019469380378723,-0.3145487606525421,-0.3504970669746399,-0.42021640338318983
-0.793262243270874,-0.7215690016746521,-0.7136081457138062,-0.6777807052660807
-0.8639757633209229,-0.823819637298584,-0.7300251126289368,-0.6777807052660807
-0.9253931641578674,-0.9139649271965027,-0.9992350935935974,-1.0457574905606752
-0.3705076277256012,-0.4327011704444885,-0.34588611125946045,-0.3979400086720376
-0.6668328642845154,-0.6196781396865845,-0.6700241565704346,-0.619788758288394
-0.710027813911438,-0.7652387022972107,-0.6967175006866455,-0.7695510786217261
-0.9440953731536865,-0.9901720881462097,-1.0359870195388794,-0.8239087409443188
-0.1434399038553238,-0.18671895563602448,-0.2656005620956421,-0.23657200643706278
-0.611574649810791,-0.527927815914154,-0.5908543467521667,-0.5086383061657274
-0.6522654891014099,-0.6496633291244507,-0.6621452569961548,-0.46852108295774486
-0.588530957698822,-0.6692917346954346,-0.6402683854103088,-0.5528419686577808
-0.7810167670249939,-0.7569574117660522,-0.6883614659309387,-0.6575773191777937
-0.722873866558075,-0.6692667603492737,-0.7748494744300842,-0.6989700043360187
-0.4360329210758209,-0.46922123432159424,-0.3771931231021881,-0.44369749923271273
-0.27583763003349304,-0.31459951400756836,-0.37786611914634705,-0.3467874862246563
-0.15692517161369324,-0.11009164899587631,-0.23359748721122742,-0.2676062401770315
-0.6289939880371094,-0.7720205187797546,-0.6346021890640259,-0.744727494896694
-0.5690667629241943,-0.5678203105926514,-0.5812790989875793,-0.6575773191777937
-0.537497878074646,-0.4608694911003113,-0.42077746987342834,-0.5086383061657274
-0.30577635765075684,-0.27129703760147095,-0.22649726271629333,-0.3979400086720376
-0.8839802742004395,-0.9421844482421875,-0.9083241820335388,-1.0969100130080565
-0.7270828485488892,-0.7960380911827087,-0.817206859588623,-0.958607314841775
-0.7192991375923157,-0.7099752426147461,-0.6508907079696655,-0.744727494896694
-0.519513726234436,-0.5569433569908142,-0.5799112915992737,-0.6020599913279624
-1.0133651494979858,-1.0818098783493042,-1.02152419090271,-1.3010299956639813
-1.0139411687850952,-0.8757878541946411,-0.9158838391304016,-1.0
-0.8632710576057434,-0.9162582159042358,-0.8785966038703918,-0.8239087409443188
-0.6975128650665283,-0.633068323135376,-0.6771969795227051,-0.6989700043360187
-1.2428821325302124,-1.2034127712249756,-1.3411871194839478,-1.38933983691012
-1.3384193181991577,-1.4635865688323975,-1.408128261566162,-1.27083521030723
-1.2891645431518555,-1.3188916444778442,-1.0696595907211304,-1.5026694370349483
-1.5086482763290405,-1.5052597522735596,-0.9656511545181274,-1.2944612752327194
-0.8923403024673462,-1.09954035282135,-1.2358962297439575,-1.2368941027930884
-0.9309862852096558,-1.1847877502441406,-1.1734356880187988,-1.3074967762144598
-0.541102945804596,-0.6108534336090088,-0.5551564693450928,-0.5228787452803376
-0.6062822341918945,-0.6629564762115479,-0.6410762071609497,-0.21467016498923297
-0.5511829257011414,-0.5243421196937561,-0.6187414526939392,-0.22184874961635637
-0.552722692489624,-0.6473020315170288,-0.597196102142334,-0.25181197299379954
-0.573754072189331,-0.6291168332099915,-0.436170756816864,-0.13076828026902382
-0.6068177223205566,-0.5271086692810059,-0.5490838289260864,-0.09691001300805639
-0.6134999394416809,-0.6353500485420227,-0.5903236269950867,-0.2839966563652008
-1.1045094728469849,-1.0198220014572144,-0.8424375653266907,-0.3979400086720376
-0.9308785200119019,-1.0441962480545044,-0.8171170353889465,-0.3565473235138126
-0.5795803070068359,-0.6262104511260986,-0.6909371018409729,-0.3187587626244128
-0.31732261180877686,-0.4771832525730133,-0.3219604790210724,-0.3010299956639812
-0.650087296962738,-0.5816938877105713,-0.65655517578125,-0.22184874961635637
-2.0933172702789307,-1.973317265510559,-1.9621940851211548,-2.095392636184552
-1.6516932249069214,-1.90712308883667,-1.8656620979309082,-2.092105164583717
-1.6488178968429565,-1.868542194366455,-1.8432351350784302,-2.0516848593106523
-1.7276828289031982,-1.7110482454299927,-1.7252442836761475,-1.7218868840201662
-1.667962670326233,-1.6134319305419922,-1.6152112483978271,-1.6332596101570895
-1.70867121219635,-1.5605177879333496,-1.5703227519989014,-1.5881951691845766
-0.6456344127655029,-0.6298407316207886,-0.6598266959190369,-0.494850021680094
-0.5563070774078369,-0.5359813570976257,-0.4291019141674042,-0.42021640338318983
-0.4479374587535858,-0.37063273787498474,-0.4019581973552704,-0.3467874862246563
-0.25735941529273987,-0.331667423248291,-0.2647365629673004,-0.3010299956639812
-0.08852816373109818,-0.25298330187797546,-0.11155244708061218,-0.2676062401770315
-0.4270266592502594,-0.6003926992416382,-0.5943046808242798,-0.1549019599857432
-0.6994385123252869,-0.7559450268745422,-0.7973949909210205,-0.23657200643706278
-0.6220410466194153,-0.7162954807281494,-0.8839518427848816,-0.5228787452803376
-0.1778072714805603,-0.13052208721637726,-0.16725973784923553,0.0
-0.681534469127655,-0.7324910759925842,-0.4637690484523773,-0.6989700043360187
-0.9925527572631836,-1.012139916419983,-1.00943124294281,-1.154901959985743
-1.0638142824172974,-1.0583796501159668,-1.024658441543579,-1.1079053973095196
-0.9619057178497314,-0.9614101648330688,-1.029797077178955,-1.0861861476162833
-1.038861632347107,-0.9804317355155945,-1.1518926620483398,-1.0
-0.4585077166557312,-0.4316883385181427,-0.51451176404953,-1.0
-0.46363121271133423,-0.48877251148223877,-0.4886067807674408,-0.6989700043360187
-0.347791850566864,-0.3217152953147888,-0.4343470633029938,-0.494850021680094
-0.2540341317653656,-0.28880810737609863,-0.23079605400562286,-0.1549019599857432
-0.2511685788631439,-0.26684898138046265,-0.2823585271835327,-0.22184874961635637
-0.616779088973999,-0.45579013228416443,-0.5010411143302917,-0.3467874862246563
-0.3698303997516632,-0.44564422965049744,-0.42814767360687256,-0.3979400086720376
-0.43670061230659485,-0.41574135422706604,-0.4335426390171051,-0.24412514432750865
-0.5512099862098694,-0.474976509809494,-0.4706155061721802,-0.2596373105057561
-0.654446005821228,-0.5434040427207947,-0.5686423778533936,-0.3010299956639812
-0.7338730096817017,-0.6627051830291748,-0.6511358618736267,-0.3979400086720376
-1.028214454650879,-0.995366096496582,-0.9174845218658447,-1.0177287669604316
-1.1522057056427002,-0.9977185130119324,-1.1874912977218628,-1.0
-0.2080400139093399,-0.24071018397808075,-0.18045522272586823,-0.07058107428570727
-0.20687755942344666,-0.2571934163570404,-0.21699868142604828,-0.12493873660829993
-0.5130169987678528,-0.4236626923084259,-0.469372421503067,-0.37675070960209955
-0.4633410573005676,-0.3803881108760834,-0.3366113603115082,-0.3279021420642826
-0.3378182351589203,-0.27309003472328186,-0.26389163732528687,-0.22184874961635637
-0.2235996276140213,-0.1989559382200241,-0.24808146059513092,-0.14266750356873156
-0.26866573095321655,-0.2651863098144531,-0.3096950948238373,-0.494850021680094
-0.37919843196868896,-0.4043327867984772,-0.36536112427711487,-0.6020599913279624
-0.21001537144184113,-0.25255003571510315,-0.18898217380046844,-0.09691001300805639
-0.2115846574306488,-0.17697013914585114,-0.18579314649105072,0.20411998265592482
-0.19366592168807983,-0.19845926761627197,-0.23954670131206512,-0.09691001300805639
-0.185817152261734,-0.19623708724975586,-0.1627199947834015,-0.1549019599857432
-0.26946890354156494,-0.22563284635543823,-0.2487485557794571,-0.22184874961635637
-0.18772992491722107,-0.18488822877407074,-0.2339165061712265,-0.22184874961635637
-0.27467602491378784,-0.16338007152080536,-0.2701245844364166,0.07918124604762482
-0.21615299582481384,-0.30335527658462524,-0.17411485314369202,-0.3010299956639812
-0.24416238069534302,-0.16592495143413544,-0.21967193484306335,-0.3979400086720376
-0.3084871768951416,-0.28493404388427734,-0.21448543667793274,-0.3979400086720376
-0.20913493633270264,-0.21234963834285736,-0.25314217805862427,-0.09691001300805639
-0.29144176840782166,-0.28516995906829834,-0.31124067306518555,-0.5228787452803376
-0.38199087977409363,-0.37222927808761597,-0.3403812050819397,-0.6989700043360187
-0.33932822942733765,-0.4097506105899811,-0.4014909267425537,-0.6989700043360187
-0.3225020468235016,-0.3121422529220581,-0.3832835853099823,-0.22184874961635637
-0.6007868051528931,-0.4668765068054199,-0.6315445303916931,-0.9208187539523752
-0.5447237491607666,-0.6892883777618408,-0.5764757990837097,-0.3467874862246563
-1.1448686122894287,-0.6469686031341553,-0.7581678628921509,-0.858863909879261
-1.1094694137573242,-0.9677144885063171,-0.8286051154136658,-1.0788339493622612
-0.7961997985839844,-0.7572811245918274,-0.65749192237854,-0.9295926782598803
-1.0359293222427368,-0.9857790470123291,-0.9217951893806458,-0.549750891680639
-0.5687400102615356,-0.5832267999649048,-0.5391128659248352,-0.6020599913279624
-0.6815589666366577,-0.5964181423187256,-0.6607605218887329,-0.6020599913279624
-0.648828387260437,-0.6664225459098816,-0.6114745736122131,-0.6989700043360187
-0.2923889756202698,-0.2574708163738251,-0.32175004482269287,-0.2596373105057561
-0.37829864025115967,-0.3312538266181946,-0.43744415044784546,-0.3010299956639812
-0.39822137355804443,-0.30506718158721924,-0.37884634733200073,-0.3979400086720376
-0.8864768743515015,-0.960576593875885,-0.9284131526947021,-0.9208187539523752
-1.0119554996490479,-1.0334227085113525,-1.0808213949203491,-1.0
-1.0104222297668457,-1.0183364152908325,-1.081133484840393,-0.958607314841775
-0.7240618467330933,-0.8358691334724426,-0.8333505392074585,-0.8538719643217619
-0.790267288684845,-0.8066408038139343,-0.8743394613265991,-0.8860566476931632
-0.7781792879104614,-0.7934907078742981,-0.8221973776817322,-0.9208187539523752
-0.5523028373718262,-0.5662365555763245,-0.6898627281188965,-0.7695510786217261
-0.734774112701416,-0.7299420833587646,-0.6940202116966248,-0.744727494896694
-0.7097371816635132,-0.6416672468185425,-0.6313713788986206,-0.8538719643217619
-0.3682640790939331,-0.30402877926826477,-0.3986872136592865,-0.3565473235138126
-0.39536285400390625,-0.4772380590438843,-0.403419554233551,-0.5528419686577808
-0.5083276629447937,-0.4009387195110321,-0.4110477566719055,-0.3979400086720376
-0.5015138983726501,-0.60396808385849,-0.45320066809654236,-0.585026652029182
-0.4008968472480774,-0.45786252617836,-0.5352904796600342,-0.5528419686577808
-0.6321665048599243,-0.5168119668960571,-0.5753138661384583,-0.6777807052660807
-0.7535197138786316,-0.7716026902198792,-0.7068284153938293,-0.744727494896694
-0.7845718860626221,-0.8080417513847351,-0.911921501159668,-0.9208187539523752
-0.790989339351654,-0.8836345672607422,-0.7998297810554504,-0.8239087409443188
-0.48465603590011597,-0.4196433424949646,-0.508921205997467,-0.44369749923271273
-0.6120753288269043,-0.6229024529457092,-0.5890859365463257,-0.5228787452803376
-0.5377482175827026,-0.49968332052230835,-0.5219542384147644,-0.494850021680094
-0.9235795140266418,-0.97513347864151,-0.9811763167381287,-0.9208187539523752
-0.8578598499298096,-0.880702555179596,-0.9479754567146301,-0.8239087409443188
-0.9691709876060486,-0.9530243277549744,-0.9737054109573364,-0.9208187539523752
-0.5376695394515991,-0.6183554530143738,-0.5898556709289551,-0.4559319556497244
-0.6844028234481812,-0.606423020362854,-0.6990606784820557,-0.619788758288394
-0.6244978308677673,-0.5438818335533142,-0.6109196543693542,-0.6020599913279624
-1.8935836553573608,-2.1500048637390137,-2.2096102237701416,-2.537602002101044
-1.927024245262146,-2.362872362136841,-2.3329057693481445,-2.167491087293764
-1.983210563659668,-2.345292091369629,-2.335547924041748,-2.344861565188618
-2.327367067337036,-2.318920612335205,-2.3205928802490234,-1.9507819773298183
0.2287353128194809,0.2678535282611847,0.12337120622396469,0.07918124604762482
0.3141363263130188,0.3636913299560547,0.2803634703159332,0.6989700043360189
0.5199623703956604,0.5653345584869385,0.5093517899513245,0.8450980400142568
0.19385609030723572,0.1803290843963623,0.13218198716640472,0.04139268515822507
0.2875540554523468,0.3246171474456787,0.3535939157009125,0.4913616938342727
0.5276361703872681,0.5685323476791382,0.4987713694572449,0.7781512503836436
0.09241772443056107,0.11349906772375107,0.05885549262166023,0.04139268515822507
0.34894174337387085,0.26125550270080566,0.3006698787212372,0.414973347970818
0.5568742752075195,0.5512481927871704,0.5685710906982422,0.6627578316815741
0.01554066315293312,0.10773778706789017,-0.02523777075111866,0.0
0.2908478379249573,0.2872703969478607,0.14264996349811554,0.3424226808222063
0.39755886793136597,0.5101889967918396,0.5322513580322266,0.5314789170422551
0.03299462050199509,0.005793670192360878,0.05245919153094292,-1.3979400086720375
0.27242058515548706,0.11725742369890213,0.2206306904554367,0.07918124604762482
0.3498114049434662,0.41043344140052795,0.2750839293003082,0.38021124171160603
-0.31330832839012146,-0.3061840832233429,-0.24611984193325043,-1.5228787452803376
-0.22962725162506104,-0.07174317538738251,-0.32733553647994995,0.04139268515822507
-0.10965336114168167,-0.010100300423800945,-0.04061807692050934,0.3010299956639812
-0.3162001967430115,-0.31056901812553406,-0.35977089405059814,-1.6989700043360187
-0.233638197183609,-0.2742502689361572,-0.1595466583967209,0.0
0.0015173193532973528,-0.04970220476388931,0.016210457310080528,0.17609125905568124
-0.017483210191130638,-0.10322218388319016,-0.10919871926307678,-0.5228787452803376
-0.32056230306625366,-0.21704930067062378,-0.4006401598453522,-0.585026652029182
-0.11691079288721085,-0.17805267870426178,-0.4420076012611389,-0.619788758288394
-0.13901081681251526,-0.19555385410785675,-0.4332500100135803,-0.6575773191777937
-0.3290003538131714,-0.3656153380870819,-0.3971518874168396,0.04139268515822507
-0.4596569538116455,-0.511127769947052,-0.5437347888946533,-0.07572071393811836
-0.3165946900844574,-0.433971107006073,-0.665290892124176,-0.7033348097384688
-0.6264686584472656,-0.5097547769546509,-0.48696139454841614,-0.16749108729376366
-0.9181941747665405,-0.6136233806610107,-0.7126690149307251,-0.712198270069774
-0.7305386066436768,-0.5698524713516235,-0.6963013410568237,-0.22184874961635637
-0.6659908294677734,-0.9703079462051392,-0.8346781134605408,-0.744727494896694
-0.9142671227455139,-0.7980257868766785,-0.8542808294296265,-0.3010299956639812
-0.2823423445224762,-0.2669927179813385,-0.0741562619805336,0.3010299956639812
-0.1424512416124344,-0.40480947494506836,-0.3426250219345093,0.25527250510330607
-0.16919395327568054,-0.5072833299636841,-0.17981477081775665,-0.22184874961635637
-0.2286076694726944,-0.6010962724685669,-0.2636931240558624,-0.3979400086720376
-0.6740096807479858,-0.9104734659194946,-0.4890674948692322,-0.22184874961635637
-0.632638692855835,-0.3455348014831543,-0.43371593952178955,-1.0
-0.5730695128440857,-0.8513274788856506,-0.3387840986251831,-0.6989700043360187
-0.31493058800697327,-0.33641406893730164,-0.24846817553043365,-1.3010299956639813
-1.393884301185608,-1.351151466369629,-1.3571264743804932,-1.6989700043360187
-1.5766524076461792,-1.6177325248718262,-1.572153925895691,-1.2924298239020637
-1.7160160541534424,-1.654295802116394,-1.6889557838439941,-1.3979400086720375
-1.290531873703003,-1.3434759378433228,-1.4129163026809692,-1.5228787452803376
-1.5596144199371338,-1.487584114074707,-1.5154805183410645,-1.5228787452803376
-1.4151766300201416,-1.3840540647506714,-1.3995908498764038,-1.154901959985743
-1.4345240592956543,-1.525403618812561,-1.4612338542938232,-1.3010299956639813
-1.290249228477478,-1.2978081703186035,-1.2860264778137207,-1.3010299956639813
-1.1972702741622925,-1.1084582805633545,-1.271753191947937,-1.6020599913279623
-1.1600568294525146,-1.2244445085525513,-1.2081007957458496,-1.3467874862246563
-1.0929454565048218,-1.1568492650985718,-1.155334711074829,-0.7958800173440752
-1.1967099905014038,-1.230905532836914,-1.1183061599731445,-1.154901959985743
-0.9462359547615051,-0.9256629943847656,-0.9464415311813354,-1.2924298239020637
-1.0414103269577026,-0.9497289657592773,-1.0859293937683105,-1.154901959985743
-0.8276451230049133,-0.807683527469635,-0.9887422323226929,-1.1249387366083
-0.619151771068573,-0.6813896298408508,-0.5498071908950806,-0.7695510786217261
-0.8500542044639587,-0.8331830501556396,-0.7863088846206665,-0.6575773191777937
-0.9003826379776001,-0.9267861843109131,-0.9576810598373413,-0.9208187539523752
-0.7779077291488647,-0.7479535937309265,-0.8211448192596436,-0.8860566476931632
-0.6619457006454468,-0.6488779783248901,-0.7476041913032532,-1.0
-0.7666727304458618,-0.7558537721633911,-0.7533405423164368,-1.0
-0.2888786196708679,-0.2933923900127411,-0.27299970388412476,-0.6989700043360187
-0.4881729185581207,-0.35747408866882324,-0.5105718374252319,-0.494850021680094
-0.7701287269592285,-0.8656080961227417,-0.7724060416221619,-0.6989700043360187
-0.31546634435653687,-0.341462641954422,-0.2660427391529083,-0.46852108295774486
-0.4745488166809082,-0.5586272478103638,-0.45378732681274414,-0.2924298239020636
-0.8921511173248291,-0.8410170674324036,-0.8771481513977051,-0.494850021680094
-0.30043089389801025,-0.2581145465373993,-0.31648221611976624,-0.3010299956639812
-0.6251229047775269,-0.520147979259491,-0.5133559107780457,-0.21467016498923297
-0.6184564232826233,-0.5957064628601074,-0.5166714787483215,-0.6777807052660807
-0.023048734292387962,-0.10124840587377548,-0.06422439217567444,-0.44369749923271273
-0.18690189719200134,-0.22334490716457367,-0.37295863032341003,-0.25181197299379954
-0.6831873059272766,-0.7210388779640198,-0.837806761264801,-0.5228787452803376
-0.16415205597877502,-0.1740763634443283,-0.2388371378183365,-0.3372421683184259
-0.3005717694759369,-0.4099734425544739,-0.34243372082710266,-0.1938200260161128
-0.7629743814468384,-0.6483411192893982,-0.8203321695327759,-0.3979400086720376
-0.03216294199228287,-0.06579085439443588,-0.17688634991645813,-0.22184874961635637
-0.4244697093963623,-0.4252234995365143,-0.34195250272750854,-0.09691001300805639
-1.6843335628509521,-1.6236621141433716,-1.5841866731643677,-1.6382721639824072
-1.579816222190857,-1.6039758920669556,-1.6047519445419312,-1.6382721639824072
-1.617754340171814,-1.6633464097976685,-1.6426185369491577,-1.6575773191777938
-1.7493375539779663,-1.6316653490066528,-1.7159196138381958,-1.6777807052660807
-1.4130911827087402,-1.4765652418136597,-1.565304160118103,-1.6575773191777938
-1.6348751783370972,-1.6334363222122192,-1.5904264450073242,-1.5528419686577808
-1.6539751291275024,-1.523678183555603,-1.5430231094360352,-1.6989700043360187
-1.5328376293182373,-1.6837705373764038,-1.6247286796569824,-1.6197887582883939
-1.129401683807373,-1.3523184061050415,-1.3638995885849,-0.958607314841775
-1.0357414484024048,-0.9800757169723511,-1.091069221496582,-1.744727494896694
-1.425835371017456,-1.381507396697998,-1.1988939046859741,-1.0457574905606752
-1.5444151163101196,-1.5199835300445557,-1.087597131729126,-1.0969100130080565
-0.8443044424057007,-0.8544562458992004,-0.8010968565940857,-0.744727494896694
-0.8062990307807922,-0.8202844858169556,-0.7594919800758362,-0.7695510786217261
-0.8223655819892883,-0.8591945171356201,-0.8475143909454346,-0.832682665251824
-0.7800295352935791,-0.7853955626487732,-0.8652035593986511,-0.8761483590329142
-1.0223256349563599,-1.0482720136642456,-1.5024431943893433,-1.2218487496163564
-1.1552908420562744,-1.1411349773406982,-1.603508472442627,-1.0457574905606752
-1.1821095943450928,-1.1129841804504395,-1.7402862310409546,-1.0
-0.884655237197876,-0.8432481288909912,-0.8329501152038574,-0.8761483590329142
-1.1087533235549927,-0.8583332300186157,-0.6127111911773682,-0.5228787452803376
-1.3595081567764282,-1.102282166481018,-0.8605809807777405,-0.8794260687941502
-0.8493056893348694,-0.8543806672096252,-0.9615345001220703,-1.4436974992327127
0.402237206697464,0.24562980234622955,0.359020471572876,0.6202401898458314
0.38318362832069397,0.2740119993686676,0.28606319427490234,0.5098742850047192
0.3491866886615753,0.25878429412841797,0.2889271378517151,0.36772854608697647
0.12154645472764969,0.042055048048496246,0.039864081889390945,0.449478399187365
-0.14767946302890778,-0.17514093220233917,-0.06241293251514435,-0.025949097207122653
-0.13162440061569214,-0.09708800166845322,-0.19742563366889954,-0.12033079436794646
-0.021424507722258568,-0.016077149659395218,-0.0016482798382639885,0.32139127831168907
-0.2902996242046356,-0.19563491642475128,-0.24090264737606049,-0.22548303427145047
-0.41579610109329224,-0.3478606641292572,-0.31428632140159607,-0.3957739469155299
-0.23197034001350403,-0.2845248281955719,-0.1966366320848465,-0.0008694587126288915
-0.2884320020675659,-0.3653109073638916,-0.3515830934047699,-0.4473317838878068
-0.42701077461242676,-0.42685753107070923,-0.4615628123283386,-0.4659738939438649
-0.5156874656677246,-0.4344440698623657,-0.3827609717845917,-0.5287082889410615
-0.4743545353412628,-0.46787476539611816,-0.3888941705226898,-0.5670307091255943
-0.4930419623851776,-0.47751474380493164,-0.4461614191532135,-0.5934598195660448
-0.5193442702293396,-0.4715235233306885,-0.5266457200050354,-0.6090648928966209
-0.36786434054374695,-0.23071129620075226,-0.2793801724910736,-0.23136189875238555
-0.40877363085746765,-0.40516334772109985,-0.458636999130249,-0.4854522473397139
-1.182784080505371,-1.2540761232376099,-1.3316394090652466,-1.0
-0.999545156955719,-0.967545747756958,-1.023943305015564,-0.5228787452803376
-0.7508294582366943,-0.788861870765686,-0.7657455205917358,-0.3010299956639812
-0.9997128248214722,-0.9858148097991943,-0.9404675960540771,-0.6989700043360187
-0.9448822736740112,-0.9413661956787109,-1.017939805984497,-0.744727494896694
-1.2311866283416748,-1.3380299806594849,-1.1639899015426636,-1.5228787452803376
-0.9817599058151245,-0.974176287651062,-0.9646944999694824,-1.0
-0.834685742855072,-0.8308744430541992,-0.7988825440406799,-0.6989700043360187
-0.8749037384986877,-0.9109269380569458,-0.9431435465812683,-0.744727494896694
-1.1052268743515015,-1.0678879022598267,-0.9810149669647217,-1.1611509092627446
-1.1907093524932861,-1.1276487112045288,-1.1068519353866577,-1.1643094285075744
-1.386918067932129,-1.408915400505066,-1.4500092267990112,-1.6989700043360187
-0.9907387495040894,-1.1001899242401123,-1.0901161432266235,-1.0969100130080565
-1.226808786392212,-1.1624335050582886,-1.2111411094665527,-1.2732727909734278
-1.246363639831543,-1.2799088954925537,-1.2788147926330566,-1.3979400086720375
-0.906745970249176,-0.9820030331611633,-0.9537848234176636,-1.0
-2.8560855388641357,-2.8116607666015625,-2.814248561859131,-3.0969100130080562
-2.871004104614258,-2.9263672828674316,-2.8900978565216064,-2.657577319177794
-2.9619927406311035,-2.861217975616455,-2.891529083251953,-2.795880017344075
-3.053072690963745,-2.9814281463623047,-2.948193311691284,-3.0969100130080562
-2.8752853870391846,-2.8593645095825195,-2.8829686641693115,-2.769551078621726
-2.948162794113159,-2.9248526096343994,-2.8617422580718994,-3.0969100130080562
-2.8482718467712402,-2.8971030712127686,-2.860973596572876,-3.0457574905606752
-2.8403284549713135,-2.8438003063201904,-2.8703677654266357,-2.853871964321762
-2.8228349685668945,-2.9037535190582275,-2.823930501937866,-2.744727494896694
-2.844597101211548,-2.952219009399414,-2.9269607067108154,-2.6989700043360187
-2.8403921127319336,-2.9224841594696045,-2.8870480060577393,-2.958607314841775
-2.883129358291626,-2.8392703533172607,-2.9096436500549316,-2.958607314841775
-2.848004102706909,-2.9257493019104004,-2.931753158569336,-2.6989700043360187
-3.0058467388153076,-2.9167234897613525,-2.8727173805236816,-3.0969100130080562
-2.9272515773773193,-2.926661729812622,-2.898118019104004,-2.721246399047171
-2.9083845615386963,-2.8139166831970215,-2.9503753185272217,-3.0
-2.902527332305908,-2.9279048442840576,-2.8938546180725098,-2.958607314841775
-2.902238130569458,-2.9609851837158203,-2.9012951850891113,-2.9208187539523753
-2.926384449005127,-2.9280636310577393,-2.9845311641693115,-2.795880017344075
-2.999598264694214,-2.948453664779663,-2.9852356910705566,-3.0969100130080562
-3.0302882194519043,-3.0078957080841064,-3.022456645965576,-2.958607314841775
-2.916719436645508,-2.892759084701538,-3.0107247829437256,-3.2218487496163566
-3.0343995094299316,-3.052086353302002,-2.9916317462921143,-3.0
-2.9910991191864014,-3.002889633178711,-2.9559884071350098,-2.958607314841775
-3.1219851970672607,-3.108769178390503,-3.052978754043579,-3.0969100130080562
