6,13,42,log (Total flux)
-0.8004146814346313,-0.800844132900238,-0.7267449498176575,-1.0087739243075051
-0.7726185917854309,-0.7619692087173462,-0.8297408223152161,-0.9507819773298184
-1.1780377626419067,-1.2161706686019897,-1.1719417572021484,-1.0457574905606752
-0.8690789937973022,-0.9025591015815735,-0.9571553468704224,-0.8860566476931632
-0.9297701120376587,-0.9603642821311951,-0.9508283138275146,-0.958607314841775
-0.7855286598205566,-0.94403475522995,-0.9701423048973083,-1.0
-0.9810793995857239,-0.9513517022132874,-1.0300384759902954,-0.9208187539523752
-0.7286263704299927,-0.6270989775657654,-0.38999101519584656,-0.7328282715969863
-0.8999350666999817,-0.8308680653572083,-0.8498797416687012,-0.9281179926938746
-0.9729746580123901,-0.9112252593040466,-0.871985137462616,-1.154901959985743
-0.9400914311408997,-0.9716699719429016,-0.9328595995903015,-0.6020599913279624
-0.3377442955970764,-0.46312326192855835,-0.1009468361735344,-0.638272163982407
-0.5464908480644226,-0.606960117816925,-0.4931323528289795,-0.46852108295774486
-0.37825676798820496,-0.4015323221683502,-0.38231176137924194,-0.4559319556497244
-0.40608200430870056,-0.4141847789287567,-0.4067859947681427,-0.5228787452803376
-0.36436063051223755,-0.35947540402412415,-0.38479000329971313,-0.045757490560675115
-0.8061049580574036,-0.789412260055542,-0.8397538065910339,-0.22184874961635637
-0.2927696704864502,-0.2289402037858963,-0.3384653627872467,-0.3010299956639812
-0.29831379652023315,-0.26049521565437317,-0.2867569923400879,-0.37675070960209955
-0.4122270941734314,-0.3911582827568054,-0.40419384837150574,-0.37675070960209955
-0.4404489994049072,-0.46588262915611267,-0.44704189896583557,-0.37675070960209955
-0.31089046597480774,-0.26049521565437317,-0.35678935050964355,-0.3565473235138126
-1.5908493995666504,-1.5682209730148315,-1.9274842739105225,-1.6575773191777938
-1.5692304372787476,-1.5707955360412598,-1.5706689357757568,-1.4685210829577449
-1.635874629020691,-1.6353131532669067,-1.6619391441345215,-1.9913998282380825
-1.4197524785995483,-1.3991096019744873,-1.438798427581787,-1.3979400086720375
-1.345237135887146,-1.2939902544021606,-1.3504009246826172,-1.337242168318426
-1.3296207189559937,-1.224928379058838,-1.1832120418548584,-1.3010299956639813
-2.0945470333099365,-2.1303577423095703,-1.8646512031555176,-1.5934598195660448
-1.2355823516845703,-1.142207145690918,-1.235642910003662,-0.958607314841775
-0.5906997919082642,-0.5812122225761414,-0.6021825075149536,-0.619788758288394
-0.4402640163898468,-0.4413084387779236,-0.4467632472515106,-0.44369749923271273
-0.319769948720932,-0.3314283490180969,-0.37535360455513,-0.36653154442041347
-0.27981269359588623,-0.280800461769104,-0.3292389512062073,-0.3279021420642826
-0.5310239195823669,-0.5592717528343201,-0.48868876695632935,-0.4559319556497244
-0.5612415671348572,-0.5704562664031982,-0.5419241189956665,-0.619788758288394
-0.6882184743881226,-0.6551461219787598,-0.6811205148696899,-0.7695510786217261
-0.8086832761764526,-0.8273565769195557,-0.8023872375488281,-0.9208187539523752
-1.4191365242004395,-1.4161360263824463,-1.414539098739624,-1.154901959985743
-0.9503936767578125,-0.8418188691139221,-0.8580536246299744,-0.8088285442714415
-0.5278107523918152,-0.5598639845848083,-0.5338829755783081,-0.41476493663422465
-0.1678241491317749,-0.22013185918331146,-0.16315528750419617,-0.33837659077077
-0.9726329445838928,-0.9300310611724854,-0.852020263671875,-0.7169250252645285
-0.5660461783409119,-0.536866307258606,-0.5447818636894226,-0.3994627056355312
-0.24386563897132874,-0.25236690044403076,-0.22874924540519714,-0.21910689131292108
-0.9255900979042053,-0.8882572054862976,-0.9256175756454468,-0.9125735429637145
-0.6009509563446045,-0.6158887147903442,-0.5996412634849548,-0.39859193946531624
-0.2613879144191742,-0.2690178453922272,-0.2724767327308655,-0.1901037533975609
-0.9841731190681458,-0.9895561933517456,-0.9578924775123596,-0.9270152553720696
-0.6208261251449585,-0.6268389821052551,-0.6248958110809326,-0.6449317936511493
-0.30236074328422546,-0.30569639801979065,-0.3256463408470154,-0.22584814104528958
-0.9602137207984924,-1.0232635736465454,-1.0189318656921387,-1.016824927962187
-0.6978310942649841,-0.6804260611534119,-0.6868396997451782,-0.7171513971653553
-0.3804161250591278,-0.3570531904697418,-0.33976563811302185,-0.34390179798716813
-1.172431468963623,-1.1335011720657349,-1.1249282360076904,-1.0594835150674329
-0.7915100455284119,-0.8065489530563354,-0.7822341918945312,-0.7602001815529014
-0.4490642845630646,-0.48780959844589233,-0.46224480867385864,-0.43735032778808336
-1.191657543182373,-1.267566204071045,-1.2058826684951782,-1.3516399890190685
-0.9754849076271057,-0.9415134787559509,-0.9437535405158997,-0.9385475209128068
-0.5802055597305298,-0.5626116991043091,-0.5804911255836487,-0.6753060861382254
-1.4781785011291504,-1.4994746446609497,-1.4864342212677002,-2.0757207139381184
-1.2571314573287964,-1.1678285598754883,-1.2037153244018555,-1.254144804826271
-0.8000756502151489,-1.0218497514724731,-0.8629768490791321,-0.906578314837765
-2.5402894020080566,-2.547954559326172,-2.5853374004364014,-2.221848749616356
-1.8846220970153809,-1.883782982826233,-1.8810884952545166,-2.5528419686577806
-1.8783535957336426,-1.9768447875976562,-1.843475103378296,-1.4306260903849541
-0.9068375825881958,-0.892364501953125,-0.8954879641532898,-0.5867002359187481
-0.8641762733459473,-0.902285099029541,-0.878797709941864,-0.596879478824182
-0.8892603516578674,-0.8773802518844604,-0.8655609488487244,-0.6968039425795111
-0.924312174320221,-0.9294732213020325,-0.938815712928772,-1.0
-0.9885383248329163,-0.992508590221405,-0.9909942150115967,-1.0506099933550872
-1.0876539945602417,-1.1094378232955933,-1.1101590394973755,-1.1739251972991736
-1.3281813859939575,-1.1648048162460327,-1.3203388452529907,-1.3279021420642825
-1.2708847522735596,-1.1648048162460327,-1.2446141242980957,-1.3979400086720375
-1.0942225456237793,-1.0685988664627075,-1.0802700519561768,-2.154901959985743
-0.9383585453033447,-0.931899905204773,-0.9344834685325623,-2.0177287669604316
-1.9083670377731323,-1.9606620073318481,-1.8149352073669434,-1.6020599913279623
-0.29505643248558044,-0.22189845144748688,-0.2593162953853607,-0.2688449400403264
-0.2559739649295807,-0.6542633175849915,-0.21613483130931854,0.06069784035361165
-0.25428107380867004,-0.26157861948013306,-0.26707759499549866,-0.24598209844216795
-0.22561779618263245,-0.21431584656238556,-0.24578611552715302,-0.24598209844216795
0.15795084834098816,-0.2406124323606491,0.1188134253025055,0.17926446433902532
-0.2196146845817566,-0.20222710072994232,-0.22218285501003265,-0.22184874961635637
-0.18028177320957184,-0.18324583768844604,-0.20846037566661835,-0.1962943969757637
0.33492347598075867,0.3594726324081421,0.36351415514945984,0.32633586092875144
0.5474875569343567,0.5594185590744019,0.6264852285385132,0.5276299008713387
0.6055094599723816,0.6395731568336487,0.8381655216217041,0.6627578316815741
-0.5628570914268494,-0.47935613989830017,-0.519620418548584,-0.5290385369682233
-0.8896999359130859,-0.9067952036857605,-0.14137455821037292,-0.10790539730951959
-0.5213584303855896,-0.504723846912384,-0.4759534001350403,-0.5102889561907537
-0.48724818229675293,-0.4686269462108612,-0.4666883647441864,-0.49069395850550057
-0.4200991988182068,-0.41274577379226685,-0.053732793778181076,0.04532297878665747
-0.4998127520084381,-0.45134496688842773,-0.4578118622303009,-0.4631109125294204
-0.4999179244041443,-0.42084574699401855,-0.47873637080192566,-0.4486329650765712
0.2063867151737213,0.19010640680789948,0.12575657665729523,0.20682587603184974
0.341524213552475,0.40417614579200745,0.4100119471549988,0.3242824552976926
0.5710278153419495,0.5793352127075195,0.5786617398262024,0.4487063199050799
-0.9142281413078308,-0.8947080373764038,-0.890188455581665,-0.8846058574743971
-0.1900251805782318,-0.15922190248966217,-0.17846722900867462,-0.2569922373293755
-0.8896424770355225,-0.8745124936103821,-0.8774182796478271,-0.8681119898227769
-0.8530258536338806,-0.8679385185241699,-0.8569462895393372,-0.8596239623199455
-0.03421587496995926,-0.03044738434255123,-0.031899672001600266,-0.005243055412371884
-0.8353565335273743,-0.8314605355262756,-0.8168672919273376,-0.8331171770258415
-0.7769295573234558,-0.758572518825531,-0.7748546600341797,-0.8239087409443188
0.1496734321117401,0.15670080482959747,0.1417514830827713,0.1766699326681496
0.27514776587486267,0.30184319615364075,0.3072660267353058,0.29885307640970665
0.2938285171985626,0.3078576326370239,0.3004804849624634,0.38560627359831223
-0.7839391827583313,-0.774398684501648,-0.7939493656158447,-0.8210230527068306
-0.672996997833252,-0.6728159785270691,-0.6627126336097717,-0.6903698325741012
-1.034305453300476,-1.047565221786499,-0.9962615370750427,-1.1674910872937636
-0.7317442297935486,-0.7157629728317261,-0.778597891330719,-0.8569851997459049
-0.8132786750793457,-0.8232980966567993,-0.8145472407341003,-0.8386319977650252
-0.7140147089958191,-0.7024413347244263,-0.7290322184562683,-0.6989700043360187
-1.1335207223892212,-1.1120703220367432,-1.1583354473114014,-1.1674910872937636
-0.7874232530593872,-0.7829427719116211,-0.8261441588401794,-0.8696662315049939
-0.884662389755249,-0.8933260440826416,-0.8593171834945679,-0.8601209135987634
-0.7566884756088257,-0.7609959244728088,-0.7561330199241638,-0.721246399047171
-0.9629122614860535,-0.9599321484565735,-0.9540569186210632,-0.9393021596463883
-1.0118693113327026,-1.0088082551956177,-0.9837873578071594,-0.9956786262173574
-0.7577069401741028,-0.7698073387145996,-0.768144428730011,-0.7495799976911061
-1.0632554292678833,-1.019834041595459,-1.0210777521133423,-1.0604807473813815
-0.8027347326278687,-0.7732504606246948,-0.7873836755752563,-0.7772835288524167
-1.2579697370529175,-1.3726352453231812,-1.2479983568191528,-1.1674910872937636
-0.7802998423576355,-0.7913378477096558,-0.7863662242889404,-0.8210230527068306
-0.9986225962638855,-0.9182316064834595,-0.9570485353469849,-0.8996294548824371
-0.7820788025856018,-0.7491073608398438,-0.762832760810852,-0.8416375079047503
-0.7798279523849487,-0.7820755243301392,-0.7730807662010193,-0.6946486305533762
-0.9676413536071777,-1.011396884918213,-0.9599548578262329,-1.154901959985743
-1.0564802885055542,-1.0188052654266357,-1.0292240381240845,-0.8794260687941502
-0.7779702544212341,-0.7733214497566223,-0.7679534554481506,-0.8239087409443188
-0.7779702544212341,-0.8012988567352295,-0.7754970788955688,-0.6861327796308466
-0.9546788930892944,-1.017142415046692,-0.9899783134460449,-1.136677139879544
-1.0864245891571045,-1.0533796548843384,-1.0495083332061768,-0.8632794328435931
-0.7344583868980408,-0.7981172204017639,-0.7112019658088684,-0.8041003475907662
-0.7488829493522644,-0.7981172204017639,-0.748007595539093,-0.679853713888946
-0.9347681999206543,-0.9085729122161865,-0.9680493474006653,-1.1135092748275182
-1.0517867803573608,-1.0399140119552612,-1.0136804580688477,-0.8356471442155629
-0.6934460997581482,-0.6765211820602417,-0.6557893753051758,-0.7878123955960422
-0.7522907257080078,-0.7885309457778931,-0.7446638941764832,-0.6716203965612623
-0.8478802442550659,-0.8087643384933472,-0.8785874843597412,-1.0861861476162833
-1.001211166381836,-1.0012339353561401,-0.8785874843597412,-0.8239087409443188
-0.4937799274921417,-0.6245987415313721,-0.5197452306747437,-0.4190750243243807
-0.3277193009853363,-0.5144412517547607,-0.4208438992500305,-0.21490018838220346
-0.4821133017539978,-0.5210083723068237,-0.4773496389389038,-0.6497519816658371
-0.3416732847690582,-0.5770207643508911,-0.4862082600593567,-0.367510314097029
-0.6360536813735962,-0.6909219622612,-0.6510856747627258,-0.9208187539523752
-0.491406112909317,-0.582846462726593,-0.643115222454071,-0.5174837133936314
-0.5983655452728271,-0.5490116477012634,-0.5922676920890808,-0.5528419686577808
-0.5613462924957275,-0.5566285848617554,-0.5661830306053162,-0.5228787452803376
-0.502119243144989,-0.5327469110488892,-0.520688533782959,-0.5086383061657274
-0.3931264579296112,-0.42227545380592346,-0.40999847650527954,-0.3360636208328832
-0.3894956707954407,-0.37765029072761536,-0.4136885106563568,-0.3979400086720376
-0.36735066771507263,-0.37446412444114685,-0.37188223004341125,-0.37675070960209955
-0.33826613426208496,-0.35278159379959106,-0.3287924528121948,-0.3372421683184259
-0.20794570446014404,-0.19321130216121674,-0.23523564636707306,-0.2006594505464183
-0.21415111422538757,-0.24017877876758575,-0.21792683005332947,-0.2839966563652008
-0.20306608080863953,-0.21611076593399048,-0.1976633369922638,-0.22184874961635637
-0.1914227306842804,-0.21457426249980927,-0.18686552345752716,-0.1870866433571444
-0.0930255576968193,-0.07218452543020248,-0.05233452841639519,-0.10065836056122002
-0.6850864291191101,-0.6737948656082153,-0.6615003347396851,-0.9913998282380825
-0.9663994312286377,-0.9664221405982971,-0.9750769138336182,-0.673135932224739
-1.3365919589996338,-1.3325245380401611,-1.3235241174697876,-1.2218487496163564
-1.3428045511245728,-1.319623351097107,-1.3302515745162964,-1.3979400086720375
-1.485974907875061,-1.4776796102523804,-1.4571146965026855,-1.4202164033831899
-1.5937870740890503,-1.599173903465271,-1.6119379997253418,-1.6197887582883939
-1.5817244052886963,-1.7214608192443848,-1.7602522373199463,-2.0
-0.20475581288337708,-0.21932180225849152,-0.1886299103498459,0.06069784035361165
0.39294466376304626,0.3750547170639038,0.38113275170326233,0.42488163663106704
0.5854836106300354,0.5470792055130005,0.542354166507721,0.5378190950732742
0.5911972522735596,0.5897051095962524,0.6013587713241577,0.6586790285824489
0.5283283591270447,0.5434435606002808,0.6300474405288696,0.8155777483242672
-0.733031153678894,-0.7436087131500244,-0.738694965839386,0.19589965240923374
-0.7334149479866028,-0.7431256771087646,-0.7511764764785767,-0.8239087409443188
-0.7515981793403625,-0.7431180477142334,-0.7449259757995605,0.1846914308175988
-1.5383005142211914,-1.5544923543930054,-1.564307689666748,-1.0222763947111522
-1.2556551694869995,-1.4075844287872314,-1.2019689083099365,-1.1249387366083
-1.0804616212844849,-1.1117706298828125,-1.1148180961608887,-1.0222763947111522
-1.5137940645217896,-1.5375880002975464,-1.5142529010772705,-1.6197887582883939
-1.434560775756836,-1.4092999696731567,-1.500910758972168,-1.5086383061657274
-1.2473262548446655,-1.3008428812026978,-1.2319928407669067,-1.3279021420642825
-1.7886399030685425,-1.8970365524291992,-1.8033299446105957,-2.221848749616356
-1.8292486667633057,-1.7949491739273071,-1.8169060945510864,-1.9829666607012197
-1.6597200632095337,-1.782174825668335,-1.7504926919937134,-1.5686362358410126
-0.7682164311408997,-0.7871090173721313,-0.7624520063400269,-1.3979400086720375
-1.2908529043197632,-1.3472557067871094,-1.3168638944625854,-0.8538719643217619
-0.2932833135128021,-0.5677005648612976,-0.5837453603744507,-0.5228787452803376
-1.1643668413162231,-1.1691533327102661,-0.9127575159072876,-0.6989700043360187
-1.187010407447815,-0.8930347561836243,-0.5927826762199402,-1.3010299956639813
-1.47113037109375,-1.1257514953613281,-1.4432867765426636,-1.3979400086720375
-2.359539270401001,-2.3569653034210205,-2.3688087463378906,-2.337242168318426
-2.4153225421905518,-2.4457316398620605,-2.458268165588379,-2.337242168318426
-1.870572805404663,-2.472965955734253,-2.4940073490142822,-2.5228787452803374
-2.421924591064453,-2.432405710220337,-2.4283273220062256,-2.431798275933005
-2.3632946014404297,-2.3459525108337402,-2.337402105331421,-2.431798275933005
-1.8808937072753906,-2.528982162475586,-2.500966787338257,-2.5086383061657274
-2.433011770248413,-2.421241521835327,-2.430351734161377,-2.494850021680094
-2.4750072956085205,-2.467679977416992,-2.466165065765381,-2.494850021680094
-2.5193731784820557,-2.5633716583251953,-2.561058521270752,-2.494850021680094
-1.9012622833251953,-2.4817869663238525,-2.444056510925293,-2.6989700043360187
-2.389939308166504,-2.392632007598877,-2.402822256088257,-2.4559319556497243
-0.6960957050323486,-0.9606515765190125,-0.8433084487915039,-1.5228787452803376
-1.120041012763977,-1.3517255783081055,-1.1516181230545044,-0.744727494896694
-1.0702877044677734,-1.3139458894729614,-1.2660070657730103,0.07918124604762482
0.0437835156917572,0.04643423482775688,0.08057894557714462,0.1559430179718367
0.23619696497917175,0.25661739706993103,0.23716171085834503,0.21695720736109697
0.3623496890068054,0.3562528192996979,0.34532788395881653,0.3412366232386923
0.37117817997932434,0.5623289346694946,0.5647353529930115,0.5584685625237948
0.3498741686344147,0.551226794719696,0.6135637760162354,0.7523558041535008
-2.0900542736053467,-2.0935561656951904,-2.1838369369506836,-2.6989700043360187
-3.0078349113464355,-2.978304862976074,-3.0062639713287354,-3.0
-2.931973934173584,-2.994284152984619,-3.006300687789917,-3.0
-2.2046315670013428,-2.23117733001709,-2.2146832942962646,-2.3979400086720375
-2.235266923904419,-2.1881370544433594,-2.1737730503082275,-2.0
-2.961562395095825,-2.950949192047119,-2.937138319015503,-3.0
-2.163667678833008,-2.1522817611694336,-2.0470473766326904,-1.744727494896694
-2.9336326122283936,-2.8203623294830322,-2.948972225189209,-2.8239087409443187
-1.7416203022003174,-1.8421586751937866,-1.7992225885391235,-1.3872161432802645
-2.2721447944641113,-2.1761038303375244,-2.2072582244873047,-2.6989700043360187
-1.0564838647842407,-0.9974578022956848,-0.7788277864456177,-0.8239087409443188
-0.8220553398132324,-0.8092032670974731,-0.7832239270210266,-1.1023729087095586
-1.2309843301773071,-0.38952940702438354,-1.1942521333694458,-1.3979400086720375
-1.0688337087631226,-0.41375958919525146,-1.0993715524673462,-1.744727494896694
-0.8479328751564026,-0.9852590560913086,-0.7981362342834473,0.05076631123304232
-0.964171290397644,-0.9608175158500671,-0.935344934463501,-1.0
-0.819868266582489,-0.8490331172943115,-0.7980691194534302,-0.7958800173440752
-0.6555293202400208,-0.6709275841712952,-0.6790068745613098,-0.6777807052660807
-0.48228582739830017,-0.5179633498191833,-0.5148890018463135,-0.5528419686577808
-1.0162814855575562,-1.0627776384353638,-0.9886649250984192,-1.0457574905606752
-0.8879191875457764,-0.8597091436386108,-0.8448159098625183,-0.9208187539523752
-0.707314670085907,-0.7082956433296204,-0.7255268692970276,-0.721246399047171
-0.5315238833427429,-0.5686912536621094,-0.5514624714851379,-0.619788758288394
-1.2823745012283325,-1.2673684358596802,-1.2496720552444458,-1.0506099933550872
-1.105026125907898,-1.0476787090301514,-1.043286681175232,-0.958607314841775
-0.9506080150604248,-0.9319300055503845,-0.9045494794845581,-0.8239087409443188
-0.8108811378479004,-0.7906175255775452,-0.8156453371047974,-0.6575773191777937
-1.3456714153289795,-1.3638736009597778,-1.356135606765747,-1.6989700043360187
-1.275269627571106,-1.2803549766540527,-1.2795984745025635,-1.3979400086720375
-1.117587685585022,-1.0996065139770508,-1.1390495300292969,-1.2218487496163564
-0.9872839450836182,-0.9558326005935669,-1.0328240394592285,-1.0
-0.7412315607070923,-0.7436085939407349,-0.7420281767845154,-1.0457574905606752
-1.150516152381897,-1.1777831315994263,-1.162192940711975,-1.0629487487389813
-1.210340142250061,-1.240304946899414,-1.1820381879806519,-1.1831094015116075
-1.3059371709823608,-1.3075907230377197,-1.2568480968475342,-1.2869464912940425
-1.5003149509429932,-1.4641295671463013,-1.459288477897644,-1.6021121097929614
-1.9403736591339111,-1.9779819250106812,-1.8038138151168823,-2.135548252841817
-1.490524411201477,-1.462257981300354,-1.760665774345398,-1.6777807052660807
-0.82427978515625,-0.8032695651054382,-0.7856510281562805,-1.0
-0.7782328128814697,-0.7902891039848328,-0.8195904493331909,-1.0
-0.8618150949478149,-0.8701053261756897,-0.8673665523529053,-0.6020599913279624
-0.5877712368965149,-0.5739030838012695,-0.6628101468086243,-0.6989700043360187
-0.6096559762954712,-0.5703309774398804,-0.602272093296051,-0.6989700043360187
-0.6380520462989807,-0.64065021276474,-0.6734517812728882,-0.2924298239020636
-0.4558751881122589,-0.5235429406166077,-0.5100100040435791,-0.431798275933005
-0.5148997902870178,-0.4923970699310303,-0.504543662071228,-0.5086383061657274
-0.4802980422973633,-0.47952431440353394,-0.544417142868042,-0.14874165128092473
-0.3782418668270111,-0.3801977038383484,-0.3764277696609497,-0.6020599913279624
-0.43819549679756165,-0.4121013879776001,-0.3723592162132263,-0.6989700043360187
-0.35387346148490906,-0.40000399947166443,-0.351640909910202,-0.1549019599857432
-0.32623279094696045,-0.3223207890987396,-0.3501785099506378,-0.3979400086720376
-0.2918822765350342,-0.3182109594345093,-0.3120545744895935,-0.6575773191777937
-0.4012160301208496,-0.3059180676937103,-0.3367498219013214,0.0
-0.27711161971092224,-0.2500019669532776,-0.2730550467967987,-0.2924298239020636
-0.19844600558280945,-0.2683480978012085,-0.3425440788269043,-0.5228787452803376
-0.3615782558917999,-0.2580226957798004,-0.328678697347641,0.17609125905568124
-0.498006135225296,-0.5259962677955627,-0.49246418476104736,-0.5528419686577808
-0.4768815040588379,-0.474719762802124,-0.44781720638275146,-0.6989700043360187
-0.4872327744960785,-0.46304619312286377,-0.43304240703582764,-0.16115090926274472
-0.7925292253494263,-0.8481997847557068,-0.8588866591453552,-0.9208187539523752
-0.8299054503440857,-0.830159068107605,-0.7994707226753235,-1.0
-0.8850680589675903,-0.8191392421722412,-0.9108049869537354,-0.619788758288394
-0.6379927396774292,-0.6890314221382141,-0.584855854511261,-0.8860566476931632
-0.6345213651657104,-0.6372655630111694,-0.580318808555603,-0.958607314841775
-0.624098002910614,-0.6734578013420105,-0.5666910409927368,-0.2924298239020636
-0.47605961561203003,-0.47303587198257446,-0.4410798251628876,-0.6020599913279624
-0.5011177659034729,-0.5277427434921265,-0.43615397810935974,-0.6777807052660807
-0.49310240149497986,-0.5161266326904297,-0.5363733172416687,-0.09691001300805639
-0.3834075331687927,-0.47875717282295227,-0.3836210072040558,-0.5228787452803376
-0.36929580569267273,-0.3712192177772522,-0.38012659549713135,-0.6989700043360187
-0.36124187707901,-0.35813817381858826,-0.3693155348300934,-0.1549019599857432
-0.3568571209907532,-0.31142693758010864,-0.36399102210998535,-0.3010299956639812
-0.3173050284385681,-0.20840062201023102,-0.3542037904262543,-0.744727494896694
-0.3692501187324524,-0.4063880145549774,-0.2975977063179016,0.0
-0.2109135091304779,-0.10428037494421005,-0.18709054589271545,-0.6989700043360187
-0.24971628189086914,-0.2552799880504608,-0.3235943615436554,-0.2839966563652008
-0.3214067220687866,-0.3922463655471802,-0.3404088616371155,0.17609125905568124
-0.1763933002948761,-0.6873988509178162,-0.5671737790107727,-0.5528419686577808
-0.5233653783798218,-0.6772710084915161,-0.5583192110061646,0.03342375548694973
-0.0744483545422554,-0.2305823415517807,-0.12896470725536346,-0.022276394711152253
0.5612656474113464,0.5113789439201355,0.4571951925754547,0.6503075231319364
0.5408779978752136,0.5667774081230164,0.5712682604789734,0.7558748556724915
-0.9440813660621643,-1.0722694396972656,-0.8571671843528748,-0.7695510786217261
-0.7294878363609314,-0.8971231579780579,-0.7592594027519226,-0.6989700043360187
-0.3656001687049866,-0.77424156665802,-1.139479398727417,-0.6575773191777937
-0.6523710489273071,-0.7145727872848511,-0.6194343566894531,-0.5528419686577808
-0.5462957620620728,-0.5975651741027832,-0.47021856904029846,-0.494850021680094
-0.33075830340385437,-0.4047209620475769,-0.35990527272224426,-0.44369749923271273
0.07906046509742737,0.19203753769397736,0.10497406125068665,-0.42021640338318983
-0.5266510248184204,-0.6332035660743713,-0.5978502631187439,-0.4559319556497244
-0.3659190535545349,-0.5709636807441711,-0.518786609172821,-0.3467874862246563
-0.6032832860946655,-0.6062471866607666,-0.6809159517288208,-0.6989700043360187
-0.5906148552894592,-0.6076703071594238,-0.6118957996368408,-0.9208187539523752
-0.5726671814918518,-0.5139706134796143,-0.5759772658348083,-1.0
-0.6850752234458923,-0.6820927858352661,-0.5837031006813049,-0.5376020021010439
-0.4706510305404663,-0.45273861289024353,-0.527718186378479,-0.472653707396684
-1.082607626914978,-1.0484495162963867,-1.1175941228866577,-1.3010299956639813
-1.0520291328430176,-1.0388855934143066,-0.9918801188468933,-1.0
-0.8349186778068542,-0.786612331867218,-0.8222305178642273,-0.8239087409443188
-0.5153592824935913,-0.6044982075691223,-0.5594062209129333,-0.6020599913279624
-0.6458166837692261,-0.6764371991157532,-0.7175167202949524,-0.494850021680094
-0.6877803206443787,-0.6669242978096008,-0.5774714350700378,-0.4814860601221125
-0.6981224417686462,-0.6842689514160156,-0.7175167202949524,-0.49907776080969946
-0.8158365488052368,-0.8411630392074585,-0.4288959801197052,-1.2596373105057561
-0.8684277534484863,-0.9142041802406311,-0.4748378098011017,-0.9208187539523752
-0.38885101675987244,-0.44923198223114014,-0.38191893696784973,-0.6777807052660807
-0.7929392457008362,-0.6857044100761414,-0.5261461734771729,-0.7958800173440752
-0.8200005888938904,-0.7930840849876404,-0.845156192779541,-0.8124792791635369
-0.9798845648765564,-0.9075031876564026,-0.9912039041519165,-0.9172146296835499
-1.2659897804260254,-1.0776160955429077,-1.3036158084869385,-0.9706162223147904
-0.4855024516582489,-0.6763927340507507,-0.5030431747436523,-1.4814860601221125
-0.38070908188819885,-0.3972398638725281,-0.32988661527633667,-0.6989700043360187
-0.3972414433956146,-0.39386025071144104,-0.37146443128585815,-0.6020599913279624
-0.3913094699382782,-0.389606237411499,-0.39929133653640747,-0.4559319556497244
-0.382137656211853,-0.3612910211086273,-0.38434574007987976,-0.3467874862246563
-0.3560037612915039,-0.35807061195373535,-0.31924882531166077,-0.3979400086720376
-0.3513278663158417,-0.3903062045574188,-0.3860558569431305,-0.11918640771920865
-0.3930908143520355,-0.3630216717720032,-0.3299310803413391,-0.6777807052660807
-0.3787049651145935,-0.37653207778930664,-0.31920188665390015,-0.05551732784983137
-0.3981890380382538,-0.4101541340351105,-0.32806989550590515,-0.42021640338318983
-0.37540215253829956,-0.38611873984336853,-0.3299310803413391,-0.5228787452803376
-0.3839353024959564,-0.3897060453891754,-0.32597586512565613,-0.2076083105017461
-0.3981890380382538,-0.39377450942993164,-0.37131941318511963,-0.3010299956639812
-0.3771330416202545,-0.36819034814834595,-0.38426026701927185,-0.22184874961635637
-0.37173008918762207,-0.3897060453891754,-0.39938604831695557,-0.16115090926274472
-0.3839353024959564,-0.37532439827919006,-0.32597586512565613,-0.4559319556497244
-1.213095784187317,-1.2793710231781006,-1.2629815340042114,-1.6968039425795112
-1.1912187337875366,-1.4940861463546753,-1.5078834295272827,-1.239577516576788
-1.1679859161376953,-1.1471662521362305,-1.1735074520111084,-1.3133637307377066
-1.1853234767913818,-1.1954725980758667,-1.1375596523284912,-1.2062096153091812
-1.1741085052490234,-1.2028098106384277,-1.1947752237319946,-1.0777937225609837
-1.1804707050323486,-1.1822175979614258,-1.195812702178955,-1.0963674839157624
-1.2409594058990479,-1.2316216230392456,-1.2131847143173218,-1.337242168318426
-1.0918043851852417,-1.0309239625930786,-1.0449377298355103,-1.0726296369609765
-1.3159940242767334,-1.2160942554473877,-1.3392499685287476,-1.2247537402597635
-0.9326072335243225,-0.9407678842544556,-1.0347286462783813,-1.2388241868442686
-1.0768415927886963,-0.8682881593704224,-0.925240695476532,-0.870954940112042
-1.3955016136169434,-1.3719313144683838,-1.3423421382904053,-1.489454989793388
-0.4867740571498871,0.5284501910209656,0.5457866191864014,0.8482507146770425
-0.5077466368675232,0.6409950256347656,0.6068669557571411,0.5928426831311002
-0.6217929124832153,0.32901623845100403,0.3058830797672272,0.292256071356476
-0.8775111436843872,-0.6849372386932373,-0.6394082307815552,-0.585026652029182
-0.8162919878959656,0.050131905823946,0.05232760310173035,-0.24488773360492885
-0.3816313147544861,-0.39960533380508423,-0.35629743337631226,-0.204815410317576
-0.27199187874794006,-0.3653923273086548,-0.3750096261501312,-0.31984585826562695
-0.17622575163841248,-0.20661108195781708,-0.31641361117362976,-0.431798275933005
-0.43897876143455505,-0.34704864025115967,-0.38581836223602295,-0.3949105381184196
-0.2542065382003784,-0.21295873820781708,-0.30374693870544434,-0.5014137911824823
-0.26681214570999146,-0.25328147411346436,-0.30937761068344116,-0.5686362358410126
-0.6243326663970947,-0.5779756903648376,-0.4331910312175751,-0.3219370950256548
-0.3121334910392761,-0.16535447537899017,-0.315657377243042,-0.5554867936659571
-0.10353711247444153,-0.11163143068552017,-0.09531223028898239,-0.10237290870955855
-0.10164041072130203,-0.10800143331289291,-0.11017945408821106,-0.10237290870955855
-0.11677467077970505,-0.11107679456472397,-0.11414596438407898,-0.09691001300805639
-0.12788718938827515,-0.1289522498846054,-0.12905672192573547,-0.10237290870955855
-0.13513429462909698,-0.16019129753112793,-0.14858536422252655,-0.22184874961635637
-1.8407422304153442,-1.8420320749282837,-1.9141720533370972,-1.5003129173815961
-0.8428142070770264,-0.7977315187454224,-0.9182336330413818,-1.0
-0.6972914934158325,-0.540148913860321,-0.6285507678985596,-0.11918640771920865
-0.58063143491745,-0.5000713467597961,-0.6956018805503845,-0.3214816209598861
-0.4711807668209076,-0.6503170132637024,-0.7489756345748901,-0.3142582613977364
-0.7544910907745361,-0.6942618489265442,-0.6744857430458069,-0.5883802940367698
-0.7118018865585327,-0.6774953603744507,-0.8329752087593079,-1.1611509092627446
-1.1408151388168335,-1.1305484771728516,-1.3210557699203491,-1.6575773191777938
-0.5480403900146484,-0.33090198040008545,-0.5390234589576721,-0.5528419686577808
-1.3616997003555298,-1.2674058675765991,-1.2996467351913452,-1.0145735259169983
0.0953923761844635,0.2985866069793701,0.398328572511673,-0.3053948010664313
-1.4018038511276245,-1.236107587814331,-1.1638537645339966,-1.2510371387438386
-0.436382532119751,0.324390172958374,0.33224526047706604,-0.026595025589939317
-1.2850407361984253,-1.2770320177078247,-1.2521716356277466,-1.5171264163912463
-0.5411359071731567,0.04339214414358139,0.05957280099391937,0.33809775370653894
-1.509085774421692,-1.4355841875076294,-1.4111573696136475,-1.5331323796458904
-0.7393214702606201,0.47225117683410645,-0.007929185405373573,0.539740838574004
-1.6926095485687256,-1.64882493019104,-1.8890634775161743,-1.5243288116755704
-1.1736931800842285,0.49679017066955566,-0.5737344622612,0.8960464650403244
-1.481380581855774,-1.4741568565368652,-1.4953606128692627,-0.7495799976911061
-0.568526029586792,-0.5708975195884705,-0.573077917098999,-0.7453673439996291
-0.5840857028961182,-0.5964145660400391,-0.546726644039154,-0.6614140342225182
-0.5447361469268799,-0.5552164316177368,-0.5573770403862,-0.32546401318612034
-0.5301114320755005,-0.5737603306770325,-0.5963694453239441,-0.4888067129869551
-0.6322134137153625,-0.6144985556602478,-0.6173661947250366,-0.8572320991525307
-0.604494571685791,-0.5310050249099731,-0.6016130447387695,-0.36340880800663117
-0.5739873051643372,-0.6227531433105469,-0.5972305536270142,-0.7930905100987986
-0.6702070236206055,-0.6136425137519836,-0.6610319018363953,-0.5133995206937987
-0.6857481002807617,-0.6395625472068787,-0.6961363554000854,-0.4374537718612325
-0.7359408140182495,-0.698455810546875,-0.6860694289207458,-0.5482872319781882
-0.646530032157898,-0.676739513874054,-0.6837533712387085,-0.9544579729417159
-0.6831066608428955,-0.678217351436615,-0.6864582300186157,-0.8963878212059435
-0.8209924101829529,-0.8437163233757019,-0.8230613470077515,-0.6240000523718865
-0.8180670142173767,-0.8267874717712402,-0.8117967844009399,-0.6030460898718408
-0.8246530890464783,-0.844116747379303,-0.8350939154624939,-0.9900904051928974
-0.7876294255256653,-0.8445157408714294,-0.8338757157325745,-1.0491096362935557
-1.2901358604431152,-1.2758030891418457,-1.1425529718399048,-1.1480265719327492
-1.1829184293746948,-1.1876928806304932,-1.189061164855957,-1.2143143317190987
-1.2631678581237793,-1.1994960308074951,-1.1507987976074219,-0.9521607219524473
-1.293504238128662,-1.1745991706848145,-1.1406288146972656,-1.2268574313145115
-1.0594667196273804,-1.130492925643921,-1.1279486417770386,-1.1999706407558657
-1.6797676086425781,-1.7471617460250854,-1.767939567565918,-1.8664610916297826
-1.6620246171951294,-1.6694749593734741,-1.6896579265594482,-1.563837352959244
-0.9321617484092712,-0.9332067370414734,-0.9290711283683777,-0.935916564036404
-1.3629395961761475,-1.3734906911849976,-1.4321109056472778,-1.4067139329795428
-1.5519425868988037,-1.6241822242736816,-1.5962982177734375,-1.5917600346881504
-0.8145475387573242,-0.7709068655967712,-0.7671982049942017,-0.661145253747677
-1.2990039587020874,-1.3137118816375732,-1.3379440307617188,-1.2636034977233574
-1.025307297706604,-1.0339086055755615,-1.0291661024093628,-1.1555228242543185
-0.5878674983978271,-0.4936308264732361,-0.783009946346283,-0.2924298239020636
-0.6476069688796997,-0.65314781665802,-0.6579767465591431,-0.687727413983718
-0.5079521536827087,-0.5792258977890015,-0.48200586438179016,-0.4424506940221613
-0.6747035384178162,-0.7017400860786438,-0.7045458555221558,-0.7172397141989045
-0.5421482920646667,-0.6029428839683533,-0.5468785762786865,-0.4677936106549203
-0.7568542957305908,-0.7535139322280884,-0.7553296685218811,-0.7846162676991075
-0.6006914377212524,-0.6072275638580322,-0.6193380951881409,-0.534777807730267
-0.5981665253639221,-0.606694221496582,-0.60777348279953,-0.5738418480741471
-0.4484180510044098,-0.4734736979007721,-0.46166884899139404,-0.4324184685174818
-0.45213431119918823,-0.4772273302078247,-0.49293839931488037,-0.46141244338273957
-0.3281373679637909,-0.3377089202404022,-0.33866405487060547,-0.28918814997674686
-0.7692602276802063,-0.8152209520339966,-0.8147071003913879,-0.8266738471710442
-0.6631603837013245,-0.6614741683006287,-0.6592995524406433,-0.7010203637415846
-0.6647403836250305,-0.6606127619743347,-0.6605379581451416,-0.6403864628098056
-0.5035363435745239,-0.4964863359928131,-0.5040777325630188,-0.558540531082206
-0.5384483933448792,-0.5212427973747253,-0.5305410027503967,-0.5073597218749326
-0.3499067723751068,-0.35173535346984863,-0.36209461092948914,-0.39403377797205474
-0.8457568883895874,-0.8621985912322998,-0.8884347081184387,-0.9757894452265757
-0.7697238922119141,-0.7473657727241516,-0.736211359500885,-0.8450984743089558
-0.7372155785560608,-0.7588388919830322,-0.7570604085922241,-0.7476349144869489
-0.6244162917137146,-0.6301659345626831,-0.6408522725105286,-0.6353758467270006
-0.640333354473114,-0.6407074928283691,-0.6224421262741089,-0.6265270889921077
-0.5022203326225281,-0.4939703345298767,-0.515720009803772,-0.4777501339389004
0.24696825444698334,0.36605992913246155,0.3661554157733917,-0.6307841425898572
-0.45825088024139404,-0.41475850343704224,-0.41401809453964233,-0.8041003475907662
-0.3055434823036194,-0.881818413734436,-0.8470225930213928,-0.46852108295774486
-0.7775697708129883,-0.9888515472412109,-0.8646586537361145,-1.6197887582883939
-0.6072415113449097,-0.6122311353683472,-0.6198984980583191,-0.6575773191777937
-0.7859414219856262,-0.7589772939682007,-0.8144885897636414,-0.7958800173440752
-0.507726788520813,-0.7139784693717957,-0.7073208689689636,-0.7695510786217261
-0.6606606841087341,-0.6472294330596924,-0.6579264998435974,-0.6575773191777937
-0.8415329456329346,-0.8346092104911804,-0.8464717268943787,-0.8239087409443188
-0.5726047158241272,-0.7938063144683838,-0.7899458408355713,-0.7958800173440752
-0.7027296423912048,-0.7811701893806458,-0.7370018362998962,-0.6777807052660807
-0.8668070435523987,-0.8626644015312195,-0.9538412690162659,-0.9208187539523752
-0.6867471933364868,-0.8437725305557251,-0.8507250547409058,-0.8860566476931632
-0.748360812664032,-0.8220087885856628,-0.7543677091598511,-0.6777807052660807
-0.8876761198043823,-0.8717642426490784,-1.0019241571426392,-0.8538719643217619
-0.9411490559577942,-0.9859440922737122,-0.9769829511642456,-0.8538719643217619
0.08237243443727493,0.07942398637533188,0.0983043760061264,0.29426777217945776
0.17295055091381073,0.1946197897195816,0.21440263092517853,0.33415205299228645
0.19305655360221863,0.196320578455925,0.19989384710788727,0.3313057985532691
0.20156285166740417,0.20249013602733612,0.20399342477321625,0.3523176109368268
0.2615656554698944,0.21254931390285492,0.27078723907470703,0.5129110878474195
0.06626760214567184,0.01198579091578722,0.06217733025550842,0.24368280735719336
0.16991987824440002,0.16228528320789337,0.18436016142368317,0.24762962067911384
0.14669714868068695,0.21515285968780518,0.17805413901805878,0.2968844755385471
0.14669714868068695,0.21515285968780518,0.17405690252780914,0.28284860283464475
0.20493683218955994,0.18793044984340668,0.2180674970149994,0.4756276114410809
0.05080655217170715,-0.014927315525710583,0.049432892352342606,0.15624619039734447
0.11289738863706589,0.13897304236888885,0.15784379839897156,0.19542914245706253
0.11289738863706589,0.14300547540187836,0.15784379839897156,0.19434780728009307
0.13659176230430603,0.13897304236888885,0.14557857811450958,0.2664668954402414
0.17636409401893616,0.2635980546474457,0.24916617572307587,0.38797679499043713
0.019034290686249733,-0.050837088376283646,0.045597221702337265,0.04261488458852481
0.10032156109809875,0.13156753778457642,0.11182036995887756,-0.029049065654575875
0.10181274265050888,0.09596912562847137,0.1001000851392746,0.08972853307473597
0.10032156109809875,0.13156753778457642,0.1001000851392746,0.08678679562662422
0.23314744234085083,0.11433366686105728,0.17053291201591492,0.22541267286595434
-0.06428540498018265,-0.02872319146990776,-0.027541132643818855,-0.09468993788391449
0.06370771676301956,0.06454635411500931,0.03762511909008026,-0.17672144304832926
0.00465100072324276,0.03576867654919624,0.03762511909008026,-0.08139308485501809
0.041927777230739594,0.03576867654919624,0.034371327608823776,-0.03198428600635821
0.17924237251281738,0.05549822002649307,0.14588867127895355,0.030275802889287887
-0.24264231324195862,-0.22979117929935455,-0.22845050692558289,-0.4682656907234498
-0.17913910746574402,-0.2103000432252884,-0.07444873452186584,-0.5139948136377577
-0.1975625455379486,-0.16452448070049286,-0.07444873452186584,-0.4495270428934366
-0.16084760427474976,-0.20405936241149902,-0.07444873452186584,-0.39913596369016047
-0.05249503627419472,-0.05729559808969498,-0.051038000732660294,-0.30557030904291693
-1.2883434295654297,-1.2958641052246094,-1.2753238677978516,-1.1739251972991736
-1.2765655517578125,-1.247911810874939,-1.2592333555221558,-1.2518119729937995
-1.2961088418960571,-1.3066433668136597,-1.3045450448989868,-1.337242168318426
-1.3939764499664307,-1.3675345182418823,-1.2932624816894531,-1.4202164033831899
-1.4549157619476318,-1.4382022619247437,-1.301133394241333,-1.6020599913279623
-0.4208144545555115,-0.10881452262401581,-0.5716766715049744,0.1408155855660258
-0.429048091173172,-0.24026508629322052,-0.5695734024047852,-0.004644774290455358
-0.16393926739692688,-0.23560629785060883,-0.5653787851333618,-0.17378715248775295
-1.5921169519424438,-1.6770128011703491,-1.801999807357788,-1.744727494896694
-1.3666883707046509,-1.4768421649932861,-1.4389727115631104,-1.5228787452803376
-1.138724684715271,-1.0819644927978516,-1.2143553495407104,-1.1674910872937636
-0.7162573933601379,-0.6582204103469849,-0.6586478352546692,-0.889410289700751
-0.31585150957107544,-0.2541236877441406,-0.46524930000305176,-0.38206284568617044
-0.37447473406791687,-0.2541236877441406,-0.46524930000305176,-0.679853713888946
-0.00838723685592413,0.05440879985690117,-0.2957308888435364,-0.4571745730408201
-0.9868514537811279,-1.1085896492004395,-0.9883149862289429,-0.5107293465282002
-0.05776933208107948,-0.037627361714839935,-0.06008117273449898,0.06069784035361165
-0.027493087574839592,-0.013767230324447155,-0.060253728181123734,0.021189299069938092
-0.05949417129158974,-0.014549660496413708,-0.016187528148293495,-0.031517051446064856
-0.03078976832330227,-0.028221482411026955,-0.06106089428067207,-0.060480747381381476
-0.01903695799410343,-0.01794527843594551,-0.008480921387672424,-0.09151498112135022
-0.798983097076416,-0.8080160021781921,-0.8200517892837524,-0.6671577330056484
-0.8937135934829712,-0.8213128447532654,-0.8713352084159851,-0.7775436633207533
-0.9970713257789612,-0.9671674966812134,-0.8997076153755188,-0.9669785553170893
-1.2923238277435303,-1.2846523523330688,-1.3113374710083008,-1.1360826230421395
-1.3020665645599365,-1.1854159832000732,-1.1140254735946655,-0.9649707177976319
-1.2327715158462524,-1.3403654098510742,-1.3160078525543213,-0.8948305720006683
-1.1064202785491943,-1.2655888795852661,-1.2341409921646118,-0.7801536139756393
-1.5009591579437256,-1.5168430805206299,-1.5184139013290405,-1.3316140833099999
-0.9312588572502136,-0.7668262720108032,-0.892628014087677,-0.9625735020593764
-0.6365812420845032,-0.6807437539100647,-0.7113276124000549,-1.0409586076789064
-0.8677281141281128,-0.8750953674316406,-0.885683536529541,-0.8794260687941502
-0.47057127952575684,-0.44126635789871216,-0.5714563727378845,-1.1079053973095196
-0.9961463212966919,-1.016258955001831,-0.9987916350364685,-0.9507819773298184
-0.6074949502944946,-0.9555922746658325,-0.7061473727226257,0.021142144537753402
-1.129134178161621,-1.114549160003662,-1.092698335647583,-1.0222763947111522
-1.1345611810684204,-1.1518585681915283,-1.109451174736023,-1.2839966563652008
-0.4302041530609131,-0.32446882128715515,-0.3383621871471405,0.012682453368195807
-1.336429476737976,-1.2950856685638428,-1.3708597421646118,-1.408935392973501
-0.980469286441803,-0.6941637396812439,-0.8425698280334473,-0.889410289700751
-0.6173436045646667,-0.5760971307754517,-0.6498619318008423,-0.958607314841775
-0.8307012915611267,-0.830769419670105,-0.8252561688423157,-0.8297382846050426
-0.5068160891532898,-0.3772713541984558,-0.4058399498462677,-1.0362121726544447
-0.919389545917511,-0.9071927666664124,-0.9154382944107056,-0.9030899869919435
-1.0008066892623901,-1.01291024684906,-0.9953432083129883,-0.9430951486635274
-0.45016422867774963,-0.6964905858039856,-0.2873570919036865,0.029694572594448118
-1.0932575464248657,-1.095969796180725,-1.0735276937484741,-1.0969100130080565
-0.2649601101875305,-0.12632696330547333,-0.09507700800895691,0.01871297821343185
-1.2521289587020874,-1.3186911344528198,-1.2545019388198853,-1.2596373105057561
-0.7111852765083313,-0.7588172554969788,-0.7612394690513611,-0.8356471442155629
-0.565604031085968,-0.4711088538169861,-0.5883129239082336,-0.8927900303521317
-0.7567582130432129,-0.7847225666046143,-0.7632926106452942,-0.7798919119599449
-0.4879192113876343,-0.5381774306297302,-0.41084784269332886,0.042497151244295546
-0.8383510708808899,-0.8435481786727905,-0.8508144617080688,-0.8507808873446201
-0.9028769731521606,-0.9007679224014282,-0.8922715783119202,-0.8827287043442358
-0.23358610272407532,-0.20737498998641968,-0.10506309568881989,0.03510139153546975
-0.9489883780479431,-0.9814927577972412,-0.9474951028823853,-0.9913998282380825
-0.010215251706540585,-0.06124288961291313,-0.09247403591871262,0.02916413961809315
-1.1303330659866333,-1.1771578788757324,-1.1260689496994019,-1.0506099933550872
-0.695825457572937,-0.5304120779037476,-0.6195567846298218,-0.8096683018297085
-0.47665125131607056,-0.4605827331542969,-0.4284810721874237,-0.8569851997459049
-0.7352034449577332,-0.811112105846405,-0.7076703310012817,-0.7495799976911061
-0.34364598989486694,-0.4163568913936615,-0.3402402997016907,0.0478886777182788
-0.7559797167778015,-0.827641487121582,-0.7776357531547546,-0.7772835288524167
-0.8247480392456055,-0.7961766123771667,-0.8169843554496765,-0.8153085691824012
-0.019287165254354477,-0.19676007330417633,0.03000291809439659,0.03977647495960224
-0.8392714262008667,-0.8446887731552124,-0.8463894128799438,-0.9318141382538383
-0.0192777868360281,-0.06207054480910301,0.11129602789878845,0.03342375548694973
-1.0169061422348022,-0.9884053468704224,-1.0679415464401245,-0.9871627752948278
-0.7495329976081848,-0.743179202079773,-0.7386951446533203,-0.5670307091255943
-0.3895202577114105,-0.40483006834983826,-0.37264034152030945,-0.5151309672795976
-0.46862414479255676,-0.3704868257045746,-0.3640684485435486,-0.2977418368379057
-0.5231528282165527,-0.5171583294868469,-0.35834088921546936,-0.4103854593687336
-0.48578137159347534,-0.5789209604263306,-0.5125405788421631,-0.8063189704587185
-0.48882347345352173,-0.5148292183876038,-0.4978332221508026,-0.43806423668621863
-0.4709477126598358,-0.485263466835022,-0.5298406481742859,-0.31184724440843364
-0.5933459997177124,-0.7326181530952454,-0.6825464367866516,-0.870310107800699
-0.5817468762397766,-0.7373120188713074,-0.744010329246521,-0.6831912479469778
-0.7486335635185242,-0.764594554901123,-0.7482923269271851,-0.445389714773836
-0.43352189660072327,-0.6845885515213013,-0.428576797246933,-0.5895602137896534
-0.7121113538742065,-0.7276154160499573,-0.6603714823722839,-0.3810110796350664
-0.5620768666267395,-0.7416801452636719,-0.7013446688652039,-0.8804142250382161
-0.824781060218811,-0.691300094127655,-0.7766463756561279,-0.6613443344212997
-0.5261164307594299,-0.5280365943908691,-0.5367187857627869,-0.349401101827343
-0.5084784030914307,-0.5031304359436035,-0.5255837440490723,-0.4628107737563554
-0.7377036213874817,-0.7378718256950378,-0.7364960312843323,-0.9329291439546299
-0.6070957183837891,-0.6044268012046814,-0.60755455493927,-0.7160207157615202
-0.6362890005111694,-0.7218360900878906,-0.6451348662376404,-0.5249101966109935
-0.5863334536552429,-0.7439056038856506,-0.6535067558288574,-0.38142897187987024
-0.7334235310554504,-0.7453444600105286,-0.7449259757995605,-0.9310723883179282
-0.42606163024902344,-0.4245999753475189,-0.4244062602519989,-0.6029294500405913
-0.6098159551620483,-0.6111065149307251,-0.610893964767456,-0.40538649083990197
-0.74886554479599,-0.7453690767288208,-0.7545641660690308,-0.9366666410482505
-0.7412661910057068,-0.7442789077758789,-0.7387569546699524,-0.6895191085373249
-0.7515432238578796,-0.7431777715682983,-0.7449246644973755,-0.6219656775426685
-0.7494696378707886,-0.7430903315544128,-0.7509040832519531,-0.732593581247096
-0.7792319655418396,-0.7722735404968262,-0.7552949786186218,-0.4438181533470888
-0.7222731113433838,-0.7386720776557922,-0.7363656759262085,-1.2006594505464183
-0.7515981793403625,-0.7436085939407349,-0.7544321417808533,-0.8965383779052951
-0.49724897742271423,-0.500381350517273,-0.7420284748077393,-0.7368375350377834
-0.7376002669334412,-0.7380696535110474,-0.7420284152030945,-0.4854522473397139
-0.7495329976081848,-0.7453444600105286,-0.7449259757995605,-0.9738754832545498
-0.7555599212646484,-0.7560956478118896,-0.7449259757995605,-0.505149978319906
-0.7515981793403625,-0.7453444600105286,-0.7449259757995605,-1.2724587429714436
-0.7495329976081848,-0.7560956478118896,-0.7544321417808533,-0.7354182707619226
-0.7412315607070923,-0.7436085939407349,-0.7512623071670532,-0.8359447081065484
-0.3236759603023529,-0.31965315341949463,-0.3331909477710724,-0.10962202152364997
-0.2360309660434723,-0.3252290189266205,-0.30344775319099426,-0.23028157653022965
-0.27966073155403137,-0.36136186122894287,-0.3535054624080658,-0.3696504474354256
-0.384167343378067,-0.41164112091064453,-0.43775856494903564,-0.5399113897085028
-0.5183627009391785,-0.5421455502510071,-0.5825108885765076,-0.6515452046511886
-0.8317739367485046,-0.8619213700294495,-0.7446485161781311,-1.031517051446065
-0.48656854033470154,-0.48066192865371704,-0.44715070724487305,-0.5169835798558678
-0.35235005617141724,-0.14648272097110748,-0.10478990525007248,-0.1966111750163865
-0.29063528776168823,-0.18275201320648193,-0.19602635502815247,-0.08118360963962049
-0.45246002078056335,-0.48505693674087524,-0.38960936665534973,-0.444421927227045
0.20365551114082336,0.24114243686199188,0.26558056473731995,0.18315591543401297
0.17610368132591248,0.23177267611026764,0.19877465069293976,0.23585656875297398
0.46214860677719116,0.48690176010131836,0.47286802530288696,0.4241790135787822
0.5032667517662048,0.4977257251739502,0.46930041909217834,0.3907585287387172
0.6102389097213745,0.597162127494812,0.6037176251411438,0.594878511394642
0.6643311381340027,0.6303572654724121,0.6693973541259766,0.7211756032766088
0.6102389097213745,0.597162127494812,0.6041595935821533,0.6056066844300941
0.6521509885787964,0.6515964269638062,0.6609731912612915,0.7745753543387348
0.6785027384757996,0.6703395843505859,0.6823112368583679,0.6695121296915462
0.6408687829971313,0.6720801591873169,0.6483685970306396,0.6961116468379268
-0.1133635938167572,0.011687478981912136,-0.32558000087738037,0.414973347970818
-0.518444836139679,-0.0791081115603447,0.29593971371650696,0.2787536009528289
-0.590967059135437,-0.1847965270280838,-0.520078182220459,-0.7925460651913082
-0.6717998385429382,-0.37996596097946167,-0.6674055457115173,-0.7457130130653591
-0.588654637336731,-0.5842715501785278,-0.5937408804893494,-0.5471819983917817
-0.3697555959224701,-0.4096240997314453,-0.4069978594779968,-0.41144259336372124
-1.2578437328338623,-1.2602967023849487,-1.2786978483200073,-1.3045183235098026
-1.1450964212417603,-1.1455624103546143,-1.1462982892990112,-1.158015195409886
-0.9669362306594849,-1.0056853294372559,-0.98590487241745,-0.9698052146432488
-0.8873435854911804,-0.8780489563941956,-0.8604463934898376,-0.7624562618571256
-0.3381041884422302,-0.360556960105896,-0.36397790908813477,-0.2847489711211507
-0.399471640586853,-0.38522210717201233,-0.3749063313007355,-0.3617104645857431
-0.44053763151168823,-0.4547539949417114,-0.45874670147895813,-0.4381833356810425
-0.5126941204071045,-0.49823471903800964,-0.49356234073638916,-0.5269511949114623
-0.6065999865531921,-0.6113682389259338,-0.5947933793067932,-0.6080069277402871
-0.6676999926567078,-0.6832568645477295,-0.689100444316864,-0.6983190507064237
-0.7658666968345642,-0.7723250985145569,-0.7767178416252136,-0.7969671129852893
-0.8673144578933716,-0.8855896592140198,-0.9002453088760376,-0.8764750190572681
-0.9957647323608398,-0.9663136601448059,-0.9460723400115967,-0.9913998282380825
-1.0479273796081543,-1.1800240278244019,-1.1749577522277832,-1.056011124926228
-1.1977816820144653,-1.1894978284835815,-0.8244196176528931,-1.0920514783877278
-0.536214292049408,-0.5510685443878174,-0.599057137966156,-0.8781120148963188
-0.5800212025642395,-0.6794613599777222,-0.5530922412872314,-0.585026652029182
-0.47445473074913025,-0.47588247060775757,-0.4993361234664917,-0.4089353929735008
-0.33478572964668274,-0.34008967876434326,-0.28063616156578064,-0.061480274823508096
-0.1418171226978302,-0.07362421602010727,-0.13665063679218292,-0.021363051615525673
0.17324215173721313,0.060629211366176605,0.03620906546711922,0.0
0.24239391088485718,0.3064624071121216,0.30909115076065063,0.004321373782642578
-0.051090627908706665,-0.0946304127573967,-0.14400558173656464,0.22788670461367355
-0.031837619841098785,0.0299497302621603,-0.017832370474934578,0.07188200730612536
0.021511878818273544,0.012636291794478893,-0.027231547981500626,0.0
-0.048461176455020905,-0.11687176674604416,-0.09772516787052155,-0.00877392430750515
-0.04065018519759178,-0.08862882107496262,-0.07121284306049347,-0.022276394711152253
0.021663453429937363,-0.011990117840468884,-0.01718856394290924,-0.060480747381381476
0.018256869167089462,-0.009217393584549427,-0.016396434977650642,-0.09151498112135022
-0.5143544673919678,-0.5205565094947815,-0.5193799734115601,-0.5482135644757098
-0.5292559862136841,-0.531085193157196,-0.5381551384925842,-0.5058454059815571
-0.5219936370849609,-0.5135105848312378,-0.5206790566444397,-0.5272435506827877
-0.5949869155883789,-0.5989285111427307,-0.6058783531188965,-0.6143937264016879
-0.6151648759841919,-0.616937518119812,-0.6154799461364746,-0.6307841425898572
-0.6621668338775635,-0.653391420841217,-0.6592371463775635,-0.6420651529995461
-0.7118718028068542,-0.7232454419136047,-0.7554283142089844,-0.6556077263148893
-0.5736789703369141,-0.5384485125541687,-0.5637802481651306,-0.5331323796458906
-0.9412993788719177,-0.805679440498352,-0.8381286263465881,-1.5686362358410126
0.22837701439857483,0.2175007313489914,0.26183509826660156,0.6142258599923229
0.49319547414779663,0.46077024936676025,0.5729988217353821,0.5026753343752224
0.15670540928840637,0.13677142560482025,0.06772079318761826,0.3979400086720376
-0.1459791660308838,-0.11291827261447906,-0.11535252630710602,-0.05270649061101971
0.10837587714195251,0.009891455061733723,0.005983517039567232,0.012234275460939763
0.3572663366794586,0.3758002519607544,0.4136817455291748,0.0
-0.10049206763505936,0.06429297477006912,0.13730566203594208,0.07918124604762482
0.2687738537788391,0.36467623710632324,0.35063880681991577,0.3979400086720376
0.2113725244998932,0.21786999702453613,0.23848620057106018,0.3010299956639812
0.24667763710021973,0.26201102137565613,0.2507946193218231,0.45895420227774913
-0.10049206763505936,-0.041986800730228424,0.008563349023461342,0.5563025007672873
0.3975273072719574,0.4273735582828522,0.4548749327659607,0.47712125471966244
0.45724889636039734,0.45730826258659363,0.47815075516700745,0.6232492903979004
-0.08660587668418884,-0.07140902429819107,-0.120584636926651,0.056481398322639535
0.06789723038673401,0.04359095171093941,-0.02379857562482357,-0.009759738585876107
-0.2598291039466858,-0.1280847042798996,-0.22525261342525482,-0.056615308200927285
-0.2733704149723053,-0.28973495960235596,-0.30545634031295776,-0.15039634191755286
-0.33223414421081543,-0.3518134355545044,-0.34692490100860596,-0.4171880677667206
-0.2777022421360016,-0.282869815826416,-0.25350943207740784,-0.19859834825520903
-0.6494849920272827,-0.6252948641777039,-0.6883549690246582,-0.6540952452175399
-0.13934089243412018,-0.14576448500156403,-0.1090710461139679,-0.21463955186702402
-0.08978143334388733,-0.14772005379199982,-0.12999193370342255,-0.14232080958840296
-0.11733236908912659,-0.14772005379199982,-0.08221134543418884,-0.11383088459996327
0.004910115618258715,-0.0978303775191307,-0.0029604933224618435,0.07332896001958884
0.16097784042358398,-0.028040966019034386,0.14733286201953888,0.20087319676866625
0.26336047053337097,0.051343418657779694,0.30983975529670715,0.3443618130491732
-0.2089497447013855,-0.21189777553081512,-0.2450847178697586,-0.12816796601886354
-0.7515981793403625,-0.7560956478118896,-0.7449021935462952,-0.19081481538992665
0.46282824873924255,0.4553452730178833,0.45137760043144226,0.018284308426530838
-0.4378034472465515,-1.0903011560440063,-0.8731403350830078,-1.1018235165023234
-0.4112805426120758,-0.6365573406219482,-0.6612746119499207,-1.0655015487564323
-0.6263967752456665,-0.818627655506134,-0.5922935605049133,-0.9408153823686288
-0.8659838438034058,-0.7837992310523987,-0.5827624797821045,-0.8833922560117515
-0.23666921257972717,-0.17592358589172363,-0.18667484819889069,-0.12436006299583162
-0.2693168818950653,-0.22156257927417755,-0.22690263390541077,-0.15304467498017607
-0.11832520365715027,-0.003798326477408409,-0.12054900079965591,-0.16877030613293661
-0.15456810593605042,-0.15042413771152496,-0.15994201600551605,-0.21253952548158495
-0.10703683644533157,0.020720580592751503,-0.08438747376203537,-0.22257317761068865
0.15762975811958313,0.19292134046554565,0.18276138603687286,0.09691001300805642
0.0519767664372921,0.07172728329896927,0.02468356117606163,0.07918124604762482
0.03980636969208717,0.2343854457139969,0.2334287464618683,0.2671717284030138
-0.13910391926765442,-0.11094067245721817,-0.12293544411659241,-0.09691001300805639
-0.05105981230735779,-0.07093046605587006,-0.08541247248649597,0.07918124604762482
-0.18115657567977905,0.263469934463501,0.2350313812494278,0.4471580313422192
-0.15798187255859375,-0.2994922697544098,-0.29214760661125183,0.0
-0.13495054841041565,-0.04604833945631981,-0.09932153671979904,-0.2294462081232535
0.05900820344686508,0.07594206184148788,0.1817539781332016,0.146128035678238
-0.10177851468324661,-0.5156900882720947,-0.46381551027297974,-0.1870866433571444
-0.005681125912815332,-0.0002509833429940045,0.04403194785118103,0.0
-0.11819115281105042,-0.15579716861248016,-0.12760356068611145,-0.2471835688117286
-0.2539171874523163,-0.11864302307367325,-0.1785234957933426,-0.07058107428570727
-0.4776388108730316,-0.5844302773475647,-0.44084101915359497,-0.2924298239020636
0.03233519196510315,0.006374287884682417,0.04389020428061485,0.38021124171160603
0.17851649224758148,0.14204882085323334,0.15575698018074036,0.09691001300805642
-0.48096612095832825,-0.206978902220726,-0.20513442158699036,-0.2924298239020636
-0.08666282147169113,0.18708638846874237,0.23435577750205994,0.3010299956639812
-0.3845982551574707,-0.5816850662231445,-0.4808008372783661,-0.3295611700367185
-0.23286011815071106,-0.16528958082199097,-0.20642127096652985,-0.3018994543766101
-0.21590271592140198,-0.5137956142425537,-0.3858385980129242,-0.29929628285498067
-0.7340846657752991,-0.45239078998565674,-0.471055269241333,-0.38721614328026455
-0.7391862273216248,-0.47404471039772034,-0.5279006958007812,-0.41341269532824504
-0.06543854624032974,-0.07251070439815521,-0.06973283737897873,-0.1549019599857432
-0.06644027680158615,-0.06770437210798264,-0.16849163174629211,-0.1549019599857432
0.03926616162061691,0.007753394078463316,0.025207599624991417,-0.09691001300805639
-0.06644027680158615,-0.07826320081949234,-0.06973283737897873,-0.1549019599857432
-0.16343942284584045,-0.1654990315437317,-0.1690530627965927,-0.3010299956639812
-0.12728866934776306,-0.07126518338918686,-0.16849163174629211,-0.09151498112135022
-0.32451561093330383,-0.28607335686683655,-0.3279414772987366,-0.36653154442041347
-0.06644027680158615,-0.06770437210798264,-0.16849163174629211,0.0
-0.5115655660629272,-0.44079703092575073,-0.4569023847579956,-0.549750891680639
-0.12728866934776306,-0.07826320081949234,-0.16849163174629211,0.07918124604762482
-0.12728866934776306,-0.11781205236911774,-0.16849163174629211,0.11394335230683678
0.022432390600442886,0.03720236197113991,-0.034614358097314835,0.0
0.1359395831823349,0.12722907960414886,0.10625961422920227,0.11394335230683678
0.2714935839176178,0.24501818418502808,0.23827026784420013,0.20411998265592482
0.1934209167957306,0.2113065868616104,0.21941182017326355,0.3424226808222063
-0.4334490895271301,-0.417386531829834,-0.42964479327201843,-0.5228787452803376
-0.4325464367866516,-0.43352043628692627,-0.45633426308631897,-0.5376020021010439
-0.44101935625076294,-0.4434548616409302,-0.42200735211372375,-0.46852108295774486
-0.44101935625076294,-0.417386531829834,-0.42964479327201843,-0.431798275933005
-0.4223636984825134,-0.42650115489959717,-0.42214086651802063,-0.38721614328026455
-0.41619762778282166,-0.41305336356163025,-0.44686800241470337,-0.4188471080337112
-0.7854325771331787,-0.9803410768508911,-0.7559490203857422,-1.154901959985743
-0.8773720264434814,-1.1756844520568848,-0.8487951159477234,-1.0969100130080565
-0.8947696685791016,-0.8957685232162476,-0.9260778427124023,-1.0457574905606752
-0.895911455154419,-0.9044159650802612,-0.8959804177284241,-1.0457574905606752
-0.9572163224220276,-0.9044159650802612,-0.8959804177284241,-0.8860566476931632
-0.9322296380996704,-1.0454864501953125,-0.8959804177284241,-0.8239087409443188
-0.9572163224220276,-1.0454864501953125,-0.9468745589256287,-0.7825160557860937
-0.9327375292778015,-1.0454864501953125,-0.9260778427124023,-0.744727494896694
-1.177461862564087,-1.1603752374649048,-1.1490564346313477,-1.5228787452803376
-1.2002594470977783,-1.3350965976715088,-1.4489279985427856,-1.3979400086720375
-0.9707611799240112,-0.9675438404083252,-0.9544523358345032,-1.1674910872937636
-0.9572321176528931,-1.0020376443862915,-0.9847155213356018,-1.1739251972991736
-0.9572321176528931,-0.9675438404083252,-0.9951584935188293,-0.958607314841775
-0.9707611799240112,-1.0153523683547974,-1.067636251449585,-0.9208187539523752
-1.0617084503173828,-1.0139604806900024,-0.9847155213356018,-0.8538719643217619
-1.0617084503173828,-1.0020376443862915,-1.067636251449585,-0.7958800173440752
-0.45666399598121643,-0.016162730753421783,-0.06554638594388962,-0.2676062401770315
-0.1101985052227974,-0.17760813236236572,-0.025079181417822838,0.13033376849500614
-0.5681177377700806,-0.629500150680542,-0.6039620637893677,-0.5917600346881504
-0.797049343585968,-0.8071421980857849,-0.765853226184845,-0.8356471442155629
-0.644799530506134,-0.6844407320022583,-0.6540114879608154,-0.6903698325741012
-0.7061160802841187,-0.7274953722953796,-0.7382451891899109,-0.7099653886374819
-0.9555044174194336,-0.990512490272522,-0.9719853401184082,-0.9244530386074693
-0.810135543346405,-0.8170233964920044,-0.8063186407089233,-0.8068754016455384
-0.9084189534187317,-0.9145100116729736,-0.9228212833404541,-0.8446639625349383
-1.0160434246063232,-1.027430534362793,-1.0461710691452026,-0.9871627752948278
-1.1530566215515137,-1.1617546081542969,-1.115574598312378,-1.0757207139381184
-1.2912614345550537,-1.3201041221618652,-1.2891550064086914,-1.3767507096020994
-0.6242309212684631,-0.6017656922340393,-0.59438157081604,-0.6216020990518624
-0.7233513593673706,-0.7420051693916321,-0.7249099612236023,-0.7235381958267558
-0.8023508191108704,-0.8159319758415222,-0.8226324915885925,-0.8728952016351923
-0.9911414980888367,-1.0422019958496094,-1.0208289623260498,-1.0
-0.78312748670578,-0.7937938570976257,-0.789728581905365,-0.7351821769904635
-0.8669027090072632,-0.8610875010490417,-0.8753072023391724,-0.9030899869919435
-0.971332848072052,-0.9636844992637634,-0.957726240158081,-0.9136401693252518
-1.083524465560913,-1.081209421157837,-1.0899178981781006,-1.0969100130080565
-1.1770312786102295,-1.1873255968093872,-1.179966926574707,-1.2518119729937995
-1.3923335075378418,-1.4003300666809082,-1.3996914625167847,-1.3979400086720375
-0.7359331846237183,-0.7348014712333679,-0.7238473892211914,-0.6695862266508091
-0.888673722743988,-0.8527317047119141,-0.8778350949287415,-0.9469215565165803
-0.986922562122345,-0.9532424807548523,-0.9843535423278809,-0.958607314841775
-0.8696060180664062,-0.8508468270301819,-0.9045057892799377,-0.889410289700751
-1.1678866147994995,-1.176047921180725,-1.180044174194336,-1.0362121726544447
-1.0620249509811401,-1.0784926414489746,-1.0959160327911377,-1.0969100130080565
-1.1304327249526978,-1.0518416166305542,-1.0898785591125488,-1.1739251972991736
-1.2419975996017456,-1.243790864944458,-1.246405005455017,-1.2218487496163564
-1.283819317817688,-1.3306102752685547,-1.3093898296356201,-1.5086383061657274
-1.4939460754394531,-1.544100046157837,-1.5323147773742676,-1.5686362358410126
-0.5814738273620605,-0.5554308295249939,-0.5393957495689392,-0.6307841425898572
-0.7070514559745789,-0.6681989431381226,-0.6895806193351746,-0.7746907182741372
-0.7893552780151367,-0.7942085266113281,-0.776398777961731,-0.9393021596463883
-1.0671647787094116,-1.0630362033843994,-1.0571016073226929,-1.0915149811213503
-1.1674467325210571,-1.116252064704895,-1.1739096641540527,-0.8124792791635369
-0.8036324381828308,-0.9663666486740112,-0.9900979399681091,-0.728158393463501
-0.656585693359375,-0.5705819129943848,-0.8334019780158997,-0.6536470255493614
-0.4174693822860718,-0.45424091815948486,-0.4681544005870819,-0.5702477199975919
-0.5586477518081665,-0.5922901034355164,-0.5441262125968933,-0.5867002359187481
-0.7934312224388123,-0.675191342830658,-0.8441216945648193,-1.2612194415156308
-0.6971020102500916,-0.6837894916534424,-0.6995192170143127,-0.632644078973981
-0.7148141264915466,-0.7477449774742126,-0.7256764769554138,-0.7695510786217261
-0.8770548701286316,-0.8011777400970459,-0.799403727054596,-0.8013429130455774
-0.9000891447067261,-0.9452318549156189,-1.0232558250427246,-0.8996294548824371
-0.697752833366394,-0.743737518787384,-0.6905017495155334,-0.954665283683257
-0.39260879158973694,-0.41416433453559875,-0.5419852137565613,0.19242889185267814
-0.5061863660812378,-0.5279495120048523,-0.4019005298614502,-0.7004055460750772
-0.5308043360710144,-0.5518093705177307,-0.5704325437545776,-0.007774425390468595
-0.5524450540542603,-0.5803803205490112,-0.5156375765800476,-0.8730929478673854
-0.6905779838562012,-0.744978666305542,-0.7038190364837646,-1.1897674820049158
-0.8861528038978577,-0.8869959712028503,-0.8977706432342529,-0.9747064262624288
-1.0371516942977905,-1.011014461517334,-0.9609402418136597,-0.9889246043110689
-1.0234593152999878,-1.0409189462661743,-1.102962613105774,-1.0
-1.3566197156906128,-1.343915581703186,-1.2827248573303223,-1.4078232426041333
-0.4133460223674774,-0.34480708837509155,-0.45616400241851807,-0.24241116296647103
-0.5002489686012268,-0.4773028790950775,-0.4632357954978943,-0.36806133618362513
-0.5666286945343018,-0.565915048122406,-0.5270629525184631,-0.5367462373585933
-0.594052791595459,-0.619877278804779,-0.5761144161224365,-0.7299037185796695
-0.643756091594696,-0.6556436419487,-0.5577106475830078,-0.5564835524411349
-0.8554043173789978,-0.8050079345703125,-0.75909423828125,-1.0428718023231869
-0.7563154101371765,-0.7408161759376526,-0.7670929431915283,-0.7853362626166637
-0.8147542476654053,-0.8751051425933838,-0.8722619414329529,-0.8460845738400542
-0.9311395883560181,-0.9800950288772583,-0.9623855948448181,-0.8224635000701379
-1.2886061668395996,-1.2173329591751099,-1.183261513710022,-1.274905478918531
-0.44219639897346497,-0.629625141620636,-0.36320510506629944,-0.6522992847276528
-0.5435944199562073,-0.5380611419677734,-0.5181610584259033,-0.5604446886106418
-0.591090202331543,-0.6014039516448975,-0.5471881628036499,-0.4611122199853002
-0.6320232152938843,-0.5691565871238708,-0.5923871397972107,-0.5485129164691497
-0.6397804617881775,-0.8010637164115906,-0.7207940220832825,-1.0710923097560472
-0.5502606630325317,-0.6358501315116882,-0.5602597594261169,-0.27318968816095895
-0.6246821284294128,-0.6351922750473022,-0.6361832022666931,-0.5829071302537867
-0.7125005125999451,-0.7057099342346191,-0.7392976880073547,-0.7366859256781294
-0.8043594360351562,-0.7698875665664673,-0.808871328830719,-0.7385729632304492
-1.1351723670959473,-1.075153112411499,-1.106550931930542,-1.1706962271689751
-0.4776943027973175,-0.49091970920562744,-0.5195221304893494,-1.0649514542830874
-0.6530331373214722,-0.8245556354522705,-0.7165579795837402,-0.39758294828163654
-0.6074832677841187,-0.7174333930015564,-0.5486810207366943,-0.43884492941755243
-0.6556634902954102,-0.6708484292030334,-0.6299914121627808,-0.5135015129792433
-0.46961307525634766,-0.6664396524429321,-0.5075296759605408,-0.2487416872076058
-0.8299907445907593,-0.741199791431427,-0.9254622459411621,-0.8386319977650252
-0.5103248953819275,-0.5070355534553528,-0.5984569787979126,-0.5755855627799054
-0.5886064171791077,-0.5987758636474609,-0.6230327486991882,-0.7058094288663243
-0.6784138679504395,-0.6563142538070679,-0.669746458530426,-0.7067612313300833
-1.0041221380233765,-0.9435120820999146,-0.9503648281097412,-1.0741724253752576
-1.2714414596557617,-1.3378125429153442,-1.2582955360412598,-1.154901959985743
-1.1527059078216553,-1.0787103176116943,-1.1559847593307495,-1.3979400086720375
-0.9837727546691895,-0.9338210225105286,-1.0084254741668701,-0.7887806452865336
0.18015557527542114,0.020808063447475433,-0.09627322107553482,-0.9913998282380825
-1.2393536567687988,-0.6715586185455322,-0.5829367637634277,-1.6382721639824072
-0.6231940984725952,-0.6155802011489868,-0.5857344269752502,-0.8227521637443765
-0.7827269434928894,-0.7745988368988037,-0.8176552653312683,-0.5678327305574118
-0.5395795702934265,-0.5533919930458069,-0.8099614381790161,-0.7700623140920662
-0.4564068019390106,-0.4767018258571625,-0.7987101674079895,-0.5868679495651279
-0.6175280213356018,-0.5626493692398071,-0.5308955907821655,-0.48030585777695184
-0.40927019715309143,-0.40694788098335266,-0.4147842526435852,-0.4782331678974931
-0.30190542340278625,-0.33857429027557373,-0.3696545958518982,-0.4782331678974931
-0.5589503645896912,-0.5841087698936462,-0.600867748260498,-0.5673433213297185
-0.3751044273376465,-0.41176483035087585,-0.40912801027297974,-0.5673433213297185
-0.2856545150279999,-0.3930280804634094,-0.34897541999816895,-0.31188553738779184
-0.5951461791992188,-0.6050218343734741,-0.6048215627670288,-0.5439423342934175
-0.407613605260849,-0.42842161655426025,-0.4036429226398468,-0.3637860061528278
-0.340696781873703,-0.31512928009033203,-0.3296442925930023,-0.17810147614512115
-0.5659714341163635,-0.5310713052749634,-0.5319991111755371,-0.5220283612002359
-0.30481502413749695,-0.37661126255989075,-0.3159308433532715,-0.3226851081391375
-0.22513367235660553,-0.11653565615415573,-0.1858793944120407,-0.2105934635647474
-0.5229857563972473,-0.48715898394584656,-0.4938076436519623,-0.5364862514572177
-0.385882169008255,-0.31982699036598206,-0.34828639030456543,-0.36317623205264593
-0.26272714138031006,-0.18564395606517792,-0.27416691184043884,-0.23669107934973807
-0.4506208002567291,-0.4628942906856537,-0.4569694697856903,-0.5668016031061403
-0.39608749747276306,-0.4007706344127655,-0.39390888810157776,-0.37724732999000976
-0.3400247395038605,-0.33561888337135315,-0.3329315781593323,-0.2358485356388072
-0.26170843839645386,-0.3140749931335449,-0.5105499029159546,-0.15946547079652254
-0.770275890827179,-0.9263381958007812,-0.9078168272972107,-0.4962093169428189
-0.8345255255699158,-0.9826470017433167,-0.9580684304237366,-1.496209316942819
-0.46643510460853577,-0.2962419390678406,-0.5150952339172363,-0.20388865217693533
-0.5085723400115967,-0.5354351997375488,-0.6944002509117126,-0.006607862550997468
-1.5256506204605103,-1.3262439966201782,-1.1988481283187866,-0.3601152580836957
-0.28391048312187195,0.08779867738485336,0.6771848201751709,0.0589950935254163
0.3954838216304779,0.4196343421936035,0.4032014012336731,-0.09691001300805639
-1.166723608970642,-1.1521286964416504,-1.1978752613067627,-1.1804560644581312
-1.2515634298324585,-1.3184937238693237,-1.2505769729614258,-1.2218487496163564
-1.340410828590393,-1.399333119392395,-1.3457812070846558,-1.2596373105057561
-1.4435089826583862,-1.4869539737701416,-1.501632571220398,-1.494850021680094
-1.5648245811462402,-1.5906685590744019,-1.5714789628982544,-1.585026652029182
-1.5604445934295654,-1.5417267084121704,-1.534827709197998,-1.6989700043360187
-1.70469069480896,-1.6602139472961426,-1.7287720441818237,-1.6777807052660807
-1.7642669677734375,-1.7939966917037964,-1.7678591012954712,-1.6989700043360187
-1.7880810499191284,-1.8322274684906006,-1.724890947341919,-1.744727494896694
-1.7898410558700562,-1.7915153503417969,-1.7805403470993042,-2.0457574905606752
-1.9616669416427612,-1.943686842918396,-1.9596774578094482,-1.853871964321762
-1.6965149641036987,-1.6834371089935303,-1.722206473350525,-1.8239087409443189
-0.7478234767913818,-0.7441505789756775,-0.7556684017181396,-0.09691001300805639
-0.8023251891136169,-0.8031798005104065,-0.7534528970718384,-0.4145392704914993
-0.6425104737281799,-0.6392635703086853,-0.7533363699913025,-0.9030899869919435
-0.6621816158294678,-0.6558329463005066,-0.6544075608253479,-0.8601209135987634
-0.6624484658241272,-0.7268927693367004,-0.7273361682891846,-0.645891560852599
-3.4480998516082764,-3.6056747436523438,-3.6436498165130615,-4.0
-3.7948696613311768,-3.8199379444122314,-3.778944730758667,-3.3979400086720375
-3.759122133255005,-3.76043963432312,-3.7569639682769775,-3.552841968657781
-3.450077772140503,-3.8329660892486572,-3.7907750606536865,-3.6989700043360187
-3.452420949935913,-3.6770496368408203,-3.8109805583953857,-3.853871964321762
-3.4517946243286133,-3.793208599090576,-3.8525726795196533,-4.0
-3.763918161392212,-3.9706528186798096,-3.9907357692718506,-4.0
-3.763918161392212,-4.038114547729492,-3.9907357692718506,-4.0
-3.6861329078674316,-3.7060930728912354,-3.7226145267486572,-3.8239087409443187
-3.785614252090454,-3.7060930728912354,-3.7847182750701904,-3.744727494896694
-3.3238110542297363,-4.000065803527832,-3.872478723526001,-4.0
-0.17272378504276276,-0.5150542259216309,-0.17463694512844086,0.10455539124051359
-0.09994539618492126,-0.5113198757171631,-0.10140970349311829,-0.11407366019856895
-0.15288189053535461,-0.5050330758094788,-0.1559203565120697,-0.26672246606741823
-0.2434743046760559,-0.32022690773010254,-0.3356596529483795,-0.5454600150351813
-0.1845817267894745,-0.20146526396274567,-0.20904766023159027,-0.19756837356927645
-0.21630853414535522,0.056324683129787445,-0.1601841151714325,0.046846203945821285
-0.2535690367221832,0.12357909977436066,-0.10517886281013489,0.24022465412227756
-0.10064849257469177,-0.26834723353385925,-0.29600927233695984,-0.22184874961635637
-0.013172782026231289,-0.01795702613890171,-0.01103863213211298,-0.045757490560675115
-0.11239776015281677,-0.03469983488321304,0.2334250956773758,0.18184358794477254
-0.19217756390571594,-0.08232990652322769,0.1921449601650238,0.4065401804339551
-1.427976369857788,-1.4229867458343506,-1.423429012298584,-2.0
-1.5276483297348022,-1.5188359022140503,-1.5195192098617554,-1.3010299956639813
-0.9558563232421875,-0.8298644423484802,-0.9499604105949402,-0.9208187539523752
-0.6244715452194214,-0.5229058265686035,-0.6111171841621399,-0.6989700043360187
-1.2973796129226685,-1.3140031099319458,-1.3140074014663696,-1.3665315444204136
-1.1550116539001465,-1.153405785560608,-1.1483895778656006,-1.2365720064370627
-1.3202404975891113,-1.3247967958450317,-1.3052000999450684,-1.2596373105057561
-1.1071346998214722,-1.1011919975280762,-1.1029902696609497,-1.0969100130080565
-1.2771854400634766,-1.2574137449264526,-1.2550376653671265,-1.275724130399211
-1.1801453828811646,-1.177639126777649,-1.1794159412384033,-1.2441251443275085
-0.9852355122566223,-1.0149023532867432,-0.9729357361793518,-0.958607314841775
-1.0645496845245361,-1.094169020652771,-1.0957270860671997,-1.0705810742857071
-1.1794617176055908,-1.1647858619689941,-1.1594589948654175,-1.1249387366083
-0.8500633835792542,-0.9063808917999268,-0.8408293724060059,-0.8239087409443188
-0.9543617367744446,-0.9656998515129089,-0.9517632722854614,-0.9393021596463883
-1.0535087585449219,-0.993270218372345,-0.9923732280731201,-1.0222763947111522
-0.1736447513103485,-0.16506905853748322,-0.1563553661108017,-0.045757490560675115
-0.12342670559883118,-0.1223694458603859,-0.11230738461017609,-0.1549019599857432
-0.16597887873649597,-0.0923154279589653,-0.12178390473127365,-0.1549019599857432
-0.10839302092790604,-0.08987592905759811,-0.1274046152830124,-0.1549019599857432
-0.23601529002189636,-0.19299201667308807,-0.23075029253959656,-0.1549019599857432
-0.09161421656608582,-0.11216311156749725,-0.08318594843149185,-0.1549019599857432
-0.11747381836175919,-0.09642534703016281,-0.11584129929542542,-0.045757490560675115
-0.07628241181373596,-0.07469569146633148,-0.0933152362704277,-0.09691001300805639
-0.3874901533126831,-0.38239341974258423,-0.3602224886417389,-0.36051351073141397
-0.373551607131958,-0.45468050241470337,-0.22357620298862457,0.32159843046534387
-1.0627614259719849,-1.0616153478622437,-1.0444066524505615,-1.2218487496163564
-0.6049824357032776,-0.6584823131561279,-0.6602362990379333,0.012837224705172217
-1.094030737876892,-1.079106330871582,-0.8235823512077332,-1.2218487496163564
-0.6673882603645325,-0.7700418829917908,-0.5596239566802979,0.0
-0.39518600702285767,-0.7560959458351135,-0.7448946833610535,-1.1079053973095196
-0.9149105548858643,-0.7560461759567261,-0.7448814511299133,-0.08039897621588903
-0.4241425096988678,-0.4177478551864624,-0.4251357316970825,-0.906578314837765
-0.8205869197845459,-0.8294596672058105,-0.8238632678985596,-0.1180450286603995
-0.8853690028190613,-0.615020215511322,-0.7710813283920288,-1.1023729087095586
-1.498623013496399,-1.403209924697876,-1.5322624444961548,-2.3010299956639813
-1.5160071849822998,-1.5875461101531982,-1.556374192237854,-2.0
-1.079329252243042,-1.093410849571228,-1.1424928903579712,-1.0969100130080565
-0.8052591681480408,-0.9279288649559021,-0.7588887214660645,-0.4559319556497244
-1.490578293800354,-1.3984919786453247,-1.5395689010620117,-2.0
-1.6987318992614746,-1.7680957317352295,-1.5475393533706665,-1.5228787452803376
-1.0625079870224,-1.088950514793396,-1.0565316677093506,-1.0969100130080565
-0.8538696765899658,-0.9135340452194214,-0.8098644614219666,-0.4559319556497244
-1.4818590879440308,-1.5672825574874878,-1.512081503868103,-1.3979400086720375
-1.6518192291259766,-1.5067943334579468,-1.6456222534179688,-1.154901959985743
-1.140013337135315,-1.0900096893310547,-1.12592351436615,-1.0969100130080565
-0.8069556951522827,-0.6928410530090332,-0.666686475276947,-0.4559319556497244
-1.4623053073883057,-1.5290244817733765,-1.4598133563995361,-1.5228787452803376
-1.640014886856079,-1.7506355047225952,-1.5849303007125854,-1.0457574905606752
-1.0837956666946411,-1.0854074954986572,-1.0833091735839844,-1.0969100130080565
-0.6680731773376465,-0.8552935719490051,-0.15191490948200226,-0.4559319556497244
-1.0441632270812988,-0.9832859635353088,-0.9303616881370544,-1.6989700043360187
-1.487351417541504,-1.6740541458129883,-1.433833360671997,-1.0969100130080565
-0.6518950462341309,-0.735035240650177,-0.9179413914680481,-1.0969100130080565
-1.3342015743255615,-1.3509117364883423,-1.3314388990402222,-1.5228787452803376
-1.4322149753570557,-1.4289202690124512,-1.3885353803634644,-1.5228787452803376
-1.4300596714019775,-1.411541223526001,-1.4125741720199585,-1.5686362358410126
-1.3350263833999634,-1.3448684215545654,-1.3382551670074463,-1.3010299956639813
-1.5326646566390991,-1.5266568660736084,-1.5664165019989014,-1.4559319556497243
-1.68253493309021,-1.602789044380188,-1.6884106397628784,-1.6382721639824072
-1.081419587135315,-1.1404460668563843,-1.144893765449524,-1.1079053973095196
-1.421157956123352,-1.3082457780838013,-1.4086226224899292,-1.4685210829577449
-1.5555357933044434,-1.7565948963165283,-1.5400956869125366,-1.6989700043360187
-1.5378929376602173,-1.5402132272720337,-1.3820942640304565,-1.4202164033831899
-1.6272063255310059,-1.5504881143569946,-1.4949291944503784,-1.5528419686577808
-1.7448524236679077,-1.7477328777313232,-1.7317862510681152,-1.585026652029182
-0.6443871259689331,-1.111296534538269,-0.5300732254981995,-0.2915790998652873
-0.8948618173599243,-0.8962432742118835,-0.8984899520874023,-1.0457574905606752
-0.952961802482605,-0.9522082209587097,-0.9362767934799194,-0.9208187539523752
-0.9454602003097534,-0.9406014084815979,-0.9442075490951538,-0.8696662315049939
-0.9197618961334229,-0.935663104057312,-0.9043288230895996,-0.8728952016351923
-0.8524566888809204,-0.8689680099487305,-0.8412503004074097,-0.7695510786217261
-0.7523289918899536,-0.6835048794746399,-0.7035729885101318,-0.744727494896694
-0.6826282143592834,-0.6781983971595764,-0.6750211119651794,-0.638272163982407
-0.6180831789970398,-0.62664794921875,-0.6250512003898621,-0.6020599913279624
-0.06776580214500427,-0.06560136377811432,-0.042214732617139816,0.07483398754248842
-0.05821290612220764,-0.06753943115472794,-0.07619765400886536,-0.07456877754272212
-0.3025696873664856,-0.29073992371559143,-0.29083412885665894,-0.39621278437488217
-0.837510347366333,-0.8117876648902893,-0.7307966947555542,-0.6624808401530248
-0.8005881309509277,-0.8042007088661194,-0.841532289981842,-0.36705503314702814
-0.5895534157752991,-0.6021059155464172,-0.6156395673751831,-0.18908766448515754
-0.7663495540618896,-0.7283918857574463,-0.731561005115509,-0.619788758288394
-0.5835309624671936,-0.6069091558456421,-0.6299490928649902,-0.5528419686577808
-0.5612371563911438,-0.5696321725845337,-0.5895552635192871,-0.5228787452803376
-0.6436542868614197,-0.6460764408111572,-0.6395207643508911,-0.7958800173440752
-0.5835728049278259,-0.6056779623031616,-0.626814603805542,-0.721246399047171
-0.5584242343902588,-0.5377848744392395,-0.5545891523361206,-0.6777807052660807
-0.7704483866691589,-0.7155284285545349,-0.7099809646606445,-0.6575773191777937
-0.7367401719093323,-0.7326643466949463,-0.7098115086555481,-0.619788758288394
-0.5493757724761963,-0.5795733332633972,-0.5708321928977966,-0.5528419686577808
-1.551658034324646,-1.603508710861206,-1.460418939590454,-1.3010299956639813
-1.7758351564407349,-2.661635637283325,-2.619145631790161,-2.661543506395395
-1.6656391620635986,-1.5938557386398315,-1.6883883476257324,-1.6989700043360187
-1.6720868349075317,-1.600412130355835,-1.8698768615722656,-1.3979400086720375
-1.3731017112731934,-2.160618543624878,-2.117007255554199,-1.5228787452803376
-1.9049967527389526,-2.0647456645965576,-1.8745847940444946,-1.5228787452803376
-1.9037671089172363,-1.81203293800354,-1.8734487295150757,-2.0
-1.474716305732727,-1.5285022258758545,-1.5059306621551514,-1.3979400086720375
-1.4236536026000977,-1.4248145818710327,-1.4482492208480835,-1.3010299956639813
-1.521897315979004,-1.4748388528823853,-1.5288938283920288,-2.0
-1.1672970056533813,-1.1632187366485596,-1.1778953075408936,-1.5228787452803376
-1.7209091186523438,-1.765234351158142,-1.8138725757598877,-2.0
-1.8221033811569214,-2.4740617275238037,-2.5774686336517334,-2.6903698325741012
-1.597563624382019,-1.756234884262085,-1.63365638256073,-2.0
-1.3655074834823608,-1.3577526807785034,-1.7080540657043457,-1.5228787452803376
-1.1722321510314941,-1.0566145181655884,-1.128672480583191,-1.0457574905606752
-1.0189423561096191,-1.163892149925232,-1.240739107131958,-2.0
-1.4930777549743652,-1.6124476194381714,-1.6922590732574463,-1.3010299956639813
-0.5507041215896606,-0.7342863082885742,-0.7419153451919556,-0.5528419686577808
-1.8992764949798584,-2.688086986541748,-2.341702938079834,-2.0
-0.6895630955696106,-0.5354641675949097,-0.6517989635467529,-0.431798275933005
-1.0835446119308472,-1.1152890920639038,-0.9862755537033081,-1.1307682802690238
-0.888424813747406,-1.1087151765823364,-0.8026456832885742,-0.7099653886374819
0.7048800587654114,0.49332427978515625,0.32381126284599304,-1.6020599913279623
0.057361092418432236,0.04356764629483223,0.03298194333910942,0.24608452348596643
-0.5384566187858582,-0.5352227687835693,-0.5582402944564819,-0.5772050430229445
-0.368327796459198,-0.38503459095954895,-0.3680633306503296,-0.3507089624485719
-0.12361804395914078,-0.11378668993711472,-0.11714641004800797,-0.16198694355870663
0.06961571425199509,0.07584097236394882,0.0763230174779892,0.053245595471386686
0.08863034844398499,0.08053142577409744,0.07437833398580551,0.05137096588066842
-0.17848804593086243,-0.2055555135011673,-0.18273964524269104,-0.21148306001705308
-0.4819445013999939,-0.4708211123943329,-0.4821232557296753,-0.8054246114267724
-0.7338716983795166,-0.7431181073188782,-0.7513650059700012,-1.0457574905606752
-0.7443276643753052,-0.7431181073188782,-0.7457829713821411,-0.9208187539523752
-0.6002749800682068,-0.23715634644031525,-0.3367353677749634,-1.0969100130080565
-0.6002749800682068,-0.6131347417831421,-0.6161482930183411,-0.3279021420642826
-0.6002749800682068,-0.7129104137420654,-0.3367353677749634,-0.13076828026902382
-1.2973673343658447,-1.2268863916397095,-1.3019756078720093,-1.431798275933005
-1.2456797361373901,-1.1636656522750854,-1.2246721982955933,-1.2676062401770314
-1.0957777500152588,-1.078340768814087,-1.1173605918884277,-1.0362121726544447
-0.9488431215286255,-1.0011332035064697,-0.921493411064148,-0.8601209135987634
-0.5274478197097778,-0.5172038078308105,-0.5444633960723877,-0.4416731044404668
-0.3768646717071533,-0.3746507465839386,-0.37698617577552795,-0.26896109822633824
-0.22170467674732208,-0.22193609178066254,-0.229549378156662,-0.1747738725181171
-0.16546359658241272,-0.16002239286899567,-0.1599528044462204,-0.07297525930573517
-0.5264059901237488,-0.5316997766494751,-0.5257676243782043,-0.6202957309755527
-0.3793489933013916,-0.37392017245292664,-0.4190615713596344,-0.4416731044404668
-0.24190402030944824,-0.2207804173231125,-0.27265051007270813,-0.3192666411494966
-0.12542089819908142,-0.1227300614118576,-0.1512099951505661,-0.20590948330553177
-0.6426196694374084,-0.6260195374488831,-0.6418277025222778,-0.6772020316536124
-0.4757157564163208,-0.4531729221343994,-0.4953573942184448,-0.512848892949376
-0.3129703402519226,-0.333692342042923,-0.34232041239738464,-0.376171003333255
-0.21289747953414917,-0.20320259034633636,-0.22701147198677063,-0.22388310982803264
-0.7464700937271118,-0.7661952972412109,-0.7651553153991699,-0.7229595222142875
-0.5935041904449463,-0.5870878100395203,-0.6160992980003357,-0.5699910938903194
-0.4323843717575073,-0.42594361305236816,-0.4765479564666748,-0.4171301897533445
-0.30885666608810425,-0.35542166233062744,-0.3636983633041382,-0.258899636731723
-0.5770682096481323,-0.6434500217437744,-0.6390492916107178,-0.7851058402620318
-0.4856327474117279,-0.7533541321754456,-0.5940837860107422,-0.5436628195606764
-0.4340851902961731,-0.7231892943382263,-0.439292848110199,-0.41238331068187045
-0.3029966354370117,-0.6996520757675171,-0.33248353004455566,-0.315473297673814
-0.5169758796691895,-0.5793362259864807,-0.9906687140464783,1.0791812460476249
-1.0933921337127686,-1.124457836151123,-1.09413743019104,-0.8950590287059912
-1.1409224271774292,-1.036006212234497,-1.1294713020324707,-1.3802077673696482
-1.1315218210220337,-1.146911382675171,-1.077816367149353,-1.019237844767115
-0.8138119578361511,-0.8204656839370728,-0.8104192614555359,-0.9293453190375998
-0.7580819129943848,-0.8825310468673706,-0.6110924482345581,-0.6376438358473397
-1.0608296394348145,-1.153050422668457,-1.1509013175964355,-1.1249387366083
-1.083227515220642,-1.2285913228988647,-1.2666276693344116,-1.2952748095837496
-1.1069326400756836,-1.304814338684082,-1.31464684009552,-1.56331269864241
-0.17212188243865967,-0.15576021373271942,-0.14402736723423004,-0.08671609823958155
-0.15607717633247375,-0.154976487159729,-0.16642937064170837,-0.15366288787019475
-0.22190842032432556,-0.21897302567958832,-0.22991664707660675,-0.24641694110709347
-0.747191309928894,-0.7418625950813293,-0.7391957640647888,-0.8216879456873214
-0.6191774010658264,-0.7971646785736084,-0.6219934225082397,-0.76275796001577
-0.6182358264923096,-0.6440539956092834,-0.6044998168945312,-0.5118837952735734
-0.5591779351234436,-0.7994899749755859,-0.677908718585968,-0.524373841197004
-0.358525812625885,-0.49663621187210083,-0.4233362376689911,-0.43046925762642946
-0.39297813177108765,-0.37072545289993286,-0.3061096668243408,-0.3475302820980142
-0.31737691164016724,-0.30379658937454224,-0.32543784379959106,-0.34579360742080123
-0.4966775178909302,-0.4983547329902649,-0.531559407711029,-0.26146360265571295
-0.3817148208618164,-0.33225253224372864,-0.35062065720558167,-0.3467874862246563
-0.664044201374054,-0.6280985474586487,-0.6057944893836975,-0.4225082001627747
-2.0220158100128174,-2.1084516048431396,-2.053539514541626,-2.6989700043360187
-2.196220636367798,-2.197542905807495,-2.2634778022766113,-2.154901959985743
-2.288511037826538,-2.1059186458587646,-2.2455108165740967,-1.8860566476931633
-2.0303118228912354,-2.1815497875213623,-2.16780161857605,-2.0969100130080562
-2.2500717639923096,-2.099492311477661,-2.083103656768799,-1.958607314841775
-2.0536458492279053,-2.0639617443084717,-2.072493553161621,-2.154901959985743
-1.9654901027679443,-1.9807145595550537,-2.1051926612854004,-2.0
-0.8500473499298096,-0.9058607816696167,-0.8198214769363403,-0.9867413347164835
-0.9144359230995178,-0.9316231608390808,-0.8997076153755188,-1.1354889189416082
-1.0319398641586304,-1.070055603981018,-1.0600364208221436,-1.2700257143004443
-1.237133502960205,-1.2174869775772095,-1.2380961179733276,-1.5030703519267852
-1.4781389236450195,-1.5168430805206299,-1.4408918619155884,-1.5451551399914898
-0.6576789021492004,-0.650556743144989,-0.6786817312240601,-0.585026652029182
-0.6595697402954102,-0.6586571335792542,-0.6484450697898865,-0.638272163982407
-0.6822134256362915,-0.6794694066047668,-0.6731372475624084,-0.6989700043360187
-0.7550817728042603,-0.7628853917121887,-0.7216371893882751,-0.7061956400806633
-0.7402828931808472,-0.7628853917121887,-0.7558057904243469,-0.6252516539898961
-0.6446778178215027,-0.6891837120056152,-0.6662866473197937,-0.6989700043360187
-0.7845398783683777,-0.7812567353248596,-0.7651328444480896,-0.8860566476931632
-0.6910765767097473,-0.6891837120056152,-0.6641687154769897,-0.596879478824182
-0.823063313961029,-0.8203018307685852,-0.784775972366333,-0.7958800173440752
-0.8202726244926453,-0.8437415361404419,-0.8457738161087036,-0.9208187539523752
-0.7227276563644409,-0.7284606099128723,-0.7285295724868774,-0.832682665251824
-0.6152002215385437,-0.5690949559211731,-0.5475265383720398,-0.5686362358410126
-0.5644807815551758,-0.5690949559211731,-0.5475265383720398,-0.6575773191777937
-0.6761015057563782,-0.7007482051849365,-0.6799676418304443,-0.6989700043360187
-0.6248436570167542,-0.6367396712303162,-0.630023717880249,-0.638272163982407
-0.5556002855300903,-0.5582858324050903,-0.5472264885902405,-0.5686362358410126
-0.5560387372970581,-0.5405020713806152,-0.5483185052871704,-0.4814860601221125
-0.939797580242157,-0.898722767829895,-0.8901487588882446,-0.8239087409443188
-0.507841944694519,-0.3318001925945282,-0.42842814326286316,-0.4814860601221125
0.014338042587041855,0.06362918764352798,0.027513829991221428,0.1457587283907783
0.03799128904938698,0.08236397802829742,0.032707855105400085,0.09483713737486861
-0.01758326031267643,-0.016730209812521935,-0.006993631366640329,0.021189299069938092
-0.027174148708581924,-0.0054693338461220264,-0.04209784045815468,-0.040958607678906384
-0.07335397601127625,-0.039560746401548386,-0.1335621178150177,-0.07058107428570727
-0.03726815804839134,0.07000626623630524,-0.045076921582221985,-0.07918141976545234
-0.082135409116745,0.007347714621573687,-0.11455437541007996,-0.3740509819413798
-1.5409914255142212,-1.6374752521514893,-1.719079613685608,-0.4814860601221125
-0.12336427718400955,-0.22793804109096527,0.04301773011684418,-0.6020599913279624
-0.010905619710683823,0.039258815348148346,0.054057132452726364,0.20411998265592482
0.046816617250442505,0.05656159296631813,0.08372941613197327,0.146128035678238
0.03923415392637253,-0.01885833404958248,0.045838862657547,0.0
-0.03298918157815933,-0.05540962144732475,0.023764654994010925,-0.09691001300805639
-0.22946478426456451,-0.28272151947021484,-0.18833322823047638,-0.5228787452803376
-0.7476794123649597,-0.866641640663147,-0.7494413256645203,-0.10790539730951959
-0.9994314908981323,-0.9618640542030334,-0.5888485312461853,-1.2441251443275085
-0.7515981793403625,-0.7436085939407349,-0.7544321417808533,-1.3010299956639813
-0.3920991122722626,-0.5978913903236389,-0.9397358298301697,-0.25181197299379954
-0.21772006154060364,0.10655274242162704,-0.10567823797464371,-0.10237290870955855
-0.36544308066368103,-0.4394223093986511,-0.42788127064704895,-0.09691001300805639
-0.29794803261756897,-0.324397474527359,-0.3673643469810486,-0.1938200260161128
-0.45484891533851624,-0.4307014048099518,-0.4403041899204254,-0.2076083105017461
-0.33327001333236694,-0.3133094012737274,-0.35851743817329407,-0.3979400086720376
-0.5017113089561462,-0.5563676357269287,-0.5322252511978149,-0.5228787452803376
-0.20768308639526367,-0.18249613046646118,-0.21461942791938782,-0.2839966563652008
-0.6740170121192932,-0.6849066019058228,-0.7428104877471924,-0.6989700043360187
-0.13010969758033752,-0.14304883778095245,-0.11685001105070114,-0.08618614761628333
-0.3490460515022278,-0.3406926393508911,-0.35330089926719666,-0.3010299956639812
-0.5171594619750977,-0.501379132270813,-0.5026736259460449,-0.6020599913279624
0.022881392389535904,-0.030006874352693558,-0.03066370077431202,0.0
0.11320909857749939,0.09993280470371246,0.12896831333637238,0.11058971029924897
-0.10404085367918015,-0.08780612796545029,-0.07860290259122849,-0.1549019599857432
0.23013320565223694,0.2063707858324051,0.20801368355751038,0.25527250510330607
-0.3625180125236511,-0.36035844683647156,-0.3661142885684967,-0.3010299956639812
0.3179766833782196,0.3050694465637207,0.2705842852592468,0.30319605742048883
0.10299917310476303,0.08473033457994461,0.11459279805421829,0.07918124604762482
0.4133695960044861,0.3966681957244873,0.3514023423194885,0.414973347970818
-0.12941321730613708,-0.15075577795505524,-0.12269547581672668,-0.1870866433571444
0.4506048262119293,0.41252994537353516,0.37613338232040405,0.47712125471966244
0.5168803334236145,0.4803009033203125,0.41692620515823364,0.5314789170422551
0.21992413699626923,0.23043809831142426,0.21034519374370575,0.25527250510330607
-0.06631933897733688,-0.023037215694785118,-0.021570732817053795,0.06069784035361165
-1.126960277557373,-1.072677731513977,-1.1343492269515991,-1.3979400086720375
-1.1805684566497803,-1.0736074447631836,-1.1911195516586304,-1.2365720064370627
-1.3125756978988647,-1.2242563962936401,-1.2149641513824463,-1.0655015487564323
-1.323644757270813,-1.202629804611206,-1.219133734703064,-1.0604807473813815
-1.6863627433776855,-1.7013753652572632,-1.6714154481887817,-1.7911288617530743
-1.8116689920425415,-1.769960880279541,-1.803676724433899,-1.8072096028793474
-2.042584180831909,-1.9479478597640991,-1.9296398162841797,-1.8954787473816714
-2.1521899700164795,-1.98795747756958,-1.9857771396636963,-1.9348686278597902
-1.100507140159607,-1.1202828884124756,-1.078463077545166,-1.1135092748275182
-1.0582400560379028,-1.0523841381072998,-1.019922137260437,-1.0861861476162833
-1.040956735610962,-1.0020408630371094,-1.0294640064239502,-0.9281179926938746
-1.1413459777832031,-1.057071328163147,-1.130203127861023,-1.1870866433571443
-1.162359356880188,-1.028901219367981,-1.114538311958313,-1.1249387366083
-0.9510404467582703,-0.7996116280555725,-0.9335100650787354,-1.1804560644581312
-0.7565770745277405,-0.7908347249031067,-0.7944374680519104,-1.275724130399211
-0.733487606048584,-0.7431817054748535,-0.7420281767845154,-1.2924298239020637
-1.114519715309143,-1.0979019403457642,-1.1036431789398193,-1.1611509092627446
-1.0566474199295044,-1.0358335971832275,-1.0439789295196533,-0.9913998282380825
-1.1219406127929688,-1.1086424589157104,-1.0730080604553223,-1.0861861476162833
-1.1871976852416992,-1.1476943492889404,-1.1637991666793823,-1.193820026016113
-1.1115022897720337,-1.050688624382019,-1.0340031385421753,-1.0506099933550872
-0.8956735730171204,-0.8741519451141357,-0.9580877423286438,-1.1426675035687315
-0.7691631317138672,-0.7798502445220947,-0.7449158430099487,-1.1804560644581312
-0.7555750608444214,-0.7561116814613342,-0.7420281767845154,-1.2006594505464183
-0.4001339375972748,-0.5551066398620605,-0.4900054931640625,-0.6020599913279624
-0.32077014446258545,-0.4124791920185089,-0.39847317337989807,-0.3467874862246563
-0.2161870151758194,-0.24818764626979828,-0.2931811511516571,-0.1549019599857432
-0.10085484385490417,-0.09581486135721207,-0.16083075106143951,0.0
-0.442998468875885,-0.577582597732544,-0.5343727469444275,-0.6989700043360187
-0.4559791386127472,-0.4219684898853302,-0.4977032542228699,-0.4559319556497244
-0.33502301573753357,-0.33222121000289917,-0.3574434518814087,-0.23657200643706278
-0.20324233174324036,-0.23179663717746735,-0.14045976102352142,-0.09691001300805639
-0.6686639189720154,-0.6476014256477356,-0.6347652673721313,-0.6020599913279624
-0.47083422541618347,-0.504097044467926,-0.5331317782402039,-0.744727494896694
-0.43692952394485474,-0.4439881443977356,-0.468916654586792,-0.42021640338318983
-0.34114736318588257,-0.34603381156921387,-0.36556124687194824,-0.22184874961635637
-0.21553143858909607,-0.26167598366737366,-0.2549108862876892,-0.6989700043360187
-0.7357776165008545,-0.7450478076934814,-0.7414276003837585,-1.0
-0.764337420463562,-0.7605119347572327,-0.787514865398407,-0.9208187539523752
-1.0096980333328247,-0.9983299970626831,-0.9398632645606995,-0.6989700043360187
-0.8796129822731018,-0.8618943691253662,-0.9209313988685608,-0.8538719643217619
-1.092095136642456,-1.178572177886963,-1.2483669519424438,-0.7958800173440752
-1.0196201801300049,-1.0290669202804565,-0.9865615367889404,-0.9208187539523752
-0.6047540903091431,-0.9601154923439026,-0.9454012513160706,-1.0969100130080565
-0.4418426752090454,-0.6797066330909729,-0.7401993274688721,-1.2218487496163564
-1.7765343189239502,-1.615225076675415,-1.7295283079147339,-0.8860566476931632
-0.5574065446853638,-0.5909783840179443,-0.5763317942619324,0.01703333929878037
-0.07732582837343216,-0.0280472245067358,-0.4319131076335907,0.1610683854711746
-0.38990625739097595,-0.424098938703537,-1.3088759183883667,0.0441476208787228
-0.28461754322052,-0.3145591914653778,-0.3261208236217499,-0.744727494896694
-0.1906709372997284,-0.2172214835882187,-0.580432116985321,-0.09205147838772768
-0.24049612879753113,-0.25840386748313904,-1.3761482238769531,-0.5228787452803376
-0.7831011414527893,-0.8374192714691162,-1.2556935548782349,-0.744727494896694
-0.6462459564208984,-0.6899399757385254,-0.9975179433822632,-0.9030899869919435
-0.8417434096336365,-0.9784622192382812,-1.5623058080673218,-0.8664610916297825
-1.3900479078292847,-1.580430507659912,-2.088721513748169,-0.958607314841775
-1.175081729888916,-1.110007405281067,-1.335479974746704,-1.6989700043360187
-1.412937045097351,-1.5814403295516968,-1.4888966083526611,-1.7958800173440752
-0.59369295835495,-0.5019396543502808,-0.5590279698371887,-0.6020599913279624
-0.6305995583534241,-0.593470573425293,-0.6295524835586548,-0.585026652029182
-0.7303235530853271,-0.7347013354301453,-0.7189840078353882,-0.619788758288394
-0.8735998868942261,-0.8932152986526489,-0.8611133098602295,-0.8860566476931632
-1.2453986406326294,-1.2407816648483276,-1.1917341947555542,-1.3979400086720375
-1.1278717517852783,-1.1918416023254395,-1.0869166851043701,-1.2218487496163564
-1.0529522895812988,-1.0482449531555176,-0.9617004990577698,-1.0
-0.9971517324447632,-0.9914201498031616,-0.9874915480613708,-0.8860566476931632
-1.072788119316101,-1.0888100862503052,-1.0502827167510986,-0.8860566476931632
-1.1232576370239258,-1.0814056396484375,-1.1464860439300537,-1.154901959985743
-1.3302987813949585,-1.2897590398788452,-1.2989625930786133,-1.3979400086720375
-1.6644346714019775,-1.7245100736618042,-1.6447093486785889,-2.0
-1.7585943937301636,-1.814396858215332,-1.8166898488998413,-1.6989700043360187
-1.5486773252487183,-1.5227446556091309,-1.4184377193450928,-1.6989700043360187
-2.2637381553649902,-2.2689225673675537,-2.2719898223876953,-2.1804560644581312
-2.503868341445923,-2.424434185028076,-1.6186012029647827,-2.3565473235138126
-2.3902289867401123,-2.4317595958709717,-2.481619119644165,-2.6020599913279625
-1.8966882228851318,-1.9440973997116089,-1.2909326553344727,-2.537602002101044
-2.405681610107422,-2.4432313442230225,-2.6615653038024902,-2.721246399047171
-1.6864486932754517,-1.6678571701049805,-1.6675982475280762,-0.09691001300805639
-0.5638049244880676,-0.4977823793888092,-0.4559231102466583,0.24054924828259971
-0.8978307843208313,-0.8974525332450867,-0.6193402409553528,-1.2218487496163564
-0.7334235310554504,-0.7431181073188782,-0.7512623071670532,-0.728158393463501
-0.8007746338844299,-0.7710591554641724,-0.6906214952468872,-0.3467874862246563
-0.6200310587882996,-0.6087605953216553,-0.6209484338760376,-0.8860566476931632
-0.09986842423677444,-0.5273030996322632,-0.4499489367008209,-0.6536470255493614
-0.3185146152973175,-0.6869237422943115,-0.6945322155952454,-0.6635402661514704
-0.835025429725647,-0.8019386529922485,-0.9275697469711304,-1.0
-1.2822529077529907,-1.5126184225082397,-1.3464632034301758,-0.6777807052660807
-0.9895708560943604,-0.9949721097946167,-0.9917231798171997,-0.004364805402450088
-0.4960157573223114,-0.49192094802856445,-0.47639915347099304,-1.0457574905606752
-1.020140528678894,-0.8018951416015625,-0.8097865581512451,-1.0655015487564323
-0.7567139267921448,-1.1434078216552734,-0.7284124493598938,-1.0457574905606752
-1.0783897638320923,-1.064649224281311,-1.109995722770691,-1.0655015487564323
-1.571791648864746,-1.1832427978515625,-1.624558687210083,-1.080921907623926
-0.7555599212646484,-0.7560956478118896,-0.7449259757995605,0.17609125905568124
-1.2290637493133545,-1.2261300086975098,-1.2001476287841797,-1.3979400086720375
-0.6070367097854614,-0.6205219030380249,-0.7308969497680664,-0.431798275933005
-0.4500734806060791,-0.430715948343277,-0.47042107582092285,-0.4814860601221125
-0.5374143123626709,-0.5149504542350769,-0.529250979423523,-0.5228787452803376
-0.4877489507198334,-0.512884259223938,-0.5598681569099426,-0.6777807052660807
-1.246916651725769,-1.3292429447174072,-1.3910598754882812,-1.3979400086720375
-0.6988011598587036,-0.7499498724937439,-0.7129079699516296,-0.4814860601221125
-0.4983888566493988,-0.46122997999191284,-0.4871269464492798,-0.5376020021010439
-0.5586540102958679,-0.5455782413482666,-0.5570263266563416,-0.585026652029182
-0.5565433502197266,-0.5771859288215637,-0.68321293592453,-0.6989700043360187
-1.1882376670837402,-1.2084712982177734,-1.2372925281524658,-1.5228787452803376
-0.7345309257507324,-0.782626748085022,-0.7085508704185486,-0.5376020021010439
-0.5402917265892029,-0.5684731006622314,-0.5620040893554688,-0.6020599913279624
-0.6263394951820374,-0.6391769051551819,-0.6789846420288086,-0.638272163982407
-0.7812017202377319,-0.7523383498191833,-0.7765668630599976,-0.721246399047171
-1.1533311605453491,-1.1472922563552856,-1.1776809692382812,-1.5228787452803376
-0.7647760510444641,-0.8323522806167603,-0.7762686014175415,-0.6575773191777937
-0.6601247191429138,-0.6266687512397766,-0.6556090712547302,-0.721246399047171
-0.8084365129470825,-0.7499926090240479,-0.8171193599700928,-0.7695510786217261
-0.920569896697998,-0.906087338924408,-0.9320230484008789,-0.8538719643217619
-0.9046792984008789,-0.9768354296684265,-0.9879454970359802,-0.5528419686577808
-0.5385810136795044,-0.44859862327575684,-0.5608184933662415,-0.619788758288394
-0.560181736946106,-0.5459836721420288,-0.580157458782196,-0.6575773191777937
-0.7184315919876099,-0.7087801098823547,-0.7204097509384155,-0.6989700043360187
-0.7803692817687988,-0.7895053029060364,-0.8222419023513794,-0.744727494896694
-0.4585821330547333,-0.6452102065086365,-0.6509636640548706,-0.46852108295774486
-0.3172996938228607,-0.2643676698207855,-0.2669617235660553,-0.5228787452803376
-0.6355753540992737,-0.4272889792919159,-0.32470372319221497,-0.5528419686577808
-0.6707943677902222,-0.6750317811965942,-0.725462794303894,-0.585026652029182
-0.753197968006134,-0.7277137637138367,-0.7726423740386963,-0.6020599913279624
-1.1326184272766113,-1.152992844581604,-1.0692142248153687,-0.7695510786217261
-0.7838491797447205,-0.7574440836906433,-0.7748464345932007,-0.8860566476931632
-0.9335266947746277,-0.8777822852134705,-0.9125819206237793,-1.0
-1.1587196588516235,-1.1187760829925537,-1.1786283254623413,-1.0457574905606752
-1.0080820322036743,-0.9242806434631348,-0.9196364283561707,-1.3010299956639813
-0.8663465976715088,-0.8442618250846863,-0.8812851905822754,-0.8601209135987634
-0.7230974435806274,-0.7454755902290344,-0.7558819055557251,-0.721246399047171
-0.9440435767173767,-0.9385085105895996,-0.9546922445297241,-0.9393021596463883
-1.0050193071365356,-0.9882782101631165,-0.965889573097229,-0.9956786262173574
-0.7612285614013672,-0.7562269568443298,-0.7684385180473328,-0.7495799976911061
-1.0375090837478638,-1.0238338708877563,-1.002800464630127,-1.0604807473813815
-0.7908055186271667,-0.7632873058319092,-0.7670109868049622,-0.7772835288524167
-1.2240632772445679,-1.3307991027832031,-1.2516233921051025,-1.1674910872937636
-0.7730584740638733,-0.774291455745697,-0.7903594970703125,-0.8210230527068306
-0.975759744644165,-0.9423617720603943,-0.8756101727485657,-0.8996294548824371
-0.6199760437011719,-0.6280060410499573,-0.6399571299552917,-0.44369749923271273
-0.46886393427848816,-0.6657932996749878,-0.6811388731002808,-0.5528419686577808
-0.49759426712989807,-0.7890773415565491,-0.8026301860809326,-0.7958800173440752
-0.533827006816864,-0.7561433911323547,-0.74361652135849,-1.0969100130080565
-0.5524259209632874,-0.3587648570537567,-0.5756397247314453,-0.24382048315619081
-0.37815818190574646,-0.24202442169189453,-0.27140310406684875,-0.5757719293040201
-0.7545574307441711,-0.7437451481819153,-0.7367033958435059,-0.8024437868464636
-0.46775415539741516,-0.6334729790687561,-0.587169349193573,-0.7695510786217261
-1.1321951150894165,-1.2980495691299438,-1.2728320360183716,-1.2218487496163564
-1.301100492477417,-1.3338490724563599,-1.333451747894287,-1.3979400086720375
-1.3832755088806152,-1.4185696840286255,-1.3921055793762207,-1.3767507096020994
-1.2808939218521118,-1.2967143058776855,-1.2865068912506104,-1.3010299956639813
-1.2036188840866089,-1.1966073513031006,-1.192274808883667,-1.207608310501746
-1.149964451789856,-1.178396224975586,-1.177796483039856,-1.0555173278498313
-1.2316234111785889,-1.2424390316009521,-1.1377555131912231,-1.3098039199714864
-1.218709111213684,-1.191648006439209,-1.1377555131912231,-1.408935392973501
-1.2312015295028687,-1.2902882099151611,-1.2477312088012695,-1.3187587626244128
-1.175587773323059,-1.2481682300567627,-1.226511836051941,-1.2596373105057561
-1.3026858568191528,-1.3298263549804688,-1.3439794778823853,-1.3467874862246563
-1.263330340385437,-1.2835946083068848,-1.2787469625473022,-1.3010299956639813
-1.175587773323059,-1.2505145072937012,-1.262001633644104,-1.193820026016113
-1.1440600156784058,-1.1305625438690186,-1.104240894317627,-1.0555173278498313
-1.3006243705749512,-1.275673747062683,-1.3113603591918945,-1.3979400086720375
-1.0159295797348022,-0.8596835136413574,-0.9531474709510803,-1.154901959985743
-0.7923917770385742,-0.743179202079773,-0.8955910801887512,-1.6989700043360187
-0.620039165019989,-0.643298327922821,-0.6445097923278809,-0.6055483191737837
-0.6252195239067078,-0.6566745638847351,-0.585286021232605,-0.575118363368933
-0.7301706671714783,-0.7065821886062622,-0.6731790900230408,-0.692503962086787
-0.6594852209091187,-0.6482706665992737,-0.649487316608429,-0.744727494896694
-0.7469300031661987,-0.7606393694877625,-0.7841927409172058,-0.7544873321858502
-0.9311581254005432,-0.9270803928375244,-0.8753370642662048,-0.7878123955960422
-0.8137873411178589,-0.776324987411499,-0.8317071795463562,-0.790484985457369
-1.3714041709899902,-1.295860767364502,-1.203100562095642,-0.8416375079047503
-1.2562835216522217,-1.3154466152191162,-1.3280024528503418,-1.3010299956639813
-0.7555610537528992,-0.7431841492652893,-0.7512671947479248,-3.0
-0.8739578127861023,-0.7189234495162964,-0.8692461252212524,-0.8538719643217619
-0.7696361541748047,-0.7607468366622925,-0.8032271862030029,-0.7695510786217261
-0.8651295900344849,-0.8489189147949219,-0.8533725738525391,-0.744727494896694
-0.8129438757896423,-0.7911693453788757,-0.8026862740516663,-0.8356471442155629
-0.8649032711982727,-0.8691436648368835,-0.8286769986152649,-0.8538719643217619
-0.8432483673095703,-0.7405170798301697,-0.7549942135810852,-0.8386319977650252
-0.7414490580558777,-0.699967622756958,-0.7647777199745178,-0.7958800173440752
-0.7206339240074158,-0.6682093739509583,-0.7138476371765137,-0.721246399047171
-0.8426327109336853,-0.8610129356384277,-0.8088454604148865,-0.785156151952302
-0.7856703996658325,-0.6859055757522583,-0.8007388710975647,-0.6289321377282637
-0.6188088059425354,-0.6336191296577454,-0.7155063152313232,-0.6575773191777937
-0.6142299175262451,-0.6304580569267273,-0.704261839389801,-0.5376020021010439
-0.7412315607070923,-0.7436085939407349,-0.7420281767845154,-2.0
-0.7334235310554504,-0.7453444600105286,-0.7449259757995605,-0.27572413039921095
-0.7555599212646484,-0.7436085939407349,-0.7420281767845154,-0.8961962790440432
-0.982873797416687,-1.2206298112869263,-1.131363868713379,-1.0969100130080565
-0.5830541253089905,-0.5520161986351013,-0.5047051906585693,-0.8860566476931632
-0.7695006728172302,-0.7999533414840698,-0.7812491655349731,-0.27572413039921095
-0.5378979444503784,-0.5333094596862793,-0.5453495383262634,-0.8239087409443188
-0.7617278099060059,-0.5378332734107971,-0.7741295099258423,-0.8239087409443188
-0.7334235310554504,-0.7560956478118896,-0.7512623071670532,-0.5228787452803376
-0.6415003538131714,-0.8686589002609253,-0.8792479038238525,0.7923916894982539
-0.5125170946121216,-0.7816765904426575,-0.42560818791389465,-1.2218487496163564
-0.922011137008667,-1.0298209190368652,-0.9990586638450623,-0.6989700043360187
-0.7567040324211121,-0.8340762853622437,-1.0462285280227661,-0.6020599913279624
-0.7923821210861206,-0.792060375213623,-0.7449259161949158,-1.0705810742857071
-1.0621623992919922,-1.0638134479522705,-0.7449259161949158,-0.7931741239681502
-0.5064032077789307,-0.24676041305065155,-0.23758164048194885,0.414973347970818
-0.06341474503278732,0.2472221404314041,0.2730022668838501,0.05690485133647255
-0.2593584656715393,-0.06084444373846054,-0.05111262574791908,0.05690485133647255
-0.23685796558856964,-0.26013389229774475,-0.3616656959056854,0.4471580313422192
0.32497987151145935,0.322795033454895,0.008221176452934742,0.1553360374650618
-0.17942875623703003,-0.17060695588588715,-0.29915258288383484,0.13353890837021754
0.3309168517589569,0.3418937623500824,0.3483812212944031,-0.031517051446064856
-0.047243114560842514,-0.05436193570494652,-0.05328354611992836,0.36921585741014284
-0.7494197487831116,-0.743071973323822,-0.7543755769729614,0.11058971029924897
-1.3900818824768066,-1.433947205543518,-1.437764286994934,-0.7622954418286619
-1.5785045623779297,-1.7617775201797485,-0.8706255555152893,-2.3549709352788577
-0.7377802133560181,-1.0325031280517578,-0.7847780585289001,-0.6952639584468989
-0.7338829040527344,-0.814116358757019,-0.8989115357398987,-0.7083292910333987
-1.5733284950256348,-1.463247299194336,-1.5072137117385864,-1.1246608770454607
-1.2323830127716064,-0.9471824169158936,-1.1910182237625122,-1.0413166902732505
-1.0381011962890625,-0.9829550981521606,-1.1355512142181396,-1.032953061714837
-2.0949606895446777,-1.971086025238037,-1.1339385509490967,-2.374687549038326
-1.7674018144607544,-1.7618794441223145,-1.7733062505722046,-1.4921711039544716
-1.10923171043396,-1.30674409866333,-1.081613540649414,-1.3998005974303367
-1.486755132675171,-1.2798502445220947,-1.3992340564727783,-1.4496982512629177
-2.2443525791168213,-2.1353204250335693,-1.4025874137878418,-2.3988094673846665
-1.3665916919708252,-1.550057053565979,-1.354705810546875,-1.9034723343935602
-2.8631184101104736,-2.9726150035858154,-2.9913153648376465,-2.595679532778269
-0.03522353991866112,-0.22319383919239044,-0.27314892411231995,-0.4814860601221125
-0.239109605550766,-0.22157065570354462,-0.41933125257492065,-0.23657200643706278
-0.1708637773990631,-0.211133673787117,-0.36628323793411255,0.021189299069938092
-0.44622454047203064,-0.4836280643939972,-0.31097689270973206,0.2304489213782739
0.02934986725449562,-0.4525623321533203,-0.04759417846798897,-0.42021640338318983
-0.29767370223999023,-0.3130134344100952,-0.17574843764305115,0.04139268515822507
-0.0391845665872097,-0.07395162433385849,-0.12369951605796814,-0.1549019599857432
0.04389128088951111,-0.025370081886649132,-0.08052137494087219,-0.22184874961635637
-0.08242888003587723,0.0788101777434349,0.05208812654018402,-0.22184874961635637
-0.07534367591142654,-0.034574028104543686,-0.06480643153190613,0.04139268515822507
0.10309740900993347,0.03551119938492775,0.04599742591381073,0.0
0.08068609982728958,0.13136188685894012,0.08120682835578918,0.17609125905568124
0.13322344422340393,0.2032192498445511,0.12667419016361237,0.2304489213782739
0.131829172372818,0.22985076904296875,0.23356230556964874,0.3424226808222063
-1.1708602905273438,-1.1676474809646606,-1.15826416015625,-1.147867825178142
-1.225612759590149,-1.2521343231201172,-1.2447490692138672,-1.18861939781828
-1.2393467426300049,-1.2483091354370117,-1.2450741529464722,-1.2887919201413667
-1.3503389358520508,-1.3932222127914429,-1.3355275392532349,-1.3226577190884612
-1.2965420484542847,-1.3501172065734863,-1.3093488216400146,-1.4648831791970478
-1.3499525785446167,-1.1728650331497192,-1.0642669200897217,-1.8239087409443189
-1.5834627151489258,-1.3061364889144897,-1.4373530149459839,-1.585026652029182
-1.1779208183288574,-1.0398268699645996,-1.0314991474151611,-1.4685210829577449
-1.3322232961654663,-1.2432034015655518,-1.2270114421844482,-0.7695510786217261
-1.2310017347335815,-0.9143444299697876,-0.9713777899742126,-0.8860566476931632
-0.8688530325889587,-0.8341190218925476,-0.9944567680358887,-0.958607314841775
-0.8300930261611938,-0.6135292649269104,-0.781400203704834,-1.0705810742857071
-1.42914617061615,-0.8400949239730835,-1.4621765613555908,-1.154901959985743
-1.5931406021118164,-1.6160719394683838,-1.629258394241333,-0.9913998282380825
-0.774853527545929,-0.7618682384490967,-0.8385738134384155,-0.6716203965612623
-0.7737696170806885,-0.7619107365608215,-0.8608438372612,-0.7644715530924511
-0.7701223492622375,-0.7702948451042175,-0.7658563256263733,-0.9244530386074693
0.3572743535041809,0.37210965156555176,0.3651790916919708,0.6532125137753437
0.6101970076560974,0.621445894241333,0.626089334487915,0.38560627359831223
-1.0234447717666626,-1.0153982639312744,-0.9009647369384766,-0.958607314841775
-1.1371163129806519,-1.1830415725708008,-1.222643494606018,-1.1487416512809248
-1.2271395921707153,-1.2262163162231445,-1.2139171361923218,-1.2628073572952627
-1.1200867891311646,-1.1202527284622192,-1.1210702657699585,-1.0
-0.9403536915779114,-0.9863444566726685,-0.9614658355712891,-0.9208187539523752
-1.185338020324707,-1.1653317213058472,-1.2070872783660889,-1.0736575533743449
-1.2836716175079346,-1.2905715703964233,-1.2868332862854004,-1.2410881076020264
-1.0943127870559692,-1.1729581356048584,-1.1671117544174194,-0.958607314841775
-0.9354815483093262,-0.9184066653251648,-0.9325157403945923,-0.9208187539523752
-1.0262318849563599,-1.0151232481002808,-1.2132928371429443,-1.056011124926228
-1.2359625101089478,-1.2336655855178833,-1.25927734375,-1.2232988160115892
-0.988522469997406,-1.0688668489456177,-1.0599972009658813,-0.958607314841775
-0.7419615983963013,-0.8065088987350464,-0.7713931202888489,-0.9208187539523752
-0.9636889696121216,-1.1287583112716675,-0.947024941444397,-1.0400051616715837
-1.1368639469146729,-1.0988695621490479,-1.142788290977478,-1.2132485778544388
-0.9241164326667786,-0.9527631402015686,-0.9121520519256592,-0.958607314841775
-0.47462227940559387,-0.4640319347381592,-0.5162543654441833,-0.3565473235138126
-0.4991212785243988,-0.4634091556072235,-0.5666763782501221,-0.494850021680094
-0.5977180600166321,-0.6349023580551147,-0.5685392022132874,-0.638272163982407
-0.826647162437439,-0.7799466252326965,-0.7748157382011414,-0.8538719643217619
-1.3370236158370972,-1.3428291082382202,-1.214131236076355,-1.3010299956639813
-0.7495303750038147,-0.7452743053436279,-0.7544317841529846,0.11394335230683678
-1.2410866022109985,-1.2163771390914917,-1.3111793994903564,-1.3010299956639813
-1.2843366861343384,-1.249224305152893,-1.2950522899627686,-1.0969100130080565
-1.215204119682312,-1.339149832725525,-1.3141694068908691,-0.8538719643217619
-1.498736023902893,-1.4743784666061401,-1.4805042743682861,-1.5228787452803376
-0.45279252529144287,-0.1970169097185135,-0.2220788151025772,0.17926446433902532
0.03327048197388649,0.14709804952144623,0.021530756726861,-0.11294562194904302
0.19500067830085754,0.16602014005184174,-0.23912905156612396,-0.6635402661514704
-0.7221035957336426,-0.7425209283828735,-0.7352188229560852,-0.744727494896694
-0.5668191313743591,-0.6156558990478516,-0.6081898212432861,-0.585026652029182
-0.809579074382782,-0.7968217134475708,-0.7946957945823669,-0.7695510786217261
-0.598181426525116,-0.6576400995254517,-0.6406397223472595,-0.6020599913279624
-0.8570148944854736,-0.8382177948951721,-0.8683037757873535,-0.8538719643217619
-0.7115548253059387,-0.7411159873008728,-0.7038096189498901,-0.6777807052660807
-0.9272124171257019,-0.9594268798828125,-0.9359503388404846,-0.8860566476931632
-0.818935215473175,-0.8281810283660889,-0.8194124698638916,-0.7695510786217261
-0.9689606428146362,-0.8980833292007446,-0.9613845944404602,-0.8209425287452897
-1.0580689907073975,-1.0441299676895142,-0.9891259074211121,-1.186539109459555
-1.0104475021362305,-1.034050703048706,-1.0854350328445435,-1.0457574905606752
-0.9875850081443787,-1.0104289054870605,-0.9671908617019653,-0.9030899869919435
-0.7565028071403503,-0.7838388681411743,-0.7645384073257446,-0.7668921556946119
-0.9482146501541138,-0.9218918681144714,-0.9604749083518982,-0.9548687791235029
-0.8591273427009583,-0.8072949051856995,-0.8366270661354065,-0.8767594132816814
-0.9550877809524536,-0.9514874219894409,-1.0006753206253052,-0.9875888458069761
-0.8827869296073914,-0.8577379584312439,-0.8799880743026733,-0.8079904073463299
-0.7797479033470154,-0.7773123383522034,-0.79314786195755,-0.7311553558532908
-0.7259787917137146,-0.7295491099357605,-0.7098506093025208,-0.7356639445104669
-0.842562198638916,-0.8515909910202026,-0.857313334941864,-0.8788736818071115
-0.7890856266021729,-0.760820746421814,-0.8303868174552917,-0.7535900597763822
-0.8712633848190308,-0.8493441343307495,-0.9443356990814209,-0.8407216304182816
-0.6667669415473938,-0.7259585857391357,-0.6970467567443848,-0.7244583115986905
-0.6259905695915222,-0.6187660694122314,-0.6427412629127502,-0.6353008257633614
-0.7696605324745178,-0.7385215163230896,-0.8280285000801086,-0.7195559448150182
-0.7790559530258179,-0.817878007888794,-0.9232231378555298,-0.7986738981943117
-0.6533514857292175,-0.5826187133789062,-0.6073524951934814,-0.6989700043360187
-0.46431630849838257,-0.49590596556663513,-0.5519291162490845,-0.6087931025529644
-0.6138994097709656,-0.6387715339660645,-0.6415243148803711,-0.49894073778224846
-0.4658292233943939,-0.3788492679595947,-0.37944740056991577,-0.38827669199265824
-0.4658292233943939,-0.4037685990333557,-0.4067886173725128,-0.36957212497497616
-0.29617151618003845,-0.39563193917274475,-0.4103549122810364,-0.35066514128785814
-0.421332985162735,-0.452974408864975,-0.48231837153434753,-0.25414480482627105
-0.7490578889846802,-0.7591317892074585,-0.7858993411064148,-0.906578314837765
-0.7706758379936218,-0.7356510162353516,-0.7306473851203918,-0.6439741428068773
-0.7222013473510742,-0.7281932830810547,-0.7306473851203918,-0.7258421507363202
-0.7389317750930786,-0.7366156578063965,-0.7324845194816589,-0.6777807052660807
-0.7517773509025574,-0.7131507396697998,-0.7324845194816589,-0.744727494896694
-0.823202908039093,-0.8022720813751221,-0.8075165152549744,-0.7798919119599449
-0.874692440032959,-0.8928623795509338,-0.879210352897644,-0.8153085691824012
-0.9127472639083862,-0.9214453101158142,-0.9175047874450684,-0.8860566476931632
-0.9743332266807556,-0.961732029914856,-0.9658476710319519,-0.9100948885606021
-0.8209942579269409,-0.8108556270599365,-0.8213937878608704,-0.8386319977650252
-0.7832450270652771,-0.7201109528541565,-0.7472845911979675,-0.6478174818886375
-0.7189655303955078,-0.7421987652778625,-0.7432764172554016,-0.7328282715969863
-0.762626051902771,-0.7706360220909119,-0.7587040066719055,-0.6777807052660807
-0.762626051902771,-0.7706360220909119,-0.7504302859306335,-0.744727494896694
-0.8330610394477844,-0.7983396053314209,-0.7965251803398132,-0.785156151952302
-0.9297597408294678,-0.9133532643318176,-0.9072442054748535,-0.826813731587726
-0.9687114357948303,-0.9641415476799011,-0.9535804986953735,-0.8860566476931632
-1.0046429634094238,-1.0180275440216064,-1.0146775245666504,-0.9172146296835499
-0.7652050256729126,-0.7459030747413635,-0.7534465193748474,-0.707743928643524
-0.7540251612663269,-0.7475339770317078,-0.7639958262443542,-0.8446639625349383
-0.7775331735610962,-0.771604597568512,-0.7769521474838257,-0.744727494896694
-0.771418035030365,-0.7730545401573181,-0.7769521474838257,-0.8538719643217619
-0.8311709761619568,-0.8515458106994629,-0.843245267868042,-0.7644715530924511
-0.7768974304199219,-0.7846854329109192,-0.8032660484313965,-0.8996294548824371
-0.9450783133506775,-0.9350824952125549,-0.9428319334983826,-0.9469215565165803
-0.9611726403236389,-0.9552575945854187,-0.9764052033424377,-1.0457574905606752
-1.027322769165039,-1.0170981884002686,-1.0188848972320557,-1.1135092748275182
-0.789627730846405,-0.7796565890312195,-0.8166864514350891,-0.790484985457369
-0.789627730846405,-0.7999971508979797,-0.7939611077308655,-0.9706162223147904
-0.8232824206352234,-0.816909670829773,-0.8306193947792053,-0.8239087409443188
-0.8232824206352234,-0.788932740688324,-0.794963538646698,-0.9208187539523752
-0.809615969657898,-0.8784204125404358,-0.8430100083351135,-0.978810700930062
-1.0066306591033936,-1.0203914642333984,-0.9940868616104126,-1.0409586076789064
-1.039637565612793,-1.084985375404358,-1.0287410020828247,-1.0969100130080565
-0.8643513917922974,-0.8784204125404358,-0.8430100083351135,-0.692503962086787
-1.0519605875015259,-1.0772558450698853,-1.0537264347076416,-1.1739251972991736
-0.8529796600341797,-0.7897554636001587,-0.8331314325332642,-0.8096683018297085
-0.784837007522583,-0.7330852746963501,-0.7344858646392822,-0.7495799976911061
-0.7224547863006592,-0.7153061032295227,-0.657715916633606,-0.7328282715969863
-1.0116188526153564,-1.022589921951294,-1.0309685468673706,-1.0861861476162833
-1.0311201810836792,-1.0597059726715088,-1.0166579484939575,-1.0555173278498313
-1.019048810005188,-1.0296181440353394,-1.0407840013504028,-1.0268721464003012
-1.0000485181808472,-0.9992254972457886,-1.006719708442688,-1.013228265733755
-0.9031366109848022,-0.8862055540084839,-0.9176759719848633,-1.0
-0.8638654947280884,-0.8949606418609619,-0.8838939070701599,-0.8538719643217619
-0.8594309091567993,-0.8302172422409058,-0.7434937953948975,-0.8239087409443188
-1.2054998874664307,-1.2062712907791138,-1.171718955039978,-1.154901959985743
-0.6980185508728027,-0.6645655632019043,-0.5919705033302307,-0.7958800173440752
-1.191862940788269,-1.1590805053710938,-1.184975266456604,-1.154901959985743
-1.1373554468154907,-1.1480202674865723,-1.152165174484253,-1.0969100130080565
-1.064453125,-1.0874552726745605,-1.0440877676010132,-1.0969100130080565
-0.9555327892303467,-0.9389117956161499,-0.9521217942237854,-1.0457574905606752
-0.9338536262512207,-0.9680764675140381,-0.9627905488014221,-0.8356471442155629
-0.9338536262512207,-0.8628734946250916,-0.9627905488014221,-1.0087739243075051
-0.9586184620857239,-0.9295844435691833,-0.9714423418045044,-0.8538719643217619
-0.8920867443084717,-0.9295844435691833,-0.878818929195404,-1.0457574905606752
-0.9390610456466675,-0.8805274367332458,-0.8674852252006531,-1.0861861476162833
-1.223283290863037,-1.2185932397842407,-1.236319661140442,-1.1249387366083
-1.2823554277420044,-1.255945086479187,-1.237937092781067,-1.2218487496163564
-1.1920573711395264,-1.257896065711975,-1.2189466953277588,-1.2839966563652008
-0.9390610456466675,-0.9661280512809753,-0.9789312481880188,-0.6903698325741012
-0.9532617330551147,-0.9590581655502319,-0.8900948762893677,-0.9208187539523752
-0.874110221862793,-0.8699277639389038,-0.813305675983429,-0.8632794328435931
-1.276090145111084,-1.3164496421813965,-1.3122531175613403,-1.3187587626244128
-0.8394579291343689,-0.8643442988395691,-0.7779957056045532,-0.826813731587726
-1.2971054315567017,-1.3231616020202637,-1.297803282737732,-1.275724130399211
-1.235621452331543,-1.2546457052230835,-1.2187856435775757,-1.214670164989233
-1.166027545928955,-1.167546033859253,-1.1812583208084106,-1.1611509092627446
-1.037583589553833,-1.1110858917236328,-1.0497249364852905,-1.1307682802690238
-2.0559401512145996,-2.075377941131592,-1.5604654550552368,-2.0
-1.8689284324645996,-1.8648127317428589,-1.6141259670257568,-2.0
-1.682653546333313,-1.7243614196777344,-1.6897587776184082,-1.5228787452803376
-1.454379916191101,-1.499265193939209,-1.4751768112182617,-1.585026652029182
-1.958653211593628,-1.9656813144683838,-1.4757006168365479,-1.8860566476931633
-1.794026255607605,-1.8206710815429688,-1.2556694746017456,-2.154901959985743
-0.7505001425743103,-0.7433273792266846,-0.7468289732933044,-0.6777807052660807
-0.7411152720451355,-0.743202269077301,-0.7386158108711243,-1.3979400086720375
-0.7772678732872009,-0.7720640897750854,-0.7534409761428833,-0.8860566476931632
-0.9105971455574036,-0.8722208142280579,-0.9335920214653015,-0.7024583321818402
-0.9970713257789612,-0.9671674966812134,-0.9718784689903259,-0.7695510786217261
-1.0480780601501465,-1.0834424495697021,-1.067478895187378,-1.0486624812040823
-1.24369215965271,-1.2846523523330688,-1.2341960668563843,-1.2814983111327258
-1.1641132831573486,-1.1854159832000732,-1.1140254735946655,-2.065501548756432
-1.084640622138977,-1.0783276557922363,-1.0109479427337646,-1.8860566476931633
-1.5209219455718994,-1.498640775680542,-1.4408918619155884,-1.4225082001627747
-0.03374273329973221,-0.08851288259029388,-0.03709718957543373,0.021189299069938092
0.11565227061510086,0.12749482691287994,0.13870278000831604,0.13353890837021754
0.15967056155204773,0.14601336419582367,0.15349836647510529,0.15228834438305647
0.03936323523521423,0.039920758455991745,0.0508246086537838,-0.07572071393811836
0.05288222059607506,0.04810372740030289,0.09718731045722961,0.03742649794062367
0.1707591712474823,0.17613917589187622,0.1722663938999176,0.19865708695442263
0.23704794049263,0.20700542628765106,0.2203141748905182,0.2576785748691845
0.2860278785228729,0.28310802578926086,0.3167588710784912,0.2787536009528289
0.3701774775981903,0.34029507637023926,0.44446325302124023,0.3979400086720376
-0.721644937992096,-0.7055668234825134,-0.6048619747161865,-1.0969100130080565
-0.9804003834724426,-1.0295780897140503,-1.0595965385437012,-1.4559319556497243
-0.6803584694862366,-0.7241241931915283,-0.7376934885978699,-1.337242168318426
-1.1852054595947266,-1.2173916101455688,-1.3605382442474365,-1.2218487496163564
-1.0364958047866821,-1.1750121116638184,-1.1095472574234009,-1.1426675035687315
-1.0276813507080078,-0.8737748861312866,-0.906344473361969,-0.7818848136954515
-0.947121798992157,-0.968517541885376,-0.9844520688056946,-0.8142879001299939
-0.9503080248832703,-0.8780274391174316,-0.9501340985298157,-0.8766711330736523
-1.008987545967102,-0.9520831108093262,-0.9801231622695923,-0.9071390566611826
-0.3779638111591339,-0.3637084364891052,-0.4934486746788025,-0.0735546521816107
-0.8080241084098816,-0.9254220128059387,-0.8891251683235168,-1.065299598284575
-0.24879291653633118,-0.24762149155139923,-0.48095715045928955,-0.3699791488865901
-0.7175719738006592,-1.0867832899093628,-0.7681668996810913,-1.3182162335321188
-0.44854772090911865,-0.4511075019836426,-0.47262540459632874,-0.4659738939438649
-0.44854772090911865,-0.45093923807144165,-0.43830955028533936,-0.47873112440161475
-0.7340961694717407,-0.48591965436935425,-0.7471709251403809,-0.6307841425898572
-0.7443265318870544,-0.5676795244216919,-0.7495191693305969,-1.0457574905606752
-1.3985859155654907,-1.3355250358581543,-1.4102914333343506,0.29587484521737917
-0.14629724621772766,-0.1516885757446289,-1.4102914333343506,-1.3867926478962402
-1.2027891874313354,-1.9992210865020752,-2.093916893005371,-2.0
-1.4530812501907349,-1.7905045747756958,-1.7888867855072021,-2.0
-1.688992977142334,-1.6950206756591797,-1.676857829093933,-1.5228787452803376
-1.4530812501907349,-1.2496248483657837,-1.16725754737854,-1.3010299956639813
0.65630704164505,0.4739389419555664,0.6418477296829224,0.515873843711679
-0.2251472771167755,-0.2439882904291153,-0.20476672053337097,-0.494850021680094
-0.28872600197792053,-0.24463212490081787,-0.3141334354877472,-0.46852108295774486
-0.22885628044605255,-0.2827289402484894,-0.33566826581954956,-0.06550154875643228
-0.15709924697875977,-0.26077958941459656,-0.11931219696998596,-0.10237290870955855
-0.15849295258522034,-0.0976836308836937,-0.28894075751304626,0.08278537031645007
-0.1015566885471344,-0.2467685490846634,-0.16789451241493225,-0.22184874961635637
-0.818368673324585,-0.3380901515483856,-0.23715618252754211,-0.22914798835785583
-0.5008066892623901,-0.2851775586605072,-0.285041481256485,-0.07058107428570727
0.08276930451393127,-0.5583878755569458,-0.5695415735244751,-1.154901959985743
0.24142369627952576,0.09081681072711945,0.08401992917060852,-1.207608310501746
0.12471497803926468,0.2409869283437729,0.15172861516475677,-0.22184874961635637
-0.06433295458555222,-0.03152034431695938,-0.024906368926167488,0.17609125905568124
-0.0017861411906778812,-0.013411542400717735,0.015332608483731747,-0.045757490560675115
0.001994700636714697,0.027090895920991898,0.01596173271536827,0.04139268515822507
0.00659724697470665,0.005909073632210493,-0.039650846272706985,-0.09691001300805639
-0.007717559114098549,-0.005125577095896006,-0.07249050587415695,-0.045757490560675115
0.014301382936537266,-0.014414655975997448,-0.013773182407021523,0.06069784035361165
0.021619882434606552,-0.104267917573452,-0.0007789460942149162,-0.045757490560675115
0.027379894629120827,0.030401933938264847,0.022065844386816025,-0.022276394711152253
-1.6268309354782104,-1.7841871976852417,-1.535426378250122,-1.8239087409443189
-1.5431326627731323,-1.7850346565246582,-1.5132203102111816,-1.744727494896694
-1.6584805250167847,-1.7078416347503662,-1.4400548934936523,-1.7212463990471711
-1.9047551155090332,-1.9018354415893555,-1.6973460912704468,-2.0
-2.045128583908081,-1.9712482690811157,-1.9024635553359985,-2.0
-1.8283923864364624,-1.7832624912261963,-1.8330280780792236,-2.0
-0.5246037840843201,-0.5116147994995117,-0.5075090527534485,-0.3979400086720376
-0.10812172293663025,-0.0595952644944191,-0.10093901306390762,-0.1549019599857432
0.11670380085706711,0.10317100584506989,0.11240460723638535,0.07918124604762482
0.21388737857341766,0.19451864063739777,0.178920179605484,0.17609125905568124
-0.39047771692276,-0.38713839650154114,-0.38478344678878784,-0.3979400086720376
0.04618367552757263,0.09990455955266953,0.058052271604537964,0.0
0.3025531470775604,0.2943085730075836,0.30067044496536255,0.3010299956639812
0.358718603849411,0.3597073554992676,0.3742861747741699,0.47712125471966244
-0.3376159071922302,-0.33396318554878235,-0.3593985438346863,-0.3467874862246563
0.17664358019828796,0.1919916719198227,0.17423634231090546,0.146128035678238
0.47472497820854187,0.4765688180923462,0.49137136340141296,0.4471580313422192
0.5384045839309692,0.5901971459388733,0.5987133383750916,0.5797835966168101
-0.3091219961643219,-0.2809571921825409,-0.30214300751686096,-0.3010299956639812
0.30029043555259705,0.27086424827575684,0.23026947677135468,0.3010299956639812
0.7046156525611877,0.5806568264961243,0.5919229388237,0.7403626894942439
0.5565791130065918,0.616277277469635,0.6220688223838806,0.4913616938342727
0.6522723436355591,0.5178413987159729,0.5410879254341125,0.8344207036815325
-0.019808506593108177,-0.06231632083654404,-0.027340760454535484,0.2600713879850748
-0.4288995862007141,-0.4522595703601837,-0.521770715713501,0.25527250510330607
-0.40872183442115784,-0.6095102429389954,-0.42837801575660706,0.9916690073799486
0.048784039914608,0.0492655411362648,-0.14644606411457062,0.25527250510330607
-0.49544042348861694,-0.5128524303436279,-0.5197899341583252,-0.5100415205751654
-0.5371559262275696,-0.5365343689918518,-0.5440799593925476,-0.5436339668709571
-0.5631545782089233,-0.5920462012290955,-0.5773493647575378,-0.5833594926617189
-0.5376759171485901,-0.5158348083496094,-0.5351783037185669,-0.6073030467403343
-0.5254895687103271,-0.540221631526947,-0.538824200630188,-0.5512936800949201
-0.5763939619064331,-0.5638208389282227,-0.5698715448379517,-0.5767541260631921
-0.6164860725402832,-0.6395409107208252,-0.6231902241706848,-0.6038006529042637
-0.5766568779945374,-0.5998122692108154,-0.5991098284721375,-0.6345120151091003
-0.5623501539230347,-0.5607718825340271,-0.5691443085670471,-0.5734887386354247
-0.6148703098297119,-0.6038928627967834,-0.6124446392059326,-0.5985994592184558
-0.6685877442359924,-0.6815590262413025,-0.667316734790802,-0.6289321377282637
-0.6524078249931335,-0.6188116669654846,-0.6436620950698853,-0.6716203965612623
-0.5996898412704468,-0.609017550945282,-0.6085078716278076,-0.6497519816658371
-0.676006555557251,-0.6797149777412415,-0.668026328086853,-0.6968039425795111
-0.7250176072120667,-0.7482134103775024,-0.7321826219558716,-0.7328282715969863
-0.7440987229347229,-0.717361569404602,-0.744601309299469,-0.7878123955960422
-0.7575514912605286,-0.7055268883705139,-0.7322717308998108,-0.6716203965612623
-0.8141189217567444,-0.7855707406997681,-0.7834958434104919,-0.7772835288524167
-0.8576571345329285,-0.8647639751434326,-0.8675789833068848,-0.8477116556169436
-0.9141972064971924,-0.9114378690719604,-0.9279392957687378,-0.8927900303521317
-0.6105940341949463,-0.5483112335205078,-0.5543286800384521,-0.5214335044061567
-0.6151649951934814,-0.634453296661377,-0.6108892560005188,-0.6179829574251317
-0.7026336193084717,-0.732075035572052,-0.7328521609306335,-0.7099653886374819
-0.774795413017273,-0.7818552851676941,-0.7732006907463074,-0.826813731587726
-0.4626545011997223,-0.4318491518497467,-0.44029954075813293,-0.34008379993014975
-0.456441730260849,-0.48841169476509094,-0.5087159276008606,-0.4854522473397139
-0.5617133378982544,-0.595024824142456,-0.5683085322380066,-0.5654310959658013
-0.6818830966949463,-0.6601327657699585,-0.7279804944992065,-0.638272163982407
-0.3510760962963104,-0.34229642152786255,-0.5629677176475525,-0.6989700043360187
-0.4175355136394501,-0.42145708203315735,-0.325989305973053,-0.1549019599857432
0.08609963208436966,0.22517144680023193,0.08444323390722275,0.22788670461367355
0.3700762391090393,0.3297297954559326,0.031295325607061386,0.3010299956639812
0.09925561398267746,0.11139858514070511,0.17048975825309753,-0.045757490560675115
0.2505103051662445,0.16575200855731964,-0.24733123183250427,0.3979400086720376
0.03938514366745949,0.0178789384663105,0.023502198979258537,-0.1549019599857432
0.21501511335372925,0.23979566991329193,0.19315174221992493,0.2304489213782739
0.2536919414997101,0.23934322595596313,0.3055068552494049,0.38021124171160603
-0.1210474893450737,-0.2879437506198883,-0.3292928636074066,0.0
0.21992003917694092,0.19949914515018463,0.21342501044273376,0.38021124171160603
0.4152211546897888,0.4078886806964874,0.3029854893684387,0.3424226808222063
-0.23448076844215393,-0.1986830085515976,-0.23076118528842926,0.25527250510330607
-0.5367466807365417,-0.5547128915786743,-0.5502580404281616,-0.5228787452803376
-0.3788326680660248,-0.4270632266998291,-0.4137876331806183,-0.3979400086720376
-0.16309839487075806,-0.10549019277095795,-0.13407017290592194,-0.22184874961635637
0.10869055241346359,0.17255111038684845,0.11703953146934509,0.07918124604762482
0.08701106905937195,0.15540672838687897,0.092905193567276,0.11394335230683678
0.14641448855400085,0.16097474098205566,0.1384517401456833,0.38021124171160603
-0.7555207014083862,-0.743037760257721,-0.7543466091156006,0.04921802267018165
-0.44300347566604614,-0.33203938603401184,-0.3823651969432831,0.15228834438305647
0.10565393418073654,0.1359901875257492,0.1321665495634079,0.03742649794062367
0.12710222601890564,0.025562888011336327,0.12976273894309998,0.1553360374650618
0.11484351754188538,0.02210271917283535,0.1449701339006424,0.250420002308894
-1.1272220611572266,-0.743179202079773,-1.1632461547851562,-1.0969100130080565
-1.027327537536621,-0.743179202079773,-1.0129770040512085,-0.958607314841775
-0.7827637195587158,-0.7995944023132324,-0.7938500642776489,-0.8239087409443188
-1.581727147102356,-1.5793554782867432,-1.5732604265213013,-1.6777807052660807
-1.6484166383743286,-1.6526648998260498,-1.6571322679519653,-1.5895095799965522
-1.696408987045288,-1.710296392440796,-1.6746530532836914,-1.712198270069774
-1.6441121101379395,-1.6665890216827393,-1.5731855630874634,-1.7351821769904636
-1.4902514219284058,-1.4986389875411987,-1.5029832124710083,-1.4710832997223453
-1.7346152067184448,-1.752010703086853,-1.759318470954895,-1.61738868710651
-1.2796766757965088,-1.2382067441940308,-1.2374438047409058,-1.2817724266448587
-1.712813138961792,-1.6745984554290771,-1.686932921409607,-1.7137007490571712
-1.7408994436264038,-1.6726502180099487,-1.5950820446014404,-1.752837190960669
-1.363167643547058,-1.420109510421753,-1.3854891061782837,-1.630784142589857
-1.5615487098693848,-1.7149872779846191,-1.543534278869629,-1.8707291398786847
-1.7422045469284058,-1.8248080015182495,-1.716242790222168,-1.7958800173440752
-0.9323868751525879,-0.9601378440856934,-1.007627248764038,-1.207608310501746
-1.1413589715957642,-1.147360920906067,-1.139809489250183,-1.154901959985743
-1.181548833847046,-1.17107355594635,-1.1753178834915161,-1.136677139879544
-1.1744904518127441,-1.1830432415008545,-1.152162790298462,-1.193820026016113
-1.1879503726959229,-1.179011583328247,-1.158846378326416,-1.2218487496163564
-0.8094077706336975,-0.8086630702018738,-0.7447771430015564,-0.4145392704914993
-0.6357803344726562,-0.6557232737541199,-0.6778119802474976,-0.5559552040819238
-0.612611711025238,-0.6143420338630676,-0.6799367070198059,-0.6161846340195687
-0.6619542241096497,-0.63158118724823,-0.6324574947357178,-0.6655462488490691
-0.6209396123886108,-0.6379967927932739,-0.6228243708610535,-0.7011469235902933
-1.1436293125152588,-1.1770493984222412,-1.0970604419708252,-1.1135092748275182
-1.1516532897949219,-1.1816166639328003,-1.1782554388046265,-1.0555173278498313
-1.1971381902694702,-1.2097783088684082,-1.1450746059417725,-1.0861861476162833
-1.1519290208816528,-1.1482616662979126,-1.1738423109054565,-1.3467874862246563
-1.2132476568222046,-1.23801851272583,-1.2443236112594604,-1.275724130399211
-0.7495330572128296,-0.7560957074165344,-0.754432201385498,-0.721246399047171
-1.0669087171554565,-1.105497121810913,-1.1091022491455078,-1.2218487496163564
-1.1730167865753174,-1.2324618101119995,-1.1612968444824219,-1.3010299956639813
-1.347185730934143,-1.3657582998275757,-1.3463561534881592,-2.0969100130080562
-0.7124652862548828,-1.0004693269729614,-1.0112457275390625,-0.721246399047171
-1.6026852130889893,-1.5897769927978516,-1.5882476568222046,-1.2839966563652008
-0.9020039439201355,-0.895350456237793,-0.8985530138015747,-0.8239087409443188
-0.693779706954956,-0.6792339086532593,-0.6910979151725769,-0.958607314841775
-0.38851046562194824,-0.7762011885643005,-0.7755947113037109,-0.21467016498923297
-0.487496554851532,-0.5318411588668823,-0.47830983996391296,-0.4559319556497244
-0.850496232509613,-0.8951917886734009,-0.83182293176651,-0.8538719643217619
-0.6535682678222656,-0.6540927886962891,-0.6599642038345337,-0.6777807052660807
-0.5292981863021851,-0.5397915244102478,-0.5198670029640198,-0.46852108295774486
-0.39053961634635925,-0.4008895456790924,-0.37656843662261963,-0.24412514432750865
-0.5293852686882019,-0.5317236185073853,-0.7387409806251526,-0.6777807052660807
-0.6820206642150879,-0.6805562973022461,-0.738743782043457,-0.5228787452803376
0.09537624567747116,0.09393567591905594,0.060835450887680054,0.5563025007672873
0.15046939253807068,0.22470320761203766,0.17500855028629303,0.3424226808222063
0.025076618418097496,0.16514573991298676,0.2728605270385742,0.07918124604762482
0.0993892252445221,0.07360787689685822,0.16033507883548737,-0.3010299956639812
-0.3578203022480011,-0.3828493356704712,-0.37607046961784363,-0.6989700043360187
-1.3280819654464722,-1.4718903303146362,-1.3768815994262695,-0.8239087409443188
0.30350619554519653,0.32651185989379883,0.18805602192878723,0.4129642719966628
-0.4349483847618103,-0.3869362473487854,-0.3539622128009796,-0.28567024025476695
0.15639856457710266,0.19667965173721313,0.10866394639015198,0.34791518650169134
-0.38331112265586853,-0.4358363449573517,-0.4456709623336792,-0.5157001606532141
0.060974448919296265,0.12158258259296417,0.15274955332279205,0.16316137497701835
-0.5045325756072998,-0.5373525023460388,-0.5317596793174744,-0.7594507517174003
-0.8604273200035095,-0.867513120174408,-0.8231274485588074,-0.640164517660112
-0.032370127737522125,-0.0777173787355423,-0.046336401253938675,-0.14146280243036088
-0.6668787598609924,-0.6937040686607361,-0.6927458643913269,-1.0222763947111522
-0.7682918906211853,-0.7778928875923157,-0.711342453956604,-0.575118363368933
-0.7751532793045044,-0.6351420283317566,-0.7567296028137207,-0.5606673061697374
-0.7303449511528015,-0.5294966697692871,-0.7336252927780151,-0.5272435506827877
-0.6649503111839294,-0.7096136808395386,-0.7136985659599304,-0.6635402661514704
-1.1245067119598389,-1.1775553226470947,-1.1424680948257446,-1.3098039199714864
-0.4434940218925476,-0.41582584381103516,-0.7855601906776428,-0.8239087409443188
-0.7909947037696838,-0.7866994738578796,-0.7864465117454529,-0.4814860601221125
-0.4158889651298523,-0.40077200531959534,-0.7835321426391602,-0.744727494896694
-1.0264966487884521,-1.1597657203674316,-1.1723355054855347,-0.8239087409443188
-0.962517261505127,-0.9851516485214233,-0.8704753518104553,-1.0969100130080565
-0.9798418283462524,-0.819746732711792,-0.8158528208732605,-1.3010299956639813
-0.6573349833488464,-0.9155542254447937,-0.9500836133956909,-1.2218487496163564
-0.41605234146118164,-0.36563459038734436,-0.371247261762619,-0.2006594505464183
-0.3392006754875183,-0.4287968575954437,-0.29954993724823,-0.3979400086720376
-0.4377038776874542,-0.4333535134792328,-0.4845656156539917,-0.42021640338318983
-0.38757917284965515,-0.5780379176139832,-0.7098451256752014,-0.6777807052660807
-1.04344642162323,-0.9043906331062317,-1.0796799659729004,-1.0457574905606752
-1.1600421667099,-1.1510485410690308,-1.195974349975586,-1.154901959985743
-1.2958028316497803,-1.2878870964050293,-1.299254059791565,-1.2218487496163564
-1.3511213064193726,-1.328028678894043,-1.2949891090393066,-1.3010299956639813
-1.297507882118225,-1.2786571979522705,-1.2056325674057007,-1.3010299956639813
-0.867095410823822,-0.8933111429214478,-0.93604576587677,-0.6989700043360187
-1.0345333814620972,-0.9332136511802673,-1.0042781829833984,-0.8239087409443188
-1.068456768989563,-0.99944669008255,-1.0157474279403687,-0.9208187539523752
-1.0199006795883179,-1.0307543277740479,-1.0379208326339722,-0.958607314841775
-1.0130770206451416,-0.9959559440612793,-1.0148404836654663,-1.0
-0.5971329212188721,-0.7090331315994263,-0.5709794759750366,-0.6575773191777937
-0.6940978169441223,-0.7157140374183655,-0.7086957693099976,-0.6777807052660807
-0.7410815358161926,-0.736078143119812,-0.7592045664787292,-0.6989700043360187
-0.6463783979415894,-0.6954005360603333,-0.7054132223129272,-0.7695510786217261
-0.7469635009765625,-0.7395563721656799,-0.762069821357727,-0.6989700043360187
-0.03686369210481644,-0.05165306478738785,-0.641594409942627,0.07918124604762482
0.026630783453583717,0.019065987318754196,-0.5657380223274231,0.0
-0.014269325882196426,-0.09347423166036606,-0.38606229424476624,-0.10790539730951959
-0.5868925452232361,-0.6134454607963562,-0.5535378456115723,-0.17392519729917352
-0.7555314302444458,-0.7430815100669861,-0.7543937563896179,-0.3010299956639812
-0.5569334626197815,-0.4795181155204773,-0.6322926878929138,-0.3467874862246563
-0.32250550389289856,-0.4491892457008362,-0.4375245273113251,-0.2596373105057561
-0.621379017829895,-0.6500107645988464,-0.6212614178657532,-1.0457574905606752
-0.5102225542068481,-0.5211812257766724,-0.7146788239479065,-0.4559319556497244
-0.9464009404182434,-0.9118852019309998,-0.7250800132751465,-1.0
-1.0137079954147339,-0.9308860301971436,-0.8999461531639099,-1.3010299956639813
-0.261361688375473,-0.25038644671440125,-0.2459443360567093,0.04139268515822507
-0.27121397852897644,-0.25390785932540894,-0.24288927018642426,-0.09691001300805639
-0.27951881289482117,-0.22854261100292206,-0.2588813304901123,-0.22184874961635637
-0.21558073163032532,-0.2898874580860138,-0.2861851453781128,-0.2596373105057561
-0.24533045291900635,-0.18317021429538727,-0.2542210519313812,-0.44369749923271273
-0.3433498740196228,-0.2772665023803711,-0.3743177056312561,-0.619788758288394
-0.8440080285072327,-0.865873396396637,-0.9034147262573242,-1.0
-0.8492587804794312,-0.8744819760322571,-0.846412718296051,-0.7695510786217261
-0.5792809724807739,-0.6068528890609741,-0.5939459204673767,-0.6989700043360187
-0.49991723895072937,-0.5012548565864563,-0.4680754840373993,-0.3979400086720376
-0.14920713007450104,-0.17920292913913727,-0.1363610327243805,-0.1549019599857432
-0.09347563236951828,0.15711475908756256,0.1549963653087616,0.07918124604762482
-0.1305420994758606,0.05125286430120468,0.10850606858730316,0.3010299956639812
-0.5301421880722046,-0.5368433594703674,-0.5742126107215881,-0.7695510786217261
-2.7723958492279053,-2.7761032581329346,-2.7978479862213135,-2.8404328067663798
-3.643672466278076,-3.6330244541168213,-3.6709835529327393,-3.492144128304169
-2.7800374031066895,-2.7603321075439453,-2.7910268306732178,-2.8239087409443187
-3.6036109924316406,-3.641508102416992,-3.67814302444458,-3.583359492661719
-2.8407351970672607,-2.775197982788086,-2.818720579147339,-2.8079904073463298
-3.640727996826172,-3.639885425567627,-3.658482789993286,-3.632644078973981
-2.825948476791382,-2.8418376445770264,-2.849281072616577,-2.7780644001719947
-3.658311128616333,-3.6981256008148193,-3.637265920639038,-3.7772835288524167
-2.930668830871582,-2.9198596477508545,-2.901217222213745,-2.8404328067663798
-3.750202178955078,-3.672532320022583,-3.79179048538208,-3.8416375079047502
-3.0014894008636475,-2.970102310180664,-2.9794561862945557,-2.9542859410591324
-3.7837777137756348,-3.72906494140625,-3.7853100299835205,-3.9546770212133424
-3.1983642578125,-3.176996946334839,-3.10048770904541,-3.109020403010311
-3.906690835952759,-3.831779718399048,-3.9913651943206787,-3.9746941347352296
-2.881296157836914,-2.8254458904266357,-2.8898096084594727,-3.3010299956639813
-0.7412315607070923,-0.7453444600105286,-0.7544321417808533,-0.8239087409443188
-0.7334215044975281,-0.7436065673828125,-0.7386951446533203,-0.8538719643217619
-0.0035504193510860205,-0.0013566992711275816,-0.010759225115180016,-0.7695510786217261
-0.11937696486711502,-0.2745412588119507,-0.28885191679000854,-0.3187587626244128
-0.2567182779312134,-0.33721473813056946,-0.3060475289821625,-0.2676062401770315
-0.2940552830696106,-0.345857173204422,-0.3237924575805664,-0.3098039199714863
-0.763434112071991,-0.7683596611022949,-0.7636239528656006,0.01703333929878037
-0.7495329976081848,-0.7453444600105286,-0.7386956214904785,-0.7695510786217261
-0.7555599212646484,-0.743179202079773,-0.7449259757995605,-1.744727494896694
-1.6154427528381348,-1.236228585243225,-1.554161548614502,-1.154901959985743
0.018573274835944176,0.023396503180265427,0.012750288471579552,0.16405529189345164
0.15148645639419556,0.1655440479516983,0.15116558969020844,0.027349607774756507
-0.7039890289306641,-0.7508976459503174,-0.6918618679046631,-0.721246399047171
-0.7440545558929443,-0.721498966217041,-0.7353858351707458,-1.6989700043360187
-0.7412455677986145,-0.7436114549636841,-0.7420654892921448,-0.0809219076239261
0.3543669879436493,0.33252573013305664,0.3032875061035156,0.5797835966168101
0.4232911467552185,0.29924046993255615,0.3015320599079132,0.38021124171160603
0.2993984818458557,0.17167286574840546,0.07763523608446121,0.146128035678238
-0.1092401072382927,-0.08614531904459,-0.16564048826694489,-0.5228787452803376
-1.3056118488311768,-0.7645397186279297,-1.3004953861236572,-1.0
-0.7412360310554504,-0.7432448863983154,-0.7546723484992981,-0.3565473235138126
-0.030964111909270287,-0.08997221291065216,-0.0012817112728953362,-0.8239087409443188
-0.07010641694068909,-0.09589461982250214,-0.18822209537029266,-0.744727494896694
-0.2858664095401764,-0.2755948007106781,-0.2777723968029022,0.25527250510330607
-0.05453941598534584,-0.3776833415031433,-0.1758173555135727,0.3222192947339193
-0.27954307198524475,-0.39924514293670654,-0.2805347442626953,0.20411998265592482
-0.15373119711875916,-0.3195224404335022,-0.32314127683639526,0.04139268515822507
-0.8288652300834656,-0.883800745010376,-0.9041504859924316,-0.045757490560675115
-0.02445736899971962,-0.2634718716144562,-0.28538501262664795,-0.6989700043360187
-0.23383089900016785,-0.4865996837615967,-0.24308337271213531,-0.6575773191777937
-0.788486897945404,-0.6198945045471191,-0.31294673681259155,-0.595166283380062
-1.5521817207336426,-1.5356495380401611,-1.5266716480255127,-1.3979400086720375
-1.4374010562896729,-1.4366556406021118,-1.4676263332366943,-1.6989700043360187
-1.5230422019958496,-1.5431604385375977,-1.5742332935333252,-1.5528419686577808
-1.4782301187515259,-1.4718596935272217,-1.4873038530349731,-1.4559319556497243
-0.6908558011054993,-0.72318434715271,-0.6247355937957764,-0.8239087409443188
-0.6810693740844727,-0.6821357607841492,-0.5979284644126892,-0.744727494896694
-0.6562833786010742,-0.6734633445739746,-0.6532043218612671,-0.619788758288394
-0.6000466346740723,-0.6126912236213684,-0.6668866276741028,-0.5528419686577808
-0.5948708653450012,-0.5949576497077942,-0.6465619802474976,-0.5228787452803376
-0.4528932571411133,-0.4508102238178253,-0.43935921788215637,-0.48811663902112556
-0.4768012464046478,-0.4779914915561676,-0.47362425923347473,-0.494850021680094
-0.533126711845398,-0.5067046880722046,-0.512439489364624,-0.5016894462103995
-0.4306519031524658,-0.44701623916625977,-0.489012748003006,-0.36653154442041347
-0.4632880985736847,-0.44188204407691956,-0.4876069724559784,-0.2924298239020636
-0.555616557598114,-0.5441561937332153,-0.5180640816688538,-0.5228787452803376
-0.555616557598114,-0.5441561937332153,-0.5151786208152771,-0.5086383061657274
-0.5215084552764893,-0.5114516019821167,-0.5063130855560303,-0.5157001606532141
-0.49703142046928406,-0.5072617530822754,-0.502312421798706,-0.5086383061657274
-0.4678819477558136,-0.47632119059562683,-0.4916996657848358,-0.5016894462103995
-0.40930330753326416,-0.43394502997398376,-0.489412397146225,-0.494850021680094
-0.3757581412792206,-0.41140735149383545,-0.3862420320510864,-0.48811663902112556
-2.6137073040008545,-2.5120809078216553,-2.6131093502044678,-2.3979400086720375
-2.6067121028900146,-2.6552278995513916,-2.6251978874206543,-2.42021640338319
-2.768667697906494,-2.7540063858032227,-2.677119731903076,-2.5528419686577806
-2.8565399646759033,-2.7646663188934326,-2.7485101222991943,-2.744727494896694
-2.623687982559204,-2.602130651473999,-2.654057025909424,-3.3010299956639813
0.9281107187271118,0.9306232333183289,0.9194504618644714,0.9030899869919435
0.9321975111961365,0.8912079334259033,0.9055067896842957,0.9542425094393249
0.8921946883201599,0.8921354413032532,0.8881499767303467,0.8450980400142568
1.0753191709518433,1.0583268404006958,1.0527656078338623,1.0170333392987803
0.8343425989151001,0.8281221389770508,0.8281612992286682,0.9242792860618817
0.9838842153549194,1.001847743988037,0.9889980554580688,1.1139433523068367
0.16577711701393127,0.13786423206329346,0.15362897515296936,0.07918124604762482
-0.12377861142158508,-0.16685639321804047,-0.17136691510677338,-0.3565473235138126
-0.16225877404212952,-0.2084771990776062,-0.2007872313261032,-0.11918640771920865
-0.30510443449020386,-0.2750684916973114,-0.214902862906456,-0.09691001300805639
-0.3305714428424835,-0.48409023880958557,-0.4205585718154907,-0.6575773191777937
0.21877425909042358,0.25643444061279297,0.23718859255313873,0.2304489213782739
-0.061380837112665176,-0.1454780101776123,-0.13889148831367493,0.0
-0.024561557918787003,-0.09208346903324127,-0.07311355322599411,-0.22184874961635637
-0.0906810462474823,-0.08788160234689713,-0.11160359531641006,-0.09691001300805639
-0.28218379616737366,-0.4404856562614441,-0.3402518928050995,-0.3979400086720376
0.3312761187553406,0.35919713973999023,0.3404726982116699,0.38021124171160603
-0.03888959437608719,-0.03308070823550224,-0.029722442850470543,0.13033376849500614
-0.0024328322615474463,0.0020645312033593655,0.018302390351891518,-0.13076828026902382
-0.005793962627649307,0.0066360714845359325,-0.0018326188437640667,-0.026872146400301365
-0.24177756905555725,-0.3184031844139099,-0.32425740361213684,-0.3010299956639812
0.4322585463523865,0.4376925230026245,0.4521777927875519,0.5185139398778874
0.06722725182771683,0.02780367061495781,0.04890657588839531,0.20411998265592482
0.13857650756835938,0.15422014892101288,0.027962109073996544,0.01703333929878037
0.14311346411705017,0.07548202574253082,0.09827328473329544,-0.06550154875643228
-0.20462137460708618,-0.20580025017261505,-0.2200370877981186,-0.22184874961635637
0.504927933216095,0.5453013777732849,0.46533089876174927,0.6127838567197355
0.049865446984767914,0.07987900078296661,0.09610506147146225,0.24551266781414982
0.22390735149383545,0.25007084012031555,0.16601869463920593,0.04921802267018165
0.2004615068435669,0.22661100327968597,0.19599732756614685,0.021189299069938092
-0.192719966173172,-0.13483978807926178,-0.10244855284690857,-0.10790539730951959
-2.2160606384277344,-2.381951093673706,-2.1700456142425537,-1.9199510324211482
-2.266493082046509,-2.292691230773926,-2.2502987384796143,-2.3005959181846625
-2.8137967586517334,-2.8263497352600098,-2.8140032291412354,-3.0969100130080562
-2.858135461807251,-2.827951192855835,-2.8240456581115723,-2.77780395369828
-2.6083192825317383,-2.6419150829315186,-2.612644910812378,-2.87484417041947
-2.6593117713928223,-2.6362452507019043,-2.6708030700683594,-2.573814174755489
-2.486367702484131,-2.515714168548584,-2.4807963371276855,-2.4468454518303746
-2.3632726669311523,-2.3319969177246094,-2.309260845184326,-2.2337359093480043
-2.0043535232543945,-2.119443416595459,-2.011342763900757,-2.137928280620006
-3.326957941055298,-2.8180909156799316,-3.3392081260681152,-3.425968732272281
-0.1855660378932953,-0.1913556307554245,-0.18482165038585663,-0.12493873660829993
-0.1856524646282196,-0.19928044080734253,-0.18461160361766815,-0.14266750356873156
-0.19722524285316467,-0.19934530556201935,-0.17609448730945587,-0.2076083105017461
-0.26551228761672974,-0.272236704826355,-0.2693351209163666,-0.3979400086720376
-0.2709883749485016,-0.24646304547786713,-0.2209751307964325,-0.22184874961635637
-0.21551194787025452,-0.25442713499069214,-0.2209751307964325,-0.23657200643706278
-0.16065534949302673,-0.1738470047712326,-0.15621452033519745,-0.22184874961635637
-0.12134962528944016,-0.12958328425884247,-0.11752292513847351,-0.1549019599857432
-0.20472630858421326,-0.20209456980228424,-0.2159445732831955,-0.10790539730951959
-0.3465348482131958,-0.30550822615623474,-0.31459105014801025,-0.2596373105057561
-0.037529680877923965,-0.02050524391233921,-0.14210282266139984,-0.10790539730951959
-0.07319433242082596,-0.062299393117427826,-0.07212057709693909,0.021189299069938092
-0.004879530053585768,0.02484055608510971,0.07552165538072586,0.07918124604762482
0.07139095664024353,0.11983565986156464,0.1036425456404686,0.09691001300805642
-0.3557491600513458,-0.3746960461139679,-0.402929425239563,-0.2076083105017461
-0.19190916419029236,-0.25200673937797546,-0.2148592174053192,0.04139268515822507
-0.2148786187171936,-0.2210661619901657,-0.13470874726772308,0.07918124604762482
-0.3642726540565491,-0.3707781732082367,-0.3691311478614807,-0.22184874961635637
-0.1739286482334137,-0.17698819935321808,-0.22208361327648163,0.0
-0.21949303150177002,-0.22611050307750702,-0.11394765973091125,0.04139268515822507
-0.2917197048664093,-0.3997001647949219,-0.38650059700012207,-0.3979400086720376
-0.21678301692008972,-0.19247961044311523,-0.20656415820121765,-0.1938200260161128
-0.12449968606233597,-0.0903957411646843,-0.08639213442802429,-0.08618614761628333
-0.3854098916053772,-0.36079320311546326,-0.3881760239601135,-0.5228787452803376
-0.241434246301651,-0.21165044605731964,-0.20537810027599335,-0.38721614328026455
-0.024567043408751488,-0.0882466584444046,-0.15300652384757996,-0.3372421683184259
-0.31928887963294983,-0.3881048560142517,-0.3428206741809845,-0.619788758288394
-0.20709720253944397,-0.2494743913412094,-0.26933035254478455,-0.3979400086720376
-0.03479854017496109,-0.12672293186187744,-0.10860404372215271,-0.37675070960209955
-0.7515981793403625,-0.7431181073188782,-0.7512623071670532,-0.9507819773298184
-2.0323760509490967,-1.979740858078003,-2.030038356781006,-1.3010299956639813
-2.047240972518921,-2.0536935329437256,-2.0522685050964355,-1.3010299956639813
-1.7557743787765503,-1.7993004322052002,-1.7849550247192383,-2.3979400086720375
-1.965590476989746,-1.9877804517745972,-1.9669760465621948,-2.6989700043360187
-2.5411856174468994,-2.7470290660858154,-2.7291576862335205,-3.0
-0.1327245533466339,-0.692815363407135,-0.7109203934669495,-0.3010299956639812
0.11946025490760803,0.06359214335680008,0.08125210553407669,-0.1549019599857432
0.19889423251152039,-0.11294429004192352,0.21785828471183777,0.17609125905568124
0.17799517512321472,-0.11500047147274017,0.17082087695598602,0.5440680443502757
-0.8158804774284363,-0.7296434044837952,-0.7631922960281372,-0.744727494896694
-0.8240313529968262,-0.7902840971946716,-0.7827672958374023,-0.7958800173440752
-0.8107384443283081,-0.7838349938392639,-0.7675893306732178,-0.6777807052660807
-0.8141258358955383,-0.8413435816764832,-0.8176801800727844,-0.8538719643217619
-0.7879582047462463,-0.7850154638290405,-0.8069292902946472,-0.7958800173440752
-0.8146152496337891,-0.7902910709381104,-0.7787322998046875,-0.6989700043360187
-0.863898515701294,-0.8328269720077515,-0.8340767621994019,-0.8239087409443188
-0.6742189526557922,-0.6726043820381165,-0.6779707074165344,-0.8239087409443188
-0.9274354577064514,-0.8700941205024719,-0.8511949181556702,-0.8538719643217619
-1.3101950883865356,-1.3549318313598633,-1.3938839435577393,-2.0969100130080562
-0.1684841811656952,0.07949895411729813,0.06158257648348808,-0.08618614761628333
-0.3845802843570709,-0.43127506971359253,-0.47001245617866516,0.06818586174616162
-0.543381929397583,-0.431274950504303,-0.5566099882125854,-0.3467874862246563
-0.4834534823894501,-0.5356065630912781,-0.4380561411380768,-0.638272163982407
-0.6709826588630676,-0.6267518997192383,-0.6974583268165588,-0.7695510786217261
-0.4619278907775879,-0.5612440705299377,-0.7259421348571777,-0.2676062401770315
-0.5214442014694214,-0.4636204242706299,-0.6661165952682495,-0.42021640338318983
-0.8172894716262817,-0.610353410243988,-0.6526999473571777,-0.6777807052660807
-0.9175909757614136,-0.7828518152236938,-0.7127073407173157,-0.6777807052660807
-0.7231447100639343,-0.70894855260849,-0.7404175400733948,-1.0457574905606752
-0.29796096682548523,-0.5338063836097717,-0.34055352210998535,-0.3979400086720376
-0.7101161479949951,-0.7074484825134277,-0.7102931141853333,-0.619788758288394
-0.7138370275497437,-0.7633230686187744,-0.6699354648590088,-0.7695510786217261
-0.7809173464775085,-0.8334147930145264,-0.8149759769439697,-0.8239087409443188
-0.609337329864502,-0.7076776623725891,-0.5734995603561401,-0.23657200643706278
-0.545127272605896,-0.5198187828063965,-0.5957658290863037,-0.5086383061657274
-0.5886805653572083,-0.5849683880805969,-0.612997829914093,-0.46852108295774486
-0.5922130942344666,-0.5751899480819702,-0.6024951934814453,-0.5528419686577808
-0.6176493167877197,-0.6192219257354736,-0.6472141146659851,-0.6575773191777937
-0.6561729311943054,-0.6568710207939148,-0.6535963416099548,-0.6989700043360187
-0.468323290348053,-0.4478461742401123,-0.42848387360572815,-0.44369749923271273
-0.35702767968177795,-0.35769975185394287,-0.36972495913505554,-0.3467874862246563
-0.28180500864982605,-0.2801947593688965,-0.28482967615127563,-0.2676062401770315
-0.6737241148948669,-0.6742835640907288,-0.7189995050430298,-0.744727494896694
-0.5772802233695984,-0.6050059795379639,-0.5748590230941772,-0.6575773191777937
-0.48720014095306396,-0.4871061146259308,-0.4596281051635742,-0.5086383061657274
-0.3640059530735016,-0.4218916594982147,-0.3564719557762146,-0.3979400086720376
-1.0428341627120972,-1.0043323040008545,-1.0677709579467773,-1.0969100130080565
-0.9066387414932251,-0.9192543029785156,-0.9400874376296997,-0.958607314841775
-0.7942929863929749,-0.7724257111549377,-0.7945249080657959,-0.744727494896694
-0.6596918702125549,-0.6911622285842896,-0.6839752793312073,-0.6020599913279624
-1.0679824352264404,-1.0672435760498047,-1.0662959814071655,-1.3010299956639813
-1.0650540590286255,-1.0680782794952393,-1.0702977180480957,-1.0
-0.8704580664634705,-0.8690502643585205,-0.863850474357605,-0.8239087409443188
-0.672187328338623,-0.6636881828308105,-0.6624144315719604,-0.6989700043360187
-1.195286512374878,-1.1998099088668823,-1.2021985054016113,-1.38933983691012
-1.2942326068878174,-1.3013936281204224,-1.2944015264511108,-1.27083521030723
-1.2241865396499634,-1.2195312976837158,-0.7420281767845154,-1.5026694370349483
-1.3941988945007324,-1.3914917707443237,-0.7420281767845154,-1.2944612752327194
-0.7503302097320557,-1.2298426628112793,-1.2312631607055664,-1.2368941027930884
-0.7525489330291748,-1.1702042818069458,-1.1701539754867554,-1.3074967762144598
-0.20663763582706451,-0.23301512002944946,-0.20725993812084198,-0.5228787452803376
-0.23540320992469788,-0.17391879856586456,-0.19302718341350555,-0.21467016498923297
-0.31411871314048767,-0.29899048805236816,-0.2957080602645874,-0.22184874961635637
-0.3183717429637909,-0.3377378582954407,-0.3089979290962219,-0.25181197299379954
-0.2660428583621979,-0.29863297939300537,-0.36590859293937683,-0.13076828026902382
-0.3508593440055847,-0.323691189289093,-0.31093141436576843,-0.09691001300805639
-0.3437839448451996,-0.32311126589775085,-0.3239005506038666,-0.2839966563652008
-0.7614191174507141,-0.7559999823570251,-0.7812525033950806,-0.3979400086720376
-0.7525513768196106,-0.7816326022148132,-0.7767572999000549,-0.3565473235138126
-0.3043667674064636,-0.3191399574279785,-0.3113955557346344,-0.3187587626244128
-1.0055890083312988,-1.0138217210769653,-1.0292112827301025,-0.3010299956639812
-0.284342885017395,-0.21551324427127838,-0.22811034321784973,-0.22184874961635637
-1.7556205987930298,-1.7315857410430908,-1.7091953754425049,-2.095392636184552
-1.6084396839141846,-1.8465402126312256,-1.839430809020996,-2.092105164583717
-1.7709696292877197,-2.0823113918304443,-1.9670493602752686,-2.0516848593106523
-1.383434534072876,-1.4014086723327637,-1.2930172681808472,-1.7218868840201662
-1.3315931558609009,-1.4677857160568237,-1.4352368116378784,-1.6332596101570895
-1.4900789260864258,-1.688920497894287,-1.628793478012085,-1.5881951691845766
-0.5041529536247253,-0.5093389749526978,-0.5139080882072449,-0.494850021680094
-0.4405158460140228,-0.43735548853874207,-0.4360019564628601,-0.42021640338318983
-0.29202404618263245,-0.33371204137802124,-0.33194631338119507,-0.3467874862246563
-0.19697335362434387,-0.17187927663326263,-0.3044857680797577,-0.3010299956639812
-0.0908401682972908,-0.04644135385751724,-0.09530332684516907,-0.2676062401770315
-0.1663716435432434,-0.16010533273220062,-0.2775735557079315,-0.1549019599857432
-0.38801586627960205,-0.3987007737159729,-0.46655556559562683,-0.23657200643706278
-0.3924466073513031,-0.3608151972293854,-0.5730510950088501,-0.5228787452803376
-0.2725057899951935,-0.26446226239204407,-0.28199100494384766,0.0
-0.5903765559196472,-0.6468270421028137,-0.5921959280967712,-0.6989700043360187
-1.0524935722351074,-1.0967202186584473,-1.0586490631103516,-1.154901959985743
-1.0752983093261719,-1.080875039100647,-1.0724360942840576,-1.1079053973095196
-1.0524935722351074,-1.0967203378677368,-1.0724360942840576,-1.0861861476162833
-1.1074259281158447,-1.0967203378677368,-1.117060899734497,-1.0
-0.8861655592918396,-0.8871626853942871,-0.8848752975463867,-1.0
-0.7204716801643372,-0.7255844473838806,-0.7336468696594238,-0.6989700043360187
-0.4180867373943329,-0.45047757029533386,-0.4193059206008911,-0.494850021680094
-0.235236257314682,-0.30110201239585876,-0.38220423460006714,-0.1549019599857432
-0.21068480610847473,-0.22534073889255524,-0.25765517354011536,-0.22184874961635637
-0.30532148480415344,-0.26436007022857666,-0.2822744846343994,-0.3467874862246563
-0.57594895362854,-0.6348772048950195,-0.7050557136535645,-0.3979400086720376
-0.3284989893436432,-0.2760620415210724,-0.2769488990306854,-0.24412514432750865
-0.4308086037635803,-0.27817174792289734,-0.31203609704971313,-0.2596373105057561
-0.6104750633239746,-0.34650200605392456,-0.28475630283355713,-0.3010299956639812
-0.7501249313354492,-0.7476595044136047,-0.7485613226890564,-0.3979400086720376
-0.7334235906600952,-0.7431181073188782,-0.7512623071670532,-1.0177287669604316
-0.7515982389450073,-0.7560956478118896,-0.7420281767845154,-1.0
-0.1935824304819107,-0.25065040588378906,-0.17755581438541412,-0.07058107428570727
-0.15826794505119324,-0.2622109353542328,-0.19621948897838593,-0.12493873660829993
-0.45277532935142517,-0.4212309718132019,-0.43383270502090454,-0.37675070960209955
-0.3465212881565094,-0.3066476285457611,-0.29863402247428894,-0.3279021420642826
-0.24987781047821045,-0.2539147734642029,-0.25244033336639404,-0.22184874961635637
-0.27258244156837463,-0.25813430547714233,-0.24073053896427155,-0.14266750356873156
-0.29426154494285583,-0.29263627529144287,-0.32186123728752136,-0.494850021680094
-0.5179492831230164,-0.45286086201667786,-0.5930091142654419,-0.6020599913279624
-0.25090163946151733,-0.25283750891685486,-0.2573339343070984,-0.09691001300805639
-0.060513466596603394,0.001064825220964849,0.01474202610552311,0.20411998265592482
-0.25376519560813904,-0.30590108036994934,-0.25786322355270386,-0.09691001300805639
-0.27529701590538025,-0.3194851875305176,-0.2729026675224304,-0.1549019599857432
-0.22982624173164368,-0.250217467546463,-0.2598314881324768,-0.22184874961635637
-0.2766713798046112,-0.2695339322090149,-0.2788638472557068,-0.22184874961635637
-0.07616671919822693,0.0819825753569603,0.02217791974544525,0.07918124604762482
-0.30360522866249084,-0.31205132603645325,-0.31087929010391235,-0.3010299956639812
-0.34967079758644104,-0.3295964300632477,-0.34435760974884033,-0.3979400086720376
-0.2858369052410126,-0.1904609054327011,-0.2775076925754547,-0.3979400086720376
0.031527046114206314,0.04552783817052841,-0.04370211437344551,-0.09691001300805639
-0.4141521155834198,-0.4651692509651184,-0.41247403621673584,-0.5228787452803376
-0.5477786660194397,-0.5127289295196533,-0.5137954950332642,-0.6989700043360187
-0.4139363467693329,-0.35330337285995483,-0.3933292031288147,-0.6989700043360187
-0.10776404291391373,-0.06724093109369278,-0.08570155501365662,-0.22184874961635637
-0.939854085445404,-0.98064124584198,-1.0237523317337036,-0.9208187539523752
-0.48697638511657715,-0.5175014138221741,-0.3000859320163727,-0.3467874862246563
-0.7495330572128296,-0.7431182265281677,-0.7386952638626099,-0.858863909879261
-0.7515982389450073,-0.7431792616844177,-0.754432201385498,-1.0788339493622612
-0.7412315011024475,-0.7436085343360901,-0.7420280575752258,-0.9295926782598803
-0.7495330572128296,-0.7431793212890625,-0.7449260354042053,-0.549750891680639
-0.7163095474243164,-0.7431353330612183,-0.7080774903297424,-0.6020599913279624
-0.7424322962760925,-0.7699986696243286,-0.7662414312362671,-0.6020599913279624
-0.7787485122680664,-0.7663629055023193,-0.7565721273422241,-0.6989700043360187
-0.3597060441970825,-0.3892788589000702,-0.37065017223358154,-0.2596373105057561
-0.45946893095970154,-0.3951268494129181,-0.4003291726112366,-0.3010299956639812
-0.5288927555084229,-0.5312362909317017,-0.5325972437858582,-0.3979400086720376
-0.9149874448776245,-0.9665114879608154,-0.9443008899688721,-0.9208187539523752
-0.972659170627594,-1.0214321613311768,-0.9815039038658142,-1.0
-0.8889597058296204,-0.9945881366729736,-1.0008602142333984,-0.958607314841775
-0.809066653251648,-0.8004364371299744,-0.8059187531471252,-0.8538719643217619
-0.8726924657821655,-0.9225479364395142,-0.8758959770202637,-0.8860566476931632
-0.8212482333183289,-0.8487644195556641,-0.8443588614463806,-0.9208187539523752
-0.730236291885376,-0.7524316906929016,-0.6682958006858826,-0.7695510786217261
-0.7963937520980835,-0.7532356977462769,-0.7455150485038757,-0.744727494896694
-0.7711904048919678,-0.7229862809181213,-0.7231735587120056,-0.8538719643217619
-0.3235413730144501,-0.28323599696159363,-0.3259403705596924,-0.3565473235138126
-0.43400412797927856,-0.421523779630661,-0.4411188066005707,-0.5528419686577808
-0.46951964497566223,-0.3681333065032959,-0.36565449833869934,-0.3979400086720376
-0.6826236248016357,-0.6708941459655762,-0.6721360683441162,-0.585026652029182
-0.6431008577346802,-0.6627120971679688,-0.5852410197257996,-0.5528419686577808
-0.6947084069252014,-0.6322367787361145,-0.6543875932693481,-0.6777807052660807
-0.7867641448974609,-0.7805755734443665,-0.7661333680152893,-0.744727494896694
-0.8153635263442993,-0.8384852409362793,-0.8272421360015869,-0.9208187539523752
-0.8330950736999512,-0.8266401290893555,-0.8222975134849548,-0.8239087409443188
-0.3932826817035675,-0.3314765989780426,-0.3618718981742859,-0.44369749923271273
-0.5752307772636414,-0.48665472865104675,-0.5433458685874939,-0.5228787452803376
-0.4410077929496765,-0.44490790367126465,-0.46362292766571045,-0.494850021680094
-0.8732707500457764,-0.8871632218360901,-0.8726359009742737,-0.9208187539523752
-0.932066798210144,-0.8476306200027466,-0.8502987027168274,-0.8239087409443188
-1.112581729888916,-1.0777359008789062,-1.0585098266601562,-0.9208187539523752
-0.6013352274894714,-0.6260212063789368,-0.5841578245162964,-0.4559319556497244
-0.6055313944816589,-0.580710768699646,-0.6001313328742981,-0.619788758288394
-0.7242298126220703,-0.6552082896232605,-0.65486079454422,-0.6020599913279624
-1.3623003959655762,-2.2050814628601074,-2.182624578475952,-2.537602002101044
-1.3382816314697266,-2.507955551147461,-2.496181011199951,-2.167491087293764
-1.736301302909851,-2.256981611251831,-2.249605655670166,-2.344861565188618
-1.9880702495574951,-1.8101236820220947,-1.8597267866134644,-1.9507819773298183
0.15025149285793304,0.14904241263866425,0.04048832133412361,0.07918124604762482
0.4649006724357605,0.497745156288147,0.4871784746646881,0.6989700043360189
0.8455262780189514,0.8899859189987183,0.8622520565986633,0.8450980400142568
0.04377772659063339,-0.02306949533522129,0.051633045077323914,0.04139268515822507
0.5070130825042725,0.5126305818557739,0.46709784865379333,0.4913616938342727
0.8375753164291382,0.8454207181930542,0.8609890341758728,0.7781512503836436
-0.17779797315597534,-0.09620026499032974,-0.09814677387475967,0.04139268515822507
0.4335017800331116,0.43229615688323975,0.38773319125175476,0.414973347970818
0.7859172821044922,0.7668424844741821,0.7157455682754517,0.6627578316815741
-0.38130441308021545,-0.37660306692123413,-0.31853413581848145,0.0
0.35147911310195923,0.2058131843805313,0.1560865193605423,0.3424226808222063
0.6120966076850891,0.5968610644340515,0.6200752258300781,0.5314789170422551
-0.08653105050325394,-0.16738148033618927,-0.15662609040737152,-1.3979400086720375
0.20841084420681,-0.2752952575683594,-0.21713776886463165,0.07918124604762482
0.22661814093589783,0.3621063530445099,0.2296806126832962,0.38021124171160603
-0.03500429540872574,0.13231803476810455,-0.11620407551527023,-1.5228787452803376
-0.6058139801025391,0.22960872948169708,-1.3037477731704712,0.04139268515822507
0.4668383002281189,0.2618170976638794,-1.0728455781936646,0.3010299956639812
-0.12027373909950256,-0.13636374473571777,-0.12971487641334534,-1.6989700043360187
-1.382120966911316,-0.7536854147911072,-0.7594101428985596,0.0
-1.1512391567230225,0.19873054325580597,0.2077617198228836,0.17609125905568124
-0.45989686250686646,-0.5399484634399414,-0.5737108588218689,-0.5228787452803376
-0.5474504828453064,-0.5498904585838318,-0.5264719128608704,-0.585026652029182
-0.48079410195350647,-0.54120934009552,-0.547318160533905,-0.619788758288394
-0.5032426714897156,-0.5788082480430603,-0.5870557427406311,-0.6575773191777937
-0.13091465830802917,-0.1840532273054123,-0.2174290269613266,0.04139268515822507
-0.08097697049379349,-0.08806202560663223,-0.22073636949062347,-0.07572071393811836
-0.5511704087257385,-0.6136345267295837,-0.6371280550956726,-0.7033348097384688
-0.11655059456825256,-0.1989450305700302,-0.12094178795814514,-0.16749108729376366
-0.7550252676010132,-0.7800797820091248,-0.7862290143966675,-0.712198270069774
-0.18334278464317322,-0.2923398017883301,-0.29868757724761963,-0.22184874961635637
-0.4365697503089905,-0.4540514647960663,-0.4806700348854065,-0.744727494896694
-0.5903334021568298,-0.6594204306602478,-0.676401674747467,-0.3010299956639812
-0.03651105985045433,-0.01623718813061714,0.023066898807883263,0.3010299956639812
0.020870259031653404,0.18519894778728485,-0.03230403736233711,0.25527250510330607
0.05113198980689049,0.10142765194177628,0.06404827535152435,-0.22184874961635637
-0.20604975521564484,-0.16741807758808136,-0.15688201785087585,-0.3979400086720376
-0.2520114779472351,-0.8721668124198914,-0.329501748085022,-0.22184874961635637
-0.40320369601249695,-0.415580689907074,-0.4651820957660675,-1.0
-1.160541296005249,-1.114940881729126,-1.3005788326263428,-0.6989700043360187
-0.7034701108932495,-0.8204516768455505,-1.5314228534698486,-1.3010299956639813
-1.7096765041351318,-1.680919885635376,-1.7050143480300903,-1.6989700043360187
-1.3097862005233765,-1.3200172185897827,-1.3606959581375122,-1.2924298239020637
-1.3632822036743164,-1.3552738428115845,-1.3954105377197266,-1.3979400086720375
-1.577508807182312,-1.5576385259628296,-1.574824571609497,-1.5228787452803376
-1.4969438314437866,-1.4701259136199951,-1.4448870420455933,-1.5228787452803376
-1.1582351922988892,-1.1864759922027588,-1.1479068994522095,-1.154901959985743
-1.2434788942337036,-1.2546417713165283,-1.254361867904663,-1.3010299956639813
-1.3228650093078613,-1.3383021354675293,-1.3203281164169312,-1.3010299956639813
-1.5248076915740967,-1.5493570566177368,-1.5331071615219116,-1.6020599913279623
-1.3407386541366577,-1.339724063873291,-1.3642441034317017,-1.3467874862246563
-1.0121101140975952,-0.9627388119697571,-0.9934649467468262,-0.7958800173440752
-1.0207130908966064,-1.0691137313842773,-0.920562744140625,-1.154901959985743
-1.3243180513381958,-1.3127847909927368,-1.3261107206344604,-1.2924298239020637
-1.0258653163909912,-1.04783296585083,-1.0414600372314453,-1.154901959985743
-1.0276142358779907,-1.0352710485458374,-1.0299534797668457,-1.1249387366083
-0.9133973121643066,-0.9638749361038208,-0.9148496985435486,-0.7695510786217261
-0.7326451539993286,-0.795936107635498,-0.7333065271377563,-0.6575773191777937
-0.8411802649497986,-0.8983184099197388,-0.6802611351013184,-0.9208187539523752
-0.8043903112411499,-0.7552892565727234,-0.766338586807251,-0.8860566476931632
-1.0879777669906616,-1.1045328378677368,-1.0081257820129395,-1.0
-0.7484716176986694,-0.766052782535553,-0.7661457061767578,-1.0
-0.6296178698539734,-0.565669059753418,-0.5441868901252747,-0.6989700043360187
-0.37774819135665894,-0.37079039216041565,-0.3482721447944641,-0.494850021680094
-0.6021206378936768,-0.7122834324836731,-0.6884008049964905,-0.6989700043360187
-0.4753730893135071,-0.4681148827075958,-0.4580722749233246,-0.46852108295774486
-0.3253421187400818,-0.3040119409561157,-0.3233444094657898,-0.2924298239020636
-0.5044769048690796,-0.5036935806274414,-0.5492286086082458,-0.494850021680094
-0.3472907841205597,-0.30112990736961365,-0.3278104364871979,-0.3010299956639812
-0.2654615342617035,-0.18959982693195343,-0.20405563712120056,-0.21467016498923297
-0.8277679681777954,-0.8259205222129822,-0.8239246606826782,-0.6777807052660807
-0.53253173828125,-0.5055384635925293,-0.5710498094558716,-0.44369749923271273
-0.3916112184524536,-0.3969253897666931,-0.41495829820632935,-0.25181197299379954
-0.5509922504425049,-0.5695807337760925,-0.5635098218917847,-0.5228787452803376
-0.2984699010848999,-0.30150070786476135,-0.30463147163391113,-0.3372421683184259
-0.1560593545436859,-0.18215708434581757,-0.17100265622138977,-0.1938200260161128
-0.38427022099494934,-0.3891078233718872,-0.4440169930458069,-0.3979400086720376
-0.20523765683174133,-0.20659728348255157,-0.22718146443367004,-0.22184874961635637
-0.19244451820850372,-0.1408684104681015,-0.1616082489490509,-0.09691001300805639
-1.4617149829864502,-1.4198615550994873,-1.4511264562606812,-1.6382721639824072
-1.6428821086883545,-1.6585321426391602,-1.6591800451278687,-1.6382721639824072
-1.709671139717102,-1.7153807878494263,-1.7332661151885986,-1.6575773191777938
-1.6336599588394165,-1.5850915908813477,-1.5706044435501099,-1.6777807052660807
-1.541993498802185,-1.2711880207061768,-1.5345396995544434,-1.6575773191777938
-1.5949420928955078,-1.6036328077316284,-1.4881151914596558,-1.5528419686577808
-1.7128722667694092,-1.5212005376815796,-1.7100764513015747,-1.6989700043360187
-1.563137412071228,-1.5515596866607666,-1.4902044534683228,-1.6197887582883939
-0.9504769444465637,-1.1172690391540527,-1.0654911994934082,-0.958607314841775
-1.0750172138214111,-1.0808249711990356,-0.9943811893463135,-1.744727494896694
-1.3841136693954468,-1.3925939798355103,-1.0313031673431396,-1.0457574905606752
-1.667419195175171,-1.6749414205551147,-1.0084699392318726,-1.0969100130080565
-0.7598639130592346,-0.7895645499229431,-0.760182797908783,-0.744727494896694
-0.8672050833702087,-0.8695787787437439,-0.8651838302612305,-0.7695510786217261
-0.821163535118103,-0.8299158811569214,-0.8309249877929688,-0.832682665251824
-0.8506413698196411,-0.8565889000892639,-0.8593602180480957,-0.8761483590329142
-1.0055185556411743,-0.9960545897483826,-0.7512623071670532,-1.2218487496163564
-1.1185892820358276,-1.13042414188385,-0.7512623071670532,-1.0457574905606752
-0.9038958549499512,-1.0126618146896362,-0.7512623071670532,-1.0
-0.8724275827407837,-0.850797176361084,-0.8734317421913147,-0.8761483590329142
-0.8346268534660339,-0.6874876022338867,-0.7544321417808533,-0.5228787452803376
-1.0556188821792603,-0.8589479327201843,-0.7544321417808533,-0.8794260687941502
-0.996599555015564,-1.008158564567566,-0.7544321417808533,-1.4436974992327127
0.5335060358047485,0.4744507074356079,0.47745251655578613,0.6202401898458314
0.508228063583374,0.5030478835105896,0.4579726457595825,0.5098742850047192
0.47179940342903137,0.4882066249847412,0.5000149607658386,0.36772854608697647
0.3314734101295471,0.3301220238208771,0.3240796625614166,0.449478399187365
-0.04678989201784134,0.023334313184022903,-0.06835152208805084,-0.025949097207122653
-0.038271840661764145,-0.026435157284140587,-0.007663342170417309,-0.12033079436794646
0.2701781690120697,0.23245038092136383,0.2643006145954132,0.32139127831168907
-0.16792263090610504,-0.10367889702320099,-0.11429285258054733,-0.22548303427145047
-0.39304354786872864,-0.3731706738471985,-0.3801591098308563,-0.3957739469155299
-0.019826266914606094,-0.048573244363069534,0.013676032423973083,-0.0008694587126288915
-0.46036431193351746,-0.43765199184417725,-0.4733247756958008,-0.4473317838878068
-0.47712117433547974,-0.48345303535461426,-0.45340096950531006,-0.4659738939438649
-0.5221827626228333,-0.510007381439209,-0.5048899054527283,-0.5287082889410615
-0.5608606338500977,-0.5725564956665039,-0.5829299688339233,-0.5670307091255943
-0.5773941278457642,-0.5913476347923279,-0.5847908854484558,-0.5934598195660448
-0.610470175743103,-0.6063598990440369,-0.6054202914237976,-0.6090648928966209
-0.2760043442249298,-0.32627224922180176,-0.2567017376422882,-0.23136189875238555
-0.4708486795425415,-0.6015459299087524,-0.5153550505638123,-0.4854522473397139
-1.3180292844772339,-1.1627789735794067,-1.3304842710494995,-1.0
-0.7898793816566467,-0.8270679712295532,-0.8492955565452576,-0.5228787452803376
-0.5859085917472839,-0.5481383204460144,-0.5660907030105591,-0.3010299956639812
-0.8208863139152527,-0.8179780840873718,-0.8366172909736633,-0.6989700043360187
-0.8068712949752808,-0.8053053617477417,-0.8516480326652527,-0.744727494896694
-1.1310639381408691,-1.2229087352752686,-1.0949864387512207,-1.5228787452803376
-0.8753365278244019,-0.8831281065940857,-0.8080182075500488,-1.0
-0.432521790266037,-0.4407220184803009,-0.4280655086040497,-0.6989700043360187
-0.7887666821479797,-0.7996999025344849,-0.7885162234306335,-0.744727494896694
-0.9289048314094543,-0.9205223917961121,-0.8933546543121338,-1.1611509092627446
-1.0380150079727173,-1.0953317880630493,-1.1079380512237549,-1.1643094285075744
-1.6618499755859375,-1.633763074874878,-1.651416540145874,-1.6989700043360187
-1.1118577718734741,-1.1108269691467285,-1.0589815378189087,-1.0969100130080565
-1.3181300163269043,-1.3488633632659912,-1.3066818714141846,-1.2732727909734278
-1.4559860229492188,-1.4678930044174194,-1.4743304252624512,-1.3979400086720375
-0.9295239448547363,-0.888877272605896,-0.8899832963943481,-1.0
-2.829097270965576,-2.837656259536743,-2.8055567741394043,-3.0969100130080562
-2.8007471561431885,-2.78421950340271,-2.840796947479248,-2.657577319177794
-2.9416885375976562,-2.930299997329712,-2.9381697177886963,-2.795880017344075
-3.0271189212799072,-2.9938206672668457,-3.0167713165283203,-3.0969100130080562
-2.8388874530792236,-2.8003387451171875,-2.8513901233673096,-2.769551078621726
-2.989394426345825,-2.9769272804260254,-3.0054142475128174,-3.0969100130080562
-2.8395872116088867,-2.853332042694092,-2.8398656845092773,-3.0457574905606752
-2.9199740886688232,-2.94393253326416,-2.914391279220581,-2.853871964321762
-2.79901123046875,-2.816088914871216,-2.78536319732666,-2.744727494896694
-2.800844669342041,-2.820091485977173,-2.784505844116211,-2.6989700043360187
-2.873328924179077,-2.871171712875366,-2.8379647731781006,-2.958607314841775
-2.9236035346984863,-2.8786816596984863,-2.91890811920166,-2.958607314841775
-2.8401944637298584,-2.8650619983673096,-2.8846263885498047,-2.6989700043360187
-3.047762632369995,-3.0240578651428223,-3.0284855365753174,-3.0969100130080562
-2.814391851425171,-2.843592405319214,-2.820488691329956,-2.721246399047171
-2.973842144012451,-2.917560577392578,-3.0212509632110596,-3.0
-2.904937982559204,-2.9455325603485107,-2.8822643756866455,-2.958607314841775
-2.8866188526153564,-2.8688583374023438,-2.8831403255462646,-2.9208187539523753
-2.8540210723876953,-2.867772102355957,-2.904475450515747,-2.795880017344075
-3.0401642322540283,-3.0295774936676025,-3.0626184940338135,-3.0969100130080562
-3.0757827758789062,-3.070103406906128,-3.0215911865234375,-2.958607314841775
-2.974881172180176,-2.956348419189453,-3.03389835357666,-3.2218487496163566
-2.9839706420898438,-2.990713119506836,-2.9949281215667725,-3.0
-2.8853600025177,-2.8684513568878174,-2.887482166290283,-2.958607314841775
-3.0554685592651367,-3.0849592685699463,-3.080209255218506,-3.0969100130080562
