6,13,42,log (Total flux)
-0.8024175763130188,-0.80699622631073,-0.7316969633102417,-1.0087739243075051
-0.7655506134033203,-0.7716744542121887,-0.8397051692008972,-0.9507819773298184
-1.1774134635925293,-1.2060225009918213,-1.161447525024414,-1.0457574905606752
-0.8604849576950073,-0.8942781090736389,-0.9668327569961548,-0.8860566476931632
-0.9338093400001526,-0.9603502750396729,-0.957824170589447,-0.958607314841775
-0.7911158800125122,-0.9477004408836365,-0.9833154678344727,-1.0
-0.9791280627250671,-0.9193819761276245,-1.035201072692871,-0.9208187539523752
-0.7287015914916992,-0.620943546295166,-0.38370704650878906,-0.7328282715969863
-0.9024370312690735,-0.8221156597137451,-0.8501706123352051,-0.9281179926938746
-0.9633678793907166,-0.9042797088623047,-0.8679853677749634,-1.154901959985743
-0.9389731287956238,-0.9645671844482422,-0.9417691826820374,-0.6020599913279624
-0.34089311957359314,-0.4409042298793793,-0.08998357504606247,-0.638272163982407
-0.5176482200622559,-0.602611243724823,-0.47849559783935547,-0.46852108295774486
-0.37449389696121216,-0.39246273040771484,-0.3745076060295105,-0.4559319556497244
-0.40619200468063354,-0.4129682183265686,-0.40493327379226685,-0.5228787452803376
-0.36163079738616943,-0.3553236722946167,-0.3811143934726715,-0.045757490560675115
-0.8032810091972351,-0.7864348888397217,-0.8402321934700012,-0.22184874961635637
-0.2922377288341522,-0.2427256852388382,-0.33274582028388977,-0.3010299956639812
-0.2930537164211273,-0.2744686007499695,-0.27869129180908203,-0.37675070960209955
-0.40480995178222656,-0.3883724510669708,-0.3956884741783142,-0.37675070960209955
-0.442694753408432,-0.46262165904045105,-0.4436396062374115,-0.37675070960209955
-0.28222477436065674,-0.2744686007499695,-0.35011404752731323,-0.3565473235138126
-1.6173338890075684,-1.5374706983566284,-1.944268822669983,-1.6575773191777938
-1.5634669065475464,-1.5739402770996094,-1.576661467552185,-1.4685210829577449
-1.6394948959350586,-1.6174837350845337,-1.6568894386291504,-1.9913998282380825
-1.4079700708389282,-1.391170859336853,-1.4460780620574951,-1.3979400086720375
-1.3441721200942993,-1.3035715818405151,-1.3694384098052979,-1.337242168318426
-1.324998140335083,-1.236063838005066,-1.1709010601043701,-1.3010299956639813
-2.086371898651123,-2.1224706172943115,-1.8627678155899048,-1.5934598195660448
-1.222274661064148,-1.1426458358764648,-1.2377111911773682,-0.958607314841775
-0.5932517647743225,-0.5798141360282898,-0.6111298203468323,-0.619788758288394
-0.44293221831321716,-0.4265381097793579,-0.45291516184806824,-0.44369749923271273
-0.3335456848144531,-0.347281813621521,-0.3823294937610626,-0.36653154442041347
-0.2814411222934723,-0.3001044988632202,-0.3321705758571625,-0.3279021420642826
-0.5392356514930725,-0.5451886057853699,-0.5070893168449402,-0.4559319556497244
-0.5574107766151428,-0.5675619840621948,-0.5594987869262695,-0.619788758288394
-0.6973785161972046,-0.6442531943321228,-0.6810110211372375,-0.7695510786217261
-0.8069013953208923,-0.828697919845581,-0.8159794211387634,-0.9208187539523752
-1.4257172346115112,-1.4151123762130737,-1.4098957777023315,-1.154901959985743
-0.9508692622184753,-0.820563018321991,-0.8485493659973145,-0.8088285442714415
-0.5389004945755005,-0.5660553574562073,-0.5365786552429199,-0.41476493663422465
-0.1829182505607605,-0.22166506946086884,-0.15910765528678894,-0.33837659077077
-0.973423182964325,-0.926587700843811,-0.8549434542655945,-0.7169250252645285
-0.5628937482833862,-0.519936203956604,-0.537679135799408,-0.3994627056355312
-0.2490043342113495,-0.2568877935409546,-0.23525914549827576,-0.21910689131292108
-0.923089325428009,-0.895998477935791,-0.9171610474586487,-0.9125735429637145
-0.5979755520820618,-0.622001588344574,-0.5967388153076172,-0.39859193946531624
-0.27405986189842224,-0.26968613266944885,-0.2754352390766144,-0.1901037533975609
-0.9982497096061707,-0.9852521419525146,-0.9657609462738037,-0.9270152553720696
-0.6360621452331543,-0.626854419708252,-0.631872296333313,-0.6449317936511493
-0.29831016063690186,-0.3057419955730438,-0.32457682490348816,-0.22584814104528958
-0.9666106700897217,-0.999618649482727,-1.0266900062561035,-1.016824927962187
-0.6939045786857605,-0.6748224496841431,-0.6883952021598816,-0.7171513971653553
-0.3779865503311157,-0.3562302887439728,-0.3376425504684448,-0.34390179798716813
-1.1757903099060059,-1.1263080835342407,-1.1276041269302368,-1.0594835150674329
-0.7876508831977844,-0.7851314544677734,-0.7835269570350647,-0.7602001815529014
-0.44477903842926025,-0.47039878368377686,-0.4676704704761505,-0.43735032778808336
-1.1964410543441772,-1.258117437362671,-1.2062923908233643,-1.3516399890190685
-0.9741195440292358,-0.936305820941925,-0.9478505849838257,-0.9385475209128068
-0.5917376279830933,-0.5631972551345825,-0.5804497599601746,-0.6753060861382254
-1.4809261560440063,-1.5064451694488525,-1.4851372241973877,-2.0757207139381184
-1.271183967590332,-1.1570532321929932,-1.2018475532531738,-1.254144804826271
-0.8124446868896484,-0.994350790977478,-0.8620853424072266,-0.906578314837765
-2.5487077236175537,-2.5145270824432373,-2.589434862136841,-2.221848749616356
-1.8957167863845825,-1.8698742389678955,-1.8752576112747192,-2.5528419686577806
-1.8779608011245728,-1.9389572143554688,-1.8436856269836426,-1.4306260903849541
-0.8958413600921631,-0.8895072937011719,-0.8815815448760986,-0.5867002359187481
-0.8636245131492615,-0.903021514415741,-0.9086572527885437,-0.596879478824182
-0.888889491558075,-0.8805891871452332,-0.8693148493766785,-0.6968039425795111
-0.9240928888320923,-0.9322856664657593,-0.968535304069519,-1.0
-0.9682371020317078,-0.9894217848777771,-1.0205427408218384,-1.0506099933550872
-1.0677529573440552,-1.1098694801330566,-1.1065877676010132,-1.1739251972991736
-1.3065470457077026,-1.1438732147216797,-1.315453052520752,-1.3279021420642825
-1.2600746154785156,-1.1438732147216797,-1.2735801935195923,-1.3979400086720375
-1.0984834432601929,-1.0440237522125244,-1.0825263261795044,-2.154901959985743
-0.9452841877937317,-0.9063657522201538,-0.937968909740448,-2.0177287669604316
-1.8964461088180542,-1.9727717638015747,-1.794513463973999,-1.6020599913279623
-0.28831207752227783,-0.22762329876422882,-0.2610400319099426,-0.2688449400403264
-0.25880974531173706,-0.6756885051727295,-0.1972896307706833,0.06069784035361165
-0.25624722242355347,-0.262325644493103,-0.2661445736885071,-0.24598209844216795
-0.2250531017780304,-0.22067005932331085,-0.24418501555919647,-0.24598209844216795
0.1746918261051178,-0.2517473101615906,0.12406560778617859,0.17926446433902532
-0.2175203561782837,-0.19901756942272186,-0.22023139894008636,-0.22184874961635637
-0.18345673382282257,-0.18780839443206787,-0.20220588147640228,-0.1962943969757637
0.35029301047325134,0.36515486240386963,0.35888156294822693,0.32633586092875144
0.5499734282493591,0.5684382915496826,0.6194772720336914,0.5276299008713387
0.6172452569007874,0.6358385682106018,0.8232408761978149,0.6627578316815741
-0.5611667633056641,-0.47257667779922485,-0.5183702111244202,-0.5290385369682233
-0.8940935730934143,-0.9011613130569458,-0.13771793246269226,-0.10790539730951959
-0.5219904184341431,-0.4928922951221466,-0.4744529724121094,-0.5102889561907537
-0.48882701992988586,-0.46343550086021423,-0.4648371934890747,-0.49069395850550057
-0.41563040018081665,-0.4161190986633301,-0.04442153498530388,0.04532297878665747
-0.49992063641548157,-0.45648661255836487,-0.4555523693561554,-0.4631109125294204
-0.5030947923660278,-0.413150429725647,-0.47824621200561523,-0.4486329650765712
0.20653411746025085,0.18904973566532135,0.12697584927082062,0.20682587603184974
0.34180089831352234,0.39058342576026917,0.4156889319419861,0.3242824552976926
0.568476140499115,0.6011316776275635,0.570591151714325,0.4487063199050799
-0.9157401919364929,-0.8989887833595276,-0.8930078148841858,-0.8846058574743971
-0.19072827696800232,-0.1703605204820633,-0.176044300198555,-0.2569922373293755
-0.8912779688835144,-0.9034489989280701,-0.885904848575592,-0.8681119898227769
-0.8624096512794495,-0.868017315864563,-0.865281343460083,-0.8596239623199455
-0.04327518492937088,-0.021354040130972862,-0.029901305213570595,-0.005243055412371884
-0.8390025496482849,-0.8367598056793213,-0.8187262415885925,-0.8331171770258415
-0.7865080833435059,-0.7839772701263428,-0.7686461806297302,-0.8239087409443188
0.1496773064136505,0.16004516184329987,0.1413947492837906,0.1766699326681496
0.27655765414237976,0.3125230371952057,0.30962756276130676,0.29885307640970665
0.2993517220020294,0.2931535243988037,0.30053114891052246,0.38560627359831223
-0.778075098991394,-0.7911033630371094,-0.8016531467437744,-0.8210230527068306
-0.675003707408905,-0.6765801310539246,-0.6624894142150879,-0.6903698325741012
-1.0446099042892456,-1.0542296171188354,-1.0056737661361694,-1.1674910872937636
-0.7263741493225098,-0.7236639857292175,-0.7858055233955383,-0.8569851997459049
-0.8242654204368591,-0.8266769647598267,-0.8188419342041016,-0.8386319977650252
-0.7105350494384766,-0.7039744853973389,-0.7286416292190552,-0.6989700043360187
-1.129698395729065,-1.1130372285842896,-1.1629427671432495,-1.1674910872937636
-0.7822802662849426,-0.7873711585998535,-0.8323168158531189,-0.8696662315049939
-0.8928303718566895,-0.8952653408050537,-0.8671181201934814,-0.8601209135987634
-0.7533181309700012,-0.7644528150558472,-0.7506568431854248,-0.721246399047171
-0.9697149395942688,-0.9605735540390015,-0.9542518854141235,-0.9393021596463883
-1.0138192176818848,-1.0100514888763428,-0.9902523756027222,-0.9956786262173574
-0.7594895362854004,-0.7853085398674011,-0.7627342343330383,-0.7495799976911061
-1.033074975013733,-1.0369510650634766,-1.0282267332077026,-1.0604807473813815
-0.7982254028320312,-0.7893165946006775,-0.7889194488525391,-0.7772835288524167
-1.2584477663040161,-1.37599515914917,-1.2569472789764404,-1.1674910872937636
-0.7780767679214478,-0.8067200183868408,-0.7885499596595764,-0.8210230527068306
-0.9891639351844788,-0.9208755493164062,-0.9613015651702881,-0.8996294548824371
-0.7572922706604004,-0.7532486915588379,-0.7619412541389465,-0.8416375079047503
-0.7816331386566162,-0.7875462770462036,-0.7736191749572754,-0.6946486305533762
-0.9630874991416931,-1.012546181678772,-0.9601683020591736,-1.154901959985743
-1.0472373962402344,-1.022092580795288,-1.033650279045105,-0.8794260687941502
-0.7562649846076965,-0.7823201417922974,-0.7693576812744141,-0.8239087409443188
-0.7562649846076965,-0.8191033601760864,-0.7707076668739319,-0.6861327796308466
-0.9538359045982361,-1.0213024616241455,-0.9903628826141357,-1.136677139879544
-1.0799347162246704,-1.0544350147247314,-1.0508307218551636,-0.8632794328435931
-0.7285695672035217,-0.8136705160140991,-0.7114697098731995,-0.8041003475907662
-0.7428043484687805,-0.8136705160140991,-0.7530781030654907,-0.679853713888946
-0.9349157810211182,-0.9118428230285645,-0.9720150232315063,-1.1135092748275182
-1.0449490547180176,-1.0414224863052368,-1.0132791996002197,-0.8356471442155629
-0.6828948259353638,-0.6968346834182739,-0.6565589904785156,-0.7878123955960422
-0.7509283423423767,-0.801437497138977,-0.7475624084472656,-0.6716203965612623
-0.8471768498420715,-0.8169638514518738,-0.8805908560752869,-1.0861861476162833
-0.9896832704544067,-0.9961614608764648,-0.8805908560752869,-0.8239087409443188
-0.4973759949207306,-0.608134388923645,-0.5244084000587463,-0.4190750243243807
-0.3197419047355652,-0.4951463043689728,-0.4251479506492615,-0.21490018838220346
-0.47178182005882263,-0.5320740938186646,-0.4773842692375183,-0.6497519816658371
-0.3337395489215851,-0.5640977025032043,-0.4961433708667755,-0.367510314097029
-0.6214392185211182,-0.6972728371620178,-0.652129054069519,-0.9208187539523752
-0.4778631031513214,-0.5977028608322144,-0.6420499086380005,-0.5174837133936314
-0.590280294418335,-0.5517759323120117,-0.5963224172592163,-0.5528419686577808
-0.5530231595039368,-0.5649222135543823,-0.5695892572402954,-0.5228787452803376
-0.4888759255409241,-0.5424993634223938,-0.5174019932746887,-0.5086383061657274
-0.39217042922973633,-0.4231976866722107,-0.41485103964805603,-0.3360636208328832
-0.3775334656238556,-0.38713911175727844,-0.4199161231517792,-0.3979400086720376
-0.3604355454444885,-0.3719455897808075,-0.37457942962646484,-0.37675070960209955
-0.32799413800239563,-0.3616425693035126,-0.3251786530017853,-0.3372421683184259
-0.19795256853103638,-0.20788954198360443,-0.23193784058094025,-0.2006594505464183
-0.20819512009620667,-0.23651398718357086,-0.21769484877586365,-0.2839966563652008
-0.19705066084861755,-0.21081578731536865,-0.1974601447582245,-0.22184874961635637
-0.19961205124855042,-0.22124730050563812,-0.1846400648355484,-0.1870866433571444
-0.08276849240064621,-0.066187284886837,-0.0550256185233593,-0.10065836056122002
-0.6804457902908325,-0.6744657754898071,-0.6627687215805054,-0.9913998282380825
-0.967089831829071,-0.9704120755195618,-0.9772640466690063,-0.673135932224739
-1.3396694660186768,-1.3421695232391357,-1.3146864175796509,-1.2218487496163564
-1.3441411256790161,-1.3278149366378784,-1.3207231760025024,-1.3979400086720375
-1.4892746210098267,-1.4892562627792358,-1.4396392107009888,-1.4202164033831899
-1.597205400466919,-1.603325605392456,-1.6089308261871338,-1.6197887582883939
-1.5624603033065796,-1.7159490585327148,-1.7527154684066772,-2.0
-0.19216254353523254,-0.2338869720697403,-0.1859218329191208,0.06069784035361165
0.40570661425590515,0.3747671842575073,0.385601669549942,0.42488163663106704
0.579897940158844,0.5345386266708374,0.5484148859977722,0.5378190950732742
0.5966739654541016,0.588060736656189,0.5989303588867188,0.6586790285824489
0.5310772061347961,0.5514756441116333,0.6406062841415405,0.8155777483242672
-0.7331445813179016,-0.7436092495918274,-0.73869389295578,0.19589965240923374
-0.7334200739860535,-0.7431564927101135,-0.7511951923370361,-0.8239087409443188
-0.7515982389450073,-0.7431179881095886,-0.744925856590271,0.1846914308175988
-1.549712896347046,-1.5514333248138428,-1.5516917705535889,-1.0222763947111522
-1.2473946809768677,-1.4053839445114136,-1.1906440258026123,-1.1249387366083
-1.0874048471450806,-1.1117419004440308,-1.121944546699524,-1.0222763947111522
-1.512832760810852,-1.5236718654632568,-1.5064557790756226,-1.6197887582883939
-1.434982180595398,-1.3848226070404053,-1.4859209060668945,-1.5086383061657274
-1.2548084259033203,-1.2953851222991943,-1.216734766960144,-1.3279021420642825
-1.7844164371490479,-1.8814365863800049,-1.7972151041030884,-2.221848749616356
-1.83418607711792,-1.7599636316299438,-1.8295395374298096,-1.9829666607012197
-1.6637753248214722,-1.772251009941101,-1.7526963949203491,-1.5686362358410126
-0.7833800911903381,-0.7776708602905273,-0.766803503036499,-1.3979400086720375
-1.288489580154419,-1.3520407676696777,-1.3263014554977417,-0.8538719643217619
-0.2602299153804779,-0.5629947185516357,-0.5833537578582764,-0.5228787452803376
-1.1810353994369507,-1.16457200050354,-0.889395534992218,-0.6989700043360187
-1.191595196723938,-0.9430564045906067,-0.5863358378410339,-1.3010299956639813
-1.473698377609253,-1.1183329820632935,-1.4366739988327026,-1.3979400086720375
-2.362260580062866,-2.3547775745391846,-2.371168613433838,-2.337242168318426
-2.4382033348083496,-2.4515693187713623,-2.458005905151367,-2.337242168318426
-1.8750245571136475,-2.477851152420044,-2.491574287414551,-2.5228787452803374
-2.422921657562256,-2.431731700897217,-2.4302170276641846,-2.431798275933005
-2.3855512142181396,-2.3569040298461914,-2.33404278755188,-2.431798275933005
-1.8851728439331055,-2.538973808288574,-2.4974722862243652,-2.5086383061657274
-2.4557793140411377,-2.4243929386138916,-2.4262566566467285,-2.494850021680094
-2.4726102352142334,-2.467252016067505,-2.4681854248046875,-2.494850021680094
-2.51810884475708,-2.56846022605896,-2.559572458267212,-2.494850021680094
-1.9052094221115112,-2.473475456237793,-2.4338040351867676,-2.6989700043360187
-2.389188051223755,-2.3910956382751465,-2.3940632343292236,-2.4559319556497243
-0.6699866056442261,-0.9749987125396729,-0.8332479000091553,-1.5228787452803376
-1.1030781269073486,-1.2839030027389526,-1.1654789447784424,-0.744727494896694
-1.0344173908233643,-1.258987307548523,-1.3006466627120972,0.07918124604762482
0.037566810846328735,0.043349336832761765,0.07940038293600082,0.1559430179718367
0.24749937653541565,0.2554185092449188,0.24021871387958527,0.21695720736109697
0.3584335446357727,0.3596239387989044,0.34263816475868225,0.3412366232386923
0.3832613527774811,0.5728018283843994,0.5600461363792419,0.5584685625237948
0.36081448197364807,0.5465720295906067,0.6086455583572388,0.7523558041535008
-2.092083692550659,-2.1018733978271484,-2.1843197345733643,-2.6989700043360187
-3.002779245376587,-2.9905617237091064,-2.9920034408569336,-3.0
-2.9490737915039062,-2.993863821029663,-3.000248908996582,-3.0
-2.201035261154175,-2.2417330741882324,-2.211479902267456,-2.3979400086720375
-2.240635395050049,-2.1994340419769287,-2.1709585189819336,-2.0
-2.9613893032073975,-2.9625353813171387,-2.9272236824035645,-3.0
-2.1703505516052246,-2.1614489555358887,-2.0459141731262207,-1.744727494896694
-2.935167074203491,-2.816925048828125,-2.948423147201538,-2.8239087409443187
-1.7460376024246216,-1.8709161281585693,-1.8106228113174438,-1.3872161432802645
-2.264244318008423,-2.163104772567749,-2.223139762878418,-2.6989700043360187
-1.046463131904602,-0.9971407651901245,-0.778166651725769,-0.8239087409443188
-0.8203592896461487,-0.8113183379173279,-0.7831191420555115,-1.1023729087095586
-1.2271226644515991,-0.39445772767066956,-1.2066048383712769,-1.3979400086720375
-1.0717415809631348,-0.41138917207717896,-1.09844970703125,-1.744727494896694
-0.8594475388526917,-0.9816681742668152,-0.7980903387069702,0.05076631123304232
-0.9686338305473328,-0.9599183797836304,-0.9334533214569092,-1.0
-0.8233454823493958,-0.8441007733345032,-0.7929072380065918,-0.7958800173440752
-0.6415883302688599,-0.6699604392051697,-0.6783769726753235,-0.6777807052660807
-0.467422753572464,-0.5300096869468689,-0.5098495483398438,-0.5528419686577808
-1.0078489780426025,-1.0609623193740845,-0.9842054843902588,-1.0457574905606752
-0.875605046749115,-0.8717134594917297,-0.8400620818138123,-0.9208187539523752
-0.6936794519424438,-0.7204329371452332,-0.7247814536094666,-0.721246399047171
-0.5169216990470886,-0.5600159168243408,-0.5779669880867004,-0.619788758288394
-1.2731168270111084,-1.2686467170715332,-1.2749134302139282,-1.0506099933550872
-1.0942678451538086,-1.0063292980194092,-1.0394436120986938,-0.958607314841775
-0.9462052583694458,-0.943341076374054,-0.9307116866111755,-0.8239087409443188
-0.80762779712677,-0.8011545538902283,-0.8135001063346863,-0.6575773191777937
-1.3463284969329834,-1.3232563734054565,-1.3490790128707886,-1.6989700043360187
-1.2699145078659058,-1.2744296789169312,-1.28200364112854,-1.3979400086720375
-1.1126315593719482,-1.056143045425415,-1.1640737056732178,-1.2218487496163564
-0.9864779710769653,-0.9122267961502075,-1.0276905298233032,-1.0
-0.7412315607070923,-0.7436085939407349,-0.7420281767845154,-1.0457574905606752
-1.1264432668685913,-1.175270915031433,-1.1966310739517212,-1.0629487487389813
-1.1872386932373047,-1.2389835119247437,-1.198999047279358,-1.1831094015116075
-1.3084384202957153,-1.3014554977416992,-1.2536486387252808,-1.2869464912940425
-1.4813371896743774,-1.4652161598205566,-1.4574720859527588,-1.6021121097929614
-1.92946195602417,-1.9487472772598267,-1.7665362358093262,-2.135548252841817
-1.5364258289337158,-1.492326259613037,-1.7603799104690552,-1.6777807052660807
-0.821416437625885,-0.7988547086715698,-0.7732182741165161,-1.0
-0.7658209204673767,-0.7904914617538452,-0.819418728351593,-1.0
-0.8622101545333862,-0.8669366240501404,-0.8643826246261597,-0.6020599913279624
-0.5756545066833496,-0.5761551260948181,-0.6626434326171875,-0.6989700043360187
-0.6070104241371155,-0.5725353360176086,-0.5927250981330872,-0.6989700043360187
-0.6382371783256531,-0.6337944865226746,-0.6746053695678711,-0.2924298239020636
-0.44241878390312195,-0.515579342842102,-0.49459967017173767,-0.431798275933005
-0.5139628648757935,-0.5060214400291443,-0.48967263102531433,-0.5086383061657274
-0.4788561761379242,-0.4938749372959137,-0.5466111302375793,-0.14874165128092473
-0.3627645969390869,-0.3808232545852661,-0.3772217631340027,-0.6020599913279624
-0.43868106603622437,-0.4014882743358612,-0.36294180154800415,-0.6989700043360187
-0.3527422547340393,-0.38858556747436523,-0.35220322012901306,-0.1549019599857432
-0.3104489743709564,-0.34102892875671387,-0.34903815388679504,-0.3979400086720376
-0.2905479669570923,-0.3372146487236023,-0.31585097312927246,-0.6575773191777937
-0.40283653140068054,-0.32563114166259766,-0.3347824513912201,0.0
-0.27490559220314026,-0.2707565724849701,-0.2694209814071655,-0.2924298239020636
-0.19771984219551086,-0.25564879179000854,-0.3297882676124573,-0.5228787452803376
-0.3629712164402008,-0.2446095496416092,-0.31739482283592224,0.17609125905568124
-0.4979666471481323,-0.5161291360855103,-0.49235397577285767,-0.5528419686577808
-0.4630788266658783,-0.47660744190216064,-0.43936482071876526,-0.6989700043360187
-0.48658114671707153,-0.4651552736759186,-0.42414748668670654,-0.16115090926274472
-0.7922700643539429,-0.8521333336830139,-0.8553319573402405,-0.9208187539523752
-0.8353243470191956,-0.8341281414031982,-0.7853588461875916,-1.0
-0.8868875503540039,-0.8237403035163879,-0.9118408560752869,-0.619788758288394
-0.6359724402427673,-0.6778768301010132,-0.5767908692359924,-0.8860566476931632
-0.6324514746665955,-0.6392611265182495,-0.5721283555030823,-0.958607314841775
-0.6219422817230225,-0.6613017320632935,-0.5581021904945374,-0.2924298239020636
-0.47847697138786316,-0.4854554235935211,-0.43336087465286255,-0.6020599913279624
-0.48674461245536804,-0.5294257998466492,-0.42829301953315735,-0.6777807052660807
-0.4791606366634369,-0.5180408954620361,-0.5379524230957031,-0.09691001300805639
-0.38481324911117554,-0.4796750843524933,-0.3800588548183441,-0.5228787452803376
-0.36892908811569214,-0.38698574900627136,-0.37635698914527893,-0.6989700043360187
-0.3604661226272583,-0.37466752529144287,-0.3680270314216614,-0.1549019599857432
-0.355959415435791,-0.32917237281799316,-0.34760594367980957,-0.3010299956639812
-0.3167915940284729,-0.19675500690937042,-0.3532430827617645,-0.744727494896694
-0.35313138365745544,-0.4070690870285034,-0.3014000952243805,0.0
-0.2142062485218048,-0.09495159238576889,-0.1917167603969574,-0.6989700043360187
-0.25129249691963196,-0.2747003138065338,-0.3089059293270111,-0.2839966563652008
-0.32042503356933594,-0.38866153359413147,-0.3412056863307953,0.17609125905568124
-0.17047008872032166,-0.6884498596191406,-0.5659502148628235,-0.5528419686577808
-0.521677553653717,-0.6785224676132202,-0.5566891431808472,0.03342375548694973
-0.06411958485841751,-0.22322504222393036,-0.11591599136590958,-0.022276394711152253
0.5718397498130798,0.5278725028038025,0.46207693219184875,0.6503075231319364
0.5371549725532532,0.5733919739723206,0.5620680451393127,0.7558748556724915
-0.9542201161384583,-1.1063170433044434,-0.8586819171905518,-0.7695510786217261
-0.733177661895752,-0.9258497357368469,-0.752169668674469,-0.6989700043360187
-0.2952209413051605,-0.7820886373519897,-1.2140774726867676,-0.6575773191777937
-0.641464352607727,-0.7353543639183044,-0.6212455034255981,-0.5528419686577808
-0.5535429120063782,-0.5966300368309021,-0.4626571238040924,-0.494850021680094
-0.34530332684516907,-0.4343447983264923,-0.3691197633743286,-0.44369749923271273
0.08741393685340881,0.190992072224617,0.09720590710639954,-0.42021640338318983
-0.5356162190437317,-0.6321036219596863,-0.602313220500946,-0.4559319556497244
-0.3730629086494446,-0.574810266494751,-0.5235018730163574,-0.3467874862246563
-0.607105016708374,-0.6174597144126892,-0.6848261952400208,-0.6989700043360187
-0.5909054279327393,-0.61927729845047,-0.629813551902771,-0.9208187539523752
-0.5775256156921387,-0.5261955261230469,-0.5794183611869812,-1.0
-0.7199152708053589,-0.7310175895690918,-0.5675731897354126,-0.5376020021010439
-0.45400121808052063,-0.45196157693862915,-0.5333940386772156,-0.472653707396684
-1.0885281562805176,-1.0732194185256958,-1.10875403881073,-1.3010299956639813
-1.0377907752990723,-1.0350971221923828,-0.9710289835929871,-1.0
-0.8199360370635986,-0.7814629077911377,-0.8267796635627747,-0.8239087409443188
-0.5153557062149048,-0.6145169138908386,-0.5608884692192078,-0.6020599913279624
-0.6480532288551331,-0.6677604913711548,-0.7134397625923157,-0.494850021680094
-0.6734092831611633,-0.659513533115387,-0.5841745138168335,-0.4814860601221125
-0.6947130560874939,-0.6924822330474854,-0.7134397625923157,-0.49907776080969946
-0.8270208835601807,-0.8504453301429749,-0.4417855441570282,-1.2596373105057561
-0.8522962927818298,-0.9088396430015564,-0.48547348380088806,-0.9208187539523752
-0.3866329491138458,-0.45674997568130493,-0.3676272928714752,-0.6777807052660807
-0.7877450585365295,-0.6944715976715088,-0.534762978553772,-0.7958800173440752
-0.81159508228302,-0.7996373772621155,-0.8451465368270874,-0.8124792791635369
-0.9742644429206848,-0.8976941704750061,-0.9929595589637756,-0.9172146296835499
-1.2519479990005493,-1.0898538827896118,-1.2933663129806519,-0.9706162223147904
-0.4709371030330658,-0.6948838233947754,-0.5046781301498413,-1.4814860601221125
-0.37455207109451294,-0.40043529868125916,-0.32820042967796326,-0.6989700043360187
-0.3900616466999054,-0.3969319760799408,-0.35017621517181396,-0.6020599913279624
-0.3855922520160675,-0.39252471923828125,-0.41240522265434265,-0.4559319556497244
-0.37651750445365906,-0.3602936863899231,-0.39092180132865906,-0.3467874862246563
-0.3502136170864105,-0.37125301361083984,-0.3164918124675751,-0.3979400086720376
-0.36571669578552246,-0.38337817788124084,-0.3996673822402954,-0.11918640771920865
-0.3868767321109772,-0.3779072165489197,-0.32825514674186707,-0.6777807052660807
-0.37071213126182556,-0.3789782226085663,-0.3164438307285309,-0.05551732784983137
-0.392374724149704,-0.4013580083847046,-0.32619813084602356,-0.42021640338318983
-0.3890714943408966,-0.39749112725257874,-0.32825514674186707,-0.5228787452803376
-0.3774837255477905,-0.3926273584365845,-0.32387545704841614,-0.2076083105017461
-0.392374724149704,-0.39683640003204346,-0.35004207491874695,-0.3010299956639812
-0.3704831004142761,-0.3807421922683716,-0.3908115029335022,-0.22184874961635637
-0.36571502685546875,-0.3926273584365845,-0.4124886393547058,-0.16115090926274472
-0.3774837255477905,-0.37329792976379395,-0.32387545704841614,-0.4559319556497244
-1.210052728652954,-1.2786697149276733,-1.2541338205337524,-1.6968039425795112
-1.1879593133926392,-1.4932218790054321,-1.5076167583465576,-1.239577516576788
-1.1711907386779785,-1.1480523347854614,-1.1733907461166382,-1.3133637307377066
-1.1810035705566406,-1.1933655738830566,-1.136837363243103,-1.2062096153091812
-1.177284598350525,-1.200916051864624,-1.196466088294983,-1.0777937225609837
-1.1788551807403564,-1.1801308393478394,-1.1833795309066772,-1.0963674839157624
-1.2394284009933472,-1.2299902439117432,-1.2129048109054565,-1.337242168318426
-1.0942325592041016,-1.0427509546279907,-1.0396919250488281,-1.0726296369609765
-1.315521478652954,-1.2112736701965332,-1.3446862697601318,-1.2247537402597635
-0.9359360933303833,-0.9385178089141846,-1.029283881187439,-1.2388241868442686
-1.0710926055908203,-0.8677173852920532,-0.9204664826393127,-0.870954940112042
-1.392473578453064,-1.3601858615875244,-1.3319579362869263,-1.489454989793388
-0.4839155077934265,0.5349540114402771,0.5524451732635498,0.8482507146770425
-0.504039466381073,0.6435023546218872,0.5973507165908813,0.5928426831311002
-0.6135352253913879,0.3400210440158844,0.30732372403144836,0.292256071356476
-0.8876096606254578,-0.6786097884178162,-0.6532190442085266,-0.585026652029182
-0.8008104562759399,0.06459091603755951,0.04453793168067932,-0.24488773360492885
-0.39148882031440735,-0.38965368270874023,-0.35851550102233887,-0.204815410317576
-0.26833587884902954,-0.3561619818210602,-0.3761015236377716,-0.31984585826562695
-0.1722763478755951,-0.21642576158046722,-0.32002413272857666,-0.431798275933005
-0.44009846448898315,-0.2916047275066376,-0.3773398995399475,-0.3949105381184196
-0.2496141791343689,-0.21310268342494965,-0.30355995893478394,-0.5014137911824823
-0.281349778175354,-0.25913986563682556,-0.30964499711990356,-0.5686362358410126
-0.619668185710907,-0.5870764255523682,-0.43580758571624756,-0.3219370950256548
-0.3128402531147003,-0.16403000056743622,-0.30432769656181335,-0.5554867936659571
-0.09722808003425598,-0.11146131902933121,-0.09567456692457199,-0.10237290870955855
-0.10851538926362991,-0.11201956123113632,-0.11831828951835632,-0.10237290870955855
-0.11832898110151291,-0.11528726667165756,-0.12222275137901306,-0.09691001300805639
-0.1295042634010315,-0.12871669232845306,-0.1275322139263153,-0.10237290870955855
-0.14076466858386993,-0.1459842324256897,-0.15123169124126434,-0.22184874961635637
-1.8498667478561401,-1.8417184352874756,-1.9127675294876099,-1.5003129173815961
-0.8198863863945007,-0.7997305393218994,-0.9302318692207336,-1.0
-0.7020952701568604,-0.5493332743644714,-0.6353309750556946,-0.11918640771920865
-0.5576156377792358,-0.5030813813209534,-0.7359320521354675,-0.3214816209598861
-0.4668402671813965,-0.6392295956611633,-0.7890866994857788,-0.3142582613977364
-0.7321578860282898,-0.6842562556266785,-0.6867836713790894,-0.5883802940367698
-0.7067103385925293,-0.6737697720527649,-0.8264196515083313,-1.1611509092627446
-1.1381412744522095,-1.127805233001709,-1.3076417446136475,-1.6575773191777938
-0.5284461975097656,-0.30255040526390076,-0.5632537007331848,-0.5528419686577808
-1.369533896446228,-1.2615424394607544,-1.303900957107544,-1.0145735259169983
0.09105613827705383,0.29797816276550293,0.41844967007637024,-0.3053948010664313
-1.4087036848068237,-1.234317421913147,-1.1642199754714966,-1.2510371387438386
-0.4436659514904022,0.3243647813796997,0.34660640358924866,-0.026595025589939317
-1.2768503427505493,-1.2769736051559448,-1.2593708038330078,-1.5171264163912463
-0.5435805916786194,0.04535409063100815,0.04925172030925751,0.33809775370653894
-1.5147007703781128,-1.4253156185150146,-1.410156011581421,-1.5331323796458904
-0.7328268885612488,0.47310876846313477,-0.025225499644875526,0.539740838574004
-1.716318130493164,-1.640789270401001,-1.8791007995605469,-1.5243288116755704
-1.1493558883666992,0.45807886123657227,-0.6390422582626343,0.8960464650403244
-1.4573132991790771,-1.4343719482421875,-1.529415249824524,-0.7495799976911061
-0.5640459060668945,-0.5708609223365784,-0.5748778581619263,-0.7453673439996291
-0.5949662923812866,-0.5883052349090576,-0.54783034324646,-0.6614140342225182
-0.5460144281387329,-0.5478039979934692,-0.5591699481010437,-0.32546401318612034
-0.5263859629631042,-0.572372555732727,-0.5915573239326477,-0.4888067129869551
-0.6412647366523743,-0.6181087493896484,-0.6184088587760925,-0.8572320991525307
-0.6047124266624451,-0.5396963953971863,-0.6026472449302673,-0.36340880800663117
-0.5710830688476562,-0.6141637563705444,-0.5999360680580139,-0.7930905100987986
-0.666231632232666,-0.6119844913482666,-0.656823992729187,-0.5133995206937987
-0.6913622617721558,-0.6404436230659485,-0.6902008652687073,-0.4374537718612325
-0.7342734932899475,-0.7000758051872253,-0.6921271681785583,-0.5482872319781882
-0.6447404623031616,-0.6759091019630432,-0.6888184547424316,-0.9544579729417159
-0.6779459714889526,-0.676739513874054,-0.6867746710777283,-0.8963878212059435
-0.815094530582428,-0.8322206735610962,-0.8221034407615662,-0.6240000523718865
-0.8232980370521545,-0.8083240389823914,-0.803407609462738,-0.6030460898718408
-0.8191890120506287,-0.8323994874954224,-0.843048632144928,-0.9900904051928974
-0.7870436906814575,-0.8325861692428589,-0.8253657817840576,-1.0491096362935557
-1.2868430614471436,-1.2771315574645996,-1.133226990699768,-1.1480265719327492
-1.1778258085250854,-1.1771562099456787,-1.1931865215301514,-1.2143143317190987
-1.2559080123901367,-1.1970140933990479,-1.1520541906356812,-0.9521607219524473
-1.2867351770401,-1.1542357206344604,-1.13076913356781,-1.2268574313145115
-1.0670500993728638,-1.1315290927886963,-1.1275445222854614,-1.1999706407558657
-1.6860626935958862,-1.7324165105819702,-1.7673161029815674,-1.8664610916297826
-1.6709686517715454,-1.6595489978790283,-1.6999962329864502,-1.563837352959244
-0.9396384358406067,-0.9351981282234192,-0.9300671219825745,-0.935916564036404
-1.355919599533081,-1.3757259845733643,-1.4440231323242188,-1.4067139329795428
-1.5547678470611572,-1.6280385255813599,-1.6055645942687988,-1.5917600346881504
-0.813915491104126,-0.7761141061782837,-0.7730671167373657,-0.661145253747677
-1.3062450885772705,-1.3103439807891846,-1.3434280157089233,-1.2636034977233574
-1.0335580110549927,-1.0222903490066528,-1.0284290313720703,-1.1555228242543185
-0.6062073707580566,-0.5195436477661133,-0.7785704135894775,-0.2924298239020636
-0.6471883058547974,-0.6572574377059937,-0.6479457020759583,-0.687727413983718
-0.5211784839630127,-0.5718299746513367,-0.4811607599258423,-0.4424506940221613
-0.6811999082565308,-0.7168951034545898,-0.7044879794120789,-0.7172397141989045
-0.5435191988945007,-0.5954340100288391,-0.5472487807273865,-0.4677936106549203
-0.750211238861084,-0.7565004229545593,-0.7554886937141418,-0.7846162676991075
-0.5942307114601135,-0.6134098768234253,-0.6211947202682495,-0.534777807730267
-0.6006571054458618,-0.6096595525741577,-0.5964443683624268,-0.5738418480741471
-0.4420566260814667,-0.48329976201057434,-0.46253466606140137,-0.4324184685174818
-0.45633217692375183,-0.49039915204048157,-0.4827917814254761,-0.46141244338273957
-0.3204079568386078,-0.3526639938354492,-0.3244602084159851,-0.28918814997674686
-0.770863950252533,-0.8152878880500793,-0.8166215419769287,-0.8266738471710442
-0.6576671004295349,-0.6521112322807312,-0.6628877520561218,-0.7010203637415846
-0.6679674983024597,-0.6616865992546082,-0.6481570601463318,-0.6403864628098056
-0.5100432634353638,-0.49753257632255554,-0.50738924741745,-0.558540531082206
-0.5343658924102783,-0.5212979912757874,-0.531454861164093,-0.5073597218749326
-0.3479512631893158,-0.3556254208087921,-0.36486706137657166,-0.39403377797205474
-0.8418900370597839,-0.8840481638908386,-0.8749886155128479,-0.9757894452265757
-0.7652542591094971,-0.7602208256721497,-0.7380414605140686,-0.8450984743089558
-0.7362257242202759,-0.7615229487419128,-0.7432721853256226,-0.7476349144869489
-0.6336473226547241,-0.6275324821472168,-0.6230669021606445,-0.6353758467270006
-0.6424434781074524,-0.6490390300750732,-0.6209685802459717,-0.6265270889921077
-0.5081098675727844,-0.49023085832595825,-0.4986831843852997,-0.4777501339389004
0.21399305760860443,0.34711578488349915,0.3435417711734772,-0.6307841425898572
-0.44014155864715576,-0.4014438986778259,-0.41911718249320984,-0.8041003475907662
-0.33689939975738525,-0.8790525794029236,-0.836241602897644,-0.46852108295774486
-0.7743510007858276,-1.040003776550293,-0.8781334161758423,-1.6197887582883939
-0.6138351559638977,-0.6112459301948547,-0.6197486519813538,-0.6575773191777937
-0.769770085811615,-0.7380996346473694,-0.8050879240036011,-0.7958800173440752
-0.5290637016296387,-0.7145271301269531,-0.7000654935836792,-0.7695510786217261
-0.6551759839057922,-0.6462428569793701,-0.661142885684967,-0.6575773191777937
-0.849909782409668,-0.8330858945846558,-0.8362777233123779,-0.8239087409443188
-0.5921507477760315,-0.7913693189620972,-0.7882367372512817,-0.7958800173440752
-0.7053082585334778,-0.7619646787643433,-0.7354102730751038,-0.6777807052660807
-0.8651343584060669,-0.8645666837692261,-0.9491701126098633,-0.9208187539523752
-0.7028162479400635,-0.8276354074478149,-0.8467677235603333,-0.8860566476931632
-0.7504978179931641,-0.7909592390060425,-0.7570171356201172,-0.6777807052660807
-0.8931089639663696,-0.8746538758277893,-0.9955362677574158,-0.8538719643217619
-0.9514592885971069,-0.9879845976829529,-0.9857956767082214,-0.8538719643217619
0.07662767916917801,0.07751598209142685,0.10444842278957367,0.29426777217945776
0.17839471995830536,0.1813158541917801,0.21772374212741852,0.33415205299228645
0.19387856125831604,0.19504468142986298,0.1919388324022293,0.3313057985532691
0.22637823224067688,0.20490752160549164,0.21057496964931488,0.3523176109368268
0.28552064299583435,0.20844386518001556,0.2617076635360718,0.5129110878474195
0.0711582824587822,-0.0007328272913582623,0.06691315770149231,0.24368280735719336
0.1703261435031891,0.16016538441181183,0.18687964975833893,0.24762962067911384
0.151895210146904,0.21318191289901733,0.18474315106868744,0.2968844755385471
0.151895210146904,0.21318191289901733,0.1669432669878006,0.28284860283464475
0.20598551630973816,0.1844577044248581,0.22276654839515686,0.4756276114410809
0.05109253525733948,-0.02668832615017891,0.05095626786351204,0.15624619039734447
0.11776380985975266,0.13992594182491302,0.16367945075035095,0.19542914245706253
0.11776380985975266,0.14677385985851288,0.16367945075035095,0.19434780728009307
0.13378605246543884,0.13992594182491302,0.14724673330783844,0.2664668954402414
0.17689970135688782,0.2616102397441864,0.25611501932144165,0.38797679499043713
0.039757512509822845,-0.061296094208955765,0.05032619461417198,0.04261488458852481
0.09944775700569153,0.1266753077507019,0.11723944544792175,-0.029049065654575875
0.1240861639380455,0.09847091138362885,0.10718582570552826,0.08972853307473597
0.09944775700569153,0.1266753077507019,0.10718582570552826,0.08678679562662422
0.22538894414901733,0.11254338175058365,0.17587235569953918,0.22541267286595434
-0.06082607060670853,-0.026164423674345016,-0.021974774077534676,-0.09468993788391449
0.05767488852143288,0.05723816528916359,0.044992491602897644,-0.17672144304832926
0.00851081870496273,0.04057656601071358,0.044992491602897644,-0.08139308485501809
0.0626855120062828,0.04057656601071358,0.03174908086657524,-0.03198428600635821
0.17175912857055664,0.055075503885746,0.15327219665050507,0.030275802889287887
-0.2374773919582367,-0.2149055153131485,-0.2391330599784851,-0.4682656907234498
-0.18494823575019836,-0.19940097630023956,-0.06630739569664001,-0.5139948136377577
-0.18305304646492004,-0.16493843495845795,-0.06630739569664001,-0.4495270428934366
-0.1652398705482483,-0.22117739915847778,-0.06630739569664001,-0.39913596369016047
-0.04636744037270546,-0.05600140243768692,-0.05894098058342934,-0.30557030904291693
-1.2727041244506836,-1.2979885339736938,-1.2713674306869507,-1.1739251972991736
-1.2778176069259644,-1.2585490942001343,-1.2626080513000488,-1.2518119729937995
-1.2944328784942627,-1.2988678216934204,-1.3108608722686768,-1.337242168318426
-1.379908561706543,-1.3778661489486694,-1.2892035245895386,-1.4202164033831899
-1.4562429189682007,-1.4486130475997925,-1.2971023321151733,-1.6020599913279623
-0.41484424471855164,-0.11192016303539276,-0.5721155405044556,0.1408155855660258
-0.4229488968849182,-0.24415884912014008,-0.5699765086174011,-0.004644774290455358
-0.1618129312992096,-0.2387419193983078,-0.5657215118408203,-0.17378715248775295
-1.5806442499160767,-1.677237868309021,-1.8059087991714478,-1.744727494896694
-1.3563343286514282,-1.478353500366211,-1.4319039583206177,-1.5228787452803376
-1.1446480751037598,-1.0803629159927368,-1.2140189409255981,-1.1674910872937636
-0.7161946296691895,-0.6565409302711487,-0.6612075567245483,-0.889410289700751
-0.3151857554912567,-0.2528332471847534,-0.47576895356178284,-0.38206284568617044
-0.3702832758426666,-0.2528332471847534,-0.47576895356178284,-0.679853713888946
-0.008710234425961971,0.05508066341280937,-0.2966669797897339,-0.4571745730408201
-0.9869526028633118,-1.0968455076217651,-1.0077484846115112,-0.5107293465282002
-0.04591933265328407,-0.05146821588277817,-0.05918096378445625,0.06069784035361165
-0.02710959129035473,-0.016032684594392776,-0.05933063104748726,0.021189299069938092
-0.04759553447365761,-0.016745854169130325,-0.01528952457010746,-0.031517051446064856
-0.02957371436059475,-0.01046812068670988,-0.06006031110882759,-0.060480747381381476
-0.004608998075127602,-0.01986609771847725,-0.013251438736915588,-0.09151498112135022
-0.8095822334289551,-0.8128992319107056,-0.8131137490272522,-0.6671577330056484
-0.8888188600540161,-0.820013701915741,-0.8733421564102173,-0.7775436633207533
-0.9918961524963379,-0.9682413935661316,-0.903967559337616,-0.9669785553170893
-1.303380012512207,-1.3034833669662476,-1.3248381614685059,-1.1360826230421395
-1.3087764978408813,-1.182572841644287,-1.1204484701156616,-0.9649707177976319
-1.222975730895996,-1.3383761644363403,-1.318921446800232,-0.8948305720006683
-1.1166510581970215,-1.2630250453948975,-1.2345353364944458,-0.7801536139756393
-1.5093692541122437,-1.5428704023361206,-1.5196501016616821,-1.3316140833099999
-0.9329147934913635,-0.7720606923103333,-0.9162098169326782,-0.9625735020593764
-0.6257212162017822,-0.6776790618896484,-0.729996383190155,-1.0409586076789064
-0.8660414814949036,-0.8737079501152039,-0.8833139538764954,-0.8794260687941502
-0.46092483401298523,-0.44985195994377136,-0.5753580927848816,-1.1079053973095196
-0.9757382273674011,-1.0098310708999634,-0.9891397953033447,-0.9507819773298184
-0.6214779019355774,-0.9400889873504639,-0.7039993405342102,0.021142144537753402
-1.1246607303619385,-1.1082777976989746,-1.1072505712509155,-1.0222763947111522
-1.1387885808944702,-1.1468877792358398,-1.1165413856506348,-1.2839966563652008
-0.4211280643939972,-0.3089682161808014,-0.3583495616912842,0.012682453368195807
-1.3378477096557617,-1.307005524635315,-1.3721299171447754,-1.408935392973501
-0.9739086031913757,-0.6915925145149231,-0.8209378719329834,-0.889410289700751
-0.610565185546875,-0.5727315545082092,-0.6518056988716125,-0.958607314841775
-0.8262518644332886,-0.8322044014930725,-0.8160889744758606,-0.8297382846050426
-0.5160378813743591,-0.38665640354156494,-0.4182389974594116,-1.0362121726544447
-0.9147419929504395,-0.9091042876243591,-0.9157149195671082,-0.9030899869919435
-1.0113292932510376,-1.0070737600326538,-0.9976111054420471,-0.9430951486635274
-0.43929001688957214,-0.6889270544052124,-0.29592815041542053,0.029694572594448118
-1.0891565084457397,-1.0916664600372314,-1.087199330329895,-1.0969100130080565
-0.26010045409202576,-0.14062188565731049,-0.10460296273231506,0.01871297821343185
-1.2529804706573486,-1.3162555694580078,-1.268106460571289,-1.2596373105057561
-0.7130216956138611,-0.7463334202766418,-0.7704892158508301,-0.8356471442155629
-0.571152925491333,-0.4684012234210968,-0.5899640917778015,-0.8927900303521317
-0.7586435675621033,-0.7785369157791138,-0.7524533271789551,-0.7798919119599449
-0.4748070538043976,-0.5356766581535339,-0.4113469123840332,0.042497151244295546
-0.8369350433349609,-0.8384198546409607,-0.8531126379966736,-0.8507808873446201
-0.9044451713562012,-0.8973238468170166,-0.8937802910804749,-0.8827287043442358
-0.23858174681663513,-0.2020033597946167,-0.1103300005197525,0.03510139153546975
-0.9485732913017273,-1.006751298904419,-0.950195848941803,-0.9913998282380825
-0.0199448149651289,-0.07112051546573639,-0.08747261017560959,0.02916413961809315
-1.131303071975708,-1.1761642694473267,-1.1382579803466797,-1.0506099933550872
-0.7043205499649048,-0.5305006504058838,-0.5975214242935181,-0.8096683018297085
-0.4709751307964325,-0.4628150463104248,-0.43482211232185364,-0.8569851997459049
-0.7153279781341553,-0.8106538653373718,-0.7197692394256592,-0.7495799976911061
-0.3543981611728668,-0.424385130405426,-0.344603568315506,0.0478886777182788
-0.7520006895065308,-0.8300294876098633,-0.7649378776550293,-0.7772835288524167
-0.8321282267570496,-0.7976056337356567,-0.8368505239486694,-0.8153085691824012
-0.015478130429983139,-0.2047686129808426,0.03205069527029991,0.03977647495960224
-0.834817111492157,-0.844135582447052,-0.8556602001190186,-0.9318141382538383
-0.017555629834532738,-0.06054943427443504,0.11173215508460999,0.03342375548694973
-1.0199005603790283,-0.9831948280334473,-1.0557972192764282,-0.9871627752948278
-0.7495329976081848,-0.743179202079773,-0.7386951446533203,-0.5670307091255943
-0.3861468434333801,-0.40862956643104553,-0.37616536021232605,-0.5151309672795976
-0.4769906997680664,-0.36536407470703125,-0.36859434843063354,-0.2977418368379057
-0.5251244306564331,-0.5158885717391968,-0.36144784092903137,-0.4103854593687336
-0.4919402301311493,-0.5788310170173645,-0.5157029032707214,-0.8063189704587185
-0.48678678274154663,-0.511199951171875,-0.500608503818512,-0.43806423668621863
-0.46830248832702637,-0.4816904664039612,-0.5330677032470703,-0.31184724440843364
-0.5903034210205078,-0.7334532141685486,-0.6812178492546082,-0.870310107800699
-0.5786078572273254,-0.7372997403144836,-0.7401896119117737,-0.6831912479469778
-0.748436689376831,-0.7641440629959106,-0.7464508414268494,-0.445389714773836
-0.4298333525657654,-0.6790610551834106,-0.43134602904319763,-0.5895602137896534
-0.7131322026252747,-0.7248339056968689,-0.6606265902519226,-0.3810110796350664
-0.5647686719894409,-0.7410092353820801,-0.699870228767395,-0.8804142250382161
-0.8272290825843811,-0.685467004776001,-0.776051938533783,-0.6613443344212997
-0.5249670743942261,-0.5284584164619446,-0.5323778986930847,-0.349401101827343
-0.508421003818512,-0.5007208585739136,-0.5310547351837158,-0.4628107737563554
-0.7389819025993347,-0.7371948957443237,-0.7375441789627075,-0.9329291439546299
-0.6109911799430847,-0.6039535999298096,-0.6067512631416321,-0.7160207157615202
-0.634796142578125,-0.7215211391448975,-0.6435092687606812,-0.5249101966109935
-0.5810768604278564,-0.7436395287513733,-0.6650035977363586,-0.38142897187987024
-0.7334235310554504,-0.7453444600105286,-0.7449259757995605,-0.9310723883179282
-0.4257464110851288,-0.4244493842124939,-0.425160676240921,-0.6029294500405913
-0.6094876527786255,-0.6112416386604309,-0.6109333634376526,-0.40538649083990197
-0.7490864992141724,-0.7453815340995789,-0.7546020150184631,-0.9366666410482505
-0.7412629723548889,-0.7445184588432312,-0.7387250065803528,-0.6895191085373249
-0.7515376806259155,-0.7431779503822327,-0.744925320148468,-0.6219656775426685
-0.74949711561203,-0.7428721189498901,-0.7508333921432495,-0.732593581247096
-0.7834858894348145,-0.7719328999519348,-0.7512524724006653,-0.4438181533470888
-0.7209659218788147,-0.7371230721473694,-0.7382816672325134,-1.2006594505464183
-0.7515981793403625,-0.7436085939407349,-0.7544321417808533,-0.8965383779052951
-0.49852296710014343,-0.5006182789802551,-0.7420284152030945,-0.7368375350377834
-0.7375885844230652,-0.7380526065826416,-0.7420284152030945,-0.4854522473397139
-0.7495329976081848,-0.7453444600105286,-0.7449259757995605,-0.9738754832545498
-0.7555599212646484,-0.7560956478118896,-0.7449259757995605,-0.505149978319906
-0.7515981793403625,-0.7453444600105286,-0.7449259757995605,-1.2724587429714436
-0.7495329976081848,-0.7560956478118896,-0.7544321417808533,-0.7354182707619226
-0.7412315607070923,-0.7436085939407349,-0.7512623071670532,-0.8359447081065484
-0.329996258020401,-0.3227241337299347,-0.34354135394096375,-0.10962202152364997
-0.2319754660129547,-0.3227108418941498,-0.3008844554424286,-0.23028157653022965
-0.27585557103157043,-0.3592483699321747,-0.34295275807380676,-0.3696504474354256
-0.38095882534980774,-0.4103199541568756,-0.45011094212532043,-0.5399113897085028
-0.5158961415290833,-0.5404551029205322,-0.5838319063186646,-0.6515452046511886
-0.8232643604278564,-0.8646131753921509,-0.7615642547607422,-1.031517051446065
-0.4859387278556824,-0.48788514733314514,-0.48898181319236755,-0.5169835798558678
-0.3630087971687317,-0.19448025524616241,-0.08990370482206345,-0.1966111750163865
-0.29045841097831726,-0.16163301467895508,-0.20401319861412048,-0.08118360963962049
-0.45449990034103394,-0.4816682040691376,-0.4328855574131012,-0.444421927227045
0.20900431275367737,0.24649064242839813,0.26510289311408997,0.18315591543401297
0.18154528737068176,0.23095597326755524,0.2034115344285965,0.23585656875297398
0.4575720429420471,0.48703765869140625,0.4859381318092346,0.4241790135787822
0.4974915385246277,0.4978499412536621,0.47799256443977356,0.3907585287387172
0.6074753999710083,0.5997217893600464,0.5966697335243225,0.594878511394642
0.656825840473175,0.6293948888778687,0.6690763235092163,0.7211756032766088
0.6074753999710083,0.5997217893600464,0.6051390171051025,0.6056066844300941
0.6703492403030396,0.6498929262161255,0.6700466871261597,0.7745753543387348
0.6758750081062317,0.6718846559524536,0.6904537081718445,0.6695121296915462
0.659080982208252,0.6705451011657715,0.6576762199401855,0.6961116468379268
-0.12053653597831726,-0.003160991473123431,-0.3280133008956909,0.414973347970818
-0.5302844643592834,-0.14946496486663818,0.29945626854896545,0.2787536009528289
-0.5932241082191467,-0.14206285774707794,-0.5213713049888611,-0.7925460651913082
-0.6711826324462891,-0.35322046279907227,-0.6616814732551575,-0.7457130130653591
-0.588654637336731,-0.5899096131324768,-0.5953652262687683,-0.5471819983917817
-0.36964908242225647,-0.41900551319122314,-0.4138869345188141,-0.41144259336372124
-1.2755177021026611,-1.2595949172973633,-1.2758897542953491,-1.3045183235098026
-1.141933798789978,-1.139012098312378,-1.1523947715759277,-1.158015195409886
-0.977151095867157,-0.9935281872749329,-0.9873253107070923,-0.9698052146432488
-0.8947603702545166,-0.8775749206542969,-0.8664904832839966,-0.7624562618571256
-0.32913362979888916,-0.35961559414863586,-0.3591403365135193,-0.2847489711211507
-0.3743448555469513,-0.3889261782169342,-0.3723379373550415,-0.3617104645857431
-0.4362025260925293,-0.4536004662513733,-0.4538949728012085,-0.4381833356810425
-0.5048847794532776,-0.5019364953041077,-0.49180757999420166,-0.5269511949114623
-0.5778430104255676,-0.5959582328796387,-0.5989975333213806,-0.6080069277402871
-0.662183403968811,-0.6818787455558777,-0.6804656386375427,-0.6983190507064237
-0.7602461576461792,-0.7851419448852539,-0.7765435576438904,-0.7969671129852893
-0.8617389798164368,-0.8845056295394897,-0.8957017064094543,-0.8764750190572681
-0.995776891708374,-0.9537292718887329,-0.9472078680992126,-0.9913998282380825
-1.0438146591186523,-1.181434988975525,-1.1744053363800049,-1.056011124926228
-1.1871343851089478,-1.185621738433838,-0.8106311559677124,-1.0920514783877278
-0.5348038077354431,-0.5411286950111389,-0.6070145964622498,-0.8781120148963188
-0.5979161858558655,-0.6726730465888977,-0.5575341582298279,-0.585026652029182
-0.48889604210853577,-0.4703405499458313,-0.4997595250606537,-0.4089353929735008
-0.337582528591156,-0.33509373664855957,-0.2844852805137634,-0.061480274823508096
-0.14671996235847473,-0.0794232115149498,-0.13948000967502594,-0.021363051615525673
0.16460096836090088,0.06251969188451767,0.03177263215184212,0.0
0.2479814887046814,0.3111722469329834,0.3029162287712097,0.004321373782642578
-0.05774042010307312,-0.09346204251050949,-0.139513298869133,0.22788670461367355
-0.01856050454080105,0.016283219680190086,-0.011889667250216007,0.07188200730612536
0.01679077371954918,0.01642822101712227,-0.02517000213265419,0.0
-0.036085344851017,-0.1258726716041565,-0.08922787010669708,-0.00877392430750515
-0.03238910064101219,-0.0990021750330925,-0.06351013481616974,-0.022276394711152253
0.017345871776342392,-0.012862193398177624,-0.011411085724830627,-0.060480747381381476
0.014388110488653183,-0.0048341271467506886,-0.01012155506759882,-0.09151498112135022
-0.5133956670761108,-0.5176900029182434,-0.5179150104522705,-0.5482135644757098
-0.5321283340454102,-0.5289481282234192,-0.5369045734405518,-0.5058454059815571
-0.5215303301811218,-0.5096462965011597,-0.5195039510726929,-0.5272435506827877
-0.5973004102706909,-0.6000570058822632,-0.6037507653236389,-0.6143937264016879
-0.6150966882705688,-0.617097020149231,-0.6135247349739075,-0.6307841425898572
-0.6601212024688721,-0.6522794365882874,-0.6612594723701477,-0.6420651529995461
-0.705949068069458,-0.72413569688797,-0.752897322177887,-0.6556077263148893
-0.5744501948356628,-0.5370883941650391,-0.5615891218185425,-0.5331323796458906
-0.9283676743507385,-0.8076207041740417,-0.8235257863998413,-1.5686362358410126
0.21609660983085632,0.2372339814901352,0.2736865282058716,0.6142258599923229
0.494575560092926,0.45798027515411377,0.582380473613739,0.5026753343752224
0.1667661964893341,0.13588504493236542,0.045029181987047195,0.3979400086720376
-0.1463325023651123,-0.11324341595172882,-0.11212499439716339,-0.05270649061101971
0.10750111937522888,-0.00023364514345303178,0.009357139468193054,0.012234275460939763
0.3593895733356476,0.37509632110595703,0.42246711254119873,0.0
-0.1033601239323616,0.05090988054871559,0.1576121300458908,0.07918124604762482
0.26570993661880493,0.3555605411529541,0.33818918466567993,0.3979400086720376
0.21218165755271912,0.2078566551208496,0.23656150698661804,0.3010299956639812
0.2440621256828308,0.2489107996225357,0.24961897730827332,0.45895420227774913
-0.1033601239323616,-0.04942891746759415,0.014018306508660316,0.5563025007672873
0.39343687891960144,0.43497517704963684,0.457830011844635,0.47712125471966244
0.45879802107810974,0.4453757703304291,0.47573521733283997,0.6232492903979004
-0.09582266211509705,-0.07126317173242569,-0.12621483206748962,0.056481398322639535
0.06757643818855286,0.0509067066013813,-0.02161048911511898,-0.009759738585876107
-0.2786720395088196,-0.13025091588497162,-0.21296142041683197,-0.056615308200927285
-0.2764151096343994,-0.28015637397766113,-0.30293068289756775,-0.15039634191755286
-0.347806841135025,-0.35512423515319824,-0.3473883271217346,-0.4171880677667206
-0.2782202661037445,-0.28291621804237366,-0.2427876591682434,-0.19859834825520903
-0.6532242298126221,-0.6285145878791809,-0.6858108043670654,-0.6540952452175399
-0.1428140550851822,-0.1388108879327774,-0.0985664427280426,-0.21463955186702402
-0.10732123255729675,-0.1532347947359085,-0.12463872879743576,-0.14232080958840296
-0.11635097861289978,-0.1532347947359085,-0.07193973660469055,-0.11383088459996327
0.007485870737582445,-0.10591384023427963,0.00399036193266511,0.07332896001958884
0.16267234086990356,-0.040746890008449554,0.15387876331806183,0.20087319676866625
0.26756593585014343,0.032790519297122955,0.3119725286960602,0.3443618130491732
-0.20565450191497803,-0.20749859511852264,-0.24559135735034943,-0.12816796601886354
-0.7515981793403625,-0.7560956478118896,-0.7448922991752625,-0.19081481538992665
0.4667000472545624,0.4845755100250244,0.4365728795528412,0.018284308426530838
-0.4236026108264923,-1.0941520929336548,-0.9228250980377197,-1.1018235165023234
-0.3992786705493927,-0.6545912623405457,-0.6622371673583984,-1.0655015487564323
-0.6430953741073608,-0.8230457305908203,-0.6263066530227661,-0.9408153823686288
-0.8512740135192871,-0.8096446990966797,-0.6100466251373291,-0.8833922560117515
-0.2384187877178192,-0.17649155855178833,-0.1775578409433365,-0.12436006299583162
-0.27144211530685425,-0.22546549141407013,-0.21777811646461487,-0.15304467498017607
-0.11081603169441223,-0.023760100826621056,-0.11985865980386734,-0.16877030613293661
-0.15213045477867126,-0.16620148718357086,-0.15709374845027924,-0.21253952548158495
-0.10569620877504349,-0.003988584503531456,-0.08229755610227585,-0.22257317761068865
0.15150007605552673,0.18885135650634766,0.1768888384103775,0.09691001300805642
0.04976865276694298,0.0665777400135994,0.020668353885412216,0.07918124604762482
0.04570329561829567,0.23731835186481476,0.22783061861991882,0.2671717284030138
-0.13478270173072815,-0.11203203350305557,-0.1232825219631195,-0.09691001300805639
-0.048518627882003784,-0.056559253484010696,-0.07188436388969421,0.07918124604762482
-0.17120516300201416,0.24683940410614014,0.22783030569553375,0.4471580313422192
-0.15706086158752441,-0.30656129121780396,-0.2868230938911438,0.0
-0.14072749018669128,-0.027194852009415627,-0.10440557450056076,-0.2294462081232535
0.06814064830541611,0.06960120052099228,0.19715939462184906,0.146128035678238
-0.09348101168870926,-0.5208438634872437,-0.4618109166622162,-0.1870866433571444
0.0036715581081807613,0.008764279074966908,0.05207207798957825,0.0
-0.11611422896385193,-0.15873406827449799,-0.13219454884529114,-0.2471835688117286
-0.27131882309913635,-0.11852047592401505,-0.16687323153018951,-0.07058107428570727
-0.47206026315689087,-0.5700664520263672,-0.437503457069397,-0.2924298239020636
0.03083309717476368,0.007726836483925581,0.03436103090643883,0.38021124171160603
0.20167659223079681,0.16306297481060028,0.1661178171634674,0.09691001300805642
-0.5273666977882385,-0.20521120727062225,-0.2175433337688446,-0.2924298239020636
-0.07559358328580856,0.1900017112493515,0.24033012986183167,0.3010299956639812
-0.3973131477832794,-0.6104658246040344,-0.4858923554420471,-0.3295611700367185
-0.2227209508419037,-0.16755259037017822,-0.19817890226840973,-0.3018994543766101
-0.21383491158485413,-0.5199804902076721,-0.3899349570274353,-0.29929628285498067
-0.7297422289848328,-0.4524964690208435,-0.46842727065086365,-0.38721614328026455
-0.7358570694923401,-0.4751431941986084,-0.530705988407135,-0.41341269532824504
-0.06365249305963516,-0.07545642554759979,-0.06536906212568283,-0.1549019599857432
-0.06257765740156174,-0.06971680372953415,-0.16750380396842957,-0.1549019599857432
0.033302001655101776,0.008054695092141628,0.024028858169913292,-0.09691001300805639
-0.06257765740156174,-0.07819030433893204,-0.06536906212568283,-0.1549019599857432
-0.1607777178287506,-0.16673403978347778,-0.16398344933986664,-0.3010299956639812
-0.14559796452522278,-0.08221324533224106,-0.16750380396842957,-0.09151498112135022
-0.3261944651603699,-0.28412866592407227,-0.31708812713623047,-0.36653154442041347
-0.06257765740156174,-0.06971680372953415,-0.16750380396842957,0.0
-0.5169994831085205,-0.4368521273136139,-0.455228716135025,-0.549750891680639
-0.14559796452522278,-0.07819030433893204,-0.16750380396842957,0.07918124604762482
-0.14559796452522278,-0.10175557434558868,-0.16750380396842957,0.11394335230683678
0.026551131159067154,0.039362434297800064,-0.03511551395058632,0.0
0.12409114092588425,0.13364295661449432,0.10518273711204529,0.11394335230683678
0.2474210560321808,0.25659865140914917,0.23207633197307587,0.20411998265592482
0.1974557340145111,0.20869792997837067,0.21970203518867493,0.3424226808222063
-0.43333548307418823,-0.413735955953598,-0.4325879216194153,-0.5228787452803376
-0.4408709704875946,-0.444933146238327,-0.44483229517936707,-0.5376020021010439
-0.42102697491645813,-0.4381519556045532,-0.42356476187705994,-0.46852108295774486
-0.42102697491645813,-0.413735955953598,-0.4325879216194153,-0.431798275933005
-0.43062180280685425,-0.4383298456668854,-0.425248920917511,-0.38721614328026455
-0.41697025299072266,-0.4039457440376282,-0.4352688491344452,-0.4188471080337112
-0.7915565967559814,-0.9718104600906372,-0.7577376961708069,-1.154901959985743
-0.8862976431846619,-1.1700572967529297,-0.8502916693687439,-1.0969100130080565
-0.8883656859397888,-0.8973876237869263,-0.9125123023986816,-1.0457574905606752
-0.8840246200561523,-0.92162024974823,-0.8975468873977661,-1.0457574905606752
-0.9624132513999939,-0.92162024974823,-0.8975468873977661,-0.8860566476931632
-0.9384354948997498,-1.0524837970733643,-0.8975468873977661,-0.8239087409443188
-0.9624132513999939,-1.0524837970733643,-0.9471309185028076,-0.7825160557860937
-0.9454860091209412,-1.0524837970733643,-0.9125123023986816,-0.744727494896694
-1.1735491752624512,-1.1657459735870361,-1.1425658464431763,-1.5228787452803376
-1.1780202388763428,-1.3267362117767334,-1.4385520219802856,-1.3979400086720375
-0.9698570370674133,-0.9637091755867004,-0.9491630792617798,-1.1674910872937636
-0.9624619483947754,-0.9979340434074402,-0.9795529246330261,-1.1739251972991736
-0.9624619483947754,-0.9637091755867004,-1.0023508071899414,-0.958607314841775
-0.9698570370674133,-1.0134128332138062,-1.0758849382400513,-0.9208187539523752
-1.0640575885772705,-1.0046143531799316,-0.9795529246330261,-0.8538719643217619
-1.0640575885772705,-0.9979340434074402,-1.0758849382400513,-0.7958800173440752
-0.44597867131233215,-0.018765069544315338,-0.06543158739805222,-0.2676062401770315
-0.1116386130452156,-0.17556190490722656,-0.02199106477200985,0.13033376849500614
-0.5756881833076477,-0.6262165904045105,-0.5988215804100037,-0.5917600346881504
-0.8033841252326965,-0.8070218563079834,-0.7469882965087891,-0.8356471442155629
-0.639286994934082,-0.6851076483726501,-0.6348646879196167,-0.6903698325741012
-0.7001583576202393,-0.725925862789154,-0.7169814705848694,-0.7099653886374819
-0.9622373580932617,-0.9861275553703308,-0.9538437128067017,-0.9244530386074693
-0.8042798042297363,-0.8242844939231873,-0.7882393002510071,-0.8068754016455384
-0.8724533915519714,-0.9142564535140991,-0.9252771139144897,-0.8446639625349383
-1.0238703489303589,-1.022769808769226,-1.0273796319961548,-0.9871627752948278
-1.116227149963379,-1.1598033905029297,-1.0968466997146606,-1.0757207139381184
-1.2850536108016968,-1.3171086311340332,-1.2749335765838623,-1.3767507096020994
-0.6230416297912598,-0.6045625805854797,-0.5754567980766296,-0.6216020990518624
-0.7312681078910828,-0.7428315877914429,-0.7260813117027283,-0.7235381958267558
-0.807572603225708,-0.8096296787261963,-0.8046565055847168,-0.8728952016351923
-0.998187243938446,-1.0377713441848755,-1.0023266077041626,-1.0
-0.7917630076408386,-0.7987773418426514,-0.7915835976600647,-0.7351821769904635
-0.8737322092056274,-0.8596604466438293,-0.8784725666046143,-0.9030899869919435
-0.9619259834289551,-0.9597700834274292,-0.9433038234710693,-0.9136401693252518
-1.0835192203521729,-1.0918904542922974,-1.08958101272583,-1.0969100130080565
-1.178762674331665,-1.1879409551620483,-1.1604652404785156,-1.2518119729937995
-1.4039440155029297,-1.3949586153030396,-1.3994089365005493,-1.3979400086720375
-0.7103935480117798,-0.7415469288825989,-0.7214535474777222,-0.6695862266508091
-0.8876222372055054,-0.8482857942581177,-0.880108654499054,-0.9469215565165803
-0.9829502105712891,-0.9480733871459961,-0.9713009595870972,-0.958607314841775
-0.8754337430000305,-0.8490718007087708,-0.9051204323768616,-0.889410289700751
-1.169968605041504,-1.1714181900024414,-1.163832187652588,-1.0362121726544447
-1.0278394222259521,-1.0847692489624023,-1.084865927696228,-1.0969100130080565
-1.0946757793426514,-1.0573242902755737,-1.0834510326385498,-1.1739251972991736
-1.242653250694275,-1.2522263526916504,-1.2476619482040405,-1.2218487496163564
-1.2946224212646484,-1.3238171339035034,-1.3087459802627563,-1.5086383061657274
-1.5022834539413452,-1.55267333984375,-1.5273679494857788,-1.5686362358410126
-0.5593513250350952,-0.5550681352615356,-0.573392391204834,-0.6307841425898572
-0.7096400260925293,-0.6645431518554688,-0.6909616589546204,-0.7746907182741372
-0.778938889503479,-0.7933439016342163,-0.7896208763122559,-0.9393021596463883
-1.0462225675582886,-1.0528981685638428,-1.0909745693206787,-1.0915149811213503
-1.1317472457885742,-1.1102161407470703,-1.1729302406311035,-0.8124792791635369
-0.80945885181427,-0.9666213989257812,-1.0208996534347534,-0.728158393463501
-0.6604400873184204,-0.5634636282920837,-0.8365628719329834,-0.6536470255493614
-0.40395691990852356,-0.4474845826625824,-0.47478583455085754,-0.5702477199975919
-0.5584255456924438,-0.6034224629402161,-0.5260021686553955,-0.5867002359187481
-0.7989397644996643,-0.7021860480308533,-0.825508713722229,-1.2612194415156308
-0.6889731287956238,-0.676042377948761,-0.694267988204956,-0.632644078973981
-0.7122189402580261,-0.7398362755775452,-0.7245081067085266,-0.7695510786217261
-0.8744408488273621,-0.8051255345344543,-0.797419011592865,-0.8013429130455774
-0.892434298992157,-0.964143693447113,-1.0265733003616333,-0.8996294548824371
-0.7046353220939636,-0.7468065619468689,-0.6835463643074036,-0.954665283683257
-0.39421796798706055,-0.41395410895347595,-0.5531005263328552,0.19242889185267814
-0.5104233622550964,-0.5283528566360474,-0.41438403725624084,-0.7004055460750772
-0.5394492149353027,-0.5601359605789185,-0.5668731927871704,-0.007774425390468595
-0.5577737092971802,-0.5696961283683777,-0.5320377945899963,-0.8730929478673854
-0.6924412250518799,-0.7366435527801514,-0.7171844244003296,-1.1897674820049158
-0.8858267664909363,-0.8889188766479492,-0.8942385911941528,-0.9747064262624288
-1.0427724123001099,-1.0170553922653198,-0.9480686187744141,-0.9889246043110689
-1.0323182344436646,-1.0312409400939941,-1.1240612268447876,-1.0
-1.3609282970428467,-1.311488389968872,-1.2664552927017212,-1.4078232426041333
-0.4128322899341583,-0.34927722811698914,-0.45372241735458374,-0.24241116296647103
-0.5038506388664246,-0.4797340929508209,-0.4751756489276886,-0.36806133618362513
-0.5695804953575134,-0.5733493566513062,-0.537214457988739,-0.5367462373585933
-0.5995175838470459,-0.6130266785621643,-0.5849653482437134,-0.7299037185796695
-0.6351950764656067,-0.6548148393630981,-0.5710543990135193,-0.5564835524411349
-0.8459024429321289,-0.7625107169151306,-0.7587273120880127,-1.0428718023231869
-0.7576863169670105,-0.746752917766571,-0.7649340033531189,-0.7853362626166637
-0.8211320638656616,-0.8771495819091797,-0.8776249289512634,-0.8460845738400542
-0.9335594177246094,-0.9809569716453552,-0.9480572938919067,-0.8224635000701379
-1.2855147123336792,-1.18722403049469,-1.2084697484970093,-1.274905478918531
-0.43816855549812317,-0.6296027302742004,-0.3677063286304474,-0.6522992847276528
-0.5479941368103027,-0.5429084897041321,-0.5281422734260559,-0.5604446886106418
-0.581625759601593,-0.593477725982666,-0.551616907119751,-0.4611122199853002
-0.6346372961997986,-0.565650463104248,-0.6001530885696411,-0.5485129164691497
-0.644920289516449,-0.7620518803596497,-0.7213980555534363,-1.0710923097560472
-0.5633317232131958,-0.6416042447090149,-0.5642876625061035,-0.27318968816095895
-0.6277331709861755,-0.6272016167640686,-0.6527901887893677,-0.5829071302537867
-0.714728593826294,-0.7052197456359863,-0.7278918027877808,-0.7366859256781294
-0.8064512610435486,-0.7697123289108276,-0.8164246678352356,-0.7385729632304492
-1.1332978010177612,-1.0750573873519897,-1.0915303230285645,-1.1706962271689751
-0.4720360338687897,-0.4951624572277069,-0.5083748698234558,-1.0649514542830874
-0.6382007002830505,-0.8242501020431519,-0.7336228489875793,-0.39758294828163654
-0.6138144135475159,-0.709641695022583,-0.5374850034713745,-0.43884492941755243
-0.656248152256012,-0.6592280864715576,-0.6354629993438721,-0.5135015129792433
-0.4696832597255707,-0.6733989715576172,-0.5189778208732605,-0.2487416872076058
-0.8304343819618225,-0.7448394894599915,-0.9171448945999146,-0.8386319977650252
-0.484173983335495,-0.5090302228927612,-0.6040274500846863,-0.5755855627799054
-0.5658009052276611,-0.5912054777145386,-0.6392633318901062,-0.7058094288663243
-0.6779643893241882,-0.6562523245811462,-0.6811684370040894,-0.7067612313300833
-1.0042839050292969,-0.9408660531044006,-0.9736839532852173,-1.0741724253752576
-1.2649731636047363,-1.3372621536254883,-1.262267827987671,-1.154901959985743
-1.149505615234375,-1.078933596611023,-1.151203989982605,-1.3979400086720375
-0.985510528087616,-0.9363236427307129,-1.0106781721115112,-0.7887806452865336
0.16329216957092285,0.00875540729612112,-0.12109271436929703,-0.9913998282380825
-1.2261016368865967,-0.6693010330200195,-0.563523530960083,-1.6382721639824072
-0.6229740977287292,-0.6143673658370972,-0.5895600914955139,-0.8227521637443765
-0.783625066280365,-0.7745447158813477,-0.8175907731056213,-0.5678327305574118
-0.5353068113327026,-0.5600213408470154,-0.8096049427986145,-0.7700623140920662
-0.45073559880256653,-0.48630428314208984,-0.7979973554611206,-0.5868679495651279
-0.6206458806991577,-0.5461613535881042,-0.5333433151245117,-0.48030585777695184
-0.41104739904403687,-0.4121119976043701,-0.4244489371776581,-0.4782331678974931
-0.3049030900001526,-0.3378508388996124,-0.362998366355896,-0.4782331678974931
-0.5574316382408142,-0.5882211327552795,-0.5901603698730469,-0.5673433213297185
-0.37694838643074036,-0.40332847833633423,-0.415994256734848,-0.5673433213297185
-0.2885472774505615,-0.392765611410141,-0.342052161693573,-0.31188553738779184
-0.5886805653572083,-0.5923380851745605,-0.5924790501594543,-0.5439423342934175
-0.4011923372745514,-0.4228906035423279,-0.394939661026001,-0.3637860061528278
-0.34494855999946594,-0.31323835253715515,-0.34145522117614746,-0.17810147614512115
-0.5583872199058533,-0.5310320854187012,-0.5460421442985535,-0.5220283612002359
-0.3056522011756897,-0.3726752698421478,-0.3312458395957947,-0.3226851081391375
-0.22235460579395294,-0.11770527809858322,-0.18396519124507904,-0.2105934635647474
-0.5170701742172241,-0.47789546847343445,-0.4922291040420532,-0.5364862514572177
-0.39542192220687866,-0.322179913520813,-0.34236183762550354,-0.36317623205264593
-0.2780839800834656,-0.18840013444423676,-0.27911725640296936,-0.23669107934973807
-0.4503312110900879,-0.4613548219203949,-0.458126425743103,-0.5668016031061403
-0.3961225152015686,-0.3866845369338989,-0.3967379927635193,-0.37724732999000976
-0.34179091453552246,-0.3366074860095978,-0.3363875448703766,-0.2358485356388072
-0.25208649039268494,-0.3206655979156494,-0.5295499563217163,-0.15946547079652254
-0.7812429666519165,-0.9126718640327454,-0.914315938949585,-0.4962093169428189
-0.8148406744003296,-0.9647856950759888,-0.9530817270278931,-1.496209316942819
-0.4620758295059204,-0.28607895970344543,-0.5262883305549622,-0.20388865217693533
-0.5137832164764404,-0.5511225461959839,-0.6845999956130981,-0.006607862550997468
-1.5398507118225098,-1.2903739213943481,-1.1867527961730957,-0.3601152580836957
-0.26134511828422546,0.05180748552083969,0.7083274126052856,0.0589950935254163
0.3932987153530121,0.4067953824996948,0.37646931409835815,-0.09691001300805639
-1.1744112968444824,-1.163214921951294,-1.1899688243865967,-1.1804560644581312
-1.2598586082458496,-1.3211649656295776,-1.248645305633545,-1.2218487496163564
-1.335996389389038,-1.3996857404708862,-1.3365979194641113,-1.2596373105057561
-1.444400429725647,-1.4988579750061035,-1.498305320739746,-1.494850021680094
-1.565079689025879,-1.6097979545593262,-1.567876935005188,-1.585026652029182
-1.5508699417114258,-1.5274052619934082,-1.5227060317993164,-1.6989700043360187
-1.7027127742767334,-1.6598613262176514,-1.7266325950622559,-1.6777807052660807
-1.7613288164138794,-1.8002222776412964,-1.763999342918396,-1.6989700043360187
-1.7842113971710205,-1.8394341468811035,-1.7094922065734863,-1.744727494896694
-1.7926881313323975,-1.8021690845489502,-1.7800097465515137,-2.0457574905606752
-1.9579548835754395,-1.9532471895217896,-1.9597128629684448,-1.853871964321762
-1.7118432521820068,-1.685359001159668,-1.7343779802322388,-1.8239087409443189
-0.7472177743911743,-0.7442180514335632,-0.7553953528404236,-0.09691001300805639
-0.8023105263710022,-0.8036277294158936,-0.7534196972846985,-0.4145392704914993
-0.6405433416366577,-0.6410405039787292,-0.7533116340637207,-0.9030899869919435
-0.6617630124092102,-0.6549511551856995,-0.6558876633644104,-0.8601209135987634
-0.6620354652404785,-0.726919412612915,-0.7274518609046936,-0.645891560852599
-3.4706645011901855,-3.6168928146362305,-3.646040916442871,-4.0
-3.796391010284424,-3.8183753490448,-3.788025379180908,-3.3979400086720375
-3.759995460510254,-3.7535877227783203,-3.7643699645996094,-3.552841968657781
-3.4726157188415527,-3.831404209136963,-3.799861431121826,-3.6989700043360187
-3.474931478500366,-3.6853184700012207,-3.820066213607788,-3.853871964321762
-3.47436261177063,-3.7901127338409424,-3.8615777492523193,-4.0
-3.793022871017456,-3.979043960571289,-3.9935946464538574,-4.0
-3.793022871017456,-4.037306308746338,-3.9935946464538574,-4.0
-3.7166452407836914,-3.7092392444610596,-3.721970796585083,-3.8239087409443187
-3.7889602184295654,-3.7092392444610596,-3.781517267227173,-3.744727494896694
-3.349022150039673,-4.000593662261963,-3.874000072479248,-4.0
-0.15583719313144684,-0.5080803632736206,-0.17694519460201263,0.10455539124051359
-0.09924277663230896,-0.5044584274291992,-0.09978130459785461,-0.11407366019856895
-0.14956322312355042,-0.4983687996864319,-0.15409639477729797,-0.26672246606741823
-0.24142688512802124,-0.3216620981693268,-0.3392271399497986,-0.5454600150351813
-0.18456420302391052,-0.1997196227312088,-0.21259866654872894,-0.19756837356927645
-0.21390467882156372,0.054045163094997406,-0.1548403799533844,0.046846203945821285
-0.24981051683425903,0.11405803263187408,-0.09858611226081848,0.24022465412227756
-0.09343984723091125,-0.27376601099967957,-0.28782838582992554,-0.22184874961635637
-0.011296368204057217,0.002314095851033926,0.005553930066525936,-0.045757490560675115
-0.10530534386634827,-0.03655795007944107,0.23685164749622345,0.18184358794477254
-0.18603935837745667,-0.08486626297235489,0.19280776381492615,0.4065401804339551
-1.4297279119491577,-1.4214755296707153,-1.4246312379837036,-2.0
-1.5296789407730103,-1.5164986848831177,-1.518733024597168,-1.3010299956639813
-0.9584665894508362,-0.8310426473617554,-0.9572556018829346,-0.9208187539523752
-0.620937168598175,-0.5255478024482727,-0.6228230595588684,-0.6989700043360187
-1.2969982624053955,-1.317746639251709,-1.311975121498108,-1.3665315444204136
-1.1567293405532837,-1.142959713935852,-1.1460013389587402,-1.2365720064370627
-1.3066632747650146,-1.3280714750289917,-1.300881028175354,-1.2596373105057561
-1.1043916940689087,-1.1078338623046875,-1.1024792194366455,-1.0969100130080565
-1.2728474140167236,-1.2627090215682983,-1.2552858591079712,-1.275724130399211
-1.16677987575531,-1.1849257946014404,-1.180185317993164,-1.2441251443275085
-0.9822639226913452,-1.0118041038513184,-0.9725831747055054,-0.958607314841775
-1.051745891571045,-1.0970830917358398,-1.0949548482894897,-1.0705810742857071
-1.170939564704895,-1.159492015838623,-1.1590394973754883,-1.1249387366083
-0.8421607613563538,-0.9048618674278259,-0.8359365463256836,-0.8239087409443188
-0.9528313279151917,-0.9509305357933044,-0.9512984156608582,-0.9393021596463883
-1.0459344387054443,-0.9937521815299988,-0.9878883957862854,-1.0222763947111522
-0.1724536120891571,-0.15603746473789215,-0.16562961041927338,-0.045757490560675115
-0.1258883774280548,-0.12230948358774185,-0.11081983149051666,-0.1549019599857432
-0.1644488275051117,-0.10800790041685104,-0.12269794195890427,-0.1549019599857432
-0.1139986589550972,-0.10577719658613205,-0.13593189418315887,-0.1549019599857432
-0.24046877026557922,-0.19344566762447357,-0.23125603795051575,-0.1549019599857432
-0.09902593493461609,-0.11413751542568207,-0.09196386486291885,-0.1549019599857432
-0.11588988453149796,-0.11235224455595016,-0.11555430293083191,-0.045757490560675115
-0.07742628455162048,-0.07912914454936981,-0.09531616419553757,-0.09691001300805639
-0.3644116520881653,-0.38136759400367737,-0.3627520203590393,-0.36051351073141397
-0.3370742201805115,-0.43915778398513794,-0.2046956568956375,0.32159843046534387
-1.0585596561431885,-1.063083529472351,-1.0449925661087036,-1.2218487496163564
-0.5711442828178406,-0.6763437986373901,-0.6932319402694702,0.012837224705172217
-1.0924140214920044,-1.0798699855804443,-0.8098050951957703,-1.2218487496163564
-0.6871282458305359,-0.7565146088600159,-0.5735783576965332,0.0
-0.391518771648407,-0.7560761570930481,-0.7448299527168274,-1.1079053973095196
-0.9133509397506714,-0.755992591381073,-0.7448017001152039,-0.08039897621588903
-0.4175299108028412,-0.4123077988624573,-0.4312587380409241,-0.906578314837765
-0.8197592496871948,-0.8294116854667664,-0.8221538662910461,-0.1180450286603995
-0.8863863348960876,-0.6144190430641174,-0.7599309682846069,-1.1023729087095586
-1.4947912693023682,-1.4147483110427856,-1.5215955972671509,-2.3010299956639813
-1.516991138458252,-1.5789945125579834,-1.5480107069015503,-2.0
-1.0842293500900269,-1.0940645933151245,-1.141739845275879,-1.0969100130080565
-0.8066272139549255,-0.9307357668876648,-0.7470766305923462,-0.4559319556497244
-1.4957219362258911,-1.410174012184143,-1.5402418375015259,-2.0
-1.688833236694336,-1.7678577899932861,-1.5384927988052368,-1.5228787452803376
-1.067584753036499,-1.0982269048690796,-1.046787977218628,-1.0969100130080565
-0.8540782928466797,-0.8948928117752075,-0.8111763000488281,-0.4559319556497244
-1.4872536659240723,-1.5643359422683716,-1.5018271207809448,-1.3979400086720375
-1.6519588232040405,-1.5215221643447876,-1.6453273296356201,-1.154901959985743
-1.138245940208435,-1.0907440185546875,-1.1241285800933838,-1.0969100130080565
-0.8061426877975464,-0.7055420875549316,-0.6658971309661865,-0.4559319556497244
-1.4682087898254395,-1.5244035720825195,-1.4626532793045044,-1.5228787452803376
-1.6295437812805176,-1.7506225109100342,-1.5792280435562134,-1.0457574905606752
-1.0781564712524414,-1.0862587690353394,-1.0819201469421387,-1.0969100130080565
-0.6691775321960449,-0.834692656993866,-0.15276600420475006,-0.4559319556497244
-1.0427922010421753,-0.9832693934440613,-0.9350078105926514,-1.6989700043360187
-1.488260269165039,-1.6742762327194214,-1.4197877645492554,-1.0969100130080565
-0.6597886085510254,-0.70915687084198,-0.9101603627204895,-1.0969100130080565
-1.330969214439392,-1.351642370223999,-1.3372318744659424,-1.5228787452803376
-1.4282865524291992,-1.4352664947509766,-1.3942441940307617,-1.5228787452803376
-1.43187415599823,-1.3915929794311523,-1.4070323705673218,-1.5686362358410126
-1.3357726335525513,-1.3381685018539429,-1.343592882156372,-1.3010299956639813
-1.5371026992797852,-1.5206762552261353,-1.5686440467834473,-1.4559319556497243
-1.6853123903274536,-1.5827221870422363,-1.690569281578064,-1.6382721639824072
-1.0805332660675049,-1.1405879259109497,-1.1499791145324707,-1.1079053973095196
-1.4281220436096191,-1.3001066446304321,-1.411285161972046,-1.4685210829577449
-1.5531712770462036,-1.7512048482894897,-1.5369445085525513,-1.6989700043360187
-1.5356080532073975,-1.5526018142700195,-1.3909938335418701,-1.4202164033831899
-1.6276531219482422,-1.561545968055725,-1.5034756660461426,-1.5528419686577808
-1.7443369626998901,-1.7476410865783691,-1.732893466949463,-1.585026652029182
-0.6461091041564941,-1.104333758354187,-0.512871503829956,-0.2915790998652873
-0.8949004411697388,-0.895433783531189,-0.896606981754303,-1.0457574905606752
-0.9532474875450134,-0.9563891291618347,-0.9334501624107361,-0.9208187539523752
-0.946774423122406,-0.9390547871589661,-0.9436200857162476,-0.8696662315049939
-0.9199979305267334,-0.9385499358177185,-0.9060611128807068,-0.8728952016351923
-0.8522897958755493,-0.8672012686729431,-0.8386198878288269,-0.7695510786217261
-0.7468050718307495,-0.6835554242134094,-0.7030959129333496,-0.744727494896694
-0.6754499673843384,-0.669596254825592,-0.6763364672660828,-0.638272163982407
-0.6165453791618347,-0.6227480173110962,-0.6237606406211853,-0.6020599913279624
-0.07219865918159485,-0.07759411633014679,-0.030958155170083046,0.07483398754248842
-0.051431864500045776,-0.06438205391168594,-0.08829280734062195,-0.07456877754272212
-0.3048352301120758,-0.2895680069923401,-0.2925269901752472,-0.39621278437488217
-0.8353970646858215,-0.8088356852531433,-0.7398557066917419,-0.6624808401530248
-0.8053273558616638,-0.8061907887458801,-0.8534139394760132,-0.36705503314702814
-0.594298243522644,-0.6083046793937683,-0.6356564164161682,-0.18908766448515754
-0.7669618725776672,-0.7267836332321167,-0.7332197427749634,-0.619788758288394
-0.5856536626815796,-0.6085885763168335,-0.6315270662307739,-0.5528419686577808
-0.5606628656387329,-0.5696545243263245,-0.5938266515731812,-0.5228787452803376
-0.6415383219718933,-0.6441497802734375,-0.6445078253746033,-0.7958800173440752
-0.5857045650482178,-0.6075217127799988,-0.6284520626068115,-0.721246399047171
-0.5576003193855286,-0.5374777913093567,-0.558920681476593,-0.6777807052660807
-0.7707539796829224,-0.7219772934913635,-0.7106128931045532,-0.6575773191777937
-0.7369189858436584,-0.7303594946861267,-0.7087509036064148,-0.619788758288394
-0.5513060092926025,-0.5808887481689453,-0.5746415257453918,-0.5528419686577808
-1.5504908561706543,-1.5908414125442505,-1.4699664115905762,-1.3010299956639813
-1.7644755840301514,-2.6826252937316895,-2.6016476154327393,-2.661543506395395
-1.668972373008728,-1.5967347621917725,-1.687148094177246,-1.6989700043360187
-1.6476901769638062,-1.594954013824463,-1.8767801523208618,-1.3979400086720375
-1.3731544017791748,-2.182753324508667,-2.1174800395965576,-1.5228787452803376
-1.9020438194274902,-2.075331449508667,-1.870858907699585,-1.5228787452803376
-1.9007681608200073,-1.8127425909042358,-1.8699077367782593,-2.0
-1.473090648651123,-1.5140233039855957,-1.519714593887329,-1.3979400086720375
-1.4315526485443115,-1.4144576787948608,-1.4459128379821777,-1.3010299956639813
-1.5176684856414795,-1.4776115417480469,-1.532299280166626,-2.0
-1.1618379354476929,-1.1524543762207031,-1.188737392425537,-1.5228787452803376
-1.7152336835861206,-1.7526997327804565,-1.8121007680892944,-2.0
-1.815411925315857,-2.4713969230651855,-2.577613353729248,-2.6903698325741012
-1.5985143184661865,-1.7305233478546143,-1.6589040756225586,-2.0
-1.3677210807800293,-1.3541665077209473,-1.7325398921966553,-1.5228787452803376
-1.1709485054016113,-1.0515954494476318,-1.1330558061599731,-1.0457574905606752
-1.0209046602249146,-1.1597535610198975,-1.2389793395996094,-2.0
-1.4948198795318604,-1.6025573015213013,-1.7162030935287476,-1.3010299956639813
-0.5353783965110779,-0.7494397759437561,-0.7137857675552368,-0.5528419686577808
-1.9043792486190796,-2.6745026111602783,-2.3458681106567383,-2.0
-0.7012192606925964,-0.5330246686935425,-0.6511778235435486,-0.431798275933005
-1.0805186033248901,-1.1148855686187744,-0.9618849158287048,-1.1307682802690238
-0.8778796195983887,-1.1068159341812134,-0.7979907989501953,-0.7099653886374819
0.7317467331886292,0.5343475341796875,0.3037174642086029,-1.6020599913279623
0.04133894667029381,0.05108039453625679,0.02928210236132145,0.24608452348596643
-0.5378865003585815,-0.5370021462440491,-0.5575832724571228,-0.5772050430229445
-0.37853363156318665,-0.3840040862560272,-0.36652064323425293,-0.3507089624485719
-0.12317255884408951,-0.11487805098295212,-0.11481199413537979,-0.16198694355870663
0.07482915371656418,0.07679655402898788,0.0771634429693222,0.053245595471386686
0.09015068411827087,0.07980645447969437,0.07746710628271103,0.05137096588066842
-0.17782184481620789,-0.20749790966510773,-0.18076667189598083,-0.21148306001705308
-0.4886705279350281,-0.4499058723449707,-0.4700009226799011,-0.8054246114267724
-0.7336265444755554,-0.7431181073188782,-0.7513258457183838,-1.0457574905606752
-0.7437604665756226,-0.7431181073188782,-0.7454421520233154,-0.9208187539523752
-0.5928153395652771,-0.2287917286157608,-0.33732447028160095,-1.0969100130080565
-0.5928153395652771,-0.613073468208313,-0.6157724857330322,-0.3279021420642826
-0.5928153395652771,-0.7100130319595337,-0.33732447028160095,-0.13076828026902382
-1.300533413887024,-1.2228883504867554,-1.2921457290649414,-1.431798275933005
-1.2319766283035278,-1.1635277271270752,-1.2263084650039673,-1.2676062401770314
-1.0835727453231812,-1.0826770067214966,-1.1246691942214966,-1.0362121726544447
-0.9662148952484131,-1.005550503730774,-0.9277861714363098,-0.8601209135987634
-0.5382844805717468,-0.5201587677001953,-0.5368486046791077,-0.4416731044404668
-0.3749469518661499,-0.3726435899734497,-0.3770313858985901,-0.26896109822633824
-0.2233504205942154,-0.22515682876110077,-0.22115501761436462,-0.1747738725181171
-0.161070317029953,-0.15050210058689117,-0.16715089976787567,-0.07297525930573517
-0.5207368731498718,-0.521882951259613,-0.5181340575218201,-0.6202957309755527
-0.3787108361721039,-0.37592610716819763,-0.41803866624832153,-0.4416731044404668
-0.24113944172859192,-0.22232769429683685,-0.2635957896709442,-0.3192666411494966
-0.1408548653125763,-0.12319956719875336,-0.15178708732128143,-0.20590948330553177
-0.6413677930831909,-0.6264176368713379,-0.6396727561950684,-0.6772020316536124
-0.47574731707572937,-0.45371297001838684,-0.5075662136077881,-0.512848892949376
-0.3261817395687103,-0.33693164587020874,-0.33275777101516724,-0.376171003333255
-0.21022897958755493,-0.20240800082683563,-0.22728297114372253,-0.22388310982803264
-0.7456981539726257,-0.7580785155296326,-0.7706865072250366,-0.7229595222142875
-0.5855321884155273,-0.5836333632469177,-0.6061219573020935,-0.5699910938903194
-0.42554184794425964,-0.424755334854126,-0.46642908453941345,-0.4171301897533445
-0.309681236743927,-0.355395644903183,-0.35428544878959656,-0.258899636731723
-0.5794587731361389,-0.6441571712493896,-0.6327236890792847,-0.7851058402620318
-0.48741385340690613,-0.7511109709739685,-0.5923765301704407,-0.5436628195606764
-0.433738648891449,-0.7208025455474854,-0.4342322051525116,-0.41238331068187045
-0.30067208409309387,-0.6973058581352234,-0.3262501060962677,-0.315473297673814
-0.5301018357276917,-0.5951744914054871,-0.9967514276504517,1.0791812460476249
-1.1060255765914917,-1.1183576583862305,-1.0965605974197388,-0.8950590287059912
-1.1430903673171997,-1.0527000427246094,-1.1255093812942505,-1.3802077673696482
-1.1438472270965576,-1.1400847434997559,-1.0981450080871582,-1.019237844767115
-0.8094158172607422,-0.8225699663162231,-0.8212776184082031,-0.9293453190375998
-0.7687929272651672,-0.8954628705978394,-0.6259060502052307,-0.6376438358473397
-1.0613430738449097,-1.1543999910354614,-1.1552892923355103,-1.1249387366083
-1.084452509880066,-1.2486821413040161,-1.2707988023757935,-1.2952748095837496
-1.1091591119766235,-1.2953780889511108,-1.3133288621902466,-1.56331269864241
-0.16411352157592773,-0.15111295878887177,-0.1510201245546341,-0.08671609823958155
-0.1511782705783844,-0.14940518140792847,-0.152037113904953,-0.15366288787019475
-0.21880832314491272,-0.22892801463603973,-0.23455269634723663,-0.24641694110709347
-0.7467316389083862,-0.7433669567108154,-0.7405398488044739,-0.8216879456873214
-0.6330691576004028,-0.7968518733978271,-0.6224031448364258,-0.76275796001577
-0.6122691631317139,-0.6667923331260681,-0.6064768433570862,-0.5118837952735734
-0.5769683122634888,-0.8468178510665894,-0.700080394744873,-0.524373841197004
-0.3546578288078308,-0.5313875079154968,-0.436607301235199,-0.43046925762642946
-0.3851662576198578,-0.3793281614780426,-0.2916795611381531,-0.3475302820980142
-0.31009626388549805,-0.31233516335487366,-0.31918978691101074,-0.34579360742080123
-0.5291242003440857,-0.5045082569122314,-0.521923303604126,-0.26146360265571295
-0.38557595014572144,-0.33224910497665405,-0.35273438692092896,-0.3467874862246563
-0.6658089756965637,-0.6281411051750183,-0.6068886518478394,-0.4225082001627747
-2.0068435668945312,-2.1359479427337646,-2.0539305210113525,-2.6989700043360187
-2.1978979110717773,-2.1750683784484863,-2.267035961151123,-2.154901959985743
-2.2893640995025635,-2.1334526538848877,-2.2493627071380615,-1.8860566476931633
-2.0149128437042236,-2.17154860496521,-2.1759674549102783,-2.0969100130080562
-2.2505860328674316,-2.1269547939300537,-2.0845870971679688,-1.958607314841775
-2.0643608570098877,-2.055398464202881,-2.0721542835235596,-2.154901959985743
-1.9600908756256104,-1.9800714254379272,-2.1054654121398926,-2.0
-0.8510518670082092,-0.908176064491272,-0.8225235939025879,-0.9867413347164835
-0.9047659635543823,-0.9302512407302856,-0.903967559337616,-1.1354889189416082
-1.0238133668899536,-1.0822285413742065,-1.0557539463043213,-1.2700257143004443
-1.231526494026184,-1.2161234617233276,-1.2349666357040405,-1.5030703519267852
-1.4889485836029053,-1.5428704023361206,-1.4396607875823975,-1.5451551399914898
-0.6605618000030518,-0.6615918278694153,-0.6812028288841248,-0.585026652029182
-0.6594579815864563,-0.6532624959945679,-0.6496925950050354,-0.638272163982407
-0.6789628863334656,-0.6796623468399048,-0.6737603545188904,-0.6989700043360187
-0.7512655258178711,-0.76085364818573,-0.7212302684783936,-0.7061956400806633
-0.7398891448974609,-0.76085364818573,-0.7577629685401917,-0.6252516539898961
-0.6396248936653137,-0.6881386637687683,-0.6583630442619324,-0.6989700043360187
-0.7810308933258057,-0.7917889952659607,-0.7643169164657593,-0.8860566476931632
-0.6866272687911987,-0.6881386637687683,-0.6628496646881104,-0.596879478824182
-0.8215027451515198,-0.8177022337913513,-0.7854604721069336,-0.7958800173440752
-0.8213740587234497,-0.8351424336433411,-0.8495680093765259,-0.9208187539523752
-0.7263554930686951,-0.7214091420173645,-0.7280030250549316,-0.832682665251824
-0.6161346435546875,-0.5644142627716064,-0.5522884726524353,-0.5686362358410126
-0.5597826838493347,-0.5644142627716064,-0.5522884726524353,-0.6575773191777937
-0.6798024773597717,-0.700066328048706,-0.6790916919708252,-0.6989700043360187
-0.6254783272743225,-0.6321946382522583,-0.6321982741355896,-0.638272163982407
-0.5554092526435852,-0.5654738545417786,-0.5504899024963379,-0.5686362358410126
-0.5582232475280762,-0.5426988005638123,-0.543720543384552,-0.4814860601221125
-0.9367238879203796,-0.8941717743873596,-0.8815692067146301,-0.8239087409443188
-0.5151200294494629,-0.33216869831085205,-0.44987836480140686,-0.4814860601221125
0.029389705508947372,0.06381199508905411,0.03379407525062561,0.1457587283907783
0.03668290749192238,0.0943794995546341,0.033709511160850525,0.09483713737486861
-0.0012559385504573584,-0.014275094494223595,-0.010040918365120888,0.021189299069938092
-0.011662755161523819,0.004470813553780317,-0.04175541177392006,-0.040958607678906384
-0.06934037804603577,-0.03107227012515068,-0.13554254174232483,-0.07058107428570727
-0.038705822080373764,0.08275337517261505,-0.043621137738227844,-0.07918141976545234
-0.06424912810325623,0.022970091551542282,-0.12494286894798279,-0.3740509819413798
-1.5488808155059814,-1.653569221496582,-1.7138925790786743,-0.4814860601221125
-0.141581192612648,-0.2427840679883957,0.0035697673447430134,-0.6020599913279624
-0.013655956834554672,0.04180053621530533,0.04689152166247368,0.20411998265592482
0.05145856738090515,0.04949909821152687,0.07603344321250916,0.146128035678238
0.029304495081305504,-0.014697631821036339,0.0383167564868927,0.0
-0.019516265019774437,-0.04775191470980644,0.026568099856376648,-0.09691001300805639
-0.23937956988811493,-0.259275883436203,-0.16927118599414825,-0.5228787452803376
-0.7204910516738892,-0.8847717642784119,-0.7603354454040527,-0.10790539730951959
-1.0187172889709473,-0.9793576002120972,-0.5195085406303406,-1.2441251443275085
-0.7515981793403625,-0.7436085939407349,-0.7544321417808533,-1.3010299956639813
-0.397671639919281,-0.601436197757721,-1.0390127897262573,-0.25181197299379954
-0.17498406767845154,0.10908087342977524,-0.12848906219005585,-0.10237290870955855
-0.3711637556552887,-0.44929566979408264,-0.42690038681030273,-0.09691001300805639
-0.3085102140903473,-0.2901758849620819,-0.3663252890110016,-0.1938200260161128
-0.4715825915336609,-0.4336107075214386,-0.47502776980400085,-0.2076083105017461
-0.313675194978714,-0.30816566944122314,-0.3513651192188263,-0.3979400086720376
-0.49714529514312744,-0.5465846657752991,-0.525510311126709,-0.5228787452803376
-0.2011813521385193,-0.17556023597717285,-0.2247132956981659,-0.2839966563652008
-0.6778242588043213,-0.6958180665969849,-0.7363093495368958,-0.6989700043360187
-0.12531420588493347,-0.12982310354709625,-0.12454669922590256,-0.08618614761628333
-0.3434202969074249,-0.3429529368877411,-0.3440706133842468,-0.3010299956639812
-0.5194721817970276,-0.5008914470672607,-0.5051400065422058,-0.6020599913279624
0.028686050325632095,-0.024601507931947708,-0.019762547686696053,0.0
0.10244545340538025,0.10377372801303864,0.1204192116856575,0.11058971029924897
-0.09883683174848557,-0.08241178840398788,-0.08402156084775925,-0.1549019599857432
0.2203001081943512,0.2088807374238968,0.21811947226524353,0.25527250510330607
-0.3564539849758148,-0.370280385017395,-0.3569659888744354,-0.3010299956639812
0.3206884562969208,0.30825138092041016,0.27604442834854126,0.30319605742048883
0.10676940530538559,0.08307773619890213,0.10915107280015945,0.07918124604762482
0.41643577814102173,0.40331506729125977,0.3552015423774719,0.414973347970818
-0.12955763936042786,-0.15164150297641754,-0.12597158551216125,-0.1870866433571444
0.4298502504825592,0.42240679264068604,0.3788840174674988,0.47712125471966244
0.5193356871604919,0.4897037744522095,0.4182984232902527,0.5314789170422551
0.2206151932477951,0.23688076436519623,0.21499060094356537,0.25527250510330607
-0.06194138154387474,-0.023893078789114952,-0.02348863147199154,0.06069784035361165
-1.138758897781372,-1.0711718797683716,-1.134141206741333,-1.3979400086720375
-1.1803922653198242,-1.0720378160476685,-1.1902703046798706,-1.2365720064370627
-1.3133862018585205,-1.2235915660858154,-1.2139776945114136,-1.0655015487564323
-1.3238630294799805,-1.2059205770492554,-1.218519926071167,-1.0604807473813815
-1.677510380744934,-1.7168843746185303,-1.673620581626892,-1.7911288617530743
-1.8137917518615723,-1.7827942371368408,-1.8124909400939941,-1.8072096028793474
-2.0493221282958984,-1.943415880203247,-1.9322936534881592,-1.8954787473816714
-2.1741771697998047,-1.9971897602081299,-1.9721198081970215,-1.9348686278597902
-1.10149347782135,-1.1135450601577759,-1.0738275051116943,-1.1135092748275182
-1.0658856630325317,-1.058153748512268,-1.0162286758422852,-1.0861861476162833
-1.0422216653823853,-1.0071786642074585,-1.026998519897461,-0.9281179926938746
-1.148383617401123,-1.066641092300415,-1.1303091049194336,-1.1870866433571443
-1.1616045236587524,-1.0381592512130737,-1.1148881912231445,-1.1249387366083
-0.9712859392166138,-0.8091810345649719,-0.9102650880813599,-1.1804560644581312
-0.7561010122299194,-0.7960421442985535,-0.7931692600250244,-1.275724130399211
-0.7335031032562256,-0.7431813478469849,-0.7420281767845154,-1.2924298239020637
-1.1235424280166626,-1.0983635187149048,-1.1020020246505737,-1.1611509092627446
-1.0664474964141846,-1.04296875,-1.0390613079071045,-0.9913998282380825
-1.119996428489685,-1.115804672241211,-1.0707913637161255,-1.0861861476162833
-1.184471607208252,-1.1489901542663574,-1.1602914333343506,-1.193820026016113
-1.1210229396820068,-1.058132290840149,-1.0310797691345215,-1.0506099933550872
-0.893068253993988,-0.8721436858177185,-0.9529534578323364,-1.1426675035687315
-0.7661990523338318,-0.7824104428291321,-0.7447150349617004,-1.1804560644581312
-0.7555879354476929,-0.7561208605766296,-0.7420281767845154,-1.2006594505464183
-0.40265461802482605,-0.562789797782898,-0.47311514616012573,-0.6020599913279624
-0.326870322227478,-0.4231067895889282,-0.3692321479320526,-0.3467874862246563
-0.22477199137210846,-0.26203107833862305,-0.2804150879383087,-0.1549019599857432
-0.09888771176338196,-0.10873077064752579,-0.14356257021427155,0.0
-0.4456544816493988,-0.5750373005867004,-0.5174286961555481,-0.6989700043360187
-0.44541266560554504,-0.4276050925254822,-0.4894809126853943,-0.4559319556497244
-0.3531966805458069,-0.3329760730266571,-0.3530844748020172,-0.23657200643706278
-0.21069464087486267,-0.23956413567066193,-0.1364465206861496,-0.09691001300805639
-0.658149778842926,-0.645700216293335,-0.6263101696968079,-0.6020599913279624
-0.47714072465896606,-0.5084292888641357,-0.5031924247741699,-0.744727494896694
-0.4549974501132965,-0.44335368275642395,-0.4602314233779907,-0.42021640338318983
-0.3578174412250519,-0.3381696343421936,-0.360962837934494,-0.22184874961635637
-0.24098464846611023,-0.32725271582603455,-0.33725929260253906,-0.6989700043360187
-0.7356188297271729,-0.7463189363479614,-0.7413699626922607,-1.0
-0.7637740969657898,-0.7593411207199097,-0.790562093257904,-0.9208187539523752
-1.0022435188293457,-0.9998140931129456,-0.9228225946426392,-0.6989700043360187
-0.8867542743682861,-0.8750277757644653,-0.8925046920776367,-0.8538719643217619
-1.11309015750885,-1.1845266819000244,-1.233897089958191,-0.7958800173440752
-1.0131018161773682,-1.0257165431976318,-0.9841968417167664,-0.9208187539523752
-0.5959668159484863,-0.9623457193374634,-0.925811767578125,-1.0969100130080565
-0.43432217836380005,-0.690041184425354,-0.7451575398445129,-1.2218487496163564
-1.776686668395996,-1.6301401853561401,-1.724960207939148,-0.8860566476931632
-0.5660250782966614,-0.5951791405677795,-0.5741908550262451,0.01703333929878037
-0.0733884647488594,-0.03471650928258896,-0.43859830498695374,0.1610683854711746
-0.38663387298583984,-0.41864529252052307,-1.2988451719284058,0.0441476208787228
-0.27763983607292175,-0.3012319803237915,-0.326266348361969,-0.744727494896694
-0.18267133831977844,-0.20831285417079926,-0.5837586522102356,-0.09205147838772768
-0.23663166165351868,-0.25198158621788025,-1.3669487237930298,-0.5228787452803376
-0.7867579460144043,-0.8459293842315674,-1.270369052886963,-0.744727494896694
-0.6573777794837952,-0.6857372522354126,-0.9937220215797424,-0.9030899869919435
-0.8447685837745667,-0.9726031422615051,-1.5565499067306519,-0.8664610916297825
-1.3863615989685059,-1.6231029033660889,-2.0847911834716797,-0.958607314841775
-1.182293176651001,-1.1186624765396118,-1.370380163192749,-1.6989700043360187
-1.4141998291015625,-1.5509769916534424,-1.4912161827087402,-1.7958800173440752
-0.5895760655403137,-0.4860006868839264,-0.5630135536193848,-0.6020599913279624
-0.6418822407722473,-0.5942010283470154,-0.6377323865890503,-0.585026652029182
-0.7289581894874573,-0.7398430109024048,-0.72011798620224,-0.619788758288394
-0.884429395198822,-0.8992966413497925,-0.8608583211898804,-0.8860566476931632
-1.2353907823562622,-1.2138785123825073,-1.1812011003494263,-1.3979400086720375
-1.1226885318756104,-1.19919753074646,-1.084261417388916,-1.2218487496163564
-1.0488951206207275,-1.0456244945526123,-0.9415146112442017,-1.0
-0.9986296892166138,-0.9921525716781616,-0.9746719002723694,-0.8860566476931632
-1.0554640293121338,-1.0876455307006836,-1.055111050605774,-0.8860566476931632
-1.1176323890686035,-1.076156735420227,-1.1372102499008179,-1.154901959985743
-1.3360170125961304,-1.2906148433685303,-1.2949832677841187,-1.3979400086720375
-1.6437350511550903,-1.7189520597457886,-1.6422333717346191,-2.0
-1.7661877870559692,-1.8112136125564575,-1.8090715408325195,-1.6989700043360187
-1.5419316291809082,-1.5200018882751465,-1.4170310497283936,-1.6989700043360187
-2.260298013687134,-2.295377254486084,-2.270987033843994,-2.1804560644581312
-2.504828453063965,-2.4490716457366943,-1.578524112701416,-2.3565473235138126
-2.3825838565826416,-2.443634033203125,-2.481552839279175,-2.6020599913279625
-1.8828272819519043,-1.9271397590637207,-1.22013521194458,-2.537602002101044
-2.4055707454681396,-2.4285292625427246,-2.668665647506714,-2.721246399047171
-1.686040997505188,-1.674547791481018,-1.6806293725967407,-0.09691001300805639
-0.5671044588088989,-0.5279994010925293,-0.4667000472545624,0.24054924828259971
-0.9188250303268433,-0.9640457034111023,-0.6167885661125183,-1.2218487496163564
-0.7334235310554504,-0.7431181073188782,-0.7512623071670532,-0.728158393463501
-0.8043750524520874,-0.7724002599716187,-0.6884812116622925,-0.3467874862246563
-0.6177456974983215,-0.6103378534317017,-0.6252617239952087,-0.8860566476931632
-0.07974619418382645,-0.5392469763755798,-0.4542001485824585,-0.6536470255493614
-0.3023472726345062,-0.6864522099494934,-0.6896519660949707,-0.6635402661514704
-0.8273184299468994,-0.7820109128952026,-0.9438623785972595,-1.0
-1.2560524940490723,-1.541128158569336,-1.3469523191452026,-0.6777807052660807
-0.9825483560562134,-0.99150550365448,-0.9941593408584595,-0.004364805402450088
-0.49311593174934387,-0.4925605058670044,-0.4797792434692383,-1.0457574905606752
-1.0136041641235352,-0.8001352548599243,-0.8083435297012329,-1.0655015487564323
-0.7474105954170227,-1.149579644203186,-0.7222482562065125,-1.0457574905606752
-1.0707026720046997,-1.0634058713912964,-1.1138255596160889,-1.0655015487564323
-1.5770751237869263,-1.2054823637008667,-1.6188654899597168,-1.080921907623926
-0.7555598616600037,-0.7560956478118896,-0.7449259757995605,0.17609125905568124
-1.2305190563201904,-1.2257511615753174,-1.18599271774292,-1.3979400086720375
-0.6192616820335388,-0.6239086985588074,-0.7278476357460022,-0.431798275933005
-0.4548655152320862,-0.4252741038799286,-0.47049596905708313,-0.4814860601221125
-0.5417096614837646,-0.5162340402603149,-0.5262826085090637,-0.5228787452803376
-0.48543447256088257,-0.5263295769691467,-0.5604693293571472,-0.6777807052660807
-1.247502088546753,-1.345822811126709,-1.3903775215148926,-1.3979400086720375
-0.7098329663276672,-0.7726145386695862,-0.7111659646034241,-0.4814860601221125
-0.5106709599494934,-0.4578520357608795,-0.4555372893810272,-0.5376020021010439
-0.562018871307373,-0.5569038987159729,-0.5636231899261475,-0.585026652029182
-0.5565832257270813,-0.5907984972000122,-0.6860639452934265,-0.6989700043360187
-1.1955121755599976,-1.1973923444747925,-1.2142289876937866,-1.5228787452803376
-0.734232485294342,-0.8050349950790405,-0.7038024663925171,-0.5376020021010439
-0.5175341963768005,-0.585138738155365,-0.5601490139961243,-0.6020599913279624
-0.6320658326148987,-0.6381353735923767,-0.6775853633880615,-0.638272163982407
-0.7690721750259399,-0.755328357219696,-0.786672830581665,-0.721246399047171
-1.1518638134002686,-1.1515047550201416,-1.1675255298614502,-1.5228787452803376
-0.7395655512809753,-0.8540191650390625,-0.7728475332260132,-0.6575773191777937
-0.668891966342926,-0.6193802356719971,-0.6223424077033997,-0.721246399047171
-0.8219944834709167,-0.7425644397735596,-0.8172144889831543,-0.7695510786217261
-0.9078085422515869,-0.916347861289978,-0.940891683101654,-0.8538719643217619
-0.8987934589385986,-0.9689564108848572,-0.9945119023323059,-0.5528419686577808
-0.5523597002029419,-0.4536627531051636,-0.5561053156852722,-0.619788758288394
-0.5637986063957214,-0.5537831783294678,-0.5773555636405945,-0.6575773191777937
-0.7197840809822083,-0.7198305726051331,-0.7189966440200806,-0.6989700043360187
-0.7744813561439514,-0.7962743043899536,-0.8198824524879456,-0.744727494896694
-0.46062901616096497,-0.6406996250152588,-0.6261268854141235,-0.46852108295774486
-0.3235546946525574,-0.2673479914665222,-0.26596003770828247,-0.5228787452803376
-0.6510233283042908,-0.4115448594093323,-0.31853634119033813,-0.5528419686577808
-0.6736195683479309,-0.6923313736915588,-0.7282222509384155,-0.585026652029182
-0.7649996280670166,-0.732079803943634,-0.7429155111312866,-0.6020599913279624
-1.1344915628433228,-1.1457535028457642,-1.0674704313278198,-0.7695510786217261
-0.7828149199485779,-0.7517269253730774,-0.7718961238861084,-0.8860566476931632
-0.9446099996566772,-0.86537104845047,-0.8881040811538696,-1.0
-1.168053150177002,-1.129341959953308,-1.186069130897522,-1.0457574905606752
-1.0071113109588623,-0.9432461857795715,-0.8947266340255737,-1.3010299956639813
-0.8686640858650208,-0.8479804992675781,-0.8801120519638062,-0.8601209135987634
-0.7264320850372314,-0.7650567293167114,-0.7554269433021545,-0.721246399047171
-0.9389206767082214,-0.9484051465988159,-0.9549000859260559,-0.9393021596463883
-0.9737598896026611,-0.9973978996276855,-0.9719538688659668,-0.9956786262173574
-0.7628605961799622,-0.7602633237838745,-0.7706580758094788,-0.7495799976911061
-1.0381335020065308,-1.0258554220199585,-1.0095136165618896,-1.0604807473813815
-0.7865549921989441,-0.7784685492515564,-0.7611401081085205,-0.7772835288524167
-1.2327641248703003,-1.3344868421554565,-1.2561402320861816,-1.1674910872937636
-0.7739578485488892,-0.7795373201370239,-0.7897335290908813,-0.8210230527068306
-0.9653378129005432,-0.9459490180015564,-0.8728439807891846,-0.8996294548824371
-0.6340235471725464,-0.6163629293441772,-0.6262912154197693,-0.44369749923271273
-0.4647029638290405,-0.6635589003562927,-0.686621904373169,-0.5528419686577808
-0.4941815733909607,-0.7863947153091431,-0.7897079586982727,-0.7958800173440752
-0.5305419564247131,-0.7428344488143921,-0.7669469714164734,-1.0969100130080565
-0.5455207228660583,-0.35878023505210876,-0.6241250038146973,-0.24382048315619081
-0.39222943782806396,-0.2558040916919708,-0.2554527223110199,-0.5757719293040201
-0.7544170022010803,-0.7436611652374268,-0.73663729429245,-0.8024437868464636
-0.4963032007217407,-0.6650011539459229,-0.5899360775947571,-0.7695510786217261
-1.125428318977356,-1.2957016229629517,-1.2726032733917236,-1.2218487496163564
-1.2967324256896973,-1.3262829780578613,-1.3330551385879517,-1.3979400086720375
-1.3845839500427246,-1.4179308414459229,-1.3918832540512085,-1.3767507096020994
-1.2827991247177124,-1.2886817455291748,-1.2856322526931763,-1.3010299956639813
-1.2046239376068115,-1.1976186037063599,-1.1879537105560303,-1.207608310501746
-1.1473973989486694,-1.1719975471496582,-1.1771525144577026,-1.0555173278498313
-1.2320224046707153,-1.231926679611206,-1.140323519706726,-1.3098039199714864
-1.2196967601776123,-1.2027870416641235,-1.140323519706726,-1.408935392973501
-1.2315572500228882,-1.2883206605911255,-1.251127004623413,-1.3187587626244128
-1.170964002609253,-1.2457706928253174,-1.2164740562438965,-1.2596373105057561
-1.3028305768966675,-1.343450903892517,-1.3456330299377441,-1.3467874862246563
-1.259272813796997,-1.281341791152954,-1.2813071012496948,-1.3010299956639813
-1.170964002609253,-1.2507396936416626,-1.2694097757339478,-1.193820026016113
-1.1421018838882446,-1.1304161548614502,-1.1018375158309937,-1.0555173278498313
-1.297934889793396,-1.284851312637329,-1.3226091861724854,-1.3979400086720375
-1.0213518142700195,-0.8613079786300659,-0.965083658695221,-1.154901959985743
-0.8071883916854858,-0.743179202079773,-0.9281006455421448,-1.6989700043360187
-0.6224907636642456,-0.6506052017211914,-0.630217969417572,-0.6055483191737837
-0.6343905925750732,-0.664556086063385,-0.5820544958114624,-0.575118363368933
-0.7448100447654724,-0.7152332067489624,-0.678255558013916,-0.692503962086787
-0.6575610637664795,-0.6479203104972839,-0.6600552201271057,-0.744727494896694
-0.7518963813781738,-0.7450136542320251,-0.7772514820098877,-0.7544873321858502
-0.9539896249771118,-0.926675021648407,-0.8649491667747498,-0.7878123955960422
-0.8124489784240723,-0.7855858206748962,-0.8217007517814636,-0.790484985457369
-1.3721911907196045,-1.320199728012085,-1.204050064086914,-0.8416375079047503
-1.3027509450912476,-1.3068959712982178,-1.3070894479751587,-1.3010299956639813
-0.7555624842643738,-0.7431837916374207,-0.7512654066085815,-3.0
-0.8780536651611328,-0.7234439849853516,-0.8694125413894653,-0.8538719643217619
-0.7736384868621826,-0.771864116191864,-0.8056756854057312,-0.7695510786217261
-0.8681390285491943,-0.8485470414161682,-0.8549184203147888,-0.744727494896694
-0.8146181106567383,-0.8014174699783325,-0.7956106066703796,-0.8356471442155629
-0.8704807758331299,-0.8733071684837341,-0.8239826560020447,-0.8538719643217619
-0.8454530835151672,-0.7392752766609192,-0.7556836605072021,-0.8386319977650252
-0.7423473596572876,-0.6985065937042236,-0.7684195637702942,-0.7958800173440752
-0.7234489917755127,-0.6669569611549377,-0.7134645581245422,-0.721246399047171
-0.8373854160308838,-0.8779048323631287,-0.8033127188682556,-0.785156151952302
-0.7873733043670654,-0.6815695762634277,-0.7991809248924255,-0.6289321377282637
-0.6224882006645203,-0.6331663131713867,-0.714873731136322,-0.6575773191777937
-0.6149179935455322,-0.6315463185310364,-0.7035327553749084,-0.5376020021010439
-0.7412315607070923,-0.7436085939407349,-0.7420281767845154,-2.0
-0.7334235310554504,-0.7453444600105286,-0.7449259757995605,-0.27572413039921095
-0.7555599212646484,-0.7436085939407349,-0.7420281767845154,-0.8961962790440432
-0.9870891571044922,-1.244009256362915,-1.1532293558120728,-1.0969100130080565
-0.5704237818717957,-0.5369064211845398,-0.5265130996704102,-0.8860566476931632
-0.7775221467018127,-0.8074795007705688,-0.7864146828651428,-0.27572413039921095
-0.5359004735946655,-0.5429379343986511,-0.5436301231384277,-0.8239087409443188
-0.7697785496711731,-0.5330668091773987,-0.7802087068557739,-0.8239087409443188
-0.7334235310554504,-0.7560956478118896,-0.7512623071670532,-0.5228787452803376
-0.6532428860664368,-0.8516305685043335,-0.8771188259124756,0.7923916894982539
-0.5203869938850403,-0.8068247437477112,-0.4254569113254547,-1.2218487496163564
-0.9290450811386108,-1.0094671249389648,-0.9954658150672913,-0.6989700043360187
-0.7686493992805481,-0.8593118786811829,-1.0441186428070068,-0.6020599913279624
-0.792432427406311,-0.7922093868255615,-0.7449254393577576,-1.0705810742857071
-1.0624336004257202,-1.0654836893081665,-0.7449254393577576,-0.7931741239681502
-0.5020201802253723,-0.24398435652256012,-0.2404688000679016,0.414973347970818
-0.06132000312209129,0.24685485661029816,0.2689448595046997,0.05690485133647255
-0.25904178619384766,-0.05866076797246933,-0.05202052369713783,0.05690485133647255
-0.24524469673633575,-0.26153919100761414,-0.3784700930118561,0.4471580313422192
0.3297315537929535,0.3076275587081909,0.003917303867638111,0.1553360374650618
-0.17739742994308472,-0.16655735671520233,-0.30511754751205444,0.13353890837021754
0.33149418234825134,0.3410111367702484,0.3489310145378113,-0.031517051446064856
-0.04631501063704491,-0.05336540564894676,-0.052940282970666885,0.36921585741014284
-0.7492761611938477,-0.7430267333984375,-0.7543252110481262,0.11058971029924897
-1.3931742906570435,-1.4668898582458496,-1.4611704349517822,-0.7622954418286619
-1.5636789798736572,-1.7572762966156006,-0.8472108840942383,-2.3549709352788577
-0.7389142513275146,-1.0570875406265259,-0.7871010303497314,-0.6952639584468989
-0.7194888591766357,-0.8116416335105896,-0.8805270195007324,-0.7083292910333987
-1.5727959871292114,-1.4647481441497803,-1.5052573680877686,-1.1246608770454607
-1.2326477766036987,-0.9323824048042297,-1.2040332555770874,-1.0413166902732505
-1.0617785453796387,-0.9868228435516357,-1.115686058998108,-1.032953061714837
-2.1077969074249268,-1.9793450832366943,-1.1088515520095825,-2.374687549038326
-1.7605427503585815,-1.79938542842865,-1.7942949533462524,-1.4921711039544716
-1.1179169416427612,-1.2845855951309204,-1.0995429754257202,-1.3998005974303367
-1.4904229640960693,-1.260977864265442,-1.4225114583969116,-1.4496982512629177
-2.2427151203155518,-2.118462085723877,-1.3760021924972534,-2.3988094673846665
-1.3669861555099487,-1.5981347560882568,-1.3613615036010742,-1.9034723343935602
-2.8296775817871094,-3.012326717376709,-2.946924924850464,-2.595679532778269
-0.04233258590102196,-0.2180270105600357,-0.2805710434913635,-0.4814860601221125
-0.2468990981578827,-0.22949974238872528,-0.40497487783432007,-0.23657200643706278
-0.1766851842403412,-0.21175183355808258,-0.34451672434806824,0.021189299069938092
-0.4474974274635315,-0.5077479481697083,-0.31339120864868164,0.2304489213782739
0.019566599279642105,-0.477774441242218,-0.05929248407483101,-0.42021640338318983
-0.2928221523761749,-0.3361999988555908,-0.17553535103797913,0.04139268515822507
-0.0450211726129055,-0.08032526820898056,-0.11020603775978088,-0.1549019599857432
0.04849091172218323,-0.032964907586574554,-0.08272728323936462,-0.22184874961635637
-0.07749909907579422,0.069830022752285,0.05637328326702118,-0.22184874961635637
-0.07294554263353348,-0.043174859136343,-0.0662064254283905,0.04139268515822507
0.10640642046928406,0.02360171638429165,0.04600934684276581,0.0
0.07832110673189163,0.1256457418203354,0.08067050576210022,0.17609125905568124
0.1344223916530609,0.18806971609592438,0.11780113726854324,0.2304489213782739
0.13097229599952698,0.22847235202789307,0.24021025002002716,0.3424226808222063
-1.169437050819397,-1.1610095500946045,-1.145851731300354,-1.147867825178142
-1.2186813354492188,-1.247907280921936,-1.2354259490966797,-1.18861939781828
-1.2422226667404175,-1.2469273805618286,-1.2527652978897095,-1.2887919201413667
-1.3590642213821411,-1.3846936225891113,-1.3250880241394043,-1.3226577190884612
-1.2865395545959473,-1.3422297239303589,-1.304036259651184,-1.4648831791970478
-1.3448336124420166,-1.1740429401397705,-1.0450794696807861,-1.8239087409443189
-1.5643283128738403,-1.3064910173416138,-1.5204111337661743,-1.585026652029182
-1.170915126800537,-1.063110113143921,-1.0046579837799072,-1.4685210829577449
-1.3338062763214111,-1.237694501876831,-1.2238798141479492,-0.7695510786217261
-1.2323888540267944,-0.8884851336479187,-0.9857327938079834,-0.8860566476931632
-0.8801242709159851,-0.8911427855491638,-1.0194424390792847,-0.958607314841775
-0.8315887451171875,-0.6845289468765259,-0.7758360505104065,-1.0705810742857071
-1.3938077688217163,-0.848450779914856,-1.4792901277542114,-1.154901959985743
-1.5878756046295166,-1.6137903928756714,-1.601068377494812,-0.9913998282380825
-0.7719535231590271,-0.7546176910400391,-0.848807156085968,-0.6716203965612623
-0.7625352740287781,-0.7596208453178406,-0.8666971325874329,-0.7644715530924511
-0.7832261323928833,-0.7766187787055969,-0.769256055355072,-0.9244530386074693
0.35485440492630005,0.3684743642807007,0.37178078293800354,0.6532125137753437
0.609307587146759,0.6299773454666138,0.6219965219497681,0.38560627359831223
-1.0173499584197998,-1.01051926612854,-0.9051944613456726,-0.958607314841775
-1.143385648727417,-1.1986364126205444,-1.2327908277511597,-1.1487416512809248
-1.23671293258667,-1.22232985496521,-1.2043671607971191,-1.2628073572952627
-1.1300066709518433,-1.1183428764343262,-1.11665940284729,-1.0
-0.9419330954551697,-0.9966470003128052,-0.9595344662666321,-0.9208187539523752
-1.1759551763534546,-1.179337978363037,-1.2141127586364746,-1.0736575533743449
-1.273636817932129,-1.3029364347457886,-1.288954496383667,-1.2410881076020264
-1.0887762308120728,-1.1718157529830933,-1.173814058303833,-0.958607314841775
-0.9236676096916199,-0.9208437204360962,-0.9376317858695984,-0.9208187539523752
-1.0198917388916016,-1.0142611265182495,-1.216414213180542,-1.056011124926228
-1.2264589071273804,-1.234643816947937,-1.2559783458709717,-1.2232988160115892
-0.9822119474411011,-1.066928744316101,-1.0580191612243652,-0.958607314841775
-0.7349432110786438,-0.8121007084846497,-0.7704366445541382,-0.9208187539523752
-0.9692099690437317,-1.1292818784713745,-0.9452226758003235,-1.0400051616715837
-1.1283204555511475,-1.096907377243042,-1.1438874006271362,-1.2132485778544388
-0.9287168979644775,-0.9462971091270447,-0.9104225039482117,-0.958607314841775
-0.45976731181144714,-0.46856746077537537,-0.557693600654602,-0.3565473235138126
-0.49892657995224,-0.464434951543808,-0.607875645160675,-0.494850021680094
-0.5766734480857849,-0.6343774199485779,-0.5711508393287659,-0.638272163982407
-0.8118543028831482,-0.7799410223960876,-0.775050938129425,-0.8538719643217619
-1.3201466798782349,-1.3227909803390503,-1.2051681280136108,-1.3010299956639813
-0.7495322823524475,-0.7452807426452637,-0.7544320821762085,0.11394335230683678
-1.2512036561965942,-1.2147570848464966,-1.3246921300888062,-1.3010299956639813
-1.276642084121704,-1.2474992275238037,-1.3055369853973389,-1.0969100130080565
-1.2205229997634888,-1.3370486497879028,-1.317046880722046,-0.8538719643217619
-1.5071263313293457,-1.4726519584655762,-1.4840011596679688,-1.5228787452803376
-0.4443383812904358,-0.18858684599399567,-0.2181265503168106,0.17926446433902532
0.036574963480234146,0.14974622428417206,0.023088762536644936,-0.11294562194904302
0.19839373230934143,0.1667129248380661,-0.23404531180858612,-0.6635402661514704
-0.713171660900116,-0.7466595768928528,-0.7425228357315063,-0.744727494896694
-0.5638740658760071,-0.6114271283149719,-0.604583740234375,-0.585026652029182
-0.8156771659851074,-0.8025941252708435,-0.7985522747039795,-0.7695510786217261
-0.6074085831642151,-0.6533191800117493,-0.6361628770828247,-0.6020599913279624
-0.8474421501159668,-0.8350422382354736,-0.8682059049606323,-0.8538719643217619
-0.7100279331207275,-0.7364910244941711,-0.7106255292892456,-0.6777807052660807
-0.928036630153656,-0.9579847455024719,-0.9388689398765564,-0.8860566476931632
-0.8144678473472595,-0.8211453557014465,-0.8232272267341614,-0.7695510786217261
-0.971736490726471,-0.9035336971282959,-0.9662013053894043,-0.8209425287452897
-1.0493205785751343,-1.0592249631881714,-0.9898781180381775,-1.186539109459555
-0.9993016123771667,-1.0300918817520142,-1.0912127494812012,-1.0457574905606752
-0.9863841533660889,-1.0002351999282837,-0.9617390632629395,-0.9030899869919435
-0.7552676796913147,-0.7982010245323181,-0.7621631622314453,-0.7668921556946119
-0.9584183692932129,-0.9327840805053711,-0.9565416574478149,-0.9548687791235029
-0.8479865789413452,-0.8121103644371033,-0.8452351093292236,-0.8767594132816814
-0.9610188603401184,-0.9549205899238586,-1.002675175666809,-0.9875888458069761
-0.8747241497039795,-0.8516103625297546,-0.8747618794441223,-0.8079904073463299
-0.7804856300354004,-0.7693773508071899,-0.8000357747077942,-0.7311553558532908
-0.7308822274208069,-0.7335360646247864,-0.7156771421432495,-0.7356639445104669
-0.8283789157867432,-0.8628892302513123,-0.852056622505188,-0.8788736818071115
-0.7966919541358948,-0.766530454158783,-0.831412136554718,-0.7535900597763822
-0.8614304661750793,-0.8559339642524719,-0.9446391463279724,-0.8407216304182816
-0.6731417775154114,-0.7297859191894531,-0.7075533270835876,-0.7244583115986905
-0.6240146160125732,-0.6265148520469666,-0.6485629081726074,-0.6353008257633614
-0.7776255011558533,-0.7328809499740601,-0.8295618891716003,-0.7195559448150182
-0.785849392414093,-0.8299906253814697,-0.9222888350486755,-0.7986738981943117
-0.661865234375,-0.5969629287719727,-0.6096565127372742,-0.6989700043360187
-0.46800610423088074,-0.49632009863853455,-0.5594503879547119,-0.6087931025529644
-0.6123334765434265,-0.6405951976776123,-0.6458492875099182,-0.49894073778224846
-0.4651826024055481,-0.37495118379592896,-0.37920641899108887,-0.38827669199265824
-0.4651826024055481,-0.40505704283714294,-0.4097835123538971,-0.36957212497497616
-0.2960786819458008,-0.39068230986595154,-0.4120071828365326,-0.35066514128785814
-0.4202170670032501,-0.44815707206726074,-0.48786187171936035,-0.25414480482627105
-0.7512305974960327,-0.7581301331520081,-0.7832016348838806,-0.906578314837765
-0.7431697845458984,-0.7304937243461609,-0.7390852570533752,-0.6439741428068773
-0.7242146730422974,-0.7245496511459351,-0.7390852570533752,-0.7258421507363202
-0.7398620247840881,-0.7389699816703796,-0.726670503616333,-0.6777807052660807
-0.7509012818336487,-0.7266695499420166,-0.726670503616333,-0.744727494896694
-0.7984084486961365,-0.8150590062141418,-0.80701744556427,-0.7798919119599449
-0.8787180185317993,-0.8910104632377625,-0.8895890712738037,-0.8153085691824012
-0.9183209538459778,-0.9313419461250305,-0.9150819778442383,-0.8860566476931632
-0.9509478807449341,-0.9602325558662415,-0.9641095995903015,-0.9100948885606021
-0.8270573616027832,-0.8071475625038147,-0.8116169571876526,-0.8386319977650252
-0.7556438446044922,-0.7139306664466858,-0.7374852895736694,-0.6478174818886375
-0.7217780947685242,-0.7383365631103516,-0.7518259286880493,-0.7328282715969863
-0.7618984580039978,-0.7621572017669678,-0.7600095272064209,-0.6777807052660807
-0.7618984580039978,-0.7621572017669678,-0.7596700191497803,-0.744727494896694
-0.8080994486808777,-0.8088688254356384,-0.7941753268241882,-0.785156151952302
-0.896316647529602,-0.914398729801178,-0.9049599766731262,-0.826813731587726
-0.9674398899078369,-0.9613690972328186,-0.9519956111907959,-0.8860566476931632
-1.0034849643707275,-1.013539433479309,-1.021179437637329,-0.9172146296835499
-0.7664992809295654,-0.7645362615585327,-0.7616042494773865,-0.707743928643524
-0.7491771578788757,-0.7409268617630005,-0.7727192640304565,-0.8446639625349383
-0.755486786365509,-0.7834019064903259,-0.770397961139679,-0.744727494896694
-0.77388596534729,-0.7747558355331421,-0.770397961139679,-0.8538719643217619
-0.8352522253990173,-0.8417878150939941,-0.8328792452812195,-0.7644715530924511
-0.7790431380271912,-0.7832655310630798,-0.8089315295219421,-0.8996294548824371
-0.9423564076423645,-0.9241620302200317,-0.9417424201965332,-0.9469215565165803
-0.9646396040916443,-0.9598878026008606,-0.9733272194862366,-1.0457574905606752
-1.0035828351974487,-1.0153295993804932,-1.019102931022644,-1.1135092748275182
-0.7935523986816406,-0.7984055280685425,-0.820795476436615,-0.790484985457369
-0.7935523986816406,-0.792754590511322,-0.8020199537277222,-0.9706162223147904
-0.8014275431632996,-0.8179606795310974,-0.8231803774833679,-0.8239087409443188
-0.8014275431632996,-0.8031174540519714,-0.7943143248558044,-0.9208187539523752
-0.811652421951294,-0.8685076832771301,-0.8532471060752869,-0.978810700930062
-1.011912226676941,-1.0207669734954834,-1.0029382705688477,-1.0409586076789064
-1.047519326210022,-1.0791118144989014,-1.0400516986846924,-1.0969100130080565
-0.8711382150650024,-0.8685076832771301,-0.8532471060752869,-0.692503962086787
-1.0457203388214111,-1.080251693725586,-1.0640207529067993,-1.1739251972991736
-0.8252673149108887,-0.8085307478904724,-0.837406575679779,-0.8096683018297085
-0.7834109663963318,-0.7540262937545776,-0.7418500185012817,-0.7495799976911061
-0.7124778032302856,-0.7050254940986633,-0.6641438603401184,-0.7328282715969863
-1.0253387689590454,-1.020033597946167,-1.0323177576065063,-1.0861861476162833
-1.0268605947494507,-1.059795618057251,-1.01219642162323,-1.0555173278498313
-1.0143343210220337,-1.0309691429138184,-1.0493825674057007,-1.0268721464003012
-0.9959838390350342,-0.9976146817207336,-1.002640962600708,-1.013228265733755
-0.9150542616844177,-0.8937016129493713,-0.9216699600219727,-1.0
-0.8631112575531006,-0.9039174914360046,-0.8913876414299011,-0.8538719643217619
-0.8568088412284851,-0.8294212818145752,-0.7442339658737183,-0.8239087409443188
-1.2042368650436401,-1.1981281042099,-1.1745797395706177,-1.154901959985743
-0.7182836532592773,-0.6672031879425049,-0.591796338558197,-0.7958800173440752
-1.1763967275619507,-1.1598738431930542,-1.1870611906051636,-1.154901959985743
-1.1450976133346558,-1.1442711353302002,-1.160109519958496,-1.0969100130080565
-1.065529227256775,-1.085587739944458,-1.0518158674240112,-1.0969100130080565
-0.9563966989517212,-0.9538211822509766,-0.9399891495704651,-1.0457574905606752
-0.9280440211296082,-0.9643039107322693,-0.9462011456489563,-0.8356471442155629
-0.9280440211296082,-0.8818164467811584,-0.9462011456489563,-1.0087739243075051
-0.9600815773010254,-0.9342734217643738,-0.9617364406585693,-0.8538719643217619
-0.8906458020210266,-0.9342734217643738,-0.877224862575531,-1.0457574905606752
-0.9141203165054321,-0.8773136734962463,-0.8763338327407837,-1.0861861476162833
-1.218979001045227,-1.209415316581726,-1.239993691444397,-1.1249387366083
-1.2810924053192139,-1.2590041160583496,-1.2457869052886963,-1.2218487496163564
-1.1861977577209473,-1.2479571104049683,-1.2150787115097046,-1.2839966563652008
-0.9141203165054321,-0.9708909392356873,-0.9648208022117615,-0.6903698325741012
-0.9551657438278198,-0.9571719169616699,-0.9026960134506226,-0.9208187539523752
-0.8739408254623413,-0.8675435185432434,-0.8210085034370422,-0.8632794328435931
-1.273470163345337,-1.3120534420013428,-1.3220757246017456,-1.3187587626244128
-0.8420478701591492,-0.8622868657112122,-0.7754661440849304,-0.826813731587726
-1.307729959487915,-1.3251851797103882,-1.3060048818588257,-1.275724130399211
-1.2378261089324951,-1.249030351638794,-1.2194595336914062,-1.214670164989233
-1.16502845287323,-1.1717442274093628,-1.1888593435287476,-1.1611509092627446
-1.0490078926086426,-1.1015868186950684,-1.0515328645706177,-1.1307682802690238
-2.0643420219421387,-2.0866920948028564,-1.5447410345077515,-2.0
-1.8481292724609375,-1.8674737215042114,-1.6056575775146484,-2.0
-1.6826157569885254,-1.7056089639663696,-1.6959999799728394,-1.5228787452803376
-1.4627323150634766,-1.481508731842041,-1.4621829986572266,-1.585026652029182
-1.9596130847930908,-1.9552912712097168,-1.474302053451538,-1.8860566476931633
-1.7920557260513306,-1.818244218826294,-1.256202220916748,-2.154901959985743
-0.7507466673851013,-0.7424473762512207,-0.7466703653335571,-0.6777807052660807
-0.7411375641822815,-0.7432079315185547,-0.7386459708213806,-1.3979400086720375
-0.7832532525062561,-0.7599315643310547,-0.7537444233894348,-0.8860566476931632
-0.9198656678199768,-0.8685795068740845,-0.9313438534736633,-0.7024583321818402
-0.9918961524963379,-0.9682413935661316,-0.9721384048461914,-0.7695510786217261
-1.0555014610290527,-1.0789874792099,-1.0662680864334106,-1.0486624812040823
-1.2537240982055664,-1.3034833669662476,-1.2385226488113403,-1.2814983111327258
-1.167555570602417,-1.182572841644287,-1.1204484701156616,-2.065501548756432
-1.0783449411392212,-1.0771406888961792,-1.0138554573059082,-1.8860566476931633
-1.523993968963623,-1.5042692422866821,-1.4396607875823975,-1.4225082001627747
-0.03857136517763138,-0.09309779107570648,-0.033862266689538956,0.021189299069938092
0.12118835002183914,0.12274958193302155,0.1353527009487152,0.13353890837021754
0.15110638737678528,0.15537254512310028,0.1524471789598465,0.15228834438305647
0.02718469686806202,0.03358406946063042,0.038176145404577255,-0.07572071393811836
0.058316852897405624,0.05797884613275528,0.08926638960838318,0.03742649794062367
0.17734161019325256,0.18911212682724,0.16647425293922424,0.19865708695442263
0.2462870180606842,0.20688562095165253,0.21495357155799866,0.2576785748691845
0.2917287051677704,0.29354432225227356,0.314685583114624,0.2787536009528289
0.36066779494285583,0.3419198989868164,0.4409983158111572,0.3979400086720376
-0.7149816155433655,-0.7079046368598938,-0.6063411831855774,-1.0969100130080565
-0.9902980923652649,-1.0287320613861084,-1.009380578994751,-1.4559319556497243
-0.6885209083557129,-0.7357072234153748,-0.7395164966583252,-1.337242168318426
-1.202111005783081,-1.18799889087677,-1.3721097707748413,-1.2218487496163564
-1.0044928789138794,-1.1814281940460205,-1.0908372402191162,-1.1426675035687315
-1.028178334236145,-0.8755223155021667,-0.9040175676345825,-0.7818848136954515
-0.9450297355651855,-0.9676122665405273,-0.9837186336517334,-0.8142879001299939
-0.9481822848320007,-0.8797054290771484,-0.9519829154014587,-0.8766711330736523
-1.0097856521606445,-0.9516248106956482,-0.9796502590179443,-0.9071390566611826
-0.3760608434677124,-0.3731222152709961,-0.49283769726753235,-0.0735546521816107
-0.8082554340362549,-0.9264017343521118,-0.8888526558876038,-1.065299598284575
-0.2391854226589203,-0.24952228367328644,-0.47930994629859924,-0.3699791488865901
-0.7174563407897949,-1.085227131843567,-0.7665326595306396,-1.3182162335321188
-0.4527873396873474,-0.4628826677799225,-0.4702587425708771,-0.4659738939438649
-0.4527873396873474,-0.4505370259284973,-0.4362030029296875,-0.47873112440161475
-0.7362584471702576,-0.4848717749118805,-0.749171793460846,-0.6307841425898572
-0.7433944344520569,-0.5655380487442017,-0.7500970959663391,-1.0457574905606752
-1.392596960067749,-1.330984354019165,-1.3914363384246826,0.29587484521737917
-0.14297470450401306,-0.15030032396316528,-1.3914363384246826,-1.3867926478962402
-1.1992952823638916,-1.993953824043274,-2.082860231399536,-2.0
-1.449090838432312,-1.7727859020233154,-1.7922704219818115,-2.0
-1.6773157119750977,-1.6773215532302856,-1.678016185760498,-1.5228787452803376
-1.449090838432312,-1.2391027212142944,-1.1731215715408325,-1.3010299956639813
0.6494868397712708,0.4784972667694092,0.6351439952850342,0.515873843711679
-0.22448411583900452,-0.24066884815692902,-0.1955004632472992,-0.494850021680094
-0.29003340005874634,-0.22087234258651733,-0.312262624502182,-0.46852108295774486
-0.22143234312534332,-0.2810339629650116,-0.3357981741428375,-0.06550154875643228
-0.15367025136947632,-0.26036348938941956,-0.11355647444725037,-0.10237290870955855
-0.15868696570396423,-0.0963837131857872,-0.28816089034080505,0.08278537031645007
-0.10876145958900452,-0.28743264079093933,-0.14913442730903625,-0.22184874961635637
-0.8311463594436646,-0.3855697214603424,-0.24009734392166138,-0.22914798835785583
-0.49666544795036316,-0.29445841908454895,-0.28085771203041077,-0.07058107428570727
0.0902123749256134,-0.5738222599029541,-0.5607445240020752,-1.154901959985743
0.24392780661582947,0.049101125448942184,0.07501605153083801,-1.207608310501746
0.12508606910705566,0.24020300805568695,0.14089559018611908,-0.22184874961635637
-0.08974181860685349,-0.0327434316277504,-0.0265676099807024,0.17609125905568124
0.007067532744258642,-0.02507658861577511,-0.003878624178469181,-0.045757490560675115
0.011247844435274601,0.03053145483136177,0.019157137721776962,0.04139268515822507
0.005421247333288193,0.009015369229018688,-0.04133354499936104,-0.09691001300805639
-0.010336825624108315,0.005122905131429434,-0.07343249768018723,-0.045757490560675115
0.005390548147261143,-0.017158377915620804,-0.01367119885981083,0.06069784035361165
0.019440796226263046,-0.11079629510641098,0.0014518173411488533,-0.045757490560675115
0.018934989348053932,0.03408532217144966,0.0239543579518795,-0.022276394711152253
-1.629865288734436,-1.7817950248718262,-1.5246727466583252,-1.8239087409443189
-1.546495795249939,-1.779491901397705,-1.5023610591888428,-1.744727494896694
-1.674398422241211,-1.702744483947754,-1.4297720193862915,-1.7212463990471711
-1.9076244831085205,-1.9115041494369507,-1.6939555406570435,-2.0
-2.0488831996917725,-1.957921028137207,-1.9008142948150635,-2.0
-1.8038157224655151,-1.7698229551315308,-1.8327858448028564,-2.0
-0.5201833248138428,-0.5033330917358398,-0.500281035900116,-0.3979400086720376
-0.09320935606956482,-0.05822894722223282,-0.10343316942453384,-0.1549019599857432
0.11896788328886032,0.08015473186969757,0.11248113960027695,0.07918124604762482
0.21962986886501312,0.19529153406620026,0.16518625617027283,0.17609125905568124
-0.3737155497074127,-0.4050033390522003,-0.3843117356300354,-0.3979400086720376
0.04823222756385803,0.10184761136770248,0.046676844358444214,0.0
0.301284521818161,0.302630215883255,0.3123921751976013,0.3010299956639812
0.36377617716789246,0.37492358684539795,0.37356770038604736,0.47712125471966244
-0.3484532833099365,-0.35296630859375,-0.3555588722229004,-0.3467874862246563
0.18037661910057068,0.19978301227092743,0.18912313878536224,0.146128035678238
0.47310349345207214,0.4506112337112427,0.47677478194236755,0.4471580313422192
0.543822169303894,0.6007220149040222,0.5828375220298767,0.5797835966168101
-0.29404905438423157,-0.3009672164916992,-0.30559033155441284,-0.3010299956639812
0.30211398005485535,0.2643253803253174,0.24415169656276703,0.3010299956639812
0.702098548412323,0.5813079476356506,0.6047458052635193,0.7403626894942439
0.5612150430679321,0.6286298632621765,0.6069114804267883,0.4913616938342727
0.6563142538070679,0.5174128413200378,0.5527103543281555,0.8344207036815325
-0.0317557230591774,-0.07305409759283066,-0.029183438047766685,0.2600713879850748
-0.4209458529949188,-0.43273496627807617,-0.5357853174209595,0.25527250510330607
-0.3935759663581848,-0.6384574770927429,-0.4548034965991974,0.9916690073799486
0.05831339210271835,0.02624533511698246,-0.1537935882806778,0.25527250510330607
-0.5007194876670837,-0.5089496970176697,-0.5053101181983948,-0.5100415205751654
-0.5419323444366455,-0.5326507687568665,-0.5272668600082397,-0.5436339668709571
-0.5651527643203735,-0.5878336429595947,-0.5765188336372375,-0.5833594926617189
-0.5420713424682617,-0.5097198486328125,-0.5366982221603394,-0.6073030467403343
-0.529376745223999,-0.5419746041297913,-0.5384730696678162,-0.5512936800949201
-0.5650137662887573,-0.5597319006919861,-0.5645769238471985,-0.5767541260631921
-0.6209626197814941,-0.636259138584137,-0.6256860494613647,-0.6038006529042637
-0.5800737142562866,-0.6049507856369019,-0.5820807814598083,-0.6345120151091003
-0.5623711943626404,-0.561452329158783,-0.5645630955696106,-0.5734887386354247
-0.6033239364624023,-0.5995271801948547,-0.6135308742523193,-0.5985994592184558
-0.6663861274719238,-0.6787200570106506,-0.6689732670783997,-0.6289321377282637
-0.6587246656417847,-0.6137572526931763,-0.6446236968040466,-0.6716203965612623
-0.6056061387062073,-0.6048035621643066,-0.6086282730102539,-0.6497519816658371
-0.6646587252616882,-0.6781299710273743,-0.6693388819694519,-0.6968039425795111
-0.7312358021736145,-0.7464293837547302,-0.7338529229164124,-0.7328282715969863
-0.7509280443191528,-0.7134555578231812,-0.7444779276847839,-0.7878123955960422
-0.7596021890640259,-0.7012971043586731,-0.7206153273582458,-0.6716203965612623
-0.8166081309318542,-0.7829893231391907,-0.7842050790786743,-0.7772835288524167
-0.8561656475067139,-0.8593626618385315,-0.8674542903900146,-0.8477116556169436
-0.9164409637451172,-0.9074033498764038,-0.9080027341842651,-0.8927900303521317
-0.6147464513778687,-0.5519930720329285,-0.5418134927749634,-0.5214335044061567
-0.6160271167755127,-0.6290015578269958,-0.6042587161064148,-0.6179829574251317
-0.7024338841438293,-0.7375452518463135,-0.7332801818847656,-0.7099653886374819
-0.7711033225059509,-0.7799539566040039,-0.7772938013076782,-0.826813731587726
-0.4688490927219391,-0.42965948581695557,-0.4353196620941162,-0.34008379993014975
-0.452386736869812,-0.4845452606678009,-0.50537109375,-0.4854522473397139
-0.5603781342506409,-0.6021133661270142,-0.5707149505615234,-0.5654310959658013
-0.6870068907737732,-0.6536717414855957,-0.7253686785697937,-0.638272163982407
-0.3500252366065979,-0.36392080783843994,-0.5662364363670349,-0.6989700043360187
-0.4330286383628845,-0.42263299226760864,-0.3310452699661255,-0.1549019599857432
0.08305693417787552,0.2028350830078125,0.08443322032690048,0.22788670461367355
0.3892752528190613,0.3212383985519409,0.021893229335546494,0.3010299956639812
0.09791933745145798,0.08605260401964188,0.1721203625202179,-0.045757490560675115
0.24987474083900452,0.16949529945850372,-0.26242780685424805,0.3979400086720376
0.04113418236374855,0.01933114603161812,0.011320262216031551,-0.1549019599857432
0.21647602319717407,0.24373166263103485,0.19475975632667542,0.2304489213782739
0.25481393933296204,0.2155553102493286,0.29642000794410706,0.38021124171160603
-0.18059223890304565,-0.245600625872612,-0.3090590536594391,0.0
0.22326350212097168,0.1999586969614029,0.21660593152046204,0.38021124171160603
0.4049157500267029,0.41336432099342346,0.3073285222053528,0.3424226808222063
-0.20517274737358093,-0.18898914754390717,-0.19617827236652374,0.25527250510330607
-0.5457760095596313,-0.5436854958534241,-0.5470775365829468,-0.5228787452803376
-0.38039249181747437,-0.42574384808540344,-0.4200582206249237,-0.3979400086720376
-0.16045135259628296,-0.10966663062572479,-0.13372255861759186,-0.22184874961635637
0.11526577919721603,0.1669607311487198,0.11325666308403015,0.07918124604762482
0.0670824944972992,0.14918841421604156,0.0894104540348053,0.11394335230683678
0.14651891589164734,0.15071523189544678,0.14024434983730316,0.38021124171160603
-0.7554898858070374,-0.7430397868156433,-0.7543116211891174,0.04921802267018165
-0.4427294135093689,-0.3310622572898865,-0.3843318819999695,0.15228834438305647
0.09220945090055466,0.14228729903697968,0.13660411536693573,0.03742649794062367
0.12637999653816223,0.024391358718276024,0.12834349274635315,0.1553360374650618
0.1311747133731842,0.017188912257552147,0.14188195765018463,0.250420002308894
-1.1470698118209839,-0.743179202079773,-1.1613397598266602,-1.0969100130080565
-1.0193780660629272,-0.743179202079773,-1.017846941947937,-0.958607314841775
-0.7848796248435974,-0.7878085970878601,-0.8119772672653198,-0.8239087409443188
-1.5826348066329956,-1.5795714855194092,-1.5731254816055298,-1.6777807052660807
-1.6517530679702759,-1.6484944820404053,-1.6558343172073364,-1.5895095799965522
-1.709166407585144,-1.7020334005355835,-1.6762754917144775,-1.712198270069774
-1.645445704460144,-1.6684707403182983,-1.5748252868652344,-1.7351821769904636
-1.4870113134384155,-1.5077166557312012,-1.500636100769043,-1.4710832997223453
-1.737246036529541,-1.7414413690567017,-1.7536834478378296,-1.61738868710651
-1.278222918510437,-1.228948950767517,-1.2298709154129028,-1.2817724266448587
-1.7141939401626587,-1.6779428720474243,-1.6817623376846313,-1.7137007490571712
-1.7413010597229004,-1.6656692028045654,-1.596652626991272,-1.752837190960669
-1.3765820264816284,-1.4230661392211914,-1.3834127187728882,-1.630784142589857
-1.5618441104888916,-1.7150931358337402,-1.5421525239944458,-1.8707291398786847
-1.7416107654571533,-1.8239881992340088,-1.7181217670440674,-1.7958800173440752
-0.9440131187438965,-0.9632169008255005,-1.0060338973999023,-1.207608310501746
-1.1407952308654785,-1.1276921033859253,-1.1345188617706299,-1.154901959985743
-1.175998568534851,-1.1706434488296509,-1.1747831106185913,-1.136677139879544
-1.1738215684890747,-1.1821622848510742,-1.1556276082992554,-1.193820026016113
-1.1872317790985107,-1.1755331754684448,-1.1623183488845825,-1.2218487496163564
-0.8104251623153687,-0.8050887584686279,-0.7440860867500305,-0.4145392704914993
-0.6353403329849243,-0.657969057559967,-0.6779587268829346,-0.5559552040819238
-0.6084412932395935,-0.6145936846733093,-0.6799759864807129,-0.6161846340195687
-0.6615713238716125,-0.632083535194397,-0.6330298185348511,-0.6655462488490691
-0.6177332997322083,-0.6375021934509277,-0.6247984170913696,-0.7011469235902933
-1.1519142389297485,-1.174890160560608,-1.0948072671890259,-1.1135092748275182
-1.1717556715011597,-1.1822501420974731,-1.1779358386993408,-1.0555173278498313
-1.1958755254745483,-1.2079110145568848,-1.1465765237808228,-1.0861861476162833
-1.1541619300842285,-1.1499791145324707,-1.174886703491211,-1.3467874862246563
-1.2142444849014282,-1.24177086353302,-1.2374931573867798,-1.275724130399211
-0.7495335936546326,-0.7560962438583374,-0.754432737827301,-0.721246399047171
-1.0673500299453735,-1.0974949598312378,-1.1218453645706177,-1.2218487496163564
-1.1770639419555664,-1.2040884494781494,-1.1579903364181519,-1.3010299956639813
-1.3473734855651855,-1.3573185205459595,-1.3436050415039062,-2.0969100130080562
-0.7046940922737122,-0.9834269285202026,-1.022376537322998,-0.721246399047171
-1.6041061878204346,-1.5814710855484009,-1.5912708044052124,-1.2839966563652008
-0.9046965837478638,-0.8764013051986694,-0.9013823866844177,-0.8239087409443188
-0.6966142654418945,-0.6945845484733582,-0.6858012676239014,-0.958607314841775
-0.38667377829551697,-0.7590174674987793,-0.7924496531486511,-0.21467016498923297
-0.4845872223377228,-0.519101083278656,-0.487393856048584,-0.4559319556497244
-0.8448621034622192,-0.8938637375831604,-0.8280529975891113,-0.8538719643217619
-0.6519169807434082,-0.6600782871246338,-0.6615357995033264,-0.6777807052660807
-0.5302117466926575,-0.5247827172279358,-0.5213356614112854,-0.46852108295774486
-0.3916400671005249,-0.38972556591033936,-0.3781236708164215,-0.24412514432750865
-0.5305365324020386,-0.5305964350700378,-0.7387230396270752,-0.6777807052660807
-0.6811314225196838,-0.6803444027900696,-0.7387246489524841,-0.5228787452803376
0.08401256054639816,0.09169173985719681,0.058203548192977905,0.5563025007672873
0.14310964941978455,0.2249632626771927,0.17580129206180573,0.3424226808222063
0.013997426256537437,0.17707841098308563,0.2675715684890747,0.07918124604762482
0.09846749901771545,0.07919557392597198,0.1582200676202774,-0.3010299956639812
-0.36157259345054626,-0.3930942714214325,-0.3938452899456024,-0.6989700043360187
-1.3346149921417236,-1.4684821367263794,-1.3572176694869995,-0.8239087409443188
0.30874425172805786,0.32296788692474365,0.18174466490745544,0.4129642719966628
-0.43115922808647156,-0.3935318887233734,-0.3665039837360382,-0.28567024025476695
0.15811970829963684,0.183621346950531,0.10318377614021301,0.34791518650169134
-0.3896366357803345,-0.44158023595809937,-0.4571036696434021,-0.5157001606532141
0.06306055188179016,0.11174197494983673,0.1421263962984085,0.16316137497701835
-0.5116156935691833,-0.5382006764411926,-0.5327165722846985,-0.7594507517174003
-0.8483914732933044,-0.8694719076156616,-0.8317338824272156,-0.640164517660112
-0.04508165270090103,-0.07893623411655426,-0.055039454251527786,-0.14146280243036088
-0.6737681031227112,-0.7070034742355347,-0.6898385286331177,-1.0222763947111522
-0.7707594633102417,-0.7806782722473145,-0.7120212912559509,-0.575118363368933
-0.7797499299049377,-0.6500096917152405,-0.7561535239219666,-0.5606673061697374
-0.7428661584854126,-0.5229572653770447,-0.7292980551719666,-0.5272435506827877
-0.670869767665863,-0.7131311297416687,-0.7223329544067383,-0.6635402661514704
-1.1398979425430298,-1.1853504180908203,-1.1377606391906738,-1.3098039199714864
-0.4447278082370758,-0.41623786091804504,-0.7756558060646057,-0.8239087409443188
-0.7934077382087708,-0.7891280651092529,-0.7763904333114624,-0.4814860601221125
-0.41278553009033203,-0.4067439138889313,-0.7740786075592041,-0.744727494896694
-1.0250391960144043,-1.1516934633255005,-1.1706044673919678,-0.8239087409443188
-0.9615616202354431,-0.9786092042922974,-0.870964765548706,-1.0969100130080565
-0.9779242277145386,-0.8129507303237915,-0.8177288174629211,-1.3010299956639813
-0.6529666781425476,-0.9176982641220093,-0.9485339522361755,-1.2218487496163564
-0.41629505157470703,-0.36717626452445984,-0.3624621033668518,-0.2006594505464183
-0.34322255849838257,-0.4273613393306732,-0.3040854036808014,-0.3979400086720376
-0.4357554018497467,-0.4351131021976471,-0.47421497106552124,-0.42021640338318983
-0.3863520324230194,-0.5742266774177551,-0.7119552493095398,-0.6777807052660807
-1.0378124713897705,-0.8961520195007324,-1.0833014249801636,-1.0457574905606752
-1.159300684928894,-1.1538864374160767,-1.190903902053833,-1.154901959985743
-1.2959848642349243,-1.2836970090866089,-1.2957234382629395,-1.2218487496163564
-1.3519245386123657,-1.3108766078948975,-1.3041523694992065,-1.3010299956639813
-1.2886714935302734,-1.2527141571044922,-1.1902259588241577,-1.3010299956639813
-0.8610012531280518,-0.8936513066291809,-0.9412259459495544,-0.6989700043360187
-1.046015977859497,-0.9424814581871033,-1.0096286535263062,-0.8239087409443188
-1.080751895904541,-1.0031521320343018,-1.012921929359436,-0.9208187539523752
-1.0136059522628784,-1.0313074588775635,-1.0438034534454346,-0.958607314841775
-1.007201910018921,-0.9977139234542847,-1.0214489698410034,-1.0
-0.5950723886489868,-0.709727942943573,-0.5684455633163452,-0.6575773191777937
-0.6888726949691772,-0.7239782810211182,-0.7039610743522644,-0.6777807052660807
-0.7380313277244568,-0.7448521852493286,-0.751517653465271,-0.6989700043360187
-0.6460062265396118,-0.6984301209449768,-0.697532057762146,-0.7695510786217261
-0.7445366382598877,-0.747503936290741,-0.7544839382171631,-0.6989700043360187
-0.024825701490044594,-0.05234185606241226,-0.6327065229415894,0.07918124604762482
0.0286423210054636,0.01667548343539238,-0.5598896741867065,0.0
-0.013897988945245743,-0.08176740258932114,-0.3857089579105377,-0.10790539730951959
-0.6068063974380493,-0.6129827499389648,-0.5527341365814209,-0.17392519729917352
-0.7554882764816284,-0.7430425882339478,-0.754375159740448,-0.3010299956639812
-0.5475723147392273,-0.4915591776371002,-0.6300477981567383,-0.3467874862246563
-0.31420016288757324,-0.4382534921169281,-0.43847182393074036,-0.2596373105057561
-0.6160968542098999,-0.6440494060516357,-0.6424316167831421,-1.0457574905606752
-0.5288079977035522,-0.5346859693527222,-0.7033126950263977,-0.4559319556497244
-0.9527130126953125,-0.9246655106544495,-0.7358800768852234,-1.0
-1.0329588651657104,-0.9165691137313843,-0.9107693433761597,-1.3010299956639813
-0.2669662833213806,-0.2469968944787979,-0.24528701603412628,0.04139268515822507
-0.25978899002075195,-0.2628086805343628,-0.24842582643032074,-0.09691001300805639
-0.2680128812789917,-0.23216240108013153,-0.25754213333129883,-0.22184874961635637
-0.2059440314769745,-0.29720306396484375,-0.29335954785346985,-0.2596373105057561
-0.24091368913650513,-0.18633420765399933,-0.25579798221588135,-0.44369749923271273
-0.3366434872150421,-0.2782116234302521,-0.3676069378852844,-0.619788758288394
-0.8298527598381042,-0.868219256401062,-0.9082888960838318,-1.0
-0.8579111099243164,-0.8693679571151733,-0.8506470322608948,-0.7695510786217261
-0.5692414045333862,-0.610247790813446,-0.5875919461250305,-0.6989700043360187
-0.4826315939426422,-0.4938536286354065,-0.4717509150505066,-0.3979400086720376
-0.14665831625461578,-0.1697123795747757,-0.1313418447971344,-0.1549019599857432
-0.08440988510847092,0.1515016108751297,0.15475377440452576,0.07918124604762482
-0.12012606114149094,0.049602411687374115,0.11068974435329437,0.3010299956639812
-0.5237435102462769,-0.5653045773506165,-0.5749402046203613,-0.7695510786217261
-2.7729382514953613,-2.7806198596954346,-2.7895309925079346,-2.8404328067663798
-3.6400649547576904,-3.6366333961486816,-3.6699187755584717,-3.492144128304169
-2.780681610107422,-2.7658746242523193,-2.787761926651001,-2.8239087409443187
-3.6093432903289795,-3.632458209991455,-3.677201509475708,-3.583359492661719
-2.8414926528930664,-2.7805583477020264,-2.8110873699188232,-2.8079904073463298
-3.6281960010528564,-3.6369268894195557,-3.6551992893218994,-3.632644078973981
-2.827162742614746,-2.843738555908203,-2.8425917625427246,-2.7780644001719947
-3.664400577545166,-3.6999452114105225,-3.6312954425811768,-3.7772835288524167
-2.9307918548583984,-2.9112205505371094,-2.8970487117767334,-2.8404328067663798
-3.735346794128418,-3.6749284267425537,-3.792177200317383,-3.8416375079047502
-3.0032153129577637,-2.973201036453247,-2.9769396781921387,-2.9542859410591324
-3.7784931659698486,-3.7312307357788086,-3.7781662940979004,-3.9546770212133424
-3.1950743198394775,-3.179150342941284,-3.092026472091675,-3.109020403010311
-3.9064037799835205,-3.8327178955078125,-3.987685441970825,-3.9746941347352296
-2.8762266635894775,-2.8473832607269287,-2.8400344848632812,-3.3010299956639813
-0.7412315607070923,-0.7453444600105286,-0.7544321417808533,-0.8239087409443188
-0.7334206104278564,-0.7436047792434692,-0.7386951446533203,-0.8538719643217619
0.007346382364630699,-0.0023655674885958433,-0.01237349770963192,-0.7695510786217261
-0.114156074821949,-0.2637093663215637,-0.29848846793174744,-0.3187587626244128
-0.2546778619289398,-0.3382011353969574,-0.300160676240921,-0.2676062401770315
-0.2940806448459625,-0.3465462028980255,-0.32458049058914185,-0.3098039199714863
-0.7609137296676636,-0.770172119140625,-0.7654027938842773,0.01703333929878037
-0.7495329976081848,-0.7453444600105286,-0.7386958599090576,-0.7695510786217261
-0.7555599212646484,-0.743179202079773,-0.7449259757995605,-1.744727494896694
-1.613202452659607,-1.2085323333740234,-1.6117814779281616,-1.154901959985743
0.0009055642294697464,0.021632444113492966,0.012965163215994835,0.16405529189345164
0.15089619159698486,0.16583313047885895,0.15337829291820526,0.027349607774756507
-0.6943161487579346,-0.7491658329963684,-0.6851364374160767,-0.721246399047171
-0.743640124797821,-0.7221691608428955,-0.7350139021873474,-1.6989700043360187
-0.7412436604499817,-0.7436136603355408,-0.7420556545257568,-0.0809219076239261
0.35601088404655457,0.3202641010284424,0.29400086402893066,0.5797835966168101
0.42264121770858765,0.29598450660705566,0.30556705594062805,0.38021124171160603
0.2988683581352234,0.16575448215007782,0.07205522805452347,0.146128035678238
-0.10915141552686691,-0.0901399627327919,-0.1629325896501541,-0.5228787452803376
-1.297494888305664,-0.7730888724327087,-1.3026223182678223,-1.0
-0.7413192987442017,-0.7434056997299194,-0.7550757527351379,-0.3565473235138126
-0.03145960718393326,-0.08437050879001617,-0.012284311465919018,-0.8239087409443188
-0.06720426678657532,-0.10449837148189545,-0.19643066823482513,-0.744727494896694
-0.288511723279953,-0.27839621901512146,-0.3075159788131714,0.25527250510330607
-0.051306936889886856,-0.36877891421318054,-0.18399064242839813,0.3222192947339193
-0.28959137201309204,-0.3906433880329132,-0.28022152185440063,0.20411998265592482
-0.15234723687171936,-0.32161107659339905,-0.3516775667667389,0.04139268515822507
-0.8194300532341003,-0.8885374665260315,-0.9122281670570374,-0.045757490560675115
-0.019646916538476944,-0.2665053606033325,-0.3120185136795044,-0.6989700043360187
-0.22874823212623596,-0.46542423963546753,-0.2386268526315689,-0.6575773191777937
-0.8099588751792908,-0.595160961151123,-0.3097570836544037,-0.595166283380062
-1.550079345703125,-1.541887640953064,-1.5297808647155762,-1.3979400086720375
-1.4339954853057861,-1.4423038959503174,-1.4557501077651978,-1.6989700043360187
-1.5270919799804688,-1.5408880710601807,-1.5761418342590332,-1.5528419686577808
-1.4613958597183228,-1.4795421361923218,-1.4762881994247437,-1.4559319556497243
-0.6888021230697632,-0.7229375243186951,-0.6285859942436218,-0.8239087409443188
-0.6810343861579895,-0.6839792132377625,-0.6006953120231628,-0.744727494896694
-0.6561351418495178,-0.6704236268997192,-0.6530404090881348,-0.619788758288394
-0.5949181318283081,-0.6125578284263611,-0.6672515273094177,-0.5528419686577808
-0.5921561121940613,-0.5833563208580017,-0.6469998955726624,-0.5228787452803376
-0.4534492790699005,-0.4554018974304199,-0.4453155994415283,-0.48811663902112556
-0.47715118527412415,-0.4830048382282257,-0.47984588146209717,-0.494850021680094
-0.5373104810714722,-0.5034084916114807,-0.517162024974823,-0.5016894462103995
-0.43139907717704773,-0.4408319890499115,-0.48815783858299255,-0.36653154442041347
-0.4589484930038452,-0.4458408057689667,-0.4867800176143646,-0.2924298239020636
-0.5605011582374573,-0.5385395288467407,-0.5238577127456665,-0.5228787452803376
-0.5605011582374573,-0.5385395288467407,-0.5138387084007263,-0.5086383061657274
-0.5208826661109924,-0.5174612998962402,-0.5051129460334778,-0.5157001606532141
-0.4965921640396118,-0.5011612176895142,-0.50537109375,-0.5086383061657274
-0.4684346914291382,-0.48215922713279724,-0.47033682465553284,-0.5016894462103995
-0.41079798340797424,-0.41443976759910583,-0.488545298576355,-0.494850021680094
-0.3778702914714813,-0.40721821784973145,-0.39004603028297424,-0.48811663902112556
-2.610999822616577,-2.517256259918213,-2.6031439304351807,-2.3979400086720375
-2.606351613998413,-2.609311580657959,-2.615917205810547,-2.42021640338319
-2.768803834915161,-2.7097747325897217,-2.6757349967956543,-2.5528419686577806
-2.858344793319702,-2.7357847690582275,-2.749814987182617,-2.744727494896694
-2.6099932193756104,-2.5890238285064697,-2.6457695960998535,-3.3010299956639813
0.9268600940704346,0.9335928559303284,0.9284524321556091,0.9030899869919435
0.9255402684211731,0.8939400911331177,0.9020430445671082,0.9542425094393249
0.8901988863945007,0.8953923583030701,0.8827124834060669,0.8450980400142568
1.0736135244369507,1.0616461038589478,1.056434154510498,1.0170333392987803
0.8363289833068848,0.8295072317123413,0.823305070400238,0.9242792860618817
0.9861416816711426,1.0011096000671387,0.993255615234375,1.1139433523068367
0.16608265042304993,0.13384497165679932,0.1634228527545929,0.07918124604762482
-0.13605645298957825,-0.16737686097621918,-0.1624215692281723,-0.3565473235138126
-0.17071357369422913,-0.21336662769317627,-0.20392636954784393,-0.11918640771920865
-0.30705150961875916,-0.28758925199508667,-0.2062700241804123,-0.09691001300805639
-0.32352834939956665,-0.4946080148220062,-0.4277503788471222,-0.6575773191777937
0.21717768907546997,0.25626206398010254,0.23572589457035065,0.2304489213782739
-0.0764133632183075,-0.1468430757522583,-0.13036850094795227,0.0
-0.03766808286309242,-0.09990127384662628,-0.06414663046598434,-0.22184874961635637
-0.0901627242565155,-0.09040973335504532,-0.11450562626123428,-0.09691001300805639
-0.27563050389289856,-0.4409366548061371,-0.34747251868247986,-0.3979400086720376
0.3295448422431946,0.36112117767333984,0.3481111526489258,0.38021124171160603
-0.04738182574510574,-0.0433468334376812,-0.021002402529120445,0.13033376849500614
-0.011094281449913979,9.07829380594194e-05,0.027205059304833412,-0.13076828026902382
-0.01579061523079872,0.00016944427625276148,-0.01020844280719757,-0.026872146400301365
-0.23560157418251038,-0.32549139857292175,-0.3239637613296509,-0.3010299956639812
0.43271559476852417,0.43560004234313965,0.4518573582172394,0.5185139398778874
0.06488562375307083,0.028460931032896042,0.0576142780482769,0.20411998265592482
0.13703393936157227,0.14245979487895966,0.026713034138083458,0.01703333929878037
0.12911024689674377,0.07666470110416412,0.10709435492753983,-0.06550154875643228
-0.20746678113937378,-0.22221000492572784,-0.21951870620250702,-0.22184874961635637
0.5044112801551819,0.5328565239906311,0.4612331986427307,0.6127838567197355
0.05664869397878647,0.08151091635227203,0.09714039415121078,0.24551266781414982
0.2230941653251648,0.238528773188591,0.16292408108711243,0.04921802267018165
0.19879686832427979,0.21470080316066742,0.20437821745872498,0.021189299069938092
-0.18682023882865906,-0.14517517387866974,-0.10306313633918762,-0.10790539730951959
-2.2105801105499268,-2.3881359100341797,-2.175971031188965,-1.9199510324211482
-2.2697417736053467,-2.3089191913604736,-2.248981475830078,-2.3005959181846625
-2.796126365661621,-2.8163368701934814,-2.8218116760253906,-3.0969100130080562
-2.857435703277588,-2.8456931114196777,-2.8190765380859375,-2.77780395369828
-2.6112022399902344,-2.6317083835601807,-2.6121959686279297,-2.87484417041947
-2.6395552158355713,-2.6300039291381836,-2.661071300506592,-2.573814174755489
-2.482398271560669,-2.5302963256835938,-2.476517915725708,-2.4468454518303746
-2.3430304527282715,-2.3443148136138916,-2.3029098510742188,-2.2337359093480043
-2.0096373558044434,-2.120797872543335,-2.0090816020965576,-2.137928280620006
-3.3352932929992676,-2.8039233684539795,-3.3143579959869385,-3.425968732272281
-0.18518474698066711,-0.17045985162258148,-0.19435732066631317,-0.12493873660829993
-0.18724718689918518,-0.19527488946914673,-0.1875520795583725,-0.14266750356873156
-0.1988913118839264,-0.1692826896905899,-0.1800304800271988,-0.2076083105017461
-0.28008580207824707,-0.2750648558139801,-0.2690800428390503,-0.3979400086720376
-0.27432459592819214,-0.24273543059825897,-0.21994760632514954,-0.22184874961635637
-0.23208287358283997,-0.23065464198589325,-0.21994760632514954,-0.23657200643706278
-0.16318455338478088,-0.1499464362859726,-0.15877608954906464,-0.22184874961635637
-0.1163821741938591,-0.1260848492383957,-0.11634394526481628,-0.1549019599857432
-0.20596268773078918,-0.20393724739551544,-0.2230977863073349,-0.10790539730951959
-0.34956806898117065,-0.2801191508769989,-0.3171312212944031,-0.2596373105057561
-0.033980999141931534,-0.03484749421477318,-0.1369558423757553,-0.10790539730951959
-0.036805637180805206,-0.06771453469991684,-0.06321832537651062,0.021189299069938092
0.004141990561038256,0.021832607686519623,0.07686740905046463,0.07918124604762482
0.07598671317100525,0.1267252415418625,0.09955974668264389,0.09691001300805642
-0.3673829734325409,-0.3675752878189087,-0.40066754817962646,-0.2076083105017461
-0.19452950358390808,-0.2581273019313812,-0.21582862734794617,0.04139268515822507
-0.21366417407989502,-0.22620366513729095,-0.1442103236913681,0.07918124604762482
-0.3644223213195801,-0.3873779773712158,-0.37064430117607117,-0.22184874961635637
-0.18636301159858704,-0.1831374317407608,-0.22471998631954193,0.0
-0.21863830089569092,-0.23113517463207245,-0.1106780469417572,0.04139268515822507
-0.3005461096763611,-0.3919203579425812,-0.38726139068603516,-0.3979400086720376
-0.2328675091266632,-0.19985228776931763,-0.2047393023967743,-0.1938200260161128
-0.12800689041614532,-0.09356658905744553,-0.08762094378471375,-0.08618614761628333
-0.398888498544693,-0.3638489246368408,-0.3840952217578888,-0.5228787452803376
-0.2447628378868103,-0.20170171558856964,-0.21434883773326874,-0.38721614328026455
-0.038555361330509186,-0.07524581253528595,-0.15057411789894104,-0.3372421683184259
-0.3303362727165222,-0.385306179523468,-0.34841102361679077,-0.619788758288394
-0.22169938683509827,-0.2505546510219574,-0.2696171700954437,-0.3979400086720376
-0.04949948936700821,-0.1276625394821167,-0.10879984498023987,-0.37675070960209955
-0.7515981793403625,-0.7431181073188782,-0.7512623071670532,-0.9507819773298184
-2.02858567237854,-1.9599705934524536,-2.042841911315918,-1.3010299956639813
-2.046553134918213,-2.0732250213623047,-2.05824613571167,-1.3010299956639813
-1.7566800117492676,-1.8013556003570557,-1.780730962753296,-2.3979400086720375
-1.9666935205459595,-1.9879175424575806,-1.9804749488830566,-2.6989700043360187
-2.5683841705322266,-2.726897954940796,-2.7266998291015625,-3.0
-0.14760223031044006,-0.7037358283996582,-0.7019549608230591,-0.3010299956639812
0.10082945227622986,0.07635737210512161,0.07792133837938309,-0.1549019599857432
0.19802889227867126,-0.11574505269527435,0.20334413647651672,0.17609125905568124
0.15943971276283264,-0.11679165065288544,0.17162220180034637,0.5440680443502757
-0.8142278790473938,-0.7255732417106628,-0.7580247521400452,-0.744727494896694
-0.8224328756332397,-0.7875062227249146,-0.7804023027420044,-0.7958800173440752
-0.8090068101882935,-0.7874829769134521,-0.7667174935340881,-0.6777807052660807
-0.8145045638084412,-0.8361444473266602,-0.8116102814674377,-0.8538719643217619
-0.7959043383598328,-0.78192138671875,-0.8130140900611877,-0.7958800173440752
-0.8129239678382874,-0.7943412661552429,-0.7847686409950256,-0.6989700043360187
-0.870447039604187,-0.8294762372970581,-0.8345835208892822,-0.8239087409443188
-0.6803335547447205,-0.6690447330474854,-0.6784871816635132,-0.8239087409443188
-0.9386972784996033,-0.86628258228302,-0.8445906043052673,-0.8538719643217619
-1.2776957750320435,-1.3263020515441895,-1.3673547506332397,-2.0969100130080562
-0.16547605395317078,0.06763554364442825,0.04933680221438408,-0.08618614761628333
-0.3864920139312744,-0.4274812936782837,-0.47973379492759705,0.06818586174616162
-0.5391899943351746,-0.4274812936782837,-0.5526392459869385,-0.3467874862246563
-0.4854576885700226,-0.5320173501968384,-0.4485716223716736,-0.638272163982407
-0.6684151291847229,-0.6237255334854126,-0.6952548027038574,-0.7695510786217261
-0.4668731093406677,-0.5546034574508667,-0.7275739312171936,-0.2676062401770315
-0.5265297889709473,-0.46076592803001404,-0.6670939326286316,-0.42021640338318983
-0.8197958469390869,-0.6114163398742676,-0.6516367793083191,-0.6777807052660807
-0.9207697510719299,-0.7803352475166321,-0.7135971188545227,-0.6777807052660807
-0.7277551889419556,-0.7031387686729431,-0.7415546774864197,-1.0457574905606752
-0.2962867021560669,-0.5341916084289551,-0.3362171947956085,-0.3979400086720376
-0.7073655128479004,-0.7018175721168518,-0.7102651596069336,-0.619788758288394
-0.7188419699668884,-0.7574899196624756,-0.6756324172019958,-0.7695510786217261
-0.7877386212348938,-0.8329137563705444,-0.8174286484718323,-0.8239087409443188
-0.6079162955284119,-0.7066599726676941,-0.5792248249053955,-0.23657200643706278
-0.5407208800315857,-0.5173426866531372,-0.5967732071876526,-0.5086383061657274
-0.588979959487915,-0.5904454588890076,-0.6147429347038269,-0.46852108295774486
-0.6088505387306213,-0.5745112895965576,-0.5979230403900146,-0.5528419686577808
-0.6126495599746704,-0.619324266910553,-0.6417425274848938,-0.6575773191777937
-0.657412588596344,-0.6453068256378174,-0.6613056659698486,-0.6989700043360187
-0.47073158621788025,-0.4552764892578125,-0.4330713748931885,-0.44369749923271273
-0.360828161239624,-0.36945635080337524,-0.3736400306224823,-0.3467874862246563
-0.28149425983428955,-0.28250303864479065,-0.28680622577667236,-0.2676062401770315
-0.6932361125946045,-0.6704851388931274,-0.7303013205528259,-0.744727494896694
-0.5954771041870117,-0.6011042594909668,-0.5700006484985352,-0.6575773191777937
-0.49035635590553284,-0.48567548394203186,-0.4554130733013153,-0.5086383061657274
-0.3846360445022583,-0.41234561800956726,-0.3533517122268677,-0.3979400086720376
-1.044955849647522,-0.9993950724601746,-1.0622309446334839,-1.0969100130080565
-0.9037355780601501,-0.9310993552207947,-0.9457212090492249,-0.958607314841775
-0.8074832558631897,-0.771568238735199,-0.800246000289917,-0.744727494896694
-0.6524317264556885,-0.6808633208274841,-0.69024258852005,-0.6020599913279624
-1.0679863691329956,-1.0679274797439575,-1.063757300376892,-1.3010299956639813
-1.0650893449783325,-1.0645569562911987,-1.0730222463607788,-1.0
-0.8719927072525024,-0.8708581924438477,-0.8689015507698059,-0.8239087409443188
-0.673883318901062,-0.6621373295783997,-0.6618283987045288,-0.6989700043360187
-1.1949223279953003,-1.20181405544281,-1.199682593345642,-1.38933983691012
-1.2957338094711304,-1.3023676872253418,-1.2904433012008667,-1.27083521030723
-1.220302700996399,-1.220450758934021,-0.7420281767845154,-1.5026694370349483
-1.3938184976577759,-1.393472671508789,-0.7420281767845154,-1.2944612752327194
-0.7479661703109741,-1.23134183883667,-1.2278410196304321,-1.2368941027930884
-0.7510805726051331,-1.1716760396957397,-1.170194387435913,-1.3074967762144598
-0.20500607788562775,-0.235273540019989,-0.20459501445293427,-0.5228787452803376
-0.2430378496646881,-0.17230607569217682,-0.19758497178554535,-0.21467016498923297
-0.321123868227005,-0.3016083836555481,-0.29889893531799316,-0.22184874961635637
-0.3227558732032776,-0.3503652811050415,-0.3117501139640808,-0.25181197299379954
-0.2760210633277893,-0.3058745265007019,-0.3625502586364746,-0.13076828026902382
-0.35936927795410156,-0.3357240557670593,-0.3063143789768219,-0.09691001300805639
-0.3519006371498108,-0.32059094309806824,-0.32058727741241455,-0.2839966563652008
-0.7742050290107727,-0.7434238195419312,-0.7828533053398132,-0.3979400086720376
-0.7542001605033875,-0.7785866856575012,-0.7756900191307068,-0.3565473235138126
-0.30460456013679504,-0.3366267681121826,-0.3210715353488922,-0.3187587626244128
-1.0070744752883911,-1.0086984634399414,-1.042662262916565,-0.3010299956639812
-0.2944912314414978,-0.22112204134464264,-0.2418939471244812,-0.22184874961635637
-1.7456014156341553,-1.7355670928955078,-1.6977072954177856,-2.095392636184552
-1.5955958366394043,-1.8493332862854004,-1.8364323377609253,-2.092105164583717
-1.7633955478668213,-2.0874645709991455,-1.9708988666534424,-2.0516848593106523
-1.3780375719070435,-1.4036952257156372,-1.281846523284912,-1.7218868840201662
-1.3363304138183594,-1.4691802263259888,-1.4250010251998901,-1.6332596101570895
-1.4931538105010986,-1.6706550121307373,-1.6307151317596436,-1.5881951691845766
-0.5020910501480103,-0.5151766538619995,-0.5097076892852783,-0.494850021680094
-0.4349513053894043,-0.43587958812713623,-0.438653826713562,-0.42021640338318983
-0.2914319932460785,-0.3301999270915985,-0.32843104004859924,-0.3467874862246563
-0.19535836577415466,-0.17041461169719696,-0.3007827699184418,-0.3010299956639812
-0.09072709828615189,-0.04553107172250748,-0.09126576781272888,-0.2676062401770315
-0.16151922941207886,-0.15927372872829437,-0.28011420369148254,-0.1549019599857432
-0.3868303596973419,-0.39729490876197815,-0.46849325299263,-0.23657200643706278
-0.3913925886154175,-0.3706531524658203,-0.5737781524658203,-0.5228787452803376
-0.27250048518180847,-0.25585100054740906,-0.2783365845680237,0.0
-0.5895172357559204,-0.6481934189796448,-0.5899490714073181,-0.6989700043360187
-1.052809476852417,-1.097022294998169,-1.05879545211792,-1.154901959985743
-1.0747514963150024,-1.0803093910217285,-1.0725927352905273,-1.1079053973095196
-1.052809476852417,-1.097022294998169,-1.0725927352905273,-1.0861861476162833
-1.113655686378479,-1.0970221757888794,-1.1107003688812256,-1.0
-0.8881086111068726,-0.8815180659294128,-0.8753176331520081,-1.0
-0.7153404951095581,-0.7259849309921265,-0.7385448813438416,-0.6989700043360187
-0.4174189567565918,-0.45477399230003357,-0.4281482696533203,-0.494850021680094
-0.23040273785591125,-0.3064998984336853,-0.40364301204681396,-0.1549019599857432
-0.20120415091514587,-0.23192711174488068,-0.2693600654602051,-0.22184874961635637
-0.29993483424186707,-0.2663109302520752,-0.2900056838989258,-0.3467874862246563
-0.5784042477607727,-0.6324032545089722,-0.7002220749855042,-0.3979400086720376
-0.33072900772094727,-0.27503445744514465,-0.27924245595932007,-0.24412514432750865
-0.43273526430130005,-0.2769867181777954,-0.32488614320755005,-0.2596373105057561
-0.6114919185638428,-0.34679216146469116,-0.27254435420036316,-0.3010299956639812
-0.751782238483429,-0.7455348968505859,-0.7460578083992004,-0.3979400086720376
-0.7334239482879639,-0.7431184649467468,-0.7512626647949219,-1.0177287669604316
-0.751598596572876,-0.7560960054397583,-0.742028534412384,-1.0
-0.21207763254642487,-0.25347036123275757,-0.17920620739459991,-0.07058107428570727
-0.16562452912330627,-0.26410430669784546,-0.20078293979167938,-0.12493873660829993
-0.4554765820503235,-0.4192538261413574,-0.4395209550857544,-0.37675070960209955
-0.34855273365974426,-0.3060341477394104,-0.29966220259666443,-0.3279021420642826
-0.2510848343372345,-0.2480212152004242,-0.2538701295852661,-0.22184874961635637
-0.28997179865837097,-0.25834208726882935,-0.24274767935276031,-0.14266750356873156
-0.30028703808784485,-0.2906104028224945,-0.32295116782188416,-0.494850021680094
-0.5145649313926697,-0.4407065212726593,-0.607535719871521,-0.6020599913279624
-0.2542477250099182,-0.2456463724374771,-0.2653488516807556,-0.09691001300805639
-0.053447216749191284,0.006981957238167524,0.020890364423394203,0.20411998265592482
-0.258319228887558,-0.30728018283843994,-0.2644379138946533,-0.09691001300805639
-0.26633191108703613,-0.32075393199920654,-0.2861892282962799,-0.1549019599857432
-0.22195163369178772,-0.25393199920654297,-0.2846773564815521,-0.22184874961635637
-0.2729138731956482,-0.2640250623226166,-0.27238842844963074,-0.22184874961635637
-0.0691012442111969,0.08596702665090561,0.008287951350212097,0.07918124604762482
-0.2996470034122467,-0.30602893233299255,-0.3238125741481781,-0.3010299956639812
-0.3542787730693817,-0.3236657381057739,-0.3569827079772949,-0.3979400086720376
-0.2787049412727356,-0.1836448758840561,-0.2784159481525421,-0.3979400086720376
0.027080480009317398,0.04932072013616562,-0.036609698086977005,-0.09691001300805639
-0.4187948703765869,-0.465320348739624,-0.40380752086639404,-0.5228787452803376
-0.5419754385948181,-0.5057281255722046,-0.5249070525169373,-0.6989700043360187
-0.4137806296348572,-0.34620043635368347,-0.40347012877464294,-0.6989700043360187
-0.10327360779047012,-0.0644058957695961,-0.09603247046470642,-0.22184874961635637
-0.9425644874572754,-0.9621580243110657,-1.049399495124817,-0.9208187539523752
-0.47428566217422485,-0.5078413486480713,-0.3106497526168823,-0.3467874862246563
-0.7495339512825012,-0.7431190013885498,-0.7386960983276367,-0.858863909879261
-0.7515987157821655,-0.7431796789169312,-0.7544326186180115,-1.0788339493622612
-0.7412310838699341,-0.7436080574989319,-0.7420276403427124,-0.9295926782598803
-0.7495337724685669,-0.7431800365447998,-0.7449268698692322,-0.549750891680639
-0.7150781154632568,-0.7458334565162659,-0.7245391607284546,-0.6020599913279624
-0.7425282001495361,-0.771266758441925,-0.7679217457771301,-0.6020599913279624
-0.7773904800415039,-0.769839346408844,-0.7599865198135376,-0.6989700043360187
-0.3600448668003082,-0.38998138904571533,-0.3787045478820801,-0.2596373105057561
-0.4588603079319,-0.39858606457710266,-0.4003559947013855,-0.3010299956639812
-0.5316176414489746,-0.5293066501617432,-0.5265992283821106,-0.3979400086720376
-0.9159599542617798,-0.9653357267379761,-0.9463886618614197,-0.9208187539523752
-0.9723315238952637,-1.0178074836730957,-0.9820536971092224,-1.0
-0.8894760012626648,-0.9930842518806458,-1.0021021366119385,-0.958607314841775
-0.8095693588256836,-0.8008752465248108,-0.8064771890640259,-0.8538719643217619
-0.8649121522903442,-0.9207494854927063,-0.8722416162490845,-0.8860566476931632
-0.8210622668266296,-0.8492273092269897,-0.848214328289032,-0.9208187539523752
-0.7289164066314697,-0.7553039789199829,-0.6723846197128296,-0.7695510786217261
-0.7955150008201599,-0.7507045865058899,-0.7494393587112427,-0.744727494896694
-0.7707672715187073,-0.7222009301185608,-0.7236834168434143,-0.8538719643217619
-0.32427144050598145,-0.2828596532344818,-0.32958632707595825,-0.3565473235138126
-0.4425053000450134,-0.42233511805534363,-0.4506569802761078,-0.5528419686577808
-0.4692985415458679,-0.36840546131134033,-0.36578986048698425,-0.3979400086720376
-0.6818205118179321,-0.6711744070053101,-0.6673892140388489,-0.585026652029182
-0.64089435338974,-0.6652352213859558,-0.5872212052345276,-0.5528419686577808
-0.6938719153404236,-0.6305352449417114,-0.6583716869354248,-0.6777807052660807
-0.7868131995201111,-0.7839708924293518,-0.7826635241508484,-0.744727494896694
-0.807666540145874,-0.8376645445823669,-0.8290067315101624,-0.9208187539523752
-0.83369380235672,-0.8231663107872009,-0.827102541923523,-0.8239087409443188
-0.3940121829509735,-0.3310401737689972,-0.35689517855644226,-0.44369749923271273
-0.5770348906517029,-0.48723354935646057,-0.5488982200622559,-0.5228787452803376
-0.44171416759490967,-0.4385029971599579,-0.4634014070034027,-0.494850021680094
-0.8726750612258911,-0.8856608867645264,-0.8747640252113342,-0.9208187539523752
-0.9340298771858215,-0.8471671342849731,-0.8494976758956909,-0.8239087409443188
-1.1128252744674683,-1.0888389348983765,-1.055002212524414,-0.9208187539523752
-0.6036440134048462,-0.6239333748817444,-0.585679292678833,-0.4559319556497244
-0.6044449210166931,-0.5828899145126343,-0.5970896482467651,-0.619788758288394
-0.7268160581588745,-0.6550237536430359,-0.6549285054206848,-0.6020599913279624
-1.3835128545761108,-2.2036385536193848,-2.176002264022827,-2.537602002101044
-1.3589192628860474,-2.484833240509033,-2.4965980052948,-2.167491087293764
-1.7532293796539307,-2.257612943649292,-2.248077869415283,-2.344861565188618
-1.9743188619613647,-1.8183982372283936,-1.8543000221252441,-1.9507819773298183
0.1501753181219101,0.15227030217647552,0.046597737818956375,0.07918124604762482
0.4687877297401428,0.4907890558242798,0.4911096394062042,0.6989700043360189
0.8536450266838074,0.8816564083099365,0.8636310696601868,0.8450980400142568
0.056368909776210785,-0.035075899213552475,0.03312157094478607,0.04139268515822507
0.4904663860797882,0.49012649059295654,0.4695604741573334,0.4913616938342727
0.823421835899353,0.825478196144104,0.8488287329673767,0.7781512503836436
-0.17280113697052002,-0.08613268285989761,-0.09288869053125381,0.04139268515822507
0.4339905381202698,0.4103776216506958,0.39069196581840515,0.414973347970818
0.7687515020370483,0.7724367380142212,0.7107537984848022,0.6627578316815741
-0.37714630365371704,-0.39475998282432556,-0.3161245286464691,0.0
0.351779043674469,0.2192692905664444,0.15838606655597687,0.3424226808222063
0.6169969439506531,0.6085599064826965,0.6182754039764404,0.5314789170422551
-0.09004325419664383,-0.16833288967609406,-0.15206454694271088,-1.3979400086720375
0.20800833404064178,-0.291878342628479,-0.2334076315164566,0.07918124604762482
0.23005250096321106,0.37101104855537415,0.23153074085712433,0.38021124171160603
-0.026342248544096947,0.11885668337345123,-0.11146610230207443,-1.5228787452803376
-0.6050831079483032,0.22383947670459747,-1.2973337173461914,0.04139268515822507
0.47839540243148804,0.2926214933395386,-1.0520864725112915,0.3010299956639812
-0.12063851952552795,-0.1207694336771965,-0.12233462929725647,-1.6989700043360187
-1.3860338926315308,-0.7524967789649963,-0.7563230991363525,0.0
-1.158715844154358,0.18745775520801544,0.20459087193012238,0.17609125905568124
-0.4609825611114502,-0.5422638654708862,-0.5801956653594971,-0.5228787452803376
-0.5519716739654541,-0.5525170564651489,-0.5271729230880737,-0.585026652029182
-0.4802202880382538,-0.5430375933647156,-0.5486602783203125,-0.619788758288394
-0.5012143850326538,-0.579365611076355,-0.5862862467765808,-0.6575773191777937
-0.12633904814720154,-0.16089962422847748,-0.2245148867368698,0.04139268515822507
-0.07861388474702835,-0.08009622246026993,-0.22661177814006805,-0.07572071393811836
-0.5468361973762512,-0.583798348903656,-0.6404226422309875,-0.7033348097384688
-0.11334070563316345,-0.17560599744319916,-0.1359078586101532,-0.16749108729376366
-0.7655148506164551,-0.783886194229126,-0.7866373062133789,-0.712198270069774
-0.17694827914237976,-0.29144465923309326,-0.29779043793678284,-0.22184874961635637
-0.4332720935344696,-0.4493572413921356,-0.48232507705688477,-0.744727494896694
-0.5901192426681519,-0.656624436378479,-0.6752668619155884,-0.3010299956639812
-0.036556776612997055,-0.016192961484193802,0.027306219562888145,0.3010299956639812
0.02664410136640072,0.17415659129619598,-0.03202854469418526,0.25527250510330607
0.05872836336493492,0.0911233201622963,0.06400470435619354,-0.22184874961635637
-0.20187242329120636,-0.17438121140003204,-0.15586164593696594,-0.3979400086720376
-0.248848557472229,-0.8683956265449524,-0.32495182752609253,-0.22184874961635637
-0.40322285890579224,-0.3949457108974457,-0.46044185757637024,-1.0
-1.1640770435333252,-1.1085296869277954,-1.3040095567703247,-0.6989700043360187
-0.7030844688415527,-0.8047198057174683,-1.5366607904434204,-1.3010299956639813
-1.7161219120025635,-1.687360167503357,-1.702968955039978,-1.6989700043360187
-1.302921175956726,-1.3270680904388428,-1.362922191619873,-1.2924298239020637
-1.3560091257095337,-1.3682647943496704,-1.39194655418396,-1.3979400086720375
-1.5747209787368774,-1.554556965827942,-1.5596437454223633,-1.5228787452803376
-1.4991271495819092,-1.4595143795013428,-1.4507290124893188,-1.5228787452803376
-1.1572284698486328,-1.1967885494232178,-1.144744873046875,-1.154901959985743
-1.2587155103683472,-1.2592222690582275,-1.2582036256790161,-1.3010299956639813
-1.3266295194625854,-1.3398317098617554,-1.32419753074646,-1.3010299956639813
-1.5384975671768188,-1.5617308616638184,-1.5388131141662598,-1.6020599913279623
-1.329601764678955,-1.3390535116195679,-1.3586335182189941,-1.3467874862246563
-1.009196162223816,-0.9734177589416504,-1.0059713125228882,-0.7958800173440752
-1.0126484632492065,-1.0744246244430542,-0.9239645004272461,-1.154901959985743
-1.321077585220337,-1.3059026002883911,-1.3243865966796875,-1.2924298239020637
-1.0368996858596802,-1.0390948057174683,-1.051025629043579,-1.154901959985743
-1.0231842994689941,-1.032968521118164,-1.023730993270874,-1.1249387366083
-0.9132682085037231,-0.967280387878418,-0.9211487770080566,-0.7695510786217261
-0.708625078201294,-0.7969969511032104,-0.7365161180496216,-0.6575773191777937
-0.8385525345802307,-0.8929891586303711,-0.6823122501373291,-0.9208187539523752
-0.8021528720855713,-0.7805723547935486,-0.7676254510879517,-0.8860566476931632
-1.0908266305923462,-1.105725646018982,-1.008016586303711,-1.0
-0.7486225366592407,-0.7721276879310608,-0.7775905728340149,-1.0
-0.6239597797393799,-0.5714695453643799,-0.5580457448959351,-0.6989700043360187
-0.3752785921096802,-0.37083807587623596,-0.3568778336048126,-0.494850021680094
-0.6002863645553589,-0.6948535442352295,-0.6815192103385925,-0.6989700043360187
-0.4703434109687805,-0.4690938889980316,-0.4598254859447479,-0.46852108295774486
-0.31758788228034973,-0.30817827582359314,-0.31073805689811707,-0.2924298239020636
-0.5014119744300842,-0.5122936964035034,-0.5492336750030518,-0.494850021680094
-0.33766990900039673,-0.2990679442882538,-0.3415035903453827,-0.3010299956639812
-0.25302132964134216,-0.18772341310977936,-0.21256384253501892,-0.21467016498923297
-0.8264222741127014,-0.8249861598014832,-0.8248356580734253,-0.6777807052660807
-0.532819926738739,-0.5052804946899414,-0.5722215175628662,-0.44369749923271273
-0.38507652282714844,-0.39457446336746216,-0.41624724864959717,-0.25181197299379954
-0.5454087853431702,-0.5778215527534485,-0.5628712177276611,-0.5228787452803376
-0.29255378246307373,-0.3017415404319763,-0.2970837950706482,-0.3372421683184259
-0.1527847945690155,-0.1885332316160202,-0.1802387535572052,-0.1938200260161128
-0.38231968879699707,-0.3908928334712982,-0.44354191422462463,-0.3979400086720376
-0.20330902934074402,-0.20397306978702545,-0.22916027903556824,-0.22184874961635637
-0.18132402002811432,-0.14761166274547577,-0.16321125626564026,-0.09691001300805639
-1.4624732732772827,-1.4254223108291626,-1.4476174116134644,-1.6382721639824072
-1.660348653793335,-1.6497464179992676,-1.6590702533721924,-1.6382721639824072
-1.729364275932312,-1.7208811044692993,-1.7265375852584839,-1.6575773191777938
-1.631787896156311,-1.5963317155838013,-1.5609197616577148,-1.6777807052660807
-1.534355878829956,-1.2760591506958008,-1.5300363302230835,-1.6575773191777938
-1.5997968912124634,-1.5882006883621216,-1.4770214557647705,-1.5528419686577808
-1.7142044305801392,-1.5220730304718018,-1.7035454511642456,-1.6989700043360187
-1.5616559982299805,-1.571155071258545,-1.4818611145019531,-1.6197887582883939
-0.9495313763618469,-1.1211332082748413,-1.062929391860962,-0.958607314841775
-1.075229287147522,-1.0803923606872559,-0.9917214512825012,-1.744727494896694
-1.3989839553833008,-1.3936092853546143,-1.0303425788879395,-1.0457574905606752
-1.688441514968872,-1.6720759868621826,-1.005985975265503,-1.0969100130080565
-0.7600845694541931,-0.7902557849884033,-0.760900616645813,-0.744727494896694
-0.8673214912414551,-0.8697926998138428,-0.8658060431480408,-0.7695510786217261
-0.8212236166000366,-0.8294016718864441,-0.8308749794960022,-0.832682665251824
-0.8509086966514587,-0.8557241559028625,-0.8598196506500244,-0.8761483590329142
-1.003477931022644,-0.9969162344932556,-0.7512623071670532,-1.2218487496163564
-1.1262199878692627,-1.1228759288787842,-0.7512623071670532,-1.0457574905606752
-0.9047694206237793,-1.013688325881958,-0.7512623071670532,-1.0
-0.8725486993789673,-0.8508167266845703,-0.8737105131149292,-0.8761483590329142
-0.832568347454071,-0.6809525489807129,-0.7544321417808533,-0.5228787452803376
-1.0530529022216797,-0.8618917465209961,-0.7544321417808533,-0.8794260687941502
-1.0112979412078857,-1.0068254470825195,-0.7544321417808533,-1.4436974992327127
0.5358560085296631,0.4797154664993286,0.47232651710510254,0.6202401898458314
0.5092403888702393,0.4937014877796173,0.45295870304107666,0.5098742850047192
0.47124436497688293,0.486690878868103,0.49749213457107544,0.36772854608697647
0.3295270800590515,0.32119837403297424,0.3230128586292267,0.449478399187365
-0.04351425915956497,0.021546829491853714,-0.07465918362140656,-0.025949097207122653
-0.04266148433089256,-0.0398724302649498,-0.0026771752163767815,-0.12033079436794646
0.24705901741981506,0.23598994314670563,0.2640214264392853,0.32139127831168907
-0.16324014961719513,-0.10503925383090973,-0.11716412752866745,-0.22548303427145047
-0.4165870249271393,-0.3732171356678009,-0.39846116304397583,-0.3957739469155299
-0.026056621223688126,-0.04785965755581856,0.01496855914592743,-0.0008694587126288915
-0.45483094453811646,-0.4374479055404663,-0.4730684459209442,-0.4473317838878068
-0.4711969494819641,-0.47900623083114624,-0.45546582341194153,-0.4659738939438649
-0.5164075493812561,-0.5096315741539001,-0.5240949392318726,-0.5287082889410615
-0.5813294649124146,-0.5698137879371643,-0.5820345878601074,-0.5670307091255943
-0.5972950458526611,-0.5927160382270813,-0.5875063538551331,-0.5934598195660448
-0.6129052639007568,-0.6044542789459229,-0.608302652835846,-0.6090648928966209
-0.28168389201164246,-0.3210723400115967,-0.25103798508644104,-0.23136189875238555
-0.4721468389034271,-0.5955184698104858,-0.5211605429649353,-0.4854522473397139
-1.3264483213424683,-1.1611227989196777,-1.3260408639907837,-1.0
-0.7849663496017456,-0.8245888948440552,-0.8525421023368835,-0.5228787452803376
-0.5765242576599121,-0.5561122894287109,-0.5597025752067566,-0.3010299956639812
-0.8112553954124451,-0.8222118020057678,-0.8331859111785889,-0.6989700043360187
-0.803236186504364,-0.8143539428710938,-0.8471057415008545,-0.744727494896694
-1.1274954080581665,-1.2201935052871704,-1.0936111211776733,-1.5228787452803376
-0.8651638627052307,-0.88059401512146,-0.8064262270927429,-1.0
-0.4274994730949402,-0.44336581230163574,-0.4258502721786499,-0.6989700043360187
-0.7758314609527588,-0.7982494235038757,-0.795302152633667,-0.744727494896694
-0.9244595766067505,-0.9304165840148926,-0.888897716999054,-1.1611509092627446
-1.0324100255966187,-1.0927441120147705,-1.1100549697875977,-1.1643094285075744
-1.6631073951721191,-1.6291615962982178,-1.6447585821151733,-1.6989700043360187
-1.1111165285110474,-1.1077234745025635,-1.0619606971740723,-1.0969100130080565
-1.3171530961990356,-1.3421647548675537,-1.3076797723770142,-1.2732727909734278
-1.4457604885101318,-1.4767614603042603,-1.4640661478042603,-1.3979400086720375
-0.9291036128997803,-0.8968659043312073,-0.888593852519989,-1.0
-2.8265669345855713,-2.837404727935791,-2.8045578002929688,-3.0969100130080562
-2.801100015640259,-2.7866086959838867,-2.836984634399414,-2.657577319177794
-2.943178415298462,-2.966475248336792,-2.936328411102295,-2.795880017344075
-3.027987003326416,-2.9958837032318115,-3.016010284423828,-3.0969100130080562
-2.8390746116638184,-2.838175058364868,-2.8498611450195312,-2.769551078621726
-2.9904751777648926,-3.0050101280212402,-3.0057930946350098,-3.0969100130080562
-2.8382160663604736,-2.8552536964416504,-2.8411660194396973,-3.0457574905606752
-2.9147472381591797,-2.933708667755127,-2.9148170948028564,-2.853871964321762
-2.795844793319702,-2.8195810317993164,-2.784536361694336,-2.744727494896694
-2.799759864807129,-2.8237173557281494,-2.7790651321411133,-2.6989700043360187
-2.8729662895202637,-2.9087326526641846,-2.8371474742889404,-2.958607314841775
-2.9240496158599854,-2.8756179809570312,-2.9178683757781982,-2.958607314841775
-2.839320421218872,-2.851731061935425,-2.884549617767334,-2.6989700043360187
-3.048110008239746,-3.025137186050415,-3.029853582382202,-3.0969100130080562
-2.809847116470337,-2.8466720581054688,-2.8227765560150146,-2.721246399047171
-2.974642753601074,-2.913586139678955,-3.0223658084869385,-3.0
-2.900557518005371,-2.9316728115081787,-2.8816802501678467,-2.958607314841775
-2.8878133296966553,-2.90592622756958,-2.8827247619628906,-2.9208187539523753
-2.853938579559326,-2.8678009510040283,-2.9035658836364746,-2.795880017344075
-3.0415053367614746,-3.0594844818115234,-3.0652639865875244,-3.0969100130080562
-3.0766777992248535,-3.0689401626586914,-3.0180678367614746,-2.958607314841775
-2.9843153953552246,-2.9565038681030273,-3.0280661582946777,-3.2218487496163566
-2.9764649868011475,-3.0196359157562256,-2.9957780838012695,-3.0
-2.8815841674804688,-2.8585243225097656,-2.8891427516937256,-2.958607314841775
-3.049258232116699,-3.1217429637908936,-3.0822055339813232,-3.0969100130080562
