seed_6_y_pred,seed_6_y_std,seed_13_y_pred,seed_13_y_std,seed_42_y_pred,seed_42_y_std,log (Total flux)
-0.8415560722351074,0.5735959410667419,-0.8594881296157837,0.552148699760437,-0.852809488773346,0.534899115562439,-1.0087739243075051
-0.8899197578430176,0.26527538895606995,-0.8736987113952637,0.575860857963562,-0.9342138767242432,0.501871645450592,-0.9507819773298184
-0.9834063053131104,0.474379301071167,-1.083134412765503,0.5506788492202759,-0.9971880316734314,0.5228068232536316,-1.0457574905606752
-0.8389574885368347,0.5502196550369263,-0.8924810290336609,0.41887664794921875,-0.9527952671051025,0.4897380769252777,-0.8860566476931632
-1.0065364837646484,0.49627140164375305,-1.0069892406463623,0.4726780951023102,-1.0205636024475098,0.4323447048664093,-0.958607314841775
-1.058760166168213,0.4610338509082794,-1.0329259634017944,0.3942677676677704,-1.03580641746521,0.4330994784832001,-1.0
-0.9432651996612549,0.5061995983123779,-0.9129133224487305,0.5014753937721252,-1.0359047651290894,0.5225321054458618,-0.9208187539523752
-0.6501940488815308,0.4999921917915344,-0.5855037569999695,0.49418380856513977,-0.43267422914505005,0.5082619786262512,-0.7328282715969863
-0.9121249914169312,0.4841214716434479,-0.857581615447998,0.47952911257743835,-0.8578969240188599,0.45040202140808105,-0.9281179926938746
-0.9940647482872009,0.5402095317840576,-1.0080732107162476,0.47010067105293274,-0.9496755003929138,0.4691205322742462,-1.154901959985743
-0.8644480109214783,0.5376583933830261,-0.8574854731559753,0.5391812324523926,-0.9099523425102234,0.5218290090560913,-0.6020599913279624
-0.5846795439720154,0.5475426316261292,-0.7551468014717102,0.5409842133522034,-0.40941545367240906,0.5435774922370911,-0.638272163982407
-0.5773177146911621,0.4658694565296173,-0.6105314493179321,0.4113685190677643,-0.5290588140487671,0.4143616259098053,-0.46852108295774486
-0.40591031312942505,0.4070538878440857,-0.41368111968040466,0.3201056718826294,-0.4110020399093628,0.37306326627731323,-0.4559319556497244
-0.4145309627056122,0.16064251959323883,-0.42262858152389526,0.48312798142433167,-0.4242364764213562,0.38767313957214355,-0.5228787452803376
-0.3898954689502716,0.5410960912704468,-0.4276527762413025,0.5705837607383728,-0.4044160544872284,0.5810142755508423,-0.045757490560675115
-0.7097349166870117,0.6275748610496521,-0.6632161140441895,0.6661390662193298,-0.783552885055542,0.6549729108810425,-0.22184874961635637
-0.3023602366447449,0.1734788417816162,-0.24248570203781128,0.4579072594642639,-0.35608407855033875,0.41516754031181335,-0.3010299956639812
-0.3234870135784149,0.42765477299690247,-0.276870995759964,0.4491596817970276,-0.31759512424468994,0.387154757976532,-0.37675070960209955
-0.4156317710876465,0.3803647458553314,-0.3971971273422241,0.481636643409729,-0.4107290804386139,0.3999474346637726,-0.37675070960209955
-0.4624282717704773,0.4226447343826294,-0.4789983630180359,0.38357028365135193,-0.4623644948005676,0.5005449056625366,-0.37675070960209955
-0.31978994607925415,0.45007985830307007,-0.276870995759964,0.4491596817970276,-0.36968570947647095,0.4101431369781494,-0.3565473235138126
-1.405620813369751,0.6506817936897278,-1.4286733865737915,0.6821309328079224,-1.6195342540740967,0.6851363778114319,-1.6575773191777938
-1.734567642211914,0.6055595278739929,-1.6267657279968262,0.579395592212677,-1.7201833724975586,0.6050789952278137,-1.4685210829577449
-1.6302845478057861,0.5547006726264954,-1.6207470893859863,0.5942593812942505,-1.633358120918274,0.5766516327857971,-1.9913998282380825
-1.470231056213379,0.5334116220474243,-1.4566315412521362,0.5743526220321655,-1.5336174964904785,0.5986749529838562,-1.3979400086720375
-1.3415199518203735,0.5617474913597107,-1.256091594696045,0.5742915272712708,-1.3411043882369995,0.6879197359085083,-1.337242168318426
-1.1570404767990112,0.5955091714859009,-1.1230802536010742,0.5785145163536072,-1.178930640220642,0.5699724555015564,-1.3010299956639813
-1.882521390914917,0.28927844762802124,-1.8970880508422852,0.6042083501815796,-1.8464891910552979,0.652002215385437,-1.5934598195660448
-1.3288490772247314,0.2877393364906311,-1.1700106859207153,0.5073875188827515,-1.1743552684783936,0.5304696559906006,-0.958607314841775
-0.6566864252090454,0.40557822585105896,-0.6324945092201233,0.48764029145240784,-0.6381711959838867,0.47639599442481995,-0.619788758288394
-0.4555513560771942,0.39970430731773376,-0.4558454751968384,0.46077466011047363,-0.45531103014945984,0.41318678855895996,-0.44369749923271273
-0.33866724371910095,0.44174185395240784,-0.3042762279510498,0.49329420924186707,-0.3359830677509308,0.48085248470306396,-0.36653154442041347
-0.2771933376789093,0.18147334456443787,-0.2368817925453186,0.4976417124271393,-0.25930559635162354,0.4614899158477783,-0.3279021420642826
-0.481149286031723,0.44144147634506226,-0.4831947088241577,0.43761947751045227,-0.4365326762199402,0.4326396584510803,-0.4559319556497244
-0.5591870546340942,0.4078983962535858,-0.5404034852981567,0.4209412634372711,-0.5213853120803833,0.4252978265285492,-0.619788758288394
-0.6875124573707581,0.42777636647224426,-0.6744157075881958,0.3986789286136627,-0.6738522052764893,0.42184486985206604,-0.7695510786217261
-0.9198703765869141,0.40301018953323364,-0.9385193586349487,0.39970314502716064,-0.9223697781562805,0.4088268578052521,-0.9208187539523752
-1.3681981563568115,0.4806160628795624,-1.3837175369262695,0.4907788932323456,-1.3202674388885498,0.4808773696422577,-1.154901959985743
-0.9026356935501099,0.2900010645389557,-0.8195976614952087,0.3266913890838623,-0.7919656038284302,0.31416550278663635,-0.8088285442714415
-0.5071784853935242,0.2390809804201126,-0.5202415585517883,0.22957973182201385,-0.5167524218559265,0.26216381788253784,-0.41476493663422465
-0.14124000072479248,0.3051002025604248,-0.1788504719734192,0.3652001917362213,-0.14301347732543945,0.30325520038604736,-0.33837659077077
-0.9296632409095764,0.28737783432006836,-0.896213710308075,0.3321413993835449,-0.8294616937637329,0.3154826760292053,-0.7169250252645285
-0.5568252801895142,0.15778715908527374,-0.5071305632591248,0.27487713098526,-0.490971177816391,0.23984505236148834,-0.3994627056355312
-0.24157357215881348,0.2803310751914978,-0.2172141671180725,0.2948310375213623,-0.19796746969223022,0.3131411075592041,-0.21910689131292108
-0.9025277495384216,0.1571269929409027,-0.8377571702003479,0.2991282045841217,-0.8608414530754089,0.30827146768569946,-0.9125735429637145
-0.5924450159072876,0.15705053508281708,-0.5780389308929443,0.22115905582904816,-0.5274479985237122,0.22265669703483582,-0.39859193946531624
-0.25503110885620117,0.3030294179916382,-0.23556190729141235,0.3609844148159027,-0.26117369532585144,0.3169057369232178,-0.1901037533975609
-0.9248676300048828,0.3015114367008209,-0.940441906452179,0.28733524680137634,-0.9172748327255249,0.2942880094051361,-0.9270152553720696
-0.5722419619560242,0.21948757767677307,-0.5792205333709717,0.21191801130771637,-0.5611968040466309,0.21851147711277008,-0.6449317936511493
-0.28381383419036865,0.29747194051742554,-0.28044435381889343,0.35831010341644287,-0.30846095085144043,0.2957656681537628,-0.22584814104528958
-0.9316138029098511,0.30040639638900757,-1.0089466571807861,0.3098958134651184,-0.9903674721717834,0.29035526514053345,-1.016824927962187
-0.6521076560020447,0.19848771393299103,-0.6568461060523987,0.19109418988227844,-0.6780721545219421,0.2434438019990921,-0.7171513971653553
-0.38564246892929077,0.15479497611522675,-0.3459603190422058,0.3553036153316498,-0.3242282569408417,0.30316072702407837,-0.34390179798716813
-1.199692964553833,0.2734346389770508,-1.1778151988983154,0.3213961124420166,-1.1416490077972412,0.28086721897125244,-1.0594835150674329
-0.7721691131591797,0.1924406737089157,-0.79339998960495,0.2509492039680481,-0.8008864521980286,0.2073458880186081,-0.7602001815529014
-0.44932880997657776,0.2892835736274719,-0.5061434507369995,0.3337007761001587,-0.4552042484283447,0.30127084255218506,-0.43735032778808336
-1.1951713562011719,0.2993711531162262,-1.3720099925994873,0.32233133912086487,-1.2276899814605713,0.29701340198516846,-1.3516399890190685
-1.0351611375808716,0.15942420065402985,-0.9751538634300232,0.20377297699451447,-1.0147236585617065,0.20912501215934753,-0.9385475209128068
-0.5980368256568909,0.29282671213150024,-0.6055882573127747,0.28484806418418884,-0.5832463502883911,0.2984691262245178,-0.6753060861382254
-1.5336648225784302,0.3209017217159271,-1.5449888706207275,0.3062138855457306,-1.5657190084457397,0.31104448437690735,-2.0757207139381184
-1.43338143825531,0.24502742290496826,-1.2944421768188477,0.29647296667099,-1.3079349994659424,0.25245240330696106,-1.254144804826271
-0.9582152366638184,0.2953447699546814,-1.1322470903396606,0.3447990119457245,-0.9216668605804443,0.31509894132614136,-0.906578314837765
-2.645561933517456,0.4511125981807709,-2.6386802196502686,0.4430936872959137,-2.6454873085021973,0.4459478557109833,-2.221848749616356
-1.8187649250030518,0.4045957028865814,-1.8233404159545898,0.4279852509498596,-1.794428825378418,0.4196702837944031,-2.5528419686577806
-1.9286859035491943,0.23305924236774445,-2.027681589126587,0.4597057104110718,-1.9090406894683838,0.442673921585083,-1.4306260903849541
-0.7240086793899536,0.3849024474620819,-0.7153412699699402,0.35479286313056946,-0.7225461602210999,0.3892664909362793,-0.5867002359187481
-0.7513302564620972,0.3973385691642761,-0.7735459208488464,0.4053831100463867,-0.7271820306777954,0.42744025588035583,-0.596879478824182
-0.7891252040863037,0.3927646279335022,-0.7512708306312561,0.38204362988471985,-0.7803820371627808,0.3666144013404846,-0.6968039425795111
-0.8442293405532837,0.38677677512168884,-0.822516143321991,0.37554097175598145,-0.8316552042961121,0.41787660121917725,-1.0
-0.9515222311019897,0.15850341320037842,-0.9479023814201355,0.3509260416030884,-0.928248405456543,0.4105249345302582,-1.0506099933550872
-1.1307857036590576,0.1592014878988266,-1.1377718448638916,0.3782833218574524,-1.1635633707046509,0.37102988362312317,-1.1739251972991736
-1.5848262310028076,0.36688923835754395,-1.3391573429107666,0.3708627223968506,-1.527359127998352,0.3756965398788452,-1.3279021420642825
-1.4456987380981445,0.3481996953487396,-1.3391573429107666,0.3708627223968506,-1.3868718147277832,0.39205020666122437,-1.3979400086720375
-1.1179945468902588,0.394713819026947,-1.226253628730774,0.4123554229736328,-1.1486537456512451,0.37198424339294434,-2.154901959985743
-0.9225779175758362,0.47095435857772827,-1.0479865074157715,0.49792104959487915,-0.9695345163345337,0.4526577889919281,-2.0177287669604316
-2.2773287296295166,0.4576244652271271,-1.9891915321350098,0.446953147649765,-1.991047978401184,0.4675917625427246,-1.6020599913279623
-0.2796951234340668,0.6742360591888428,-0.2682640552520752,0.7316790223121643,-0.2837965190410614,0.6338381171226501,-0.2688449400403264
-0.04866117238998413,0.28711041808128357,-0.33919578790664673,0.6757295727729797,-0.028342843055725098,0.6835504770278931,0.06069784035361165
-0.25434160232543945,0.6374320387840271,-0.2497483491897583,0.6526339650154114,-0.25129809975624084,0.6982001066207886,-0.24598209844216795
-0.23031878471374512,0.6268972158432007,-0.2305874228477478,0.7258252501487732,-0.23286521434783936,0.6946468353271484,-0.24598209844216795
0.17603665590286255,0.6815031170845032,-0.12283438444137573,0.6556602716445923,0.12815290689468384,0.6534444093704224,0.17926446433902532
-0.20608431100845337,0.6430380344390869,-0.23183673620224,0.651155948638916,-0.21477580070495605,0.6923742294311523,-0.22184874961635637
-0.19454282522201538,0.6309596300125122,-0.19183564186096191,0.6613006591796875,-0.19105756282806396,0.6606528759002686,-0.1962943969757637
0.35722965002059937,0.6827396750450134,0.3994792699813843,0.6766453385353088,0.36294442415237427,0.6274418830871582,0.32633586092875144
0.5767630934715271,0.6076638698577881,0.6293716430664062,0.6867507696151733,0.5112389326095581,0.673323392868042,0.5276299008713387
0.5416939854621887,0.7013847827911377,0.4920993447303772,0.7057612538337708,0.5183753967285156,0.6927268505096436,0.6627578316815741
-0.5444398522377014,0.7345006465911865,-0.5174005627632141,0.743139386177063,-0.5123059749603271,0.6966687440872192,-0.5290385369682233
-0.5773295164108276,0.7338008880615234,-0.5459579825401306,0.6788251996040344,-0.10651355981826782,0.7398735880851746,-0.10790539730951959
-0.520308256149292,0.17852522432804108,-0.4910929203033447,0.6245352625846863,-0.500989556312561,0.6846127510070801,-0.5102889561907537
-0.4890945255756378,0.5612340569496155,-0.4783250093460083,0.7416979670524597,-0.4847269356250763,0.6829617023468018,-0.49069395850550057
-0.3218141794204712,0.7322967052459717,-0.2950192987918854,0.6613166928291321,-0.10610151290893555,0.6845897436141968,0.04532297878665747
-0.46085718274116516,0.5974030494689941,-0.47537875175476074,0.5844140648841858,-0.47268906235694885,0.6829624176025391,-0.4631109125294204
-0.43760648369789124,0.6063452959060669,-0.41429728269577026,0.6653688549995422,-0.43401846289634705,0.6871103048324585,-0.4486329650765712
0.17937737703323364,0.23326514661312103,0.16969984769821167,0.5697693228721619,0.0857398509979248,0.6675347685813904,0.20682587603184974
0.3323986530303955,0.2358066886663437,0.47001928091049194,0.6573455929756165,0.4485026001930237,0.6901403069496155,0.3242824552976926
0.29807573556900024,0.7573133111000061,0.36853182315826416,0.6406180262565613,0.4097312092781067,0.5778496265411377,0.4487063199050799
-0.8988944888114929,0.7268746495246887,-0.8819258213043213,0.7368144989013672,-0.8773669600486755,0.7396942973136902,-0.8846058574743971
-0.15962094068527222,0.2865132689476013,-0.15586525201797485,0.7384273409843445,-0.1611546277999878,0.6918025612831116,-0.2569922373293755
-0.8834103345870972,0.7250961065292358,-0.8981218934059143,0.7068008184432983,-0.8770394325256348,0.7234035730361938,-0.8681119898227769
-0.8330309391021729,0.7622697353363037,-0.8609537482261658,0.7431684136390686,-0.8583013415336609,0.7194532155990601,-0.8596239623199455
-0.04070252180099487,0.7186431288719177,-0.05507010221481323,0.7302920818328857,-0.04569143056869507,0.7421340346336365,-0.005243055412371884
-0.8339967727661133,0.6580987572669983,-0.8428581357002258,0.7326312065124512,-0.821989893913269,0.7385252118110657,-0.8331171770258415
-0.7465924024581909,0.7610851526260376,-0.7802942991256714,0.7087522745132446,-0.7585057020187378,0.6789933443069458,-0.8239087409443188
0.13774067163467407,0.7238392233848572,0.1532529592514038,0.7431851029396057,0.14218825101852417,0.7400993704795837,0.1766699326681496
0.3014780282974243,0.20871514081954956,0.290316641330719,0.7180143594741821,0.30328643321990967,0.7445275187492371,0.29885307640970665
0.22230422496795654,0.6999269723892212,0.23274540901184082,0.7422271966934204,0.23852354288101196,0.7432247996330261,0.38560627359831223
-0.799070417881012,0.213454008102417,-0.7999324798583984,0.45263317227363586,-0.8139733672142029,0.46211549639701843,-0.8210230527068306
-0.6844981908798218,0.3878248631954193,-0.6719071865081787,0.3828746974468231,-0.6650723814964294,0.3613240718841553,-0.6903698325741012
-1.0425058603286743,0.5170556306838989,-1.0454059839248657,0.5210928320884705,-1.005951166152954,0.535613477230072,-1.1674910872937636
-0.8152489066123962,0.45700088143348694,-0.769868791103363,0.48740535974502563,-0.7619274854660034,0.41347935795783997,-0.8569851997459049
-0.8490609526634216,0.43177664279937744,-0.8257848024368286,0.4784928262233734,-0.840152382850647,0.47046348452568054,-0.8386319977650252
-0.7095906734466553,0.17556825280189514,-0.7042590975761414,0.34116822481155396,-0.7197355628013611,0.3460300862789154,-0.6989700043360187
-1.1807777881622314,0.17880107462406158,-1.181888461112976,0.530570387840271,-1.1891840696334839,0.524078369140625,-1.1674910872937636
-0.8812693357467651,0.43481433391571045,-0.8608476519584656,0.46475374698638916,-0.8366146087646484,0.3890228569507599,-0.8696662315049939
-0.8798322677612305,0.41679778695106506,-0.8938738107681274,0.4112747311592102,-0.8727959394454956,0.41858378052711487,-0.8601209135987634
-0.7377867698669434,0.17534299194812775,-0.7590869665145874,0.31397053599357605,-0.7546477913856506,0.33709487318992615,-0.721246399047171
-0.9512937068939209,0.39765188097953796,-0.9570949673652649,0.39934614300727844,-0.9495100378990173,0.37630197405815125,-0.9393021596463883
-1.0044620037078857,0.4418690800666809,-0.9923874139785767,0.4787978529930115,-0.9652988910675049,0.47233128547668457,-0.9956786262173574
-0.7596597075462341,0.29413577914237976,-0.7758554816246033,0.30394259095191956,-0.7844575047492981,0.33430764079093933,-0.7495799976911061
-1.0190612077713013,0.3999771773815155,-1.0382611751556396,0.43177294731140137,-0.9930281043052673,0.49616506695747375,-1.0604807473813815
-0.8004868030548096,0.16467058658599854,-0.7960659265518188,0.3604743480682373,-0.8010398149490356,0.36789754033088684,-0.7772835288524167
-1.1950801610946655,0.4943716824054718,-1.260000228881836,0.5490448474884033,-1.1937708854675293,0.4945286214351654,-1.1674910872937636
-0.8123502135276794,0.3474559187889099,-0.8252866268157959,0.4029352366924286,-0.8205969333648682,0.4061119556427002,-0.8210230527068306
-0.9946000576019287,0.4277040958404541,-0.8842222690582275,0.3804798424243927,-0.9402072429656982,0.4348824620246887,-0.8996294548824371
-0.7016955614089966,0.30477476119995117,-0.705354630947113,0.3791784644126892,-0.7315273880958557,0.34494030475616455,-0.8416375079047503
-0.8076736330986023,0.351074755191803,-0.8010831475257874,0.3191922903060913,-0.7845317125320435,0.3268109858036041,-0.6946486305533762
-0.9420554041862488,0.39035648107528687,-0.9533688426017761,0.37753164768218994,-0.9464915990829468,0.3582368493080139,-1.154901959985743
-1.073641061782837,0.40827080607414246,-1.0342645645141602,0.456163227558136,-1.0795286893844604,0.41617506742477417,-0.8794260687941502
-0.7022233009338379,0.3890267312526703,-0.7504851222038269,0.3830271065235138,-0.7419789433479309,0.38857531547546387,-0.8239087409443188
-0.7022233009338379,0.3890267312526703,-0.7995051145553589,0.4489404559135437,-0.7933169007301331,0.4139159917831421,-0.6861327796308466
-0.90250164270401,0.435221403837204,-0.9766263961791992,0.48864561319351196,-0.9689627289772034,0.42853906750679016,-1.136677139879544
-1.0918461084365845,0.42861640453338623,-1.0457415580749512,0.4233890473842621,-1.050802230834961,0.3936832547187805,-0.8632794328435931
-0.7195405960083008,0.17411278188228607,-0.8041272163391113,0.5392025113105774,-0.6935009360313416,0.49837473034858704,-0.8041003475907662
-0.7637358903884888,0.47836726903915405,-0.8041272163391113,0.5392025113105774,-0.7633165121078491,0.4794364273548126,-0.679853713888946
-0.8808172941207886,0.4767528772354126,-0.8849436044692993,0.4776930809020996,-0.9160293936729431,0.49105629324913025,-1.1135092748275182
-1.0718069076538086,0.4791983962059021,-1.0529799461364746,0.48368221521377563,-1.0393683910369873,0.4606400728225708,-0.8356471442155629
-0.6901525259017944,0.5522234439849854,-0.6866037845611572,0.5814629793167114,-0.6700104475021362,0.5679312348365784,-0.7878123955960422
-0.784852921962738,0.5734002590179443,-0.7922082543373108,0.6083373427391052,-0.778324544429779,0.5302003622055054,-0.6716203965612623
-0.8443460464477539,0.5409228801727295,-0.8045503497123718,0.5433406829833984,-0.9317752122879028,0.5635108947753906,-1.0861861476162833
-1.0421383380889893,0.5503749847412109,-1.0274722576141357,0.5396319031715393,-0.9317752122879028,0.5635108947753906,-0.8239087409443188
-0.5243697762489319,0.23803837597370148,-0.7004837989807129,0.5830482244491577,-0.5706464648246765,0.5993544459342957,-0.4190750243243807
-0.36154383420944214,0.5469545125961304,-0.629279375076294,0.573517382144928,-0.484840989112854,0.6022531986236572,-0.21490018838220346
-0.46547064185142517,0.5833907127380371,-0.5148362517356873,0.5639538168907166,-0.4731089472770691,0.526466965675354,-0.6497519816658371
-0.2932582497596741,0.5650889277458191,-0.5674577951431274,0.539749801158905,-0.5233030319213867,0.5776132345199585,-0.367510314097029
-0.6298731565475464,0.5119253396987915,-0.7022048830986023,0.4363890588283539,-0.6730709671974182,0.44720619916915894,-0.9208187539523752
-0.45209670066833496,0.5227665305137634,-0.5889712572097778,0.5149726271629333,-0.620025634765625,0.4689265787601471,-0.5174837133936314
-0.5915955305099487,0.41401347517967224,-0.5542383193969727,0.35141751170158386,-0.5933735370635986,0.5141274929046631,-0.5528419686577808
-0.5606674551963806,0.4089031517505646,-0.5560773611068726,0.45369553565979004,-0.5661525726318359,0.5092113018035889,-0.5228787452803376
-0.506386935710907,0.44307923316955566,-0.5418674945831299,0.36862900853157043,-0.5381057262420654,0.39944806694984436,-0.5086383061657274
-0.34166938066482544,0.35028722882270813,-0.34959104657173157,0.3765643537044525,-0.34083646535873413,0.5058423280715942,-0.3360636208328832
-0.3879130482673645,0.4162449836730957,-0.38747382164001465,0.44276294112205505,-0.40364396572113037,0.453613817691803,-0.3979400086720376
-0.362101286649704,0.41722235083580017,-0.3545725345611572,0.3564242720603943,-0.36240071058273315,0.5035771131515503,-0.37675070960209955
-0.3159189820289612,0.4179554283618927,-0.3421848714351654,0.4362192153930664,-0.34887710213661194,0.40049776434898376,-0.3372421683184259
-0.12856024503707886,0.44118762016296387,-0.1817949414253235,0.4583134949207306,-0.1861160397529602,0.4270496964454651,-0.2006594505464183
-0.2384684681892395,0.4769745171070099,-0.24316197633743286,0.39561963081359863,-0.24416238069534302,0.5366128087043762,-0.2839966563652008
-0.22318464517593384,0.4725647568702698,-0.2290896773338318,0.414754718542099,-0.22060787677764893,0.5320641994476318,-0.22184874961635637
-0.21754854917526245,0.17608696222305298,-0.2277820110321045,0.43325820565223694,-0.22993457317352295,0.43924644589424133,-0.1870866433571444
-0.028139173984527588,0.501063346862793,-0.05636471509933472,0.41440272331237793,-0.06794178485870361,0.5131739377975464,-0.10065836056122002
-0.7386773824691772,0.7533435821533203,-0.7198404669761658,0.7167291641235352,-0.6683468222618103,0.7382831573486328,-0.9913998282380825
-0.9296554327011108,0.34248611330986023,-0.9478707313537598,0.6863636374473572,-0.9404400587081909,0.7346010208129883,-0.673135932224739
-1.2544567584991455,0.6803155541419983,-1.2920795679092407,0.701700747013092,-1.249143362045288,0.6192730069160461,-1.2218487496163564
-1.3254948854446411,0.6754335761070251,-1.3122942447662354,0.6979598999023438,-1.3174803256988525,0.6559339761734009,-1.3979400086720375
-1.4773106575012207,0.671157717704773,-1.4730677604675293,0.6927761435508728,-1.451966404914856,0.7027143836021423,-1.4202164033831899
-1.5571441650390625,0.625116765499115,-1.5755796432495117,0.6973738074302673,-1.5889232158660889,0.6761858463287354,-1.6197887582883939
-1.269360065460205,0.49810370802879333,-1.3636775016784668,0.6900776028633118,-1.4503774642944336,0.6883420348167419,-2.0
-0.29703468084335327,0.6240431070327759,-0.15280455350875854,0.6529766917228699,-0.2297411561012268,0.623163104057312,0.06069784035361165
0.3144351840019226,0.48432302474975586,0.317990779876709,0.5388005375862122,0.34766364097595215,0.5275427103042603,0.42488163663106704
0.5393711924552917,0.5322273969650269,0.51951003074646,0.5177679061889648,0.5370256304740906,0.5815980434417725,0.5378190950732742
0.599628210067749,0.5236613154411316,0.6144647598266602,0.5830696225166321,0.5998719930648804,0.532733678817749,0.6586790285824489
0.6172563433647156,0.5403763055801392,0.6380648612976074,0.5818373560905457,0.6602370738983154,0.5612853169441223,0.8155777483242672
-0.5998917818069458,0.7405651211738586,-0.5795621275901794,0.7609817385673523,-0.5776633024215698,0.7489583492279053,0.19589965240923374
-0.7343010902404785,0.7406581044197083,-0.7358851432800293,0.7502652406692505,-0.6981928944587708,0.750264048576355,-0.8239087409443188
-0.5407549142837524,0.7841352820396423,-0.5758893489837646,0.7646963000297546,-0.569504976272583,0.7561452984809875,0.1846914308175988
-1.4328091144561768,0.7349691390991211,-1.4548869132995605,0.5852043032646179,-1.462461233139038,0.6582057476043701,-1.0222763947111522
-1.2135754823684692,0.667227566242218,-1.3635425567626953,0.5539066791534424,-1.1666407585144043,0.7497056722640991,-1.1249387366083
-0.9997818470001221,0.7352121472358704,-1.0401148796081543,0.600330114364624,-1.0105807781219482,0.7308014631271362,-1.0222763947111522
-1.483595848083496,0.18303067982196808,-1.5313897132873535,0.32858604192733765,-1.4920105934143066,0.7499451637268066,-1.6197887582883939
-1.4393730163574219,0.4259624183177948,-1.4162920713424683,0.3371804654598236,-1.4612035751342773,0.6437579393386841,-1.5086383061657274
-1.207080364227295,0.7350801825523376,-1.3154239654541016,0.48880067467689514,-1.2134343385696411,0.6537459492683411,-1.3279021420642825
-1.8586230278015137,0.7563388347625732,-1.8996243476867676,0.5831676721572876,-1.8721210956573486,0.6565422415733337,-2.221848749616356
-1.9984291791915894,0.2173062413930893,-1.8698937892913818,0.37678900361061096,-1.8869062662124634,0.5574430227279663,-1.9829666607012197
-1.8077361583709717,0.24976353347301483,-1.7922956943511963,0.5129126310348511,-1.798017978668213,0.7497488856315613,-1.5686362358410126
-0.7819507122039795,0.6607509255409241,-0.791150689125061,0.7185662388801575,-0.8035973310470581,0.6993488669395447,-1.3979400086720375
-1.3120436668395996,0.2468157410621643,-1.3783987760543823,0.7412072420120239,-1.3680610656738281,0.6743198037147522,-0.8538719643217619
-0.7779969573020935,0.542003333568573,-1.0843104124069214,0.5212974548339844,-1.044613003730774,0.48237332701683044,-0.5228787452803376
-0.9059160947799683,0.4353988766670227,-0.8679432272911072,0.6434890031814575,-0.6788759827613831,0.6025167107582092,-0.6989700043360187
-1.0021337270736694,0.686837911605835,-0.9476510286331177,0.7477642297744751,-1.0126193761825562,0.7501797080039978,-1.3010299956639813
-1.0201774835586548,0.780843198299408,-0.9075110554695129,0.7592755556106567,-0.9821421504020691,0.770901620388031,-1.3979400086720375
-2.331240177154541,0.5127368569374084,-2.2874903678894043,0.6039763689041138,-2.3504416942596436,0.5586370229721069,-2.337242168318426
-2.3369293212890625,0.5547807812690735,-2.3958983421325684,0.5119841694831848,-2.399502992630005,0.5247654318809509,-2.337242168318426
-1.4963606595993042,0.6413653492927551,-2.4315030574798584,0.6476484537124634,-2.4066810607910156,0.5935779213905334,-2.5228787452803374
-2.3899435997009277,0.4904847741127014,-2.3679840564727783,0.5663185715675354,-2.3832991123199463,0.5235381722450256,-2.431798275933005
-2.3530144691467285,0.571627676486969,-2.374744176864624,0.5760224461555481,-2.339381694793701,0.6026164293289185,-2.431798275933005
-1.557088017463684,0.6363176703453064,-2.5393967628479004,0.6089489459991455,-2.4995439052581787,0.6243969798088074,-2.5086383061657274
-2.3912158012390137,0.547733724117279,-2.417738437652588,0.5243467688560486,-2.406970500946045,0.5710753798484802,-2.494850021680094
-2.5463671684265137,0.19474279880523682,-2.516606330871582,0.554770827293396,-2.5051534175872803,0.5151937007904053,-2.494850021680094
-2.531370162963867,0.35952597856521606,-2.600111484527588,0.5561957359313965,-2.5223701000213623,0.5758450031280518,-2.494850021680094
-1.6962697505950928,0.6292915344238281,-2.3963449001312256,0.6268676519393921,-2.453051805496216,0.6355054974555969,-2.6989700043360187
-2.3830456733703613,0.39957916736602783,-2.403240203857422,0.6066345572471619,-2.4107789993286133,0.5881413221359253,-2.4559319556497243
-0.895674467086792,0.5540549159049988,-0.8620070815086365,0.5289695262908936,-0.8374742269515991,0.4529721736907959,-1.5228787452803376
-0.8238542675971985,0.5807371735572815,-0.962138295173645,0.6549521088600159,-1.1587276458740234,0.6872639656066895,-0.744727494896694
-0.9150812029838562,0.566948413848877,-0.9203163385391235,0.6284890174865723,-1.1330947875976562,0.6577208042144775,0.07918124604762482
0.05395764112472534,0.23003710806369781,0.056498169898986816,0.7078781127929688,0.08054578304290771,0.7227428555488586,0.1559430179718367
0.23765027523040771,0.6876651048660278,0.23220974206924438,0.7191237807273865,0.23358476161956787,0.6790993213653564,0.21695720736109697
0.3390123248100281,0.6034452319145203,0.32932764291763306,0.7473143935203552,0.319840669631958,0.7202436923980713,0.3412366232386923
0.2743467092514038,0.7004819512367249,0.5554747581481934,0.7175767421722412,0.5586219429969788,0.7180917859077454,0.5584685625237948
0.17090296745300293,0.7135323882102966,0.5028058886528015,0.7331571578979492,0.48696959018707275,0.7311053276062012,0.7523558041535008
-2.1682729721069336,0.5416681170463562,-2.166670799255371,0.6541875600814819,-2.2034733295440674,0.5632382035255432,-2.6989700043360187
-3.0270798206329346,0.6399580836296082,-2.991715431213379,0.6559281349182129,-3.0300650596618652,0.4084479510784149,-3.0
-2.9634203910827637,0.5371654629707336,-3.004244804382324,0.6520301699638367,-3.0162978172302246,0.6233612895011902,-3.0
-2.2704005241394043,0.6750348210334778,-2.3191046714782715,0.6578367948532104,-2.307263135910034,0.6378087401390076,-2.3979400086720375
-2.2591400146484375,0.16637293994426727,-2.240966796875,0.6568053364753723,-2.233262777328491,0.6358892917633057,-2.0
-2.951608896255493,0.6833769083023071,-2.9560461044311523,0.6399375796318054,-2.9052014350891113,0.4737852215766907,-3.0
-2.152644157409668,0.6914600729942322,-2.144493341445923,0.6674569845199585,-2.0598795413970947,0.5583415627479553,-1.744727494896694
-2.845065116882324,0.18276093900203705,-2.703949451446533,0.4504215121269226,-2.9633708000183105,0.5205381512641907,-2.8239087409443187
-1.8492350578308105,0.5994459986686707,-1.8703010082244873,0.6354779601097107,-1.8622041940689087,0.5594925880432129,-1.3872161432802645
-2.129934549331665,0.6895520091056824,-2.056760549545288,0.561424970626831,-2.0513803958892822,0.610369861125946,-2.6989700043360187
-0.9926391243934631,0.7818801999092102,-1.0537306070327759,0.7600888013839722,-1.0270544290542603,0.771434485912323,-0.8239087409443188
-0.9081310033798218,0.7383648753166199,-0.749552309513092,0.756413996219635,-1.1070290803909302,0.773790180683136,-1.1023729087095586
-1.1827809810638428,0.7729965448379517,-0.5827170610427856,0.7533429861068726,-1.0545265674591064,0.740398645401001,-1.3979400086720375
-0.9675525426864624,0.6410195827484131,-0.5716124773025513,0.7590129971504211,-1.0340787172317505,0.7500725984573364,-1.744727494896694
-0.7160540223121643,0.7459108233451843,-0.9115164279937744,0.7599021196365356,-0.8015773892402649,0.7561910152435303,0.05076631123304232
-0.9863123893737793,0.277222216129303,-0.9734169244766235,0.28518661856651306,-0.933711051940918,0.3080713152885437,-1.0
-0.8499491810798645,0.22790902853012085,-0.8473269939422607,0.25676974654197693,-0.8327218294143677,0.2606976330280304,-0.7958800173440752
-0.6481395363807678,0.19109413027763367,-0.6871207356452942,0.2255479395389557,-0.6886551380157471,0.24961160123348236,-0.6777807052660807
-0.49947667121887207,0.21991406381130219,-0.5607414245605469,0.30003437399864197,-0.5777126550674438,0.2877677083015442,-0.5528419686577808
-0.9927513599395752,0.24725036323070526,-1.0351060628890991,0.28316643834114075,-0.9917089343070984,0.2844628095626831,-1.0457574905606752
-0.8679076433181763,0.16702330112457275,-0.8596897125244141,0.2181679755449295,-0.8548369407653809,0.23403280973434448,-0.9208187539523752
-0.684049129486084,0.18155549466609955,-0.7068077325820923,0.2263513058423996,-0.7096555829048157,0.22414609789848328,-0.721246399047171
-0.5307598114013672,0.2067151963710785,-0.5673968195915222,0.2604588568210602,-0.5635012984275818,0.2583611011505127,-0.619788758288394
-1.2611188888549805,0.18354454636573792,-1.2139248847961426,0.24724148213863373,-1.2437434196472168,0.2394634187221527,-1.0506099933550872
-1.0798656940460205,0.17164194583892822,-1.0057258605957031,0.200288325548172,-1.0331957340240479,0.26434969902038574,-0.958607314841775
-0.8937860727310181,0.18351086974143982,-0.885560154914856,0.18704533576965332,-0.8799914121627808,0.19005021452903748,-0.8239087409443188
-0.7618265748023987,0.23755817115306854,-0.7470596432685852,0.24915684759616852,-0.7958712577819824,0.298669695854187,-0.6575773191777937
-1.3852529525756836,0.3419512212276459,-1.3797423839569092,0.3730071187019348,-1.3921787738800049,0.3698657751083374,-1.6989700043360187
-1.3356232643127441,0.3143256902694702,-1.3562655448913574,0.28255510330200195,-1.3625390529632568,0.28118571639060974,-1.3979400086720375
-1.1608459949493408,0.31422683596611023,-1.1359513998031616,0.34066033363342285,-1.1797370910644531,0.2936550974845886,-1.2218487496163564
-1.0654582977294922,0.31713709235191345,-0.9960111379623413,0.3674089312553406,-1.0881626605987549,0.3718734383583069,-1.0
-0.7412315607070923,0.7443588376045227,-0.7436085939407349,0.7610453367233276,-0.7420281767845154,0.775457501411438,-1.0457574905606752
-1.036112666130066,0.21684147417545319,-1.0103996992111206,0.5526077151298523,-1.081754207611084,0.5437142848968506,-1.0629487487389813
-1.1287758350372314,0.20638157427310944,-1.1067068576812744,0.5468302965164185,-1.1194753646850586,0.4545435905456543,-1.1831094015116075
-1.3249709606170654,0.47871166467666626,-1.3096979856491089,0.5440489649772644,-1.2699217796325684,0.6112827658653259,-1.2869464912940425
-1.6034358739852905,0.19511300325393677,-1.5921858549118042,0.4738665819168091,-1.5377671718597412,0.6076752543449402,-1.6021121097929614
-1.973952293395996,0.5177632570266724,-1.9852092266082764,0.55684494972229,-1.8190490007400513,0.5264397859573364,-2.135548252841817
-1.0808169841766357,0.7022238373756409,-1.1729421615600586,0.7149704694747925,-1.0686579942703247,0.7313306927680969,-1.6777807052660807
-0.8043547868728638,0.41035208106040955,-0.7852851152420044,0.44074586033821106,-0.7637414932250977,0.44529303908348083,-1.0
-0.7466726303100586,0.4326513707637787,-0.7693929076194763,0.4379196763038635,-0.7979536652565002,0.42922767996788025,-1.0
-0.8941173553466797,0.4383544325828552,-0.8917497396469116,0.4315520226955414,-0.8823288083076477,0.4078536331653595,-0.6020599913279624
-0.5363340973854065,0.34234336018562317,-0.4904736578464508,0.33166128396987915,-0.6007013320922852,0.31449154019355774,-0.6989700043360187
-0.5637072324752808,0.331342488527298,-0.48766791820526123,0.3315858840942383,-0.5430222749710083,0.36008504033088684,-0.6989700043360187
-0.647398829460144,0.31728115677833557,-0.6699386239051819,0.3421512246131897,-0.6628665328025818,0.3298933804035187,-0.2924298239020636
-0.35958942770957947,0.2838379740715027,-0.4304676353931427,0.2750011086463928,-0.4027928113937378,0.2688743472099304,-0.431798275933005
-0.4342246353626251,0.2561546862125397,-0.44152089953422546,0.2502017319202423,-0.40096551179885864,0.26884621381759644,-0.5086383061657274
-0.4455535411834717,0.26169294118881226,-0.429414302110672,0.2501993179321289,-0.48980453610420227,0.26447194814682007,-0.14874165128092473
-0.3611290156841278,0.2818336486816406,-0.39046332240104675,0.2783215343952179,-0.4859201908111572,0.26518839597702026,-0.6020599913279624
-0.4387906789779663,0.27481645345687866,-0.4592016637325287,0.28881996870040894,-0.3968079388141632,0.2661287784576416,-0.6989700043360187
-0.4673929810523987,0.16292406618595123,-0.45532625913619995,0.28882089257240295,-0.4789159297943115,0.26515090465545654,-0.1549019599857432
-0.3465461730957031,0.33654749393463135,-0.3588465452194214,0.38270407915115356,-0.4564802348613739,0.36320987343788147,-0.3979400086720376
-0.23718053102493286,0.16311590373516083,-0.354753315448761,0.3826504349708557,-0.31655919551849365,0.3470779061317444,-0.6575773191777937
-0.47619500756263733,0.35453706979751587,-0.3426474630832672,0.3826286196708679,-0.448470801115036,0.3631438612937927,0.0
-0.2419835329055786,0.16905462741851807,-0.21735632419586182,0.47385841608047485,-0.2149735689163208,0.41914960741996765,-0.2924298239020636
-0.13944554328918457,0.40159380435943604,-0.26336583495140076,0.4684070646762848,-0.29330772161483765,0.4818072021007538,-0.5228787452803376
-0.37293243408203125,0.4551249146461487,-0.25995495915412903,0.468401163816452,-0.2884845733642578,0.48179903626441956,0.17609125905568124
-0.525851845741272,0.161342054605484,-0.456582248210907,0.22908280789852142,-0.45624178647994995,0.21724537014961243,-0.5528419686577808
-0.4142206609249115,0.24949799478054047,-0.47425881028175354,0.25379079580307007,-0.4077077805995941,0.2591164708137512,-0.6989700043360187
-0.5183832049369812,0.1614203155040741,-0.4649474322795868,0.25377729535102844,-0.3947964608669281,0.259169340133667,-0.16115090926274472
-0.8327260613441467,0.4024982154369354,-0.8781212568283081,0.430920273065567,-0.8821282982826233,0.39146098494529724,-0.9208187539523752
-0.8537522554397583,0.43633151054382324,-0.9216456413269043,0.3971835970878601,-0.8196808695793152,0.4344715476036072,-1.0
-0.9454785585403442,0.1679028868675232,-0.9131290912628174,0.39710259437561035,-0.9597359299659729,0.42787981033325195,-0.619788758288394
-0.5938056707382202,0.3312421441078186,-0.7675307393074036,0.31474965810775757,-0.5256266593933105,0.36085107922554016,-0.8860566476931632
-0.5929493308067322,0.3312077820301056,-0.5901332497596741,0.3427254855632782,-0.5221396684646606,0.36078351736068726,-0.958607314841775
-0.5905755162239075,0.33118805289268494,-0.7635557651519775,0.31469646096229553,-0.5116683840751648,0.3607408106327057,-0.2924298239020636
-0.47540414333343506,0.2587693929672241,-0.4855435788631439,0.2445603907108307,-0.3661249577999115,0.2840902507305145,-0.6020599913279624
-0.5117108821868896,0.2606249153614044,-0.520498514175415,0.296205997467041,-0.36210349202156067,0.28401896357536316,-0.6777807052660807
-0.5001157522201538,0.26060163974761963,-0.5120636224746704,0.2961938977241516,-0.5758240222930908,0.24561868607997894,-0.09691001300805639
-0.3910645544528961,0.27097439765930176,-0.5125951170921326,0.2852293848991394,-0.35970941185951233,0.2940833568572998,-0.5228787452803376
-0.4817580282688141,0.16669431328773499,-0.48028191924095154,0.2877468764781952,-0.3578479588031769,0.29405421018600464,-0.6989700043360187
-0.47649285197257996,0.16745315492153168,-0.46834975481033325,0.2877338230609894,-0.5177184343338013,0.2552020251750946,-0.1549019599857432
-0.4055222272872925,0.3366395831108093,-0.3899011015892029,0.3755103647708893,-0.3754911422729492,0.3677040934562683,-0.3010299956639812
-0.28334569931030273,0.1640368402004242,-0.20596587657928467,0.3497791290283203,-0.35836708545684814,0.3221112787723541,-0.744727494896694
-0.4331202507019043,0.3258821368217468,-0.43513333797454834,0.32039403915405273,-0.36086031794548035,0.3454079329967499,0.0
-0.12375420331954956,0.45403504371643066,-0.06904351711273193,0.45907145738601685,-0.15900951623916626,0.4453529119491577,-0.6989700043360187
-0.22216761112213135,0.3999117314815521,-0.2650776207447052,0.4677845537662506,-0.2803431451320648,0.47473639249801636,-0.2839966563652008
-0.3695443570613861,0.16915832459926605,-0.39591315388679504,0.430549293756485,-0.3663176894187927,0.41108426451683044,0.17609125905568124
-0.016712963581085205,0.5432705879211426,-0.40616196393966675,0.5761210918426514,-0.3540271818637848,0.5881637334823608,-0.5528419686577808
-0.5284205675125122,0.5502296686172485,-0.4010224938392639,0.5760326981544495,-0.3514394462108612,0.5881273150444031,0.03342375548694973
0.014675796031951904,0.5241580605506897,-0.02727532386779785,0.47801971435546875,-0.0021864771842956543,0.4904003143310547,-0.022276394711152253
0.5276891589164734,0.49679580330848694,0.466732919216156,0.4567473828792572,0.4633824825286865,0.4429929554462433,0.6503075231319364
0.5440964102745056,0.4658565819263458,0.6144862771034241,0.5001510977745056,0.5895292162895203,0.5024710893630981,0.7558748556724915
-0.8679643273353577,0.42226502299308777,-1.0797752141952515,0.4853425621986389,-0.8699417114257812,0.550926923751831,-0.7695510786217261
-0.7430719137191772,0.172357439994812,-0.9581586718559265,0.4557656943798065,-0.787975549697876,0.3859500586986542,-0.6989700043360187
-0.3307141661643982,0.6225786805152893,-0.94234299659729,0.6225802898406982,-0.9862902760505676,0.6547852754592896,-0.6575773191777937
-0.6667020320892334,0.30353808403015137,-0.7723013162612915,0.4385599195957184,-0.6549144387245178,0.3316752314567566,-0.5528419686577808
-0.4917038083076477,0.22743234038352966,-0.5542668104171753,0.3267274796962738,-0.33949050307273865,0.4660908281803131,-0.494850021680094
-0.41895556449890137,0.2412000298500061,-0.4322865605354309,0.4685467481613159,-0.4469378888607025,0.376334011554718,-0.44369749923271273
0.003632068634033203,0.3773338794708252,0.013965129852294922,0.4695170223712921,-0.02769523859024048,0.474295437335968,-0.42021640338318983
-0.4565286934375763,0.39126333594322205,-0.5554889440536499,0.37210866808891296,-0.4993647634983063,0.5334082245826721,-0.4559319556497244
-0.3093111217021942,0.4077841341495514,-0.4606628715991974,0.4100643992424011,-0.3536263406276703,0.552943229675293,-0.3467874862246563
-0.6464086771011353,0.36958059668540955,-0.63954758644104,0.3989003896713257,-0.6964221000671387,0.5220414400100708,-0.6989700043360187
-0.6726652979850769,0.16414181888103485,-0.6674743294715881,0.3933612108230591,-0.6847432851791382,0.47418782114982605,-0.9208187539523752
-0.5690101385116577,0.3806426227092743,-0.5450848340988159,0.3156759738922119,-0.6769351363182068,0.35591408610343933,-1.0
-0.9208213686943054,0.4938115179538727,-1.0941288471221924,0.4896485507488251,-0.7859436273574829,0.5029475688934326,-0.5376020021010439
-0.3961631953716278,0.2532724142074585,-0.479810506105423,0.469696581363678,-0.32293280959129333,0.347644567489624,-0.472653707396684
-1.000288963317871,0.4734046757221222,-1.0123151540756226,0.4749910831451416,-1.0626009702682495,0.5081974864006042,-1.3010299956639813
-1.0473209619522095,0.5601778626441956,-1.0518327951431274,0.4991687536239624,-0.990896999835968,0.4064784348011017,-1.0
-0.766251266002655,0.19732613861560822,-0.7734028100967407,0.27862748503685,-0.7551100254058838,0.29791128635406494,-0.8239087409443188
-0.509263277053833,0.313516765832901,-0.6033827662467957,0.45365071296691895,-0.5528258085250854,0.31409722566604614,-0.6020599913279624
-0.6235513687133789,0.2780424654483795,-0.6664535403251648,0.2653961777687073,-0.6861176490783691,0.3221248388290405,-0.494850021680094
-0.6416196823120117,0.4905951917171478,-0.6386362314224243,0.4211858808994293,-0.5828340649604797,0.33849474787712097,-0.4814860601221125
-0.6341865658760071,0.28053444623947144,-0.6547836065292358,0.4339745342731476,-0.6861176490783691,0.3221248388290405,-0.49907776080969946
-0.8493203520774841,0.34778767824172974,-0.8635028600692749,0.39236336946487427,-0.40078607201576233,0.4213630259037018,-1.2596373105057561
-0.9125699996948242,0.17198258638381958,-0.9573633670806885,0.44739803671836853,-0.4589020013809204,0.37964093685150146,-0.9208187539523752
-0.42551112174987793,0.36007630825042725,-0.47101283073425293,0.36307522654533386,-0.44019654393196106,0.28001168370246887,-0.6777807052660807
-0.7573757171630859,0.28783008456230164,-0.6765257716178894,0.3103265166282654,-0.5232045650482178,0.3489222824573517,-0.7958800173440752
-0.7537389397621155,0.2139330357313156,-0.7763363122940063,0.44991764426231384,-0.7899158596992493,0.359144389629364,-0.8124792791635369
-0.9037879705429077,0.31098172068595886,-0.9037214517593384,0.42100295424461365,-0.8931186199188232,0.46691206097602844,-0.9172146296835499
-1.0797860622406006,0.6784749031066895,-0.9725741744041443,0.6555701494216919,-1.053968906402588,0.6251661777496338,-0.9706162223147904
-0.6612916588783264,0.7125775218009949,-0.7531594038009644,0.7636736631393433,-0.7151299715042114,0.7519099116325378,-1.4814860601221125
-0.39296355843544006,0.2252095639705658,-0.41913551092147827,0.5228959321975708,-0.3221333622932434,0.5927359461784363,-0.6989700043360187
-0.4006693661212921,0.18219485878944397,-0.4130082130432129,0.5225557684898376,-0.37495920062065125,0.17761076986789703,-0.6020599913279624
-0.38897207379341125,0.16836246848106384,-0.40511322021484375,0.5222458839416504,-0.41461077332496643,0.19250646233558655,-0.4559319556497244
-0.36646386981010437,0.1683969795703888,-0.3403911292552948,0.16483043134212494,-0.3653700351715088,0.17121726274490356,-0.3467874862246563
-0.3380172550678253,0.22489683330059052,-0.33974727988243103,0.1648251861333847,-0.31935837864875793,0.5918062925338745,-0.3979400086720376
-0.3650433123111725,0.1768665313720703,-0.3577739894390106,0.17182105779647827,-0.3872004747390747,0.19420811533927917,-0.11918640771920865
-0.4045671224594116,0.15243595838546753,-0.3728821277618408,0.17240962386131287,-0.32219648361206055,0.5927428007125854,-0.6777807052660807
-0.3699248135089874,0.18360912799835205,-0.3825884163379669,0.522144079208374,-0.3193580210208893,0.5918057560920715,-0.05551732784983137
-0.4061007797718048,0.16916842758655548,-0.38860586285591125,0.17047403752803802,-0.32134494185447693,0.5924383401870728,-0.42021640338318983
-0.40819695591926575,0.17705366015434265,-0.4084240794181824,0.1633867472410202,-0.32219648361206055,0.5927428007125854,-0.5228787452803376
-0.3833661377429962,0.1506873518228531,-0.4053072929382324,0.5222508311271667,-0.3204428255558014,0.5921617150306702,-0.2076083105017461
-0.4061007797718048,0.16916842758655548,-0.4128113389015198,0.5225468873977661,-0.37461331486701965,0.17758329212665558,-0.3010299956639812
-0.3675963878631592,0.15090782940387726,-0.3639243245124817,0.1622937023639679,-0.3652094304561615,0.1712292730808258,-0.22184874961635637
-0.37268224358558655,0.2237626016139984,-0.4053072929382324,0.5222508311271667,-0.4148283898830414,0.19251325726509094,-0.16115090926274472
-0.3833661377429962,0.1506873518228531,-0.36242789030075073,0.16494931280612946,-0.3204428255558014,0.5921617150306702,-0.4559319556497244
-1.175706386566162,0.6557760834693909,-1.251826524734497,0.5671856999397278,-1.2518419027328491,0.665700376033783,-1.6968039425795112
-1.157149314880371,0.6328724026679993,-1.4485068321228027,0.6084591746330261,-1.4788471460342407,0.6234500408172607,-1.239577516576788
-1.074230432510376,0.5944930911064148,-1.0792598724365234,0.6055178642272949,-1.1058266162872314,0.6292957067489624,-1.3133637307377066
-1.1534271240234375,0.609192430973053,-1.179000735282898,0.5705909132957458,-1.1477309465408325,0.5943303108215332,-1.2062096153091812
-1.1613825559616089,0.596595287322998,-1.2001497745513916,0.5834974050521851,-1.1722108125686646,0.6242259740829468,-1.0777937225609837
-1.1890422105789185,0.6133514642715454,-1.1690542697906494,0.5714980959892273,-1.1826214790344238,0.6311332583427429,-1.0963674839157624
-1.2692416906356812,0.23757769167423248,-1.2961626052856445,0.6022636294364929,-1.2686712741851807,0.595979630947113,-1.337242168318426
-1.0957958698272705,0.5997511148452759,-1.0185976028442383,0.5945835113525391,-1.041314959526062,0.6256874799728394,-1.0726296369609765
-1.235581874847412,0.6764220595359802,-1.168555736541748,0.6889892816543579,-1.3273262977600098,0.6570602059364319,-1.2247537402597635
-0.9562838077545166,0.6625411510467529,-0.8258218169212341,0.7199333906173706,-0.9694535732269287,0.7085147500038147,-1.2388241868442686
-1.090510606765747,0.7033388018608093,-0.7401987314224243,0.7105113863945007,-0.9096819162368774,0.6987072229385376,-0.870954940112042
-1.2108272314071655,0.6832901239395142,-1.2231651544570923,0.6777998208999634,-1.1376267671585083,0.6809443831443787,-1.489454989793388
-0.7723520994186401,0.6767957806587219,0.5817298293113708,0.5652734637260437,0.5880703926086426,0.586859941482544,0.8482507146770425
-0.8092126846313477,0.6723551154136658,0.693932056427002,0.6803331971168518,0.6869146823883057,0.6695540547370911,0.5928426831311002
-1.0179591178894043,0.650972843170166,0.32652372121810913,0.6736806035041809,0.28545594215393066,0.5390000343322754,0.292256071356476
-0.6216102838516235,0.6491915583610535,-0.41705963015556335,0.6291092038154602,-0.32862383127212524,0.6794734597206116,-0.585026652029182
-1.2735165357589722,0.6334777474403381,-0.1753697395324707,0.6668828725814819,-0.3038351833820343,0.5427514314651489,-0.24488773360492885
-0.4311155080795288,0.6012277007102966,-0.39756840467453003,0.6226016879081726,-0.34771525859832764,0.6544345617294312,-0.204815410317576
-0.23952734470367432,0.24236764013767242,-0.32086116075515747,0.5748717784881592,-0.2987634837627411,0.5929152369499207,-0.31984585826562695
-0.19154727458953857,0.24839437007904053,-0.23105734586715698,0.6596192717552185,-0.3249380588531494,0.662193238735199,-0.431798275933005
-0.3598232865333557,0.6291220784187317,-0.37870702147483826,0.5956985354423523,-0.4006207287311554,0.6116040349006653,-0.3949105381184196
-0.2544194161891937,0.6160050630569458,-0.26968473196029663,0.6215639114379883,-0.30202898383140564,0.591088593006134,-0.5014137911824823
-0.25111037492752075,0.5925672054290771,-0.28042346239089966,0.6187541484832764,-0.3640930950641632,0.6132032871246338,-0.5686362358410126
-0.6029897332191467,0.5912560820579529,-0.5945692658424377,0.5895600318908691,-0.4727199077606201,0.6112691164016724,-0.3219370950256548
-0.23088300228118896,0.6515302062034607,-0.33463311195373535,0.6477736830711365,-0.36776381731033325,0.6277503371238708,-0.5554867936659571
-0.09221863746643066,0.6709306240081787,-0.09864461421966553,0.6696094274520874,-0.10575807094573975,0.6514760255813599,-0.10237290870955855
-0.09613925218582153,0.6956342458724976,-0.10388827323913574,0.7375304698944092,-0.09387785196304321,0.70850670337677,-0.10237290870955855
-0.11412525177001953,0.6936608552932739,-0.1061406135559082,0.7374212741851807,-0.09891200065612793,0.7076545357704163,-0.09691001300805639
-0.1266462206840515,0.6918176412582397,-0.14019739627838135,0.662735641002655,-0.11518216133117676,0.682813823223114,-0.10237290870955855
-0.23737677931785583,0.6999863386154175,-0.32884731888771057,0.6797462105751038,-0.27899169921875,0.6729913353919983,-0.22184874961635637
-1.4015270471572876,0.7680416703224182,-1.5497252941131592,0.6951651573181152,-1.3778107166290283,0.6998675465583801,-1.5003129173815961
-0.9950947165489197,0.7315776348114014,-0.9393181204795837,0.6829952001571655,-1.0230003595352173,0.648945152759552,-1.0
-0.38868871331214905,0.7431014776229858,-0.36039045453071594,0.7186360359191895,-0.6539859771728516,0.7495096921920776,-0.11918640771920865
-0.43732768297195435,0.39154577255249023,-0.38041818141937256,0.35487520694732666,-0.528249204158783,0.44048982858657837,-0.3214816209598861
-0.454629510641098,0.4236867129802704,-0.5549556016921997,0.3863844871520996,-0.6149192452430725,0.43352586030960083,-0.3142582613977364
-0.7096561789512634,0.37619665265083313,-0.6833755373954773,0.3985249698162079,-0.6969425082206726,0.3565008044242859,-0.5883802940367698
-0.8549516797065735,0.4168415665626526,-0.7928053140640259,0.4046027958393097,-0.939390242099762,0.3770429790019989,-1.1611509092627446
-1.242492914199829,0.4807606041431427,-1.167798399925232,0.481341153383255,-1.3420920372009277,0.474636435508728,-1.6575773191777938
-0.8122990131378174,0.722686231136322,-0.8070126175880432,0.7430559396743774,-0.6374641060829163,0.7314255237579346,-0.5528419686577808
-1.3000586032867432,0.594232439994812,-1.2421789169311523,0.5550031661987305,-1.293484091758728,0.5581285357475281,-1.0145735259169983
0.05480223894119263,0.6523323059082031,0.35312533378601074,0.6749973297119141,0.3555690050125122,0.6817609667778015,-0.3053948010664313
-1.3693369626998901,0.5919451713562012,-1.2279143333435059,0.6029143333435059,-1.146596908569336,0.6287400126457214,-1.2510371387438386
-0.41353002190589905,0.6509068608283997,0.3424879312515259,0.6725533604621887,0.31831109523773193,0.6798981428146362,-0.026595025589939317
-1.3003913164138794,0.549561083316803,-1.2706658840179443,0.5872607231140137,-1.2494220733642578,0.6269592642784119,-1.5171264163912463
-0.5159193277359009,0.6512717008590698,0.03315013647079468,0.5503547191619873,0.06025964021682739,0.6163778305053711,0.33809775370653894
-1.3375734090805054,0.6330453753471375,-1.5252797603607178,0.616817831993103,-1.4212723970413208,0.5953182578086853,-1.5331323796458904
-0.6673691272735596,0.6600961685180664,0.43459248542785645,0.6725062131881714,0.08708900213241577,0.6834988594055176,0.539740838574004
-0.9054251909255981,0.6981235146522522,-1.0343910455703735,0.6635803580284119,-1.4685332775115967,0.6994879841804504,-1.5243288116755704
-0.9718329906463623,0.7040809988975525,0.15099382400512695,0.7072728276252747,-0.43512019515037537,0.7208455801010132,0.8960464650403244
-1.6253342628479004,0.6183522939682007,-1.544791340827942,0.6220704317092896,-1.5415480136871338,0.6516904234886169,-0.7495799976911061
-0.6008336544036865,0.29361480474472046,-0.6147997975349426,0.2912540137767792,-0.59141606092453,0.2883909046649933,-0.7453673439996291
-0.5751274228096008,0.31120356917381287,-0.6108553409576416,0.35484108328819275,-0.5727846622467041,0.2962537705898285,-0.6614140342225182
-0.49873024225234985,0.2545195519924164,-0.5299261808395386,0.2262134999036789,-0.47485440969467163,0.29501333832740784,-0.32546401318612034
-0.5868462920188904,0.1583048403263092,-0.6121370792388916,0.2930147051811218,-0.6062793731689453,0.24825409054756165,-0.4888067129869551
-0.6370927691459656,0.29904305934906006,-0.6222646832466125,0.23634885251522064,-0.6410256624221802,0.27411702275276184,-0.8572320991525307
-0.45913970470428467,0.25913721323013306,-0.44801822304725647,0.34861499071121216,-0.5233501195907593,0.28116270899772644,-0.36340880800663117
-0.6304352879524231,0.1534983068704605,-0.6636695861816406,0.1996365189552307,-0.631890594959259,0.2836024761199951,-0.7930905100987986
-0.699983537197113,0.24114808440208435,-0.6509038805961609,0.27854281663894653,-0.6854779124259949,0.2133510410785675,-0.5133995206937987
-0.6295503377914429,0.2883974611759186,-0.5572696924209595,0.2632612884044647,-0.6272186040878296,0.2094476968050003,-0.4374537718612325
-0.776102602481842,0.22278611361980438,-0.7527568936347961,0.25281617045402527,-0.7226590514183044,0.2671891748905182,-0.5482872319781882
-0.7002826929092407,0.15290363132953644,-0.7194489240646362,0.256681889295578,-0.7346116900444031,0.26472753286361694,-0.9544579729417159
-0.7434949278831482,0.27446332573890686,-0.7182681560516357,0.2571842074394226,-0.7248988747596741,0.25480523705482483,-0.8963878212059435
-0.9071488380432129,0.2776831090450287,-0.9152495861053467,0.34090614318847656,-0.8867485523223877,0.23913134634494781,-0.6240000523718865
-0.8078079223632812,0.2772134244441986,-0.7768760323524475,0.19171200692653656,-0.7356842756271362,0.2259078174829483,-0.6030460898718408
-0.9143789410591125,0.27632999420166016,-0.9204185009002686,0.339542955160141,-0.868691623210907,0.26049119234085083,-0.9900904051928974
-0.8323625326156616,0.1582394540309906,-0.9249382019042969,0.33889588713645935,-0.8529353141784668,0.21764907240867615,-1.0491096362935557
-1.2074551582336426,0.3858257234096527,-1.2450902462005615,0.38107743859291077,-1.1305267810821533,0.39287248253822327,-1.1480265719327492
-1.1867352724075317,0.38287103176116943,-1.183476448059082,0.41690322756767273,-1.1593172550201416,0.3739820420742035,-1.2143143317190987
-1.1347330808639526,0.3858126103878021,-1.1121134757995605,0.3820120692253113,-1.0672612190246582,0.3550731837749481,-0.9521607219524473
-1.214060664176941,0.3843112587928772,-1.1503510475158691,0.36188751459121704,-1.1307755708694458,0.39224299788475037,-1.2268574313145115
-1.0241243839263916,0.5999435782432556,-1.093705415725708,0.6079722046852112,-1.122780203819275,0.5472463965415955,-1.1999706407558657
-1.5684199333190918,0.6020709872245789,-1.6896758079528809,0.5625882744789124,-1.7121329307556152,0.4687764346599579,-1.8664610916297826
-1.6983568668365479,0.43771156668663025,-1.6850183010101318,0.49287161231040955,-1.6687610149383545,0.6396700739860535,-1.563837352959244
-0.9116702079772949,0.4996398091316223,-1.016728162765503,0.6029401421546936,-0.989874005317688,0.6016333699226379,-0.935916564036404
-1.416929006576538,0.21678376197814941,-1.3865830898284912,0.5134267210960388,-1.3561999797821045,0.627082884311676,-1.4067139329795428
-1.4914867877960205,0.5737894773483276,-1.619692325592041,0.5942842960357666,-1.5206631422042847,0.6512933969497681,-1.5917600346881504
-0.8199483156204224,0.6295817494392395,-0.8524633646011353,0.680141031742096,-0.9263433814048767,0.682180643081665,-0.661145253747677
-1.285504698753357,0.6085481643676758,-1.310438632965088,0.6677393317222595,-1.3262158632278442,0.5953627228736877,-1.2636034977233574
-1.1121492385864258,0.5204839706420898,-1.1041477918624878,0.5637118816375732,-1.071209192276001,0.5195392370223999,-1.1555228242543185
-0.6512351632118225,0.7328841686248779,-0.665856122970581,0.7447523474693298,-0.700173020362854,0.7547071576118469,-0.2924298239020636
-0.6458208560943604,0.53455650806427,-0.6270167827606201,0.45290717482566833,-0.6262370347976685,0.5104209184646606,-0.687727413983718
-0.4416610300540924,0.4393216669559479,-0.48050445318222046,0.4342607855796814,-0.43471935391426086,0.473717600107193,-0.4424506940221613
-0.6737252473831177,0.17505210638046265,-0.6761817932128906,0.44214117527008057,-0.693098247051239,0.41444072127342224,-0.7172397141989045
-0.5099397301673889,0.4324546158313751,-0.5249921679496765,0.4161093235015869,-0.5173654556274414,0.39381489157676697,-0.4677936106549203
-0.7729088664054871,0.38120126724243164,-0.7772451639175415,0.3862207233905792,-0.7661777138710022,0.3944014608860016,-0.7846162676991075
-0.6070034503936768,0.40281760692596436,-0.5757038593292236,0.40273791551589966,-0.6111365556716919,0.3764954209327698,-0.534777807730267
-0.645580530166626,0.4907040297985077,-0.6108837723731995,0.3965393900871277,-0.641042172908783,0.4879179894924164,-0.5738418480741471
-0.4350358545780182,0.40955299139022827,-0.4383385181427002,0.39741820096969604,-0.45302316546440125,0.37179046869277954,-0.4324184685174818
-0.49152612686157227,0.5181227326393127,-0.46460244059562683,0.43956801295280457,-0.4846653938293457,0.5313528776168823,-0.46141244338273957
-0.32030320167541504,0.45193716883659363,-0.30848440527915955,0.45472073554992676,-0.3120052218437195,0.49018383026123047,-0.28918814997674686
-0.7951715588569641,0.19113659858703613,-0.8539360761642456,0.3976656198501587,-0.8588457703590393,0.3682054281234741,-0.8266738471710442
-0.691543459892273,0.39186108112335205,-0.6784526109695435,0.40077081322669983,-0.6486651301383972,0.4252064824104309,-0.7010203637415846
-0.7074123620986938,0.47814473509788513,-0.6862146854400635,0.3573441803455353,-0.7072007060050964,0.48212742805480957,-0.6403864628098056
-0.5141516327857971,0.16781172156333923,-0.5033224821090698,0.37257620692253113,-0.48721182346343994,0.4120786488056183,-0.558540531082206
-0.5397066473960876,0.41248154640197754,-0.5273242592811584,0.44065800309181213,-0.5330100059509277,0.42774078249931335,-0.5073597218749326
-0.3605273962020874,0.4498659372329712,-0.35784828662872314,0.4479712247848511,-0.3543614149093628,0.46227413415908813,-0.39403377797205474
-0.836552619934082,0.24863851070404053,-0.8721821904182434,0.4386845529079437,-0.8796815872192383,0.5009230971336365,-0.9757894452265757
-0.7886999249458313,0.44099950790405273,-0.7596715092658997,0.4211358428001404,-0.7859569787979126,0.40266016125679016,-0.8450984743089558
-0.6985594630241394,0.23315656185150146,-0.7417791485786438,0.398597776889801,-0.769031286239624,0.499613881111145,-0.7476349144869489
-0.6506301760673523,0.4020244777202606,-0.6800058484077454,0.4316147565841675,-0.674597978591919,0.4487496018409729,-0.6353758467270006
-0.5799716711044312,0.2463722676038742,-0.6090932488441467,0.45311325788497925,-0.6182800531387329,0.4684867858886719,-0.6265270889921077
-0.5000545978546143,0.20734654366970062,-0.5208902955055237,0.4712759852409363,-0.5155924558639526,0.5040287971496582,-0.4777501339389004
0.020773887634277344,0.5920900702476501,0.04882901906967163,0.5798236727714539,0.05657148361206055,0.578841507434845,-0.6307841425898572
-0.5149788856506348,0.5300275087356567,-0.5134121775627136,0.5496818423271179,-0.5997076630592346,0.5191890597343445,-0.8041003475907662
-0.5242437124252319,0.6304939985275269,-0.872040867805481,0.6354878544807434,-0.8593466281890869,0.6472629308700562,-0.46852108295774486
-0.7336152195930481,0.48467499017715454,-0.7277140617370605,0.6993917226791382,-0.7219977378845215,0.6802049279212952,-1.6197887582883939
-0.5847120881080627,0.5120081901550293,-0.6246200203895569,0.5915350317955017,-0.6023111343383789,0.5397331714630127,-0.6575773191777937
-0.735093355178833,0.20985537767410278,-0.6972295641899109,0.517247200012207,-0.6840880513191223,0.498915433883667,-0.7958800173440752
-0.6685023307800293,0.5755937695503235,-0.6796191334724426,0.5749760270118713,-0.7178717255592346,0.5030713677406311,-0.7695510786217261
-0.7193067669868469,0.1852119117975235,-0.7078115940093994,0.5826839208602905,-0.6949836611747742,0.45034199953079224,-0.6575773191777937
-0.8555386662483215,0.48948994278907776,-0.8657573461532593,0.5511199831962585,-0.7886741757392883,0.48296600580215454,-0.8239087409443188
-0.7552450299263,0.563220739364624,-0.847915530204773,0.5794150829315186,-0.8327287435531616,0.5275028347969055,-0.7958800173440752
-0.7725229859352112,0.48907172679901123,-0.8183490633964539,0.5523679256439209,-0.8008999824523926,0.5165073871612549,-0.6777807052660807
-0.8978131413459778,0.4889873266220093,-0.8917239308357239,0.4844651222229004,-0.8433879613876343,0.5048446655273438,-0.9208187539523752
-0.8559932708740234,0.5535051226615906,-0.8696025609970093,0.5662723183631897,-0.9102662801742554,0.5187254548072815,-0.8860566476931632
-0.7070058584213257,0.57033371925354,-0.810944139957428,0.5914030075073242,-0.7734047770500183,0.5570782423019409,-0.6777807052660807
-0.7740325331687927,0.5308363437652588,-0.7541847229003906,0.5807291865348816,-0.7463972568511963,0.5564877986907959,-0.8538719643217619
-0.8622011542320251,0.5740225315093994,-0.8627873063087463,0.5529263019561768,-0.8667039275169373,0.547480046749115,-0.8538719643217619
0.17197436094284058,0.3346942961215973,0.16486656665802002,0.33148035407066345,0.16768819093704224,0.32135695219039917,0.29426777217945776
0.23326128721237183,0.16979171335697174,0.23824083805084229,0.1743142306804657,0.2431160807609558,0.17494171857833862,0.33415205299228645
0.2633005380630493,0.15165258944034576,0.2590928077697754,0.1755920797586441,0.2445780634880066,0.17508797347545624,0.3313057985532691
0.25170058012008667,0.1712931990623474,0.24955719709396362,0.17206420004367828,0.25192540884017944,0.1791071891784668,0.3523176109368268
0.3574172854423523,0.2685714662075043,0.33187752962112427,0.30234494805336,0.3640633821487427,0.27502405643463135,0.5129110878474195
0.15531378984451294,0.3376423120498657,0.10442894697189331,0.36606550216674805,0.14908629655838013,0.3474399447441101,0.24368280735719336
0.22726285457611084,0.15027134120464325,0.205297589302063,0.16774043440818787,0.20511013269424438,0.17204388976097107,0.24762962067911384
0.1952250599861145,0.1666741818189621,0.24069666862487793,0.1719392091035843,0.2154790759086609,0.17619292438030243,0.2968844755385471
0.1952250599861145,0.1666741818189621,0.24069666862487793,0.1719392091035843,0.20735019445419312,0.17241905629634857,0.28284860283464475
0.30844008922576904,0.16292695701122284,0.2989656329154968,0.3009376525878906,0.3186025023460388,0.2924495339393616,0.4756276114410809
0.11982977390289307,0.15889181196689606,0.06275308132171631,0.36499980092048645,0.10262560844421387,0.34085753560066223,0.15624619039734447
0.14467263221740723,0.1633639931678772,0.1712402105331421,0.17045681178569794,0.18469077348709106,0.18145489692687988,0.19542914245706253
0.14467263221740723,0.1633639931678772,0.16869795322418213,0.1667233109474182,0.18469077348709106,0.18145489692687988,0.19434780728009307
0.15666067600250244,0.1576407104730606,0.1712402105331421,0.17045681178569794,0.1546558141708374,0.16901113092899323,0.2664668954402414
0.26297128200531006,0.16153809428215027,0.31511884927749634,0.2836450934410095,0.3111380934715271,0.2837935984134674,0.38797679499043713
0.05783557891845703,0.31422188878059387,0.005512356758117676,0.36401742696762085,0.08237391710281372,0.3367882966995239,0.04261488458852481
0.11273807287216187,0.1496482640504837,0.11898726224899292,0.1671045571565628,0.11111897230148315,0.15757374465465546,-0.029049065654575875
0.10610133409500122,0.16471613943576813,0.10231399536132812,0.1682102233171463,0.09962677955627441,0.17059354484081268,0.08972853307473597
0.11273807287216187,0.1496482640504837,0.11898726224899292,0.1671045571565628,0.09962677955627441,0.17059354484081268,0.08678679562662422
0.2830659747123718,0.2930873930454254,0.19450819492340088,0.298392117023468,0.22467362880706787,0.29068368673324585,0.22541267286595434
-0.04366081953048706,0.3338334560394287,-0.02145087718963623,0.3324011564254761,-0.01606118679046631,0.3454603850841522,-0.09468993788391449
0.02449619770050049,0.17251241207122803,0.017552554607391357,0.16692347824573517,0.0021421313285827637,0.16971123218536377,-0.17672144304832926
-0.024530529975891113,0.15864165127277374,0.0036429166793823242,0.1674724966287613,0.0021421313285827637,0.16971123218536377,-0.08139308485501809
0.014110326766967773,0.16451597213745117,0.0036429166793823242,0.1674724966287613,-0.007490038871765137,0.1657935380935669,-0.03198428600635821
0.19504696130752563,0.29305610060691833,0.10777223110198975,0.29820284247398376,0.153048574924469,0.28160184621810913,0.030275802889287887
-0.33795782923698425,0.3369722068309784,-0.32753831148147583,0.3204719126224518,-0.3409003019332886,0.34895479679107666,-0.4682656907234498
-0.34834370017051697,0.15896975994110107,-0.33633530139923096,0.19305837154388428,-0.2643440067768097,0.2011774331331253,-0.5139948136377577
-0.344407320022583,0.18850915133953094,-0.33583366870880127,0.18712244927883148,-0.2643440067768097,0.2011774331331253,-0.4495270428934366
-0.3363475203514099,0.1951398104429245,-0.3770693838596344,0.19442439079284668,-0.2643440067768097,0.2011774331331253,-0.39913596369016047
-0.17775720357894897,0.2868058681488037,-0.1855177879333496,0.2950925827026367,-0.17886269092559814,0.28653061389923096,-0.30557030904291693
-1.2374978065490723,0.6614654064178467,-1.2700550556182861,0.7314912676811218,-1.2652156352996826,0.7284753322601318,-1.1739251972991736
-1.2516041994094849,0.6949083805084229,-1.2508995532989502,0.7570964097976685,-1.2449641227722168,0.6588128209114075,-1.2518119729937995
-1.2924754619598389,0.16887599229812622,-1.2842679023742676,0.6781401634216309,-1.2967641353607178,0.5614117383956909,-1.337242168318426
-1.397957682609558,0.6530542373657227,-1.391284704208374,0.7574669718742371,-1.3120934963226318,0.7251035571098328,-1.4202164033831899
-1.4263489246368408,0.6470895409584045,-1.4449479579925537,0.733302891254425,-1.310981273651123,0.7282919883728027,-1.6020599913279623
-0.24461162090301514,0.6689663529396057,-0.07889771461486816,0.6877180933952332,-0.5760575532913208,0.6980977058410645,0.1408155855660258
-0.26717495918273926,0.6671761274337769,-0.09970718622207642,0.5074163675308228,-0.5741273164749146,0.696846067905426,-0.004644774290455358
-0.16052496433258057,0.17028750479221344,-0.17080968618392944,0.4013296961784363,-0.5706677436828613,0.6945345997810364,-0.17378715248775295
-1.3737969398498535,0.5769879221916199,-1.5902283191680908,0.7086634039878845,-1.5800440311431885,0.6114990711212158,-1.744727494896694
-1.2922708988189697,0.5034965872764587,-1.489389419555664,0.5250664949417114,-1.4893767833709717,0.6033385396003723,-1.5228787452803376
-1.1942236423492432,0.6677819490432739,-1.0930336713790894,0.6873834133148193,-1.2132476568222046,0.6932382583618164,-1.1674910872937636
-0.7798053622245789,0.20324090123176575,-0.6540868282318115,0.6817737221717834,-0.75800621509552,0.37885749340057373,-0.889410289700751
-0.4712170362472534,0.17882485687732697,-0.2896347641944885,0.6832267045974731,-0.49108004570007324,0.6696272492408752,-0.38206284568617044
-0.3917584717273712,0.6616181135177612,-0.2896347641944885,0.6832267045974731,-0.49108004570007324,0.6696272492408752,-0.679853713888946
-0.3264910876750946,0.2848054766654968,-0.12480378150939941,0.6960697174072266,-0.39891812205314636,0.6965183019638062,-0.4571745730408201
-0.9140477180480957,0.41858619451522827,-0.9341446161270142,0.515874981880188,-0.8685364723205566,0.6891071796417236,-0.5107293465282002
-0.04169243574142456,0.7059888243675232,-0.03259938955307007,0.7402142286300659,-0.07467085123062134,0.6935325860977173,0.06069784035361165
-0.022688686847686768,0.16370545327663422,-0.003422677516937256,0.7442820072174072,-0.07490658760070801,0.6934008598327637,0.021189299069938092
-0.04622584581375122,0.7058185338973999,-0.005589604377746582,0.7442778944969177,-0.021728575229644775,0.7492258548736572,-0.031517051446064856
-0.029178321361541748,0.7454623579978943,-0.021609485149383545,0.5960734486579895,-0.07706749439239502,0.6931873559951782,-0.060480747381381476
-0.025140464305877686,0.7373474836349487,-0.015474975109100342,0.7443603873252869,-0.02350783348083496,0.5017484426498413,-0.09151498112135022
-0.6817567944526672,0.38654670119285583,-0.6885249018669128,0.3836613595485687,-0.7183062434196472,0.40170904994010925,-0.6671577330056484
-0.8110028505325317,0.3679949641227722,-0.7504004240036011,0.3600756824016571,-0.7953565120697021,0.3568418323993683,-0.7775436633207533
-0.9999714493751526,0.3144663870334625,-0.9809035062789917,0.318986713886261,-0.8992515206336975,0.3218311667442322,-0.9669785553170893
-1.3700366020202637,0.2464497983455658,-1.3414618968963623,0.28413403034210205,-1.3608609437942505,0.2807926833629608,-1.1360826230421395
-1.3679397106170654,0.2201523333787918,-1.1746121644973755,0.21455851197242737,-1.1134527921676636,0.23563693463802338,-0.9649707177976319
-1.2626585960388184,0.1605650931596756,-1.4208621978759766,0.3391672670841217,-1.4365860223770142,0.3535943031311035,-0.8948305720006683
-1.1391102075576782,0.4224017560482025,-1.3141975402832031,0.4641863703727722,-1.2849327325820923,0.47143134474754333,-0.7801536139756393
-1.4847583770751953,0.5247478485107422,-1.462634801864624,0.5571960210800171,-1.4810627698898315,0.519433856010437,-1.3316140833099999
-1.062766194343567,0.18849126994609833,-0.9021891355514526,0.49629372358322144,-1.0321542024612427,0.47053998708724976,-0.9625735020593764
-0.703170657157898,0.45308902859687805,-0.8405736088752747,0.4470959007740021,-0.879916250705719,0.45022866129875183,-1.0409586076789064
-0.8786665201187134,0.43940892815589905,-0.8742773532867432,0.5547627210617065,-0.8510451912879944,0.5505138635635376,-0.8794260687941502
-0.4876932203769684,0.44471919536590576,-0.5005927085876465,0.4733494818210602,-0.6037331223487854,0.4848622977733612,-1.1079053973095196
-0.9916869401931763,0.4455052316188812,-1.002386450767517,0.5537855625152588,-0.9947817921638489,0.35332274436950684,-0.9507819773298184
-0.6658868193626404,0.18845202028751373,-0.9036117196083069,0.49844062328338623,-0.6910052299499512,0.47328731417655945,0.021142144537753402
-1.1024724245071411,0.17203933000564575,-1.129156231880188,0.41818901896476746,-1.0865352153778076,0.31039437651634216,-1.0222763947111522
-1.0766663551330566,0.3813813328742981,-1.0696896314620972,0.5379802584648132,-1.0239619016647339,0.4404178857803345,-1.2839966563652008
-0.4279577136039734,0.49592143297195435,-0.23346030712127686,0.48531484603881836,-0.24456793069839478,0.52958083152771,0.012682453368195807
-1.2531033754348755,0.26113399863243103,-1.290412425994873,0.5885854959487915,-1.3658804893493652,0.5782849192619324,-1.408935392973501
-1.0928516387939453,0.4062257409095764,-0.874014139175415,0.42173638939857483,-1.0242879390716553,0.4125318229198456,-0.889410289700751
-0.7646838426589966,0.4036808907985687,-0.7429035902023315,0.3966369032859802,-0.8337069153785706,0.4479673206806183,-0.958607314841775
-0.8220245838165283,0.18692903220653534,-0.8523474931716919,0.5194094777107239,-0.8499366641044617,0.3413972854614258,-0.8297382846050426
-0.5334129333496094,0.15970344841480255,-0.3990771770477295,0.4172416925430298,-0.43376386165618896,0.3830629587173462,-1.0362121726544447
-0.9138907194137573,0.17445598542690277,-0.9395552277565002,0.49921268224716187,-0.9256483912467957,0.50346839427948,-0.9030899869919435
-1.0555366277694702,0.3956654369831085,-1.0236217975616455,0.5195947885513306,-1.0123294591903687,0.34783920645713806,-0.9430951486635274
-0.4145582914352417,0.4074621796607971,-0.6246746778488159,0.45784708857536316,-0.2769356369972229,0.46143507957458496,0.029694572594448118
-1.0705913305282593,0.18134595453739166,-1.0959001779556274,0.530431866645813,-1.0588102340698242,0.4619274437427521,-1.0969100130080565
-0.29783007502555847,0.4583246111869812,-0.06091964244842529,0.5652803778648376,-0.09027290344238281,0.5009626746177673,0.01871297821343185
-1.2940529584884644,0.5348882675170898,-1.332849383354187,0.5316802859306335,-1.2430963516235352,0.5879883170127869,-1.2596373105057561
-0.7783030271530151,0.17504186928272247,-0.8426158428192139,0.4570857882499695,-0.7913855314254761,0.44640088081359863,-0.8356471442155629
-0.6248544454574585,0.3941013813018799,-0.5707120299339294,0.3950032591819763,-0.639029860496521,0.4504965841770172,-0.8927900303521317
-0.7424554824829102,0.3858749270439148,-0.76447993516922,0.5352782011032104,-0.7923266887664795,0.34721943736076355,-0.7798919119599449
-0.5013924837112427,0.3742508888244629,-0.49650830030441284,0.438351571559906,-0.47810661792755127,0.36785680055618286,0.042497151244295546
-0.8216548562049866,0.24039235711097717,-0.8500887155532837,0.5190721750259399,-0.8505428433418274,0.3410557210445404,-0.8507808873446201
-0.8901183009147644,0.33823296427726746,-0.898352861404419,0.515981137752533,-0.8958269357681274,0.4995536804199219,-0.8827287043442358
0.06200176477432251,0.39270684123039246,-0.0253678560256958,0.40585818886756897,0.008844554424285889,0.38807976245880127,0.03510139153546975
-0.9331172108650208,0.3019861578941345,-0.9786863923072815,0.2825188934803009,-0.9072239995002747,0.3835900127887726,-0.9913998282380825
0.045108139514923096,0.190888911485672,0.020193397998809814,0.5014768838882446,0.022941887378692627,0.4708309471607208,0.02916413961809315
-1.1466211080551147,0.5398825407028198,-1.1785798072814941,0.5415633916854858,-1.1226389408111572,0.4958522319793701,-1.0506099933550872
-0.7169438600540161,0.4746828079223633,-0.6732488870620728,0.4638252556324005,-0.7685619592666626,0.4554236829280853,-0.8096683018297085
-0.5202847719192505,0.4285236895084381,-0.5336381793022156,0.43490490317344666,-0.48149827122688293,0.4675689935684204,-0.8569851997459049
-0.7119198441505432,0.4993923306465149,-0.7967105507850647,0.5510530471801758,-0.7163258790969849,0.5104426145553589,-0.7495799976911061
-0.3653234541416168,0.1691480129957199,-0.40419331192970276,0.460039347410202,-0.36764636635780334,0.49231234192848206,0.0478886777182788
-0.7901526093482971,0.17592018842697144,-0.8345469236373901,0.5336759686470032,-0.7939729690551758,0.36987897753715515,-0.7772835288524167
-0.8630929589271545,0.45366063714027405,-0.8271194696426392,0.4303820729255676,-0.8438929319381714,0.32257169485092163,-0.8153085691824012
0.09902876615524292,0.4588020443916321,-0.06977546215057373,0.477323442697525,0.17946696281433105,0.4820507764816284,0.03977647495960224
-0.8628405332565308,0.19971099495887756,-0.8659799098968506,0.4449228048324585,-0.8565394878387451,0.5130628347396851,-0.9318141382538383
-0.025584936141967773,0.5373793244361877,-0.005277395248413086,0.5061606764793396,0.007787883281707764,0.5719385147094727,0.03342375548694973
-0.957675576210022,0.2681533694267273,-0.9532690048217773,0.5419612526893616,-0.9893132448196411,0.5325794219970703,-0.9871627752948278
-0.7495329976081848,0.7460017204284668,-0.743179202079773,0.750267505645752,-0.7386951446533203,0.7489761710166931,-0.5670307091255943
-0.42803868651390076,0.732581615447998,-0.4410881996154785,0.7542816996574402,-0.42348724603652954,0.7717584371566772,-0.5151309672795976
-0.5019004344940186,0.7470976114273071,-0.45623916387557983,0.7646849155426025,-0.4624645411968231,0.7390146255493164,-0.2977418368379057
-0.5525020360946655,0.7272167205810547,-0.5484087467193604,0.7545511722564697,-0.4440252184867859,0.7723689675331116,-0.4103854593687336
-0.5523172616958618,0.7465253472328186,-0.5894536972045898,0.7477608323097229,-0.6009482145309448,0.7746789455413818,-0.8063189704587185
-0.5559648275375366,0.7439984083175659,-0.5543080568313599,0.7562945485115051,-0.5541781783103943,0.7546245455741882,-0.43806423668621863
-0.583002507686615,0.7728831171989441,-0.581213116645813,0.7409901022911072,-0.589862585067749,0.7485308051109314,-0.31184724440843364
-0.6859198212623596,0.7826372981071472,-0.6927828192710876,0.7514550685882568,-0.6872447729110718,0.7482706904411316,-0.870310107800699
-0.6799577474594116,0.7824735045433044,-0.7899214029312134,0.7300736904144287,-0.8125089406967163,0.7369002103805542,-0.6831912479469778
-0.7364802360534668,0.7435336709022522,-0.7470816969871521,0.7575154304504395,-0.7338055372238159,0.7489636540412903,-0.445389714773836
-0.5582748651504517,0.7823807597160339,-0.7226520776748657,0.7610219717025757,-0.5477972626686096,0.7650096416473389,-0.5895602137896534
-0.7097731232643127,0.7385664582252502,-0.7374612092971802,0.7610434293746948,-0.6892696022987366,0.7432546019554138,-0.3810110796350664
-0.6544960141181946,0.7418888807296753,-0.7421587705612183,0.7610453367233276,-0.7340584397315979,0.7433841228485107,-0.8804142250382161
-0.7655466794967651,0.784446656703949,-0.7260963320732117,0.7610447406768799,-0.7409791946411133,0.7749064564704895,-0.6613443344212997
-0.6246634721755981,0.7803300023078918,-0.6216626167297363,0.7644287943840027,-0.6499729156494141,0.7432926297187805,-0.349401101827343
-0.6015832424163818,0.7400978803634644,-0.596824586391449,0.7609231472015381,-0.6116400957107544,0.748578667640686,-0.4628107737563554
-0.7351059317588806,0.7458754777908325,-0.714094877243042,0.7667969465255737,-0.7289221882820129,0.7568445205688477,-0.9329291439546299
-0.6185632348060608,0.7281883358955383,-0.6198368072509766,0.743715763092041,-0.6128510236740112,0.7500749826431274,-0.7160207157615202
-0.6833229660987854,0.7697038650512695,-0.7265537977218628,0.7637810707092285,-0.700670599937439,0.7406005859375,-0.5249101966109935
-0.7023358345031738,0.7402568459510803,-0.7442722916603088,0.766870379447937,-0.7101194858551025,0.7567683458328247,-0.38142897187987024
-0.7334234118461609,0.740658164024353,-0.7453442811965942,0.7668853998184204,-0.7449244260787964,0.7568842768669128,-0.9310723883179282
-0.43595191836357117,0.7434931397438049,-0.43702638149261475,0.7447134256362915,-0.43542832136154175,0.7560736536979675,-0.6029294500405913
-0.6151202321052551,0.7743823528289795,-0.615642786026001,0.7613627314567566,-0.6152335405349731,0.7458627223968506,-0.40538649083990197
-0.7479056119918823,0.746001660823822,-0.7450863122940063,0.7668851613998413,-0.7541886568069458,0.743389904499054,-0.9366666410482505
-0.7414628267288208,0.7443583011627197,-0.744145393371582,0.7610453367233276,-0.738955557346344,0.7489761710166931,-0.6895191085373249
-0.7515377402305603,0.7845404744148254,-0.7431673407554626,0.750267505645752,-0.7449048757553101,0.7568842768669128,-0.6219656775426685
-0.7489568591117859,0.7460016012191772,-0.7430436015129089,0.7610453367233276,-0.750629723072052,0.7503482699394226,-0.732593581247096
-0.7649332880973816,0.7471634149551392,-0.7718256711959839,0.7651377320289612,-0.7585616111755371,0.7489699125289917,-0.4438181533470888
-0.7599424719810486,0.7844690084457397,-0.7495748996734619,0.7668802738189697,-0.7520807385444641,0.7568440437316895,-1.2006594505464183
-0.7515981793403625,0.7845404744148254,-0.7436085939407349,0.7610453367233276,-0.7544321417808533,0.7433901429176331,-0.8965383779052951
-0.5061958432197571,0.7406349182128906,-0.508773684501648,0.7645620703697205,-0.7420527935028076,0.775457501411438,-0.7368375350377834
-0.7379651069641113,0.7448097467422485,-0.7386603355407715,0.7425140738487244,-0.7420497536659241,0.775457501411438,-0.4854522473397139
-0.7495325207710266,0.7460017204284668,-0.7453455328941345,0.7668853998184204,-0.744927167892456,0.7568842768669128,-0.9738754832545498
-0.7555599212646484,0.7471664547920227,-0.7560956478118896,0.757591724395752,-0.7449259757995605,0.7568842768669128,-0.505149978319906
-0.7515981793403625,0.7845404744148254,-0.7453444600105286,0.7668853998184204,-0.7449259757995605,0.7568842768669128,-1.2724587429714436
-0.7495329976081848,0.7460017204284668,-0.7560956478118896,0.757591724395752,-0.7544321417808533,0.7433901429176331,-0.7354182707619226
-0.7412315607070923,0.7443588376045227,-0.7436085939407349,0.7610453367233276,-0.7512623071670532,0.7503482699394226,-0.8359447081065484
-0.28933969140052795,0.5984631776809692,-0.2966230809688568,0.7151803374290466,-0.29702070355415344,0.6415235996246338,-0.10962202152364997
-0.18971467018127441,0.19867031276226044,-0.2612590789794922,0.7257907390594482,-0.2738933563232422,0.628725528717041,-0.23028157653022965
-0.23928683996200562,0.20079286396503448,-0.32032671570777893,0.7253221273422241,-0.3056042194366455,0.5767778158187866,-0.3696504474354256
-0.3702489137649536,0.21546445786952972,-0.43956661224365234,0.6999999284744263,-0.46036288142204285,0.6312066912651062,-0.5399113897085028
-0.5463807582855225,0.23030681908130646,-0.612089991569519,0.6990151405334473,-0.655332624912262,0.6251322627067566,-0.6515452046511886
-0.8567282557487488,0.6501306295394897,-0.8621382117271423,0.7288089990615845,-0.7750210165977478,0.6378485560417175,-1.031517051446065
-0.5150049924850464,0.7403472065925598,-0.4894898533821106,0.69293212890625,-0.6194391250610352,0.7249898910522461,-0.5169835798558678
-0.26645535230636597,0.6171784400939941,-0.31586670875549316,0.6888011693954468,-0.26687735319137573,0.5864734053611755,-0.1966111750163865
-0.14258134365081787,0.5588279962539673,-0.06556075811386108,0.6135926246643066,-0.0848814845085144,0.5937038660049438,-0.08118360963962049
-0.49290749430656433,0.2473844289779663,-0.48066529631614685,0.7203834652900696,-0.5769258141517639,0.7188461422920227,-0.444421927227045
0.17194968461990356,0.5502406358718872,0.23215419054031372,0.571682333946228,0.2462490200996399,0.384018212556839,0.18315591543401297
0.14638197422027588,0.554164469242096,0.20694035291671753,0.5520465970039368,0.1589564085006714,0.5489324331283569,0.23585656875297398
0.42998069524765015,0.4188089072704315,0.4865610599517822,0.5395992398262024,0.4687831997871399,0.4557574391365051,0.4241790135787822
0.4746468663215637,0.41423720121383667,0.49904680252075195,0.5395863652229309,0.46059322357177734,0.5167861580848694,0.3907585287387172
0.6090519428253174,0.1593809425830841,0.6146327257156372,0.5589658617973328,0.6098445057868958,0.390945166349411,0.594878511394642
0.6738635897636414,0.44063159823417664,0.641647458076477,0.45085394382476807,0.6452019214630127,0.38607704639434814,0.7211756032766088
0.6090519428253174,0.1593809425830841,0.6146327257156372,0.5589658617973328,0.5807476043701172,0.3740895986557007,0.6056066844300941
0.6700524091720581,0.43224167823791504,0.6576268672943115,0.4601023495197296,0.6674814224243164,0.5352168679237366,0.7745753543387348
0.7023956179618835,0.5371493697166443,0.6981189250946045,0.5680970549583435,0.6720961928367615,0.4732259213924408,0.6695121296915462
0.6598671674728394,0.42919206619262695,0.6849256753921509,0.5488430857658386,0.6602035760879517,0.5320717692375183,0.6961116468379268
0.1010635495185852,0.5647217631340027,0.15509116649627686,0.5053818225860596,-0.009418785572052002,0.6525518894195557,0.414973347970818
-0.1705910563468933,0.7172591686248779,-0.21107691526412964,0.7061885595321655,-0.09263557195663452,0.7058552503585815,0.2787536009528289
-0.6575074195861816,0.5709905624389648,-0.2589045464992523,0.5988171100616455,-0.5338442921638489,0.586651086807251,-0.7925460651913082
-0.6808311939239502,0.537150502204895,-0.4314838647842407,0.5623173117637634,-0.6673154830932617,0.5347046256065369,-0.7457130130653591
-0.5910667777061462,0.5568327307701111,-0.5693040490150452,0.5872775912284851,-0.5878718495368958,0.5655632019042969,-0.5471819983917817
-0.3808901011943817,0.5387229919433594,-0.3619009554386139,0.4877651035785675,-0.3131510317325592,0.5165072679519653,-0.41144259336372124
-1.2872551679611206,0.4862423241138458,-1.3157682418823242,0.576774001121521,-1.2802746295928955,0.5224166512489319,-1.3045183235098026
-1.170523762702942,0.514085590839386,-1.167898178100586,0.5428075194358826,-1.1697285175323486,0.43319082260131836,-1.158015195409886
-0.9783607721328735,0.44252774119377136,-0.9809679985046387,0.5001682639122009,-0.950973391532898,0.5749760866165161,-0.9698052146432488
-0.8446171283721924,0.625312089920044,-0.9236531257629395,0.5713673830032349,-0.9342939257621765,0.6556311249732971,-0.7624562618571256
-0.33128821849823,0.4599003791809082,-0.3633127510547638,0.5690853595733643,-0.354534387588501,0.43756359815597534,-0.2847489711211507
-0.3643352687358856,0.5201971530914307,-0.3629372715950012,0.5273658633232117,-0.36424365639686584,0.5557339191436768,-0.3617104645857431
-0.42489859461784363,0.4486459195613861,-0.4438772201538086,0.5684892535209656,-0.44306352734565735,0.41571855545043945,-0.4381833356810425
-0.4930126368999481,0.4756685197353363,-0.4986073970794678,0.5280525088310242,-0.5030797123908997,0.5673109292984009,-0.5269511949114623
-0.5995723009109497,0.5445347428321838,-0.6087819337844849,0.47508588433265686,-0.6011096239089966,0.48930150270462036,-0.6080069277402871
-0.6213408708572388,0.5724591612815857,-0.7084078192710876,0.6200321316719055,-0.7023606896400452,0.5570447444915771,-0.6983190507064237
-0.6386789679527283,0.6450808048248291,-0.7238449454307556,0.5992150902748108,-0.7317228317260742,0.5522943139076233,-0.7969671129852893
-0.773401141166687,0.7101588249206543,-0.8615099191665649,0.6563649773597717,-0.8851451873779297,0.6892972588539124,-0.8764750190572681
-0.9329110980033875,0.7097728848457336,-0.9108681082725525,0.7400268912315369,-0.9005436897277832,0.7211064100265503,-0.9913998282380825
-0.7328701615333557,0.77236008644104,-1.1863617897033691,0.738290548324585,-1.181071162223816,0.7248652577400208,-1.056011124926228
-1.1730948686599731,0.7036920189857483,-1.1655791997909546,0.7314282059669495,-0.6943957209587097,0.7442484498023987,-1.0920514783877278
-0.5389573574066162,0.20586581528186798,-0.5142161846160889,0.5106800198554993,-0.4730633497238159,0.6135198473930359,-0.8781120148963188
-0.5947132110595703,0.5730738639831543,-0.6534959077835083,0.5727508068084717,-0.4798942804336548,0.6123127937316895,-0.585026652029182
-0.4562869966030121,0.6111050248146057,-0.4414086937904358,0.5751615762710571,-0.45815718173980713,0.5451395511627197,-0.4089353929735008
-0.25743475556373596,0.6315821409225464,-0.29766303300857544,0.5878465175628662,-0.24128282070159912,0.6193221807479858,-0.061480274823508096
-0.09182357788085938,0.1784927248954773,-0.048528850078582764,0.621389627456665,-0.08732771873474121,0.6136437654495239,-0.021363051615525673
0.06949299573898315,0.655074954032898,0.040258049964904785,0.625964343547821,-0.005100369453430176,0.6467684507369995,0.0
0.28865736722946167,0.6494182348251343,0.2731025218963623,0.6440706849098206,0.28139907121658325,0.6733710765838623,0.004321373782642578
-0.09252214431762695,0.3495047688484192,-0.12077528238296509,0.6614125967025757,-0.1110648512840271,0.6394569873809814,0.22788670461367355
-0.0039198994636535645,0.5644863247871399,0.016584575176239014,0.5749673247337341,-0.024838387966156006,0.5312412977218628,0.07188200730612536
0.010525763034820557,0.5869602560997009,-0.0030087828636169434,0.5781466364860535,-0.053209543228149414,0.560684323310852,0.0
-0.02086162567138672,0.6040961146354675,-0.13472604751586914,0.6126073002815247,-0.08118849992752075,0.6477539539337158,-0.00877392430750515
-0.03347212076187134,0.5611038208007812,-0.10277211666107178,0.5983886122703552,-0.057835400104522705,0.6399040818214417,-0.022276394711152253
0.014697790145874023,0.5864901542663574,-0.023354172706604004,0.5622652769088745,-0.009018421173095703,0.6299538016319275,-0.060480747381381476
0.013130247592926025,0.590266227722168,-0.009009897708892822,0.5818366408348083,-0.0176084041595459,0.5332785844802856,-0.09151498112135022
-0.5290312767028809,0.7414738535881042,-0.528158962726593,0.7434310913085938,-0.5268040299415588,0.7355625629425049,-0.5482135644757098
-0.5358438491821289,0.48884525895118713,-0.5362311005592346,0.7512431740760803,-0.5361490845680237,0.7268657684326172,-0.5058454059815571
-0.5168590545654297,0.18489494919776917,-0.5129162073135376,0.7418773770332336,-0.5220338106155396,0.6597199440002441,-0.5272435506827877
-0.5788695812225342,0.3649264872074127,-0.5704939961433411,0.7524980902671814,-0.5645409822463989,0.7190753817558289,-0.6143937264016879
-0.6195722818374634,0.7450409531593323,-0.6244194507598877,0.7581122517585754,-0.6181986331939697,0.7407018542289734,-0.6307841425898572
-0.6711638569831848,0.43753916025161743,-0.6600741147994995,0.7443831562995911,-0.6757450103759766,0.7282081842422485,-0.6420651529995461
-0.7278006076812744,0.7399278879165649,-0.7481987476348877,0.7609602808952332,-0.7583168148994446,0.7754228115081787,-0.6556077263148893
-0.569074273109436,0.74798983335495,-0.5592851638793945,0.5508001446723938,-0.5705538988113403,0.740023672580719,-0.5331323796458906
-1.2523632049560547,0.6109687089920044,-1.2193639278411865,0.7432785034179688,-1.2008445262908936,0.746557354927063,-1.5686362358410126
0.3108423948287964,0.3558841049671173,0.40823155641555786,0.7352634072303772,0.38640308380126953,0.671057403087616,0.6142258599923229
0.3325197100639343,0.7145092487335205,0.2904268503189087,0.7190455198287964,0.49227970838546753,0.7285727858543396,0.5026753343752224
-0.17226922512054443,0.62569659948349,-0.10597807168960571,0.7540322542190552,-0.16527879238128662,0.7493619322776794,0.3979400086720376
-0.07283461093902588,0.48928987979888916,-0.09049999713897705,0.3800743520259857,0.0235750675201416,0.6615042686462402,-0.05270649061101971
0.10877668857574463,0.6202841997146606,0.03602057695388794,0.5284668803215027,0.11868691444396973,0.6505024433135986,0.012234275460939763
0.3741114139556885,0.604578971862793,0.36609363555908203,0.5142809748649597,0.32783615589141846,0.6964756846427917,0.0
-0.06321060657501221,0.6632482409477234,0.10639643669128418,0.49646270275115967,0.3201473355293274,0.6365150809288025,0.07918124604762482
0.288343608379364,0.38448843359947205,0.3216390609741211,0.5061764121055603,0.30886024236679077,0.6375432014465332,0.3979400086720376
0.26932448148727417,0.6142114400863647,0.2349359393119812,0.4995069205760956,0.24912166595458984,0.6482853889465332,0.3010299956639812
0.26314979791641235,0.38009727001190186,0.22737431526184082,0.32492655515670776,0.24083811044692993,0.6486642360687256,0.45895420227774913
-0.06321060657501221,0.6632482409477234,-0.041406452655792236,0.31287670135498047,0.15632128715515137,0.6962636709213257,0.5563025007672873
0.4474778175354004,0.19221095740795135,0.47841185331344604,0.6788956522941589,0.49249571561813354,0.6433329582214355,0.47712125471966244
0.4516611695289612,0.6555623412132263,0.478637158870697,0.49525579810142517,0.4326101541519165,0.6798485517501831,0.6232492903979004
-0.2644602954387665,0.7371378540992737,-0.18467485904693604,0.7622492909431458,-0.2757469415664673,0.7474539875984192,0.056481398322639535
-0.06921643018722534,0.5176271200180054,-0.04394221305847168,0.7603000998497009,-0.1651676893234253,0.7465754747390747,-0.009759738585876107
-0.40320685505867004,0.7341312766075134,-0.33926504850387573,0.7578372359275818,-0.4892720580101013,0.7476999163627625,-0.056615308200927285
-0.25850608944892883,0.6206455826759338,-0.26215144991874695,0.6754884719848633,-0.3010900914669037,0.6647679209709167,-0.15039634191755286
-0.34056395292282104,0.6174958348274231,-0.3486374616622925,0.5603614449501038,-0.33612850308418274,0.35700666904449463,-0.4171880677667206
-0.2901321053504944,0.18245258927345276,-0.2935587465763092,0.45475390553474426,-0.2810245752334595,0.48207855224609375,-0.19859834825520903
-0.5557584762573242,0.353778600692749,-0.5455860495567322,0.6162766218185425,-0.5181155204772949,0.6815629005432129,-0.6540952452175399
-0.12397897243499756,0.5908980369567871,-0.12714040279388428,0.6563867330551147,-0.13633251190185547,0.4830358028411865,-0.21463955186702402
-0.12077075242996216,0.6196120381355286,-0.174244225025177,0.5596649646759033,-0.1361977458000183,0.6625356674194336,-0.14232080958840296
-0.13653355836868286,0.16730661690235138,-0.174244225025177,0.5596649646759033,-0.11418265104293823,0.487707257270813,-0.11383088459996327
-0.0010532140731811523,0.6521999835968018,-0.21562379598617554,0.5890727043151855,-0.01072603464126587,0.6642614006996155,0.07332896001958884
0.17267632484436035,0.6744630932807922,-0.26364266872406006,0.6339948177337646,0.16241568326950073,0.6693757772445679,0.20087319676866625
0.2023639678955078,0.5216988325119019,-0.30813905596733093,0.6749659180641174,0.21793532371520996,0.6647745370864868,0.3443618130491732
-0.27234530448913574,0.6956997513771057,-0.2745414078235626,0.6939952373504639,-0.2940587103366852,0.6899486184120178,-0.12816796601886354
-0.7514188289642334,0.7845404744148254,-0.756068766117096,0.757591724395752,-0.7441204786300659,0.7568842768669128,-0.19081481538992665
0.34626954793930054,0.6948636770248413,0.40083277225494385,0.652014970779419,0.38420921564102173,0.6931486129760742,0.018284308426530838
-0.7211288809776306,0.27761805057525635,-1.22201669216156,0.5006037950515747,-1.278550148010254,0.6030720472335815,-1.1018235165023234
-0.45893335342407227,0.21327967941761017,-0.5256631374359131,0.4425860643386841,-0.647018551826477,0.48764386773109436,-1.0655015487564323
-0.790031909942627,0.44503292441368103,-0.921457052230835,0.5454204678535461,-0.9526504278182983,0.6015844941139221,-0.9408153823686288
-0.6679996252059937,0.5834789872169495,-0.7521964907646179,0.5913246870040894,-0.8774619698524475,0.6308081746101379,-0.8833922560117515
-0.2645081877708435,0.3309311866760254,-0.2017296552658081,0.6885784864425659,-0.18305498361587524,0.73248291015625,-0.12436006299583162
-0.29955965280532837,0.33098605275154114,-0.23727142810821533,0.6777395606040955,-0.21577250957489014,0.7710705399513245,-0.15304467498017607
-0.12748384475708008,0.4052124619483948,-0.01292961835861206,0.6753755807876587,-0.1298983097076416,0.7359131574630737,-0.16877030613293661
-0.17712992429733276,0.6647992730140686,-0.16170340776443481,0.6879781484603882,-0.20125263929367065,0.6688365936279297,-0.21253952548158495
-0.03063422441482544,0.672169029712677,0.041898250579833984,0.6681969165802002,-0.038457632064819336,0.6463466882705688,-0.22257317761068865
0.12474268674850464,0.6146117448806763,0.16013050079345703,0.6978136301040649,0.13908827304840088,0.5916169285774231,0.09691001300805642
0.04163140058517456,0.6386922597885132,0.06945407390594482,0.6944994926452637,0.005337119102478027,0.6810639500617981,0.07918124604762482
0.034189462661743164,0.7180702686309814,0.23894613981246948,0.7071536779403687,0.22243940830230713,0.6678501963615417,0.2671717284030138
-0.19905537366867065,0.7234422564506531,-0.17015981674194336,0.7413614988327026,-0.1856222152709961,0.7315635085105896,-0.09691001300805639
-0.07021385431289673,0.222769096493721,-0.12882113456726074,0.72930508852005,-0.10946530103683472,0.7726191282272339,0.07918124604762482
-0.30758950114250183,0.7707598209381104,0.20146656036376953,0.737182080745697,0.2044735550880432,0.7255162000656128,0.4471580313422192
-0.11225277185440063,0.7033800482749939,-0.2710813283920288,0.6788920760154724,-0.23384302854537964,0.7309276461601257,0.0
-0.11344856023788452,0.6376567482948303,-0.21873414516448975,0.6100216507911682,-0.10360026359558105,0.6651086211204529,-0.2294462081232535
0.10627913475036621,0.6837164163589478,0.102866530418396,0.7611075043678284,0.1991063952445984,0.7290643453598022,0.146128035678238
-0.24778226017951965,0.7238932251930237,-0.4802892506122589,0.7321877479553223,-0.4309355318546295,0.7371701002120972,-0.1870866433571444
-0.01721245050430298,0.27428269386291504,-0.010886132717132568,0.6993224024772644,-0.04113268852233887,0.7135123610496521,0.0
-0.1554688811302185,0.3227666914463043,-0.143316388130188,0.7599999308586121,-0.10508280992507935,0.7349649667739868,-0.2471835688117286
-0.1249237060546875,0.6591638326644897,-0.09189248085021973,0.7224236726760864,-0.11038315296173096,0.7053505182266235,-0.07058107428570727
-0.7009742259979248,0.7422923445701599,-0.8023416996002197,0.7551394104957581,-0.74473637342453,0.7426713109016418,-0.2924298239020636
-0.14487206935882568,0.5536128878593445,-0.2064642310142517,0.7400844097137451,-0.16928791999816895,0.7427296042442322,0.38021124171160603
0.1471414566040039,0.6952196955680847,0.16001641750335693,0.7191464900970459,0.04985475540161133,0.7354220747947693,0.09691001300805642
-0.3316267728805542,0.6837784647941589,-0.21927529573440552,0.7204241156578064,-0.21242469549179077,0.7062996625900269,-0.2924298239020636
-0.24739962816238403,0.7671785354614258,0.15307754278182983,0.7449793815612793,0.11716383695602417,0.7594370245933533,0.3010299956639812
-0.28339484333992004,0.3621533513069153,-0.2920885980129242,0.6146615743637085,-0.24427318572998047,0.6177628040313721,-0.3295611700367185
-0.30895566940307617,0.6276601552963257,-0.3053581714630127,0.7186200618743896,-0.29950448870658875,0.7361748218536377,-0.3018994543766101
-0.3269250690937042,0.5105724930763245,-0.48561426997184753,0.7312594652175903,-0.39227327704429626,0.7482860684394836,-0.29929628285498067
-0.7524033784866333,0.747163712978363,-0.5123168230056763,0.7665934562683105,-0.5128764510154724,0.7471098303794861,-0.38721614328026455
-0.7521477341651917,0.7471635341644287,-0.5009374022483826,0.7501487731933594,-0.5072280168533325,0.7536050081253052,-0.41341269532824504
-0.04232817888259888,0.21944992244243622,-0.04906189441680908,0.2922176122665405,-0.02397453784942627,0.5327249765396118,-0.1549019599857432
-0.03708469867706299,0.6249215006828308,-0.051881253719329834,0.44722670316696167,-0.15609586238861084,0.44247743487358093,-0.1549019599857432
-0.03575056791305542,0.43970727920532227,-0.02589207887649536,0.6341802477836609,-0.024959444999694824,0.39074838161468506,-0.09691001300805639
-0.03708469867706299,0.6249215006828308,-0.06397229433059692,0.6102313995361328,-0.02397453784942627,0.5327249765396118,-0.1549019599857432
-0.16832786798477173,0.3238593637943268,-0.16919177770614624,0.42985132336616516,-0.15291106700897217,0.5505332350730896,-0.3010299956639812
-0.125385582447052,0.6113159656524658,-0.04857689142227173,0.1980568766593933,-0.15609586238861084,0.44247743487358093,-0.09151498112135022
-0.3873296082019806,0.6531573534011841,-0.39916929602622986,0.4784270226955414,-0.3943136930465698,0.4411625564098358,-0.36653154442041347
-0.03708469867706299,0.6249215006828308,-0.051881253719329834,0.44722670316696167,-0.15609586238861084,0.44247743487358093,0.0
-0.4902348518371582,0.6743152737617493,-0.3879925608634949,0.6100640296936035,-0.43734994530677795,0.6418319940567017,-0.549750891680639
-0.125385582447052,0.6113159656524658,-0.06397229433059692,0.6102313995361328,-0.15609586238861084,0.44247743487358093,0.07918124604762482
-0.125385582447052,0.6113159656524658,-0.09499680995941162,0.29650813341140747,-0.15609586238861084,0.44247743487358093,0.11394335230683678
0.034979403018951416,0.6130563020706177,0.03506004810333252,0.4680927097797394,-0.035760343074798584,0.4487939476966858,0.0
0.10745376348495483,0.43170496821403503,0.11447364091873169,0.4246594309806824,0.09495586156845093,0.48871421813964844,0.11394335230683678
0.24995934963226318,0.6388942003250122,0.25594913959503174,0.5761803984642029,0.23232054710388184,0.4891255795955658,0.20411998265592482
0.13195884227752686,0.5368912816047668,0.17049932479858398,0.6630594730377197,0.15952014923095703,0.5996266603469849,0.3424226808222063
-0.46712368726730347,0.5616822838783264,-0.455255389213562,0.5515590906143188,-0.47670045495033264,0.5994039177894592,-0.5228787452803376
-0.47088804841041565,0.6069058179855347,-0.4513569176197052,0.4009014964103699,-0.44961246848106384,0.5024279356002808,-0.5376020021010439
-0.4771881103515625,0.5649262070655823,-0.46921199560165405,0.5909538269042969,-0.45950040221214294,0.5447971224784851,-0.46852108295774486
-0.4771881103515625,0.5649262070655823,-0.455255389213562,0.5515590906143188,-0.47670045495033264,0.5994039177894592,-0.431798275933005
-0.4393799901008606,0.606143057346344,-0.4410332441329956,0.40043899416923523,-0.4617660939693451,0.5989004969596863,-0.38721614328026455
-0.4518356919288635,0.5612399578094482,-0.40497252345085144,0.49552974104881287,-0.4216293394565582,0.5018156170845032,-0.4188471080337112
-0.8186439275741577,0.5100202560424805,-0.9910452365875244,0.6069198846817017,-0.8399756550788879,0.6100722551345825,-1.154901959985743
-0.9454766511917114,0.49767038226127625,-1.1685888767242432,0.6532277464866638,-0.9550004005432129,0.6124603152275085,-1.0969100130080565
-0.8789357542991638,0.42100009322166443,-0.8719573616981506,0.42739227414131165,-0.9074901342391968,0.4824548661708832,-1.0457574905606752
-0.8779780864715576,0.41376370191574097,-0.8738077282905579,0.4362550377845764,-0.9029784798622131,0.45322948694229126,-1.0457574905606752
-0.9413517713546753,0.4818415939807892,-0.8738077282905579,0.4362550377845764,-0.9029784798622131,0.45322948694229126,-0.8860566476931632
-0.9012085199356079,0.15756483376026154,-0.9977253675460815,0.46902403235435486,-0.9029784798622131,0.45322948694229126,-0.8239087409443188
-0.9413517713546753,0.4818415939807892,-0.9977253675460815,0.46902403235435486,-0.9195196628570557,0.4495212733745575,-0.7825160557860937
-0.9241626858711243,0.4019962251186371,-0.9977253675460815,0.46902403235435486,-0.9074901342391968,0.4824548661708832,-0.744727494896694
-1.2532498836517334,0.2776021659374237,-1.2512516975402832,0.6240401268005371,-1.3051269054412842,0.6277395486831665,-1.5228787452803376
-1.4296848773956299,0.5604471564292908,-1.4546200037002563,0.6207339763641357,-1.4955663681030273,0.6714187264442444,-1.3979400086720375
-0.9580283761024475,0.16075773537158966,-0.9362696409225464,0.5113543272018433,-0.9397226572036743,0.49857836961746216,-1.1674910872937636
-0.9350140690803528,0.46704229712486267,-0.9797608852386475,0.4826604127883911,-0.9831289649009705,0.4931778609752655,-1.1739251972991736
-0.9350140690803528,0.46704229712486267,-0.9362696409225464,0.5113543272018433,-0.992769718170166,0.4596543312072754,-0.958607314841775
-0.9580283761024475,0.16075773537158966,-0.9931223392486572,0.49011826515197754,-1.0300865173339844,0.48753267526626587,-0.9208187539523752
-1.0460946559906006,0.4702848196029663,-1.005570411682129,0.43769627809524536,-0.9831289649009705,0.4931778609752655,-0.8538719643217619
-1.0460946559906006,0.4702848196029663,-0.9797608852386475,0.4826604127883911,-1.0300865173339844,0.48753267526626587,-0.7958800173440752
-0.33990511298179626,0.5171352624893188,0.11960142850875854,0.41514283418655396,0.07733768224716187,0.5562422871589661,-0.2676062401770315
-0.14100486040115356,0.5342158079147339,-0.17556339502334595,0.5488668084144592,-0.09263700246810913,0.6339195370674133,0.13033376849500614
-0.5817290544509888,0.5592582821846008,-0.6206623911857605,0.5432518124580383,-0.6037119626998901,0.5254152417182922,-0.5917600346881504
-0.8130446076393127,0.5626193284988403,-0.8369888067245483,0.5271467566490173,-0.8276671767234802,0.5317007303237915,-0.8356471442155629
-0.6625179052352905,0.39045509696006775,-0.6810178756713867,0.3597903549671173,-0.6571974754333496,0.3471127450466156,-0.6903698325741012
-0.6972307562828064,0.3838735818862915,-0.7182679772377014,0.3398217558860779,-0.7227464318275452,0.3319275975227356,-0.7099653886374819
-0.9307623505592346,0.3342399001121521,-0.9755122065544128,0.36766517162323,-0.9247215986251831,0.37731778621673584,-0.9244530386074693
-0.8050129413604736,0.42449724674224854,-0.8350174427032471,0.37101802229881287,-0.8160579204559326,0.4216372072696686,-0.8068754016455384
-0.9040549993515015,0.21789462864398956,-0.9013597965240479,0.5949702858924866,-0.895168662071228,0.6562101244926453,-0.8446639625349383
-1.0021353960037231,0.36660853028297424,-1.0131324529647827,0.31951960921287537,-1.0056827068328857,0.37129896879196167,-0.9871627752948278
-1.1604068279266357,0.1879521757364273,-1.1595546007156372,0.4003055691719055,-1.1622132062911987,0.40507954359054565,-1.0757207139381184
-1.2798924446105957,0.5849502086639404,-1.2840619087219238,0.69174724817276,-1.2887935638427734,0.6675271987915039,-1.3767507096020994
-0.6317081451416016,0.5401610136032104,-0.625215470790863,0.5096085071563721,-0.624603271484375,0.5229958891868591,-0.6216020990518624
-0.7402665019035339,0.3346918821334839,-0.7452462911605835,0.32955971360206604,-0.702492356300354,0.3099682629108429,-0.7235381958267558
-0.8352636694908142,0.5113780498504639,-0.8589552044868469,0.43051618337631226,-0.8371961712837219,0.5337225794792175,-0.8728952016351923
-0.987417459487915,0.3510742485523224,-1.0421638488769531,0.33948618173599243,-0.9801355600357056,0.35104110836982727,-1.0
-0.8005670309066772,0.32190027832984924,-0.818920373916626,0.28307679295539856,-0.7756087183952332,0.306272953748703,-0.7351821769904635
-0.8827821016311646,0.3424279987812042,-0.8867557644844055,0.3545013666152954,-0.8755578398704529,0.3753214180469513,-0.9030899869919435
-0.976499080657959,0.5854130387306213,-0.9628226161003113,0.6887446641921997,-0.9693517088890076,0.6609449982643127,-0.9136401693252518
-1.0889241695404053,0.3124012053012848,-1.0836048126220703,0.3044697046279907,-1.0688934326171875,0.2917777895927429,-1.0969100130080565
-1.2018413543701172,0.3853968381881714,-1.2188113927841187,0.3253754675388336,-1.241325855255127,0.3840431272983551,-1.2518119729937995
-1.401355266571045,0.6568024158477783,-1.4136101007461548,0.6244123578071594,-1.3894996643066406,0.6850516200065613,-1.3979400086720375
-0.7324403524398804,0.246986523270607,-0.7314242124557495,0.5049669742584229,-0.734488308429718,0.5438291430473328,-0.6695862266508091
-0.8491150736808777,0.36528781056404114,-0.8310944437980652,0.4003385901451111,-0.8407653570175171,0.3930535316467285,-0.9469215565165803
-0.9943228363990784,0.39888715744018555,-0.9353780746459961,0.3869568109512329,-1.0032258033752441,0.4129088521003723,-0.958607314841775
-0.8595249652862549,0.53188157081604,-0.8728546500205994,0.5632173418998718,-0.8801396489143372,0.5045015215873718,-0.889410289700751
-1.190544843673706,0.3731270730495453,-1.1750246286392212,0.38580888509750366,-1.1790215969085693,0.37413594126701355,-1.0362121726544447
-1.1164348125457764,0.20532962679862976,-1.14560067653656,0.40229371190071106,-1.1413393020629883,0.46544384956359863,-1.0969100130080565
-1.124612808227539,0.2776234745979309,-1.0831526517868042,0.6938151717185974,-1.1000053882598877,0.6345573663711548,-1.1739251972991736
-1.2441819906234741,0.38067516684532166,-1.2507295608520508,0.36635175347328186,-1.231549859046936,0.3809551000595093,-1.2218487496163564
-1.2929790019989014,0.42569562792778015,-1.3495872020721436,0.4071734845638275,-1.2944837808609009,0.41400063037872314,-1.5086383061657274
-1.5059208869934082,0.6454435586929321,-1.5349935293197632,0.6814063787460327,-1.5095856189727783,0.6886947751045227,-1.5686362358410126
-0.6581152677536011,0.1942874938249588,-0.6340630650520325,0.44186729192733765,-0.6266230344772339,0.5072643756866455,-0.6307841425898572
-0.7625143527984619,0.4472077786922455,-0.7663043737411499,0.5616562366485596,-0.7629253268241882,0.46179434657096863,-0.7746907182741372
-0.9056972861289978,0.4852173626422882,-0.882366418838501,0.4599532186985016,-0.8918803334236145,0.5433512330055237,-0.9393021596463883
-0.8624928593635559,0.21149811148643494,-0.8724441528320312,0.5266905426979065,-0.8969454169273376,0.5250221490859985,-1.0915149811213503
-0.9765697717666626,0.6034114956855774,-1.0168015956878662,0.6033057570457458,-1.0134614706039429,0.56061851978302,-0.8124792791635369
-0.7311107516288757,0.5490701794624329,-0.8124392032623291,0.5596001744270325,-0.8745043277740479,0.5637932419776917,-0.728158393463501
-0.6206074357032776,0.5973947644233704,-0.6398876309394836,0.6266661286354065,-0.6396307349205017,0.6193458437919617,-0.6536470255493614
-0.5556118488311768,0.67578125,-0.5865278840065002,0.664989173412323,-0.6008812189102173,0.6594423055648804,-0.5702477199975919
-0.5922455787658691,0.6850003600120544,-0.5674803256988525,0.6746344566345215,-0.5751718878746033,0.684190571308136,-0.5867002359187481
-0.41021522879600525,0.6849883794784546,-0.4209009110927582,0.7096742391586304,-0.5055351257324219,0.6959934234619141,-1.2612194415156308
-0.7156792283058167,0.717704713344574,-0.7130430936813354,0.7039344310760498,-0.7095745801925659,0.6725900173187256,-0.632644078973981
-0.7160781025886536,0.6704883575439453,-0.7633569836616516,0.70294588804245,-0.7189843654632568,0.6935058832168579,-0.7695510786217261
-0.8360788822174072,0.26697635650634766,-0.8112437129020691,0.7126213908195496,-0.7910347580909729,0.6977052092552185,-0.8013429130455774
-0.7830165028572083,0.6783745288848877,-0.7891137003898621,0.7243045568466187,-0.7838752865791321,0.7049053907394409,-0.8996294548824371
-0.6475971937179565,0.4649830758571625,-0.7561542987823486,0.46327558159828186,-0.5895184874534607,0.44474297761917114,-0.954665283683257
-0.14282363653182983,0.4567946791648865,-0.28043362498283386,0.45092499256134033,-0.4487062692642212,0.392557829618454,0.19242889185267814
-0.35012754797935486,0.4234554171562195,-0.47135502099990845,0.3900831341743469,-0.25387611985206604,0.4051767587661743,-0.7004055460750772
-0.5129680633544922,0.16703227162361145,-0.5217106938362122,0.37961384654045105,-0.49369049072265625,0.40575167536735535,-0.007774425390468595
-0.36619454622268677,0.42914581298828125,-0.4760764539241791,0.4062163829803467,-0.22569966316223145,0.4152584373950958,-0.8730929478673854
-0.8864653706550598,0.20655043423175812,-0.9210084676742554,0.4369528889656067,-0.9278436899185181,0.4703585207462311,-1.1897674820049158
-0.9298644661903381,0.38728421926498413,-0.9241312742233276,0.4303927421569824,-0.9401366710662842,0.42104992270469666,-0.9747064262624288
-1.058426022529602,0.16607457399368286,-1.0389201641082764,0.40203508734703064,-0.9950000047683716,0.39938884973526,-0.9889246043110689
-0.9820073246955872,0.4355942904949188,-0.9681382179260254,0.4205194413661957,-1.058335542678833,0.40725967288017273,-1.0
-1.4010555744171143,0.5039926171302795,-1.4060735702514648,0.5664296746253967,-1.3374412059783936,0.49696284532546997,-1.4078232426041333
-0.29908278584480286,0.37444430589675903,-0.30323073267936707,0.36873897910118103,-0.2977699041366577,0.396338552236557,-0.24241116296647103
-0.48813170194625854,0.3047906160354614,-0.49368104338645935,0.3142240643501282,-0.4855668842792511,0.34313249588012695,-0.36806133618362513
-0.5534640550613403,0.3076835572719574,-0.5396153926849365,0.2879822552204132,-0.5627522468566895,0.3333738148212433,-0.5367462373585933
-0.5622527599334717,0.40732482075691223,-0.6067211627960205,0.3597787320613861,-0.5922407507896423,0.38423746824264526,-0.7299037185796695
-0.6129134893417358,0.33126726746559143,-0.5798200964927673,0.3135659098625183,-0.3789946734905243,0.3398198187351227,-0.5564835524411349
-1.060247540473938,0.46241065859794617,-0.9781965017318726,0.5418990254402161,-0.9338645935058594,0.5119214653968811,-1.0428718023231869
-0.7992684841156006,0.34116408228874207,-0.8193743228912354,0.3417506515979767,-0.8330190777778625,0.3554123044013977,-0.7853362626166637
-0.860433042049408,0.36226773262023926,-0.8898428082466125,0.35257136821746826,-0.8496803641319275,0.3333462178707123,-0.8460845738400542
-0.9050575494766235,0.3431849777698517,-0.9170394539833069,0.3622560203075409,-0.9321027994155884,0.3573571741580963,-0.8224635000701379
-1.300705909729004,0.4662010371685028,-1.2810834646224976,0.5424143075942993,-1.2722303867340088,0.44742920994758606,-1.274905478918531
-0.3435072898864746,0.3883691728115082,-0.5397731065750122,0.40421244502067566,-0.35398539900779724,0.3674865961074829,-0.6522992847276528
-0.5634914636611938,0.3085451126098633,-0.5742361545562744,0.28959137201309204,-0.5316911935806274,0.3515543043613434,-0.5604446886106418
-0.5826556086540222,0.31626585125923157,-0.582781195640564,0.34935036301612854,-0.5631418228149414,0.3440400958061218,-0.4611122199853002
-0.557706356048584,0.33471354842185974,-0.5500147342681885,0.31126654148101807,-0.5672757625579834,0.3552461564540863,-0.5485129164691497
-0.8691083788871765,0.18583081662654877,-0.9002329111099243,0.5444459915161133,-0.8889922499656677,0.5167810320854187,-1.0710923097560472
-0.5597976446151733,0.17386023700237274,-0.6148409843444824,0.4037976562976837,-0.5569892525672913,0.3925003409385681,-0.27318968816095895
-0.6262515783309937,0.3666425347328186,-0.6095263957977295,0.3218841254711151,-0.6487590670585632,0.34310224652290344,-0.5829071302537867
-0.6665812730789185,0.35243651270866394,-0.6656925678253174,0.33346447348594666,-0.7184056043624878,0.3479207754135132,-0.7366859256781294
-0.6972004175186157,0.3670879602432251,-0.6921402215957642,0.35338854789733887,-0.7112811803817749,0.3512069284915924,-0.7385729632304492
-1.1357896327972412,0.47098442912101746,-1.0730254650115967,0.48909127712249756,-1.1390355825424194,0.47454532980918884,-1.1706962271689751
-0.4719056785106659,0.41421157121658325,-0.492851585149765,0.38533180952072144,-0.5130393505096436,0.36734792590141296,-1.0649514542830874
-0.6446359753608704,0.4242539703845978,-0.7974681258201599,0.46376457810401917,-0.722044825553894,0.3844674229621887,-0.39758294828163654
-0.6873668432235718,0.36955392360687256,-0.7527715563774109,0.4225999712944031,-0.5214263200759888,0.35975974798202515,-0.43884492941755243
-0.5987778306007385,0.40367618203163147,-0.6860122680664062,0.427751749753952,-0.6440973877906799,0.4227074980735779,-0.5135015129792433
-0.4399978220462799,0.4579242467880249,-0.6623256802558899,0.4583739936351776,-0.5998449325561523,0.43504080176353455,-0.2487416872076058
-0.9513900876045227,0.45732617378234863,-0.9190693497657776,0.4765041768550873,-0.9979144334793091,0.5198873281478882,-0.8386319977650252
-0.521122395992279,0.3840470016002655,-0.5543696880340576,0.42159292101860046,-0.5958771109580994,0.40406131744384766,-0.5755855627799054
-0.5649121403694153,0.3764444589614868,-0.5690557360649109,0.38974645733833313,-0.6313251852989197,0.40168872475624084,-0.7058094288663243
-0.6686475276947021,0.427451491355896,-0.5908066034317017,0.42083579301834106,-0.6133196353912354,0.41161859035491943,-0.7067612313300833
-1.0053061246871948,0.5282704830169678,-0.9008657336235046,0.531886637210846,-1.0121506452560425,0.4954881966114044,-1.0741724253752576
-1.3629401922225952,0.7283745408058167,-1.385204553604126,0.7432110905647278,-1.3422799110412598,0.74951171875,-1.154901959985743
-1.0662935972213745,0.7386109232902527,-1.0699925422668457,0.7656192183494568,-1.0859507322311401,0.7402774691581726,-1.3979400086720375
-0.9367356896400452,0.7446902990341187,-0.9151917695999146,0.7108770608901978,-0.9754871129989624,0.7364853024482727,-0.7887806452865336
-0.06792575120925903,0.5914046168327332,-0.26384952664375305,0.5374649167060852,-0.30947887897491455,0.5917694568634033,-0.9913998282380825
-1.100014090538025,0.5003840923309326,-0.9309067726135254,0.6536471843719482,-0.9344229698181152,0.6105897426605225,-1.6382721639824072
-0.5671966671943665,0.7418721914291382,-0.568692684173584,0.680721640586853,-0.5653318166732788,0.7286626696586609,-0.8227521637443765
-0.8024951219558716,0.7690470814704895,-0.7988821864128113,0.7219487428665161,-0.8150441646575928,0.7459933161735535,-0.5678327305574118
-0.5415779948234558,0.7229077816009521,-0.5424832701683044,0.7424733638763428,-0.8046802282333374,0.7468371391296387,-0.7700623140920662
-0.5259757041931152,0.7294660806655884,-0.537516713142395,0.7468817830085754,-0.792424201965332,0.7476293444633484,-0.5868679495651279
-0.5689373016357422,0.5045350790023804,-0.5386250615119934,0.47790905833244324,-0.5626083016395569,0.49505555629730225,-0.48030585777695184
-0.4864450693130493,0.4737711250782013,-0.42841005325317383,0.38418319821357727,-0.4660240113735199,0.4484187066555023,-0.4782331678974931
-0.29585352540016174,0.547711193561554,-0.31189802289009094,0.5411996841430664,-0.32356444001197815,0.6060779094696045,-0.4782331678974931
-0.5788149833679199,0.4361701011657715,-0.571405291557312,0.4210474193096161,-0.5993019938468933,0.5723515748977661,-0.5673433213297185
-0.4166141748428345,0.5023496150970459,-0.4383280277252197,0.45152315497398376,-0.4474338889122009,0.4645792543888092,-0.5673433213297185
-0.2869367301464081,0.5370156168937683,-0.40165990591049194,0.5365414619445801,-0.34072691202163696,0.5969012975692749,-0.31188553738779184
-0.5210278034210205,0.47623786330223083,-0.5328875780105591,0.5193014144897461,-0.612601637840271,0.5676943063735962,-0.5439423342934175
-0.4181254804134369,0.18600542843341827,-0.41410788893699646,0.5062329173088074,-0.4607410728931427,0.5681102275848389,-0.3637860061528278
-0.30470597743988037,0.49616479873657227,-0.28458771109580994,0.5261381268501282,-0.31615695357322693,0.4721279442310333,-0.17810147614512115
-0.48812785744667053,0.2651884853839874,-0.48902463912963867,0.5455914735794067,-0.48059025406837463,0.559736430644989,-0.5220283612002359
-0.3505379259586334,0.5812109112739563,-0.3627399504184723,0.5760718584060669,-0.338689923286438,0.5641036033630371,-0.3226851081391375
-0.196463942527771,0.5894851684570312,-0.1447487473487854,0.5771414637565613,-0.23479008674621582,0.6033332943916321,-0.2105934635647474
-0.4546811580657959,0.2985183894634247,-0.47689011693000793,0.7054551839828491,-0.47956618666648865,0.6985605359077454,-0.5364862514572177
-0.4502713680267334,0.6839368343353271,-0.44229045510292053,0.6755805015563965,-0.39186233282089233,0.6912928223609924,-0.36317623205264593
-0.37640923261642456,0.6897268891334534,-0.3696809709072113,0.6887996196746826,-0.32402536273002625,0.7054259777069092,-0.23669107934973807
-0.42839711904525757,0.7364653944969177,-0.4537712633609772,0.7394918203353882,-0.44204288721084595,0.729345977306366,-0.5668016031061403
-0.39492759108543396,0.20910263061523438,-0.39062976837158203,0.7518156170845032,-0.38990476727485657,0.7536812424659729,-0.37724732999000976
-0.3708634376525879,0.7405779957771301,-0.35763075947761536,0.7547292113304138,-0.3607521057128906,0.7541311979293823,-0.2358485356388072
-0.4242340624332428,0.7814818620681763,-0.5044917464256287,0.7583398222923279,-0.6741795539855957,0.7427878975868225,-0.15946547079652254
-0.9739476442337036,0.6922701001167297,-1.1783430576324463,0.6792375445365906,-1.0717095136642456,0.7005878686904907,-0.4962093169428189
-1.0776337385177612,0.7126964330673218,-1.164398193359375,0.7323199510574341,-1.0029829740524292,0.734252393245697,-1.496209316942819
-0.47465863823890686,0.6078584790229797,-0.39882904291152954,0.6125136017799377,-0.5507056713104248,0.6408977508544922,-0.20388865217693533
-0.7903992533683777,0.6520810723304749,-0.5162612199783325,0.6983278393745422,-0.7002636194229126,0.6417701244354248,-0.006607862550997468
-0.8746153712272644,0.71754390001297,-1.056951880455017,0.743649423122406,-0.43148431181907654,0.7461355924606323,-0.3601152580836957
-0.38361549377441406,0.7400227785110474,-0.16754770278930664,0.7500319480895996,-0.025300920009613037,0.7517935037612915,0.0589950935254163
0.22236788272857666,0.6110326051712036,0.2987539768218994,0.7087355852127075,0.14161211252212524,0.7063919305801392,-0.09691001300805639
-1.180232286453247,0.6588174104690552,-1.1708619594573975,0.7614540457725525,-1.190453290939331,0.6821532249450684,-1.1804560644581312
-1.245417594909668,0.6493812203407288,-1.2367585897445679,0.7343257069587708,-1.236268162727356,0.6945464015007019,-1.2218487496163564
-1.2207317352294922,0.2892442047595978,-1.268409013748169,0.735726535320282,-1.2439367771148682,0.6800273656845093,-1.2596373105057561
-1.5808863639831543,0.37140336632728577,-1.5018699169158936,0.7603841423988342,-1.5215718746185303,0.7230008840560913,-1.494850021680094
-1.6575422286987305,0.27879661321640015,-1.6032264232635498,0.7329238057136536,-1.603306770324707,0.6651620268821716,-1.585026652029182
-1.572075605392456,0.7097577452659607,-1.5654094219207764,0.685890793800354,-1.57901930809021,0.6830819845199585,-1.6989700043360187
-1.6203011274337769,0.7162818312644958,-1.6227047443389893,0.6955366730690002,-1.6096231937408447,0.701633095741272,-1.6777807052660807
-1.6627086400985718,0.299223393201828,-1.6836962699890137,0.7303236126899719,-1.7026057243347168,0.6934723854064941,-1.6989700043360187
-1.6126424074172974,0.4277445077896118,-1.6627590656280518,0.7352327704429626,-1.6797913312911987,0.7300321459770203,-1.744727494896694
-1.749767780303955,0.698062539100647,-1.7574849128723145,0.76414555311203,-1.7580265998840332,0.7415192723274231,-2.0457574905606752
-1.9508378505706787,0.6692682504653931,-1.9588758945465088,0.7420467734336853,-1.9519034624099731,0.7279314398765564,-1.853871964321762
-1.7079858779907227,0.7196275591850281,-1.7083039283752441,0.7407638430595398,-1.7226171493530273,0.7416749596595764,-1.8239087409443189
-0.7604020833969116,0.7406542301177979,-0.7909709811210632,0.7609996199607849,-0.7710120677947998,0.7433871626853943,-0.09691001300805639
-0.8006941080093384,0.167171448469162,-0.8075345754623413,0.6725981831550598,-0.7555320262908936,0.7092564702033997,-0.4145392704914993
-0.6385390758514404,0.6706910729408264,-0.6350870728492737,0.6939282417297363,-0.7564314007759094,0.7091948986053467,-0.9030899869919435
-0.6650751829147339,0.7190353870391846,-0.6541305780410767,0.6896457076072693,-0.6677016615867615,0.7357606887817383,-0.8601209135987634
-0.6695063710212708,0.7189387083053589,-0.7296018004417419,0.6755405068397522,-0.7345768809318542,0.6691976189613342,-0.645891560852599
-3.435783624649048,0.68153315782547,-3.5684123039245605,0.7384046912193298,-3.5967719554901123,0.39105167984962463,-4.0
-3.757153272628784,0.5278164744377136,-3.7860653400421143,0.5319406986236572,-3.7662079334259033,0.5199408531188965,-3.3979400086720375
-3.7227346897125244,0.6791428923606873,-3.7229013442993164,0.7380754351615906,-3.7420735359191895,0.7501786947250366,-3.552841968657781
-3.444366216659546,0.6814108490943909,-3.8129892349243164,0.5298054218292236,-3.7881829738616943,0.5175478458404541,-3.6989700043360187
-3.453815460205078,0.6814815402030945,-3.6849584579467773,0.738071620464325,-3.825373411178589,0.5141173601150513,-3.853871964321762
-3.4460530281066895,0.6829580068588257,-3.8769617080688477,0.3868911862373352,-3.898559331893921,0.5108126997947693,-4.0
-3.706892490386963,0.6847811341285706,-3.974233865737915,0.7378882765769958,-4.005699634552002,0.7501940131187439,-4.0
-3.706892490386963,0.6847811341285706,-4.008578300476074,0.5306647419929504,-4.005699634552002,0.7501940131187439,-4.0
-3.6687722206115723,0.6968602538108826,-3.514497756958008,0.5648900270462036,-3.6962053775787354,0.6372939944267273,-3.8239087409443187
-3.7613773345947266,0.6515011191368103,-3.514497756958008,0.5648900270462036,-3.767963409423828,0.6496177911758423,-3.744727494896694
-2.9679324626922607,0.7042271494865417,-3.6406326293945312,0.7475086450576782,-3.5130345821380615,0.6556315422058105,-4.0
-0.10701054334640503,0.6560835838317871,-0.3965328633785248,0.735589325428009,-0.11988002061843872,0.7106512784957886,0.10455539124051359
-0.05515557527542114,0.17940402030944824,-0.4137800633907318,0.7335329651832581,-0.049015164375305176,0.6540520787239075,-0.11407366019856895
-0.1616450548171997,0.5874700546264648,-0.44519686698913574,0.7296047806739807,-0.16895020008087158,0.6722172498703003,-0.26672246606741823
-0.36969631910324097,0.6650059819221497,-0.4082726836204529,0.6602485775947571,-0.34773504734039307,0.6302504539489746,-0.5454600150351813
-0.22163301706314087,0.5784220695495605,-0.23592448234558105,0.6688843965530396,-0.2320834994316101,0.6643377542495728,-0.19756837356927645
-0.1389046311378479,0.6950322985649109,0.028491497039794922,0.6756168007850647,-0.1254555583000183,0.6962268352508545,0.046846203945821285
-0.14640724658966064,0.7203288078308105,0.06583398580551147,0.6445587873458862,-0.10815370082855225,0.7106937170028687,0.24022465412227756
-0.15161734819412231,0.7397414445877075,-0.28955113887786865,0.735872209072113,-0.26124313473701477,0.7400832176208496,-0.22184874961635637
-0.03924059867858887,0.7380105257034302,-0.035917818546295166,0.7251488566398621,-0.027591466903686523,0.7586899995803833,-0.045757490560675115
-0.10408669710159302,0.7388954162597656,-0.08345019817352295,0.7214217782020569,0.24554443359375,0.6509090065956116,0.18184358794477254
-0.16950750350952148,0.7405788898468018,-0.15986329317092896,0.7341863512992859,0.14401620626449585,0.7451147437095642,0.4065401804339551
-1.3179680109024048,0.6961439251899719,-1.3348863124847412,0.7410005927085876,-1.327016830444336,0.7458574771881104,-2.0
-1.52723228931427,0.6818380951881409,-1.5244243144989014,0.7120773196220398,-1.519432544708252,0.7305737733840942,-1.3010299956639813
-0.9153386354446411,0.7375959753990173,-1.0255335569381714,0.7127434015274048,-0.9175271391868591,0.6608200669288635,-0.9208187539523752
-0.7551695108413696,0.7458223700523376,-0.8814876675605774,0.728411078453064,-0.7604355812072754,0.7594785690307617,-0.6989700043360187
-1.2736530303955078,0.29198402166366577,-1.2861884832382202,0.7311198711395264,-1.2763500213623047,0.6856046915054321,-1.3665315444204136
-1.1120250225067139,0.7533392310142517,-1.113344430923462,0.7265520691871643,-1.1140849590301514,0.7231101393699646,-1.2365720064370627
-1.2892615795135498,0.7183963060379028,-1.3012187480926514,0.6997972726821899,-1.2644245624542236,0.7453300356864929,-1.2596373105057561
-1.110066294670105,0.7246280908584595,-1.112851619720459,0.7158461213111877,-1.1089298725128174,0.7084667086601257,-1.0969100130080565
-1.2564268112182617,0.721851646900177,-1.2752563953399658,0.5824521780014038,-1.2617766857147217,0.6619027853012085,-1.275724130399211
-1.162672758102417,0.7297335267066956,-1.1870458126068115,0.7171719074249268,-1.1830627918243408,0.6951215267181396,-1.2441251443275085
-0.9596533179283142,0.7386811375617981,-1.01816725730896,0.6860426664352417,-0.9615371227264404,0.7007727026939392,-0.958607314841775
-1.0434588193893433,0.7300664782524109,-1.0939817428588867,0.6830021142959595,-1.0931954383850098,0.7190973162651062,-1.0705810742857071
-1.1644216775894165,0.7181679010391235,-1.1522871255874634,0.623525083065033,-1.1506104469299316,0.6668382883071899,-1.1249387366083
-0.8755890130996704,0.7322400212287903,-0.9314448833465576,0.7054936289787292,-0.8732897043228149,0.7185072302818298,-0.8239087409443188
-0.9656028747558594,0.29066014289855957,-0.9612560868263245,0.7008886933326721,-0.9771884679794312,0.7038775682449341,-0.9393021596463883
-1.0549081563949585,0.7218306660652161,-1.0158284902572632,0.7161768078804016,-1.0239968299865723,0.6836742162704468,-1.0222763947111522
-0.16992950439453125,0.5155316591262817,-0.18245655298233032,0.6880410313606262,-0.17783135175704956,0.68775874376297,-0.045757490560675115
-0.11878061294555664,0.1712535172700882,-0.110129714012146,0.720302164554596,-0.1290724277496338,0.4987333416938782,-0.1549019599857432
-0.15837520360946655,0.5023106932640076,-0.0986565351486206,0.7359038591384888,-0.12532949447631836,0.7361098527908325,-0.1549019599857432
-0.11944019794464111,0.7321630716323853,-0.0938369631767273,0.7351974844932556,-0.13936614990234375,0.6808483600616455,-0.1549019599857432
-0.23702216148376465,0.3018198013305664,-0.19717109203338623,0.7510724663734436,-0.23179024457931519,0.7377183437347412,-0.1549019599857432
-0.08480978012084961,0.5964499711990356,-0.11459153890609741,0.7474793195724487,-0.09592318534851074,0.6807218194007874,-0.1549019599857432
-0.11136281490325928,0.4960220158100128,-0.10974299907684326,0.7359685897827148,-0.11566299200057983,0.7337549328804016,-0.045757490560675115
-0.10454946756362915,0.3049093186855316,-0.10725229978561401,0.7419369220733643,-0.10712718963623047,0.7396534085273743,-0.09691001300805639
-0.3490327298641205,0.5296780467033386,-0.3818581998348236,0.5693340301513672,-0.356184184551239,0.4623682498931885,-0.36051351073141397
-0.12489199638366699,0.6749529838562012,-0.023918867111206055,0.6660705208778381,-0.19589972496032715,0.6531912088394165,0.32159843046534387
-0.7411019206047058,0.7723674178123474,-1.03055739402771,0.7313392758369446,-1.0310728549957275,0.7261170148849487,-1.2218487496163564
-0.6278098821640015,0.7403827905654907,-0.6130227446556091,0.7310046553611755,-0.5554631352424622,0.7463573813438416,0.012837224705172217
-1.098188042640686,0.7293991446495056,-1.074979543685913,0.7273284792900085,-0.7017277479171753,0.7443822622299194,-1.2218487496163564
-0.584592878818512,0.7390626072883606,-0.6560499668121338,0.7622694969177246,-0.3758470118045807,0.7460224628448486,0.0
-0.4144752323627472,0.7301093339920044,-0.7047390341758728,0.7575490474700928,-0.6783966422080994,0.7566298842430115,-1.1079053973095196
-0.7872409224510193,0.7365818619728088,-0.6361127495765686,0.7575708031654358,-0.6023500561714172,0.7565557360649109,-0.08039897621588903
-0.44976162910461426,0.7841964960098267,-0.427950918674469,0.7659451365470886,-0.46718674898147583,0.7738497257232666,-0.906578314837765
-0.6995545029640198,0.6509959101676941,-0.7262392640113831,0.7549563050270081,-0.7168052792549133,0.7448921799659729,-0.1180450286603995
-0.7421146631240845,0.4233357608318329,-0.6528899073600769,0.3567862808704376,-0.7584972977638245,0.44540637731552124,-1.1023729087095586
-1.7488549947738647,0.3105095624923706,-1.5813562870025635,0.2935064136981964,-1.791974663734436,0.2710755169391632,-2.3010299956639813
-1.4420276880264282,0.28373074531555176,-1.4349169731140137,0.24638241529464722,-1.3680367469787598,0.3121894299983978,-2.0
-1.318132996559143,0.4556926190853119,-1.1703740358352661,0.5161681175231934,-1.2132742404937744,0.40427228808403015,-1.0969100130080565
-0.7991935610771179,0.4646824896335602,-0.8736287951469421,0.41433677077293396,-0.7117920517921448,0.4427868723869324,-0.4559319556497244
-1.8882205486297607,0.30297186970710754,-1.554167628288269,0.2861263155937195,-1.7917323112487793,0.30010664463043213,-2.0
-1.6041874885559082,0.2500828802585602,-1.6450860500335693,0.3482935428619385,-1.3317621946334839,0.3043297827243805,-1.5228787452803376
-1.2652099132537842,0.45295992493629456,-1.167933464050293,0.4398880898952484,-1.1224908828735352,0.4216533899307251,-1.0969100130080565
-0.6490906476974487,0.414072185754776,-0.7553578019142151,0.44721391797065735,-0.7170736789703369,0.45591601729393005,-0.4559319556497244
-1.8218411207199097,0.29531532526016235,-1.8339554071426392,0.2881696820259094,-1.695986270904541,0.252560555934906,-1.3979400086720375
-1.5493154525756836,0.16317974030971527,-1.480485439300537,0.23925015330314636,-1.5349256992340088,0.3306095004081726,-1.154901959985743
-1.1160314083099365,0.1655624955892563,-1.0921976566314697,0.51105135679245,-1.0651402473449707,0.4537562429904938,-1.0969100130080565
-0.5437367558479309,0.4086000621318817,-0.5504847764968872,0.37607136368751526,-0.4528796374797821,0.45640185475349426,-0.4559319556497244
-1.6906617879867554,0.29212477803230286,-1.6958675384521484,0.28988203406333923,-1.424684762954712,0.33895143866539,-1.5228787452803376
-1.4096648693084717,0.23137713968753815,-1.4730358123779297,0.338946670293808,-1.406054973602295,0.2536642849445343,-1.0457574905606752
-1.0058774948120117,0.3593802750110626,-1.009964108467102,0.5094183087348938,-0.922401487827301,0.45634981989860535,-1.0969100130080565
-0.7582589387893677,0.502008855342865,-0.7268751859664917,0.5478677153587341,-0.24863868951797485,0.5659287571907043,-0.4559319556497244
-1.1796684265136719,0.21769452095031738,-1.178717017173767,0.4518543779850006,-1.0522639751434326,0.5021122694015503,-1.6989700043360187
-1.2762395143508911,0.43450167775154114,-1.4752484560012817,0.4628680646419525,-1.34767484664917,0.43642884492874146,-1.0969100130080565
-0.8797781467437744,0.5416733026504517,-0.9409757256507874,0.5073007941246033,-1.08119797706604,0.5202812552452087,-1.0969100130080565
-1.3176084756851196,0.7259256839752197,-1.314049243927002,0.7615950107574463,-1.2279170751571655,0.7378358840942383,-1.5228787452803376
-1.412567377090454,0.7306666374206543,-1.4020280838012695,0.7580545544624329,-1.3050909042358398,0.7514930963516235,-1.5228787452803376
-1.4477934837341309,0.3884284198284149,-1.3855648040771484,0.6938297748565674,-1.4141281843185425,0.7083278298377991,-1.5686362358410126
-1.351058006286621,0.7713693380355835,-1.3474905490875244,0.7520929574966431,-1.3806605339050293,0.7410507202148438,-1.3010299956639813
-1.498064398765564,0.7743585109710693,-1.490721344947815,0.7504051327705383,-1.4733558893203735,0.7359932661056519,-1.4559319556497243
-1.646193027496338,0.6192864179611206,-1.5609025955200195,0.6731588840484619,-1.7123204469680786,0.6970819234848022,-1.6382721639824072
-1.0893769264221191,0.4423586428165436,-1.1646372079849243,0.7627795934677124,-1.1902005672454834,0.7441338300704956,-1.1079053973095196
-1.2681958675384521,0.5452448725700378,-1.2735652923583984,0.7607937455177307,-1.2636117935180664,0.7257029414176941,-1.4685210829577449
-1.4474523067474365,0.775291383266449,-1.7251372337341309,0.6624427437782288,-1.451393723487854,0.7313451170921326,-1.6989700043360187
-1.4547333717346191,0.7200326323509216,-1.4472510814666748,0.731953501701355,-1.2349613904953003,0.7393903136253357,-1.4202164033831899
-1.5459952354431152,0.7074621915817261,-1.4648993015289307,0.743665337562561,-1.3707847595214844,0.752276599407196,-1.5528419686577808
-1.7397260665893555,0.7698364853858948,-1.7741546630859375,0.6946743726730347,-1.755936622619629,0.7261336445808411,-1.585026652029182
-0.5442990064620972,0.6964057087898254,-0.7322144508361816,0.7116705775260925,-0.4272764027118683,0.7149991989135742,-0.2915790998652873
-0.8882070183753967,0.17925933003425598,-0.8841872811317444,0.6311608552932739,-0.8830166459083557,0.6074722409248352,-1.0457574905606752
-0.952301561832428,0.6298693418502808,-0.9512920379638672,0.6378622055053711,-0.9347217082977295,0.6155683994293213,-0.9208187539523752
-0.948927104473114,0.60801100730896,-0.9461908340454102,0.6364331841468811,-0.9516355991363525,0.6732786893844604,-0.8696662315049939
-0.9426372051239014,0.6196292042732239,-0.9746184349060059,0.630059540271759,-0.9075373411178589,0.5608187913894653,-0.8728952016351923
-0.9340322613716125,0.6241686940193176,-0.9321353435516357,0.6330118179321289,-0.8811293244361877,0.6665134429931641,-0.7695510786217261
-0.8461374640464783,0.6086305975914001,-0.6503744721412659,0.6011449098587036,-0.7205826044082642,0.5977218747138977,-0.744727494896694
-0.7267395257949829,0.6127650737762451,-0.6749683618545532,0.6579205393791199,-0.6874235272407532,0.6256183981895447,-0.638272163982407
-0.5321736335754395,0.2979162931442261,-0.48083359003067017,0.605490505695343,-0.5274014472961426,0.6328908205032349,-0.6020599913279624
-0.025130748748779297,0.6389214396476746,-0.009969949722290039,0.6691136360168457,-0.026639044284820557,0.6616753339767456,0.07483398754248842
-0.057598769664764404,0.1952001303434372,-0.07509559392929077,0.6687779426574707,-0.07700109481811523,0.6614177227020264,-0.07456877754272212
-0.3743968605995178,0.6311348676681519,-0.38534030318260193,0.6521388292312622,-0.4245205223560333,0.6601603031158447,-0.39621278437488217
-0.8875557780265808,0.4486318826675415,-0.88641357421875,0.6730018258094788,-0.7875765562057495,0.6917765140533447,-0.6624808401530248
-0.8013767600059509,0.7428956627845764,-0.8597122430801392,0.7602591514587402,-0.7651559114456177,0.7470492720603943,-0.36705503314702814
-0.6460200548171997,0.7339598536491394,-0.6315345764160156,0.7497981190681458,-0.6146864295005798,0.7564921975135803,-0.18908766448515754
-0.7772355079650879,0.6998445391654968,-0.7342970371246338,0.5291351675987244,-0.7308437824249268,0.679529070854187,-0.619788758288394
-0.5636581778526306,0.5457878708839417,-0.613768994808197,0.7280275821685791,-0.6320801377296448,0.6727949976921082,-0.5528419686577808
-0.5365996360778809,0.23388245701789856,-0.5708279609680176,0.7329130172729492,-0.578774094581604,0.6734628081321716,-0.5228787452803376
-0.6388713121414185,0.4937029480934143,-0.6416826844215393,0.7391610741615295,-0.6481833457946777,0.7384547591209412,-0.7958800173440752
-0.5723270177841187,0.5439154505729675,-0.6169687509536743,0.727630078792572,-0.6321359872817993,0.6717920303344727,-0.721246399047171
-0.5373920798301697,0.34238195419311523,-0.5371697545051575,0.5614985227584839,-0.5894706845283508,0.7303701639175415,-0.6777807052660807
-0.8205186128616333,0.700223445892334,-0.764591634273529,0.4673989713191986,-0.7441322803497314,0.6667879819869995,-0.6575773191777937
-0.7319931387901306,0.6793841123580933,-0.7433691024780273,0.7535399198532104,-0.7260962724685669,0.6264464855194092,-0.619788758288394
-0.5714832544326782,0.600383460521698,-0.6167221069335938,0.4886326491832733,-0.5927392244338989,0.7429587841033936,-0.5528419686577808
-1.4093942642211914,0.20662671327590942,-1.4151628017425537,0.6639833450317383,-1.4005811214447021,0.582125723361969,-1.3010299956639813
-1.0610501766204834,0.7237921953201294,-2.5658156871795654,0.6799306273460388,-2.581982135772705,0.6987413763999939,-2.661543506395395
-1.7324461936950684,0.3573746681213379,-1.7060531377792358,0.41993531584739685,-1.7458226680755615,0.648241400718689,-1.6989700043360187
-1.5819299221038818,0.7396541833877563,-1.3086131811141968,0.6729704141616821,-1.3935894966125488,0.7421731352806091,-1.3979400086720375
-1.7043261528015137,0.4928840100765228,-2.0474510192871094,0.49438828229904175,-1.9440348148345947,0.5349153876304626,-1.5228787452803376
-1.845733642578125,0.5559812784194946,-1.998671054840088,0.4057907164096832,-1.8585548400878906,0.5261173844337463,-1.5228787452803376
-1.849954605102539,0.5555891394615173,-1.705265760421753,0.44592827558517456,-1.8609589338302612,0.5255418419837952,-2.0
-1.462810754776001,0.22177445888519287,-1.4945101737976074,0.710246741771698,-1.517627477645874,0.6526151895523071,-1.3979400086720375
-1.4467860460281372,0.4341904819011688,-1.408895492553711,0.6769067645072937,-1.4508068561553955,0.6535801291465759,-1.3010299956639813
-1.6289299726486206,0.4797534644603729,-1.5944528579711914,0.3252442181110382,-1.642413854598999,0.5083379149436951,-2.0
-1.2913343906402588,0.6258297562599182,-1.290930986404419,0.561377763748169,-1.279041051864624,0.6194877028465271,-1.5228787452803376
-1.75645112991333,0.5182325839996338,-1.8567183017730713,0.6309933066368103,-1.8841321468353271,0.652208149433136,-2.0
-1.101567029953003,0.7228283286094666,-2.5823163986206055,0.6747438907623291,-2.6024274826049805,0.7118246555328369,-2.6903698325741012
-1.7319328784942627,0.6749789118766785,-1.6284935474395752,0.6870874166488647,-1.7024765014648438,0.6677926182746887,-2.0
-1.3716721534729004,0.473431795835495,-1.3714470863342285,0.6902411580085754,-1.5550308227539062,0.47726479172706604,-1.5228787452803376
-1.210676670074463,0.5461443066596985,-1.2065105438232422,0.6876847743988037,-1.288446068763733,0.6898266077041626,-1.0457574905606752
-1.5267248153686523,0.5472410321235657,-1.3544559478759766,0.7366541624069214,-1.2838282585144043,0.7395738959312439,-2.0
-1.4952278137207031,0.576398491859436,-1.5442042350769043,0.44336673617362976,-1.519989252090454,0.48636433482170105,-1.3010299956639813
-0.7396407723426819,0.6577555537223816,-0.8623937368392944,0.6179822087287903,-0.8568724393844604,0.5973087549209595,-0.5528419686577808
-1.1368721723556519,0.7270328402519226,-2.3949544429779053,0.6797269582748413,-2.0460946559906006,0.7200241684913635,-2.0
-0.4615987241268158,0.5499193072319031,-0.42968839406967163,0.6924628615379333,-0.5185750722885132,0.6814311742782593,-0.431798275933005
-0.9598848223686218,0.6200031042098999,-0.8477816581726074,0.6753013134002686,-0.8085275888442993,0.6783765554428101,-1.1307682802690238
-1.0199142694473267,0.30320438742637634,-1.052380084991455,0.6470860838890076,-0.9314146041870117,0.6705608367919922,-0.7099653886374819
-0.13820809125900269,0.7500119805335999,0.11655300855636597,0.7290518283843994,0.03884357213973999,0.7064524292945862,-1.6020599913279623
0.06016618013381958,0.7459452152252197,0.06004917621612549,0.7349676489830017,0.06313115358352661,0.5735659599304199,0.24608452348596643
-0.48882707953453064,0.37098273634910583,-0.4835185706615448,0.7292753458023071,-0.48678305745124817,0.7324560284614563,-0.5772050430229445
-0.37982177734375,0.7440261244773865,-0.39476248621940613,0.6923159956932068,-0.3901255428791046,0.7461581230163574,-0.3507089624485719
-0.12131720781326294,0.637897253036499,-0.1166796088218689,0.7130422592163086,-0.11802637577056885,0.712216854095459,-0.16198694355870663
0.08530253171920776,0.6839022636413574,0.09172016382217407,0.7538636326789856,0.08606618642807007,0.5362426042556763,0.053245595471386686
0.07825005054473877,0.18060533702373505,0.09178811311721802,0.7108713388442993,0.09644114971160889,0.7042633295059204,0.05137096588066842
-0.24096548557281494,0.3055479824542999,-0.25416314601898193,0.6667712330818176,-0.2500588595867157,0.7455185651779175,-0.21148306001705308
-0.5014462471008301,0.7452694773674011,-0.49096155166625977,0.7479997277259827,-0.4897100031375885,0.6840552687644958,-0.8054246114267724
-0.7385531663894653,0.7406494617462158,-0.7431180477142334,0.7652263641357422,-0.7783634662628174,0.7502756118774414,-1.0457574905606752
-0.7639113664627075,0.7422578930854797,-0.7431119680404663,0.7652263641357422,-0.7590556740760803,0.7568842768669128,-0.9208187539523752
-0.7016252279281616,0.7448240518569946,-0.23796790838241577,0.7498555779457092,-0.3320469260215759,0.7606106996536255,-1.0969100130080565
-0.7016252279281616,0.7448240518569946,-0.615827202796936,0.7542455196380615,-0.6130541563034058,0.6909762620925903,-0.3279021420642826
-0.7016252279281616,0.7448240518569946,-0.7124007940292358,0.7352830767631531,-0.3320469260215759,0.7606106996536255,-0.13076828026902382
-1.323730707168579,0.5581552386283875,-1.186410665512085,0.5172125101089478,-1.344015121459961,0.4866941571235657,-1.431798275933005
-1.2357572317123413,0.4865424335002899,-1.1119991540908813,0.5325978398323059,-1.232737421989441,0.6493706107139587,-1.2676062401770314
-1.0605075359344482,0.5138012766838074,-1.0702701807022095,0.4872910678386688,-1.0638166666030884,0.5733909606933594,-1.0362121726544447
-0.905706524848938,0.5808240175247192,-0.9757544994354248,0.6049404740333557,-0.9466055035591125,0.5781617760658264,-0.8601209135987634
-0.4921628534793854,0.4516246020793915,-0.514690101146698,0.7242087721824646,-0.5144331455230713,0.7262340188026428,-0.4416731044404668
-0.33691510558128357,0.35610824823379517,-0.3447427749633789,0.3329639434814453,-0.3436237871646881,0.39635178446769714,-0.26896109822633824
-0.19231075048446655,0.3434300124645233,-0.20954149961471558,0.34032511711120605,-0.20329254865646362,0.714371919631958,-0.1747738725181171
-0.12918484210968018,0.39523792266845703,-0.14029890298843384,0.419368177652359,-0.12806397676467896,0.4160916209220886,-0.07297525930573517
-0.5486258864402771,0.35647380352020264,-0.5423938632011414,0.3875337243080139,-0.5487844944000244,0.4157569408416748,-0.6202957309755527
-0.4154311418533325,0.1896427571773529,-0.39626044034957886,0.7223696708679199,-0.43357381224632263,0.3331795036792755,-0.4416731044404668
-0.27893269062042236,0.184530109167099,-0.2490827441215515,0.7177895307540894,-0.2793285846710205,0.7100101709365845,-0.3192666411494966
-0.17004317045211792,0.42021018266677856,-0.16503286361694336,0.7182174921035767,-0.15334206819534302,0.3839097023010254,-0.20590948330553177
-0.6474788784980774,0.42240774631500244,-0.6914925575256348,0.7351004481315613,-0.6624523401260376,0.3747112452983856,-0.6772020316536124
-0.5198492407798767,0.19352708756923676,-0.5123792290687561,0.7324926853179932,-0.523797869682312,0.2868483066558838,-0.512848892949376
-0.36665207147598267,0.31414633989334106,-0.3764733672142029,0.2862517833709717,-0.365274041891098,0.3289485573768616,-0.376171003333255
-0.2534092366695404,0.37877029180526733,-0.29584363102912903,0.7331448197364807,-0.266452819108963,0.39673033356666565,-0.22388310982803264
-0.6867401003837585,0.5698447227478027,-0.7025194764137268,0.5443665385246277,-0.7116561532020569,0.5483185648918152,-0.7229595222142875
-0.5646395683288574,0.5012273192405701,-0.5553143620491028,0.5434947609901428,-0.5910845398902893,0.738132894039154,-0.5699910938903194
-0.40199992060661316,0.49767494201660156,-0.3931615650653839,0.54123455286026,-0.4657638967037201,0.7370951175689697,-0.4171301897533445
-0.3387923538684845,0.5374787449836731,-0.39201298356056213,0.7220852971076965,-0.3744478225708008,0.7404211759567261,-0.258899636731723
-0.5409513115882874,0.7095333933830261,-0.6233786344528198,0.7405717968940735,-0.6147870421409607,0.7572537660598755,-0.7851058402620318
-0.4728401303291321,0.6996594071388245,-0.7578551173210144,0.7341392040252686,-0.5951648950576782,0.7317232489585876,-0.5436628195606764
-0.4282015860080719,0.7353394031524658,-0.7327742576599121,0.7388562560081482,-0.5028738975524902,0.7261205315589905,-0.41238331068187045
-0.3663977086544037,0.7735614776611328,-0.7194206118583679,0.7442129254341125,-0.4739527702331543,0.7300629615783691,-0.315473297673814
-0.9027001857757568,0.7382920384407043,-0.853507399559021,0.763290524482727,-0.9514877796173096,0.7535728812217712,1.0791812460476249
-1.0772737264633179,0.7373964190483093,-1.0900533199310303,0.7585086226463318,-1.0527064800262451,0.4507173001766205,-0.8950590287059912
-1.0474979877471924,0.7283344864845276,-1.004380464553833,0.6908143162727356,-1.0370309352874756,0.7386519908905029,-1.3802077673696482
-1.108994960784912,0.7371680736541748,-1.1170310974121094,0.7583271265029907,-1.0550554990768433,0.5207315683364868,-1.019237844767115
-0.7974566221237183,0.7336095571517944,-0.7878201007843018,0.7044210433959961,-0.8472563028335571,0.7113050222396851,-0.9293453190375998
-0.8287455439567566,0.7397688031196594,-0.8868951797485352,0.6989826560020447,-0.747962236404419,0.7198808193206787,-0.6376438358473397
-1.066062092781067,0.21700885891914368,-1.1473195552825928,0.7587161660194397,-1.1497482061386108,0.7176561951637268,-1.1249387366083
-1.0853233337402344,0.3309900164604187,-1.2704877853393555,0.6856595873832703,-1.2951706647872925,0.7207034230232239,-1.2952748095837496
-1.0471073389053345,0.5330342054367065,-1.2535369396209717,0.7611631751060486,-1.2684707641601562,0.5863122344017029,-1.56331269864241
-0.11997771263122559,0.6335601210594177,-0.14093738794326782,0.6399489045143127,-0.14540672302246094,0.7322098612785339,-0.08671609823958155
-0.15102148056030273,0.6719123125076294,-0.13632100820541382,0.7134544253349304,-0.13410300016403198,0.6305306553840637,-0.15366288787019475
-0.24573057889938354,0.22327405214309692,-0.25131309032440186,0.5937461853027344,-0.2223196029663086,0.7298968434333801,-0.24641694110709347
-0.7326770424842834,0.745793879032135,-0.7134336829185486,0.7566628456115723,-0.7320808172225952,0.7567696571350098,-0.8216879456873214
-0.6933760046958923,0.7436414361000061,-0.7914330363273621,0.7602037191390991,-0.7054527997970581,0.7488882541656494,-0.76275796001577
-0.6755474209785461,0.7724723815917969,-0.675564169883728,0.7478887438774109,-0.6198063492774963,0.7035743594169617,-0.5118837952735734
-0.5948342084884644,0.5584003925323486,-0.7626160383224487,0.7409642934799194,-0.8143367171287537,0.7431060671806335,-0.524373841197004
-0.37818750739097595,0.5797128081321716,-0.5342321395874023,0.6260767579078674,-0.7573075294494629,0.732733964920044,-0.43046925762642946
-0.3915894031524658,0.6549105048179626,-0.3858727216720581,0.6074625253677368,-0.34118667244911194,0.6268131732940674,-0.3475302820980142
-0.34429582953453064,0.6426960229873657,-0.33458757400512695,0.5813648700714111,-0.3087626099586487,0.5249218940734863,-0.34579360742080123
-0.6645828485488892,0.6188727617263794,-0.5546462535858154,0.6862124800682068,-0.5307874083518982,0.6734117269515991,-0.26146360265571295
-0.37243831157684326,0.7157562971115112,-0.33655983209609985,0.5888934135437012,-0.3499470055103302,0.7306652665138245,-0.3467874862246563
-0.6001896858215332,0.7374135255813599,-0.574982762336731,0.7176141142845154,-0.6102854013442993,0.7401557564735413,-0.4225082001627747
-1.9968852996826172,0.6577014923095703,-2.0953664779663086,0.677859902381897,-2.0319838523864746,0.6180216073989868,-2.6989700043360187
-2.19616961479187,0.6309038400650024,-2.2124757766723633,0.48035070300102234,-2.3013360500335693,0.6221295595169067,-2.154901959985743
-2.279123306274414,0.16351598501205444,-2.1126956939697266,0.6754845380783081,-2.268885850906372,0.6202985644340515,-1.8860566476931633
-2.0197815895080566,0.655164897441864,-2.155571222305298,0.7234588861465454,-2.177760601043701,0.43412938714027405,-2.0969100130080562
-2.2285561561584473,0.1664915233850479,-2.1227877140045166,0.6737452745437622,-2.082944393157959,0.6155422925949097,-1.958607314841775
-2.0083892345428467,0.5917606353759766,-2.0009799003601074,0.7247440814971924,-2.008460521697998,0.7242965698242188,-2.154901959985743
-1.9461524486541748,0.6470286846160889,-1.948754072189331,0.6384053826332092,-2.0810275077819824,0.6401223540306091,-2.0
-0.8023638129234314,0.3240506947040558,-0.8649635910987854,0.3493395447731018,-0.7844516038894653,0.35202720761299133,-0.9867413347164835
-0.8982869386672974,0.15596210956573486,-0.9117459058761597,0.31132444739341736,-0.8992515206336975,0.3218311667442322,-1.1354889189416082
-1.0227069854736328,0.15997569262981415,-1.093104600906372,0.27285686135292053,-1.0627202987670898,0.27483099699020386,-1.2700257143004443
-1.2843422889709473,0.1586483269929886,-1.2760944366455078,0.2709333300590515,-1.2697324752807617,0.24279925227165222,-1.5030703519267852
-1.4419386386871338,0.5390412211418152,-1.462634801864624,0.5571960210800171,-1.4282116889953613,0.5483251810073853,-1.5451551399914898
-0.6342978477478027,0.2066509872674942,-0.6461488604545593,0.3780173361301422,-0.6450726389884949,0.38034960627555847,-0.585026652029182
-0.64145427942276,0.32313796877861023,-0.6410422921180725,0.3294431269168854,-0.6246355175971985,0.5483765602111816,-0.638272163982407
-0.6647029519081116,0.25834259390830994,-0.6847646236419678,0.26951101422309875,-0.6601328253746033,0.5283104777336121,-0.6989700043360187
-0.7423776388168335,0.21124078333377838,-0.8086482882499695,0.38534700870513916,-0.7293907999992371,0.5080873966217041,-0.7061956400806633
-0.7664576768875122,0.21340276300907135,-0.8086482882499695,0.38534700870513916,-0.7563620805740356,0.18583977222442627,-0.6252516539898961
-0.6283391714096069,0.2988695800304413,-0.7173221707344055,0.4076746106147766,-0.6211395263671875,0.2528504729270935,-0.6989700043360187
-0.7885377407073975,0.2835513949394226,-0.7838498950004578,0.2660366892814636,-0.7884749174118042,0.5315427184104919,-0.8860566476931632
-0.674826443195343,0.24594104290008545,-0.7173221707344055,0.4076746106147766,-0.6628357768058777,0.2838541567325592,-0.596879478824182
-0.8588557243347168,0.2825605571269989,-0.8722934126853943,0.4139707684516907,-0.8127853870391846,0.3033093214035034,-0.7958800173440752
-0.8852484226226807,0.5433869957923889,-0.8609976768493652,0.6190400719642639,-0.8736181259155273,0.6664571762084961,-0.9208187539523752
-0.7052960991859436,0.15923342108726501,-0.721583366394043,0.20970234274864197,-0.7196000814437866,0.24126023054122925,-0.832682665251824
-0.651649534702301,0.4141766130924225,-0.6255539655685425,0.44049471616744995,-0.611461877822876,0.4284211993217468,-0.5686362358410126
-0.5697643756866455,0.4413488209247589,-0.6255539655685425,0.44049471616744995,-0.611461877822876,0.4284211993217468,-0.6575773191777937
-0.6666480898857117,0.19824853539466858,-0.7345356941223145,0.40456026792526245,-0.6880220174789429,0.5093965530395508,-0.6989700043360187
-0.6393088698387146,0.36041271686553955,-0.6131844520568848,0.39870262145996094,-0.6319283843040466,0.35577383637428284,-0.638272163982407
-0.5511497259140015,0.5016621351242065,-0.559303879737854,0.49443957209587097,-0.5580727458000183,0.5094236731529236,-0.5686362358410126
-0.5591563582420349,0.30256450176239014,-0.5600685477256775,0.6203101277351379,-0.5532717108726501,0.6106280088424683,-0.4814860601221125
-0.8303009271621704,0.5452437400817871,-0.7844976782798767,0.5395907163619995,-0.7846441268920898,0.5268625020980835,-0.8239087409443188
-0.4106031358242035,0.6018671989440918,-0.3817313015460968,0.5396966338157654,-0.35868731141090393,0.5684009194374084,-0.4814860601221125
0.03451716899871826,0.7150862216949463,0.0666094422340393,0.7440546751022339,0.061947762966156006,0.7100095748901367,0.1457587283907783
0.058956682682037354,0.696668267250061,0.11056268215179443,0.711737334728241,0.07700300216674805,0.7351351380348206,0.09483713737486861
-0.020094692707061768,0.6614458560943604,-0.018850982189178467,0.7417828440666199,-0.028796911239624023,0.6157363057136536,0.021189299069938092
-0.0239599347114563,0.7164223790168762,-0.04834485054016113,0.547980785369873,-0.0620807409286499,0.7351887226104736,-0.040958607678906384
-0.12966740131378174,0.29686012864112854,-0.14683765172958374,0.6210126280784607,-0.1773139238357544,0.7393860220909119,-0.07058107428570727
-0.02582913637161255,0.694426953792572,0.08329403400421143,0.7119441032409668,-0.007032036781311035,0.7350428104400635,-0.07918141976545234
-0.19180142879486084,0.7205628156661987,-0.046976447105407715,0.7209330201148987,-0.21069186925888062,0.7348709106445312,-0.3740509819413798
-1.0756088495254517,0.720775842666626,-1.2811102867126465,0.7181186676025391,-1.2112228870391846,0.7123587727546692,-0.4814860601221125
-1.0182737112045288,0.7051696181297302,-0.9143477082252502,0.7317179441452026,-1.171442985534668,0.7037407159805298,-0.6020599913279624
0.023338794708251953,0.46858981251716614,0.05830216407775879,0.453497052192688,0.055689215660095215,0.4195181429386139,0.20411998265592482
0.06661134958267212,0.1634145826101303,0.0632624626159668,0.427151620388031,0.09427058696746826,0.4742029309272766,0.146128035678238
0.06923741102218628,0.49072951078414917,0.0023120641708374023,0.4450116753578186,0.043946683406829834,0.46846339106559753,0.0
-0.07335394620895386,0.40212032198905945,-0.05649459362030029,0.4193158745765686,-0.040029942989349365,0.4346316456794739,-0.09691001300805639
-0.5943220853805542,0.513270914554596,-0.606216311454773,0.48779013752937317,-0.4491064250469208,0.5385028123855591,-0.5228787452803376
-0.967600405216217,0.7002894282341003,-1.0495072603225708,0.7328348159790039,-0.8309570550918579,0.7098713517189026,-0.10790539730951959
-1.0408623218536377,0.5956737399101257,-1.1164937019348145,0.6548264026641846,-0.58792644739151,0.736387312412262,-1.2441251443275085
-0.7515981793403625,0.7845404744148254,-0.7436085939407349,0.7610453367233276,-0.7544321417808533,0.7433901429176331,-1.3010299956639813
-0.44892004132270813,0.5139011740684509,-0.8095154762268066,0.5805801153182983,-0.87669837474823,0.6250251531600952,-0.25181197299379954
-0.17578822374343872,0.46268150210380554,-0.06272000074386597,0.4618496298789978,-0.2725049555301666,0.47153240442276,-0.10237290870955855
-0.3043006360530853,0.3786013126373291,-0.23327124118804932,0.355888694524765,-0.2595048248767853,0.3890281319618225,-0.09691001300805639
-0.2300538420677185,0.3509448766708374,-0.280202716588974,0.43616756796836853,-0.31622716784477234,0.4981892704963684,-0.1938200260161128
-0.5247381925582886,0.3893933892250061,-0.47896698117256165,0.41336631774902344,-0.4968613386154175,0.4961344301700592,-0.2076083105017461
-0.30436939001083374,0.485922634601593,-0.2744762897491455,0.45415112376213074,-0.3248811960220337,0.6244491338729858,-0.3979400086720376
-0.4753018617630005,0.4819827675819397,-0.5151402354240417,0.44965729117393494,-0.5254826545715332,0.4670272767543793,-0.5228787452803376
-0.1867186427116394,0.5964781641960144,-0.16053885221481323,0.5583897233009338,-0.2177811861038208,0.5724012851715088,-0.2839966563652008
-0.6933758854866028,0.25308892130851746,-0.7092285752296448,0.5450678467750549,-0.7244417667388916,0.6584824919700623,-0.6989700043360187
-0.15601825714111328,0.37206894159317017,-0.13101261854171753,0.3875054121017456,-0.14381128549575806,0.41691654920578003,-0.08618614761628333
-0.3391224145889282,0.1908075362443924,-0.3547632694244385,0.38891100883483887,-0.3455662727355957,0.6037919521331787,-0.3010299956639812
-0.49015289545059204,0.47489282488822937,-0.4983687698841095,0.5818687081336975,-0.508229672908783,0.5940355658531189,-0.6020599913279624
0.040108680725097656,0.5417953133583069,-0.024787604808807373,0.5660989880561829,-0.030706346035003662,0.5370322465896606,0.0
0.11506128311157227,0.34570321440696716,0.10949832201004028,0.3894522488117218,0.11671274900436401,0.39481112360954285,0.11058971029924897
-0.08667051792144775,0.3363475799560547,-0.08270639181137085,0.41095468401908875,-0.06916928291320801,0.46698498725891113,-0.1549019599857432
0.22461891174316406,0.5019031763076782,0.20576953887939453,0.5534500479698181,0.20497751235961914,0.5189141631126404,0.25527250510330607
-0.3977019786834717,0.49498796463012695,-0.38712674379348755,0.4801691174507141,-0.37773630023002625,0.6351763010025024,-0.3010299956639812
0.3156983256340027,0.40410104393959045,0.3285965919494629,0.3911901116371155,0.24808698892593384,0.6214964389801025,0.30319605742048883
0.08066624402999878,0.3849621117115021,0.08705395460128784,0.37225809693336487,0.11777859926223755,0.4868687689304352,0.07918124604762482
0.4120045304298401,0.5416063070297241,0.4088411331176758,0.5207988023757935,0.29297059774398804,0.6555909514427185,0.414973347970818
-0.10524487495422363,0.19935879111289978,-0.16275817155838013,0.5977920293807983,-0.11892515420913696,0.5321298837661743,-0.1870866433571444
0.44210004806518555,0.4735517203807831,0.3623868227005005,0.508227527141571,0.2952952980995178,0.649702787399292,0.47712125471966244
0.4513093829154968,0.5777201056480408,0.41844046115875244,0.5870248079299927,0.29243916273117065,0.6767132878303528,0.5314789170422551
0.24058938026428223,0.4839009642601013,0.19371366500854492,0.48538509011268616,0.17151951789855957,0.6412156820297241,0.25527250510330607
-0.07680553197860718,0.5771172046661377,-0.050617992877960205,0.6322494745254517,-0.09265440702438354,0.6258472800254822,0.06069784035361165
-1.095497488975525,0.625557005405426,-1.0027297735214233,0.6093708872795105,-1.1047391891479492,0.6008111834526062,-1.3979400086720375
-1.1736074686050415,0.6065710186958313,-1.0158319473266602,0.607677161693573,-1.188965082168579,0.6535238027572632,-1.2365720064370627
-1.3377162218093872,0.1813194453716278,-1.2232747077941895,0.6541550159454346,-1.2176817655563354,0.6647717952728271,-1.0655015487564323
-1.4202191829681396,0.21969689428806305,-1.2599132061004639,0.5893535017967224,-1.2946494817733765,0.6104666590690613,-1.0604807473813815
-1.7603332996368408,0.6461666226387024,-1.908180594444275,0.7428547143936157,-1.7440093755722046,0.6674603223800659,-1.7911288617530743
-1.8580970764160156,0.19443641602993011,-1.9293493032455444,0.7411435842514038,-1.8590202331542969,0.7274324297904968,-1.8072096028793474
-1.717092752456665,0.7102002501487732,-1.9117792844772339,0.7431709170341492,-1.9023609161376953,0.7257518768310547,-1.8954787473816714
-1.5030033588409424,0.7257397174835205,-1.677994966506958,0.7436220049858093,-1.7127418518066406,0.7171676158905029,-1.9348686278597902
-1.0480241775512695,0.3778059482574463,-1.070303201675415,0.746016800403595,-1.0161612033843994,0.7173388004302979,-1.1135092748275182
-1.0433449745178223,0.6780535578727722,-1.0815114974975586,0.7339557409286499,-0.9936426877975464,0.7142807841300964,-1.0861861476162833
-1.0493590831756592,0.7220245003700256,-1.0459105968475342,0.7376269698143005,-1.049973487854004,0.7182328104972839,-0.9281179926938746
-1.1290699243545532,0.695555567741394,-1.0321050882339478,0.7601330280303955,-1.076601266860962,0.7014132142066956,-1.1870866433571443
-1.1847636699676514,0.38246336579322815,-1.0320589542388916,0.7593234181404114,-1.0854747295379639,0.6986181735992432,-1.1249387366083
-0.9219970703125,0.7455639243125916,-0.8925095796585083,0.7667055130004883,-0.9026201367378235,0.7480239272117615,-1.1804560644581312
-0.8616517782211304,0.7200891375541687,-0.7624832987785339,0.7610364556312561,-0.7679350972175598,0.7754415273666382,-1.275724130399211
-0.8775309324264526,0.740620493888855,-0.8606246709823608,0.7501665353775024,-0.7420365214347839,0.775457501411438,-1.2924298239020637
-1.1149170398712158,0.7166866064071655,-1.105503797531128,0.5371359586715698,-1.079431414604187,0.6951732039451599,-1.1611509092627446
-1.0872150659561157,0.7227093577384949,-1.0665850639343262,0.7585515379905701,-1.0570168495178223,0.7686174511909485,-0.9913998282380825
-1.0444111824035645,0.7136738300323486,-1.0676395893096924,0.7591609358787537,-1.0023410320281982,0.7045645117759705,-1.0861861476162833
-1.1377595663070679,0.7134243249893188,-1.123329997062683,0.7461481690406799,-1.118614912033081,0.7138065695762634,-1.193820026016113
-1.1317912340164185,0.7239913940429688,-1.0661969184875488,0.6938880085945129,-1.0210216045379639,0.7156938910484314,-1.0506099933550872
-0.9090989232063293,0.7109556794166565,-0.9011096954345703,0.7494876980781555,-0.9372321963310242,0.7747806310653687,-1.1426675035687315
-0.9102641344070435,0.744962215423584,-0.7602208256721497,0.7610200047492981,-0.7513449192047119,0.775455892086029,-1.1804560644581312
-0.9096177220344543,0.747062623500824,-0.8953689336776733,0.757591724395752,-0.7420310974121094,0.775457501411438,-1.2006594505464183
-0.4425343871116638,0.39772912859916687,-0.5743324756622314,0.3594910204410553,-0.4702233672142029,0.3630503714084625,-0.6020599913279624
-0.35565185546875,0.3005343973636627,-0.4644480347633362,0.2519029378890991,-0.39720770716667175,0.298213928937912,-0.3467874862246563
-0.21043753623962402,0.2700197994709015,-0.23499935865402222,0.23844966292381287,-0.22078746557235718,0.27313315868377686,-0.1549019599857432
-0.07895570993423462,0.3947766125202179,-0.05214184522628784,0.39940038323402405,-0.08780324459075928,0.34190064668655396,0.0
-0.4794522225856781,0.3841360807418823,-0.5757723450660706,0.5801095366477966,-0.5166506767272949,0.3522292375564575,-0.6989700043360187
-0.47991812229156494,0.22339724004268646,-0.4055618643760681,0.23068082332611084,-0.4890470802783966,0.23549053072929382,-0.4559319556497244
-0.3020460605621338,0.28066200017929077,-0.28750261664390564,0.5406593084335327,-0.3005948066711426,0.23991653323173523,-0.23657200643706278
-0.15612047910690308,0.17083284258842468,-0.16613882780075073,0.3167575001716614,-0.12338250875473022,0.3955855369567871,-0.09691001300805639
-0.7092875242233276,0.3044717013835907,-0.6500524282455444,0.5784400701522827,-0.6599944233894348,0.2992018163204193,-0.6020599913279624
-0.5009154081344604,0.25523775815963745,-0.4842056334018707,0.2096845656633377,-0.5174775123596191,0.27476903796195984,-0.744727494896694
-0.43435603380203247,0.26691073179244995,-0.4201315641403198,0.5387991666793823,-0.4240305721759796,0.23955173790454865,-0.42021640338318983
-0.3282638192176819,0.3936777114868164,-0.34347909688949585,0.36064544320106506,-0.33091217279434204,0.34397396445274353,-0.22184874961635637
-0.8470635414123535,0.6593009829521179,-0.9073872566223145,0.6781867742538452,-0.9101341962814331,0.6950777769088745,-0.6989700043360187
-0.7185596823692322,0.7401624321937561,-0.7461153864860535,0.7479000091552734,-0.7685738801956177,0.745900571346283,-1.0
-0.7746200561523438,0.7464025616645813,-0.7813311219215393,0.7571166157722473,-0.8301223516464233,0.7388599514961243,-0.9208187539523752
-0.978761613368988,0.4004596471786499,-0.9680542945861816,0.5951027274131775,-0.8970509171485901,0.4180750548839569,-0.6989700043360187
-0.8281537294387817,0.18355093896389008,-0.804746687412262,0.40656909346580505,-0.8405649065971375,0.4278123080730438,-0.8538719643217619
-0.9066103100776672,0.739181637763977,-1.208760142326355,0.7482910752296448,-0.9046329259872437,0.7329460978507996,-0.7958800173440752
-1.058890700340271,0.3268676996231079,-1.0638928413391113,0.5667511224746704,-0.9845502972602844,0.32670074701309204,-0.9208187539523752
-0.6760548949241638,0.36367133259773254,-0.9929953217506409,0.32332518696784973,-0.998117208480835,0.3306082785129547,-1.0969100130080565
-0.532114565372467,0.4559171795845032,-0.7771834135055542,0.4391932785511017,-0.8046684861183167,0.44644150137901306,-1.2218487496163564
-1.314709186553955,0.6911648511886597,-1.2526392936706543,0.7184904217720032,-1.2556555271148682,0.7185699939727783,-0.8860566476931632
-0.4974694848060608,0.5130540132522583,-0.5233386754989624,0.5297631621360779,-0.5069915652275085,0.5163236856460571,0.01703333929878037
0.08846300840377808,0.5616720914840698,0.0690653920173645,0.636372983455658,-0.2856341302394867,0.6415321230888367,0.1610683854711746
-0.40579843521118164,0.701434314250946,-0.42908576130867004,0.7518888711929321,-0.8952456116676331,0.7388424873352051,0.0441476208787228
-0.23959511518478394,0.19587449729442596,-0.2720225751399994,0.5481640696525574,-0.22919267416000366,0.6096227169036865,-0.744727494896694
-0.17086243629455566,0.19570627808570862,-0.2279338836669922,0.5447497963905334,-0.5025434494018555,0.6311274170875549,-0.09205147838772768
-0.20186138153076172,0.6662686467170715,-0.2125210165977478,0.7071032524108887,-1.0028181076049805,0.7378014922142029,-0.5228787452803376
-0.9456773400306702,0.5882822275161743,-0.8280286192893982,0.5563524961471558,-1.2257498502731323,0.5639809966087341,-0.744727494896694
-0.7280369997024536,0.5808239579200745,-0.7409523129463196,0.5801982879638672,-1.0671250820159912,0.6140308976173401,-0.9030899869919435
-0.999216616153717,0.7037805914878845,-0.9990954399108887,0.749320387840271,-1.334519386291504,0.7365273833274841,-0.8664610916297825
-1.3637125492095947,0.3770195245742798,-1.4775314331054688,0.6488677859306335,-1.7307149171829224,0.6559232473373413,-0.958607314841775
-1.1009445190429688,0.6436031460762024,-0.9681867361068726,0.6562796831130981,-1.0775184631347656,0.6822615265846252,-1.6989700043360187
-1.1575754880905151,0.5101547837257385,-1.312589168548584,0.7344290018081665,-1.043265700340271,0.7324267029762268,-1.7958800173440752
-0.5389469861984253,0.19786976277828217,-0.48993974924087524,0.560202419757843,-0.48567625880241394,0.5582249164581299,-0.6020599913279624
-0.5884900093078613,0.5027809143066406,-0.5753039717674255,0.518725574016571,-0.5897921323776245,0.535025417804718,-0.585026652029182
-0.7037017345428467,0.17837689816951752,-0.7230594754219055,0.6445683240890503,-0.7110735177993774,0.6266244053840637,-0.619788758288394
-0.9472478032112122,0.5211553573608398,-0.9171621799468994,0.6437090039253235,-0.8774884939193726,0.5505694150924683,-0.8860566476931632
-1.3927807807922363,0.6004090905189514,-1.3005872964859009,0.5382937788963318,-1.3266634941101074,0.5637596249580383,-1.3979400086720375
-1.1823368072509766,0.6033196449279785,-1.2324872016906738,0.6563258767127991,-1.125694751739502,0.5737197995185852,-1.2218487496163564
-1.0218229293823242,0.2993175983428955,-0.986707329750061,0.6383757591247559,-0.945436954498291,0.6141033172607422,-1.0
-0.9180529713630676,0.5659049153327942,-0.8859378099441528,0.5731304287910461,-0.8798813819885254,0.6200069189071655,-0.8860566476931632
-1.0185754299163818,0.17249025404453278,-1.0259451866149902,0.5908440351486206,-1.0025123357772827,0.5506711006164551,-0.8860566476931632
-1.0969767570495605,0.5296452045440674,-1.0792930126190186,0.5172840356826782,-1.0951223373413086,0.6119275093078613,-1.154901959985743
-1.3855406045913696,0.5516655445098877,-1.3735418319702148,0.5027778744697571,-1.3863768577575684,0.4926333427429199,-1.3979400086720375
-1.6306345462799072,0.24554888904094696,-1.647084355354309,0.5678024291992188,-1.616703987121582,0.5756165385246277,-2.0
-1.8170216083526611,0.5797422528266907,-1.8842949867248535,0.596224844455719,-1.8924860954284668,0.6163901090621948,-1.6989700043360187
-1.5055944919586182,0.2848641574382782,-1.5932323932647705,0.6192629337310791,-1.6029284000396729,0.5642259120941162,-1.6989700043360187
-2.214165687561035,0.6734046936035156,-2.1820995807647705,0.7012165784835815,-2.1944985389709473,0.7105292677879333,-2.1804560644581312
-2.499176263809204,0.7061049342155457,-2.4987642765045166,0.6913741230964661,-2.1065096855163574,0.6943956017494202,-2.3565473235138126
-2.403987407684326,0.7270951271057129,-2.394084930419922,0.712464451789856,-2.451183319091797,0.6941975951194763,-2.6020599913279625
-1.9985988140106201,0.30216753482818604,-2.009178638458252,0.6825445294380188,-1.9316500425338745,0.7027848362922668,-2.537602002101044
-2.381763458251953,0.29404395818710327,-2.3987207412719727,0.6870049238204956,-2.5257363319396973,0.6897980570793152,-2.721246399047171
-1.6031584739685059,0.6436470150947571,-1.5887279510498047,0.6398839950561523,-1.6521472930908203,0.6812761425971985,-0.09691001300805639
-0.6481329202651978,0.7451351284980774,-0.9023164510726929,0.745659589767456,-0.5692723989486694,0.7327960729598999,0.24054924828259971
-0.585730791091919,0.6342685222625732,-0.78615403175354,0.72569739818573,-0.7136844396591187,0.660839319229126,-1.2218487496163564
-0.8458088636398315,0.7380673885345459,-0.9491047263145447,0.7587420344352722,-1.0096575021743774,0.7462481260299683,-0.728158393463501
-0.6884971857070923,0.5290665626525879,-0.65977543592453,0.5949978232383728,-0.6488754749298096,0.5613738894462585,-0.3467874862246563
-0.6333917379379272,0.1862819343805313,-0.6032583117485046,0.6195461750030518,-0.6425389647483826,0.5164211988449097,-0.8860566476931632
-0.671244740486145,0.5937668681144714,-0.5738354325294495,0.6174524426460266,-0.47444531321525574,0.64527428150177,-0.6536470255493614
-0.8908388018608093,0.6110652685165405,-0.9124954342842102,0.6622927784919739,-0.8994048833847046,0.5942938327789307,-0.6635402661514704
-0.973482608795166,0.528752326965332,-0.8939982652664185,0.5372281670570374,-0.9242633581161499,0.5575612187385559,-1.0
-0.8040650486946106,0.6486883163452148,-0.9164046049118042,0.6708318591117859,-0.8409625291824341,0.6894985437393188,-0.6777807052660807
-0.8905457258224487,0.5855525135993958,-0.9135478734970093,0.5880361199378967,-0.9173447489738464,0.5820549726486206,-0.004364805402450088
-0.4724367558956146,0.18639539182186127,-0.47202274203300476,0.6428262591362,-0.4595123827457428,0.62638920545578,-1.0457574905606752
-0.9620897769927979,0.6035593152046204,-0.7310165166854858,0.643966555595398,-0.7038885354995728,0.6793872714042664,-1.0655015487564323
-1.1403672695159912,0.6372727155685425,-1.1934704780578613,0.5810686349868774,-1.002302885055542,0.5697849988937378,-1.0457574905606752
-1.274761438369751,0.6531977653503418,-1.2611076831817627,0.6638813018798828,-1.193572759628296,0.6011234521865845,-1.0655015487564323
-1.1761963367462158,0.6892827749252319,-1.1440014839172363,0.6849141120910645,-1.2864164113998413,0.7001694440841675,-1.080921907623926
-0.5115007162094116,0.7455635666847229,-0.5345609784126282,0.7556639909744263,-0.5667749643325806,0.7554653882980347,0.17609125905568124
-1.3380229473114014,0.5288324356079102,-1.3363966941833496,0.5079060792922974,-1.3472644090652466,0.5578252673149109,-1.3979400086720375
-0.5071204900741577,0.40688949823379517,-0.5451233386993408,0.43404313921928406,-0.5696284174919128,0.37892675399780273,-0.431798275933005
-0.48452213406562805,0.3697557747364044,-0.49384570121765137,0.39133504033088684,-0.4739764332771301,0.4115214943885803,-0.4814860601221125
-0.5498643517494202,0.5043641328811646,-0.5579186677932739,0.546180248260498,-0.5439705848693848,0.5025040507316589,-0.5228787452803376
-0.5711544752120972,0.6205733418464661,-0.5450224876403809,0.5878053307533264,-0.5998566150665283,0.5420626401901245,-0.6777807052660807
-1.3585819005966187,0.17636598646640778,-1.3676044940948486,0.4694882333278656,-1.3986191749572754,0.4525291919708252,-1.3979400086720375
-0.5672965049743652,0.17273733019828796,-0.670879602432251,0.3802192509174347,-0.5603188276290894,0.4176262319087982,-0.4814860601221125
-0.5121621489524841,0.39202097058296204,-0.511374831199646,0.38876765966415405,-0.5017684698104858,0.3495916724205017,-0.5376020021010439
-0.5707870721817017,0.17650564014911652,-0.5572149753570557,0.4613483250141144,-0.5741541385650635,0.5157618522644043,-0.585026652029182
-0.6202836632728577,0.6123947501182556,-0.6138391494750977,0.5793073773384094,-0.689968466758728,0.572524905204773,-0.6989700043360187
-1.3410390615463257,0.5037620067596436,-1.3240331411361694,0.41464313864707947,-1.2993884086608887,0.49158456921577454,-1.5228787452803376
-0.6742047071456909,0.33971869945526123,-0.7655906677246094,0.34945473074913025,-0.6366493701934814,0.36561790108680725,-0.5376020021010439
-0.5852651596069336,0.3581736385822296,-0.6058129668235779,0.32460838556289673,-0.5886461138725281,0.35404103994369507,-0.6020599913279624
-0.6794896125793457,0.4582493007183075,-0.6444042921066284,0.5185055732727051,-0.6393912434577942,0.46152326464653015,-0.638272163982407
-0.7991020083427429,0.5575911402702332,-0.7473905682563782,0.5877410173416138,-0.7811338901519775,0.6049268245697021,-0.721246399047171
-1.2518799304962158,0.5029889941215515,-1.1015636920928955,0.518380880355835,-1.1142683029174805,0.5304150581359863,-1.5228787452803376
-0.7793166041374207,0.3511008024215698,-0.8784518241882324,0.3323594927787781,-0.7268610596656799,0.3471248745918274,-0.6575773191777937
-0.7152239084243774,0.19926607608795166,-0.7432161569595337,0.3615593910217285,-0.7470215559005737,0.3272641599178314,-0.721246399047171
-0.7629387974739075,0.522874653339386,-0.7723987102508545,0.4434511065483093,-0.7536007761955261,0.4670989513397217,-0.7695510786217261
-0.9532452821731567,0.5604996085166931,-0.8555171489715576,0.5732472538948059,-0.9508748054504395,0.6073784232139587,-0.8538719643217619
-0.9644245505332947,0.5060619711875916,-1.0373154878616333,0.49021676182746887,-1.0300930738449097,0.4419603943824768,-0.5528419686577808
-0.4563809037208557,0.3753950297832489,-0.3712846040725708,0.4087601602077484,-0.4523259103298187,0.3665615916252136,-0.619788758288394
-0.6104435920715332,0.19315195083618164,-0.6149317026138306,0.3445846140384674,-0.5904710292816162,0.3826839327812195,-0.6575773191777937
-0.7222020030021667,0.45924004912376404,-0.6740555167198181,0.4757654368877411,-0.6889066696166992,0.4699346721172333,-0.6989700043360187
-0.7161660194396973,0.5079230666160583,-0.774757444858551,0.5611146092414856,-0.789004921913147,0.6151039004325867,-0.744727494896694
-0.5474737286567688,0.5439244508743286,-0.6330384016036987,0.5413222312927246,-0.6275710463523865,0.5453402996063232,-0.46852108295774486
-0.3603742718696594,0.43916091322898865,-0.245563805103302,0.4856521785259247,-0.37781211733818054,0.46606874465942383,-0.5228787452803376
-0.6253625750541687,0.4544902741909027,-0.6301290988922119,0.44838637113571167,-0.5629768371582031,0.4379580020904541,-0.5528419686577808
-0.645865261554718,0.2525535225868225,-0.6409908533096313,0.5207480788230896,-0.6726398468017578,0.5733986496925354,-0.585026652029182
-0.7540160417556763,0.6067137122154236,-0.6974471807479858,0.5495483875274658,-0.7111261487007141,0.6830965280532837,-0.6020599913279624
-1.0999146699905396,0.34618687629699707,-1.1446130275726318,0.5955532193183899,-0.9051323533058167,0.63136887550354,-0.7695510786217261
-0.7636315226554871,0.5574601292610168,-0.6943438053131104,0.5599434971809387,-0.7218720316886902,0.5676189661026001,-0.8860566476931632
-0.975745677947998,0.5749805569648743,-0.987429141998291,0.5663703680038452,-0.9955651164054871,0.5606726408004761,-1.0
-0.9441412687301636,0.6428307890892029,-1.0244885683059692,0.5954705476760864,-1.0700277090072632,0.6353551149368286,-1.0457574905606752
-0.9993234872817993,0.4568444788455963,-0.978458046913147,0.6841912269592285,-1.006934404373169,0.6552702784538269,-1.3010299956639813
-0.8835837244987488,0.43999552726745605,-0.8418474197387695,0.4712059497833252,-0.8819401860237122,0.3534943461418152,-0.8601209135987634
-0.7222582697868347,0.30322039127349854,-0.7318128943443298,0.3070877194404602,-0.7413257956504822,0.31351712346076965,-0.721246399047171
-0.9394798874855042,0.16144302487373352,-0.9553025960922241,0.36294183135032654,-0.9510339498519897,0.32518208026885986,-0.9393021596463883
-0.9809015393257141,0.3602645993232727,-1.0056220293045044,0.37622496485710144,-0.9587894678115845,0.4708026051521301,-0.9956786262173574
-0.7711668610572815,0.3283925950527191,-0.747512698173523,0.35318267345428467,-0.7664774060249329,0.3369225561618805,-0.7495799976911061
-1.0395435094833374,0.46277347207069397,-1.022868037223816,0.4215191602706909,-0.9866584539413452,0.4949852228164673,-1.0604807473813815
-0.7933923006057739,0.16390204429626465,-0.7918353080749512,0.3566352128982544,-0.7954797744750977,0.3427394926548004,-0.7772835288524167
-1.1941509246826172,0.49698004126548767,-1.2503395080566406,0.5451198220252991,-1.2109434604644775,0.5196660161018372,-1.1674910872937636
-0.8022822737693787,0.3517862856388092,-0.7883191704750061,0.3465835154056549,-0.8195095062255859,0.3564220666885376,-0.8210230527068306
-0.9801526069641113,0.42272037267684937,-0.9422398209571838,0.45487263798713684,-0.8751441240310669,0.3731664717197418,-0.8996294548824371
-0.5813591480255127,0.569003701210022,-0.5728830695152283,0.6786457896232605,-0.6073018312454224,0.6069626808166504,-0.44369749923271273
-0.49239516258239746,0.21155773103237152,-0.6363323926925659,0.6563567519187927,-0.6506516337394714,0.568244993686676,-0.5528419686577808
-0.5286721587181091,0.24892324209213257,-0.7996361255645752,0.6535791158676147,-0.8021332621574402,0.5976190567016602,-0.7958800173440752
-0.5672115683555603,0.3215063214302063,-0.789675772190094,0.681109607219696,-0.8281656503677368,0.6757053136825562,-1.0969100130080565
-0.5349026322364807,0.6997103095054626,-0.5903065800666809,0.7244380116462708,-0.653035044670105,0.7183654308319092,-0.24382048315619081
-0.31449469923973083,0.727897047996521,-0.24824589490890503,0.7204912900924683,-0.08925670385360718,0.7347655892372131,-0.5757719293040201
-0.7779104113578796,0.7471356987953186,-0.7513734102249146,0.7608082294464111,-0.72884202003479,0.7753981351852417,-0.8024437868464636
-0.41759923100471497,0.6716036796569824,-0.7410767078399658,0.7204387187957764,-0.6185147762298584,0.7036991119384766,-0.7695510786217261
-1.0628163814544678,0.7782897353172302,-1.2404870986938477,0.7308847904205322,-1.2273733615875244,0.7558993101119995,-1.2218487496163564
-1.2325878143310547,0.7683131694793701,-1.3159773349761963,0.7410796284675598,-1.3057596683502197,0.7314857840538025,-1.3979400086720375
-1.3254404067993164,0.7142549157142639,-1.3894809484481812,0.7231618165969849,-1.3673275709152222,0.7177401185035706,-1.3767507096020994
-1.2347609996795654,0.6994907259941101,-1.262054443359375,0.7309549450874329,-1.260385274887085,0.6762835383415222,-1.3010299956639813
-1.1931029558181763,0.736494779586792,-1.2061173915863037,0.7156368494033813,-1.1883368492126465,0.7017189860343933,-1.207608310501746
-1.194338083267212,0.3135188817977905,-1.2324861288070679,0.7246996760368347,-1.2319347858428955,0.6914941668510437,-1.0555173278498313
-1.3231682777404785,0.18980742990970612,-1.3399221897125244,0.6281253695487976,-1.1610406637191772,0.5169193744659424,-1.3098039199714864
-1.2818036079406738,0.5261306762695312,-1.2537345886230469,0.578791081905365,-1.1610406637191772,0.5169193744659424,-1.408935392973501
-1.2628860473632812,0.4270574450492859,-1.2984225749969482,0.5734047293663025,-1.279449701309204,0.3468070924282074,-1.3187587626244128
-1.2089807987213135,0.47530224919319153,-1.2144137620925903,0.48163193464279175,-1.219962477684021,0.47241562604904175,-1.2596373105057561
-1.3595712184906006,0.18240094184875488,-1.3663487434387207,0.390926718711853,-1.3805208206176758,0.5460305213928223,-1.3467874862246563
-1.288285255432129,0.46410462260246277,-1.2781474590301514,0.4539809823036194,-1.2949936389923096,0.43608325719833374,-1.3010299956639813
-1.2089807987213135,0.47530224919319153,-1.2618125677108765,0.580735445022583,-1.268348217010498,0.4823664724826813,-1.193820026016113
-1.0778257846832275,0.28775861859321594,-1.0883499383926392,0.5941562652587891,-1.0631874799728394,0.47843679785728455,-1.0555173278498313
-1.3339011669158936,0.4721013307571411,-1.3304777145385742,0.4908309280872345,-1.3480556011199951,0.49068957567214966,-1.3979400086720375
-1.0456516742706299,0.4020688235759735,-0.8096053600311279,0.4971804618835449,-1.1002451181411743,0.4577411413192749,-1.154901959985743
-0.753764271736145,0.7459834814071655,-0.7337043285369873,0.7502642273902893,-0.7807573080062866,0.7568129301071167,-1.6989700043360187
-0.6425435543060303,0.6347348690032959,-0.6622369885444641,0.6303068399429321,-0.6316623687744141,0.539315938949585,-0.6055483191737837
-0.6186106204986572,0.5706152319908142,-0.6225489377975464,0.6546356678009033,-0.6010180115699768,0.6097960472106934,-0.575118363368933
-0.7175210118293762,0.5652387738227844,-0.6848962306976318,0.6491076350212097,-0.6778704524040222,0.5912465453147888,-0.692503962086787
-0.6777631044387817,0.5423862934112549,-0.6778717637062073,0.5503526329994202,-0.6743024587631226,0.5577773451805115,-0.744727494896694
-0.7412859201431274,0.5939147472381592,-0.7460314631462097,0.55180424451828,-0.8286360502243042,0.5937953591346741,-0.7544873321858502
-0.8866555690765381,0.5732021927833557,-0.8429511785507202,0.575485110282898,-0.9525015950202942,0.5983322858810425,-0.7878123955960422
-0.8923292756080627,0.5514615178108215,-0.8509536981582642,0.620435893535614,-0.9517052173614502,0.5617182850837708,-0.790484985457369
-1.0210590362548828,0.6824430823326111,-0.9473246932029724,0.6801677942276001,-0.8090351819992065,0.6814023852348328,-0.8416375079047503
-0.8475775718688965,0.7289120554924011,-0.9792523980140686,0.7010997533798218,-0.7131376266479492,0.7430033683776855,-1.3010299956639813
-0.7555685639381409,0.7471664547920227,-0.74367755651474,0.750267505645752,-0.7513448596000671,0.7503482699394226,-3.0
-0.8271657228469849,0.7417430877685547,-0.7296010851860046,0.7566959261894226,-0.8087435960769653,0.7282942533493042,-0.8538719643217619
-0.8223333358764648,0.6392580270767212,-0.8499513864517212,0.627907931804657,-0.8416480422019958,0.6164049506187439,-0.7695510786217261
-0.8307338953018188,0.7400619387626648,-0.8479821681976318,0.7261847853660583,-0.8108921051025391,0.690712571144104,-0.744727494896694
-0.8196253180503845,0.24928249418735504,-0.8281537890434265,0.6304987072944641,-0.8032256364822388,0.6309725642204285,-0.8356471442155629
-0.8023946285247803,0.6386047005653381,-0.7925254106521606,0.6358331441879272,-0.7947643399238586,0.6633375883102417,-0.8538719643217619
-0.8112745881080627,0.74349445104599,-0.7241613864898682,0.7551876902580261,-0.776911199092865,0.7460167407989502,-0.8386319977650252
-0.7469019889831543,0.5766270160675049,-0.7051804661750793,0.7546231746673584,-0.7625758647918701,0.6402962803840637,-0.7958800173440752
-0.7294135689735413,0.745485782623291,-0.6857379674911499,0.7547520995140076,-0.7217085361480713,0.6596590280532837,-0.721246399047171
-0.8070736527442932,0.691637396812439,-0.8221324682235718,0.7114320397377014,-0.8138910531997681,0.7052160501480103,-0.785156151952302
-0.7883963584899902,0.4149233400821686,-0.7032009363174438,0.7552469372749329,-0.7973650693893433,0.6873735189437866,-0.6289321377282637
-0.6384361386299133,0.6112561821937561,-0.6402613520622253,0.626576840877533,-0.7122676372528076,0.7453823685646057,-0.6575773191777937
-0.6400193572044373,0.3586990535259247,-0.6453773975372314,0.7637561559677124,-0.7075701951980591,0.7463940382003784,-0.5376020021010439
-0.7412297129631042,0.7443588376045227,-0.7436076402664185,0.7610453367233276,-0.7420245409011841,0.775457501411438,-2.0
-0.7334235310554504,0.740658164024353,-0.7453444600105286,0.7668853998184204,-0.7449259757995605,0.7568842768669128,-0.27572413039921095
-0.7898231744766235,0.7471601366996765,-0.7772148251533508,0.7610229253768921,-0.8177284002304077,0.775324285030365,-0.8961962790440432
-1.3166362047195435,0.6243979334831238,-1.2907209396362305,0.6434623599052429,-1.3988361358642578,0.6318497657775879,-1.0969100130080565
-0.6116824746131897,0.6627335548400879,-0.4662877321243286,0.6227037906646729,-0.8918046355247498,0.725635290145874,-0.8860566476931632
-0.7690800428390503,0.20140968263149261,-0.793304443359375,0.6376175880432129,-0.7828612327575684,0.6602802276611328,-0.27572413039921095
-0.5272321701049805,0.664051353931427,-0.528312623500824,0.638494610786438,-0.5322260856628418,0.6427059173583984,-0.8239087409443188
-0.7693179845809937,0.20252594351768494,-0.5421712398529053,0.5975105166435242,-0.7878918647766113,0.6581559181213379,-0.8239087409443188
-0.5949146151542664,0.7353547215461731,-0.6542101502418518,0.7534201741218567,-0.6627181172370911,0.749495267868042,-0.5228787452803376
-0.4009874165058136,0.6684643626213074,-0.4899662435054779,0.7291960120201111,-0.3940044343471527,0.7484734058380127,0.7923916894982539
-0.9534921050071716,0.7054932713508606,-0.6495047807693481,0.6545318365097046,-0.6175556778907776,0.6886475682258606,-1.2218487496163564
-0.526077151298523,0.6423349380493164,-0.6625177264213562,0.7457248568534851,-0.7668620944023132,0.71686851978302,-0.6989700043360187
-0.36231088638305664,0.6096155643463135,-0.6473668813705444,0.654491662979126,-0.8072447180747986,0.7375909686088562,-0.6020599913279624
-0.7919223308563232,0.781635046005249,-0.7919979691505432,0.757297933101654,-0.7449256777763367,0.7568842768669128,-1.0705810742857071
-1.055962085723877,0.20201091468334198,-1.0600450038909912,0.7528581619262695,-0.7449256777763367,0.7568842768669128,-0.7931741239681502
0.00541764497756958,0.7821301221847534,-0.2946230471134186,0.76655113697052,0.001338362693786621,0.7299891710281372,0.414973347970818
0.059846699237823486,0.7820737361907959,0.20162725448608398,0.759276807308197,0.1662500500679016,0.7437084317207336,0.05690485133647255
-0.12407326698303223,0.41489461064338684,-0.03605431318283081,0.7659267783164978,-0.14702260494232178,0.7295427322387695,0.05690485133647255
0.03992414474487305,0.7337073087692261,-0.2617565095424652,0.7655628323554993,0.059601545333862305,0.7502778768539429,0.4471580313422192
0.22523033618927002,0.7349113821983337,0.21713626384735107,0.7139431238174438,0.09302610158920288,0.7296174168586731,0.1553360374650618
-0.05264049768447876,0.7801703810691833,-0.09004700183868408,0.7604036331176758,-0.17582464218139648,0.739474356174469,0.13353890837021754
0.31488126516342163,0.7445529699325562,0.32058554887771606,0.763739287853241,0.31523531675338745,0.7421616315841675,-0.031517051446064856
-0.057154834270477295,0.7815425992012024,-0.06623584032058716,0.7478891015052795,-0.06216287612915039,0.7485802173614502,0.36921585741014284
-0.5013333559036255,0.7086387276649475,-0.40540966391563416,0.7204439640045166,-0.5925188660621643,0.7188416123390198,0.11058971029924897
-1.2035791873931885,0.5161404609680176,-1.2890703678131104,0.4169387221336365,-1.2443150281906128,0.4570225775241852,-0.7622954418286619
-1.6784965991973877,0.20536090433597565,-1.722333312034607,0.5821585655212402,-0.862761914730072,0.6958425045013428,-2.3549709352788577
-0.7376519441604614,0.48010873794555664,-0.792966902256012,0.3202623128890991,-0.8017089366912842,0.5019550323486328,-0.6952639584468989
-0.7600117921829224,0.2171565443277359,-0.7534334659576416,0.6198475360870361,-0.8227601647377014,0.7011854648590088,-0.7083292910333987
-1.3343193531036377,0.6251356601715088,-1.3290371894836426,0.5405191779136658,-1.3543781042099,0.48389166593551636,-1.1246608770454607
-1.0604945421218872,0.623094379901886,-1.0233652591705322,0.6685562133789062,-1.032369613647461,0.43528464436531067,-1.0413166902732505
-1.0408927202224731,0.5876064300537109,-1.0137171745300293,0.5161454677581787,-1.074545979499817,0.6981177926063538,-1.032953061714837
-2.198934316635132,0.5484921932220459,-2.185134172439575,0.41552117466926575,-1.1752065420150757,0.6930451989173889,-2.374687549038326
-1.638138771057129,0.29230013489723206,-1.6963322162628174,0.39644378423690796,-1.709451675415039,0.43719425797462463,-1.4921711039544716
-1.2728629112243652,0.5960271954536438,-1.3304792642593384,0.7091925740242004,-1.253416657447815,0.5430005788803101,-1.3998005974303367
-1.4256987571716309,0.6259894967079163,-1.3983304500579834,0.6705959439277649,-1.417186975479126,0.43551766872406006,-1.4496982512629177
-2.48392391204834,0.6463602185249329,-2.490922451019287,0.3784314692020416,-1.5441298484802246,0.6930733323097229,-2.3988094673846665
-1.5674514770507812,0.48391738533973694,-1.5723868608474731,0.4297752380371094,-1.5389842987060547,0.41725632548332214,-1.9034723343935602
-2.0824923515319824,0.7028020620346069,-2.0819664001464844,0.7321376800537109,-1.9596564769744873,0.6744593977928162,-2.595679532778269
-0.11855554580688477,0.5340470671653748,-0.3140137791633606,0.5114416480064392,-0.2537204623222351,0.5413993000984192,-0.4814860601221125
-0.24936777353286743,0.5131039619445801,-0.24742507934570312,0.5130489468574524,-0.38583269715309143,0.5844746828079224,-0.23657200643706278
-0.21392786502838135,0.5336208939552307,-0.25027036666870117,0.60052090883255,-0.37336644530296326,0.6105021238327026,0.021189299069938092
-0.4228762686252594,0.502479076385498,-0.4540129601955414,0.4974559247493744,-0.3185901343822479,0.4969700574874878,0.2304489213782739
0.12896376848220825,0.5054801106452942,-0.4265832304954529,0.500800609588623,0.0563846230506897,0.4008077085018158,-0.42021640338318983
-0.21167618036270142,0.4858638048171997,-0.26188358664512634,0.4676417112350464,-0.13953202962875366,0.5477109551429749,0.04139268515822507
0.013386785984039307,0.47412315011024475,-0.03126263618469238,0.479621022939682,-0.053431928157806396,0.36345040798187256,-0.1549019599857432
-0.10402441024780273,0.25748398900032043,-0.12640434503555298,0.51560378074646,-0.182592511177063,0.583533525466919,-0.22184874961635637
-0.02665102481842041,0.48812317848205566,0.07988685369491577,0.37208449840545654,0.09512519836425781,0.41400665044784546,-0.22184874961635637
-0.034467875957489014,0.4871799051761627,-0.0820208191871643,0.43256765604019165,-0.11103004217147827,0.565942645072937,0.04139268515822507
0.013670802116394043,0.2672126889228821,0.026644349098205566,0.5227529406547546,0.013639450073242188,0.4756757616996765,0.0
0.0999835729598999,0.5122318863868713,0.09536254405975342,0.5224207043647766,0.0780063271522522,0.5953517556190491,0.17609125905568124
0.032847046852111816,0.34827524423599243,0.1669999361038208,0.5782714486122131,0.15359514951705933,0.5201208591461182,0.2304489213782739
0.10182112455368042,0.3031286597251892,0.2619304656982422,0.5666387677192688,0.26779496669769287,0.5816659331321716,0.3424226808222063
-1.119713306427002,0.6234017610549927,-1.111719012260437,0.6131879091262817,-1.12032151222229,0.6197718381881714,-1.147867825178142
-1.240706205368042,0.5938611030578613,-1.2357327938079834,0.6431254744529724,-1.2338459491729736,0.6213111877441406,-1.18861939781828
-1.2430338859558105,0.5391989350318909,-1.250838279724121,0.5901279449462891,-1.2430270910263062,0.600192129611969,-1.2887919201413667
-1.391448974609375,0.5879827737808228,-1.3706276416778564,0.6322860717773438,-1.3926072120666504,0.5593242645263672,-1.3226577190884612
-1.3616909980773926,0.29823949933052063,-1.3776838779449463,0.6385839581489563,-1.3276987075805664,0.6277406215667725,-1.4648831791970478
-1.2006436586380005,0.6295316219329834,-1.1903293132781982,0.7537159323692322,-1.3303883075714111,0.72627854347229,-1.8239087409443189
-1.201327919960022,0.717406153678894,-1.368577480316162,0.7033304572105408,-1.635654091835022,0.6865606904029846,-1.585026652029182
-0.9468973875045776,0.6220760941505432,-0.9493492245674133,0.5966534614562988,-0.9831885099411011,0.6179564595222473,-1.4685210829577449
-1.3680912256240845,0.6429355144500732,-1.221738338470459,0.5627243518829346,-1.2181899547576904,0.5638251900672913,-0.7695510786217261
-1.2423137426376343,0.6440448760986328,-0.6853330731391907,0.7412930727005005,-0.8213785290718079,0.6301522850990295,-0.8860566476931632
-0.9451420307159424,0.41039931774139404,-0.9594714641571045,0.7425262331962585,-0.9299845099449158,0.6732954382896423,-0.958607314841775
-0.9886005520820618,0.5828983783721924,-0.8278313875198364,0.6575766801834106,-0.9916013479232788,0.6699473857879639,-1.0705810742857071
-1.0454473495483398,0.7103055715560913,-0.9954509735107422,0.6757007241249084,-1.0980570316314697,0.7410035133361816,-1.154901959985743
-1.5913081169128418,0.6997491121292114,-1.4457615613937378,0.7033233046531677,-1.3985693454742432,0.6540398001670837,-0.9913998282380825
-0.7432840466499329,0.22694775462150574,-0.725250244140625,0.606798529624939,-0.844992458820343,0.5882614850997925,-0.6716203965612623
-0.7803627848625183,0.5766304135322571,-0.772278904914856,0.6102728247642517,-0.8905133605003357,0.5805810689926147,-0.7644715530924511
-0.8228697180747986,0.5908340811729431,-0.7976222038269043,0.5831940174102783,-0.8214906454086304,0.5824218392372131,-0.9244530386074693
0.355013906955719,0.7114867568016052,0.3476985692977905,0.7210723161697388,0.35606276988983154,0.718692421913147,0.6532125137753437
0.5565298199653625,0.7169398665428162,0.5846353769302368,0.7359489798545837,0.5848218202590942,0.7156225442886353,0.38560627359831223
-0.9680913686752319,0.34052005410194397,-1.0114386081695557,0.34244439005851746,-0.9559049606323242,0.34867551922798157,-0.958607314841775
-1.1942540407180786,0.25049448013305664,-1.2138186693191528,0.2622988820075989,-1.2354183197021484,0.2678819000720978,-1.1487416512809248
-1.3010011911392212,0.4933825433254242,-1.2058618068695068,0.5175301432609558,-1.2224069833755493,0.5016813278198242,-1.2628073572952627
-1.166038990020752,0.27459827065467834,-1.1654658317565918,0.2585679888725281,-1.1151775121688843,0.25583648681640625,-1.0
-0.8848679065704346,0.321893572807312,-0.9831961393356323,0.32220908999443054,-0.9692344665527344,0.3345002233982086,-0.9208187539523752
-1.2166404724121094,0.16221919655799866,-1.1942498683929443,0.20990417897701263,-1.2625117301940918,0.23915629088878632,-1.0736575533743449
-1.355132818222046,0.49387606978416443,-1.3167264461517334,0.4911543130874634,-1.2472577095031738,0.5154895782470703,-1.2410881076020264
-1.149427890777588,0.23486819863319397,-1.0914523601531982,0.21451345086097717,-1.201133370399475,0.24331767857074738,-0.958607314841775
-0.9606055617332458,0.18770523369312286,-0.9176084995269775,0.3985114097595215,-0.9843333959579468,0.42419400811195374,-0.9208187539523752
-0.9883354902267456,0.3213253915309906,-0.961446225643158,0.32224833965301514,-1.2378034591674805,0.3462473154067993,-1.056011124926228
-1.232503056526184,0.5218508839607239,-1.2808127403259277,0.5061317682266235,-1.25020432472229,0.5148851275444031,-1.2232988160115892
-0.9426494836807251,0.32453954219818115,-1.035966396331787,0.32756730914115906,-1.0411529541015625,0.2867893874645233,-0.958607314841775
-0.840168833732605,0.47475504875183105,-0.8311821818351746,0.5075221061706543,-0.8039373159408569,0.46594247221946716,-0.9208187539523752
-0.8574872612953186,0.4126426577568054,-1.0732786655426025,0.4592990279197693,-0.8659681677818298,0.4169459640979767,-1.0400051616715837
-1.1015119552612305,0.557609498500824,-1.1166999340057373,0.5793967247009277,-1.0904422998428345,0.6058233380317688,-1.2132485778544388
-0.8097643256187439,0.4144200086593628,-0.8966748118400574,0.43906113505363464,-0.8237119317054749,0.4190458655357361,-0.958607314841775
-0.40491336584091187,0.1767052561044693,-0.3696073591709137,0.42132866382598877,-0.4170379936695099,0.447064608335495,-0.3565473235138126
-0.4356098175048828,0.4058210253715515,-0.4436115026473999,0.4338971972465515,-0.49060750007629395,0.4402732253074646,-0.494850021680094
-0.6236373782157898,0.36960315704345703,-0.6131535172462463,0.4113222360610962,-0.5979394912719727,0.398655503988266,-0.638272163982407
-0.9156748652458191,0.18477627635002136,-0.8699380159378052,0.4257670044898987,-0.878846287727356,0.3976218104362488,-0.8538719643217619
-1.3039655685424805,0.22272753715515137,-1.3490450382232666,0.4670014977455139,-1.1500132083892822,0.47579509019851685,-1.3010299956639813
-0.7489566206932068,0.7460017204284668,-0.7451644539833069,0.7668853998184204,-0.7543218731880188,0.7433901429176331,0.11394335230683678
-1.3434419631958008,0.28480732440948486,-1.2758301496505737,0.2712520956993103,-1.3606882095336914,0.2811427712440491,-1.3010299956639813
-1.3656678199768066,0.1625152975320816,-1.3118877410888672,0.24475052952766418,-1.3835527896881104,0.24712136387825012,-1.0969100130080565
-1.2575013637542725,0.30694836378097534,-1.4097239971160889,0.3391731083393097,-1.4358046054840088,0.3538239896297455,-0.8538719643217619
-1.484129786491394,0.5248345136642456,-1.4364290237426758,0.5108046531677246,-1.4148045778274536,0.5392454266548157,-1.5228787452803376
-0.4316391348838806,0.5328712463378906,-0.3313423991203308,0.5567582249641418,-0.38745319843292236,0.5925547480583191,0.17926446433902532
0.035513997077941895,0.5677839517593384,0.04788333177566528,0.6395443081855774,-0.10114437341690063,0.6414445042610168,-0.11294562194904302
-0.015592396259307861,0.6663908362388611,0.004660248756408691,0.7047216892242432,-0.16587942838668823,0.6621965169906616,-0.6635402661514704
-0.7014914751052856,0.4902326166629791,-0.7070615291595459,0.48831865191459656,-0.6876599192619324,0.4654785692691803,-0.744727494896694
-0.5481703281402588,0.1996767818927765,-0.5796853303909302,0.5230160355567932,-0.5586709380149841,0.5023138523101807,-0.585026652029182
-0.7740523219108582,0.47893577814102173,-0.7866470813751221,0.45840808749198914,-0.7854012846946716,0.479409396648407,-0.7695510786217261
-0.6089670062065125,0.4780678451061249,-0.6327184438705444,0.5132455825805664,-0.6038467884063721,0.48883000016212463,-0.6020599913279624
-0.8682337999343872,0.4564458727836609,-0.86849445104599,0.4747684597969055,-0.8698554039001465,0.44458478689193726,-0.8538719643217619
-0.7083630561828613,0.17775103449821472,-0.7247393727302551,0.4990230202674866,-0.7267249226570129,0.4472208321094513,-0.6777807052660807
-0.9715937972068787,0.45020055770874023,-0.9401187896728516,0.43553295731544495,-0.9700838327407837,0.4215357303619385,-0.8860566476931632
-0.8348568677902222,0.43868598341941833,-0.7993393540382385,0.4832162857055664,-0.8101634383201599,0.4486582577228546,-0.7695510786217261
-0.9768649935722351,0.22496406733989716,-0.8417747616767883,0.6876028776168823,-0.9520258903503418,0.5941158533096313,-0.8209425287452897
-0.9698226451873779,0.5546191930770874,-0.964861273765564,0.689800500869751,-0.9568725228309631,0.6800724267959595,-1.186539109459555
-0.8994404077529907,0.43293794989585876,-0.9629921913146973,0.4910614788532257,-0.9756512641906738,0.4696996808052063,-1.0457574905606752
-0.9824157357215881,0.4438534080982208,-0.8761125802993774,0.5049431920051575,-0.8775851130485535,0.48115074634552,-0.9030899869919435
-0.8031129240989685,0.5536550879478455,-0.8062220215797424,0.5476760268211365,-0.8092834949493408,0.6779726147651672,-0.7668921556946119
-0.9989157319068909,0.528090238571167,-0.9192588925361633,0.6833146214485168,-1.0072381496429443,0.5052973031997681,-0.9548687791235029
-0.830262303352356,0.6601754426956177,-0.812653124332428,0.5594782829284668,-0.8513538837432861,0.5493148565292358,-0.8767594132816814
-0.9609857201576233,0.6134222745895386,-0.9740203619003296,0.5390605330467224,-0.9581936001777649,0.6947247385978699,-0.9875888458069761
-0.799714982509613,0.44953349232673645,-0.8299742937088013,0.4118248522281647,-0.8710680603981018,0.39605942368507385,-0.8079904073463299
-0.7306149005889893,0.19281160831451416,-0.7268770337104797,0.5040777921676636,-0.6916311383247375,0.4781845808029175,-0.7311553558532908
-0.6975350975990295,0.6235030293464661,-0.743945300579071,0.6869714856147766,-0.6983862519264221,0.5838086009025574,-0.7356639445104669
-0.8773922324180603,0.6749062538146973,-0.8314141631126404,0.5549978613853455,-0.896530032157898,0.5163305401802063,-0.8788736818071115
-0.7333143353462219,0.5613652467727661,-0.7751277685165405,0.6737523674964905,-0.818930447101593,0.7001102566719055,-0.7535900597763822
-0.8704547882080078,0.6707990169525146,-0.8258776664733887,0.5443984866142273,-0.9020631909370422,0.7026806473731995,-0.8407216304182816
-0.6846858859062195,0.5031119585037231,-0.6306867003440857,0.4573933780193329,-0.6365993022918701,0.46730971336364746,-0.7244583115986905
-0.5902109742164612,0.5053895115852356,-0.5748603343963623,0.5007635354995728,-0.5643051266670227,0.5276525020599365,-0.6353008257633614
-0.7024132013320923,0.5971354246139526,-0.7482395768165588,0.5499040484428406,-0.8063211441040039,0.711783766746521,-0.7195559448150182
-0.8086643218994141,0.6204939484596252,-0.8125290274620056,0.6903364658355713,-0.8855688571929932,0.7136379480361938,-0.7986738981943117
-0.6995496153831482,0.26270586252212524,-0.6307394504547119,0.541331946849823,-0.6866545677185059,0.5612874031066895,-0.6989700043360187
-0.582563042640686,0.5748459100723267,-0.6021314859390259,0.5762056708335876,-0.6062005758285522,0.540370523929596,-0.6087931025529644
-0.6383252143859863,0.7346622347831726,-0.6665363311767578,0.7458993792533875,-0.6278724074363708,0.74190354347229,-0.49894073778224846
-0.47077783942222595,0.40183520317077637,-0.3725457489490509,0.7464762330055237,-0.3730282187461853,0.733071506023407,-0.38827669199265824
-0.47077783942222595,0.40183520317077637,-0.40337225794792175,0.7163602113723755,-0.4039655923843384,0.7068967223167419,-0.36957212497497616
-0.27987369894981384,0.7141352295875549,-0.33825814723968506,0.7469441294670105,-0.417822927236557,0.7374618053436279,-0.35066514128785814
-0.4278719127178192,0.7459734082221985,-0.3955472707748413,0.7513449788093567,-0.5079748630523682,0.7447039484977722,-0.25414480482627105
-0.7547727823257446,0.3693399131298065,-0.7632774114608765,0.33236807584762573,-0.7783257365226746,0.32338374853134155,-0.906578314837765
-0.7463502883911133,0.36357632279396057,-0.7142495512962341,0.35631412267684937,-0.6986384391784668,0.4195946156978607,-0.6439741428068773
-0.6903471350669861,0.3451719880104065,-0.7013505697250366,0.3829590678215027,-0.6986384391784668,0.4195946156978607,-0.7258421507363202
-0.7344217896461487,0.16191811859607697,-0.7233824729919434,0.38901230692863464,-0.730949342250824,0.42239946126937866,-0.6777807052660807
-0.7316350936889648,0.39193159341812134,-0.7219403386116028,0.3702732026576996,-0.730949342250824,0.42239946126937866,-0.744727494896694
-0.8234259486198425,0.3393629491329193,-0.7994555234909058,0.33040305972099304,-0.8085088729858398,0.34847548604011536,-0.7798919119599449
-0.8160608410835266,0.18089738488197327,-0.8367515206336975,0.44023066759109497,-0.8200735449790955,0.44207292795181274,-0.8153085691824012
-0.8828864693641663,0.4239915609359741,-0.8540094494819641,0.4328012466430664,-0.864332377910614,0.4527970552444458,-0.8860566476931632
-0.9284277558326721,0.4384215772151947,-0.911156415939331,0.47645607590675354,-0.9236534237861633,0.47285857796669006,-0.9100948885606021
-0.8218925595283508,0.3103579878807068,-0.8056262135505676,0.3123081624507904,-0.8291534781455994,0.35227254033088684,-0.8386319977650252
-0.7630197405815125,0.3539382815361023,-0.7012335062026978,0.404960960149765,-0.7457918524742126,0.3444245755672455,-0.6478174818886375
-0.7128652334213257,0.1571660041809082,-0.7218621373176575,0.37355393171310425,-0.7187353372573853,0.4114442765712738,-0.7328282715969863
-0.7510982155799866,0.3828640580177307,-0.7488073706626892,0.3865930736064911,-0.7607589960098267,0.3753295838832855,-0.6777807052660807
-0.7510982155799866,0.3828640580177307,-0.7488073706626892,0.3865930736064911,-0.7522187829017639,0.3600589334964752,-0.744727494896694
-0.8329278230667114,0.3294082581996918,-0.8168448209762573,0.31363654136657715,-0.7945626378059387,0.31170788407325745,-0.785156151952302
-0.873060941696167,0.4225061535835266,-0.8645240068435669,0.4813058078289032,-0.8688062429428101,0.46734699606895447,-0.826813731587726
-0.9387524127960205,0.44664859771728516,-0.9398477077484131,0.4701445996761322,-0.9381955862045288,0.4490709602832794,-0.8860566476931632
-0.9924234747886658,0.4342435896396637,-0.9853429794311523,0.4780091345310211,-0.9941567182540894,0.42292749881744385,-0.9172146296835499
-0.7716757655143738,0.3678669035434723,-0.7768124938011169,0.3830375075340271,-0.7461647391319275,0.3503061830997467,-0.707743928643524
-0.7517626285552979,0.3326251804828644,-0.7332756519317627,0.39019396901130676,-0.7554807662963867,0.400033175945282,-0.8446639625349383
-0.7825974822044373,0.35418710112571716,-0.7926287651062012,0.33498460054397583,-0.7854000926017761,0.4009418487548828,-0.744727494896694
-0.7733984589576721,0.36811432242393494,-0.7734424471855164,0.3677942156791687,-0.7854000926017761,0.4009418487548828,-0.8538719643217619
-0.8436342477798462,0.15568672120571136,-0.8491612672805786,0.3795996606349945,-0.8574762940406799,0.340535044670105,-0.7644715530924511
-0.7872169017791748,0.34732818603515625,-0.8008415699005127,0.30898863077163696,-0.8053827881813049,0.3399447798728943,-0.8996294548824371
-0.9168033599853516,0.4233587980270386,-0.9226900339126587,0.39003095030784607,-0.9285820722579956,0.4521321654319763,-0.9469215565165803
-0.9617313742637634,0.16622954607009888,-0.9595969915390015,0.44046029448509216,-0.9648526310920715,0.42659032344818115,-1.0457574905606752
-1.0225903987884521,0.41303667426109314,-1.0090880393981934,0.45469000935554504,-1.0242457389831543,0.4475341737270355,-1.1135092748275182
-0.8024935722351074,0.16326840221881866,-0.8321273326873779,0.3747732639312744,-0.84114670753479,0.3615717887878418,-0.790484985457369
-0.8024935722351074,0.16326840221881866,-0.7908452153205872,0.37118980288505554,-0.8004211783409119,0.3428824841976166,-0.9706162223147904
-0.83568274974823,0.34594017267227173,-0.8350674510002136,0.35591787099838257,-0.8507617712020874,0.38738736510276794,-0.8239087409443188
-0.83568274974823,0.34594017267227173,-0.8281049728393555,0.33638280630111694,-0.8215954899787903,0.3194732964038849,-0.9208187539523752
-0.8200600147247314,0.33609068393707275,-0.8828317523002625,0.3647235035896301,-0.8950914144515991,0.3191717863082886,-0.978810700930062
-1.0348143577575684,0.1662529855966568,-1.039322018623352,0.4499328136444092,-1.0165367126464844,0.40264081954956055,-1.0409586076789064
-1.097540259361267,0.380780428647995,-1.1153781414031982,0.4418800175189972,-1.0866903066635132,0.3956117331981659,-1.0969100130080565
-0.9079126119613647,0.28390607237815857,-0.8828317523002625,0.3647235035896301,-0.8950914144515991,0.3191717863082886,-0.692503962086787
-1.1381326913833618,0.404308944940567,-1.1363695859909058,0.39024391770362854,-1.134253978729248,0.40456444025039673,-1.1739251972991736
-0.8590450286865234,0.3351847231388092,-0.8434135913848877,0.3753991425037384,-0.8577947020530701,0.36301782727241516,-0.8096683018297085
-0.7623121738433838,0.22722750902175903,-0.7850990295410156,0.4043352007865906,-0.7687162756919861,0.42148250341415405,-0.7495799976911061
-0.6875949501991272,0.4696129560470581,-0.7125500440597534,0.5144468545913696,-0.7144567370414734,0.49126455187797546,-0.7328282715969863
-1.0641359090805054,0.3508625626564026,-1.0503917932510376,0.39740949869155884,-1.0583434104919434,0.42356714606285095,-1.0861861476162833
-1.0548125505447388,0.3774482309818268,-1.079981803894043,0.43381398916244507,-1.0564889907836914,0.3861776888370514,-1.0555173278498313
-1.0100924968719482,0.4453195631504059,-1.03700590133667,0.46045196056365967,-1.0381357669830322,0.43184882402420044,-1.0268721464003012
-0.9910629987716675,0.48536011576652527,-0.9943808913230896,0.48903101682662964,-1.011497139930725,0.4985540211200714,-1.013228265733755
-0.9500641226768494,0.5446518063545227,-0.9107328653335571,0.5679516792297363,-0.9565755724906921,0.5560020804405212,-1.0
-0.8757275938987732,0.3776415288448334,-0.9088762402534485,0.35899001359939575,-0.8927987813949585,0.35394883155822754,-0.8538719643217619
-0.8370060324668884,0.22383606433868408,-0.8305717706680298,0.4245665669441223,-0.8524826169013977,0.38907814025878906,-0.8239087409443188
-1.1956281661987305,0.4143046736717224,-1.2053982019424438,0.4427948296070099,-1.2046771049499512,0.3969717025756836,-1.154901959985743
-0.7795025110244751,0.45285284519195557,-0.7777924537658691,0.4334501624107361,-0.7718822360038757,0.4246707558631897,-0.7958800173440752
-1.1550772190093994,0.3640419542789459,-1.166269302368164,0.379639208316803,-1.1621586084365845,0.3800099492073059,-1.154901959985743
-1.1129738092422485,0.40279218554496765,-1.1434475183486938,0.4841667413711548,-1.1345369815826416,0.4199545383453369,-1.0969100130080565
-1.0457360744476318,0.46848687529563904,-1.10001540184021,0.5346033573150635,-1.0467902421951294,0.4715448319911957,-1.0969100130080565
-0.9824239611625671,0.25121843814849854,-0.9559382200241089,0.5277755856513977,-1.0088541507720947,0.5631886720657349,-1.0457574905606752
-0.8996167778968811,0.42855486273765564,-0.9667037129402161,0.419284850358963,-0.9693260788917542,0.40821319818496704,-0.8356471442155629
-0.8996167778968811,0.42855486273765564,-0.8741706609725952,0.4276328980922699,-0.9693260788917542,0.40821319818496704,-1.0087739243075051
-0.9798017740249634,0.41631975769996643,-0.9326341152191162,0.41772714257240295,-0.9985986948013306,0.42835238575935364,-0.8538719643217619
-0.8701205253601074,0.41263458132743835,-0.9326341152191162,0.41772714257240295,-0.8718278408050537,0.40131258964538574,-1.0457574905606752
-0.9228187799453735,0.3978567123413086,-0.8140021562576294,0.39988550543785095,-0.7874234914779663,0.41186633706092834,-1.0861861476162833
-1.2056005001068115,0.4464966654777527,-1.1797224283218384,0.46279606223106384,-1.1912848949432373,0.42580464482307434,-1.1249387366083
-1.229386806488037,0.433152437210083,-1.1950150728225708,0.4137146472930908,-1.2038716077804565,0.4000738263130188,-1.2218487496163564
-1.2535152435302734,0.4334605932235718,-1.2639058828353882,0.4821922779083252,-1.293452262878418,0.41618308424949646,-1.2839966563652008
-0.9228187799453735,0.3978567123413086,-1.0027697086334229,0.38988667726516724,-1.0301120281219482,0.41381147503852844,-0.6903698325741012
-0.9134808778762817,0.5243014693260193,-0.92620849609375,0.5080411434173584,-0.8293495178222656,0.5270707607269287,-0.9208187539523752
-0.8588494062423706,0.5309049487113953,-0.8606154322624207,0.5180221796035767,-0.8002136945724487,0.5256928205490112,-0.8632794328435931
-1.2464290857315063,0.5192592144012451,-1.255720615386963,0.5152997970581055,-1.2452069520950317,0.5075039863586426,-1.3187587626244128
-0.7903789281845093,0.5785090923309326,-0.8144510984420776,0.5727576613426208,-0.7780213952064514,0.5501553416252136,-0.826813731587726
-1.2801649570465088,0.48414477705955505,-1.279970407485962,0.4978717267513275,-1.2589261531829834,0.5025755167007446,-1.275724130399211
-1.233004093170166,0.20002500712871552,-1.2269243001937866,0.5629807710647583,-1.2369524240493774,0.5130098462104797,-1.214670164989233
-1.1574839353561401,0.5370853543281555,-1.1784257888793945,0.550994873046875,-1.1632270812988281,0.5451303124427795,-1.1611509092627446
-1.0753612518310547,0.590386152267456,-1.1301240921020508,0.599426805973053,-1.0759615898132324,0.5975924134254456,-1.1307682802690238
-1.9436590671539307,0.6023719906806946,-1.9001293182373047,0.647147536277771,-1.6406526565551758,0.6732129454612732,-2.0
-1.8280229568481445,0.5291954278945923,-1.7513346672058105,0.5845208764076233,-1.516955018043518,0.662799596786499,-2.0
-1.7637579441070557,0.35394158959388733,-1.809472680091858,0.6738253235816956,-1.7690640687942505,0.6145384907722473,-1.5228787452803376
-1.7427635192871094,0.6037812232971191,-1.6809775829315186,0.6436984539031982,-1.7654452323913574,0.6862435936927795,-1.585026652029182
-1.949887752532959,0.6153196096420288,-1.8994368314743042,0.6523054838180542,-1.4394794702529907,0.6328175663948059,-1.8860566476931633
-1.640238642692566,0.6242163181304932,-1.58355712890625,0.6835082769393921,-1.168664813041687,0.6670830249786377,-2.154901959985743
-1.262002944946289,0.7388250827789307,-1.1448731422424316,0.7445246577262878,-1.1633734703063965,0.7523553967475891,-0.6777807052660807
-0.7421775460243225,0.7443406581878662,-0.7431167364120483,0.750267505645752,-0.7413697838783264,0.7489559650421143,-1.3979400086720375
-0.7705172300338745,0.7471326589584351,-0.7548218369483948,0.7502513527870178,-0.7456824779510498,0.7568739056587219,-0.8860566476931632
-0.8660837411880493,0.34651386737823486,-0.8443514704704285,0.3337063491344452,-0.8779706358909607,0.3533993363380432,-0.7024583321818402
-0.9999714493751526,0.3144663870334625,-0.9809035062789917,0.318986713886261,-0.974723219871521,0.30263853073120117,-0.7695510786217261
-1.107217788696289,0.2682189643383026,-1.078829288482666,0.2458508461713791,-1.117252230644226,0.2570183575153351,-1.0486624812040823
-1.3437159061431885,0.2845248281955719,-1.3414618968963623,0.28413403034210205,-1.3175933361053467,0.23748919367790222,-1.2814983111327258
-1.1251235008239746,0.22935229539871216,-1.1746121644973755,0.21455851197242737,-1.1134527921676636,0.23563693463802338,-2.065501548756432
-0.9986469745635986,0.32227757573127747,-1.0131372213363647,0.3292701542377472,-0.9633568525314331,0.31528592109680176,-1.8860566476931633
-1.47597074508667,0.5245603322982788,-1.4752607345581055,0.5371800065040588,-1.4282116889953613,0.5483251810073853,-1.4225082001627747
-0.03965264558792114,0.5180422067642212,-0.06996828317642212,0.5026963949203491,-0.04971259832382202,0.5485300421714783,0.021189299069938092
0.12505608797073364,0.4769556224346161,0.1387532353401184,0.45756441354751587,0.14667600393295288,0.5069907307624817,0.13353890837021754
0.15860354900360107,0.15903063118457794,0.149347722530365,0.5340476036071777,0.1333674192428589,0.5555667281150818,0.15228834438305647
-0.01914459466934204,0.19665391743183136,0.035978078842163086,0.45162588357925415,0.04270529747009277,0.5022726655006409,-0.07572071393811836
0.053977131843566895,0.46936067938804626,0.06517887115478516,0.5355618596076965,0.09708940982818604,0.503694474697113,0.03742649794062367
0.19235700368881226,0.5362934470176697,0.19677305221557617,0.4458448886871338,0.16880792379379272,0.5035247802734375,0.19865708695442263
0.21369057893753052,0.5028541684150696,0.2138088345527649,0.6291154623031616,0.20989447832107544,0.5179470181465149,0.2576785748691845
0.2976359724998474,0.5422102212905884,0.28783196210861206,0.5545381307601929,0.20832550525665283,0.5766780376434326,0.2787536009528289
0.3774838447570801,0.2792869210243225,0.3041255474090576,0.6542024612426758,0.23521411418914795,0.6124588847160339,0.3979400086720376
-0.7594069242477417,0.720597505569458,-0.7984256148338318,0.742814302444458,-0.7262691855430603,0.7453753352165222,-1.0969100130080565
-1.1855779886245728,0.7623659372329712,-1.0855110883712769,0.7404521107673645,-1.0503499507904053,0.7381206750869751,-1.4559319556497243
-0.8107249736785889,0.740024745464325,-0.7609232664108276,0.7500897645950317,-0.8020399212837219,0.75025475025177,-1.337242168318426
-1.1554691791534424,0.717589259147644,-1.153714656829834,0.7468671798706055,-1.1730209589004517,0.7141876220703125,-1.2218487496163564
-0.8785825967788696,0.784412145614624,-0.9785166382789612,0.7614346146583557,-0.8297465443611145,0.7502782344818115,-1.1426675035687315
-0.9600391983985901,0.7445563673973083,-0.8673287630081177,0.7391422986984253,-0.9104937314987183,0.7486050724983215,-0.7818848136954515
-0.90931236743927,0.6956116557121277,-0.9169477820396423,0.5810573697090149,-0.9273765087127686,0.7166012525558472,-0.8142879001299939
-0.9143078327178955,0.6955302953720093,-0.8711897134780884,0.7390850186347961,-0.9030716419219971,0.47445398569107056,-0.8766711330736523
-0.9660470485687256,0.7445493936538696,-0.921308159828186,0.7338184714317322,-0.9393299221992493,0.7163498997688293,-0.9071390566611826
-0.3855990171432495,0.28760987520217896,-0.38332250714302063,0.7487348914146423,-0.5365204215049744,0.7450942993164062,-0.0735546521816107
-0.8190950751304626,0.1674732118844986,-0.9170180559158325,0.7386258244514465,-0.938871443271637,0.7279205322265625,-1.065299598284575
-0.21858078241348267,0.7452678680419922,-0.2233554720878601,0.7013068795204163,-0.5106993317604065,0.7419605851173401,-0.3699791488865901
-0.7217540144920349,0.21439039707183838,-1.0960636138916016,0.7389915585517883,-0.7994421720504761,0.748084545135498,-1.3182162335321188
-0.5004960298538208,0.35907426476478577,-0.47926273941993713,0.7133203744888306,-0.48767411708831787,0.7388448715209961,-0.4659738939438649
-0.5004960298538208,0.35907426476478577,-0.47727665305137634,0.7642439007759094,-0.4696981608867645,0.6464883089065552,-0.47873112440161475
-0.7619991302490234,0.34674084186553955,-0.5218052864074707,0.7645455598831177,-0.7545263767242432,0.6534769535064697,-0.6307841425898572
-0.7104508876800537,0.739131510257721,-0.5918577909469604,0.7649084329605103,-0.7073087096214294,0.6946783661842346,-1.0457574905606752
-1.3959730863571167,0.7044534087181091,-1.3534585237503052,0.7437423467636108,-1.4032118320465088,0.6250758171081543,0.29587484521737917
-0.0038400888442993164,0.744675874710083,0.04715341329574585,0.7339795827865601,-1.4032118320465088,0.6250758171081543,-1.3867926478962402
-1.2301199436187744,0.7137265205383301,-1.8311235904693604,0.7322805523872375,-1.8728915452957153,0.7172364592552185,-2.0
-1.4158694744110107,0.7010743618011475,-1.7378090620040894,0.728632390499115,-1.7304739952087402,0.7243084907531738,-2.0
-1.6517884731292725,0.7128773331642151,-1.6467562913894653,0.7269536852836609,-1.6611334085464478,0.7041477560997009,-1.5228787452803376
-1.393758773803711,0.7119247913360596,-1.3079913854599,0.7389712333679199,-1.2657434940338135,0.7147871851921082,-1.3010299956639813
0.3200346827507019,0.5197197794914246,0.39957404136657715,0.5758945941925049,0.21861112117767334,0.5220385789871216,0.515873843711679
-0.2532683312892914,0.743195116519928,-0.24203109741210938,0.7554354071617126,-0.21306073665618896,0.7219786047935486,-0.494850021680094
-0.33262744545936584,0.7126073241233826,-0.2946092486381531,0.7500845789909363,-0.32147133350372314,0.6540867686271667,-0.46852108295774486
-0.22664982080459595,0.42427247762680054,-0.2617654800415039,0.7565336227416992,-0.3224179148674011,0.7371026873588562,-0.06550154875643228
-0.14306575059890747,0.7106233239173889,-0.21818947792053223,0.7565242052078247,-0.09509384632110596,0.7218438982963562,-0.10237290870955855
-0.11983293294906616,0.7431451082229614,-0.09315764904022217,0.7558246850967407,-0.26670366525650024,0.7371792197227478,0.08278537031645007
-0.44330424070358276,0.6969619393348694,-0.5001347064971924,0.7644838690757751,-0.5753365159034729,0.7468013763427734,-0.22184874961635637
-0.2934317886829376,0.7380926012992859,-0.24064642190933228,0.7314438819885254,-0.22625720500946045,0.7392523884773254,-0.22914798835785583
-0.5073750019073486,0.23704048991203308,-0.3055630922317505,0.6769188046455383,-0.30339333415031433,0.7421348094940186,-0.07058107428570727
-0.032006263732910156,0.7023470997810364,-0.5705118179321289,0.648999035358429,-0.5957912802696228,0.7338061928749084,-1.154901959985743
0.27849090099334717,0.6135751008987427,0.22370058298110962,0.5325959920883179,0.22751301527023315,0.6546722054481506,-1.207608310501746
0.05815070867538452,0.6813114285469055,-0.061298668384552,0.7469675540924072,-0.0573694109916687,0.7159191370010376,-0.22184874961635637
0.3044489026069641,0.6951794028282166,0.20040857791900635,0.681688666343689,0.1782921552658081,0.6962265968322754,0.17609125905568124
-0.023420333862304688,0.1801290512084961,-0.007724642753601074,0.5746116042137146,-0.01098090410232544,0.4907678961753845,-0.045757490560675115
-0.0002345442771911621,0.17846167087554932,0.018875837326049805,0.5620020031929016,-0.0006136298179626465,0.5683889985084534,0.04139268515822507
-0.02589935064315796,0.4675799310207367,-0.030118227005004883,0.5368521213531494,-0.061149775981903076,0.47379425168037415,-0.09691001300805639
0.001386106014251709,0.46924352645874023,0.006462812423706055,0.4274906814098358,-0.09243917465209961,0.47695422172546387,-0.045757490560675115
0.009489059448242188,0.5585153698921204,-0.0029178261756896973,0.5449184775352478,-0.0072637200355529785,0.5256518721580505,0.06069784035361165
0.040040552616119385,0.45809808373451233,-0.07589995861053467,0.5700443983078003,0.04251909255981445,0.520423412322998,-0.045757490560675115
0.0053060054779052734,0.5846627354621887,0.045038044452667236,0.6029141545295715,0.027269423007965088,0.6102162599563599,-0.022276394711152253
-1.5905513763427734,0.6579462885856628,-1.774535894393921,0.596364438533783,-1.7736949920654297,0.6871501207351685,-1.8239087409443189
-1.4802138805389404,0.6822213530540466,-1.7634931802749634,0.6056137084960938,-1.7406163215637207,0.6993511319160461,-1.744727494896694
-1.7501084804534912,0.5730504989624023,-1.7604217529296875,0.6215366721153259,-1.7601802349090576,0.6988670825958252,-1.7212463990471711
-1.8392970561981201,0.6895393133163452,-1.8879823684692383,0.648898184299469,-1.844582438468933,0.6564435958862305,-2.0
-2.046769857406616,0.6092583537101746,-1.9740790128707886,0.6554953455924988,-1.961992621421814,0.6352676153182983,-2.0
-1.820502758026123,0.6288571357727051,-1.8007620573043823,0.6733278036117554,-1.8376725912094116,0.627662181854248,-2.0
-0.499775230884552,0.2558148503303528,-0.5225479006767273,0.4442302882671356,-0.5065773725509644,0.49350643157958984,-0.3979400086720376
-0.11635154485702515,0.3821248412132263,-0.07797741889953613,0.7590791583061218,-0.10906845331192017,0.41882020235061646,-0.1549019599857432
0.12754958868026733,0.41066694259643555,0.1109362244606018,0.3667086362838745,0.11551463603973389,0.40971845388412476,0.07918124604762482
0.2399337887763977,0.4412095844745636,0.20534569025039673,0.7566461563110352,0.1825869083404541,0.5874696373939514,0.17609125905568124
-0.3787707984447479,0.447992742061615,-0.2969138026237488,0.4742138683795929,-0.3817979395389557,0.43118196725845337,-0.3979400086720376
0.020296156406402588,0.18552052974700928,0.08585357666015625,0.7581661343574524,0.03593122959136963,0.527126133441925,0.0
0.3012520670890808,0.28424012660980225,0.3060559630393982,0.25411462783813477,0.2992987036705017,0.24012058973312378,0.3010299956639812
0.36110949516296387,0.18870584666728973,0.3762763738632202,0.32402878999710083,0.35949158668518066,0.26488935947418213,0.47712125471966244
-0.34382808208465576,0.5269545912742615,-0.2015581727027893,0.4718109369277954,-0.3496335744857788,0.498717337846756,-0.3467874862246563
0.1625889539718628,0.2578195333480835,0.1788821816444397,0.22519372403621674,0.17142319679260254,0.25369882583618164,0.146128035678238
0.4540768265724182,0.29172980785369873,0.46916723251342773,0.22509881854057312,0.4820581078529358,0.5274040699005127,0.4471580313422192
0.5370566844940186,0.18664073944091797,0.5649144053459167,0.2769569754600525,0.5849190354347229,0.5372322797775269,0.5797835966168101
-0.22028660774230957,0.47974303364753723,-0.09419053792953491,0.510960042476654,-0.21482229232788086,0.4694572687149048,-0.3010299956639812
0.27205538749694824,0.21794316172599792,0.24858570098876953,0.35033315420150757,0.20129942893981934,0.373788058757782,0.3010299956639812
0.6707407832145691,0.3982768952846527,0.5799928307533264,0.7563714981079102,0.5409356951713562,0.40143612027168274,0.7403626894942439
0.5676313638687134,0.1931917816400528,0.6011539101600647,0.33875271677970886,0.6223661303520203,0.5482528805732727,0.4913616938342727
0.6003336906433105,0.2974779009819031,0.4819571375846863,0.7576805949211121,0.43792229890823364,0.5048875212669373,0.8344207036815325
-0.07162272930145264,0.49105387926101685,-0.10960781574249268,0.5863457322120667,-0.10565859079360962,0.49903249740600586,0.2600713879850748
-0.29488900303840637,0.6342160701751709,-0.27624309062957764,0.6026692986488342,-0.31099754571914673,0.6426492929458618,0.25527250510330607
0.05056154727935791,0.7220297455787659,-0.35400885343551636,0.7509852051734924,-0.16080743074417114,0.7584788799285889,0.9916690073799486
-0.10486406087875366,0.7101570963859558,-0.4771958291530609,0.7354925870895386,-0.5577333569526672,0.7298508286476135,0.25527250510330607
-0.5151905417442322,0.37893909215927124,-0.529239296913147,0.3737764060497284,-0.5319461822509766,0.42842626571655273,-0.5100415205751654
-0.550163745880127,0.3200327455997467,-0.5618791580200195,0.3712463676929474,-0.5629674792289734,0.3485119342803955,-0.5436339668709571
-0.5803130865097046,0.4246600270271301,-0.5814712047576904,0.36109018325805664,-0.5684805512428284,0.3767740726470947,-0.5833594926617189
-0.5424231886863708,0.4303591251373291,-0.5415749549865723,0.46188849210739136,-0.5638301372528076,0.4802691340446472,-0.6073030467403343
-0.5278118252754211,0.16794316470623016,-0.5239735245704651,0.4146146774291992,-0.5419990420341492,0.4014356732368469,-0.5512936800949201
-0.5693790316581726,0.3350328207015991,-0.5935046672821045,0.3573033809661865,-0.5813267230987549,0.28882816433906555,-0.5767541260631921
-0.6101930141448975,0.3359758257865906,-0.6322454810142517,0.36777472496032715,-0.618025541305542,0.39667224884033203,-0.6038006529042637
-0.5936466455459595,0.4189189076423645,-0.6064965724945068,0.43972107768058777,-0.6206269264221191,0.42276012897491455,-0.6345120151091003
-0.5772628784179688,0.3147770166397095,-0.5808472633361816,0.3505879342556,-0.5768925547599792,0.3337598741054535,-0.5734887386354247
-0.6156511902809143,0.31117984652519226,-0.6369062662124634,0.34110137820243835,-0.6234896779060364,0.32388603687286377,-0.5985994592184558
-0.6624475717544556,0.3467576801776886,-0.678799033164978,0.3487981855869293,-0.6677604913711548,0.3843368887901306,-0.6289321377282637
-0.7007635831832886,0.4315204322338104,-0.6711528897285461,0.4405703544616699,-0.6777698993682861,0.45798495411872864,-0.6716203965612623
-0.6124017238616943,0.3174203336238861,-0.6168513894081116,0.33015334606170654,-0.6042516827583313,0.40710949897766113,-0.6497519816658371
-0.6845815181732178,0.2856680750846863,-0.6829949021339417,0.24746344983577728,-0.6873752474784851,0.23237429559230804,-0.6968039425795111
-0.7424964308738708,0.1704297661781311,-0.7482203841209412,0.3297683894634247,-0.7360266447067261,0.31954893469810486,-0.7328282715969863
-0.8034529089927673,0.42287495732307434,-0.7739603519439697,0.42983776330947876,-0.7678598761558533,0.44547492265701294,-0.7878123955960422
-0.7356545925140381,0.5041548609733582,-0.6720679402351379,0.4269849359989166,-0.6993311047554016,0.4149032533168793,-0.6716203965612623
-0.7876952290534973,0.4334975779056549,-0.7687356472015381,0.30202212929725647,-0.7526374459266663,0.38276389241218567,-0.7772835288524167
-0.800588846206665,0.3816552460193634,-0.8201354146003723,0.3773515820503235,-0.8353869915008545,0.40485647320747375,-0.8477116556169436
-0.8761678338050842,0.20114442706108093,-0.8930450677871704,0.4360060691833496,-0.8879550695419312,0.4393620193004608,-0.8927900303521317
-0.6221524477005005,0.5137102603912354,-0.5401796102523804,0.35174456238746643,-0.5532167553901672,0.42532163858413696,-0.5214335044061567
-0.6157059669494629,0.3302818238735199,-0.6480488777160645,0.3861404359340668,-0.6282520890235901,0.3049894869327545,-0.6179829574251317
-0.6485655903816223,0.4029029607772827,-0.6764370203018188,0.3704570233821869,-0.6847993731498718,0.3765103816986084,-0.7099653886374819
-0.7615759372711182,0.427435040473938,-0.780133068561554,0.44859835505485535,-0.7468238472938538,0.4028296172618866,-0.826813731587726
-0.49954846501350403,0.5605154633522034,-0.4707138240337372,0.5104541182518005,-0.4700782299041748,0.490217924118042,-0.34008379993014975
-0.45590969920158386,0.40275344252586365,-0.5339747667312622,0.4669361412525177,-0.5246331095695496,0.4510762393474579,-0.4854522473397139
-0.5046437382698059,0.47144919633865356,-0.521970272064209,0.44927462935447693,-0.5394877791404724,0.4593549966812134,-0.5654310959658013
-0.6953257322311401,0.49744781851768494,-0.7138120532035828,0.4874890446662903,-0.7416284084320068,0.5041681528091431,-0.638272163982407
-0.3056088089942932,0.747259795665741,-0.2787294089794159,0.7242655158042908,-0.43474316596984863,0.6836575269699097,-0.6989700043360187
-0.4467526376247406,0.6419511437416077,-0.42720210552215576,0.7001563310623169,-0.2887488305568695,0.6562057733535767,-0.1549019599857432
0.06199902296066284,0.7427710294723511,0.14242690801620483,0.7175827026367188,0.0927087664604187,0.6615123152732849,0.22788670461367355
0.32266098260879517,0.7331819534301758,0.35829758644104004,0.7317623496055603,-0.02584785223007202,0.7214757204055786,0.3010299956639812
0.06779974699020386,0.7068434953689575,0.04293018579483032,0.7306581735610962,0.11806941032409668,0.6230015158653259,-0.045757490560675115
0.0013388991355895996,0.719628095626831,0.06194043159484863,0.7493087649345398,-0.3036271035671234,0.7400555610656738,0.3979400086720376
0.04767870903015137,0.7325470447540283,0.04096424579620361,0.731180727481842,0.054436683654785156,0.7115733027458191,-0.1549019599857432
0.23371589183807373,0.7333980202674866,0.23907190561294556,0.7337951064109802,0.15404880046844482,0.5853803157806396,0.2304489213782739
0.19282662868499756,0.3017486333847046,0.20486146211624146,0.7253095507621765,0.2104562520980835,0.6651397943496704,0.38021124171160603
-0.16687297821044922,0.7633533477783203,-0.16777461767196655,0.7427664399147034,-0.13809841871261597,0.7411671876907349,0.0
0.16409814357757568,0.7495584487915039,0.18124991655349731,0.7255386710166931,0.1435718536376953,0.7307488918304443,0.38021124171160603
0.2822074294090271,0.7203880548477173,0.32612985372543335,0.7467796206474304,0.16670149564743042,0.735832154750824,0.3424226808222063
-0.37037140130996704,0.7419214844703674,-0.28464144468307495,0.7504869103431702,-0.41342034935951233,0.7425029277801514,0.25527250510330607
-0.5625112056732178,0.7058663368225098,-0.5672993659973145,0.7259390950202942,-0.5568119287490845,0.7342590689659119,-0.5228787452803376
-0.4033273458480835,0.25279954075813293,-0.39729389548301697,0.6802762746810913,-0.4096328020095825,0.7261381149291992,-0.3979400086720376
-0.1268383264541626,0.7313475012779236,-0.09011316299438477,0.727492094039917,-0.1111181378364563,0.6104521751403809,-0.22184874961635637
0.15393191576004028,0.7132830619812012,0.1896917223930359,0.7337290048599243,0.142955482006073,0.7346569299697876,0.07918124604762482
0.07002907991409302,0.6856287717819214,0.16498327255249023,0.7350412011146545,0.06432098150253296,0.7403795123100281,0.11394335230683678
0.04788786172866821,0.3625870943069458,0.0651436448097229,0.7007750868797302,0.03982067108154297,0.6548307538032532,0.38021124171160603
-0.6595782041549683,0.7470970749855042,-0.6253917813301086,0.7648629546165466,-0.7527160048484802,0.7433899641036987,0.04921802267018165
-0.6477207541465759,0.7354627251625061,-0.559207022190094,0.7586957812309265,-0.5905731916427612,0.74985671043396,0.15228834438305647
0.11209100484848022,0.72557133436203,0.1362384557723999,0.7548381090164185,0.16172969341278076,0.7196054458618164,0.03742649794062367
0.1330220103263855,0.728446900844574,0.0002307891845703125,0.7415363788604736,0.13231569528579712,0.7121820449829102,0.1553360374650618
0.09584861993789673,0.714214026927948,-0.01955592632293701,0.742677628993988,0.10523885488510132,0.750490665435791,0.250420002308894
-1.0140478610992432,0.7405065298080444,-0.72818922996521,0.7502582669258118,-0.9451389312744141,0.7477848529815674,-1.0969100130080565
-0.8065770864486694,0.7841110825538635,-0.736050546169281,0.7502652406692505,-0.9178577661514282,0.7753705382347107,-0.958607314841775
-0.9647217392921448,0.7428499460220337,-1.0944230556488037,0.7460842728614807,-1.0654257535934448,0.7370123267173767,-0.8239087409443188
-1.5751079320907593,0.7597883343696594,-1.5724551677703857,0.7047925591468811,-1.5593312978744507,0.7305434346199036,-1.6777807052660807
-1.6472856998443604,0.7327882647514343,-1.6552677154541016,0.6693813800811768,-1.6462156772613525,0.7346566319465637,-1.5895095799965522
-1.6853971481323242,0.7353860139846802,-1.6900264024734497,0.7571036219596863,-1.6770823001861572,0.73453688621521,-1.712198270069774
-1.6574020385742188,0.19433538615703583,-1.6535168886184692,0.7278656959533691,-1.5508610010147095,0.7151118516921997,-1.7351821769904636
-1.4701552391052246,0.290721595287323,-1.494277000427246,0.7274451851844788,-1.489372968673706,0.7355396747589111,-1.4710832997223453
-1.724433183670044,0.6826217770576477,-1.7153382301330566,0.7585581541061401,-1.7160472869873047,0.7356207370758057,-1.61738868710651
-1.3108052015304565,0.7686444520950317,-1.2798187732696533,0.756661593914032,-1.2692471742630005,0.7419931292533875,-1.2817724266448587
-1.7141246795654297,0.6887968182563782,-1.686231017112732,0.7446700930595398,-1.691166639328003,0.7208946943283081,-1.7137007490571712
-1.721292495727539,0.7703278660774231,-1.6857142448425293,0.5989101529121399,-1.5767078399658203,0.7137411236763,-1.752837190960669
-1.3585102558135986,0.7389115691184998,-1.3747153282165527,0.738798201084137,-1.3600337505340576,0.7391356825828552,-1.630784142589857
-1.401059627532959,0.7785409092903137,-1.677121639251709,0.7232835292816162,-1.4061779975891113,0.7343437075614929,-1.8707291398786847
-1.6446466445922852,0.7733711004257202,-1.8022061586380005,0.7246906757354736,-1.655932068824768,0.7278229594230652,-1.7958800173440752
-0.919825553894043,0.7128760814666748,-0.9128930568695068,0.7578829526901245,-0.895767867565155,0.7109455466270447,-1.207608310501746
-1.1068483591079712,0.6933761835098267,-1.1228084564208984,0.7029587626457214,-1.1230673789978027,0.6335882544517517,-1.154901959985743
-1.1734302043914795,0.6920247673988342,-1.1658910512924194,0.7459466457366943,-1.1666762828826904,0.494489461183548,-1.136677139879544
-1.1903259754180908,0.16969317197799683,-1.185605764389038,0.7461779713630676,-1.1703786849975586,0.7038083076477051,-1.193820026016113
-1.1911498308181763,0.6941928267478943,-1.1883678436279297,0.3902827203273773,-1.185025930404663,0.7049508690834045,-1.2218487496163564
-0.8719552159309387,0.7711488008499146,-0.8452256917953491,0.7332190275192261,-0.8270410895347595,0.7426184415817261,-0.4145392704914993
-0.618486762046814,0.732627809047699,-0.6363604664802551,0.7025343179702759,-0.6600719094276428,0.7186383605003357,-0.5559552040819238
-0.6142680644989014,0.7246962785720825,-0.6154752969741821,0.6419472694396973,-0.6742209196090698,0.7179030179977417,-0.6161846340195687
-0.6736055016517639,0.7317476272583008,-0.6450623869895935,0.7184221744537354,-0.641806423664093,0.6128408312797546,-0.6655462488490691
-0.6585490107536316,0.7248371839523315,-0.6619371175765991,0.6437530517578125,-0.6453325748443604,0.7197199463844299,-0.7011469235902933
-1.1553407907485962,0.7691063284873962,-0.9969179034233093,0.7516289949417114,-0.9255472421646118,0.7259443998336792,-1.1135092748275182
-1.152130365371704,0.6305582523345947,-1.1519912481307983,0.7550130486488342,-1.1595325469970703,0.6208789348602295,-1.0555173278498313
-1.1984487771987915,0.7167456746101379,-1.204030990600586,0.7198329567909241,-1.1423958539962769,0.7127723097801208,-1.0861861476162833
-1.1542081832885742,0.7377824783325195,-1.155452847480774,0.49155113101005554,-1.1779861450195312,0.7125118970870972,-1.3467874862246563
-1.239208459854126,0.18869201838970184,-1.2374839782714844,0.7010830640792847,-1.2448970079421997,0.760373592376709,-1.275724130399211
-0.7889410853385925,0.7450369596481323,-0.7823579907417297,0.7306899428367615,-0.7800652980804443,0.7428011298179626,-0.721246399047171
-0.9923639297485352,0.7129567265510559,-1.016794204711914,0.6646552681922913,-1.0602166652679443,0.6848686337471008,-1.2218487496163564
-1.0738126039505005,0.7305113673210144,-1.102590560913086,0.7494484782218933,-1.0998022556304932,0.6063158512115479,-1.3010299956639813
-1.2376070022583008,0.7369204163551331,-1.2471892833709717,0.7501253485679626,-1.2333269119262695,0.7304618954658508,-2.0969100130080562
-0.7019045352935791,0.655504047870636,-0.9994895458221436,0.7323988080024719,-1.0027202367782593,0.7300280928611755,-0.721246399047171
-1.5537235736846924,0.7193458080291748,-1.5479211807250977,0.7103873491287231,-1.556045413017273,0.7291195392608643,-1.2839966563652008
-0.8700869083404541,0.29844412207603455,-0.8654172420501709,0.741794228553772,-0.9160178899765015,0.6949628591537476,-0.8239087409443188
-0.9390755295753479,0.7441681623458862,-0.9162970185279846,0.7581179738044739,-0.9185469746589661,0.7657046318054199,-0.958607314841775
-0.4881942570209503,0.41332465410232544,-0.8524850010871887,0.7460744380950928,-0.7871100902557373,0.7399741411209106,-0.21467016498923297
-0.5400907397270203,0.7012245655059814,-0.6670995950698853,0.7276231646537781,-0.48041868209838867,0.7027848958969116,-0.4559319556497244
-0.8367433547973633,0.6719855070114136,-0.8890427947044373,0.6753713488578796,-0.8525209426879883,0.7067008018493652,-0.8538719643217619
-0.6901726722717285,0.6750743985176086,-0.6996674537658691,0.6878335475921631,-0.6884516477584839,0.7011629343032837,-0.6777807052660807
-0.5387539863586426,0.7009126543998718,-0.4835273027420044,0.6978991031646729,-0.5835554003715515,0.7140441536903381,-0.46852108295774486
-0.4029892683029175,0.7087494730949402,-0.33144357800483704,0.7045652270317078,-0.48657405376434326,0.719798743724823,-0.24412514432750865
-0.5364210605621338,0.7379100918769836,-0.5359160900115967,0.7603417038917542,-0.737360954284668,0.7489759922027588,-0.6777807052660807
-0.6821177005767822,0.7429669499397278,-0.6809254884719849,0.745388388633728,-0.7373050451278687,0.7489759922027588,-0.5228787452803376
0.16406333446502686,0.7122046947479248,0.1641790270805359,0.6969971060752869,0.15834635496139526,0.7058979868888855,0.5563025007672873
0.21705514192581177,0.6733999848365784,0.2892897129058838,0.7074851393699646,0.2235114574432373,0.7007461786270142,0.3424226808222063
0.0626903772354126,0.7109706997871399,0.18718183040618896,0.7202053070068359,0.34498465061187744,0.7007455229759216,0.07918124604762482
0.08873909711837769,0.1856440156698227,0.08808326721191406,0.7041710615158081,0.19242990016937256,0.6991521120071411,-0.3010299956639812
-0.6734187006950378,0.6800653338432312,-0.617104709148407,0.7036172151565552,-0.705653727054596,0.6621108055114746,-0.6989700043360187
-0.9783226847648621,0.7262252569198608,-0.9892234802246094,0.7203940749168396,-0.989331066608429,0.7298746705055237,-0.8239087409443188
0.35250169038772583,0.5948852300643921,0.3965749740600586,0.5376560688018799,0.2648146152496338,0.556708037853241,0.4129642719966628
-0.38799530267715454,0.5704585313796997,-0.3420272767543793,0.499216765165329,-0.28713756799697876,0.48022350668907166,-0.28567024025476695
0.142436683177948,0.19214047491550446,0.19773709774017334,0.4475724399089813,0.1612529754638672,0.537983238697052,0.34791518650169134
-0.417581170797348,0.4651454985141754,-0.44730818271636963,0.4706973135471344,-0.4406195878982544,0.44665396213531494,-0.5157001606532141
0.0022202134132385254,0.19310469925403595,0.11937910318374634,0.4809453785419464,0.12506216764450073,0.48984837532043457,0.16316137497701835
-0.528348982334137,0.39838165044784546,-0.5579348802566528,0.41542530059814453,-0.5581235885620117,0.4968826174736023,-0.7594507517174003
-0.9777005910873413,0.5443695187568665,-0.9245522022247314,0.4744316637516022,-0.9078905582427979,0.49350854754447937,-0.640164517660112
-0.022178292274475098,0.47522538900375366,-0.06464773416519165,0.49557697772979736,-0.08035391569137573,0.4773426353931427,-0.14146280243036088
-0.6458196043968201,0.4425906538963318,-0.6391932964324951,0.4048022925853729,-0.6532490849494934,0.3621995747089386,-1.0222763947111522
-0.8017663955688477,0.38195744156837463,-0.8106403946876526,0.44304224848747253,-0.7726575136184692,0.49317246675491333,-0.575118363368933
-0.8825228214263916,0.5552734732627869,-0.6390196084976196,0.44014644622802734,-0.849707841873169,0.5098102688789368,-0.5606673061697374
-0.9220043420791626,0.6090489029884338,-0.5367254018783569,0.5355230569839478,-0.8689228296279907,0.5747814774513245,-0.5272435506827877
-0.9166572093963623,0.5913169384002686,-0.8104283809661865,0.6042594313621521,-0.9025505781173706,0.613335907459259,-0.6635402661514704
-1.061164140701294,0.577964186668396,-1.0644123554229736,0.6144144535064697,-1.0810480117797852,0.6206555962562561,-1.3098039199714864
-0.5072197318077087,0.7173836827278137,-0.4992418885231018,0.722125232219696,-0.7241735458374023,0.740509033203125,-0.8239087409443188
-0.7933320999145508,0.6661369204521179,-0.789194643497467,0.7296899557113647,-0.7053560018539429,0.7402207851409912,-0.4814860601221125
-0.43758517503738403,0.3033055365085602,-0.44285517930984497,0.7320111989974976,-0.6893898844718933,0.7403080463409424,-0.744727494896694
-1.0185600519180298,0.7126197814941406,-1.1514500379562378,0.7431182861328125,-1.163213849067688,0.6596335172653198,-0.8239087409443188
-0.9422926902770996,0.7082677483558655,-0.9666049480438232,0.6889625191688538,-0.8605594038963318,0.710677444934845,-1.0969100130080565
-0.9818251132965088,0.7140586376190186,-0.8306828141212463,0.6931034922599792,-0.83157879114151,0.7124618887901306,-1.3010299956639813
-0.7634564638137817,0.7235650420188904,-1.0133469104766846,0.7579568028450012,-0.9291908144950867,0.7221395969390869,-1.2218487496163564
-0.41494134068489075,0.7088972926139832,-0.40172716975212097,0.759278416633606,-0.34820643067359924,0.759762167930603,-0.2006594505464183
-0.3696582317352295,0.6793564558029175,-0.5125586986541748,0.7594269514083862,-0.3266471028327942,0.6753392219543457,-0.3979400086720376
-0.3997596502304077,0.23038315773010254,-0.3962756097316742,0.6641241908073425,-0.45748504996299744,0.7583789825439453,-0.42021640338318983
-0.4738597869873047,0.7170428037643433,-0.6361441612243652,0.6940480470657349,-0.6274570822715759,0.697078287601471,-0.6777807052660807
-1.0089374780654907,0.6311378479003906,-0.8997700214385986,0.6851598024368286,-1.035747766494751,0.6401591897010803,-1.0457574905606752
-1.1456513404846191,0.2387533336877823,-1.136581301689148,0.602250337600708,-1.1278330087661743,0.631655752658844,-1.154901959985743
-1.214386224746704,0.49399295449256897,-1.2270803451538086,0.6009806394577026,-1.231039047241211,0.5721477270126343,-1.2218487496163564
-1.267596960067749,0.4756059944629669,-1.2643685340881348,0.4758307635784149,-1.2927911281585693,0.4900905191898346,-1.3010299956639813
-1.2764660120010376,0.33072108030319214,-1.2434396743774414,0.5126278400421143,-1.2984888553619385,0.5301556587219238,-1.3010299956639813
-0.8159322738647461,0.6019771695137024,-0.8543654680252075,0.6567425727844238,-0.8872843980789185,0.6172223687171936,-0.6989700043360187
-0.961553692817688,0.4179208278656006,-0.9447817206382751,0.5060492157936096,-0.9734527468681335,0.49661144614219666,-0.8239087409443188
-1.0053324699401855,0.3508765399456024,-0.9600108861923218,0.47068193554878235,-0.9529293179512024,0.5298882126808167,-0.9208187539523752
-1.0109111070632935,0.42533111572265625,-1.004491925239563,0.5421676635742188,-0.996059775352478,0.3911190629005432,-0.958607314841775
-0.9692980051040649,0.25935763120651245,-1.0048904418945312,0.5744358897209167,-1.00067937374115,0.4716072380542755,-1.0
-0.5760120749473572,0.35820648074150085,-0.6954383850097656,0.6781851649284363,-0.5689142942428589,0.613217294216156,-0.6575773191777937
-0.6758739352226257,0.3256230652332306,-0.7847530841827393,0.5680387020111084,-0.6952958106994629,0.6265074610710144,-0.6777807052660807
-0.7028443813323975,0.2770032584667206,-0.7474662661552429,0.5107980370521545,-0.7166317701339722,0.4616307020187378,-0.6989700043360187
-0.7235732674598694,0.553541362285614,-0.7270880341529846,0.6133688688278198,-0.7234786152839661,0.5707086324691772,-0.7695510786217261
-0.7271458506584167,0.44828030467033386,-0.7435413002967834,0.464015394449234,-0.7287871837615967,0.493791788816452,-0.6989700043360187
-0.09047317504882812,0.6966843605041504,-0.13948440551757812,0.7311033010482788,-0.33727189898490906,0.7374812960624695,0.07918124604762482
0.06864935159683228,0.7233455777168274,0.04693031311035156,0.729893147945404,-0.26641106605529785,0.7374969124794006,0.0
-0.2217879295349121,0.7354357838630676,-0.16655737161636353,0.756540060043335,-0.2348514199256897,0.7413368225097656,-0.10790539730951959
-0.5352553129196167,0.7447019219398499,-0.5814731121063232,0.7477196455001831,-0.5557031035423279,0.7482013702392578,-0.17392519729917352
-0.7111722826957703,0.747158944606781,-0.6951187252998352,0.7649472951889038,-0.7531435489654541,0.743389904499054,-0.3010299956639812
-0.5886251926422119,0.6094822287559509,-0.4692325294017792,0.5836983919143677,-0.6375536322593689,0.6307968497276306,-0.3467874862246563
-0.25444841384887695,0.433660089969635,-0.352199524641037,0.6852957606315613,-0.46281003952026367,0.711366593837738,-0.2596373105057561
-0.6656878590583801,0.6286640763282776,-0.6748151779174805,0.6362625360488892,-0.6165533065795898,0.6562808156013489,-1.0457574905606752
-0.5725007057189941,0.6970645189285278,-0.668035089969635,0.7011235952377319,-0.760759174823761,0.7108967900276184,-0.4559319556497244
-0.9006852507591248,0.7341734170913696,-0.9742496013641357,0.7312929034233093,-0.7489861845970154,0.7341015934944153,-1.0
-0.776482880115509,0.6971304416656494,-0.8457392454147339,0.7023711204528809,-0.7338746190071106,0.7105684280395508,-1.3010299956639813
-0.18571782112121582,0.1689157485961914,-0.20156222581863403,0.6183360815048218,-0.20903140306472778,0.6327571868896484,0.04139268515822507
-0.15391820669174194,0.6019728779792786,-0.18751132488250732,0.5997679233551025,-0.18321484327316284,0.6448171138763428,-0.09691001300805639
-0.17583364248275757,0.6005436778068542,-0.17355597019195557,0.5800542235374451,-0.2339996099472046,0.6301434636116028,-0.22184874961635637
-0.22509706020355225,0.6194222569465637,-0.26549437642097473,0.5943055152893066,-0.27155688405036926,0.6404069066047668,-0.2596373105057561
-0.2706042528152466,0.4503650963306427,-0.22136318683624268,0.6140017509460449,-0.2738116383552551,0.5393319129943848,-0.44369749923271273
-0.4935005307197571,0.6029329895973206,-0.3957175016403198,0.602969229221344,-0.45254114270210266,0.6158568263053894,-0.619788758288394
-0.8692697882652283,0.5887351632118225,-0.8934153914451599,0.614448070526123,-0.8711099028587341,0.6346468329429626,-1.0
-0.8601602911949158,0.20524460077285767,-0.888320803642273,0.6025159358978271,-0.8658601641654968,0.5149864554405212,-0.7695510786217261
-0.5880062580108643,0.568491518497467,-0.5830824375152588,0.5849505066871643,-0.5848208665847778,0.5974014401435852,-0.6989700043360187
-0.4595329761505127,0.514911413192749,-0.4629226624965668,0.5806015133857727,-0.4845668375492096,0.5887144804000854,-0.3979400086720376
-0.12651538848876953,0.5731133222579956,-0.13793891668319702,0.5983830094337463,-0.13467884063720703,0.5714707970619202,-0.1549019599857432
-0.14149904251098633,0.6838696002960205,0.15639281272888184,0.661760151386261,0.16335058212280273,0.6348198652267456,0.07918124604762482
-0.1977284550666809,0.7146940231323242,0.036979854106903076,0.6571676731109619,0.047863125801086426,0.6775953769683838,0.3010299956639812
-0.6786192059516907,0.7404826879501343,-0.7231152057647705,0.7515979409217834,-0.7053396105766296,0.7422002553939819,-0.7695510786217261
-2.763813018798828,0.16624847054481506,-2.7675604820251465,0.40234556794166565,-2.7823381423950195,0.32066112756729126,-2.8404328067663798
-3.6202120780944824,0.39710626006126404,-3.5818748474121094,0.38844767212867737,-3.6343257427215576,0.4247889816761017,-3.492144128304169
-2.7936267852783203,0.33915606141090393,-2.775607109069824,0.34820595383644104,-2.8113863468170166,0.4883738160133362,-2.8239087409443187
-3.564560890197754,0.16841550171375275,-3.601040840148926,0.41600605845451355,-3.643699884414673,0.4231090843677521,-3.583359492661719
-2.820436477661133,0.3737882673740387,-2.7915430068969727,0.3425881862640381,-2.810831308364868,0.3130013346672058,-2.8079904073463298
-3.6087427139282227,0.6049934029579163,-3.622347831726074,0.3246273696422577,-3.612205982208252,0.2677364647388458,-3.632644078973981
-2.843442916870117,0.32574692368507385,-2.860522747039795,0.2551622688770294,-2.8512895107269287,0.3042849004268646,-2.7780644001719947
-3.6452536582946777,0.16396747529506683,-3.6655681133270264,0.3755476176738739,-3.607884407043457,0.48531174659729004,-3.7772835288524167
-2.9165666103363037,0.3584306538105011,-2.9482345581054688,0.35958781838417053,-2.9340319633483887,0.47909143567085266,-2.8404328067663798
-3.7665064334869385,0.6041626930236816,-3.661916494369507,0.4298939108848572,-3.780531167984009,0.4097069799900055,-3.8416375079047502
-3.0234761238098145,0.6089695692062378,-2.9493093490600586,0.38820913434028625,-3.0039174556732178,0.30008721351623535,-2.9542859410591324
-3.7591874599456787,0.3298872411251068,-3.6924338340759277,0.44633617997169495,-3.7734909057617188,0.4894074499607086,-3.9546770212133424
-3.2514450550079346,0.6409293413162231,-3.209125518798828,0.4951396882534027,-3.0932295322418213,0.4662621021270752,-3.109020403010311
-3.7681703567504883,0.46141237020492554,-3.683077573776245,0.53192138671875,-3.8699755668640137,0.5052888989448547,-3.9746941347352296
-2.3479061126708984,0.521827220916748,-2.4210457801818848,0.674593985080719,-2.3504767417907715,0.6686727404594421,-3.3010299956639813
-0.7412325143814087,0.7443588376045227,-0.7453466057777405,0.7668853998184204,-0.7544330954551697,0.7433901429176331,-0.8239087409443188
-0.7333742380142212,0.740658164024353,-0.7435711026191711,0.7610453367233276,-0.738698422908783,0.7489761710166931,-0.8538719643217619
-0.007195949554443359,0.7377833724021912,-0.0136185884475708,0.7649325132369995,-0.0032903552055358887,0.7162525653839111,-0.7695510786217261
-0.33812835812568665,0.7386670708656311,-0.42305296659469604,0.7405601739883423,-0.4251447916030884,0.7559093236923218,-0.3187587626244128
-0.30871742963790894,0.7414520978927612,-0.3349383473396301,0.764907717704773,-0.3111560046672821,0.7207061052322388,-0.2676062401770315
-0.3621073067188263,0.7731797099113464,-0.37583401799201965,0.756694495677948,-0.35836780071258545,0.7545613646507263,-0.3098039199714863
-0.7655799388885498,0.7398303747177124,-0.7667289972305298,0.7514505982398987,-0.7651342749595642,0.7314443588256836,0.01703333929878037
-0.749531626701355,0.7460017204284668,-0.7453444600105286,0.7668853998184204,-0.7387626767158508,0.7489761114120483,-0.7695510786217261
-0.7555608153343201,0.7471664547920227,-0.743179202079773,0.750267505645752,-0.7449259757995605,0.7568842768669128,-1.744727494896694
-1.5137364864349365,0.6356423497200012,-1.149234414100647,0.6920410394668579,-1.4198479652404785,0.6488357186317444,-1.154901959985743
0.0169103741645813,0.7138391733169556,0.006956815719604492,0.7224584221839905,0.006881833076477051,0.7386597394943237,0.16405529189345164
0.14690828323364258,0.7485039234161377,0.14526700973510742,0.7391975522041321,0.13161581754684448,0.7260926961898804,0.027349607774756507
-0.7513890862464905,0.7441145181655884,-0.7455256581306458,0.7668853998184204,-0.7359111905097961,0.7487901449203491,-0.721246399047171
-0.575543999671936,0.7136154174804688,-0.6455051898956299,0.6979466080665588,-1.1186461448669434,0.7306928038597107,-1.6989700043360187
-1.4153320789337158,0.5982664823532104,-1.364223599433899,0.7284363508224487,-1.0710103511810303,0.7428895831108093,-0.0809219076239261
0.4216770529747009,0.6214434504508972,0.3925900459289551,0.6522004008293152,0.41769373416900635,0.6322629451751709,0.5797835966168101
0.4244202971458435,0.6821045875549316,0.36282670497894287,0.5996153354644775,0.3564894199371338,0.6392480134963989,0.38021124171160603
0.2802045941352844,0.676002025604248,0.13784867525100708,0.6183582544326782,0.09816098213195801,0.6078449487686157,0.146128035678238
-0.16965806484222412,0.6685073971748352,-0.10376209020614624,0.572090208530426,-0.2121891975402832,0.5576813817024231,-0.5228787452803376
-0.8575577735900879,0.46742919087409973,-0.4883267879486084,0.6506325006484985,-0.9159991145133972,0.6646154522895813,-1.0
-0.7720564603805542,0.684912919998169,-0.7178825736045837,0.7276754379272461,-0.8855438828468323,0.7198278903961182,-0.3565473235138126
0.07469522953033447,0.6082569360733032,0.024307608604431152,0.5580176115036011,-0.05880904197692871,0.5701117515563965,-0.8239087409443188
0.03866147994995117,0.6317658424377441,0.025114119052886963,0.5343087315559387,-0.07142370939254761,0.48446643352508545,-0.744727494896694
-0.18781685829162598,0.4107304811477661,-0.17257344722747803,0.514369785785675,-0.20326417684555054,0.5787429213523865,0.25527250510330607
0.04412144422531128,0.6319652795791626,-0.3217327892780304,0.5334212779998779,-0.08608585596084595,0.4852373003959656,0.3222192947339193
-0.17388802766799927,0.4040054380893707,-0.30966851115226746,0.5336076021194458,-0.17278939485549927,0.5164899826049805,0.20411998265592482
-0.06389600038528442,0.5950515866279602,-0.18122071027755737,0.5153127908706665,-0.2360004186630249,0.5802521109580994,0.04139268515822507
-0.932199239730835,0.5300518870353699,-0.9322575330734253,0.502440333366394,-0.9052844643592834,0.5066455006599426,-0.045757490560675115
0.03216069936752319,0.6458613276481628,-0.262513130903244,0.5253446698188782,-0.28558483719825745,0.5911144018173218,-0.6989700043360187
-0.3137616217136383,0.6650099754333496,-0.7126901149749756,0.604084849357605,-0.5155789852142334,0.5921875238418579,-0.6575773191777937
-0.70353102684021,0.5386835336685181,-0.7674381136894226,0.6267490386962891,-0.5389163494110107,0.6163188815116882,-0.595166283380062
-1.5573015213012695,0.6062843799591064,-1.576261281967163,0.646200954914093,-1.5929770469665527,0.644993007183075,-1.3979400086720375
-1.4386366605758667,0.6082171201705933,-1.4412940740585327,0.5717074275016785,-1.4516698122024536,0.5502033233642578,-1.6989700043360187
-1.5032718181610107,0.2010071873664856,-1.5200022459030151,0.6274057626724243,-1.5719075202941895,0.6489863991737366,-1.5528419686577808
-1.4659593105316162,0.6167873740196228,-1.4209926128387451,0.661422848701477,-1.4543299674987793,0.681717574596405,-1.4559319556497243
-0.7206206321716309,0.7482845783233643,-0.7213230729103088,0.6371881365776062,-0.6196056604385376,0.6612548232078552,-0.8239087409443188
-0.6701085567474365,0.7350776195526123,-0.66803377866745,0.6174953579902649,-0.5972338914871216,0.6541895866394043,-0.744727494896694
-0.6563546061515808,0.7065669298171997,-0.6719155311584473,0.7055708765983582,-0.6555318832397461,0.7415162324905396,-0.619788758288394
-0.5926716327667236,0.6392812728881836,-0.6207972764968872,0.7437704205513,-0.6668356657028198,0.7590938806533813,-0.5528419686577808
-0.5889347791671753,0.1902778148651123,-0.5931119918823242,0.7076805830001831,-0.6507575511932373,0.7594701647758484,-0.5228787452803376
-0.4206693768501282,0.7384834885597229,-0.45153647661209106,0.1832553595304489,-0.4385983645915985,0.6089653372764587,-0.48811663902112556
-0.4608669877052307,0.7384712100028992,-0.48032841086387634,0.18324324488639832,-0.4709744453430176,0.21196046471595764,-0.494850021680094
-0.5049064755439758,0.3434044420719147,-0.49716079235076904,0.306342750787735,-0.5089951753616333,0.4045356810092926,-0.5016894462103995
-0.3853064775466919,0.7386876344680786,-0.42450156807899475,0.708713710308075,-0.49041181802749634,0.7268316149711609,-0.36653154442041347
-0.4327535331249237,0.32226237654685974,-0.43790051341056824,0.33050450682640076,-0.4930914044380188,0.7295158505439758,-0.2924298239020636
-0.5124284029006958,0.4234236478805542,-0.5065836906433105,0.717140257358551,-0.504656970500946,0.3714786469936371,-0.5228787452803376
-0.5124284029006958,0.4234236478805542,-0.5065836906433105,0.717140257358551,-0.5248515605926514,0.7282447218894958,-0.5086383061657274
-0.576077938079834,0.738822877407074,-0.5258002281188965,0.24806949496269226,-0.5148049592971802,0.7258744239807129,-0.5157001606532141
-0.543124794960022,0.7385426163673401,-0.5212751626968384,0.7088183760643005,-0.5298572778701782,0.39181315898895264,-0.5086383061657274
-0.49735593795776367,0.2018221914768219,-0.48649775981903076,0.21825625002384186,-0.49219390749931335,0.20498840510845184,-0.5016894462103995
-0.411159485578537,0.1747940182685852,-0.44528689980506897,0.2407483458518982,-0.4946447014808655,0.7269206643104553,-0.494850021680094
-0.3594783842563629,0.19615676999092102,-0.39703959226608276,0.3895174264907837,-0.4002269506454468,0.4549563229084015,-0.48811663902112556
-2.442817211151123,0.20651105046272278,-2.3995349407196045,0.7283035516738892,-2.5212860107421875,0.7229986190795898,-2.3979400086720375
-2.504420280456543,0.7800463438034058,-2.5273239612579346,0.6784560084342957,-2.5540456771850586,0.722289502620697,-2.42021640338319
-2.6988658905029297,0.1859903782606125,-2.6693010330200195,0.6769925951957703,-2.658597707748413,0.7436561584472656,-2.5528419686577806
-2.85382080078125,0.18427088856697083,-2.8047595024108887,0.7168408632278442,-2.8108253479003906,0.7285705208778381,-2.744727494896694
-2.669630527496338,0.6658886075019836,-2.6364059448242188,0.7419854402542114,-2.6173593997955322,0.7233746647834778,-3.3010299956639813
0.8767575025558472,0.6637128591537476,0.9086437821388245,0.6681882739067078,0.8813251852989197,0.7002373933792114,0.9030899869919435
0.9491909146308899,0.6466843485832214,0.9234899282455444,0.7148469686508179,0.8850087523460388,0.6372103691101074,0.9542425094393249
0.8628419041633606,0.7100077271461487,0.8809657692909241,0.6754831075668335,0.8608886003494263,0.6826156973838806,0.8450980400142568
1.0211560726165771,0.6996224522590637,1.0218708515167236,0.7155979871749878,1.0035990476608276,0.6873161792755127,1.0170333392987803
0.8248623609542847,0.23623915016651154,0.8453723192214966,0.720718264579773,0.8450343012809753,0.6480321884155273,0.9242792860618817
0.9596750736236572,0.24271249771118164,0.9834694266319275,0.6598941683769226,0.9547721147537231,0.6822658777236938,1.1139433523068367
0.14748817682266235,0.4840509593486786,0.11875945329666138,0.47130435705184937,0.12744730710983276,0.45844361186027527,0.07918124604762482
-0.1582697033882141,0.37619009613990784,-0.1795053482055664,0.3107903003692627,-0.1407678723335266,0.33832618594169617,-0.3565473235138126
-0.189092218875885,0.4234830439090729,-0.22860604524612427,0.37209221720695496,-0.2461245357990265,0.37809816002845764,-0.11918640771920865
-0.27085089683532715,0.33547818660736084,-0.23845511674880981,0.2811267673969269,-0.1586419939994812,0.34924623370170593,-0.09691001300805639
-0.3575993478298187,0.5864617824554443,-0.47591423988342285,0.5303131937980652,-0.4266347587108612,0.5298619866371155,-0.6575773191777937
0.22093313932418823,0.5083283185958862,0.25325387716293335,0.41567152738571167,0.23370754718780518,0.45186933875083923,0.2304489213782739
-0.054235219955444336,0.34604963660240173,-0.0968552827835083,0.24705064296722412,-0.1284542679786682,0.2512015998363495,0.0
-0.06028258800506592,0.34179791808128357,-0.11423689126968384,0.23217414319515228,-0.038819313049316406,0.2947225868701935,-0.22184874961635637
-0.09046119451522827,0.17068395018577576,-0.0853920578956604,0.37115710973739624,-0.1368275284767151,0.3449772000312805,-0.09691001300805639
-0.2996646761894226,0.5760058164596558,-0.45507389307022095,0.5320069193840027,-0.3518831133842468,0.5082934498786926,-0.3979400086720376
0.3346763253211975,0.5090879201889038,0.3654288053512573,0.4163254499435425,0.3686347007751465,0.4064445197582245,0.38021124171160603
0.012138605117797852,0.22985447943210602,-0.007856011390686035,0.22007161378860474,0.03196609020233154,0.2882745862007141,0.13033376849500614
-0.020423531532287598,0.21501564979553223,0.008014976978302002,0.20815743505954742,0.04985243082046509,0.2737806737422943,-0.13076828026902382
-0.03028738498687744,0.380015105009079,-0.02089548110961914,0.2805953621864319,-0.011126339435577393,0.26546528935432434,-0.026872146400301365
-0.24790996313095093,0.5722753405570984,-0.30827632546424866,0.5807245969772339,-0.30684319138526917,0.5505462884902954,-0.3010299956639812
0.45569032430648804,0.42816704511642456,0.4680899381637573,0.43576282262802124,0.4611811637878418,0.4607129693031311,0.5185139398778874
0.08791953325271606,0.34788450598716736,0.052577853202819824,0.30589279532432556,0.09776115417480469,0.2966362535953522,0.20411998265592482
0.10412979125976562,0.42303985357284546,0.12005329132080078,0.31160569190979004,0.02902764081954956,0.35040518641471863,0.01703333929878037
0.1162424087524414,0.34055039286613464,0.05860346555709839,0.29343467950820923,0.1160622239112854,0.28271496295928955,-0.06550154875643228
-0.2080935835838318,0.5717507600784302,-0.2095751166343689,0.5183318257331848,-0.20622903108596802,0.5577012896537781,-0.22184874961635637
0.48828333616256714,0.5492115616798401,0.5092280507087708,0.44162821769714355,0.4499278664588928,0.4287870228290558,0.6127838567197355
0.07307040691375732,0.3138168454170227,0.0852806568145752,0.35819780826568604,0.10920554399490356,0.31797224283218384,0.24551266781414982
0.1730356216430664,0.46398451924324036,0.18855518102645874,0.36626434326171875,0.12086009979248047,0.35788747668266296,0.04921802267018165
0.16294652223587036,0.39999526739120483,0.17082595825195312,0.3081556260585785,0.14472246170043945,0.30616089701652527,0.021189299069938092
-0.20688843727111816,0.5872340202331543,-0.16388148069381714,0.5340659618377686,-0.1426553726196289,0.5626673102378845,-0.10790539730951959
-2.154371500015259,0.23377597332000732,-2.233142375946045,0.7550112009048462,-2.161241054534912,0.7392439842224121,-1.9199510324211482
-2.194850206375122,0.663241982460022,-2.238199234008789,0.7022244930267334,-2.1938867568969727,0.7346497774124146,-2.3005959181846625
-2.7631947994232178,0.6185621619224548,-2.731827735900879,0.7551559209823608,-2.7468738555908203,0.736007809638977,-3.0969100130080562
-2.891242027282715,0.17094461619853973,-2.896538257598877,0.6992005705833435,-2.880337953567505,0.24326176941394806,-2.77780395369828
-2.633302688598633,0.6540675163269043,-2.6384382247924805,0.19998183846473694,-2.637232780456543,0.5906867384910583,-2.87484417041947
-2.7069549560546875,0.5983734726905823,-2.6389412879943848,0.7548621892929077,-2.691239356994629,0.6863150000572205,-2.573814174755489
-2.4767303466796875,0.6597000956535339,-2.5566530227661133,0.699308454990387,-2.4986655712127686,0.2050594538450241,-2.4468454518303746
-2.3521413803100586,0.6083381175994873,-2.3634190559387207,0.7009078860282898,-2.320566415786743,0.6889163255691528,-2.2337359093480043
-2.0911998748779297,0.6788955330848694,-2.089226484298706,0.7552765607833862,-2.0812034606933594,0.6202518939971924,-2.137928280620006
-2.427966594696045,0.701396107673645,-2.3908534049987793,0.7559350728988647,-2.5483105182647705,0.71744304895401,-3.425968732272281
-0.12658953666687012,0.2084130346775055,-0.14130175113677979,0.6618097424507141,-0.15049922466278076,0.5171248316764832,-0.12493873660829993
-0.17173820734024048,0.5898653864860535,-0.17445045709609985,0.49801206588745117,-0.16535228490829468,0.5476426482200623,-0.14266750356873156
-0.19434207677841187,0.5820136666297913,-0.1778586506843567,0.55312579870224,-0.19146227836608887,0.6005056500434875,-0.2076083105017461
-0.3634893000125885,0.6036645770072937,-0.35829290747642517,0.6064049601554871,-0.3344618082046509,0.6555538177490234,-0.3979400086720376
-0.2574687600135803,0.39633724093437195,-0.24948734045028687,0.5285934805870056,-0.24707254767417908,0.6351590752601624,-0.22184874961635637
-0.23642289638519287,0.5781280398368835,-0.24154168367385864,0.6508092880249023,-0.24707254767417908,0.6351590752601624,-0.23657200643706278
-0.14137303829193115,0.5739448070526123,-0.15735399723052979,0.6540849804878235,-0.13610655069351196,0.5375236868858337,-0.22184874961635637
-0.15713858604431152,0.5400805473327637,-0.1521904468536377,0.5692005753517151,-0.1650034785270691,0.5651887059211731,-0.1549019599857432
-0.19664138555526733,0.2988889813423157,-0.21258240938186646,0.6484322547912598,-0.2132851481437683,0.6027349829673767,-0.10790539730951959
-0.3458520472049713,0.4581029713153839,-0.318037748336792,0.6619098782539368,-0.35212597250938416,0.6171931624412537,-0.2596373105057561
-0.1586865782737732,0.6612682938575745,-0.1500665545463562,0.6625978946685791,-0.1782202124595642,0.6636750102043152,-0.10790539730951959
-0.009698212146759033,0.6574488878250122,-0.04359328746795654,0.6995136141777039,-0.028760910034179688,0.6772544384002686,0.021189299069938092
0.07711625099182129,0.7026820182800293,0.0667148232460022,0.7016093730926514,0.07422548532485962,0.6857267618179321,0.07918124604762482
0.02310866117477417,0.3015008568763733,0.04238098859786987,0.7132945656776428,0.027397990226745605,0.7068279981613159,0.09691001300805642
-0.36202627420425415,0.4567534029483795,-0.35806331038475037,0.38327667117118835,-0.37327665090560913,0.3292633295059204,-0.2076083105017461
-0.1554437279701233,0.16202014684677124,-0.2151990532875061,0.27836066484451294,-0.18614637851715088,0.3070935308933258,0.04139268515822507
-0.18861830234527588,0.5144912600517273,-0.20759373903274536,0.36956632137298584,-0.11534833908081055,0.3002355098724365,0.07918124604762482
-0.36686939001083374,0.2591618299484253,-0.36465081572532654,0.29282358288764954,-0.36860817670822144,0.4249521493911743,-0.22184874961635637
-0.16669726371765137,0.4551350772380829,-0.15422827005386353,0.23348626494407654,-0.16997098922729492,0.39069584012031555,0.0
-0.1991671323776245,0.5140582919120789,-0.21747112274169922,0.368916392326355,-0.09036445617675781,0.35229387879371643,0.04139268515822507
-0.31680169701576233,0.5060868263244629,-0.41020429134368896,0.3815995752811432,-0.40884414315223694,0.42410585284233093,-0.3979400086720376
-0.20230603218078613,0.17518195509910583,-0.19628989696502686,0.2661917507648468,-0.19723248481750488,0.27118319272994995,-0.1938200260161128
-0.14658838510513306,0.28097885847091675,-0.1044510006904602,0.35004156827926636,-0.09039813280105591,0.38699010014533997,-0.08618614761628333
-0.42210835218429565,0.45401081442832947,-0.39976030588150024,0.2928506135940552,-0.40592890977859497,0.3099309206008911,-0.5228787452803376
-0.24769845604896545,0.16000360250473022,-0.20437300205230713,0.3400026261806488,-0.19037026166915894,0.21232302486896515,-0.38721614328026455
-0.0465465784072876,0.4936644434928894,-0.1209074854850769,0.3884369134902954,-0.16471683979034424,0.3518427908420563,-0.3372421683184259
-0.37455376982688904,0.5054071545600891,-0.4197603762149811,0.3085499107837677,-0.3956422805786133,0.2804669439792633,-0.619788758288394
-0.23667174577713013,0.45317745208740234,-0.27049678564071655,0.23465989530086517,-0.2852614223957062,0.3898608088493347,-0.3979400086720376
-0.06859755516052246,0.49355483055114746,-0.17651700973510742,0.3514595627784729,-0.14027607440948486,0.3871384561061859,-0.37675070960209955
-0.7515981197357178,0.7845404744148254,-0.7431132197380066,0.7652263641357422,-0.7512623071670532,0.7503482699394226,-0.9507819773298184
-1.896275281906128,0.7286507487297058,-1.8427507877349854,0.6652277708053589,-1.8997251987457275,0.7367186546325684,-1.3010299956639813
-1.9467613697052002,0.6143621802330017,-1.9570457935333252,0.753753125667572,-1.9510021209716797,0.7329792380332947,-1.3010299956639813
-1.7703723907470703,0.6990577578544617,-1.7724478244781494,0.667337954044342,-1.7584909200668335,0.6310697197914124,-2.3979400086720375
-2.050506353378296,0.1852775514125824,-2.077448844909668,0.5232759118080139,-2.053046941757202,0.650909960269928,-2.6989700043360187
-2.795071601867676,0.7157012820243835,-2.9126076698303223,0.7546302676200867,-2.8524467945098877,0.7389844655990601,-3.0
-0.5534905791282654,0.7252171635627747,-0.5827418565750122,0.7176705598831177,-0.6585995554924011,0.7335879802703857,-0.3010299956639812
-0.04641515016555786,0.7201505899429321,0.11696004867553711,0.6951671838760376,0.06107604503631592,0.7169737815856934,-0.1549019599857432
0.20054763555526733,0.20845399796962738,-0.19056612253189087,0.7278350591659546,0.20505821704864502,0.7118033170700073,0.17609125905568124
0.18088114261627197,0.7252722382545471,-0.2065555453300476,0.733880341053009,0.1333056092262268,0.7364124059677124,0.5440680443502757
-0.8193896412849426,0.7316872477531433,-0.7177369594573975,0.7111414074897766,-0.7148494720458984,0.7236952185630798,-0.744727494896694
-0.8202846050262451,0.737224280834198,-0.767568051815033,0.7195937633514404,-0.7789880633354187,0.644233763217926,-0.7958800173440752
-0.8266507387161255,0.7242951989173889,-0.7911466360092163,0.6158511638641357,-0.7918611168861389,0.6679106950759888,-0.6777807052660807
-0.8176270723342896,0.6415483355522156,-0.8326371908187866,0.7078990340232849,-0.8124750852584839,0.7288187742233276,-0.8538719643217619
-0.7837280035018921,0.45476850867271423,-0.7875688076019287,0.6450751423835754,-0.8183090686798096,0.609016478061676,-0.7958800173440752
-0.8074052929878235,0.7304526567459106,-0.7767703533172607,0.5745477080345154,-0.7903028130531311,0.6171718239784241,-0.6989700043360187
-0.85862135887146,0.6347188353538513,-0.8323925137519836,0.7217399477958679,-0.8370808959007263,0.7321280837059021,-0.8239087409443188
-0.6688030958175659,0.2083633542060852,-0.6683453321456909,0.7193335890769958,-0.6763219833374023,0.7317331433296204,-0.8239087409443188
-0.8907431364059448,0.6685661673545837,-0.8489221930503845,0.6779412031173706,-0.8307169675827026,0.735492467880249,-0.8538719643217619
-1.3118785619735718,0.6539656519889832,-1.4721189737319946,0.6185607314109802,-1.0444154739379883,0.6972260475158691,-2.0969100130080562
-0.4252987205982208,0.7464447021484375,-0.11251336336135864,0.7473099231719971,-0.1777781844139099,0.7287543416023254,-0.08618614761628333
-0.6185444593429565,0.7470502853393555,-0.41384753584861755,0.766827404499054,-0.4496157169342041,0.7414780259132385,0.06818586174616162
-0.555695116519928,0.2776786983013153,-0.4113977253437042,0.766823410987854,-0.5472685694694519,0.7545698285102844,-0.3467874862246563
-0.4421486258506775,0.7775686979293823,-0.4875456392765045,0.7668452858924866,-0.4407755136489868,0.7528496980667114,-0.638272163982407
-0.7385298609733582,0.7458455562591553,-0.6089839339256287,0.76686030626297,-0.714306652545929,0.7562806606292725,-0.7695510786217261
-0.5665723085403442,0.780407726764679,-0.5588402152061462,0.7592821717262268,-0.7298534512519836,0.7487958073616028,-0.2676062401770315
-0.519291877746582,0.7317025661468506,-0.4998284578323364,0.7451802492141724,-0.7086396217346191,0.7469001412391663,-0.42021640338318983
-0.7245023250579834,0.7804819345474243,-0.6233785152435303,0.7274115681648254,-0.6373832821846008,0.6784175634384155,-0.6777807052660807
-0.7979023456573486,0.7801443934440613,-0.744043231010437,0.7557085752487183,-0.7080968618392944,0.7486586570739746,-0.6777807052660807
-0.7505915760993958,0.7470152974128723,-0.7111026644706726,0.7495259642601013,-0.7405641674995422,0.77044677734375,-1.0457574905606752
-0.4276188015937805,0.7793729901313782,-0.6277670860290527,0.7552937865257263,-0.43020889163017273,0.7255869507789612,-0.3979400086720376
-0.7145742177963257,0.27767887711524963,-0.6436105370521545,0.7497514486312866,-0.7128321528434753,0.7040073871612549,-0.619788758288394
-0.686511218547821,0.7093916535377502,-0.68727046251297,0.7531469464302063,-0.669116735458374,0.7675051689147949,-0.7695510786217261
-0.7735715508460999,0.7441915273666382,-0.7858156561851501,0.7473080158233643,-0.7667326331138611,0.7485717535018921,-0.8239087409443188
-0.576982855796814,0.7370595335960388,-0.7030466794967651,0.765768826007843,-0.5774269104003906,0.7486299872398376,-0.23657200643706278
-0.5144445896148682,0.3851403594017029,-0.5181770324707031,0.5688896179199219,-0.5633663535118103,0.40863344073295593,-0.5086383061657274
-0.5637257099151611,0.46626338362693787,-0.5619388818740845,0.4377903342247009,-0.5791730880737305,0.3985854387283325,-0.46852108295774486
-0.5601165294647217,0.4905345141887665,-0.5609594583511353,0.558447539806366,-0.559349775314331,0.48729270696640015,-0.5528419686577808
-0.634367823600769,0.42106905579566956,-0.6319376826286316,0.5674539804458618,-0.6327400803565979,0.511904776096344,-0.6575773191777937
-0.6757242679595947,0.5361668467521667,-0.6812344193458557,0.5167931914329529,-0.6886608600616455,0.509498655796051,-0.6989700043360187
-0.4487525522708893,0.43684980273246765,-0.46059080958366394,0.4193423092365265,-0.4251321256160736,0.4498273730278015,-0.44369749923271273
-0.33436349034309387,0.3769391179084778,-0.3514544665813446,0.3961028754711151,-0.36385756731033325,0.4049854278564453,-0.3467874862246563
-0.2819008231163025,0.2248196303844452,-0.2872389554977417,0.5346279740333557,-0.27723658084869385,0.5295902490615845,-0.2676062401770315
-0.6856018304824829,0.5038883686065674,-0.7188022136688232,0.5692612528800964,-0.7312211394309998,0.4621119499206543,-0.744727494896694
-0.5966272354125977,0.47875285148620605,-0.6108028292655945,0.4207210838794708,-0.6188536882400513,0.4502291977405548,-0.6575773191777937
-0.5053454041481018,0.4307103753089905,-0.5022925138473511,0.5370351076126099,-0.4942575693130493,0.48164069652557373,-0.5086383061657274
-0.387846976518631,0.5288294553756714,-0.43628501892089844,0.49236243963241577,-0.39571720361709595,0.5441135764122009,-0.3979400086720376
-1.0321743488311768,0.5442918539047241,-1.0269296169281006,0.6441845297813416,-1.0464603900909424,0.5585368275642395,-1.0969100130080565
-0.9307548999786377,0.2016923874616623,-0.9270826578140259,0.5719929933547974,-0.9436190724372864,0.5616810321807861,-0.958607314841775
-0.7932947874069214,0.5940373539924622,-0.7657317519187927,0.6181957125663757,-0.7771492600440979,0.5716425776481628,-0.744727494896694
-0.6497342586517334,0.5587683320045471,-0.6773313283920288,0.6251845359802246,-0.680688202381134,0.6033567190170288,-0.6020599913279624
-1.0304303169250488,0.7052141427993774,-1.0319854021072388,0.7460607886314392,-1.038234829902649,0.7343279123306274,-1.3010299956639813
-1.0708208084106445,0.7360279560089111,-1.0653057098388672,0.7547547221183777,-1.0706983804702759,0.7515618205070496,-1.0
-0.8415477275848389,0.7794979810714722,-0.8433031439781189,0.7347679138183594,-0.8436108231544495,0.7564638257026672,-0.8239087409443188
-0.7365474104881287,0.7352363467216492,-0.7234450578689575,0.7569379210472107,-0.7269452810287476,0.7360877394676208,-0.6989700043360187
-1.219949722290039,0.3549741208553314,-1.2947959899902344,0.6534962058067322,-1.2646201848983765,0.6659987568855286,-1.38933983691012
-1.3088932037353516,0.6859173774719238,-1.352285623550415,0.6572482585906982,-1.3507527112960815,0.7055484056472778,-1.27083521030723
-1.3289464712142944,0.6051470041275024,-1.3041020631790161,0.626812756061554,-1.1912885904312134,0.6725910902023315,-1.5026694370349483
-1.4518964290618896,0.3450201749801636,-1.4084584712982178,0.6730806827545166,-1.2094361782073975,0.7061911821365356,-1.2944612752327194
-1.1624845266342163,0.5802599787712097,-1.3471028804779053,0.6387945413589478,-1.284754753112793,0.6389594674110413,-1.2368941027930884
-1.1029924154281616,0.6371976137161255,-1.133289098739624,0.6371191740036011,-1.127463698387146,0.6241610050201416,-1.3074967762144598
-0.2256453037261963,0.45885640382766724,-0.22707092761993408,0.40406063199043274,-0.21505314111709595,0.509565532207489,-0.5228787452803376
-0.28737208247184753,0.5317832231521606,-0.18169373273849487,0.500789225101471,-0.19868063926696777,0.5161884427070618,-0.21467016498923297
-0.32451334595680237,0.4813593029975891,-0.29466184973716736,0.4473145306110382,-0.3159709572792053,0.4777695834636688,-0.22184874961635637
-0.33998236060142517,0.514500081539154,-0.35008156299591064,0.4683063328266144,-0.3290822505950928,0.47618338465690613,-0.25181197299379954
-0.3829582929611206,0.622768759727478,-0.31783220171928406,0.6107172966003418,-0.35530343651771545,0.656747579574585,-0.13076828026902382
-0.3856349289417267,0.5338180661201477,-0.35616326332092285,0.4892076551914215,-0.32168322801589966,0.4720066785812378,-0.09691001300805639
-0.360028475522995,0.4801943004131317,-0.3228728771209717,0.4669826328754425,-0.32232263684272766,0.37022486329078674,-0.2839966563652008
-0.7248724699020386,0.7459624409675598,-0.6826989650726318,0.7666610479354858,-0.7057226300239563,0.7556195259094238,-0.3979400086720376
-0.7644189596176147,0.7465109825134277,-0.7600066661834717,0.7571635246276855,-0.756212592124939,0.7487452030181885,-0.3565473235138126
-0.32876431941986084,0.42085540294647217,-0.31135034561157227,0.4690007269382477,-0.29715093970298767,0.4853079319000244,-0.3187587626244128
-0.8700636029243469,0.4443890452384949,-0.8340399265289307,0.6097216010093689,-0.9174385070800781,0.5766133069992065,-0.3010299956639812
-0.32079654932022095,0.5299004912376404,-0.24390500783920288,0.5019787549972534,-0.242506742477417,0.5187420845031738,-0.22184874961635637
-1.8048968315124512,0.7092198729515076,-1.7712249755859375,0.7409119009971619,-1.8133625984191895,0.7725108861923218,-2.095392636184552
-1.7369706630706787,0.7454018592834473,-1.852663516998291,0.7386652231216431,-1.8924589157104492,0.7402068972587585,-2.092105164583717
-1.8022713661193848,0.745242714881897,-2.047544002532959,0.6337275505065918,-2.0031754970550537,0.7564379572868347,-2.0516848593106523
-1.5877175331115723,0.7455594539642334,-1.4820120334625244,0.6980720162391663,-1.5291149616241455,0.7558521628379822,-1.7218868840201662
-1.5798555612564087,0.7788795828819275,-1.5333367586135864,0.6853483319282532,-1.5405616760253906,0.6982795596122742,-1.6332596101570895
-1.5929572582244873,0.7786250710487366,-1.6342217922210693,0.7441146969795227,-1.6011066436767578,0.7412137389183044,-1.5881951691845766
-0.48531579971313477,0.7018997073173523,-0.48510023951530457,0.7175689935684204,-0.493917852640152,0.7066941857337952,-0.494850021680094
-0.42523282766342163,0.723323404788971,-0.4392123818397522,0.7616633772850037,-0.4280012249946594,0.7247127890586853,-0.42021640338318983
-0.30979087948799133,0.24167189002037048,-0.360733300447464,0.6633560657501221,-0.36880335211753845,0.7247980237007141,-0.3467874862246563
-0.20378965139389038,0.23280881345272064,-0.17130279541015625,0.7613251209259033,-0.2894107401371002,0.7495373487472534,-0.3010299956639812
-0.06214016675949097,0.5652316212654114,-0.04513871669769287,0.7597814202308655,-0.07617682218551636,0.7330419421195984,-0.2676062401770315
-0.1888408064842224,0.661994218826294,-0.20227962732315063,0.7619946599006653,-0.3077893853187561,0.7155947089195251,-0.1549019599857432
-0.396175742149353,0.23780383169651031,-0.424104779958725,0.7621230483055115,-0.49740108847618103,0.7339267134666443,-0.23657200643706278
-0.3473442494869232,0.725936770439148,-0.3421589732170105,0.6843597292900085,-0.5758308172225952,0.738170325756073,-0.5228787452803376
-0.26955363154411316,0.6561850309371948,-0.2700088918209076,0.7146890759468079,-0.264981210231781,0.7492144107818604,0.0
-0.7045746445655823,0.7368916869163513,-0.6626971364021301,0.762244701385498,-0.622310221195221,0.7237346172332764,-0.6989700043360187
-1.0464179515838623,0.17604771256446838,-1.0929304361343384,0.752589762210846,-1.0633530616760254,0.7315487861633301,-1.154901959985743
-1.0773983001708984,0.7835124731063843,-1.0762784481048584,0.7561493515968323,-1.0736228227615356,0.7229894399642944,-1.1079053973095196
-1.0464179515838623,0.17604771256446838,-1.0929299592971802,0.752589762210846,-1.0736228227615356,0.7229894399642944,-1.0861861476162833
-1.112748384475708,0.7339368462562561,-1.0929304361343384,0.752589762210846,-1.1154675483703613,0.76762855052948,-1.0
-0.7912338972091675,0.6873884201049805,-0.7842205166816711,0.6340247392654419,-0.7878304123878479,0.7266944050788879,-1.0
-0.7460508942604065,0.20915265381336212,-0.7460964322090149,0.4619356393814087,-0.7507447600364685,0.6551569700241089,-0.6989700043360187
-0.4343256950378418,0.6489664912223816,-0.477981835603714,0.6900055408477783,-0.4369235932826996,0.5346392393112183,-0.494850021680094
-0.2768140137195587,0.6593193411827087,-0.5361021161079407,0.7644833326339722,-0.6356968283653259,0.7363100051879883,-0.1549019599857432
-0.2918380796909332,0.23447619378566742,-0.30427300930023193,0.6949307918548584,-0.3558061122894287,0.6633427739143372,-0.22184874961635637
-0.3758182227611542,0.602554202079773,-0.4939395785331726,0.7236377596855164,-0.32980695366859436,0.5752447247505188,-0.3467874862246563
-0.4555789530277252,0.6523897647857666,-0.529445469379425,0.6039687395095825,-0.696290135383606,0.7414918541908264,-0.3979400086720376
-0.29412853717803955,0.6347096562385559,-0.2509079575538635,0.7546162605285645,-0.2372555136680603,0.6745473742485046,-0.24412514432750865
-0.3935926556587219,0.6895266771316528,-0.2504306733608246,0.7127267718315125,-0.27656781673431396,0.6273809671401978,-0.2596373105057561
-0.6055431962013245,0.7635719776153564,-0.5295083522796631,0.7217220664024353,-0.5380114316940308,0.7375798225402832,-0.3010299956639812
-0.7506312131881714,0.7459980249404907,-0.7455838322639465,0.7502633929252625,-0.7494067549705505,0.7503469586372375,-0.3979400086720376
-0.924383282661438,0.6977819204330444,-0.9490790963172913,0.7261852025985718,-0.9576959609985352,0.7282770276069641,-1.0177287669604316
-0.9362927079200745,0.7488495111465454,-0.9584728479385376,0.7271962761878967,-0.9583888053894043,0.7455604672431946,-1.0
-0.16335666179656982,0.6857561469078064,-0.22052538394927979,0.7339887022972107,-0.1523909568786621,0.6726747751235962,-0.07058107428570727
-0.15279054641723633,0.7334625720977783,-0.23573297262191772,0.7335307002067566,-0.1732558012008667,0.6693400740623474,-0.12493873660829993
-0.4895266890525818,0.41584423184394836,-0.41143354773521423,0.6754876971244812,-0.4453747868537903,0.6849709749221802,-0.37675070960209955
-0.3705470561981201,0.27683162689208984,-0.2914915084838867,0.709786057472229,-0.2780914008617401,0.6669678688049316,-0.3279021420642826
-0.2591935098171234,0.16963841021060944,-0.2515685558319092,0.7236484885215759,-0.2170509696006775,0.6679506301879883,-0.22184874961635637
-0.29045724868774414,0.6914657950401306,-0.2811209559440613,0.7164556384086609,-0.22408682107925415,0.6804866790771484,-0.14266750356873156
-0.304751992225647,0.7324861884117126,-0.2921792268753052,0.6456223726272583,-0.29942965507507324,0.6669321656227112,-0.494850021680094
-0.6311029195785522,0.763039231300354,-0.5607427358627319,0.7370173335075378,-0.6496626138687134,0.6831868290901184,-0.6020599913279624
-0.2035958170890808,0.30709004402160645,-0.21639484167099,0.3057534694671631,-0.21769219636917114,0.29478350281715393,-0.09691001300805639
-0.005621433258056641,0.20465296506881714,0.039637088775634766,0.4892085790634155,0.05227595567703247,0.4715728759765625,0.20411998265592482
-0.20887118577957153,0.4031538963317871,-0.2344430685043335,0.3851889371871948,-0.22810465097427368,0.3517543077468872,-0.09691001300805639
-0.22998952865600586,0.16185538470745087,-0.252422034740448,0.3822040259838104,-0.23441076278686523,0.5199069380760193,-0.1549019599857432
-0.21631479263305664,0.17958389222621918,-0.22159349918365479,0.28013408184051514,-0.20947277545928955,0.27991780638694763,-0.22184874961635637
-0.22738832235336304,0.4516727924346924,-0.2449740767478943,0.49648332595825195,-0.2627505660057068,0.3401919901371002,-0.22184874961635637
-0.03010237216949463,0.19638627767562866,0.13015854358673096,0.5123646855354309,0.06853687763214111,0.4633839726448059,0.07918124604762482
-0.26939719915390015,0.44906899333000183,-0.28473952412605286,0.3175322115421295,-0.2907211184501648,0.5166187882423401,-0.3010299956639812
-0.3460197448730469,0.3913366198539734,-0.32453760504722595,0.49122706055641174,-0.3419717848300934,0.5146984457969666,-0.3979400086720376
-0.3110617995262146,0.1767226904630661,-0.22217029333114624,0.43177953362464905,-0.31142789125442505,0.28311967849731445,-0.3979400086720376
0.023462355136871338,0.4344967305660248,0.08243823051452637,0.502859354019165,-0.04267984628677368,0.4611823558807373,-0.09691001300805639
-0.44397711753845215,0.3894665241241455,-0.47097840905189514,0.3670305013656616,-0.46955880522727966,0.328754723072052,-0.5228787452803376
-0.6193900108337402,0.4536299705505371,-0.5604569911956787,0.4906313419342041,-0.5777240991592407,0.5175372362136841,-0.6989700043360187
-0.5360751152038574,0.28141796588897705,-0.4276008903980255,0.421077162027359,-0.5151683688163757,0.4064689576625824,-0.6989700043360187
-0.18552905321121216,0.3981502056121826,-0.07210999727249146,0.48422613739967346,-0.18406563997268677,0.4627620577812195,-0.22184874961635637
-0.9244130253791809,0.32978707551956177,-0.8930032253265381,0.4657873213291168,-0.9163199663162231,0.5040024518966675,-0.9208187539523752
-0.49094152450561523,0.502409040927887,-0.469760000705719,0.5527308583259583,-0.42713463306427,0.5154044032096863,-0.3467874862246563
-1.0758196115493774,0.6923592686653137,-0.8676884174346924,0.6969460248947144,-0.7913645505905151,0.6882256269454956,-0.858863909879261
-0.6189103722572327,0.6978054046630859,-0.7853028178215027,0.703033983707428,-0.8183358907699585,0.7069604396820068,-1.0788339493622612
-0.8499492406845093,0.5642481446266174,-0.8581691384315491,0.7127768397331238,-0.8482241630554199,0.7291659116744995,-0.9295926782598803
-1.1200950145721436,0.6906757354736328,-0.9455691576004028,0.7012218832969666,-1.0011532306671143,0.6864041090011597,-0.549750891680639
-0.677991509437561,0.7235235571861267,-0.7461723685264587,0.7351187467575073,-0.6938443779945374,0.48393481969833374,-0.6020599913279624
-0.7101884484291077,0.7253321409225464,-0.7587607502937317,0.7107610702514648,-0.7859559655189514,0.7721390128135681,-0.6020599913279624
-0.7728629112243652,0.6885253190994263,-0.7569946050643921,0.7301254272460938,-0.7343664765357971,0.5171278715133667,-0.6989700043360187
-0.3500174880027771,0.22451400756835938,-0.38136836886405945,0.7279766201972961,-0.3603231906890869,0.5808036923408508,-0.2596373105057561
-0.45610520243644714,0.6991775035858154,-0.3816203474998474,0.7308634519577026,-0.41103559732437134,0.7727059125900269,-0.3010299956639812
-0.5216983556747437,0.727601945400238,-0.5443061590194702,0.7339534759521484,-0.5208438634872437,0.5699551701545715,-0.3979400086720376
-0.9150619506835938,0.7257990837097168,-0.919991135597229,0.5925954580307007,-0.9260989427566528,0.5783628821372986,-0.9208187539523752
-0.9217093586921692,0.7566621899604797,-0.9089047908782959,0.7256925702095032,-0.9162605404853821,0.7726150751113892,-1.0
-0.9186400175094604,0.7272977828979492,-0.9721763730049133,0.5670189261436462,-0.9809249639511108,0.5703294277191162,-0.958607314841775
-0.8303020000457764,0.19693772494792938,-0.8216809034347534,0.5584506392478943,-0.8264830112457275,0.48277750611305237,-0.8538719643217619
-0.8916612267494202,0.5083288550376892,-0.8778434991836548,0.7149800062179565,-0.8780933618545532,0.4688131511211395,-0.8860566476931632
-0.8457928895950317,0.7232505679130554,-0.8609390258789062,0.5697842836380005,-0.8710444569587708,0.5647208094596863,-0.9208187539523752
-0.7072654962539673,0.7226386666297913,-0.7575969099998474,0.7340539693832397,-0.6660900115966797,0.49994099140167236,-0.7695510786217261
-0.8032656311988831,0.6851917505264282,-0.764485239982605,0.45163068175315857,-0.7512637376785278,0.5487841367721558,-0.744727494896694
-0.7540730834007263,0.7244734764099121,-0.7087153792381287,0.5107100009918213,-0.7077512741088867,0.5504817366600037,-0.8538719643217619
-0.3273904025554657,0.6504783034324646,-0.29871731996536255,0.6582785248756409,-0.3255908191204071,0.5944307446479797,-0.3565473235138126
-0.43571504950523376,0.63435298204422,-0.43152379989624023,0.5403643846511841,-0.4302457273006439,0.5229277610778809,-0.5528419686577808
-0.47534018754959106,0.6942064166069031,-0.3644629716873169,0.697786271572113,-0.35321667790412903,0.6518754959106445,-0.3979400086720376
-0.7158231139183044,0.6484043002128601,-0.7109651565551758,0.610267698764801,-0.7128056287765503,0.49846306443214417,-0.585026652029182
-0.6344224214553833,0.7259480357170105,-0.6903314590454102,0.7400885820388794,-0.6285043954849243,0.49928605556488037,-0.5528419686577808
-0.7173195481300354,0.6936113834381104,-0.6620470881462097,0.5090323090553284,-0.6874182820320129,0.5481455326080322,-0.6777807052660807
-0.8107389211654663,0.5291092991828918,-0.802146315574646,0.7346852421760559,-0.7832704782485962,0.4847215712070465,-0.744727494896694
-0.8851790428161621,0.5139407515525818,-0.862347424030304,0.7081692814826965,-0.8389590978622437,0.7724215388298035,-0.9208187539523752
-0.8459803462028503,0.2579256296157837,-0.8273787498474121,0.5694706439971924,-0.8338919878005981,0.5577475428581238,-0.8239087409443188
-0.394197940826416,0.2685781717300415,-0.3497088849544525,0.6636735200881958,-0.3773781359195709,0.5932531356811523,-0.44369749923271273
-0.613808274269104,0.7259231805801392,-0.5028760433197021,0.5562081336975098,-0.5833176970481873,0.563338577747345,-0.5228787452803376
-0.5080064535140991,0.5715328454971313,-0.5045948028564453,0.7377039194107056,-0.45793643593788147,0.7726776003837585,-0.494850021680094
-0.8408455848693848,0.7303770184516907,-0.8577061295509338,0.6247493028640747,-0.8190212249755859,0.6495203375816345,-0.9208187539523752
-0.8846232891082764,0.6745318174362183,-0.7985659241676331,0.6590062975883484,-0.7765365839004517,0.638015866279602,-0.8239087409443188
-0.9447119832038879,0.7687311172485352,-0.9067621231079102,0.7388476729393005,-0.8892704844474792,0.6445239186286926,-0.9208187539523752
-0.5916156768798828,0.723620593547821,-0.5923277139663696,0.6541131734848022,-0.5686535835266113,0.6706792116165161,-0.4559319556497244
-0.6093989014625549,0.7105057239532471,-0.5890028476715088,0.7427313923835754,-0.6217958927154541,0.6623426079750061,-0.619788758288394
-0.6366015672683716,0.7719548940658569,-0.6345608234405518,0.7259240746498108,-0.6528732180595398,0.7316989302635193,-0.6020599913279624
-1.3748397827148438,0.7029037475585938,-2.1754865646362305,0.699976921081543,-2.1741080284118652,0.7005422711372375,-2.537602002101044
-1.354677677154541,0.7042412757873535,-2.492583751678467,0.6798836588859558,-2.4793481826782227,0.702976644039154,-2.167491087293764
-1.7248799800872803,0.6992700695991516,-2.175935745239258,0.6808924674987793,-2.1770336627960205,0.6679737567901611,-2.344861565188618
-1.8948638439178467,0.6906355023384094,-1.692467212677002,0.7211110591888428,-1.7116440534591675,0.7086648344993591,-1.9507819773298183
0.1452847123146057,0.45163384079933167,0.13354259729385376,0.3084509074687958,0.08019423484802246,0.5618693232536316,0.07918124604762482
0.5578017830848694,0.5383148193359375,0.5286785364151001,0.47748059034347534,0.5489709377288818,0.5450424551963806,0.6989700043360189
0.767734706401825,0.32260751724243164,0.785315752029419,0.4979107975959778,0.7995975613594055,0.3809342682361603,0.8450980400142568
0.09744781255722046,0.28778785467147827,0.02822500467300415,0.5015237331390381,0.10006821155548096,0.29600462317466736,0.04139268515822507
0.566421389579773,0.24758698046207428,0.6035052537918091,0.29182517528533936,0.5932524800300598,0.31647250056266785,0.4913616938342727
0.7568814754486084,0.3267287313938141,0.7825504541397095,0.35660606622695923,0.7867966294288635,0.29987382888793945,0.7781512503836436
-0.15891510248184204,0.5422577261924744,-0.04415452480316162,0.3287404477596283,-0.03855997323989868,0.5518752932548523,0.04139268515822507
0.46584171056747437,0.3965626060962677,0.5461604595184326,0.2732519209384918,0.5114774107933044,0.3005620837211609,0.414973347970818
0.7654041051864624,0.16607506573200226,0.7411562204360962,0.35938146710395813,0.7434011697769165,0.2887219190597534,0.6627578316815741
-0.45528218150138855,0.5356746315956116,-0.4132646918296814,0.4928304851055145,-0.4297451674938202,0.3389297127723694,0.0
0.33178025484085083,0.40453991293907166,0.2948724627494812,0.2687360346317291,0.27323687076568604,0.5300194621086121,0.3424226808222063
0.6037141680717468,0.5472577214241028,0.6247188448905945,0.334453821182251,0.6211657524108887,0.2962079644203186,0.5314789170422551
-0.1983622908592224,0.4982195198535919,-0.26287272572517395,0.40580856800079346,-0.24201083183288574,0.3591909408569336,-1.3979400086720375
0.14993029832839966,0.4652900993824005,-0.36060240864753723,0.5026463270187378,-0.3594631552696228,0.3433932065963745,0.07918124604762482
0.13953447341918945,0.3800318241119385,0.29650968313217163,0.3970576226711273,0.17535006999969482,0.56963711977005,0.38021124171160603
-0.11782568693161011,0.7297175526618958,-0.09068959951400757,0.7340233325958252,-0.1192139983177185,0.7028557658195496,-1.5228787452803376
-0.580218493938446,0.7439629435539246,0.13428252935409546,0.7319179773330688,-1.3427668809890747,0.7327231764793396,0.04139268515822507
0.3311954140663147,0.7019926905632019,0.2839686870574951,0.7173951268196106,-1.1676461696624756,0.7346042990684509,0.3010299956639812
-0.1302863359451294,0.2714446783065796,-0.1278064250946045,0.6782802939414978,-0.13650226593017578,0.7435236573219299,-1.6989700043360187
-1.4283182621002197,0.6279104948043823,-0.7405564188957214,0.7500307559967041,-0.7708871364593506,0.6814051270484924,0.0
-1.1917377710342407,0.6438817381858826,0.14568960666656494,0.6566551327705383,0.220045268535614,0.7170042395591736,0.17609125905568124
-0.509871244430542,0.6811037659645081,-0.5510221719741821,0.629433274269104,-0.5749474167823792,0.4785066246986389,-0.5228787452803376
-0.5518829226493835,0.5332013368606567,-0.5621437430381775,0.6234786510467529,-0.5478505492210388,0.6551607251167297,-0.585026652029182
-0.49411541223526,0.6754549145698547,-0.5353069305419922,0.6485425233840942,-0.568037211894989,0.6501920819282532,-0.619788758288394
-0.47942081093788147,0.6710306406021118,-0.5559291839599609,0.6434413194656372,-0.5724694728851318,0.4579940140247345,-0.6575773191777937
-0.1441451907157898,0.20952394604682922,-0.16772764921188354,0.6195327043533325,-0.2873061001300812,0.6641308665275574,0.04139268515822507
-0.07626616954803467,0.5419768691062927,-0.08367443084716797,0.45519962906837463,-0.27479591965675354,0.660554826259613,-0.07572071393811836
-0.5095270872116089,0.6666680574417114,-0.5760138034820557,0.5963183641433716,-0.6132150888442993,0.640034556388855,-0.7033348097384688
-0.18316692113876343,0.5562371015548706,-0.14319312572479248,0.6335062384605408,-0.14870023727416992,0.49835553765296936,-0.16749108729376366
-0.6286963820457458,0.6260337829589844,-0.6907665133476257,0.7070187330245972,-0.6230411529541016,0.5852546095848083,-0.712198270069774
-0.32335034012794495,0.649183452129364,-0.30069756507873535,0.7121594548225403,-0.3809097111225128,0.6242284774780273,-0.22184874961635637
-0.422668993473053,0.41372907161712646,-0.4336147606372833,0.7460561394691467,-0.44176924228668213,0.7624107003211975,-0.744727494896694
-0.6730606555938721,0.733635425567627,-0.6818868517875671,0.747072696685791,-0.7094953656196594,0.7374883890151978,-0.3010299956639812
0.050988614559173584,0.6876309514045715,0.0639955997467041,0.635574221611023,0.06684112548828125,0.6669074892997742,0.3010299956639812
0.04313844442367554,0.6439250707626343,0.20588326454162598,0.7386691570281982,0.02607905864715576,0.6368923187255859,0.25527250510330607
0.07067960500717163,0.6347083449363708,0.1292763352394104,0.7378273010253906,0.08224606513977051,0.7273121476173401,-0.22184874961635637
-0.3255171477794647,0.6303523778915405,-0.16328400373458862,0.7358765602111816,-0.28155356645584106,0.6041076183319092,-0.3979400086720376
-0.626671552658081,0.712009072303772,-0.9223719835281372,0.7395876049995422,-0.6047252416610718,0.7347851395606995,-0.22184874961635637
-0.6294004321098328,0.6902030110359192,-0.40785107016563416,0.6648920178413391,-0.635696291923523,0.7316380739212036,-1.0
-1.2843225002288818,0.24816690385341644,-1.1631593704223633,0.7327705025672913,-1.0329747200012207,0.6740322113037109,-0.6989700043360187
-0.5459993481636047,0.6666764616966248,-0.5728861689567566,0.6289488077163696,-0.9061381220817566,0.6976433992385864,-1.3010299956639813
-1.6222721338272095,0.7341818809509277,-1.5057106018066406,0.7106332778930664,-1.6509344577789307,0.7356587052345276,-1.6989700043360187
-1.2820141315460205,0.6623043417930603,-1.2998521327972412,0.5708892345428467,-1.302769422531128,0.7061108350753784,-1.2924298239020637
-1.3634761571884155,0.2881375253200531,-1.3725688457489014,0.6955356597900391,-1.3640096187591553,0.7346522212028503,-1.3979400086720375
-1.553079605102539,0.3530787229537964,-1.5210027694702148,0.6679630875587463,-1.4621660709381104,0.6546509265899658,-1.5228787452803376
-1.4671841859817505,0.6574875712394714,-1.4802305698394775,0.60310298204422,-1.4691054821014404,0.7184051871299744,-1.5228787452803376
-1.1349611282348633,0.6794204711914062,-1.121025562286377,0.7520303130149841,-1.0883307456970215,0.4028632938861847,-1.154901959985743
-1.3149521350860596,0.6934369206428528,-1.2397570610046387,0.7554386258125305,-1.305404782295227,0.6922723054885864,-1.3010299956639813
-1.4159029722213745,0.6913190484046936,-1.4272123575210571,0.36363765597343445,-1.4048130512237549,0.6870602965354919,-1.3010299956639813
-1.523048996925354,0.6986790895462036,-1.419371485710144,0.6941113471984863,-1.4956929683685303,0.7239036560058594,-1.6020599913279623
-1.3157023191452026,0.5922183990478516,-1.3096392154693604,0.6187108755111694,-1.2828028202056885,0.6141499876976013,-1.3467874862246563
-0.9605631232261658,0.5213584899902344,-0.9114518761634827,0.7523125410079956,-0.9590842723846436,0.6972889304161072,-0.7958800173440752
-1.0410797595977783,0.2257065773010254,-1.0726629495620728,0.7560345530509949,-1.0216511487960815,0.5820741057395935,-1.154901959985743
-1.3259389400482178,0.606010377407074,-1.2756397724151611,0.6295812129974365,-1.3090147972106934,0.7262117862701416,-1.2924298239020637
-1.0630766153335571,0.6758118271827698,-1.0526546239852905,0.5679478049278259,-1.0650806427001953,0.38699790835380554,-1.154901959985743
-1.0164735317230225,0.2513353228569031,-1.0096464157104492,0.6036900877952576,-1.0351805686950684,0.6562349796295166,-1.1249387366083
-0.9718271493911743,0.6963146924972534,-0.9716684222221375,0.676089882850647,-0.9687191247940063,0.6836897730827332,-0.7695510786217261
-0.6790934801101685,0.6536016464233398,-0.7061140537261963,0.531514048576355,-0.6922363638877869,0.7430921792984009,-0.6575773191777937
-0.9110729694366455,0.6437400579452515,-0.9617906808853149,0.6157453060150146,-0.8388372659683228,0.6262927055358887,-0.9208187539523752
-0.846352219581604,0.5891123414039612,-0.8761869668960571,0.6759059429168701,-0.8806552290916443,0.7060934901237488,-0.8860566476931632
-1.06562077999115,0.7314355373382568,-1.080852746963501,0.6323719620704651,-1.061278223991394,0.7088245749473572,-1.0
-0.7844741344451904,0.6464957594871521,-0.7518120408058167,0.7009063959121704,-0.7626580595970154,0.737014889717102,-1.0
-0.6452810764312744,0.7185766100883484,-0.5562636852264404,0.7274951934814453,-0.5428783893585205,0.7275606393814087,-0.6989700043360187
-0.4043414890766144,0.6165674328804016,-0.38240763545036316,0.7084214091300964,-0.3466323912143707,0.7547633647918701,-0.494850021680094
-0.6280679702758789,0.6060941815376282,-0.6997772455215454,0.5275397896766663,-0.6753875017166138,0.5501731634140015,-0.6989700043360187
-0.48524898290634155,0.7413938045501709,-0.48168668150901794,0.7148623466491699,-0.4356995224952698,0.7270062565803528,-0.46852108295774486
-0.3392114043235779,0.7438338398933411,-0.32307520508766174,0.678568422794342,-0.33726292848587036,0.5341572761535645,-0.2924298239020636
-0.5178188681602478,0.7176257371902466,-0.48972201347351074,0.6934739947319031,-0.5970121622085571,0.7434120774269104,-0.494850021680094
-0.3530604839324951,0.7436361312866211,-0.31744876503944397,0.5797920823097229,-0.3304358720779419,0.7280986905097961,-0.3010299956639812
-0.2643064260482788,0.7182708978652954,-0.19177114963531494,0.6194179654121399,-0.2035362720489502,0.7486758232116699,-0.21467016498923297
-0.828951358795166,0.743890643119812,-0.8205435872077942,0.7066885232925415,-0.7985159158706665,0.597732663154602,-0.6777807052660807
-0.5395978689193726,0.6705917119979858,-0.5050461888313293,0.524005115032196,-0.5902028679847717,0.7326025366783142,-0.44369749923271273
-0.38391318917274475,0.25030800700187683,-0.38591882586479187,0.6632369160652161,-0.42635872960090637,0.7364092469215393,-0.25181197299379954
-0.5482175350189209,0.6859681010246277,-0.5911741256713867,0.6785827875137329,-0.5619712471961975,0.7411509156227112,-0.5228787452803376
-0.3122606873512268,0.741302490234375,-0.303495854139328,0.6249647736549377,-0.29217660427093506,0.3671236038208008,-0.3372421683184259
-0.15834850072860718,0.6858680844306946,-0.20120376348495483,0.6805952191352844,-0.1910994052886963,0.7457423806190491,-0.1938200260161128
-0.41379421949386597,0.7175263166427612,-0.3952842950820923,0.6632475852966309,-0.49945366382598877,0.7439319491386414,-0.3979400086720376
-0.2192705273628235,0.6717996597290039,-0.22836369276046753,0.5796388387680054,-0.25866836309432983,0.7306132912635803,-0.22184874961635637
-0.19893759489059448,0.7182077765464783,-0.14988458156585693,0.7092291116714478,-0.1809493899345398,0.7374104857444763,-0.09691001300805639
-1.4546804428100586,0.6592554450035095,-1.4576246738433838,0.6393833756446838,-1.3789341449737549,0.6648991703987122,-1.6382721639824072
-1.65824556350708,0.6238007545471191,-1.806254267692566,0.6171302199363708,-1.7601362466812134,0.6005474925041199,-1.6382721639824072
-1.7472078800201416,0.6150025129318237,-1.6504979133605957,0.5876954793930054,-1.6469752788543701,0.6432719230651855,-1.6575773191777938
-1.5237579345703125,0.6230146884918213,-1.5349547863006592,0.6667386293411255,-1.5710062980651855,0.6888996958732605,-1.6777807052660807
-1.2639727592468262,0.5934839844703674,-1.3073406219482422,0.5884650945663452,-1.3390707969665527,0.6102161407470703,-1.6575773191777938
-1.869388222694397,0.5186892151832581,-1.8756990432739258,0.4869872033596039,-1.4794801473617554,0.6598907113075256,-1.5528419686577808
-1.5182020664215088,0.48768746852874756,-1.4386394023895264,0.5323597192764282,-1.5261274576187134,0.5442004203796387,-1.6989700043360187
-1.5281344652175903,0.23677507042884827,-1.5894863605499268,0.5236244201660156,-1.4782220125198364,0.6655207872390747,-1.6197887582883939
-1.1970975399017334,0.31180310249328613,-1.2993192672729492,0.6384884715080261,-1.2793145179748535,0.5290692448616028,-0.958607314841775
-1.121886968612671,0.254774272441864,-1.1049929857254028,0.5451233386993408,-1.0478787422180176,0.6582883596420288,-1.744727494896694
-1.558590292930603,0.5516356825828552,-1.4647679328918457,0.5016868114471436,-1.135961890220642,0.550839900970459,-1.0457574905606752
-1.6931633949279785,0.5580366253852844,-1.651597261428833,0.5350197553634644,-1.0685575008392334,0.6644247770309448,-1.0969100130080565
-0.8562759757041931,0.5896993279457092,-0.9365597367286682,0.6127117872238159,-0.8667085766792297,0.6602944135665894,-0.744727494896694
-1.0877864360809326,0.5749974250793457,-1.1069152355194092,0.5595747232437134,-1.0425511598587036,0.5479836463928223,-0.7695510786217261
-0.8370667695999146,0.5525381565093994,-0.7509887218475342,0.6327491402626038,-0.7846418619155884,0.5138266086578369,-0.832682665251824
-0.8698464632034302,0.19018015265464783,-0.8347213268280029,0.6349669694900513,-0.8579710125923157,0.6677045226097107,-0.8761483590329142
-1.1779084205627441,0.6104598641395569,-1.164121150970459,0.6804096102714539,-1.249577283859253,0.6755427122116089,-1.2218487496163564
-1.2425086498260498,0.6033533811569214,-1.1398826837539673,0.562390148639679,-1.4536763429641724,0.6254288554191589,-1.0457574905606752
-1.1354310512542725,0.6007327437400818,-1.0610110759735107,0.6511836051940918,-1.3969862461090088,0.6262654662132263,-1.0
-0.8913348913192749,0.572934091091156,-0.8676979541778564,0.5587980151176453,-0.8929097652435303,0.5420586466789246,-0.8761483590329142
-0.7894779443740845,0.7425757646560669,-0.7740882039070129,0.75860196352005,-0.7544321417808533,0.7433901429176331,-0.5228787452803376
-0.9096271991729736,0.7223373055458069,-0.7991361021995544,0.7486218810081482,-0.7544321417808533,0.7433901429176331,-0.8794260687941502
-0.8145806193351746,0.7471581101417542,-0.8163371682167053,0.7646745443344116,-0.7544321417808533,0.7433901429176331,-1.4436974992327127
0.44167983531951904,0.5906187891960144,0.4802640676498413,0.5620587468147278,0.415122389793396,0.54118812084198,0.6202401898458314
0.4276796579360962,0.575935959815979,0.5015057921409607,0.5589126348495483,0.40426135063171387,0.5237870216369629,0.5098742850047192
0.41380083560943604,0.5555976629257202,0.5119500160217285,0.5429045557975769,0.5126479268074036,0.5467499494552612,0.36772854608697647
0.33788567781448364,0.47531425952911377,0.3230525851249695,0.48044687509536743,0.31177544593811035,0.47118574380874634,0.449478399187365
-0.0540393590927124,0.4502220153808594,-0.009543001651763916,0.4762282371520996,-0.05588942766189575,0.4781044125556946,-0.025949097207122653
-0.07097440958023071,0.43238192796707153,-0.06249362230300903,0.41851526498794556,-0.04638683795928955,0.40890225768089294,-0.12033079436794646
0.2500419020652771,0.39394623041152954,0.2688251733779907,0.4771324694156647,0.2891063690185547,0.44929370284080505,0.32139127831168907
-0.17176824808120728,0.4363063871860504,-0.1466435194015503,0.46324554085731506,-0.14969086647033691,0.40069329738616943,-0.22548303427145047
-0.40216952562332153,0.4045940935611725,-0.3822004497051239,0.4815525412559509,-0.40731343626976013,0.408480167388916,-0.3957739469155299
-0.02924025058746338,0.47044143080711365,-0.021703660488128662,0.5166442394256592,0.014506161212921143,0.5332983732223511,-0.0008694587126288915
-0.46372726559638977,0.16600605845451355,-0.4396520256996155,0.4937564432621002,-0.45346030592918396,0.5079471468925476,-0.4473317838878068
-0.47150009870529175,0.47048312425613403,-0.4702620804309845,0.40569305419921875,-0.4669150114059448,0.45939409732818604,-0.4659738939438649
-0.5202772617340088,0.4863739311695099,-0.5078904628753662,0.5128671526908875,-0.5146722793579102,0.4595455825328827,-0.5287082889410615
-0.5538021922111511,0.48073869943618774,-0.551851749420166,0.5237801671028137,-0.561309278011322,0.5474144220352173,-0.5670307091255943
-0.5691375136375427,0.4908401072025299,-0.5795400738716125,0.448406845331192,-0.5642659068107605,0.5173416137695312,-0.5934598195660448
-0.5822084546089172,0.49630656838417053,-0.5757167339324951,0.5431275963783264,-0.5743285417556763,0.5279562473297119,-0.6090648928966209
-0.3295591175556183,0.5590103268623352,-0.31632736325263977,0.6067960858345032,-0.3055906295776367,0.5672021508216858,-0.23136189875238555
-0.41052934527397156,0.7105158567428589,-0.5041753053665161,0.7078168392181396,-0.4094473421573639,0.6898117065429688,-0.4854522473397139
-1.3079322576522827,0.4451168477535248,-1.051698088645935,0.5224154591560364,-1.317840337753296,0.5136711001396179,-1.0
-0.7574191689491272,0.4582374691963196,-0.7630578279495239,0.598755419254303,-0.7837512493133545,0.4584839344024658,-0.5228787452803376
-0.549295961856842,0.4678404629230499,-0.5555304288864136,0.4081909656524658,-0.5692583322525024,0.4335280656814575,-0.3010299956639812
-0.7166702747344971,0.3865615725517273,-0.7419384121894836,0.40381231904029846,-0.761357843875885,0.4400629699230194,-0.6989700043360187
-0.7856305241584778,0.420798659324646,-0.7613152861595154,0.5137457847595215,-0.8063960671424866,0.3271290957927704,-0.744727494896694
-1.1400084495544434,0.5028725266456604,-1.1623364686965942,0.5120171308517456,-1.1247105598449707,0.5143054127693176,-1.5228787452803376
-0.8410823345184326,0.3673233091831207,-0.8803579211235046,0.5894688367843628,-0.8123400807380676,0.4397408068180084,-1.0
-0.443352073431015,0.5008000731468201,-0.4555128216743469,0.4783874452114105,-0.45093834400177,0.5209740996360779,-0.6989700043360187
-0.8589394092559814,0.49056729674339294,-0.8777808547019958,0.6406162977218628,-0.8806619644165039,0.5608789324760437,-0.744727494896694
-0.9620583057403564,0.4260534942150116,-0.9906128644943237,0.4933580160140991,-0.9514772891998291,0.45507025718688965,-1.1611509092627446
-1.075620174407959,0.5457733273506165,-1.1302430629730225,0.6438068151473999,-1.1545519828796387,0.5420882105827332,-1.1643094285075744
-1.6731942892074585,0.2864219844341278,-1.6664963960647583,0.6011226773262024,-1.6893831491470337,0.5224140286445618,-1.6989700043360187
-1.0343055725097656,0.30719006061553955,-1.050215482711792,0.5404021143913269,-1.0232303142547607,0.5504229664802551,-1.0969100130080565
-1.3429019451141357,0.36102429032325745,-1.4188323020935059,0.39771077036857605,-1.3786046504974365,0.5140036940574646,-1.2732727909734278
-1.352891445159912,0.5020325779914856,-1.3369313478469849,0.5255181193351746,-1.3537852764129639,0.5183423161506653,-1.3979400086720375
-0.9593016505241394,0.2754419147968292,-0.9916253685951233,0.5086043477058411,-1.0170735120773315,0.557210385799408,-1.0
-2.8505446910858154,0.28276512026786804,-2.8490822315216064,0.25082969665527344,-2.826669216156006,0.3050570785999298,-3.0969100130080562
-2.7440602779388428,0.3940712809562683,-2.71297287940979,0.36381280422210693,-2.7537403106689453,0.38135573267936707,-2.657577319177794
-2.9098613262176514,0.39579060673713684,-2.9073996543884277,0.38445836305618286,-2.910154342651367,0.36303237080574036,-2.795880017344075
-3.031237840652466,0.5917986631393433,-3.000359535217285,0.5715512037277222,-3.02770733833313,0.56192946434021,-3.0969100130080562
-2.842501163482666,0.256874144077301,-2.8352904319763184,0.26321515440940857,-2.8720223903656006,0.2534131109714508,-2.769551078621726
-3.0407400131225586,0.17513467371463776,-3.0322914123535156,0.5313109755516052,-3.0253758430480957,0.5231919288635254,-3.0969100130080562
-2.8661446571350098,0.26119181513786316,-2.8697381019592285,0.26866111159324646,-2.8530986309051514,0.26120853424072266,-3.0457574905606752
-2.871690273284912,0.3993905782699585,-2.8906443119049072,0.40308332443237305,-2.8740406036376953,0.3858594298362732,-2.853871964321762
-2.812561511993408,0.27074161171913147,-2.822443962097168,0.2615685760974884,-2.7997498512268066,0.29158586263656616,-2.744727494896694
-2.729039430618286,0.16791677474975586,-2.7465224266052246,0.3577058017253876,-2.731621026992798,0.3402230143547058,-2.6989700043360187
-2.9088358879089355,0.25025948882102966,-2.9172897338867188,0.2555793821811676,-2.870823860168457,0.2916235625743866,-2.958607314841775
-2.8982982635498047,0.1726919412612915,-2.845005989074707,0.38804343342781067,-2.8977081775665283,0.41454988718032837,-2.958607314841775
-2.8691413402557373,0.24087285995483398,-2.8971714973449707,0.2526785135269165,-2.908907651901245,0.23053473234176636,-2.6989700043360187
-3.068471670150757,0.5481830835342407,-3.0388026237487793,0.5667049884796143,-3.0523746013641357,0.5186322331428528,-3.0969100130080562
-2.7699220180511475,0.31467512249946594,-2.777479410171509,0.3491453528404236,-2.7582626342773438,0.32565993070602417,-2.721246399047171
-2.959383010864258,0.18485607206821442,-2.8843843936920166,0.386412650346756,-3.0041353702545166,0.3555483818054199,-3.0
-2.9586031436920166,0.27125561237335205,-3.000548839569092,0.2605661153793335,-2.9311158657073975,0.2855338454246521,-2.958607314841775
-2.9167864322662354,0.2331182211637497,-2.9043188095092773,0.24025563895702362,-2.919743061065674,0.24667014181613922,-2.9208187539523753
-2.8173954486846924,0.37638312578201294,-2.8206264972686768,0.34724023938179016,-2.835475206375122,0.3630269169807434,-2.795880017344075
-3.1080470085144043,0.18507415056228638,-3.101889133453369,0.5271069407463074,-3.0910484790802,0.5157585144042969,-3.0969100130080562
-3.0999250411987305,0.41969627141952515,-3.097565174102783,0.4100901484489441,-3.0241470336914062,0.4409446716308594,-2.958607314841775
-2.886260986328125,0.5096572041511536,-2.849064826965332,0.5043131113052368,-2.930572986602783,0.5141608715057373,-3.2218487496163566
-2.9707751274108887,0.4385530352592468,-2.9997944831848145,0.42909544706344604,-2.9839694499969482,0.4151773452758789,-3.0
-2.8112473487854004,0.4600531756877899,-2.800543785095215,0.4610012471675873,-2.8311562538146973,0.43266311287879944,-2.958607314841775
-3.0089964866638184,0.5712491869926453,-3.03641414642334,0.5453975200653076,-2.9921913146972656,0.5882585048675537,-3.0969100130080562
