6,13,42,log (Total flux)
-0.4377437233924866,-0.4526643753051758,-0.33618393540382385,-1.0087739243075051
-0.40409770607948303,-0.38804295659065247,-0.45907557010650635,-0.9507819773298184
-0.5151347517967224,-0.4880397617816925,-0.43614402413368225,-1.0457574905606752
-0.5429510474205017,-0.5152328014373779,-0.4591938257217407,-0.8860566476931632
-0.48975419998168945,-0.5850244164466858,-0.5423851013183594,-0.958607314841775
-0.4682544469833374,-0.5635948181152344,-0.49092739820480347,-1.0
-0.26814138889312744,-0.37609612941741943,-0.3747241795063019,-0.9208187539523752
-0.29619109630584717,-0.3938124179840088,-0.34227681159973145,-0.7328282715969863
-0.4310244917869568,-0.5435157418251038,-0.4232122600078583,-0.9281179926938746
-0.42517000436782837,-0.5117641687393188,-0.4206996560096741,-1.154901959985743
-0.42895257472991943,-0.40070924162864685,-0.48337990045547485,-0.6020599913279624
-0.2731153666973114,-0.3847419023513794,-0.2498118132352829,-0.638272163982407
-0.4983031451702118,-0.42315220832824707,-0.5134888887405396,-0.46852108295774486
-0.34369444847106934,-0.42724525928497314,-0.389313280582428,-0.4559319556497244
-0.47929370403289795,-0.49020516872406006,-0.43109840154647827,-0.5228787452803376
-0.4236912131309509,-0.3892083168029785,-0.3969484269618988,-0.045757490560675115
-0.4741188585758209,-0.6531608700752258,-0.7119458317756653,-0.22184874961635637
-0.5175857543945312,-0.4935695230960846,-0.6106560826301575,-0.3010299956639812
-0.4336087703704834,-0.49776214361190796,-0.4955868721008301,-0.37675070960209955
-0.49043503403663635,-0.6036003232002258,-0.4627622067928314,-0.37675070960209955
-0.4504440426826477,-0.45247742533683777,-0.4784601032733917,-0.37675070960209955
-0.5446611046791077,-0.5467333793640137,-0.6001603007316589,-0.3565473235138126
-1.5139137506484985,-1.5434160232543945,-1.5471036434173584,-1.6575773191777938
-1.2860761880874634,-1.3136402368545532,-1.4046379327774048,-1.4685210829577449
-1.3237491846084595,-1.320951223373413,-1.247940182685852,-1.9913998282380825
-1.184657096862793,-1.3349624872207642,-1.3263072967529297,-1.3979400086720375
-1.22909414768219,-1.1868444681167603,-1.2643938064575195,-1.337242168318426
-1.2062486410140991,-1.1018441915512085,-1.0926015377044678,-1.3010299956639813
-1.2482647895812988,-1.209596037864685,-1.254953145980835,-1.5934598195660448
-1.1275397539138794,-1.038758635520935,-1.0829055309295654,-0.958607314841775
-0.8643267154693604,-0.9424046277999878,-0.8664782643318176,-0.619788758288394
-0.802444338798523,-0.9423331022262573,-0.9101306200027466,-0.44369749923271273
-0.8538410067558289,-0.7784267067909241,-0.7896419763565063,-0.36653154442041347
-0.7689163684844971,-0.7758691310882568,-0.8493709564208984,-0.3279021420642826
-0.843425989151001,-0.8590314984321594,-0.8363523483276367,-0.4559319556497244
-0.9360826015472412,-0.8558916449546814,-0.8843668699264526,-0.619788758288394
-0.8370916247367859,-0.9350169897079468,-0.9615100622177124,-0.7695510786217261
-1.0084303617477417,-1.047875165939331,-0.9910946488380432,-0.9208187539523752
-1.1104371547698975,-1.0503746271133423,-1.112302541732788,-1.154901959985743
-1.1264454126358032,-1.1928322315216064,-1.1332826614379883,-0.8088285442714415
-0.9805748462677002,-0.8888470530509949,-1.0504268407821655,-0.41476493663422465
-0.8848957419395447,-0.7349663376808167,-0.8067368268966675,-0.33837659077077
-1.093387246131897,-1.0832440853118896,-1.0596288442611694,-0.7169250252645285
-0.9951984882354736,-1.0149444341659546,-0.9107586145401001,-0.3994627056355312
-0.8374423980712891,-0.8115678429603577,-0.7593296766281128,-0.21910689131292108
-1.1910146474838257,-1.0987392663955688,-1.1899856328964233,-0.9125735429637145
-0.9661577939987183,-0.9503414630889893,-0.8889031410217285,-0.39859193946531624
-0.9449265003204346,-0.7454302310943604,-0.8375293612480164,-0.1901037533975609
-1.1136466264724731,-1.1047598123550415,-1.1838387250900269,-0.9270152553720696
-1.1151303052902222,-1.0075445175170898,-0.9183846712112427,-0.6449317936511493
-0.8571663498878479,-0.7899962663650513,-0.7566739916801453,-0.22584814104528958
-1.214657187461853,-1.1982744932174683,-1.1312966346740723,-1.016824927962187
-1.001617670059204,-1.0151480436325073,-1.0151456594467163,-0.7171513971653553
-0.8866354823112488,-0.7645551562309265,-0.9061665534973145,-0.34390179798716813
-1.1797794103622437,-1.106713056564331,-1.1160458326339722,-1.0594835150674329
-1.0122134685516357,-1.0282460451126099,-0.9798038601875305,-0.7602001815529014
-0.9210292100906372,-0.9516742825508118,-0.8396087288856506,-0.43735032778808336
-1.1900752782821655,-1.1856579780578613,-1.2340046167373657,-1.3516399890190685
-1.0433419942855835,-1.0415658950805664,-1.0079230070114136,-0.9385475209128068
-0.9776515960693359,-0.9418371319770813,-0.9538421630859375,-0.6753060861382254
-1.2925533056259155,-1.2626562118530273,-1.3057845830917358,-2.0757207139381184
-1.071732759475708,-0.9748536944389343,-1.1478466987609863,-1.254144804826271
-1.0377271175384521,-1.1032259464263916,-1.1080189943313599,-0.906578314837765
-1.4216680526733398,-1.4914852380752563,-1.4637309312820435,-2.221848749616356
-1.230323314666748,-1.1473387479782104,-1.1564563512802124,-2.5528419686577806
-1.1116710901260376,-1.2024260759353638,-1.0982515811920166,-1.4306260903849541
-1.151432991027832,-0.9842109084129333,-0.9826563000679016,-0.5867002359187481
-1.0155316591262817,-0.9909542202949524,-0.9141882658004761,-0.596879478824182
-1.03922700881958,-1.0959994792938232,-1.0488003492355347,-0.6968039425795111
-0.9683165550231934,-1.0818923711776733,-0.9995467662811279,-1.0
-1.0680549144744873,-1.039899468421936,-1.1068427562713623,-1.0506099933550872
-1.0892313718795776,-1.0247427225112915,-1.191207766532898,-1.1739251972991736
-1.2222011089324951,-1.0810468196868896,-1.182078242301941,-1.3279021420642825
-1.201100468635559,-1.0861014127731323,-1.119444727897644,-1.3979400086720375
-1.0952041149139404,-1.0114558935165405,-1.1105605363845825,-2.154901959985743
-1.0637346506118774,-0.9841878414154053,-1.085253119468689,-2.0177287669604316
-1.3253626823425293,-1.3528141975402832,-1.2781181335449219,-1.6020599913279623
-0.41168397665023804,-0.5110768675804138,-0.4861708879470825,-0.2688449400403264
-0.21090289950370789,-0.17520175874233246,-0.15421448647975922,0.06069784035361165
-0.5488805770874023,-0.3245984613895416,-0.45936185121536255,-0.24598209844216795
-0.3680111765861511,-0.3442126512527466,-0.4190007150173187,-0.24598209844216795
0.08410825580358505,-0.1612977832555771,0.09006825089454651,0.17926446433902532
-0.3176436722278595,-0.25956425070762634,-0.2828998863697052,-0.22184874961635637
-0.41478100419044495,-0.21894097328186035,-0.2149948924779892,-0.1962943969757637
0.20740672945976257,0.29914307594299316,0.01762559823691845,0.32633586092875144
0.35460835695266724,0.41604602336883545,0.33938196301460266,0.5276299008713387
0.5084767937660217,0.27769508957862854,0.5176681280136108,0.6627578316815741
-0.6233054399490356,-0.7065908908843994,-0.5431364178657532,-0.5290385369682233
-0.2099994719028473,-0.5228678584098816,-0.12055882811546326,-0.10790539730951959
-0.5138574242591858,-0.46565425395965576,-0.6430994272232056,-0.5102889561907537
-0.5393062829971313,-0.6697207093238831,-0.6409751772880554,-0.49069395850550057
-0.04049262776970863,-0.4144951105117798,-0.3143027126789093,0.04532297878665747
-0.5583917498588562,-0.5865512490272522,-0.503136157989502,-0.4631109125294204
-0.519773006439209,-0.4099031984806061,-0.3898680806159973,-0.4486329650765712
-0.1813623011112213,-0.16720108687877655,-0.08433400839567184,0.20682587603184974
0.03140494227409363,-0.149555042386055,0.11845247447490692,0.3242824552976926
0.26161783933639526,0.11956168711185455,0.2491980493068695,0.4487063199050799
-0.7818208336830139,-0.9390202760696411,-0.8069215416908264,-0.8846058574743971
-0.6120243668556213,-0.4167596697807312,-0.427516907453537,-0.2569922373293755
-0.7690375447273254,-0.7960196137428284,-0.6410710215568542,-0.8681119898227769
-0.6142728924751282,-0.6088353395462036,-0.535557210445404,-0.8596239623199455
-0.2378792017698288,-0.49870550632476807,-0.5123444199562073,-0.005243055412371884
-0.6715643405914307,-0.7165867686271667,-0.7371788620948792,-0.8331171770258415
-0.5767342448234558,-0.6150455474853516,-0.4080284535884857,-0.8239087409443188
-0.1548767387866974,-0.3077397048473358,-0.315252423286438,0.1766699326681496
-0.12473282217979431,-0.18368025124073029,-0.1922265738248825,0.29885307640970665
0.12713715434074402,0.13128261268138885,0.1314501315355301,0.38560627359831223
-0.6475485563278198,-0.7071177363395691,-0.6573101878166199,-0.8210230527068306
-0.6205568909645081,-0.6477152109146118,-0.6237896680831909,-0.6903698325741012
-0.7811166048049927,-0.8551951050758362,-0.8562178611755371,-1.1674910872937636
-0.752128005027771,-0.7217205762863159,-0.7250382304191589,-0.8569851997459049
-0.7411021590232849,-0.7621167302131653,-0.808217465877533,-0.8386319977650252
-0.7118789553642273,-0.6434168219566345,-0.671733021736145,-0.6989700043360187
-0.905534565448761,-0.8470286726951599,-0.8196391463279724,-1.1674910872937636
-0.7965980768203735,-0.7944195866584778,-0.8540700078010559,-0.8696662315049939
-0.7861251831054688,-0.8270119428634644,-0.8402131795883179,-0.8601209135987634
-0.8196500539779663,-0.805539071559906,-0.8207930326461792,-0.721246399047171
-0.8607411980628967,-0.927238941192627,-0.8920507431030273,-0.9393021596463883
-0.8682016134262085,-0.9119472503662109,-0.8693171739578247,-0.9956786262173574
-0.8189643621444702,-0.8825726509094238,-0.8108004331588745,-0.7495799976911061
-0.7676284313201904,-0.8660259246826172,-0.8821535110473633,-1.0604807473813815
-0.7958863973617554,-0.8947436213493347,-0.8515755534172058,-0.7772835288524167
-0.9800209403038025,-0.9901191592216492,-1.0371500253677368,-1.1674910872937636
-0.8799533843994141,-0.8471823930740356,-0.8250712752342224,-0.8210230527068306
-0.9991201162338257,-0.9245702624320984,-0.9505541324615479,-0.8996294548824371
-0.7424917221069336,-0.8152871131896973,-0.7616825699806213,-0.8416375079047503
-0.7225324511528015,-0.7816151976585388,-0.7683771848678589,-0.6946486305533762
-0.8510335683822632,-0.8613980412483215,-0.8789936304092407,-1.154901959985743
-0.9311224222183228,-0.8530441522598267,-0.854681670665741,-0.8794260687941502
-0.7239927053451538,-0.5788190960884094,-0.6949211359024048,-0.8239087409443188
-0.6518130302429199,-0.6229572892189026,-0.697520911693573,-0.6861327796308466
-0.6502472162246704,-0.748167872428894,-0.6605857014656067,-1.136677139879544
-0.8255921006202698,-0.7343536019325256,-0.815275251865387,-0.8632794328435931
-0.5403599739074707,-0.5300610661506653,-0.513933002948761,-0.8041003475907662
-0.5016074180603027,-0.5007880926132202,-0.5384024977684021,-0.679853713888946
-0.5716242790222168,-0.6197105050086975,-0.6210225224494934,-1.1135092748275182
-0.6715356707572937,-0.5608808398246765,-0.6037102341651917,-0.8356471442155629
-0.37040501832962036,-0.28528380393981934,-0.2434932440519333,-0.7878123955960422
-0.31341931223869324,-0.28294503688812256,-0.24786102771759033,-0.6716203965612623
-0.4690367877483368,-0.5136247277259827,-0.4571783244609833,-1.0861861476162833
-0.39987847208976746,-0.37957456707954407,-0.428579181432724,-0.8239087409443188
-0.4407412111759186,-0.4182875454425812,-0.4053102731704712,-0.4190750243243807
-0.4045301675796509,-0.3480192720890045,-0.30758756399154663,-0.21490018838220346
-0.33068421483039856,-0.36469027400016785,-0.40432870388031006,-0.6497519816658371
-0.47978654503822327,-0.5153180360794067,-0.41994017362594604,-0.367510314097029
-0.3660467267036438,-0.528307318687439,-0.42423325777053833,-0.9208187539523752
-0.4549132287502289,-0.4734363257884979,-0.5848937630653381,-0.5174837133936314
-0.43873244524002075,-0.4728374183177948,-0.44236305356025696,-0.5528419686577808
-0.5917716026306152,-0.4139862060546875,-0.44018644094467163,-0.5228787452803376
-0.42046457529067993,-0.5843530893325806,-0.5452368259429932,-0.5086383061657274
-0.5180108547210693,-0.3791150748729706,-0.4199574589729309,-0.3360636208328832
-0.29050251841545105,-0.3934693932533264,-0.3718648850917816,-0.3979400086720376
-0.43755027651786804,-0.27915751934051514,-0.36435699462890625,-0.37675070960209955
-0.4286311864852905,-0.3542747497558594,-0.44007277488708496,-0.3372421683184259
-0.42802268266677856,-0.4173826277256012,-0.3974881172180176,-0.2006594505464183
-0.2819795310497284,-0.20759017765522003,-0.16676238179206848,-0.2839966563652008
-0.3100278377532959,-0.1740928292274475,-0.26136136054992676,-0.22184874961635637
-0.3361434042453766,-0.33485105633735657,-0.35011160373687744,-0.1870866433571444
-0.4193723201751709,-0.20054985582828522,-0.21140818297863007,-0.10065836056122002
-0.7511173486709595,-0.7086088061332703,-0.6644338369369507,-0.9913998282380825
-0.7736119031906128,-0.6306031942367554,-0.7426243424415588,-0.673135932224739
-0.4272172451019287,-0.2964829206466675,-0.40070489048957825,-1.2218487496163564
-0.4858626127243042,-0.3461187481880188,-0.43722856044769287,-1.3979400086720375
-0.48821139335632324,-0.4558866620063782,-0.46648895740509033,-1.4202164033831899
-0.530189037322998,-0.4383748769760132,-0.5174543261528015,-1.6197887582883939
-0.7933498620986938,-0.7069584131240845,-0.7405329346656799,-2.0
-0.5922588109970093,-0.48245489597320557,-0.528573215007782,0.06069784035361165
-0.3785196542739868,-0.44791728258132935,-0.2909083962440491,0.42488163663106704
-0.35362377762794495,-0.2698412835597992,-0.18151560425758362,0.5378190950732742
-0.41387197375297546,-0.2102908343076706,-0.20271728932857513,0.6586790285824489
-0.17029446363449097,-0.16158419847488403,-0.10045800358057022,0.8155777483242672
-0.10306722670793533,-0.09359724819660187,0.05789419636130333,0.19589965240923374
-0.9197303056716919,-1.0271855592727661,-0.9037728309631348,-0.8239087409443188
0.3678053021430969,0.509375274181366,0.41109779477119446,0.1846914308175988
-1.441748023033142,-1.4123188257217407,-1.5560061931610107,-1.0222763947111522
-1.3594156503677368,-1.3452658653259277,-1.3079257011413574,-1.1249387366083
-1.0744044780731201,-1.2979187965393066,-1.253955602645874,-1.0222763947111522
-1.515458583831787,-1.4850488901138306,-1.52650785446167,-1.6197887582883939
-1.3998275995254517,-1.3998829126358032,-1.4710415601730347,-1.5086383061657274
-1.2321243286132812,-1.1409671306610107,-1.3150150775909424,-1.3279021420642825
-1.5788005590438843,-1.596665382385254,-1.5265357494354248,-2.221848749616356
-1.4428479671478271,-1.4828741550445557,-1.4899438619613647,-1.9829666607012197
-1.3339389562606812,-1.3145524263381958,-1.4062577486038208,-1.5686362358410126
-1.015787124633789,-1.0139594078063965,-1.05043363571167,-1.3979400086720375
-1.0844568014144897,-1.0081478357315063,-1.1542822122573853,-0.8538719643217619
-0.9775623679161072,-1.0046801567077637,-0.8965341448783875,-0.5228787452803376
-1.1390469074249268,-1.0439633131027222,-1.1194945573806763,-0.6989700043360187
-1.142296314239502,-1.2647250890731812,-1.1001896858215332,-1.3010299956639813
-1.2502588033676147,-1.31528639793396,-1.3370413780212402,-1.3979400086720375
-2.2003471851348877,-2.299123764038086,-2.2820537090301514,-2.337242168318426
-2.150620460510254,-2.3439552783966064,-2.2826406955718994,-2.337242168318426
-2.3060786724090576,-2.413398027420044,-2.40720796585083,-2.5228787452803374
-2.2786121368408203,-2.365546941757202,-2.34738826751709,-2.431798275933005
-2.2797930240631104,-2.258786916732788,-2.2137866020202637,-2.431798275933005
-2.1077780723571777,-2.463275909423828,-2.4518723487854004,-2.5086383061657274
-2.204679250717163,-2.3360838890075684,-2.22991681098938,-2.494850021680094
-2.4302749633789062,-2.380647897720337,-2.300567865371704,-2.494850021680094
-2.7242984771728516,-2.5943710803985596,-2.6279094219207764,-2.494850021680094
-2.4728381633758545,-2.7747936248779297,-2.7408106327056885,-2.6989700043360187
-2.5539932250976562,-2.540966749191284,-2.556225061416626,-2.4559319556497243
-1.2037571668624878,-1.1156896352767944,-1.075251817703247,-1.5228787452803376
-0.9860255718231201,-0.836830198764801,-0.9333687424659729,-0.744727494896694
-0.7374613285064697,-0.6385575532913208,-0.5596075057983398,0.07918124604762482
-0.35041162371635437,-0.3306877911090851,-0.815821647644043,0.1559430179718367
-0.5349813103675842,-0.43992117047309875,-0.4450926184654236,0.21695720736109697
-0.5753403306007385,-0.6088293194770813,-0.7941603660583496,0.3412366232386923
-0.4055759310722351,-0.3554914593696594,-0.2184605747461319,0.5584685625237948
-0.25329622626304626,-0.2342367023229599,-0.5307188034057617,0.7523558041535008
-2.3479621410369873,-2.258789539337158,-2.300069808959961,-2.6989700043360187
-2.48956561088562,-2.365591287612915,-2.3540072441101074,-3.0
-2.487483024597168,-2.4794907569885254,-2.412832736968994,-3.0
-2.335583448410034,-2.274864673614502,-2.2367234230041504,-2.3979400086720375
-2.292719602584839,-2.2706024646759033,-2.3167853355407715,-2.0
-2.4482414722442627,-2.505845546722412,-2.6308445930480957,-3.0
-2.375847101211548,-2.441606044769287,-2.4141685962677,-1.744727494896694
-2.5357980728149414,-2.550477981567383,-2.579941511154175,-2.8239087409443187
-2.6200037002563477,-2.7920546531677246,-2.7158432006835938,-1.3872161432802645
-2.763850688934326,-2.8342103958129883,-2.7464942932128906,-2.6989700043360187
-1.2995725870132446,-1.2460085153579712,-1.656884789466858,-0.8239087409443188
-1.4558558464050293,-1.0942394733428955,-1.6747411489486694,-1.1023729087095586
-1.155145287513733,-1.0444797277450562,-1.6353557109832764,-1.3979400086720375
-1.2691255807876587,-1.0965992212295532,-1.1389821767807007,-1.744727494896694
-0.5057390332221985,-0.6569843888282776,-1.0426256656646729,0.05076631123304232
-0.9199666380882263,-0.8594611883163452,-0.902833878993988,-1.0
-0.8727989196777344,-0.8467180728912354,-0.8522363901138306,-0.7958800173440752
-0.840260922908783,-0.7800655364990234,-0.7399466037750244,-0.6777807052660807
-0.8565821647644043,-0.7929166555404663,-0.7372367978096008,-0.5528419686577808
-0.9749510288238525,-0.8881142735481262,-0.8759870529174805,-1.0457574905606752
-0.9761477112770081,-0.9433598518371582,-0.8120490908622742,-0.9208187539523752
-0.8136477470397949,-0.8952378034591675,-0.8161928057670593,-0.721246399047171
-0.9063786268234253,-0.7986238598823547,-0.8371220231056213,-0.619788758288394
-1.0796014070510864,-1.0616848468780518,-1.0778592824935913,-1.0506099933550872
-1.0943124294281006,-0.9369301199913025,-0.8775495290756226,-0.958607314841775
-1.036729097366333,-0.9176605343818665,-0.8432391881942749,-0.8239087409443188
-0.8788307905197144,-0.9594980478286743,-0.9024639129638672,-0.6575773191777937
-1.0867146253585815,-1.0559535026550293,-1.1110280752182007,-1.6989700043360187
-1.0380021333694458,-1.0338304042816162,-1.1015286445617676,-1.3979400086720375
-0.9299119114875793,-0.9087794423103333,-0.9666460156440735,-1.2218487496163564
-0.9492201805114746,-0.9988258481025696,-0.9275566935539246,-1.0
-1.240115761756897,-1.120577096939087,-1.302998423576355,-1.0457574905606752
-0.715422511100769,-0.8465097546577454,-0.8825634717941284,-1.0629487487389813
-0.8180635571479797,-0.9595324993133545,-0.8635258078575134,-1.1831094015116075
-0.9344656467437744,-0.8956179618835449,-0.8825095295906067,-1.2869464912940425
-0.888322651386261,-0.9349190592765808,-1.0246275663375854,-1.6021121097929614
-1.1423949003219604,-1.0800203084945679,-1.0767606496810913,-2.135548252841817
-1.6310213804244995,-1.4669064283370972,-1.6109428405761719,-1.6777807052660807
-0.5578121542930603,-0.5876491665840149,-0.5356200337409973,-1.0
-0.591349184513092,-0.5000596046447754,-0.5500679016113281,-1.0
-0.5784852504730225,-0.6501559615135193,-0.6267556548118591,-0.6020599913279624
-0.5465438961982727,-0.5987483263015747,-0.5593507289886475,-0.6989700043360187
-0.5537716746330261,-0.5820993185043335,-0.5299942493438721,-0.6989700043360187
-0.5159075260162354,-0.6073250770568848,-0.5916017293930054,-0.2924298239020636
-0.44375500082969666,-0.41791707277297974,-0.39023056626319885,-0.431798275933005
-0.45555126667022705,-0.340223103761673,-0.4520011246204376,-0.5086383061657274
-0.5187704563140869,-0.46022504568099976,-0.49472737312316895,-0.14874165128092473
-0.3669274151325226,-0.32233887910842896,-0.34496402740478516,-0.6020599913279624
-0.30120277404785156,-0.26180094480514526,-0.30382055044174194,-0.6989700043360187
-0.4501475691795349,-0.3167624771595001,-0.3913518488407135,-0.1549019599857432
-0.015077110379934311,-0.05835796520113945,-0.12588897347450256,-0.3979400086720376
-0.13261523842811584,0.05495058372616768,-0.15875694155693054,-0.6575773191777937
-0.0959034264087677,0.029647398740053177,-0.1445586383342743,0.0
-0.15584954619407654,-0.2063836008310318,-0.1304357498884201,-0.2924298239020636
-0.19754186272621155,-0.11161037534475327,-0.12362034618854523,-0.5228787452803376
-0.2451363503932953,-0.18491871654987335,-0.1151314526796341,0.17609125905568124
-0.5035012364387512,-0.5298853516578674,-0.50575190782547,-0.5528419686577808
-0.4923378825187683,-0.5980308055877686,-0.564874529838562,-0.6989700043360187
-0.539620041847229,-0.572820246219635,-0.4811907112598419,-0.16115090926274472
-0.7495928406715393,-0.8102131485939026,-0.7002835869789124,-0.9208187539523752
-0.6879360675811768,-0.7607117295265198,-0.6942647099494934,-1.0
-0.8726980090141296,-0.7144094109535217,-0.8173845410346985,-0.619788758288394
-0.7204240560531616,-0.7797045707702637,-0.7136116623878479,-0.8860566476931632
-0.6866098046302795,-0.7129046320915222,-0.7016582489013672,-0.958607314841775
-0.749909520149231,-0.6712701916694641,-0.7263570427894592,-0.2924298239020636
-0.5085929036140442,-0.5892799496650696,-0.5715023279190063,-0.6020599913279624
-0.4812903106212616,-0.7522556185722351,-0.603990912437439,-0.6777807052660807
-0.5081301927566528,-0.6045141816139221,-0.6222485899925232,-0.09691001300805639
-0.4608495831489563,-0.5687637329101562,-0.5129991769790649,-0.5228787452803376
-0.6467265486717224,-0.4482772946357727,-0.4172527492046356,-0.6989700043360187
-0.5537168979644775,-0.36637958884239197,-0.4134071171283722,-0.1549019599857432
-0.26404958963394165,-0.2518865168094635,-0.20928628742694855,-0.3010299956639812
-0.36778050661087036,-0.19549621641635895,-0.26165011525154114,-0.744727494896694
-0.22751778364181519,-0.369268000125885,-0.3091249167919159,0.0
-0.31089693307876587,-0.2780642807483673,-0.366474986076355,-0.6989700043360187
-0.31286725401878357,-0.35947883129119873,-0.28700727224349976,-0.2839966563652008
-0.35915622115135193,-0.3514244854450226,-0.3950803875923157,0.17609125905568124
-0.7743042707443237,-0.8324854969978333,-0.796728253364563,-0.5528419686577808
-0.8144184350967407,-0.9309914112091064,-0.8761761784553528,0.03342375548694973
-0.9022936820983887,-0.8260348439216614,-0.6498730182647705,-0.022276394711152253
-0.5438101291656494,-0.40865057706832886,-0.4501781463623047,0.6503075231319364
-0.3828528821468353,-0.4010201096534729,-0.4146278500556946,0.7558748556724915
-0.6010733246803284,-0.5990676283836365,-0.4797404706478119,-0.7695510786217261
-0.46104952692985535,-0.49647030234336853,-0.5075290203094482,-0.6989700043360187
-0.8287706971168518,-0.6891994476318359,-0.7149474024772644,-0.6575773191777937
-0.512211799621582,-0.4864126443862915,-0.36478933691978455,-0.5528419686577808
-0.28199252486228943,-0.30914950370788574,-0.3129640221595764,-0.494850021680094
-0.34701570868492126,-0.2764078974723816,-0.3666919767856598,-0.44369749923271273
-0.6251745223999023,-0.4778662621974945,-0.46555450558662415,-0.42021640338318983
-0.5027838349342346,-0.38814979791641235,-0.30809903144836426,-0.4559319556497244
-0.5402195453643799,-0.3878934681415558,-0.2598836421966553,-0.3467874862246563
-0.5307594537734985,-0.5383091568946838,-0.4951956272125244,-0.6989700043360187
-0.49469661712646484,-0.4738632142543793,-0.6424757242202759,-0.9208187539523752
-0.6402339339256287,-0.4717348515987396,-0.5287080407142639,-1.0
-0.899963915348053,-0.9026288986206055,-0.8780838847160339,-0.5376020021010439
-0.40843671560287476,-0.40811342000961304,-0.43213096261024475,-0.472653707396684
-0.8627091646194458,-0.8221911191940308,-0.7902830839157104,-1.3010299956639813
-0.8424035906791687,-0.6632083058357239,-0.6832613945007324,-1.0
-0.46026578545570374,-0.49998271465301514,-0.4249582886695862,-0.8239087409443188
-0.4117550551891327,-0.5322018265724182,-0.5595384240150452,-0.6020599913279624
-0.43427717685699463,-0.5369575023651123,-0.5373053550720215,-0.494850021680094
-0.6796690821647644,-0.5075668096542358,-0.5815058946609497,-0.4814860601221125
-0.5396055579185486,-0.4493871033191681,-0.507174551486969,-0.49907776080969946
-0.6223610639572144,-0.681167483329773,-0.5106908679008484,-1.2596373105057561
-0.44152405858039856,-0.44567108154296875,-0.5446868538856506,-0.9208187539523752
-0.4436487853527069,-0.4802493751049042,-0.3766900599002838,-0.6777807052660807
-0.45371711254119873,-0.5810263752937317,-0.4858235716819763,-0.7958800173440752
-0.5011800527572632,-0.5174479484558105,-0.5849717259407043,-0.8124792791635369
-0.576832115650177,-0.648290753364563,-0.6772534251213074,-0.9172146296835499
-0.902370035648346,-0.7542038559913635,-0.7865667939186096,-0.9706162223147904
-0.7005085945129395,-0.7948519587516785,-0.8683681488037109,-1.4814860601221125
-0.631473958492279,-0.6504422426223755,-0.6951554417610168,-0.6989700043360187
-0.5836511254310608,-0.6761900186538696,-0.55533367395401,-0.6020599913279624
-0.6041061282157898,-0.5887036323547363,-0.5653109550476074,-0.4559319556497244
-0.7039257884025574,-0.6193864345550537,-0.580003023147583,-0.3467874862246563
-0.7012144923210144,-0.47753575444221497,-0.7745043635368347,-0.3979400086720376
-0.6534160375595093,-0.5920514464378357,-0.5477291941642761,-0.11918640771920865
-0.45898693799972534,-0.5228322148323059,-0.760500967502594,-0.6777807052660807
-0.619946300983429,-0.684727668762207,-0.7779521942138672,-0.05551732784983137
-0.6111578941345215,-0.5720593929290771,-0.7067215442657471,-0.42021640338318983
-0.505308985710144,-0.5073719024658203,-0.7280144691467285,-0.5228787452803376
-0.6249952912330627,-0.7490761280059814,-0.7627139091491699,-0.2076083105017461
-0.6012101173400879,-0.6281470656394958,-0.509555459022522,-0.3010299956639812
-0.5619641542434692,-0.4805731177330017,-0.5984307527542114,-0.22184874961635637
-0.6248912215232849,-0.7115054130554199,-0.5317369699478149,-0.16115090926274472
-0.5183168053627014,-0.6498210430145264,-0.6860782504081726,-0.4559319556497244
-1.2599246501922607,-1.1848570108413696,-1.1996893882751465,-1.6968039425795112
-1.308943271636963,-1.3524092435836792,-1.410791039466858,-1.239577516576788
-1.4372681379318237,-1.3852545022964478,-1.50100576877594,-1.3133637307377066
-1.413258671760559,-1.4074071645736694,-1.3925390243530273,-1.2062096153091812
-1.4230763912200928,-1.3339568376541138,-1.4288063049316406,-1.0777937225609837
-1.3375248908996582,-1.3914337158203125,-1.3389818668365479,-1.0963674839157624
-1.5472384691238403,-1.5108689069747925,-1.51198148727417,-1.337242168318426
-0.986669659614563,-0.988182783126831,-1.0003141164779663,-1.0726296369609765
-0.8881717324256897,-0.8106153607368469,-0.8538679480552673,-1.2247537402597635
-0.7154269218444824,-0.719762921333313,-0.642270028591156,-1.2388241868442686
-0.9634831547737122,-0.7335705161094666,-0.8026910424232483,-0.870954940112042
-1.6296058893203735,-1.6668565273284912,-1.7668620347976685,-1.489454989793388
-0.5669180750846863,-0.4854513108730316,-0.38561421632766724,0.8482507146770425
-0.6301870346069336,-0.46691057085990906,-0.5983337163925171,0.5928426831311002
-0.7102247476577759,-0.5357555150985718,-0.6025705933570862,0.292256071356476
-0.6634829640388489,-0.49445128440856934,-0.5451835989952087,-0.585026652029182
-0.8330466151237488,-0.7392548322677612,-0.632927417755127,-0.24488773360492885
0.15510891377925873,-0.20167356729507446,-0.3312428295612335,-0.204815410317576
-0.32658475637435913,-0.11854114383459091,-0.32837504148483276,-0.31984585826562695
-0.2495126724243164,-0.2530413866043091,-0.22586390376091003,-0.431798275933005
-0.2517697215080261,-0.26386725902557373,-0.4416986107826233,-0.3949105381184196
-0.3555266559123993,-0.43166273832321167,-0.10922041535377502,-0.5014137911824823
-0.01897657848894596,-0.08465947955846786,-0.046141255646944046,-0.5686362358410126
-0.26325878500938416,-0.14195628464221954,-0.10109572857618332,-0.3219370950256548
-0.3506634533405304,-0.4610084295272827,-0.13048985600471497,-0.5554867936659571
-0.10296043753623962,-0.032168127596378326,-0.0467870719730854,-0.10237290870955855
-0.12702502310276031,-0.09507539123296738,-0.06617113947868347,-0.10237290870955855
-0.105892114341259,-0.14167667925357819,-0.07664653658866882,-0.09691001300805639
-0.16150766611099243,-0.1268778294324875,-0.15734168887138367,-0.10237290870955855
-0.3966318964958191,-0.404021292924881,-0.4013490378856659,-0.22184874961635637
-0.848979651927948,-1.0272904634475708,-0.8511229753494263,-1.5003129173815961
-0.5813409090042114,-0.6116297841072083,-0.6730395555496216,-1.0
-0.2148808240890503,-0.052080489695072174,-0.18456241488456726,-0.11918640771920865
-0.7634822726249695,-0.8046517372131348,-0.8374165892601013,-0.3214816209598861
-0.9026297926902771,-0.8512715101242065,-0.8998299837112427,-0.3142582613977364
-0.8755543231964111,-0.891369104385376,-0.8565537929534912,-0.5883802940367698
-0.9894903302192688,-0.9735336303710938,-0.9235059022903442,-1.1611509092627446
-1.0688484907150269,-1.1699719429016113,-1.1410731077194214,-1.6575773191777938
-0.597812831401825,-0.3276899456977844,-0.5627214312553406,-0.5528419686577808
-0.786004900932312,-1.0140448808670044,-0.6922221183776855,-1.0145735259169983
-0.17357465624809265,0.050260353833436966,-0.2697644829750061,-0.3053948010664313
-0.8752965927124023,-0.7670214772224426,-0.6772264242172241,-1.2510371387438386
-0.21739716827869415,-0.0035399910993874073,-0.2404252141714096,-0.026595025589939317
-0.7443812489509583,-1.111043095588684,-0.7652474641799927,-1.5171264163912463
-0.2697639465332031,-0.38838469982147217,-0.32213494181632996,0.33809775370653894
-0.9409778118133545,-0.8338969945907593,-1.1172358989715576,-1.5331323796458904
-0.3774089813232422,-0.15467537939548492,-0.48338013887405396,0.539740838574004
-1.1524996757507324,-1.3652080297470093,-1.2163591384887695,-1.5243288116755704
-0.5686092376708984,-0.7637566328048706,-0.5701829791069031,0.8960464650403244
-1.200056552886963,-1.012614369392395,-1.1542739868164062,-0.7495799976911061
-0.647676944732666,-0.6025098562240601,-0.8038896322250366,-0.7453673439996291
-0.7594945430755615,-0.7624472379684448,-0.7154525518417358,-0.6614140342225182
-0.6731101274490356,-0.6522325277328491,-0.6982071399688721,-0.32546401318612034
-0.6783182621002197,-0.6102123260498047,-0.7226883172988892,-0.4888067129869551
-0.6943392157554626,-0.6674754619598389,-0.6445235013961792,-0.8572320991525307
-0.7377987504005432,-0.62977534532547,-0.7028385400772095,-0.36340880800663117
-0.6636662483215332,-0.6795438528060913,-0.6476491689682007,-0.7930905100987986
-0.565817654132843,-0.6793671250343323,-0.6840065121650696,-0.5133995206937987
-0.7709556221961975,-0.6599060297012329,-0.7218253016471863,-0.4374537718612325
-0.6637505888938904,-0.6638686060905457,-0.7584022283554077,-0.5482872319781882
-0.752823531627655,-0.6997201442718506,-0.7765835523605347,-0.9544579729417159
-0.7404193878173828,-0.7054430246353149,-0.6842204332351685,-0.8963878212059435
-0.7800481915473938,-0.8324599266052246,-0.8549156188964844,-0.6240000523718865
-0.8720738887786865,-0.8303272128105164,-0.7270593047142029,-0.6030460898718408
-0.8126320242881775,-0.8068403005599976,-0.8397895097732544,-0.9900904051928974
-0.8486530184745789,-0.7109782099723816,-0.8164582848548889,-1.0491096362935557
-0.9553383588790894,-0.9680812358856201,-0.9832761287689209,-1.1480265719327492
-0.9245619177818298,-0.8681958913803101,-0.9681190848350525,-1.2143143317190987
-0.9297335147857666,-0.9905979633331299,-0.9894434213638306,-0.9521607219524473
-0.9114052057266235,-0.8813435435295105,-0.9998854994773865,-1.2268574313145115
-1.2962902784347534,-1.1864185333251953,-1.2919570207595825,-1.1999706407558657
-1.5597350597381592,-1.5823423862457275,-1.618008017539978,-1.8664610916297826
-1.3464962244033813,-1.3202077150344849,-1.3548072576522827,-1.563837352959244
-0.9222745895385742,-1.0292843580245972,-1.1187702417373657,-0.935916564036404
-1.2396363019943237,-1.2020119428634644,-1.2164311408996582,-1.4067139329795428
-1.4408462047576904,-1.454693078994751,-1.4758832454681396,-1.5917600346881504
-1.0798156261444092,-1.0277612209320068,-1.0430140495300293,-0.661145253747677
-1.6060622930526733,-1.575148344039917,-1.4191921949386597,-1.2636034977233574
-1.236849069595337,-1.1470974683761597,-1.1197824478149414,-1.1555228242543185
0.2570411264896393,0.6133238077163696,0.2980732023715973,-0.2924298239020636
-0.4816870391368866,-0.3451387584209442,-0.3758823275566101,-0.687727413983718
-0.4351809024810791,-0.42781805992126465,-0.4531877338886261,-0.4424506940221613
-0.34326621890068054,-0.44750145077705383,-0.43255338072776794,-0.7172397141989045
-0.5162240266799927,-0.4999954104423523,-0.6500713229179382,-0.4677936106549203
-0.5388608574867249,-0.5822008848190308,-0.4906868040561676,-0.7846162676991075
-0.5554187297821045,-0.5320910811424255,-0.513563871383667,-0.534777807730267
-0.5034911632537842,-0.4701612591743469,-0.5353649854660034,-0.5738418480741471
-0.5561203956604004,-0.5590528845787048,-0.4899487793445587,-0.4324184685174818
-0.3952709436416626,-0.33771711587905884,-0.34991589188575745,-0.46141244338273957
-0.4618954658508301,-0.4231623411178589,-0.4165981113910675,-0.28918814997674686
-0.5384512543678284,-0.507490873336792,-0.5716140270233154,-0.8266738471710442
-0.657405436038971,-0.8094968199729919,-0.6578555107116699,-0.7010203637415846
-0.5776788592338562,-0.5560321807861328,-0.5536644458770752,-0.6403864628098056
-0.569675087928772,-0.6861840486526489,-0.5996416807174683,-0.558540531082206
-0.5355401635169983,-0.4546244144439697,-0.3774433732032776,-0.5073597218749326
-0.5275891423225403,-0.5130910873413086,-0.4539407193660736,-0.39403377797205474
-0.618667483329773,-0.7287198901176453,-0.6298736333847046,-0.9757894452265757
-0.6764435768127441,-0.7027092576026917,-0.7411383986473083,-0.8450984743089558
-0.5815700888633728,-0.7310911417007446,-0.6415753960609436,-0.7476349144869489
-0.7251057624816895,-0.726647138595581,-0.6702090501785278,-0.6353758467270006
-0.4948723316192627,-0.5885198712348938,-0.5615696310997009,-0.6265270889921077
-0.5633437633514404,-0.6757261157035828,-0.6171398162841797,-0.4777501339389004
-0.4788264036178589,-0.2838117182254791,-0.22856061160564423,-0.6307841425898572
-0.4501044750213623,-0.35306939482688904,-0.44307777285575867,-0.8041003475907662
-0.5858108997344971,-0.6160677671432495,-0.6452032923698425,-0.46852108295774486
-0.6188969016075134,-0.6448678374290466,-0.6489753127098083,-1.6197887582883939
-0.6447350978851318,-0.5174388885498047,-0.4729712903499603,-0.6575773191777937
-0.4604763388633728,-0.6263248324394226,-0.6602687239646912,-0.7958800173440752
-0.5692098140716553,-0.6885690689086914,-0.6340050101280212,-0.7695510786217261
-0.5019076466560364,-0.5833191275596619,-0.5686153769493103,-0.6575773191777937
-0.6739177703857422,-0.6491442322731018,-0.7345165610313416,-0.8239087409443188
-0.6537226438522339,-0.5781988501548767,-0.5424941182136536,-0.7958800173440752
-0.5754423141479492,-0.727078914642334,-0.7202351689338684,-0.6777807052660807
-0.8475529551506042,-0.6424497365951538,-0.6843069791793823,-0.9208187539523752
-0.7486928105354309,-0.8016252517700195,-0.7780821919441223,-0.8860566476931632
-0.8502260446548462,-0.7872797846794128,-0.77952641248703,-0.6777807052660807
-0.7903900146484375,-0.8239666223526001,-0.8500696420669556,-0.8538719643217619
-0.9279967546463013,-0.8794994950294495,-0.9153348803520203,-0.8538719643217619
-0.2207731008529663,-0.2465876191854477,-0.199273481965065,0.29426777217945776
-0.16375477612018585,0.048199187964200974,-0.06846187263727188,0.33415205299228645
0.015934081748127937,-0.05253387615084648,-0.18968139588832855,0.3313057985532691
-0.024614011868834496,-0.14115853607654572,0.03769628703594208,0.3523176109368268
0.08924933522939682,-0.05537726730108261,0.02593744732439518,0.5129110878474195
-0.40051645040512085,-0.23444442451000214,-0.2158912718296051,0.24368280735719336
-0.08702519536018372,-0.047033943235874176,-0.09469983726739883,0.24762962067911384
-0.2641464173793793,-0.04674142226576805,-0.08781041204929352,0.2968844755385471
-0.2200438529253006,-0.04435485228896141,-0.1607990711927414,0.28284860283464475
0.07186469435691833,0.005882361903786659,0.15868064761161804,0.4756276114410809
-0.2545233368873596,-0.23803232610225677,-0.39800313115119934,0.15624619039734447
-0.2082875519990921,-0.11214615404605865,-0.019784124568104744,0.19542914245706253
-0.2020743042230606,-0.17957986891269684,-0.0723508894443512,0.19434780728009307
-0.022336814552545547,-0.1160372644662857,-0.09741703420877457,0.2664668954402414
0.04775771498680115,0.04211284965276718,0.1488884538412094,0.38797679499043713
-0.2694028913974762,-0.2356562465429306,-0.2628645598888397,0.04261488458852481
-0.04231444001197815,-0.0899910256266594,-0.061107490211725235,-0.029049065654575875
-0.03858468681573868,-0.10819877684116364,-0.08351357281208038,0.08972853307473597
-0.10359534621238708,-0.10814135521650314,-0.056406810879707336,0.08678679562662422
-0.006874855142086744,-0.00196739099919796,0.08907458186149597,0.22541267286595434
-0.41245195269584656,-0.30786725878715515,-0.29099470376968384,-0.09468993788391449
-0.10006856173276901,-0.09892647713422775,0.03666459023952484,-0.17672144304832926
-0.3026329278945923,-0.1598265916109085,-0.03193153440952301,-0.08139308485501809
-0.10354671627283096,-0.10929621756076813,-0.10925006121397018,-0.03198428600635821
-0.01425379142165184,-0.03979858011007309,0.10182742774486542,0.030275802889287887
-0.28887590765953064,-0.4290447235107422,-0.261107474565506,-0.4682656907234498
-0.15046361088752747,-0.2908560633659363,-0.12290909886360168,-0.5139948136377577
-0.12035230547189713,-0.06672464311122894,-0.12272390723228455,-0.4495270428934366
-0.15964293479919434,-0.14313042163848877,-0.13699540495872498,-0.39913596369016047
-0.06134674325585365,0.021056436002254486,-0.05625161901116371,-0.30557030904291693
-1.0718227624893188,-1.0098048448562622,-1.0931745767593384,-1.1739251972991736
-1.0763933658599854,-0.9820278286933899,-1.1314514875411987,-1.2518119729937995
-1.216391682624817,-1.0731711387634277,-1.06572425365448,-1.337242168318426
-1.2086586952209473,-1.182730793952942,-1.167082667350769,-1.4202164033831899
-1.260896921157837,-1.233986735343933,-1.3749866485595703,-1.6020599913279623
-0.06058517470955849,0.03348739072680473,-0.06852193176746368,0.1408155855660258
-0.11760690808296204,-0.04257030412554741,-0.14535827934741974,-0.004644774290455358
-0.050870805978775024,-0.06570617109537125,-0.06978334486484528,-0.17378715248775295
-0.7134458422660828,-0.43717968463897705,-0.7073442935943604,-1.744727494896694
-0.6630308628082275,-0.596894383430481,-0.667999267578125,-1.5228787452803376
-0.559001088142395,-0.37826189398765564,-0.5321871638298035,-1.1674910872937636
-0.4468579590320587,-0.15856443345546722,-0.3696763217449188,-0.889410289700751
-0.2156946361064911,-0.06368611752986908,-0.21737419068813324,-0.38206284568617044
-0.17590153217315674,-0.08178423345088959,-0.18857721984386444,-0.679853713888946
-0.2370358407497406,-0.0786927193403244,-0.27399536967277527,-0.4571745730408201
-0.35459303855895996,-0.37053561210632324,-0.46298906207084656,-0.5107293465282002
-0.4430263042449951,-0.4264305830001831,-0.4832879900932312,0.06069784035361165
-0.25673261284828186,-0.5420038104057312,-0.516991138458252,0.021189299069938092
-0.5058844685554504,-0.39826521277427673,-0.43451616168022156,-0.031517051446064856
-0.42185017466545105,-0.4778253734111786,-0.6426988244056702,-0.060480747381381476
-0.6592035293579102,-0.438018262386322,-0.05501110851764679,-0.09151498112135022
-0.7873738408088684,-0.8959328532218933,-0.8719148635864258,-0.6671577330056484
-1.0048631429672241,-0.9069658517837524,-0.973717212677002,-0.7775436633207533
-1.0221846103668213,-0.9744317531585693,-0.9116421341896057,-0.9669785553170893
-1.1331803798675537,-1.1747256517410278,-1.2205266952514648,-1.1360826230421395
-1.1052634716033936,-1.1234300136566162,-1.1249451637268066,-0.9649707177976319
-0.9714048504829407,-1.018678069114685,-0.9927019476890564,-0.8948305720006683
-0.957403302192688,-0.9073421955108643,-0.8769277334213257,-0.7801536139756393
-1.1705327033996582,-1.4028148651123047,-1.3000448942184448,-1.3316140833099999
-0.7126488089561462,-0.8567222952842712,-0.7190333008766174,-0.9625735020593764
-0.8935927748680115,-0.8406609892845154,-0.7994769811630249,-1.0409586076789064
-0.8694417476654053,-0.8377545475959778,-0.9095464944839478,-0.8794260687941502
-0.8895370364189148,-0.8133876919746399,-0.8723177909851074,-1.1079053973095196
-0.817608118057251,-0.8749856352806091,-0.822338342666626,-0.9507819773298184
-0.8641183376312256,-0.8983122110366821,-0.8355962634086609,0.021142144537753402
-0.8368695378303528,-0.9090536832809448,-0.8674312829971313,-1.0222763947111522
-0.8535139560699463,-0.8711508512496948,-0.8766084313392639,-1.2839966563652008
-0.9586347341537476,-0.9234206676483154,-0.8935993313789368,0.012682453368195807
-0.8080072402954102,-0.9492268562316895,-0.9265799522399902,-1.408935392973501
-0.6863403916358948,-0.7134344577789307,-0.7539881467819214,-0.889410289700751
-0.8341083526611328,-0.7340420484542847,-0.8276649117469788,-0.958607314841775
-0.7818584442138672,-0.8129335045814514,-0.6951773762702942,-0.8297382846050426
-0.8265904784202576,-0.8216179609298706,-0.8005287051200867,-1.0362121726544447
-0.8552354574203491,-0.8613610863685608,-0.9077107310295105,-0.9030899869919435
-0.9337345361709595,-0.9298301339149475,-0.7756391763687134,-0.9430951486635274
-0.6571837067604065,-0.8999291658401489,-0.870334267616272,0.029694572594448118
-0.7900727987289429,-0.9122146964073181,-0.9582024812698364,-1.0969100130080565
-0.9175406098365784,-0.8559536933898926,-0.8637350797653198,0.01871297821343185
-0.883429765701294,-0.81159907579422,-0.9164023399353027,-1.2596373105057561
-0.6332539916038513,-0.7423797249794006,-0.615106999874115,-0.8356471442155629
-0.6410632133483887,-0.7124507427215576,-0.7146402597427368,-0.8927900303521317
-0.6249613761901855,-0.6897733807563782,-0.6814143657684326,-0.7798919119599449
-0.7182623744010925,-0.7543513774871826,-0.6266232132911682,0.042497151244295546
-0.8819384574890137,-0.8021262288093567,-0.6811016798019409,-0.8507808873446201
-0.6647438406944275,-0.7675561904907227,-0.7665641903877258,-0.8827287043442358
-0.6421740651130676,-0.6933268308639526,-0.6785764098167419,0.03510139153546975
-0.7056698799133301,-0.7498651742935181,-0.7207682728767395,-0.9913998282380825
-0.6650526523590088,-0.7435524463653564,-0.7558727264404297,0.02916413961809315
-0.6819192171096802,-0.8106737732887268,-0.7116795778274536,-1.0506099933550872
-0.45409059524536133,-0.4748241603374481,-0.45809638500213623,-0.8096683018297085
-0.5706861019134521,-0.5040404796600342,-0.5950763821601868,-0.8569851997459049
-0.5509495139122009,-0.5970270037651062,-0.5930099487304688,-0.7495799976911061
-0.5967373251914978,-0.5127537846565247,-0.6415260434150696,0.0478886777182788
-0.5968642830848694,-0.6358596086502075,-0.6150774359703064,-0.7772835288524167
-0.58311527967453,-0.4766846299171448,-0.635253369808197,-0.8153085691824012
-0.5234718918800354,-0.5357483625411987,-0.4680730700492859,0.03977647495960224
-0.5944660902023315,-0.5532572269439697,-0.6571491956710815,-0.9318141382538383
-0.5350232720375061,-0.5717190504074097,-0.6174042224884033,0.03342375548694973
-0.594537615776062,-0.6724836230278015,-0.6525359749794006,-0.9871627752948278
-0.2505931258201599,-0.25446099042892456,-0.5078044533729553,-0.5670307091255943
-0.5290657877922058,-0.5862975120544434,-0.6040194630622864,-0.5151309672795976
-0.23553308844566345,-0.22292698919773102,-0.3045703172683716,-0.2977418368379057
-0.6205424070358276,-0.46613433957099915,-0.43511199951171875,-0.4103854593687336
-0.5844141840934753,-0.6370227932929993,-0.5857080221176147,-0.8063189704587185
-0.40808606147766113,-0.42178723216056824,-0.40701398253440857,-0.43806423668621863
-0.1920890212059021,-0.21496599912643433,-0.3041222095489502,-0.31184724440843364
-0.5281534790992737,-0.6088230609893799,-0.6596111059188843,-0.870310107800699
-0.4217815101146698,-0.4999650716781616,-0.5539414286613464,-0.6831912479469778
-0.594580888748169,-0.4237573742866516,-0.3927115499973297,-0.445389714773836
-0.6830441951751709,-0.46878331899642944,-0.6921546459197998,-0.5895602137896534
-0.4092514216899872,-0.31990575790405273,-0.28451719880104065,-0.3810110796350664
-0.7272304892539978,-0.6031546592712402,-0.556117832660675,-0.8804142250382161
-0.6665585041046143,-0.720600962638855,-0.752242386341095,-0.6613443344212997
-0.25417211651802063,-0.3706161379814148,-0.28650352358818054,-0.349401101827343
-0.5680961012840271,-0.43798744678497314,-0.5650671720504761,-0.4628107737563554
-0.5807753205299377,-0.2054622322320938,-0.16995786130428314,-0.9329291439546299
-0.6868370175361633,-0.6922525763511658,-0.6381101608276367,-0.7160207157615202
-0.5119627714157104,-0.645207405090332,-0.5726816058158875,-0.5249101966109935
-0.46381866931915283,-0.5907326936721802,-0.5110105276107788,-0.38142897187987024
-0.6062218546867371,-0.591027021408081,-0.7635722756385803,-0.9310723883179282
-0.6486315727233887,-0.5645067691802979,-0.5912678241729736,-0.6029294500405913
-0.5294718742370605,-0.45753392577171326,-0.4988950788974762,-0.40538649083990197
-0.7291863560676575,-0.652828574180603,-0.6388494968414307,-0.9366666410482505
-0.7326698899269104,-0.6705533862113953,-0.4750136435031891,-0.6895191085373249
-0.6196216940879822,-0.6375631093978882,-0.3818284869194031,-0.6219656775426685
-0.5043410658836365,-0.6122865676879883,-0.5254760980606079,-0.732593581247096
-0.07292762398719788,-0.4671371579170227,-0.34550195932388306,-0.4438181533470888
-0.4961719512939453,-0.35739776492118835,-0.32620033621788025,-1.2006594505464183
-0.35676470398902893,-0.5306918621063232,-1.0333915948867798,-0.8965383779052951
-0.6604990363121033,-0.6258659958839417,-0.5271188616752625,-0.7368375350377834
-0.440334677696228,-0.5151428580284119,-0.590799868106842,-0.4854522473397139
-0.6195616126060486,-0.6065512299537659,-0.6227054595947266,-0.9738754832545498
-0.4654589295387268,-0.3067813515663147,0.028616448864340782,-0.505149978319906
-0.5377575159072876,-0.5910786986351013,-0.5758970379829407,-1.2724587429714436
-0.32044655084609985,-0.47587764263153076,-0.31120240688323975,-0.7354182707619226
-0.5204089879989624,-0.4749159514904022,-0.47759637236595154,-0.8359447081065484
-0.5985605120658875,-0.49668392539024353,-0.42554447054862976,-0.10962202152364997
-0.3047969341278076,-0.5199657082557678,-0.4217759072780609,-0.23028157653022965
-0.3069228529930115,-0.49918127059936523,-0.4643242061138153,-0.3696504474354256
-0.37407857179641724,-0.4170728921890259,-0.4572007358074188,-0.5399113897085028
-0.5361494421958923,-0.5056597590446472,-0.47013887763023376,-0.6515452046511886
-0.6664571166038513,-0.7628875374794006,-0.7965086698532104,-1.031517051446065
-0.7711606025695801,-0.7796676754951477,-0.7434529066085815,-0.5169835798558678
-0.7473436594009399,-0.6917985677719116,-0.716435432434082,-0.1966111750163865
-0.6311814188957214,-0.4508252441883087,-0.4749343991279602,-0.08118360963962049
-0.37000322341918945,-0.6068633794784546,-0.5368754267692566,-0.444421927227045
-0.35269054770469666,-0.3723571300506592,-0.35505247116088867,0.18315591543401297
-0.4270145297050476,-0.20867089927196503,-0.39417749643325806,0.23585656875297398
-0.22530461847782135,-0.06537090241909027,-0.0487111359834671,0.4241790135787822
0.03683442249894142,-0.07493357360363007,-0.07053396850824356,0.3907585287387172
0.25839540362358093,-0.10581900179386139,0.21743574738502502,0.594878511394642
0.19527696073055267,0.19557714462280273,0.11390609294176102,0.7211756032766088
0.3118966519832611,-0.0388304702937603,-0.008302083238959312,0.6056066844300941
-0.030765864998102188,0.3359057903289795,0.22045888006687164,0.7745753543387348
0.11424549669027328,0.051951099187135696,0.3283490538597107,0.6695121296915462
0.05237128958106041,0.2405172735452652,0.17506785690784454,0.6961116468379268
-0.055183086544275284,-0.1770627349615097,-0.11287303268909454,0.414973347970818
0.36033087968826294,0.24316918849945068,0.25864681601524353,0.2787536009528289
-0.8172284960746765,-0.7425321340560913,-0.6036026477813721,-0.7925460651913082
-0.5941106081008911,-0.5828505158424377,-0.5044156312942505,-0.7457130130653591
-0.39630427956581116,-0.4812309145927429,-0.41243454813957214,-0.5471819983917817
-0.35777631402015686,-0.32640329003334045,-0.2806704342365265,-0.41144259336372124
-1.3126658201217651,-1.260903239250183,-1.3611141443252563,-1.3045183235098026
-0.9451493620872498,-1.155661702156067,-1.067143440246582,-1.158015195409886
-1.1414835453033447,-1.116655707359314,-1.2459602355957031,-0.9698052146432488
-1.0882594585418701,-1.028728723526001,-0.9080299139022827,-0.7624562618571256
-0.5166696906089783,-0.5348504781723022,-0.5573602318763733,-0.2847489711211507
-0.5180518627166748,-0.5225881338119507,-0.5934402942657471,-0.3617104645857431
-0.4830694794654846,-0.5641422867774963,-0.5835579037666321,-0.4381833356810425
-0.5449186563491821,-0.501019299030304,-0.4918982982635498,-0.5269511949114623
-0.5619829893112183,-0.43037837743759155,-0.4948378801345825,-0.6080069277402871
-0.4203184247016907,-0.7322074770927429,-0.6422610878944397,-0.6983190507064237
-0.49257415533065796,-0.45113399624824524,-0.5206607580184937,-0.7969671129852893
-0.5596330165863037,-0.6390736699104309,-0.7004600167274475,-0.8764750190572681
-0.6311754584312439,-0.5212498903274536,-0.4763692021369934,-0.9913998282380825
-0.5631306767463684,-0.86066073179245,-0.8162990212440491,-1.056011124926228
-0.744408369064331,-0.7178710103034973,-0.5976473689079285,-1.0920514783877278
-0.8609946966171265,-1.0767967700958252,-1.2256592512130737,-0.8781120148963188
-0.9848760366439819,-1.0946426391601562,-1.1987988948822021,-0.585026652029182
-1.11190664768219,-1.077565312385559,-1.0509264469146729,-0.4089353929735008
-1.1362332105636597,-1.1032766103744507,-1.1424099206924438,-0.061480274823508096
-0.9335132241249084,-1.141692042350769,-0.8947411179542542,-0.021363051615525673
-1.1080684661865234,-1.0095313787460327,-1.1973176002502441,0.0
0.23884212970733643,0.22859542071819305,0.3551257252693176,0.004321373782642578
0.3282953202724457,0.40129542350769043,0.3158349096775055,0.22788670461367355
0.07527890056371689,0.13769632577896118,0.21460846066474915,0.07188200730612536
0.12129619717597961,0.03539358451962471,0.03116997703909874,0.0
0.0377139076590538,0.1440110206604004,0.2507120966911316,-0.00877392430750515
0.19162559509277344,0.10775143653154373,0.2573835253715515,-0.022276394711152253
0.04112854227423668,0.17482627928256989,0.2627153992652893,-0.060480747381381476
0.1518785059452057,0.044974733144044876,0.27854737639427185,-0.09151498112135022
-0.9491506218910217,-1.0383543968200684,-0.7224349975585938,-0.5482135644757098
-0.8792961835861206,-0.9416452050209045,-1.0424878597259521,-0.5058454059815571
-0.8054516911506653,-0.9252869486808777,-0.9134734272956848,-0.5272435506827877
-0.5418217778205872,-0.8779393434524536,-0.6864190697669983,-0.6143937264016879
-0.8303526043891907,-0.8466953039169312,-0.6048033237457275,-0.6307841425898572
-0.7284531593322754,-0.9402585625648499,-0.7702721357345581,-0.6420651529995461
-1.123881459236145,-1.0885916948318481,-0.7249959707260132,-0.6556077263148893
-0.7097399830818176,-0.8285408020019531,-0.5662139058113098,-0.5331323796458906
-1.2442755699157715,-1.5292943716049194,-0.9646767377853394,-1.5686362358410126
0.15641435980796814,0.2567193806171417,0.2879902124404907,0.6142258599923229
0.1400497406721115,0.14601130783557892,0.19267337024211884,0.5026753343752224
0.15926435589790344,0.14269493520259857,0.1441573053598404,0.3979400086720376
-0.09607284516096115,-0.17681457102298737,-0.2057945281267166,-0.05270649061101971
0.22600999474525452,-0.09856592863798141,0.012492701411247253,0.012234275460939763
0.25338128209114075,0.16086013615131378,0.11891485005617142,0.0
0.0075943972915410995,-0.08925914019346237,-0.06323762238025665,0.07918124604762482
0.14451497793197632,0.197313129901886,0.16212116181850433,0.3979400086720376
0.011041783727705479,0.11466998606920242,0.06657859683036804,0.3010299956639812
0.11319030076265335,0.10381021350622177,0.08653423190116882,0.45895420227774913
-0.046706683933734894,-0.09460888057947159,-0.03930668905377388,0.5563025007672873
0.16662904620170593,0.06540147215127945,0.1090380996465683,0.47712125471966244
0.27244290709495544,0.21202094852924347,0.29196467995643616,0.6232492903979004
0.04952457174658775,0.14692766964435577,-0.001549634151160717,0.056481398322639535
0.19767585396766663,0.14813826978206635,-0.006803025957196951,-0.009759738585876107
-0.25049343705177307,0.0033745982218533754,-0.12131022661924362,-0.056615308200927285
-0.10296691209077835,-0.07591499388217926,-0.22261248528957367,-0.15039634191755286
-0.3622909486293793,-0.47384992241859436,-0.4106544852256775,-0.4171880677667206
-0.1559857428073883,-0.4142931401729584,-0.33006301522254944,-0.19859834825520903
-0.378273606300354,-0.39282873272895813,-0.4313439428806305,-0.6540952452175399
-0.15664024651050568,-0.08869512379169464,-0.05099263787269592,-0.21463955186702402
-0.12041518092155457,-0.14635802805423737,-0.16040633618831635,-0.14232080958840296
0.0617583692073822,-0.14340443909168243,0.040335386991500854,-0.11383088459996327
0.1567344069480896,-0.05092336982488632,-0.029754748567938805,0.07332896001958884
0.13773322105407715,0.11698458343744278,0.09349764138460159,0.20087319676866625
0.421152800321579,0.3825209438800812,0.35360339283943176,0.3443618130491732
-0.13005989789962769,0.04259653016924858,-0.15701048076152802,-0.12816796601886354
-0.1697407364845276,-0.2612621784210205,-0.3266477882862091,-0.19081481538992665
0.02151932753622532,-0.013069565407931805,-0.034687310457229614,0.018284308426530838
-0.6115182638168335,-0.7522422075271606,-0.4905311167240143,-1.1018235165023234
-0.504072368144989,-0.7103306651115417,-0.7393897175788879,-1.0655015487564323
-0.7606049180030823,-0.5445195436477661,-0.2192445546388626,-0.9408153823686288
-0.515943169593811,-0.14495603740215302,-0.03959520161151886,-0.8833922560117515
0.1698375642299652,0.03764444962143898,0.19829092919826508,-0.12436006299583162
-0.048450618982315063,-0.023095618933439255,0.01054426934570074,-0.15304467498017607
0.06885531544685364,0.0035534296184778214,-0.02511022426187992,-0.16877030613293661
-0.1401599943637848,-0.07364746183156967,-0.1278695911169052,-0.21253952548158495
0.10980819910764694,-0.08585556596517563,-0.05139588192105293,-0.22257317761068865
0.08690783381462097,-0.1160164400935173,-0.0602484829723835,0.09691001300805642
0.10985848307609558,-0.05909210070967674,-0.002197953872382641,0.07918124604762482
0.02218562737107277,0.086830273270607,-0.10798582434654236,0.2671717284030138
0.04464855045080185,-0.0117097282782197,-0.049196451902389526,-0.09691001300805639
-0.07091096043586731,-0.1412283033132553,-0.13066014647483826,0.07918124604762482
-0.22242456674575806,-0.088144950568676,-0.22438327968120575,0.4471580313422192
-0.24484169483184814,-0.22238655388355255,-0.1342826634645462,0.0
-0.35237523913383484,-0.3942783772945404,-0.3072415888309479,-0.2294462081232535
-0.0993591919541359,0.018124662339687347,-0.025065258145332336,0.146128035678238
-0.04881037026643753,-0.13041718304157257,-0.018045440316200256,-0.1870866433571444
-0.19831565022468567,-0.18385885655879974,-0.3211897313594818,0.0
-0.13801327347755432,-0.1502305120229721,-0.09616246819496155,-0.2471835688117286
-0.1724429875612259,-0.30498868227005005,-0.1838550716638565,-0.07058107428570727
-0.4856756627559662,-0.47171831130981445,-0.5208024978637695,-0.2924298239020636
-0.13290783762931824,-0.35317474603652954,-0.2281104028224945,0.38021124171160603
-0.10583127290010452,-0.17539061605930328,-0.1829785406589508,0.09691001300805642
-0.035582490265369415,-0.07606486976146698,-0.007483812980353832,-0.2924298239020636
-0.3738839328289032,-0.3699464201927185,-0.3074059784412384,0.3010299956639812
-0.4070703387260437,-0.42243561148643494,-0.5037424564361572,-0.3295611700367185
-0.05605116859078407,0.02220875583589077,-0.1383560448884964,-0.3018994543766101
-0.26007822155952454,-0.24370838701725006,-0.1997004598379135,-0.29929628285498067
-0.22249755263328552,-0.29372549057006836,-0.19966444373130798,-0.38721614328026455
-0.2667662501335144,-0.3366476893424988,-0.341516375541687,-0.41341269532824504
-0.18062642216682434,-0.0770791620016098,-0.06389718502759933,-0.1549019599857432
-0.18937110900878906,-0.13315671682357788,-0.13378176093101501,-0.1549019599857432
-0.17030979692935944,-0.11072150617837906,-0.1826818436384201,-0.09691001300805639
-0.21634316444396973,-0.0713057890534401,-0.11060970276594162,-0.1549019599857432
-0.2682974934577942,-0.1597117781639099,-0.11897438019514084,-0.3010299956639812
-0.08089318871498108,-0.07673420757055283,-0.17276176810264587,-0.09151498112135022
-0.21605521440505981,-0.23923276364803314,-0.18008491396903992,-0.36653154442041347
-0.2887429893016815,-0.13109594583511353,-0.18354347348213196,0.0
-0.27535974979400635,-0.2647383213043213,-0.3237067461013794,-0.549750891680639
-0.1543169915676117,-0.10842064768075943,-0.09138616919517517,0.07918124604762482
-0.14030316472053528,-0.22275502979755402,-0.17556795477867126,0.11394335230683678
-0.146043598651886,0.02485627494752407,-0.012021574191749096,0.0
0.05458085983991623,0.1152261346578598,0.11639764904975891,0.11394335230683678
0.265775591135025,0.25258415937423706,0.39115196466445923,0.20411998265592482
0.20000675320625305,0.2658812701702118,0.2954767644405365,0.3424226808222063
-0.19067545235157013,-0.20371246337890625,-0.21472464501857758,-0.5228787452803376
-0.20767298340797424,-0.17771537601947784,-0.4113103747367859,-0.5376020021010439
-0.1748582422733307,-0.35750454664230347,-0.18303123116493225,-0.46852108295774486
-0.08542738109827042,-0.14007556438446045,-0.1730393022298813,-0.431798275933005
-0.2038114368915558,-0.06152977794408798,-0.08429031819105148,-0.38721614328026455
-0.23279626667499542,-0.2506813704967499,-0.4170909523963928,-0.4188471080337112
-0.6248751282691956,-0.7251411080360413,-0.690615177154541,-1.154901959985743
-0.6551814079284668,-0.7156623601913452,-0.6970931887626648,-1.0969100130080565
-0.8703956007957458,-0.7316123247146606,-0.6860296726226807,-1.0457574905606752
-0.7766901850700378,-0.8205721378326416,-0.7611104249954224,-1.0457574905606752
-0.8590524792671204,-0.7920206785202026,-0.7642886638641357,-0.8860566476931632
-0.7466840147972107,-0.7443496584892273,-0.80381840467453,-0.8239087409443188
-0.7538843750953674,-0.7669073939323425,-0.7403368353843689,-0.7825160557860937
-0.8978853821754456,-0.7616363167762756,-0.7622156143188477,-0.744727494896694
-0.6483899354934692,-0.7150061726570129,-0.7584406733512878,-1.5228787452803376
-0.7138344645500183,-0.8273392915725708,-0.9030887484550476,-1.3979400086720375
-0.7697018384933472,-0.6944292783737183,-0.8143224716186523,-1.1674910872937636
-0.8305074572563171,-0.8138921856880188,-0.831459641456604,-1.1739251972991736
-0.9080181121826172,-0.7774158716201782,-0.8595239520072937,-0.958607314841775
-0.7882032990455627,-0.9218965172767639,-0.8728629946708679,-0.9208187539523752
-1.0203551054000854,-0.9414475560188293,-0.9188052415847778,-0.8538719643217619
-1.0829700231552124,-0.9107056260108948,-0.8735432028770447,-0.7958800173440752
-0.20919814705848694,-0.5230857133865356,-0.2835042178630829,-0.2676062401770315
-0.15538884699344635,-0.12219219654798508,-0.1968926638364792,0.13033376849500614
-0.763198733329773,-0.6427262425422668,-0.711077094078064,-0.5917600346881504
-0.7781587243080139,-0.6834027171134949,-0.7708622813224792,-0.8356471442155629
-0.8259259462356567,-0.7738756537437439,-0.8812483549118042,-0.6903698325741012
-0.8710212707519531,-0.8167180418968201,-0.7727696895599365,-0.7099653886374819
-0.9819161295890808,-0.9069527387619019,-0.9323170185089111,-0.9244530386074693
-0.8883358240127563,-0.8313987851142883,-0.8001342415809631,-0.8068754016455384
-0.8999685049057007,-0.8269062638282776,-0.8883586525917053,-0.8446639625349383
-0.9002469778060913,-0.8282260894775391,-0.9096406698226929,-0.9871627752948278
-0.8958730101585388,-0.9755762815475464,-0.8927898406982422,-1.0757207139381184
-0.940892219543457,-0.9939373731613159,-0.9647122025489807,-1.3767507096020994
-0.8807965517044067,-0.7783529162406921,-0.8161429166793823,-0.6216020990518624
-0.8789769411087036,-0.8497960567474365,-0.9356867074966431,-0.7235381958267558
-0.912619411945343,-0.8604638576507568,-0.7916284799575806,-0.8728952016351923
-0.8709468245506287,-0.9197515249252319,-0.9107479453086853,-1.0
-0.8487306237220764,-0.8249258399009705,-0.9401053190231323,-0.7351821769904635
-0.9587279558181763,-0.8025769591331482,-0.8764155507087708,-0.9030899869919435
-0.9999938011169434,-1.0065505504608154,-0.9562140703201294,-0.9136401693252518
-1.0366461277008057,-1.047568917274475,-0.9538201689720154,-1.0969100130080565
-0.9052096605300903,-0.9986374378204346,-0.9274581670761108,-1.2518119729937995
-1.0464028120040894,-0.9969038963317871,-1.0389958620071411,-1.3979400086720375
-0.9425013065338135,-0.9778428077697754,-1.0137534141540527,-0.6695862266508091
-1.0812582969665527,-0.987436056137085,-1.0045920610427856,-0.9469215565165803
-1.014086127281189,-0.9850484132766724,-1.0560203790664673,-0.958607314841775
-0.9994968175888062,-1.0492727756500244,-1.1092253923416138,-0.889410289700751
-1.034478783607483,-1.1361104249954224,-1.2232095003128052,-1.0362121726544447
-1.078966736793518,-1.085012674331665,-1.1267070770263672,-1.0969100130080565
-1.1460763216018677,-1.136258840560913,-1.112490177154541,-1.1739251972991736
-1.125902771949768,-1.1376640796661377,-1.1641764640808105,-1.2218487496163564
-1.0926826000213623,-1.1112192869186401,-1.0300726890563965,-1.5086383061657274
-1.105496883392334,-1.1820268630981445,-1.233030915260315,-1.5686362358410126
-0.7958696484565735,-0.9602106213569641,-0.8738760352134705,-0.6307841425898572
-0.9843434691429138,-1.131142497062683,-1.0340214967727661,-0.7746907182741372
-1.0930169820785522,-0.8689479231834412,-0.8822246193885803,-0.9393021596463883
-1.0870879888534546,-1.22504723072052,-1.075287103652954,-1.0915149811213503
-0.9507774710655212,-1.2401503324508667,-1.0837520360946655,-0.8124792791635369
-0.9621840119361877,-1.062406301498413,-0.9825327396392822,-0.728158393463501
-0.8306248188018799,-0.7093969583511353,-0.9345422983169556,-0.6536470255493614
-0.5193924903869629,-0.5020219087600708,-0.45714354515075684,-0.5702477199975919
-0.2212989628314972,-0.15114784240722656,-0.13152916729450226,-0.5867002359187481
-0.20624050498008728,-0.1874430626630783,-0.29916658997535706,-1.2612194415156308
-0.18501490354537964,-0.12971945106983185,-0.21764235198497772,-0.632644078973981
-0.3577900826931,-0.3329105079174042,-0.17967401444911957,-0.7695510786217261
-0.44557809829711914,-0.30886977910995483,-0.3130537271499634,-0.8013429130455774
-0.40194207429885864,-0.30088791251182556,-0.47655776143074036,-0.8996294548824371
-0.8900593519210815,-0.9047465324401855,-0.8300153613090515,-0.954665283683257
-0.7462520599365234,-0.7588082551956177,-0.8633788228034973,0.19242889185267814
-0.8047820925712585,-0.8467020392417908,-0.8810777068138123,-0.7004055460750772
-0.8040006756782532,-0.85358065366745,-1.0079234838485718,-0.007774425390468595
-0.8554050326347351,-0.8618570566177368,-0.9006652235984802,-0.8730929478673854
-0.8414327502250671,-0.8608566522598267,-0.869100034236908,-1.1897674820049158
-1.014022946357727,-0.9484097957611084,-0.8602601885795593,-0.9747064262624288
-0.8610710501670837,-0.9212263226509094,-0.8791420459747314,-0.9889246043110689
-0.8643794655799866,-0.9029248356819153,-0.980108916759491,-1.0
-0.8852334022521973,-0.8552094101905823,-0.9074457287788391,-1.4078232426041333
-0.7423380017280579,-0.6939163208007812,-0.7697008848190308,-0.24241116296647103
-0.8609461784362793,-0.8884857296943665,-0.8876386880874634,-0.36806133618362513
-0.729307234287262,-0.7824938893318176,-0.8366416692733765,-0.5367462373585933
-0.7678970694541931,-0.7301028966903687,-0.8671216368675232,-0.7299037185796695
-0.8538885116577148,-0.7940061092376709,-0.8416217565536499,-0.5564835524411349
-0.7705825567245483,-0.753686785697937,-0.7629857659339905,-1.0428718023231869
-0.8467138409614563,-0.8766550421714783,-0.8089702725410461,-0.7853362626166637
-0.8857407569885254,-0.8321060538291931,-0.8600651025772095,-0.8460845738400542
-0.7732456922531128,-0.8143821954727173,-0.8878939151763916,-0.8224635000701379
-0.8637696504592896,-0.8910815119743347,-0.9204242825508118,-1.274905478918531
-0.5696517825126648,-0.6917189955711365,-0.6598095297813416,-0.6522992847276528
-0.8045262098312378,-0.7498682141304016,-0.7623651623725891,-0.5604446886106418
-0.807398796081543,-0.7821915745735168,-0.7525228261947632,-0.4611122199853002
-0.6967036128044128,-0.6698321104049683,-0.7900674939155579,-0.5485129164691497
-0.6328034400939941,-0.6660947799682617,-0.7396445870399475,-1.0710923097560472
-0.7141942977905273,-0.7567426562309265,-0.7546928524971008,-0.27318968816095895
-0.7251391410827637,-0.709225594997406,-0.8190175890922546,-0.5829071302537867
-0.6640966534614563,-0.8422389626502991,-0.697897732257843,-0.7366859256781294
-0.6857989430427551,-0.7916114330291748,-0.808967649936676,-0.7385729632304492
-0.8326606750488281,-0.7177416682243347,-0.7449429631233215,-1.1706962271689751
-0.44361570477485657,-0.49736762046813965,-0.49631866812705994,-1.0649514542830874
-0.5198351740837097,-0.609742283821106,-0.48355743288993835,-0.39758294828163654
-0.5239664316177368,-0.5730248689651489,-0.5036575794219971,-0.43884492941755243
-0.6058704257011414,-0.567628800868988,-0.5359840393066406,-0.5135015129792433
-0.5326092839241028,-0.6560920476913452,-0.6381954550743103,-0.2487416872076058
-0.6282630562782288,-0.46107345819473267,-0.5489404201507568,-0.8386319977650252
-0.5679956078529358,-0.5817609429359436,-0.7714148163795471,-0.5755855627799054
-0.6262244582176208,-0.5428686141967773,-0.6139107942581177,-0.7058094288663243
-0.5472111105918884,-0.5432488918304443,-0.5767427086830139,-0.7067612313300833
-0.6810771226882935,-0.6685354113578796,-0.6009997129440308,-1.0741724253752576
-1.1736913919448853,-1.1006338596343994,-1.2294282913208008,-1.154901959985743
-0.9836071133613586,-0.9086806774139404,-1.1182777881622314,-1.3979400086720375
-0.9861392974853516,-0.7882180213928223,-0.9269453883171082,-0.7887806452865336
-0.2100406289100647,-0.07963047176599503,-0.26986435055732727,-0.9913998282380825
-1.1110363006591797,-1.1454920768737793,-1.148078441619873,-1.6382721639824072
-2.3856265544891357,-2.2210357189178467,-2.3061983585357666,-0.8227521637443765
-2.3361849784851074,-2.3984596729278564,-3.014096736907959,-0.5678327305574118
-2.7398593425750732,-1.6000195741653442,-3.0251410007476807,-0.7700623140920662
-2.81516432762146,-1.640567421913147,-3.1411941051483154,-0.5868679495651279
-0.03424769267439842,0.07879240065813065,-0.0710359588265419,-0.48030585777695184
0.15805475413799286,-0.06431005150079727,0.15054848790168762,-0.4782331678974931
0.3397747576236725,0.35329949855804443,0.4224323034286499,-0.4782331678974931
-0.15750983357429504,-0.2132178395986557,-0.014112761244177818,-0.5673433213297185
0.16235169768333435,0.13104522228240967,0.06519397348165512,-0.5673433213297185
0.24013909697532654,0.308497816324234,0.3082115650177002,-0.31188553738779184
-0.11694646626710892,-0.22288765013217926,-0.16019193828105927,-0.5439423342934175
-0.27198031544685364,-0.014099976047873497,-0.046263743191957474,-0.3637860061528278
0.1747569441795349,0.2137257307767868,-0.03033103048801422,-0.17810147614512115
-0.5571755766868591,-0.486460417509079,-0.5225467681884766,-0.5220283612002359
-0.10534593462944031,-0.06765688955783844,-0.44337111711502075,-0.3226851081391375
0.007906487211585045,-0.06718813627958298,-0.018320539966225624,-0.2105934635647474
-0.5534828305244446,-0.41478848457336426,-0.37587904930114746,-0.5364862514572177
-0.17151376605033875,-0.5089994668960571,-0.13905207812786102,-0.36317623205264593
-0.02588055096566677,-0.2938811779022217,-0.07654116302728653,-0.23669107934973807
-0.6014614105224609,-0.8167168498039246,-0.8209115266799927,-0.5668016031061403
-0.6682907938957214,-0.42609894275665283,-0.7059758901596069,-0.37724732999000976
-0.17432883381843567,-0.3998439311981201,-0.2148798555135727,-0.2358485356388072
-0.4335578978061676,-0.4299057424068451,-0.46306219696998596,-0.15946547079652254
-1.1105927228927612,-0.9515459537506104,-0.9639539122581482,-0.4962093169428189
-0.9295513033866882,-1.069075345993042,-1.1965950727462769,-1.496209316942819
-0.22281628847122192,-0.21010474860668182,-0.14854134619235992,-0.20388865217693533
-0.11774218827486038,-0.1407313495874405,-0.16241201758384705,-0.006607862550997468
-0.30753061175346375,-0.42527875304222107,-0.2940627634525299,-0.3601152580836957
-0.009208953939378262,0.0010283805895596743,-0.016181210055947304,0.0589950935254163
0.47303256392478943,0.3909708261489868,0.3573428988456726,-0.09691001300805639
-1.172490119934082,-1.133073329925537,-1.2626147270202637,-1.1804560644581312
-1.2342900037765503,-1.1098628044128418,-1.2578638792037964,-1.2218487496163564
-1.0550298690795898,-1.0285876989364624,-1.1729198694229126,-1.2596373105057561
-1.1599208116531372,-1.011582374572754,-1.099462628364563,-1.494850021680094
-1.0429651737213135,-1.0905492305755615,-1.1508959531784058,-1.585026652029182
-1.0051970481872559,-1.070067286491394,-0.9771491289138794,-1.6989700043360187
-1.3757342100143433,-1.4008632898330688,-1.3266675472259521,-1.6777807052660807
-1.3481255769729614,-1.4750511646270752,-1.3526124954223633,-1.6989700043360187
-1.2214775085449219,-1.4099293947219849,-1.2162258625030518,-1.744727494896694
-1.1973549127578735,-1.181127905845642,-1.1623413562774658,-2.0457574905606752
-1.2915922403335571,-1.1699730157852173,-1.2075183391571045,-1.853871964321762
-0.9871231913566589,-1.135179877281189,-1.1075419187545776,-1.8239087409443189
-1.5541309118270874,-1.697776436805725,-0.7452449202537537,-0.09691001300805639
-0.7818943858146667,-0.8139725923538208,-0.7557652592658997,-0.4145392704914993
-0.5949186086654663,-0.676684558391571,-0.8192072510719299,-0.9030899869919435
-0.7280950546264648,-0.6943546533584595,-0.6410277485847473,-0.8601209135987634
-0.7106033563613892,-0.6708486676216125,-0.7775527238845825,-0.645891560852599
-1.9902781248092651,-2.866528034210205,-3.3279967308044434,-4.0
-3.4210543632507324,-3.72782826423645,-3.7359914779663086,-3.3979400086720375
-3.3993234634399414,-3.250437021255493,-2.9474785327911377,-3.552841968657781
-1.9641685485839844,-3.6926932334899902,-3.7775797843933105,-3.6989700043360187
-2.004206895828247,-2.9837827682495117,-3.811314582824707,-3.853871964321762
-2.0425240993499756,-3.2124719619750977,-3.861769437789917,-4.0
-1.873878836631775,-2.942291021347046,-2.9878342151641846,-4.0
-1.932587742805481,-3.7207894325256348,-2.9451513290405273,-4.0
-1.7330470085144043,-2.939035177230835,-3.4802908897399902,-3.8239087409443187
-2.9884910583496094,-2.9171218872070312,-3.249518632888794,-3.744727494896694
-2.2584404945373535,-3.212019920349121,-3.818901300430298,-4.0
-0.4358864426612854,-0.270542711019516,-0.28175851702690125,0.10455539124051359
-0.11543640494346619,-0.298491895198822,-0.043729931116104126,-0.11407366019856895
-0.2483697235584259,-0.36517462134361267,-0.27491772174835205,-0.26672246606741823
-0.45249417424201965,-0.1951766461133957,-0.26565197110176086,-0.5454600150351813
-0.39265114068984985,-0.5095369815826416,-0.46552345156669617,-0.19756837356927645
-0.35206156969070435,-0.07818380743265152,-0.35235854983329773,0.046846203945821285
-0.1918473243713379,-0.09905211627483368,-0.24735617637634277,0.24022465412227756
-0.9868495464324951,-0.5469757914543152,-0.5631766319274902,-0.22184874961635637
-0.46638986468315125,-0.4498894214630127,-0.4365479350090027,-0.045757490560675115
-0.6939943432807922,-0.34260275959968567,-0.41818469762802124,0.18184358794477254
-0.5137050747871399,-0.19598327577114105,-0.27082234621047974,0.4065401804339551
-1.1363807916641235,-0.9464741349220276,-1.1146860122680664,-2.0
-0.790103554725647,-0.8794668316841125,-0.8164594173431396,-1.3010299956639813
-0.7053046822547913,-0.899217426776886,-0.771884024143219,-0.9208187539523752
-0.5793749690055847,-0.8038519620895386,-0.5471314191818237,-0.6989700043360187
-1.4743156433105469,-1.3307617902755737,-1.4422978162765503,-1.3665315444204136
-1.1250598430633545,-1.0482351779937744,-1.123816967010498,-1.2365720064370627
-1.2621698379516602,-1.3125802278518677,-1.3627415895462036,-1.2596373105057561
-0.8460071682929993,-0.9418423175811768,-0.9337215423583984,-1.0969100130080565
-1.3102701902389526,-1.4322041273117065,-1.5028647184371948,-1.275724130399211
-1.2200629711151123,-1.090712547302246,-1.1799739599227905,-1.2441251443275085
-0.8426365256309509,-0.7115982174873352,-0.7900021076202393,-0.958607314841775
-1.1025477647781372,-1.0164443254470825,-0.9688419699668884,-1.0705810742857071
-1.159651756286621,-1.2245144844055176,-1.2338935136795044,-1.1249387366083
-0.6172876358032227,-0.6185739040374756,-0.663082480430603,-0.8239087409443188
-1.0253242254257202,-0.9088761806488037,-0.9992713928222656,-0.9393021596463883
-1.0897966623306274,-1.2586299180984497,-1.0802249908447266,-1.0222763947111522
0.06342389434576035,-0.07433725893497467,0.06209572032094002,-0.045757490560675115
-0.08044329285621643,-0.08065322786569595,-0.0388265997171402,-0.1549019599857432
0.03590276092290878,0.021068280562758446,-0.14207719266414642,-0.1549019599857432
-0.11224306374788284,-0.05891364440321922,-0.11669925600290298,-0.1549019599857432
-0.2904234528541565,-0.28250622749328613,-0.2812468111515045,-0.1549019599857432
-0.3477199971675873,-0.4305345416069031,-0.36751651763916016,-0.1549019599857432
-0.16125604510307312,-0.16891205310821533,-0.1161673367023468,-0.045757490560675115
-0.0679577887058258,0.029078971594572067,-0.14749173820018768,-0.09691001300805639
-0.41147544980049133,-0.48767292499542236,-0.41537025570869446,-0.36051351073141397
0.14411595463752747,0.13627608120441437,0.1576540321111679,0.32159843046534387
-0.5932740569114685,-0.7923004627227783,-0.5977921485900879,-1.2218487496163564
-0.1500655710697174,-0.12806028127670288,-0.07288692146539688,0.012837224705172217
-0.6641930341720581,-0.7850392460823059,-0.6788938045501709,-1.2218487496163564
-0.05553547292947769,-0.0498097762465477,-0.03601250424981117,0.0
-0.7691635489463806,-0.8793236613273621,-0.8729596138000488,-1.1079053973095196
-0.11931020766496658,-0.13962994515895844,-0.20352225005626678,-0.08039897621588903
-0.7337930798530579,-0.8279293179512024,-1.0532581806182861,-0.906578314837765
-0.3493117094039917,-0.21058635413646698,-0.17860159277915955,-0.1180450286603995
-1.4698618650436401,-1.328884243965149,-1.4175217151641846,-1.1023729087095586
-1.1528029441833496,-1.152043104171753,-1.092261552810669,-2.3010299956639813
-0.9631521701812744,-1.0039888620376587,-0.9962697625160217,-2.0
-0.9502671957015991,-0.7422472834587097,-0.7559874057769775,-1.0969100130080565
-1.3830394744873047,-1.413902997970581,-1.4536840915679932,-0.4559319556497244
-1.1312789916992188,-1.0979374647140503,-1.2205480337142944,-2.0
-1.154016375541687,-1.1034260988235474,-0.9340003132820129,-1.5228787452803376
-0.9462952613830566,-0.8836441040039062,-0.7679084539413452,-1.0969100130080565
-1.507472276687622,-1.4323111772537231,-1.4753351211547852,-0.4559319556497244
-1.1807318925857544,-1.346118688583374,-1.1332650184631348,-1.3979400086720375
-1.0950279235839844,-0.9783883690834045,-1.2316162586212158,-1.154901959985743
-0.8637283444404602,-0.8176247477531433,-1.002489447593689,-1.0969100130080565
-1.5546725988388062,-1.400188684463501,-1.4528790712356567,-0.4559319556497244
-1.1530252695083618,-1.3481038808822632,-1.4685741662979126,-1.5228787452803376
-1.1968408823013306,-1.2319618463516235,-1.1066845655441284,-1.0457574905606752
-1.0648455619812012,-0.8983450531959534,-1.055364727973938,-1.0969100130080565
-1.6098371744155884,-1.8096892833709717,-1.7678821086883545,-0.4559319556497244
-1.4860364198684692,-1.5072916746139526,-1.5677783489227295,-1.6989700043360187
-1.2126986980438232,-1.355246901512146,-1.4323960542678833,-1.0969100130080565
-1.1689293384552002,-1.3041620254516602,-1.2752074003219604,-1.0969100130080565
-1.1849517822265625,-0.9772378206253052,-1.081360101699829,-1.5228787452803376
-1.4219642877578735,-1.3865448236465454,-1.2670917510986328,-1.5228787452803376
-1.6259336471557617,-1.6305350065231323,-1.6812342405319214,-1.5686362358410126
-1.2192795276641846,-1.3116176128387451,-1.339135766029358,-1.3010299956639813
-1.5724114179611206,-1.5628392696380615,-1.5678123235702515,-1.4559319556497243
-1.7343615293502808,-1.8065847158432007,-1.7648645639419556,-1.6382721639824072
-1.4336165189743042,-1.2460010051727295,-1.3106257915496826,-1.1079053973095196
-1.6653801202774048,-1.720869541168213,-1.8531501293182373,-1.4685210829577449
-1.8849036693572998,-1.8560148477554321,-2.022244930267334,-1.6989700043360187
-1.3069238662719727,-1.3813190460205078,-1.268052101135254,-1.4202164033831899
-1.6526126861572266,-1.6318540573120117,-1.4315179586410522,-1.5528419686577808
-1.9895362854003906,-2.0498597621917725,-1.9949736595153809,-1.585026652029182
-0.6754127740859985,-0.5518535375595093,-0.5408965349197388,-0.2915790998652873
-0.6803706884384155,-0.8112248778343201,-0.8259193301200867,-1.0457574905606752
-0.7825623154640198,-0.8015989065170288,-0.9039810299873352,-0.9208187539523752
-0.9885790944099426,-0.8073015809059143,-0.8564056754112244,-0.8696662315049939
-0.9024829268455505,-0.8802207708358765,-0.8954275846481323,-0.8728952016351923
-1.165869116783142,-1.1664563417434692,-1.1098419427871704,-0.7695510786217261
-0.861826479434967,-0.7787299156188965,-0.9166730642318726,-0.744727494896694
-0.8395883440971375,-0.8132591247558594,-0.8584520220756531,-0.638272163982407
-0.6028959155082703,-0.49747946858406067,-0.5878378748893738,-0.6020599913279624
-0.1550305187702179,-0.14074136316776276,-0.24496008455753326,0.07483398754248842
-0.27259352803230286,-0.24709244072437286,-0.1545795500278473,-0.07456877754272212
-0.42172712087631226,-0.3277265131473541,-0.4063224196434021,-0.39621278437488217
-0.5343115925788879,-0.6475639343261719,-0.6262680292129517,-0.6624808401530248
-0.6653209328651428,-0.7889784574508667,-0.5875273942947388,-0.36705503314702814
-0.8652983903884888,-0.8615784645080566,-0.8402559161186218,-0.18908766448515754
-0.9741051197052002,-0.891603946685791,-0.8726657032966614,-0.619788758288394
-0.6095083951950073,-0.5678366422653198,-0.5382099151611328,-0.5528419686577808
-0.29538506269454956,-0.3663751780986786,-0.384538471698761,-0.5228787452803376
-0.9685133099555969,-0.9182300567626953,-0.9976480603218079,-0.7958800173440752
-0.6405738592147827,-0.5458086133003235,-0.5825921297073364,-0.721246399047171
-0.29108819365501404,-0.4015794098377228,-0.4050517976284027,-0.6777807052660807
-1.0793368816375732,-1.0313562154769897,-1.0080548524856567,-0.6575773191777937
-0.7249961495399475,-0.7774540781974792,-0.687646746635437,-0.619788758288394
-0.42713284492492676,-0.5326281189918518,-0.444959819316864,-0.5528419686577808
-1.318453311920166,-1.3921465873718262,-1.2377383708953857,-1.3010299956639813
-1.0303919315338135,-1.2691701650619507,-1.4618687629699707,-2.661543506395395
-1.415932059288025,-1.3472965955734253,-1.381460189819336,-1.6989700043360187
-1.2768782377243042,-1.362076997756958,-1.421663761138916,-1.3979400086720375
-1.2538071870803833,-1.1955066919326782,-1.3704264163970947,-1.5228787452803376
-1.3230844736099243,-1.2294764518737793,-1.2143433094024658,-1.5228787452803376
-1.2960829734802246,-1.3624475002288818,-1.2879247665405273,-2.0
-1.0454304218292236,-0.9594647884368896,-0.9302331805229187,-1.3979400086720375
-1.4769142866134644,-1.298315405845642,-1.4797613620758057,-1.3010299956639813
-1.177791714668274,-1.3899445533752441,-1.2332725524902344,-2.0
-0.6647117137908936,-0.9400039315223694,-0.8914167881011963,-1.5228787452803376
-1.3306570053100586,-1.4770534038543701,-1.5242607593536377,-2.0
-1.1279371976852417,-1.5587676763534546,-1.5032093524932861,-2.6903698325741012
-1.6770451068878174,-1.5734987258911133,-1.6613644361495972,-2.0
-1.5844628810882568,-1.6629709005355835,-1.7481017112731934,-1.5228787452803376
-1.4072128534317017,-1.6878674030303955,-1.76719069480896,-1.0457574905606752
-1.5859298706054688,-1.5078184604644775,-1.6330640316009521,-2.0
-1.5937975645065308,-1.7895451784133911,-1.7101534605026245,-1.3010299956639813
-1.0240110158920288,-1.2368651628494263,-1.4847114086151123,-0.5528419686577808
-1.4347468614578247,-1.840254783630371,-1.8037431240081787,-2.0
-1.7975648641586304,-1.7272387742996216,-1.861320972442627,-0.431798275933005
-0.9079388380050659,-0.9490951895713806,-0.8922492265701294,-1.1307682802690238
-0.9692178964614868,-1.1295123100280762,-1.1175402402877808,-0.7099653886374819
0.28304535150527954,0.24998526275157928,0.18390241265296936,-1.6020599913279623
0.11099293828010559,0.0846160501241684,0.08251751214265823,0.24608452348596643
-0.41607171297073364,-0.354323148727417,-0.38753119111061096,-0.5772050430229445
-0.22186413407325745,-0.321920245885849,-0.345660537481308,-0.3507089624485719
-0.17230215668678284,-0.08497374504804611,-0.0746932402253151,-0.16198694355870663
0.1028941199183464,-0.04028395563364029,0.004319832194596529,0.053245595471386686
0.04771140217781067,0.009517316706478596,0.007367571350187063,0.05137096588066842
-0.17652878165245056,-0.21737922728061676,-0.17245319485664368,-0.21148306001705308
-0.2361975610256195,-0.2881278693675995,-0.39238184690475464,-0.8054246114267724
-0.5509408712387085,-0.886959433555603,-0.6197320222854614,-1.0457574905606752
-0.7814295291900635,-0.9600799083709717,-0.9185130000114441,-0.9208187539523752
0.07115694880485535,-0.02587045356631279,0.036211997270584106,-1.0969100130080565
0.08525785803794861,-0.15420667827129364,-0.11703860014677048,-0.3279021420642826
0.10220697522163391,-0.013073737733066082,0.12750205397605896,-0.13076828026902382
-0.9606426954269409,-0.9217885732650757,-1.1502195596694946,-1.431798275933005
-1.0188696384429932,-0.8151247501373291,-0.8166779279708862,-1.2676062401770314
-0.8649972677230835,-0.9002805352210999,-0.9285386204719543,-1.0362121726544447
-0.5701102614402771,-0.44402340054512024,-0.6261828541755676,-0.8601209135987634
-0.420075923204422,-0.4054483473300934,-0.4229178726673126,-0.4416731044404668
-0.3003029227256775,-0.2610183656215668,-0.250882625579834,-0.26896109822633824
-0.1383810192346573,-0.014031567610800266,-0.015267760492861271,-0.1747738725181171
0.005745374597609043,-0.1092819795012474,-0.09419325739145279,-0.07297525930573517
-0.5297099947929382,-0.5321353673934937,-0.3879050612449646,-0.6202957309755527
-0.29390907287597656,-0.3331199586391449,-0.30801814794540405,-0.4416731044404668
-0.26876941323280334,-0.25272107124328613,-0.11373826861381531,-0.3192666411494966
-0.11000248789787292,-0.1485813707113266,-0.1663486808538437,-0.20590948330553177
-0.5944366455078125,-0.6887578368186951,-0.5839946866035461,-0.6772020316536124
-0.5257056951522827,-0.4997002184391022,-0.4157004952430725,-0.512848892949376
-0.2920208275318146,-0.3157535791397095,-0.30503225326538086,-0.376171003333255
-0.2764735817909241,-0.29456639289855957,-0.3344549536705017,-0.22388310982803264
-0.7886877655982971,-0.7483246922492981,-0.813595175743103,-0.7229595222142875
-0.607459545135498,-0.6834128499031067,-0.49779632687568665,-0.5699910938903194
-0.5217607617378235,-0.5401462912559509,-0.33860188722610474,-0.4171301897533445
-0.4175620973110199,-0.5096784830093384,-0.3631601333618164,-0.258899636731723
-0.8742892742156982,-0.9244896769523621,-0.9700458645820618,-0.7851058402620318
-0.8021932244300842,-0.8396992087364197,-0.8456751704216003,-0.5436628195606764
-0.6429229974746704,-0.6622384786605835,-0.6881664991378784,-0.41238331068187045
-0.5486343502998352,-0.6102774143218994,-0.5825613737106323,-0.315473297673814
-0.9211254119873047,-1.3126347064971924,-0.9343459010124207,1.0791812460476249
-0.6783199906349182,-0.5317153930664062,-0.7702000737190247,-0.8950590287059912
-1.0510966777801514,-0.7349012494087219,-0.8412227630615234,-1.3802077673696482
-0.7282255291938782,-0.5701140761375427,-0.7030125260353088,-1.019237844767115
-0.5608445405960083,-0.8302098512649536,-0.6667601466178894,-0.9293453190375998
-0.5516520142555237,-0.43407338857650757,-0.5457472205162048,-0.6376438358473397
-0.9057393670082092,-0.8900079727172852,-0.909088134765625,-1.1249387366083
-0.971599280834198,-0.8265440464019775,-0.9243450164794922,-1.2952748095837496
-1.0997824668884277,-0.8431897163391113,-1.104853630065918,-1.56331269864241
-0.315877765417099,-0.3475661277770996,-0.4190137982368469,-0.08671609823958155
-0.3897992968559265,-0.2558223009109497,-0.4557074308395386,-0.15366288787019475
-0.45256245136260986,-0.5563080906867981,-0.6597527265548706,-0.24641694110709347
-1.3359248638153076,-1.5201148986816406,-1.2918670177459717,-0.8216879456873214
-0.7063611149787903,-0.8725327849388123,-0.6678773164749146,-0.76275796001577
-0.8081643581390381,-0.7652291655540466,-0.8205685019493103,-0.5118837952735734
-0.6358100175857544,-0.7520321607589722,-0.7307160496711731,-0.524373841197004
-0.5021711587905884,-0.6311614513397217,-0.6540070176124573,-0.43046925762642946
-0.6195958852767944,-0.6760687828063965,-0.6159746050834656,-0.3475302820980142
-0.7381702065467834,-0.6343469023704529,-0.5956125855445862,-0.34579360742080123
-0.4711112380027771,-0.4952290952205658,-0.5411598086357117,-0.26146360265571295
-0.6792270541191101,-0.7909107208251953,-0.7663881182670593,-0.3467874862246563
-0.6953685283660889,-0.7875347137451172,-0.9597836136817932,-0.4225082001627747
-1.9234930276870728,-1.9268553256988525,-2.0350849628448486,-2.6989700043360187
-2.0187830924987793,-2.003370523452759,-2.120262861251831,-2.154901959985743
-2.1246070861816406,-1.9275568723678589,-2.128757953643799,-1.8860566476931633
-1.8921136856079102,-2.0175423622131348,-2.092712163925171,-2.0969100130080562
-2.1972787380218506,-1.966083288192749,-2.065878391265869,-1.958607314841775
-2.1848537921905518,-2.070577383041382,-2.210174322128296,-2.154901959985743
-2.2916524410247803,-2.291940689086914,-2.311232805252075,-2.0
-0.9478290677070618,-0.9360734224319458,-0.9960390329360962,-0.9867413347164835
-0.9451706409454346,-0.9068156480789185,-0.9263026714324951,-1.1354889189416082
-1.0436338186264038,-1.0664600133895874,-1.046042561531067,-1.2700257143004443
-1.0690362453460693,-1.063456416130066,-1.16991126537323,-1.5030703519267852
-1.363345742225647,-1.3148913383483887,-1.2696518898010254,-1.5451551399914898
-0.5999388098716736,-0.6574822068214417,-0.6378010511398315,-0.585026652029182
-0.6339161396026611,-0.6873176097869873,-0.6062017679214478,-0.638272163982407
-0.7623451352119446,-0.6409301161766052,-0.6476334929466248,-0.6989700043360187
-0.7894015908241272,-0.7910964488983154,-0.6815454363822937,-0.7061956400806633
-0.7340518236160278,-0.8553345203399658,-0.8125788569450378,-0.6252516539898961
-0.8166753649711609,-0.720701277256012,-0.7875394225120544,-0.6989700043360187
-0.767295241355896,-0.7460306286811829,-0.7173908352851868,-0.8860566476931632
-0.6871444582939148,-0.8149813413619995,-0.7499059438705444,-0.596879478824182
-0.7382033467292786,-0.8080864548683167,-0.793003261089325,-0.7958800173440752
-0.7236571311950684,-0.8770269155502319,-0.9250124096870422,-0.9208187539523752
-0.8440448045730591,-0.8644290566444397,-0.874911904335022,-0.832682665251824
-0.6716333627700806,-0.6025471687316895,-0.7124747037887573,-0.5686362358410126
-0.6771125197410583,-0.6949995160102844,-0.716546893119812,-0.6575773191777937
-0.8063547015190125,-0.7002085447311401,-0.5949463248252869,-0.6989700043360187
-0.703635036945343,-0.7586556077003479,-0.6940684914588928,-0.638272163982407
-0.4880253076553345,-0.5557023882865906,-0.5254390239715576,-0.5686362358410126
-0.3102884888648987,-0.28569695353507996,-0.33275267481803894,-0.4814860601221125
-0.973350465297699,-1.0161808729171753,-1.0682247877120972,-0.8239087409443188
-0.4596188962459564,-0.4607754349708557,-0.4521242380142212,-0.4814860601221125
-0.7526647448539734,-0.6123420000076294,-0.4376773536205292,0.1457587283907783
-0.5868387818336487,-0.7078004479408264,-0.591349184513092,0.09483713737486861
-0.6147601008415222,-0.6149106025695801,-0.48382189869880676,0.021189299069938092
-0.5489814877510071,-0.47998419404029846,-0.47756898403167725,-0.040958607678906384
-0.23380383849143982,-0.44100597500801086,-0.2887604534626007,-0.07058107428570727
-0.6465544700622559,-0.6829932928085327,-0.6659302711486816,-0.07918141976545234
-0.947348952293396,-0.9058499336242676,-0.7442855834960938,-0.3740509819413798
-1.060079574584961,-1.165531873703003,-1.236922264099121,-0.4814860601221125
-0.7211140990257263,-0.8388674259185791,-0.6917281150817871,-0.6020599913279624
-0.5248116254806519,-0.6228660941123962,-0.5886285901069641,0.20411998265592482
-0.5397446155548096,-0.53662109375,-0.644454836845398,0.146128035678238
-0.7702476382255554,-0.6431199908256531,-0.6652002334594727,0.0
-0.6421629786491394,-0.5908966660499573,-0.6364340782165527,-0.09691001300805639
-1.0356956720352173,-0.9191663861274719,-0.8270650506019592,-0.5228787452803376
-0.21529582142829895,-0.33617937564849854,-0.4284936189651489,-0.10790539730951959
-1.273635745048523,-1.2880083322525024,-1.130162239074707,-1.2441251443275085
-1.1322728395462036,-1.873008370399475,-1.4147099256515503,-1.3010299956639813
-1.012569546699524,-0.8762857913970947,-0.8056529760360718,-0.25181197299379954
-0.5668982267379761,-0.5786871314048767,-0.5625173449516296,-0.10237290870955855
-0.6048372983932495,-0.35593822598457336,-0.34825456142425537,-0.09691001300805639
-0.4404968023300171,-0.4175540804862976,-0.3742356598377228,-0.1938200260161128
-0.6433832049369812,-0.5686835646629333,-0.6343911290168762,-0.2076083105017461
-0.17592556774616241,-0.1387072205543518,-0.24034900963306427,-0.3979400086720376
-0.10679615288972855,-0.20983780920505524,-0.2061006873846054,-0.5228787452803376
-0.06496988981962204,-0.11708664149045944,-0.21855679154396057,-0.2839966563652008
-0.2255101501941681,-0.1821582317352295,-0.23518438637256622,-0.6989700043360187
-0.041187264025211334,-0.036619555205106735,-0.13146476447582245,-0.08618614761628333
-0.04575243592262268,-0.15613983571529388,-0.15191592276096344,-0.3010299956639812
-0.2568105459213257,-0.05615701526403427,-0.10266666859388351,-0.6020599913279624
-0.055831070989370346,-0.08951698243618011,-0.13989731669425964,0.0
-0.030572328716516495,0.06576777994632721,0.05242706462740898,0.11058971029924897
0.025964919477701187,0.1801123470067978,0.06405646353960037,-0.1549019599857432
0.01711740717291832,-0.01887880638241768,0.03820297122001648,0.25527250510330607
0.009145700372755527,0.0991491749882698,-0.0680929571390152,-0.3010299956639812
0.2165275514125824,0.28159546852111816,0.22466681897640228,0.30319605742048883
0.2935970723628998,0.20699971914291382,0.29064226150512695,0.07918124604762482
0.37629228830337524,0.21704941987991333,0.12303273379802704,0.414973347970818
0.26110920310020447,0.3111533224582672,0.2252693474292755,-0.1870866433571444
0.10236957669258118,0.21512292325496674,0.17014656960964203,0.47712125471966244
0.12140627950429916,0.19261299073696136,0.08401702344417572,0.5314789170422551
0.2618938088417053,0.14431731402873993,0.14371763169765472,0.25527250510330607
0.011463526636362076,0.26978281140327454,0.2204541116952896,0.06069784035361165
-0.8785058259963989,-0.974582314491272,-0.9244993925094604,-1.3979400086720375
-0.9742701649665833,-1.0787068605422974,-1.108352780342102,-1.2365720064370627
-1.1462593078613281,-1.0932046175003052,-1.0928902626037598,-1.0655015487564323
-1.2219524383544922,-1.1219205856323242,-1.2099472284317017,-1.0604807473813815
-1.7620389461517334,-1.8577208518981934,-1.8016314506530762,-1.7911288617530743
-1.5977026224136353,-1.9608384370803833,-1.5682998895645142,-1.8072096028793474
-1.9957088232040405,-1.5457590818405151,-1.6196212768554688,-1.8954787473816714
-2.1093637943267822,-2.1195638179779053,-1.878501296043396,-1.9348686278597902
-1.049530267715454,-1.0606956481933594,-1.022621750831604,-1.1135092748275182
-0.9197734594345093,-0.9746517539024353,-0.8769417405128479,-1.0861861476162833
-0.9483516216278076,-0.9524137377738953,-0.9401338696479797,-0.9281179926938746
-1.1531668901443481,-1.1692053079605103,-1.2109932899475098,-1.1870866433571443
-1.1798969507217407,-1.0638216733932495,-1.2244813442230225,-1.1249387366083
-1.275571584701538,-1.1529624462127686,-1.172196865081787,-1.1804560644581312
-1.2420049905776978,-1.2607918977737427,-1.3791526556015015,-1.275724130399211
-1.5075368881225586,-1.4797333478927612,-1.5374776124954224,-1.2924298239020637
-1.0192657709121704,-0.830436110496521,-0.9610386490821838,-1.1611509092627446
-1.0429106950759888,-0.928918182849884,-1.1513053178787231,-0.9913998282380825
-0.9760206937789917,-0.9170118570327759,-0.934950053691864,-1.0861861476162833
-1.0551786422729492,-1.1126457452774048,-1.1297355890274048,-1.193820026016113
-1.13035249710083,-1.286322832107544,-1.278525710105896,-1.0506099933550872
-1.1101380586624146,-1.2118077278137207,-1.3157259225845337,-1.1426675035687315
-1.3194926977157593,-1.2580974102020264,-1.3719490766525269,-1.1804560644581312
-1.552770972251892,-1.5147019624710083,-1.5363132953643799,-1.2006594505464183
-0.5995305180549622,-0.7478215098381042,-0.8964157104492188,-0.6020599913279624
-0.5834382176399231,-0.6006640791893005,-0.6473397016525269,-0.3467874862246563
-0.32396969199180603,-0.38333138823509216,-0.3548257350921631,-0.1549019599857432
-0.42164117097854614,-0.485451877117157,-0.5733940601348877,0.0
-0.6383923292160034,-0.9148926734924316,-0.9282945394515991,-0.6989700043360187
-0.6433846950531006,-0.471416711807251,-0.52974534034729,-0.4559319556497244
-0.5185536742210388,-0.593344509601593,-0.37062862515449524,-0.23657200643706278
-0.525273859500885,-0.35238075256347656,-0.40042802691459656,-0.09691001300805639
-0.7713863849639893,-1.0326299667358398,-0.8229491114616394,-0.6020599913279624
-0.49351930618286133,-0.5840237736701965,-0.6967209577560425,-0.744727494896694
-0.5795554518699646,-0.6709990501403809,-0.4415402412414551,-0.42021640338318983
-0.6567879319190979,-0.5316067337989807,-0.5712228417396545,-0.22184874961635637
-1.0514938831329346,-0.9743030667304993,-0.9176029562950134,-0.6989700043360187
-1.2899730205535889,-1.3565876483917236,-1.3665176630020142,-1.0
-0.7637115716934204,-0.9881922006607056,-0.9765699505805969,-0.9208187539523752
-0.995966911315918,-1.1027084589004517,-1.1758337020874023,-0.6989700043360187
-1.0179088115692139,-0.9853960871696472,-1.1017296314239502,-0.8538719643217619
-0.8501991033554077,-1.2028464078903198,-0.8851332068443298,-0.7958800173440752
-0.8197128772735596,-0.9275693893432617,-0.8248258829116821,-0.9208187539523752
-0.5359243750572205,-0.5442200303077698,-0.8104102611541748,-1.0969100130080565
-0.6335350275039673,-0.7039889693260193,-0.6283507347106934,-1.2218487496163564
-1.3193299770355225,-1.3954602479934692,-1.4909623861312866,-0.8860566476931632
-0.35733070969581604,-0.3662327229976654,-0.32242023944854736,0.01703333929878037
-0.43559694290161133,-0.3737548887729645,-0.31419116258621216,0.1610683854711746
-0.8385311961174011,-0.8289415240287781,-0.9215316772460938,0.0441476208787228
-0.45193371176719666,-0.4148391783237457,-0.42251789569854736,-0.744727494896694
-0.37366577982902527,-0.2130858153104782,-0.3311621844768524,-0.09205147838772768
-0.7490967512130737,-0.46223965287208557,-1.031903624534607,-0.5228787452803376
-0.6540289521217346,-0.5635799765586853,-0.6513012647628784,-0.744727494896694
-0.42195066809654236,-0.5579397678375244,-0.5591716766357422,-0.9030899869919435
-0.9556028246879578,-1.01703679561615,-1.2374976873397827,-0.8664610916297825
-0.7511482834815979,-0.7574840188026428,-0.8245890140533447,-0.958607314841775
-0.7141225934028625,-0.6592874526977539,-0.5787853598594666,-1.6989700043360187
-0.7830977439880371,-0.7899831533432007,-0.8626811504364014,-1.7958800173440752
-0.6450653076171875,-0.5979743599891663,-0.6685918569564819,-0.6020599913279624
-0.5869137644767761,-0.6357901692390442,-0.6905524730682373,-0.585026652029182
-0.7347221374511719,-0.6997766494750977,-0.6246700882911682,-0.619788758288394
-0.731075644493103,-0.7590801119804382,-0.7739612460136414,-0.8860566476931632
-0.8823631405830383,-0.9703471064567566,-0.9475670456886292,-1.3979400086720375
-0.7955886125564575,-0.9269129633903503,-0.9310421347618103,-1.2218487496163564
-0.7936035394668579,-0.8370911478996277,-0.7154914736747742,-1.0
-0.6124387979507446,-0.810616135597229,-0.7115892171859741,-0.8860566476931632
-0.7721171975135803,-0.7564788460731506,-0.6671444177627563,-0.8860566476931632
-0.8786172270774841,-0.694775402545929,-0.7454772591590881,-1.154901959985743
-0.8199955224990845,-0.8502997159957886,-0.8122542500495911,-1.3979400086720375
-1.0365025997161865,-0.8960655331611633,-0.9573187828063965,-2.0
-0.9014732837677002,-1.0138145685195923,-0.9163392782211304,-1.6989700043360187
-0.9282749891281128,-0.6625429391860962,-1.0018727779388428,-1.6989700043360187
-0.3628293573856354,-0.42126697301864624,-0.3217799663543701,-2.1804560644581312
-0.6653047800064087,-0.475469172000885,-0.6226052045822144,-2.3565473235138126
-0.3166153132915497,-0.3553135097026825,-0.2951195538043976,-2.6020599913279625
-0.6479237079620361,-0.33313027024269104,-0.5749313831329346,-2.537602002101044
-0.5453408360481262,-0.2598955035209656,-0.921798586845398,-2.721246399047171
-0.2817152142524719,0.09592416137456894,0.04534825682640076,-0.09691001300805639
-0.8985130190849304,-0.8809479475021362,-0.8262625932693481,0.24054924828259971
-0.6312657594680786,-0.560890793800354,-0.5248671174049377,-1.2218487496163564
-1.2847265005111694,-1.1277083158493042,-1.2795300483703613,-0.728158393463501
-0.8758487105369568,-0.9450446963310242,-0.9183641076087952,-0.3467874862246563
-0.7906361222267151,-0.853847861289978,-0.9256047606468201,-0.8860566476931632
-0.9394811987876892,-0.9742674231529236,-0.954045832157135,-0.6536470255493614
-1.032039761543274,-0.9654756188392639,-1.0317267179489136,-0.6635402661514704
-0.9252824187278748,-0.9472731351852417,-0.898594856262207,-1.0
-1.190425157546997,-1.1872034072875977,-1.2677793502807617,-0.6777807052660807
-0.6663855314254761,-0.625408411026001,-0.6470149755477905,-0.004364805402450088
-0.535088300704956,-0.7127289772033691,-0.8169829249382019,-1.0457574905606752
-0.7429195046424866,-0.698777973651886,-0.7305330634117126,-1.0655015487564323
-0.7663897275924683,-0.8072630167007446,-0.7489357590675354,-1.0457574905606752
-0.7623549699783325,-0.8054102659225464,-0.8105888962745667,-1.0655015487564323
-1.0103862285614014,-0.9128403663635254,-1.07143235206604,-1.080921907623926
-0.7003171443939209,-0.10436610877513885,-0.4477307200431824,0.17609125905568124
-0.5599449276924133,-0.5667567253112793,-0.5728870034217834,-1.3979400086720375
-0.5498825311660767,-0.6114315986633301,-0.7521857619285583,-0.431798275933005
-0.630224883556366,-0.7372564673423767,-0.6083875894546509,-0.4814860601221125
-0.6644376516342163,-0.6645025610923767,-0.6802313923835754,-0.5228787452803376
-0.8133887648582458,-0.7881329655647278,-0.8096240758895874,-0.6777807052660807
-0.6419459581375122,-0.6572164297103882,-0.5088147521018982,-1.3979400086720375
-0.6858751773834229,-0.7779877185821533,-0.702178955078125,-0.4814860601221125
-0.6289164423942566,-0.6477857828140259,-0.6868475079536438,-0.5376020021010439
-0.6985964775085449,-0.7569479942321777,-0.8854684233665466,-0.585026652029182
-0.8654793500900269,-0.859178900718689,-0.8056426644325256,-0.6989700043360187
-0.7266942262649536,-0.6912009119987488,-0.8631962537765503,-1.5228787452803376
-0.6967679262161255,-0.7543638348579407,-0.7044582366943359,-0.5376020021010439
-0.7436532974243164,-0.694543182849884,-0.6749962568283081,-0.6020599913279624
-0.7677549123764038,-0.7946376204490662,-0.7586824893951416,-0.638272163982407
-0.929223358631134,-0.8971622586250305,-0.9679822325706482,-0.721246399047171
-0.7427514791488647,-0.8010815978050232,-0.6503564715385437,-1.5228787452803376
-0.7354071140289307,-0.776817262172699,-0.9385596513748169,-0.6575773191777937
-0.9295026063919067,-0.8239338397979736,-0.9033718109130859,-0.721246399047171
-0.8352876305580139,-0.8994991183280945,-0.9252724647521973,-0.7695510786217261
-0.9502347707748413,-1.0204050540924072,-1.015637993812561,-0.8538719643217619
-0.749065637588501,-0.8183535933494568,-0.6768521666526794,-0.5528419686577808
-0.7518429756164551,-0.7582384943962097,-0.8568426966667175,-0.619788758288394
-0.7945228219032288,-0.7169492244720459,-0.9332570433616638,-0.6575773191777937
-0.7430311441421509,-0.7541168928146362,-0.8271792531013489,-0.6989700043360187
-0.9250486493110657,-1.011510968208313,-0.8983721137046814,-0.744727494896694
-0.5506988763809204,-0.48904484510421753,-0.749264657497406,-0.46852108295774486
-0.657357931137085,-0.6575025916099548,-0.6264851689338684,-0.5228787452803376
-0.6981175541877747,-0.7118222713470459,-0.6214905381202698,-0.5528419686577808
-0.7773988246917725,-0.7734954953193665,-0.8158919215202332,-0.585026652029182
-0.7594062089920044,-0.8879755139350891,-0.9083908796310425,-0.6020599913279624
-0.9848374128341675,-1.0006093978881836,-0.9614163041114807,-0.7695510786217261
-0.9181975722312927,-0.9553113579750061,-1.1124567985534668,-0.8860566476931632
-0.9929925203323364,-1.022585153579712,-1.0882185697555542,-1.0
-0.9058899879455566,-1.1521031856536865,-1.2114132642745972,-1.0457574905606752
-1.258188009262085,-1.085424780845642,-1.1377646923065186,-1.3010299956639813
-0.7825589179992676,-0.9420660734176636,-0.8421557545661926,-0.8601209135987634
-0.7706158757209778,-0.798591136932373,-0.7859945297241211,-0.721246399047171
-0.9085737466812134,-0.9410738945007324,-0.8830578327178955,-0.9393021596463883
-0.8275687098503113,-0.8659704327583313,-0.9606269598007202,-0.9956786262173574
-0.7301761507987976,-0.7974031567573547,-0.7710934281349182,-0.7495799976911061
-0.8608933091163635,-0.9252697825431824,-0.947210967540741,-1.0604807473813815
-0.840726375579834,-0.859259843826294,-0.8132861256599426,-0.7772835288524167
-0.9141830801963806,-0.9454813599586487,-0.9369855523109436,-1.1674910872937636
-0.8670867085456848,-0.909902036190033,-0.7269755005836487,-0.8210230527068306
-0.8686280250549316,-0.8351801037788391,-0.9190458655357361,-0.8996294548824371
-0.49183762073516846,-0.42178329825401306,-0.5418223142623901,-0.44369749923271273
-0.41802430152893066,-0.4232575297355652,-0.4513222575187683,-0.5528419686577808
-0.5397641658782959,-0.5458793044090271,-0.550899088382721,-0.7958800173440752
-0.5982512831687927,-0.5815458297729492,-0.48442891240119934,-1.0969100130080565
-0.09959563612937927,-0.2564869523048401,-0.24868817627429962,-0.24382048315619081
-0.44307205080986023,-0.25201043486595154,-0.5764809846878052,-0.5757719293040201
-0.3639700710773468,-0.5163312554359436,-0.7692067623138428,-0.8024437868464636
-0.47386401891708374,-0.4928036332130432,-0.6030605435371399,-0.7695510786217261
-0.3212771415710449,-0.49236932396888733,-0.6300213932991028,-1.2218487496163564
-0.31897231936454773,-0.562981903553009,-0.5989980101585388,-1.3979400086720375
-0.45854052901268005,-0.6610996723175049,-0.5328510403633118,-1.3767507096020994
-0.5162755846977234,-0.648239016532898,-0.7054380774497986,-1.3010299956639813
-0.5036093592643738,-0.7797706723213196,-0.7283044457435608,-1.207608310501746
-0.7173779010772705,-0.7692434787750244,-0.7301928997039795,-1.0555173278498313
-0.9074954986572266,-0.8654295802116394,-0.8557482361793518,-1.3098039199714864
-0.828462541103363,-0.8536492586135864,-0.8190340399742126,-1.408935392973501
-0.9013355374336243,-0.8857176303863525,-0.9491472840309143,-1.3187587626244128
-0.8378254175186157,-1.0115630626678467,-0.8717995285987854,-1.2596373105057561
-0.8906444311141968,-0.8910682201385498,-0.8434445858001709,-1.3467874862246563
-0.8549948334693909,-0.9401633739471436,-0.8909410834312439,-1.3010299956639813
-0.8771618008613586,-0.8955670595169067,-1.0254937410354614,-1.193820026016113
-1.0441309213638306,-0.9104887247085571,-0.9732563495635986,-1.0555173278498313
-0.7870445847511292,-0.8548226356506348,-0.9887605905532837,-1.3979400086720375
-0.4121987521648407,-0.4655226171016693,-0.4876488745212555,-1.154901959985743
-1.3060436248779297,-1.377764105796814,-1.370437741279602,-1.6989700043360187
-0.7474649548530579,-0.6477069854736328,-0.6829782128334045,-0.6055483191737837
-0.6869640350341797,-0.6612899303436279,-0.576305627822876,-0.575118363368933
-0.7841671705245972,-0.6610968112945557,-0.6126437783241272,-0.692503962086787
-0.7951723337173462,-0.6931450366973877,-0.7452430725097656,-0.744727494896694
-0.7912352085113525,-0.7030713558197021,-0.6975675225257874,-0.7544873321858502
-0.8129627108573914,-0.7878127694129944,-0.8128311038017273,-0.7878123955960422
-0.8220444321632385,-0.8716077208518982,-0.7976803779602051,-0.790484985457369
-1.0030745267868042,-1.0907989740371704,-1.086707592010498,-0.8416375079047503
-0.9115856289863586,-0.7393937110900879,-0.9225879311561584,-1.3010299956639813
-1.2465320825576782,-1.3303252458572388,-1.552093744277954,-3.0
-0.5183054208755493,-0.6428274512290955,-0.6248679161071777,-0.8538719643217619
-0.5818220973014832,-0.8963528871536255,-0.6962135434150696,-0.7695510786217261
-0.5396122932434082,-0.7006893754005432,-0.7113091945648193,-0.744727494896694
-0.9618449807167053,-0.8816319108009338,-0.7394727468490601,-0.8356471442155629
-0.7012782096862793,-1.0133674144744873,-0.8165789842605591,-0.8538719643217619
-0.7632343173027039,-1.0150244235992432,-0.8608839511871338,-0.8386319977650252
-0.7515236139297485,-0.8338245749473572,-0.7431439757347107,-0.7958800173440752
-0.46048590540885925,-0.7396480441093445,-0.7842245101928711,-0.721246399047171
-0.6624475717544556,-1.0006554126739502,-0.7433750629425049,-0.785156151952302
-0.9323710203170776,-0.7902053594589233,-0.6619877219200134,-0.6289321377282637
-0.7065110206604004,-0.7725136280059814,-0.8022125959396362,-0.6575773191777937
-0.9143549203872681,-0.8004099726676941,-0.7576754689216614,-0.5376020021010439
-1.1346083879470825,-1.434844732284546,-1.654143214225769,-2.0
-0.7975083589553833,-1.0121957063674927,-0.9966855049133301,-0.27572413039921095
-0.5696500539779663,-0.4974863827228546,-0.5544034242630005,-0.8961962790440432
-0.20491120219230652,-0.3962204158306122,-0.3848474323749542,-1.0969100130080565
-0.2106349766254425,-0.31849274039268494,-0.30681851506233215,-0.8860566476931632
0.10251155495643616,-0.021785486489534378,0.19507381319999695,-0.27572413039921095
0.06783229857683182,0.2655315399169922,0.14449961483478546,-0.8239087409443188
0.06358209252357483,0.0016114506870508194,0.190261572599411,-0.8239087409443188
-0.22024722397327423,-1.077569842338562,0.02535826899111271,-0.5228787452803376
-0.34003931283950806,0.031313542276620865,-0.17447808384895325,0.7923916894982539
-0.7115554213523865,-0.7469182014465332,-0.8701149225234985,-1.2218487496163564
0.10419314354658127,0.04175475984811783,0.07436610013246536,-0.6989700043360187
-0.143949955701828,0.15504516661167145,0.0982198566198349,-0.6020599913279624
-0.80833899974823,-0.7051748633384705,-0.44143906235694885,-1.0705810742857071
-1.0383113622665405,-1.0399110317230225,-0.5401960611343384,-0.7931741239681502
0.18255192041397095,0.22737066447734833,0.08177325129508972,0.414973347970818
0.2213340401649475,0.13944627344608307,0.2136296182870865,0.05690485133647255
0.20622548460960388,0.11748943477869034,0.09895822405815125,0.05690485133647255
0.015220215544104576,0.20926742255687714,0.12526483833789825,0.4471580313422192
0.17018869519233704,0.3499782085418701,0.2380213439464569,0.1553360374650618
0.12234259396791458,0.1567670851945877,0.32246366143226624,0.13353890837021754
0.12883898615837097,0.12825460731983185,0.2360479086637497,-0.031517051446064856
-0.1611962914466858,-0.131866455078125,-0.261211633682251,0.36921585741014284
0.2511075437068939,0.8507726788520813,0.5116111636161804,0.11058971029924897
-1.3274801969528198,-1.3864521980285645,-1.530599594116211,-0.7622954418286619
-1.4205173254013062,-1.4406527280807495,-1.395350694656372,-2.3549709352788577
-1.4120514392852783,-1.3391145467758179,-1.3216941356658936,-0.6952639584468989
-1.2263232469558716,-1.3474146127700806,-1.3095834255218506,-0.7083292910333987
-1.3734368085861206,-1.4537209272384644,-1.4273110628128052,-1.1246608770454607
-1.3252315521240234,-1.1510488986968994,-1.432934284210205,-1.0413166902732505
-1.396860957145691,-1.3811919689178467,-1.2698239088058472,-1.032953061714837
-1.3334060907363892,-1.4919542074203491,-1.3470085859298706,-2.374687549038326
-1.5334383249282837,-1.5325690507888794,-1.633344054222107,-1.4921711039544716
-1.3807356357574463,-1.179203748703003,-1.4016305208206177,-1.3998005974303367
-1.3417516946792603,-1.245387315750122,-1.578270673751831,-1.4496982512629177
-1.5071008205413818,-1.5978246927261353,-1.4379088878631592,-2.3988094673846665
-1.6415631771087646,-1.6181163787841797,-1.5678887367248535,-1.9034723343935602
-1.7179646492004395,-1.5776255130767822,-1.7293294668197632,-2.595679532778269
-0.13054883480072021,-0.2879517078399658,-0.17248031497001648,-0.4814860601221125
0.07267072796821594,0.020511232316493988,-0.004933396819978952,-0.23657200643706278
0.16356250643730164,0.12548516690731049,0.11281146854162216,0.021189299069938092
-0.1948256641626358,-0.19109152257442474,-0.21153752505779266,0.2304489213782739
-0.10251157730817795,-0.15514443814754486,-0.2038787454366684,-0.42021640338318983
-0.11660594493150711,0.001838338328525424,-0.2258293330669403,0.04139268515822507
-0.012107666581869125,-0.04720243066549301,-0.05982276797294617,-0.1549019599857432
0.17230364680290222,0.18583838641643524,0.11570814251899719,-0.22184874961635637
0.08507125824689865,0.18382717669010162,0.13882587850093842,-0.22184874961635637
0.06358616799116135,0.0487678088247776,-0.009921344928443432,0.04139268515822507
0.0980444848537445,0.07385648041963577,0.12721870839595795,0.0
0.11037904769182205,0.01229492761194706,-0.03620323911309242,0.17609125905568124
0.18260589241981506,0.3257782459259033,0.33924996852874756,0.2304489213782739
0.25921329855918884,0.06965441256761551,0.1202564463019371,0.3424226808222063
-0.5071931481361389,-0.4825941324234009,-0.5931041240692139,-1.147867825178142
-0.6361932754516602,-0.5782284736633301,-0.5502216815948486,-1.18861939781828
-0.7072755694389343,-0.6601757407188416,-0.702416181564331,-1.2887919201413667
-0.7238591909408569,-0.6691845655441284,-0.7556046843528748,-1.3226577190884612
-0.9972196817398071,-0.9578806757926941,-0.9143471121788025,-1.4648831791970478
-1.7575381994247437,-1.5750422477722168,-1.612046241760254,-1.8239087409443189
-1.3766489028930664,-1.6631718873977661,-1.6259428262710571,-1.585026652029182
-0.9564772844314575,-0.8261755704879761,-1.0097283124923706,-1.4685210829577449
-0.9866544008255005,-1.1685651540756226,-0.9660805463790894,-0.7695510786217261
-0.9458301067352295,-0.8001753091812134,-0.9350337386131287,-0.8860566476931632
-0.9662217497825623,-0.8519667387008667,-0.9526124596595764,-0.958607314841775
-1.1250633001327515,-1.0593609809875488,-1.258522868156433,-1.0705810742857071
-1.1917526721954346,-1.1854411363601685,-1.02587890625,-1.154901959985743
-0.9236910343170166,-0.8429985642433167,-0.9382122159004211,-0.9913998282380825
-0.6454897522926331,-0.4891922175884247,-0.6341861486434937,-0.6716203965612623
-0.829301655292511,-0.5655346512794495,-0.7386869192123413,-0.7644715530924511
-0.776163637638092,-0.6526084542274475,-0.6836550831794739,-0.9244530386074693
0.435053288936615,0.3794976472854614,0.21230287849903107,0.6532125137753437
0.4092538058757782,0.34852051734924316,0.4105031490325928,0.38560627359831223
-0.9911412000656128,-0.9814782738685608,-1.0581563711166382,-0.958607314841775
-0.9933798909187317,-1.1457167863845825,-1.1605079174041748,-1.1487416512809248
-1.0771394968032837,-1.1559027433395386,-1.0963287353515625,-1.2628073572952627
-1.0918834209442139,-1.1122606992721558,-1.0663986206054688,-1.0
-0.9477969408035278,-1.047339916229248,-0.926886796951294,-0.9208187539523752
-0.9697136282920837,-1.005639910697937,-1.0106894969940186,-1.0736575533743449
-1.1403745412826538,-1.1104646921157837,-1.1319851875305176,-1.2410881076020264
-1.0254411697387695,-1.0759695768356323,-1.044475793838501,-0.958607314841775
-0.8611298203468323,-0.9336272478103638,-0.9827223420143127,-0.9208187539523752
-0.952904462814331,-0.9852178692817688,-1.026549220085144,-1.056011124926228
-0.962232232093811,-0.9591401815414429,-1.052516222000122,-1.2232988160115892
-0.93113112449646,-0.9175829887390137,-0.9833899736404419,-0.958607314841775
-0.6759485006332397,-0.6835860013961792,-0.686907172203064,-0.9208187539523752
-0.7698183059692383,-0.8112169504165649,-0.7330461740493774,-1.0400051616715837
-0.7146063446998596,-0.924945056438446,-0.9077088832855225,-1.2132485778544388
-0.7965176105499268,-0.8134579062461853,-0.7835845947265625,-0.958607314841775
-0.6848385334014893,-0.8297216892242432,-0.9388675093650818,-0.3565473235138126
-0.7749670147895813,-0.7154355645179749,-0.9014872312545776,-0.494850021680094
-0.8968266844749451,-0.9113664627075195,-0.8910109400749207,-0.638272163982407
-0.8996124267578125,-0.9295304417610168,-0.8894292116165161,-0.8538719643217619
-1.0855422019958496,-1.0157768726348877,-1.0597045421600342,-1.3010299956639813
-0.651064932346344,-0.7835321426391602,-1.1076617240905762,0.11394335230683678
-1.2395657300949097,-1.0808742046356201,-1.1733286380767822,-1.3010299956639813
-1.0246398448944092,-1.0877819061279297,-1.0687347650527954,-1.0969100130080565
-0.9815444350242615,-1.0426700115203857,-1.0402276515960693,-0.8538719643217619
-1.1589032411575317,-1.3454577922821045,-1.4104827642440796,-1.5228787452803376
-0.27781614661216736,-0.27387768030166626,-0.49604853987693787,0.17926446433902532
-0.14178431034088135,-0.14961953461170197,-0.1760171502828598,-0.11294562194904302
-0.22020217776298523,-0.0823834091424942,-0.1784530133008957,-0.6635402661514704
-0.8302915096282959,-0.9613847732543945,-0.8979505896568298,-0.744727494896694
-0.823393702507019,-0.8968836665153503,-0.8576127290725708,-0.585026652029182
-0.8463394045829773,-0.8116476535797119,-0.8163843154907227,-0.7695510786217261
-0.8977879285812378,-0.8641366958618164,-0.9050080180168152,-0.6020599913279624
-0.8990640640258789,-0.8834391832351685,-0.9242299795150757,-0.8538719643217619
-1.0280544757843018,-0.9772605299949646,-1.0717161893844604,-0.6777807052660807
-1.02317214012146,-1.0158013105392456,-0.9898562431335449,-0.8860566476931632
-0.9155454039573669,-1.035298228263855,-1.1078797578811646,-0.7695510786217261
-0.9546939134597778,-0.9264114499092102,-1.0643097162246704,-0.8209425287452897
-1.0625964403152466,-0.9745487570762634,-1.0593657493591309,-1.186539109459555
-1.1563503742218018,-1.0050606727600098,-1.07065749168396,-1.0457574905606752
-1.037919282913208,-1.0864757299423218,-1.0729520320892334,-0.9030899869919435
-0.9159982800483704,-0.8841383457183838,-0.9812531471252441,-0.7668921556946119
-1.0109598636627197,-0.9356964826583862,-0.9941735863685608,-0.9548687791235029
-0.8724838495254517,-1.094293475151062,-0.8962470293045044,-0.8767594132816814
-1.0058979988098145,-1.052632451057434,-1.0014820098876953,-0.9875888458069761
-0.9810177087783813,-1.1256717443466187,-1.0861895084381104,-0.8079904073463299
-1.0774893760681152,-1.0891978740692139,-1.1450893878936768,-0.7311553558532908
-0.8503689169883728,-0.8030707836151123,-0.8501843214035034,-0.7356639445104669
-0.8731896877288818,-0.9522728323936462,-0.9003859758377075,-0.8788736818071115
-0.8941737413406372,-0.7996053099632263,-0.898769736289978,-0.7535900597763822
-0.9046693444252014,-0.8650643229484558,-0.9571898579597473,-0.8407216304182816
-0.9960319995880127,-1.004557490348816,-0.9339460134506226,-0.7244583115986905
-1.041912317276001,-0.9596746563911438,-0.9814702272415161,-0.6353008257633614
-0.7520285844802856,-0.7709793448448181,-0.7581499218940735,-0.7195559448150182
-0.797147274017334,-0.7391694188117981,-0.7377112507820129,-0.7986738981943117
-0.7875855565071106,-0.8130578994750977,-0.8016079664230347,-0.6989700043360187
-0.7553273439407349,-0.9252645373344421,-0.8445575833320618,-0.6087931025529644
-1.0420377254486084,-1.052642822265625,-0.3883407711982727,-0.49894073778224846
0.12913838028907776,0.1718248873949051,-0.3157818615436554,-0.38827669199265824
0.21804091334342957,-0.1878466010093689,-0.04721752181649208,-0.36957212497497616
-0.223387211561203,0.0398334376513958,-0.25522303581237793,-0.35066514128785814
-0.10205274075269699,0.05211157724261284,-0.1365332454442978,-0.25414480482627105
-0.7176792025566101,-0.7456678748130798,-0.7738599181175232,-0.906578314837765
-0.9096072912216187,-0.7957750558853149,-0.7546010613441467,-0.6439741428068773
-0.7227872610092163,-0.7729228734970093,-0.7492786049842834,-0.7258421507363202
-0.7896744608879089,-0.7912002801895142,-0.8270329833030701,-0.6777807052660807
-0.7546764612197876,-0.7870904803276062,-0.78864586353302,-0.744727494896694
-0.771914541721344,-0.8162236213684082,-0.7676438689231873,-0.7798919119599449
-0.960397481918335,-0.9571654796600342,-0.9931305050849915,-0.8153085691824012
-0.9048764705657959,-0.899056077003479,-0.9360780119895935,-0.8860566476931632
-0.9622844457626343,-0.8386759757995605,-0.77251797914505,-0.9100948885606021
-0.7240566611289978,-0.7931908965110779,-0.7655089497566223,-0.8386319977650252
-0.9178611040115356,-0.8552185297012329,-0.8202463388442993,-0.6478174818886375
-0.8597053289413452,-0.7613515853881836,-0.833690881729126,-0.7328282715969863
-0.7834374904632568,-0.8461819887161255,-0.8710205554962158,-0.6777807052660807
-0.8209983110427856,-0.8111459016799927,-0.783123791217804,-0.744727494896694
-0.8471735715866089,-0.7782930731773376,-0.7898723483085632,-0.785156151952302
-0.9109642505645752,-0.9537419080734253,-0.9516957998275757,-0.826813731587726
-0.9483439922332764,-0.9250612258911133,-0.9488623142242432,-0.8860566476931632
-0.8665109872817993,-0.8673458099365234,-0.8332014679908752,-0.9172146296835499
-0.9216282963752747,-0.8550968170166016,-0.8965638875961304,-0.707743928643524
-0.9079640507698059,-0.9118593335151672,-0.8633925914764404,-0.8446639625349383
-0.9645549058914185,-0.8347758650779724,-0.8740478157997131,-0.744727494896694
-0.8955742716789246,-0.8312618136405945,-0.8338229060173035,-0.8538719643217619
-0.8177793025970459,-0.7887201309204102,-0.8275519609451294,-0.7644715530924511
-0.8438105583190918,-0.804634690284729,-0.785475492477417,-0.8996294548824371
-0.9481425285339355,-1.0449179410934448,-0.9565137624740601,-0.9469215565165803
-1.0211257934570312,-0.901535153388977,-0.9887396693229675,-1.0457574905606752
-1.019465446472168,-0.9293721914291382,-0.8806741237640381,-1.1135092748275182
-0.9341204166412354,-0.9350317716598511,-1.0108933448791504,-0.790484985457369
-0.9887740015983582,-0.9549810886383057,-0.9977820515632629,-0.9706162223147904
-0.9160044193267822,-0.8176447153091431,-0.9239166378974915,-0.8239087409443188
-0.9886528253555298,-0.8416786193847656,-0.9034799933433533,-0.9208187539523752
-0.8939963579177856,-0.8142589330673218,-0.835983395576477,-0.978810700930062
-0.9888801574707031,-1.0135453939437866,-1.128174901008606,-1.0409586076789064
-1.0941345691680908,-1.036044716835022,-0.9453036785125732,-1.0969100130080565
-0.8421984910964966,-0.9111112952232361,-0.8403418064117432,-0.692503962086787
-0.9736122488975525,-1.0358601808547974,-0.9737056493759155,-1.1739251972991736
-0.9875761866569519,-0.8378250002861023,-0.9815894365310669,-0.8096683018297085
-1.0035327672958374,-0.9863095283508301,-1.0468838214874268,-0.7495799976911061
-0.7435575127601624,-0.8087992072105408,-0.8893977403640747,-0.7328282715969863
-1.1266272068023682,-1.1200388669967651,-1.129472255706787,-1.0861861476162833
-1.0441052913665771,-1.0117056369781494,-1.025162696838379,-1.0555173278498313
-0.9846941828727722,-0.9935797452926636,-1.0461093187332153,-1.0268721464003012
-0.7469997406005859,-0.8221490979194641,-0.724898099899292,-1.013228265733755
-0.5332693457603455,-0.6079509854316711,-0.5469897985458374,-1.0
-0.982711672782898,-1.0559123754501343,-1.0404837131500244,-0.8538719643217619
-0.956397533416748,-1.0575742721557617,-1.0979351997375488,-0.8239087409443188
-1.0699224472045898,-1.0907108783721924,-1.1408724784851074,-1.154901959985743
-0.8383461236953735,-0.8461301922798157,-0.8774648308753967,-0.7958800173440752
-1.1160200834274292,-1.0389273166656494,-1.127600073814392,-1.154901959985743
-1.0864167213439941,-0.950918972492218,-1.032758355140686,-1.0969100130080565
-0.8307377696037292,-0.7844913601875305,-0.7429625391960144,-1.0969100130080565
-0.6251872181892395,-0.6536702513694763,-0.6468014717102051,-1.0457574905606752
-1.0710554122924805,-1.1864103078842163,-0.9965677857398987,-0.8356471442155629
-1.1014280319213867,-1.0504873991012573,-1.0406832695007324,-1.0087739243075051
-1.0724934339523315,-1.1578893661499023,-1.0612090826034546,-0.8538719643217619
-1.095458984375,-1.11989426612854,-1.1335959434509277,-1.0457574905606752
-1.0876303911209106,-1.081007719039917,-1.0217996835708618,-1.0861861476162833
-1.2003403902053833,-1.2345659732818604,-1.2355117797851562,-1.1249387366083
-1.2010163068771362,-1.239682912826538,-1.230791449546814,-1.2218487496163564
-1.0504118204116821,-1.0805702209472656,-1.1133478879928589,-1.2839966563652008
-1.0229724645614624,-1.1465749740600586,-0.9921626448631287,-0.6903698325741012
-1.1265836954116821,-1.024337887763977,-1.1308457851409912,-0.9208187539523752
-1.1454815864562988,-1.2046223878860474,-1.1578119993209839,-0.8632794328435931
-1.2357327938079834,-1.2928539514541626,-1.2128022909164429,-1.3187587626244128
-0.8800743818283081,-1.0265470743179321,-1.0442378520965576,-0.826813731587726
-1.1806445121765137,-1.207484245300293,-1.2188165187835693,-1.275724130399211
-1.1620492935180664,-1.0603445768356323,-1.105207085609436,-1.214670164989233
-0.8986209630966187,-1.0195376873016357,-0.9185463786125183,-1.1611509092627446
-0.7956967353820801,-0.7127411961555481,-0.7546581029891968,-1.1307682802690238
-1.6218253374099731,-1.746746301651001,-1.6403274536132812,-2.0
-1.6306841373443604,-1.5497899055480957,-1.4852186441421509,-2.0
-1.687035322189331,-1.7829294204711914,-1.610250473022461,-1.5228787452803376
-1.8234065771102905,-1.9133148193359375,-2.083561420440674,-1.585026652029182
-1.6635591983795166,-1.7843533754348755,-1.2513110637664795,-1.8860566476931633
-1.353826880455017,-1.4536194801330566,-1.2397613525390625,-2.154901959985743
-1.5869275331497192,-1.5649889707565308,-1.6186267137527466,-0.6777807052660807
-0.6629899740219116,-1.1524462699890137,-1.1178765296936035,-1.3979400086720375
-0.9349417686462402,-0.8645093441009521,-0.6723211407661438,-0.8860566476931632
-1.0816563367843628,-0.9921075105667114,-0.9540985226631165,-0.7024583321818402
-1.0272772312164307,-0.9975150227546692,-1.0924866199493408,-0.7695510786217261
-1.0404646396636963,-1.0858930349349976,-1.0322575569152832,-1.0486624812040823
-1.1398775577545166,-1.1481475830078125,-1.1555168628692627,-1.2814983111327258
-0.9846307635307312,-1.0458325147628784,-1.0501327514648438,-2.065501548756432
-0.9972977042198181,-0.9798865914344788,-0.9535712599754333,-1.8860566476931633
-1.319818139076233,-1.2094653844833374,-1.3416130542755127,-1.4225082001627747
-0.14815397560596466,-0.1520574539899826,-0.16954085230827332,0.021189299069938092
-0.2615606188774109,-0.20258568227291107,-0.17898353934288025,0.13353890837021754
-0.20114025473594666,-0.13446266949176788,-0.19636456668376923,0.15228834438305647
-0.4360526204109192,-0.42911386489868164,-0.3093412518501282,-0.07572071393811836
-0.3789047300815582,-0.26116785407066345,-0.3103095293045044,0.03742649794062367
-0.11979172378778458,-0.1497044563293457,-0.22546854615211487,0.19865708695442263
-0.2042349874973297,-0.10103125870227814,-0.060700803995132446,0.2576785748691845
-0.12112448364496231,-0.009005090221762657,-0.04596172645688057,0.2787536009528289
0.09750005602836609,0.04599808529019356,0.06730694323778152,0.3979400086720376
-0.17326954007148743,-0.4140436053276062,-0.6561158895492554,-1.0969100130080565
-1.4261921644210815,-1.1110286712646484,-1.4205553531646729,-1.4559319556497243
-1.2406048774719238,-1.0745391845703125,-1.1980925798416138,-1.337242168318426
-1.2619203329086304,-1.3314337730407715,-1.2533711194992065,-1.2218487496163564
-1.6722447872161865,-1.559460163116455,-1.719014286994934,-1.1426675035687315
-0.3778981566429138,-0.43442073464393616,-0.5163806080818176,-0.7818848136954515
-0.6535799503326416,-0.750038206577301,-0.5256450176239014,-0.8142879001299939
-0.6360473036766052,-0.4999125897884369,-0.44594892859458923,-0.8766711330736523
-0.35426923632621765,-0.4688393473625183,-0.5743316411972046,-0.9071390566611826
-0.4282715320587158,-0.4002038240432739,-0.4420619010925293,-0.0735546521816107
-0.6520729660987854,-0.5753560066223145,-0.626169741153717,-1.065299598284575
-0.4130401313304901,-0.3837797939777374,-0.5424336791038513,-0.3699791488865901
-0.7683859467506409,-0.6489564776420593,-0.6895037889480591,-1.3182162335321188
-0.7279427647590637,-0.691205620765686,-0.6534106731414795,-0.4659738939438649
-0.7011942267417908,-0.4682425260543823,-0.55965256690979,-0.47873112440161475
-0.7292535901069641,-0.4648713171482086,-0.5263841152191162,-0.6307841425898572
-0.4355137348175049,-0.516253650188446,-0.4971541166305542,-1.0457574905606752
-0.8823115825653076,-0.6982572078704834,-0.9585278630256653,0.29587484521737917
-0.7514330744743347,-0.8601600527763367,-0.8050167560577393,-1.3867926478962402
-1.3279424905776978,-1.481588363647461,-1.4221912622451782,-2.0
-0.891006588935852,-0.951477587223053,-1.1606496572494507,-2.0
-0.9726256728172302,-0.9237810373306274,-0.9173038601875305,-1.5228787452803376
-0.5707821249961853,-0.6600260734558105,-0.7173537611961365,-1.3010299956639813
0.23530010879039764,0.24332654476165771,0.15457971394062042,0.515873843711679
-0.19067028164863586,-0.2048385888338089,-0.19509467482566833,-0.494850021680094
-0.1193501278758049,-0.13838458061218262,-0.13190190494060516,-0.46852108295774486
-0.2239564210176468,-0.3357008993625641,-0.27197566628456116,-0.06550154875643228
-0.21225231885910034,-0.24451003968715668,-0.17826810479164124,-0.10237290870955855
-0.1966012418270111,-0.29148924350738525,-0.29645684361457825,0.08278537031645007
-0.30442383885383606,-0.32704782485961914,-0.25677716732025146,-0.22184874961635637
-0.5392025113105774,-0.26496514678001404,-0.34750428795814514,-0.22914798835785583
-0.09651568531990051,-0.12285323441028595,-0.19695501029491425,-0.07058107428570727
-0.029027972370386124,-0.143870010972023,-0.17338334023952484,-1.154901959985743
-0.05612674728035927,-0.29836803674697876,-0.24533089995384216,-1.207608310501746
-0.10958068817853928,-0.13070113956928253,-0.30675363540649414,-0.22184874961635637
0.35034340620040894,0.4352385699748993,0.42477402091026306,0.17609125905568124
-0.5336211323738098,-0.4336013197898865,-0.5518498420715332,-0.045757490560675115
-0.5622838139533997,-0.5876932144165039,-0.5185179114341736,0.04139268515822507
-0.3756950795650482,-0.538040280342102,-0.3876650631427765,-0.09691001300805639
-0.3938230872154236,-0.46985721588134766,-0.47997188568115234,-0.045757490560675115
-0.5626893639564514,-0.3278241753578186,-0.41644948720932007,0.06069784035361165
-0.4435197710990906,-0.5421358346939087,-0.44874340295791626,-0.045757490560675115
-0.4611096680164337,-0.44962191581726074,-0.3922543227672577,-0.022276394711152253
-1.5987004041671753,-1.578425645828247,-1.6190792322158813,-1.8239087409443189
-1.4883010387420654,-1.5346075296401978,-1.5196638107299805,-1.744727494896694
-1.7490870952606201,-1.7057607173919678,-1.5892114639282227,-1.7212463990471711
-2.038033962249756,-2.0655078887939453,-2.0610427856445312,-2.0
-2.232729196548462,-2.2552313804626465,-2.147854804992676,-2.0
-2.0259532928466797,-2.3510591983795166,-2.236140489578247,-2.0
-0.4379967153072357,-0.49528074264526367,-0.3142799735069275,-0.3979400086720376
-0.11079522967338562,-0.26799026131629944,-0.31251293420791626,-0.1549019599857432
-0.06275171786546707,-0.08840636909008026,-0.11388853937387466,0.07918124604762482
0.14719419181346893,0.1271057277917862,0.019336549565196037,0.17609125905568124
-0.05330142751336098,-0.04208796098828316,-0.0488467700779438,-0.3979400086720376
-0.054278045892715454,-0.029463447630405426,0.07242521643638611,0.0
0.18191364407539368,0.1671353429555893,0.1633097380399704,0.3010299956639812
0.32733234763145447,0.2806280851364136,0.3519805669784546,0.47712125471966244
-0.030665764585137367,-0.06116710975766182,0.018139084801077843,-0.3467874862246563
0.07916470617055893,0.0744834914803505,0.10279779136180878,0.146128035678238
0.3104085624217987,0.3140796422958374,0.22765740752220154,0.4471580313422192
0.3134044110774994,0.4357967674732208,0.44994816184043884,0.5797835966168101
-0.015419576317071915,0.0486421100795269,0.0803040936589241,-0.3010299956639812
0.19424083828926086,0.11805415898561478,0.1120644062757492,0.3010299956639812
0.49381324648857117,0.4357243478298187,0.44967347383499146,0.7403626894942439
0.27473172545433044,0.3703209459781647,0.3454432189464569,0.4913616938342727
0.5659258365631104,0.6384404301643372,0.6847614645957947,0.8344207036815325
-0.45518746972084045,-0.411858469247818,-0.42445266246795654,0.2600713879850748
0.11217229813337326,-0.022035235539078712,0.1345382183790207,0.25527250510330607
1.1840635538101196,1.0892531871795654,1.3423467874526978,0.9916690073799486
-0.36164590716362,-0.40257906913757324,-0.4284372925758362,0.25527250510330607
-0.38827478885650635,-0.41632694005966187,-0.4042145013809204,-0.5100415205751654
-0.6048442125320435,-0.6137065887451172,-0.4885183572769165,-0.5436339668709571
-0.5885225534439087,-0.4527882933616638,-0.5099491477012634,-0.5833594926617189
-0.5751966834068298,-0.6365042328834534,-0.6017104387283325,-0.6073030467403343
-0.4217124879360199,-0.43900707364082336,-0.49267059564590454,-0.5512936800949201
-0.5293028354644775,-0.5927180051803589,-0.5129936933517456,-0.5767541260631921
-0.7027015089988708,-0.6482093930244446,-0.5647003054618835,-0.6038006529042637
-0.6851499676704407,-0.5771467685699463,-0.5593276619911194,-0.6345120151091003
-0.44400835037231445,-0.5265018939971924,-0.5441091656684875,-0.5734887386354247
-0.5757101774215698,-0.5299807786941528,-0.6487990617752075,-0.5985994592184558
-0.579673707485199,-0.741556704044342,-0.5650745034217834,-0.6289321377282637
-0.7342728972434998,-0.7343447804450989,-0.610389769077301,-0.6716203965612623
-0.5035346150398254,-0.5200806856155396,-0.47448351979255676,-0.6497519816658371
-0.6091684103012085,-0.5993714332580566,-0.6429786682128906,-0.6968039425795111
-0.7186939716339111,-0.7034131288528442,-0.6496076583862305,-0.7328282715969863
-0.753326416015625,-0.7466543316841125,-0.6750808954238892,-0.7878123955960422
-0.6629063487052917,-0.6636899709701538,-0.6721555590629578,-0.6716203965612623
-0.6780611872673035,-0.781882107257843,-0.7374674677848816,-0.7772835288524167
-0.8487258553504944,-0.8392419815063477,-0.6805437207221985,-0.8477116556169436
-0.8065300583839417,-0.8177860975265503,-0.8322342038154602,-0.8927900303521317
-0.7097406983375549,-0.5777703523635864,-0.6007304191589355,-0.5214335044061567
-0.7565635442733765,-0.7832196950912476,-0.6922547221183777,-0.6179829574251317
-0.6927856802940369,-0.7784832715988159,-0.7849783897399902,-0.7099653886374819
-0.7951109409332275,-0.7580510377883911,-0.7662037014961243,-0.826813731587726
-0.5446117520332336,-0.594364583492279,-0.5414987206459045,-0.34008379993014975
-0.5150607228279114,-0.7342174053192139,-0.6299365162849426,-0.4854522473397139
-0.6820239424705505,-0.6330346465110779,-0.6227840185165405,-0.5654310959658013
-0.709821879863739,-0.671032190322876,-0.7077358365058899,-0.638272163982407
-0.7756688594818115,-0.8283109068870544,-0.7668588757514954,-0.6989700043360187
-0.7292948961257935,-0.5460788607597351,-0.7213544845581055,-0.1549019599857432
-0.4088670015335083,-0.4313555061817169,-0.4933892786502838,0.22788670461367355
-0.40381696820259094,-0.19643805921077728,-0.5283731818199158,0.3010299956639812
-0.45702147483825684,-0.41676241159439087,-0.5840373635292053,-0.045757490560675115
-0.46110931038856506,-0.23547933995723724,-0.5828955769538879,0.3979400086720376
-0.5275214314460754,-0.517562747001648,-0.3762083351612091,-0.1549019599857432
-0.31728020310401917,-0.20751799643039703,-0.5417638421058655,0.2304489213782739
-0.176026850938797,-0.456829696893692,-0.4764000475406647,0.38021124171160603
-0.21988290548324585,-0.35667046904563904,-0.15665052831172943,0.0
0.31741124391555786,0.3194750249385834,0.32584914565086365,0.38021124171160603
0.16855518519878387,0.2577182352542877,0.1831829994916916,0.3424226808222063
-0.13291242718696594,-0.11058585345745087,-0.17114342749118805,0.25527250510330607
-0.367617130279541,-0.31092569231987,-0.269111305475235,-0.5228787452803376
-0.18244263529777527,-0.12777797877788544,-0.18364587426185608,-0.3979400086720376
0.20238012075424194,0.04816563054919243,0.054469093680381775,-0.22184874961635637
0.06709914654493332,0.11044032871723175,0.16622307896614075,0.07918124604762482
-0.0640811026096344,0.1037217527627945,0.03189733251929283,0.11394335230683678
0.16322782635688782,0.07806325703859329,0.07680653035640717,0.38021124171160603
-0.004769716411828995,-0.002576865954324603,-0.06602545082569122,0.04921802267018165
-0.25503042340278625,-0.48809128999710083,-0.470725953578949,0.15228834438305647
0.06377803534269333,0.2527427673339844,0.13638262450695038,0.03742649794062367
0.20241257548332214,0.16864216327667236,0.2748925983905792,0.1553360374650618
0.2756398022174835,0.35682833194732666,0.21226699650287628,0.250420002308894
-0.9402695894241333,-0.9573733806610107,-0.9938212633132935,-1.0969100130080565
-1.6507596969604492,-1.3221089839935303,-1.8508268594741821,-0.958607314841775
-1.3043516874313354,-1.2287811040878296,-1.2096880674362183,-0.8239087409443188
-1.2326332330703735,-1.214720368385315,-1.262437343597412,-1.6777807052660807
-1.222304344177246,-1.1817948818206787,-1.153312087059021,-1.5895095799965522
-1.6569201946258545,-1.6431986093521118,-1.580411434173584,-1.712198270069774
-1.8291261196136475,-1.8107719421386719,-2.042457103729248,-1.7351821769904636
-1.4802680015563965,-1.4566115140914917,-1.219889521598816,-1.4710832997223453
-1.6372551918029785,-1.6705844402313232,-1.7017650604248047,-1.61738868710651
-1.3700700998306274,-1.3974875211715698,-1.4189529418945312,-1.2817724266448587
-1.4863892793655396,-1.4634850025177002,-1.5465548038482666,-1.7137007490571712
-1.971021294593811,-2.0168519020080566,-1.9336918592453003,-1.752837190960669
-1.8178859949111938,-1.5490763187408447,-1.5971099138259888,-1.630784142589857
-2.1272101402282715,-2.0921220779418945,-2.23734974861145,-1.8707291398786847
-2.0842812061309814,-1.9108301401138306,-2.093728542327881,-1.7958800173440752
-1.1360340118408203,-1.391158938407898,-0.9518445730209351,-1.207608310501746
-0.9502605199813843,-1.0516400337219238,-0.9787744283676147,-1.154901959985743
-1.0268900394439697,-0.973225474357605,-1.0168232917785645,-1.136677139879544
-0.9563223719596863,-0.9320259690284729,-0.9345283508300781,-1.193820026016113
-0.9791111350059509,-0.8961983919143677,-0.9723100066184998,-1.2218487496163564
-1.5347247123718262,-1.27483332157135,-1.2190089225769043,-0.4145392704914993
-0.8214411735534668,-0.8190569877624512,-0.9113364219665527,-0.5559552040819238
-0.9267829060554504,-0.7423211932182312,-1.0222980976104736,-0.6161846340195687
-0.81001877784729,-0.7357101440429688,-0.8652266263961792,-0.6655462488490691
-0.8766562938690186,-0.7522007822990417,-0.6984393000602722,-0.7011469235902933
-1.6837201118469238,-1.1580226421356201,-1.1780118942260742,-1.1135092748275182
-1.0469051599502563,-1.1292150020599365,-0.9704291820526123,-1.0555173278498313
-1.099777102470398,-1.0459486246109009,-1.2305855751037598,-1.0861861476162833
-1.0524183511734009,-0.9265097379684448,-1.0782442092895508,-1.3467874862246563
-1.0055935382843018,-1.0522141456604004,-0.9053947925567627,-1.275724130399211
-1.2034475803375244,-0.9380824565887451,-1.1756192445755005,-0.721246399047171
-0.9697705507278442,-0.8639436364173889,-0.7565029859542847,-1.2218487496163564
-1.0549007654190063,-1.0385328531265259,-1.0378338098526,-1.3010299956639813
-1.41118586063385,-1.4925997257232666,-1.5577977895736694,-2.0969100130080562
-0.5611178278923035,-0.6417906880378723,-0.6765896677970886,-0.721246399047171
-1.4794355630874634,-1.5420465469360352,-1.4825681447982788,-1.2839966563652008
-0.9842535257339478,-0.9259793758392334,-0.9551129341125488,-0.8239087409443188
-1.195234775543213,-0.9938707947731018,-1.2693129777908325,-0.958607314841775
-0.4676404595375061,-0.20886225998401642,-0.4012324810028076,-0.21467016498923297
-0.6086986064910889,-0.5562661290168762,-0.5766029953956604,-0.4559319556497244
-0.7297215461730957,-0.6942682862281799,-0.6872701048851013,-0.8538719643217619
-0.7580487132072449,-0.7144419550895691,-0.6897954344749451,-0.6777807052660807
-0.7266515493392944,-0.6177128553390503,-0.7017954587936401,-0.46852108295774486
-0.43130403757095337,-0.4609917104244232,-0.5079255104064941,-0.24412514432750865
-0.7980947494506836,-0.9634900689125061,-0.8686638474464417,-0.6777807052660807
-0.9715805053710938,-0.9320451021194458,-0.9333443641662598,-0.5228787452803376
-0.593570351600647,-0.5186053514480591,-0.46861371397972107,0.5563025007672873
-0.5617731809616089,-0.5492286086082458,-0.6100258231163025,0.3424226808222063
-0.5964850783348083,-0.581427812576294,-0.5901593565940857,0.07918124604762482
-0.5463448762893677,-0.6478700637817383,-0.6315080523490906,-0.3010299956639812
-0.7650852203369141,-0.8195815682411194,-0.7404038906097412,-0.6989700043360187
-0.9732778072357178,-0.8646652698516846,-1.0828815698623657,-0.8239087409443188
-0.7466601729393005,-0.6997154951095581,-0.6538239121437073,0.4129642719966628
-0.784487247467041,-0.5612096190452576,-0.7740796804428101,-0.28567024025476695
-0.5407552719116211,-0.6671372056007385,-0.6436350345611572,0.34791518650169134
-0.7200191617012024,-0.8626421093940735,-0.7817773818969727,-0.5157001606532141
-0.6465742588043213,-0.6003565788269043,-0.7171759605407715,0.16316137497701835
-0.7385580539703369,-0.7758278846740723,-0.8205626606941223,-0.7594507517174003
-1.0198841094970703,-0.9940781593322754,-0.9112839102745056,-0.640164517660112
-0.8029313087463379,-0.9054595828056335,-0.9446633458137512,-0.14146280243036088
-0.9211398363113403,-0.9318204522132874,-0.6893183588981628,-1.0222763947111522
-0.8840211033821106,-0.812761664390564,-0.9740760326385498,-0.575118363368933
-0.8397654891014099,-0.7541038990020752,-0.639869213104248,-0.5606673061697374
-0.6025256514549255,-0.5366907715797424,-0.5067675709724426,-0.5272435506827877
-1.0541644096374512,-0.8872209787368774,-0.9928138256072998,-0.6635402661514704
-0.9202827215194702,-1.0326834917068481,-1.0845855474472046,-1.3098039199714864
-0.43919989466667175,-0.18802283704280853,0.10480676591396332,-0.8239087409443188
-0.35090428590774536,-0.37137871980667114,0.0674125999212265,-0.4814860601221125
-0.12992241978645325,-0.10752908885478973,0.11971567571163177,-0.744727494896694
-1.198451042175293,-1.2007859945297241,-1.2069553136825562,-0.8239087409443188
-1.2548472881317139,-0.879621148109436,-1.1238734722137451,-1.0969100130080565
-1.2864340543746948,-0.8594078421592712,-1.1458861827850342,-1.3010299956639813
-1.3325459957122803,-1.3246582746505737,-1.237473726272583,-1.2218487496163564
-0.6794987916946411,-0.6660118699073792,-0.5577387809753418,-0.2006594505464183
-0.5369565486907959,-0.5821042656898499,-0.8207085132598877,-0.3979400086720376
-0.6544476747512817,-0.6872400045394897,-0.6364234089851379,-0.42021640338318983
-0.8614728450775146,-0.5747814178466797,-0.8684610724449158,-0.6777807052660807
-0.8732247948646545,-0.8882606625556946,-0.9411717057228088,-1.0457574905606752
-0.9313258528709412,-0.8677579164505005,-0.8887282013893127,-1.154901959985743
-0.8896863460540771,-0.9678105711936951,-0.8963226675987244,-1.2218487496163564
-0.8491842746734619,-0.9160888195037842,-0.938662588596344,-1.3010299956639813
-1.0816646814346313,-0.9739713668823242,-1.0405268669128418,-1.3010299956639813
-0.7078168392181396,-0.7359050512313843,-0.8878166675567627,-0.6989700043360187
-0.8251001834869385,-0.7875339984893799,-0.7909069657325745,-0.8239087409443188
-0.7458508014678955,-0.7651004195213318,-0.8591808080673218,-0.9208187539523752
-0.7956601977348328,-0.8051370978355408,-0.889462411403656,-0.958607314841775
-0.9713202714920044,-0.9256736040115356,-0.9816641211509705,-1.0
-0.468791127204895,-0.46641844511032104,-0.4047796428203583,-0.6575773191777937
-0.5469915866851807,-0.43296560645103455,-0.48310092091560364,-0.6777807052660807
-0.5551284551620483,-0.4860572814941406,-0.4878413677215576,-0.6989700043360187
-0.5155739784240723,-0.6250794529914856,-0.6442744135856628,-0.7695510786217261
-0.6718989610671997,-0.5437361598014832,-0.5140851736068726,-0.6989700043360187
-0.09479869157075882,-0.1726631373167038,-0.04964505508542061,0.07918124604762482
-0.19360306859016418,-0.1373305767774582,-0.15091966092586517,0.0
-0.27866360545158386,-0.19293178617954254,-0.09159206598997116,-0.10790539730951959
-0.4038083553314209,-0.4171341359615326,-0.30043309926986694,-0.17392519729917352
-0.5127753019332886,-0.499820739030838,-0.36724787950515747,-0.3010299956639812
-0.7136338949203491,-0.6466851830482483,-0.8437207341194153,-0.3467874862246563
-0.8889653086662292,-0.8452818393707275,-0.6984044313430786,-0.2596373105057561
-0.8603453040122986,-0.9085243344306946,-0.9722686409950256,-1.0457574905606752
-0.49146270751953125,-0.34247449040412903,-0.5253682136535645,-0.4559319556497244
-0.7755328416824341,-0.616091787815094,-0.8744547963142395,-1.0
-0.6696324348449707,-0.8288599252700806,-0.6730197072029114,-1.3010299956639813
-0.1508953869342804,-0.24029989540576935,-0.05525650084018707,0.04139268515822507
-0.12549735605716705,-0.05964766815304756,-0.18890033662319183,-0.09691001300805639
-0.1759694367647171,-0.12100432068109512,-0.11613692343235016,-0.22184874961635637
-0.09658912569284439,-0.22646348178386688,-0.2537514269351959,-0.2596373105057561
-0.28565114736557007,-0.2423204928636551,-0.10944190621376038,-0.44369749923271273
-0.20688173174858093,-0.441830039024353,-0.17668576538562775,-0.619788758288394
-0.7959794402122498,-1.0049512386322021,-0.928170919418335,-1.0
-0.6540059447288513,-0.5304530262947083,-0.5662745237350464,-0.7695510786217261
-0.6086398959159851,-0.5668623447418213,-0.5084677338600159,-0.6989700043360187
-0.4749697148799896,-0.5574135780334473,-0.4456940293312073,-0.3979400086720376
-0.1760409027338028,-0.25281569361686707,-0.16689768433570862,-0.1549019599857432
-0.20576077699661255,-0.2014145702123642,-0.20246365666389465,0.07918124604762482
-0.3254047632217407,-0.10015825182199478,-0.09353460371494293,0.3010299956639812
-0.692952573299408,-0.8892688155174255,-0.8593018651008606,-0.7695510786217261
-3.18194580078125,-3.1766648292541504,-3.1486377716064453,-2.8404328067663798
-3.3460607528686523,-3.0940351486206055,-3.01286244392395,-3.492144128304169
-2.9657509326934814,-2.998537063598633,-2.9667301177978516,-2.8239087409443187
-3.148977756500244,-3.254930019378662,-3.0162193775177,-3.583359492661719
-3.1022233963012695,-2.898275375366211,-3.124460458755493,-2.8079904073463298
-3.113636016845703,-3.2865548133850098,-3.1722984313964844,-3.632644078973981
-3.0173263549804688,-3.033562421798706,-3.1239418983459473,-2.7780644001719947
-3.2085328102111816,-3.2168519496917725,-3.335749864578247,-3.7772835288524167
-3.114278554916382,-3.171022891998291,-3.0054666996002197,-2.8404328067663798
-3.306102752685547,-3.2256765365600586,-3.1154935359954834,-3.8416375079047502
-3.0738015174865723,-3.0265567302703857,-3.210902214050293,-2.9542859410591324
-3.2419803142547607,-3.285470485687256,-3.4000141620635986,-3.9546770212133424
-3.2579028606414795,-3.5654213428497314,-3.444085121154785,-3.109020403010311
-3.3193891048431396,-3.4620397090911865,-3.4288454055786133,-3.9746941347352296
-3.654935836791992,-3.4886443614959717,-3.6334619522094727,-3.3010299956639813
-0.6869120001792908,-0.6674951314926147,-0.5878974199295044,-0.8239087409443188
-0.49355146288871765,-0.5545441508293152,-0.6419578194618225,-0.8538719643217619
-0.4512055516242981,-0.4441748261451721,-0.47144386172294617,-0.7695510786217261
-0.3490378260612488,-0.44979655742645264,-0.4337646961212158,-0.3187587626244128
-0.3909532129764557,-0.3841513395309448,-0.35577473044395447,-0.2676062401770315
-0.34822389483451843,-0.3622964918613434,-0.2657819092273712,-0.3098039199714863
-0.8246277570724487,-0.5902048945426941,-0.6102508306503296,0.01703333929878037
-1.2595624923706055,-1.206296682357788,-1.196614146232605,-0.7695510786217261
-0.6396344900131226,-0.8789463639259338,-0.6706418395042419,-1.744727494896694
-1.2151280641555786,-1.3178414106369019,-1.2708535194396973,-1.154901959985743
-0.32839903235435486,-0.4069279730319977,-0.33785152435302734,0.16405529189345164
-0.45985397696495056,-0.5187844634056091,-0.4743047058582306,0.027349607774756507
-1.8392531871795654,-1.3529133796691895,-1.390647053718567,-0.721246399047171
-1.3077418804168701,-1.2813849449157715,-1.2373738288879395,-1.6989700043360187
-2.2099359035491943,-2.5008599758148193,-1.9305126667022705,-0.0809219076239261
0.005363249219954014,0.00971676129847765,-0.10041939467191696,0.5797835966168101
-0.023444827646017075,0.04117268696427345,-0.030268345028162003,0.38021124171160603
-0.023083563894033432,-0.14633353054523468,-0.1827624887228012,0.146128035678238
-0.12334846705198288,-0.1050557866692543,-0.12492074072360992,-0.5228787452803376
-0.3565206229686737,-0.3436976969242096,-0.3762545883655548,-1.0
-1.1812001466751099,-1.136246681213379,-1.103211760520935,-0.3565473235138126
-0.8426570296287537,-0.8546577095985413,-0.9008229374885559,-0.8239087409443188
-0.9290531873703003,-0.4702923893928528,-0.8836844563484192,-0.744727494896694
-0.773483395576477,-0.9132946133613586,-0.5912577509880066,0.25527250510330607
-0.9628157615661621,-0.6189984679222107,-0.7817094326019287,0.3222192947339193
-0.9143527150154114,-0.6528423428535461,-0.3249746859073639,0.20411998265592482
-0.944543719291687,-0.9151967167854309,-0.6609359383583069,0.04139268515822507
-0.8672757744789124,-0.6020985841751099,-0.5410764217376709,-0.045757490560675115
-0.7391224503517151,-0.6940374970436096,-0.4617014229297638,-0.6989700043360187
-0.5639061331748962,-0.3926639258861542,-0.054657116532325745,-0.6575773191777937
-0.5965307354927063,-0.32616037130355835,0.07098357379436493,-0.595166283380062
-0.8115672469139099,-0.9754171371459961,-0.7220984101295471,-1.3979400086720375
-0.7910523414611816,-0.7758085131645203,-0.8662958145141602,-1.6989700043360187
-0.93036288022995,-1.0985833406448364,-0.6326465606689453,-1.5528419686577808
-0.4771108329296112,-0.4522871971130371,-0.8965349793434143,-1.4559319556497243
-0.6748532056808472,-0.5415284633636475,-0.6512457728385925,-0.8239087409443188
-0.7681125998497009,-0.7555394768714905,-0.6983757615089417,-0.744727494896694
-0.7864602208137512,-0.7659644484519958,-0.8592675924301147,-0.619788758288394
-0.8455126881599426,-0.6665129661560059,-0.7369564175605774,-0.5528419686577808
-0.6120390295982361,-0.6327008605003357,-0.6728425621986389,-0.5228787452803376
-0.527847409248352,-0.45574262738227844,-0.4719875454902649,-0.48811663902112556
-0.4295055568218231,-0.44568732380867004,-0.501210629940033,-0.494850021680094
-0.43905091285705566,-0.40154922008514404,-0.5004411935806274,-0.5016894462103995
-0.4144943356513977,-0.3826824724674225,-0.39797917008399963,-0.36653154442041347
-0.21024397015571594,-0.3680301308631897,-0.3345954716205597,-0.2924298239020636
-0.5237483382225037,-0.4944208562374115,-0.4240207076072693,-0.5228787452803376
-0.4825986623764038,-0.516544759273529,-0.46198001503944397,-0.5086383061657274
-0.4922831058502197,-0.5000703930854797,-0.5280811190605164,-0.5157001606532141
-0.4054792523384094,-0.40972548723220825,-0.5185098648071289,-0.5086383061657274
-0.5598226189613342,-0.47157952189445496,-0.5128239393234253,-0.5016894462103995
-0.44594666361808777,-0.4427982270717621,-0.395447313785553,-0.494850021680094
-0.3148711621761322,-0.28737151622772217,-0.34471163153648376,-0.48811663902112556
-2.0629258155822754,-2.3136143684387207,-2.1345913410186768,-2.3979400086720375
-2.545450448989868,-2.5151171684265137,-2.262953996658325,-2.42021640338319
-2.1747376918792725,-2.5892398357391357,-2.48618745803833,-2.5528419686577806
-2.2393927574157715,-2.410081624984741,-2.395456314086914,-2.744727494896694
-2.2649266719818115,-2.3327391147613525,-2.3208651542663574,-3.3010299956639813
0.525536298751831,0.5161159634590149,0.7858073115348816,0.9030899869919435
0.43809911608695984,0.6835620403289795,0.8870989680290222,0.9542425094393249
0.5912041068077087,0.5765184760093689,0.6948643922805786,0.8450980400142568
0.4879370331764221,0.46691977977752686,0.41723623871803284,1.0170333392987803
0.7590727806091309,0.6365123987197876,0.7969445586204529,0.9242792860618817
0.6595458984375,0.5848650336265564,0.3885531723499298,1.1139433523068367
-0.3622749149799347,-0.40689846873283386,-0.36886268854141235,0.07918124604762482
-0.1679898202419281,-0.1345863789319992,-0.12996385991573334,-0.3565473235138126
-0.1831701099872589,-0.15603375434875488,-0.050374072045087814,-0.11918640771920865
-0.1655210256576538,-0.14141012728214264,-0.09032588452100754,-0.09691001300805639
-0.1504105031490326,-0.19118423759937286,-0.385009765625,-0.6575773191777937
-0.5621625781059265,-0.3527720272541046,-0.31204673647880554,0.2304489213782739
0.005023028701543808,-0.05884194001555443,-0.07702037692070007,0.0
-0.0532899834215641,-0.025835823267698288,0.06355351954698563,-0.22184874961635637
-0.06040838360786438,-0.11034587770700455,0.049160439521074295,-0.09691001300805639
-0.0600651279091835,-0.20843832194805145,-0.21432806551456451,-0.3979400086720376
-0.4700603485107422,-0.09950004518032074,-0.22681747376918793,0.38021124171160603
0.10027854889631271,0.11123405396938324,0.1939684897661209,0.13033376849500614
0.0008371977019123733,-0.07272260636091232,0.04995680972933769,-0.13076828026902382
0.03740265592932701,0.1074010580778122,0.015243753790855408,-0.026872146400301365
0.03899940103292465,-0.07929513603448868,-0.04874918982386589,-0.3010299956639812
-0.28763240575790405,-0.26432156562805176,-0.2652015686035156,0.5185139398778874
0.1420576572418213,0.017287742346525192,0.11651385575532913,0.20411998265592482
0.23886340856552124,0.16288010776042938,0.11273404210805893,0.01703333929878037
0.02734365686774254,0.03847510740160942,0.04151428863406181,-0.06550154875643228
0.04186475649476051,-0.08968789875507355,-0.06334350258111954,-0.22184874961635637
-0.48080575466156006,-0.11080469936132431,-0.10333575308322906,0.6127838567197355
0.07499446719884872,-0.0796806663274765,-0.04578367993235588,0.24551266781414982
0.02355051413178444,0.10607383400201797,0.04194536432623863,0.04921802267018165
-0.13012641668319702,-0.014526566490530968,-0.11012080311775208,0.021189299069938092
-0.06555966287851334,-0.12213953584432602,-0.22218987345695496,-0.10790539730951959
-2.4594452381134033,-2.350623607635498,-2.391735315322876,-1.9199510324211482
-2.411532402038574,-2.435361862182617,-2.3414065837860107,-2.3005959181846625
-2.6501901149749756,-2.7193164825439453,-2.6928069591522217,-3.0969100130080562
-2.633040428161621,-2.536898136138916,-2.597630262374878,-2.77780395369828
-2.5393638610839844,-2.4741318225860596,-2.548240900039673,-2.87484417041947
-2.59523868560791,-2.5201456546783447,-2.387709856033325,-2.573814174755489
-2.356170177459717,-2.617208480834961,-2.4342763423919678,-2.4468454518303746
-2.527587413787842,-2.5874342918395996,-2.5681183338165283,-2.2337359093480043
-2.676565408706665,-2.612844705581665,-2.7040536403656006,-2.137928280620006
-2.517930507659912,-2.680729627609253,-2.4762330055236816,-3.425968732272281
-0.11816009879112244,-0.15609262883663177,-0.1151343360543251,-0.12493873660829993
-0.1864015758037567,-0.1758977770805359,-0.17820094525814056,-0.14266750356873156
-0.239905446767807,-0.2913587689399719,-0.25237202644348145,-0.2076083105017461
-0.33059820532798767,-0.36307576298713684,-0.37321436405181885,-0.3979400086720376
-0.38690826296806335,-0.29012855887413025,-0.3527640104293823,-0.22184874961635637
-0.31339919567108154,-0.3602779507637024,-0.34206607937812805,-0.23657200643706278
-0.24277779459953308,-0.24362395703792572,-0.2795428931713104,-0.22184874961635637
-0.1222955510020256,-0.10945574194192886,-0.08378919959068298,-0.1549019599857432
0.12699082493782043,0.19929806888103485,0.17174150049686432,-0.10790539730951959
-0.4253154695034027,-0.4799689054489136,-0.45509570837020874,-0.2596373105057561
-0.8979347348213196,-0.796308696269989,-0.8212949633598328,-0.10790539730951959
-0.7677320837974548,-0.7466569542884827,-0.7493371367454529,0.021189299069938092
-0.703572690486908,-0.3649784028530121,-0.587361216545105,0.07918124604762482
-0.3743327260017395,-0.558840811252594,-0.5424858331680298,0.09691001300805642
-0.14820995926856995,-0.10538484156131744,-0.13528922200202942,-0.2076083105017461
-0.10752061009407043,-0.21014903485774994,-0.16967418789863586,0.04139268515822507
-0.2847728729248047,-0.20975147187709808,-0.09100780636072159,0.07918124604762482
-0.19315768778324127,-0.11922566592693329,-0.23547302186489105,-0.22184874961635637
-0.27661237120628357,-0.3434108793735504,-0.3656877875328064,0.0
-0.1969161033630371,-0.13851235806941986,-0.07092764973640442,0.04139268515822507
-0.07122909277677536,-0.14399738609790802,-0.21647588908672333,-0.3979400086720376
-0.2148682177066803,-0.14438897371292114,-0.20667991042137146,-0.1938200260161128
-0.11048401147127151,-0.12635982036590576,-0.08351561427116394,-0.08618614761628333
-0.21907630562782288,-0.15277087688446045,-0.24151483178138733,-0.5228787452803376
-0.25010794401168823,-0.23028142750263214,-0.2704000771045685,-0.38721614328026455
-0.19698330760002136,-0.11541391909122467,-0.1399870216846466,-0.3372421683184259
-0.18388205766677856,-0.2977415919303894,-0.25860804319381714,-0.619788758288394
-0.2601867914199829,-0.25525006651878357,-0.3717712461948395,-0.3979400086720376
-0.18483087420463562,-0.25125131011009216,-0.041511744260787964,-0.37675070960209955
-1.3336682319641113,-1.6569849252700806,-1.0310074090957642,-0.9507819773298184
-2.0668399333953857,-1.9631836414337158,-2.349900722503662,-1.3010299956639813
-2.112828016281128,-1.9978340864181519,-2.410980463027954,-1.3010299956639813
-1.786294937133789,-2.25075626373291,-1.9990166425704956,-2.3979400086720375
-2.1492865085601807,-1.9910261631011963,-1.972516417503357,-2.6989700043360187
-2.076355457305908,-2.3207128047943115,-2.7372891902923584,-3.0
-1.1853001117706299,-1.1259888410568237,-1.0520670413970947,-0.3010299956639812
-1.0001466274261475,-0.8961606025695801,-0.8988897800445557,-0.1549019599857432
-0.4772030711174011,-0.582854151725769,-0.38753578066825867,0.17609125905568124
-0.6668305993080139,-0.33694666624069214,-0.3157418370246887,0.5440680443502757
-0.5806804299354553,-0.6287658214569092,-0.5750866532325745,-0.744727494896694
-0.6541611552238464,-0.7199336886405945,-0.8085070848464966,-0.7958800173440752
-0.7114294171333313,-0.6702644228935242,-0.7171010971069336,-0.6777807052660807
-0.757949709892273,-0.7583870887756348,-0.7469394207000732,-0.8538719643217619
-0.7792873978614807,-0.7216439247131348,-0.6932170391082764,-0.7958800173440752
-0.4751090407371521,-0.7260885834693909,-0.5704545378684998,-0.6989700043360187
-0.7231853008270264,-0.7273526787757874,-0.7575343251228333,-0.8239087409443188
-0.6909841299057007,-0.6900893449783325,-0.6615518927574158,-0.8239087409443188
-0.7974950075149536,-0.7176957130432129,-0.8140696287155151,-0.8538719643217619
-1.3538470268249512,-1.3159633874893188,-1.2381144762039185,-2.0969100130080562
-0.4465489387512207,-0.4559291899204254,-0.46630334854125977,-0.08618614761628333
-0.11054864525794983,0.06050518900156021,-0.17112746834754944,0.06818586174616162
-0.5466489791870117,-0.39474213123321533,-0.41049957275390625,-0.3467874862246563
-0.5747818350791931,-0.4538460671901703,-0.6279026865959167,-0.638272163982407
-0.3448622524738312,-0.4503607749938965,-0.46715807914733887,-0.7695510786217261
-0.47802865505218506,-0.3256657123565674,-0.5090799927711487,-0.2676062401770315
-0.7630025148391724,-0.6513476371765137,-0.7431145906448364,-0.42021640338318983
-0.7501581907272339,-0.7695949673652649,-0.7821326851844788,-0.6777807052660807
-0.8150869011878967,-0.7776369452476501,-0.7600191831588745,-0.6777807052660807
-0.7501116991043091,-0.8033397197723389,-0.8437511324882507,-1.0457574905606752
-0.5707579851150513,-0.5727221965789795,-0.48542603850364685,-0.3979400086720376
-0.7243029475212097,-0.5921908617019653,-0.64412921667099,-0.619788758288394
-0.5377551913261414,-0.5826810598373413,-0.8014543056488037,-0.7695510786217261
-0.751065731048584,-0.756564199924469,-0.5681470632553101,-0.8239087409443188
-0.30303865671157837,-0.2614096403121948,-0.2706366181373596,-0.23657200643706278
-0.6628673672676086,-0.7881712317466736,-0.7704131007194519,-0.5086383061657274
-0.7366343140602112,-0.8241456747055054,-0.784045934677124,-0.46852108295774486
-0.7567464709281921,-0.8202234506607056,-0.864766538143158,-0.5528419686577808
-0.8122420310974121,-0.7766004204750061,-0.7818463444709778,-0.6575773191777937
-0.7707496881484985,-0.8158257603645325,-0.8048272132873535,-0.6989700043360187
-0.6113836765289307,-0.6596621870994568,-0.6791597008705139,-0.44369749923271273
-0.5399306416511536,-0.482380211353302,-0.4947434961795807,-0.3467874862246563
-0.2863951325416565,-0.1922435313463211,-0.27702435851097107,-0.2676062401770315
-0.8846153616905212,-0.868278980255127,-0.8349614143371582,-0.744727494896694
-0.7105188965797424,-0.7159892320632935,-0.8532413840293884,-0.6575773191777937
-0.6072455048561096,-0.6422369480133057,-0.6751399636268616,-0.5086383061657274
-0.45819538831710815,-0.4382335841655731,-0.38901960849761963,-0.3979400086720376
-0.9632692933082581,-1.0795950889587402,-0.9706690311431885,-1.0969100130080565
-0.9153212308883667,-0.9302607178688049,-0.9717194437980652,-0.958607314841775
-0.7717357873916626,-0.8461828827857971,-0.8078582882881165,-0.744727494896694
-0.5579556226730347,-0.6254282593727112,-0.616261899471283,-0.6020599913279624
-1.084622859954834,-1.2281829118728638,-1.091896891593933,-1.3010299956639813
-1.0578042268753052,-1.0401394367218018,-1.0772188901901245,-1.0
-0.9651452898979187,-0.9470403790473938,-1.0394712686538696,-0.8239087409443188
-0.733929455280304,-0.6792661547660828,-0.7598077058792114,-0.6989700043360187
-1.2019292116165161,-1.2639387845993042,-1.2606239318847656,-1.38933983691012
-1.3785723447799683,-1.262909173965454,-1.4185417890548706,-1.27083521030723
-1.135615348815918,-1.1856515407562256,-0.6896609663963318,-1.5026694370349483
-1.4023945331573486,-1.349690556526184,-0.8824428915977478,-1.2944612752327194
-1.0978329181671143,-1.0770010948181152,-1.0640935897827148,-1.2368941027930884
-1.094233512878418,-1.1192795038223267,-1.1232929229736328,-1.3074967762144598
-0.42561864852905273,-0.5109007358551025,-0.5376638174057007,-0.5228787452803376
-0.6042564511299133,-0.5422680974006653,-0.615263819694519,-0.21467016498923297
-0.6153188347816467,-0.5585166215896606,-0.5283980965614319,-0.22184874961635637
-0.5707800388336182,-0.46429547667503357,-0.5665777325630188,-0.25181197299379954
-0.545713484287262,-0.5499995350837708,-0.5812478065490723,-0.13076828026902382
-0.490143746137619,-0.45274826884269714,-0.3852773606777191,-0.09691001300805639
-0.6208656430244446,-0.5509232878684998,-0.3850984275341034,-0.2839966563652008
-0.7055059671401978,-0.708853006362915,-0.6704996824264526,-0.3979400086720376
-0.6857430338859558,-0.6416701078414917,-0.7156391739845276,-0.3565473235138126
-0.5993854999542236,-0.45534175634384155,-0.5597610473632812,-0.3187587626244128
-0.5733991265296936,-0.4971635937690735,-0.532712996006012,-0.3010299956639812
-0.746421217918396,-0.6738479137420654,-0.6635252237319946,-0.22184874961635637
-1.818123459815979,-2.0515024662017822,-2.0906741619110107,-2.095392636184552
-1.6132174730300903,-1.9428210258483887,-1.8750479221343994,-2.092105164583717
-1.7664794921875,-1.7640055418014526,-1.8323910236358643,-2.0516848593106523
-1.7872216701507568,-1.8912020921707153,-1.6891417503356934,-1.7218868840201662
-1.6170481443405151,-1.7079405784606934,-1.6640422344207764,-1.6332596101570895
-1.7696157693862915,-1.6298176050186157,-1.6685184240341187,-1.5881951691845766
-0.713869035243988,-0.8257662057876587,-0.5629614591598511,-0.494850021680094
-0.7402626276016235,-0.5680400729179382,-0.7033255696296692,-0.42021640338318983
-0.4586520195007324,-0.4657242000102997,-0.41659829020500183,-0.3467874862246563
-0.2982262372970581,-0.32794830203056335,-0.6609296798706055,-0.3010299956639812
-0.1686188131570816,-0.11401090770959854,-0.0654740035533905,-0.2676062401770315
-0.36210834980010986,-0.17158471047878265,-0.1753309816122055,-0.1549019599857432
-0.2428317368030548,-0.18031470477581024,-0.196492001414299,-0.23657200643706278
-0.22568628191947937,-0.20534591376781464,-0.26513564586639404,-0.5228787452803376
-0.2599421739578247,-0.22234590351581573,-0.40085190534591675,0.0
-0.3918866515159607,-0.19728301465511322,-0.19103564321994781,-0.6989700043360187
-1.005632758140564,-1.0414336919784546,-1.0649890899658203,-1.154901959985743
-1.054348111152649,-1.0277483463287354,-1.0288608074188232,-1.1079053973095196
-0.9763514995574951,-1.0758081674575806,-1.0770851373672485,-1.0861861476162833
-1.096030592918396,-1.0332480669021606,-1.1785746812820435,-1.0
-0.5452412366867065,-0.5405228734016418,-0.6527378559112549,-1.0
-0.5492027401924133,-0.5813685059547424,-0.467915803194046,-0.6989700043360187
-0.5050225257873535,-0.49877864122390747,-0.5284067392349243,-0.494850021680094
-0.5520730018615723,-0.41730353236198425,-0.2239987999200821,-0.1549019599857432
-0.2794668972492218,-0.3373693525791168,-0.23742546141147614,-0.22184874961635637
-0.41068053245544434,-0.4214179813861847,-0.335956335067749,-0.3467874862246563
-0.4952869415283203,-0.4881891906261444,-0.2673340439796448,-0.3979400086720376
-0.39633628726005554,-0.4502311646938324,-0.4493289887905121,-0.24412514432750865
-0.44861310720443726,-0.4752386510372162,-0.4559374153614044,-0.2596373105057561
-0.5774301886558533,-0.5700104236602783,-0.5572677254676819,-0.3010299956639812
-0.6583477258682251,-0.691217303276062,-0.7013009786605835,-0.3979400086720376
-1.056264877319336,-1.0373518466949463,-1.1963894367218018,-1.0177287669604316
-1.1159366369247437,-1.1257894039154053,-1.217187762260437,-1.0
-0.22472240030765533,-0.2555322051048279,-0.2767595648765564,-0.07058107428570727
-0.21393588185310364,-0.19452475011348724,-0.22044490277767181,-0.12493873660829993
-0.414528489112854,-0.38490885496139526,-0.44692906737327576,-0.37675070960209955
-0.4099194407463074,-0.3382265865802765,-0.3398529291152954,-0.3279021420642826
-0.3045256435871124,-0.24548310041427612,-0.30286696553230286,-0.22184874961635637
-0.1631333976984024,-0.1629757136106491,-0.18718446791172028,-0.14266750356873156
-0.2890044152736664,-0.37818560004234314,-0.3343839645385742,-0.494850021680094
-0.38834694027900696,-0.48738211393356323,-0.4695432484149933,-0.6020599913279624
-0.13102026283740997,-0.26579225063323975,-0.20680968463420868,-0.09691001300805639
-0.3043275475502014,-0.2687937617301941,-0.15773586928844452,0.20411998265592482
-0.26574891805648804,-0.1643390655517578,-0.244402214884758,-0.09691001300805639
-0.20875230431556702,-0.13050216436386108,-0.15190985798835754,-0.1549019599857432
-0.3821122646331787,-0.2872393727302551,-0.277565062046051,-0.22184874961635637
-0.13744595646858215,-0.07092873007059097,-0.14259789884090424,-0.22184874961635637
-0.2525193989276886,-0.27092522382736206,-0.25856447219848633,0.07918124604762482
-0.11571916937828064,-0.18019218742847443,-0.16764339804649353,-0.3010299956639812
-0.210751473903656,-0.2381254881620407,-0.16636928915977478,-0.3979400086720376
-0.2780720591545105,-0.27130988240242004,-0.22478672862052917,-0.3979400086720376
-0.33554553985595703,-0.33686012029647827,-0.2384016364812851,-0.09691001300805639
-0.2954680323600769,-0.299959659576416,-0.2500700354576111,-0.5228787452803376
-0.19969996809959412,-0.17745070159435272,-0.2409350574016571,-0.6989700043360187
-0.38111674785614014,-0.36835145950317383,-0.3292367458343506,-0.6989700043360187
-0.44613003730773926,-0.32200518250465393,-0.37283697724342346,-0.22184874961635637
-0.5387077331542969,-0.48795342445373535,-0.5564704537391663,-0.9208187539523752
-0.5400027632713318,-0.6144506931304932,-0.5527632832527161,-0.3467874862246563
-1.1218392848968506,-0.8991319537162781,-0.7840338945388794,-0.858863909879261
-0.8622958064079285,-0.9592581987380981,-0.8811113834381104,-1.0788339493622612
-0.8833827972412109,-0.8771042823791504,-0.6294065117835999,-0.9295926782598803
-1.2102437019348145,-1.1992535591125488,-1.183175802230835,-0.549750891680639
-0.5828920006752014,-0.6047805547714233,-0.5584031939506531,-0.6020599913279624
-0.6706938147544861,-0.6089730262756348,-0.4915832579135895,-0.6020599913279624
-0.676243782043457,-0.6207877397537231,-0.7639575004577637,-0.6989700043360187
-0.20711329579353333,-0.26590922474861145,-0.1876533180475235,-0.2596373105057561
-0.2429482638835907,-0.3631156384944916,-0.08942648768424988,-0.3010299956639812
-0.3361002206802368,-0.3705807030200958,-0.3243942856788635,-0.3979400086720376
-0.7818654179573059,-0.9872873425483704,-0.8849162459373474,-0.9208187539523752
-0.9946621656417847,-0.9300802946090698,-1.0748004913330078,-1.0
-1.044000506401062,-1.01951265335083,-1.2002562284469604,-0.958607314841775
-0.7432355284690857,-0.6431978344917297,-0.7968184351921082,-0.8538719643217619
-0.8281258940696716,-0.7155203819274902,-0.7336347699165344,-0.8860566476931632
-0.8947080969810486,-0.8619689345359802,-0.7594624161720276,-0.9208187539523752
-0.5718543529510498,-0.7120886445045471,-0.5993093252182007,-0.7695510786217261
-0.7213032245635986,-0.8118070363998413,-0.7715373039245605,-0.744727494896694
-0.6858584880828857,-0.6657689809799194,-0.6084867715835571,-0.8538719643217619
-0.2231990098953247,-0.22019623219966888,-0.3652781844139099,-0.3565473235138126
-0.46801766753196716,-0.5605142712593079,-0.4289884865283966,-0.5528419686577808
-0.30759871006011963,-0.2894141674041748,-0.37100949883461,-0.3979400086720376
-0.6313709020614624,-0.5684183835983276,-0.5746387839317322,-0.585026652029182
-0.44176653027534485,-0.6849645376205444,-0.6146253347396851,-0.5528419686577808
-0.6782777905464172,-0.6686752438545227,-0.744828462600708,-0.6777807052660807
-0.846274733543396,-0.9056938290596008,-0.8591389656066895,-0.744727494896694
-0.8703911304473877,-0.8022294044494629,-0.7796757221221924,-0.9208187539523752
-0.9375291466712952,-0.9071374535560608,-0.9165770411491394,-0.8239087409443188
-0.4349954426288605,-0.40598177909851074,-0.3837966024875641,-0.44369749923271273
-0.5357739925384521,-0.640377938747406,-0.6671719551086426,-0.5228787452803376
-0.5817095637321472,-0.5776916742324829,-0.3493846356868744,-0.494850021680094
-1.1474426984786987,-1.1525990962982178,-1.211917757987976,-0.9208187539523752
-0.8714367747306824,-0.9816118478775024,-0.9618443846702576,-0.8239087409443188
-1.010624647140503,-1.0376155376434326,-1.0682487487792969,-0.9208187539523752
-0.601996660232544,-0.6029713749885559,-0.6475160717964172,-0.4559319556497244
-0.7839773297309875,-0.7203304767608643,-0.807345449924469,-0.619788758288394
-0.6775782704353333,-0.6088442206382751,-0.6249464154243469,-0.6020599913279624
-1.6935646533966064,-2.1470720767974854,-2.136533260345459,-2.537602002101044
-1.7670295238494873,-2.2161598205566406,-2.2369532585144043,-2.167491087293764
-1.8145930767059326,-2.2965505123138428,-2.3903825283050537,-2.344861565188618
-2.299584150314331,-2.5095741748809814,-2.3339619636535645,-1.9507819773298183
0.07742010802030563,0.19775567948818207,0.13055403530597687,0.07918124604762482
0.32053977251052856,0.3524056673049927,0.3327060043811798,0.6989700043360189
0.4867565333843231,0.5355925559997559,0.6339331269264221,0.8450980400142568
0.15355411171913147,0.13373714685440063,0.1936316341161728,0.04139268515822507
0.32223930954933167,0.20163826644420624,0.35297390818595886,0.4913616938342727
0.5082755088806152,0.5318335294723511,0.5263864398002625,0.7781512503836436
0.0677502229809761,0.1793236881494522,0.19793356955051422,0.04139268515822507
0.298430860042572,0.2142830342054367,0.3573668897151947,0.414973347970818
0.5324845314025879,0.516334056854248,0.5682488679885864,0.6627578316815741
0.05041712895035744,0.08885056525468826,0.12760916352272034,0.0
0.17397259175777435,0.256204754114151,0.15091873705387115,0.3424226808222063
0.4738002419471741,0.4872320592403412,0.5110716819763184,0.5314789170422551
0.06909262388944626,0.02112291194498539,0.019784102216362953,-1.3979400086720375
0.1183386966586113,0.11131591349840164,0.15026478469371796,0.07918124604762482
0.1899401843547821,0.3456045687198639,0.19879139959812164,0.38021124171160603
-0.41745510697364807,-0.38098588585853577,-0.3407771587371826,-1.5228787452803376
-0.2478216290473938,-0.31779682636260986,-0.3442115783691406,0.04139268515822507
-0.008184263482689857,-0.06943225115537643,-0.18174852430820465,0.3010299956639812
-0.36289021372795105,-0.5588138103485107,-0.36554503440856934,-1.6989700043360187
-0.2951844036579132,-0.4310798943042755,-0.2825733423233032,0.0
-0.1419101059436798,-0.2095135897397995,-0.24044083058834076,0.17609125905568124
-0.44425153732299805,-0.41600415110588074,-0.3667510449886322,-0.5228787452803376
-0.49667099118232727,-0.4024752676486969,-0.4624009430408478,-0.585026652029182
-0.37907081842422485,-0.458132266998291,-0.5454553365707397,-0.619788758288394
-0.5155299305915833,-0.40826064348220825,-0.5780417919158936,-0.6575773191777937
-0.5072270631790161,-0.5226085782051086,-0.614428699016571,0.04139268515822507
-0.7066081762313843,-0.632052481174469,-0.6836382746696472,-0.07572071393811836
-0.6378785967826843,-0.6111201047897339,-0.730370819568634,-0.7033348097384688
-0.7250169515609741,-0.7383455634117126,-0.7442930936813354,-0.16749108729376366
-0.8416667580604553,-0.7771576046943665,-0.7223299741744995,-0.712198270069774
-0.8091582655906677,-0.6127135157585144,-0.831368088722229,-0.22184874961635637
-0.9082125425338745,-1.1427803039550781,-0.9686824083328247,-0.744727494896694
-1.0676770210266113,-0.967791736125946,-1.067777156829834,-0.3010299956639812
-0.4001096189022064,-0.2565673291683197,-0.016696015372872353,0.3010299956639812
-0.13356561958789825,-0.45165321230888367,-0.2956523001194,0.25527250510330607
-0.2769559621810913,-0.5070347785949707,-0.19755102694034576,-0.22184874961635637
-0.2713708281517029,-0.6385308504104614,-0.26101136207580566,-0.3979400086720376
-1.0539031028747559,-1.144219160079956,-0.856067955493927,-0.22184874961635637
-0.7550090551376343,-0.668464183807373,-0.8532778024673462,-1.0
-0.5710875988006592,-0.7024196982383728,-0.3317307233810425,-0.6989700043360187
-0.18759264051914215,-0.21848058700561523,-0.10184524208307266,-1.3010299956639813
-1.2089357376098633,-1.2739906311035156,-1.298495888710022,-1.6989700043360187
-1.3403992652893066,-1.3268429040908813,-1.4056248664855957,-1.2924298239020637
-1.4272959232330322,-1.390987753868103,-1.5258668661117554,-1.3979400086720375
-1.3209928274154663,-1.38558828830719,-1.4510698318481445,-1.5228787452803376
-1.3670850992202759,-1.4051918983459473,-1.4839859008789062,-1.5228787452803376
-1.1677565574645996,-1.2558106184005737,-1.170527458190918,-1.154901959985743
-1.268613576889038,-1.3753869533538818,-1.3102548122406006,-1.3010299956639813
-1.1391466856002808,-1.3226473331451416,-1.1798810958862305,-1.3010299956639813
-1.1452618837356567,-1.0793277025222778,-1.1679664850234985,-1.6020599913279623
-1.2002360820770264,-1.37868332862854,-1.283315658569336,-1.3467874862246563
-1.0780318975448608,-1.165051817893982,-1.045770287513733,-0.7958800173440752
-1.2215807437896729,-1.2719616889953613,-1.1123844385147095,-1.154901959985743
-1.2373586893081665,-0.9736506938934326,-0.978646993637085,-1.2924298239020637
-0.9502979516983032,-1.0282827615737915,-1.1449543237686157,-1.154901959985743
-1.0686901807785034,-1.0137934684753418,-1.09787118434906,-1.1249387366083
-0.7197725176811218,-0.8811345100402832,-0.823839545249939,-0.7695510786217261
-0.8879135847091675,-0.9262868762016296,-0.9255018830299377,-0.6575773191777937
-0.9421791434288025,-0.9647828340530396,-0.8581963181495667,-0.9208187539523752
-0.9869737029075623,-0.755935549736023,-0.8176803588867188,-0.8860566476931632
-0.7309550046920776,-0.8669024109840393,-0.9249557852745056,-1.0
-0.794418454170227,-0.766999363899231,-0.7407397031784058,-1.0
-0.7175084948539734,-0.6181973814964294,-0.5551586151123047,-0.6989700043360187
-0.37127113342285156,-0.13007086515426636,-0.32360976934432983,-0.494850021680094
-0.8365404605865479,-0.9866616129875183,-0.8119224309921265,-0.6989700043360187
-0.651213526725769,-0.7171871662139893,-0.8642911911010742,-0.46852108295774486
-0.4274755120277405,-0.4605255722999573,-0.4267427921295166,-0.2924298239020636
-0.8671643137931824,-0.8708535432815552,-0.9912813901901245,-0.494850021680094
-0.6751567125320435,-0.7944315075874329,-0.737231969833374,-0.3010299956639812
-0.42965924739837646,-0.4626484811306,-0.47130057215690613,-0.21467016498923297
-0.5370429158210754,-0.5426881313323975,-0.5445951819419861,-0.6777807052660807
-0.48138266801834106,-0.4891470968723297,-0.6226166486740112,-0.44369749923271273
0.02241411991417408,-0.0018539808224886656,-0.3074796199798584,-0.25181197299379954
-0.7295362949371338,-0.623910665512085,-0.7630115151405334,-0.5228787452803376
-0.46902018785476685,-0.4625459611415863,-0.49005836248397827,-0.3372421683184259
-0.23562100529670715,-0.30068445205688477,-0.24471130967140198,-0.1938200260161128
-0.7291871905326843,-0.6614229679107666,-0.7464768886566162,-0.3979400086720376
-0.516357421875,-0.5528457164764404,-0.6638043522834778,-0.22184874961635637
-0.17558534443378448,-0.1809658259153366,-0.3267786204814911,-0.09691001300805639
-1.8847512006759644,-1.6864237785339355,-1.7470026016235352,-1.6382721639824072
-1.77802574634552,-1.640236496925354,-1.6212555170059204,-1.6382721639824072
-1.7882651090621948,-1.8223602771759033,-1.668720006942749,-1.6575773191777938
-1.6780002117156982,-1.8637542724609375,-1.8303217887878418,-1.6777807052660807
-1.554377794265747,-1.6234161853790283,-1.6840178966522217,-1.6575773191777938
-1.6051098108291626,-1.592258334159851,-1.6671415567398071,-1.5528419686577808
-1.6160166263580322,-1.5997638702392578,-1.5974311828613281,-1.6989700043360187
-1.6182124614715576,-1.535119891166687,-1.4960598945617676,-1.6197887582883939
-1.1203378438949585,-1.4286839962005615,-1.3242919445037842,-0.958607314841775
-1.1194255352020264,-0.9846458435058594,-0.995276927947998,-1.744727494896694
-1.4187259674072266,-1.3677302598953247,-1.3521775007247925,-1.0457574905606752
-1.1275031566619873,-1.2581088542938232,-0.9288586378097534,-1.0969100130080565
-0.9813446402549744,-0.9882485270500183,-0.9063472747802734,-0.744727494896694
-0.7275995016098022,-0.8300401568412781,-0.8371885418891907,-0.7695510786217261
-0.9136124849319458,-0.8770149350166321,-0.9054356813430786,-0.832682665251824
-0.8194618821144104,-0.7865368723869324,-0.7234507203102112,-0.8761483590329142
-1.1367896795272827,-1.0185648202896118,-1.1782203912734985,-1.2218487496163564
-1.1776776313781738,-1.1650149822235107,-1.0310591459274292,-1.0457574905606752
-1.0028975009918213,-0.9164228439331055,-1.0290602445602417,-1.0
-0.6533520221710205,-0.7184785008430481,-0.7528160810470581,-0.8761483590329142
-1.083836555480957,-0.9264044165611267,-0.1847490817308426,-0.5228787452803376
-1.2983320951461792,-1.0900622606277466,-0.32990291714668274,-0.8794260687941502
-0.878640353679657,-0.9857529997825623,-0.2581814229488373,-1.4436974992327127
0.08684644103050232,0.18075121939182281,0.09782374650239944,0.6202401898458314
0.07131573557853699,0.03792152553796768,0.16156329214572906,0.5098742850047192
0.003099944442510605,0.19588784873485565,0.15184597671031952,0.36772854608697647
-0.0034131964202970266,-0.001679619774222374,0.0035022699739784002,0.449478399187365
-0.043887026607990265,-0.04631580039858818,-0.009222641587257385,-0.025949097207122653
-0.062109049409627914,-0.2131076604127884,-0.14865419268608093,-0.12033079436794646
-0.10078833252191544,-0.0072772386483848095,0.023395385593175888,0.32139127831168907
-0.05289400368928909,-0.12110115587711334,-0.16123299300670624,-0.22548303427145047
-0.20718225836753845,-0.18682165443897247,-0.19826087355613708,-0.3957739469155299
-0.2808305621147156,-0.19905374944210052,-0.07032133638858795,-0.0008694587126288915
-0.2825894355773926,-0.19412924349308014,-0.227002814412117,-0.4473317838878068
-0.22313030064105988,-0.347893089056015,-0.2478153556585312,-0.4659738939438649
-0.27220776677131653,-0.2423911839723587,-0.2190680205821991,-0.5287082889410615
-0.22750058770179749,-0.3451668322086334,-0.273662269115448,-0.5670307091255943
-0.21934738755226135,-0.2921178340911865,-0.17917834222316742,-0.5934598195660448
-0.33742573857307434,-0.3154713213443756,-0.31073305010795593,-0.6090648928966209
-0.2714759111404419,-0.01578904315829277,-0.13162247836589813,-0.23136189875238555
-0.305524080991745,-0.02102447673678398,-0.29125791788101196,-0.4854522473397139
-1.1151230335235596,-1.148112416267395,-1.0538959503173828,-1.0
-0.8868976831436157,-0.9106445908546448,-0.9857684373855591,-0.5228787452803376
-0.8020166158676147,-0.7604702115058899,-0.9284612536430359,-0.3010299956639812
-0.94478839635849,-0.8853767514228821,-0.9022403359413147,-0.6989700043360187
-1.0827181339263916,-0.9508107900619507,-0.948304295539856,-0.744727494896694
-1.2068285942077637,-1.2186017036437988,-1.1559745073318481,-1.5228787452803376
-0.9746235013008118,-0.9453286528587341,-0.9444190859794617,-1.0
-0.8309288024902344,-0.7710896134376526,-0.79427170753479,-0.6989700043360187
-0.908023476600647,-0.9016021490097046,-0.8827748894691467,-0.744727494896694
-0.9885156154632568,-0.9734282493591309,-1.0064609050750732,-1.1611509092627446
-1.036662220954895,-1.024340271949768,-1.0286672115325928,-1.1643094285075744
-1.380582571029663,-1.4141861200332642,-1.4837476015090942,-1.6989700043360187
-1.1597281694412231,-1.2339189052581787,-1.14784836769104,-1.0969100130080565
-1.2223190069198608,-1.250125765800476,-1.2861974239349365,-1.2732727909734278
-1.1339231729507446,-1.3647565841674805,-1.2078875303268433,-1.3979400086720375
-1.0464403629302979,-1.171054720878601,-1.0692726373672485,-1.0
-2.858160972595215,-2.7348546981811523,-2.805466890335083,-3.0969100130080562
-2.9522597789764404,-2.897369384765625,-2.921175479888916,-2.657577319177794
-2.8377933502197266,-2.754270315170288,-2.774082660675049,-2.795880017344075
-2.9543652534484863,-2.8578941822052,-2.888030529022217,-3.0969100130080562
-2.8829898834228516,-2.794893503189087,-2.934941053390503,-2.769551078621726
-2.877875804901123,-2.855764150619507,-2.7210168838500977,-3.0969100130080562
-2.8384759426116943,-2.859194278717041,-2.8288865089416504,-3.0457574905606752
-2.7216224670410156,-2.7975196838378906,-2.761615514755249,-2.853871964321762
-2.8530924320220947,-2.8471434116363525,-2.7918403148651123,-2.744727494896694
-2.8907864093780518,-2.9199459552764893,-2.9093894958496094,-2.6989700043360187
-2.881420850753784,-2.8693859577178955,-2.8356566429138184,-2.958607314841775
-2.8265442848205566,-2.7385449409484863,-2.7737555503845215,-2.958607314841775
-2.8813016414642334,-2.8781521320343018,-2.8766605854034424,-2.6989700043360187
-2.973728895187378,-2.8671958446502686,-2.8385555744171143,-3.0969100130080562
-2.948640823364258,-2.92873215675354,-2.940028429031372,-2.721246399047171
-2.840655565261841,-2.8262784481048584,-2.823810577392578,-3.0
-2.940579652786255,-2.9229016304016113,-2.8671462535858154,-2.958607314841775
-2.8719687461853027,-2.8761136531829834,-2.92734694480896,-2.9208187539523753
-2.97684383392334,-2.9365785121917725,-2.9689741134643555,-2.795880017344075
-2.9925906658172607,-2.9640872478485107,-2.9062161445617676,-3.0969100130080562
-3.160292625427246,-3.1202361583709717,-3.147847890853882,-2.958607314841775
-2.984888792037964,-3.0116422176361084,-3.018461227416992,-3.2218487496163566
-3.145564317703247,-3.122023105621338,-3.0797359943389893,-3.0
-3.157825231552124,-3.2432262897491455,-3.1961328983306885,-2.958607314841775
-3.1519007682800293,-3.1332409381866455,-3.2032315731048584,-3.0969100130080562
