6,13,42,log (Total flux)
-0.4361116588115692,-0.488064706325531,-0.3579656779766083,-1.0087739243075051
-0.49331456422805786,-0.40705424547195435,-0.4661308228969574,-0.9507819773298184
-0.5840092897415161,-0.4446086287498474,-0.5114501714706421,-1.0457574905606752
-0.5794289708137512,-0.5695887804031372,-0.5472983717918396,-0.8860566476931632
-0.5309864282608032,-0.5722896456718445,-0.5661279559135437,-0.958607314841775
-0.46511709690093994,-0.5477557182312012,-0.48129063844680786,-1.0
-0.3595389127731323,-0.2675762176513672,-0.46720415353775024,-0.9208187539523752
-0.3805389702320099,-0.2824959456920624,-0.3249277174472809,-0.7328282715969863
-0.4917448163032532,-0.5067402720451355,-0.47240012884140015,-0.9281179926938746
-0.4152032732963562,-0.5760433673858643,-0.43972209095954895,-1.154901959985743
-0.5084865093231201,-0.40792587399482727,-0.41224610805511475,-0.6020599913279624
-0.3290860652923584,-0.35790547728538513,-0.20187191665172577,-0.638272163982407
-0.5048254132270813,-0.5210378170013428,-0.47101202607154846,-0.46852108295774486
-0.36750075221061707,-0.41520339250564575,-0.46272820234298706,-0.4559319556497244
-0.49955102801322937,-0.5561875700950623,-0.4196552634239197,-0.5228787452803376
-0.39521440863609314,-0.40796035528182983,-0.31347569823265076,-0.045757490560675115
-0.510236382484436,-0.7154923677444458,-0.7366868853569031,-0.22184874961635637
-0.3733274042606354,-0.4740180969238281,-0.5312069654464722,-0.3010299956639812
-0.36534222960472107,-0.4503193795681,-0.4769556224346161,-0.37675070960209955
-0.545434296131134,-0.5890015363693237,-0.46423783898353577,-0.37675070960209955
-0.4685285687446594,-0.383049339056015,-0.4575344920158386,-0.37675070960209955
-0.45758163928985596,-0.49180302023887634,-0.5976518392562866,-0.3565473235138126
-1.5342421531677246,-1.5830214023590088,-1.4784655570983887,-1.6575773191777938
-1.3646881580352783,-1.3285821676254272,-1.4464828968048096,-1.4685210829577449
-1.3238741159439087,-1.3462224006652832,-1.2421789169311523,-1.9913998282380825
-1.2630130052566528,-1.2473008632659912,-1.3453178405761719,-1.3979400086720375
-1.1742271184921265,-1.1948691606521606,-1.2399994134902954,-1.337242168318426
-1.252744436264038,-1.1015926599502563,-1.1042615175247192,-1.3010299956639813
-1.232431411743164,-1.2486088275909424,-1.184706211090088,-1.5934598195660448
-1.0462977886199951,-0.9985557198524475,-1.0522245168685913,-0.958607314841775
-0.8466148376464844,-0.8984352350234985,-0.8346222639083862,-0.619788758288394
-0.8370372653007507,-0.9121295809745789,-0.8771297335624695,-0.44369749923271273
-0.8977439403533936,-0.7697272300720215,-0.7390208840370178,-0.36653154442041347
-0.7159671187400818,-0.7463117837905884,-0.8105741739273071,-0.3279021420642826
-0.8215728402137756,-0.9389922618865967,-0.9048861265182495,-0.4559319556497244
-0.8918600082397461,-0.923618495464325,-0.8402891159057617,-0.619788758288394
-0.9810370206832886,-0.8778784275054932,-0.8920140862464905,-0.7695510786217261
-0.9697834253311157,-1.0213700532913208,-0.9937073588371277,-0.9208187539523752
-1.1650770902633667,-1.1376588344573975,-1.1921278238296509,-1.154901959985743
-1.1419672966003418,-1.2139302492141724,-1.1819045543670654,-0.8088285442714415
-1.02009916305542,-0.9788559079170227,-1.0245788097381592,-0.41476493663422465
-0.780565083026886,-0.8313505053520203,-0.9143660068511963,-0.33837659077077
-1.0748498439788818,-1.065454363822937,-1.1346783638000488,-0.7169250252645285
-0.9251551032066345,-1.0144089460372925,-0.9624117612838745,-0.3994627056355312
-0.8434587717056274,-0.7736961841583252,-0.7601481676101685,-0.21910689131292108
-1.1464653015136719,-1.152353286743164,-1.0890164375305176,-0.9125735429637145
-0.9041674733161926,-0.981082558631897,-0.9554767608642578,-0.39859193946531624
-0.9501893520355225,-0.8014994859695435,-0.930955708026886,-0.1901037533975609
-1.2160778045654297,-1.1660388708114624,-1.2195994853973389,-0.9270152553720696
-1.0184272527694702,-0.9829283356666565,-1.0136735439300537,-0.6449317936511493
-0.9443186521530151,-0.8377413153648376,-0.7673896551132202,-0.22584814104528958
-1.1775134801864624,-1.231790542602539,-1.2032049894332886,-1.016824927962187
-1.0816574096679688,-1.0153268575668335,-1.040558099746704,-0.7171513971653553
-0.8811835646629333,-0.8568060994148254,-0.9340094327926636,-0.34390179798716813
-1.2554093599319458,-1.1664146184921265,-1.160552978515625,-1.0594835150674329
-1.121982455253601,-1.1321133375167847,-1.034990906715393,-0.7602001815529014
-0.969299852848053,-0.9442477822303772,-0.8456426858901978,-0.43735032778808336
-1.2006407976150513,-1.181067943572998,-1.2660866975784302,-1.3516399890190685
-1.0157430171966553,-1.0862364768981934,-1.026643991470337,-0.9385475209128068
-0.9869468212127686,-0.9892555475234985,-0.9722963571548462,-0.6753060861382254
-1.2515947818756104,-1.2563928365707397,-1.2188199758529663,-2.0757207139381184
-1.0695463418960571,-0.9960718750953674,-1.1395902633666992,-1.254144804826271
-1.0416501760482788,-1.0593597888946533,-0.9818001985549927,-0.906578314837765
-1.3697327375411987,-1.509374737739563,-1.4644917249679565,-2.221848749616356
-1.2981035709381104,-1.121589183807373,-1.2136409282684326,-2.5528419686577806
-1.1280848979949951,-1.1572524309158325,-1.0621488094329834,-1.4306260903849541
-1.1013087034225464,-0.9953680038452148,-0.9828181862831116,-0.5867002359187481
-1.0197296142578125,-0.9830653071403503,-0.9989262819290161,-0.596879478824182
-1.0100064277648926,-1.0928945541381836,-1.0957305431365967,-0.6968039425795111
-1.0250539779663086,-1.076691746711731,-0.9660084843635559,-1.0
-1.012442946434021,-1.1675931215286255,-1.0056476593017578,-1.0506099933550872
-1.0281647443771362,-1.0642859935760498,-1.1433014869689941,-1.1739251972991736
-1.1791889667510986,-1.125125527381897,-1.1818100214004517,-1.3279021420642825
-1.1986500024795532,-1.0630379915237427,-1.1537379026412964,-1.3979400086720375
-1.094536542892456,-1.1217931509017944,-1.0840489864349365,-2.154901959985743
-1.0094374418258667,-0.9569000005722046,-1.0307966470718384,-2.0177287669604316
-1.2811070680618286,-1.3359822034835815,-1.3104761838912964,-1.6020599913279623
-0.4182085394859314,-0.3665515184402466,-0.5208910703659058,-0.2688449400403264
-0.13701429963111877,-0.295083612203598,-0.21738873422145844,0.06069784035361165
-0.5290915966033936,-0.2253383845090866,-0.5320358276367188,-0.24598209844216795
-0.3984396755695343,-0.3254258930683136,-0.36811086535453796,-0.24598209844216795
0.11819585412740707,-0.1753179281949997,0.05475893244147301,0.17926446433902532
-0.1640094518661499,-0.29150599241256714,-0.2811455726623535,-0.22184874961635637
-0.44448354840278625,-0.26221299171447754,-0.25509464740753174,-0.1962943969757637
0.24509254097938538,0.2642834186553955,0.035499244928359985,0.32633586092875144
0.35749202966690063,0.39088356494903564,0.37585440278053284,0.5276299008713387
0.5434007048606873,0.17852739989757538,0.3905363380908966,0.6627578316815741
-0.6204930543899536,-0.7121700644493103,-0.5028147101402283,-0.5290385369682233
-0.06826677918434143,-0.48572254180908203,-0.12901625037193298,-0.10790539730951959
-0.5077981948852539,-0.43688732385635376,-0.7285069227218628,-0.5102889561907537
-0.5887101292610168,-0.6425958275794983,-0.6257103085517883,-0.49069395850550057
-0.03222987428307533,-0.40848299860954285,-0.3935122489929199,0.04532297878665747
-0.5664552450180054,-0.5178185105323792,-0.49791693687438965,-0.4631109125294204
-0.5369751453399658,-0.4633675515651703,-0.3433009684085846,-0.4486329650765712
-0.12505653500556946,-0.2428945153951645,-0.07226424664258957,0.20682587603184974
0.027958961203694344,-0.13872750103473663,0.1397220343351364,0.3242824552976926
0.26207560300827026,0.1417720466852188,0.23045644164085388,0.4487063199050799
-0.8358868360519409,-0.8617882132530212,-0.7883049249649048,-0.8846058574743971
-0.5704431533813477,-0.43253570795059204,-0.4354325532913208,-0.2569922373293755
-0.8252082467079163,-0.7751984000205994,-0.6227774620056152,-0.8681119898227769
-0.6371917128562927,-0.652463972568512,-0.6160013675689697,-0.8596239623199455
-0.20607097446918488,-0.48381614685058594,-0.48431307077407837,-0.005243055412371884
-0.6547743082046509,-0.704860270023346,-0.7020055055618286,-0.8331171770258415
-0.5452146530151367,-0.6603780388832092,-0.5208726525306702,-0.8239087409443188
-0.186857670545578,-0.3203336000442505,-0.25119155645370483,0.1766699326681496
-0.21395602822303772,-0.2296343594789505,-0.19861231744289398,0.29885307640970665
0.20996907353401184,0.09202931821346283,0.0774201825261116,0.38560627359831223
-0.7031659483909607,-0.5906684398651123,-0.6694793701171875,-0.8210230527068306
-0.652664065361023,-0.6456320285797119,-0.6754600405693054,-0.6903698325741012
-0.8755954504013062,-0.7254345417022705,-0.8441081643104553,-1.1674910872937636
-0.7044827342033386,-0.7537429332733154,-0.7668938040733337,-0.8569851997459049
-0.7270715832710266,-0.6930118203163147,-0.7970900535583496,-0.8386319977650252
-0.6758511662483215,-0.680016279220581,-0.657604992389679,-0.6989700043360187
-0.9155786037445068,-0.9092777967453003,-0.8238227963447571,-1.1674910872937636
-0.7500523924827576,-0.8201240301132202,-0.8655551075935364,-0.8696662315049939
-0.818994402885437,-0.8004872798919678,-0.8438978791236877,-0.8601209135987634
-0.815475344657898,-0.7982373237609863,-0.7982975244522095,-0.721246399047171
-0.888614296913147,-0.8876851201057434,-0.8310495018959045,-0.9393021596463883
-0.8454192280769348,-0.8423495888710022,-0.9152925610542297,-0.9956786262173574
-0.7594771385192871,-0.8430883884429932,-0.8826583623886108,-0.7495799976911061
-0.7576694488525391,-0.8959881663322449,-0.9709275960922241,-1.0604807473813815
-0.8063193559646606,-0.784905731678009,-0.8648249506950378,-0.7772835288524167
-0.8800534605979919,-0.9636697769165039,-1.0313324928283691,-1.1674910872937636
-0.806700587272644,-0.8529093861579895,-0.8239372968673706,-0.8210230527068306
-1.0457255840301514,-0.9274104237556458,-0.882900059223175,-0.8996294548824371
-0.7207985520362854,-0.8372294306755066,-0.7321475148200989,-0.8416375079047503
-0.664646565914154,-0.7136884927749634,-0.6571890711784363,-0.6946486305533762
-0.8655920028686523,-0.9164568781852722,-0.8518381118774414,-1.154901959985743
-0.9536636471748352,-0.8826570510864258,-0.9461835026741028,-0.8794260687941502
-0.617132306098938,-0.6663751602172852,-0.6143074631690979,-0.8239087409443188
-0.6501221060752869,-0.6377144455909729,-0.6778027415275574,-0.6861327796308466
-0.6520563364028931,-0.768219530582428,-0.6941494345664978,-1.136677139879544
-0.7460899949073792,-0.752095103263855,-0.7747151255607605,-0.8632794328435931
-0.5193285942077637,-0.4877590537071228,-0.57510906457901,-0.8041003475907662
-0.6288055777549744,-0.5361487865447998,-0.5631046295166016,-0.679853713888946
-0.5837105512619019,-0.5883349776268005,-0.5839320421218872,-1.1135092748275182
-0.635495126247406,-0.6310413479804993,-0.6736809015274048,-0.8356471442155629
-0.35791072249412537,-0.26913928985595703,-0.24668268859386444,-0.7878123955960422
-0.27130693197250366,-0.25879204273223877,-0.3194964826107025,-0.6716203965612623
-0.45553457736968994,-0.5025515556335449,-0.4375532567501068,-1.0861861476162833
-0.386239230632782,-0.39202681183815,-0.35572266578674316,-0.8239087409443188
-0.4156550168991089,-0.37916186451911926,-0.398040235042572,-0.4190750243243807
-0.42944493889808655,-0.43165960907936096,-0.26772406697273254,-0.21490018838220346
-0.3916762173175812,-0.39724814891815186,-0.3140431046485901,-0.6497519816658371
-0.33342114090919495,-0.4923672676086426,-0.4649043679237366,-0.367510314097029
-0.37913283705711365,-0.556738555431366,-0.4861924946308136,-0.9208187539523752
-0.48469507694244385,-0.474580854177475,-0.5254055261611938,-0.5174837133936314
-0.5698615312576294,-0.4419367015361786,-0.4464200735092163,-0.5528419686577808
-0.5142364501953125,-0.4795856177806854,-0.44270068407058716,-0.5228787452803376
-0.3956494927406311,-0.47596970200538635,-0.48763078451156616,-0.5086383061657274
-0.463670939207077,-0.42338526248931885,-0.5041401386260986,-0.3360636208328832
-0.25534865260124207,-0.3626367747783661,-0.40873461961746216,-0.3979400086720376
-0.4355595111846924,-0.4105393588542938,-0.38821592926979065,-0.37675070960209955
-0.4708329737186432,-0.3677360713481903,-0.49230942130088806,-0.3372421683184259
-0.43292367458343506,-0.3924974203109741,-0.3481070101261139,-0.2006594505464183
-0.2815355062484741,-0.22920681536197662,-0.17388364672660828,-0.2839966563652008
-0.30015093088150024,-0.18766921758651733,-0.14675363898277283,-0.22184874961635637
-0.4310395419597626,-0.29984602332115173,-0.3596644401550293,-0.1870866433571444
-0.362178772687912,-0.12026592344045639,-0.17993544042110443,-0.10065836056122002
-0.8852864503860474,-0.6816464066505432,-0.7256729602813721,-0.9913998282380825
-0.7439771890640259,-0.6456136703491211,-0.6588869690895081,-0.673135932224739
-0.4243752956390381,-0.28881874680519104,-0.44915416836738586,-1.2218487496163564
-0.4749947786331177,-0.35673537850379944,-0.5359715819358826,-1.3979400086720375
-0.478078693151474,-0.39206981658935547,-0.5053709745407104,-1.4202164033831899
-0.5935279130935669,-0.5413891077041626,-0.5865499377250671,-1.6197887582883939
-0.799710214138031,-0.7105487585067749,-0.6386370658874512,-2.0
-0.6647183895111084,-0.45664238929748535,-0.5424791574478149,0.06069784035361165
-0.3529075086116791,-0.43988507986068726,-0.20829138159751892,0.42488163663106704
-0.3548829257488251,-0.35021671652793884,-0.3151305913925171,0.5378190950732742
-0.3694111406803131,-0.20645825564861298,-0.33708831667900085,0.6586790285824489
-0.22830206155776978,-0.16647803783416748,-0.14521031081676483,0.8155777483242672
-0.13140757381916046,-0.1577141433954239,0.04396655783057213,0.19589965240923374
-0.930422842502594,-1.005460262298584,-0.8709303140640259,-0.8239087409443188
0.2858092188835144,0.48254963755607605,0.3888613283634186,0.1846914308175988
-1.4383952617645264,-1.4981732368469238,-1.5131614208221436,-1.0222763947111522
-1.3507694005966187,-1.3854023218154907,-1.4179308414459229,-1.1249387366083
-1.1406594514846802,-1.2389954328536987,-1.1659348011016846,-1.0222763947111522
-1.45314359664917,-1.4581398963928223,-1.566223382949829,-1.6197887582883939
-1.3657366037368774,-1.37468683719635,-1.4717824459075928,-1.5086383061657274
-1.1141411066055298,-1.2853702306747437,-1.333280086517334,-1.3279021420642825
-1.5427441596984863,-1.6088224649429321,-1.5990986824035645,-2.221848749616356
-1.448227047920227,-1.508460521697998,-1.457072138786316,-1.9829666607012197
-1.3456815481185913,-1.23250412940979,-1.4519296884536743,-1.5686362358410126
-1.0445932149887085,-1.01524019241333,-0.9926727414131165,-1.3979400086720375
-1.1319624185562134,-1.1068960428237915,-1.2200604677200317,-0.8538719643217619
-0.9612486958503723,-0.9517104029655457,-0.973986804485321,-0.5228787452803376
-1.1228526830673218,-1.0890240669250488,-1.1386361122131348,-0.6989700043360187
-1.2593328952789307,-1.2704111337661743,-1.0731512308120728,-1.3010299956639813
-1.3872535228729248,-1.4002336263656616,-1.3498115539550781,-1.3979400086720375
-2.2201476097106934,-2.279109001159668,-2.338780641555786,-2.337242168318426
-2.2086145877838135,-2.337305784225464,-2.382814645767212,-2.337242168318426
-2.202152967453003,-2.408975839614868,-2.469588041305542,-2.5228787452803374
-2.312621831893921,-2.331779718399048,-2.358950614929199,-2.431798275933005
-2.212862730026245,-2.2968926429748535,-2.2491044998168945,-2.431798275933005
-2.1866629123687744,-2.332366704940796,-2.403446674346924,-2.5086383061657274
-2.2708005905151367,-2.3149678707122803,-2.318098545074463,-2.494850021680094
-2.378664493560791,-2.4532828330993652,-2.3949151039123535,-2.494850021680094
-2.701648473739624,-2.7104763984680176,-2.5875020027160645,-2.494850021680094
-2.37065052986145,-2.836489677429199,-2.679372787475586,-2.6989700043360187
-2.6615891456604004,-2.606271505355835,-2.714458465576172,-2.4559319556497243
-1.1590862274169922,-1.0996767282485962,-1.134809136390686,-1.5228787452803376
-0.9347681999206543,-0.8797571659088135,-0.9217572808265686,-0.744727494896694
-0.7442210912704468,-0.586906909942627,-0.5853865146636963,0.07918124604762482
-0.41437506675720215,-0.3448845148086548,-0.8329072594642639,0.1559430179718367
-0.5850404500961304,-0.44312533736228943,-0.5427277684211731,0.21695720736109697
-0.6224120259284973,-0.5502893328666687,-0.8439019918441772,0.3412366232386923
-0.5249611139297485,-0.3533681631088257,-0.16508741676807404,0.5584685625237948
-0.2666795551776886,-0.26823124289512634,-0.4686470329761505,0.7523558041535008
-2.3795888423919678,-2.2248117923736572,-2.3562495708465576,-2.6989700043360187
-2.420003890991211,-2.289315700531006,-2.458066701889038,-3.0
-2.5341827869415283,-2.4738376140594482,-2.4231057167053223,-3.0
-2.3811380863189697,-2.370591163635254,-2.2696690559387207,-2.3979400086720375
-2.3266704082489014,-2.3516979217529297,-2.338179111480713,-2.0
-2.5165181159973145,-2.4766950607299805,-2.6085445880889893,-3.0
-2.3800296783447266,-2.4454152584075928,-2.410810947418213,-1.744727494896694
-2.5637292861938477,-2.561126470565796,-2.533501386642456,-2.8239087409443187
-2.624908208847046,-2.821488618850708,-2.7278637886047363,-1.3872161432802645
-2.760408878326416,-2.791870355606079,-2.7926154136657715,-2.6989700043360187
-1.301322102546692,-1.3447496891021729,-1.6355750560760498,-0.8239087409443188
-1.5682027339935303,-1.1965680122375488,-1.683689832687378,-1.1023729087095586
-1.1815050840377808,-1.0068827867507935,-1.5908935070037842,-1.3979400086720375
-1.2198057174682617,-0.9496039748191833,-1.1280854940414429,-1.744727494896694
-0.41736915707588196,-0.6132950782775879,-1.0844836235046387,0.05076631123304232
-0.9887500405311584,-0.8996963500976562,-0.9541652798652649,-1.0
-0.9564093947410583,-0.9179219007492065,-0.8826181888580322,-0.7958800173440752
-0.7742684483528137,-0.7640511393547058,-0.8064868450164795,-0.6777807052660807
-0.8671109676361084,-0.8408894538879395,-0.7430766224861145,-0.5528419686577808
-0.9556635022163391,-0.9370386600494385,-0.9389163255691528,-1.0457574905606752
-0.9567934274673462,-0.9515541791915894,-0.8187758326530457,-0.9208187539523752
-0.9289664030075073,-0.8462331891059875,-0.8684685826301575,-0.721246399047171
-0.8988282680511475,-0.8091580271720886,-0.8256726264953613,-0.619788758288394
-1.0600053071975708,-0.9889319539070129,-1.0302238464355469,-1.0506099933550872
-1.0193243026733398,-0.9207823872566223,-0.9961956143379211,-0.958607314841775
-0.965208113193512,-0.926624059677124,-0.8544855713844299,-0.8239087409443188
-0.9530819654464722,-0.845222532749176,-0.8925142288208008,-0.6575773191777937
-1.0265897512435913,-1.015213966369629,-1.1129124164581299,-1.6989700043360187
-1.035097599029541,-1.0880097150802612,-1.049612045288086,-1.3979400086720375
-0.9458757638931274,-0.9144271612167358,-0.9856844544410706,-1.2218487496163564
-0.9962332248687744,-0.9837315678596497,-0.9127366542816162,-1.0
-1.3006023168563843,-1.2141661643981934,-1.3398340940475464,-1.0457574905606752
-0.7389317750930786,-0.8454056978225708,-0.9100087881088257,-1.0629487487389813
-0.729681670665741,-0.8552531599998474,-0.961433470249176,-1.1831094015116075
-0.958613932132721,-0.8816433548927307,-0.934446394443512,-1.2869464912940425
-0.8906630277633667,-0.9360235333442688,-0.9301588535308838,-1.6021121097929614
-1.209011197090149,-1.0900413990020752,-1.0453954935073853,-2.135548252841817
-1.6070693731307983,-1.5013004541397095,-1.5775967836380005,-1.6777807052660807
-0.586442768573761,-0.6464755535125732,-0.5256196856498718,-1.0
-0.5251113772392273,-0.5631823539733887,-0.6539679765701294,-1.0
-0.49062052369117737,-0.6731112003326416,-0.5621751546859741,-0.6020599913279624
-0.5205129384994507,-0.6273950934410095,-0.5680556297302246,-0.6989700043360187
-0.5495962500572205,-0.5675467848777771,-0.5642961859703064,-0.6989700043360187
-0.5640950798988342,-0.6505711674690247,-0.6793512105941772,-0.2924298239020636
-0.44189026951789856,-0.4654786288738251,-0.42808184027671814,-0.431798275933005
-0.3985421657562256,-0.38504284620285034,-0.47061607241630554,-0.5086383061657274
-0.4672783315181732,-0.4357803165912628,-0.4674665629863739,-0.14874165128092473
-0.2878079116344452,-0.2753484845161438,-0.3002561032772064,-0.6020599913279624
-0.26802393794059753,-0.28071868419647217,-0.3230676054954529,-0.6989700043360187
-0.3874536156654358,-0.2801734209060669,-0.25674107670783997,-0.1549019599857432
-0.12780767679214478,-0.019448172301054,-0.16113045811653137,-0.3979400086720376
-0.14945092797279358,-0.06409503519535065,-0.13146677613258362,-0.6575773191777937
-0.1809385120868683,0.002686250489205122,-0.1562311351299286,0.0
-0.15779152512550354,-0.15789367258548737,-0.17396526038646698,-0.2924298239020636
-0.14374002814292908,-0.09131213277578354,-0.1263178139925003,-0.5228787452803376
-0.14748314023017883,-0.13282795250415802,-0.17344559729099274,0.17609125905568124
-0.5547177195549011,-0.5199095606803894,-0.48212364315986633,-0.5528419686577808
-0.4407181143760681,-0.5427465438842773,-0.5347841382026672,-0.6989700043360187
-0.6145709156990051,-0.5947785973548889,-0.38412415981292725,-0.16115090926274472
-0.7561123967170715,-0.7999258637428284,-0.7204980254173279,-0.9208187539523752
-0.6514285802841187,-0.7003923058509827,-0.7576329112052917,-1.0
-0.855461835861206,-0.7283337116241455,-0.8424862027168274,-0.619788758288394
-0.702505350112915,-0.7460554242134094,-0.6705536842346191,-0.8860566476931632
-0.6838866472244263,-0.6692070364952087,-0.6756064295768738,-0.958607314841775
-0.777390718460083,-0.705829918384552,-0.7003756761550903,-0.2924298239020636
-0.49930015206336975,-0.6092644333839417,-0.5263323187828064,-0.6020599913279624
-0.6110008358955383,-0.6537588834762573,-0.6022194623947144,-0.6777807052660807
-0.5792529582977295,-0.6645722985267639,-0.6630836129188538,-0.09691001300805639
-0.38387352228164673,-0.5631731748580933,-0.43676185607910156,-0.5228787452803376
-0.48647674918174744,-0.45250216126441956,-0.4930696189403534,-0.6989700043360187
-0.4874376356601715,-0.4488511383533478,-0.40371984243392944,-0.1549019599857432
-0.20466680824756622,-0.16780872642993927,-0.20769257843494415,-0.3010299956639812
-0.37144389748573303,-0.1836366206407547,-0.14892874658107758,-0.744727494896694
-0.21396279335021973,-0.3028865456581116,-0.34188345074653625,0.0
-0.3398437201976776,-0.2783988416194916,-0.3801579773426056,-0.6989700043360187
-0.3973214030265808,-0.3615809679031372,-0.26833444833755493,-0.2839966563652008
-0.45481228828430176,-0.36704277992248535,-0.3053942620754242,0.17609125905568124
-0.7634179592132568,-0.8513036370277405,-0.7933022379875183,-0.5528419686577808
-0.7551314234733582,-0.8606233596801758,-0.8722769021987915,0.03342375548694973
-0.8999966382980347,-0.7608165144920349,-0.5964116454124451,-0.022276394711152253
-0.5400344729423523,-0.44064560532569885,-0.429409384727478,0.6503075231319364
-0.4053766429424286,-0.5072646737098694,-0.4329211115837097,0.7558748556724915
-0.5763570666313171,-0.552719235420227,-0.4636881351470947,-0.7695510786217261
-0.42960646748542786,-0.5637874007225037,-0.5688123106956482,-0.6989700043360187
-0.8690170645713806,-0.6850287318229675,-0.7230558395385742,-0.6575773191777937
-0.5397599339485168,-0.43822652101516724,-0.41214561462402344,-0.5528419686577808
-0.32121121883392334,-0.36093437671661377,-0.28139927983283997,-0.494850021680094
-0.36655375361442566,-0.3671806752681732,-0.2964983880519867,-0.44369749923271273
-0.6754284501075745,-0.48928192257881165,-0.4621039032936096,-0.42021640338318983
-0.47858357429504395,-0.38150253891944885,-0.2766627371311188,-0.4559319556497244
-0.5900305509567261,-0.32250523567199707,-0.38643351197242737,-0.3467874862246563
-0.5689818859100342,-0.45442092418670654,-0.4471326470375061,-0.6989700043360187
-0.5130410194396973,-0.5730974674224854,-0.6234924793243408,-0.9208187539523752
-0.6586518287658691,-0.5598632097244263,-0.5416551232337952,-1.0
-0.8498841524124146,-0.9122053384780884,-0.8810811638832092,-0.5376020021010439
-0.36937713623046875,-0.4320283830165863,-0.40045568346977234,-0.472653707396684
-0.7723203301429749,-0.8273810744285583,-0.7799163460731506,-1.3010299956639813
-0.800102710723877,-0.7070409655570984,-0.7309584021568298,-1.0
-0.3483853340148926,-0.517072856426239,-0.4965454638004303,-0.8239087409443188
-0.4508155584335327,-0.4644334018230438,-0.46615687012672424,-0.6020599913279624
-0.5175513029098511,-0.513182520866394,-0.6004497408866882,-0.494850021680094
-0.7106968760490417,-0.5896798968315125,-0.5439525246620178,-0.4814860601221125
-0.6512115001678467,-0.4206653833389282,-0.5714325308799744,-0.49907776080969946
-0.5974332690238953,-0.5860728025436401,-0.5642598271369934,-1.2596373105057561
-0.45812541246414185,-0.5912266969680786,-0.49842026829719543,-0.9208187539523752
-0.4008181691169739,-0.47215741872787476,-0.45313355326652527,-0.6777807052660807
-0.3991605043411255,-0.5535556674003601,-0.44111454486846924,-0.7958800173440752
-0.5079408884048462,-0.5528180599212646,-0.6114072203636169,-0.8124792791635369
-0.5576371550559998,-0.7195244431495667,-0.7084989547729492,-0.9172146296835499
-0.8348450660705566,-0.7682605981826782,-0.7576031684875488,-0.9706162223147904
-0.7167490720748901,-0.8254592418670654,-0.6889408230781555,-1.4814860601221125
-0.5476846098899841,-0.6513450145721436,-0.6281103491783142,-0.6989700043360187
-0.5766440629959106,-0.6747223138809204,-0.6101154088973999,-0.6020599913279624
-0.6201589107513428,-0.6507462859153748,-0.5293200612068176,-0.4559319556497244
-0.6622242331504822,-0.6347827911376953,-0.6430683732032776,-0.3467874862246563
-0.601405680179596,-0.6026020050048828,-0.7366853952407837,-0.3979400086720376
-0.6329270005226135,-0.5771505236625671,-0.5519400835037231,-0.11918640771920865
-0.522972822189331,-0.5834132432937622,-0.754946768283844,-0.6777807052660807
-0.6901550889015198,-0.6332987546920776,-0.6064738035202026,-0.05551732784983137
-0.5409789681434631,-0.5538356900215149,-0.6850391030311584,-0.42021640338318983
-0.5591468214988708,-0.5205468535423279,-0.6756924390792847,-0.5228787452803376
-0.5129712224006653,-0.6507774591445923,-0.7002852559089661,-0.2076083105017461
-0.6385570168495178,-0.7065911889076233,-0.4811450242996216,-0.3010299956639812
-0.5630720257759094,-0.5010626912117004,-0.5947471857070923,-0.22184874961635637
-0.6136811971664429,-0.6343071460723877,-0.5742119550704956,-0.16115090926274472
-0.5050804018974304,-0.5346351861953735,-0.6780874729156494,-0.4559319556497244
-1.2773441076278687,-1.2754567861557007,-1.1703444719314575,-1.6968039425795112
-1.2921909093856812,-1.3316173553466797,-1.4235845804214478,-1.239577516576788
-1.4415555000305176,-1.4457552433013916,-1.5626345872879028,-1.3133637307377066
-1.4018696546554565,-1.4604731798171997,-1.3415122032165527,-1.2062096153091812
-1.437120795249939,-1.3865312337875366,-1.427507758140564,-1.0777937225609837
-1.2913854122161865,-1.4347952604293823,-1.2848362922668457,-1.0963674839157624
-1.5610769987106323,-1.533357858657837,-1.6129521131515503,-1.337242168318426
-0.8948653340339661,-0.9537259936332703,-0.959032416343689,-1.0726296369609765
-0.9349339008331299,-0.8335891962051392,-0.8379828929901123,-1.2247537402597635
-0.6745128631591797,-0.6921271085739136,-0.7484727501869202,-1.2388241868442686
-0.8328354954719543,-0.816926896572113,-0.8363986015319824,-0.870954940112042
-1.5901380777359009,-1.6984862089157104,-1.7222713232040405,-1.489454989793388
-0.6056647300720215,-0.5068213939666748,-0.3235037624835968,0.8482507146770425
-0.6217625141143799,-0.39641088247299194,-0.5405452251434326,0.5928426831311002
-0.6735398769378662,-0.5901822447776794,-0.4936758577823639,0.292256071356476
-0.6358627080917358,-0.4266391098499298,-0.6068164110183716,-0.585026652029182
-0.8598905205726624,-0.6986236572265625,-0.64166659116745,-0.24488773360492885
0.1589386910200119,-0.17975401878356934,-0.24661517143249512,-0.204815410317576
-0.30887383222579956,-0.13774235546588898,-0.32788053154945374,-0.31984585826562695
-0.32644638419151306,-0.2110244482755661,-0.23340162634849548,-0.431798275933005
-0.34975484013557434,-0.3197963237762451,-0.42658311128616333,-0.3949105381184196
-0.4785546362400055,-0.39595621824264526,-0.2017630636692047,-0.5014137911824823
-0.03455657511949539,-0.07647105306386948,-0.12446414679288864,-0.5686362358410126
-0.3472549021244049,-0.1159948855638504,-0.12024181336164474,-0.3219370950256548
-0.47596073150634766,-0.6090072393417358,-0.19359591603279114,-0.5554867936659571
0.08626392483711243,0.024198614060878754,0.03812522813677788,-0.10237290870955855
-0.026405641809105873,0.049780525267124176,0.005402653478085995,-0.10237290870955855
-0.07572006434202194,0.014324704185128212,-0.03490433096885681,-0.09691001300805639
-0.0561554990708828,-0.13441137969493866,-0.08664843440055847,-0.10237290870955855
-0.30907487869262695,-0.3449740409851074,-0.38437584042549133,-0.22184874961635637
-0.7512295246124268,-1.0154013633728027,-0.8819359540939331,-1.5003129173815961
-0.6077263355255127,-0.5837282538414001,-0.6391798853874207,-1.0
-0.20285385847091675,-0.09915826469659805,-0.08092299103736877,-0.11918640771920865
-0.8949125409126282,-0.8710336089134216,-0.9020154476165771,-0.3214816209598861
-0.8486412167549133,-0.7278356552124023,-0.8700835704803467,-0.3142582613977364
-0.8624938130378723,-0.9016976952552795,-0.8452220559120178,-0.5883802940367698
-1.009899377822876,-0.9857804775238037,-0.9805038571357727,-1.1611509092627446
-1.1088100671768188,-1.1166868209838867,-1.0598775148391724,-1.6575773191777938
-0.5868059992790222,-0.3572407364845276,-0.6243284940719604,-0.5528419686577808
-0.7963453531265259,-1.0058183670043945,-0.7305928468704224,-1.0145735259169983
-0.2305540144443512,0.06245838478207588,-0.1987801045179367,-0.3053948010664313
-0.806764543056488,-0.7391348481178284,-0.7379387021064758,-1.2510371387438386
-0.19735635817050934,0.014497208409011364,-0.19972793757915497,-0.026595025589939317
-0.7513149976730347,-1.1564536094665527,-0.75645911693573,-1.5171264163912463
-0.3261392116546631,-0.35098955035209656,-0.3284916877746582,0.33809775370653894
-1.0158098936080933,-0.8633292317390442,-1.205352544784546,-1.5331323796458904
-0.3676075041294098,-0.1943228393793106,-0.37355026602745056,0.539740838574004
-1.1060408353805542,-1.3960297107696533,-1.1741528511047363,-1.5243288116755704
-0.5677452087402344,-0.7190271019935608,-0.5805236101150513,0.8960464650403244
-1.1425076723098755,-1.0786371231079102,-1.0721253156661987,-0.7495799976911061
-0.790606677532196,-0.6573529839515686,-0.6493184566497803,-0.7453673439996291
-0.7585352659225464,-0.6925703883171082,-0.6394309997558594,-0.6614140342225182
-0.7359760403633118,-0.6669896841049194,-0.6582858562469482,-0.32546401318612034
-0.6689910292625427,-0.6887349486351013,-0.7100242972373962,-0.4888067129869551
-0.7594246864318848,-0.6358883380889893,-0.7113943099975586,-0.8572320991525307
-0.7343993782997131,-0.6674436330795288,-0.7481689453125,-0.36340880800663117
-0.7142752408981323,-0.6826653480529785,-0.5545403361320496,-0.7930905100987986
-0.6542370915412903,-0.6798001527786255,-0.7193146347999573,-0.5133995206937987
-0.7513206601142883,-0.7790501713752747,-0.7471465468406677,-0.4374537718612325
-0.7129784226417542,-0.7466773986816406,-0.766599714756012,-0.5482872319781882
-0.7127474546432495,-0.7257341742515564,-0.7391988635063171,-0.9544579729417159
-0.7432030439376831,-0.7344053387641907,-0.6706604361534119,-0.8963878212059435
-0.8311387896537781,-0.7665964365005493,-0.754135012626648,-0.6240000523718865
-0.8121497631072998,-0.7556406855583191,-0.7183974385261536,-0.6030460898718408
-0.7741533517837524,-0.7968605756759644,-0.8718095421791077,-0.9900904051928974
-0.8234727382659912,-0.8219329714775085,-0.8247096538543701,-1.0491096362935557
-0.973922073841095,-0.9833686351776123,-1.0273030996322632,-1.1480265719327492
-1.0019989013671875,-0.9658233523368835,-0.9905518889427185,-1.2143143317190987
-0.8818697929382324,-0.9644904136657715,-1.0358326435089111,-0.9521607219524473
-0.9452148079872131,-0.9742243885993958,-0.9953188300132751,-1.2268574313145115
-1.3293204307556152,-1.1039265394210815,-1.2163496017456055,-1.1999706407558657
-1.5727254152297974,-1.5672972202301025,-1.5861841440200806,-1.8664610916297826
-1.3643832206726074,-1.3433887958526611,-1.3911769390106201,-1.563837352959244
-1.0046403408050537,-1.1162998676300049,-1.0807493925094604,-0.935916564036404
-1.2784398794174194,-1.1400936841964722,-1.208649754524231,-1.4067139329795428
-1.4841748476028442,-1.5091581344604492,-1.5417205095291138,-1.5917600346881504
-1.123279333114624,-1.1212120056152344,-0.998831033706665,-0.661145253747677
-1.5710508823394775,-1.6047054529190063,-1.360283613204956,-1.2636034977233574
-1.153956651687622,-1.1404995918273926,-1.1360912322998047,-1.1555228242543185
0.31194934248924255,0.6253937482833862,0.3059392273426056,-0.2924298239020636
-0.4678988456726074,-0.4283805787563324,-0.4411076307296753,-0.687727413983718
-0.46994951367378235,-0.5113613605499268,-0.44865167140960693,-0.4424506940221613
-0.33346349000930786,-0.4733048975467682,-0.45177996158599854,-0.7172397141989045
-0.5604880452156067,-0.516033411026001,-0.5595220923423767,-0.4677936106549203
-0.5058373212814331,-0.5836076140403748,-0.511544406414032,-0.7846162676991075
-0.553523600101471,-0.5933084487915039,-0.5153912901878357,-0.534777807730267
-0.5074602365493774,-0.5067434310913086,-0.5154538750648499,-0.5738418480741471
-0.5341883301734924,-0.5277072787284851,-0.4589405655860901,-0.4324184685174818
-0.43760716915130615,-0.44136446714401245,-0.3898025453090668,-0.46141244338273957
-0.48681923747062683,-0.4554145336151123,-0.4253666400909424,-0.28918814997674686
-0.554418683052063,-0.5918129682540894,-0.6015094518661499,-0.8266738471710442
-0.6579885482788086,-0.768862247467041,-0.677822470664978,-0.7010203637415846
-0.5911623239517212,-0.6520172953605652,-0.5698847770690918,-0.6403864628098056
-0.5607631206512451,-0.6729793548583984,-0.6683530211448669,-0.558540531082206
-0.4563612937927246,-0.5371318459510803,-0.4590754508972168,-0.5073597218749326
-0.48840343952178955,-0.5443720817565918,-0.4841284453868866,-0.39403377797205474
-0.5821846127510071,-0.642931342124939,-0.6503528952598572,-0.9757894452265757
-0.7722799181938171,-0.7431101202964783,-0.709828794002533,-0.8450984743089558
-0.5478085279464722,-0.6886376738548279,-0.6680738925933838,-0.7476349144869489
-0.6757459044456482,-0.8162106871604919,-0.6810381412506104,-0.6353758467270006
-0.47778454422950745,-0.6214210987091064,-0.5935962200164795,-0.6265270889921077
-0.5072640180587769,-0.6248336434364319,-0.5477834939956665,-0.4777501339389004
-0.3376951217651367,-0.3573288023471832,-0.30257827043533325,-0.6307841425898572
-0.4407975673675537,-0.44845083355903625,-0.5117437243461609,-0.8041003475907662
-0.5267202258110046,-0.5965529680252075,-0.6184211373329163,-0.46852108295774486
-0.6672716736793518,-0.6713330149650574,-0.679582417011261,-1.6197887582883939
-0.5521482825279236,-0.4881627857685089,-0.5380843281745911,-0.6575773191777937
-0.5285043120384216,-0.6100147366523743,-0.6034092307090759,-0.7958800173440752
-0.7143255472183228,-0.6026979684829712,-0.5546135902404785,-0.7695510786217261
-0.4944719970226288,-0.5358048677444458,-0.5484097599983215,-0.6575773191777937
-0.6289424300193787,-0.6011882424354553,-0.6615374088287354,-0.8239087409443188
-0.7575482130050659,-0.6313433051109314,-0.639596700668335,-0.7958800173440752
-0.6702759861946106,-0.6917132139205933,-0.6824811100959778,-0.6777807052660807
-0.7990720272064209,-0.7167788743972778,-0.7066490054130554,-0.9208187539523752
-0.7983251214027405,-0.8008484840393066,-0.819586992263794,-0.8860566476931632
-0.817207932472229,-0.728739321231842,-0.7798834443092346,-0.6777807052660807
-0.8284950256347656,-0.7519071102142334,-0.8512839674949646,-0.8538719643217619
-0.8491341471672058,-0.8412925601005554,-0.9446892738342285,-0.8538719643217619
-0.26009806990623474,-0.22968874871730804,-0.19867832958698273,0.29426777217945776
-0.20210959017276764,-0.02562795951962471,-0.11489514261484146,0.33415205299228645
0.023117871955037117,-0.10634775459766388,-0.058020997792482376,0.3313057985532691
-0.0026453498285263777,-0.08036728948354721,0.05281232297420502,0.3523176109368268
0.0202766302973032,0.030338743701577187,-0.03288917616009712,0.5129110878474195
-0.40907034277915955,-0.2344326227903366,-0.3156225085258484,0.24368280735719336
-0.004575459752231836,0.01766016334295273,-0.0792975202202797,0.24762962067911384
-0.26937898993492126,-0.012422735802829266,0.01832161843776703,0.2968844755385471
-0.22464562952518463,-0.05196225270628929,-0.06952213495969772,0.28284860283464475
0.03885921835899353,-0.04713728278875351,0.10403159260749817,0.4756276114410809
-0.20644256472587585,-0.1810912936925888,-0.3796953558921814,0.15624619039734447
-0.224569633603096,-0.1431327611207962,-0.0016559669747948647,0.19542914245706253
-0.18388624489307404,-0.10558446496725082,-0.0399300754070282,0.19434780728009307
-0.002559516578912735,-0.1234702616930008,-0.12297383695840836,0.2664668954402414
0.08197185397148132,0.07051565498113632,0.14365337789058685,0.38797679499043713
-0.32785990834236145,-0.28838908672332764,-0.2823968529701233,0.04261488458852481
-0.05716392397880554,-0.061560746282339096,-0.06919482350349426,-0.029049065654575875
-0.02523091994225979,-0.09438712894916534,-0.01963748037815094,0.08972853307473597
-0.02799650840461254,-0.13080531358718872,-0.007336571346968412,0.08678679562662422
0.051014307886362076,-0.09904976934194565,0.08952805399894714,0.22541267286595434
-0.37944474816322327,-0.3577883541584015,-0.2527700662612915,-0.09468993788391449
-0.09052985161542892,-0.10888033360242844,0.01852606236934662,-0.17672144304832926
-0.262077271938324,-0.1592865139245987,-0.06625743210315704,-0.08139308485501809
-0.07884726673364639,-0.12952585518360138,-0.16354481875896454,-0.03198428600635821
-0.02974146232008934,-0.052420757710933685,0.11044810712337494,0.030275802889287887
-0.21834591031074524,-0.39422693848609924,-0.3136903941631317,-0.4682656907234498
-0.1106657087802887,-0.17542417347431183,-0.10589590668678284,-0.5139948136377577
-0.1313404142856598,-0.06967209279537201,-0.05602708458900452,-0.4495270428934366
-0.13944518566131592,-0.1727415919303894,-0.0699932873249054,-0.39913596369016047
-0.03600708022713661,-0.0034776709508150816,-0.10842123627662659,-0.30557030904291693
-1.1268171072006226,-0.9499748945236206,-1.0515713691711426,-1.1739251972991736
-1.1024012565612793,-1.0546625852584839,-1.04440176486969,-1.2518119729937995
-1.2223341464996338,-1.220375418663025,-1.1033213138580322,-1.337242168318426
-1.1822867393493652,-1.1244739294052124,-1.1760166883468628,-1.4202164033831899
-1.246323585510254,-1.1605836153030396,-1.3477994203567505,-1.6020599913279623
-0.09844943881034851,0.013113808818161488,-0.10650517046451569,0.1408155855660258
-0.15235885977745056,0.04071502760052681,-0.08986259996891022,-0.004644774290455358
-0.11231037974357605,-0.10116402059793472,-0.18375958502292633,-0.17378715248775295
-0.7273447513580322,-0.5404879450798035,-0.6701340675354004,-1.744727494896694
-0.6563466787338257,-0.6226474642753601,-0.7113462686538696,-1.5228787452803376
-0.5993894934654236,-0.37345439195632935,-0.5468805432319641,-1.1674910872937636
-0.3914608657360077,-0.2781509757041931,-0.35788264870643616,-0.889410289700751
-0.2514803409576416,-0.03288053348660469,-0.24979497492313385,-0.38206284568617044
-0.18197578191757202,-0.06985215842723846,-0.2684670090675354,-0.679853713888946
-0.2950081527233124,-0.09480611979961395,-0.29653072357177734,-0.4571745730408201
-0.399148166179657,-0.44818878173828125,-0.3457776606082916,-0.5107293465282002
-0.4000665247440338,-0.4038267433643341,-0.5289514660835266,0.06069784035361165
-0.22612890601158142,-0.3908742070198059,-0.588583767414093,0.021189299069938092
-0.38750970363616943,-0.4691426157951355,-0.4771037697792053,-0.031517051446064856
-0.40005621314048767,-0.3731227517127991,-0.6747155785560608,-0.060480747381381476
-0.6477080583572388,-0.4723294973373413,-0.10631592571735382,-0.09151498112135022
-0.8210581541061401,-0.8328762650489807,-0.8947622776031494,-0.6671577330056484
-0.9343376755714417,-0.9066718816757202,-1.0224485397338867,-0.7775436633207533
-1.0634108781814575,-0.9430086612701416,-0.9427088499069214,-0.9669785553170893
-1.1383856534957886,-1.2207058668136597,-1.202100157737732,-1.1360826230421395
-1.1066548824310303,-1.1747945547103882,-1.0893065929412842,-0.9649707177976319
-0.9335009455680847,-0.970720112323761,-1.0366010665893555,-0.8948305720006683
-0.8888595104217529,-0.846181333065033,-0.8914135694503784,-0.7801536139756393
-1.1682478189468384,-1.3998839855194092,-1.3783787488937378,-1.3316140833099999
-0.7675878405570984,-0.7349604964256287,-0.7668504118919373,-0.9625735020593764
-0.8905786871910095,-0.9146637916564941,-0.8985453844070435,-1.0409586076789064
-0.8366417288780212,-0.8545570373535156,-0.8872063159942627,-0.8794260687941502
-0.8092177510261536,-0.8505053520202637,-0.8752790689468384,-1.1079053973095196
-0.7851747274398804,-0.9310939908027649,-0.8367895483970642,-0.9507819773298184
-0.8819792866706848,-0.8672860860824585,-0.9408910274505615,0.021142144537753402
-0.9023242592811584,-0.9469225406646729,-0.9648234248161316,-1.0222763947111522
-0.7966579794883728,-0.8855059742927551,-0.8301962614059448,-1.2839966563652008
-0.9314661622047424,-0.9538244009017944,-0.9190848469734192,0.012682453368195807
-0.8295746445655823,-0.8837465643882751,-0.9343833327293396,-1.408935392973501
-0.6831245422363281,-0.7395532131195068,-0.6826146245002747,-0.889410289700751
-0.842609703540802,-0.8319370150566101,-0.8423094749450684,-0.958607314841775
-0.7674522995948792,-0.7876980304718018,-0.7757849097251892,-0.8297382846050426
-0.8152027130126953,-0.799384593963623,-0.8517867922782898,-1.0362121726544447
-0.8340086340904236,-0.8728935718536377,-0.9062151908874512,-0.9030899869919435
-0.9030921459197998,-0.8821665048599243,-0.8945506811141968,-0.9430951486635274
-0.7449648976325989,-0.8698238134384155,-0.8781553506851196,0.029694572594448118
-0.8430061936378479,-0.9016342759132385,-0.9511429071426392,-1.0969100130080565
-0.8051360845565796,-0.8308682441711426,-0.7934348583221436,0.01871297821343185
-0.8650184869766235,-0.8458470106124878,-1.000378966331482,-1.2596373105057561
-0.64391028881073,-0.636532187461853,-0.7930477857589722,-0.8356471442155629
-0.6224989295005798,-0.7088647484779358,-0.7479928731918335,-0.8927900303521317
-0.7157562375068665,-0.7483745813369751,-0.6796958446502686,-0.7798919119599449
-0.712874174118042,-0.7445201277732849,-0.7801105380058289,0.042497151244295546
-0.8124173283576965,-0.8152565360069275,-0.7059511542320251,-0.8507808873446201
-0.6796891689300537,-0.7840495109558105,-0.7444539666175842,-0.8827287043442358
-0.592070460319519,-0.6591756939888,-0.7234413623809814,0.03510139153546975
-0.6771872043609619,-0.7306166291236877,-0.7667968273162842,-0.9913998282380825
-0.735704779624939,-0.7971320748329163,-0.6750592589378357,0.02916413961809315
-0.7957998514175415,-0.7159470319747925,-0.7911533117294312,-1.0506099933550872
-0.41770556569099426,-0.44424012303352356,-0.435480535030365,-0.8096683018297085
-0.5892164707183838,-0.5916042923927307,-0.6584644317626953,-0.8569851997459049
-0.5883032083511353,-0.680941104888916,-0.5213339924812317,-0.7495799976911061
-0.5807943940162659,-0.5831929445266724,-0.5637259483337402,0.0478886777182788
-0.6029322147369385,-0.6472998857498169,-0.5880374908447266,-0.7772835288524167
-0.6049579381942749,-0.5850282907485962,-0.6719315648078918,-0.8153085691824012
-0.5577343702316284,-0.4886951148509979,-0.6508548855781555,0.03977647495960224
-0.5651208758354187,-0.6038403511047363,-0.7337866425514221,-0.9318141382538383
-0.6188148856163025,-0.5116073489189148,-0.5589982867240906,0.03342375548694973
-0.5412598252296448,-0.5685566067695618,-0.6170099973678589,-0.9871627752948278
-0.14312055706977844,-0.36683207750320435,-0.2548907995223999,-0.5670307091255943
-0.5390390753746033,-0.6322595477104187,-0.5921809673309326,-0.5151309672795976
-0.23766425251960754,-0.2901904284954071,-0.40561211109161377,-0.2977418368379057
-0.5168551206588745,-0.46949854493141174,-0.42873823642730713,-0.4103854593687336
-0.5555899739265442,-0.642553448677063,-0.6120612025260925,-0.8063189704587185
-0.46207934617996216,-0.3139602243900299,-0.3319474160671234,-0.43806423668621863
-0.3581131100654602,-0.21968340873718262,-0.2561285197734833,-0.31184724440843364
-0.564024031162262,-0.5978767275810242,-0.5531826019287109,-0.870310107800699
-0.4987567067146301,-0.4202611446380615,-0.5344734191894531,-0.6831912479469778
-0.38392505049705505,-0.4754551649093628,-0.5201667547225952,-0.445389714773836
-0.6651862263679504,-0.7629106044769287,-0.5940939784049988,-0.5895602137896534
-0.4440179467201233,-0.4006158411502838,-0.3789779841899872,-0.3810110796350664
-0.6604648232460022,-0.5450673699378967,-0.7697966694831848,-0.8804142250382161
-0.6800253987312317,-0.6034728288650513,-0.8030373454093933,-0.6613443344212997
-0.30818337202072144,-0.328296035528183,-0.30603641271591187,-0.349401101827343
-0.44543391466140747,-0.4679087996482849,-0.536101222038269,-0.4628107737563554
-0.5170854330062866,-0.06800409406423569,-0.04496512934565544,-0.9329291439546299
-0.6443629860877991,-0.689649760723114,-0.5384739637374878,-0.7160207157615202
-0.6071544289588928,-0.6152247190475464,-0.6541992425918579,-0.5249101966109935
-0.5271245241165161,-0.48896509408950806,-0.508198082447052,-0.38142897187987024
-0.6557532548904419,-0.43711939454078674,-0.4633108079433441,-0.9310723883179282
-0.5535269975662231,-0.5313183069229126,-0.5365294218063354,-0.6029294500405913
-0.5693041086196899,-0.6076465845108032,-0.5714255571365356,-0.40538649083990197
-0.6650323867797852,-0.6770236492156982,-0.5820618867874146,-0.9366666410482505
-0.6699137687683105,-0.6209152936935425,-0.7876165509223938,-0.6895191085373249
-0.5124531388282776,-0.5870152711868286,-0.32979607582092285,-0.6219656775426685
-0.5479052662849426,-0.5638357400894165,-0.5137799978256226,-0.732593581247096
-0.11960551142692566,-0.42885732650756836,-0.2775367200374603,-0.4438181533470888
-0.47749996185302734,-0.29345014691352844,-0.20862124860286713,-1.2006594505464183
-0.33450546860694885,-0.46510186791419983,-0.7156149744987488,-0.8965383779052951
-0.6169969439506531,-0.6113852262496948,-0.599514901638031,-0.7368375350377834
-0.5258702635765076,-0.5735436677932739,-0.45298588275909424,-0.4854522473397139
-0.6189301013946533,-0.6832295060157776,-0.4971068203449249,-0.9738754832545498
-0.3497719168663025,-0.14772401750087738,-0.1490657776594162,-0.505149978319906
-0.4113357961177826,-0.48531249165534973,-0.49055758118629456,-1.2724587429714436
-0.39083927869796753,-0.4965285062789917,-0.5184051990509033,-0.7354182707619226
-0.46523043513298035,-0.5521527528762817,-0.5336001515388489,-0.8359447081065484
-0.5433515310287476,-0.4880942106246948,-0.42538824677467346,-0.10962202152364997
-0.4089830815792084,-0.48706549406051636,-0.35798531770706177,-0.23028157653022965
-0.4011760950088501,-0.5298017859458923,-0.5120659470558167,-0.3696504474354256
-0.49867603182792664,-0.4511573016643524,-0.5631676912307739,-0.5399113897085028
-0.498169481754303,-0.4536570608615875,-0.5598844885826111,-0.6515452046511886
-0.7502725720405579,-0.8357310891151428,-0.7436796426773071,-1.031517051446065
-0.7591574788093567,-0.7939689755439758,-0.7916780114173889,-0.5169835798558678
-0.7595532536506653,-0.6221131086349487,-0.6435934901237488,-0.1966111750163865
-0.5986093282699585,-0.4949806332588196,-0.37915289402008057,-0.08118360963962049
-0.4170790910720825,-0.5885761380195618,-0.6471652388572693,-0.444421927227045
-0.32756635546684265,-0.3286859095096588,-0.2728115916252136,0.18315591543401297
-0.3735520541667938,-0.1928817480802536,-0.2984963655471802,0.23585656875297398
-0.23114044964313507,-0.08908449113368988,-0.0299348384141922,0.4241790135787822
-0.014225658029317856,-0.031263817101716995,-0.0707387700676918,0.3907585287387172
0.30889877676963806,-0.00038291196688078344,0.2557545602321625,0.594878511394642
0.14415942132472992,0.24688303470611572,0.13405485451221466,0.7211756032766088
0.25748422741889954,-0.02422572299838066,0.024730095639824867,0.6056066844300941
0.05070796236395836,0.27136528491973877,0.1577513962984085,0.7745753543387348
0.18683937191963196,0.10628114640712738,0.3601803183555603,0.6695121296915462
0.06277063488960266,0.3163033723831177,0.18557412922382355,0.6961116468379268
-0.029224667698144913,-0.14087222516536713,-0.16442663967609406,0.414973347970818
0.34197932481765747,0.2004033923149109,0.3086203634738922,0.2787536009528289
-0.8282009959220886,-0.7050266265869141,-0.6030304431915283,-0.7925460651913082
-0.5745447278022766,-0.6542424559593201,-0.5848723649978638,-0.7457130130653591
-0.4496610462665558,-0.45621392130851746,-0.3385283052921295,-0.5471819983917817
-0.3799562156200409,-0.30491700768470764,-0.265884131193161,-0.41144259336372124
-1.3441613912582397,-1.2315011024475098,-1.2299314737319946,-1.3045183235098026
-1.004002571105957,-1.0962923765182495,-1.0537465810775757,-1.158015195409886
-1.105299949645996,-1.0520583391189575,-1.1692819595336914,-0.9698052146432488
-1.0652216672897339,-1.030121088027954,-0.8701527714729309,-0.7624562618571256
-0.5607526898384094,-0.554002046585083,-0.5806776881217957,-0.2847489711211507
-0.5355360507965088,-0.4643824100494385,-0.6070840358734131,-0.3617104645857431
-0.4801284074783325,-0.5312035083770752,-0.653728187084198,-0.4381833356810425
-0.4981707036495209,-0.5287597179412842,-0.5677139163017273,-0.5269511949114623
-0.6083409786224365,-0.43833106756210327,-0.4637982249259949,-0.6080069277402871
-0.48085635900497437,-0.6638367772102356,-0.6282806396484375,-0.6983190507064237
-0.5364931225776672,-0.4748391807079315,-0.46253713965415955,-0.7969671129852893
-0.570962131023407,-0.6762391924858093,-0.6684567928314209,-0.8764750190572681
-0.6336101293563843,-0.5311344861984253,-0.47015076875686646,-0.9913998282380825
-0.6332477927207947,-0.8212305903434753,-0.7214707136154175,-1.056011124926228
-0.653048574924469,-0.7696807980537415,-0.5715249180793762,-1.0920514783877278
-0.9335669875144958,-1.1950362920761108,-1.2353934049606323,-0.8781120148963188
-0.9568980932235718,-1.123443841934204,-1.2234028577804565,-0.585026652029182
-1.0751334428787231,-1.0842469930648804,-1.054150938987732,-0.4089353929735008
-1.165743112564087,-1.022644281387329,-1.2519866228103638,-0.061480274823508096
-0.8864743709564209,-1.090673565864563,-0.8904599547386169,-0.021363051615525673
-1.033902645111084,-1.0177520513534546,-1.2036089897155762,0.0
0.18468105792999268,0.29231202602386475,0.3654109835624695,0.004321373782642578
0.33053097128868103,0.33125853538513184,0.28864696621894836,0.22788670461367355
0.03023740090429783,0.21663618087768555,0.22355052828788757,0.07188200730612536
0.06251731514930725,0.09940896928310394,0.02998289093375206,0.0
-0.024236535653471947,0.18094074726104736,0.18292002379894257,-0.00877392430750515
0.15312695503234863,0.20234942436218262,0.128540500998497,-0.022276394711152253
0.14534541964530945,0.20968742668628693,0.21880684792995453,-0.060480747381381476
0.07794901728630066,0.12351511418819427,0.3029622733592987,-0.09151498112135022
-0.9539229869842529,-0.9292691349983215,-0.8355038166046143,-0.5482135644757098
-0.936670184135437,-0.970209002494812,-0.9562678337097168,-0.5058454059815571
-0.8603688478469849,-0.8021247982978821,-0.8490944504737854,-0.5272435506827877
-0.6671650409698486,-0.8800088167190552,-0.7502501606941223,-0.6143937264016879
-0.8251917362213135,-0.8208943009376526,-0.7165029048919678,-0.6307841425898572
-0.7254703044891357,-0.8966056704521179,-0.7985532879829407,-0.6420651529995461
-1.1697545051574707,-1.0864614248275757,-0.6664873361587524,-0.6556077263148893
-0.651524543762207,-0.8439089059829712,-0.5303970575332642,-0.5331323796458906
-1.2049590349197388,-1.5544120073318481,-1.0564364194869995,-1.5686362358410126
0.21326002478599548,0.2412620633840561,0.1821381002664566,0.6142258599923229
0.11423181742429733,0.1621614247560501,0.18608181178569794,0.5026753343752224
0.15361186861991882,0.15525470674037933,0.2692244350910187,0.3979400086720376
-0.15711742639541626,-0.10411669313907623,-0.176321342587471,-0.05270649061101971
0.18634280562400818,-0.0723901316523552,0.05940108001232147,0.012234275460939763
0.20846322178840637,0.09793193638324738,0.07654816657304764,0.0
-0.03113550879061222,-0.05738794431090355,-0.1255037933588028,0.07918124604762482
0.14505106210708618,0.17460155487060547,0.12487541139125824,0.3979400086720376
-0.03187523037195206,0.06644070893526077,0.14855262637138367,0.3010299956639812
-0.0019391735550016165,0.13055767118930817,0.1195015013217926,0.45895420227774913
0.010422339662909508,0.01124402042478323,-0.05330615118145943,0.5563025007672873
0.07447651028633118,0.17499063909053802,0.14157216250896454,0.47712125471966244
0.25414368510246277,0.20314975082874298,0.34831395745277405,0.6232492903979004
0.03508266434073448,0.09264590591192245,0.021776940673589706,0.056481398322639535
0.22494086623191833,0.07751469314098358,0.008611390367150307,-0.009759738585876107
-0.26918482780456543,0.07410427182912827,-0.15576212108135223,-0.056615308200927285
-0.1987844854593277,-0.011370730586349964,-0.25208771228790283,-0.15039634191755286
-0.3966177999973297,-0.49185821413993835,-0.476375937461853,-0.4171880677667206
-0.19814398884773254,-0.42011672258377075,-0.37964874505996704,-0.19859834825520903
-0.410350501537323,-0.3910524249076843,-0.5644437074661255,-0.6540952452175399
-0.17253310978412628,-0.05637319013476372,-0.10660198330879211,-0.21463955186702402
-0.12284883856773376,-0.1183493360877037,-0.1305190771818161,-0.14232080958840296
0.1530838906764984,-0.0778980478644371,-0.01655695028603077,-0.11383088459996327
0.031287435442209244,-0.0017265882343053818,-0.013169636949896812,0.07332896001958884
0.2365204095840454,0.17470435798168182,0.02472073771059513,0.20087319676866625
0.263277143239975,0.35807421803474426,0.2847793400287628,0.3443618130491732
-0.0719711109995842,-0.06156669929623604,-0.09122131019830704,-0.12816796601886354
-0.1494463086128235,-0.24637793004512787,-0.30561357736587524,-0.19081481538992665
-0.03314778953790665,-0.059849079698324203,0.08322563767433167,0.018284308426530838
-0.5544353127479553,-0.6890594959259033,-0.46963709592819214,-1.1018235165023234
-0.5323050618171692,-0.6833890676498413,-0.7473122477531433,-1.0655015487564323
-0.7121121287345886,-0.5803160667419434,-0.2318873554468155,-0.9408153823686288
-0.41186392307281494,-0.1613929122686386,-0.05038119852542877,-0.8833922560117515
0.01862397976219654,0.10447341948747635,0.22303049266338348,-0.12436006299583162
-0.018103329464793205,-0.14124704897403717,0.04844382405281067,-0.15304467498017607
0.10357353091239929,-0.005317410454154015,-0.0012116230791434646,-0.16877030613293661
-0.10647741705179214,-0.11854585260152817,-0.11718564480543137,-0.21253952548158495
0.040629081428050995,-0.17136485874652863,-0.031501997262239456,-0.22257317761068865
0.03368731960654259,-0.17424267530441284,-0.07822250574827194,0.09691001300805642
0.0771840512752533,-0.14191335439682007,0.00550552923232317,0.07918124604762482
0.06477237492799759,0.08185519278049469,-0.026549849659204483,0.2671717284030138
0.020144307985901833,-0.07795260101556778,-0.07676854729652405,-0.09691001300805639
-0.1261720359325409,-0.08734820783138275,-0.12006422877311707,0.07918124604762482
-0.2171621322631836,-0.10355072468519211,-0.23451219499111176,0.4471580313422192
-0.15221059322357178,-0.12901468575000763,-0.13257719576358795,0.0
-0.40676116943359375,-0.38471364974975586,-0.28675171732902527,-0.2294462081232535
-0.05314520746469498,0.00010915781604126096,-0.07844670116901398,0.146128035678238
0.05857538431882858,-0.12966807186603546,-0.05594004690647125,-0.1870866433571444
-0.15008780360221863,-0.11323259770870209,-0.2514120042324066,0.0
-0.2165198028087616,-0.1870393007993698,-0.23112383484840393,-0.2471835688117286
-0.22763563692569733,-0.19266574084758759,-0.24123920500278473,-0.07058107428570727
-0.4997037351131439,-0.530855655670166,-0.546720027923584,-0.2924298239020636
-0.05241575837135315,-0.31265920400619507,-0.163458913564682,0.38021124171160603
-0.19902069866657257,-0.2363245040178299,-0.28261440992355347,0.09691001300805642
-0.034292347729206085,-0.08255963027477264,-0.09286960959434509,-0.2924298239020636
-0.3909638822078705,-0.36273664236068726,-0.2703803777694702,0.3010299956639812
-0.43864578008651733,-0.48400378227233887,-0.4377097487449646,-0.3295611700367185
-0.02143291011452675,-0.05422144755721092,-0.14238645136356354,-0.3018994543766101
-0.23683354258537292,-0.14390964806079865,-0.15782730281352997,-0.29929628285498067
-0.18876996636390686,-0.26056432723999023,-0.19163379073143005,-0.38721614328026455
-0.34685853123664856,-0.39054515957832336,-0.35487985610961914,-0.41341269532824504
-0.1466241180896759,-0.0990622490644455,-0.09683381766080856,-0.1549019599857432
-0.21325278282165527,-0.15501731634140015,-0.10616156458854675,-0.1549019599857432
-0.20043326914310455,-0.108575738966465,-0.24418006837368011,-0.09691001300805639
-0.24458706378936768,-0.1046588197350502,-0.1583000272512436,-0.1549019599857432
-0.20583286881446838,-0.16301685571670532,-0.08308189362287521,-0.3010299956639812
-0.11833932995796204,-0.15242941677570343,-0.1570483148097992,-0.09151498112135022
-0.31999191641807556,-0.15685777366161346,-0.20580008625984192,-0.36653154442041347
-0.1973743438720703,-0.08023308962583542,-0.20806601643562317,0.0
-0.3787890076637268,-0.25844624638557434,-0.3817683756351471,-0.549750891680639
-0.19554540514945984,-0.08139202743768692,-0.16085103154182434,0.07918124604762482
-0.1264868676662445,-0.15483058989048004,-0.16017135977745056,0.11394335230683678
-0.0953698679804802,-0.0517730675637722,0.07800093293190002,0.0
0.0943366214632988,0.06498806178569794,0.07397261261940002,0.11394335230683678
0.2895568907260895,0.23772478103637695,0.3421749472618103,0.20411998265592482
0.24863722920417786,0.22100771963596344,0.33184513449668884,0.3424226808222063
-0.29305002093315125,-0.17444419860839844,-0.12669764459133148,-0.5228787452803376
-0.2412211000919342,-0.1104716882109642,-0.4132104516029358,-0.5376020021010439
-0.13643047213554382,-0.39077869057655334,-0.12194791436195374,-0.46852108295774486
-0.10731873661279678,-0.14326804876327515,-0.14250122010707855,-0.431798275933005
-0.2587491273880005,-0.12059833854436874,-0.14000384509563446,-0.38721614328026455
-0.20470775663852692,-0.26088249683380127,-0.3660447299480438,-0.4188471080337112
-0.6141045093536377,-0.7031973004341125,-0.6251358985900879,-1.154901959985743
-0.7611846923828125,-0.7828091382980347,-0.7475489377975464,-1.0969100130080565
-0.8074398636817932,-0.7671952843666077,-0.7921702861785889,-1.0457574905606752
-0.7567277550697327,-0.8282068371772766,-0.8316224813461304,-1.0457574905606752
-0.8371700048446655,-0.8541195392608643,-0.8356595635414124,-0.8860566476931632
-0.70433509349823,-0.8015089631080627,-0.819828987121582,-0.8239087409443188
-0.835798442363739,-0.7789776921272278,-0.7377620339393616,-0.7825160557860937
-0.9237728714942932,-0.7562418580055237,-0.7306939959526062,-0.744727494896694
-0.6411772966384888,-0.6354459524154663,-0.7261278033256531,-1.5228787452803376
-0.8654980659484863,-0.770494282245636,-0.7937827706336975,-1.3979400086720375
-0.7966005206108093,-0.8747766613960266,-0.8492737412452698,-1.1674910872937636
-0.8686800599098206,-0.9126682877540588,-0.8760664463043213,-1.1739251972991736
-0.8697469830513,-0.7566619515419006,-0.8478336334228516,-0.958607314841775
-0.754928708076477,-0.9349358081817627,-0.8627974987030029,-0.9208187539523752
-1.056882381439209,-0.8893886804580688,-0.8636552691459656,-0.8538719643217619
-1.000553011894226,-0.9305897951126099,-0.9099457263946533,-0.7958800173440752
-0.3079194724559784,-0.49523431062698364,-0.22249560058116913,-0.2676062401770315
-0.12440557032823563,-0.08910166472196579,-0.13643746078014374,0.13033376849500614
-0.7083969712257385,-0.7043250799179077,-0.7438457608222961,-0.5917600346881504
-0.8140617609024048,-0.7375492453575134,-0.7335798740386963,-0.8356471442155629
-0.8053648471832275,-0.7750374674797058,-0.876488983631134,-0.6903698325741012
-0.874756932258606,-0.8419413566589355,-0.8001437187194824,-0.7099653886374819
-0.9761139750480652,-0.8343425393104553,-0.9071576595306396,-0.9244530386074693
-0.878424346446991,-0.8626494407653809,-0.805924117565155,-0.8068754016455384
-0.9305693507194519,-0.8309004902839661,-0.9424346685409546,-0.8446639625349383
-0.924915611743927,-0.9093669056892395,-0.874679446220398,-0.9871627752948278
-0.9983668923377991,-0.9523051977157593,-0.8644607663154602,-1.0757207139381184
-0.9764083623886108,-1.0469833612442017,-1.0331262350082397,-1.3767507096020994
-0.8706132173538208,-0.7276875376701355,-0.7677856683731079,-0.6216020990518624
-0.8313038349151611,-0.9036551713943481,-0.9225037693977356,-0.7235381958267558
-0.8439422845840454,-0.836391031742096,-0.8028230667114258,-0.8728952016351923
-0.938114583492279,-1.0187242031097412,-0.9825653433799744,-1.0
-0.946164608001709,-0.8666002154350281,-0.8908621668815613,-0.7351821769904635
-0.9620698094367981,-0.937404453754425,-0.8973304629325867,-0.9030899869919435
-1.0164029598236084,-0.9334506988525391,-0.8458729386329651,-0.9136401693252518
-0.9995272755622864,-1.0173991918563843,-0.9647901654243469,-1.0969100130080565
-0.8755382895469666,-0.9201461672782898,-0.98088538646698,-1.2518119729937995
-1.0615819692611694,-1.019172191619873,-1.0259720087051392,-1.3979400086720375
-0.86442631483078,-0.895178496837616,-0.9747747778892517,-0.6695862266508091
-1.1365208625793457,-0.9727441072463989,-1.0252199172973633,-0.9469215565165803
-1.099600076675415,-1.0285148620605469,-1.035854458808899,-0.958607314841775
-0.9932284355163574,-1.001240849494934,-1.068987488746643,-0.889410289700751
-1.1114634275436401,-1.1416003704071045,-1.277845025062561,-1.0362121726544447
-1.079253077507019,-1.0449544191360474,-1.1149533987045288,-1.0969100130080565
-1.0121111869812012,-1.101822018623352,-1.1183154582977295,-1.1739251972991736
-1.1061604022979736,-1.1032649278640747,-1.1802035570144653,-1.2218487496163564
-1.1417804956436157,-1.1190814971923828,-1.1901870965957642,-1.5086383061657274
-1.0561288595199585,-1.2501026391983032,-1.186364769935608,-1.5686362358410126
-0.8475561141967773,-0.9953203201293945,-0.8914029002189636,-0.6307841425898572
-1.0971062183380127,-1.0232861042022705,-0.9973734617233276,-0.7746907182741372
-1.176125168800354,-0.8769263029098511,-0.8295402526855469,-0.9393021596463883
-1.0463838577270508,-1.1844384670257568,-1.0031442642211914,-1.0915149811213503
-1.0520952939987183,-1.1026743650436401,-1.1341902017593384,-0.8124792791635369
-1.0397599935531616,-1.0687768459320068,-0.871090829372406,-0.728158393463501
-0.846133828163147,-0.6920737624168396,-0.9423073530197144,-0.6536470255493614
-0.5967004299163818,-0.5294956564903259,-0.4580448567867279,-0.5702477199975919
-0.1870293915271759,-0.15478664636611938,-0.12138326466083527,-0.5867002359187481
-0.06887302547693253,-0.10490177571773529,-0.14778365194797516,-1.2612194415156308
-0.2185487151145935,-0.14398087561130524,-0.22170160710811615,-0.632644078973981
-0.2863311767578125,-0.15591563284397125,-0.18518303334712982,-0.7695510786217261
-0.4671497941017151,-0.31239569187164307,-0.3067735433578491,-0.8013429130455774
-0.45240646600723267,-0.36710217595100403,-0.5253820419311523,-0.8996294548824371
-0.7361466884613037,-0.934972882270813,-0.7567295432090759,-0.954665283683257
-0.6494337320327759,-0.8450721502304077,-0.8488170504570007,0.19242889185267814
-0.8254624605178833,-0.8447003364562988,-0.836159348487854,-0.7004055460750772
-0.8814672827720642,-0.9075565338134766,-0.9576299786567688,-0.007774425390468595
-0.7258185148239136,-0.823161244392395,-0.8670042157173157,-0.8730929478673854
-0.7963096499443054,-0.8276165127754211,-0.7740364670753479,-1.1897674820049158
-1.0006924867630005,-0.9360835552215576,-0.8427290916442871,-0.9747064262624288
-0.963169276714325,-0.8792160153388977,-0.8036640882492065,-0.9889246043110689
-0.8611875176429749,-0.9195107221603394,-0.9649806618690491,-1.0
-0.8213146328926086,-0.8960012197494507,-0.9009143710136414,-1.4078232426041333
-0.7044665217399597,-0.7527421116828918,-0.7508546113967896,-0.24241116296647103
-0.892187237739563,-0.8630816340446472,-0.9466835856437683,-0.36806133618362513
-0.7669163346290588,-0.8015126585960388,-0.8274307250976562,-0.5367462373585933
-0.7568917274475098,-0.7470834255218506,-0.9001356959342957,-0.7299037185796695
-0.816577672958374,-0.8660219311714172,-0.8118768930435181,-0.5564835524411349
-0.7719977498054504,-0.8076645135879517,-0.81810462474823,-1.0428718023231869
-0.8194801211357117,-0.8351218700408936,-0.8365128636360168,-0.7853362626166637
-0.7966617941856384,-0.8205134272575378,-0.9182958006858826,-0.8460845738400542
-0.8127754330635071,-0.8785741329193115,-0.8455801606178284,-0.8224635000701379
-0.9070110321044922,-0.8912772536277771,-0.9071382284164429,-1.274905478918531
-0.6378036141395569,-0.7432387471199036,-0.6022250056266785,-0.6522992847276528
-0.8100718259811401,-0.6749341487884521,-0.7152332663536072,-0.5604446886106418
-0.7314088940620422,-0.780287504196167,-0.7108360528945923,-0.4611122199853002
-0.640537440776825,-0.6668131351470947,-0.7306884527206421,-0.5485129164691497
-0.6842156052589417,-0.7319376468658447,-0.7934268116950989,-1.0710923097560472
-0.7217274904251099,-0.7755357623100281,-0.8196321725845337,-0.27318968816095895
-0.7137706279754639,-0.7064927816390991,-0.8331660032272339,-0.5829071302537867
-0.7873849272727966,-0.7818126678466797,-0.7213619351387024,-0.7366859256781294
-0.7655512094497681,-0.8141081929206848,-0.7876662015914917,-0.7385729632304492
-0.7347482442855835,-0.8500893712043762,-0.7120289206504822,-1.1706962271689751
-0.49655866622924805,-0.5209687352180481,-0.6008012294769287,-1.0649514542830874
-0.49920666217803955,-0.5226064920425415,-0.5520078539848328,-0.39758294828163654
-0.5730758309364319,-0.6965406537055969,-0.4919949173927307,-0.43884492941755243
-0.5380120277404785,-0.5906095504760742,-0.5642856359481812,-0.5135015129792433
-0.4866670072078705,-0.7278546094894409,-0.6099264025688171,-0.2487416872076058
-0.5186068415641785,-0.5764568448066711,-0.5305311679840088,-0.8386319977650252
-0.593053936958313,-0.5527401566505432,-0.7192791700363159,-0.5755855627799054
-0.5760266780853271,-0.5850263237953186,-0.6997285485267639,-0.7058094288663243
-0.5796221494674683,-0.5457031726837158,-0.6338715553283691,-0.7067612313300833
-0.6801562905311584,-0.627901017665863,-0.6752575039863586,-1.0741724253752576
-1.1379097700119019,-1.1825662851333618,-1.1643271446228027,-1.154901959985743
-0.9568255543708801,-0.8774221539497375,-1.2040847539901733,-1.3979400086720375
-1.0549860000610352,-0.7596400380134583,-0.9144949913024902,-0.7887806452865336
-0.10343938320875168,-0.10455480962991714,-0.31542956829071045,-0.9913998282380825
-1.11064612865448,-1.088443636894226,-1.1116089820861816,-1.6382721639824072
-2.2465431690216064,-2.285128116607666,-2.283834218978882,-0.8227521637443765
-2.241213798522949,-2.3632712364196777,-3.0848190784454346,-0.5678327305574118
-2.7515294551849365,-1.6019114255905151,-3.0698320865631104,-0.7700623140920662
-2.818709135055542,-1.6128767728805542,-3.113020896911621,-0.5868679495651279
-0.0456618033349514,0.034526292234659195,-0.03618864342570305,-0.48030585777695184
0.19437043368816376,-0.03953073173761368,0.13251039385795593,-0.4782331678974931
0.34439435601234436,0.3361243009567261,0.30449366569519043,-0.4782331678974931
-0.1435089409351349,-0.24352465569972992,-0.04540233686566353,-0.5673433213297185
0.16769269108772278,0.08917892724275589,-0.016653219237923622,-0.5673433213297185
0.36502984166145325,0.28359225392341614,0.3421812057495117,-0.31188553738779184
-0.15451093018054962,-0.24395181238651276,-0.1024322435259819,-0.5439423342934175
-0.18423977494239807,-0.028714915737509727,-0.04766266420483589,-0.3637860061528278
0.23254108428955078,0.1572510451078415,-0.0024049426428973675,-0.17810147614512115
-0.5211058855056763,-0.5425726771354675,-0.4849982261657715,-0.5220283612002359
-0.11699482798576355,-0.18054671585559845,-0.43822556734085083,-0.3226851081391375
-0.0416916087269783,-0.09688674658536911,-0.05966011807322502,-0.2105934635647474
-0.523975133895874,-0.3928327262401581,-0.311177134513855,-0.5364862514572177
-0.1993798315525055,-0.48800626397132874,-0.20018498599529266,-0.36317623205264593
-0.008070087991654873,-0.21316121518611908,-0.010058322921395302,-0.23669107934973807
-0.556749165058136,-0.7246666550636292,-0.7884300947189331,-0.5668016031061403
-0.6083401441574097,-0.3174471855163574,-0.6990298628807068,-0.37724732999000976
-0.20164737105369568,-0.37256109714508057,-0.24935312569141388,-0.2358485356388072
-0.4473062753677368,-0.39609038829803467,-0.42661944031715393,-0.15946547079652254
-1.0663800239562988,-0.9720537066459656,-1.0789434909820557,-0.4962093169428189
-0.9217504262924194,-1.0198596715927124,-1.1268175840377808,-1.496209316942819
-0.2554081976413727,-0.19569538533687592,-0.2114618569612503,-0.20388865217693533
-0.10210473090410233,-0.14491607248783112,-0.25002238154411316,-0.006607862550997468
-0.29443779587745667,-0.39600202441215515,-0.24217186868190765,-0.3601152580836957
-0.028128480538725853,-0.02715764194726944,-0.09611371904611588,0.0589950935254163
0.3637937009334564,0.35286593437194824,0.34662705659866333,-0.09691001300805639
-1.2726155519485474,-1.1184650659561157,-1.330962061882019,-1.1804560644581312
-1.2729768753051758,-1.1023287773132324,-1.1174594163894653,-1.2218487496163564
-1.0531262159347534,-1.0975278615951538,-1.1728026866912842,-1.2596373105057561
-1.0809814929962158,-1.061732292175293,-1.154577374458313,-1.494850021680094
-1.1147202253341675,-1.0780616998672485,-1.1394751071929932,-1.585026652029182
-1.0364959239959717,-1.0495483875274658,-0.9999588131904602,-1.6989700043360187
-1.4041054248809814,-1.4298205375671387,-1.3145229816436768,-1.6777807052660807
-1.3013558387756348,-1.4953124523162842,-1.2931112051010132,-1.6989700043360187
-1.2203112840652466,-1.3821669816970825,-1.2727397680282593,-1.744727494896694
-1.3250305652618408,-1.2195050716400146,-1.1223688125610352,-2.0457574905606752
-1.215566873550415,-1.2120405435562134,-1.1865615844726562,-1.853871964321762
-1.0051963329315186,-1.1732347011566162,-1.1794935464859009,-1.8239087409443189
-1.2153592109680176,-1.9445595741271973,-1.0631591081619263,-0.09691001300805639
-0.7663609981536865,-0.8094072341918945,-0.7163129448890686,-0.4145392704914993
-0.6658140420913696,-0.6270782947540283,-0.833745002746582,-0.9030899869919435
-0.712205708026886,-0.6843189597129822,-0.7109382152557373,-0.8601209135987634
-0.7246572971343994,-0.826235294342041,-0.7695342898368835,-0.645891560852599
-1.978852391242981,-2.94097900390625,-3.2674636840820312,-4.0
-3.4548118114471436,-3.629196882247925,-3.7904672622680664,-3.3979400086720375
-3.40010404586792,-3.35323429107666,-3.037914276123047,-3.552841968657781
-1.9703400135040283,-3.6933631896972656,-3.7155699729919434,-3.6989700043360187
-2.029526710510254,-3.014101982116699,-3.792428970336914,-3.853871964321762
-2.137115001678467,-3.201744556427002,-3.847654342651367,-4.0
-1.920444130897522,-2.908949136734009,-2.9825897216796875,-4.0
-1.8981612920761108,-3.657935380935669,-3.0287253856658936,-4.0
-1.7617390155792236,-2.9591732025146484,-3.4669978618621826,-3.8239087409443187
-3.0197908878326416,-2.9286816120147705,-3.260725975036621,-3.744727494896694
-2.18194842338562,-3.2645158767700195,-3.813155174255371,-4.0
-0.38260746002197266,-0.2638937830924988,-0.256772518157959,0.10455539124051359
-0.080407053232193,-0.3367246091365814,0.02114185504615307,-0.11407366019856895
-0.20673701167106628,-0.3656967282295227,-0.2901216149330139,-0.26672246606741823
-0.40940389037132263,-0.1874459832906723,-0.2007497102022171,-0.5454600150351813
-0.36789408326148987,-0.4309566020965576,-0.38090941309928894,-0.19756837356927645
-0.2765718996524811,-0.13489119708538055,-0.3620745539665222,0.046846203945821285
-0.22814279794692993,-0.12363491952419281,-0.18587324023246765,0.24022465412227756
-1.0180449485778809,-0.4826586842536926,-0.5271804928779602,-0.22184874961635637
-0.43465927243232727,-0.44014596939086914,-0.4314121901988983,-0.045757490560675115
-0.7185468077659607,-0.3974597454071045,-0.40077489614486694,0.18184358794477254
-0.558631956577301,-0.2521514296531677,-0.20402052998542786,0.4065401804339551
-1.0921099185943604,-0.955531656742096,-1.0680278539657593,-2.0
-0.8217226266860962,-0.8609992265701294,-0.8144268989562988,-1.3010299956639813
-0.6690906882286072,-0.8508952856063843,-0.6908466219902039,-0.9208187539523752
-0.6355670690536499,-0.6406367421150208,-0.5487734079360962,-0.6989700043360187
-1.4461896419525146,-1.3544394969940186,-1.4936443567276,-1.3665315444204136
-1.1288890838623047,-1.0596727132797241,-1.167905569076538,-1.2365720064370627
-1.2251054048538208,-1.3099123239517212,-1.2998286485671997,-1.2596373105057561
-0.8694522976875305,-0.9338969588279724,-0.9377397894859314,-1.0969100130080565
-1.398869514465332,-1.4257521629333496,-1.4008114337921143,-1.275724130399211
-1.1760401725769043,-1.1773433685302734,-1.1343852281570435,-1.2441251443275085
-0.8219093680381775,-0.6854128837585449,-0.7593003511428833,-0.958607314841775
-1.0473695993423462,-1.0848445892333984,-0.9751990437507629,-1.0705810742857071
-1.1826623678207397,-1.291899561882019,-1.2154213190078735,-1.1249387366083
-0.6440146565437317,-0.6221877932548523,-0.671330451965332,-0.8239087409443188
-1.0023956298828125,-0.8585028648376465,-0.9827444553375244,-0.9393021596463883
-1.0303553342819214,-1.2617204189300537,-1.0835622549057007,-1.0222763947111522
0.13024654984474182,0.06251303851604462,-0.0012390412157401443,-0.045757490560675115
-0.0018608258105814457,-0.05948755890130997,-0.010791316628456116,-0.1549019599857432
-0.08116016536951065,-0.04367714747786522,-0.007814696058630943,-0.1549019599857432
-0.1349153071641922,-0.0420832596719265,-0.1282372921705246,-0.1549019599857432
-0.2927948236465454,-0.4200143814086914,-0.2071687877178192,-0.1549019599857432
-0.34048205614089966,-0.4230712652206421,-0.3329368531703949,-0.1549019599857432
-0.10840997844934464,-0.16779494285583496,-0.1089375913143158,-0.045757490560675115
-0.10270771384239197,-0.1670977920293808,-0.015741219744086266,-0.09691001300805639
-0.5161226391792297,-0.5370185375213623,-0.43086159229278564,-0.36051351073141397
0.09830567240715027,0.24151499569416046,0.1700301617383957,0.32159843046534387
-0.6763173341751099,-0.7577507495880127,-0.6556359529495239,-1.2218487496163564
-0.2233392298221588,-0.2565452456474304,-0.14459125697612762,0.012837224705172217
-0.614612877368927,-0.7300564050674438,-0.5769112706184387,-1.2218487496163564
-0.027118539437651634,-0.002793809399008751,0.04615369066596031,0.0
-0.6924395561218262,-0.8441386222839355,-0.907673716545105,-1.1079053973095196
-0.13087911903858185,-0.21596799790859222,-0.17208103835582733,-0.08039897621588903
-0.7611309885978699,-0.7847322821617126,-0.9960681796073914,-0.906578314837765
-0.33259594440460205,-0.2317477911710739,-0.17454233765602112,-0.1180450286603995
-1.3855572938919067,-1.3106143474578857,-1.325318694114685,-1.1023729087095586
-1.2254998683929443,-1.169426679611206,-1.1389516592025757,-2.3010299956639813
-0.9507024884223938,-1.1296745538711548,-0.9575747847557068,-2.0
-0.9969487190246582,-0.7423717379570007,-0.6861922740936279,-1.0969100130080565
-1.3358179330825806,-1.4239259958267212,-1.500203251838684,-0.4559319556497244
-1.08331298828125,-1.138765811920166,-1.258565902709961,-2.0
-1.1338645219802856,-1.1023902893066406,-0.9461703896522522,-1.5228787452803376
-0.9828704595565796,-0.8332265615463257,-0.7876290678977966,-1.0969100130080565
-1.50983464717865,-1.4372669458389282,-1.432382583618164,-0.4559319556497244
-1.1531137228012085,-1.315268874168396,-1.156802773475647,-1.3979400086720375
-1.10114324092865,-0.9954267144203186,-1.1744558811187744,-1.154901959985743
-0.8637840151786804,-0.7863008975982666,-0.9180133938789368,-1.0969100130080565
-1.5638712644577026,-1.3817179203033447,-1.5302109718322754,-0.4559319556497244
-1.20303475856781,-1.3584880828857422,-1.3960661888122559,-1.5228787452803376
-1.1852480173110962,-1.2198255062103271,-1.0688090324401855,-1.0457574905606752
-1.1318628787994385,-0.8595997095108032,-0.9210662245750427,-1.0969100130080565
-1.6723979711532593,-1.803274393081665,-1.7366231679916382,-0.4559319556497244
-1.5395727157592773,-1.5870327949523926,-1.608689546585083,-1.6989700043360187
-1.1913484334945679,-1.3987196683883667,-1.4486004114151,-1.0969100130080565
-1.1626304388046265,-1.3048510551452637,-1.2743263244628906,-1.0969100130080565
-1.1740005016326904,-0.9779787659645081,-1.0314403772354126,-1.5228787452803376
-1.5247087478637695,-1.3642842769622803,-1.2281877994537354,-1.5228787452803376
-1.5426157712936401,-1.6569817066192627,-1.634319543838501,-1.5686362358410126
-1.3344345092773438,-1.2631618976593018,-1.3000301122665405,-1.3010299956639813
-1.5682731866836548,-1.5067535638809204,-1.6719062328338623,-1.4559319556497243
-1.842142939567566,-1.7506120204925537,-1.8164598941802979,-1.6382721639824072
-1.4673937559127808,-1.2704463005065918,-1.332330346107483,-1.1079053973095196
-1.6129485368728638,-1.7052921056747437,-1.8710561990737915,-1.4685210829577449
-1.9540629386901855,-1.8580901622772217,-2.019808530807495,-1.6989700043360187
-1.3453198671340942,-1.321984887123108,-1.2616043090820312,-1.4202164033831899
-1.742138147354126,-1.6988581418991089,-1.4853694438934326,-1.5528419686577808
-1.9517987966537476,-1.8987195491790771,-2.0617425441741943,-1.585026652029182
-0.619971513748169,-0.604816198348999,-0.594413697719574,-0.2915790998652873
-0.7626336812973022,-0.7454186677932739,-0.828652024269104,-1.0457574905606752
-0.7654908895492554,-0.7730419039726257,-0.8905656337738037,-0.9208187539523752
-0.9235023856163025,-0.7797701954841614,-0.9424757957458496,-0.8696662315049939
-0.8482043743133545,-0.8494603037834167,-0.9091913104057312,-0.8728952016351923
-1.1448562145233154,-1.1425467729568481,-1.1896306276321411,-0.7695510786217261
-0.9163743257522583,-0.7781965136528015,-0.9652832746505737,-0.744727494896694
-0.8995786309242249,-0.8470077514648438,-0.7734736800193787,-0.638272163982407
-0.47292861342430115,-0.49399447441101074,-0.594981849193573,-0.6020599913279624
-0.17321375012397766,-0.13683046400547028,-0.22115807235240936,0.07483398754248842
-0.18227127194404602,-0.2602437734603882,-0.19593963027000427,-0.07456877754272212
-0.39413630962371826,-0.3536944091320038,-0.41852182149887085,-0.39621278437488217
-0.5026425719261169,-0.7543572187423706,-0.5258525013923645,-0.6624808401530248
-0.7028355002403259,-0.7735638618469238,-0.6395136713981628,-0.36705503314702814
-0.8050680756568909,-0.9940032362937927,-0.81654292345047,-0.18908766448515754
-0.9925172924995422,-0.9023947715759277,-0.8533255457878113,-0.619788758288394
-0.5903093218803406,-0.5478838086128235,-0.5445798635482788,-0.5528419686577808
-0.31637635827064514,-0.3226369321346283,-0.29578593373298645,-0.5228787452803376
-0.9245851039886475,-0.9827218651771545,-1.0028196573257446,-0.7958800173440752
-0.6083446145057678,-0.6145936250686646,-0.5962193012237549,-0.721246399047171
-0.3566523492336273,-0.3984827399253845,-0.3547789752483368,-0.6777807052660807
-1.0782698392868042,-1.0287103652954102,-1.0658634901046753,-0.6575773191777937
-0.6968650221824646,-0.77261883020401,-0.7354760766029358,-0.619788758288394
-0.41815871000289917,-0.43284252285957336,-0.3208840787410736,-0.5528419686577808
-1.356399655342102,-1.4046348333358765,-1.2200475931167603,-1.3010299956639813
-0.9700666069984436,-1.214400053024292,-1.4013875722885132,-2.661543506395395
-1.472469449043274,-1.298945665359497,-1.3843008279800415,-1.6989700043360187
-1.2844475507736206,-1.3585067987442017,-1.44288969039917,-1.3979400086720375
-1.242574691772461,-1.1806890964508057,-1.363226294517517,-1.5228787452803376
-1.274761438369751,-1.2165549993515015,-1.1951959133148193,-1.5228787452803376
-1.2198083400726318,-1.405186653137207,-1.2435235977172852,-2.0
-0.9511936902999878,-0.958645224571228,-0.848057746887207,-1.3979400086720375
-1.4152334928512573,-1.3312329053878784,-1.5065890550613403,-1.3010299956639813
-1.1434683799743652,-1.4159727096557617,-1.1837635040283203,-2.0
-0.6857342720031738,-0.9256896376609802,-0.8787705302238464,-1.5228787452803376
-1.3519160747528076,-1.5283315181732178,-1.4691599607467651,-2.0
-1.1835756301879883,-1.4897037744522095,-1.561160922050476,-2.6903698325741012
-1.6432055234909058,-1.6532011032104492,-1.6610857248306274,-2.0
-1.6475512981414795,-1.6490161418914795,-1.7270348072052002,-1.5228787452803376
-1.3982235193252563,-1.6072179079055786,-1.6382231712341309,-1.0457574905606752
-1.4361991882324219,-1.6770424842834473,-1.6660925149917603,-2.0
-1.7017556428909302,-1.7615742683410645,-1.764661192893982,-1.3010299956639813
-1.0115635395050049,-1.3468068838119507,-1.5197830200195312,-0.5528419686577808
-1.3597395420074463,-1.8532415628433228,-1.7585958242416382,-2.0
-1.7687846422195435,-1.7622591257095337,-1.7927886247634888,-0.431798275933005
-0.9500845670700073,-1.004614233970642,-0.9647684097290039,-1.1307682802690238
-1.0016722679138184,-1.1456750631332397,-1.0285987854003906,-0.7099653886374819
0.3835586905479431,0.2540871500968933,0.2680867612361908,-1.6020599913279623
0.08313760161399841,0.012074696831405163,0.0356074683368206,0.24608452348596643
-0.3640209138393402,-0.30762895941734314,-0.3719289302825928,-0.5772050430229445
-0.27694806456565857,-0.3242614269256592,-0.31907254457473755,-0.3507089624485719
-0.07794735580682755,-0.07769643515348434,0.004282732959836721,-0.16198694355870663
0.005182018503546715,0.07216163724660873,-0.06841452419757843,0.053245595471386686
-0.0373857319355011,0.0037939599715173244,0.13554878532886505,0.05137096588066842
-0.18308588862419128,-0.17149336636066437,-0.078484445810318,-0.21148306001705308
-0.2909485995769501,-0.2484772950410843,-0.30422085523605347,-0.8054246114267724
-0.5351762175559998,-0.7444085478782654,-0.7245941162109375,-1.0457574905606752
-0.5543038249015808,-0.9732720851898193,-1.0051755905151367,-0.9208187539523752
0.159519225358963,-0.06379623711109161,0.07925519347190857,-1.0969100130080565
0.12554404139518738,-0.10887430608272552,-0.09183721989393234,-0.3279021420642826
0.1278163492679596,0.03564674034714699,0.10796669125556946,-0.13076828026902382
-1.0363222360610962,-0.8916854858398438,-1.1688785552978516,-1.431798275933005
-0.9841574430465698,-0.7326289415359497,-0.7877584099769592,-1.2676062401770314
-0.8474584221839905,-0.8894131183624268,-0.8962790369987488,-1.0362121726544447
-0.6487377285957336,-0.3575817942619324,-0.6288145780563354,-0.8601209135987634
-0.2973758280277252,-0.4472277760505676,-0.4006275534629822,-0.4416731044404668
-0.32919371128082275,-0.25472190976142883,-0.3256603181362152,-0.26896109822633824
-0.1842380315065384,-0.023064889013767242,0.0061210086569190025,-0.1747738725181171
-0.03438011556863785,-0.10538443177938461,-0.010033467784523964,-0.07297525930573517
-0.5411956906318665,-0.5556948184967041,-0.4834752380847931,-0.6202957309755527
-0.3078177869319916,-0.3278912305831909,-0.2966620624065399,-0.4416731044404668
-0.22647610306739807,-0.30956318974494934,-0.10122504830360413,-0.3192666411494966
-0.12839367985725403,-0.2291238158941269,-0.20114271342754364,-0.20590948330553177
-0.6334944367408752,-0.7057389616966248,-0.6094516515731812,-0.6772020316536124
-0.48783621191978455,-0.5014975070953369,-0.453130304813385,-0.512848892949376
-0.3181837499141693,-0.28644999861717224,-0.37803295254707336,-0.376171003333255
-0.20708078145980835,-0.29102468490600586,-0.35944506525993347,-0.22388310982803264
-0.7417404055595398,-0.7785640358924866,-0.7950229644775391,-0.7229595222142875
-0.5861021876335144,-0.6519961953163147,-0.5539567470550537,-0.5699910938903194
-0.5267232060432434,-0.4884500503540039,-0.41185519099235535,-0.4171301897533445
-0.3923768401145935,-0.4452114403247833,-0.3963335156440735,-0.258899636731723
-0.9539309144020081,-0.9917967915534973,-0.9170474410057068,-0.7851058402620318
-0.8901519775390625,-0.8301503658294678,-0.7978651523590088,-0.5436628195606764
-0.6352592706680298,-0.7507033944129944,-0.7511661648750305,-0.41238331068187045
-0.552190899848938,-0.6527621150016785,-0.5710306763648987,-0.315473297673814
-0.977209210395813,-1.3104654550552368,-1.048400640487671,1.0791812460476249
-0.6556311249732971,-0.627113401889801,-0.762227475643158,-0.8950590287059912
-1.1742072105407715,-0.7937796115875244,-0.9736977815628052,-1.3802077673696482
-0.6818860769271851,-0.6239388585090637,-0.7618792057037354,-1.019237844767115
-0.65796959400177,-0.7828736305236816,-0.6173737049102783,-0.9293453190375998
-0.5635306239128113,-0.4857510030269623,-0.5882906913757324,-0.6376438358473397
-0.9471767544746399,-0.8791283965110779,-0.8399559855461121,-1.1249387366083
-0.9771408438682556,-0.8005253076553345,-0.9722486734390259,-1.2952748095837496
-1.0898772478103638,-0.8990191221237183,-1.1084907054901123,-1.56331269864241
-0.2828556001186371,-0.31229841709136963,-0.4415489435195923,-0.08671609823958155
-0.4421304166316986,-0.3074035048484802,-0.3454175889492035,-0.15366288787019475
-0.44237634539604187,-0.5542458891868591,-0.635616660118103,-0.24641694110709347
-1.338078260421753,-1.5134575366973877,-1.2939417362213135,-0.8216879456873214
-0.6362969875335693,-0.8211174607276917,-0.6416517496109009,-0.76275796001577
-0.9398918747901917,-0.7853465676307678,-0.8503186106681824,-0.5118837952735734
-0.5585188269615173,-0.7232561111450195,-0.743483304977417,-0.524373841197004
-0.4656064212322235,-0.6532745361328125,-0.7477056384086609,-0.43046925762642946
-0.6473821401596069,-0.6697270274162292,-0.6277591586112976,-0.3475302820980142
-0.7255738973617554,-0.6993547677993774,-0.6058194637298584,-0.34579360742080123
-0.407082200050354,-0.5286239981651306,-0.6205483675003052,-0.26146360265571295
-0.6798092722892761,-0.6891553401947021,-0.7902523875236511,-0.3467874862246563
-0.6858733892440796,-0.9013679623603821,-0.9104840159416199,-0.4225082001627747
-1.9800037145614624,-1.8851733207702637,-1.9951345920562744,-2.6989700043360187
-2.0656838417053223,-2.0305628776550293,-2.0951662063598633,-2.154901959985743
-2.0811984539031982,-1.9574769735336304,-2.094968557357788,-1.8860566476931633
-1.9637902975082397,-2.1450986862182617,-2.0006771087646484,-2.0969100130080562
-2.2079029083251953,-2.0332069396972656,-2.003333568572998,-1.958607314841775
-2.194179058074951,-2.2019286155700684,-2.190232515335083,-2.154901959985743
-2.3041207790374756,-2.3578271865844727,-2.246960401535034,-2.0
-0.9187296628952026,-0.967515766620636,-0.9105954766273499,-0.9867413347164835
-1.0029916763305664,-1.0211831331253052,-0.9688481092453003,-1.1354889189416082
-1.0482420921325684,-1.0613270998001099,-1.1103761196136475,-1.2700257143004443
-1.160875916481018,-1.1034616231918335,-1.1650296449661255,-1.5030703519267852
-1.3932888507843018,-1.3548805713653564,-1.2798248529434204,-1.5451551399914898
-0.6335558295249939,-0.6542447209358215,-0.6972719430923462,-0.585026652029182
-0.6759434938430786,-0.6583006381988525,-0.5805090069770813,-0.638272163982407
-0.6529853940010071,-0.6615151166915894,-0.6817699670791626,-0.6989700043360187
-0.8026672005653381,-0.7721213698387146,-0.7817714810371399,-0.7061956400806633
-0.7170182466506958,-0.824874997138977,-0.8389970064163208,-0.6252516539898961
-0.7315030694007874,-0.7307724952697754,-0.7336979508399963,-0.6989700043360187
-0.7190228700637817,-0.769538402557373,-0.8009064197540283,-0.8860566476931632
-0.7050176858901978,-0.8121233582496643,-0.764594316482544,-0.596879478824182
-0.732482373714447,-0.7890957593917847,-0.6960431337356567,-0.7958800173440752
-0.7952848076820374,-0.7782721519470215,-0.8768039345741272,-0.9208187539523752
-0.9025280475616455,-0.8636898398399353,-0.7890904545783997,-0.832682665251824
-0.6049638986587524,-0.6172019243240356,-0.7260777354240417,-0.5686362358410126
-0.7492607831954956,-0.6478275656700134,-0.7107248306274414,-0.6575773191777937
-0.8275101780891418,-0.7235592603683472,-0.7285218834877014,-0.6989700043360187
-0.7431740164756775,-0.6668179631233215,-0.7561295032501221,-0.638272163982407
-0.37450721859931946,-0.455552339553833,-0.4917351305484772,-0.5686362358410126
-0.3212377727031708,-0.2770942151546478,-0.38572731614112854,-0.4814860601221125
-0.9346247911453247,-0.9959923624992371,-1.0879900455474854,-0.8239087409443188
-0.4647504985332489,-0.43162471055984497,-0.4148167371749878,-0.4814860601221125
-0.7434119582176208,-0.5529982447624207,-0.5447161793708801,0.1457587283907783
-0.5119379758834839,-0.6386554837226868,-0.6384137272834778,0.09483713737486861
-0.6307398676872253,-0.5466004610061646,-0.49581378698349,0.021189299069938092
-0.5885956883430481,-0.45553869009017944,-0.5090521574020386,-0.040958607678906384
-0.18218520283699036,-0.35948723554611206,-0.285887211561203,-0.07058107428570727
-0.6170447468757629,-0.6368576884269714,-0.6095129251480103,-0.07918141976545234
-0.8401300311088562,-0.9171927571296692,-0.762611448764801,-0.3740509819413798
-1.0655351877212524,-1.1634169816970825,-1.2231090068817139,-0.4814860601221125
-0.7162071466445923,-0.8258386254310608,-0.7380836606025696,-0.6020599913279624
-0.43466612696647644,-0.6096391081809998,-0.6166803240776062,0.20411998265592482
-0.5229387879371643,-0.49319586157798767,-0.6831616163253784,0.146128035678238
-0.8331129550933838,-0.6522351503372192,-0.6269994974136353,0.0
-0.6598114967346191,-0.6626287698745728,-0.5827112197875977,-0.09691001300805639
-1.0224599838256836,-0.8807287216186523,-0.7371711730957031,-0.5228787452803376
-0.1971929967403412,-0.31837698817253113,-0.4367397129535675,-0.10790539730951959
-1.112692952156067,-1.2055836915969849,-1.1856365203857422,-1.2441251443275085
-1.3769891262054443,-1.558366298675537,-1.4492639303207397,-1.3010299956639813
-1.0857387781143188,-0.8533624410629272,-0.8733963966369629,-0.25181197299379954
-0.5196453332901001,-0.49625223875045776,-0.5412729978561401,-0.10237290870955855
-0.6584292650222778,-0.33610090613365173,-0.4272918403148651,-0.09691001300805639
-0.5068215727806091,-0.4586680829524994,-0.24637889862060547,-0.1938200260161128
-0.6044243574142456,-0.5223349332809448,-0.7231230139732361,-0.2076083105017461
-0.15413184463977814,-0.16805273294448853,-0.15585942566394806,-0.3979400086720376
-0.17968691885471344,-0.22873182594776154,-0.15529637038707733,-0.5228787452803376
-0.09526591747999191,-0.09940742701292038,-0.2551167905330658,-0.2839966563652008
-0.2758139967918396,-0.2406904101371765,-0.2857127785682678,-0.6989700043360187
-0.1037573590874672,-0.14800037443637848,-0.033934105187654495,-0.08618614761628333
-0.04353788495063782,-0.12704358994960785,-0.18037743866443634,-0.3010299956639812
-0.2889379560947418,-0.1468043476343155,-0.12448375672101974,-0.6020599913279624
-0.10770242661237717,-0.11701755225658417,-0.05296042561531067,0.0
-0.025936339050531387,0.0069595095701515675,0.07037407904863358,0.11058971029924897
-0.005345638375729322,0.15790174901485443,0.14125646650791168,-0.1549019599857432
0.06320139765739441,0.048605214804410934,0.07752147316932678,0.25527250510330607
0.06712498515844345,0.015563850291073322,-0.02012474834918976,-0.3010299956639812
0.20801928639411926,0.20746928453445435,0.17418228089809418,0.30319605742048883
0.3291543424129486,0.2676807641983032,0.27547526359558105,0.07918124604762482
0.2816004157066345,0.28372228145599365,0.07856206595897675,0.414973347970818
0.22956225275993347,0.2834145128726959,0.26233580708503723,-0.1870866433571444
0.0699135959148407,0.16800729930400848,0.15725986659526825,0.47712125471966244
0.07379301637411118,0.17792294919490814,0.06509540975093842,0.5314789170422551
0.1551603525876999,0.09813712537288666,0.16255252063274384,0.25527250510330607
-0.00805097445845604,0.28346338868141174,0.13458336889743805,0.06069784035361165
-0.946448564529419,-1.0494577884674072,-0.9479470252990723,-1.3979400086720375
-0.9787246584892273,-1.06050705909729,-1.026681900024414,-1.2365720064370627
-1.207617163658142,-1.0759243965148926,-1.0032541751861572,-1.0655015487564323
-1.2326304912567139,-1.0831735134124756,-1.1695826053619385,-1.0604807473813815
-1.7601152658462524,-1.896798849105835,-1.8111448287963867,-1.7911288617530743
-1.5568991899490356,-1.973600149154663,-1.5288031101226807,-1.8072096028793474
-1.9173462390899658,-1.5332770347595215,-1.537133812904358,-1.8954787473816714
-2.053367853164673,-2.0413506031036377,-1.898684024810791,-1.9348686278597902
-1.0421700477600098,-1.062582015991211,-1.0057029724121094,-1.1135092748275182
-0.8407334685325623,-0.9983063340187073,-0.8954946398735046,-1.0861861476162833
-1.0583447217941284,-1.0504788160324097,-0.9594683051109314,-0.9281179926938746
-1.148400068283081,-1.1697837114334106,-1.1457343101501465,-1.1870866433571443
-1.0763351917266846,-1.1298860311508179,-1.0641441345214844,-1.1249387366083
-1.2339496612548828,-1.142722249031067,-1.0738016366958618,-1.1804560644581312
-1.2744367122650146,-1.1893895864486694,-1.310975432395935,-1.275724130399211
-1.4714999198913574,-1.5094528198242188,-1.5084367990493774,-1.2924298239020637
-1.0186917781829834,-0.8401728272438049,-0.9661155939102173,-1.1611509092627446
-1.0174143314361572,-0.9964925050735474,-1.0736312866210938,-0.9913998282380825
-0.9211375117301941,-0.9737744927406311,-0.9013963341712952,-1.0861861476162833
-1.1198469400405884,-1.0219275951385498,-1.1997665166854858,-1.193820026016113
-1.1985408067703247,-1.2599433660507202,-1.3089956045150757,-1.0506099933550872
-1.2033330202102661,-1.1728522777557373,-1.2872586250305176,-1.1426675035687315
-1.3031128644943237,-1.1491378545761108,-1.380481481552124,-1.1804560644581312
-1.508546233177185,-1.523815393447876,-1.551302194595337,-1.2006594505464183
-0.6369464993476868,-0.7964990735054016,-0.8869035840034485,-0.6020599913279624
-0.5170714259147644,-0.5997578501701355,-0.7355961799621582,-0.3467874862246563
-0.331592857837677,-0.3863818049430847,-0.427901029586792,-0.1549019599857432
-0.41916730999946594,-0.565589189529419,-0.6288197636604309,0.0
-0.6392599940299988,-0.9843550324440002,-0.9449741244316101,-0.6989700043360187
-0.6121271252632141,-0.5207417607307434,-0.5783010125160217,-0.4559319556497244
-0.5293368101119995,-0.626151442527771,-0.3876647353172302,-0.23657200643706278
-0.5628021359443665,-0.43003934621810913,-0.43698009848594666,-0.09691001300805639
-0.7944580912590027,-0.9409061074256897,-0.787914514541626,-0.6020599913279624
-0.5840527415275574,-0.47465988993644714,-0.7431456446647644,-0.744727494896694
-0.4902316629886627,-0.6464790105819702,-0.4543823003768921,-0.42021640338318983
-0.6520925760269165,-0.5325523018836975,-0.6252002120018005,-0.22184874961635637
-1.0192248821258545,-0.9969156980514526,-0.9731785655021667,-0.6989700043360187
-1.187505841255188,-1.4095286130905151,-1.3033533096313477,-1.0
-0.905928909778595,-1.0223181247711182,-1.05524742603302,-0.9208187539523752
-1.049147605895996,-1.156893014907837,-1.1055545806884766,-0.6989700043360187
-1.039251685142517,-0.960869312286377,-1.0562047958374023,-0.8538719643217619
-0.8711690306663513,-1.168169617652893,-0.8379265069961548,-0.7958800173440752
-0.8397390842437744,-0.9879773855209351,-0.8353278040885925,-0.9208187539523752
-0.6197744011878967,-0.5649954676628113,-0.7992953658103943,-1.0969100130080565
-0.5715973377227783,-0.7006871700286865,-0.6366752982139587,-1.2218487496163564
-1.352918028831482,-1.39996337890625,-1.4600441455841064,-0.8860566476931632
-0.36416593194007874,-0.3559708297252655,-0.39682537317276,0.01703333929878037
-0.3869062066078186,-0.370010107755661,-0.33560070395469666,0.1610683854711746
-0.8925543427467346,-0.8431704640388489,-0.9035959839820862,0.0441476208787228
-0.4708120822906494,-0.3806016445159912,-0.41460683941841125,-0.744727494896694
-0.41104260087013245,-0.2634411156177521,-0.3381190001964569,-0.09205147838772768
-0.7989944815635681,-0.4291122555732727,-0.9207428097724915,-0.5228787452803376
-0.6334074139595032,-0.6597962379455566,-0.6457356810569763,-0.744727494896694
-0.47285792231559753,-0.6114813685417175,-0.4970237910747528,-0.9030899869919435
-0.849551260471344,-1.0936708450317383,-1.168945550918579,-0.8664610916297825
-0.7796207666397095,-0.7696022391319275,-0.7688915133476257,-0.958607314841775
-0.6353756189346313,-0.7168412804603577,-0.6473242044448853,-1.6989700043360187
-0.8286153674125671,-0.8164755702018738,-0.8128147721290588,-1.7958800173440752
-0.6529886722564697,-0.6608585119247437,-0.6516590714454651,-0.6020599913279624
-0.6590346097946167,-0.6883456707000732,-0.7412303686141968,-0.585026652029182
-0.7316073179244995,-0.6930462718009949,-0.6310582160949707,-0.619788758288394
-0.8197755217552185,-0.730332612991333,-0.7518764138221741,-0.8860566476931632
-0.8841932415962219,-0.9157713651657104,-0.9575330018997192,-1.3979400086720375
-0.8346375823020935,-0.8952919840812683,-0.9456608891487122,-1.2218487496163564
-0.8283489942550659,-0.8552681803703308,-0.7196663618087769,-1.0
-0.6961995363235474,-0.7913926243782043,-0.72110915184021,-0.8860566476931632
-0.7618979811668396,-0.7903208136558533,-0.6231212615966797,-0.8860566476931632
-0.8204684853553772,-0.7480706572532654,-0.7984058856964111,-1.154901959985743
-0.8028115630149841,-0.903692364692688,-0.8695706129074097,-1.3979400086720375
-0.9866539239883423,-0.9182993769645691,-0.916742205619812,-2.0
-0.8746346831321716,-1.018933892250061,-0.9539183974266052,-1.6989700043360187
-0.9217972159385681,-0.7676196098327637,-0.9652243256568909,-1.6989700043360187
-0.4204331636428833,-0.41248413920402527,-0.3597170114517212,-2.1804560644581312
-0.642488420009613,-0.48688197135925293,-0.5527033805847168,-2.3565473235138126
-0.36317700147628784,-0.29948875308036804,-0.2991848289966583,-2.6020599913279625
-0.676985502243042,-0.31632745265960693,-0.5052977204322815,-2.537602002101044
-0.5978806614875793,-0.3037245571613312,-0.8658353686332703,-2.721246399047171
-0.24671341478824615,0.023192845284938812,-0.004580051638185978,-0.09691001300805639
-0.8777332901954651,-0.806632399559021,-0.8418516516685486,0.24054924828259971
-0.5550135374069214,-0.5286519527435303,-0.5696284174919128,-1.2218487496163564
-1.3121864795684814,-1.1088155508041382,-1.3147270679473877,-0.728158393463501
-0.8666045665740967,-0.9319652915000916,-0.8536527156829834,-0.3467874862246563
-0.7147758603096008,-0.9519330859184265,-0.9452018737792969,-0.8860566476931632
-0.9307802319526672,-0.9585014581680298,-0.9001080393791199,-0.6536470255493614
-1.0433026552200317,-0.9210917949676514,-0.9652188420295715,-0.6635402661514704
-0.9695584177970886,-0.9650943875312805,-0.9587441682815552,-1.0
-1.154988408088684,-1.149807095527649,-1.225364327430725,-0.6777807052660807
-0.6665008664131165,-0.5936542749404907,-0.7121220231056213,-0.004364805402450088
-0.6018187403678894,-0.757714569568634,-0.7380710244178772,-1.0457574905606752
-0.7552142143249512,-0.6535565257072449,-0.6949692964553833,-1.0655015487564323
-0.7448353171348572,-0.7280320525169373,-0.7965763211250305,-1.0457574905606752
-0.7794078588485718,-0.8476442694664001,-0.7091206908226013,-1.0655015487564323
-1.0055254697799683,-0.8916242122650146,-1.0862102508544922,-1.080921907623926
-1.2045586109161377,-0.5001320838928223,-0.6303955316543579,0.17609125905568124
-0.5558635592460632,-0.4773872494697571,-0.5216487050056458,-1.3979400086720375
-0.6186922788619995,-0.5523698329925537,-0.7549371719360352,-0.431798275933005
-0.6548594832420349,-0.6607694625854492,-0.6445224285125732,-0.4814860601221125
-0.7068390846252441,-0.7030544281005859,-0.6300989985466003,-0.5228787452803376
-0.6965081095695496,-0.7406095266342163,-0.7438682317733765,-0.6777807052660807
-0.6403465270996094,-0.6599118709564209,-0.5620611310005188,-1.3979400086720375
-0.7057860493659973,-0.7056503295898438,-0.6586800217628479,-0.4814860601221125
-0.7212055325508118,-0.6363968849182129,-0.7206653952598572,-0.5376020021010439
-0.693530261516571,-0.7668069005012512,-0.7915362119674683,-0.585026652029182
-0.8383515477180481,-0.8267043828964233,-0.9198147654533386,-0.6989700043360187
-0.8158085346221924,-0.7460203766822815,-0.8045375347137451,-1.5228787452803376
-0.7185815572738647,-0.7383156418800354,-0.6800872087478638,-0.5376020021010439
-0.757319986820221,-0.7325729727745056,-0.7480419278144836,-0.6020599913279624
-0.8530450463294983,-0.7756496667861938,-0.8314509987831116,-0.638272163982407
-0.8847159147262573,-0.8405548930168152,-0.940456211566925,-0.721246399047171
-0.7825170159339905,-0.8196187615394592,-0.7067399024963379,-1.5228787452803376
-0.7630199790000916,-0.8165811896324158,-0.9569832682609558,-0.6575773191777937
-0.8419749736785889,-0.8907597661018372,-0.8611135482788086,-0.721246399047171
-0.8173249959945679,-0.8454605937004089,-0.9125077128410339,-0.7695510786217261
-0.9474299550056458,-1.086625337600708,-1.032582402229309,-0.8538719643217619
-0.7065219879150391,-0.7499539256095886,-0.7162966728210449,-0.5528419686577808
-0.7023101449012756,-0.7716203331947327,-0.9060080051422119,-0.619788758288394
-0.7988231182098389,-0.7203053832054138,-0.9165651798248291,-0.6575773191777937
-0.7815290689468384,-0.7454963326454163,-0.8992335200309753,-0.6989700043360187
-0.8416500091552734,-0.9562134742736816,-0.9167974591255188,-0.744727494896694
-0.6742445826530457,-0.4859612286090851,-0.8164612650871277,-0.46852108295774486
-0.6199817657470703,-0.579734206199646,-0.5942263603210449,-0.5228787452803376
-0.6932631731033325,-0.7748522758483887,-0.6563454270362854,-0.5528419686577808
-0.8345848321914673,-0.8208571672439575,-0.8485357165336609,-0.585026652029182
-0.7789768576622009,-0.934587836265564,-0.9239475131034851,-0.6020599913279624
-0.9780024886131287,-1.0626617670059204,-0.8456296920776367,-0.7695510786217261
-0.9486073851585388,-0.900425136089325,-1.1196885108947754,-0.8860566476931632
-0.9865176677703857,-1.1033337116241455,-1.010679841041565,-1.0
-0.9362714290618896,-1.1178934574127197,-1.1460295915603638,-1.0457574905606752
-1.1924214363098145,-1.1087322235107422,-1.2156596183776855,-1.3010299956639813
-0.7892864346504211,-0.8188528418540955,-0.8564276099205017,-0.8601209135987634
-0.7999228835105896,-0.7911921143531799,-0.8217361569404602,-0.721246399047171
-0.9574560523033142,-0.7860400676727295,-0.8651456832885742,-0.9393021596463883
-0.823074996471405,-0.857397735118866,-0.9262912273406982,-0.9956786262173574
-0.7409870028495789,-0.8450280427932739,-0.8497846126556396,-0.7495799976911061
-0.9207350611686707,-0.862472414970398,-0.8959798812866211,-1.0604807473813815
-0.8248286247253418,-0.8370664715766907,-0.7913230061531067,-0.7772835288524167
-0.9163682460784912,-0.9345494508743286,-0.9958085417747498,-1.1674910872937636
-0.8605984449386597,-0.9109716415405273,-0.8451653122901917,-0.8210230527068306
-0.9284460544586182,-0.9351850152015686,-0.9077804684638977,-0.8996294548824371
-0.504999041557312,-0.40410199761390686,-0.4996851086616516,-0.44369749923271273
-0.3954680860042572,-0.5226367712020874,-0.43279507756233215,-0.5528419686577808
-0.49514448642730713,-0.4940894842147827,-0.5076618790626526,-0.7958800173440752
-0.539004921913147,-0.6078492403030396,-0.5500538945198059,-1.0969100130080565
-0.01506105437874794,-0.29166343808174133,-0.2943221628665924,-0.24382048315619081
-0.4142518937587738,-0.371394544839859,-0.605109691619873,-0.5757719293040201
-0.3324037492275238,-0.4773164689540863,-0.7820925116539001,-0.8024437868464636
-0.5492773652076721,-0.5647828578948975,-0.644980251789093,-0.7695510786217261
-0.24530017375946045,-0.36134323477745056,-0.5991762280464172,-1.2218487496163564
-0.3065715432167053,-0.5732093453407288,-0.5123578906059265,-1.3979400086720375
-0.581351101398468,-0.7222448587417603,-0.44314664602279663,-1.3767507096020994
-0.5016098022460938,-0.6283617615699768,-0.6988838911056519,-1.3010299956639813
-0.5131623148918152,-0.7686256766319275,-0.7670772075653076,-1.207608310501746
-0.7352383136749268,-0.7373149991035461,-0.7208228707313538,-1.0555173278498313
-0.9154828190803528,-0.7392687797546387,-0.7489857077598572,-1.3098039199714864
-0.8701934218406677,-0.8014044165611267,-0.7374106049537659,-1.408935392973501
-0.8824564814567566,-0.9536247849464417,-1.032035231590271,-1.3187587626244128
-0.88530033826828,-1.0292283296585083,-0.8651819229125977,-1.2596373105057561
-0.8727412819862366,-0.8364440202713013,-0.8178588151931763,-1.3467874862246563
-0.9410662651062012,-0.9320521950721741,-0.8793571591377258,-1.3010299956639813
-0.9368807077407837,-0.8758016228675842,-1.0876206159591675,-1.193820026016113
-1.0378257036209106,-0.9524846076965332,-0.9147738218307495,-1.0555173278498313
-0.8675609230995178,-0.7781974077224731,-0.9254255294799805,-1.3979400086720375
-0.4753861427307129,-0.531591534614563,-0.4801294803619385,-1.154901959985743
-1.3028813600540161,-1.374983549118042,-1.3532860279083252,-1.6989700043360187
-0.6616432666778564,-0.67320716381073,-0.6760162711143494,-0.6055483191737837
-0.6804661750793457,-0.6782569885253906,-0.5984764695167542,-0.575118363368933
-0.7115045785903931,-0.7248150706291199,-0.5546356439590454,-0.692503962086787
-0.7871229648590088,-0.730042040348053,-0.6967443227767944,-0.744727494896694
-0.8294894099235535,-0.7524445056915283,-0.8012728095054626,-0.7544873321858502
-0.8406814336776733,-0.774520754814148,-0.824347198009491,-0.7878123955960422
-0.8576809763908386,-0.8986711502075195,-0.8995065093040466,-0.790484985457369
-1.0333815813064575,-1.12332284450531,-1.1508208513259888,-0.8416375079047503
-0.871910035610199,-0.7516645789146423,-0.8753331899642944,-1.3010299956639813
-1.289413571357727,-1.3164359331130981,-1.4997291564941406,-3.0
-0.4524745047092438,-0.6099649667739868,-0.5852494239807129,-0.8538719643217619
-0.562820553779602,-0.8849228024482727,-0.6606239080429077,-0.7695510786217261
-0.46845394372940063,-0.6400115489959717,-0.7607292532920837,-0.744727494896694
-0.9992550611495972,-0.9108880162239075,-0.7216283679008484,-0.8356471442155629
-0.6940812468528748,-0.8899739980697632,-0.7453202605247498,-0.8538719643217619
-0.7613978385925293,-0.9817119240760803,-0.889762282371521,-0.8386319977650252
-0.6892496943473816,-0.8172801733016968,-0.7244409322738647,-0.7958800173440752
-0.4957461655139923,-0.6683727502822876,-0.7770990133285522,-0.721246399047171
-0.757687509059906,-1.0242619514465332,-0.8697022795677185,-0.785156151952302
-0.9624717235565186,-0.8278953433036804,-0.7244163155555725,-0.6289321377282637
-0.715478241443634,-0.8362988233566284,-0.7371460199356079,-0.6575773191777937
-0.9642469882965088,-0.7414147257804871,-0.8186261653900146,-0.5376020021010439
-1.0390985012054443,-1.3547018766403198,-1.637331247329712,-2.0
-0.7822821736335754,-1.0496464967727661,-0.8292954564094543,-0.27572413039921095
-0.5907177329063416,-0.577508270740509,-0.6564164161682129,-0.8961962790440432
-0.3098628520965576,-0.4789119362831116,-0.3145110309123993,-1.0969100130080565
-0.18730702996253967,-0.43272486329078674,-0.33259040117263794,-0.8860566476931632
0.05967035889625549,0.06014282628893852,0.2526579201221466,-0.27572413039921095
0.16567975282669067,0.21942061185836792,0.11256522685289383,-0.8239087409443188
0.06406447291374207,-0.015034100040793419,0.21306195855140686,-0.8239087409443188
-0.44041234254837036,-1.0351767539978027,-0.38703209161758423,-0.5228787452803376
-0.30642613768577576,0.01597101055085659,-0.09241649508476257,0.7923916894982539
-0.6434010863304138,-0.7451671957969666,-0.8336774706840515,-1.2218487496163564
0.07223253697156906,0.03020552732050419,0.07156331092119217,-0.6989700043360187
-0.149004727602005,0.11558885872364044,0.0628453940153122,-0.6020599913279624
-0.7575991749763489,-0.5759379863739014,-0.5104568600654602,-1.0705810742857071
-0.9648472666740417,-0.905296266078949,-0.5277710556983948,-0.7931741239681502
0.318634569644928,0.06573448330163956,0.12234249711036682,0.414973347970818
0.14568620920181274,0.22513844072818756,0.17591418325901031,0.05690485133647255
0.1690039336681366,0.10665545612573624,0.15782353281974792,0.05690485133647255
0.03307633846998215,0.20970021188259125,0.11046799272298813,0.4471580313422192
0.16309896111488342,0.18915992975234985,0.2966720163822174,0.1553360374650618
0.19567090272903442,0.21326293051242828,0.27710047364234924,0.13353890837021754
0.2116415798664093,0.2121494561433792,0.26377159357070923,-0.031517051446064856
-0.08729415386915207,-0.15351486206054688,-0.2690493166446686,0.36921585741014284
0.2554531991481781,0.820153534412384,0.4028821587562561,0.11058971029924897
-1.3065133094787598,-1.3577876091003418,-1.4831461906433105,-0.7622954418286619
-1.439658761024475,-1.4851927757263184,-1.3461390733718872,-2.3549709352788577
-1.4019988775253296,-1.3365979194641113,-1.307784914970398,-0.6952639584468989
-1.217850685119629,-1.3227790594100952,-1.2272777557373047,-0.7083292910333987
-1.3689888715744019,-1.474170446395874,-1.4577630758285522,-1.1246608770454607
-1.321114182472229,-1.190964937210083,-1.4202892780303955,-1.0413166902732505
-1.3971006870269775,-1.3776187896728516,-1.2903238534927368,-1.032953061714837
-1.4036293029785156,-1.5068732500076294,-1.3844903707504272,-2.374687549038326
-1.5327508449554443,-1.645200252532959,-1.6201448440551758,-1.4921711039544716
-1.3308430910110474,-1.2188091278076172,-1.4656485319137573,-1.3998005974303367
-1.3975480794906616,-1.2202333211898804,-1.5827232599258423,-1.4496982512629177
-1.512318730354309,-1.5893573760986328,-1.4113270044326782,-2.3988094673846665
-1.6209160089492798,-1.5755109786987305,-1.5630865097045898,-1.9034723343935602
-1.7811237573623657,-1.7106435298919678,-1.7951385974884033,-2.595679532778269
-0.07895182818174362,-0.27943453192710876,-0.2014237344264984,-0.4814860601221125
0.05406924709677696,0.036486171185970306,-0.009115496650338173,-0.23657200643706278
0.12833914160728455,0.177754744887352,0.1934560090303421,0.021189299069938092
-0.21663720905780792,-0.1928683966398239,-0.17694900929927826,0.2304489213782739
-0.13105690479278564,-0.19847391545772552,-0.26549383997917175,-0.42021640338318983
-0.12149197608232498,-0.035846877843141556,-0.17410781979560852,0.04139268515822507
-0.0022214611526578665,-0.15788878500461578,-0.026709290221333504,-0.1549019599857432
0.1695341169834137,0.06337276846170425,0.16199997067451477,-0.22184874961635637
0.034856490790843964,0.10540052503347397,0.13900862634181976,-0.22184874961635637
0.023315897211432457,0.05118829384446144,0.04629131779074669,0.04139268515822507
0.042281001806259155,0.09075046330690384,0.08368049561977386,0.0
0.1399746537208557,-0.006229957565665245,0.05183979496359825,0.17609125905568124
0.21333715319633484,0.3338402509689331,0.2746213674545288,0.2304489213782739
0.17568424344062805,-0.0009399601840414107,0.15723814070224762,0.3424226808222063
-0.4589439630508423,-0.41860637068748474,-0.6418320536613464,-1.147867825178142
-0.5385345220565796,-0.5454882979393005,-0.6067005395889282,-1.18861939781828
-0.6802911758422852,-0.6906957030296326,-0.7310584783554077,-1.2887919201413667
-0.749059796333313,-0.6988626718521118,-0.7458637356758118,-1.3226577190884612
-1.0083163976669312,-0.9469996690750122,-0.9392033219337463,-1.4648831791970478
-1.6600501537322998,-1.4867724180221558,-1.6794962882995605,-1.8239087409443189
-1.4700310230255127,-1.656657099723816,-1.7039018869400024,-1.585026652029182
-1.066174030303955,-0.844431459903717,-0.9044296741485596,-1.4685210829577449
-0.9536547064781189,-1.1389681100845337,-0.9888842701911926,-0.7695510786217261
-0.8937690854072571,-0.9066072106361389,-0.8560442924499512,-0.8860566476931632
-1.0015676021575928,-0.912964403629303,-0.9185636043548584,-0.958607314841775
-1.1759403944015503,-1.1076182126998901,-1.3011133670806885,-1.0705810742857071
-1.280278205871582,-1.1364920139312744,-1.0285385847091675,-1.154901959985743
-0.8378278613090515,-0.843421220779419,-0.8882453441619873,-0.9913998282380825
-0.6536571383476257,-0.5527366995811462,-0.6611688137054443,-0.6716203965612623
-0.7421627044677734,-0.7304168343544006,-0.7461405992507935,-0.7644715530924511
-0.7475864291191101,-0.6212878227233887,-0.7823998928070068,-0.9244530386074693
0.35098105669021606,0.35903000831604004,0.32494035363197327,0.6532125137753437
0.39824435114860535,0.37785804271698,0.384191632270813,0.38560627359831223
-0.9705476760864258,-0.9714670181274414,-1.0221649408340454,-0.958607314841775
-1.0132298469543457,-1.1563317775726318,-1.0645487308502197,-1.1487416512809248
-1.108620524406433,-1.0942641496658325,-1.0773674249649048,-1.2628073572952627
-1.0998127460479736,-1.126930832862854,-1.0033295154571533,-1.0
-0.9592812061309814,-1.049721360206604,-0.9623429775238037,-0.9208187539523752
-1.0209975242614746,-0.9955752491950989,-1.015540361404419,-1.0736575533743449
-1.0872535705566406,-1.1199811697006226,-1.1950891017913818,-1.2410881076020264
-1.0324771404266357,-1.1001200675964355,-1.0081861019134521,-0.958607314841775
-0.8591535091400146,-0.9529186487197876,-0.9468765258789062,-0.9208187539523752
-0.923785388469696,-1.0049799680709839,-1.027418851852417,-1.056011124926228
-1.0339151620864868,-0.9144214391708374,-1.0251096487045288,-1.2232988160115892
-0.8830839395523071,-1.005742073059082,-0.9913179874420166,-0.958607314841775
-0.6385473608970642,-0.723713219165802,-0.7068349123001099,-0.9208187539523752
-0.7624783515930176,-0.7892330884933472,-0.8019771575927734,-1.0400051616715837
-0.6619409322738647,-0.8966804146766663,-0.9045494198799133,-1.2132485778544388
-0.7474254965782166,-0.8616973161697388,-0.7964677214622498,-0.958607314841775
-0.7282565236091614,-0.7870392799377441,-0.7841042876243591,-0.3565473235138126
-0.7337888479232788,-0.7351856827735901,-0.8619329929351807,-0.494850021680094
-0.9464668035507202,-0.842588484287262,-0.8881750702857971,-0.638272163982407
-0.8714038729667664,-0.881773054599762,-0.9459325671195984,-0.8538719643217619
-1.075560212135315,-0.9607620239257812,-1.064035415649414,-1.3010299956639813
-0.4861412048339844,-0.574716329574585,-0.8283409476280212,0.11394335230683678
-1.1088745594024658,-1.139276146888733,-1.1337242126464844,-1.3010299956639813
-1.1629443168640137,-1.101751446723938,-1.1548151969909668,-1.0969100130080565
-1.0733349323272705,-1.0105854272842407,-1.0636634826660156,-0.8538719643217619
-1.1434918642044067,-1.3195595741271973,-1.319562315940857,-1.5228787452803376
-0.34936320781707764,-0.32702112197875977,-0.45908257365226746,0.17926446433902532
-0.20378971099853516,-0.06941540539264679,-0.1802579015493393,-0.11294562194904302
-0.1775008738040924,-0.10382498800754547,-0.14780251681804657,-0.6635402661514704
-0.8383435606956482,-0.9132596254348755,-0.8812443614006042,-0.744727494896694
-0.9055789113044739,-0.9535866975784302,-0.9326691031455994,-0.585026652029182
-0.8105466961860657,-0.8126339316368103,-0.845170795917511,-0.7695510786217261
-0.9964762330055237,-0.9228075742721558,-0.8617677688598633,-0.6020599913279624
-0.8855496644973755,-0.8911798000335693,-0.922955334186554,-0.8538719643217619
-0.987652599811554,-1.0175249576568604,-1.0166651010513306,-0.6777807052660807
-1.0525002479553223,-1.0481383800506592,-0.9270929098129272,-0.8860566476931632
-0.9278510808944702,-1.035742998123169,-1.0795598030090332,-0.7695510786217261
-0.9545858502388,-0.8801162838935852,-0.9257727265357971,-0.8209425287452897
-0.975304126739502,-0.9109900593757629,-1.0635251998901367,-1.186539109459555
-1.1044222116470337,-1.0861952304840088,-1.038993239402771,-1.0457574905606752
-1.059812307357788,-1.1373742818832397,-1.0702217817306519,-0.9030899869919435
-0.932251513004303,-0.9243703484535217,-0.945744514465332,-0.7668921556946119
-1.0677955150604248,-1.016834020614624,-1.022794246673584,-0.9548687791235029
-0.8672795295715332,-1.0000911951065063,-0.9320785999298096,-0.8767594132816814
-0.9258794188499451,-0.9637306928634644,-0.9967278242111206,-0.9875888458069761
-0.9713682532310486,-1.1066397428512573,-1.0633208751678467,-0.8079904073463299
-1.0679118633270264,-1.0689245462417603,-1.1247907876968384,-0.7311553558532908
-0.8807052373886108,-0.7659363150596619,-0.867348313331604,-0.7356639445104669
-0.8588064312934875,-0.8944388628005981,-0.9790863394737244,-0.8788736818071115
-0.9161226749420166,-0.7802668809890747,-0.86378014087677,-0.7535900597763822
-0.9172817468643188,-0.8876001834869385,-0.9200655221939087,-0.8407216304182816
-0.8803670406341553,-0.973699152469635,-0.9754952788352966,-0.7244583115986905
-1.0459351539611816,-0.9204742908477783,-0.9885942935943604,-0.6353008257633614
-0.7321343421936035,-0.8082020282745361,-0.658519446849823,-0.7195559448150182
-0.8505257368087769,-0.7784953713417053,-0.8133878111839294,-0.7986738981943117
-0.7721334099769592,-0.8184918761253357,-0.8030991554260254,-0.6989700043360187
-0.8303451538085938,-0.8727490305900574,-0.872097373008728,-0.6087931025529644
-1.061177134513855,-0.9327911734580994,-0.27135786414146423,-0.49894073778224846
0.12157657742500305,0.13316906988620758,-0.262651264667511,-0.38827669199265824
0.14730963110923767,-0.26514607667922974,-0.08979204297065735,-0.36957212497497616
-0.14708057045936584,0.029767047613859177,-0.27049267292022705,-0.35066514128785814
-0.2049148678779602,0.11873014271259308,-0.20086877048015594,-0.25414480482627105
-0.7524373531341553,-0.6996640563011169,-0.7736050486564636,-0.906578314837765
-0.9311731457710266,-0.8937864899635315,-0.8157171607017517,-0.6439741428068773
-0.7222258448600769,-0.7521486282348633,-0.8193163275718689,-0.7258421507363202
-0.695555567741394,-0.6839829683303833,-0.8192070722579956,-0.6777807052660807
-0.735665500164032,-0.7141449451446533,-0.7955002188682556,-0.744727494896694
-0.7690029144287109,-0.7164453268051147,-0.7896369695663452,-0.7798919119599449
-1.0027682781219482,-0.9883315563201904,-1.028842806816101,-0.8153085691824012
-0.9028182625770569,-0.9345250129699707,-0.9457884430885315,-0.8860566476931632
-0.9456250071525574,-0.7519270181655884,-0.7913423776626587,-0.9100948885606021
-0.6861209273338318,-0.6984768509864807,-0.7559172511100769,-0.8386319977650252
-0.8808550238609314,-0.9100139737129211,-0.8245426416397095,-0.6478174818886375
-0.8049077391624451,-0.8033695816993713,-0.84675532579422,-0.7328282715969863
-0.8394064903259277,-0.8256960511207581,-0.805151641368866,-0.6777807052660807
-0.8276129364967346,-0.835793137550354,-0.8058281540870667,-0.744727494896694
-0.8336701989173889,-0.7249324321746826,-0.6930962204933167,-0.785156151952302
-0.965758204460144,-0.9856067299842834,-0.9771527647972107,-0.826813731587726
-1.021324872970581,-0.8928011059761047,-0.938076913356781,-0.8860566476931632
-0.8174909353256226,-0.9453396201133728,-0.9569123983383179,-0.9172146296835499
-0.8824442625045776,-0.8792247176170349,-0.9430521726608276,-0.707743928643524
-0.8490018844604492,-0.9661062955856323,-0.8322610855102539,-0.8446639625349383
-0.9423547387123108,-0.8785374164581299,-0.8633102178573608,-0.744727494896694
-0.9115079045295715,-0.8102086186408997,-0.7826541066169739,-0.8538719643217619
-0.7925077676773071,-0.8642902970314026,-0.8147836327552795,-0.7644715530924511
-0.7409734129905701,-0.7837036848068237,-0.7662192583084106,-0.8996294548824371
-1.015620470046997,-1.0557754039764404,-0.9616654515266418,-0.9469215565165803
-0.918239176273346,-0.8641610741615295,-0.999212920665741,-1.0457574905606752
-1.0118114948272705,-0.9831967949867249,-0.9277446269989014,-1.1135092748275182
-1.016093373298645,-0.9006937146186829,-0.9890091419219971,-0.790484985457369
-0.8889809250831604,-0.9328010678291321,-0.9224973320960999,-0.9706162223147904
-0.9288594126701355,-0.9305342435836792,-0.9252789616584778,-0.8239087409443188
-0.9024335145950317,-0.8123796582221985,-0.934795081615448,-0.9208187539523752
-0.9246928691864014,-0.8362457752227783,-0.7796804904937744,-0.978810700930062
-1.0918869972229004,-1.0447686910629272,-1.103034496307373,-1.0409586076789064
-1.03488028049469,-1.0687254667282104,-0.8898376226425171,-1.0969100130080565
-0.7990273237228394,-0.8934887647628784,-0.7564718127250671,-0.692503962086787
-0.9522615671157837,-1.1094766855239868,-0.9201208353042603,-1.1739251972991736
-1.011534333229065,-0.9267754554748535,-1.0054653882980347,-0.8096683018297085
-0.989000678062439,-0.9364998936653137,-1.0174345970153809,-0.7495799976911061
-0.7741231322288513,-0.8053135275840759,-0.8724422454833984,-0.7328282715969863
-1.090989112854004,-1.0316004753112793,-1.077331781387329,-1.0861861476162833
-1.0126843452453613,-0.959482729434967,-1.0461900234222412,-1.0555173278498313
-0.9200477600097656,-0.8603031635284424,-0.9494230151176453,-1.0268721464003012
-0.7751861810684204,-0.7834957242012024,-0.7351992130279541,-1.013228265733755
-0.5902054309844971,-0.5943572521209717,-0.5546002984046936,-1.0
-1.027982234954834,-1.0355310440063477,-0.9787166714668274,-0.8538719643217619
-1.002054214477539,-1.0532872676849365,-1.0405925512313843,-0.8239087409443188
-1.02985417842865,-1.1266041994094849,-1.136013150215149,-1.154901959985743
-0.8963345885276794,-0.8449738621711731,-0.8559409379959106,-0.7958800173440752
-1.0774849653244019,-1.0987492799758911,-1.0228641033172607,-1.154901959985743
-0.9702128171920776,-0.9657402634620667,-0.9893680810928345,-1.0969100130080565
-0.7565912008285522,-0.7776942253112793,-0.7939609289169312,-1.0969100130080565
-0.6724197268486023,-0.5923029184341431,-0.579686164855957,-1.0457574905606752
-1.1022615432739258,-1.119989275932312,-1.076802134513855,-0.8356471442155629
-1.0266793966293335,-1.0775322914123535,-1.1009830236434937,-1.0087739243075051
-1.0435829162597656,-1.1001276969909668,-1.0742381811141968,-0.8538719643217619
-1.0722764730453491,-1.1653670072555542,-1.163421630859375,-1.0457574905606752
-1.0541245937347412,-1.059881329536438,-1.007276177406311,-1.0861861476162833
-1.1175638437271118,-1.2366917133331299,-1.2589733600616455,-1.1249387366083
-1.1299279928207397,-1.3439106941223145,-1.257318377494812,-1.2218487496163564
-1.096685767173767,-1.071470022201538,-1.1858900785446167,-1.2839966563652008
-1.0026675462722778,-1.1047500371932983,-1.0026965141296387,-0.6903698325741012
-1.0912086963653564,-1.0880615711212158,-1.088173508644104,-0.9208187539523752
-1.1186296939849854,-1.1986874341964722,-1.1893664598464966,-0.8632794328435931
-1.1850463151931763,-1.3916274309158325,-1.1909784078598022,-1.3187587626244128
-0.9000657200813293,-1.0283315181732178,-0.988204300403595,-0.826813731587726
-1.1996114253997803,-1.1920017004013062,-1.139346957206726,-1.275724130399211
-1.112550139427185,-1.0797276496887207,-1.1567212343215942,-1.214670164989233
-0.8859453797340393,-0.9243749976158142,-0.9770878553390503,-1.1611509092627446
-0.774484395980835,-0.7866641879081726,-0.7464918494224548,-1.1307682802690238
-1.532325029373169,-1.758392572402954,-1.708986759185791,-2.0
-1.6206413507461548,-1.4852219820022583,-1.5429946184158325,-2.0
-1.66482675075531,-1.7350916862487793,-1.7252179384231567,-1.5228787452803376
-2.014559268951416,-2.0960638523101807,-2.094083070755005,-1.585026652029182
-1.7220401763916016,-1.6573092937469482,-1.3502856492996216,-1.8860566476931633
-1.3828544616699219,-1.3983354568481445,-1.280136227607727,-2.154901959985743
-1.738433837890625,-1.8610650300979614,-1.900651454925537,-0.6777807052660807
-0.5787202715873718,-1.2220665216445923,-1.0124177932739258,-1.3979400086720375
-0.9907916784286499,-0.8884999752044678,-0.7050085663795471,-0.8860566476931632
-1.0314946174621582,-0.9651871919631958,-0.9734403491020203,-0.7024583321818402
-1.0709638595581055,-0.9537231922149658,-0.959340512752533,-0.7695510786217261
-1.0150352716445923,-1.0591373443603516,-1.1070969104766846,-1.0486624812040823
-1.2444154024124146,-1.1995161771774292,-1.1054118871688843,-1.2814983111327258
-1.0386178493499756,-1.1257776021957397,-1.1134086847305298,-2.065501548756432
-0.9850242137908936,-0.9926948547363281,-0.9991320371627808,-1.8860566476931633
-1.2831079959869385,-1.2764551639556885,-1.2088007926940918,-1.4225082001627747
-0.2353503257036209,-0.21568261086940765,-0.28406038880348206,0.021189299069938092
-0.15571600198745728,-0.1764862984418869,-0.1799241602420807,0.13353890837021754
-0.21575674414634705,-0.23401732742786407,-0.19525925815105438,0.15228834438305647
-0.35723841190338135,-0.5138401985168457,-0.42701268196105957,-0.07572071393811836
-0.38649001717567444,-0.36376312375068665,-0.3236638605594635,0.03742649794062367
-0.12451497465372086,-0.10731898993253708,-0.12480655312538147,0.19865708695442263
-0.15356096625328064,-0.13982637226581573,0.026234416291117668,0.2576785748691845
-0.04235748201608658,-0.04467722028493881,-0.09671842306852341,0.2787536009528289
0.04768136143684387,-0.002678882796317339,0.0627821758389473,0.3979400086720376
-0.03497931733727455,-0.43919599056243896,-0.6506809592247009,-1.0969100130080565
-1.4001003503799438,-1.1506016254425049,-1.3741014003753662,-1.4559319556497243
-1.1907854080200195,-1.0695621967315674,-1.1265348196029663,-1.337242168318426
-1.2415281534194946,-1.2996852397918701,-1.2719534635543823,-1.2218487496163564
-1.6765767335891724,-1.6396681070327759,-1.6467528343200684,-1.1426675035687315
-0.3844262957572937,-0.461800217628479,-0.5240344405174255,-0.7818848136954515
-0.6532861590385437,-0.7537230253219604,-0.5237002968788147,-0.8142879001299939
-0.6027697920799255,-0.42955800890922546,-0.4806744158267975,-0.8766711330736523
-0.35771000385284424,-0.48252391815185547,-0.5358844995498657,-0.9071390566611826
-0.44726836681365967,-0.3962387442588806,-0.340029239654541,-0.0735546521816107
-0.6869810223579407,-0.4692109227180481,-0.6606828570365906,-1.065299598284575
-0.47195398807525635,-0.37206292152404785,-0.5024176836013794,-0.3699791488865901
-0.8022977709770203,-0.7050427198410034,-0.6707221269607544,-1.3182162335321188
-0.7428223490715027,-0.6316296458244324,-0.6850584149360657,-0.4659738939438649
-0.6725652813911438,-0.3856581747531891,-0.6519803404808044,-0.47873112440161475
-0.800815761089325,-0.5130492448806763,-0.4973822832107544,-0.6307841425898572
-0.5123059153556824,-0.4603787660598755,-0.4851548373699188,-1.0457574905606752
-0.860299289226532,-0.7096669673919678,-0.8297604322433472,0.29587484521737917
-0.7497713565826416,-0.8675330877304077,-0.8408032059669495,-1.3867926478962402
-1.319380521774292,-1.4808834791183472,-1.3649358749389648,-2.0
-0.9528102874755859,-0.9331707954406738,-1.0910511016845703,-2.0
-0.9993565678596497,-0.9101779460906982,-0.9080811738967896,-1.5228787452803376
-0.626889169216156,-0.6055407524108887,-0.657815158367157,-1.3010299956639813
0.17266373336315155,0.23834991455078125,0.22612495720386505,0.515873843711679
-0.19168230891227722,-0.24228812754154205,-0.14399978518486023,-0.494850021680094
-0.14478272199630737,-0.1215997263789177,-0.1945050209760666,-0.46852108295774486
-0.26125502586364746,-0.2460702508687973,-0.26244401931762695,-0.06550154875643228
-0.1710599660873413,-0.30114203691482544,-0.18012240529060364,-0.10237290870955855
-0.14036205410957336,-0.14852763712406158,-0.30435842275619507,0.08278537031645007
-0.35859420895576477,-0.25630301237106323,-0.3186422288417816,-0.22184874961635637
-0.5992515087127686,-0.19347725808620453,-0.336149662733078,-0.22914798835785583
-0.1440446674823761,-0.06231648847460747,-0.20041732490062714,-0.07058107428570727
0.022544708102941513,-0.11198408901691437,-0.18773023784160614,-1.154901959985743
-0.03322926536202431,-0.34177500009536743,-0.20436707139015198,-1.207608310501746
-0.17039763927459717,-0.13320161402225494,-0.2903302013874054,-0.22184874961635637
0.3106374144554138,0.4976637065410614,0.4095871150493622,0.17609125905568124
-0.5404626131057739,-0.4194720685482025,-0.5538676381111145,-0.045757490560675115
-0.6797866225242615,-0.47363242506980896,-0.48222342133522034,0.04139268515822507
-0.35260695219039917,-0.4375494122505188,-0.3769892156124115,-0.09691001300805639
-0.3841119706630707,-0.3063001036643982,-0.44396862387657166,-0.045757490560675115
-0.5406193137168884,-0.4340783357620239,-0.36924266815185547,0.06069784035361165
-0.39151519536972046,-0.5007033348083496,-0.46097585558891296,-0.045757490560675115
-0.4130207300186157,-0.4540226459503174,-0.42471036314964294,-0.022276394711152253
-1.6075142621994019,-1.5712238550186157,-1.572007179260254,-1.8239087409443189
-1.5824506282806396,-1.502947211265564,-1.4421730041503906,-1.744727494896694
-1.744593858718872,-1.6855541467666626,-1.655543327331543,-1.7212463990471711
-2.0564820766448975,-2.0633442401885986,-2.144080400466919,-2.0
-2.118945360183716,-2.149737596511841,-2.1978108882904053,-2.0
-2.1259467601776123,-2.2316176891326904,-2.2618556022644043,-2.0
-0.5039509534835815,-0.3452487885951996,-0.3202733099460602,-0.3979400086720376
-0.09668388962745667,-0.25664255023002625,-0.28872397541999817,-0.1549019599857432
-0.07319850474596024,-0.044402945786714554,-0.1101526990532875,0.07918124604762482
0.06166427582502365,0.1192486509680748,0.11192551255226135,0.17609125905568124
-0.02250823751091957,-0.061622727662324905,-0.09103351086378098,-0.3979400086720376
-0.041349440813064575,0.017434559762477875,0.1020725667476654,0.0
0.21328648924827576,0.2932329475879669,0.1491442173719406,0.3010299956639812
0.31279727816581726,0.301690936088562,0.356325626373291,0.47712125471966244
-0.10864300280809402,0.0176207534968853,-0.07950470596551895,-0.3467874862246563
0.07954593747854233,0.05579177290201187,0.08888028562068939,0.146128035678238
0.31334277987480164,0.3177608251571655,0.2725319564342499,0.4471580313422192
0.25365373492240906,0.39372578263282776,0.4317818582057953,0.5797835966168101
0.10729005932807922,0.13750560581684113,0.09266442805528641,-0.3010299956639812
0.08861139416694641,0.08928705006837845,0.12755106389522552,0.3010299956639812
0.5529518723487854,0.494197815656662,0.4575720429420471,0.7403626894942439
0.3144051730632782,0.42295876145362854,0.37432798743247986,0.4913616938342727
0.6351125240325928,0.6165967583656311,0.6023615002632141,0.8344207036815325
-0.37231191992759705,-0.43380191922187805,-0.427731454372406,0.2600713879850748
0.13158230483531952,0.10815364867448807,0.11352817714214325,0.25527250510330607
1.185761570930481,1.13826584815979,1.3678783178329468,0.9916690073799486
-0.34250056743621826,-0.34290844202041626,-0.346102237701416,0.25527250510330607
-0.43221914768218994,-0.4049351215362549,-0.430865615606308,-0.5100415205751654
-0.5432372093200684,-0.5907342433929443,-0.48820170760154724,-0.5436339668709571
-0.6404773592948914,-0.5326884388923645,-0.579432487487793,-0.5833594926617189
-0.6139902472496033,-0.565727949142456,-0.5479781627655029,-0.6073030467403343
-0.4351600110530853,-0.2936132848262787,-0.5186610817909241,-0.5512936800949201
-0.5536261200904846,-0.6340016722679138,-0.5438077449798584,-0.5767541260631921
-0.6047890782356262,-0.6535298228263855,-0.5537812113761902,-0.6038006529042637
-0.6508399248123169,-0.6188263893127441,-0.5824320316314697,-0.6345120151091003
-0.42728811502456665,-0.5565932393074036,-0.566655695438385,-0.5734887386354247
-0.5980498790740967,-0.664862871170044,-0.6077656745910645,-0.5985994592184558
-0.6075085401535034,-0.7148640751838684,-0.4961150586605072,-0.6289321377282637
-0.7154766917228699,-0.5823156833648682,-0.6604095697402954,-0.6716203965612623
-0.5499385595321655,-0.5775237679481506,-0.49244678020477295,-0.6497519816658371
-0.6645846366882324,-0.631617546081543,-0.6402583718299866,-0.6968039425795111
-0.7431650757789612,-0.7081426382064819,-0.7619757652282715,-0.7328282715969863
-0.8080604672431946,-0.6533899903297424,-0.667387068271637,-0.7878123955960422
-0.6609736680984497,-0.701155960559845,-0.6241128444671631,-0.6716203965612623
-0.694390058517456,-0.7412325739860535,-0.6754324436187744,-0.7772835288524167
-0.7508432865142822,-0.795602560043335,-0.7877168655395508,-0.8477116556169436
-0.7728655338287354,-0.7766932845115662,-0.8377088308334351,-0.8927900303521317
-0.5833874940872192,-0.5705394148826599,-0.5977675318717957,-0.5214335044061567
-0.7093302011489868,-0.7461163401603699,-0.7002484202384949,-0.6179829574251317
-0.7679705619812012,-0.7161772847175598,-0.8389158248901367,-0.7099653886374819
-0.827276349067688,-0.7776757478713989,-0.8152676820755005,-0.826813731587726
-0.5287549495697021,-0.5710193514823914,-0.5491116642951965,-0.34008379993014975
-0.5537784695625305,-0.6561484336853027,-0.6182868480682373,-0.4854522473397139
-0.6005630493164062,-0.5892075300216675,-0.616823136806488,-0.5654310959658013
-0.7782778143882751,-0.6870712637901306,-0.6463792324066162,-0.638272163982407
-0.7919636964797974,-0.7996960282325745,-0.791571319103241,-0.6989700043360187
-0.7791647911071777,-0.503188967704773,-0.6852163076400757,-0.1549019599857432
-0.48680970072746277,-0.3684583902359009,-0.46163514256477356,0.22788670461367355
-0.33570507168769836,-0.22751472890377045,-0.5254821181297302,0.3010299956639812
-0.4513261616230011,-0.527966320514679,-0.590808093547821,-0.045757490560675115
-0.42145681381225586,-0.20566599071025848,-0.5609031915664673,0.3979400086720376
-0.6110898852348328,-0.518528938293457,-0.3729323744773865,-0.1549019599857432
-0.3540569543838501,-0.2560311555862427,-0.46622464060783386,0.2304489213782739
-0.14781633019447327,-0.4299192428588867,-0.4032718241214752,0.38021124171160603
-0.1475096344947815,-0.35588520765304565,-0.16303019225597382,0.0
0.3251858353614807,0.27100107073783875,0.2823757827281952,0.38021124171160603
0.12438385933637619,0.3310836851596832,0.0943547934293747,0.3424226808222063
-0.23531952500343323,-0.0332522876560688,-0.180854931473732,0.25527250510330607
-0.3710637390613556,-0.34850946068763733,-0.32501792907714844,-0.5228787452803376
-0.18474224209785461,-0.17312674224376678,-0.09515145421028137,-0.3979400086720376
0.0897800400853157,0.08725084364414215,0.14509271085262299,-0.22184874961635637
0.04491882771253586,0.014608037658035755,0.1921529471874237,0.07918124604762482
-0.012223217636346817,0.010207784362137318,0.07144543528556824,0.11394335230683678
0.2400875985622406,0.09749770909547806,0.09003834426403046,0.38021124171160603
-0.12001475691795349,0.045565925538539886,-0.005944802891463041,0.04921802267018165
-0.18609246611595154,-0.4418419599533081,-0.39743390679359436,0.15228834438305647
0.19931642711162567,0.22634874284267426,0.1825948804616928,0.03742649794062367
0.12314274162054062,0.21256232261657715,0.30918875336647034,0.1553360374650618
0.22448810935020447,0.4003257751464844,0.26480844616889954,0.250420002308894
-1.09001624584198,-1.0270394086837769,-0.9871690273284912,-1.0969100130080565
-1.69369375705719,-1.3115378618240356,-1.8553484678268433,-0.958607314841775
-1.216698169708252,-1.1331976652145386,-1.0348811149597168,-0.8239087409443188
-1.3585158586502075,-1.2087855339050293,-1.2673567533493042,-1.6777807052660807
-1.2988014221191406,-1.2036218643188477,-1.1622949838638306,-1.5895095799965522
-1.6383392810821533,-1.6435554027557373,-1.5425318479537964,-1.712198270069774
-1.8009648323059082,-1.8058770895004272,-1.9136501550674438,-1.7351821769904636
-1.4084540605545044,-1.3935115337371826,-1.3605142831802368,-1.4710832997223453
-1.536619782447815,-1.6238824129104614,-1.683396577835083,-1.61738868710651
-1.5026558637619019,-1.3698474168777466,-1.3930269479751587,-1.2817724266448587
-1.4241619110107422,-1.4687367677688599,-1.6249406337738037,-1.7137007490571712
-1.9518488645553589,-1.9244908094406128,-2.0289440155029297,-1.752837190960669
-1.7996231317520142,-1.6365017890930176,-1.5407589673995972,-1.630784142589857
-2.1578776836395264,-2.129697322845459,-2.1605379581451416,-1.8707291398786847
-2.0443594455718994,-1.9058303833007812,-2.204911231994629,-1.7958800173440752
-1.2050819396972656,-1.3978195190429688,-0.9760499596595764,-1.207608310501746
-1.113774061203003,-1.0803067684173584,-0.9953245520591736,-1.154901959985743
-1.0826541185379028,-0.9944883584976196,-1.028268814086914,-1.136677139879544
-1.0023760795593262,-0.9599735140800476,-0.9484327435493469,-1.193820026016113
-1.0550085306167603,-0.9358131289482117,-0.9293721318244934,-1.2218487496163564
-1.4851728677749634,-1.2548195123672485,-1.1916996240615845,-0.4145392704914993
-0.8338391184806824,-0.7889848947525024,-0.9286550879478455,-0.5559552040819238
-0.9829287528991699,-0.7440856695175171,-1.0043079853057861,-0.6161846340195687
-0.8417636156082153,-0.8179833889007568,-0.7940370440483093,-0.6655462488490691
-0.9041553735733032,-0.7251949906349182,-0.7231094837188721,-0.7011469235902933
-1.7016204595565796,-1.1296465396881104,-1.152138352394104,-1.1135092748275182
-1.0360859632492065,-1.0938384532928467,-1.0712776184082031,-1.0555173278498313
-1.1257615089416504,-1.0674012899398804,-1.178456425666809,-1.0861861476162833
-1.081374168395996,-0.9392397999763489,-1.11442232131958,-1.3467874862246563
-0.9787037372589111,-1.0546770095825195,-0.9346708059310913,-1.275724130399211
-1.5263794660568237,-1.5819647312164307,-1.5136598348617554,-0.721246399047171
-0.8913165926933289,-0.7675527930259705,-0.8031914830207825,-1.2218487496163564
-1.0886881351470947,-1.025630235671997,-0.9745486378669739,-1.3010299956639813
-1.3674556016921997,-1.4650185108184814,-1.4123411178588867,-2.0969100130080562
-0.6081170439720154,-0.6105014681816101,-0.7077733874320984,-0.721246399047171
-1.5154902935028076,-1.6572765111923218,-1.4341950416564941,-1.2839966563652008
-1.0163811445236206,-0.8930920362472534,-0.8772042989730835,-0.8239087409443188
-1.1513255834579468,-1.0556361675262451,-1.3293143510818481,-0.958607314841775
-0.49689313769340515,-0.20532555878162384,-0.38853025436401367,-0.21467016498923297
-0.6097098588943481,-0.5528699159622192,-0.5849276185035706,-0.4559319556497244
-0.8177477121353149,-0.7298192381858826,-0.8204683661460876,-0.8538719643217619
-0.7318691611289978,-0.7099100351333618,-0.7886409759521484,-0.6777807052660807
-0.6122134923934937,-0.6158079504966736,-0.7202520370483398,-0.46852108295774486
-0.5401668548583984,-0.4790886342525482,-0.4587608575820923,-0.24412514432750865
-0.8256635665893555,-0.9988524913787842,-0.8911723494529724,-0.6777807052660807
-1.0250829458236694,-0.9584653973579407,-0.9283461570739746,-0.5228787452803376
-0.602116584777832,-0.45560580492019653,-0.39456743001937866,0.5563025007672873
-0.5439666509628296,-0.5333508253097534,-0.5564938187599182,0.3424226808222063
-0.6409948468208313,-0.5162370800971985,-0.6168950200080872,0.07918124604762482
-0.46754929423332214,-0.6268171072006226,-0.6790454983711243,-0.3010299956639812
-0.7648707628250122,-0.8707898259162903,-0.7162123918533325,-0.6989700043360187
-0.988746702671051,-0.9383828043937683,-1.0658597946166992,-0.8239087409443188
-0.7242383360862732,-0.6501497626304626,-0.5994700789451599,0.4129642719966628
-0.7062658071517944,-0.6207225918769836,-0.706257164478302,-0.28567024025476695
-0.5125632882118225,-0.6122936606407166,-0.6879029273986816,0.34791518650169134
-0.6941631436347961,-0.7621253728866577,-0.8260986804962158,-0.5157001606532141
-0.6356271505355835,-0.6203190088272095,-0.7796735763549805,0.16316137497701835
-0.7503493428230286,-0.8190087080001831,-0.8054711818695068,-0.7594507517174003
-1.0086134672164917,-1.0732920169830322,-0.9458930492401123,-0.640164517660112
-0.7782999873161316,-0.8709602952003479,-0.8048259615898132,-0.14146280243036088
-0.8648675680160522,-0.9337199330329895,-0.6800135970115662,-1.0222763947111522
-0.8794416189193726,-0.8916186094284058,-0.9163666367530823,-0.575118363368933
-0.8159969449043274,-0.7107862234115601,-0.6730385422706604,-0.5606673061697374
-0.5620384812355042,-0.5562916994094849,-0.49262040853500366,-0.5272435506827877
-0.9843516945838928,-0.8622857332229614,-0.9510771036148071,-0.6635402661514704
-0.9972867369651794,-1.0431628227233887,-1.1316869258880615,-1.3098039199714864
-0.4646386504173279,-0.13600240647792816,0.03977183997631073,-0.8239087409443188
-0.32453009486198425,-0.41428542137145996,0.12818889319896698,-0.4814860601221125
-0.07840809226036072,-0.1534363478422165,0.22352848947048187,-0.744727494896694
-1.2648619413375854,-1.135878324508667,-1.2029633522033691,-0.8239087409443188
-1.298458456993103,-0.8071622252464294,-1.1174108982086182,-1.0969100130080565
-1.253218412399292,-0.9344883561134338,-1.0678962469100952,-1.3010299956639813
-1.347213864326477,-1.2907928228378296,-1.2537225484848022,-1.2218487496163564
-0.7434381246566772,-0.7149583101272583,-0.6794325113296509,-0.2006594505464183
-0.5964062213897705,-0.6608597040176392,-0.7933275103569031,-0.3979400086720376
-0.6374658346176147,-0.773344099521637,-0.6889393925666809,-0.42021640338318983
-0.7913905382156372,-0.5342712998390198,-0.8727623820304871,-0.6777807052660807
-0.8014035820960999,-0.8355420231819153,-0.9514560699462891,-1.0457574905606752
-0.9504872560501099,-0.8375213146209717,-0.9167472720146179,-1.154901959985743
-0.8266031742095947,-1.000697374343872,-0.8316391110420227,-1.2218487496163564
-0.7712498307228088,-0.942689836025238,-0.9783813953399658,-1.3010299956639813
-1.0684431791305542,-1.0453603267669678,-1.0491864681243896,-1.3010299956639813
-0.7326614856719971,-0.7020373940467834,-0.8673155903816223,-0.6989700043360187
-0.776181161403656,-0.772261917591095,-0.823045015335083,-0.8239087409443188
-0.785601019859314,-0.7105159163475037,-0.6994083523750305,-0.9208187539523752
-0.8213645219802856,-0.7981244325637817,-0.8622435331344604,-0.958607314841775
-1.0070713758468628,-0.9063640832901001,-0.8907060027122498,-1.0
-0.49155867099761963,-0.5452496409416199,-0.4325844347476959,-0.6575773191777937
-0.5185970067977905,-0.4613872468471527,-0.4780586063861847,-0.6777807052660807
-0.5193302035331726,-0.5064404606819153,-0.4275374114513397,-0.6989700043360187
-0.5023064613342285,-0.6688722372055054,-0.6083144545555115,-0.7695510786217261
-0.5436487197875977,-0.5980793833732605,-0.48373186588287354,-0.6989700043360187
-0.08711112290620804,-0.20780043303966522,-0.16913144290447235,0.07918124604762482
-0.15868398547172546,-0.17388169467449188,-0.10633891075849533,0.0
-0.2537870705127716,-0.16894985735416412,-0.2175537794828415,-0.10790539730951959
-0.4092980623245239,-0.5141421556472778,-0.35935696959495544,-0.17392519729917352
-0.41732728481292725,-0.5054396390914917,-0.4027051329612732,-0.3010299956639812
-0.6610018014907837,-0.6934905648231506,-0.8497920036315918,-0.3467874862246563
-0.8647252917289734,-0.9282280206680298,-0.7251937985420227,-0.2596373105057561
-0.8298420310020447,-0.9050929546356201,-1.0160969495773315,-1.0457574905606752
-0.4384228587150574,-0.4089106619358063,-0.4349147379398346,-0.4559319556497244
-0.769440233707428,-0.6487475037574768,-0.816371500492096,-1.0
-0.6406657695770264,-0.880721390247345,-0.6849931478500366,-1.3010299956639813
-0.17485865950584412,-0.20524008572101593,-0.02114279568195343,0.04139268515822507
-0.169205442070961,-0.09171871840953827,-0.188258096575737,-0.09691001300805639
-0.22426028549671173,-0.05659297853708267,-0.057702258229255676,-0.22184874961635637
-0.019285893067717552,-0.14360551536083221,-0.23003052175045013,-0.2596373105057561
-0.3147887885570526,-0.20750756561756134,-0.09257569909095764,-0.44369749923271273
-0.16567423939704895,-0.3864145874977112,-0.22236932814121246,-0.619788758288394
-0.8867666721343994,-0.9216011762619019,-0.9897152185440063,-1.0
-0.6576074957847595,-0.6271048784255981,-0.6457257270812988,-0.7695510786217261
-0.6687152981758118,-0.6063830852508545,-0.5098056197166443,-0.6989700043360187
-0.36607232689857483,-0.46942487359046936,-0.5123685598373413,-0.3979400086720376
-0.13295085728168488,-0.16996897757053375,-0.0958966314792633,-0.1549019599857432
-0.25269195437431335,-0.18079249560832977,-0.17876926064491272,0.07918124604762482
-0.2819462716579437,-0.12587593495845795,-0.09633661806583405,0.3010299956639812
-0.7241036891937256,-0.8827997446060181,-0.8327691555023193,-0.7695510786217261
-3.197838544845581,-3.183208465576172,-3.051103115081787,-2.8404328067663798
-3.310946464538574,-3.1040871143341064,-3.0852890014648438,-3.492144128304169
-2.882821798324585,-2.8457698822021484,-2.9765102863311768,-2.8239087409443187
-3.227128744125366,-3.1630568504333496,-3.072463035583496,-3.583359492661719
-3.049586296081543,-2.840315341949463,-3.0627102851867676,-2.8079904073463298
-3.0960237979888916,-3.341718912124634,-3.205528974533081,-3.632644078973981
-2.929736852645874,-3.013497829437256,-3.091623067855835,-2.7780644001719947
-3.2077910900115967,-3.1943254470825195,-3.381657838821411,-3.7772835288524167
-3.0331575870513916,-3.0343377590179443,-3.1010801792144775,-2.8404328067663798
-3.2673745155334473,-3.3041319847106934,-3.16245698928833,-3.8416375079047502
-3.0902178287506104,-2.979814052581787,-3.1750307083129883,-2.9542859410591324
-3.2715561389923096,-3.358656406402588,-3.4854538440704346,-3.9546770212133424
-3.161750555038452,-3.5997867584228516,-3.3965115547180176,-3.109020403010311
-3.386744737625122,-3.4421544075012207,-3.4007186889648438,-3.9746941347352296
-3.6434874534606934,-3.448679208755493,-3.582254648208618,-3.3010299956639813
-0.6519923806190491,-0.7105638384819031,-0.558725893497467,-0.8239087409443188
-0.5199940204620361,-0.5482155680656433,-0.7503580451011658,-0.8538719643217619
-0.41301754117012024,-0.42303550243377686,-0.49060919880867004,-0.7695510786217261
-0.32543814182281494,-0.4878237843513489,-0.43937069177627563,-0.3187587626244128
-0.4016011953353882,-0.37353113293647766,-0.42335477471351624,-0.2676062401770315
-0.335032194852829,-0.3709922730922699,-0.2438586801290512,-0.3098039199714863
-0.7033230662345886,-0.6624411940574646,-0.5829309821128845,0.01703333929878037
-1.1823315620422363,-1.1882171630859375,-1.1776889562606812,-0.7695510786217261
-0.9230749607086182,-0.7945824265480042,-0.9502032995223999,-1.744727494896694
-1.2478523254394531,-1.3538717031478882,-1.2290288209915161,-1.154901959985743
-0.3922736942768097,-0.37424802780151367,-0.34239187836647034,0.16405529189345164
-0.5457989573478699,-0.48930561542510986,-0.4406530261039734,0.027349607774756507
-1.682652235031128,-1.3836536407470703,-1.3639321327209473,-0.721246399047171
-1.2785215377807617,-1.3366883993148804,-1.325805425643921,-1.6989700043360187
-2.181097984313965,-2.375535488128662,-1.833933711051941,-0.0809219076239261
-0.015110409818589687,-0.017002690583467484,0.014591226354241371,0.5797835966168101
0.0007211605552583933,-0.05943458899855614,-0.04579869285225868,0.38021124171160603
-0.02222948893904686,-0.11297048628330231,-0.12196212261915207,0.146128035678238
-0.15538209676742554,-0.09344670921564102,-0.18568648397922516,-0.5228787452803376
-0.3837871551513672,-0.3626019060611725,-0.39618974924087524,-1.0
-1.1516178846359253,-1.3068007230758667,-1.4584276676177979,-0.3565473235138126
-0.9062439799308777,-0.9180164337158203,-0.894008994102478,-0.8239087409443188
-0.9489140510559082,-0.4663822650909424,-0.8550782203674316,-0.744727494896694
-0.7342709302902222,-0.9251008033752441,-0.6211357712745667,0.25527250510330607
-0.9200958013534546,-0.6647791862487793,-0.8341037631034851,0.3222192947339193
-0.8083411455154419,-0.6066775918006897,-0.33266958594322205,0.20411998265592482
-0.8252537846565247,-0.9496626257896423,-0.6493313312530518,0.04139268515822507
-0.8809323310852051,-0.6649917364120483,-0.622742772102356,-0.045757490560675115
-0.7389230728149414,-0.754883885383606,-0.47175082564353943,-0.6989700043360187
-0.5526828169822693,-0.3249262869358063,0.00303445803001523,-0.6575773191777937
-0.4773903787136078,-0.36697918176651,0.1335267871618271,-0.595166283380062
-0.8809739947319031,-1.0442737340927124,-0.631637692451477,-1.3979400086720375
-0.7860547304153442,-0.7578460574150085,-0.8121421337127686,-1.6989700043360187
-1.0332062244415283,-1.116110920906067,-0.6574890613555908,-1.5528419686577808
-0.5373557209968567,-0.3989764451980591,-0.867331862449646,-1.4559319556497243
-0.6505382061004639,-0.6633074879646301,-0.7018340229988098,-0.8239087409443188
-0.8219773769378662,-0.7155287265777588,-0.7421447038650513,-0.744727494896694
-0.7019456624984741,-0.8827075958251953,-0.7340004444122314,-0.619788758288394
-0.8031948804855347,-0.6344127058982849,-0.7103390693664551,-0.5528419686577808
-0.6687061786651611,-0.6517364978790283,-0.7103270888328552,-0.5228787452803376
-0.417093962430954,-0.4463150203227997,-0.46360093355178833,-0.48811663902112556
-0.3636491894721985,-0.5489296317100525,-0.47120389342308044,-0.494850021680094
-0.48586297035217285,-0.3542230427265167,-0.5253462791442871,-0.5016894462103995
-0.4211570620536804,-0.44216859340667725,-0.35477325320243835,-0.36653154442041347
-0.24689629673957825,-0.3747350871562958,-0.3129589259624481,-0.2924298239020636
-0.5467114448547363,-0.48270079493522644,-0.47685495018959045,-0.5228787452803376
-0.46245086193084717,-0.5042127370834351,-0.5545951128005981,-0.5086383061657274
-0.3653865158557892,-0.4842574894428253,-0.4316520094871521,-0.5157001606532141
-0.48179417848587036,-0.4972519874572754,-0.531880259513855,-0.5086383061657274
-0.6200418472290039,-0.5223461389541626,-0.40328240394592285,-0.5016894462103995
-0.367103636264801,-0.4372614622116089,-0.36131197214126587,-0.494850021680094
-0.3126472234725952,-0.27588942646980286,-0.46075767278671265,-0.48811663902112556
-2.037402629852295,-2.2655959129333496,-2.145761728286743,-2.3979400086720375
-2.459641456604004,-2.527313709259033,-2.221701145172119,-2.42021640338319
-2.2001328468322754,-2.5978941917419434,-2.5386807918548584,-2.5528419686577806
-2.220233678817749,-2.3991308212280273,-2.4415619373321533,-2.744727494896694
-2.2911133766174316,-2.3954203128814697,-2.3145790100097656,-3.3010299956639813
0.5669256448745728,0.5578050017356873,0.7664714455604553,0.9030899869919435
0.42594513297080994,0.6063054800033569,0.8575536608695984,0.9542425094393249
0.6559097170829773,0.6343181729316711,0.708571195602417,0.8450980400142568
0.4161568284034729,0.47971200942993164,0.4579600393772125,1.0170333392987803
0.805080771446228,0.5753754377365112,0.7785086035728455,0.9242792860618817
0.644263744354248,0.5497040152549744,0.4171779453754425,1.1139433523068367
-0.4807681441307068,-0.36311542987823486,-0.32295525074005127,0.07918124604762482
-0.20201215147972107,-0.13277749717235565,-0.20233528316020966,-0.3565473235138126
-0.166693776845932,-0.13034921884536743,-0.08888927847146988,-0.11918640771920865
-0.1527789831161499,-0.17596931755542755,-0.03757261112332344,-0.09691001300805639
-0.21660414338111877,-0.23476161062717438,-0.3943623900413513,-0.6575773191777937
-0.5482218861579895,-0.321199893951416,-0.27924391627311707,0.2304489213782739
0.048789944499731064,-0.07833396643400192,-0.09865197539329529,0.0
-0.03044745698571205,-0.07206757366657257,0.0012430049246177077,-0.22184874961635637
-0.05274304747581482,-0.03238723427057266,0.10195031017065048,-0.09691001300805639
-0.049003876745700836,-0.22618751227855682,-0.30903246998786926,-0.3979400086720376
-0.4201159179210663,-0.13227872550487518,-0.23450414836406708,0.38021124171160603
0.10288064926862717,0.057192135602235794,0.11524195224046707,0.13033376849500614
-0.005127975717186928,-0.046311017125844955,0.03785355016589165,-0.13076828026902382
0.04773315414786339,0.17354272305965424,0.015277907252311707,-0.026872146400301365
-0.03475097566843033,-0.1578882783651352,-0.04337213560938835,-0.3010299956639812
-0.278314471244812,-0.2708890438079834,-0.1905207484960556,0.5185139398778874
0.22060799598693848,-0.04702870920300484,0.17162694036960602,0.20411998265592482
0.2850823998451233,0.16198085248470306,0.10662563890218735,0.01703333929878037
0.04820307716727257,-0.001617777394130826,0.06307382136583328,-0.06550154875643228
0.0748642161488533,-0.13416798412799835,-0.08284369856119156,-0.22184874961635637
-0.4987308382987976,-0.181598499417305,-0.12180687487125397,0.6127838567197355
0.03681793063879013,-0.05348335579037666,-0.04257194325327873,0.24551266781414982
0.034183863550424576,0.09269944578409195,-0.031127486377954483,0.04921802267018165
-0.051612433046102524,-0.0865880474448204,-0.1186574399471283,0.021189299069938092
-0.01582125388085842,-0.14972646534442902,-0.2836858332157135,-0.10790539730951959
-2.4191408157348633,-2.397313117980957,-2.4496548175811768,-1.9199510324211482
-2.400491714477539,-2.4652252197265625,-2.3209800720214844,-2.3005959181846625
-2.7098209857940674,-2.7466752529144287,-2.6788723468780518,-3.0969100130080562
-2.711090326309204,-2.592672824859619,-2.5791513919830322,-2.77780395369828
-2.5160927772521973,-2.4384925365448,-2.5613553524017334,-2.87484417041947
-2.4886064529418945,-2.4343578815460205,-2.3365414142608643,-2.573814174755489
-2.348299503326416,-2.530035972595215,-2.403794050216675,-2.4468454518303746
-2.5068323612213135,-2.627678155899048,-2.57476806640625,-2.2337359093480043
-2.5760793685913086,-2.5436928272247314,-2.7660136222839355,-2.137928280620006
-2.589221239089966,-2.7621920108795166,-2.4954190254211426,-3.425968732272281
-0.1452248990535736,-0.21228401362895966,-0.13837479054927826,-0.12493873660829993
-0.1991274058818817,-0.19303178787231445,-0.20282714068889618,-0.14266750356873156
-0.23992285132408142,-0.26042619347572327,-0.3013014495372772,-0.2076083105017461
-0.35176169872283936,-0.43077465891838074,-0.3924984931945801,-0.3979400086720376
-0.4339747726917267,-0.31657934188842773,-0.3333568871021271,-0.22184874961635637
-0.251444011926651,-0.4436502754688263,-0.38684824109077454,-0.23657200643706278
-0.22218558192253113,-0.19916580617427826,-0.29028862714767456,-0.22184874961635637
-0.07356481999158859,-0.1805533617734909,-0.12150034308433533,-0.1549019599857432
0.1363483965396881,0.17511294782161713,0.10907407850027084,-0.10790539730951959
-0.38108980655670166,-0.48428887128829956,-0.4245605170726776,-0.2596373105057561
-0.7802661061286926,-0.8635387420654297,-0.8830075860023499,-0.10790539730951959
-0.7951693534851074,-0.8161316514015198,-0.7621974945068359,0.021189299069938092
-0.6953088641166687,-0.34625136852264404,-0.5582467913627625,0.07918124604762482
-0.35254302620887756,-0.5004801750183105,-0.5282136797904968,0.09691001300805642
-0.18590596318244934,-0.21126200258731842,-0.06870964169502258,-0.2076083105017461
-0.16647353768348694,-0.2605118155479431,-0.22948530316352844,0.04139268515822507
-0.24966567754745483,-0.1980719417333603,-0.1125655546784401,0.07918124604762482
-0.25541943311691284,-0.1745387762784958,-0.1809457391500473,-0.22184874961635637
-0.25551241636276245,-0.29642701148986816,-0.30478328466415405,0.0
-0.23602497577667236,-0.2217761129140854,-0.14629366993904114,0.04139268515822507
-0.14866888523101807,-0.2227892428636551,-0.28593799471855164,-0.3979400086720376
-0.19591405987739563,-0.19870525598526,-0.22281643748283386,-0.1938200260161128
-0.1385643631219864,-0.25558674335479736,-0.059175699949264526,-0.08618614761628333
-0.21392759680747986,-0.16989588737487793,-0.2605615556240082,-0.5228787452803376
-0.2402850091457367,-0.2864145040512085,-0.29915642738342285,-0.38721614328026455
-0.13185730576515198,-0.12467457354068756,-0.19794097542762756,-0.3372421683184259
-0.19475537538528442,-0.2681395709514618,-0.27509042620658875,-0.619788758288394
-0.24624791741371155,-0.29795196652412415,-0.4132114052772522,-0.3979400086720376
-0.13481703400611877,-0.24865084886550903,-0.09773978590965271,-0.37675070960209955
-1.0055975914001465,-1.1844687461853027,-0.9560674428939819,-0.9507819773298184
-2.199492931365967,-2.0019941329956055,-2.4088141918182373,-1.3010299956639813
-2.126523494720459,-1.9200745820999146,-2.4479587078094482,-1.3010299956639813
-1.8506075143814087,-2.323117256164551,-1.8981680870056152,-2.3979400086720375
-2.1379477977752686,-1.8367505073547363,-1.8508198261260986,-2.6989700043360187
-2.1034538745880127,-2.315953493118286,-2.720233917236328,-3.0
-1.170633316040039,-1.0663483142852783,-0.9214595556259155,-0.3010299956639812
-1.0083165168762207,-0.8950709700584412,-0.8495057225227356,-0.1549019599857432
-0.4299149513244629,-0.5548679828643799,-0.3781578242778778,0.17609125905568124
-0.6770983934402466,-0.37354713678359985,-0.3231932818889618,0.5440680443502757
-0.5275984406471252,-0.6510570049285889,-0.6176978349685669,-0.744727494896694
-0.6965832114219666,-0.6989947557449341,-0.8041117191314697,-0.7958800173440752
-0.6336815357208252,-0.7650429010391235,-0.7248589396476746,-0.6777807052660807
-0.7697023153305054,-0.748360812664032,-0.7021457552909851,-0.8538719643217619
-0.6574699282646179,-0.6463814377784729,-0.7255337238311768,-0.7958800173440752
-0.5086030960083008,-0.67421555519104,-0.5329219102859497,-0.6989700043360187
-0.7284248471260071,-0.6606341004371643,-0.6829414367675781,-0.8239087409443188
-0.7408835291862488,-0.6608330011367798,-0.7113177180290222,-0.8239087409443188
-0.8236014246940613,-0.7466608285903931,-0.7615206837654114,-0.8538719643217619
-1.5152994394302368,-1.19216787815094,-1.2346373796463013,-2.0969100130080562
-0.5693535804748535,-0.3673785626888275,-0.4075809121131897,-0.08618614761628333
-0.145808607339859,0.08848754316568375,-0.19261625409126282,0.06818586174616162
-0.46905753016471863,-0.39241012930870056,-0.3618285059928894,-0.3467874862246563
-0.5957770347595215,-0.39459583163261414,-0.612625777721405,-0.638272163982407
-0.32329893112182617,-0.47778910398483276,-0.47828325629234314,-0.7695510786217261
-0.48033425211906433,-0.3012336194515228,-0.4626736044883728,-0.2676062401770315
-0.7564682960510254,-0.593045175075531,-0.772193431854248,-0.42021640338318983
-0.8185223340988159,-0.7797380685806274,-0.8663221597671509,-0.6777807052660807
-0.9272542595863342,-0.7858462333679199,-0.8348802328109741,-0.6777807052660807
-0.824684202671051,-0.8267025947570801,-0.9181058406829834,-1.0457574905606752
-0.5059298872947693,-0.6091537475585938,-0.4989975690841675,-0.3979400086720376
-0.6267207860946655,-0.5584237575531006,-0.6187186241149902,-0.619788758288394
-0.6725941300392151,-0.6095350384712219,-0.7040339708328247,-0.7695510786217261
-0.7346897721290588,-0.7678765654563904,-0.6885008215904236,-0.8239087409443188
-0.3458752930164337,-0.18541307747364044,-0.13866886496543884,-0.23657200643706278
-0.7407374978065491,-0.7371270656585693,-0.7607195973396301,-0.5086383061657274
-0.7827655076980591,-0.8310085535049438,-0.7608327269554138,-0.46852108295774486
-0.7578548789024353,-0.7113708853721619,-0.903809130191803,-0.5528419686577808
-0.7644000053405762,-0.7815104722976685,-0.7922303676605225,-0.6575773191777937
-0.8491862416267395,-0.9107909798622131,-0.7217376232147217,-0.6989700043360187
-0.6491901874542236,-0.6060600876808167,-0.6640469431877136,-0.44369749923271273
-0.5619575381278992,-0.5022363066673279,-0.5405656099319458,-0.3467874862246563
-0.3361002802848816,-0.2604229152202606,-0.3865455090999603,-0.2676062401770315
-0.8677960634231567,-0.79539954662323,-0.8045772910118103,-0.744727494896694
-0.8125356435775757,-0.720762312412262,-0.8284813761711121,-0.6575773191777937
-0.6183040142059326,-0.7052510380744934,-0.6265497207641602,-0.5086383061657274
-0.4378560781478882,-0.4533531069755554,-0.43233492970466614,-0.3979400086720376
-0.9507929086685181,-1.025170087814331,-1.0139964818954468,-1.0969100130080565
-0.9521446824073792,-0.9179271459579468,-0.9495546817779541,-0.958607314841775
-0.6750942468643188,-0.8367397785186768,-0.8281460404396057,-0.744727494896694
-0.5684195756912231,-0.6296387314796448,-0.6318148970603943,-0.6020599913279624
-1.1311545372009277,-1.165400743484497,-1.124008059501648,-1.3010299956639813
-1.0770832300186157,-1.0845590829849243,-1.0527405738830566,-1.0
-1.029234528541565,-0.9817140698432922,-1.0125495195388794,-0.8239087409443188
-0.6475109457969666,-0.6971473693847656,-0.7095208168029785,-0.6989700043360187
-1.2300004959106445,-1.254165530204773,-1.2034295797348022,-1.38933983691012
-1.3200784921646118,-1.367544174194336,-1.4162817001342773,-1.27083521030723
-1.1668646335601807,-1.1498478651046753,-0.5630133748054504,-1.5026694370349483
-1.459060788154602,-1.335565209388733,-0.48483195900917053,-1.2944612752327194
-0.6117193102836609,-1.3035788536071777,-1.199722170829773,-1.2368941027930884
-0.666736900806427,-1.0596967935562134,-1.1161446571350098,-1.3074967762144598
-0.5540119409561157,-0.5428739786148071,-0.5300203561782837,-0.5228787452803376
-0.6684846878051758,-0.5272184014320374,-0.595471978187561,-0.21467016498923297
-0.5888908505439758,-0.6313668489456177,-0.5594280958175659,-0.22184874961635637
-0.5031991600990295,-0.4513230621814728,-0.5940957069396973,-0.25181197299379954
-0.5379340648651123,-0.5902013778686523,-0.5176026821136475,-0.13076828026902382
-0.5363446474075317,-0.4548192024230957,-0.3792203962802887,-0.09691001300805639
-0.6993466019630432,-0.4948008060455322,-0.34511756896972656,-0.2839966563652008
-0.6954512000083923,-0.6859754920005798,-0.7014853954315186,-0.3979400086720376
-0.7292488813400269,-0.7411410808563232,-0.660447359085083,-0.3565473235138126
-0.521670401096344,-0.5101978778839111,-0.5666556358337402,-0.3187587626244128
-0.5123202800750732,-0.5890204906463623,-0.5956657528877258,-0.3010299956639812
-0.7863357067108154,-0.6680153608322144,-0.6328123807907104,-0.22184874961635637
-1.745733618736267,-2.028035879135132,-1.9516561031341553,-2.095392636184552
-1.6384261846542358,-1.8966994285583496,-1.8847721815109253,-2.092105164583717
-1.7169378995895386,-1.7157176733016968,-1.8947079181671143,-2.0516848593106523
-1.7831135988235474,-1.8207683563232422,-1.7494615316390991,-1.7218868840201662
-1.6714096069335938,-1.7347642183303833,-1.580530047416687,-1.6332596101570895
-1.7383744716644287,-1.6658912897109985,-1.7222909927368164,-1.5881951691845766
-0.6652286648750305,-0.9500510096549988,-0.5397323966026306,-0.494850021680094
-0.6029210090637207,-0.5286460518836975,-0.632777214050293,-0.42021640338318983
-0.474051833152771,-0.37806186079978943,-0.3938240706920624,-0.3467874862246563
-0.3355708718299866,-0.32234176993370056,-0.7009348273277283,-0.3010299956639812
-0.19631119072437286,-0.12253735214471817,-0.02982071228325367,-0.2676062401770315
-0.2900128960609436,-0.045535244047641754,-0.21146385371685028,-0.1549019599857432
-0.20331284403800964,-0.2691068947315216,-0.29186707735061646,-0.23657200643706278
-0.20189198851585388,-0.20499072968959808,-0.28770896792411804,-0.5228787452803376
-0.31675705313682556,-0.231893852353096,-0.4306100904941559,0.0
-0.4480108618736267,-0.22749082744121552,-0.1247539073228836,-0.6989700043360187
-1.0108821392059326,-0.9181458950042725,-0.9659678936004639,-1.154901959985743
-1.0557756423950195,-1.0142089128494263,-0.9802610278129578,-1.1079053973095196
-0.9898518323898315,-0.960925281047821,-1.0701507329940796,-1.0861861476162833
-1.0160728693008423,-1.0293747186660767,-1.0786921977996826,-1.0
-0.6143524050712585,-0.5501946806907654,-0.5752315521240234,-1.0
-0.5297170281410217,-0.6018807291984558,-0.4425995647907257,-0.6989700043360187
-0.482509583234787,-0.48029977083206177,-0.38997358083724976,-0.494850021680094
-0.4881032407283783,-0.3736223578453064,-0.27514562010765076,-0.1549019599857432
-0.2177923023700714,-0.34386661648750305,-0.16543002426624298,-0.22184874961635637
-0.33898788690567017,-0.41645288467407227,-0.3773801624774933,-0.3467874862246563
-0.5301913619041443,-0.4337417781352997,-0.2643343210220337,-0.3979400086720376
-0.42492422461509705,-0.4490889310836792,-0.4801405370235443,-0.24412514432750865
-0.445908784866333,-0.524302065372467,-0.42961522936820984,-0.2596373105057561
-0.5801810622215271,-0.5840734243392944,-0.5218438506126404,-0.3010299956639812
-0.6100269556045532,-0.6600213646888733,-0.7550671100616455,-0.3979400086720376
-1.0655351877212524,-1.074724793434143,-1.0771634578704834,-1.0177287669604316
-1.1665109395980835,-1.153425693511963,-1.1396116018295288,-1.0
-0.274408221244812,-0.18641351163387299,-0.1485564261674881,-0.07058107428570727
-0.18565824627876282,-0.2358197420835495,-0.18406568467617035,-0.12493873660829993
-0.3480563759803772,-0.3814210891723633,-0.36942318081855774,-0.37675070960209955
-0.34507641196250916,-0.41884157061576843,-0.3171643912792206,-0.3279021420642826
-0.33683598041534424,-0.2376907467842102,-0.18907679617404938,-0.22184874961635637
-0.23995058238506317,-0.09469792991876602,-0.07884420454502106,-0.14266750356873156
-0.28479114174842834,-0.346270889043808,-0.2316446453332901,-0.494850021680094
-0.4077126383781433,-0.497164249420166,-0.4514370262622833,-0.6020599913279624
-0.1988706737756729,-0.2890129089355469,-0.28969499468803406,-0.09691001300805639
-0.27373218536376953,-0.25500720739364624,-0.2093254178762436,0.20411998265592482
-0.21295708417892456,-0.15562552213668823,-0.20791862905025482,-0.09691001300805639
-0.19052758812904358,-0.18284684419631958,-0.06553325057029724,-0.1549019599857432
-0.3115011155605316,-0.25372639298439026,-0.3559316396713257,-0.22184874961635637
-0.2096809446811676,-0.22794054448604584,-0.16590236127376556,-0.22184874961635637
-0.34716570377349854,-0.3095376491546631,-0.33172285556793213,0.07918124604762482
-0.11946138739585876,-0.2395785003900528,-0.19902321696281433,-0.3010299956639812
-0.23297441005706787,-0.1844836324453354,-0.13338026404380798,-0.3979400086720376
-0.3353085517883301,-0.27040112018585205,-0.3288486897945404,-0.3979400086720376
-0.33684027194976807,-0.3171903192996979,-0.33744263648986816,-0.09691001300805639
-0.18379825353622437,-0.22238874435424805,-0.24662260711193085,-0.5228787452803376
-0.31435734033584595,-0.24034862220287323,-0.24592334032058716,-0.6989700043360187
-0.4368979334831238,-0.3561050295829773,-0.35805264115333557,-0.6989700043360187
-0.4316628873348236,-0.3854844570159912,-0.4185503125190735,-0.22184874961635637
-0.5520923733711243,-0.43414565920829773,-0.5168740749359131,-0.9208187539523752
-0.47723057866096497,-0.6340875625610352,-0.5281780958175659,-0.3467874862246563
-1.3184469938278198,-1.2911936044692993,-1.1078037023544312,-0.858863909879261
-1.2860331535339355,-1.5706195831298828,-1.364922285079956,-1.0788339493622612
-1.0903631448745728,-1.2005683183670044,-0.5744919776916504,-0.9295926782598803
-1.1967216730117798,-1.3283884525299072,-1.1609426736831665,-0.549750891680639
-0.539095401763916,-0.5185561180114746,-0.5721599459648132,-0.6020599913279624
-0.6637523174285889,-0.5608681440353394,-0.505038321018219,-0.6020599913279624
-0.7314505577087402,-0.7068336009979248,-0.6411474347114563,-0.6989700043360187
-0.2430228590965271,-0.323761910200119,-0.20210714638233185,-0.2596373105057561
-0.2641352415084839,-0.26499858498573303,-0.191998690366745,-0.3010299956639812
-0.37602582573890686,-0.3534184992313385,-0.40445026755332947,-0.3979400086720376
-0.8786561489105225,-0.9897364377975464,-0.8931406140327454,-0.9208187539523752
-0.9533311128616333,-0.9096894264221191,-0.9655033349990845,-1.0
-1.0384613275527954,-1.1140109300613403,-1.18582284450531,-0.958607314841775
-0.737481415271759,-0.6231950521469116,-0.7452942132949829,-0.8538719643217619
-0.8163705468177795,-0.71881103515625,-0.7766070365905762,-0.8860566476931632
-0.9097711443901062,-0.8721339702606201,-0.8287169933319092,-0.9208187539523752
-0.6351770162582397,-0.7079553604125977,-0.6166461706161499,-0.7695510786217261
-0.7718649506568909,-0.829364538192749,-0.709643542766571,-0.744727494896694
-0.6083193421363831,-0.6745219826698303,-0.6404673457145691,-0.8538719643217619
-0.24818772077560425,-0.356759250164032,-0.3206626772880554,-0.3565473235138126
-0.4399777948856354,-0.523655116558075,-0.41479358077049255,-0.5528419686577808
-0.2959587275981903,-0.22522638738155365,-0.409271776676178,-0.3979400086720376
-0.5865670442581177,-0.5915327072143555,-0.5005794763565063,-0.585026652029182
-0.4481217563152313,-0.6293726563453674,-0.5557172298431396,-0.5528419686577808
-0.6806918978691101,-0.7401571869850159,-0.779727578163147,-0.6777807052660807
-0.757570743560791,-0.8462240099906921,-0.8467119932174683,-0.744727494896694
-0.8729076981544495,-0.8226405382156372,-0.8147188425064087,-0.9208187539523752
-0.9623885154724121,-0.9793971180915833,-0.9051491618156433,-0.8239087409443188
-0.5124181509017944,-0.40961042046546936,-0.4101921617984772,-0.44369749923271273
-0.562504231929779,-0.590021014213562,-0.6431799530982971,-0.5228787452803376
-0.5228862762451172,-0.5395946502685547,-0.33522167801856995,-0.494850021680094
-1.1380727291107178,-1.1613283157348633,-1.2178252935409546,-0.9208187539523752
-0.8556420207023621,-0.9926978349685669,-0.9949272274971008,-0.8239087409443188
-0.9289799928665161,-0.9830017685890198,-1.0493525266647339,-0.9208187539523752
-0.565078854560852,-0.5404226183891296,-0.609350323677063,-0.4559319556497244
-0.7232991456985474,-0.7182695269584656,-0.8047858476638794,-0.619788758288394
-0.5820136070251465,-0.6677749156951904,-0.6215941905975342,-0.6020599913279624
-1.771067500114441,-2.0190675258636475,-2.1207292079925537,-2.537602002101044
-1.8902387619018555,-2.327531576156616,-2.285027265548706,-2.167491087293764
-1.8582286834716797,-2.519566059112549,-2.3647494316101074,-2.344861565188618
-2.2856600284576416,-2.4364612102508545,-2.3625264167785645,-1.9507819773298183
0.170871302485466,0.22994206845760345,0.23397047817707062,0.07918124604762482
0.20039242506027222,0.4044501781463623,0.3354780972003937,0.6989700043360189
0.5341196656227112,0.5574703216552734,0.633372962474823,0.8450980400142568
0.13121095299720764,0.26788127422332764,0.14963464438915253,0.04139268515822507
0.25714972615242004,0.23189936578273773,0.3973197638988495,0.4913616938342727
0.47600916028022766,0.5000274181365967,0.5274410843849182,0.7781512503836436
0.13028734922409058,0.2427053600549698,0.15031249821186066,0.04139268515822507
0.25123292207717896,0.19963519275188446,0.3869569003582001,0.414973347970818
0.5867680311203003,0.4970453977584839,0.5772019624710083,0.6627578316815741
0.07280994206666946,0.052559737116098404,0.14541873335838318,0.0
0.24405764043331146,0.22723068296909332,0.14700765907764435,0.3424226808222063
0.33195561170578003,0.5248386263847351,0.5497360229492188,0.5314789170422551
-0.015304336324334145,-0.01281418465077877,-0.022997668012976646,-1.3979400086720375
0.0878983661532402,0.11128128319978714,0.11575840413570404,0.07918124604762482
0.22246494889259338,0.35258153080940247,0.25304117798805237,0.38021124171160603
-0.40591514110565186,-0.3352299630641937,-0.36027243733406067,-1.5228787452803376
-0.2789765000343323,-0.21485088765621185,-0.36408933997154236,0.04139268515822507
-0.09796739369630814,-0.12779182195663452,-0.16736187040805817,0.3010299956639812
-0.3954819142818451,-0.4858570396900177,-0.4501357674598694,-1.6989700043360187
-0.3395647704601288,-0.3705463111400604,-0.24735324084758759,0.0
-0.17008742690086365,-0.11964908987283707,-0.17263410985469818,0.17609125905568124
-0.3785148561000824,-0.38255977630615234,-0.43003034591674805,-0.5228787452803376
-0.4967634379863739,-0.3786751329898834,-0.4725300371646881,-0.585026652029182
-0.45205986499786377,-0.41861623525619507,-0.577835202217102,-0.619788758288394
-0.5929939150810242,-0.4859682619571686,-0.540024995803833,-0.6575773191777937
-0.5690178275108337,-0.504175066947937,-0.564778745174408,0.04139268515822507
-0.6243029832839966,-0.6771442294120789,-0.6506280899047852,-0.07572071393811836
-0.7010568976402283,-0.6362480521202087,-0.688266932964325,-0.7033348097384688
-0.6794270277023315,-0.6922832131385803,-0.7310454249382019,-0.16749108729376366
-0.8575416803359985,-0.6716997623443604,-0.7981011867523193,-0.712198270069774
-0.8402467370033264,-0.6949270367622375,-0.8046833872795105,-0.22184874961635637
-0.883709192276001,-1.079058289527893,-0.9155803322792053,-0.744727494896694
-1.0608667135238647,-0.9284846782684326,-1.037296175956726,-0.3010299956639812
-0.4383941888809204,-0.27031537890434265,-0.060024481266736984,0.3010299956639812
-0.06781245023012161,-0.455422043800354,-0.3024308979511261,0.25527250510330607
-0.34319013357162476,-0.5154404044151306,-0.23841328918933868,-0.22184874961635637
-0.2712458372116089,-0.6368715167045593,-0.3381352126598358,-0.3979400086720376
-0.8417209386825562,-1.1218008995056152,-0.8510274291038513,-0.22184874961635637
-0.7950420379638672,-0.7159913778305054,-0.7760130167007446,-1.0
-0.49838021397590637,-0.7658213973045349,-0.43169116973876953,-0.6989700043360187
-0.2887684404850006,-0.28163665533065796,-0.20639924705028534,-1.3010299956639813
-1.1536823511123657,-1.2581031322479248,-1.2378085851669312,-1.6989700043360187
-1.3019107580184937,-1.3037649393081665,-1.449990153312683,-1.2924298239020637
-1.5201133489608765,-1.3756762742996216,-1.4665547609329224,-1.3979400086720375
-1.3376914262771606,-1.2689625024795532,-1.4687433242797852,-1.5228787452803376
-1.3242278099060059,-1.379692792892456,-1.4439510107040405,-1.5228787452803376
-1.188726782798767,-1.399501085281372,-1.2284880876541138,-1.154901959985743
-1.255821943283081,-1.4276992082595825,-1.2830612659454346,-1.3010299956639813
-1.0643938779830933,-1.2804701328277588,-1.1948755979537964,-1.3010299956639813
-1.209912657737732,-1.0987838506698608,-1.2711875438690186,-1.6020599913279623
-1.1766465902328491,-1.3888148069381714,-1.2768508195877075,-1.3467874862246563
-1.0835994482040405,-1.1443445682525635,-1.1549538373947144,-0.7958800173440752
-1.1990348100662231,-1.3031606674194336,-1.1464275121688843,-1.154901959985743
-1.142680048942566,-0.9944926500320435,-1.0427618026733398,-1.2924298239020637
-0.9685922861099243,-1.0094008445739746,-1.050371766090393,-1.154901959985743
-1.070586919784546,-1.0406615734100342,-1.1585406064987183,-1.1249387366083
-0.6524708271026611,-0.8111125826835632,-0.8501951098442078,-0.7695510786217261
-0.8833819627761841,-0.9279898405075073,-0.9301390647888184,-0.6575773191777937
-0.8495373129844666,-0.9970827102661133,-0.9153870940208435,-0.9208187539523752
-0.9196535348892212,-0.8109622597694397,-0.8214921951293945,-0.8860566476931632
-0.7169889807701111,-0.8891597390174866,-0.8627579212188721,-1.0
-0.7759072184562683,-0.7244564294815063,-0.7358896136283875,-1.0
-0.7005717754364014,-0.5354489684104919,-0.5038995742797852,-0.6989700043360187
-0.39673441648483276,-0.14935463666915894,-0.34336042404174805,-0.494850021680094
-0.9289007186889648,-0.9488067030906677,-0.8373204469680786,-0.6989700043360187
-0.6414964199066162,-0.7202887535095215,-0.7612318992614746,-0.46852108295774486
-0.39330872893333435,-0.3829568326473236,-0.4758664667606354,-0.2924298239020636
-0.8692923784255981,-0.754848301410675,-0.9626681804656982,-0.494850021680094
-0.7611982822418213,-0.7399168610572815,-0.6718004941940308,-0.3010299956639812
-0.4748319685459137,-0.49163639545440674,-0.46886926889419556,-0.21467016498923297
-0.5290016531944275,-0.5114056468009949,-0.540945827960968,-0.6777807052660807
-0.4176836311817169,-0.4733954071998596,-0.513974666595459,-0.44369749923271273
0.02658841200172901,-0.03827766329050064,-0.2897781431674957,-0.25181197299379954
-0.6852989792823792,-0.6745001077651978,-0.8995851874351501,-0.5228787452803376
-0.5045114159584045,-0.41688743233680725,-0.4892925024032593,-0.3372421683184259
-0.19549092650413513,-0.2928418815135956,-0.3162420392036438,-0.1938200260161128
-0.6514953970909119,-0.6716902852058411,-0.7423546314239502,-0.3979400086720376
-0.47574594616889954,-0.5330547094345093,-0.6494409441947937,-0.22184874961635637
-0.2563689947128296,-0.20286332070827484,-0.2490653693675995,-0.09691001300805639
-1.8699774742126465,-1.7883723974227905,-1.8731180429458618,-1.6382721639824072
-1.7894517183303833,-1.6281676292419434,-1.6283104419708252,-1.6382721639824072
-1.8255916833877563,-1.785496711730957,-1.6781878471374512,-1.6575773191777938
-1.7566479444503784,-1.8676838874816895,-1.8197530508041382,-1.6777807052660807
-1.6167423725128174,-1.6557852029800415,-1.6794614791870117,-1.6575773191777938
-1.6405423879623413,-1.5868979692459106,-1.5748515129089355,-1.5528419686577808
-1.6717755794525146,-1.652945876121521,-1.6564011573791504,-1.6989700043360187
-1.6126283407211304,-1.4109106063842773,-1.5179191827774048,-1.6197887582883939
-1.0815681219100952,-1.317939281463623,-1.277481198310852,-0.958607314841775
-1.0515376329421997,-1.0064417123794556,-1.0390796661376953,-1.744727494896694
-1.3302549123764038,-1.308456301689148,-1.1979032754898071,-1.0457574905606752
-1.0988105535507202,-1.2340666055679321,-0.9393889904022217,-1.0969100130080565
-0.9423057436943054,-1.010648488998413,-0.8342832922935486,-0.744727494896694
-0.8116433620452881,-0.8335176706314087,-0.7767135500907898,-0.7695510786217261
-0.9044128656387329,-0.8810425996780396,-0.8608237504959106,-0.832682665251824
-0.8466018438339233,-0.7894091010093689,-0.7710772752761841,-0.8761483590329142
-1.0825681686401367,-1.0088059902191162,-1.004129409790039,-1.2218487496163564
-1.1575374603271484,-1.1616144180297852,-1.03156578540802,-1.0457574905606752
-0.8443116545677185,-0.8958359360694885,-0.7559994459152222,-1.0
-0.7996296882629395,-0.7770148515701294,-0.7207796573638916,-0.8761483590329142
-1.1280851364135742,-0.8677124381065369,0.03155909478664398,-0.5228787452803376
-1.2796776294708252,-1.0053914785385132,-0.3221175968647003,-0.8794260687941502
-0.9522200226783752,-0.8961594104766846,-0.37926945090293884,-1.4436974992327127
0.09241911768913269,0.19581033289432526,0.11572892218828201,0.6202401898458314
0.081663578748703,0.14983253180980682,0.15488626062870026,0.5098742850047192
0.09020254015922546,0.08301930129528046,0.21279077231884003,0.36772854608697647
-0.043918486684560776,-0.01006915234029293,-0.0010766781633719802,0.449478399187365
-0.089908666908741,0.005477237980812788,-0.03323759138584137,-0.025949097207122653
-0.19319391250610352,-0.10777577012777328,-0.1083662211894989,-0.12033079436794646
0.015217744745314121,-0.0810454934835434,-0.12504169344902039,0.32139127831168907
-0.1520174890756607,-0.12472905218601227,-0.14930330216884613,-0.22548303427145047
-0.30027633905410767,-0.16624589264392853,-0.18358191847801208,-0.3957739469155299
-0.2655903995037079,-0.21940462291240692,-0.14762713015079498,-0.0008694587126288915
-0.249376118183136,-0.16295112669467926,-0.23182763159275055,-0.4473317838878068
-0.24870361387729645,-0.2647036910057068,-0.33918511867523193,-0.4659738939438649
-0.24539880454540253,-0.16742141544818878,-0.26444777846336365,-0.5287082889410615
-0.21615198254585266,-0.35788393020629883,-0.20047618448734283,-0.5670307091255943
-0.25166764855384827,-0.27237948775291443,-0.273899644613266,-0.5934598195660448
-0.27433255314826965,-0.3545942008495331,-0.2957279086112976,-0.6090648928966209
-0.3169657588005066,-0.08615095913410187,-0.14450035989284515,-0.23136189875238555
-0.28274089097976685,-0.01069022435694933,-0.172202929854393,-0.4854522473397139
-1.128986120223999,-1.1248265504837036,-1.0959309339523315,-1.0
-0.8871141672134399,-0.9917823672294617,-1.0135776996612549,-0.5228787452803376
-0.7901273369789124,-0.8064977526664734,-0.8669438362121582,-0.3010299956639812
-0.9436219930648804,-0.8217522501945496,-0.8485810160636902,-0.6989700043360187
-1.002685308456421,-0.9145904779434204,-1.0978741645812988,-0.744727494896694
-1.1815239191055298,-1.307477355003357,-1.0902141332626343,-1.5228787452803376
-0.9665863513946533,-0.9506479501724243,-1.0074049234390259,-1.0
-0.8046659231185913,-0.8228423595428467,-0.7961998581886292,-0.6989700043360187
-0.9716695547103882,-0.9052939414978027,-0.9507479667663574,-0.744727494896694
-1.0626249313354492,-0.9972679018974304,-0.9554100036621094,-1.1611509092627446
-1.0072828531265259,-0.9898161292076111,-1.0314089059829712,-1.1643094285075744
-1.4339057207107544,-1.4438141584396362,-1.4887028932571411,-1.6989700043360187
-1.120214819908142,-1.206722378730774,-1.1783784627914429,-1.0969100130080565
-1.1472647190093994,-1.2119553089141846,-1.272974967956543,-1.2732727909734278
-1.2567030191421509,-1.2853342294692993,-1.2765535116195679,-1.3979400086720375
-1.0541446208953857,-1.103685736656189,-1.1540666818618774,-1.0
-2.8523762226104736,-2.731433629989624,-2.759284496307373,-3.0969100130080562
-2.9060590267181396,-2.7743747234344482,-2.8701558113098145,-2.657577319177794
-2.8054025173187256,-2.6833736896514893,-2.752218723297119,-2.795880017344075
-2.8534576892852783,-2.9287612438201904,-2.85349178314209,-3.0969100130080562
-2.882622718811035,-2.8133060932159424,-2.8167173862457275,-2.769551078621726
-2.918440580368042,-2.857098340988159,-2.8413960933685303,-3.0969100130080562
-2.8398849964141846,-2.9118869304656982,-2.8727850914001465,-3.0457574905606752
-2.7375264167785645,-2.73284649848938,-2.7062761783599854,-2.853871964321762
-2.8446099758148193,-2.910876989364624,-2.8449454307556152,-2.744727494896694
-2.91332745552063,-2.952014446258545,-2.918987989425659,-2.6989700043360187
-2.877312183380127,-2.877453565597534,-2.8335673809051514,-2.958607314841775
-2.8228378295898438,-2.7401111125946045,-2.778857707977295,-2.958607314841775
-2.911339282989502,-2.8139219284057617,-2.88598370552063,-2.6989700043360187
-2.949953079223633,-2.9024295806884766,-2.8599486351013184,-3.0969100130080562
-2.959110975265503,-3.054299831390381,-2.962139844894409,-2.721246399047171
-2.801957130432129,-2.851384162902832,-2.88777232170105,-3.0
-2.9200665950775146,-2.9085240364074707,-2.845430374145508,-2.958607314841775
-2.8476030826568604,-2.853262186050415,-2.959721088409424,-2.9208187539523753
-2.9533674716949463,-2.9461429119110107,-2.964940309524536,-2.795880017344075
-3.0568666458129883,-2.9785399436950684,-2.986142873764038,-3.0969100130080562
-3.179395914077759,-3.1189889907836914,-3.1553635597229004,-2.958607314841775
-3.0830657482147217,-2.997204542160034,-2.979403018951416,-3.2218487496163566
-3.137558937072754,-3.194571018218994,-3.1533203125,-3.0
-3.199239730834961,-3.2335832118988037,-3.1930770874023438,-2.958607314841775
-3.2705419063568115,-3.2101614475250244,-3.2195935249328613,-3.0969100130080562
