seed_6_y_pred,seed_6_y_std,seed_13_y_pred,seed_13_y_std,seed_42_y_pred,seed_42_y_std,log (Total flux)
-0.840028703212738,0.5969581604003906,-0.7548000812530518,0.6301271915435791,-0.8254758715629578,0.6298279166221619,-1.0087739243075051
-1.0185909271240234,0.7069521546363831,-1.067495346069336,0.7795524597167969,-0.8972882032394409,0.7571068406105042,-0.9507819773298184
-0.9823926091194153,0.6150273680686951,-1.092943549156189,0.6045675277709961,-0.9719037413597107,0.6080563068389893,-1.0457574905606752
-0.8411838412284851,0.528424859046936,-0.8762600421905518,0.5805895924568176,-0.9629700183868408,0.5595790147781372,-0.8860566476931632
-0.9504793882369995,0.5691412687301636,-0.9351813197135925,0.5892205834388733,-0.9830422401428223,0.5919098258018494,-0.958607314841775
-1.1802843809127808,0.5091785788536072,-1.064651608467102,0.527511715888977,-1.3285118341445923,0.5246031284332275,-1.0
-1.0171159505844116,0.7092676758766174,-0.9370517730712891,0.7327379584312439,-0.9891075491905212,0.7118604183197021,-0.9208187539523752
-0.7315199971199036,0.5864726305007935,-0.7425209283828735,0.5940982103347778,-0.8059787154197693,0.6172403693199158,-0.7328282715969863
-0.7767171859741211,0.5640642642974854,-0.7470076084136963,0.6034016609191895,-0.818644106388092,0.6043726205825806,-0.9281179926938746
-1.0945849418640137,0.5622882843017578,-1.1863837242126465,0.6321093440055847,-1.0636239051818848,0.6032203435897827,-1.154901959985743
-0.9280328750610352,0.5887724757194519,-0.9026080965995789,0.6020851731300354,-1.0182427167892456,0.5760223269462585,-0.6020599913279624
-0.6162648797035217,0.6135202646255493,-0.6533521413803101,0.7090975046157837,-0.7190948128700256,0.6269417405128479,-0.638272163982407
-0.539283275604248,0.5013885498046875,-0.44035419821739197,0.5513777732849121,-0.41043320298194885,0.5092856884002686,-0.46852108295774486
-0.3671213984489441,0.5485674142837524,-0.3706967830657959,0.4800390899181366,-0.43581631779670715,0.5521484613418579,-0.4559319556497244
-0.348911315202713,0.449307382106781,-0.42312389612197876,0.5710813999176025,-0.3389529287815094,0.45698487758636475,-0.5228787452803376
-0.3454826772212982,0.7683076858520508,-0.26283755898475647,0.7185969948768616,-0.23653101921081543,0.7252066731452942,-0.045757490560675115
-0.6216079592704773,0.6645009517669678,-0.45707911252975464,0.810434103012085,-0.5603927373886108,0.8465084433555603,-0.22184874961635637
-0.22951024770736694,0.4717784821987152,-0.23904621601104736,0.5310803651809692,-0.25463828444480896,0.6647201180458069,-0.3010299956639812
-0.31738293170928955,0.5647851824760437,-0.2646847367286682,0.5233843922615051,-0.21238887310028076,0.6222612857818604,-0.37675070960209955
-0.38106146454811096,0.45875853300094604,-0.3855378031730652,0.6175297498703003,-0.3813592493534088,0.5492338538169861,-0.37675070960209955
-0.49812185764312744,0.5998599529266357,-0.3973339796066284,0.4711780846118927,-0.45711749792099,0.5621100664138794,-0.37675070960209955
-0.2897197902202606,0.46510767936706543,-0.2646847367286682,0.5233843922615051,-0.2756076753139496,0.6399088501930237,-0.3565473235138126
-1.8988850116729736,0.7193938493728638,-1.7342619895935059,0.749472439289093,-1.785494089126587,0.7459447979927063,-1.6575773191777938
-1.577368974685669,0.6971188187599182,-1.5351554155349731,0.7911036014556885,-1.5770424604415894,0.689600944519043,-1.4685210829577449
-1.5337774753570557,0.6150644421577454,-1.4390392303466797,0.6479135155677795,-1.4128915071487427,0.6319497227668762,-1.9913998282380825
-1.4829412698745728,0.6563339233398438,-1.3802533149719238,0.6296469569206238,-1.474794626235962,0.6855134963989258,-1.3979400086720375
-1.3163080215454102,0.6392876505851746,-1.3355414867401123,0.7882815599441528,-1.4018573760986328,0.7051559090614319,-1.337242168318426
-1.2757763862609863,0.6881416440010071,-1.2348544597625732,0.7910085916519165,-1.1138339042663574,0.6296734809875488,-1.3010299956639813
-1.5701727867126465,0.6573361158370972,-1.5235295295715332,0.7946703433990479,-1.4850425720214844,0.6450732946395874,-1.5934598195660448
-0.8606157302856445,0.4409065842628479,-1.048828363418579,0.48597851395606995,-1.1531455516815186,0.3955538868904114,-0.958607314841775
-0.914201021194458,0.43395859003067017,-0.9888945817947388,0.3913510739803314,-0.7864834070205688,0.48772895336151123,-0.619788758288394
-0.7196076512336731,0.4272041320800781,-0.635055661201477,0.41553524136543274,-0.6498048901557922,0.42216941714286804,-0.44369749923271273
-0.5060451030731201,0.4315257668495178,-0.6653978228569031,0.3936070203781128,-0.48162955045700073,0.4877496361732483,-0.36653154442041347
-0.3689177632331848,0.4154077172279358,-0.5898544788360596,0.39722979068756104,-0.4924528896808624,0.43576839566230774,-0.3279021420642826
-0.4761979281902313,0.5480106472969055,-0.5575968623161316,0.5506693720817566,-0.4971165657043457,0.5642228126525879,-0.4559319556497244
-0.5838010311126709,0.503943920135498,-0.6611915826797485,0.4784463346004486,-0.570656955242157,0.559413492679596,-0.619788758288394
-0.6135432124137878,0.5397225618362427,-0.6572892069816589,0.5089589357376099,-0.7845939993858337,0.4874143898487091,-0.7695510786217261
-0.908214271068573,0.5110013484954834,-0.91005939245224,0.5273597836494446,-0.8852177858352661,0.5530937314033508,-0.9208187539523752
-1.0129408836364746,0.5633414387702942,-1.1004276275634766,0.5406449437141418,-1.1592618227005005,0.5388156175613403,-1.154901959985743
-0.8128662109375,0.33683109283447266,-0.8391231298446655,0.3523501455783844,-0.8086297512054443,0.3504237234592438,-0.8088285442714415
-0.6494773626327515,0.3371783494949341,-0.651736319065094,0.328655868768692,-0.6397950053215027,0.3828039765357971,-0.41476493663422465
-0.49790480732917786,0.3839300572872162,-0.6139982342720032,0.47800007462501526,-0.5188518166542053,0.3762441575527191,-0.33837659077077
-0.8337455987930298,0.33557000756263733,-0.9883487224578857,0.42329829931259155,-0.8563718795776367,0.3938663899898529,-0.7169250252645285
-0.6274442672729492,0.3733474314212799,-0.6988750696182251,0.3463629186153412,-0.6642043590545654,0.33690711855888367,-0.3994627056355312
-0.540852427482605,0.3613750636577606,-0.5709658265113831,0.37609750032424927,-0.5650143027305603,0.3805065453052521,-0.21910689131292108
-1.0413506031036377,0.3858723044395447,-0.8892998695373535,0.33995845913887024,-0.8530657887458801,0.3472992181777954,-0.9125735429637145
-0.6506214737892151,0.3721753656864166,-0.6932790875434875,0.3240717947483063,-0.6597341299057007,0.3394939601421356,-0.39859193946531624
-0.5836188197135925,0.36559736728668213,-0.6488236784934998,0.4753691256046295,-0.5779070258140564,0.4118647873401642,-0.1901037533975609
-0.9787306785583496,0.38507145643234253,-0.9181128144264221,0.3559918999671936,-1.00492525100708,0.3609043061733246,-0.9270152553720696
-0.6527570486068726,0.3485245406627655,-0.6861611604690552,0.33833301067352295,-0.7401508092880249,0.34760966897010803,-0.6449317936511493
-0.6411927938461304,0.3857279121875763,-0.6749541163444519,0.4737003445625305,-0.5664293766021729,0.38764798641204834,-0.22584814104528958
-0.8869062662124634,0.33201420307159424,-0.970005452632904,0.3452910780906677,-1.0442817211151123,0.35910236835479736,-1.016824927962187
-0.8022352457046509,0.3538975715637207,-0.7983549237251282,0.3171975910663605,-0.7509458065032959,0.3735384941101074,-0.7171513971653553
-0.6431063413619995,0.39261382818222046,-0.71108478307724,0.47178488969802856,-0.6729394197463989,0.3756006360054016,-0.34390179798716813
-1.0167967081069946,0.33012962341308594,-1.1237404346466064,0.41709524393081665,-1.018282175064087,0.3352715075016022,-1.0594835150674329
-0.879309892654419,0.35290998220443726,-0.8818075656890869,0.3364822268486023,-0.8793298602104187,0.33121374249458313,-0.7602001815529014
-0.7704344987869263,0.38269105553627014,-0.7729829549789429,0.37651845812797546,-0.7122845649719238,0.37496519088745117,-0.43735032778808336
-1.0745420455932617,0.33066684007644653,-1.2081108093261719,0.41680192947387695,-1.1088573932647705,0.3844214379787445,-1.3516399890190685
-0.8880018591880798,0.3708142638206482,-0.923844039440155,0.331748366355896,-1.0106046199798584,0.33226004242897034,-0.9385475209128068
-0.8550271987915039,0.3562512993812561,-0.7985451221466064,0.3622722029685974,-0.8558340668678284,0.371094673871994,-0.6753060861382254
-1.2691991329193115,0.33844882249832153,-1.333730936050415,0.33787283301353455,-1.2768383026123047,0.3885771632194519,-2.0757207139381184
-1.0707712173461914,0.3463648855686188,-0.9482938051223755,0.4061068892478943,-1.0777071714401245,0.36909809708595276,-1.254144804826271
-1.0162043571472168,0.35644036531448364,-1.0779348611831665,0.37870848178863525,-0.9759262800216675,0.39799806475639343,-0.906578314837765
-1.5567457675933838,0.43412116169929504,-1.5319290161132812,0.40459299087524414,-1.5051029920578003,0.42272889614105225,-2.221848749616356
-1.260709285736084,0.36092475056648254,-1.091294527053833,0.42694082856178284,-1.2602035999298096,0.38554757833480835,-2.5528419686577806
-1.1347817182540894,0.4373739957809448,-1.2507445812225342,0.412256121635437,-1.189878225326538,0.42318183183670044,-1.4306260903849541
-0.9954451322555542,0.4780622124671936,-1.0144853591918945,0.4246736466884613,-1.0100810527801514,0.47278934717178345,-0.5867002359187481
-0.9755276441574097,0.5149272680282593,-1.0295453071594238,0.46187421679496765,-1.1205520629882812,0.5351030230522156,-0.596879478824182
-0.9998984336853027,0.5122494697570801,-1.0737851858139038,0.4637235403060913,-0.9733831286430359,0.4431806206703186,-0.6968039425795111
-1.0342645645141602,0.5089280009269714,-1.1122536659240723,0.459636926651001,-1.1828551292419434,0.5286341309547424,-1.0
-1.1327054500579834,0.42708030343055725,-1.1862272024154663,0.4244798719882965,-1.2364615201950073,0.52431720495224,-1.0506099933550872
-1.233877420425415,0.42383620142936707,-1.2695024013519287,0.44836339354515076,-1.2718827724456787,0.4510831832885742,-1.1739251972991736
-1.4562641382217407,0.461563378572464,-1.2198152542114258,0.4818847179412842,-1.4457006454467773,0.4703482687473297,-1.3279021420642825
-1.4414212703704834,0.4572356045246124,-1.2198152542114258,0.4818847179412842,-1.470757246017456,0.5202193260192871,-1.3979400086720375
-1.3089780807495117,0.5166732668876648,-1.2273061275482178,0.5409647822380066,-1.2839703559875488,0.45529934763908386,-2.154901959985743
-1.2678399085998535,0.5452365279197693,-1.0986671447753906,0.5659477114677429,-1.2304675579071045,0.49573567509651184,-2.0177287669604316
-1.6552690267562866,0.5287521481513977,-1.6476075649261475,0.5427996516227722,-1.621178150177002,0.5638099908828735,-1.6020599913279623
-0.39731621742248535,0.5684658288955688,-0.4132576286792755,0.6272496581077576,-0.3977610170841217,0.546161413192749,-0.2688449400403264
0.07758796215057373,0.5130990743637085,0.06167745590209961,0.5560609102249146,0.04842644929885864,0.5193822979927063,0.06069784035361165
-0.34908559918403625,0.5487844347953796,-0.24818885326385498,0.5126731395721436,-0.2936212718486786,0.63996821641922,-0.24598209844216795
-0.23806720972061157,0.49467334151268005,-0.26451581716537476,0.6019812226295471,-0.23171353340148926,0.6292352676391602,-0.24598209844216795
0.18423277139663696,0.5574303865432739,0.1615796685218811,0.5291236639022827,0.17681348323822021,0.5453696846961975,0.17926446433902532
-0.24259930849075317,0.5431731939315796,-0.22984522581100464,0.5102784633636475,-0.17397642135620117,0.6231661438941956,-0.22184874961635637
-0.12010526657104492,0.5608074069023132,-0.0791471004486084,0.6010358929634094,-0.12062126398086548,0.4738081395626068,-0.1962943969757637
0.373862087726593,0.5656574964523315,0.40969693660736084,0.4900602400302887,0.3783661723136902,0.503688633441925,0.32633586092875144
0.5847966074943542,0.5329133868217468,0.5959628820419312,0.49956077337265015,0.5754534006118774,0.5688893795013428,0.5276299008713387
0.787646472454071,0.6247557401657104,0.7531799674034119,0.5887678861618042,0.7726254463195801,0.5986660718917847,0.6627578316815741
-0.6698399782180786,0.4816424548625946,-0.6824454069137573,0.5697181224822998,-0.6682658195495605,0.49383509159088135,-0.5290385369682233
-0.25874170660972595,0.48391130566596985,-0.21138304471969604,0.5496951341629028,-0.1686086654663086,0.5218598246574402,-0.10790539730951959
-0.5115863084793091,0.4600411653518677,-0.45119938254356384,0.5066989064216614,-0.5708428025245667,0.6263942122459412,-0.5102889561907537
-0.5178941488265991,0.47917068004608154,-0.5337260961532593,0.5486747622489929,-0.5089265704154968,0.6175556778907776,-0.49069395850550057
-0.11832594871520996,0.46883586049079895,-0.1012876033782959,0.5456418395042419,-0.09531235694885254,0.5450788140296936,0.04532297878665747
-0.42029204964637756,0.5179033875465393,-0.41947856545448303,0.4779619872570038,-0.4512064754962921,0.6119523048400879,-0.4631109125294204
-0.3402940034866333,0.524725079536438,-0.3111304044723511,0.5200487971305847,-0.33512261509895325,0.5262871384620667,-0.4486329650765712
0.12140357494354248,0.5204542279243469,0.10902196168899536,0.5138797163963318,0.0807725191116333,0.5625582933425903,0.20682587603184974
0.42006707191467285,0.546661913394928,0.36821895837783813,0.561803936958313,0.4017450213432312,0.5224835872650146,0.3242824552976926
0.586620032787323,0.5671927332878113,0.5210055112838745,0.5678241848945618,0.5969645380973816,0.5551905035972595,0.4487063199050799
-0.8420267701148987,0.5932319760322571,-0.8209408521652222,0.7124235033988953,-0.8236674666404724,0.7170008420944214,-0.8846058574743971
-0.36967378854751587,0.632936954498291,-0.33803099393844604,0.6986852884292603,-0.3719279170036316,0.6565608382225037,-0.2569922373293755
-0.7704921960830688,0.5848293900489807,-0.71796715259552,0.6267427206039429,-0.7243629693984985,0.6104468703269958,-0.8681119898227769
-0.6369193196296692,0.6016307473182678,-0.6702689528465271,0.5643874406814575,-0.6629645228385925,0.6060243844985962,-0.8596239623199455
-0.23826846480369568,0.6212857365608215,-0.3419117331504822,0.6297590136528015,-0.30789172649383545,0.6235141158103943,-0.005243055412371884
-0.5778762102127075,0.5045936107635498,-0.6219240427017212,0.6834861040115356,-0.6262161731719971,0.6973636746406555,-0.8331171770258415
-0.5626862645149231,0.6278894543647766,-0.47441956400871277,0.6398487091064453,-0.5250917077064514,0.6142470836639404,-0.8239087409443188
-0.07081997394561768,0.6165664196014404,-0.15311431884765625,0.6276036500930786,-0.09425842761993408,0.6931474208831787,0.1766699326681496
0.1934967041015625,0.6627189517021179,0.12760037183761597,0.6491890549659729,0.11913919448852539,0.6400195360183716,0.29885307640970665
0.3477672338485718,0.5992316007614136,0.3970980644226074,0.7386630177497864,0.32074594497680664,0.7589319944381714,0.38560627359831223
-0.7887933850288391,0.3677251636981964,-0.8344002366065979,0.4306243062019348,-0.8170338869094849,0.3825802206993103,-0.8210230527068306
-0.5647071599960327,0.34170353412628174,-0.5513239502906799,0.34858614206314087,-0.5413427352905273,0.3592556416988373,-0.6903698325741012
-0.9774844646453857,0.4761856496334076,-0.952849268913269,0.46533241868019104,-0.9982866644859314,0.4813774824142456,-1.1674910872937636
-0.7393026351928711,0.3722245395183563,-0.7392222285270691,0.3884166479110718,-0.7704599499702454,0.4137256443500519,-0.8569851997459049
-0.9245137572288513,0.4063461422920227,-0.9259561896324158,0.36494946479797363,-0.8963781595230103,0.37925055623054504,-0.8386319977650252
-0.7093995213508606,0.3057754337787628,-0.672073245048523,0.3206124007701874,-0.689070463180542,0.33139222860336304,-0.6989700043360187
-1.1104536056518555,0.37976521253585815,-1.1873024702072144,0.4485103487968445,-1.1157857179641724,0.4219959080219269,-1.1674910872937636
-0.8604471683502197,0.3566689193248749,-0.8599771857261658,0.36817705631256104,-0.8804296851158142,0.3971633315086365,-0.8696662315049939
-1.0307732820510864,0.40675002336502075,-1.037153720855713,0.39266180992126465,-0.992439866065979,0.351899653673172,-0.8601209135987634
-0.7744289040565491,0.2983236312866211,-0.7590368986129761,0.3268502354621887,-0.7926321625709534,0.3189089596271515,-0.721246399047171
-1.042218565940857,0.4039931297302246,-1.0443795919418335,0.3897326588630676,-1.008760690689087,0.4167425334453583,-0.9393021596463883
-0.9800136089324951,0.42002299427986145,-1.0120986700057983,0.39111360907554626,-1.0227487087249756,0.3955571949481964,-0.9956786262173574
-0.7985298037528992,0.32447895407676697,-0.7953698635101318,0.30287691950798035,-0.784696638584137,0.3230237662792206,-0.7495799976911061
-1.0125422477722168,0.41291970014572144,-1.0581876039505005,0.46293407678604126,-1.0290141105651855,0.4238179922103882,-1.0604807473813815
-0.8015103936195374,0.31877633929252625,-0.8050051331520081,0.3582639694213867,-0.7748478055000305,0.334483802318573,-0.7772835288524167
-1.2082446813583374,0.4463160037994385,-1.2534537315368652,0.43055063486099243,-1.2066634893417358,0.39907342195510864,-1.1674910872937636
-0.7410987615585327,0.3841114342212677,-0.8300455212593079,0.4025634825229645,-0.760057806968689,0.3725525736808777,-0.8210230527068306
-0.9937359690666199,0.349261075258255,-0.9871537685394287,0.3552418649196625,-0.9823404550552368,0.36680537462234497,-0.8996294548824371
-0.7469102740287781,0.32360970973968506,-0.8055474758148193,0.33601921796798706,-0.750408947467804,0.3606000542640686,-0.8416375079047503
-0.8222435712814331,0.38301315903663635,-0.7419027090072632,0.33577677607536316,-0.7486491203308105,0.34982648491859436,-0.6946486305533762
-0.9581012725830078,0.33998042345046997,-1.0248873233795166,0.38141584396362305,-0.967013955116272,0.35884982347488403,-1.154901959985743
-0.9767863750457764,0.35350173711776733,-1.0340876579284668,0.40379220247268677,-0.9921796321868896,0.3659681975841522,-0.8794260687941502
-0.7057579159736633,0.3682014048099518,-0.6930363178253174,0.36334964632987976,-0.7049068808555603,0.3837554454803467,-0.8239087409443188
-0.7057579159736633,0.3682014048099518,-0.7729966640472412,0.39860111474990845,-0.7753439545631409,0.37030285596847534,-0.6861327796308466
-0.8769603967666626,0.4126601815223694,-0.9053875207901001,0.418917715549469,-0.8874844312667847,0.38506925106048584,-1.136677139879544
-0.9165905714035034,0.3677917718887329,-0.9592970609664917,0.40617069602012634,-0.9261378049850464,0.41774553060531616,-0.8632794328435931
-0.6708874702453613,0.3970165550708771,-0.696159839630127,0.44048044085502625,-0.6153472661972046,0.4578625559806824,-0.8041003475907662
-0.6639214754104614,0.3863489627838135,-0.696159839630127,0.44048044085502625,-0.6537813544273376,0.38276368379592896,-0.679853713888946
-0.8123095035552979,0.4015384912490845,-0.8053503036499023,0.3921049237251282,-0.8645988702774048,0.384591281414032,-1.1135092748275182
-0.84126877784729,0.3905660808086395,-0.8612858653068542,0.4174107611179352,-0.8643540143966675,0.35329362750053406,-0.8356471442155629
-0.5754015445709229,0.43252766132354736,-0.5669540166854858,0.4469958245754242,-0.5344763398170471,0.5157376527786255,-0.7878123955960422
-0.6125496029853821,0.46302488446235657,-0.6344392895698547,0.4941968023777008,-0.5427693724632263,0.4559018611907959,-0.6716203965612623
-0.7652637958526611,0.46580901741981506,-0.7143204808235168,0.42811697721481323,-0.7253172993659973,0.46204671263694763,-1.0861861476162833
-0.7049316763877869,0.43248504400253296,-0.8261991739273071,0.5029876232147217,-0.7253172993659973,0.46204671263694763,-0.8239087409443188
-0.5663529634475708,0.49806976318359375,-0.7028601765632629,0.6549109816551208,-0.6288315057754517,0.6264398694038391,-0.4190750243243807
-0.4555262327194214,0.5339369773864746,-0.50810307264328,0.5950037837028503,-0.5434101223945618,0.5206836462020874,-0.21490018838220346
-0.490840882062912,0.5791746377944946,-0.4851527512073517,0.584690511226654,-0.35172849893569946,0.532416820526123,-0.6497519816658371
-0.33392608165740967,0.5160155296325684,-0.46088990569114685,0.5904619693756104,-0.4845964014530182,0.511756420135498,-0.367510314097029
-0.6868491172790527,0.4967298209667206,-0.7039178609848022,0.47373437881469727,-0.6094472408294678,0.4958430528640747,-0.9208187539523752
-0.5300026535987854,0.46938642859458923,-0.5484426617622375,0.49262964725494385,-0.6471047401428223,0.5621563792228699,-0.5174837133936314
-0.5344110727310181,0.4620169699192047,-0.5552548170089722,0.4416472017765045,-0.5488182306289673,0.4520370066165924,-0.5528419686577808
-0.5547255277633667,0.4993487298488617,-0.5786342024803162,0.5157856345176697,-0.5530239939689636,0.4401950240135193,-0.5228787452803376
-0.5836422443389893,0.47116971015930176,-0.5923902988433838,0.5254209637641907,-0.5728760957717896,0.5381272435188293,-0.5086383061657274
-0.32433971762657166,0.442931205034256,-0.37773266434669495,0.5333617329597473,-0.48255422711372375,0.4315992295742035,-0.3360636208328832
-0.3893369138240814,0.4657202959060669,-0.48788291215896606,0.5443543195724487,-0.4053581655025482,0.49139276146888733,-0.3979400086720376
-0.40319669246673584,0.49957790970802307,-0.4073561728000641,0.534160315990448,-0.39976367354393005,0.4487992525100708,-0.37675070960209955
-0.44024747610092163,0.47996556758880615,-0.5222523212432861,0.548775851726532,-0.43184593319892883,0.5386819243431091,-0.3372421683184259
-0.35906627774238586,0.48319390416145325,-0.3476635813713074,0.521356999874115,-0.37000513076782227,0.5364395380020142,-0.2006594505464183
-0.17483365535736084,0.5091336965560913,-0.14077556133270264,0.5021191239356995,-0.19179940223693848,0.4791092276573181,-0.2839966563652008
-0.19773048162460327,0.5047256946563721,-0.22230488061904907,0.5481002330780029,-0.1960107684135437,0.46827515959739685,-0.22184874961635637
-0.1475493311882019,0.46831145882606506,-0.23073649406433105,0.5278482437133789,-0.1798478364944458,0.5546643733978271,-0.1870866433571444
-0.07396423816680908,0.4967542290687561,0.0017793774604797363,0.49257582426071167,0.024893224239349365,0.5142012238502502,-0.10065836056122002
-0.916356086730957,0.5949859023094177,-0.9425919055938721,0.6123586893081665,-0.8342411518096924,0.632143497467041,-0.9913998282380825
-0.766575276851654,0.5134732723236084,-0.7630350589752197,0.6180930733680725,-0.885304868221283,0.6019051671028137,-0.673135932224739
-0.9900083541870117,0.7208995819091797,-0.8540705442428589,0.6737181544303894,-0.9816826581954956,0.659417986869812,-1.2218487496163564
-0.9999479055404663,0.6818919777870178,-0.9478316307067871,0.6356514096260071,-1.1963614225387573,0.6150776743888855,-1.3979400086720375
-1.291419506072998,0.6946264505386353,-1.1719214916229248,0.6574958562850952,-1.3079817295074463,0.6265417337417603,-1.4202164033831899
-1.263486385345459,0.6990702152252197,-1.164126992225647,0.623357355594635,-1.2310887575149536,0.6633491516113281,-1.6197887582883939
-1.5104469060897827,0.6849876046180725,-1.5341752767562866,0.7010889649391174,-1.5064301490783691,0.7185528874397278,-2.0
-0.5384751558303833,0.6758864521980286,-0.20081555843353271,0.7134628891944885,-0.35771045088768005,0.676504373550415,0.06069784035361165
-0.021634280681610107,0.5796332359313965,-0.07651537656784058,0.5719179511070251,-0.05752688646316528,0.6291840672492981,0.42488163663106704
0.2771558165550232,0.6624436378479004,0.19804757833480835,0.5996310710906982,0.29960793256759644,0.6533474326133728,0.5378190950732742
0.045551598072052,0.6241485476493835,0.3576709032058716,0.6104267835617065,0.0984075665473938,0.6091605424880981,0.6586790285824489
0.39370888471603394,0.7002158761024475,0.3176999092102051,0.6336601972579956,0.4920973777770996,0.6315302848815918,0.8155777483242672
-0.0921177864074707,1.254610538482666,-0.34035614132881165,1.1825062036514282,-0.25866183638572693,1.0950114727020264,0.19589965240923374
-1.0673959255218506,1.0929198265075684,-0.5800418853759766,0.9916521906852722,-0.47597211599349976,1.1320937871932983,-0.8239087409443188
-0.2753930687904358,1.3946495056152344,-0.41654109954833984,1.4002447128295898,-0.2153497338294983,1.317719578742981,0.1846914308175988
-1.5206966400146484,0.6146717071533203,-1.5986456871032715,0.6822713613510132,-1.5473893880844116,0.6390209794044495,-1.0222763947111522
-1.4797554016113281,0.5177232027053833,-1.41560697555542,0.6460930705070496,-1.389981746673584,0.5676866769790649,-1.1249387366083
-1.3148008584976196,0.6368038058280945,-1.323254108428955,0.5675508379936218,-1.3312042951583862,0.6334004402160645,-1.0222763947111522
-1.6138417720794678,0.6255631446838379,-1.6282517910003662,0.5188883543014526,-1.595794916152954,0.5732388496398926,-1.6197887582883939
-1.5194950103759766,0.5145954489707947,-1.4404882192611694,0.5844339728355408,-1.5729937553405762,0.6329470872879028,-1.5086383061657274
-1.4597218036651611,0.6319388747215271,-1.4436726570129395,0.5777730345726013,-1.4482967853546143,0.6511943340301514,-1.3279021420642825
-1.6367179155349731,0.6231394410133362,-1.7416008710861206,0.6931034326553345,-1.6070289611816406,0.5608534812927246,-2.221848749616356
-1.4214391708374023,0.6413357853889465,-1.5061215162277222,0.5890925526618958,-1.5499979257583618,0.5637446641921997,-1.9829666607012197
-1.4230358600616455,0.659888505935669,-1.4947116374969482,0.5748205780982971,-1.5083731412887573,0.5823540687561035,-1.5686362358410126
-1.1059719324111938,0.5092234015464783,-1.1421037912368774,0.5509488582611084,-1.3941717147827148,0.4692157208919525,-1.3979400086720375
-1.459071159362793,0.5355815887451172,-1.313514232635498,0.4598507285118103,-1.421403169631958,0.47483423352241516,-0.8538719643217619
-0.8011295199394226,0.6285015344619751,-0.8992553353309631,0.644435703754425,-0.8275268077850342,0.5668282508850098,-0.5228787452803376
-0.97184157371521,0.6371592283248901,-1.0064120292663574,0.6601248383522034,-0.8344333171844482,0.7159256935119629,-0.6989700043360187
-0.7882968783378601,0.7863989472389221,-0.7846171259880066,0.8373963236808777,-0.9338866472244263,0.8431804180145264,-1.3010299956639813
-0.9710899591445923,0.8495100736618042,-0.9324578046798706,0.854102611541748,-1.2175636291503906,0.8459914326667786,-1.3979400086720375
-2.2473740577697754,0.7770699858665466,-2.252465009689331,0.9359829425811768,-2.2512967586517334,0.8575605750083923,-2.337242168318426
-2.339759588241577,1.0846154689788818,-2.4063191413879395,0.73643958568573,-2.3909056186676025,0.8338581919670105,-2.337242168318426
-2.125185489654541,1.1933507919311523,-2.4188170433044434,0.764900803565979,-2.4501161575317383,0.9017904996871948,-2.5228787452803374
-2.367189645767212,0.728829026222229,-2.41302490234375,0.8974599838256836,-2.419588804244995,0.786147952079773,-2.431798275933005
-2.3290154933929443,1.088675856590271,-2.316291570663452,0.7070873975753784,-2.3302855491638184,0.762143075466156,-2.431798275933005
-2.210981607437134,1.1905845403671265,-2.626903533935547,0.8534709811210632,-2.575113534927368,0.964869499206543,-2.5086383061657274
-2.4257121086120605,1.0816606283187866,-2.4176158905029297,0.7110769152641296,-2.4522290229797363,0.7177907228469849,-2.494850021680094
-2.6160593032836914,0.7387214303016663,-2.5682485103607178,0.8950311541557312,-2.5554819107055664,0.7842383980751038,-2.494850021680094
-2.6772069931030273,0.7792918682098389,-2.5928688049316406,0.7709097862243652,-2.6021671295166016,0.8572783470153809,-2.494850021680094
-2.323120355606079,1.1870245933532715,-2.592139482498169,0.9445810914039612,-2.652212142944336,0.9882264733314514,-2.6989700043360187
-2.546820878982544,0.7926679253578186,-2.4322071075439453,0.9639155864715576,-2.4743025302886963,0.9418488144874573,-2.4559319556497243
-1.0026941299438477,0.6450734734535217,-1.1012929677963257,0.6448071599006653,-1.0298519134521484,0.6533831357955933,-1.5228787452803376
-0.9591019749641418,0.5565348267555237,-0.727906346321106,0.48577576875686646,-0.9331313967704773,0.5885724425315857,-0.744727494896694
-0.6587797403335571,0.6062641739845276,-0.3330499827861786,0.6172215342521667,-0.3590892553329468,0.6790459752082825,0.07918124604762482
0.19068700075149536,0.7195246815681458,0.20266354084014893,0.72917640209198,0.13298887014389038,0.7539663910865784,0.1559430179718367
0.147938072681427,0.719912588596344,0.2703106999397278,0.7862758040428162,0.30610334873199463,0.7369419932365417,0.21695720736109697
0.3071632981300354,0.7574348449707031,0.287342369556427,0.696117639541626,0.2885122299194336,0.7458306550979614,0.3412366232386923
0.3690592050552368,0.7311221957206726,0.40468716621398926,0.7699395418167114,0.4218239188194275,0.7875028848648071,0.5584685625237948
0.5745338201522827,0.7454918026924133,0.6817193627357483,0.8375640511512756,0.6421586275100708,0.769923210144043,0.7523558041535008
-2.0243520736694336,0.9049379229545593,-1.8907015323638916,0.8580394387245178,-1.941942572593689,0.8895164132118225,-2.6989700043360187
-2.8492300510406494,0.7065555453300476,-2.834850549697876,0.7506253123283386,-2.871386766433716,0.7168861627578735,-3.0
-2.8200604915618896,0.7864128947257996,-2.874995708465576,0.7673977017402649,-2.8488237857818604,0.8134794235229492,-3.0
-1.974351406097412,0.8012450337409973,-1.9943331480026245,0.9148429036140442,-1.9891889095306396,0.9200959205627441,-2.3979400086720375
-2.103147506713867,0.6774738430976868,-2.0026519298553467,0.9125121235847473,-2.0038232803344727,0.9188675284385681,-2.0
-2.901038646697998,0.7534429430961609,-2.8828530311584473,0.7901186347007751,-2.8316330909729004,0.7322512865066528,-3.0
-2.2183501720428467,0.8638812899589539,-2.1929900646209717,0.8638471961021423,-2.0368309020996094,0.8869464993476868,-1.744727494896694
-2.957940101623535,0.6141437292098999,-2.9495906829833984,0.7095576524734497,-2.97171688079834,0.7728909254074097,-2.8239087409443187
-2.0845015048980713,0.9595744609832764,-2.25209379196167,0.901495635509491,-2.2683005332946777,0.8591005206108093,-1.3872161432802645
-2.8860318660736084,0.7903274893760681,-2.863666534423828,0.7836921811103821,-2.888047933578491,0.7622333765029907,-2.6989700043360187
-1.1813743114471436,0.9842264652252197,-0.9953591823577881,0.9078057408332825,-2.3057262897491455,0.9138067960739136,-0.8239087409443188
-1.1679435968399048,1.0344258546829224,-1.0313018560409546,1.1021137237548828,-2.4681172370910645,1.0116968154907227,-1.1023729087095586
-1.4513822793960571,0.805901288986206,-0.5159919261932373,0.8626238703727722,-1.5194666385650635,0.766822099685669,-1.3979400086720375
-1.35727858543396,0.8562395572662354,-0.6574937105178833,0.9025746583938599,-1.427348256111145,0.86183100938797,-1.744727494896694
-0.4078029990196228,0.8731318712234497,-0.18529224395751953,0.8784380555152893,-0.2516132593154907,0.8531931638717651,0.05076631123304232
-0.7834762334823608,0.45752662420272827,-0.7748563289642334,0.5715605020523071,-0.8159081339836121,0.5900996327400208,-1.0
-0.7253654599189758,0.4456344246864319,-0.7661784887313843,0.5219312310218811,-0.7192302942276001,0.5705132484436035,-0.7958800173440752
-0.8324397206306458,0.6571789383888245,-0.8168891072273254,0.5377656817436218,-0.7339262366294861,0.4756898880004883,-0.6777807052660807
-0.7016587853431702,0.6859647035598755,-0.6841420531272888,0.5501483082771301,-0.6024016737937927,0.5785207748413086,-0.5528419686577808
-0.9515498876571655,0.5085480213165283,-0.9290177822113037,0.5206822156906128,-0.8798830509185791,0.569054365158081,-1.0457574905606752
-1.016198754310608,0.6551207304000854,-0.8403072357177734,0.5224727392196655,-0.8146069645881653,0.565055787563324,-0.9208187539523752
-0.9058191776275635,0.654592752456665,-0.8004909753799438,0.531043291091919,-0.8121633529663086,0.4719351828098297,-0.721246399047171
-0.7750890254974365,0.6833242774009705,-0.7216532230377197,0.5341504216194153,-0.7796657085418701,0.6300876140594482,-0.619788758288394
-1.1929504871368408,0.6612510085105896,-1.1749918460845947,0.522884726524353,-1.1600441932678223,0.6304454207420349,-1.0506099933550872
-1.221961498260498,0.648563027381897,-1.0507550239562988,0.5425071716308594,-1.041001558303833,0.5942718386650085,-0.958607314841775
-1.054842233657837,0.5016900897026062,-1.0669333934783936,0.5061570405960083,-1.034442663192749,0.6292429566383362,-0.8239087409443188
-1.0194052457809448,0.5095242261886597,-1.0288077592849731,0.5162516832351685,-0.9716029763221741,0.6178106665611267,-0.6575773191777937
-1.175103783607483,0.4981173574924469,-1.15617036819458,0.5691215395927429,-1.193277359008789,0.6050593852996826,-1.6989700043360187
-1.1421830654144287,0.5280419588088989,-1.1396540403366089,0.5400994420051575,-1.1142346858978271,0.5375879406929016,-1.3979400086720375
-1.0698573589324951,0.5299628973007202,-1.0472904443740845,0.5695294737815857,-1.1371541023254395,0.6429334878921509,-1.2218487496163564
-1.0900707244873047,0.44474688172340393,-0.9889081716537476,0.579100489616394,-1.0619794130325317,0.6279506087303162,-1.0
-1.062587022781372,0.8809542655944824,-1.101546049118042,0.9885852932929993,-1.030224323272705,0.9518446922302246,-1.0457574905606752
-0.9319528341293335,0.5587552785873413,-0.8927250504493713,0.6312838792800903,-1.1536996364593506,0.7009855508804321,-1.0629487487389813
-0.9959214925765991,0.5543249249458313,-0.9630274772644043,0.62544184923172,-1.0988192558288574,0.6323018670082092,-1.1831094015116075
-1.0849251747131348,0.5917667150497437,-1.239815354347229,0.6503002643585205,-1.0445411205291748,0.5608144402503967,-1.2869464912940425
-1.2677404880523682,0.5440919399261475,-1.2626510858535767,0.540850818157196,-1.2325141429901123,0.5539389252662659,-1.6021121097929614
-1.4054642915725708,0.6023169755935669,-1.4662292003631592,0.6497993469238281,-1.469027042388916,0.6113914847373962,-2.135548252841817
-1.8670108318328857,0.9152716994285583,-1.7104475498199463,0.9923452734947205,-1.421633005142212,1.022711157798767,-1.6777807052660807
-0.7685614228248596,0.4354753792285919,-0.8197120428085327,0.4784567952156067,-0.7912978529930115,0.4687809348106384,-1.0
-0.7455100417137146,0.48024818301200867,-0.7797210812568665,0.46025368571281433,-0.8061521649360657,0.45631328225135803,-1.0
-0.5524355173110962,0.4398840367794037,-0.7104179263114929,0.40589970350265503,-0.7865804433822632,0.48904454708099365,-0.6020599913279624
-0.6071398258209229,0.4419097602367401,-0.6522884368896484,0.4078413248062134,-0.6260424256324768,0.42562058568000793,-0.6989700043360187
-0.6620677709579468,0.3776305913925171,-0.6118162870407104,0.4067201316356659,-0.620140552520752,0.38207685947418213,-0.6989700043360187
-0.6306921243667603,0.3772416114807129,-0.682375967502594,0.4232226312160492,-0.6042351126670837,0.3933591842651367,-0.2924298239020636
-0.3968299329280853,0.4222516417503357,-0.5139811038970947,0.3767359256744385,-0.502321720123291,0.34215298295021057,-0.431798275933005
-0.5012521147727966,0.3347184360027313,-0.47741028666496277,0.35224249958992004,-0.4864282011985779,0.3416440188884735,-0.5086383061657274
-0.5330104231834412,0.3462240397930145,-0.4774862825870514,0.35194602608680725,-0.48727384209632874,0.35044875741004944,-0.14874165128092473
-0.3800754249095917,0.42222070693969727,-0.39477479457855225,0.41120445728302,-0.3808245062828064,0.3751484751701355,-0.6020599913279624
-0.43733280897140503,0.34199854731559753,-0.37862861156463623,0.3694852292537689,-0.3713390827178955,0.3304823338985443,-0.6989700043360187
-0.4775257408618927,0.420728862285614,-0.3719483017921448,0.3690764904022217,-0.34210142493247986,0.3746812641620636,-0.1549019599857432
-0.34115657210350037,0.4272580146789551,-0.3497946560382843,0.43656542897224426,-0.2995109260082245,0.3410727381706238,-0.3979400086720376
-0.18359023332595825,0.4393147826194763,-0.34977495670318604,0.43641790747642517,-0.30582669377326965,0.3778708577156067,-0.6575773191777937
-0.3578992187976837,0.3737885355949402,-0.34987911581993103,0.43611854314804077,-0.2996181845664978,0.34082886576652527,0.0
-0.29085540771484375,0.48421141505241394,-0.23714607954025269,0.5183858871459961,-0.28116559982299805,0.4230281412601471,-0.2924298239020636
-0.19275915622711182,0.44115838408470154,-0.14469587802886963,0.498226523399353,-0.2929534316062927,0.4776943624019623,-0.5228787452803376
-0.28189802169799805,0.4391936957836151,-0.13799899816513062,0.4978378415107727,-0.24708199501037598,0.47768571972846985,0.17609125905568124
-0.5173919200897217,0.3675946593284607,-0.5421279072761536,0.3594264090061188,-0.5149113535881042,0.37084266543388367,-0.5528419686577808
-0.45141053199768066,0.40825632214546204,-0.519347071647644,0.35120660066604614,-0.5006574392318726,0.33558130264282227,-0.6989700043360187
-0.5211494565010071,0.3676719665527344,-0.405234694480896,0.35329222679138184,-0.40264227986335754,0.33654794096946716,-0.16115090926274472
-0.7914171814918518,0.44146397709846497,-0.8801625967025757,0.4232073724269867,-0.858612596988678,0.4939732551574707,-0.9208187539523752
-0.8844338655471802,0.4555027186870575,-0.833135187625885,0.44779226183891296,-0.7944214940071106,0.4615233242511749,-1.0
-0.8936776518821716,0.44821813702583313,-0.8332421779632568,0.4478137195110321,-0.8348565101623535,0.4101376533508301,-0.619788758288394
-0.6167405843734741,0.38451552391052246,-0.6788561940193176,0.4132740795612335,-0.6913330554962158,0.3916894793510437,-0.8860566476931632
-0.6166547536849976,0.38437438011169434,-0.6671067476272583,0.4096641540527344,-0.657713770866394,0.3906616270542145,-0.958607314841775
-0.6168859004974365,0.3841875493526459,-0.669830322265625,0.41296955943107605,-0.5597317218780518,0.3910466134548187,-0.2924298239020636
-0.6932626962661743,0.34998708963394165,-0.4855342209339142,0.3528931438922882,-0.5259828567504883,0.3576369881629944,-0.6020599913279624
-0.4720365107059479,0.422645628452301,-0.5456174612045288,0.37912821769714355,-0.4923773407936096,0.3566768765449524,-0.6777807052660807
-0.46892571449279785,0.42249786853790283,-0.43146592378616333,0.38112521171569824,-0.5119056105613708,0.353711873292923,-0.09691001300805639
-0.39199990034103394,0.3543455898761749,-0.5242266654968262,0.36775416135787964,-0.3992231488227844,0.3225307762622833,-0.5228787452803376
-0.5215556621551514,0.4268292784690857,-0.4221641421318054,0.382004976272583,-0.39920902252197266,0.32250407338142395,-0.6989700043360187
-0.5244331359863281,0.42694658041000366,-0.4222683012485504,0.38179320096969604,-0.3753907084465027,0.3821466267108917,-0.1549019599857432
-0.5318642854690552,0.37239837646484375,-0.3579185903072357,0.44587641954421997,-0.3993033170700073,0.39582064747810364,-0.3010299956639812
-0.23039603233337402,0.45485660433769226,-0.2682735025882721,0.42265817523002625,-0.3482981324195862,0.4232460856437683,-0.744727494896694
-0.4133148193359375,0.43711474537849426,-0.28939303755760193,0.39485952258110046,-0.2574453055858612,0.3987395465373993,0.0
-0.2363659143447876,0.4506582021713257,-0.13217788934707642,0.5038773417472839,-0.20292294025421143,0.4711078405380249,-0.6989700043360187
-0.21703875064849854,0.45584264397621155,-0.24526157975196838,0.5250817537307739,-0.32780787348747253,0.49209165573120117,-0.2839966563652008
-0.3413397967815399,0.4941515028476715,-0.2484419345855713,0.40740782022476196,-0.27572059631347656,0.5015372633934021,0.17609125905568124
-0.18090128898620605,0.5565086007118225,-0.8060741424560547,0.6389240622520447,-0.688422679901123,0.5883377194404602,-0.5528419686577808
-0.595614492893219,0.5710422396659851,-0.69194495677948,0.6397671103477478,-0.6885694861412048,0.5885908007621765,0.03342375548694973
0.12424689531326294,0.7308192849159241,0.08228909969329834,0.6908936500549316,0.21934354305267334,0.6532791256904602,-0.022276394711152253
0.3766786456108093,0.7289963960647583,0.2005699872970581,0.5844453573226929,0.2991631031036377,0.5264337658882141,0.6503075231319364
0.1648341417312622,0.5442030429840088,0.4112120270729065,0.6856655478477478,0.4718717932701111,0.7094243168830872,0.7558748556724915
-0.5489566922187805,0.5546201467514038,-0.48167359828948975,0.6060530543327332,-0.5551525354385376,0.6781129837036133,-0.7695510786217261
-0.4221215546131134,0.5195678472518921,-0.40177786350250244,0.6005322933197021,-0.5682421922683716,0.541766345500946,-0.6989700043360187
-0.23203343152999878,0.6988305449485779,-0.10847926139831543,0.685077428817749,0.16520196199417114,0.6360706686973572,-0.6575773191777937
-0.45883825421333313,0.48881158232688904,-0.3274379372596741,0.5990219116210938,-0.46921446919441223,0.5686860084533691,-0.5528419686577808
-0.14048552513122559,0.49574920535087585,-0.06237155199050903,0.5368484854698181,0.1898849606513977,0.6568365693092346,-0.494850021680094
-0.2054641842842102,0.5381731390953064,0.3858766555786133,0.6664603352546692,-0.151983380317688,0.5648141503334045,-0.44369749923271273
-0.2365289330482483,0.5209571123123169,-0.256942480802536,0.5470508337020874,0.12634867429733276,0.5223403573036194,-0.42021640338318983
-0.3808329105377197,0.5557183027267456,-0.4125032424926758,0.5536926984786987,-0.3161860406398773,0.6693522930145264,-0.4559319556497244
-0.4781007766723633,0.6613793969154358,-0.37426498532295227,0.5752149224281311,-0.27330100536346436,0.6793467402458191,-0.3467874862246563
-0.5607165098190308,0.5401414036750793,-0.48886120319366455,0.6222567558288574,-0.4160023331642151,0.6639872789382935,-0.6989700043360187
-0.6114323139190674,0.5061942338943481,-0.6002997159957886,0.619260311126709,-0.6563847661018372,0.543287992477417,-0.9208187539523752
-0.9787023067474365,0.5397265553474426,-0.8923622369766235,0.5082363486289978,-0.9309066534042358,0.5809497237205505,-1.0
-1.3573241233825684,0.7047763466835022,-1.197998285293579,0.5514248013496399,-1.240744948387146,0.5606235265731812,-0.5376020021010439
-0.6165326833724976,0.5573305487632751,-0.6514469981193542,0.5649192333221436,-0.6762416958808899,0.4595933258533478,-0.472653707396684
-0.8851369023323059,0.5766574144363403,-0.8462035655975342,0.46722611784935,-0.779825747013092,0.6063583493232727,-1.3010299956639813
-0.8843684196472168,0.6488848924636841,-0.7647693157196045,0.5921546816825867,-0.7716327905654907,0.6207513809204102,-1.0
-0.5972484350204468,0.607283353805542,-0.8575023412704468,0.5295384526252747,-0.8644518852233887,0.4528440833091736,-0.8239087409443188
-0.8326513767242432,0.5257075428962708,-0.8515200018882751,0.5257174968719482,-0.7848114371299744,0.47193390130996704,-0.6020599913279624
-0.796138346195221,0.49496668577194214,-0.802909791469574,0.5182779431343079,-0.7800589799880981,0.5781795978546143,-0.494850021680094
-0.8004738092422485,0.5104965567588806,-0.7653080821037292,0.5465052127838135,-0.769752562046051,0.402827650308609,-0.4814860601221125
-0.795506477355957,0.4478939473628998,-0.8375940918922424,0.49846357107162476,-0.7800589799880981,0.5781795978546143,-0.49907776080969946
-0.8157084584236145,0.43759074807167053,-0.7797300219535828,0.49766093492507935,-0.7758409380912781,0.5047616958618164,-1.2596373105057561
-0.8106165528297424,0.5296895503997803,-0.8950383067131042,0.5387181639671326,-0.7304530739784241,0.45139259099960327,-0.9208187539523752
-0.875961184501648,0.5674804449081421,-0.85905522108078,0.5284871459007263,-0.751409649848938,0.5012926459312439,-0.6777807052660807
-0.803206741809845,0.4416216313838959,-0.7593441605567932,0.4496462643146515,-0.7341281175613403,0.41542884707450867,-0.7958800173440752
-0.7705134153366089,0.5475708246231079,-0.8775478601455688,0.4983912706375122,-0.7676126956939697,0.5895513296127319,-0.8124792791635369
-0.8383073806762695,0.6006649732589722,-0.8674073219299316,0.585577666759491,-0.8000767230987549,0.6319525837898254,-0.9172146296835499
-0.9483381509780884,0.6930311918258667,-0.8894851803779602,0.75171959400177,-0.8583718538284302,0.6815252304077148,-0.9706162223147904
-0.7660675048828125,0.7730631232261658,-0.7729138731956482,0.8159830570220947,-0.775614321231842,0.832451343536377,-1.4814860601221125
-0.3533073663711548,0.540483832359314,-0.37061357498168945,0.6886056065559387,-0.29621973633766174,0.7354424595832825,-0.6989700043360187
-0.370074987411499,0.5163537263870239,-0.3802069127559662,0.6870673894882202,-0.35378578305244446,0.615384042263031,-0.6020599913279624
-0.3751906752586365,0.6787542700767517,-0.3924207091331482,0.6852021217346191,-0.41717851161956787,0.5464752912521362,-0.4559319556497244
-0.3891817033290863,0.6767619848251343,-0.39060789346694946,0.5444042086601257,-0.4054326117038727,0.4903211295604706,-0.3467874862246563
-0.3989955484867096,0.5349678993225098,-0.405527800321579,0.5585642457008362,-0.3416104316711426,0.7306903004646301,-0.3979400086720376
-0.4121434688568115,0.4863951802253723,-0.41088083386421204,0.4967074394226074,-0.444513201713562,0.5440369844436646,-0.11918640771920865
-0.3437545597553253,0.5382855534553528,-0.34107068181037903,0.4696124494075775,-0.29614636301994324,0.7354620099067688,-0.6777807052660807
-0.4154561460018158,0.5118249654769897,-0.4304679036140442,0.6800007820129395,-0.34182214736938477,0.7306845784187317,-0.05551732784983137
-0.3648241460323334,0.6803544759750366,-0.3783053755760193,0.5000840425491333,-0.30384647846221924,0.7344884872436523,-0.42021640338318983
-0.3750966489315033,0.49075496196746826,-0.3623436987400055,0.5619790554046631,-0.29614636301994324,0.7354620099067688,-0.5228787452803376
-0.3646637201309204,0.5369127988815308,-0.3921845257282257,0.6852419972419739,-0.31284502148628235,0.733450710773468,-0.2076083105017461
-0.3648241460323334,0.6803544759750366,-0.38047683238983154,0.6870256662368774,-0.353864461183548,0.6153553128242493,-0.3010299956639812
-0.38039353489875793,0.5361616611480713,-0.38999491930007935,0.5594360828399658,-0.40556222200393677,0.4903150498867035,-0.22184874961635637
-0.3696928918361664,0.5380899906158447,-0.3921845257282257,0.6852419972419739,-0.41695231199264526,0.5464951992034912,-0.16115090926274472
-0.3646637201309204,0.5369127988815308,-0.3798884451389313,0.545720636844635,-0.31284502148628235,0.733450710773468,-0.4559319556497244
-1.422345519065857,0.6714630126953125,-1.4258469343185425,0.6295177340507507,-1.322737693786621,0.8398450016975403,-1.6968039425795112
-1.367771863937378,0.6350738406181335,-1.5267484188079834,0.8369358777999878,-1.507323145866394,0.7531842589378357,-1.239577516576788
-1.1105914115905762,0.6338943839073181,-1.1104910373687744,0.8773016929626465,-1.1530537605285645,0.9655085802078247,-1.3133637307377066
-1.1941126585006714,0.893781304359436,-1.150639295578003,0.8248574733734131,-1.138370394706726,0.6462130546569824,-1.2062096153091812
-1.199198603630066,0.5990825295448303,-1.2284510135650635,0.8999477028846741,-1.195684790611267,0.8206725120544434,-1.0777937225609837
-1.2071095705032349,0.6074119806289673,-1.1510093212127686,0.8088564276695251,-1.1901079416275024,0.72943514585495,-1.0963674839157624
-1.2404671907424927,0.4695190489292145,-1.204963207244873,0.8492559790611267,-1.186505913734436,0.6362694501876831,-1.337242168318426
-1.0416737794876099,0.8617165088653564,-1.0378494262695312,0.7178667187690735,-1.1345576047897339,0.6142460703849792,-1.0726296369609765
-1.296881914138794,1.0365314483642578,-1.1495046615600586,1.0213488340377808,-1.3421926498413086,0.7031163573265076,-1.2247537402597635
-1.0486423969268799,0.9853318929672241,-0.9445233941078186,1.0747780799865723,-0.9766048789024353,0.9249926209449768,-1.2388241868442686
-1.019639253616333,1.029295563697815,-0.861449658870697,1.0550343990325928,-0.9255900382995605,0.8833739757537842,-0.870954940112042
-1.3634288311004639,0.9688751697540283,-1.3622660636901855,1.0064951181411743,-1.305309772491455,0.9314467310905457,-1.489454989793388
-0.20755189657211304,0.8707069754600525,0.6049484610557556,0.8620346784591675,0.4893152713775635,0.7278715968132019,0.8482507146770425
-0.2851511538028717,0.8632017970085144,0.5120718479156494,0.7578432559967041,0.5029823780059814,0.707007646560669,0.5928426831311002
-0.6493539214134216,0.8303549885749817,0.07566624879837036,0.699608564376831,0.14036458730697632,0.7657277584075928,0.292256071356476
-0.29071053862571716,0.7442086935043335,0.1583537459373474,0.8473610281944275,-0.36175966262817383,0.7861843109130859,-0.585026652029182
-0.8971663117408752,0.801886796951294,-0.06390577554702759,0.6946311593055725,-0.0015147924423217773,0.6467332243919373,-0.24488773360492885
-0.4365214407444,0.8018631935119629,-0.4477764070034027,0.7351968288421631,-0.43972933292388916,0.845255434513092,-0.204815410317576
-0.4174838662147522,0.8155826330184937,-0.44424936175346375,0.7667203545570374,-0.37741056084632874,0.712131679058075,-0.31984585826562695
-0.30132126808166504,0.8432795405387878,-0.21926552057266235,0.8015646934509277,-0.32118478417396545,0.8774263858795166,-0.431798275933005
-0.35122689604759216,0.7994851469993591,-0.6095585227012634,0.7197903394699097,-0.4486863613128662,0.8577999472618103,-0.3949105381184196
-0.37762880325317383,0.8435713648796082,-0.4671515226364136,0.8471515774726868,-0.47034209966659546,0.7826919555664062,-0.5014137911824823
-0.37758004665374756,0.9311603307723999,-0.3688761293888092,0.7948614358901978,-0.28697526454925537,0.9086112976074219,-0.5686362358410126
-0.3904963731765747,0.7927207946777344,-0.37593144178390503,0.8655718564987183,-0.24322813749313354,0.8700430989265442,-0.3219370950256548
-0.6928111910820007,0.8345531821250916,-0.7660801410675049,0.8658769130706787,-0.7882689833641052,0.7852866053581238,-0.5554867936659571
-0.05333155393600464,0.7197945713996887,-0.08183324337005615,0.8325875401496887,-0.03139841556549072,0.6609446406364441,-0.10237290870955855
-0.05743145942687988,0.7221929430961609,-0.07685667276382446,0.8139176964759827,-0.051253318786621094,0.6756339073181152,-0.10237290870955855
-0.13196218013763428,0.7788109183311462,-0.1035420298576355,0.808092474937439,-0.07898378372192383,0.6695727705955505,-0.09691001300805639
-0.18654274940490723,0.769008457660675,-0.1551119089126587,0.8187384009361267,-0.19448089599609375,0.6701619625091553,-0.10237290870955855
-0.1708051562309265,0.7368665337562561,-0.17621636390686035,0.7222848534584045,-0.1954478621482849,0.7439633011817932,-0.22184874961635637
-1.7080047130584717,0.9901024103164673,-1.095703363418579,0.7942482233047485,-1.5330677032470703,0.9148563146591187,-1.5003129173815961
-0.5807322263717651,0.9319141507148743,-0.3119775056838989,0.9366422295570374,-0.1924038529396057,0.9320245981216431,-1.0
0.0038791298866271973,0.778339147567749,0.24367868900299072,0.8846189379692078,0.20024394989013672,0.7729761600494385,-0.11918640771920865
-0.9192398190498352,0.3705933690071106,-0.8242208361625671,0.37419161200523376,-0.930260956287384,0.42716020345687866,-0.3214816209598861
-0.7919712066650391,0.3785420358181,-0.8266855478286743,0.3772903382778168,-0.9837428331375122,0.41862231492996216,-0.3142582613977364
-1.094408631324768,0.3512316346168518,-0.8771597743034363,0.3738020062446594,-0.9046281576156616,0.3589218556880951,-0.5883802940367698
-1.0726115703582764,0.35851651430130005,-1.0816837549209595,0.35851097106933594,-1.158482313156128,0.35266798734664917,-1.1611509092627446
-1.303290843963623,0.4047848582267761,-1.2836506366729736,0.39883944392204285,-1.199190378189087,0.4032961428165436,-1.6575773191777938
-0.22184568643569946,1.2423526048660278,-0.3778456151485443,1.3769904375076294,-0.1528007984161377,1.4155635833740234,-0.5528419686577808
-1.0832855701446533,0.7497799396514893,-0.628372311592102,0.6261712312698364,-0.6405748724937439,0.6297448873519897,-1.0145735259169983
0.17536747455596924,0.6228792667388916,0.08628290891647339,0.6815540790557861,-0.33849456906318665,0.7261531949043274,-0.3053948010664313
-1.2014217376708984,0.7537664771080017,-0.7377966642379761,0.5753846764564514,-0.5903095006942749,0.5905964374542236,-1.2510371387438386
-0.5921162962913513,0.7729504108428955,-0.019322633743286133,0.6822279095649719,-0.44745051860809326,0.7261402606964111,-0.026595025589939317
-0.8090616464614868,0.5562173128128052,-1.0259270668029785,0.6196349859237671,-0.7240880131721497,0.5955491065979004,-1.5171264163912463
-0.7369024157524109,0.7794846892356873,-0.1701291799545288,0.6389639377593994,-0.12191718816757202,0.6838975548744202,0.33809775370653894
-0.700991690158844,0.6056056022644043,-0.9858742356300354,0.6582205295562744,-1.0506949424743652,0.6701291799545288,-1.5331323796458904
-0.8477141261100769,0.7885589003562927,-0.2073386311531067,0.6956754922866821,-0.6436131596565247,0.7304515838623047,0.539740838574004
-0.7871802449226379,0.6878350377082825,-1.0188218355178833,0.7458759546279907,-1.3820574283599854,0.7649032473564148,-1.5243288116755704
-1.0192875862121582,0.8106131553649902,-0.461538702249527,0.7565315961837769,-0.7986539602279663,0.7813981175422668,0.8960464650403244
-1.4942389726638794,0.7697755098342896,-1.11583411693573,0.873033344745636,-1.5736496448516846,0.8129621148109436,-0.7495799976911061
-0.5173618793487549,0.4365800619125366,-0.49769479036331177,0.48285621404647827,-0.542874276638031,0.46978023648262024,-0.7453673439996291
-0.5095531940460205,0.42830953001976013,-0.5448974370956421,0.4740561246871948,-0.42096301913261414,0.42498916387557983,-0.6614140342225182
-0.5035640001296997,0.4491428732872009,-0.5363095998764038,0.3868715763092041,-0.561885416507721,0.46663111448287964,-0.32546401318612034
-0.48780542612075806,0.3988475203514099,-0.4436478018760681,0.4860225021839142,-0.5096663236618042,0.3700191080570221,-0.4888067129869551
-0.6133386492729187,0.4232105016708374,-0.5411567687988281,0.41121676564216614,-0.604157567024231,0.4666235148906708,-0.8572320991525307
-0.6168978214263916,0.38999417424201965,-0.6281250715255737,0.4676317572593689,-0.6230217814445496,0.4636361002922058,-0.36340880800663117
-0.5686887502670288,0.39430153369903564,-0.5705897212028503,0.3835570514202118,-0.5042418837547302,0.42273950576782227,-0.7930905100987986
-0.5766767263412476,0.391779363155365,-0.5169265270233154,0.48347553610801697,-0.6029130220413208,0.4748785197734833,-0.5133995206937987
-0.7512972950935364,0.41717255115509033,-0.7033323049545288,0.4731140732765198,-0.7582411766052246,0.4654231369495392,-0.4374537718612325
-0.688386857509613,0.38990864157676697,-0.6875333786010742,0.4202905297279358,-0.6648661494255066,0.4233071804046631,-0.5482872319781882
-0.6866849660873413,0.39025187492370605,-0.6852153539657593,0.4784310460090637,-0.7210701704025269,0.4224182069301605,-0.9544579729417159
-0.6672900915145874,0.4333200454711914,-0.6579666137695312,0.47967004776000977,-0.6789023876190186,0.4651057720184326,-0.8963878212059435
-0.8232311010360718,0.4368946850299835,-0.793451726436615,0.4755549430847168,-0.8239726424217224,0.46546313166618347,-0.6240000523718865
-0.9371211528778076,0.41401124000549316,-0.9137172698974609,0.39249148964881897,-0.9365471601486206,0.46236318349838257,-0.6030460898718408
-0.8618239164352417,0.4350396990776062,-0.8240052461624146,0.4739362597465515,-0.8854249715805054,0.4247492253780365,-0.9900904051928974
-0.8552219867706299,0.3901382386684418,-0.8545045256614685,0.47297871112823486,-0.9233896732330322,0.4646575450897217,-1.0491096362935557
-1.1228423118591309,0.4656801223754883,-1.100276231765747,0.46881529688835144,-1.053728699684143,0.471069872379303,-1.1480265719327492
-1.0485544204711914,0.4467347264289856,-0.9670031666755676,0.4973612129688263,-1.0304815769195557,0.43884608149528503,-1.2143143317190987
-1.1660990715026855,0.4656529724597931,-1.0582849979400635,0.46581825613975525,-1.0317057371139526,0.41377681493759155,-0.9521607219524473
-1.1648962497711182,0.46642181277275085,-1.0895659923553467,0.40535491704940796,-1.0877180099487305,0.46921977400779724,-1.2268574313145115
-1.1851650476455688,0.644473671913147,-1.2318938970565796,0.6403432488441467,-1.2279653549194336,0.6848757266998291,-1.1999706407558657
-1.7362289428710938,0.7923429012298584,-1.7942625284194946,0.6529463529586792,-1.8448399305343628,0.6668215394020081,-1.8664610916297826
-1.610682487487793,0.6671603918075562,-1.595621943473816,0.7210859060287476,-1.528423547744751,0.8136453032493591,-1.563837352959244
-0.8989877104759216,0.6951242089271545,-0.9342002272605896,0.6668749451637268,-0.9310526847839355,0.7360905408859253,-0.935916564036404
-1.2852531671524048,0.6295192837715149,-1.283076286315918,0.7774917483329773,-1.1649976968765259,0.7906873226165771,-1.4067139329795428
-1.4927618503570557,0.8011872172355652,-1.5674657821655273,0.6482066512107849,-1.3769688606262207,0.7976833581924438,-1.5917600346881504
-0.8129686713218689,0.7111794352531433,-0.8019230365753174,0.8350414633750916,-0.8812801837921143,0.8405308723449707,-0.661145253747677
-1.4641841650009155,0.6879268884658813,-1.4707601070404053,0.8138303756713867,-1.3638458251953125,0.7701468467712402,-1.2636034977233574
-1.086720585823059,0.7209550142288208,-1.094771385192871,0.7861098647117615,-1.0399928092956543,0.745431125164032,-1.1555228242543185
0.5609866380691528,0.9906014204025269,0.45193910598754883,0.9981257915496826,0.45554161071777344,1.078594446182251,-0.2924298239020636
-0.322917640209198,0.4821251928806305,-0.3409978151321411,0.44821757078170776,-0.41842254996299744,0.4470316469669342,-0.687727413983718
-0.3335321545600891,0.4259392321109772,-0.35568633675575256,0.48253536224365234,-0.3323458731174469,0.5045878291130066,-0.4424506940221613
-0.44468945264816284,0.49925631284713745,-0.4725011885166168,0.4614713788032532,-0.4721997082233429,0.4520474970340729,-0.7172397141989045
-0.4280541241168976,0.48302915692329407,-0.46992817521095276,0.4742588698863983,-0.45003944635391235,0.42773059010505676,-0.4677936106549203
-0.7045618891716003,0.4036664366722107,-0.7367911338806152,0.41221871972084045,-0.7031729817390442,0.4212492108345032,-0.7846162676991075
-0.7065894603729248,0.39947402477264404,-0.6569697260856628,0.4587253928184509,-0.6868942379951477,0.4374914765357971,-0.534777807730267
-0.558275580406189,0.4666469097137451,-0.4978356957435608,0.4116690158843994,-0.4858262538909912,0.4269028604030609,-0.5738418480741471
-0.48383957147598267,0.43403640389442444,-0.5349447727203369,0.44269752502441406,-0.5525596737861633,0.4286353886127472,-0.4324184685174818
-0.38331109285354614,0.4771474003791809,-0.4005791246891022,0.45825260877609253,-0.3927503228187561,0.44410309195518494,-0.46141244338273957
-0.4803783595561981,0.42686718702316284,-0.42211976647377014,0.45646554231643677,-0.3682995140552521,0.48320266604423523,-0.28918814997674686
-0.7238768339157104,0.4743972420692444,-0.7787302136421204,0.42476826906204224,-0.8195013999938965,0.39177206158638,-0.8266738471710442
-0.8162264823913574,0.39309367537498474,-0.7982762455940247,0.4162061810493469,-0.7654069066047668,0.5015885233879089,-0.7010203637415846
-0.6748220324516296,0.4617277681827545,-0.7142192721366882,0.4058077931404114,-0.6046422719955444,0.42502734065055847,-0.6403864628098056
-0.6936866641044617,0.4913838505744934,-0.7184503078460693,0.4397141635417938,-0.6370177865028381,0.48843154311180115,-0.558540531082206
-0.5879764556884766,0.40038466453552246,-0.5595699548721313,0.414557546377182,-0.5683664083480835,0.39394646883010864,-0.5073597218749326
-0.5298416614532471,0.4616701304912567,-0.5353546142578125,0.46628502011299133,-0.5593898296356201,0.5101662278175354,-0.39403377797205474
-0.7727589011192322,0.4705440402030945,-0.8358271718025208,0.4313252568244934,-0.8960614800453186,0.43925127387046814,-0.9757894452265757
-0.8651517033576965,0.46314772963523865,-0.8297850489616394,0.4587458074092865,-0.8310062885284424,0.43348491191864014,-0.8450984743089558
-0.7573111653327942,0.4758681058883667,-0.6780202984809875,0.4133261442184448,-0.7073084712028503,0.43580466508865356,-0.7476349144869489
-0.7176064848899841,0.4122198820114136,-0.7032650709152222,0.43797895312309265,-0.6829029321670532,0.47130128741264343,-0.6353758467270006
-0.5162184238433838,0.4778834581375122,-0.5885612964630127,0.4322093725204468,-0.6805864572525024,0.4173682928085327,-0.6265270889921077
-0.5014025568962097,0.503578245639801,-0.5702292323112488,0.4487799108028412,-0.5898270010948181,0.500960648059845,-0.4777501339389004
-0.6155191659927368,0.7620981931686401,-0.5792316198348999,0.6479198932647705,-0.4639168977737427,0.729904055595398,-0.6307841425898572
-0.7941225171089172,0.5946835875511169,-0.7563023567199707,0.6871105432510376,-0.6977121829986572,0.7179090976715088,-0.8041003475907662
-0.8602920770645142,0.7823952436447144,-0.9833842515945435,0.6737291812896729,-0.9290961027145386,0.8000972270965576,-0.46852108295774486
-1.2888753414154053,0.668218195438385,-1.3525075912475586,0.6928260326385498,-1.2440675497055054,0.7704987525939941,-1.6197887582883939
-0.5079337954521179,0.5782130360603333,-0.4395323097705841,0.637334942817688,-0.35364261269569397,0.5614444017410278,-0.6575773191777937
-0.7770693898200989,0.4538111388683319,-0.7135781645774841,0.523842990398407,-0.6899337768554688,0.4912371337413788,-0.7958800173440752
-0.7939229607582092,0.5562564730644226,-0.6435006856918335,0.5209038257598877,-0.7717481255531311,0.5066163539886475,-0.7695510786217261
-0.6747239828109741,0.4911704659461975,-0.5757473707199097,0.6397272944450378,-0.6205762624740601,0.5848949551582336,-0.6575773191777937
-0.8598617911338806,0.5239704251289368,-0.9090594053268433,0.5865310430526733,-0.8090417385101318,0.48970192670822144,-0.8239087409443188
-0.9104524254798889,0.5592026114463806,-0.8864970803260803,0.5948126316070557,-0.8204019665718079,0.48454463481903076,-0.7958800173440752
-0.6796414852142334,0.5968926548957825,-0.5490518808364868,0.6133197546005249,-0.5891644954681396,0.5942452549934387,-0.6777807052660807
-0.9056447148323059,0.449503630399704,-0.9050071239471436,0.4820956587791443,-0.9601137042045593,0.5218788385391235,-0.9208187539523752
-0.9540374279022217,0.5714670419692993,-0.8341865539550781,0.539824366569519,-0.8265213966369629,0.5360348224639893,-0.8860566476931632
-0.701941967010498,0.5258054137229919,-0.5338015556335449,0.654837965965271,-0.5811339616775513,0.6167399883270264,-0.6777807052660807
-0.8752104640007019,0.5510368347167969,-0.9437074065208435,0.6306272149085999,-0.9564410448074341,0.5698838233947754,-0.8538719643217619
-0.8655375242233276,0.5060580968856812,-0.8899768590927124,0.5446212291717529,-0.919484555721283,0.5568251609802246,-0.8538719643217619
-0.1115717887878418,0.3930576741695404,-0.0679398775100708,0.34943947196006775,-0.07974803447723389,0.3853265643119812,0.29426777217945776
0.1785336136817932,0.3676329553127289,0.1428077220916748,0.33061155676841736,0.18282639980316162,0.2961178421974182,0.33415205299228645
0.18349909782409668,0.3369443416595459,0.2210850715637207,0.34654924273490906,0.19678634405136108,0.33782508969306946,0.3313057985532691
0.17862272262573242,0.32545122504234314,0.18566220998764038,0.3502134382724762,0.2044808268547058,0.37019461393356323,0.3523176109368268
0.2581707835197449,0.3439789414405823,0.29852038621902466,0.3733997344970703,0.26627540588378906,0.3570421636104584,0.5129110878474195
-0.04501539468765259,0.40619832277297974,-0.19319486618041992,0.41625019907951355,-0.11983317136764526,0.363174706697464,0.24368280735719336
0.1655350923538208,0.3360807001590729,0.1690070629119873,0.30005791783332825,0.1634814739227295,0.29481393098831177,0.24762962067911384
0.15651148557662964,0.3665946424007416,0.1981261968612671,0.3384937345981598,0.18459290266036987,0.368884414434433,0.2968844755385471
0.15651148557662964,0.3665946424007416,0.1981261968612671,0.3384937345981598,0.17935752868652344,0.3364725112915039,0.28284860283464475
0.4066956043243408,0.388606995344162,0.2780926823616028,0.371992826461792,0.3134278655052185,0.333889901638031,0.4756276114410809
-0.2192249298095703,0.40365955233573914,-0.21275639533996582,0.41515642404556274,-0.08045899868011475,0.35203731060028076,0.15624619039734447
0.1282813549041748,0.3654845654964447,0.1717897653579712,0.3438194990158081,0.1991356611251831,0.3221592903137207,0.19542914245706253
0.1282813549041748,0.3654845654964447,0.1388668417930603,0.34733134508132935,0.1991356611251831,0.3221592903137207,0.19434780728009307
0.13391923904418945,0.30209800601005554,0.1717897653579712,0.3438194990158081,0.1383352279663086,0.2934596538543701,0.2664668954402414
0.38345062732696533,0.3877767026424408,0.21946269273757935,0.3332185745239258,0.27056044340133667,0.3970637321472168,0.38797679499043713
-0.15321576595306396,0.3569179177284241,-0.23881560564041138,0.4140446186065674,-0.101554274559021,0.35846659541130066,0.04261488458852481
0.11154139041900635,0.3343958556652069,0.1345043182373047,0.3353881537914276,0.10262912511825562,0.3104199469089508,-0.029049065654575875
0.09542959928512573,0.3212948143482208,0.13552194833755493,0.3422970473766327,0.1252099871635437,0.3660413920879364,0.08972853307473597
0.11154139041900635,0.3343958556652069,0.1345043182373047,0.3353881537914276,0.1252099871635437,0.3660413920879364,0.08678679562662422
0.3088153004646301,0.3568294942378998,0.216538667678833,0.36867302656173706,0.26398342847824097,0.33140671253204346,0.22541267286595434
-0.16303837299346924,0.40494439005851746,-0.22063642740249634,0.3683566749095917,-0.20872461795806885,0.3593783676624298,-0.09468993788391449
0.08546334505081177,0.3438482880592346,0.08360224962234497,0.33407989144325256,0.07834416627883911,0.36489883065223694,-0.17672144304832926
0.038650333881378174,0.3635706901550293,0.08537083864212036,0.34090301394462585,0.07834416627883911,0.36489883065223694,-0.08139308485501809
0.04652297496795654,0.3199276626110077,0.08537083864212036,0.34090301394462585,0.08554506301879883,0.33167168498039246,-0.03198428600635821
0.26039379835128784,0.35551169514656067,0.16762149333953857,0.36696287989616394,0.1898626685142517,0.3940953016281128,0.030275802889287887
-0.3015120327472687,0.3380660116672516,-0.3471277952194214,0.3894191384315491,-0.37295857071876526,0.36490127444267273,-0.4682656907234498
-0.09489840269088745,0.3393557369709015,-0.1321253776550293,0.34670862555503845,-0.02037876844406128,0.32138553261756897,-0.5139948136377577
-0.1370464563369751,0.32170477509498596,-0.09228378534317017,0.3250761032104492,-0.02037876844406128,0.32138553261756897,-0.4495270428934366
-0.09843611717224121,0.34789037704467773,-0.11242574453353882,0.33759984374046326,-0.02037876844406128,0.32138553261756897,-0.39913596369016047
-0.027395009994506836,0.31689453125,-0.032490313053131104,0.3334147334098816,-0.0520058274269104,0.3188158869743347,-0.30557030904291693
-1.0810309648513794,0.8606952428817749,-1.1226806640625,0.8340371251106262,-1.1755154132843018,0.8340829610824585,-1.1739251972991736
-1.1784281730651855,0.7527265548706055,-1.1674257516860962,0.7403916716575623,-1.165022373199463,0.7373093366622925,-1.2518119729937995
-1.306297779083252,0.761134684085846,-1.1957192420959473,0.7202326655387878,-1.276581048965454,0.6956294178962708,-1.337242168318426
-1.4879627227783203,0.8514000177383423,-1.4723443984985352,0.7389946579933167,-1.489983081817627,0.8249000310897827,-1.4202164033831899
-1.699743390083313,0.6604543328285217,-1.68639075756073,0.8235229253768921,-1.7114653587341309,0.8241512179374695,-1.6020599913279623
-0.2037588357925415,0.5602273344993591,-0.17511242628097534,0.7732649445533752,-0.22968286275863647,0.7407007813453674,0.1408155855660258
-0.2648387849330902,0.555942714214325,-0.2557557225227356,0.5287107229232788,-0.28906574845314026,0.7360585331916809,-0.004644774290455358
-0.44175562262535095,0.6176661252975464,-0.3163333535194397,0.5872958898544312,-0.40486520528793335,0.728370726108551,-0.17378715248775295
-1.0169904232025146,0.5534797310829163,-0.8750578165054321,0.7706121802330017,-1.0773485898971558,0.5976924300193787,-1.744727494896694
-0.870253324508667,0.5441645383834839,-0.9723069667816162,0.6148694157600403,-0.9347900152206421,0.5833399891853333,-1.5228787452803376
-0.9375522136688232,0.5608576536178589,-0.7187281250953674,0.7899158596992493,-1.0622344017028809,0.7308967113494873,-1.1674910872937636
-0.8807237148284912,0.6591443419456482,-0.6497698426246643,0.7788407206535339,-0.7153012156486511,0.5419513583183289,-0.889410289700751
-0.7104997634887695,0.609410285949707,-0.536239504814148,0.7505512237548828,-0.7714122533798218,0.5696496963500977,-0.38206284568617044
-0.673584520816803,0.5688384175300598,-0.536239504814148,0.7505512237548828,-0.7714122533798218,0.5696496963500977,-0.679853713888946
-0.46565502882003784,0.701275110244751,-0.2810763418674469,0.8135989904403687,-0.49312493205070496,0.7446819543838501,-0.4571745730408201
-0.9740298390388489,0.5884402394294739,-0.8745525479316711,0.5269023776054382,-0.9676134586334229,0.599574089050293,-0.5107293465282002
0.05043584108352661,0.8186389803886414,0.03591310977935791,0.8720763921737671,0.04729950428009033,0.9838935136795044,0.06069784035361165
0.01831340789794922,0.766780436038971,0.013754189014434814,0.9511590600013733,0.024386107921600342,0.9818700551986694,0.021189299069938092
-0.009931027889251709,0.8148577809333801,-0.015011727809906006,0.9493336081504822,-0.006677448749542236,0.8068538308143616,-0.031517051446064856
-0.07127565145492554,0.8018661141395569,-0.05052453279495239,0.8020285964012146,-0.048550307750701904,0.9757547378540039,-0.060480747381381476
-0.1106879711151123,0.8615280389785767,-0.11563920974731445,0.9436720609664917,-0.14330798387527466,0.8726884722709656,-0.09151498112135022
-0.7034515142440796,0.4206750988960266,-0.740551769733429,0.4397616684436798,-0.7829144597053528,0.4265974462032318,-0.6671577330056484
-0.8878399133682251,0.43123477697372437,-0.8359265327453613,0.4598069489002228,-0.8786212205886841,0.4228335916996002,-0.7775436633207533
-1.0574851036071777,0.39761704206466675,-1.0606279373168945,0.38479718565940857,-0.9807752370834351,0.3811306059360504,-0.9669785553170893
-1.3082547187805176,0.3639184534549713,-1.2838531732559204,0.4008679687976837,-1.3430821895599365,0.3559759259223938,-1.1360826230421395
-1.1987087726593018,0.357307106256485,-1.1371045112609863,0.34385234117507935,-1.0807384252548218,0.34831488132476807,-0.9649707177976319
-1.0626660585403442,0.43521246314048767,-1.106882929801941,0.41496607661247253,-1.1133253574371338,0.4114208519458771,-0.8948305720006683
-1.0683047771453857,0.5221619606018066,-1.0289596319198608,0.4775594174861908,-1.0428907871246338,0.4666525721549988,-0.7801536139756393
-1.4190380573272705,0.5232821106910706,-1.4704283475875854,0.5666319727897644,-1.5179250240325928,0.521938145160675,-1.3316140833099999
-0.49573802947998047,0.4405577778816223,-0.5106829404830933,0.4209598898887634,-0.4981025159358978,0.39245033264160156,-0.9625735020593764
-0.5484765768051147,0.3614136576652527,-0.617363691329956,0.39175066351890564,-0.4912428855895996,0.3805590271949768,-1.0409586076789064
-0.9354181289672852,0.48162341117858887,-0.9952953457832336,0.49986886978149414,-0.9925906658172607,0.4912761449813843,-0.8794260687941502
-0.5529964566230774,0.37053021788597107,-0.5271391272544861,0.4236133098602295,-0.6218098402023315,0.3900681138038635,-1.1079053973095196
-0.9138182401657104,0.413489431142807,-1.0056018829345703,0.5030503869056702,-0.9147446751594543,0.4231577217578888,-0.9507819773298184
-0.5590860843658447,0.4421716034412384,-0.7670819163322449,0.4712221622467041,-0.6892088055610657,0.40968161821365356,0.021142144537753402
-0.9307003021240234,0.5106895565986633,-0.8953230381011963,0.4579753875732422,-0.9266200661659241,0.4494800269603729,-1.0222763947111522
-0.954095721244812,0.49471426010131836,-0.9373787045478821,0.5059503316879272,-0.9420866966247559,0.4966505169868469,-1.2839966563652008
-0.7377060651779175,0.47180619835853577,-0.8092641234397888,0.465822696685791,-0.809197723865509,0.4453545808792114,0.012682453368195807
-1.0351784229278564,0.5090717077255249,-1.039527177810669,0.5113840103149414,-1.1076297760009766,0.4665968418121338,-1.408935392973501
-0.6882120370864868,0.37316736578941345,-0.5935996174812317,0.4022011160850525,-0.5526736974716187,0.37518471479415894,-0.889410289700751
-0.5438165664672852,0.34323182702064514,-0.6003251075744629,0.3783659040927887,-0.6232573986053467,0.3711186349391937,-0.958607314841775
-0.9515981674194336,0.5318027138710022,-1.0266584157943726,0.4820173680782318,-0.8948067426681519,0.41840946674346924,-0.8297382846050426
-0.5709455013275146,0.43139001727104187,-0.5478909611701965,0.40207651257514954,-0.4988328814506531,0.3606022000312805,-1.0362121726544447
-0.9618439674377441,0.5196669697761536,-1.0097576379776,0.46621593832969666,-0.9414615631103516,0.43221157789230347,-0.9030899869919435
-0.9510195255279541,0.38709551095962524,-1.0301648378372192,0.5199666619300842,-0.9928534030914307,0.44887199997901917,-0.9430951486635274
-0.6767097115516663,0.40040796995162964,-0.7746226787567139,0.49700552225112915,-0.6398708820343018,0.3966720998287201,0.029694572594448118
-1.0149688720703125,0.5273721218109131,-1.06296968460083,0.5470885038375854,-0.9361191987991333,0.4232836663722992,-1.0969100130080565
-0.7329704761505127,0.4529881179332733,-0.7713082432746887,0.4844496250152588,-0.6204187870025635,0.4577827453613281,0.01871297821343185
-1.1051828861236572,0.4764023721218109,-1.0548319816589355,0.5246468186378479,-0.916667103767395,0.43561676144599915,-1.2596373105057561
-0.4701234698295593,0.4354613125324249,-0.5846502780914307,0.4631789028644562,-0.604834794998169,0.3779700696468353,-0.8356471442155629
-0.48007458448410034,0.3748513460159302,-0.5514249205589294,0.38622069358825684,-0.579184889793396,0.37961748242378235,-0.8927900303521317
-0.8740880489349365,0.4789850115776062,-0.8730229735374451,0.5416752099990845,-0.8413618803024292,0.41906803846359253,-0.7798919119599449
-0.6173027157783508,0.36005476117134094,-0.6131718158721924,0.46029093861579895,-0.5959676504135132,0.3677173852920532,0.042497151244295546
-0.8977907299995422,0.4445599913597107,-0.884431004524231,0.5182024836540222,-0.9428201913833618,0.44113877415657043,-0.8507808873446201
-0.8653120398521423,0.4526977837085724,-0.9014276266098022,0.5208120346069336,-0.8736563324928284,0.42625030875205994,-0.8827287043442358
-0.6149328947067261,0.4145843982696533,-0.5761561393737793,0.4100358188152313,-0.5017149448394775,0.38243740797042847,0.03510139153546975
-0.8950740098953247,0.4723908305168152,-0.9422425031661987,0.4647986888885498,-0.9192786812782288,0.48537498712539673,-0.9913998282380825
-0.6017055511474609,0.42460396885871887,-0.616620659828186,0.4534265697002411,-0.6916687488555908,0.3650524914264679,0.02916413961809315
-0.9853042364120483,0.45997557044029236,-1.0118541717529297,0.5195877552032471,-0.9923064112663269,0.4477558434009552,-1.0506099933550872
-0.4224569797515869,0.4428764283657074,-0.46626579761505127,0.4286445677280426,-0.41756394505500793,0.4472978115081787,-0.8096683018297085
-0.42546990513801575,0.3864975571632385,-0.4474099278450012,0.4061276316642761,-0.5244293212890625,0.38265860080718994,-0.8569851997459049
-0.7805097699165344,0.4256936013698578,-0.9103038907051086,0.5175045728683472,-0.7763972878456116,0.42018184065818787,-0.7495799976911061
-0.420474112033844,0.39614105224609375,-0.44490891695022583,0.432928204536438,-0.504192590713501,0.4109870493412018,0.0478886777182788
-0.8112936019897461,0.516697883605957,-0.8933807015419006,0.5002374649047852,-0.76315838098526,0.4176947772502899,-0.7772835288524167
-0.8223832845687866,0.40245598554611206,-0.7509281039237976,0.450484961271286,-0.8304388523101807,0.49248766899108887,-0.8153085691824012
-0.45150986313819885,0.4326816201210022,-0.4479603171348572,0.46491315960884094,-0.5418732166290283,0.4488425850868225,0.03977647495960224
-0.8644635677337646,0.5150204300880432,-0.7704859375953674,0.46834468841552734,-0.8084931969642639,0.44262492656707764,-0.9318141382538383
-0.7218475341796875,0.4292633533477783,-0.6649142503738403,0.4650610387325287,-0.6533952951431274,0.4258011281490326,0.03342375548694973
-0.9326750040054321,0.4969782531261444,-0.9409965872764587,0.4880138039588928,-0.9522272944450378,0.4033340513706207,-0.9871627752948278
-0.3963707685470581,0.6348245739936829,-0.40077129006385803,0.6539485454559326,-0.4788847863674164,0.6413145065307617,-0.5670307091255943
-0.6739375591278076,0.5954964756965637,-0.617591917514801,0.6616768836975098,-0.6724756956100464,0.6617136597633362,-0.5151309672795976
-0.2723522186279297,0.6075165271759033,-0.25326627492904663,0.6291600465774536,-0.30766409635543823,0.624630868434906,-0.2977418368379057
-0.46091708540916443,0.5969031453132629,-0.42061740159988403,0.6446976661682129,-0.5184763073921204,0.6660982370376587,-0.4103854593687336
-0.9220950603485107,0.6347929835319519,-0.8532045483589172,0.6550068855285645,-0.9641550779342651,0.7144393920898438,-0.8063189704587185
-0.5405334830284119,0.6059448719024658,-0.5137407183647156,0.6138859391212463,-0.5102581977844238,0.5912480354309082,-0.43806423668621863
-0.5563994646072388,0.7061987519264221,-0.4437894821166992,0.643610417842865,-0.552202582359314,0.6338435411453247,-0.31184724440843364
-1.0550413131713867,0.719078004360199,-0.9728468656539917,0.6744094491004944,-0.9248574376106262,0.6069380044937134,-0.870310107800699
-0.8541518449783325,0.6804593205451965,-0.6928222179412842,0.5863973498344421,-0.6914873719215393,0.6204817891120911,-0.6831912479469778
-0.5508826971054077,0.6566055417060852,-0.5420475602149963,0.6544779539108276,-0.5934990644454956,0.6128974556922913,-0.445389714773836
-0.7184354066848755,0.6836631894111633,-0.7531962990760803,0.6856958270072937,-0.7409198880195618,0.6725855469703674,-0.5895602137896534
-0.35578447580337524,0.6799741387367249,-0.40521252155303955,0.703472375869751,-0.4188934862613678,0.6673825979232788,-0.3810110796350664
-0.9705371856689453,0.638749361038208,-0.9839881658554077,0.7300546765327454,-0.9304122924804688,0.6959617733955383,-0.8804142250382161
-0.7283921837806702,0.6855924129486084,-0.7531962990760803,0.6856958270072937,-0.7439394593238831,0.6753358840942383,-0.6613443344212997
-0.4596785306930542,0.7135607004165649,-0.43891289830207825,0.6522401571273804,-0.4325903356075287,0.668662965297699,-0.349401101827343
-0.5412923097610474,0.6570574641227722,-0.5475756525993347,0.6726338267326355,-0.589533269405365,0.6124057173728943,-0.4628107737563554
-0.9201509952545166,0.6403008699417114,-0.9356120228767395,0.6697973012924194,-0.9239439368247986,0.639066219329834,-0.9329291439546299
-0.7414773106575012,0.5958272814750671,-0.7188421487808228,0.6657384037971497,-0.7189054489135742,0.6837365627288818,-0.7160207157615202
-0.545769989490509,0.6645784974098206,-0.5137932300567627,0.6108836531639099,-0.5666428804397583,0.6331540942192078,-0.5249101966109935
-0.3895646631717682,0.6828763484954834,-0.38802194595336914,0.6506202816963196,-0.3865288197994232,0.6253058314323425,-0.38142897187987024
-0.9582400321960449,0.6900187134742737,-0.9536997079849243,0.6697864532470703,-0.9477473497390747,0.6394051313400269,-0.9310723883179282
-0.548159658908844,0.5875536203384399,-0.5536348819732666,0.6232081651687622,-0.5415199995040894,0.578899085521698,-0.6029294500405913
-0.5026504397392273,0.6992469429969788,-0.48144227266311646,0.6335038542747498,-0.483406662940979,0.6277600526809692,-0.40538649083990197
-0.95330411195755,0.6421002745628357,-0.9536997079849243,0.6697864532470703,-0.9304178953170776,0.6959623694419861,-0.9366666410482505
-0.7714555859565735,0.6585843563079834,-0.7531962990760803,0.6856958270072937,-0.7502806186676025,0.6074885725975037,-0.6895191085373249
-0.5525819063186646,0.6704253554344177,-0.5544952154159546,0.6352578401565552,-0.517973005771637,0.592262864112854,-0.6219656775426685
-0.7368777394294739,0.6091520190238953,-0.7531962990760803,0.6856958270072937,-0.7225449681282043,0.6900365948677063,-0.732593581247096
-0.43497225642204285,0.6205576658248901,-0.4419735372066498,0.6525986194610596,-0.47955939173698425,0.6413155198097229,-0.4438181533470888
-0.9129217863082886,0.7234795093536377,-0.9537715315818787,0.6697851419448853,-0.9478025436401367,0.6394052505493164,-1.2006594505464183
-0.7283921837806702,0.6855924129486084,-0.7531962990760803,0.6856958270072937,-0.7361341118812561,0.6480521559715271,-0.8965383779052951
-0.6307669281959534,0.6395013928413391,-0.6147676706314087,0.5977055430412292,-0.5533995628356934,0.6722696423530579,-0.7368375350377834
-0.5483362674713135,0.6214375495910645,-0.6266231536865234,0.6735244989395142,-0.39336103200912476,0.7033117413520813,-0.4854522473397139
-0.7368777394294739,0.6091520190238953,-0.7178330421447754,0.621803879737854,-0.7210260033607483,0.5962854623794556,-0.9738754832545498
-0.43454691767692566,0.6205551028251648,-0.45874297618865967,0.6871976852416992,-0.38587260246276855,0.6253054738044739,-0.505149978319906
-0.7283921837806702,0.6855924129486084,-0.7178330421447754,0.621803879737854,-0.7210260033607483,0.5962854623794556,-1.2724587429714436
-0.545556902885437,0.6078132390975952,-0.5420475602149963,0.654478132724762,-0.5737777948379517,0.6397204995155334,-0.7354182707619226
-0.5508826971054077,0.6566055417060852,-0.5514715313911438,0.6737372875213623,-0.5379943251609802,0.6852887272834778,-0.8359447081065484
-0.24089515209197998,0.7529573440551758,-0.19373184442520142,0.7439092993736267,-0.17137283086776733,0.8159134387969971,-0.10962202152364997
-0.1909812092781067,0.901958167552948,-0.17933166027069092,0.7197067737579346,-0.2520695924758911,0.763012170791626,-0.23028157653022965
-0.26894763112068176,0.898128867149353,-0.2565394639968872,0.7125591039657593,-0.3253183364868164,0.7047073841094971,-0.3696504474354256
-0.4455808997154236,0.8907820582389832,-0.4924865961074829,0.8368653059005737,-0.47256919741630554,0.7972965836524963,-0.5399113897085028
-0.637836754322052,0.883999228477478,-0.6931165456771851,0.8312371969223022,-0.6943050622940063,0.7367122173309326,-0.6515452046511886
-0.9450819492340088,0.7271225452423096,-0.8719863295555115,0.6821622848510742,-0.9304648637771606,0.8109553456306458,-1.031517051446065
-0.479194700717926,0.7740776538848877,-0.5565909147262573,0.6781721115112305,-0.404524028301239,0.7144126296043396,-0.5169835798558678
-0.6232033967971802,0.6778692603111267,-0.634067714214325,0.6501126289367676,-0.3176960349082947,0.7695040702819824,-0.1966111750163865
-0.2878008484840393,0.6963882446289062,-0.12208092212677002,0.7251906394958496,-0.05301755666732788,0.7475425004959106,-0.08118360963962049
-0.41414380073547363,0.6984836459159851,-0.12065261602401733,0.7646319270133972,-0.29524874687194824,0.7139732241630554,-0.444421927227045
0.30878037214279175,0.6162427067756653,0.2853672504425049,0.5928996801376343,0.2574729323387146,0.5250244140625,0.18315591543401297
0.30179208517074585,0.6173740029335022,0.22618353366851807,0.6314201354980469,0.16577821969985962,0.5925828814506531,0.23585656875297398
0.31666940450668335,0.7408531904220581,0.5017175674438477,0.6351619362831116,0.36797767877578735,0.6350383758544922,0.4241790135787822
0.4696846604347229,0.5712413787841797,0.5132852792739868,0.635367214679718,0.43211865425109863,0.6339725255966187,0.3907585287387172
0.6161932945251465,0.5382537841796875,0.6273101568222046,0.6142324209213257,0.616439163684845,0.6377793550491333,0.594878511394642
0.4955107569694519,0.6897994875907898,0.6432828903198242,0.6442978978157043,0.6841562986373901,0.6997227072715759,0.7211756032766088
0.6161932945251465,0.5382537841796875,0.6273101568222046,0.6142324209213257,0.6024913787841797,0.6998268365859985,0.6056066844300941
0.6650643348693848,0.6508083939552307,0.7209237813949585,0.6561520099639893,0.7544673681259155,0.5964847207069397,0.7745753543387348
0.6805267930030823,0.64182049036026,0.6921721696853638,0.6309949159622192,0.7064881920814514,0.6269007325172424,0.6695121296915462
0.6555929183959961,0.6457393169403076,0.6973811388015747,0.6503825187683105,0.701153039932251,0.5895272493362427,0.6961116468379268
-0.09102839231491089,0.5539958477020264,-0.47531819343566895,0.7253981828689575,-0.2679263949394226,0.6908555626869202,0.414973347970818
0.05400359630584717,1.1700241565704346,-0.08046293258666992,1.2281063795089722,0.07143902778625488,1.2141680717468262,0.2787536009528289
-0.5690463781356812,0.7030372023582458,-0.4715270400047302,0.7317504286766052,-0.6216854453086853,0.673011064529419,-0.7925460651913082
-0.6182375550270081,0.6696807742118835,-0.4923013746738434,0.7355710864067078,-0.6202536225318909,0.6517594456672668,-0.7457130130653591
-0.5381292700767517,0.6559780240058899,-0.5955262780189514,0.6980838775634766,-0.6368349194526672,0.6645944714546204,-0.5471819983917817
-0.49994489550590515,0.6741594076156616,-0.4940561056137085,0.6058179140090942,-0.5039324760437012,0.6692051291465759,-0.41144259336372124
-1.26481294631958,0.6343895196914673,-1.293020486831665,0.8274201154708862,-1.2469489574432373,0.7137723565101624,-1.3045183235098026
-1.2242894172668457,0.8138623833656311,-1.1354713439941406,0.5639590620994568,-1.1738077402114868,0.6456235647201538,-1.158015195409886
-1.0010565519332886,0.7010819315910339,-1.0848909616470337,0.7480095028877258,-0.9883450865745544,0.5942496061325073,-0.9698052146432488
-0.9540444612503052,0.6439380645751953,-0.8426223397254944,0.8384384512901306,-0.888981819152832,0.7673603892326355,-0.7624562618571256
-0.46336042881011963,0.4643033742904663,-0.5810950994491577,0.5411531925201416,-0.5289487838745117,0.5171747207641602,-0.2847489711211507
-0.576546311378479,0.47421398758888245,-0.5304781794548035,0.4959292411804199,-0.5498331785202026,0.4679363965988159,-0.3617104645857431
-0.5052413940429688,0.5927505493164062,-0.6089462637901306,0.5531347393989563,-0.566597580909729,0.5131174921989441,-0.4381833356810425
-0.614824652671814,0.49397945404052734,-0.593031644821167,0.5120867490768433,-0.6090260744094849,0.49156180024147034,-0.5269511949114623
-0.6142417192459106,0.5211758017539978,-0.5869700312614441,0.5129358768463135,-0.5621509552001953,0.5003262162208557,-0.6080069277402871
-0.45127996802330017,0.643072247505188,-0.650763750076294,0.6310511827468872,-0.6297786235809326,0.5766541361808777,-0.6983190507064237
-0.4061480760574341,0.682313084602356,-0.5840123295783997,0.5608975291252136,-0.6016342043876648,0.6475309133529663,-0.7969671129852893
-0.5318622589111328,0.7076300382614136,-0.7433567047119141,0.6294745206832886,-0.8290708661079407,0.6418458223342896,-0.8764750190572681
-0.7618694305419922,0.7489569187164307,-0.7556660771369934,0.5793582797050476,-0.672676682472229,0.6048782467842102,-0.9913998282380825
-0.8059262037277222,0.7425699234008789,-0.9832506775856018,0.6773859262466431,-1.0362060070037842,0.6627839207649231,-1.056011124926228
-1.0299642086029053,0.7269545197486877,-1.0703024864196777,0.6388689279556274,-0.7953566312789917,0.6261284947395325,-1.0920514783877278
-0.49926990270614624,0.6829887628555298,-0.6271819472312927,0.5481284260749817,-0.8247873187065125,0.6157991886138916,-0.8781120148963188
-0.7943101525306702,0.5644740462303162,-0.8184904456138611,0.6442698836326599,-0.8351435661315918,0.6228403449058533,-0.585026652029182
-0.5539045333862305,0.6395384669303894,-0.4590511918067932,0.6771501898765564,-0.5417376756668091,0.5998806953430176,-0.4089353929735008
-0.37022873759269714,0.6077640652656555,-0.5308468341827393,0.6575251221656799,-0.4972466826438904,0.6581245064735413,-0.061480274823508096
-0.19151157140731812,0.7010876536369324,-0.2089131474494934,0.6544644236564636,-0.28840282559394836,0.7150968909263611,-0.021363051615525673
-0.27616506814956665,0.7128146290779114,-0.40028220415115356,0.699345052242279,-0.435324102640152,0.7105402946472168,0.0
0.29694539308547974,0.7259783744812012,0.3673272132873535,0.8095701336860657,0.27138346433639526,0.8124616742134094,0.004321373782642578
0.16859298944473267,0.6487422585487366,0.11807864904403687,0.8010302782058716,0.10267144441604614,0.7406945824623108,0.22788670461367355
0.03492707014083862,0.6346496343612671,0.0716133713722229,0.6557274460792542,0.10067647695541382,0.6891288161277771,0.07188200730612536
-0.13477200269699097,0.6534540057182312,-0.037754952907562256,0.7761174440383911,-0.034741222858428955,0.6204999089241028,0.0
-0.06401395797729492,0.6577667593955994,-0.07593053579330444,0.7292407751083374,0.015796899795532227,0.8049662113189697,-0.00877392430750515
-0.02831864356994629,0.6927761435508728,-0.07042533159255981,0.7237845659255981,0.0014933347702026367,0.7925872206687927,-0.022276394711152253
-0.08241546154022217,0.6540095210075378,-0.05189543962478638,0.6949862241744995,-0.009626269340515137,0.7695866227149963,-0.060480747381381476
-0.062461912631988525,0.6638785600662231,-0.01808410882949829,0.7759453058242798,-0.02230137586593628,0.7216565608978271,-0.09151498112135022
-0.6631906628608704,0.8702296018600464,-0.8162820339202881,0.8964816927909851,-0.6548670530319214,0.9322506189346313,-0.5482135644757098
-0.6162251830101013,0.756912112236023,-0.6160852313041687,0.8665515780448914,-0.5756634473800659,0.8658192157745361,-0.5058454059815571
-0.6135311126708984,0.7494148015975952,-0.6706050038337708,0.8883687853813171,-0.5982156991958618,0.6851136088371277,-0.5272435506827877
-0.597073495388031,0.7303009033203125,-0.5589323043823242,0.7554485201835632,-0.6131491661071777,0.7675321102142334,-0.6143937264016879
-0.5425513386726379,0.8427425026893616,-0.5878665447235107,0.7581560015678406,-0.6559866666793823,0.7809924483299255,-0.6307841425898572
-0.763003945350647,0.8353085517883301,-0.8078864216804504,0.8449722528457642,-0.7360975742340088,0.8847485184669495,-0.6420651529995461
-0.9470105171203613,0.6980718970298767,-0.7548345923423767,0.759798526763916,-0.8565239906311035,0.7096567153930664,-0.6556077263148893
-0.16965484619140625,0.9141290187835693,-0.13925069570541382,0.8268543481826782,-0.1531504988670349,0.9165858626365662,-0.5331323796458906
-1.2193210124969482,0.7817986607551575,-0.8628864288330078,0.7446492314338684,-1.0037603378295898,0.7996569275856018,-1.5686362358410126
0.4920642375946045,0.7251935601234436,0.644896924495697,0.7123790383338928,0.7103135585784912,0.7394038438796997,0.6142258599923229
0.5664798617362976,0.8031327724456787,0.5750020742416382,0.7409734129905701,0.564503014087677,0.843043327331543,0.5026753343752224
-0.16377562284469604,0.7748810052871704,-0.13917183876037598,0.839846134185791,0.03660881519317627,0.7175083756446838,0.3979400086720376
-0.036461710929870605,0.6547235250473022,-0.03942704200744629,0.6877995133399963,0.0799565315246582,0.7645013332366943,-0.05270649061101971
0.14058983325958252,0.5141862630844116,0.11420983076095581,0.6236629486083984,0.1711432933807373,0.7336035966873169,0.012234275460939763
0.3894728422164917,0.504849910736084,0.38496410846710205,0.5435066223144531,0.388912558555603,0.5785813927650452,0.0
-0.1676013469696045,0.684814989566803,0.32557809352874756,0.6300541162490845,0.35922473669052124,0.6958804726600647,0.07918124604762482
0.30276399850845337,0.5522001385688782,0.20674675703048706,0.6414620280265808,0.2685772776603699,0.7296959757804871,0.3979400086720376
0.25917893648147583,0.478597491979599,0.2798832654953003,0.6118744015693665,0.26479625701904297,0.5013747215270996,0.3010299956639812
0.28966230154037476,0.5471455454826355,0.24071896076202393,0.5856240391731262,0.2946370840072632,0.5076780915260315,0.45895420227774913
-0.1676013469696045,0.684814989566803,0.13043242692947388,0.6335680484771729,0.039616525173187256,0.5491023659706116,0.5563025007672873
0.4942420721054077,0.6268351674079895,0.4928519129753113,0.5264610052108765,0.5095022320747375,0.7248995900154114,0.47712125471966244
0.5996517539024353,0.5628150105476379,0.5367540717124939,0.6853259801864624,0.5362145900726318,0.5753846764564514,0.6232492903979004
0.12346470355987549,0.6576868295669556,0.05179762840270996,0.681445837020874,0.09580963850021362,0.6613685488700867,0.056481398322639535
-0.32209503650665283,0.7196997404098511,-0.2094554901123047,0.7388271689414978,0.040702998638153076,0.8056748509407043,-0.009759738585876107
0.12650388479232788,0.7432193756103516,-0.03264731168746948,0.7468606233596802,0.2999037504196167,0.8655109405517578,-0.056615308200927285
-0.23073899745941162,0.6283170580863953,-0.25898727774620056,0.5444530844688416,-0.28359198570251465,0.5135065317153931,-0.15039634191755286
-0.4358370900154114,0.5222229957580566,-0.3776450753211975,0.6040672063827515,-0.456110417842865,0.5097993016242981,-0.4171880677667206
-0.4188999831676483,0.5401456952095032,-0.5477923154830933,0.6088385581970215,-0.5984899401664734,0.6291021704673767,-0.19859834825520903
-0.5682204365730286,0.5772428512573242,-0.10980218648910522,0.6457540988922119,-0.25669533014297485,0.6359236240386963,-0.6540952452175399
-0.10940432548522949,0.665364682674408,-0.1668371558189392,0.528370201587677,0.08435708284378052,0.5725163817405701,-0.21463955186702402
-0.08790862560272217,0.48978930711746216,-0.0019530653953552246,0.5987621545791626,-0.09444493055343628,0.6173567175865173,-0.14232080958840296
-0.11787253618240356,0.543027400970459,-0.0019530653953552246,0.5987621545791626,-0.1396358609199524,0.5594698190689087,-0.11383088459996327
0.02113032341003418,0.5916869640350342,0.12899553775787354,0.6163806319236755,0.029918789863586426,0.6196125149726868,0.07332896001958884
0.3061586022377014,0.5959948897361755,0.3857817053794861,0.6179890632629395,0.21755081415176392,0.6236676573753357,0.20087319676866625
0.5112984776496887,0.5315817594528198,0.6216539740562439,0.6141785979270935,0.46663129329681396,0.5696190595626831,0.3443618130491732
-0.028886258602142334,0.7227762341499329,-0.10433024168014526,0.7362852692604065,-0.0745115876197815,0.64942866563797,-0.12816796601886354
-0.07098400592803955,0.83049076795578,-0.13871103525161743,0.8495216369628906,-0.11212891340255737,0.7248844504356384,-0.19081481538992665
-0.11698716878890991,0.7872151136398315,0.23634213209152222,0.7892253994941711,0.17894846200942993,0.8080154061317444,0.018284308426530838
-1.1871392726898193,0.7176409363746643,-0.9835516810417175,0.645770788192749,-0.9548620581626892,0.7114331126213074,-1.1018235165023234
-0.9460182785987854,0.6936727166175842,-0.5082380771636963,0.4930773973464966,-0.7081148028373718,0.5254265666007996,-1.0655015487564323
-0.6379134654998779,0.5678074359893799,-0.8606878519058228,0.6572853326797485,-0.6920604109764099,0.7037286758422852,-0.9408153823686288
-0.4540199041366577,0.574589729309082,-0.7374688982963562,0.6700700521469116,-0.4724617004394531,0.7323110699653625,-0.8833922560117515
-0.08872610330581665,0.48847776651382446,-0.03905302286148071,0.5940982103347778,0.026174843311309814,0.5744825601577759,-0.12436006299583162
-0.2855181097984314,0.5193427205085754,-0.2743118405342102,0.4781598746776581,-0.2648981511592865,0.5988853573799133,-0.15304467498017607
0.0988084077835083,0.5390110015869141,0.09983474016189575,0.4856047034263611,0.012883961200714111,0.5101974606513977,-0.16877030613293661
-0.15299081802368164,0.4767611622810364,-0.12306910753250122,0.49721044301986694,-0.12190771102905273,0.4890590310096741,-0.21253952548158495
0.010166645050048828,0.4837644398212433,-0.0016698837280273438,0.45381051301956177,-0.007580816745758057,0.4760107696056366,-0.22257317761068865
0.055273234844207764,0.5161133408546448,-0.10126912593841553,0.6183435916900635,-0.10818618535995483,0.5069787502288818,0.09691001300805642
0.06867247819900513,0.5576175451278687,0.12281346321105957,0.6390350461006165,0.07809054851531982,0.5871114730834961,0.07918124604762482
0.11875098943710327,0.6811636686325073,0.1397327184677124,0.6112977266311646,0.11974692344665527,0.6620920896530151,0.2671717284030138
0.09129470586776733,0.6222843527793884,-0.12294721603393555,0.6274904608726501,-0.07997900247573853,0.5892446041107178,-0.09691001300805639
-0.16465014219284058,0.45159488916397095,-0.10170549154281616,0.4340277910232544,-0.17598974704742432,0.49248525500297546,0.07918124604762482
0.10550177097320557,0.8690983653068542,0.3643282651901245,0.8033859133720398,0.36834049224853516,0.7638609409332275,0.4471580313422192
-0.085013747215271,0.5576492547988892,-0.06274604797363281,0.5846578478813171,-0.01857858896255493,0.5962923765182495,0.0
-0.09269046783447266,0.49599263072013855,-0.23002004623413086,0.5205705165863037,-0.18094176054000854,0.5292928814888,-0.2294462081232535
-0.021318137645721436,0.598158597946167,0.11557769775390625,0.7056838274002075,0.09590059518814087,0.6981536149978638,0.146128035678238
-0.1250673532485962,0.761807382106781,-0.09935158491134644,0.6883662939071655,-0.07046699523925781,0.7059690952301025,-0.1870866433571444
-0.16793936491012573,0.47701939940452576,-0.1884954571723938,0.5020760297775269,-0.3212752342224121,0.5948495864868164,0.0
-0.32726871967315674,0.4643833041191101,-0.28078851103782654,0.48541247844696045,-0.2711787819862366,0.46098780632019043,-0.2471835688117286
-0.15547651052474976,0.7696359157562256,-0.16344738006591797,0.6965764760971069,-0.15818673372268677,0.6151577234268188,-0.07058107428570727
-0.283270925283432,0.5563300251960754,-0.2882494628429413,0.5482578873634338,-0.30133840441703796,0.6076688170433044,-0.2924298239020636
-0.006748199462890625,0.7335696220397949,-0.18349039554595947,0.8373172283172607,0.04277241230010986,0.8399094939231873,0.38021124171160603
-0.002114593982696533,0.753044068813324,-0.07679861783981323,0.6459799408912659,-0.07625824213027954,0.718045711517334,0.09691001300805642
-0.2728523015975952,0.740517258644104,-0.2135942578315735,0.6323416233062744,-0.10619467496871948,0.6087185144424438,-0.2924298239020636
-0.10993689298629761,0.8836107850074768,-0.2746102213859558,0.8580005764961243,0.1466715931892395,0.8237932920455933,0.3010299956639812
-0.21550124883651733,0.47989410161972046,-0.3879794180393219,0.5180498957633972,-0.38823625445365906,0.5114707946777344,-0.3295611700367185
-0.04731029272079468,0.6297531127929688,-0.03706800937652588,0.6343172192573547,-0.13746517896652222,0.620167076587677,-0.3018994543766101
-0.30463311076164246,0.6507241725921631,-0.34910592436790466,0.6271530985832214,-0.29821789264678955,0.6772111058235168,-0.29929628285498067
-0.332195907831192,0.5725579261779785,-0.35135477781295776,0.5147512555122375,-0.2970495820045471,0.5085710883140564,-0.38721614328026455
-0.5823846459388733,0.5927733182907104,-0.463128000497818,0.6363067626953125,-0.5619058609008789,0.6924949884414673,-0.41341269532824504
-0.13983154296875,0.5062998533248901,-0.15716111660003662,0.4976123571395874,-0.17794650793075562,0.5263460278511047,-0.1549019599857432
-0.19643712043762207,0.5070253014564514,-0.12430214881896973,0.5459866523742676,-0.29807350039482117,0.5672735571861267,-0.1549019599857432
-0.13204669952392578,0.6850166320800781,-0.2960720658302307,0.6289525032043457,-0.23284941911697388,0.5712283849716187,-0.09691001300805639
-0.19643712043762207,0.5070253014564514,-0.13636410236358643,0.518286406993866,-0.17794650793075562,0.5263460278511047,-0.1549019599857432
-0.20194017887115479,0.5600758194923401,-0.3158876895904541,0.5513249039649963,-0.30492398142814636,0.5459991097450256,-0.3010299956639812
-0.2204245924949646,0.4904665946960449,-0.16039931774139404,0.428480863571167,-0.29807350039482117,0.5672735571861267,-0.09151498112135022
-0.2620246410369873,0.5827351808547974,-0.2179032564163208,0.5987409949302673,-0.43552225828170776,0.5206582546234131,-0.36653154442041347
-0.19643712043762207,0.5070253014564514,-0.12430214881896973,0.5459866523742676,-0.29807350039482117,0.5672735571861267,0.0
-0.16283154487609863,0.5310767889022827,-0.40356144309043884,0.623099684715271,-0.5183948874473572,0.5819301605224609,-0.549750891680639
-0.2204245924949646,0.4904665946960449,-0.13636410236358643,0.518286406993866,-0.29807350039482117,0.5672735571861267,0.07918124604762482
-0.2204245924949646,0.4904665946960449,-0.19327515363693237,0.4899522662162781,-0.29807350039482117,0.5672735571861267,0.11394335230683678
-0.1222267746925354,0.5193600058555603,0.04368811845779419,0.544123649597168,-0.1448209285736084,0.5611255764961243,0.0
0.19734114408493042,0.493303120136261,0.1937294602394104,0.5367507338523865,0.05893903970718384,0.5555448532104492,0.11394335230683678
0.3580162525177002,0.48268064856529236,0.40800440311431885,0.5598791837692261,0.470781147480011,0.5134614109992981,0.20411998265592482
0.58050936460495,0.5770344734191895,0.597417414188385,0.5882698893547058,0.5861527323722839,0.6225796341896057,0.3424226808222063
-0.4812830090522766,0.6484395265579224,-0.40993162989616394,0.550437331199646,-0.429146409034729,0.61994469165802,-0.5228787452803376
-0.46363866329193115,0.5124897956848145,-0.4432823956012726,0.5425378084182739,-0.4389263689517975,0.6122919917106628,-0.5376020021010439
-0.4136279225349426,0.5288734436035156,-0.4591847062110901,0.5991666913032532,-0.4475804269313812,0.505565345287323,-0.46852108295774486
-0.4136279225349426,0.5288734436035156,-0.40993162989616394,0.550437331199646,-0.429146409034729,0.61994469165802,-0.431798275933005
-0.40572595596313477,0.5108062624931335,-0.3928180932998657,0.5385687947273254,-0.42547303438186646,0.6204058527946472,-0.38721614328026455
-0.39320534467697144,0.6487833857536316,-0.46446582674980164,0.5536164045333862,-0.34185826778411865,0.6067559123039246,-0.4188471080337112
-0.9557844996452332,0.5016672015190125,-0.9850708246231079,0.6646990776062012,-0.9613175392150879,0.5309115052223206,-1.154901959985743
-1.0734196901321411,0.5031726360321045,-1.259596586227417,0.6714763641357422,-1.0116710662841797,0.5090044140815735,-1.0969100130080565
-0.9863717555999756,0.41495469212532043,-1.0274574756622314,0.44436538219451904,-0.9737566709518433,0.44059932231903076,-1.0457574905606752
-0.9569347500801086,0.4183628559112549,-1.123119831085205,0.4730847477912903,-0.9490653872489929,0.43096306920051575,-1.0457574905606752
-1.1072263717651367,0.4689182937145233,-1.123119831085205,0.4730847477912903,-0.9490653872489929,0.43096306920051575,-0.8860566476931632
-0.9929312467575073,0.44229868054389954,-1.061689853668213,0.5270146727561951,-0.9490653872489929,0.43096306920051575,-0.8239087409443188
-1.1072263717651367,0.4689182937145233,-1.061689853668213,0.5270146727561951,-1.0347621440887451,0.48124462366104126,-0.7825160557860937
-1.001695990562439,0.49337610602378845,-1.061689853668213,0.5270146727561951,-0.9737566709518433,0.44059932231903076,-0.744727494896694
-0.8938920497894287,0.5597113966941833,-1.2459360361099243,0.7309881448745728,-1.229663610458374,0.6704208254814148,-1.5228787452803376
-1.347275733947754,0.5547776818275452,-1.2912116050720215,0.6221426725387573,-0.8869170546531677,0.6476905941963196,-1.3979400086720375
-1.0629369020462036,0.5404174327850342,-0.9082028269767761,0.5738475322723389,-1.0470526218414307,0.4488908350467682,-1.1674910872937636
-0.8848848938941956,0.5339365005493164,-1.041506052017212,0.41759026050567627,-0.9946907162666321,0.5984519720077515,-1.1739251972991736
-0.8848848938941956,0.5339365005493164,-0.9082028269767761,0.5738475322723389,-0.9179055690765381,0.4962460398674011,-0.958607314841775
-1.0629369020462036,0.5404174327850342,-1.0115464925765991,0.5142433047294617,-1.2017645835876465,0.6104498505592346,-0.9208187539523752
-1.034444808959961,0.5712209939956665,-1.024036169052124,0.5077736973762512,-0.9946907162666321,0.5984519720077515,-0.8538719643217619
-1.034444808959961,0.5712209939956665,-1.041506052017212,0.41759026050567627,-1.2017645835876465,0.6104498505592346,-0.7958800173440752
-0.27555930614471436,0.622224748134613,-0.22399860620498657,0.6637168526649475,-0.37788861989974976,0.6500014066696167,-0.2676062401770315
-0.02185523509979248,0.6657297015190125,0.10834473371505737,0.6272996068000793,-0.03239870071411133,0.7008386850357056,0.13033376849500614
-0.34690698981285095,0.5785974860191345,-0.40763744711875916,0.5546712279319763,-0.37731683254241943,0.5316224694252014,-0.5917600346881504
-0.6621575355529785,0.5844420790672302,-0.7169100046157837,0.549081027507782,-0.7085719704627991,0.6452326774597168,-0.8356471442155629
-0.5920003652572632,0.36209219694137573,-0.6301510334014893,0.3666035234928131,-0.7060076594352722,0.3980392813682556,-0.6903698325741012
-0.5976905822753906,0.3800412118434906,-0.646158754825592,0.34630054235458374,-0.663631796836853,0.3435796797275543,-0.7099653886374819
-1.0191103219985962,0.3531222641468048,-1.0203680992126465,0.3754042387008667,-1.0297096967697144,0.39556780457496643,-0.9244530386074693
-0.615780770778656,0.42639756202697754,-0.7427589893341064,0.4382154941558838,-0.7789740562438965,0.4503697156906128,-0.8068754016455384
-0.8568412065505981,0.42327162623405457,-0.8147299885749817,0.43969225883483887,-0.8238433003425598,0.4445725381374359,-0.8446639625349383
-0.9954255819320679,0.38809412717819214,-0.9847695827484131,0.36357519030570984,-1.0405157804489136,0.41071611642837524,-0.9871627752948278
-1.0543723106384277,0.35912561416625977,-0.9614293575286865,0.40121814608573914,-1.0816066265106201,0.46108660101890564,-1.0757207139381184
-1.1588554382324219,0.4970560669898987,-1.2062828540802002,0.45970338582992554,-1.1893327236175537,0.47031259536743164,-1.3767507096020994
-0.5335902571678162,0.46190184354782104,-0.5177751779556274,0.5177633762359619,-0.5365955829620361,0.5830109119415283,-0.6216020990518624
-0.8658626675605774,0.3723479211330414,-0.8212305307388306,0.35561221837997437,-0.8494335412979126,0.36868393421173096,-0.7235381958267558
-0.9679774045944214,0.5752695798873901,-0.8859097957611084,0.5350289940834045,-0.9553111791610718,0.49617910385131836,-0.8728952016351923
-1.181164264678955,0.3622662127017975,-1.211380124092102,0.36141031980514526,-1.178382396697998,0.383908212184906,-1.0
-0.8617017269134521,0.3964783847332001,-0.874177098274231,0.36354002356529236,-0.8493857979774475,0.38010624051094055,-0.7351821769904635
-0.9098775386810303,0.4192287027835846,-0.8658400774002075,0.40174388885498047,-0.8203315734863281,0.3974149823188782,-0.9030899869919435
-0.9372318983078003,0.4876391589641571,-1.0541144609451294,0.4455231726169586,-1.0173563957214355,0.42546752095222473,-0.9136401693252518
-1.1732186079025269,0.3526732325553894,-1.1340397596359253,0.3457871973514557,-1.1876211166381836,0.3462320566177368,-1.0969100130080565
-1.1776186227798462,0.38464242219924927,-1.187469482421875,0.41570112109184265,-1.2306666374206543,0.44843146204948425,-1.2518119729937995
-1.3905268907546997,0.44134286046028137,-1.3808534145355225,0.44911453127861023,-1.3645985126495361,0.46121370792388916,-1.3979400086720375
-0.7959586977958679,0.5509255528450012,-0.823867678642273,0.6092710494995117,-0.7266204953193665,0.5563971996307373,-0.6695862266508091
-1.1164212226867676,0.39475852251052856,-1.0605862140655518,0.40361520648002625,-1.0608116388320923,0.44048580527305603,-0.9469215565165803
-1.0053424835205078,0.39067956805229187,-1.050843358039856,0.4127444922924042,-1.0924609899520874,0.4789854884147644,-0.958607314841775
-1.1771985292434692,0.6061953902244568,-1.1080764532089233,0.5756775736808777,-1.1837728023529053,0.5597168207168579,-0.889410289700751
-1.3981914520263672,0.3670487403869629,-1.41414475440979,0.3955938518047333,-1.4410161972045898,0.40708038210868835,-1.0362121726544447
-1.0932962894439697,0.4480505585670471,-1.0864466428756714,0.4553457498550415,-1.1959667205810547,0.5115731954574585,-1.0969100130080565
-1.205238699913025,0.4723452925682068,-1.271949291229248,0.4997888505458832,-1.3131341934204102,0.5290501713752747,-1.1739251972991736
-1.3974649906158447,0.37941333651542664,-1.3505793809890747,0.38561680912971497,-1.3990681171417236,0.40720438957214355,-1.2218487496163564
-1.457842230796814,0.4511990249156952,-1.4587488174438477,0.43304508924484253,-1.3324763774871826,0.43346360325813293,-1.5086383061657274
-1.5594195127487183,0.4961320757865906,-1.5544935464859009,0.5073007345199585,-1.539993405342102,0.4977540075778961,-1.5686362358410126
-0.48700425028800964,0.6116788387298584,-0.5987280607223511,0.5681604743003845,-0.5966238975524902,0.6747575402259827,-0.6307841425898572
-0.49314752221107483,0.5993053913116455,-0.5368179082870483,0.6391781568527222,-0.6000235676765442,0.5816724896430969,-0.7746907182741372
-0.7826887965202332,0.5638737082481384,-0.7067212462425232,0.6032182574272156,-0.7362408638000488,0.6258612871170044,-0.9393021596463883
-0.7610349059104919,0.5999169945716858,-0.7319209575653076,0.6272635459899902,-0.8929061889648438,0.6704201698303223,-1.0915149811213503
-0.8116112947463989,0.5996655821800232,-0.7874376773834229,0.6264683604240417,-0.8369302749633789,0.6172196269035339,-0.8124792791635369
-0.6781692504882812,0.5907397866249084,-0.7264824509620667,0.6195980906486511,-0.85878586769104,0.6139826774597168,-0.728158393463501
-0.6033939719200134,0.6063010692596436,-0.6597187519073486,0.645535945892334,-0.701074481010437,0.6078087687492371,-0.6536470255493614
-0.6019059419631958,0.6151078343391418,-0.6344617605209351,0.6790511012077332,-0.6479867696762085,0.6679965853691101,-0.5702477199975919
-0.697817325592041,0.8677302002906799,-0.5868291854858398,0.8202217221260071,-0.5355440974235535,0.9251573085784912,-0.5867002359187481
-0.7999375462532043,0.7341569066047668,-0.7279531955718994,0.8381623029708862,-0.8063317537307739,0.8871749043464661,-1.2612194415156308
-0.7215064764022827,0.7932459115982056,-0.7100034356117249,0.889156699180603,-0.7936564683914185,0.8308005928993225,-0.632644078973981
-0.799477219581604,0.8561236262321472,-0.7170456647872925,0.8991670608520508,-0.7638026475906372,0.802232027053833,-0.7695510786217261
-0.8268654346466064,0.7579538822174072,-0.784229576587677,0.9470742344856262,-0.8498954176902771,0.8187968730926514,-0.8013429130455774
-0.882146954536438,0.9417128562927246,-0.9107235670089722,0.9005500078201294,-0.7457466125488281,1.0043227672576904,-0.8996294548824371
-0.8001400232315063,0.4548722803592682,-0.8420954346656799,0.44551825523376465,-0.8433115482330322,0.4250620901584625,-0.954665283683257
-0.4770464301109314,0.4273638129234314,-0.512752115726471,0.4705978035926819,-0.5709856152534485,0.42637211084365845,0.19242889185267814
-0.4441869854927063,0.40691938996315,-0.48448875546455383,0.4244733452796936,-0.4327322542667389,0.3873896598815918,-0.7004055460750772
-0.5462900996208191,0.3790590465068817,-0.49806636571884155,0.41091057658195496,-0.5854319930076599,0.38876885175704956,-0.007774425390468595
-0.4571084678173065,0.421303391456604,-0.45639944076538086,0.4422434866428375,-0.4179092347621918,0.3978287875652313,-0.8730929478673854
-0.6549206376075745,0.4085789620876312,-0.7807652950286865,0.4214814007282257,-0.6829816699028015,0.43794623017311096,-1.1897674820049158
-0.8075181841850281,0.3974827826023102,-0.8074979782104492,0.4033873975276947,-0.7764745950698853,0.3950636386871338,-0.9747064262624288
-0.8703537583351135,0.3938922882080078,-0.801461398601532,0.4051685631275177,-0.8608137965202332,0.39209243655204773,-0.9889246043110689
-0.7802630066871643,0.433116614818573,-0.7857763767242432,0.423127681016922,-0.9235526323318481,0.38730835914611816,-1.0
-0.9920593500137329,0.40798884630203247,-1.2142565250396729,0.4908851087093353,-1.0224708318710327,0.4328823685646057,-1.4078232426041333
-0.5994423627853394,0.4004114270210266,-0.5288308262825012,0.4460265040397644,-0.5690042972564697,0.4063476324081421,-0.24241116296647103
-0.49846136569976807,0.3799368739128113,-0.5247613191604614,0.408083438873291,-0.46390873193740845,0.3960326910018921,-0.36806133618362513
-0.5906095504760742,0.37107494473457336,-0.5192235112190247,0.38280823826789856,-0.47037768363952637,0.3919292092323303,-0.5367462373585933
-0.8098190426826477,0.4257582426071167,-0.8123906850814819,0.39050620794296265,-0.8232519030570984,0.38226479291915894,-0.7299037185796695
-0.46394795179367065,0.3377024829387665,-0.527488112449646,0.42121267318725586,-0.45075923204421997,0.37246760725975037,-0.5564835524411349
-0.7921509146690369,0.3924243748188019,-0.9228886365890503,0.483371376991272,-0.7408290505409241,0.39179372787475586,-1.0428718023231869
-0.9054343104362488,0.3562075197696686,-0.8219541907310486,0.3755185306072235,-0.8093190789222717,0.36396124958992004,-0.7853362626166637
-0.7769695520401001,0.3875083923339844,-0.8361200094223022,0.38158199191093445,-0.8490091562271118,0.3345125913619995,-0.8460845738400542
-0.7848503589630127,0.3888026773929596,-0.8446182012557983,0.40102285146713257,-0.8820911645889282,0.3646017611026764,-0.8224635000701379
-1.115268588066101,0.40332701802253723,-1.2217844724655151,0.49949750304222107,-1.027273178100586,0.40009352564811707,-1.274905478918531
-0.44863733649253845,0.396855890750885,-0.5011317729949951,0.44726377725601196,-0.38328903913497925,0.395609974861145,-0.6522992847276528
-0.4573175609111786,0.37949320673942566,-0.4926954507827759,0.38559868931770325,-0.41990405321121216,0.4002770781517029,-0.5604446886106418
-0.41496315598487854,0.3282918632030487,-0.45831653475761414,0.40499529242515564,-0.48728352785110474,0.34848806262016296,-0.4611122199853002
-0.4972519874572754,0.36397966742515564,-0.3994385898113251,0.4016490578651428,-0.43257051706314087,0.4013044834136963,-0.5485129164691497
-0.6292722225189209,0.4124996066093445,-0.7941741943359375,0.45170313119888306,-0.6971911787986755,0.38968807458877563,-1.0710923097560472
-0.8176464438438416,0.3975226581096649,-0.8305703997612,0.4243772029876709,-0.8433243632316589,0.3900219202041626,-0.27318968816095895
-0.752511739730835,0.3804782032966614,-0.770767092704773,0.36617612838745117,-0.8824564814567566,0.36187800765037537,-0.5829071302537867
-0.7859984636306763,0.36004528403282166,-0.7248952388763428,0.38264426589012146,-0.7908896207809448,0.35170647501945496,-0.7366859256781294
-0.8124741315841675,0.3704458773136139,-0.7499399185180664,0.39682623744010925,-0.8316161036491394,0.3332529067993164,-0.7385729632304492
-1.1198499202728271,0.4070787727832794,-1.1832808256149292,0.43898773193359375,-0.9525974988937378,0.3793833255767822,-1.1706962271689751
-0.3388572633266449,0.39305901527404785,-0.3021949827671051,0.40591341257095337,-0.3748255968093872,0.381395161151886,-1.0649514542830874
-0.32484671473503113,0.38031479716300964,-0.42780548334121704,0.4752810001373291,-0.4747426211833954,0.40648239850997925,-0.39758294828163654
-0.3749844431877136,0.405144602060318,-0.3849678039550781,0.4318271279335022,-0.38805821537971497,0.37362924218177795,-0.43884492941755243
-0.4325386583805084,0.3888809382915497,-0.37136873602867126,0.434773713350296,-0.34909623861312866,0.42663803696632385,-0.5135015129792433
-0.6811544299125671,0.44075119495391846,-0.7572048902511597,0.4574609398841858,-0.8130172491073608,0.42133450508117676,-0.2487416872076058
-0.716347336769104,0.39022788405418396,-0.6364603638648987,0.4008427560329437,-0.7435888648033142,0.4460487961769104,-0.8386319977650252
-0.734793484210968,0.37769970297813416,-0.6783962249755859,0.3922260105609894,-0.7561615705490112,0.36109018325805664,-0.5755855627799054
-0.7380943894386292,0.37026283144950867,-0.6970513463020325,0.39246615767478943,-0.8076463937759399,0.3781263828277588,-0.7058094288663243
-0.6612688899040222,0.39939209818840027,-0.7207962870597839,0.402020663022995,-0.6516478061676025,0.40208637714385986,-0.7067612313300833
-0.8660500049591064,0.42121854424476624,-1.1064214706420898,0.4623931348323822,-0.9250189065933228,0.41339051723480225,-1.0741724253752576
-1.4162547588348389,1.0175954103469849,-1.3979160785675049,0.9214720726013184,-1.419203281402588,0.935588002204895,-1.154901959985743
-1.082761287689209,0.9389364719390869,-1.1296920776367188,0.9370949268341064,-1.1676292419433594,1.0386933088302612,-1.3979400086720375
-1.1004343032836914,0.8075088262557983,-0.7931140661239624,0.9964834451675415,-0.8602674007415771,0.9816918969154358,-0.7887806452865336
-0.18234777450561523,0.5266581773757935,-0.4677787125110626,0.527258574962616,-0.585214376449585,0.5694475769996643,-0.9913998282380825
-0.9537872672080994,0.5549055933952332,-0.7282389998435974,0.5407185554504395,-0.8567049503326416,0.6106639504432678,-1.6382721639824072
-0.510077178478241,0.9775035977363586,-0.47935259342193604,0.9999334216117859,-0.5035746097564697,0.9989259839057922,-0.8227521637443765
-0.7264848351478577,0.9378203749656677,-0.8045574426651001,0.914853572845459,-0.9889014959335327,0.9917780160903931,-0.5678327305574118
-0.7244428992271423,0.8934450745582581,-0.7561861276626587,0.9898720383644104,-0.9508679509162903,0.9691425561904907,-0.7700623140920662
-0.8275084495544434,0.8741650581359863,-0.8324807286262512,0.9541665315628052,-1.1210429668426514,0.9249444603919983,-0.5868679495651279
-0.29128187894821167,0.5179794430732727,-0.2715199291706085,0.4614594280719757,-0.2851029634475708,0.5128419399261475,-0.48030585777695184
-0.1637880802154541,0.5175942778587341,-0.23300111293792725,0.4766833186149597,-0.1548398733139038,0.43564364314079285,-0.4782331678974931
-0.002959907054901123,0.4626210927963257,-0.10410887002944946,0.553855836391449,0.010641992092132568,0.5340852737426758,-0.4782331678974931
-0.4183095693588257,0.469102144241333,-0.3825801908969879,0.5402644872665405,-0.36426883935928345,0.5177668333053589,-0.5673433213297185
-0.25857654213905334,0.4616904854774475,-0.2822379171848297,0.44723665714263916,-0.3355167508125305,0.495441198348999,-0.5673433213297185
-0.1304258108139038,0.4603549540042877,-0.1715552806854248,0.4825547933578491,-0.10844331979751587,0.5303328633308411,-0.31188553738779184
-0.5265650749206543,0.5200113654136658,-0.48842012882232666,0.5142091512680054,-0.4547470510005951,0.5115761756896973,-0.5439423342934175
-0.4896334111690521,0.495510071516037,-0.3729097247123718,0.48354268074035645,-0.3678518235683441,0.5037502646446228,-0.3637860061528278
-0.2321372628211975,0.5000708103179932,-0.29214733839035034,0.5425012111663818,-0.22044676542282104,0.5237249732017517,-0.17810147614512115
-0.565117359161377,0.5763893723487854,-0.6300914287567139,0.579721212387085,-0.680037796497345,0.6154025793075562,-0.5220283612002359
-0.4039877951145172,0.5219376087188721,-0.6087163090705872,0.5441881418228149,-0.6187337040901184,0.4844592213630676,-0.3226851081391375
-0.45739468932151794,0.5751294493675232,-0.38133156299591064,0.47775524854660034,-0.43445831537246704,0.5462688207626343,-0.2105934635647474
-0.3355737030506134,0.6440558433532715,-0.3992939591407776,0.6498969793319702,-0.3652510344982147,0.6945401430130005,-0.5364862514572177
-0.3077612817287445,0.6448584794998169,-0.37164899706840515,0.6593455672264099,-0.3107844293117523,0.6668519973754883,-0.36317623205264593
-0.1460566520690918,0.6423652768135071,-0.1935604214668274,0.6791253685951233,-0.16329818964004517,0.6806564331054688,-0.23669107934973807
-0.8599787950515747,0.6380643844604492,-0.7959169149398804,0.6449546217918396,-0.9061871767044067,0.6228908896446228,-0.5668016031061403
-0.786525309085846,0.612435519695282,-0.7339476943016052,0.6520587801933289,-0.8026010394096375,0.6013837456703186,-0.37724732999000976
-0.5222226977348328,0.6057091355323792,-0.5041475892066956,0.6252219080924988,-0.5346682071685791,0.6484792232513428,-0.2358485356388072
-0.48629045486450195,0.8720812201499939,-0.178716242313385,0.8952180743217468,-0.4268290102481842,0.9168878793716431,-0.15946547079652254
-1.6779325008392334,0.8348516225814819,-1.7905502319335938,0.9460309743881226,-1.6914539337158203,0.8328646421432495,-0.4962093169428189
-0.9892748594284058,0.8304174542427063,-0.9838629961013794,0.8565531373023987,-1.1091382503509521,0.7415286302566528,-1.496209316942819
-0.4530085027217865,0.6347446441650391,-0.21492230892181396,0.6964182257652283,-0.7020521759986877,0.7268297076225281,-0.20388865217693533
-0.06912481784820557,0.7863988280296326,-0.2541392743587494,0.6377590894699097,-0.23294925689697266,0.6995233297348022,-0.006607862550997468
-0.41015204787254333,0.730633020401001,-0.38405969738960266,0.7637373805046082,-0.523353099822998,0.6685054302215576,-0.3601152580836957
0.13876044750213623,0.7119777202606201,0.3497021794319153,0.8068844676017761,0.2569112777709961,0.7614058256149292,0.0589950935254163
0.6171524524688721,0.6882551908493042,0.7544050216674805,0.7758219242095947,0.6571701169013977,0.7856056690216064,-0.09691001300805639
-1.53233003616333,0.6405232548713684,-1.556105375289917,0.7345036268234253,-1.6107690334320068,0.6855539083480835,-1.1804560644581312
-1.3874971866607666,0.6421602368354797,-1.2812045812606812,0.729222297668457,-1.362642765045166,0.7874447107315063,-1.2218487496163564
-1.085566759109497,0.67978435754776,-1.1481462717056274,0.7276782393455505,-1.3596566915512085,0.6744411587715149,-1.2596373105057561
-1.6842195987701416,0.7818731069564819,-1.7716879844665527,0.7462319135665894,-1.8172194957733154,0.7009290456771851,-1.494850021680094
-1.668783187866211,0.7673214673995972,-1.6912438869476318,0.7127601504325867,-1.5670183897018433,0.7483112215995789,-1.585026652029182
-1.5484817028045654,0.7245573997497559,-1.3753526210784912,0.6987265944480896,-1.4275994300842285,0.7026730179786682,-1.6989700043360187
-1.8543777465820312,0.8184069991111755,-1.8854131698608398,0.7949536442756653,-2.0881147384643555,0.8243427872657776,-1.6777807052660807
-1.8803515434265137,0.7834604978561401,-1.4798861742019653,0.7043275833129883,-1.9226291179656982,0.8025686740875244,-1.6989700043360187
-1.6392135620117188,0.7686764001846313,-1.390415906906128,0.7132641673088074,-1.5775611400604248,0.729651153087616,-1.744727494896694
-1.7056533098220825,0.69260573387146,-1.689692497253418,0.7643288373947144,-1.7589468955993652,0.7205436825752258,-2.0457574905606752
-1.6387956142425537,0.6831216812133789,-1.7207999229431152,0.6963521838188171,-1.5379650592803955,0.6940912008285522,-1.853871964321762
-1.5604393482208252,0.7219913005828857,-1.6275293827056885,0.6865499019622803,-1.5175917148590088,0.7286950349807739,-1.8239087409443189
-0.723035454750061,0.8777912259101868,-0.6231738924980164,0.8573873043060303,-0.5475555062294006,0.904076337814331,-0.09691001300805639
-0.7869315147399902,0.9620957970619202,-0.7945147752761841,1.170190453529358,-0.7214174866676331,1.2476130723953247,-0.4145392704914993
-0.6449447870254517,1.0113626718521118,-0.6331819891929626,1.2011147737503052,-0.7270405888557434,1.2474788427352905,-0.9030899869919435
-0.6855565309524536,1.1891155242919922,-0.6637654304504395,1.243975043296814,-0.6575586795806885,1.1668606996536255,-0.8601209135987634
-0.6983515620231628,1.1890357732772827,-0.7474119663238525,1.1206202507019043,-0.7563139796257019,0.9433379769325256,-0.645891560852599
-3.444700002670288,0.6592564582824707,-3.6139698028564453,0.5856887102127075,-3.617474317550659,0.5420200228691101,-4.0
-3.66439151763916,0.5789752006530762,-3.6611359119415283,0.559890866279602,-3.760108232498169,0.6437677145004272,-3.3979400086720375
-3.673356056213379,0.5392169952392578,-3.688783645629883,0.5506356954574585,-3.6386241912841797,0.6053475141525269,-3.552841968657781
-3.4948551654815674,0.6577942371368408,-3.7026619911193848,0.5580183863639832,-3.797813653945923,0.6418684124946594,-3.6989700043360187
-3.5845887660980225,0.6561156511306763,-3.7448742389678955,0.5835277438163757,-3.8655567169189453,0.6391848921775818,-3.853871964321762
-3.783472776412964,0.6561755537986755,-3.956240177154541,0.6293224692344666,-4.017327785491943,0.6359735727310181,-4.0
-3.606977701187134,0.643922746181488,-3.755300760269165,0.5718902349472046,-3.7008399963378906,0.609794557094574,-4.0
-3.606977701187134,0.643922746181488,-3.770113706588745,0.5508494973182678,-3.7008399963378906,0.609794557094574,-4.0
-3.4519543647766113,0.6576923131942749,-3.6036062240600586,0.6527759432792664,-3.5413272380828857,0.5837026238441467,-3.8239087409443187
-3.6408066749572754,0.5375417470932007,-3.6036062240600586,0.6527759432792664,-3.661883592605591,0.565994143486023,-3.744727494896694
-4.247134685516357,0.6875146627426147,-4.295135974884033,0.6347871422767639,-4.418884754180908,0.6060523390769958,-4.0
-0.09981447458267212,0.8333989977836609,-0.20818376541137695,0.8928707242012024,-0.11899161338806152,0.801717221736908,0.10455539124051359
-0.08708429336547852,0.7883840203285217,-0.25801265239715576,0.8899055123329163,-0.10092395544052124,0.760506808757782,-0.11407366019856895
-0.20383673906326294,0.8433034420013428,-0.34181225299835205,0.8844488859176636,-0.22632014751434326,0.8201460838317871,-0.26672246606741823
-0.3806430697441101,0.8372356295585632,-0.35185858607292175,0.895910918712616,-0.30477383732795715,0.8732102513313293,-0.5454600150351813
-0.19349956512451172,0.8300703167915344,-0.19556087255477905,0.8486078381538391,-0.19880616664886475,0.8244705200195312,-0.19756837356927645
-0.044031500816345215,0.8691688179969788,0.025661706924438477,0.8900769352912903,-0.1077471375465393,0.8247745633125305,0.046846203945821285
0.04505157470703125,0.8940247893333435,0.06302273273468018,0.9534941911697388,0.006936311721801758,0.8495860695838928,0.24022465412227756
-0.33035069704055786,0.9056861996650696,-0.2727889120578766,0.8641033172607422,-0.2752816081047058,0.9222112894058228,-0.22184874961635637
-0.1434708833694458,0.8718031048774719,-0.13019531965255737,0.8752387762069702,-0.15527665615081787,0.8933424353599548,-0.045757490560675115
0.10021764039993286,0.9166181087493896,0.10911166667938232,1.0021122694015503,0.1178482174873352,0.9582277536392212,0.18184358794477254
0.36379218101501465,0.9373654127120972,0.44719964265823364,1.0314726829528809,0.37297773361206055,0.8939415812492371,0.4065401804339551
-1.3370050191879272,0.8355060815811157,-1.3480768203735352,0.8804833889007568,-1.3093348741531372,0.8507990837097168,-2.0
-1.332578182220459,0.9109185934066772,-1.238721251487732,0.8938305377960205,-1.351730227470398,0.9316214323043823,-1.3010299956639813
-1.1437877416610718,0.9193435907363892,-1.3421168327331543,0.9801118969917297,-1.1668035984039307,0.9464952349662781,-0.9208187539523752
-0.8953299522399902,0.8944450616836548,-1.085085153579712,0.9880607724189758,-0.9392179250717163,0.9357975125312805,-0.6989700043360187
-1.6548361778259277,0.5717369914054871,-1.6622271537780762,0.6252396106719971,-1.6212947368621826,0.6048924922943115,-1.3665315444204136
-1.2066352367401123,0.7634422779083252,-1.2018206119537354,0.8207967877388,-1.2643789052963257,0.8201251029968262,-1.2365720064370627
-1.4259955883026123,0.7113925814628601,-1.5155344009399414,0.7027693390846252,-1.464816689491272,0.685812771320343,-1.2596373105057561
-1.0467922687530518,0.8366655111312866,-0.955495297908783,0.815973699092865,-0.972476601600647,0.7360236048698425,-1.0969100130080565
-1.3864529132843018,0.5417646765708923,-1.319432020187378,0.6000260710716248,-1.3106786012649536,0.6595120429992676,-1.275724130399211
-1.2302370071411133,0.5787988901138306,-1.189040184020996,0.6275472044944763,-1.2535321712493896,0.5660906434059143,-1.2441251443275085
-0.8689946532249451,0.7983012199401855,-0.8095782995223999,0.8507931232452393,-0.9170019626617432,0.7289540767669678,-0.958607314841775
-1.0898056030273438,0.5712389945983887,-1.169680118560791,0.6470615863800049,-1.1048296689987183,0.5480953454971313,-1.0705810742857071
-1.1585910320281982,0.6740917563438416,-1.2358200550079346,0.5712894201278687,-1.3579574823379517,0.5685129761695862,-1.1249387366083
-0.6491129994392395,0.7839045524597168,-0.6141112446784973,0.8633348941802979,-0.6914528012275696,0.7949519753456116,-0.8239087409443188
-0.9417473077774048,0.49743086099624634,-0.910460889339447,0.6571074724197388,-0.9827220439910889,0.5500901937484741,-0.9393021596463883
-0.9907419681549072,0.6887942552566528,-0.9470034837722778,0.6405154466629028,-0.9662541151046753,0.6197671294212341,-1.0222763947111522
-0.0803370475769043,0.731335461139679,-0.07852661609649658,0.7487629652023315,-0.11075025796890259,0.713714599609375,-0.045757490560675115
-0.057193100452423096,0.7138349413871765,-0.08345603942871094,0.662893533706665,-0.059169113636016846,0.7401211261749268,-0.1549019599857432
-0.128201425075531,0.7207940816879272,-0.12789541482925415,0.7076116800308228,-0.09580546617507935,0.6465635299682617,-0.1549019599857432
-0.17889559268951416,0.5736727714538574,-0.19962048530578613,0.701694130897522,-0.20169854164123535,0.7028261423110962,-0.1549019599857432
-0.03790318965911865,0.8580915927886963,-0.26907768845558167,0.90349942445755,-0.3855462670326233,0.6976310610771179,-0.1549019599857432
-0.2063525915145874,0.653222918510437,-0.2532672882080078,0.8099014759063721,-0.24607115983963013,0.7370315790176392,-0.1549019599857432
-0.16163933277130127,0.71992427110672,-0.13379985094070435,0.7427100539207458,-0.1630009412765503,0.6768339276313782,-0.045757490560675115
0.025134563446044922,0.8771482110023499,-0.03146326541900635,0.9377089738845825,0.012361407279968262,0.7538003325462341,-0.09691001300805639
-0.5974370241165161,0.48149117827415466,-0.6239832043647766,0.5657321810722351,-0.5092260837554932,0.576328694820404,-0.36051351073141397
0.3073298931121826,0.5867752432823181,0.5185831785202026,0.6914600133895874,0.529968798160553,0.6342049837112427,0.32159843046534387
-0.8423444628715515,0.7417367100715637,-1.0070809125900269,0.6908945441246033,-0.8969769477844238,0.6312173008918762,-1.2218487496163564
-0.19199705123901367,0.7115887999534607,-0.22865921258926392,0.7036669254302979,-0.19719868898391724,0.7679588794708252,0.012837224705172217
-1.0958948135375977,0.6262131333351135,-1.0152171850204468,0.6274355053901672,-0.8127326965332031,0.6341727375984192,-1.2218487496163564
-0.24492931365966797,0.7088193893432617,-0.25727224349975586,0.7221375107765198,-0.01286017894744873,0.732531726360321,0.0
-0.9399768114089966,0.6891148090362549,-1.0372810363769531,0.7417757511138916,-0.9769026637077332,0.6816846132278442,-1.1079053973095196
-0.2084256410598755,0.893837034702301,-0.0325932502746582,0.8873580098152161,-0.09101653099060059,0.80451899766922,-0.08039897621588903
-1.0052915811538696,0.7359447479248047,-1.0412814617156982,0.6400259137153625,-1.0805621147155762,0.7332381010055542,-0.906578314837765
0.055973589420318604,0.7688724994659424,0.07364422082901001,0.8655390739440918,-0.09956997632980347,0.7596559524536133,-0.1180450286603995
-1.3744583129882812,0.5407267808914185,-1.1869325637817383,0.5808435082435608,-1.3095910549163818,0.5385399460792542,-1.1023729087095586
-1.070862054824829,0.5305588245391846,-0.9714166522026062,0.524578332901001,-0.9593225717544556,0.5191808342933655,-2.3010299956639813
-0.7609077095985413,0.4966580867767334,-0.9378238320350647,0.5183881521224976,-0.7166447639465332,0.4336594045162201,-2.0
-0.732468843460083,0.5130558013916016,-0.5926200747489929,0.5871707797050476,-0.5768954157829285,0.5418218970298767,-1.0969100130080565
-1.2524908781051636,0.5281642079353333,-1.3463190793991089,0.42849257588386536,-1.3541374206542969,0.5371081829071045,-0.4559319556497244
-0.9752901792526245,0.49111318588256836,-1.0205543041229248,0.5225959420204163,-1.1366791725158691,0.5014458894729614,-2.0
-1.1057593822479248,0.5084531307220459,-0.9073385000228882,0.5394850373268127,-0.7707376480102539,0.4313206076622009,-1.5228787452803376
-0.7827157378196716,0.5120593905448914,-0.7478253245353699,0.48739999532699585,-0.5974282026290894,0.4710104167461395,-1.0969100130080565
-1.5065581798553467,0.5365813374519348,-1.4815738201141357,0.5512105226516724,-1.443162441253662,0.5290677547454834,-0.4559319556497244
-1.0591436624526978,0.4860137104988098,-1.2585877180099487,0.523224949836731,-1.0706090927124023,0.5170149207115173,-1.3979400086720375
-1.0687932968139648,0.4938144385814667,-0.982800304889679,0.49481847882270813,-1.1748428344726562,0.5412893891334534,-1.154901959985743
-0.7743725180625916,0.5194556713104248,-0.7102358937263489,0.5830304622650146,-0.8438491821289062,0.5830005407333374,-1.0969100130080565
-1.690110445022583,0.5353654623031616,-1.522864818572998,0.5538092255592346,-1.7801551818847656,0.5621131658554077,-0.4559319556497244
-1.2467546463012695,0.48025187849998474,-1.4546831846237183,0.5230083465576172,-1.5582866668701172,0.5387126207351685,-1.5228787452803376
-1.373786211013794,0.5009850859642029,-1.1593868732452393,0.5352796316146851,-1.112858533859253,0.5158385634422302,-1.0457574905606752
-1.107319951057434,0.528529167175293,-0.8861607313156128,0.5830145478248596,-1.0208854675292969,0.5859827995300293,-1.0969100130080565
-2.0684447288513184,0.5467416048049927,-2.071209669113159,0.60090571641922,-2.122811794281006,0.6120978593826294,-0.4559319556497244
-1.6898503303527832,0.4873822033405304,-1.8041503429412842,0.42425763607025146,-1.9010107517242432,0.5803356766700745,-1.6989700043360187
-1.4600467681884766,0.49551519751548767,-1.5721800327301025,0.5609280467033386,-1.7222208976745605,0.541846513748169,-1.0969100130080565
-1.5349249839782715,0.5511533617973328,-1.505945086479187,0.5773414969444275,-1.5131431818008423,0.5753090977668762,-1.0969100130080565
-1.175232172012329,0.718776285648346,-1.3006356954574585,0.8150390982627869,-1.0974130630493164,0.7623902559280396,-1.5228787452803376
-1.4315435886383057,0.7003784775733948,-1.4902772903442383,0.7345237135887146,-1.0894966125488281,0.9471179246902466,-1.5228787452803376
-1.605468988418579,0.4624938368797302,-1.7287623882293701,0.5384124517440796,-1.7059552669525146,0.4569074809551239,-1.5686362358410126
-1.521806240081787,0.6495950222015381,-1.558716058731079,0.7187283039093018,-1.5627403259277344,0.7261135578155518,-1.3010299956639813
-1.5239918231964111,0.7053096294403076,-1.3452472686767578,0.7532250881195068,-1.5427494049072266,0.676295816898346,-1.4559319556497243
-1.8657008409500122,0.4747381806373596,-1.8281091451644897,0.529356837272644,-1.7852680683135986,0.5583662986755371,-1.6382721639824072
-1.657567024230957,0.6725381016731262,-1.5566415786743164,0.8938189148902893,-1.6179709434509277,0.7589808702468872,-1.1079053973095196
-1.7428792715072632,0.6465743184089661,-1.6876434087753296,0.8037171959877014,-1.6035149097442627,0.7251142859458923,-1.4685210829577449
-1.823591947555542,0.6693211793899536,-1.867106318473816,0.5658000707626343,-1.865400791168213,0.6938809752464294,-1.6989700043360187
-1.2649638652801514,0.7139742970466614,-1.2553036212921143,0.6987513899803162,-1.1049450635910034,0.7553202509880066,-1.4202164033831899
-1.4978276491165161,0.8291571140289307,-1.408630609512329,0.8542662262916565,-1.080505609512329,0.9405949711799622,-1.5528419686577808
-1.6801836490631104,0.5321190357208252,-1.703647255897522,0.5284889340400696,-1.7011960744857788,0.5832499861717224,-1.585026652029182
-0.3095216751098633,0.9381043910980225,-0.648000180721283,1.2626498937606812,-0.7983176112174988,1.1154462099075317,-0.2915790998652873
-0.7731595039367676,0.7298756837844849,-0.7894019484519958,0.8140345215797424,-0.8030710816383362,0.8176073431968689,-1.0457574905606752
-0.8655318021774292,0.7668871283531189,-0.9012499451637268,0.7737123370170593,-0.8550764322280884,0.7145548462867737,-0.9208187539523752
-0.9390765428543091,0.8369693160057068,-0.9230614900588989,0.8177410960197449,-0.9437135457992554,0.8072233200073242,-0.8696662315049939
-0.9668534994125366,0.7501075267791748,-1.0237252712249756,0.7629038095474243,-0.9635363221168518,0.8097889423370361,-0.8728952016351923
-1.082611322402954,0.865746796131134,-1.0828036069869995,0.787068247795105,-1.0844441652297974,0.8334062695503235,-0.7695510786217261
-0.8148616552352905,0.8495407700538635,-0.649002194404602,0.7591177821159363,-0.7114567756652832,0.7732445597648621,-0.744727494896694
-0.7149773836135864,0.8555017113685608,-0.6385266184806824,0.8618298768997192,-0.619910717010498,0.8367804288864136,-0.638272163982407
-0.41193217039108276,0.7981875538825989,-0.5243583917617798,0.8287609219551086,-0.5151541829109192,0.8015556931495667,-0.6020599913279624
-0.025951743125915527,0.589836597442627,0.01655101776123047,0.6124228239059448,0.08924496173858643,0.630147397518158,0.07483398754248842
-0.0945429801940918,0.6138319969177246,-0.14605891704559326,0.6647794246673584,-0.060583531856536865,0.6137309074401855,-0.07456877754272212
-0.37925031781196594,0.5610393285751343,-0.3050323724746704,0.625312328338623,-0.3697802722454071,0.5654659271240234,-0.39621278437488217
-0.5367552042007446,0.6551997661590576,-0.4243610203266144,0.6812839508056641,-0.4349077343940735,0.6743996143341064,-0.6624808401530248
-0.8206791281700134,0.6920018792152405,-0.7856418490409851,0.801822304725647,-0.7163030505180359,0.7617535591125488,-0.36705503314702814
-0.30822139978408813,0.8378265500068665,-0.29004865884780884,0.8449975848197937,-0.25562232732772827,0.8255965113639832,-0.18908766448515754
-0.7532520890235901,0.9935348629951477,-0.6960346102714539,0.7173311710357666,-0.6669533252716064,1.1299985647201538,-0.619788758288394
-0.5514108538627625,0.965083122253418,-0.4321403205394745,0.9596278667449951,-0.5564573407173157,1.1200520992279053,-0.5528419686577808
-0.35394397377967834,0.8868715167045593,-0.4263415038585663,0.9772589206695557,-0.464225709438324,0.9559480547904968,-0.5228787452803376
-0.6730528473854065,0.7606364488601685,-0.6628295183181763,0.9804568886756897,-0.6959764957427979,0.8193681836128235,-0.7958800173440752
-0.6129047870635986,0.9642747640609741,-0.4941366910934448,0.9605178833007812,-0.6121267080307007,1.118407130241394,-0.721246399047171
-0.2847903072834015,0.948220431804657,-0.4413445293903351,0.8743549585342407,-0.40676411986351013,1.168205976486206,-0.6777807052660807
-0.9174171686172485,1.0024874210357666,-0.8973249197006226,0.822903037071228,-0.8413198590278625,0.9663477540016174,-0.6575773191777937
-0.8794354200363159,1.0437370538711548,-0.8575174808502197,1.0148240327835083,-0.8581149578094482,0.8408095836639404,-0.619788758288394
-0.6702092885971069,0.9698800444602966,-0.6749011874198914,0.8206496834754944,-0.6747149229049683,0.8047672510147095,-0.5528419686577808
-1.295724630355835,0.5137614011764526,-1.348147988319397,0.61407071352005,-1.2289915084838867,0.6233072280883789,-1.3010299956639813
-1.6040353775024414,0.7100175023078918,-2.40958571434021,0.6383928656578064,-2.403529405593872,0.611169695854187,-2.661543506395395
-1.70310640335083,0.49535298347473145,-1.6494388580322266,0.4696429371833801,-1.6910189390182495,0.46196094155311584,-1.6989700043360187
-2.054828643798828,0.7739984393119812,-1.7796409130096436,0.7845771312713623,-2.1447951793670654,0.7984729409217834,-1.3979400086720375
-1.7033698558807373,0.7415820360183716,-1.9297614097595215,0.4576506018638611,-1.898205280303955,0.41273030638694763,-1.5228787452803376
-1.938377857208252,0.44960319995880127,-1.8944358825683594,0.4549449384212494,-1.8199005126953125,0.5204957723617554,-1.5228787452803376
-1.9419646263122559,0.4489082992076874,-1.7833857536315918,0.45827358961105347,-1.872929334640503,0.5173338055610657,-2.0
-1.2488906383514404,0.616617739200592,-1.2624144554138184,0.6463958024978638,-1.3047678470611572,0.6554049253463745,-1.3979400086720375
-1.4802640676498413,0.58916175365448,-1.4199166297912598,0.5275824069976807,-1.4741055965423584,0.5261820554733276,-1.3010299956639813
-1.6889371871948242,0.5520394444465637,-1.6271510124206543,0.4152153730392456,-1.6598236560821533,0.5323138236999512,-2.0
-1.4204148054122925,0.6979696154594421,-1.3105412721633911,0.6210029721260071,-1.2442649602890015,0.5878301858901978,-1.5228787452803376
-1.8316078186035156,0.5319260358810425,-1.846099853515625,0.42908579111099243,-1.8924038410186768,0.4399571716785431,-2.0
-1.7030504941940308,0.6992212533950806,-2.528860569000244,0.5936576128005981,-2.5346717834472656,0.6183796525001526,-2.6903698325741012
-1.093954086303711,0.6713377237319946,-1.2574763298034668,0.734545886516571,-1.0996445417404175,0.7270497679710388,-2.0
-1.4633939266204834,0.513365626335144,-1.5043537616729736,0.49801695346832275,-1.6087539196014404,0.48871657252311707,-1.5228787452803376
-1.359547734260559,0.5764175057411194,-1.250738263130188,0.48830851912498474,-1.4489049911499023,0.48742836713790894,-1.0457574905606752
-1.1002554893493652,0.7551077008247375,-0.9490434527397156,0.7388033866882324,-0.9960930347442627,0.7319490909576416,-2.0
-1.4669008255004883,0.562891960144043,-1.3718935251235962,0.48030757904052734,-1.4389948844909668,0.4883129298686981,-1.3010299956639813
-1.0363491773605347,0.7272372245788574,-0.9780550003051758,0.6427309513092041,-0.9772748947143555,0.6292049288749695,-0.5528419686577808
-1.2525590658187866,0.7257020473480225,-1.933166742324829,0.6599010825157166,-1.865358591079712,0.6697928309440613,-2.0
-0.8074655532836914,0.6538323760032654,-0.7657114267349243,0.6600749492645264,-0.7251957654953003,0.6178900599479675,-0.431798275933005
-0.782725989818573,1.0390160083770752,-0.8265802264213562,1.0104361772537231,-0.8617258667945862,1.1704899072647095,-1.1307682802690238
-0.9468927383422852,0.8372994661331177,-1.0787144899368286,1.2522131204605103,-1.0402140617370605,0.9127599596977234,-0.7099653886374819
1.8471083641052246,0.8335562348365784,1.4733537435531616,0.8103443384170532,0.782019317150116,0.7908027768135071,-1.6020599913279623
0.14606237411499023,0.7911044359207153,0.10634785890579224,0.7530310153961182,0.09684211015701294,0.8879351019859314,0.24608452348596643
-0.44614508748054504,0.7665277123451233,-0.42455950379371643,0.6674754619598389,-0.4221857488155365,0.7971135973930359,-0.5772050430229445
-0.1952565312385559,0.7598852515220642,-0.2562969923019409,0.7867403030395508,-0.32394641637802124,0.7317606210708618,-0.3507089624485719
-0.1196867823600769,0.6570680737495422,-0.14489459991455078,0.6964054107666016,-0.10884225368499756,0.8258306980133057,-0.16198694355870663
-0.10724687576293945,0.8181854486465454,-0.06688040494918823,0.8719266653060913,-0.15367889404296875,0.850823163986206,0.053245595471386686
-0.13224828243255615,0.754635214805603,-0.12199091911315918,0.730648934841156,-0.11727255582809448,0.8468601107597351,0.05137096588066842
-0.4057880640029907,0.7693724036216736,-0.3846348226070404,0.8409340977668762,-0.3252646028995514,0.7655141353607178,-0.21148306001705308
-0.45228666067123413,0.8874717950820923,-0.4605712890625,0.888565719127655,-0.5424702167510986,0.9534818530082703,-0.8054246114267724
-0.4585219621658325,0.9517814517021179,-0.06197553873062134,0.966583251953125,-0.5648099780082703,0.9839430451393127,-1.0457574905606752
-0.6489740014076233,0.9548966884613037,-0.051605284214019775,0.966762363910675,-0.5904972553253174,0.9308468699455261,-0.9208187539523752
0.10509335994720459,0.8685998916625977,-0.21770888566970825,0.8570385575294495,-0.250863254070282,0.823645293712616,-1.0969100130080565
0.10509335994720459,0.8685998916625977,-0.5719541311264038,0.9069709777832031,-0.563908576965332,0.8339807391166687,-0.3279021420642826
0.10509335994720459,0.8685998916625977,-0.6112511157989502,0.7446881532669067,-0.250863254070282,0.823645293712616,-0.13076828026902382
-1.2013616561889648,0.7508875727653503,-1.1621723175048828,0.7733675241470337,-1.1529386043548584,0.695793628692627,-1.431798275933005
-1.1807588338851929,0.801245927810669,-1.033496379852295,0.7617226243019104,-1.1707303524017334,0.7658516764640808,-1.2676062401770314
-1.1055395603179932,0.8041175603866577,-1.117296814918518,0.7424173951148987,-1.1199623346328735,0.7542228698730469,-1.0362121726544447
-1.03663969039917,0.7129240036010742,-0.9438266158103943,0.8121219873428345,-1.0506566762924194,0.7350497841835022,-0.8601209135987634
-0.2455543875694275,0.43074846267700195,-0.2561079263687134,0.6461721658706665,-0.26299819350242615,0.5258315205574036,-0.4416731044404668
-0.10078340768814087,0.46458807587623596,-0.1287388801574707,0.3701283931732178,-0.08408600091934204,0.42929062247276306,-0.26896109822633824
-0.026348114013671875,0.4343653917312622,0.03528088331222534,0.4418160617351532,-0.03513747453689575,0.49198421835899353,-0.1747738725181171
0.12184500694274902,0.4389225244522095,0.09688138961791992,0.44351258873939514,0.06792300939559937,0.42251431941986084,-0.07297525930573517
-0.4617941677570343,0.43054842948913574,-0.5235954523086548,0.459096223115921,-0.4987654685974121,0.4513874650001526,-0.6202957309755527
-0.3118717670440674,0.45008179545402527,-0.37146568298339844,0.6143547892570496,-0.3095976412296295,0.414318710565567,-0.4416731044404668
-0.2231178879737854,0.4261689782142639,-0.1928500533103943,0.6022592782974243,-0.25595247745513916,0.4806774854660034,-0.3192666411494966
-0.1497974395751953,0.42531031370162964,-0.12225520610809326,0.6363880038261414,-0.10703617334365845,0.4427311420440674,-0.20590948330553177
-0.7137238383293152,0.5408761501312256,-0.6646575331687927,0.6443652510643005,-0.6313405632972717,0.49073970317840576,-0.6772020316536124
-0.48937952518463135,0.45755624771118164,-0.5520235300064087,0.619573175907135,-0.563495397567749,0.4107365906238556,-0.512848892949376
-0.37019190192222595,0.40326428413391113,-0.391823410987854,0.43660232424736023,-0.400943785905838,0.4361957311630249,-0.376171003333255
-0.3399219214916229,0.4882950186729431,-0.30277952551841736,0.6498650312423706,-0.30285149812698364,0.42931607365608215,-0.22388310982803264
-0.8713349103927612,0.6131612658500671,-0.825162947177887,0.5470591187477112,-0.8258653879165649,0.5152875185012817,-0.7229595222142875
-0.7354766726493835,0.5289387702941895,-0.7032875418663025,0.5093277096748352,-0.6978199481964111,0.5754156708717346,-0.5699910938903194
-0.6183956861495972,0.5344433784484863,-0.6045594215393066,0.5080413818359375,-0.6067571043968201,0.580644965171814,-0.4171301897533445
-0.4879279136657715,0.5525752305984497,-0.5173476934432983,0.7232919931411743,-0.5348861813545227,0.6054152846336365,-0.258899636731723
-0.7797114849090576,0.7141022086143494,-0.7721745371818542,0.683347225189209,-0.7244986891746521,0.6904725432395935,-0.7851058402620318
-0.6276979446411133,0.6849388480186462,-0.7600299119949341,0.7855129837989807,-0.6461185216903687,0.5702226161956787,-0.5436628195606764
-0.5322979092597961,0.6009067893028259,-0.5814512968063354,0.7836930155754089,-0.5545555949211121,0.6518955230712891,-0.41238331068187045
-0.45393380522727966,0.629214882850647,-0.5108200907707214,0.8153868317604065,-0.487692266702652,0.6785851120948792,-0.315473297673814
-1.6304025650024414,0.971117377281189,-2.2165334224700928,0.880448579788208,-2.1120810508728027,0.8456185460090637,1.0791812460476249
-1.0649700164794922,0.715774655342102,-1.054305076599121,0.6579540371894836,-1.0167617797851562,0.8004900813102722,-0.8950590287059912
-1.2225439548492432,0.7161428332328796,-1.1337337493896484,0.8461135625839233,-1.140550136566162,0.49947965145111084,-1.3802077673696482
-1.12949800491333,0.70733243227005,-1.1148589849472046,0.6520368456840515,-1.0918446779251099,0.49374401569366455,-1.019237844767115
-0.8514330387115479,0.5096478462219238,-0.8091117739677429,0.7082331776618958,-0.8849366307258606,0.6635934710502625,-0.9293453190375998
-0.8230900168418884,0.7227235436439514,-0.7747202515602112,0.8282471299171448,-0.7363229393959045,0.7017935514450073,-0.6376438358473397
-1.052865982055664,0.9709752798080444,-1.205399990081787,0.584095299243927,-1.1881366968154907,0.7335700988769531,-1.1249387366083
-1.076517105102539,0.978762149810791,-1.2806365489959717,0.8280877470970154,-1.3105943202972412,0.7345322966575623,-1.2952748095837496
-1.0036735534667969,1.0175073146820068,-1.1975617408752441,0.7405986189842224,-1.195801019668579,0.8719528913497925,-1.56331269864241
0.14083868265151978,0.6817420125007629,0.1619727611541748,0.744798481464386,0.0991029143333435,0.824623167514801,-0.08671609823958155
-0.03907597064971924,0.6294882297515869,-0.06484144926071167,0.5276497006416321,-0.02061063051223755,0.5848121643066406,-0.15366288787019475
-0.328983873128891,0.5923265814781189,-0.31173524260520935,0.7305071949958801,-0.3689320981502533,0.8010584712028503,-0.24641694110709347
-0.8100583553314209,0.7891338467597961,-0.8032410740852356,0.9044206142425537,-0.6836361885070801,0.7501416206359863,-0.8216879456873214
-0.7970727682113647,0.7991377115249634,-0.6421297192573547,0.8967223763465881,-0.706331193447113,0.6935827136039734,-0.76275796001577
-0.295999139547348,0.777534544467926,-0.43338078260421753,0.6836308240890503,-0.28853654861450195,0.7073044180870056,-0.5118837952735734
-0.6188416481018066,0.6659801006317139,-0.7359519600868225,0.7550615668296814,-0.5951797962188721,0.830941915512085,-0.524373841197004
-0.4589519202709198,0.726140558719635,-0.6104559898376465,0.7571248412132263,-0.6152840256690979,0.8620212078094482,-0.43046925762642946
-0.4489123821258545,0.7306492924690247,-0.35361409187316895,0.8272411227226257,-0.28259727358818054,0.7932608127593994,-0.3475302820980142
-0.3320108950138092,0.6519774198532104,-0.400651216506958,0.7541625499725342,-0.43935275077819824,0.5932480096817017,-0.34579360742080123
-0.2728576958179474,0.7234012484550476,-0.5740208625793457,0.8050668239593506,-0.35125067830085754,0.6521981954574585,-0.26146360265571295
-0.4972197413444519,0.6386322379112244,-0.3893418610095978,0.6848565340042114,-0.45864689350128174,0.8316495418548584,-0.3467874862246563
-0.5654823184013367,0.774627149105072,-0.4749692380428314,0.8596702814102173,-0.42934027314186096,0.9736481308937073,-0.4225082001627747
-1.907930850982666,0.8970009088516235,-2.000659942626953,0.9356648325920105,-1.9704020023345947,1.2209789752960205,-2.6989700043360187
-2.125924825668335,0.9393004775047302,-2.1141951084136963,1.0330281257629395,-2.188572645187378,0.763558566570282,-2.154901959985743
-2.2249350547790527,0.9344049692153931,-2.051882266998291,0.9289104342460632,-2.1961047649383545,0.7611746788024902,-1.8860566476931633
-1.9754102230072021,0.8901451230049133,-2.1399481296539307,1.1368438005447388,-2.157224655151367,0.9110698103904724,-2.0969100130080562
-2.247333526611328,0.9329404234886169,-2.104938268661499,0.923322856426239,-2.0955538749694824,1.2187345027923584,-1.958607314841775
-2.145702838897705,0.6964141726493835,-2.1456754207611084,1.1414539813995361,-2.1592154502868652,1.0281267166137695,-2.154901959985743
-2.2305099964141846,0.9658367037773132,-2.1787126064300537,0.9664484262466431,-2.2565009593963623,1.225313663482666,-2.0
-0.9132993817329407,0.40194064378738403,-0.9596050977706909,0.4034721851348877,-0.8647096753120422,0.40075767040252686,-0.9867413347164835
-0.9908888339996338,0.3753098249435425,-1.036535382270813,0.4273604154586792,-0.9807752370834351,0.3811306059360504,-1.1354889189416082
-1.1334164142608643,0.3578588664531708,-1.1767069101333618,0.39456406235694885,-1.1603286266326904,0.3437046706676483,-1.2700257143004443
-1.2644343376159668,0.35141944885253906,-1.3069615364074707,0.4086166024208069,-1.3052222728729248,0.3734712600708008,-1.5030703519267852
-1.482572317123413,0.5789332389831543,-1.4704283475875854,0.5666319727897644,-1.3484416007995605,0.5202116370201111,-1.5451551399914898
-0.4419023096561432,0.49666649103164673,-0.3962024450302124,0.43863025307655334,-0.3977302610874176,0.5076868534088135,-0.585026652029182
-0.5018273591995239,0.40139055252075195,-0.5293143391609192,0.4786674976348877,-0.482585608959198,0.5746870636940002,-0.638272163982407
-0.6681995987892151,0.43321850895881653,-0.6524980068206787,0.4202251732349396,-0.5924875140190125,0.5540492534637451,-0.6989700043360187
-0.7548382878303528,0.4110870361328125,-0.7723435759544373,0.5751492381095886,-0.7082498669624329,0.5340269804000854,-0.7061956400806633
-0.7468428611755371,0.4109422266483307,-0.7723435759544373,0.5751492381095886,-0.7209344506263733,0.451155424118042,-0.6252516539898961
-0.7419933676719666,0.4460322856903076,-0.7557016015052795,0.5824078917503357,-0.737821102142334,0.5183964371681213,-0.6989700043360187
-0.759630560874939,0.4483477771282196,-0.7147802114486694,0.41975244879722595,-0.7550995945930481,0.5526944398880005,-0.8860566476931632
-0.7829721570014954,0.4294050335884094,-0.7557016015052795,0.5824078917503357,-0.7888165712356567,0.427303671836853,-0.596879478824182
-0.7546743750572205,0.43217378854751587,-0.7737398147583008,0.5917441844940186,-0.7770984172821045,0.43794897198677063,-0.7958800173440752
-0.8290883898735046,0.4897935092449188,-0.7874468564987183,0.5419788360595703,-0.9231443405151367,0.5238837003707886,-0.9208187539523752
-0.7160570621490479,0.46225693821907043,-0.7458190321922302,0.4354550242424011,-0.7559738755226135,0.4065374732017517,-0.832682665251824
-0.6159580945968628,0.5471312999725342,-0.6576496958732605,0.6117447018623352,-0.5502081513404846,0.5809421539306641,-0.5686362358410126
-0.6346883773803711,0.5839571952819824,-0.6576496958732605,0.6117447018623352,-0.5502081513404846,0.5809421539306641,-0.6575773191777937
-0.7640476822853088,0.5032936334609985,-0.7930840849876404,0.5738034844398499,-0.6917422413825989,0.5286516547203064,-0.6989700043360187
-0.6869003772735596,0.412394255399704,-0.7148689031600952,0.43571528792381287,-0.7021111249923706,0.4903585910797119,-0.638272163982407
-0.635874330997467,0.4627622961997986,-0.5789940357208252,0.4719884991645813,-0.6353248357772827,0.44844335317611694,-0.5686362358410126
-0.5653825402259827,0.5858644247055054,-0.6284040808677673,0.6395405530929565,-0.565093457698822,0.5746932625770569,-0.4814860601221125
-1.1296758651733398,0.5446673035621643,-0.9897178411483765,0.5365049839019775,-0.9549944996833801,0.6044063568115234,-0.8239087409443188
-0.6584163308143616,0.6205376982688904,-0.7714137434959412,0.6622629165649414,-0.6435838341712952,0.6315439343452454,-0.4814860601221125
-0.05240076780319214,0.7048994302749634,-0.04190516471862793,0.6965189576148987,0.022506237030029297,0.66330486536026,0.1457587283907783
-0.21371102333068848,0.7110591530799866,-0.22200989723205566,0.806250274181366,-0.08105146884918213,0.7535553574562073,0.09483713737486861
0.03538179397583008,0.7296749353408813,0.15809553861618042,0.7294583916664124,0.08053749799728394,0.6855978965759277,0.021189299069938092
0.20535242557525635,0.7445306777954102,0.2740061283111572,0.789847195148468,0.37769436836242676,0.7342076301574707,-0.040958607678906384
0.21062570810317993,0.6796013712882996,0.2528151869773865,0.8274617791175842,0.3661384582519531,0.790546715259552,-0.07058107428570727
-0.3994496762752533,0.705193042755127,-0.3633948564529419,0.8009766340255737,-0.25941362977027893,0.7509734034538269,-0.07918141976545234
-0.5490694046020508,0.6892587542533875,-0.5063158869743347,0.7940210700035095,-0.4356463551521301,0.6837148070335388,-0.3740509819413798
-1.1408932209014893,0.6680688858032227,-1.1965965032577515,0.7172269225120544,-1.175323486328125,0.7779911160469055,-0.4814860601221125
-0.6816772222518921,0.6795392632484436,-0.6517026424407959,0.6912419199943542,-0.5253276824951172,0.6541170477867126,-0.6020599913279624
0.007932186126708984,0.5593447089195251,-0.011343657970428467,0.5601282119750977,0.005081057548522949,0.5228514075279236,0.20411998265592482
0.1142156720161438,0.5476806163787842,-0.13090384006500244,0.5255467295646667,0.046753525733947754,0.5820221900939941,0.146128035678238
-0.0981748104095459,0.5785424113273621,-0.14229226112365723,0.553622305393219,-0.02094423770904541,0.5799895524978638,0.0
-0.4348035454750061,0.510722815990448,-0.24291956424713135,0.5239766240119934,-0.2617170214653015,0.6185416579246521,-0.09691001300805639
-0.7607799172401428,0.6061194539070129,-0.8079145550727844,0.5354068875312805,-0.6043850183486938,0.65614253282547,-0.5228787452803376
-1.068682074546814,0.7994958162307739,-1.0309239625930786,0.787946879863739,-0.9444855451583862,0.8435019850730896,-0.10790539730951959
-1.2426073551177979,0.9547938108444214,-1.4965429306030273,0.9427692294120789,-0.8662315607070923,1.216552495956421,-1.2441251443275085
-0.9556893110275269,0.9901638031005859,-0.8548552989959717,1.009373426437378,-1.053027868270874,1.0115638971328735,-1.3010299956639813
-0.42156875133514404,0.7000449299812317,-0.19763004779815674,0.735124409198761,-0.029670238494873047,0.7170973420143127,-0.25181197299379954
-0.12980186939239502,0.5138082504272461,-0.1198921799659729,0.5552692413330078,-0.03690528869628906,0.5538421273231506,-0.10237290870955855
-0.18358123302459717,0.6018037796020508,-0.26011839509010315,0.6043407320976257,0.03033590316772461,0.600256621837616,-0.09691001300805639
-0.14178502559661865,0.5743382573127747,-0.2952839434146881,0.6182279586791992,0.020628929138183594,0.7121672034263611,-0.1938200260161128
-1.0794129371643066,0.6665805578231812,-0.2967587411403656,0.6676459908485413,-0.29258066415786743,0.6493494510650635,-0.2076083105017461
-0.35756435990333557,0.4875792860984802,-0.34990862011909485,0.5558813214302063,-0.4294610619544983,0.5726911425590515,-0.3979400086720376
-0.4094616770744324,0.4743403494358063,-0.43044570088386536,0.5563204884529114,-0.40566009283065796,0.4365038275718689,-0.5228787452803376
-0.24928635358810425,0.6478560566902161,-0.27110379934310913,0.6384386420249939,-0.3169773519039154,0.6373156309127808,-0.2839966563652008
-0.5404337644577026,0.557984471321106,-0.5252147912979126,0.5947375297546387,-0.5524137020111084,0.6034380197525024,-0.6989700043360187
-0.26211240887641907,0.5135312676429749,-0.2859601080417633,0.5227166414260864,-0.23497718572616577,0.5523018836975098,-0.08618614761628333
-0.24947717785835266,0.472374826669693,-0.29717355966567993,0.45753127336502075,-0.2982877790927887,0.5323923826217651,-0.3010299956639812
-0.4149967133998871,0.5756797790527344,-0.3641407787799835,0.5914150476455688,-0.36957547068595886,0.5676760077476501,-0.6020599913279624
-0.17507600784301758,0.6539583802223206,-0.2841798663139343,0.6072713136672974,-0.22393006086349487,0.5921013951301575,0.0
-0.06268590688705444,0.4786219894886017,-0.0487748384475708,0.518224835395813,-0.04738044738769531,0.5444397926330566,0.11058971029924897
-0.02779066562652588,0.5305752754211426,0.01097935438156128,0.5274620056152344,-0.030505478382110596,0.5521822571754456,-0.1549019599857432
0.025630652904510498,0.5617634654045105,0.0064157843589782715,0.5913902521133423,-6.151199340820312e-05,0.5725858807563782,0.25527250510330607
-0.15781766176223755,0.5385265946388245,-0.17219573259353638,0.5791593790054321,-0.15942901372909546,0.576283872127533,-0.3010299956639812
0.17703372240066528,0.5161949992179871,0.18240350484848022,0.5391759872436523,0.1990032196044922,0.5637510418891907,0.30319605742048883
0.17383289337158203,0.5167809724807739,0.14633572101593018,0.534566342830658,0.19262129068374634,0.5570569038391113,0.07918124604762482
0.21296101808547974,0.5399243831634521,0.26120829582214355,0.6069120168685913,0.25725966691970825,0.6364721655845642,0.414973347970818
0.08534008264541626,0.5550545454025269,0.128487229347229,0.6016256213188171,0.04658013582229614,0.5572381019592285,-0.1870866433571444
0.2924320697784424,0.5151215195655823,0.2715345621109009,0.6207960844039917,0.22807389497756958,0.6192487478256226,0.47712125471966244
0.38031500577926636,0.6227561831474304,0.39929378032684326,0.6996027827262878,0.28634434938430786,0.682617723941803,0.5314789170422551
0.28862255811691284,0.49405473470687866,0.2545773386955261,0.6183484792709351,0.21825069189071655,0.6036083102226257,0.25527250510330607
0.12723183631896973,0.6411478519439697,0.20243209600448608,0.6525110006332397,0.184404194355011,0.602118968963623,0.06069784035361165
-1.0629971027374268,0.7703817486763,-0.9473397731781006,1.2033599615097046,-1.0145306587219238,1.0660336017608643,-1.3979400086720375
-1.124058723449707,0.9967392086982727,-0.9704318642616272,1.2027381658554077,-1.1211726665496826,0.8372740149497986,-1.2365720064370627
-1.3384231328964233,0.7864314317703247,-1.2211003303527832,0.9787088632583618,-1.2256132364273071,1.1085304021835327,-1.0655015487564323
-1.427532434463501,0.7873238325119019,-1.344477891921997,0.9258363842964172,-1.2546355724334717,0.8541963696479797,-1.0604807473813815
-1.7945787906646729,0.8192980289459229,-2.001461982727051,1.1862462759017944,-1.8401190042495728,0.9039644598960876,-1.7911288617530743
-1.8781681060791016,0.92872154712677,-2.0049190521240234,1.1873518228530884,-1.9099557399749756,0.8887043595314026,-1.8072096028793474
-1.7971081733703613,0.9362760186195374,-1.9197790622711182,0.8987842798233032,-1.8086891174316406,1.0559595823287964,-1.8954787473816714
-1.734552264213562,0.9971414804458618,-1.8391691446304321,1.2349066734313965,-1.759223222732544,0.9959602355957031,-1.9348686278597902
-1.050208568572998,0.711459219455719,-1.0704267024993896,0.7929887175559998,-1.1122024059295654,0.7305122017860413,-1.1135092748275182
-0.9496010541915894,0.7050424814224243,-0.9351376295089722,0.787227213382721,-0.9914686679840088,0.7613477110862732,-1.0861861476162833
-1.2937541007995605,0.7050999999046326,-1.1740140914916992,0.8284618258476257,-1.1614437103271484,0.7475660443305969,-0.9281179926938746
-1.159835934638977,0.7439067363739014,-1.1178621053695679,0.7209499478340149,-1.0814738273620605,0.8363044857978821,-1.1870866433571443
-0.9491608142852783,0.7377933859825134,-0.9661237597465515,0.7229412198066711,-1.0018420219421387,0.8628936409950256,-1.1249387366083
-1.3238414525985718,0.8204712271690369,-1.3747836351394653,0.8014473915100098,-1.396949291229248,0.8394672274589539,-1.1804560644581312
-1.0932116508483887,0.7756304144859314,-1.234445333480835,0.8270183801651001,-1.2102124691009521,0.8913227915763855,-1.275724130399211
-1.4327160120010376,1.05217444896698,-1.2068393230438232,1.0429555177688599,-1.4486701488494873,1.0561798810958862,-1.2924298239020637
-0.9671139717102051,1.0697895288467407,-1.0360183715820312,1.0444918870925903,-1.05295991897583,1.0249220132827759,-1.1611509092627446
-1.0211901664733887,1.0960538387298584,-1.0446244478225708,1.021662712097168,-1.0139274597167969,1.254586935043335,-0.9913998282380825
-1.1106958389282227,1.0653804540634155,-1.1775649785995483,1.0230398178100586,-1.0447413921356201,1.1135015487670898,-1.0861861476162833
-1.1542141437530518,1.0281504392623901,-1.1337956190109253,1.08526611328125,-1.1376978158950806,0.8798174262046814,-1.193820026016113
-1.196796178817749,1.1365445852279663,-1.1304960250854492,1.0312833786010742,-1.0784324407577515,0.939055323600769,-1.0506099933550872
-1.3812288045883179,0.8262483477592468,-1.2893190383911133,1.1594289541244507,-1.4363089799880981,1.324336290359497,-1.1426675035687315
-1.3152031898498535,1.0015736818313599,-1.205676555633545,1.0476552248001099,-1.4430944919586182,1.2894901037216187,-1.1804560644581312
-1.2082998752593994,1.1663801670074463,-1.3301151990890503,1.133868932723999,-1.3336427211761475,1.3483333587646484,-1.2006594505464183
-0.4647785425186157,0.5679095983505249,-0.4839831590652466,0.5721165537834167,-0.4394218921661377,0.5796152353286743,-0.6020599913279624
-0.38931116461753845,0.5497283339500427,-0.38592779636383057,0.5445587635040283,-0.4040144383907318,0.46923282742500305,-0.3467874862246563
-0.30089908838272095,0.5481159090995789,-0.32159173488616943,0.545341968536377,-0.332950621843338,0.5364357233047485,-0.1549019599857432
-0.12129616737365723,0.5279493927955627,-0.15756714344024658,0.578384280204773,-0.26904016733169556,0.6399169564247131,0.0
-0.5411736965179443,0.5595802664756775,-0.5779017806053162,0.6343523263931274,-0.5253444910049438,0.57117760181427,-0.6989700043360187
-0.5059109926223755,0.5416054725646973,-0.4849149286746979,0.4978117346763611,-0.5093410015106201,0.5234896540641785,-0.4559319556497244
-0.49171730875968933,0.5803454518318176,-0.48823344707489014,0.5603229403495789,-0.43920862674713135,0.5615591406822205,-0.23657200643706278
-0.4029726982116699,0.564568281173706,-0.37375831604003906,0.5851030945777893,-0.2577316164970398,0.5156195163726807,-0.09691001300805639
-0.6398195624351501,0.4874545931816101,-0.6642756462097168,0.6270018219947815,-0.6869046688079834,0.5575661063194275,-0.6020599913279624
-0.5663995742797852,0.5301693081855774,-0.5809834599494934,0.48881232738494873,-0.5526531934738159,0.4566446840763092,-0.744727494896694
-0.5942652821540833,0.5734298825263977,-0.5745959281921387,0.5573269128799438,-0.5209095478057861,0.5182785987854004,-0.42021640338318983
-0.4648839831352234,0.6574665307998657,-0.438773512840271,0.4684445261955261,-0.4703928232192993,0.612835168838501,-0.22184874961635637
-0.6802136301994324,0.5562409162521362,-0.25735485553741455,0.5509463548660278,-0.17083102464675903,0.5682191252708435,-0.6989700043360187
-0.5776722431182861,0.7865074872970581,-0.6404922604560852,0.7178354263305664,-0.6530212759971619,0.7235443592071533,-1.0
-0.6311343908309937,0.7137963175773621,-0.6081303358078003,0.8075705170631409,-0.4438991844654083,0.7089606523513794,-0.9208187539523752
-0.9144840240478516,0.5277175903320312,-0.8808202147483826,0.6277980804443359,-0.8485655784606934,0.5469836592674255,-0.6989700043360187
-0.8562093377113342,0.4804469347000122,-0.8672257661819458,0.5496332049369812,-0.847408652305603,0.5040273666381836,-0.8538719643217619
-1.2421934604644775,0.625044047832489,-1.9779272079467773,0.6320868134498596,-1.7657538652420044,0.6563542485237122,-0.7958800173440752
-0.8397315144538879,0.5154363512992859,-0.8163818120956421,0.5740179419517517,-0.8456234335899353,0.498993843793869,-0.9208187539523752
-0.634037971496582,0.49121373891830444,-0.7048232555389404,0.5279300212860107,-0.6994425654411316,0.5392868518829346,-1.0969100130080565
-0.5109153389930725,0.541439950466156,-0.5343363285064697,0.5722541213035583,-0.5315994024276733,0.5458194017410278,-1.2218487496163564
-1.3232109546661377,0.7303885221481323,-1.4711233377456665,0.7918213605880737,-1.3704473972320557,0.815294623374939,-0.8860566476931632
-0.24928313493728638,0.4547578990459442,-0.42154932022094727,0.5235387682914734,-0.3302888870239258,0.45638978481292725,0.01703333929878037
-0.4188034236431122,0.5828746557235718,-0.5207774043083191,0.4558964669704437,-0.583869218826294,0.5553320050239563,0.1610683854711746
-0.7301457524299622,0.7437676191329956,-0.8088213205337524,0.7429186105728149,-1.133479356765747,0.825850784778595,0.0441476208787228
-0.4868406355381012,0.5534548759460449,-0.47202402353286743,0.5468733906745911,-0.6442143321037292,0.5420295000076294,-0.744727494896694
-0.6363247036933899,0.5360293388366699,-0.42683011293411255,0.5516433119773865,-0.7516579031944275,0.5569002628326416,-0.09205147838772768
-0.7897520661354065,0.7532157897949219,-0.44651904702186584,0.8624424934387207,-1.3257982730865479,0.8267464637756348,-0.5228787452803376
-0.6506603360176086,0.48286673426628113,-0.6627548933029175,0.5612927675247192,-0.6519069671630859,0.6018757820129395,-0.744727494896694
-0.6376345753669739,0.5117416977882385,-0.6804907321929932,0.5770841240882874,-0.9613005518913269,0.5655239820480347,-0.9030899869919435
-0.93657386302948,0.8028649687767029,-1.1721665859222412,0.7415525317192078,-1.521927833557129,0.8249053359031677,-0.8664610916297825
-0.7235214114189148,0.6500276923179626,-0.8132904171943665,0.6265577077865601,-0.8069974780082703,0.6634832620620728,-0.958607314841775
-0.7623041868209839,0.5697510242462158,-0.7071864604949951,0.6494014859199524,-0.7448814511299133,0.6514400839805603,-1.6989700043360187
-0.7060256600379944,0.8391172289848328,-0.7757665514945984,0.9038805961608887,-0.7221507430076599,0.8477039337158203,-1.7958800173440752
-0.7317530512809753,0.6459787487983704,-0.6125006079673767,0.4723966419696808,-0.6822479963302612,0.4841279089450836,-0.6020599913279624
-0.732241690158844,0.4722057282924652,-0.7679973244667053,0.5260658860206604,-0.6986560225486755,0.5512511134147644,-0.585026652029182
-0.8952686786651611,0.6385487914085388,-0.7832707166671753,0.5023350715637207,-0.8113552927970886,0.44173935055732727,-0.619788758288394
-1.043688178062439,0.48413920402526855,-0.975715160369873,0.4921398460865021,-1.0089302062988281,0.4808434247970581,-0.8860566476931632
-1.1792271137237549,0.5507870316505432,-1.068760633468628,0.5641034841537476,-1.149471640586853,0.5915055871009827,-1.3979400086720375
-1.0535235404968262,0.5546028017997742,-1.0513172149658203,0.4735507369041443,-0.9840310215950012,0.5866501927375793,-1.2218487496163564
-0.9667637944221497,0.6524282097816467,-0.8962339758872986,0.45519283413887024,-0.9399746656417847,0.5350703001022339,-1.0
-0.7574382424354553,0.5882598757743835,-0.9669749736785889,0.5596598386764526,-0.7195295095443726,0.6326946020126343,-0.8860566476931632
-0.9470056295394897,0.7198967933654785,-1.0253411531448364,0.6200923919677734,-0.9252949953079224,0.5996496677398682,-0.8860566476931632
-0.9864565134048462,0.5567238926887512,-0.8075283169746399,0.6183406710624695,-0.8933131694793701,0.6231958270072937,-1.154901959985743
-1.050097942352295,0.5845646262168884,-1.2751044034957886,0.599469780921936,-1.3109244108200073,0.5303370356559753,-1.3979400086720375
-1.3965919017791748,0.7182188034057617,-1.1908150911331177,0.661967933177948,-1.3760548830032349,0.6460475921630859,-2.0
-1.2762236595153809,0.6277660727500916,-1.5364110469818115,0.6637825965881348,-1.2731797695159912,0.6560638546943665,-1.6989700043360187
-1.3710111379623413,0.7705186009407043,-1.1597563028335571,0.7203845977783203,-1.5009937286376953,0.6702738404273987,-1.6989700043360187
-2.6163411140441895,0.9213740229606628,-2.525684118270874,0.9553353786468506,-2.5820868015289307,0.9055610299110413,-2.1804560644581312
-2.312614679336548,0.9643293619155884,-2.4165210723876953,0.9037987589836121,-2.2171740531921387,0.8982033133506775,-2.3565473235138126
-2.377032995223999,0.9893707633018494,-2.3112246990203857,0.9580617547035217,-2.3183038234710693,0.9507569670677185,-2.6020599913279625
-2.119328498840332,0.7727136015892029,-1.3640469312667847,0.7585775256156921,-2.2627902030944824,0.7928356528282166,-2.537602002101044
-2.1738526821136475,0.8116870522499084,-1.6644207239151,0.8214211463928223,-2.4078497886657715,0.7953765988349915,-2.721246399047171
-1.075777530670166,0.827613353729248,-0.7863677740097046,0.8795487880706787,-1.4174449443817139,0.8264144062995911,-0.09691001300805639
-1.1257548332214355,0.9608757495880127,-0.9417591094970703,0.8767045140266418,-1.042837142944336,0.8736492395401001,0.24054924828259971
-1.0268828868865967,0.6377890706062317,-0.9050964713096619,0.6775097250938416,-1.078361988067627,0.6693944931030273,-1.2218487496163564
-1.3001949787139893,1.3581172227859497,-1.2324832677841187,1.3453764915466309,-1.2670924663543701,1.4752088785171509,-0.728158393463501
-0.6544032692909241,0.5030937790870667,-0.7299082279205322,0.6253072619438171,-0.7108595967292786,0.6897475719451904,-0.3467874862246563
-0.690453827381134,0.5468815565109253,-0.7794701457023621,0.659286618232727,-0.6605880856513977,0.6201416850090027,-0.8860566476931632
-0.5620361566543579,0.7537277936935425,-0.7773463129997253,0.6816549301147461,-0.6776924729347229,0.5595167279243469,-0.6536470255493614
-0.6728425025939941,0.7623241543769836,-0.7032345533370972,0.6615764498710632,-0.698687732219696,0.6456258296966553,-0.6635402661514704
-0.8324479460716248,0.45935720205307007,-0.6362757086753845,0.5364215970039368,-0.7049897909164429,0.6621296405792236,-1.0
-0.923437237739563,0.6382767558097839,-0.7951558828353882,0.7025192379951477,-0.8141818046569824,0.7721600532531738,-0.6777807052660807
-0.8751190900802612,0.9690337777137756,-0.9119424223899841,0.8614149689674377,-0.8279950022697449,0.9130038022994995,-0.004364805402450088
-0.6446861028671265,0.7480210065841675,-0.5650169253349304,0.8663641214370728,-0.5397944450378418,0.8825841546058655,-1.0457574905606752
-0.8655831813812256,0.9225248098373413,-0.8076443672180176,0.7893099188804626,-0.8155158162117004,0.7960695624351501,-1.0655015487564323
-0.8211937546730042,0.7246811985969543,-1.1386470794677734,0.8544461727142334,-0.7637518048286438,0.8962920308113098,-1.0457574905606752
-0.9449515342712402,0.7678495645523071,-1.0385379791259766,0.7819029688835144,-1.0500266551971436,0.7776403427124023,-1.0655015487564323
-1.2059483528137207,0.8884745240211487,-1.2700543403625488,0.9907380938529968,-1.2743195295333862,0.9187443852424622,-1.080921907623926
-0.21885019540786743,1.3325257301330566,-0.22703850269317627,1.4202277660369873,-0.1934281587600708,1.3562588691711426,0.17609125905568124
-0.7637574076652527,0.5877532362937927,-0.8097196221351624,0.5471416711807251,-0.7924239635467529,0.6693248748779297,-1.3979400086720375
-0.4408605992794037,0.5008584260940552,-0.3320210874080658,0.5184088349342346,-0.45331186056137085,0.49708259105682373,-0.431798275933005
-0.4167419672012329,0.5094112157821655,-0.3827739953994751,0.5692673325538635,-0.4045517146587372,0.6180555820465088,-0.4814860601221125
-0.5307801961898804,0.5143007636070251,-0.5394812822341919,0.5170150995254517,-0.46555808186531067,0.5661957859992981,-0.5228787452803376
-0.5481482744216919,0.5187163949012756,-0.6021583080291748,0.4986893832683563,-0.5725664496421814,0.5241216421127319,-0.6777807052660807
-0.9207026958465576,0.5331315994262695,-0.8775506019592285,0.5276014804840088,-0.989741861820221,0.5042131543159485,-1.3979400086720375
-0.47820279002189636,0.46294552087783813,-0.5432939529418945,0.49359309673309326,-0.4815683662891388,0.6056935787200928,-0.4814860601221125
-0.5127547383308411,0.4960527718067169,-0.536659300327301,0.49301087856292725,-0.5020857453346252,0.4848403036594391,-0.5376020021010439
-0.542809009552002,0.45976901054382324,-0.5757501721382141,0.49505454301834106,-0.5568885207176208,0.46652963757514954,-0.585026652029182
-0.6565665006637573,0.5082984566688538,-0.7125210165977478,0.4859786033630371,-0.6929460763931274,0.5308130383491516,-0.6989700043360187
-0.9985571503639221,0.501495897769928,-1.1108105182647705,0.5513857007026672,-1.089934229850769,0.51698237657547,-1.5228787452803376
-0.6586630344390869,0.5098671317100525,-0.6903866529464722,0.4789046049118042,-0.6299166679382324,0.4911799728870392,-0.5376020021010439
-0.6773169040679932,0.49530696868896484,-0.6800780296325684,0.47419390082359314,-0.6310353875160217,0.5923061370849609,-0.6020599913279624
-0.7718861699104309,0.481634259223938,-0.7652808427810669,0.4864972233772278,-0.7744961977005005,0.49152225255966187,-0.638272163982407
-0.9121837615966797,0.48935937881469727,-0.8245634436607361,0.5119751691818237,-0.8588876724243164,0.46812960505485535,-0.721246399047171
-1.1257827281951904,0.552095353603363,-1.1535788774490356,0.5356510281562805,-1.1451447010040283,0.6443385481834412,-1.5228787452803376
-0.7553106546401978,0.5125108361244202,-0.8137117028236389,0.4744023084640503,-0.8122026920318604,0.48735135793685913,-0.6575773191777937
-0.7488651275634766,0.44687744975090027,-0.7430104613304138,0.5457953810691833,-0.7481581568717957,0.48316502571105957,-0.721246399047171
-0.8622284531593323,0.47875460982322693,-0.8670696020126343,0.5186588168144226,-0.883017897605896,0.4925788938999176,-0.7695510786217261
-1.024785041809082,0.4954569339752197,-0.9319003820419312,0.5263515710830688,-0.9942605495452881,0.4681432843208313,-0.8538719643217619
-0.9838605523109436,0.5560055375099182,-1.1163618564605713,0.5643059015274048,-1.0896581411361694,0.5100011229515076,-0.5528419686577808
-0.6123396754264832,0.4858000874519348,-0.5889288187026978,0.5322242379188538,-0.6998499631881714,0.4964076280593872,-0.619788758288394
-0.627517580986023,0.5033151507377625,-0.646824061870575,0.4823887050151825,-0.6290760636329651,0.47810032963752747,-0.6575773191777937
-0.7323597073554993,0.48934313654899597,-0.7119699120521545,0.4873218536376953,-0.7269293069839478,0.4974912106990814,-0.6989700043360187
-0.806259036064148,0.49009448289871216,-0.8513151407241821,0.47551339864730835,-0.8360297679901123,0.4781911373138428,-0.744727494896694
-1.0028398036956787,0.5824019908905029,-0.9708157181739807,0.5703822374343872,-0.9954637885093689,0.5697727799415588,-0.46852108295774486
-0.5185633897781372,0.5144096612930298,-0.4782615303993225,0.5842009782791138,-0.49834442138671875,0.6107418537139893,-0.5228787452803376
-0.4837748408317566,0.5198087692260742,-0.4390788674354553,0.6313881278038025,-0.520192563533783,0.6159302592277527,-0.5528419686577808
-0.6145692467689514,0.54261714220047,-0.6004538536071777,0.5457180142402649,-0.6297715902328491,0.5117862224578857,-0.585026652029182
-0.7129740118980408,0.5185601115226746,-0.6299839019775391,0.599827229976654,-0.7287182807922363,0.5480537414550781,-0.6020599913279624
-1.3770085573196411,0.6332845687866211,-1.4750752449035645,0.6804093718528748,-1.3578335046768188,0.7394960522651672,-0.7695510786217261
-0.9097513556480408,0.5950686931610107,-0.907698929309845,0.593781054019928,-0.9970935583114624,0.6244747042655945,-0.8860566476931632
-0.9723069071769714,0.5830685496330261,-0.9768238067626953,0.6640536785125732,-0.9148038625717163,0.5952043533325195,-1.0
-1.0582451820373535,0.5732870697975159,-0.9878708124160767,0.6100834608078003,-1.0046311616897583,0.6089577674865723,-1.0457574905606752
-1.1150461435317993,0.5549168586730957,-1.0926271677017212,0.6374884247779846,-1.0605717897415161,0.6166326999664307,-1.3010299956639813
-0.9846684336662292,0.3846118748188019,-1.0079517364501953,0.3507789671421051,-1.017984390258789,0.4012201130390167,-0.8601209135987634
-0.7720903158187866,0.3155609965324402,-0.7718425393104553,0.2953217327594757,-0.7715237140655518,0.32642897963523865,-0.721246399047171
-0.9793002605438232,0.3430733382701874,-0.9718388915061951,0.3601851463317871,-0.9972437620162964,0.39474982023239136,-0.9393021596463883
-0.987975001335144,0.3659340441226959,-0.9721091389656067,0.38460245728492737,-1.0068591833114624,0.3971439599990845,-0.9956786262173574
-0.7525631785392761,0.31141752004623413,-0.7498104572296143,0.30131110548973083,-0.7766069173812866,0.2980523705482483,-0.7495799976911061
-1.0023738145828247,0.45452889800071716,-1.0588371753692627,0.43972763419151306,-1.013113260269165,0.42551425099372864,-1.0604807473813815
-0.8017022013664246,0.3151085078716278,-0.787278950214386,0.3511364161968231,-0.7820392847061157,0.33858415484428406,-0.7772835288524167
-1.2190316915512085,0.4122326374053955,-1.23576021194458,0.42845284938812256,-1.2005747556686401,0.40650051832199097,-1.1674910872937636
-0.7928988933563232,0.36562737822532654,-0.7807202935218811,0.377938449382782,-0.7598239183425903,0.40390533208847046,-0.8210230527068306
-0.9720420837402344,0.3457385003566742,-1.0076993703842163,0.3403300344944,-0.9541457891464233,0.3424608111381531,-0.8996294548824371
-0.7105562686920166,0.6394940614700317,-0.5272196531295776,0.665246307849884,-0.8205791711807251,0.7701709866523743,-0.44369749923271273
-0.6429032683372498,0.6614229083061218,-0.7729442715644836,0.6900211572647095,-0.732545018196106,0.5964750051498413,-0.5528419686577808
-0.6867300868034363,0.6605433225631714,-0.8189108371734619,0.6865326166152954,-0.9212435483932495,0.7651980519294739,-0.7958800173440752
-0.6918529868125916,0.6601735353469849,-0.6240583062171936,0.6623514294624329,-0.7035703659057617,0.6472857594490051,-1.0969100130080565
-0.3291349709033966,0.8100289702415466,-0.23359084129333496,0.8730055689811707,-0.3661595582962036,0.7607197165489197,-0.24382048315619081
-0.7056518197059631,0.7973388433456421,-0.7262362241744995,0.7505959272384644,-0.5121139883995056,0.9187293648719788,-0.5757719293040201
-0.47435128688812256,0.8609054684638977,-0.5225676894187927,0.9502710700035095,-0.6367946863174438,0.8734341859817505,-0.8024437868464636
-0.5217027068138123,0.6676440834999084,-0.5312758684158325,0.6424971222877502,-0.5649043321609497,0.629585862159729,-0.7695510786217261
-0.8289476633071899,0.8032345175743103,-1.02351713180542,0.6774866580963135,-1.0485115051269531,0.7302870750427246,-1.2218487496163564
-0.9539636373519897,0.7816802859306335,-1.1263480186462402,0.7849193215370178,-1.065671443939209,0.7558881044387817,-1.3979400086720375
-1.0764507055282593,0.7346977591514587,-1.1125580072402954,0.7446175813674927,-1.054186224937439,0.6655137538909912,-1.3767507096020994
-1.1878020763397217,0.7086195945739746,-1.2595025300979614,0.7238806486129761,-1.353438138961792,0.7719282507896423,-1.3010299956639813
-1.1317039728164673,0.6851063370704651,-1.2288620471954346,0.6908289790153503,-1.3061383962631226,0.6274766325950623,-1.207608310501746
-1.3592194318771362,0.612031102180481,-1.1835989952087402,0.7120377421379089,-1.351494312286377,0.754277229309082,-1.0555173278498313
-1.0883651971817017,0.5337069630622864,-1.1690202951431274,0.5505750775337219,-1.166588544845581,0.5834769606590271,-1.3098039199714864
-1.1618080139160156,0.47522225975990295,-1.104717493057251,0.5321802496910095,-1.166588544845581,0.5834769606590271,-1.408935392973501
-1.3096877336502075,0.45987701416015625,-1.3574753999710083,0.5108165740966797,-1.2844287157058716,0.4494057893753052,-1.3187587626244128
-1.3567955493927002,0.4700656831264496,-1.354323387145996,0.5318716168403625,-1.2997771501541138,0.4716469347476959,-1.2596373105057561
-1.071670651435852,0.46492907404899597,-1.1862483024597168,0.4938527047634125,-1.1328315734863281,0.5000665187835693,-1.3467874862246563
-1.3586719036102295,0.4782150387763977,-1.3436421155929565,0.5244460701942444,-1.3485760688781738,0.5305877327919006,-1.3010299956639813
-1.3567955493927002,0.4700656831264496,-1.3737964630126953,0.5145930647850037,-1.3564423322677612,0.4637044668197632,-1.193820026016113
-1.2107453346252441,0.44973114132881165,-1.2255951166152954,0.5012105107307434,-1.1886787414550781,0.4368301033973694,-1.0555173278498313
-1.1850016117095947,0.4968152940273285,-1.1408246755599976,0.4855184257030487,-1.191065788269043,0.44645294547080994,-1.3979400086720375
0.24366670846939087,0.6150228977203369,0.09780138731002808,0.6688247919082642,0.31433677673339844,0.6829854846000671,-1.154901959985743
-1.3096387386322021,0.8939771056175232,-1.1098066568374634,0.8824355006217957,-1.27830171585083,0.8529497385025024,-1.6989700043360187
-0.5924203395843506,0.7007267475128174,-0.5721107721328735,0.7148103713989258,-0.6111564040184021,0.6513662934303284,-0.6055483191737837
-0.6278558373451233,0.6417014002799988,-0.5643978118896484,0.6825525164604187,-0.5771190524101257,0.6167766451835632,-0.575118363368933
-0.7374358773231506,0.6384572386741638,-0.6868029832839966,0.6764488220214844,-0.7407698035240173,0.6310089826583862,-0.692503962086787
-0.7322639226913452,0.6553158760070801,-0.7512629628181458,0.657940149307251,-0.7152898907661438,0.6479207277297974,-0.744727494896694
-0.7713693976402283,0.5989373326301575,-0.7914215326309204,0.5790355205535889,-0.7216492295265198,0.638701856136322,-0.7544873321858502
-0.7658674716949463,0.6356441378593445,-0.7860990762710571,0.6301345825195312,-0.7547096610069275,0.639205276966095,-0.7878123955960422
-0.7799992561340332,0.6332311630249023,-0.760160505771637,0.7102055549621582,-0.8046450018882751,0.6637460589408875,-0.790484985457369
-1.0135502815246582,0.7824374437332153,-1.0662356615066528,0.815527081489563,-0.9187266826629639,0.8039243221282959,-0.8416375079047503
-0.7605195045471191,0.7385510206222534,-1.035761833190918,0.8024495244026184,-1.34623122215271,0.7646298408508301,-1.3010299956639813
-1.3927910327911377,0.859284520149231,-1.292231798171997,0.8252260684967041,-1.4417448043823242,0.9071656465530396,-3.0
-0.7121360301971436,0.821604311466217,-0.6718274354934692,0.7897698879241943,-0.6310834884643555,0.8890824317932129,-0.8538719643217619
-0.9702295064926147,0.6371662616729736,-1.0238893032073975,0.7165415287017822,-0.9606336951255798,0.7963032126426697,-0.7695510786217261
-0.7956428527832031,0.78066086769104,-0.7695299386978149,0.7529552578926086,-0.6782886981964111,0.8216637969017029,-0.744727494896694
-1.0609395503997803,0.5457543730735779,-1.074500322341919,0.6929033398628235,-1.1603169441223145,0.6205209493637085,-0.8356471442155629
-1.0535435676574707,0.6297041773796082,-1.0999455451965332,0.7361456751823425,-1.1348116397857666,0.6632511615753174,-0.8538719643217619
-0.8548173904418945,0.7618401050567627,-0.8877967596054077,0.900409460067749,-0.8156287670135498,0.8582247495651245,-0.8386319977650252
-0.7947570085525513,0.8364717960357666,-0.8642382621765137,0.9009847640991211,-0.7585397958755493,0.8114405870437622,-0.7958800173440752
-0.802269458770752,0.790099024772644,-0.8572803139686584,0.9192478656768799,-0.811282217502594,0.7647623419761658,-0.721246399047171
-0.6374819874763489,0.7784518003463745,-0.8078051209449768,0.7832583785057068,-0.6491442322731018,0.7695318460464478,-0.785156151952302
-0.5648465752601624,0.6922840476036072,-0.6112117767333984,0.9217272996902466,-0.5919393301010132,0.8729647397994995,-0.6289321377282637
-0.7704614400863647,0.8805556893348694,-0.8168704509735107,0.883830726146698,-0.6401063203811646,0.9334702491760254,-0.6575773191777937
-0.45988330245018005,0.764977216720581,-0.5079334378242493,0.8243997693061829,-0.6175958514213562,0.9605250358581543,-0.5376020021010439
-0.429941326379776,1.055901050567627,-0.5046645998954773,1.1141530275344849,-0.4142041504383087,1.0745909214019775,-2.0
-0.37676292657852173,1.0481147766113281,-0.7193332314491272,0.9837085008621216,-0.6346465349197388,0.9658665060997009,-0.27572413039921095
-0.6727768778800964,0.889343798160553,-0.4870937168598175,0.9394837021827698,-0.4380103349685669,0.9185861349105835,-0.8961962790440432
-0.7893309593200684,0.6454344987869263,-0.7971684336662292,0.5995060801506042,-0.7896944284439087,0.6713932752609253,-1.0969100130080565
-0.25703778862953186,0.664033055305481,-0.4501492381095886,0.7470695972442627,-0.4503658711910248,0.8551777601242065,-0.8860566476931632
-0.2608514130115509,0.6390402317047119,-0.44047245383262634,0.6785163283348083,-0.020395219326019287,0.6506227850914001,-0.27572413039921095
-0.15783613920211792,0.6776548027992249,-0.0882568359375,0.5955843329429626,0.0310094952583313,0.5922405123710632,-0.8239087409443188
-0.30723971128463745,0.635977566242218,-0.1936240792274475,0.66288161277771,-0.07485783100128174,0.6463339924812317,-0.8239087409443188
-0.20805346965789795,1.5164183378219604,-0.6037700772285461,1.4422634840011597,-0.4297906458377838,1.5592668056488037,-0.5228787452803376
-0.4880875051021576,0.7948951125144958,-0.41213035583496094,0.7164890766143799,-0.18521249294281006,0.7564524412155151,0.7923916894982539
-0.8918218016624451,0.8105189204216003,-0.7480533123016357,0.8342135548591614,-0.5072461366653442,0.7798816561698914,-1.2218487496163564
-0.4172931909561157,0.6968334317207336,-0.6243472099304199,0.6647694706916809,-0.405958890914917,0.6073058843612671,-0.6989700043360187
-0.6653711795806885,0.6319131255149841,-0.8383030295372009,0.7041109800338745,-0.791376531124115,0.7108738422393799,-0.6020599913279624
-0.8413141369819641,1.0155363082885742,-0.8230909109115601,0.9110484719276428,-1.0874881744384766,0.93574458360672,-1.0705810742857071
-1.0793607234954834,0.9676042199134827,-1.09761643409729,1.037657618522644,-1.0874881744384766,0.93574458360672,-0.7931741239681502
-0.17765319347381592,1.0337307453155518,-0.08295953273773193,0.9515788555145264,-0.00409168004989624,0.9715603590011597,0.414973347970818
0.010202884674072266,0.8953859210014343,0.31407326459884644,0.9286037683486938,0.3415287733078003,0.7986283302307129,0.05690485133647255
0.04788863658905029,0.883668065071106,-0.06717324256896973,0.9246327877044678,-0.10670840740203857,0.9694795608520508,0.05690485133647255
0.07800209522247314,1.284112811088562,0.015153825283050537,1.226792812347412,-9.584426879882812e-05,1.2594125270843506,0.4471580313422192
0.22503483295440674,1.1908055543899536,0.3447704315185547,1.2225252389907837,0.4138282537460327,1.2726243734359741,0.1553360374650618
0.21301674842834473,1.334831953048706,0.15148967504501343,1.322247862815857,0.3849654197692871,1.298291802406311,0.13353890837021754
0.30430954694747925,1.2976720333099365,0.28248029947280884,1.368979811668396,0.3237072825431824,1.3997405767440796,-0.031517051446064856
-0.03158831596374512,1.3673592805862427,-0.02561897039413452,1.2771286964416504,-0.014079570770263672,1.3039559125900269,0.36921585741014284
0.22833245992660522,1.2661746740341187,0.21195125579833984,1.3596235513687134,0.2913922667503357,1.3896698951721191,0.11058971029924897
-1.1897358894348145,0.6512476205825806,-1.2903704643249512,0.6042420864105225,-1.4044392108917236,0.5626377463340759,-0.7622954418286619
-1.5385890007019043,0.5864267945289612,-1.5652124881744385,0.6309510469436646,-1.388879656791687,0.7709081172943115,-2.3549709352788577
-1.1515146493911743,0.7108942866325378,-1.2542530298233032,0.6799934506416321,-1.2352112531661987,0.5902489423751831,-0.6952639584468989
-1.0306196212768555,0.6564399003982544,-1.1479626893997192,0.745590329170227,-1.0799649953842163,0.8118921518325806,-0.7083292910333987
-1.4283030033111572,0.6885625720024109,-1.475271224975586,0.6441980004310608,-1.5177754163742065,0.5880403518676758,-1.1246608770454607
-1.3910548686981201,0.6865090131759644,-1.3686282634735107,0.7006379961967468,-1.458563208580017,0.5907742381095886,-1.0413166902732505
-1.3735480308532715,0.7698878049850464,-1.286758303642273,0.7490883469581604,-1.2841253280639648,0.8130630254745483,-1.032953061714837
-1.897660255432129,0.619331419467926,-1.8253815174102783,0.6803350448608398,-1.6120290756225586,0.7743000388145447,-2.374687549038326
-1.563652515411377,0.6151177883148193,-1.6913676261901855,0.6263596415519714,-1.7446696758270264,0.5696726441383362,-1.4921711039544716
-1.3744585514068604,0.756936252117157,-1.2960646152496338,0.7823454141616821,-1.3207833766937256,0.7084468603134155,-1.3998005974303367
-1.512247920036316,0.6898282170295715,-1.5058870315551758,0.7045230269432068,-1.6009504795074463,0.5923590660095215,-1.4496982512629177
-1.9615888595581055,0.6855372190475464,-1.9803260564804077,0.655375599861145,-1.7359185218811035,0.7795905470848083,-2.3988094673846665
-1.6320099830627441,0.7123422026634216,-1.647944450378418,0.673776388168335,-1.4886960983276367,0.609234094619751,-1.9034723343935602
-2.1210381984710693,0.7438231706619263,-2.233668804168701,0.7432212233543396,-2.255265712738037,0.6842628121376038,-2.595679532778269
-0.08395504951477051,0.5197847485542297,-0.23152464628219604,0.56500643491745,-0.2459656298160553,0.500721275806427,-0.4814860601221125
-0.17677950859069824,0.4638634920120239,-0.15804362297058105,0.5809536576271057,-0.16662341356277466,0.601598858833313,-0.23657200643706278
-0.026520967483520508,0.4906139075756073,-0.01402902603149414,0.5691918730735779,-0.04249703884124756,0.6296123266220093,0.021189299069938092
-0.3649967610836029,0.564776599407196,-0.4999207556247711,0.5883140563964844,-0.35893139243125916,0.522057831287384,0.2304489213782739
-0.2555873692035675,0.4988625943660736,-0.4813966155052185,0.5896797776222229,-0.3642575442790985,0.4828025996685028,-0.42021640338318983
-0.25792279839515686,0.5598940849304199,-0.4309595823287964,0.5954842567443848,-0.316387414932251,0.5267998576164246,0.04139268515822507
-0.2141367793083191,0.511966347694397,-0.26286956667900085,0.5608731508255005,-0.2534870207309723,0.4950639605522156,-0.1549019599857432
-0.07785964012145996,0.4998805820941925,-0.07806396484375,0.5678654909133911,-0.10189300775527954,0.5311005711555481,-0.22184874961635637
-0.12420707941055298,0.5472428202629089,0.039294421672821045,0.5232028365135193,-0.06260174512863159,0.5537870526313782,-0.22184874961635637
-0.10096603631973267,0.5339547991752625,-0.1627204418182373,0.4948680102825165,-0.16595536470413208,0.5200948715209961,0.04139268515822507
0.16697943210601807,0.563645601272583,-0.011881232261657715,0.5880489349365234,0.1509295105934143,0.5736506581306458,0.0
0.20099371671676636,0.5578995943069458,0.08921480178833008,0.5579370260238647,-0.06287014484405518,0.5274868011474609,0.17609125905568124
0.18145674467086792,0.6770147085189819,0.07256698608398438,0.7261438369750977,0.0456351637840271,0.5790591239929199,0.2304489213782739
0.11815375089645386,0.6683695912361145,-0.05726122856140137,0.5597989559173584,0.17205101251602173,0.5607020854949951,0.3424226808222063
-0.7182309031486511,0.611612856388092,-0.6022763252258301,0.628913402557373,-0.7354335784912109,0.5862381458282471,-1.147867825178142
-0.9158785939216614,0.6907849311828613,-0.9245113134384155,0.6054276823997498,-0.8019564151763916,0.6460487842559814,-1.18861939781828
-1.0549399852752686,0.599279522895813,-1.038306713104248,0.6643401980400085,-1.0085623264312744,0.661898136138916,-1.2887919201413667
-1.1387301683425903,0.6213802695274353,-1.1407403945922852,0.6160258650779724,-1.1224658489227295,0.6026861667633057,-1.3226577190884612
-1.3670673370361328,0.5880564451217651,-1.466869831085205,0.6383426189422607,-1.209262490272522,0.6208929419517517,-1.4648831791970478
-1.8147128820419312,0.7787016034126282,-1.825206995010376,0.8550166487693787,-1.3129503726959229,0.8015116453170776,-1.8239087409443189
-1.4046297073364258,0.8113464117050171,-1.4913339614868164,0.7838976979255676,-1.400804042816162,0.8071605563163757,-1.585026652029182
-1.4293229579925537,0.6571548581123352,-1.2199106216430664,0.5951024293899536,-1.476333737373352,0.689958393573761,-1.4685210829577449
-1.447866678237915,0.6262431144714355,-1.24647855758667,0.7605337500572205,-1.474001407623291,0.7205840945243835,-0.7695510786217261
-1.5127140283584595,0.6346576809883118,-0.4888732433319092,0.7000131607055664,-0.7826011776924133,0.7748709321022034,-0.8860566476931632
-1.7268165349960327,0.673250138759613,-1.8284554481506348,0.744712233543396,-1.5442726612091064,0.7873913049697876,-0.958607314841775
-1.5550098419189453,0.6244473457336426,-1.7644028663635254,0.568920910358429,-1.5946624279022217,0.597046434879303,-1.0705810742857071
-1.075692892074585,0.837928831577301,-1.1825025081634521,0.8426355123519897,-1.3034694194793701,0.6386197209358215,-1.154901959985743
-0.9164752960205078,0.6386293172836304,-1.092555046081543,0.6670546531677246,-1.19715416431427,0.5792421102523804,-0.9913998282380825
-0.7208527326583862,0.6065993309020996,-0.7641540765762329,0.6388005018234253,-0.8085116147994995,0.7517483234405518,-0.6716203965612623
-0.8293203711509705,0.6723676919937134,-0.9807881712913513,0.6903831958770752,-0.940182089805603,0.7422784566879272,-0.7644715530924511
-1.111968755722046,0.7211514115333557,-0.9079293012619019,0.6615679264068604,-1.0846151113510132,0.7087385058403015,-0.9244530386074693
0.3939651846885681,1.2994810342788696,0.32583677768707275,1.179748296737671,0.40535950660705566,1.1041500568389893,0.6532125137753437
0.5622441172599792,1.2012499570846558,0.6155380010604858,1.3518081903457642,0.616297721862793,1.3542158603668213,0.38560627359831223
-1.1276317834854126,0.5744872689247131,-1.191372036933899,0.40640658140182495,-1.134892225265503,0.46292397379875183,-0.958607314841775
-1.209941029548645,0.34529635310173035,-1.254240870475769,0.390804648399353,-1.2721607685089111,0.3492240905761719,-1.1487416512809248
-1.4376890659332275,0.5031107664108276,-1.4219961166381836,0.5381925106048584,-1.3760535717010498,0.5519024729728699,-1.2628073572952627
-1.2377572059631348,0.39931753277778625,-1.2090883255004883,0.35759437084198,-1.1809693574905396,0.33728304505348206,-1.0
-1.0437793731689453,0.39770275354385376,-0.9922348260879517,0.6488878726959229,-0.9366832375526428,0.6275692582130432,-0.9208187539523752
-1.088291883468628,0.3909838795661926,-1.1479662656784058,0.3819131553173065,-1.1303688287734985,0.337801992893219,-1.0736575533743449
-1.2112219333648682,0.6777155995368958,-1.2662465572357178,0.5981957912445068,-1.194108009338379,0.5948165655136108,-1.2410881076020264
-1.0403416156768799,0.36398863792419434,-1.1208292245864868,0.35989615321159363,-1.1027748584747314,0.34070244431495667,-0.958607314841775
-0.9632996320724487,0.4817115366458893,-0.8653136491775513,0.5045965313911438,-0.944940447807312,0.5079199075698853,-0.9208187539523752
-0.997589111328125,0.39611223340034485,-0.9115902781486511,0.4232058823108673,-1.0636320114135742,0.41311725974082947,-1.056011124926228
-1.1070173978805542,0.6937532424926758,-1.1205863952636719,0.6141584515571594,-1.143031120300293,0.6830136775970459,-1.2232988160115892
-0.9360533952713013,0.3998344838619232,-0.9571046829223633,0.4283864498138428,-0.9771497845649719,0.419185996055603,-0.958607314841775
-0.819351851940155,0.6278575658798218,-0.8179521560668945,0.5617516040802002,-0.7671425938606262,0.7099851965904236,-0.9208187539523752
-0.8954043388366699,0.4246824383735657,-0.9592113494873047,0.4779389798641205,-0.9153974056243896,0.4003954827785492,-1.0400051616715837
-1.0557849407196045,0.5751218795776367,-1.0847634077072144,0.6235466003417969,-1.0459781885147095,0.6597127318382263,-1.2132485778544388
-0.8718138933181763,0.42666324973106384,-0.8867268562316895,0.47836652398109436,-0.8878626823425293,0.4027508795261383,-0.958607314841775
-0.5865173935890198,0.46324169635772705,-0.5823867917060852,0.4805109202861786,-0.7804912328720093,0.4852641820907593,-0.3565473235138126
-0.8362743854522705,0.43132323026657104,-0.7844619154930115,0.4478819966316223,-0.8340070843696594,0.4777166545391083,-0.494850021680094
-1.0030605792999268,0.4605020582675934,-0.7944352626800537,0.47796568274497986,-0.7188687324523926,0.4716208875179291,-0.638272163982407
-0.9222937822341919,0.44316771626472473,-1.0645744800567627,0.4344067871570587,-0.867965579032898,0.47019830346107483,-0.8538719643217619
-1.0999369621276855,0.4697522521018982,-1.208355188369751,0.4655858874320984,-1.1077650785446167,0.47726044058799744,-1.3010299956639813
-0.7563788890838623,0.7865422368049622,-0.6779334545135498,0.7823866605758667,-0.4917934536933899,0.8253757953643799,0.11394335230683678
-1.3036797046661377,0.4071219265460968,-1.2943658828735352,0.4086720645427704,-1.3101732730865479,0.35613614320755005,-1.3010299956639813
-1.1313062906265259,0.3937929570674896,-1.1516063213348389,0.3916695713996887,-1.1684010028839111,0.34444278478622437,-1.0969100130080565
-1.0511744022369385,0.38655030727386475,-1.0685498714447021,0.41480177640914917,-1.113743782043457,0.4115612208843231,-0.8538719643217619
-1.3840562105178833,0.5234333276748657,-1.43613600730896,0.5818312168121338,-1.421590805053711,0.5336484909057617,-1.5228787452803376
-0.47983160614967346,0.6023136377334595,-0.0715455412864685,0.6752356290817261,-0.6582059860229492,0.7543999552726746,0.17926446433902532
0.32206445932388306,0.6753267049789429,0.34316372871398926,0.738021194934845,-0.07490819692611694,0.7046446204185486,-0.11294562194904302
0.15339767932891846,0.7393361330032349,0.3271973133087158,0.8758755922317505,0.32153868675231934,0.8389313220977783,-0.6635402661514704
-0.5188965797424316,0.4500202536582947,-0.49442633986473083,0.46176883578300476,-0.5761381387710571,0.42401689291000366,-0.744727494896694
-0.5301991701126099,0.41715073585510254,-0.4772920608520508,0.443220317363739,-0.5438110828399658,0.41653868556022644,-0.585026652029182
-0.5750272274017334,0.4457075893878937,-0.6073722839355469,0.4613446295261383,-0.6265144944190979,0.45658040046691895,-0.7695510786217261
-0.5216703414916992,0.4305262863636017,-0.5914663076400757,0.4392833411693573,-0.6520261168479919,0.4111942946910858,-0.6020599913279624
-0.8287582397460938,0.44158604741096497,-0.7865667939186096,0.4540923237800598,-0.7923839688301086,0.45627063512802124,-0.8538719643217619
-0.7989489436149597,0.40661999583244324,-0.7796286344528198,0.4360807240009308,-0.7686571478843689,0.4417973458766937,-0.6777807052660807
-0.9426991939544678,0.4233133792877197,-0.9211379885673523,0.4418908357620239,-1.002774715423584,0.427398681640625,-0.8860566476931632
-0.9379804134368896,0.42628052830696106,-0.9002138376235962,0.4186333119869232,-1.0040843486785889,0.4164864122867584,-0.7695510786217261
-0.9398064613342285,0.49306347966194153,-0.9525372385978699,0.6794584393501282,-1.109038233757019,0.5016739368438721,-0.8209425287452897
-1.1736204624176025,0.5551322102546692,-0.9935696721076965,0.671941339969635,-1.0955150127410889,0.6059157848358154,-1.186539109459555
-1.0426931381225586,0.39502841234207153,-1.0068819522857666,0.4623769223690033,-1.0107382535934448,0.43444475531578064,-1.0457574905606752
-0.997307300567627,0.43144726753234863,-0.9843084216117859,0.43204465508461,-0.9863779544830322,0.39228659868240356,-0.9030899869919435
-0.9303901195526123,0.5479339361190796,-0.9094599485397339,0.5710274577140808,-0.9287286996841431,0.58077073097229,-0.7668921556946119
-0.9950282573699951,0.5359103083610535,-1.020307183265686,0.6616681814193726,-0.914034366607666,0.5723278522491455,-0.9548687791235029
-0.8698314428329468,0.5208607912063599,-0.9079735279083252,0.5450899004936218,-0.8855724334716797,0.4584975242614746,-0.8767594132816814
-0.9341161847114563,0.547122597694397,-0.9218761920928955,0.5533362627029419,-0.9623603224754333,0.6230477690696716,-0.9875888458069761
-0.9029078483581543,0.4232272803783417,-0.989153265953064,0.37334781885147095,-0.8656472563743591,0.40317079424858093,-0.8079904073463299
-0.9431577920913696,0.4218711256980896,-0.790685772895813,0.43386518955230713,-0.9146860837936401,0.40606066584587097,-0.7311553558532908
-0.8094602823257446,0.5267408490180969,-0.796119213104248,0.6586998105049133,-0.8890762329101562,0.5275917053222656,-0.7356639445104669
-0.8612823486328125,0.5236069560050964,-0.8589290380477905,0.5574804544448853,-0.8363512754440308,0.5583193302154541,-0.8788736818071115
-0.7741722464561462,0.5681433081626892,-0.7718981504440308,0.6158230900764465,-0.8132210373878479,0.6041153073310852,-0.7535900597763822
-0.843049943447113,0.5282719135284424,-0.7888290882110596,0.5637026429176331,-0.8456671833992004,0.6324005126953125,-0.8407216304182816
-0.6831496357917786,0.4209057092666626,-0.8561174273490906,0.3811768591403961,-0.8313419818878174,0.41862237453460693,-0.7244583115986905
-0.7467080354690552,0.405573308467865,-0.7110791206359863,0.42745476961135864,-0.7979703545570374,0.4124152362346649,-0.6353008257633614
-0.6671468615531921,0.5852978229522705,-0.6536197662353516,0.5547469854354858,-0.7022945284843445,0.6179333329200745,-0.7195559448150182
-0.7712733149528503,0.5443754196166992,-0.7440834641456604,0.6461005210876465,-0.7347265481948853,0.6420659422874451,-0.7986738981943117
-0.718370258808136,0.43486326932907104,-0.6218552589416504,0.4427989423274994,-0.6857002973556519,0.42328107357025146,-0.6989700043360187
-0.6344215869903564,0.4811517894268036,-0.6631828546524048,0.45364654064178467,-0.671414315700531,0.43719351291656494,-0.6087931025529644
-0.595142126083374,1.093554973602295,-0.6252700090408325,0.9860795140266418,-0.37000513076782227,1.143829584121704,-0.49894073778224846
-0.08762025833129883,0.9561988711357117,-0.33537065982818604,0.9973810911178589,-0.2590399384498596,0.8694238662719727,-0.38827669199265824
-0.08762025833129883,0.9561988711357117,-0.28450971841812134,0.839682936668396,-0.3122861385345459,0.9192023873329163,-0.36957212497497616
-0.4957161545753479,0.8469945192337036,-0.48519548773765564,0.9887254238128662,-0.620552122592926,0.9403459429740906,-0.35066514128785814
-0.2962290644645691,1.0757330656051636,-0.5817861557006836,1.0358965396881104,-0.4570527970790863,1.041709542274475,-0.25414480482627105
-0.5163935422897339,0.40898922085762024,-0.47509434819221497,0.40986141562461853,-0.4880653917789459,0.39403656125068665,-0.906578314837765
-0.5248633623123169,0.3958200514316559,-0.5224199891090393,0.40515458583831787,-0.5529472231864929,0.39953428506851196,-0.6439741428068773
-0.5501445531845093,0.3825673758983612,-0.49851399660110474,0.42914319038391113,-0.5529472231864929,0.39953428506851196,-0.7258421507363202
-0.5353672504425049,0.4033069610595703,-0.5880487561225891,0.40187203884124756,-0.5056279301643372,0.45825257897377014,-0.6777807052660807
-0.5901748538017273,0.4120815694332123,-0.5285477042198181,0.3790033161640167,-0.5056279301643372,0.45825257897377014,-0.744727494896694
-0.5062230825424194,0.40415501594543457,-0.566582202911377,0.3951900899410248,-0.5547686815261841,0.36374321579933167,-0.7798919119599449
-0.7698025107383728,0.38208213448524475,-0.8489572405815125,0.3925969898700714,-0.8009885549545288,0.4319218099117279,-0.8153085691824012
-0.8200196623802185,0.43806684017181396,-0.7589806318283081,0.41883495450019836,-0.6722792387008667,0.4617347717285156,-0.8860566476931632
-0.6837159991264343,0.4538955092430115,-0.7188796997070312,0.429447203874588,-0.67063307762146,0.4253453016281128,-0.9100948885606021
-0.5868088603019714,0.3745662569999695,-0.5948118567466736,0.37397903203964233,-0.6011742353439331,0.38272392749786377,-0.8386319977650252
-0.5901800394058228,0.3879254460334778,-0.6090181469917297,0.36162036657333374,-0.6211071610450745,0.37829795479774475,-0.6478174818886375
-0.6258983612060547,0.3742627203464508,-0.5623725056648254,0.4210871756076813,-0.6065309047698975,0.3931673467159271,-0.7328282715969863
-0.6422311067581177,0.40505701303482056,-0.6235764026641846,0.4090851843357086,-0.6463483572006226,0.38579314947128296,-0.6777807052660807
-0.6422311067581177,0.40505701303482056,-0.6235764026641846,0.4090851843357086,-0.6186205744743347,0.40481969714164734,-0.744727494896694
-0.5715936422348022,0.3976185619831085,-0.6079764366149902,0.34725141525268555,-0.5544705986976624,0.3860568106174469,-0.785156151952302
-0.7674679756164551,0.4089951515197754,-0.7502707839012146,0.4394899308681488,-0.7902617454528809,0.3932812213897705,-0.826813731587726
-0.8194109797477722,0.39669302105903625,-0.8429301977157593,0.4290601313114166,-0.8174577951431274,0.4379906952381134,-0.8860566476931632
-0.7586541771888733,0.41458597779273987,-0.8279560804367065,0.414686918258667,-0.8148344159126282,0.4552415907382965,-0.9172146296835499
-0.7210012674331665,0.3854061961174011,-0.7370656132698059,0.3631941080093384,-0.7126691937446594,0.4150193929672241,-0.707743928643524
-0.7399191856384277,0.35920605063438416,-0.7033811211585999,0.3506883978843689,-0.6920295357704163,0.3852198123931885,-0.8446639625349383
-0.7718260288238525,0.3839394748210907,-0.7510405778884888,0.3558674156665802,-0.6960436701774597,0.4405122399330139,-0.744727494896694
-0.7522396445274353,0.38422420620918274,-0.7548084855079651,0.3793969750404358,-0.6960436701774597,0.4405122399330139,-0.8538719643217619
-0.735916793346405,0.3558247983455658,-0.7030109167098999,0.37105974555015564,-0.7181310653686523,0.37484219670295715,-0.7644715530924511
-0.6915680170059204,0.3952096700668335,-0.6578119993209839,0.3972102403640747,-0.6721094250679016,0.4219714105129242,-0.8996294548824371
-0.8956705331802368,0.38632017374038696,-0.8958965539932251,0.38547614216804504,-0.8976472616195679,0.3826841711997986,-0.9469215565165803
-0.9080647230148315,0.38293227553367615,-0.9427039623260498,0.411711186170578,-0.8626809120178223,0.44536715745925903,-1.0457574905606752
-0.852708637714386,0.43960875272750854,-0.8855833411216736,0.4182552695274353,-0.8444082736968994,0.40946200489997864,-1.1135092748275182
-0.8977850079536438,0.3521614670753479,-0.8873706459999084,0.35426145792007446,-0.8710431456565857,0.3436570465564728,-0.790484985457369
-0.8977850079536438,0.3521614670753479,-0.8703117370605469,0.33992692828178406,-0.8618932366371155,0.4059198498725891,-0.9706162223147904
-0.9488389492034912,0.3734269440174103,-0.9319301247596741,0.3639625608921051,-0.8936729431152344,0.431303471326828,-0.8239087409443188
-0.9488389492034912,0.3734269440174103,-0.815687894821167,0.3524610698223114,-0.9302952289581299,0.3891497552394867,-0.9208187539523752
-0.8730435371398926,0.3900027871131897,-0.8699760437011719,0.3633013069629669,-0.8824789524078369,0.36744359135627747,-0.978810700930062
-1.1055337190628052,0.355502188205719,-1.030358076095581,0.42545369267463684,-1.0910217761993408,0.41147899627685547,-1.0409586076789064
-1.1127476692199707,0.4226641356945038,-1.104227900505066,0.42038029432296753,-1.063711166381836,0.4109163284301758,-1.0969100130080565
-0.8274891972541809,0.3522000014781952,-0.8699760437011719,0.3633013069629669,-0.8824789524078369,0.36744359135627747,-0.692503962086787
-1.1027525663375854,0.38146814703941345,-1.0905565023422241,0.40786013007164,-1.0932512283325195,0.43480002880096436,-1.1739251972991736
-0.9159109592437744,0.37036260962486267,-0.927139163017273,0.35410064458847046,-0.9142990112304688,0.3468067944049835,-0.8096683018297085
-1.0602625608444214,0.43080809712409973,-1.055957555770874,0.5027498602867126,-0.9616895914077759,0.6411516070365906,-0.7495799976911061
-0.37059324979782104,0.4799353778362274,-0.33765408396720886,0.5177467465400696,-0.44978901743888855,0.5371735692024231,-0.7328282715969863
-1.1151682138442993,0.3372528851032257,-1.1758615970611572,0.37245070934295654,-1.1338773965835571,0.3697287142276764,-1.0861861476162833
-1.1571946144104004,0.37059107422828674,-1.1064759492874146,0.4370698928833008,-1.1575897932052612,0.3856525421142578,-1.0555173278498313
-1.0607917308807373,0.48135119676589966,-1.0634757280349731,0.45739227533340454,-1.0600693225860596,0.4719763696193695,-1.0268721464003012
-1.0285441875457764,0.4156387448310852,-1.0413174629211426,0.4716869592666626,-1.0226263999938965,0.4469292461872101,-1.013228265733755
-0.8856651782989502,0.46113821864128113,-0.8926575779914856,0.5172518491744995,-0.890822172164917,0.4882521629333496,-1.0
-1.06717848777771,0.3913942575454712,-1.1204739809036255,0.3635692000389099,-1.035542368888855,0.38376885652542114,-0.8538719643217619
-1.1513804197311401,0.4580620527267456,-1.2881689071655273,0.6198146343231201,-1.1719495058059692,0.6190512180328369,-0.8239087409443188
-1.2803232669830322,0.4038570821285248,-1.2803308963775635,0.43869921565055847,-1.30466628074646,0.4178038239479065,-1.154901959985743
-0.7539570331573486,0.48031556606292725,-0.6296764016151428,0.5189095139503479,-0.6119468808174133,0.5465386509895325,-0.7958800173440752
-1.3050060272216797,0.3744673430919647,-1.239607572555542,0.4500681459903717,-1.3265372514724731,0.3784119188785553,-1.154901959985743
-1.2380585670471191,0.43738389015197754,-1.2492306232452393,0.44180482625961304,-1.1946732997894287,0.4080118238925934,-1.0969100130080565
-1.1432324647903442,0.42327892780303955,-1.1511974334716797,0.4550507962703705,-1.1095706224441528,0.4528053402900696,-1.0969100130080565
-1.0885062217712402,0.49188563227653503,-1.109631896018982,0.4884015619754791,-1.1093311309814453,0.47376635670661926,-1.0457574905606752
-1.1294915676116943,0.4031943678855896,-1.0989986658096313,0.42375609278678894,-1.147120475769043,0.39309149980545044,-0.8356471442155629
-1.1294915676116943,0.4031943678855896,-1.103879690170288,0.3922809660434723,-1.147120475769043,0.39309149980545044,-1.0087739243075051
-1.1327484846115112,0.40903666615486145,-1.0966761112213135,0.4195050895214081,-1.1051760911941528,0.4631979167461395,-0.8538719643217619
-1.1269235610961914,0.4071466624736786,-1.0966761112213135,0.4195050895214081,-1.1593234539031982,0.410803884267807,-1.0457574905606752
-1.0829187631607056,0.4181845188140869,-1.051633596420288,0.42988982796669006,-1.0468846559524536,0.46179986000061035,-1.0861861476162833
-1.2761964797973633,0.4308373034000397,-1.305883526802063,0.4033108353614807,-1.2577381134033203,0.43655431270599365,-1.1249387366083
-1.3073041439056396,0.42716658115386963,-1.3355481624603271,0.4373663663864136,-1.3227386474609375,0.4265008866786957,-1.2218487496163564
-1.3119971752166748,0.4148821532726288,-1.3055133819580078,0.4374880790710449,-1.293928861618042,0.4273533821105957,-1.2839966563652008
-1.0829187631607056,0.4181845188140869,-1.1007916927337646,0.40302082896232605,-1.1272494792938232,0.4103379249572754,-0.6903698325741012
-1.2349700927734375,0.47829437255859375,-1.128825306892395,0.47393515706062317,-1.1515138149261475,0.5409413576126099,-0.9208187539523752
-1.3551197052001953,0.5682406425476074,-1.2917189598083496,0.5542156100273132,-1.3179235458374023,0.7389755845069885,-0.8632794328435931
-1.416863203048706,0.4720604121685028,-1.319760799407959,0.5040658712387085,-1.3654446601867676,0.5160211324691772,-1.3187587626244128
-0.6419544816017151,0.5731978416442871,-0.7030401229858398,0.6005730628967285,-0.7027881145477295,0.6175057888031006,-0.826813731587726
-1.3685407638549805,0.43640097975730896,-1.3481595516204834,0.5162203907966614,-1.3640952110290527,0.5591323375701904,-1.275724130399211
-1.258352279663086,0.49899664521217346,-1.3518555164337158,0.5040066838264465,-1.2308939695358276,0.515326201915741,-1.214670164989233
-1.1743977069854736,0.5470473766326904,-1.2041523456573486,0.5122696161270142,-1.229005217552185,0.5916818380355835,-1.1611509092627446
-1.1569441556930542,0.516331136226654,-1.175849437713623,0.5892686247825623,-1.068572998046875,0.5737683176994324,-1.1307682802690238
-1.8542485237121582,1.0284295082092285,-1.9492442607879639,0.934019923210144,-1.8177506923675537,0.9808123707771301,-2.0
-1.7174392938613892,1.0438312292099,-1.665174961090088,1.0688344240188599,-1.5016655921936035,0.9850059151649475,-2.0
-1.9364159107208252,0.9680619239807129,-1.9545763731002808,1.144494891166687,-1.8618981838226318,1.0166324377059937,-1.5228787452803376
-2.017207622528076,0.9682289958000183,-2.078373908996582,0.8869990706443787,-2.2349750995635986,0.9770362973213196,-1.585026652029182
-1.7837932109832764,1.0443499088287354,-1.7815697193145752,1.1159508228302002,-1.389317274093628,1.0896252393722534,-1.8860566476931633
-1.7208642959594727,1.0870288610458374,-1.6293485164642334,1.0323874950408936,-1.296222448348999,1.1487789154052734,-2.154901959985743
-0.5123354196548462,0.9494062662124634,-0.529696524143219,0.9659274220466614,-0.11291199922561646,0.9114789962768555,-0.6777807052660807
-0.9933938980102539,0.8869694471359253,-0.7405980825424194,0.8944202661514282,-1.55315363407135,0.9381136298179626,-1.3979400086720375
-0.5329763889312744,0.8958624601364136,-0.8235810399055481,0.9005865454673767,-0.63651043176651,0.898285448551178,-0.8860566476931632
-0.9605059623718262,0.42927050590515137,-0.9606231451034546,0.3978450298309326,-0.9726120829582214,0.39439287781715393,-0.7024583321818402
-1.0574851036071777,0.39761704206466675,-1.0606279373168945,0.38479718565940857,-1.0514057874679565,0.39083927869796753,-0.7695510786217261
-1.1679255962371826,0.3514425456523895,-1.22488534450531,0.35844531655311584,-1.1789822578430176,0.37125730514526367,-1.0486624812040823
-1.316057562828064,0.40712451934814453,-1.2838531732559204,0.4008679687976837,-1.3033562898635864,0.36300012469291687,-1.2814983111327258
-1.1284353733062744,0.3419342041015625,-1.1371045112609863,0.34385234117507935,-1.0807384252548218,0.34831488132476807,-2.065501548756432
-1.0285942554473877,0.395499587059021,-0.9679293632507324,0.4332268536090851,-0.9603763222694397,0.3785119652748108,-1.8860566476931633
-1.504251480102539,0.5135964751243591,-1.4495298862457275,0.5215898752212524,-1.3484416007995605,0.5202116370201111,-1.4225082001627747
0.01532834768295288,0.5496962666511536,-0.009372532367706299,0.629266083240509,-0.030271589756011963,0.6478850245475769,0.021189299069938092
0.07361060380935669,0.6043851971626282,0.05480659008026123,0.5877490043640137,0.03515416383743286,0.6320457458496094,0.13353890837021754
0.14293330907821655,0.5844060182571411,0.11001825332641602,0.6089255213737488,-0.040547966957092285,0.4761311113834381,0.15228834438305647
-0.09167122840881348,0.5930131673812866,-0.12055736780166626,0.6148902177810669,-0.17643016576766968,0.6379257440567017,-0.07572071393811836
-0.04108208417892456,0.5705358982086182,-0.08928626775741577,0.6133301854133606,-0.08116358518600464,0.6338779330253601,0.03742649794062367
0.186772882938385,0.5775278806686401,-0.1316630244255066,0.5106785297393799,-0.1887071132659912,0.48756739497184753,0.19865708695442263
0.28008759021759033,0.5693779587745667,0.2939133644104004,0.643423318862915,-0.1746721863746643,0.5126410126686096,0.2576785748691845
0.2874225974082947,0.5831863284111023,0.241005539894104,0.6127410531044006,0.08387506008148193,0.4740445017814636,0.2787536009528289
0.5342493057250977,0.6405057311058044,0.5351206064224243,0.6573007702827454,0.2714803218841553,0.484928697347641,0.3979400086720376
-0.7128279209136963,1.000161051750183,-0.79969322681427,1.0758391618728638,-0.8200400471687317,1.1237690448760986,-1.0969100130080565
-1.279749870300293,0.870363712310791,-1.2293241024017334,0.8098330497741699,-1.2301582098007202,0.9243872761726379,-1.4559319556497243
-1.2659293413162231,0.8897395730018616,-1.3664875030517578,0.8300004601478577,-1.434799313545227,0.9288965463638306,-1.337242168318426
-0.22992753982543945,0.6701914072036743,-0.3448181450366974,0.695319414138794,-0.3729275166988373,0.7131794691085815,-1.2218487496163564
-1.5725607872009277,0.8288532495498657,-1.5965362787246704,0.7528977990150452,-1.6309409141540527,0.8228996396064758,-1.1426675035687315
-0.5685892105102539,0.5432813763618469,-0.8041218519210815,0.6706485152244568,-0.6552402377128601,0.569237232208252,-0.7818848136954515
-0.8659445643424988,0.5822395086288452,-0.6637041568756104,0.5618931651115417,-0.6337035298347473,0.5713241100311279,-0.8142879001299939
-0.8723413944244385,0.5812809467315674,-0.8102385997772217,0.6695446372032166,-0.6566003561019897,0.502044677734375,-0.8766711330736523
-0.5870936512947083,0.5402572751045227,-0.6315006017684937,0.5839613080024719,-0.6519511342048645,0.567798376083374,-0.9071390566611826
-0.39913052320480347,0.8970785737037659,-0.31765618920326233,0.7616971731185913,-0.3535161316394806,0.7652808427810669,-0.0735546521816107
-0.7251970767974854,0.6646978855133057,-0.8802521228790283,0.6582146883010864,-0.729200005531311,0.5745928287506104,-1.065299598284575
-0.5585790276527405,0.5698375105857849,-0.508126974105835,0.6820859313011169,-0.5920578837394714,0.7345387935638428,-0.3699791488865901
-0.9391801953315735,0.6584445238113403,-1.0858694314956665,0.6323760151863098,-0.9310413002967834,0.5475916862487793,-1.3182162335321188
-0.6727041602134705,0.9016843438148499,-0.5617268085479736,0.7256348729133606,-0.6509695053100586,0.7292577028274536,-0.4659738939438649
-0.6727041602134705,0.9016843438148499,-0.4504238963127136,0.6994880437850952,-0.5810717344284058,0.8148956298828125,-0.47873112440161475
-0.6559587717056274,0.8816500902175903,-0.47734180092811584,0.7370923161506653,-0.5267565846443176,0.7171617746353149,-0.6307841425898572
-0.5858206748962402,0.7304971218109131,-0.5848675966262817,0.7857308387756348,-0.6144834756851196,0.8238965272903442,-1.0457574905606752
-1.3242828845977783,0.5495846271514893,-1.153153419494629,0.6247180700302124,-1.2365384101867676,0.6498331427574158,0.29587484521737917
-0.8934963941574097,0.5272281169891357,-1.0094364881515503,0.5799273252487183,-1.2365384101867676,0.6498331427574158,-1.3867926478962402
-1.9982092380523682,1.2472400665283203,-2.10404109954834,1.168596863746643,-2.245607614517212,1.16939377784729,-2.0
-1.6390161514282227,1.2169305086135864,-1.601019024848938,1.165715217590332,-1.5870287418365479,1.0968821048736572,-2.0
-1.5902354717254639,1.0219247341156006,-1.5538668632507324,0.9231311082839966,-1.553355097770691,0.9585602879524231,-1.5228787452803376
-1.3838013410568237,1.223281979560852,-1.3595584630966187,1.1617265939712524,-1.57749605178833,1.109401822090149,-1.3010299956639813
0.8270452618598938,0.727178156375885,0.15845388174057007,0.6757398843765259,0.4294130802154541,0.6949043869972229,0.515873843711679
-0.19685983657836914,0.8587334156036377,-0.21189135313034058,1.0138643980026245,-0.1551070213317871,0.975436806678772,-0.494850021680094
-0.09417015314102173,0.9413352012634277,-0.1227838397026062,0.8633373379707336,-0.12301456928253174,0.9094926714897156,-0.46852108295774486
-0.23656409978866577,0.9100528359413147,-0.25949642062187195,1.0066403150558472,-0.3258640468120575,1.0525329113006592,-0.06550154875643228
-0.1636149287223816,0.9390191435813904,-0.2648826539516449,1.0073827505111694,-0.18546128273010254,0.9756489396095276,-0.10237290870955855
-0.23393142223358154,0.860193133354187,-0.3000008761882782,1.0135338306427002,-0.3647002875804901,1.054461121559143,0.08278537031645007
-0.33017995953559875,0.8209859728813171,-0.30837345123291016,0.8650884628295898,-0.39601099491119385,0.8011406660079956,-0.22184874961635637
-0.451212078332901,0.973067581653595,-0.4537785053253174,1.0536621809005737,-0.5006289482116699,0.967196524143219,-0.22914798835785583
-0.472002238035202,0.823379397392273,-0.3200519382953644,1.014531135559082,-0.4389741122722626,0.9302182793617249,-0.07058107428570727
-0.20690768957138062,0.873328685760498,-0.6853532791137695,0.9580811858177185,-0.8112217783927917,0.8395329117774963,-1.154901959985743
-0.13051801919937134,0.6514604687690735,-0.5144152045249939,0.7155970335006714,-0.5871425271034241,0.6717944145202637,-1.207608310501746
-0.04107397794723511,0.9395270943641663,-0.10386937856674194,0.9598097205162048,-0.022853970527648926,0.9846462607383728,-0.22184874961635637
0.6639723181724548,0.8035898208618164,0.3035852313041687,0.8437759876251221,0.19629698991775513,0.7293955683708191,0.17609125905568124
0.032672226428985596,0.6030354499816895,-0.0065364837646484375,0.6513105034828186,0.022449731826782227,0.693174421787262,-0.045757490560675115
0.052966415882110596,0.6099286675453186,0.12017488479614258,0.6948712468147278,0.05839848518371582,0.6220794320106506,0.04139268515822507
0.02654087543487549,0.5498100519180298,0.11551332473754883,0.6743782758712769,-0.06712627410888672,0.6522912979125977,-0.09691001300805639
-0.10841190814971924,0.7020388245582581,-0.04431641101837158,0.6123037338256836,-0.1426905393600464,0.6575857996940613,-0.045757490560675115
-0.06455504894256592,0.6479544043540955,0.07587069272994995,0.6846155524253845,-0.03483736515045166,0.6528091430664062,0.06069784035361165
-0.10423481464385986,0.5342694520950317,-0.15471911430358887,0.6296037435531616,-0.12483108043670654,0.5868692994117737,-0.045757490560675115
-0.05629664659500122,0.672490656375885,0.13680559396743774,0.7354385256767273,0.02554875612258911,0.656461238861084,-0.022276394711152253
-1.6173465251922607,0.8763429522514343,-1.6939663887023926,0.820571780204773,-1.6252202987670898,0.8340135812759399,-1.8239087409443189
-1.5941944122314453,0.9277380108833313,-1.7608033418655396,0.8243129253387451,-1.6362355947494507,0.8720720410346985,-1.744727494896694
-1.6934208869934082,0.8133543729782104,-1.7322219610214233,0.8769689202308655,-1.5965285301208496,0.9530752301216125,-1.7212463990471711
-1.9843761920928955,1.0857868194580078,-1.9974714517593384,0.9488002061843872,-2.229733467102051,1.0624585151672363,-2.0
-2.0462114810943604,0.8310080170631409,-2.0527052879333496,1.1225955486297607,-2.308058977127075,1.0297404527664185,-2.0
-1.7755284309387207,1.129790186882019,-1.9456698894500732,1.1911920309066772,-1.9040586948394775,1.01603364944458,-2.0
-0.3992602825164795,0.6363438367843628,-0.5738773941993713,0.6085270047187805,-0.3274351954460144,0.5353007912635803,-0.3979400086720376
-0.18309283256530762,0.5002459287643433,-0.15704864263534546,0.6958005428314209,-0.24288654327392578,0.6223521828651428,-0.1549019599857432
0.1075482964515686,0.5994295477867126,-0.16506165266036987,0.5873265862464905,-0.045852601528167725,0.6259813904762268,0.07918124604762482
0.23964864015579224,0.560111939907074,0.10722261667251587,0.6352543234825134,0.18223947286605835,0.6137025356292725,0.17609125905568124
-0.06580924987792969,0.5255975127220154,0.2674582004547119,0.6692621111869812,-0.23661041259765625,0.688698947429657,-0.3979400086720376
-0.06947565078735352,0.5907373428344727,0.06133830547332764,0.6560893058776855,0.03520667552947998,0.6198035478591919,0.0
0.09459805488586426,0.46201878786087036,0.1594133973121643,0.47267451882362366,0.2493944764137268,0.6071309447288513,0.3010299956639812
0.2970494031906128,0.57110995054245,0.38852524757385254,0.46880248188972473,0.39961910247802734,0.4936372935771942,0.47712125471966244
-0.2529876232147217,0.6396945714950562,0.39257681369781494,0.6947826147079468,-0.17307263612747192,0.653776228427887,-0.3467874862246563
0.11106353998184204,0.5248385071754456,0.18262320756912231,0.5133297443389893,0.27536672353744507,0.6784726977348328,0.146128035678238
0.2333216667175293,0.4767037034034729,0.3891547918319702,0.5497148633003235,0.42604631185531616,0.5905598998069763,0.4471580313422192
0.42474985122680664,0.5567254424095154,0.5117740035057068,0.48152589797973633,0.6061363816261292,0.5763571858406067,0.5797835966168101
0.23260819911956787,0.5550539493560791,0.46822309494018555,0.6853193640708923,0.02756214141845703,0.7228022217750549,-0.3010299956639812
0.1664547324180603,0.6013345122337341,0.2915515899658203,0.6279133558273315,0.41640526056289673,0.7182934880256653,0.3010299956639812
0.5472366213798523,0.5077107548713684,0.5687505602836609,0.6368385553359985,0.6293677687644958,0.6641938090324402,0.7403626894942439
0.3845564126968384,0.5731065273284912,0.44343191385269165,0.4851308763027191,0.5547524094581604,0.5955867171287537,0.4913616938342727
0.81612229347229,0.6353213787078857,0.8075417876243591,0.665328323841095,0.8813489079475403,0.7058401107788086,0.8344207036815325
-0.1083870530128479,0.5903705954551697,-0.09717386960983276,0.652682900428772,-0.07589715719223022,0.7136202454566956,0.2600713879850748
0.6715851426124573,1.0118547677993774,0.6856938600540161,0.9136102795600891,0.1958543062210083,0.8619807362556458,0.25527250510330607
1.148966670036316,1.171492099761963,0.9130667448043823,1.3503695726394653,1.1683354377746582,1.2242974042892456,0.9916690073799486
-0.3276098370552063,1.041094183921814,-0.5805853605270386,1.043218731880188,-0.7126562595367432,1.1845906972885132,0.25527250510330607
-0.3464621305465698,0.4823336601257324,-0.4057296812534332,0.4604340195655823,-0.30109935998916626,0.4433076083660126,-0.5100415205751654
-0.3156825304031372,0.40782544016838074,-0.2924676835536957,0.48435741662979126,-0.37182801961898804,0.41698187589645386,-0.5436339668709571
-0.4210605323314667,0.41061508655548096,-0.44072026014328003,0.4092773199081421,-0.351563036441803,0.42266878485679626,-0.5833594926617189
-0.42699092626571655,0.3898114860057831,-0.30409082770347595,0.4244339168071747,-0.3392224907875061,0.417684942483902,-0.6073030467403343
-0.3971840441226959,0.4197472035884857,-0.4610219895839691,0.4516391158103943,-0.4916473627090454,0.4450463056564331,-0.5512936800949201
-0.37852931022644043,0.41502025723457336,-0.37473204731941223,0.477894127368927,-0.43805378675460815,0.41458484530448914,-0.5767541260631921
-0.4837411046028137,0.4450330138206482,-0.497860312461853,0.4390130639076233,-0.49291062355041504,0.3897402286529541,-0.6038006529042637
-0.5169024467468262,0.38740938901901245,-0.5519536733627319,0.38104018568992615,-0.6200003027915955,0.3857603073120117,-0.6345120151091003
-0.5613275170326233,0.44164904952049255,-0.4978012144565582,0.4157460033893585,-0.5239314436912537,0.47839024662971497,-0.5734887386354247
-0.49668174982070923,0.4053046703338623,-0.48490649461746216,0.4701131582260132,-0.5682159066200256,0.3862427771091461,-0.5985994592184558
-0.5884206891059875,0.4460953176021576,-0.5775426626205444,0.4352383017539978,-0.5884976387023926,0.3816917836666107,-0.6289321377282637
-0.5787622928619385,0.42740729451179504,-0.4965800642967224,0.42228150367736816,-0.5315580368041992,0.4137924313545227,-0.6716203965612623
-0.6684810519218445,0.4763854742050171,-0.6760610938072205,0.424202561378479,-0.6416712403297424,0.43015849590301514,-0.6497519816658371
-0.6414192914962769,0.3916914463043213,-0.6293134689331055,0.3981037735939026,-0.6691935062408447,0.36746150255203247,-0.6968039425795111
-0.773131251335144,0.33713504672050476,-0.6703572869300842,0.4320414662361145,-0.7016001343727112,0.4116520285606384,-0.7328282715969863
-0.7062445282936096,0.42932647466659546,-0.63277268409729,0.423878937959671,-0.659726619720459,0.41379719972610474,-0.7878123955960422
-0.754913330078125,0.4720415472984314,-0.7530707716941833,0.512965202331543,-0.6853231191635132,0.4224269390106201,-0.6716203965612623
-0.7014169692993164,0.37372779846191406,-0.7359139323234558,0.34934332966804504,-0.7477584481239319,0.3729069232940674,-0.7772835288524167
-0.7264152765274048,0.4400356709957123,-0.835777997970581,0.4715554118156433,-0.7980724573135376,0.37116146087646484,-0.8477116556169436
-0.820061206817627,0.35775721073150635,-0.8586498498916626,0.416892409324646,-0.9345585107803345,0.3921066224575043,-0.8927900303521317
-0.6921754479408264,0.5043246150016785,-0.7167360782623291,0.49285513162612915,-0.49659276008605957,0.4293133020401001,-0.5214335044061567
-0.5364499092102051,0.3901103436946869,-0.5605450868606567,0.4771496653556824,-0.6147391200065613,0.404734343290329,-0.6179829574251317
-0.5797408223152161,0.44044041633605957,-0.6681063771247864,0.4373428523540497,-0.6450709700584412,0.3929523527622223,-0.7099653886374819
-0.58184814453125,0.38794705271720886,-0.5721850395202637,0.43722885847091675,-0.6218122243881226,0.40684130787849426,-0.826813731587726
-0.5172904133796692,0.5348946452140808,-0.5344063639640808,0.5588011145591736,-0.47919774055480957,0.4855070114135742,-0.34008379993014975
-0.5277705192565918,0.4201519191265106,-0.4865657389163971,0.5152791142463684,-0.45545583963394165,0.4364887475967407,-0.4854522473397139
-0.5002041459083557,0.46468523144721985,-0.5551984906196594,0.46782442927360535,-0.578127384185791,0.40047982335090637,-0.5654310959658013
-0.5428447127342224,0.4495372772216797,-0.5921081304550171,0.4573522210121155,-0.5216318964958191,0.45588305592536926,-0.638272163982407
-0.24867892265319824,0.7766995429992676,-0.286927729845047,0.73757404088974,-0.2980372905731201,0.7070000767707825,-0.6989700043360187
-0.196033775806427,0.5917648673057556,-0.2894008159637451,0.7068756818771362,-0.16959023475646973,0.6964075565338135,-0.1549019599857432
0.19126969575881958,0.7892748713493347,0.09942054748535156,0.7581895589828491,0.10098809003829956,0.7168101668357849,0.22788670461367355
0.10783416032791138,0.7092230319976807,0.08435404300689697,0.7416772246360779,0.05638313293457031,0.83460932970047,0.3010299956639812
-0.032858192920684814,0.6271588206291199,-0.03985714912414551,0.7830520868301392,-0.0841795802116394,0.7486294507980347,-0.045757490560675115
0.15093159675598145,0.7637342810630798,0.14556461572647095,0.7123786211013794,0.12884289026260376,0.8792478442192078,0.3979400086720376
0.11060506105422974,0.7439776062965393,0.04234719276428223,0.6646249890327454,0.031203150749206543,0.6310351490974426,-0.1549019599857432
0.386127769947052,0.7581021189689636,0.28215813636779785,0.6806599497795105,0.1789078712463379,0.7190157175064087,0.2304489213782739
0.2634119987487793,0.6781671047210693,0.380298376083374,0.7437991499900818,0.40520787239074707,0.7574994564056396,0.38021124171160603
0.2129543423652649,0.7277015447616577,0.10218173265457153,0.670165479183197,-0.012699306011199951,0.6894379258155823,0.0
0.3120962977409363,1.0233607292175293,0.3483092188835144,0.9213557839393616,0.3575569987297058,1.0098212957382202,0.38021124171160603
0.3678439259529114,0.953840970993042,0.38748353719711304,0.8015202283859253,0.3445335030555725,1.1593241691589355,0.3424226808222063
-0.23367851972579956,1.0505013465881348,-0.05399292707443237,1.1966006755828857,-0.25289666652679443,1.241756558418274,0.25527250510330607
-0.4793623387813568,0.9065676927566528,-0.4574185311794281,0.8884676694869995,-0.5247750878334045,0.818905234336853,-0.5228787452803376
-0.4528590440750122,0.8276968598365784,-0.4247756898403168,0.8492304682731628,-0.4164773225784302,0.9598312973976135,-0.3979400086720376
-0.10692828893661499,0.994406521320343,-0.07331222295761108,1.0789366960525513,-0.08478182554244995,1.0704100131988525,-0.22184874961635637
0.13808691501617432,0.8303812146186829,0.19859397411346436,1.052114725112915,0.1994636058807373,0.937071681022644,0.07918124604762482
0.03117978572845459,0.8838557004928589,0.06136125326156616,1.0666379928588867,0.03273797035217285,0.755724310874939,0.11394335230683678
-0.04671597480773926,0.8905518651008606,0.060366809368133545,0.6848180890083313,-0.030326008796691895,1.1109144687652588,0.38021124171160603
0.11115849018096924,1.0034375190734863,0.1371254324913025,0.9596827030181885,0.04052335023880005,1.1959413290023804,0.04921802267018165
-0.07723921537399292,0.7682845592498779,0.005527675151824951,0.8834125995635986,0.2527545690536499,0.7720858454704285,0.15228834438305647
0.4744567275047302,0.9381199479103088,0.09011685848236084,0.8831133246421814,0.055787622928619385,0.9288426041603088,0.03742649794062367
0.07386672496795654,0.7875531315803528,-0.08793067932128906,0.9205224514007568,0.09621328115463257,0.8056705594062805,0.1553360374650618
0.172673761844635,0.7871013283729553,-0.37314969301223755,0.9257721304893494,-0.09654760360717773,0.8236883282661438,0.250420002308894
-1.0386371612548828,0.8158320188522339,-1.3090511560440063,0.7411388754844666,-0.9305549263954163,0.8998461961746216,-1.0969100130080565
-1.4086657762527466,0.8902617692947388,-1.3802082538604736,0.7277004718780518,-1.8207361698150635,0.7837268710136414,-0.958607314841775
-0.6251733899116516,0.8094925284385681,-0.8724528551101685,0.8128072023391724,-0.351167768239975,0.8999232649803162,-0.8239087409443188
-1.3553822040557861,0.7394912242889404,-1.2813060283660889,0.6721356511116028,-1.2841626405715942,0.688971996307373,-1.6777807052660807
-1.2713568210601807,0.7035149335861206,-1.3712880611419678,0.7096624970436096,-1.3155837059020996,0.752068817615509,-1.5895095799965522
-1.3763477802276611,0.5517175197601318,-1.3328278064727783,0.6329107880592346,-1.4059698581695557,0.6504762768745422,-1.712198270069774
-1.6412503719329834,0.4362737536430359,-1.6546719074249268,0.5244627594947815,-1.6641991138458252,0.5434732437133789,-1.7351821769904636
-1.5252796411514282,0.6534669995307922,-1.5001249313354492,0.688299298286438,-1.473012924194336,0.723838746547699,-1.4710832997223453
-1.611954927444458,0.5958333015441895,-1.5639405250549316,0.6178410053253174,-1.6896157264709473,0.5412328839302063,-1.61738868710651
-1.5342891216278076,0.8338510394096375,-1.7058645486831665,0.8018845915794373,-1.6859627962112427,0.7224007844924927,-1.2817724266448587
-1.4424731731414795,0.6114857196807861,-1.4492896795272827,0.580650806427002,-1.5119657516479492,0.5393841862678528,-1.7137007490571712
-1.721605896949768,0.5312708616256714,-1.684669017791748,0.49419674277305603,-1.6926988363265991,0.5461306571960449,-1.752837190960669
-1.6225378513336182,0.6363159418106079,-1.6618902683258057,0.6963546276092529,-1.6813687086105347,0.6633365750312805,-1.630784142589857
-1.8803694248199463,0.6894795298576355,-1.9555890560150146,0.6582601070404053,-1.9738433361053467,0.6985325813293457,-1.8707291398786847
-1.8679375648498535,0.545325517654419,-1.8857452869415283,0.5126034617424011,-1.9142975807189941,0.5666998028755188,-1.7958800173440752
-1.2004539966583252,0.8585110306739807,-1.1427860260009766,0.9851577877998352,-1.1883597373962402,0.9154368042945862,-1.207608310501746
-1.0444318056106567,0.69935542345047,-1.0971996784210205,0.7290164232254028,-1.1147520542144775,0.7043667435646057,-1.154901959985743
-1.1709264516830444,0.6469935774803162,-1.176293134689331,0.7396178841590881,-1.169360637664795,0.6701916456222534,-1.136677139879544
-1.1721259355545044,0.6223981380462646,-1.2259724140167236,0.7336968183517456,-1.1673500537872314,0.6161149144172668,-1.193820026016113
-1.2391622066497803,0.703641951084137,-1.1831316947937012,0.6255382895469666,-1.1992311477661133,0.6284213066101074,-1.2218487496163564
-0.9440522789955139,1.079423189163208,-0.7624251842498779,1.042238473892212,-0.916459858417511,1.1198453903198242,-0.4145392704914993
-0.612745463848114,0.8828260898590088,-0.5963023900985718,0.8079246282577515,-0.5956649780273438,0.890608012676239,-0.5559552040819238
-0.6341325640678406,0.8248539566993713,-0.6221773624420166,0.8280124068260193,-0.662851095199585,0.9051767587661743,-0.6161846340195687
-0.6935264468193054,0.9076356887817383,-0.6555414199829102,0.7796717882156372,-0.6557549834251404,0.7367699146270752,-0.6655462488490691
-0.6894979476928711,0.8759299516677856,-0.6479886770248413,0.8334885239601135,-0.65340256690979,0.7956469655036926,-0.7011469235902933
-1.3635139465332031,1.2404245138168335,-1.1042821407318115,1.2372355461120605,-1.2182599306106567,1.2554223537445068,-1.1135092748275182
-1.2010693550109863,1.0273044109344482,-1.1831488609313965,1.1105470657348633,-1.1803632974624634,1.1566654443740845,-1.0555173278498313
-1.2170120477676392,1.1296695470809937,-1.2108588218688965,1.0770299434661865,-1.1465377807617188,1.3279112577438354,-1.0861861476162833
-1.1769180297851562,1.09682035446167,-1.148431658744812,0.9842538237571716,-1.1868036985397339,1.3291950225830078,-1.3467874862246563
-1.2149598598480225,1.0520118474960327,-1.2159342765808105,1.089648723602295,-1.2120559215545654,0.9495823979377747,-1.275724130399211
-1.3991422653198242,1.2818490266799927,-1.3668770790100098,1.3479981422424316,-1.3847672939300537,1.4046626091003418,-0.721246399047171
-1.0721962451934814,0.7103258967399597,-1.0339980125427246,0.763576090335846,-0.9941210746765137,0.671116054058075,-1.2218487496163564
-1.2027637958526611,0.6914265155792236,-1.2226988077163696,0.7151026129722595,-1.1935138702392578,0.6620546579360962,-1.3010299956639813
-1.5354211330413818,0.8249885439872742,-1.5776588916778564,0.8357713222503662,-1.6395373344421387,0.7904527187347412,-2.0969100130080562
-0.7951331734657288,0.6958131790161133,-0.809647262096405,0.7469316720962524,-0.9429373741149902,0.7152945399284363,-0.721246399047171
-1.5527052879333496,0.7905434966087341,-1.5976111888885498,0.8676081299781799,-1.3897664546966553,0.7925831079483032,-1.2839966563652008
-1.0972062349319458,0.6509706974029541,-0.9795605540275574,0.7165751457214355,-0.9858576655387878,0.6090251207351685,-0.8239087409443188
-1.0456725358963013,0.8199965357780457,-1.0361042022705078,0.9185054898262024,-0.9795018434524536,0.7989330291748047,-0.958607314841775
-0.33180487155914307,0.6939243674278259,-0.31028687953948975,0.7894517779350281,-0.47670644521713257,0.7564792633056641,-0.21467016498923297
-0.44582420587539673,0.6910102963447571,-0.42565467953681946,0.7922561168670654,-0.7001684308052063,0.6904603838920593,-0.4559319556497244
-0.6977394223213196,0.6470482349395752,-0.7479678392410278,0.6568179726600647,-0.7544220089912415,0.6071481704711914,-0.8538719643217619
-0.6321396231651306,0.6047146320343018,-0.5798615217208862,0.6068640351295471,-0.5744123458862305,0.5881308913230896,-0.6777807052660807
-0.4850998818874359,0.5884870290756226,-0.4065801501274109,0.5763537883758545,-0.5573225021362305,0.6833277940750122,-0.46852108295774486
-0.26624158024787903,0.5891141295433044,-0.2215176224708557,0.5781897902488708,-0.30538058280944824,0.6846463084220886,-0.24412514432750865
-0.7729694843292236,0.8616256713867188,-0.8913595676422119,0.7782548666000366,-1.250722885131836,0.7857785224914551,-0.6777807052660807
-0.7746695876121521,0.7120928168296814,-0.6763642430305481,0.7152619361877441,-1.1393646001815796,0.7537486553192139,-0.5228787452803376
0.10325497388839722,0.9434658288955688,0.14915859699249268,0.8264083862304688,0.10194313526153564,0.813576340675354,0.5563025007672873
0.1658046841621399,0.892741858959198,0.1572316288948059,0.9563409090042114,0.15111374855041504,0.8611920475959778,0.3424226808222063
-0.01268070936203003,0.9341857433319092,0.07767480611801147,0.8470337390899658,0.13546913862228394,0.9145678877830505,0.07918124604762482
-0.04347747564315796,0.8329872488975525,-0.06964552402496338,0.9411683678627014,-0.026560842990875244,0.9011887311935425,-0.3010299956639812
-0.5567189455032349,0.8870225548744202,-0.585906982421875,0.8043838739395142,-0.5186161398887634,0.8362841010093689,-0.6989700043360187
-0.7635414600372314,1.0015554428100586,-0.6447194814682007,0.9370725750923157,-0.677348256111145,0.9211471080780029,-0.8239087409443188
-0.004857182502746582,0.5162965059280396,-0.0020051002502441406,0.5547287464141846,0.02641671895980835,0.5797138214111328,0.4129642719966628
-0.32014745473861694,0.5600425004959106,-0.29310280084609985,0.5093718767166138,-0.3082978427410126,0.5994289517402649,-0.28567024025476695
-0.2001550793647766,0.4739837050437927,-0.06568491458892822,0.6132572293281555,-0.16151541471481323,0.5650971531867981,0.34791518650169134
-0.4184975326061249,0.4809085726737976,-0.47451090812683105,0.4837944805622101,-0.45740318298339844,0.5846983194351196,-0.5157001606532141
-0.31402134895324707,0.46974310278892517,-0.2559875249862671,0.5014029145240784,-0.2462233304977417,0.5717719197273254,0.16316137497701835
-0.5401113033294678,0.46429383754730225,-0.5082235336303711,0.4810449182987213,-0.6117826700210571,0.5040028691291809,-0.7594507517174003
-0.8205462694168091,0.5893577337265015,-0.6697502136230469,0.5049843192100525,-0.7007942795753479,0.6204455494880676,-0.640164517660112
-0.3715045154094696,0.506052553653717,-0.37342050671577454,0.5058165788650513,-0.3618670403957367,0.5791088938713074,-0.14146280243036088
-0.662609338760376,0.4786752164363861,-0.6585711240768433,0.5964057445526123,-0.6041827201843262,0.49210792779922485,-1.0222763947111522
-0.6487007141113281,0.5759220123291016,-0.6599253416061401,0.4727833867073059,-0.7085607647895813,0.4990702271461487,-0.575118363368933
-0.6360848546028137,0.6288783550262451,-0.5802274346351624,0.5963336229324341,-0.5731909275054932,0.6206743717193604,-0.5606673061697374
-0.6107841730117798,0.6707300543785095,-0.441867858171463,0.5688725113868713,-0.49704509973526,0.6667391061782837,-0.5272435506827877
-0.49466994404792786,0.7197502255439758,-0.542881965637207,0.6845545768737793,-0.5610993504524231,0.5825033187866211,-0.6635402661514704
-1.0015641450881958,0.5823503136634827,-0.8814041614532471,0.5939487218856812,-0.9675737023353577,0.6105911731719971,-1.3098039199714864
-0.8122624754905701,0.7187040448188782,-0.8695290088653564,0.822495698928833,-1.6988279819488525,0.8791053891181946,-0.8239087409443188
-0.7647172212600708,0.7180444598197937,-0.7257618308067322,0.7914379835128784,-1.5333199501037598,0.8730371594429016,-0.4814860601221125
-0.42234161496162415,0.7257086634635925,-0.4820292890071869,0.7861703038215637,-1.4218015670776367,0.8755161166191101,-0.744727494896694
-1.1134880781173706,0.7440782785415649,-1.0403040647506714,0.7537042498588562,-1.0842732191085815,0.7579609751701355,-0.8239087409443188
-1.0960575342178345,0.7886839509010315,-1.0470844507217407,0.7606038451194763,-1.1260446310043335,0.7518366575241089,-1.0969100130080565
-1.25441575050354,0.7686115503311157,-1.0475904941558838,0.8802299499511719,-1.1636420488357544,0.7959346175193787,-1.3010299956639813
-1.1407921314239502,0.7922261357307434,-1.2697882652282715,0.6876294016838074,-1.2467854022979736,0.7472929954528809,-1.2218487496163564
-0.3834991157054901,0.7270506620407104,-0.3329930603504181,0.7604459524154663,-0.31235218048095703,0.8031330704689026,-0.2006594505464183
-0.5222574472427368,0.8436286449432373,-0.4656429886817932,0.768342137336731,-0.5250701904296875,0.8140377998352051,-0.3979400086720376
-0.4080899655818939,0.7731464505195618,-0.463009238243103,0.7943320870399475,-0.42510634660720825,0.8164066076278687,-0.42021640338318983
-0.4555986225605011,0.838588535785675,-0.42220166325569153,0.7847182750701904,-0.5197238922119141,0.752741813659668,-0.6777807052660807
-1.1497910022735596,0.5916287899017334,-1.0693936347961426,0.6605163216590881,-1.1687051057815552,0.6161358952522278,-1.0457574905606752
-1.1145721673965454,0.5692201852798462,-1.1698240041732788,0.5364581942558289,-1.2166016101837158,0.530691385269165,-1.154901959985743
-1.2043302059173584,0.504784107208252,-1.2141382694244385,0.5412153005599976,-1.2106218338012695,0.5285184383392334,-1.2218487496163564
-1.3157100677490234,0.5156856179237366,-1.3451919555664062,0.49909234046936035,-1.310198426246643,0.4610801637172699,-1.3010299956639813
-1.2675938606262207,0.46980607509613037,-1.2600159645080566,0.46152791380882263,-1.333532691001892,0.46666526794433594,-1.3010299956639813
-0.9286061525344849,0.568583607673645,-0.9299008846282959,0.609984278678894,-0.9708510637283325,0.5887975692749023,-0.6989700043360187
-0.9462445974349976,0.479885458946228,-1.0464119911193848,0.5227741599082947,-1.029138445854187,0.48610204458236694,-0.8239087409443188
-0.9980988502502441,0.4457082152366638,-0.9623751640319824,0.49586209654808044,-0.9930436611175537,0.5048883557319641,-0.9208187539523752
-1.2411773204803467,0.4980427622795105,-1.2022085189819336,0.5089787840843201,-1.1552202701568604,0.524730384349823,-0.958607314841775
-1.1300537586212158,0.4496151804924011,-1.139525294303894,0.4995928704738617,-1.0782678127288818,0.4942132532596588,-1.0
-0.4304942488670349,0.5989788770675659,-0.5511950254440308,0.5933778285980225,-0.6323351860046387,0.5931093096733093,-0.6575773191777937
-0.5514807105064392,0.5680025815963745,-0.6017751693725586,0.5624685287475586,-0.6827435493469238,0.5334073305130005,-0.6777807052660807
-0.5347127914428711,0.5429913997650146,-0.5958588123321533,0.5640754103660583,-0.6924543380737305,0.5626313090324402,-0.6989700043360187
-0.7093745470046997,0.43202778697013855,-0.742482602596283,0.504913330078125,-0.846041202545166,0.4767925441265106,-0.7695510786217261
-0.8436468243598938,0.44735175371170044,-0.737697184085846,0.498126357793808,-0.8438823819160461,0.5379272103309631,-0.6989700043360187
0.07097959518432617,0.9719020128250122,-0.0394132137298584,0.929327666759491,-0.24218261241912842,0.9739630818367004,0.07918124604762482
-0.03437495231628418,0.8730770349502563,-0.013499140739440918,0.8946921825408936,-0.3343689441680908,0.9884240031242371,0.0
-0.15240323543548584,0.8695732951164246,-0.25876688957214355,0.8751999735832214,-0.3213185667991638,1.0403345823287964,-0.10790539730951959
-0.10831868648529053,0.9409528374671936,-0.165802001953125,0.9449836611747742,-0.21640563011169434,0.9279501438140869,-0.17392519729917352
-0.30611124634742737,0.9332665205001831,-0.22821396589279175,1.032717227935791,-0.19149410724639893,1.0772671699523926,-0.3010299956639812
-0.7092264294624329,0.6775729656219482,-0.8124637603759766,0.6617873311042786,-0.8343350887298584,0.7280808687210083,-0.3467874862246563
-0.6163408756256104,0.7843636870384216,-0.5091757774353027,0.9264158010482788,-0.6564730405807495,0.9417742490768433,-0.2596373105057561
-1.091634750366211,0.7971816658973694,-0.9799872636795044,0.7345288395881653,-1.146383285522461,0.7916674017906189,-1.0457574905606752
-0.584814727306366,0.8754937648773193,-0.5141509771347046,0.9203560948371887,-0.9431262016296387,0.9314168691635132,-0.4559319556497244
-0.5164616107940674,0.8430901169776917,-0.4591115415096283,0.9675291776657104,-0.48805418610572815,0.9087269306182861,-1.0
-0.7564729452133179,0.7832691073417664,-0.7032850384712219,0.8489617109298706,-0.6380797028541565,0.7780015468597412,-1.3010299956639813
-0.2646315395832062,0.564254105091095,-0.2475694715976715,0.5725815296173096,-0.2082555890083313,0.6497703194618225,0.04139268515822507
-0.2315264344215393,0.5705486536026001,-0.25366342067718506,0.62226402759552,-0.24596640467643738,0.6181341409683228,-0.09691001300805639
-0.25084635615348816,0.5685351490974426,-0.23333746194839478,0.5335091948509216,-0.24903428554534912,0.6454117298126221,-0.22184874961635637
-0.37951231002807617,0.553122878074646,-0.32026490569114685,0.6149315237998962,-0.3162159025669098,0.6090807914733887,-0.2596373105057561
-0.3478833734989166,0.5614596605300903,-0.3729926347732544,0.5422199964523315,-0.36681798100471497,0.5512653589248657,-0.44369749923271273
-0.5819165110588074,0.5402171611785889,-0.552665114402771,0.532650351524353,-0.5414177775382996,0.6274360418319702,-0.619788758288394
-0.8310744762420654,0.5379879474639893,-0.93357253074646,0.5692603588104248,-0.9159258604049683,0.584348201751709,-1.0
-0.6665995121002197,0.5479750037193298,-0.646902322769165,0.5216219425201416,-0.6441069841384888,0.536899983882904,-0.7695510786217261
-0.47155967354774475,0.5832905173301697,-0.4661669135093689,0.6053478717803955,-0.54667067527771,0.6172869801521301,-0.6989700043360187
-0.3617938160896301,0.5534955859184265,-0.36287543177604675,0.5677949786186218,-0.36366286873817444,0.606090247631073,-0.3979400086720376
-0.1048089861869812,0.5886074900627136,0.027837634086608887,0.5814955830574036,0.0040833353996276855,0.5959028601646423,-0.1549019599857432
0.21638870239257812,0.6875587105751038,0.2173517942428589,0.6978921294212341,0.20153123140335083,0.5840743184089661,0.07918124604762482
0.17911040782928467,0.7785921096801758,0.08096057176589966,0.7071179747581482,-0.08063572645187378,0.7317618131637573,0.3010299956639812
-1.0309669971466064,0.6260811686515808,-0.9569140672683716,0.6377378702163696,-1.0336576700210571,0.6954401135444641,-0.7695510786217261
-2.760335922241211,0.4450252950191498,-2.781585216522217,0.6596721410751343,-2.7844693660736084,0.580636739730835,-2.8404328067663798
-3.6333632469177246,0.5562583804130554,-3.6017916202545166,0.5671541690826416,-3.633141040802002,0.7047706246376038,-3.492144128304169
-2.815424919128418,0.47608456015586853,-2.759242057800293,0.5486645102500916,-2.7815237045288086,0.6538702845573425,-2.8239087409443187
-3.567854404449463,0.45694175362586975,-3.5878987312316895,0.6565343141555786,-3.640031337738037,0.7035952210426331,-3.583359492661719
-2.842827081680298,0.5589495301246643,-2.778316020965576,0.5452136993408203,-2.8140532970428467,0.5756188035011292,-2.8079904073463298
-3.624636173248291,0.5689688324928284,-3.6284570693969727,0.5332679748535156,-3.64267635345459,0.5033028721809387,-3.632644078973981
-2.8714165687561035,0.4691811501979828,-2.852987766265869,0.4439207911491394,-2.8581597805023193,0.5692307353019714,-2.7780644001719947
-3.638723373413086,0.44704723358154297,-3.669846296310425,0.5576418042182922,-3.6373846530914307,0.6559505462646484,-3.7772835288524167
-2.9649593830108643,0.5495273470878601,-2.9348232746124268,0.5147420167922974,-2.918694496154785,0.6382970213890076,-2.8404328067663798
-3.761687994003296,0.5640750527381897,-3.7013614177703857,0.7030760645866394,-3.7635209560394287,0.6924376487731934,-3.8416375079047502
-3.026554822921753,0.5381128191947937,-3.0006556510925293,0.6391417384147644,-3.0252044200897217,0.44451814889907837,-2.9542859410591324
-3.776026487350464,0.4953817129135132,-3.770054817199707,0.71193927526474,-3.8040332794189453,0.6577958464622498,-3.9546770212133424
-3.1233432292938232,0.6172032952308655,-3.159688949584961,0.6932843327522278,-3.0702097415924072,0.6207960247993469,-3.109020403010311
-3.798428773880005,0.5815100073814392,-3.8293111324310303,0.7728366851806641,-3.926563262939453,0.7447711229324341,-3.9746941347352296
-2.99882173538208,0.6481398940086365,-2.984091281890869,0.7350940704345703,-3.129253387451172,0.7761635780334473,-3.3010299956639813
-0.47019118070602417,0.9451857209205627,-0.6282703280448914,1.0524624586105347,-0.4716414511203766,0.9301698207855225,-0.8239087409443188
-0.5258612036705017,1.0694562196731567,-0.6211583614349365,1.0521061420440674,-0.6591365337371826,1.0651642084121704,-0.8538719643217619
-0.10960924625396729,0.970431387424469,-0.16296809911727905,0.9394473433494568,-0.15684717893600464,0.7761593461036682,-0.7695510786217261
-0.349695086479187,1.0235159397125244,-0.4252268075942993,1.029139757156372,-0.6461167335510254,0.8826072216033936,-0.3187587626244128
-0.5249963998794556,0.9859508275985718,-0.4755844473838806,0.9825239777565002,-0.47767218947410583,0.8085035085678101,-0.2676062401770315
-0.3211295008659363,0.9625332355499268,-0.343997597694397,1.0240594148635864,-0.31385567784309387,0.8595446944236755,-0.3098039199714863
-0.793251097202301,0.9969145655632019,-0.805892825126648,1.006409764289856,-0.7553938031196594,1.032555341720581,0.01703333929878037
-1.152296781539917,1.0911905765533447,-1.1915168762207031,1.091634750366211,-1.1458848714828491,1.1225159168243408,-0.7695510786217261
-0.56718909740448,0.8749637603759766,-0.5641448497772217,0.9434975385665894,-0.5665862560272217,0.944794774055481,-1.744727494896694
-1.3647348880767822,0.701124906539917,-0.6797205209732056,0.7857638597488403,-0.8257909417152405,0.7178191542625427,-1.154901959985743
-0.13807672262191772,0.7370324730873108,-0.20857280492782593,0.7185547947883606,-0.13970977067947388,0.6977792382240295,0.16405529189345164
-0.14321887493133545,0.696880042552948,-0.14499390125274658,0.7104435563087463,-0.14911705255508423,0.7788642644882202,0.027349607774756507
-1.650209903717041,0.8612390160560608,-1.444750189781189,0.828048050403595,-1.542986512184143,0.8191767334938049,-0.721246399047171
-0.5384471416473389,0.9955114126205444,-0.37302517890930176,1.0314031839370728,-1.1879104375839233,0.9194628000259399,-1.6989700043360187
-2.026653528213501,1.0414263010025024,-1.9174078702926636,1.179267406463623,-2.33954119682312,1.0481023788452148,-0.0809219076239261
0.3488534092903137,0.5444735288619995,0.23980307579040527,0.5957537293434143,0.11028105020523071,0.6404085755348206,0.5797835966168101
0.2349909543991089,0.5919510126113892,0.04858040809631348,0.5723059773445129,0.19510692358016968,0.5734861493110657,0.38021124171160603
0.05347567796707153,0.5831397771835327,-0.05382263660430908,0.5460757613182068,-0.17969560623168945,0.6015273332595825,0.146128035678238
-0.1455860137939453,0.5831538438796997,-0.01829707622528076,0.5835862755775452,-0.20116275548934937,0.5602056384086609,-0.5228787452803376
-0.24643051624298096,0.5590518116950989,-0.28166016936302185,0.6739344000816345,-0.3535408079624176,0.5823708772659302,-1.0
-0.42521336674690247,1.1655609607696533,-0.6740211844444275,1.3179579973220825,-0.7668761610984802,1.3669469356536865,-0.3565473235138126
-0.5417067408561707,0.5820780396461487,-0.2789621353149414,0.7085101008415222,-0.5046511888504028,0.4934289753437042,-0.8239087409443188
-0.27241531014442444,0.7202910780906677,-0.31770002841949463,0.5780349373817444,-0.44389644265174866,0.4953637421131134,-0.744727494896694
-0.45026102662086487,0.5842371582984924,-0.5079582929611206,0.5995231866836548,-0.5442050695419312,0.6974157094955444,0.25527250510330607
-0.20619738101959229,0.7172676920890808,-0.5726474523544312,0.6920113563537598,-0.40747910737991333,0.4977600574493408,0.3222192947339193
-0.4808218479156494,0.583292543888092,-0.6532161831855774,0.6967890858650208,-0.327953964471817,0.6398056149482727,0.20411998265592482
-0.5639872550964355,0.5726173520088196,-0.6456258893013,0.608375072479248,-0.5960245132446289,0.7050896286964417,0.04139268515822507
0.14596599340438843,0.6372510194778442,-0.24670112133026123,0.6374378800392151,-0.4068869948387146,0.6504229307174683,-0.045757490560675115
-0.15890371799468994,0.7224544882774353,-0.39240920543670654,0.5951457619667053,-0.4195534586906433,0.7001250386238098,-0.6989700043360187
-0.030695557594299316,0.736470639705658,0.0720055103302002,0.7222716808319092,0.0707935094833374,0.7047008872032166,-0.6575773191777937
-0.13759130239486694,0.6416975855827332,0.1935211420059204,0.7448242902755737,0.18231195211410522,0.7362856268882751,-0.595166283380062
-1.5406923294067383,0.7311108708381653,-1.586399793624878,0.7837703824043274,-1.4820797443389893,0.7010442018508911,-1.3979400086720375
-1.5324496030807495,0.6954176425933838,-1.553356409072876,0.7681717276573181,-1.5355100631713867,0.6710222959518433,-1.6989700043360187
-1.3637104034423828,0.7730614542961121,-1.4795594215393066,0.6946334838867188,-1.4990607500076294,0.7054848074913025,-1.5528419686577808
-1.3815360069274902,0.7270292043685913,-1.3504908084869385,0.7229962944984436,-1.3802145719528198,0.7848930954933167,-1.4559319556497243
-0.5816234350204468,0.801570475101471,-0.9899420142173767,0.8936343193054199,-0.512582540512085,0.9256696701049805,-0.8239087409443188
-0.650759756565094,0.7916624546051025,-0.6571354866027832,0.7700779438018799,-0.8099311590194702,0.8954367637634277,-0.744727494896694
-0.7376978993415833,0.7681275010108948,-0.5462177395820618,0.8661666512489319,-0.7527316808700562,0.8521122336387634,-0.619788758288394
-0.6001959443092346,0.9047892689704895,-0.6871914863586426,0.7856940627098083,-0.7842346429824829,0.8572443127632141,-0.5528419686577808
-0.6673442721366882,0.751447856426239,-0.46249818801879883,0.8865665197372437,-0.8809295892715454,0.8591253161430359,-0.5228787452803376
-0.5239996910095215,0.7407324910163879,-0.47938597202301025,0.6287989616394043,-0.49452945590019226,0.4290001094341278,-0.48811663902112556
-0.517130970954895,0.7163224816322327,-0.47083526849746704,0.6164725422859192,-0.4754284918308258,0.5405750274658203,-0.494850021680094
-0.5222204923629761,0.6405573487281799,-0.4937707483768463,0.5317971110343933,-0.49122482538223267,0.6473391056060791,-0.5016894462103995
-0.48073717951774597,0.7674447894096375,-0.4567316770553589,0.699974775314331,-0.48258984088897705,0.7242454290390015,-0.36653154442041347
-0.42093923687934875,0.5999504327774048,-0.30022019147872925,0.7103176116943359,-0.43879610300064087,0.7618818879127502,-0.2924298239020636
-0.5023342370986938,0.6711950302124023,-0.5678995847702026,0.70393306016922,-0.46790334582328796,0.5765143036842346,-0.5228787452803376
-0.5023342370986938,0.6711950302124023,-0.5678995847702026,0.70393306016922,-0.5689396858215332,0.7162246108055115,-0.5086383061657274
-0.5542423725128174,0.726000964641571,-0.5990608930587769,0.6738503575325012,-0.5244550704956055,0.6936183571815491,-0.5157001606532141
-0.5608547925949097,0.7382606863975525,-0.5009432435035706,0.6796813607215881,-0.51954185962677,0.6696891188621521,-0.5086383061657274
-0.5086222290992737,0.5206238031387329,-0.5566464066505432,0.6833480000495911,-0.5154567360877991,0.42136743664741516,-0.5016894462103995
-0.43359169363975525,0.4878658652305603,-0.47701188921928406,0.6298172473907471,-0.48185375332832336,0.724193811416626,-0.494850021680094
-0.34190964698791504,0.5193100571632385,-0.33786001801490784,0.6417582035064697,-0.28569990396499634,0.7328454852104187,-0.48811663902112556
-2.496471881866455,0.9250528216362,-2.4235801696777344,0.8271176815032959,-2.299177885055542,0.867453396320343,-2.3979400086720375
-2.524721384048462,0.8039169311523438,-2.5406196117401123,0.8239532709121704,-2.3932886123657227,0.865706205368042,-2.42021640338319
-2.7044689655303955,0.9246779680252075,-2.686251640319824,0.819682776927948,-2.6602396965026855,0.8538268208503723,-2.5528419686577806
-2.8179287910461426,0.9260120987892151,-2.757905960083008,0.8984185457229614,-2.7508020401000977,0.8753896951675415,-2.744727494896694
-2.877974510192871,0.8220049738883972,-2.790649652481079,0.8125262260437012,-2.8613502979278564,0.8686771988868713,-3.3010299956639813
0.8949166536331177,0.8911656141281128,0.905426561832428,0.994036078453064,0.8956443667411804,0.9753573536872864,0.9030899869919435
0.9461104273796082,0.9323580265045166,0.9370723962783813,1.1587762832641602,0.8875526785850525,1.1231189966201782,0.9542425094393249
0.9425292611122131,1.0676225423812866,0.9133612513542175,1.009265661239624,0.9528584480285645,1.1272521018981934,0.8450980400142568
1.0724611282348633,1.0848190784454346,1.0372282266616821,1.1658803224563599,1.055200219154358,0.8548611402511597,1.0170333392987803
0.8527555465698242,1.0170949697494507,0.887607216835022,1.1640346050262451,0.8638107180595398,1.1250953674316406,0.9242792860618817
0.9760552644729614,1.026321530342102,1.0237340927124023,1.120477318763733,1.012684941291809,1.0281918048858643,1.1139433523068367
0.12370926141738892,0.5155271887779236,0.17734253406524658,0.5957328081130981,0.12142914533615112,0.549057126045227,0.07918124604762482
-0.2483062744140625,0.3804740309715271,-0.28411146998405457,0.4491159915924072,-0.3454780876636505,0.46844029426574707,-0.3565473235138126
-0.24243676662445068,0.43173664808273315,-0.21853727102279663,0.5540747046470642,-0.29866594076156616,0.4857056736946106,-0.11918640771920865
-0.2584852874279022,0.44276079535484314,-0.19885677099227905,0.4122464060783386,-0.29699796438217163,0.4645290970802307,-0.09691001300805639
-0.4152568280696869,0.49269479513168335,-0.4217909872531891,0.47561559081077576,-0.43857917189598083,0.5207062363624573,-0.6575773191777937
0.19005775451660156,0.6419707536697388,0.2814149856567383,0.5524353981018066,0.24585604667663574,0.5499992370605469,0.2304489213782739
-0.10499298572540283,0.37617453932762146,-0.13509321212768555,0.4003642499446869,-0.1240968108177185,0.35180944204330444,0.0
-0.13352012634277344,0.3718915581703186,-0.13311409950256348,0.3836328089237213,-0.23193389177322388,0.4567153751850128,-0.22184874961635637
-0.07253926992416382,0.41992729902267456,-0.12087315320968628,0.4398350715637207,-0.16907739639282227,0.4721413850784302,-0.09691001300805639
-0.29856884479522705,0.49874386191368103,-0.29490676522254944,0.5262940526008606,-0.3046586811542511,0.4958078861236572,-0.3979400086720376
0.30223315954208374,0.6522729992866516,0.32371461391448975,0.5271608233451843,0.339166522026062,0.6159519553184509,0.38021124171160603
-0.058386147022247314,0.36743712425231934,0.03939712047576904,0.38408738374710083,-0.07393336296081543,0.4500458240509033,0.13033376849500614
-0.17726671695709229,0.3645666539669037,-0.1344296932220459,0.48353493213653564,-0.1223796010017395,0.4535231292247772,-0.13076828026902382
-0.020964741706848145,0.4142778515815735,0.005606532096862793,0.44348210096359253,0.022473931312561035,0.3992618918418884,-0.026872146400301365
-0.194963276386261,0.5104050636291504,-0.17949050664901733,0.4242255389690399,-0.18165051937103271,0.4098045527935028,-0.3010299956639812
0.4195740818977356,0.5642062425613403,0.4322183132171631,0.5952120423316956,0.4328913688659668,0.5483248233795166,0.5185139398778874
0.06162726879119873,0.49187153577804565,0.007498741149902344,0.44683921337127686,0.014905929565429688,0.4598373770713806,0.20411998265592482
0.05725914239883423,0.572623074054718,0.08668965101242065,0.442880243062973,0.017917335033416748,0.48282748460769653,0.01703333929878037
0.05727863311767578,0.37605124711990356,-0.0033593177795410156,0.4401409924030304,-0.03354167938232422,0.4641513228416443,-0.06550154875643228
-0.1538398265838623,0.569359540939331,-0.18155372142791748,0.45584526658058167,-0.10605192184448242,0.4200146496295929,-0.22184874961635637
0.3553549647331238,0.7310401201248169,0.40442198514938354,0.591839075088501,0.36208564043045044,0.5381911396980286,0.6127838567197355
0.1486818790435791,0.4474796652793884,0.044056832790374756,0.5054571032524109,0.08464306592941284,0.42026782035827637,0.24551266781414982
0.0658109188079834,0.6290294528007507,0.10274672508239746,0.4782141447067261,0.1519404649734497,0.4148074686527252,0.04921802267018165
-0.018083691596984863,0.554382860660553,0.04617118835449219,0.4435026943683624,0.046685636043548584,0.38921403884887695,0.021189299069938092
-0.0725969672203064,0.5543063282966614,-0.11196285486221313,0.4968815743923187,-0.08895868062973022,0.4552627503871918,-0.10790539730951959
-2.528822898864746,0.6918463706970215,-2.4211325645446777,0.7415428757667542,-2.466554641723633,0.6258344054222107,-1.9199510324211482
-2.585268020629883,0.6787615418434143,-2.5756301879882812,0.6230250597000122,-2.5063414573669434,0.632312536239624,-2.3005959181846625
-2.7092690467834473,0.6721293330192566,-2.677598237991333,0.7554324865341187,-2.668462038040161,0.6509431600570679,-3.0969100130080562
-2.811361789703369,0.7021262645721436,-2.6882200241088867,0.6215324401855469,-2.6995177268981934,0.5674589276313782,-2.77780395369828
-2.6288416385650635,0.6782110333442688,-2.590792417526245,0.6526646614074707,-2.598987340927124,0.6839522123336792,-2.87484417041947
-2.5810956954956055,0.6558717489242554,-2.5640649795532227,0.731429934501648,-2.540904998779297,0.6512094736099243,-2.573814174755489
-2.4535324573516846,0.6685766577720642,-2.5882601737976074,0.6218393445014954,-2.4857935905456543,0.5569111108779907,-2.4468454518303746
-2.462465524673462,0.6588582992553711,-2.5525522232055664,0.6306362152099609,-2.363898754119873,0.668150782585144,-2.2337359093480043
-2.359060764312744,0.7905844449996948,-2.2079339027404785,0.7899773716926575,-2.3593547344207764,0.7266263961791992,-2.137928280620006
-2.6934239864349365,0.7360264658927917,-2.7614870071411133,0.8142756819725037,-2.645291328430176,0.7459181547164917,-3.425968732272281
-0.08128994703292847,0.7186326384544373,-0.11277580261230469,0.8463937640190125,-0.09441626071929932,0.7405884861946106,-0.12493873660829993
-0.21323424577713013,0.8382459282875061,-0.2152082920074463,0.3786916732788086,-0.18673157691955566,0.5638469457626343,-0.14266750356873156
-0.2519574463367462,0.8329596519470215,-0.24021506309509277,0.4516211152076721,-0.2252277135848999,0.6194745898246765,-0.2076083105017461
-0.32033562660217285,0.6007184386253357,-0.3136084973812103,0.7039337754249573,-0.3505212068557739,0.8417460322380066,-0.3979400086720376
-0.2728738784790039,0.41794365644454956,-0.27069291472435,0.5571916103363037,-0.2652713656425476,0.8122043013572693,-0.22184874961635637
-0.246038556098938,0.5631001591682434,-0.254214882850647,0.8150064945220947,-0.2652713656425476,0.8122043013572693,-0.23657200643706278
-0.21936249732971191,0.8320264220237732,-0.1820889115333557,0.8535765409469604,-0.2127927541732788,0.5374248027801514,-0.22184874961635637
-0.19828200340270996,0.7802284955978394,-0.16368281841278076,0.6305984258651733,-0.13656193017959595,0.5490854382514954,-0.1549019599857432
0.09925317764282227,0.8083186745643616,-0.021338164806365967,0.796664834022522,-0.05417400598526001,0.7877699136734009,-0.10790539730951959
-0.2895023822784424,0.4802198112010956,-0.25950852036476135,0.8401474356651306,-0.2751554250717163,0.6589446067810059,-0.2596373105057561
-0.21629464626312256,0.6890905499458313,-0.17600828409194946,0.7506908178329468,-0.1866241693496704,0.82414311170578,-0.10790539730951959
-0.11655086278915405,0.756032407283783,-0.12473779916763306,0.7332956194877625,-0.17350876331329346,0.6975430846214294,0.021189299069938092
-0.07801163196563721,0.7834143042564392,-0.07486271858215332,0.8128745555877686,-0.031093239784240723,0.8383380174636841,0.07918124604762482
0.0006935596466064453,0.7515158653259277,0.038839757442474365,0.7971566319465637,0.051059603691101074,0.8017651438713074,0.09691001300805642
-0.41875380277633667,0.5305114388465881,-0.3971674144268036,0.5753304362297058,-0.3763291537761688,0.4990784227848053,-0.2076083105017461
-0.11690211296081543,0.4983516037464142,-0.1875288486480713,0.4979529082775116,-0.18798327445983887,0.5178949236869812,0.04139268515822507
-0.19853174686431885,0.6105333566665649,-0.2191554307937622,0.5651002526283264,-0.06300556659698486,0.5446815490722656,0.07918124604762482
-0.34519681334495544,0.48254165053367615,-0.4302186369895935,0.513209879398346,-0.3822288513183594,0.5086097121238708,-0.22184874961635637
-0.2203819751739502,0.5220544934272766,-0.15880244970321655,0.4941408038139343,-0.2052510380744934,0.5054824948310852,0.0
-0.2139040231704712,0.6106569766998291,-0.23365139961242676,0.5653605461120605,-0.16690659523010254,0.5476559996604919,0.04139268515822507
-0.42150330543518066,0.504254162311554,-0.4486696720123291,0.5749475955963135,-0.4125427305698395,0.5075687766075134,-0.3979400086720376
-0.23158806562423706,0.4576837122440338,-0.2503763437271118,0.4775407612323761,-0.2465950846672058,0.5094268321990967,-0.1938200260161128
-0.2038140892982483,0.5314490795135498,-0.2271633744239807,0.5151159763336182,-0.2169804573059082,0.5860162377357483,-0.08618614761628333
-0.5002440214157104,0.5325800776481628,-0.365766316652298,0.4670935571193695,-0.3860470950603485,0.5083977580070496,-0.5228787452803376
-0.18936759233474731,0.5002403855323792,-0.24102789163589478,0.5730518102645874,-0.27800026535987854,0.49076852202415466,-0.38721614328026455
-0.10358011722564697,0.5591203570365906,-0.12858766317367554,0.6439624428749084,-0.2446192502975464,0.5489459037780762,-0.3372421683184259
-0.4884021580219269,0.5038944482803345,-0.46441739797592163,0.5104712247848511,-0.4899674952030182,0.49865633249282837,-0.619788758288394
-0.32196566462516785,0.5260229110717773,-0.26260435581207275,0.49700111150741577,-0.2935478091239929,0.5037491917610168,-0.3979400086720376
-0.1389942765235901,0.5609602332115173,-0.2988378703594208,0.5163329839706421,-0.27255457639694214,0.5858076810836792,-0.37675070960209955
-1.2363295555114746,1.345380187034607,-1.0536127090454102,1.2956279516220093,-1.549239158630371,1.5124188661575317,-0.9507819773298184
-2.0082321166992188,0.9844664931297302,-2.029892921447754,0.7763589024543762,-2.0218729972839355,0.8799698352813721,-1.3010299956639813
-2.0414252281188965,0.8486146330833435,-2.039475202560425,1.15609872341156,-2.023613691329956,1.0555224418640137,-1.3010299956639813
-1.7744824886322021,0.8091621994972229,-1.8079190254211426,0.8401548862457275,-1.8195759057998657,0.9197651147842407,-2.3979400086720375
-2.031200885772705,0.9097856283187866,-2.0173330307006836,0.7245463132858276,-2.039008140563965,0.9282665848731995,-2.6989700043360187
-2.3939003944396973,0.7982946038246155,-2.614985466003418,1.1531506776809692,-2.599931240081787,1.0438425540924072,-3.0
-0.3316032886505127,1.0548365116119385,-0.379984974861145,1.0198280811309814,-0.4444892406463623,1.0204801559448242,-0.3010299956639812
-0.07845848798751831,1.0292301177978516,0.02118372917175293,0.9258825182914734,-0.024243831634521484,0.9770031571388245,-0.1549019599857432
0.0599399209022522,0.9555610418319702,-0.029022395610809326,1.0125982761383057,0.12349873781204224,0.9231257438659668,0.17609125905568124
0.2818363904953003,1.0415751934051514,0.2325587272644043,1.0555537939071655,0.3114094138145447,1.1210988759994507,0.5440680443502757
-0.8334323763847351,0.8614749908447266,-0.8574826717376709,0.8203319311141968,-0.7363964319229126,0.786506712436676,-0.744727494896694
-0.9120577573776245,0.841571569442749,-0.8926956653594971,0.729617714881897,-0.900891900062561,0.7241670489311218,-0.7958800173440752
-0.8006836771965027,0.8694816827774048,-0.733407199382782,0.8229700922966003,-0.7543790936470032,0.7773454785346985,-0.6777807052660807
-0.8752404451370239,0.6774231791496277,-0.8935208320617676,0.7962760329246521,-0.9087344408035278,0.7952218651771545,-0.8538719643217619
-0.8250125050544739,0.6678098440170288,-0.7659479379653931,0.6175591349601746,-0.8028159141540527,0.645452082157135,-0.7958800173440752
-0.7570509910583496,0.8508784770965576,-0.7810474038124084,0.8008193969726562,-0.7477393746376038,0.661101758480072,-0.6989700043360187
-0.8204171061515808,0.6874123811721802,-0.8468925356864929,0.7041944861412048,-0.8351945877075195,0.7143212556838989,-0.8239087409443188
-0.6351173520088196,0.663490891456604,-0.6575660705566406,0.798814058303833,-0.6901390552520752,0.7439196705818176,-0.8239087409443188
-0.7301010489463806,0.7032067775726318,-0.6388671398162842,0.6120496392250061,-0.8495732545852661,0.7798212170600891,-0.8538719643217619
-1.4264273643493652,0.6954088807106018,-1.29898202419281,0.7505166530609131,-1.3756322860717773,0.7578206062316895,-2.0969100130080562
-0.31310221552848816,0.8238372802734375,-0.22427302598953247,0.9424272775650024,-0.20395690202713013,0.9552491307258606,-0.08618614761628333
-0.1463451385498047,0.8302631974220276,0.04039430618286133,1.0603549480438232,-0.08772480487823486,0.8892362117767334,0.06818586174616162
-0.4688596725463867,0.7019959092140198,-0.35864153504371643,0.9922915697097778,-0.43620365858078003,0.7975365519523621,-0.3467874862246563
-0.5171626806259155,0.8455888032913208,-0.42005598545074463,0.9676654934883118,-0.46641939878463745,0.7719308733940125,-0.638272163982407
-0.6372020244598389,0.7232987880706787,-0.621764063835144,0.9135268926620483,-0.6595060229301453,0.7933797240257263,-0.7695510786217261
-0.32301414012908936,0.9812094569206238,-0.26787471771240234,0.8343060612678528,-0.3027174174785614,0.9039493799209595,-0.2676062401770315
-0.389926016330719,0.9038445353507996,-0.41598793864250183,0.873070478439331,-0.3829125761985779,0.8192304968833923,-0.42021640338318983
-0.7300952076911926,0.8941301703453064,-0.6778890490531921,0.7272552251815796,-0.6722370982170105,0.7335094809532166,-0.6777807052660807
-0.8378429412841797,0.8702421188354492,-0.8164932131767273,0.7719162702560425,-0.7518899440765381,0.7820490598678589,-0.6777807052660807
-0.8475343585014343,0.7541861534118652,-0.8794203400611877,0.8166651725769043,-0.9466029405593872,0.8454896807670593,-1.0457574905606752
-0.3243595063686371,0.949115514755249,-0.41087815165519714,1.0283361673355103,-0.32819896936416626,0.8692329525947571,-0.3979400086720376
-0.6611155271530151,0.7104002833366394,-0.6123813986778259,0.872796893119812,-0.6252335906028748,0.7543646693229675,-0.619788758288394
-0.7004308104515076,0.9301585555076599,-0.736909031867981,0.8534010648727417,-0.6986002922058105,0.800638735294342,-0.7695510786217261
-0.8406525254249573,0.7951700687408447,-0.9219419360160828,0.9379556179046631,-0.9569041728973389,0.7680086493492126,-0.8239087409443188
-0.1929836869239807,0.9968320727348328,-0.2598070502281189,1.0547765493392944,-0.2957582473754883,0.91719651222229,-0.23657200643706278
-0.6542524099349976,0.3752485513687134,-0.6453964114189148,0.4740597903728485,-0.7140832543373108,0.5158309936523438,-0.5086383061657274
-0.6930041909217834,0.4847859740257263,-0.638826310634613,0.4689423143863678,-0.7388813495635986,0.49099698662757874,-0.46852108295774486
-0.6288354396820068,0.468995064496994,-0.7758601903915405,0.45523256063461304,-0.7449460029602051,0.430744469165802,-0.5528419686577808
-1.0749645233154297,0.4519311785697937,-0.9829518795013428,0.4629041254520416,-0.8833271265029907,0.44252875447273254,-0.6575773191777937
-1.2519176006317139,0.5161348581314087,-1.312138319015503,0.46673575043678284,-1.3412814140319824,0.5059620141983032,-0.6989700043360187
-0.5327535271644592,0.47137027978897095,-0.4771502912044525,0.4687850773334503,-0.5479192733764648,0.42726704478263855,-0.44369749923271273
-0.3487727642059326,0.4639584720134735,-0.43993207812309265,0.47138160467147827,-0.4513040781021118,0.5155311822891235,-0.3467874862246563
-0.27073612809181213,0.4656170606613159,-0.300923615694046,0.4831763207912445,-0.319797158241272,0.4716297388076782,-0.2676062401770315
-0.614010214805603,0.4795115888118744,-0.7295638918876648,0.47720226645469666,-0.709599494934082,0.4260067641735077,-0.744727494896694
-0.5344280004501343,0.47214749455451965,-0.6178216338157654,0.3953685760498047,-0.6025160551071167,0.4212794303894043,-0.6575773191777937
-0.5348737239837646,0.45315995812416077,-0.553184986114502,0.4442679286003113,-0.47779661417007446,0.4223940670490265,-0.5086383061657274
-0.2825988531112671,0.4995650351047516,-0.28805240988731384,0.4342738389968872,-0.2762640416622162,0.44576534628868103,-0.3979400086720376
-0.8370779752731323,0.5608001351356506,-0.7894873023033142,0.5708935856819153,-0.7943581342697144,0.5172353386878967,-1.0969100130080565
-0.5654107332229614,0.5329180359840393,-0.6701663732528687,0.49196767807006836,-0.7419375777244568,0.6075862050056458,-0.958607314841775
-0.5994755029678345,0.5162196755409241,-0.6131364107131958,0.5438942313194275,-0.5906544327735901,0.5975474715232849,-0.744727494896694
-0.49756091833114624,0.5279014706611633,-0.43865540623664856,0.500710129737854,-0.5206385254859924,0.49582183361053467,-0.6020599913279624
-0.8835223317146301,0.6443031430244446,-0.9475458860397339,0.6287286877632141,-0.93915855884552,0.6239780187606812,-1.3010299956639813
-0.9477567672729492,0.6102389693260193,-0.879138708114624,0.5959195494651794,-0.8168684244155884,0.5870320200920105,-1.0
-0.8294585347175598,0.5976046919822693,-0.7327648401260376,0.58067387342453,-0.7948428392410278,0.5962507128715515,-0.8239087409443188
-0.6959332823753357,0.6456244587898254,-0.6132133603096008,0.6500071883201599,-0.6773706674575806,0.6118243336677551,-0.6989700043360187
-1.2327038049697876,1.0145857334136963,-1.2981138229370117,1.1562427282333374,-1.2207937240600586,1.2239686250686646,-1.38933983691012
-1.3065464496612549,1.1602883338928223,-1.3646767139434814,1.177741289138794,-1.3839240074157715,1.217225432395935,-1.27083521030723
-1.228028416633606,1.147241234779358,-1.228829264640808,1.1115471124649048,-0.9898837804794312,1.143768310546875,-1.5026694370349483
-1.484826683998108,1.0029016733169556,-1.4684545993804932,1.0964369773864746,-1.050128698348999,1.1897013187408447,-1.2944612752327194
-1.3049678802490234,0.8333618640899658,-1.2928667068481445,0.8847483992576599,-1.1984878778457642,0.9177451133728027,-1.2368941027930884
-1.2360312938690186,0.8926713466644287,-1.1420258283615112,0.9238139390945435,-1.1763889789581299,0.8629022240638733,-1.3074967762144598
-0.23587369918823242,0.5811116099357605,-0.2502976059913635,0.5227861404418945,-0.20169025659561157,0.5276902318000793,-0.5228787452803376
-0.4051205813884735,0.47870373725891113,-0.3348667323589325,0.48418545722961426,-0.3800813555717468,0.6343821883201599,-0.21467016498923297
-0.4714122414588928,0.4420279562473297,-0.2990383505821228,0.5003630518913269,-0.3665180802345276,0.5458980202674866,-0.22184874961635637
-0.3819316625595093,0.4423423111438751,-0.35894906520843506,0.5585511326789856,-0.4040204882621765,0.5456043481826782,-0.25181197299379954
-0.07400065660476685,0.657950758934021,0.008239686489105225,0.6354323625564575,0.03591400384902954,0.5900500416755676,-0.13076828026902382
-0.08120191097259521,0.46959391236305237,-0.08578324317932129,0.5835273265838623,-0.17615371942520142,0.56578129529953,-0.09691001300805639
-0.599481463432312,0.43925878405570984,-0.5629590153694153,0.42830076813697815,-0.37172988057136536,0.5394826531410217,-0.2839966563652008
-1.0601731538772583,0.6898719072341919,-0.9683422446250916,0.7039624452590942,-0.5370891094207764,0.7725785970687866,-0.3979400086720376
-0.7781476974487305,0.6858171224594116,-0.6150213479995728,0.7891235947608948,-0.8490712642669678,0.6775375008583069,-0.3565473235138126
-0.48586875200271606,0.41069379448890686,-0.4177931845188141,0.5603770613670349,-0.6239100694656372,0.43167999386787415,-0.3187587626244128
0.003012418746948242,0.624638557434082,-0.23009467124938965,0.6568028330802917,-0.08604675531387329,0.5490291118621826,-0.3010299956639812
-0.5874658823013306,0.4785628020763397,-0.41688328981399536,0.5596316456794739,-0.5983709096908569,0.47323617339134216,-0.22184874961635637
-2.0230090618133545,1.2337745428085327,-1.9267821311950684,1.1750233173370361,-1.8391592502593994,1.1744239330291748,-2.095392636184552
-1.8266642093658447,1.0476794242858887,-2.050096035003662,1.1111420392990112,-2.0230395793914795,1.0012032985687256,-2.092105164583717
-1.655163288116455,1.0050479173660278,-1.7930928468704224,0.9559504389762878,-1.7582693099975586,0.9701325297355652,-2.0516848593106523
-1.6392730474472046,1.22431480884552,-1.6305515766143799,1.333993911743164,-1.6012928485870361,1.1931114196777344,-1.7218868840201662
-1.619265079498291,1.3201541900634766,-1.5783562660217285,1.3359144926071167,-1.596388339996338,1.2300695180892944,-1.6332596101570895
-1.5936522483825684,1.3114596605300903,-1.589928150177002,1.3112465143203735,-1.640293836593628,1.3353103399276733,-1.5881951691845766
-0.579630970954895,0.788050651550293,-0.6025767922401428,0.6968070864677429,-0.6969931125640869,0.7402164936065674,-0.494850021680094
-0.45550498366355896,0.6790037155151367,-0.3674952983856201,0.8841664791107178,-0.4655492901802063,0.6781597137451172,-0.42021640338318983
-0.2366783618927002,0.7653533220291138,-0.29013749957084656,0.7902754545211792,-0.3305036723613739,0.6871553659439087,-0.3467874862246563
-0.238165020942688,0.7403987050056458,-0.19111639261245728,0.8791911005973816,-0.269532710313797,0.6866793036460876,-0.3010299956639812
-0.06547337770462036,0.6312572956085205,-0.012988567352294922,0.8817375302314758,-0.004274249076843262,0.666151762008667,-0.2676062401770315
-0.24393898248672485,0.7338770627975464,-0.37718167901039124,0.8445858955383301,-0.26755157113075256,0.7153809666633606,-0.1549019599857432
-0.399909108877182,0.6189837455749512,-0.3645075261592865,0.8180240392684937,-0.45354893803596497,0.6962779760360718,-0.23657200643706278
-0.324710875749588,0.6199211478233337,-0.3791118860244751,0.6960239410400391,-0.5038855671882629,0.6798297762870789,-0.5228787452803376
-0.12274616956710815,0.7256858348846436,-0.09595680236816406,0.7138400077819824,-0.14542561769485474,0.6831019520759583,0.0
-0.48340439796447754,0.6248073577880859,-0.6255471706390381,0.749919056892395,-0.44885462522506714,0.6591801643371582,-0.6989700043360187
-0.9855290055274963,0.9444482922554016,-0.9762139320373535,0.9793712496757507,-1.0004178285598755,0.8005579710006714,-1.154901959985743
-1.0220375061035156,1.0009994506835938,-1.0201784372329712,0.8816019296646118,-1.0125370025634766,0.9422376751899719,-1.1079053973095196
-0.9863414168357849,0.9444243907928467,-0.9769207239151001,0.9793429970741272,-1.0132336616516113,0.942224383354187,-1.0861861476162833
-1.0537781715393066,0.8319289684295654,-0.9772855043411255,0.9793245792388916,-1.0761289596557617,0.9702687859535217,-1.0
-0.6100392937660217,0.6618706583976746,-0.5268463492393494,0.7135629653930664,-0.6469778418540955,0.6491749286651611,-1.0
-0.7268445491790771,0.6582906246185303,-0.5654381513595581,0.5751245617866516,-0.4908475875854492,0.5809293389320374,-0.6989700043360187
-0.3854924738407135,0.6080453395843506,-0.5977380275726318,0.7043493986129761,-0.5304440855979919,0.6496940851211548,-0.494850021680094
0.044788897037506104,0.6137784719467163,-0.013758301734924316,0.6278164982795715,0.7142412066459656,0.6674160957336426,-0.1549019599857432
-0.48719608783721924,0.6181795001029968,-0.5114880204200745,0.7108889222145081,-0.3633926808834076,0.6468908786773682,-0.22184874961635637
-0.75,0.7043859362602234,-0.5609477758407593,0.7362521290779114,-0.6612817049026489,0.7228031158447266,-0.3467874862246563
-0.25739961862564087,0.6545163989067078,-0.5102849006652832,0.5794259309768677,0.6520492434501648,0.708156406879425,-0.3979400086720376
-0.42416563630104065,0.7141527533531189,-0.38462376594543457,0.6314114332199097,-0.36001962423324585,0.6421907544136047,-0.24412514432750865
-0.624067485332489,0.7629578113555908,-0.6527308225631714,0.7729515433311462,-0.6076750159263611,0.725234866142273,-0.2596373105057561
-0.38876062631607056,0.8430811166763306,-0.33159729838371277,0.7961451411247253,-0.40006428956985474,0.8165319561958313,-0.3010299956639812
-0.8752197623252869,0.712134838104248,-0.6454688906669617,0.6880404949188232,-0.6202017664909363,0.7547633051872253,-0.3979400086720376
-1.0214747190475464,1.382034420967102,-0.9857574701309204,1.354272484779358,-1.01515793800354,1.4002501964569092,-1.0177287669604316
-1.0827034711837769,1.3133015632629395,-1.0860772132873535,1.296406865119934,-1.1578389406204224,1.3331210613250732,-1.0
-0.10477662086486816,1.1218832731246948,-0.14933252334594727,1.102948546409607,-0.1314566731452942,1.2655417919158936,-0.07058107428570727
-0.14862918853759766,0.8609477281570435,-0.18710756301879883,1.1003934144973755,-0.1473020315170288,0.915917694568634,-0.12493873660829993
-0.5527050495147705,0.9700330495834351,-0.4823758602142334,1.0623760223388672,-0.511669933795929,0.8746257424354553,-0.37675070960209955
-0.445885568857193,0.9564864039421082,-0.3186652660369873,0.9293172955513,-0.31623467803001404,1.2571359872817993,-0.3279021420642826
-0.2938738763332367,0.9285336136817932,-0.2644120752811432,0.6888976097106934,-0.2752677798271179,1.2593157291412354,-0.22184874961635637
-0.20925623178482056,1.1204683780670166,-0.22694432735443115,0.9513962864875793,-0.24500328302383423,1.2648646831512451,-0.14266750356873156
-0.3586832284927368,0.8553608655929565,-0.3581184446811676,1.0320724248886108,-0.3871402144432068,1.2571965456008911,-0.494850021680094
-0.49345433712005615,0.8726605176925659,-0.5115681886672974,1.1043694019317627,-0.5051490068435669,0.8958734273910522,-0.6020599913279624
-0.15162551403045654,0.5947542190551758,-0.16662323474884033,0.6409450173377991,-0.19371628761291504,0.5657069683074951,-0.09691001300805639
0.06479763984680176,0.6229349970817566,0.070811927318573,0.6467121243476868,0.04245346784591675,0.5966543555259705,0.20411998265592482
-0.1374117136001587,0.5609535574913025,-0.06511133909225464,0.5450122356414795,-0.15322864055633545,0.49396517872810364,-0.09691001300805639
-0.21551251411437988,0.5733959078788757,-0.09229433536529541,0.5433933138847351,-0.12813425064086914,0.5962051749229431,-0.1549019599857432
-0.1811867356300354,0.5844506621360779,-0.20479393005371094,0.5681039094924927,-0.20680612325668335,0.5422202944755554,-0.22184874961635637
-0.2017725110054016,0.5425207614898682,-0.16392385959625244,0.5583937764167786,-0.18798613548278809,0.5890458226203918,-0.22184874961635637
0.010770082473754883,0.6200401186943054,0.06141394376754761,0.6071586012840271,0.041130125522613525,0.5797619819641113,0.07918124604762482
-0.25064772367477417,0.5417057871818542,-0.2729719281196594,0.577722430229187,-0.1958998441696167,0.5924930572509766,-0.3010299956639812
-0.3184501528739929,0.5517644286155701,-0.2753903567790985,0.5542274713516235,-0.25427868962287903,0.5900262594223022,-0.3979400086720376
-0.28742510080337524,0.5819834470748901,-0.35456326603889465,0.5955439805984497,-0.2915680408477783,0.5654221177101135,-0.3979400086720376
-0.1052253246307373,0.6079692244529724,-0.05005812644958496,0.6015897989273071,-0.11258012056350708,0.5903017520904541,-0.09691001300805639
-0.4307675361633301,0.5491495728492737,-0.37560707330703735,0.535757303237915,-0.38839447498321533,0.5819801092147827,-0.5228787452803376
-0.6328591108322144,0.5538215637207031,-0.5769076943397522,0.5559794306755066,-0.510344922542572,0.5855310559272766,-0.6989700043360187
-0.6394517421722412,0.4786207973957062,-0.6560693979263306,0.593683123588562,-0.5906186103820801,0.6082687377929688,-0.6989700043360187
-0.41381019353866577,0.48511287569999695,-0.35153627395629883,0.5969485640525818,-0.4219510555267334,0.6108526587486267,-0.22184874961635637
-0.7809340953826904,0.6057859063148499,-0.706234335899353,0.5218957662582397,-0.8433554172515869,0.5575169920921326,-0.9208187539523752
-0.6153787970542908,0.5808338522911072,-0.606914758682251,0.6548311710357666,-0.6435464024543762,0.6121439337730408,-0.3467874862246563
-1.0198665857315063,1.242211103439331,-0.8194181323051453,1.3090459108352661,-0.7258521914482117,1.2489721775054932,-0.858863909879261
-0.8693991899490356,1.2989250421524048,-0.8591595888137817,1.2866519689559937,-0.9412776231765747,1.400805950164795,-1.0788339493622612
-0.7185056805610657,1.2339714765548706,-0.7270904779434204,1.3980844020843506,-0.7857275009155273,1.3654718399047852,-0.9295926782598803
-1.0194451808929443,1.2612524032592773,-0.762641429901123,1.2867467403411865,-0.9111613035202026,1.2438138723373413,-0.549750891680639
-0.5630145072937012,0.5103870034217834,-0.5455714464187622,0.5275666117668152,-0.554651141166687,0.4766686260700226,-0.6020599913279624
-0.6263387799263,0.5704283118247986,-0.7022131681442261,0.6376413702964783,-0.6960330605506897,0.6583458781242371,-0.6020599913279624
-0.6954776644706726,0.5011041760444641,-0.681510865688324,0.4947945773601532,-0.7333991527557373,0.5063911080360413,-0.6989700043360187
-0.23648935556411743,0.4909973740577698,-0.25858190655708313,0.5442036390304565,-0.23379528522491455,0.557698667049408,-0.2596373105057561
-0.371271014213562,0.6042290329933167,-0.3705267310142517,0.5998747944831848,-0.3392571210861206,0.6596364974975586,-0.3010299956639812
-0.400675892829895,0.46805042028427124,-0.39451009035110474,0.5099247694015503,-0.3789708614349365,0.5555317401885986,-0.3979400086720376
-0.9823875427246094,0.5454141497612,-0.9744875431060791,0.5506489872932434,-1.0193148851394653,0.5506501197814941,-0.9208187539523752
-1.0894984006881714,0.6197373270988464,-1.1770472526550293,0.7016342878341675,-1.122700810432434,0.6944325566291809,-1.0
-1.1300451755523682,0.5167204141616821,-1.1006546020507812,0.5265174508094788,-1.1601121425628662,0.5398197770118713,-0.958607314841775
-0.701816737651825,0.4806686043739319,-0.8851392269134521,0.4599452316761017,-0.7761960625648499,0.4851034879684448,-0.8538719643217619
-0.9045113325119019,0.5167020559310913,-0.8305285573005676,0.6594591736793518,-0.8948599100112915,0.5657558441162109,-0.8860566476931632
-0.9638630151748657,0.488355815410614,-0.9770800471305847,0.44685450196266174,-0.9124654531478882,0.4802928864955902,-0.9208187539523752
-0.6757797002792358,0.49781128764152527,-0.6545436382293701,0.5120185613632202,-0.6822589635848999,0.48003941774368286,-0.7695510786217261
-0.7945610880851746,0.4907257556915283,-0.8441737294197083,0.4881207346916199,-0.7925631999969482,0.4712461829185486,-0.744727494896694
-0.7563894987106323,0.558109700679779,-0.757713258266449,0.4881250262260437,-0.7437555193901062,0.5074586868286133,-0.8538719643217619
-0.41283512115478516,0.49970775842666626,-0.37246739864349365,0.543317437171936,-0.4121134579181671,0.46872711181640625,-0.3565473235138126
-0.49126118421554565,0.46717536449432373,-0.47478875517845154,0.4971050024032593,-0.47909945249557495,0.5127660632133484,-0.5528419686577808
-0.4703202247619629,0.5921292304992676,-0.4457909166812897,0.6245092749595642,-0.47362521290779114,0.5665283203125,-0.3979400086720376
-0.6056208610534668,0.5710187554359436,-0.599016010761261,0.5826706886291504,-0.5811882019042969,0.5756772756576538,-0.585026652029182
-0.49910396337509155,0.5188300013542175,-0.4605712890625,0.5341863632202148,-0.5300458073616028,0.5627811551094055,-0.5528419686577808
-0.6049374341964722,0.5146849155426025,-0.6505364179611206,0.5263185501098633,-0.6587687730789185,0.5121333599090576,-0.6777807052660807
-0.7570704221725464,0.4820518493652344,-0.6996391415596008,0.5152385234832764,-0.7373715043067932,0.47642937302589417,-0.744727494896694
-0.7927556037902832,0.5348490476608276,-0.8604750037193298,0.6389651298522949,-0.8587971925735474,0.657071053981781,-0.9208187539523752
-0.8711323738098145,0.43165409564971924,-0.882428765296936,0.4755607545375824,-0.8515051603317261,0.47625064849853516,-0.8239087409443188
-0.4019007384777069,0.49471503496170044,-0.4284052848815918,0.5480758547782898,-0.41327738761901855,0.5206524729728699,-0.44369749923271273
-0.5420621037483215,0.49472740292549133,-0.5420229434967041,0.5189653038978577,-0.5593481063842773,0.5034911036491394,-0.5228787452803376
-0.48267778754234314,0.5530393719673157,-0.4991283118724823,0.5926060080528259,-0.5020211935043335,0.6626883149147034,-0.494850021680094
-0.8976209759712219,0.5682946443557739,-0.8953232169151306,0.5604652166366577,-0.9352370500564575,0.5754227042198181,-0.9208187539523752
-0.7725164890289307,0.5681200623512268,-0.8429334759712219,0.5945619940757751,-0.8065027594566345,0.6193447709083557,-0.8239087409443188
-0.8287944197654724,0.6308385133743286,-0.8517031073570251,0.6157176494598389,-0.8138673901557922,0.6689432859420776,-0.9208187539523752
-0.47820696234703064,0.596129298210144,-0.46643972396850586,0.5494409799575806,-0.44969287514686584,0.5700251460075378,-0.4559319556497244
-0.5470832586288452,0.5357398390769958,-0.5829651951789856,0.5824642777442932,-0.5719561576843262,0.6069685220718384,-0.619788758288394
-0.5344508290290833,0.6665849685668945,-0.5844191312789917,0.6901301741600037,-0.5844942331314087,0.70244961977005,-0.6020599913279624
-1.9013603925704956,1.2349860668182373,-2.194056510925293,0.9995087385177612,-2.1873295307159424,1.2026145458221436,-2.537602002101044
-1.8944133520126343,1.2367329597473145,-2.494257926940918,1.231765627861023,-2.479926824569702,1.1662229299545288,-2.167491087293764
-1.9146816730499268,1.2313244342803955,-2.302323579788208,1.2864700555801392,-2.2148427963256836,1.1305513381958008,-2.344861565188618
-2.229492664337158,1.3895666599273682,-2.1998260021209717,1.3238416910171509,-2.138727903366089,1.1856971979141235,-1.9507819773298183
0.29537540674209595,0.49128931760787964,0.22502583265304565,0.4540160596370697,0.12684571743011475,0.46816286444664,0.07918124604762482
0.3636229634284973,0.4413449168205261,0.41647863388061523,0.487981379032135,0.35212087631225586,0.4458085298538208,0.6989700043360189
0.5980741381645203,0.461029052734375,0.5957604646682739,0.4934101402759552,0.5845581889152527,0.47865885496139526,0.8450980400142568
0.12388396263122559,0.49135974049568176,0.1912320852279663,0.49473056197166443,0.10045260190963745,0.45102906227111816,0.04139268515822507
0.3546830415725708,0.4010066092014313,0.3585333824157715,0.5015144944190979,0.30091971158981323,0.4499414265155792,0.4913616938342727
0.576164960861206,0.41421452164649963,0.5984231233596802,0.5335599184036255,0.5878909230232239,0.46459466218948364,0.7781512503836436
-0.043969035148620605,0.4652194678783417,0.019243359565734863,0.4400366246700287,0.010202527046203613,0.4564152956008911,0.04139268515822507
0.3467656970024109,0.47369733452796936,0.279771089553833,0.494175523519516,0.23529160022735596,0.4431324005126953,0.414973347970818
0.5902515649795532,0.46581244468688965,0.5648022890090942,0.4769980013370514,0.5873458385467529,0.47879645228385925,0.6627578316815741
-0.20931166410446167,0.45583319664001465,-0.05599033832550049,0.4879707396030426,-0.12388193607330322,0.4327865242958069,0.0
0.16705060005187988,0.4671531617641449,0.08784979581832886,0.4191148281097412,0.07125657796859741,0.4324626922607422,0.3424226808222063
0.35128194093704224,0.45915040373802185,0.3491416573524475,0.4351246953010559,0.4284127950668335,0.47485843300819397,0.5314789170422551
-0.15254241228103638,0.4823732078075409,-0.12154960632324219,0.4706541895866394,-0.10094684362411499,0.4911617934703827,-1.3979400086720375
0.03091585636138916,0.4802986979484558,0.01563352346420288,0.49812236428260803,-0.0008072853088378906,0.46695253252983093,0.07918124604762482
0.26898080110549927,0.4602092504501343,0.3711143136024475,0.46576616168022156,0.2017122507095337,0.47495216131210327,0.38021124171160603
-0.37210825085639954,0.6391560435295105,-0.44967183470726013,0.6473773717880249,-0.2918184995651245,0.6692891120910645,-1.5228787452803376
-0.48539355397224426,0.6309207081794739,-0.15909332036972046,0.6249886155128479,-0.6567214131355286,0.6693644523620605,0.04139268515822507
-0.26382339000701904,0.6512220501899719,-0.2482479214668274,0.6876328587532043,-0.4212039113044739,0.691433310508728,0.3010299956639812
-0.39828985929489136,0.5324652194976807,-0.37656301259994507,0.5857263803482056,-0.34138745069503784,0.5101891160011292,-1.6989700043360187
-0.3363523483276367,0.5115039944648743,-0.3041502833366394,0.529123067855835,-0.2891990840435028,0.549940824508667,0.0
-0.11606448888778687,0.5114294290542603,-0.11701095104217529,0.4780556857585907,-0.12448698282241821,0.5041484236717224,0.17609125905568124
0.035969316959381104,0.5316437482833862,-0.32307425141334534,0.5424827337265015,-0.036839842796325684,0.4936271011829376,-0.5228787452803376
-0.4054272472858429,0.6172168254852295,-0.41176483035087585,0.5367106795310974,-0.341985285282135,0.6233245134353638,-0.585026652029182
-0.1446213722229004,0.5208171606063843,-0.23326396942138672,0.5051207542419434,-0.45092469453811646,0.6137877702713013,-0.619788758288394
-0.2542356252670288,0.5109535455703735,-0.3550623953342438,0.49498987197875977,-0.5212039947509766,0.5635221600532532,-0.6575773191777937
-0.33842289447784424,0.5467559099197388,-0.3257480561733246,0.5830105543136597,-0.27298203110694885,0.6712638139724731,0.04139268515822507
-0.36960288882255554,0.646830677986145,-0.3883255422115326,0.5529173612594604,-0.3330848217010498,0.6601154208183289,-0.07572071393811836
-0.2825419008731842,0.49563753604888916,-0.530556857585907,0.5432646870613098,-0.6470707654953003,0.570238471031189,-0.7033348097384688
-0.32584717869758606,0.5138482451438904,-0.36451199650764465,0.5667738318443298,-0.1862303614616394,0.5577583312988281,-0.16749108729376366
-0.9508669376373291,0.647135317325592,-0.5094114542007446,0.5701481103897095,-0.8115679025650024,0.5361453890800476,-0.712198270069774
-0.4476647675037384,0.583001434803009,-0.36752790212631226,0.5980729460716248,-0.4944283068180084,0.6525169610977173,-0.22184874961635637
-0.6875989437103271,0.6971211433410645,-0.8051716089248657,0.7264869213104248,-0.9391048550605774,0.7498626112937927,-0.744727494896694
-0.6061774492263794,0.8348590731620789,-0.5472636818885803,0.7533418536186218,-0.6661499738693237,0.775030791759491,-0.3010299956639812
0.058175861835479736,1.0210261344909668,0.04766196012496948,0.9025894403457642,0.04056274890899658,0.7887716293334961,0.3010299956639812
0.02321380376815796,1.06430184841156,0.07045847177505493,1.1179754734039307,0.007612884044647217,0.9857574701309204,0.25527250510330607
0.04076951742172241,0.881941556930542,-0.03062760829925537,1.1159000396728516,0.054225802421569824,1.035335659980774,-0.22184874961635637
-0.34577393531799316,1.051024079322815,-0.3532417416572571,1.1118009090423584,-0.3315308392047882,0.9820550680160522,-0.3979400086720376
-1.1730353832244873,1.0906956195831299,-1.1433124542236328,1.1263903379440308,-0.9246874451637268,1.0986641645431519,-0.22184874961635637
-0.8575690984725952,1.0333396196365356,-0.3685675263404846,0.8833913207054138,-0.7438477277755737,1.0616271495819092,-1.0
-0.8284226059913635,0.8279094696044922,-1.0150160789489746,1.1140660047531128,-0.623821496963501,0.8168478012084961,-0.6989700043360187
-0.5401758551597595,1.077723741531372,-0.5085867047309875,0.7477041482925415,-0.3586556613445282,0.8637043833732605,-1.3010299956639813
-1.3783526420593262,0.702459990978241,-1.3979092836380005,0.7316677570343018,-1.4555494785308838,0.6906835436820984,-1.6989700043360187
-1.6151602268218994,0.6766710877418518,-1.5889074802398682,0.6485804319381714,-1.580979347229004,0.6977555751800537,-1.2924298239020637
-1.7321200370788574,0.6707915663719177,-1.7141180038452148,0.6711421012878418,-1.7207870483398438,0.6618490815162659,-1.3979400086720375
-1.5613374710083008,0.6753441095352173,-1.626939058303833,0.695273756980896,-1.5917003154754639,0.6607436537742615,-1.5228787452803376
-1.5632197856903076,0.6707096695899963,-1.4883160591125488,0.6321200132369995,-1.5233910083770752,0.6337519884109497,-1.5228787452803376
-1.3670846223831177,0.6618779301643372,-1.4525630474090576,0.6817566752433777,-1.3501825332641602,0.5697489976882935,-1.154901959985743
-1.476420521736145,0.6453354954719543,-1.5600945949554443,0.7244156002998352,-1.499489426612854,0.6988745331764221,-1.3010299956639813
-1.354374647140503,0.6152451038360596,-1.410648226737976,0.6869502067565918,-1.3765649795532227,0.6596983671188354,-1.3010299956639813
-1.2412225008010864,0.5970256924629211,-1.1988531351089478,0.7217826247215271,-1.2813143730163574,0.6654961109161377,-1.6020599913279623
-1.2808942794799805,0.6003448963165283,-1.1990426778793335,0.6092149615287781,-1.3798185586929321,0.6251388192176819,-1.3467874862246563
-1.0495340824127197,0.632447361946106,-1.1410622596740723,0.6862367391586304,-1.0773955583572388,0.6204476952552795,-0.7958800173440752
-1.2131261825561523,0.6662778258323669,-1.2485936880111694,0.7325872182846069,-1.220237135887146,0.7162026762962341,-1.154901959985743
-0.9654979705810547,0.5938916802406311,-0.9108207821846008,0.6293123960494995,-0.9462943077087402,0.6363040208816528,-1.2924298239020637
-1.0433342456817627,0.579685628414154,-0.9896199703216553,0.5983707308769226,-1.0857094526290894,0.6152317523956299,-1.154901959985743
-1.0423436164855957,0.6533243060112,-1.0248897075653076,0.6510021686553955,-0.9886926412582397,0.6868374347686768,-1.1249387366083
-0.6795960664749146,0.7020052671432495,-0.7351223230361938,0.6637117862701416,-0.7844213247299194,0.7072073817253113,-0.7695510786217261
-0.8370887041091919,0.629612922668457,-0.7665717601776123,0.7108410596847534,-0.7517253756523132,0.6223935484886169,-0.6575773191777937
-0.8627752065658569,0.666693925857544,-0.9055770635604858,0.7517526745796204,-0.9082512855529785,0.733434796333313,-0.9208187539523752
-0.7482572197914124,0.5942922234535217,-0.6977136731147766,0.667374312877655,-0.7601021528244019,0.6863807439804077,-0.8860566476931632
-0.564701497554779,0.6712784171104431,-0.6388461589813232,0.6533917784690857,-0.7018246054649353,0.7143022418022156,-1.0
-0.7601301074028015,0.7569631338119507,-0.7691851258277893,0.7671852111816406,-0.6822469830513,0.7063999176025391,-1.0
-0.3618954122066498,0.6240862607955933,-0.485603004693985,0.7210744619369507,-0.37940528988838196,0.6219778656959534,-0.6989700043360187
-0.4745909869670868,0.7103413939476013,-0.5096551179885864,0.543638288974762,-0.5284398794174194,0.6804563403129578,-0.494850021680094
-0.7622418403625488,0.7314601540565491,-0.8247241377830505,0.6672321557998657,-0.839545726776123,0.6888668537139893,-0.6989700043360187
-0.5196714401245117,0.6628668308258057,-0.3829735815525055,0.6003415584564209,-0.43639153242111206,0.7012415528297424,-0.46852108295774486
-0.47550249099731445,0.600121259689331,-0.539323091506958,0.6784402132034302,-0.7057576179504395,0.5402696132659912,-0.2924298239020636
-0.5961345434188843,0.8029216527938843,-0.5025426149368286,0.7473108172416687,-0.6407499313354492,0.7265121340751648,-0.494850021680094
-0.31564852595329285,0.6406731009483337,-0.22140073776245117,0.6226286888122559,-0.2910792827606201,0.6615937352180481,-0.3010299956639812
-0.3212653398513794,0.7492272853851318,-0.26031678915023804,0.5986031889915466,-0.44009125232696533,0.6978290677070618,-0.21467016498923297
-0.6351586580276489,0.6658218502998352,-0.6189044117927551,0.6526195406913757,-0.631441593170166,0.7049538493156433,-0.6777807052660807
-0.28125473856925964,0.6095098257064819,-0.3068745732307434,0.6210218071937561,-0.34469276666641235,0.7019757032394409,-0.44369749923271273
-0.29868084192276,0.6600409746170044,-0.2853962779045105,0.6197928190231323,-0.3942948281764984,0.7090969681739807,-0.25181197299379954
-0.6755721569061279,0.6220300197601318,-0.6420979499816895,0.7354627251625061,-0.7339192628860474,0.7491210103034973,-0.5228787452803376
-0.39146897196769714,0.6625461578369141,-0.4167008697986603,0.604205310344696,-0.33960580825805664,0.6276047825813293,-0.3372421683184259
-0.36861124634742737,0.5770121216773987,-0.42578423023223877,0.6715369820594788,-0.407181054353714,0.6516372561454773,-0.1938200260161128
-0.4625159204006195,0.8043943643569946,-0.3596867322921753,0.6439833641052246,-0.5236051082611084,0.7467528581619263,-0.3979400086720376
-0.06365513801574707,0.5829691886901855,-0.07106316089630127,0.6293888092041016,-0.10883665084838867,0.6912021636962891,-0.22184874961635637
-0.18763327598571777,0.7484049201011658,-0.17274707555770874,0.6920793652534485,-0.15844154357910156,0.6912553906440735,-0.09691001300805639
-1.5927468538284302,1.111247181892395,-1.643477201461792,1.055127501487732,-1.5478150844573975,1.087440848350525,-1.6382721639824072
-1.688157320022583,1.0935536623001099,-1.708151936531067,1.0702508687973022,-1.7130866050720215,0.9796426892280579,-1.6382721639824072
-1.776132583618164,1.1064592599868774,-1.6277384757995605,1.1224898099899292,-1.6178014278411865,1.0011435747146606,-1.6575773191777938
-1.6362125873565674,1.114917516708374,-1.6481351852416992,1.0096231698989868,-1.6597275733947754,0.9559934735298157,-1.6777807052660807
-1.2644299268722534,1.0101003646850586,-1.4752347469329834,1.0612550973892212,-1.351427674293518,1.1281282901763916,-1.6575773191777938
-1.7310326099395752,0.8840532898902893,-1.8037289381027222,0.9289329648017883,-1.5976450443267822,0.9922329187393188,-1.5528419686577808
-1.4978082180023193,0.8806978464126587,-1.5306484699249268,1.0155470371246338,-1.4979788064956665,0.8698608875274658,-1.6989700043360187
-1.5835047960281372,0.8223158717155457,-1.6422536373138428,0.9452224969863892,-1.596205711364746,1.0084892511367798,-1.6197887582883939
-1.1360117197036743,0.8753934502601624,-1.3340303897857666,0.9341900944709778,-1.3136875629425049,0.9148789048194885,-0.958607314841775
-1.0973247289657593,0.841935932636261,-1.0414221286773682,1.0242830514907837,-1.002856731414795,0.9876427054405212,-1.744727494896694
-1.5659165382385254,1.0200685262680054,-1.4531761407852173,0.9794663190841675,-1.0876191854476929,0.8904204368591309,-1.0457574905606752
-1.70231032371521,0.9870904684066772,-1.591638445854187,0.9775102138519287,-1.031052589416504,1.0061947107315063,-1.0969100130080565
-0.8206974267959595,0.9712921380996704,-0.8542224168777466,1.0570873022079468,-0.8126324415206909,1.0058602094650269,-0.744727494896694
-0.9162368774414062,1.0710783004760742,-0.9437781572341919,1.0260398387908936,-0.8811306357383728,1.0173604488372803,-0.7695510786217261
-0.8364294171333313,1.0786021947860718,-0.7768452763557434,0.990397036075592,-0.8116869330406189,0.8897084593772888,-0.832682665251824
-0.8504432439804077,0.8933228850364685,-0.8175294995307922,0.9888330101966858,-0.8555555939674377,0.9826527833938599,-0.8761483590329142
-1.0723613500595093,1.0526983737945557,-1.0941052436828613,1.1169887781143188,-1.274583339691162,1.3481537103652954,-1.2218487496163564
-1.2499911785125732,1.1356159448623657,-1.1287609338760376,1.157304048538208,-1.459823489189148,1.3278855085372925,-1.0457574905606752
-1.1367915868759155,1.0680618286132812,-1.0309157371520996,1.1059225797653198,-1.3722953796386719,1.3202333450317383,-1.0
-0.8747351765632629,1.0754016637802124,-0.8604676723480225,1.0308034420013428,-0.8711417317390442,1.01785147190094,-0.8761483590329142
-1.2596498727798462,0.9736859798431396,-0.9147173762321472,0.8941601514816284,-0.5657889246940613,1.0464013814926147,-0.5228787452803376
-1.4269344806671143,1.0036036968231201,-1.1562973260879517,1.0387471914291382,-0.7200720906257629,1.0769236087799072,-0.8794260687941502
-0.802414059638977,0.9466266632080078,-0.7071248292922974,1.0063774585723877,-0.8262758851051331,1.1318026781082153,-1.4436974992327127
0.5713821649551392,0.5939956307411194,0.4725918769836426,0.6424418687820435,0.5005465745925903,0.5863446593284607,0.6202401898458314
0.46966636180877686,0.5880441069602966,0.39209455251693726,0.5667898058891296,0.4164884090423584,0.5717474222183228,0.5098742850047192
0.36174631118774414,0.5811823606491089,0.3301812410354614,0.6125877499580383,0.3097464442253113,0.5585811734199524,0.36772854608697647
0.16500967741012573,0.5598682761192322,0.14680147171020508,0.5353689193725586,0.1800140142440796,0.4706598222255707,0.449478399187365
-0.20305895805358887,0.5178578495979309,-0.10826373100280762,0.5672659277915955,-0.1640133261680603,0.5372063517570496,-0.025949097207122653
-0.15420877933502197,0.5134722590446472,-0.18409818410873413,0.5296642184257507,-0.17036575078964233,0.48946496844291687,-0.12033079436794646
0.12321192026138306,0.544460117816925,0.12333172559738159,0.6013410091400146,0.1468145251274109,0.49585577845573425,0.32139127831168907
-0.23559322953224182,0.5184605717658997,-0.11094355583190918,0.5686063766479492,-0.21566647291183472,0.48536500334739685,-0.22548303427145047
-0.36889031529426575,0.5339957475662231,-0.28168702125549316,0.6151180267333984,-0.3684578537940979,0.47862356901168823,-0.3957739469155299
-0.11948567628860474,0.6006901860237122,-0.08855617046356201,0.6361891627311707,-0.06364667415618896,0.5931224822998047,-0.0008694587126288915
-0.34832456707954407,0.43295368552207947,-0.35167786478996277,0.629754900932312,-0.4470231235027313,0.5519462823867798,-0.4473317838878068
-0.46399107575416565,0.5398277044296265,-0.5023448467254639,0.4956078827381134,-0.3960181772708893,0.5319129228591919,-0.4659738939438649
-0.4758570194244385,0.5462852120399475,-0.41720983386039734,0.6473224759101868,-0.43814602494239807,0.5013824105262756,-0.5287082889410615
-0.47118595242500305,0.5647301077842712,-0.44496387243270874,0.6367818117141724,-0.48347872495651245,0.572421133518219,-0.5670307091255943
-0.47022342681884766,0.5700336694717407,-0.4286491274833679,0.613564133644104,-0.30721843242645264,0.5695174932479858,-0.5934598195660448
-0.41300544142723083,0.6060870885848999,-0.4337952136993408,0.6487317681312561,-0.2758251428604126,0.5778977274894714,-0.6090648928966209
-0.09688800573348999,0.6683496832847595,-0.11450165510177612,0.7626697421073914,-0.005431175231933594,0.6288703083992004,-0.23136189875238555
0.13734757900238037,0.790103554725647,0.0939282774925232,0.8439804911613464,0.41547107696533203,0.8042873740196228,-0.4854522473397139
-1.1141598224639893,0.5292096734046936,-1.1556817293167114,0.5892542600631714,-1.1224502325057983,0.588942289352417,-1.0
-0.9210337996482849,0.49983730912208557,-0.8326892852783203,0.6004318594932556,-0.8802402019500732,0.5693767070770264,-0.5228787452803376
-0.6100608706474304,0.5794849395751953,-0.6322431564331055,0.5400047302246094,-0.675822377204895,0.5945115089416504,-0.3010299956639812
-0.8603352308273315,0.564671516418457,-0.8455434441566467,0.5233699679374695,-0.8481854200363159,0.5629609823226929,-0.6989700043360187
-0.848952054977417,0.5410284399986267,-0.8975948095321655,0.5554316639900208,-0.9215432405471802,0.5367328524589539,-0.744727494896694
-1.2168474197387695,0.5778730511665344,-1.2409099340438843,0.5789455771446228,-1.1119935512542725,0.5285905599594116,-1.5228787452803376
-0.9558560848236084,0.5520499348640442,-0.9302428364753723,0.5916008949279785,-0.9195128083229065,0.5043456554412842,-1.0
-0.7392242550849915,0.5201314687728882,-0.6814290285110474,0.5994411110877991,-0.665848433971405,0.6099171042442322,-0.6989700043360187
-1.005293846130371,0.5855642557144165,-0.9483656287193298,0.6224182844161987,-0.9080579876899719,0.5872266292572021,-0.744727494896694
-1.1046031713485718,0.48521366715431213,-1.074869155883789,0.5446489453315735,-0.9941022396087646,0.5648040175437927,-1.1611509092627446
-1.1675775051116943,0.5771242380142212,-1.188555359840393,0.7099233865737915,-1.07297945022583,0.7009595036506653,-1.1643094285075744
-1.4715962409973145,0.568483293056488,-1.453667402267456,0.6348532438278198,-1.4295459985733032,0.566889226436615,-1.6989700043360187
-0.9991938471794128,0.5568429827690125,-0.973544716835022,0.5945612788200378,-1.112943172454834,0.6499953866004944,-1.0969100130080565
-1.2306530475616455,0.536464273929596,-1.1530342102050781,0.5453495979309082,-1.275553584098816,0.5863242149353027,-1.2732727909734278
-1.3271738290786743,0.7035222053527832,-1.230875015258789,0.6429063677787781,-1.3390370607376099,0.7896152138710022,-1.3979400086720375
-0.9265816807746887,0.5473946332931519,-0.9989715218544006,0.5622085928916931,-1.0195006132125854,0.6194654703140259,-1.0
-2.8477566242218018,0.4939674139022827,-2.869757890701294,0.41830679774284363,-2.8789970874786377,0.44662362337112427,-3.0969100130080562
-2.794950485229492,0.5636061429977417,-2.8332204818725586,0.5175119042396545,-2.8064236640930176,0.5001503229141235,-2.657577319177794
-2.9981563091278076,0.522632360458374,-2.9794535636901855,0.5233853459358215,-3.032278537750244,0.5399277806282043,-2.795880017344075
-3.062211036682129,0.6636973023414612,-3.0565857887268066,0.628959059715271,-3.0427510738372803,0.5944252014160156,-3.0969100130080562
-2.913086414337158,0.42940762639045715,-2.884060859680176,0.4178144335746765,-2.9329283237457275,0.38944751024246216,-2.769551078621726
-3.0668697357177734,0.5574327707290649,-3.079803466796875,0.6344848275184631,-3.1053266525268555,0.684825599193573,-3.0969100130080562
-2.89351487159729,0.402104914188385,-2.899078845977783,0.3605775237083435,-2.892306327819824,0.3585294187068939,-3.0457574905606752
-2.9483530521392822,0.5521064400672913,-3.026825189590454,0.513130247592926,-3.0130441188812256,0.45493870973587036,-2.853871964321762
-2.842012643814087,0.48740890622138977,-2.906780481338501,0.3533347249031067,-2.8814852237701416,0.4338788390159607,-2.744727494896694
-2.8105154037475586,0.4204941689968109,-2.8741865158081055,0.4102928638458252,-2.824552536010742,0.4324416220188141,-2.6989700043360187
-2.9189906120300293,0.39563196897506714,-2.9078245162963867,0.419467955827713,-2.9025206565856934,0.43786856532096863,-2.958607314841775
-3.0178298950195312,0.4157527983188629,-2.8821818828582764,0.48282161355018616,-3.0033771991729736,0.5243619084358215,-2.958607314841775
-2.934277057647705,0.38995736837387085,-2.941343069076538,0.40075981616973877,-2.9772379398345947,0.37748003005981445,-2.6989700043360187
-3.085463047027588,0.5647826790809631,-3.087500810623169,0.6233874559402466,-3.1147096157073975,0.6801213622093201,-3.0969100130080562
-2.8557143211364746,0.46966513991355896,-2.885312557220459,0.40203455090522766,-2.78126859664917,0.5827236771583557,-2.721246399047171
-3.0525336265563965,0.4152293801307678,-2.9164013862609863,0.4799635708332062,-3.053757667541504,0.5325316786766052,-3.0
-2.9274418354034424,0.4875526428222656,-2.981722831726074,0.4103139638900757,-2.927536725997925,0.4332520067691803,-2.958607314841775
-2.9411661624908447,0.34792327880859375,-2.938164234161377,0.4027279019355774,-2.941105842590332,0.4768882691860199,-2.9208187539523753
-2.8408119678497314,0.5477429628372192,-2.898297071456909,0.5065808296203613,-2.901289463043213,0.4840144217014313,-2.795880017344075
-3.1276731491088867,0.548900306224823,-3.1336803436279297,0.6287269592285156,-3.1249446868896484,0.6773847341537476,-3.0969100130080562
-2.8120360374450684,0.4968057870864868,-2.845019578933716,0.46078187227249146,-2.9334707260131836,0.5916436314582825,-2.958607314841775
-2.8386025428771973,0.5412503480911255,-2.8164782524108887,0.567679762840271,-2.9344229698181152,0.6738529205322266,-3.2218487496163566
-2.89626145362854,0.5854789614677429,-2.870347023010254,0.5744097232818604,-2.8108842372894287,0.5113906264305115,-3.0
-2.7398629188537598,0.6503518223762512,-2.6435844898223877,0.5729691386222839,-2.6890904903411865,0.5600244998931885,-2.958607314841775
-2.9787983894348145,0.6350281834602356,-3.1204261779785156,0.6991875767707825,-3.0256567001342773,0.676035463809967,-3.0969100130080562
