6,13,42,log (Total flux)
-0.5067477226257324,-0.5618830919265747,-0.40434765815734863,-1.0087739243075051
-0.3916446268558502,-0.39355888962745667,-0.48578596115112305,-0.9507819773298184
-0.6334431767463684,-0.5138517618179321,-0.5422745943069458,-1.0457574905606752
-0.5696349740028381,-0.49947547912597656,-0.4381606876850128,-0.8860566476931632
-0.5963714122772217,-0.5843973755836487,-0.6162839531898499,-0.958607314841775
-0.48437145352363586,-0.4560759663581848,-0.44455239176750183,-1.0
-0.43819859623908997,-0.3578379452228546,-0.3210568428039551,-0.9208187539523752
-0.39577874541282654,-0.37965714931488037,-0.40802842378616333,-0.7328282715969863
-0.44553038477897644,-0.5181573033332825,-0.4464690387248993,-0.9281179926938746
-0.646941065788269,-0.5856509804725647,-0.5376613736152649,-1.154901959985743
-0.5138219594955444,-0.42963907122612,-0.3740583658218384,-0.6020599913279624
-0.2246502935886383,-0.30499210953712463,-0.3217976987361908,-0.638272163982407
-0.6359232664108276,-0.5047815442085266,-0.48960450291633606,-0.46852108295774486
-0.34966254234313965,-0.403900682926178,-0.427780419588089,-0.4559319556497244
-0.43179115653038025,-0.4285636246204376,-0.40248987078666687,-0.5228787452803376
-0.168315127491951,-0.14731544256210327,-0.12238959223031998,-0.045757490560675115
-0.562134861946106,-0.5731739401817322,-0.5690410137176514,-0.22184874961635637
-0.2615230977535248,-0.25208503007888794,-0.3092440366744995,-0.3010299956639812
-0.2454012632369995,-0.2047283798456192,-0.27510637044906616,-0.37675070960209955
-0.3961767852306366,-0.39582791924476624,-0.33073878288269043,-0.37675070960209955
-0.4124799966812134,-0.43443769216537476,-0.34250935912132263,-0.37675070960209955
-0.3113570511341095,-0.20034708082675934,-0.2820223867893219,-0.3565473235138126
-1.6114368438720703,-1.6872713565826416,-1.6861158609390259,-1.6575773191777938
-1.3800338506698608,-1.354117751121521,-1.4028302431106567,-1.4685210829577449
-1.308584451675415,-1.3098088502883911,-1.299458622932434,-1.9913998282380825
-1.3738490343093872,-1.2596622705459595,-1.3752566576004028,-1.3979400086720375
-1.1967452764511108,-1.187085747718811,-1.2146304845809937,-1.337242168318426
-1.2118648290634155,-1.142918348312378,-1.1192309856414795,-1.3010299956639813
-1.2391892671585083,-1.314713478088379,-1.3037831783294678,-1.5934598195660448
-1.0007141828536987,-0.9643068313598633,-0.9393296837806702,-0.958607314841775
-0.885880172252655,-0.8534252047538757,-0.7984024882316589,-0.619788758288394
-0.789545476436615,-0.9194661974906921,-0.7748677134513855,-0.44369749923271273
-0.7719613909721375,-0.8301816582679749,-0.7762144804000854,-0.36653154442041347
-0.8901194334030151,-0.7905938625335693,-0.8106017112731934,-0.3279021420642826
-0.8175702095031738,-0.9267365336418152,-0.9446661472320557,-0.4559319556497244
-0.8350106477737427,-0.8529370427131653,-0.8901052474975586,-0.619788758288394
-0.8520926237106323,-0.8797135353088379,-0.8205441832542419,-0.7695510786217261
-0.8810818195343018,-0.9232348203659058,-0.9752109050750732,-0.9208187539523752
-1.0970587730407715,-1.152840495109558,-1.0727181434631348,-1.154901959985743
-0.897972047328949,-1.0421651601791382,-0.955192506313324,-0.8088285442714415
-0.9262231588363647,-0.877068281173706,-0.8583928346633911,-0.41476493663422465
-0.7289972305297852,-0.8280173540115356,-0.7400955557823181,-0.33837659077077
-0.8994114995002747,-0.9579693675041199,-0.9220373630523682,-0.7169250252645285
-0.9678345322608948,-0.9742391109466553,-0.8547545671463013,-0.3994627056355312
-0.7188770174980164,-0.7770523428916931,-0.7623675465583801,-0.21910689131292108
-1.0352286100387573,-0.9634864926338196,-0.9686366319656372,-0.9125735429637145
-0.9615441560745239,-0.9070337414741516,-0.8715153336524963,-0.39859193946531624
-0.8136458396911621,-0.7856032848358154,-0.7977800965309143,-0.1901037533975609
-1.0188559293746948,-0.9486209154129028,-1.037131667137146,-0.9270152553720696
-0.8676607012748718,-0.8559637665748596,-0.9216046333312988,-0.6449317936511493
-0.7934520244598389,-0.7576245069503784,-0.713583767414093,-0.22584814104528958
-0.9742214679718018,-1.009615182876587,-1.05967378616333,-1.016824927962187
-0.924455463886261,-0.903195858001709,-0.9774075150489807,-0.7171513971653553
-0.8750582933425903,-0.8326725363731384,-0.8676103353500366,-0.34390179798716813
-0.9822916984558105,-1.01919686794281,-0.9389145970344543,-1.0594835150674329
-0.9465914964675903,-0.9854698181152344,-0.8743964433670044,-0.7602001815529014
-0.8275445699691772,-0.9089871048927307,-0.8057045936584473,-0.43735032778808336
-1.023356556892395,-1.0486915111541748,-1.0852994918823242,-1.3516399890190685
-0.923750638961792,-0.8812001347541809,-0.9416578412055969,-0.9385475209128068
-0.912142276763916,-0.847222089767456,-0.8381025791168213,-0.6753060861382254
-1.019925594329834,-1.0685091018676758,-1.1065986156463623,-2.0757207139381184
-0.9271901845932007,-0.9958224892616272,-0.9881366491317749,-1.254144804826271
-0.8630274534225464,-0.9293853640556335,-0.9477900266647339,-0.906578314837765
-1.1948896646499634,-1.162332534790039,-1.1860402822494507,-2.221848749616356
-1.1236572265625,-1.0873384475708008,-1.0817131996154785,-2.5528419686577806
-1.0383957624435425,-1.0065112113952637,-1.0263056755065918,-1.4306260903849541
-1.0978822708129883,-1.069148302078247,-0.9983617663383484,-0.5867002359187481
-0.9966176152229309,-1.15024733543396,-1.2032173871994019,-0.596879478824182
-0.972184419631958,-1.0571073293685913,-1.0042191743850708,-0.6968039425795111
-1.0507562160491943,-1.088529348373413,-1.1594525575637817,-1.0
-1.084630012512207,-1.1429810523986816,-1.1137241125106812,-1.0506099933550872
-1.0426616668701172,-1.1100364923477173,-0.9847773909568787,-1.1739251972991736
-1.1465094089508057,-1.0273525714874268,-1.0978195667266846,-1.3279021420642825
-1.2332338094711304,-1.0994267463684082,-1.2765079736709595,-1.3979400086720375
-1.032688856124878,-1.0067719221115112,-0.9702396988868713,-2.154901959985743
-0.9255616068840027,-0.9275445938110352,-0.9667523503303528,-2.0177287669604316
-1.316676378250122,-1.2765876054763794,-1.2037391662597656,-1.6020599913279623
-0.4810108542442322,-0.5996487140655518,-0.558387041091919,-0.2688449400403264
-0.19060727953910828,-0.17323385179042816,-0.17306636273860931,0.06069784035361165
-0.3779880702495575,-0.3754909634590149,-0.4816592335700989,-0.24598209844216795
-0.3979465961456299,-0.4333236813545227,-0.41104400157928467,-0.24598209844216795
-0.008854723535478115,-0.06452170759439468,-0.12408849596977234,0.17926446433902532
-0.2746090292930603,-0.3463985025882721,-0.3089452087879181,-0.22184874961635637
-0.15527983009815216,-0.18001729249954224,-0.2223569005727768,-0.1962943969757637
0.11600818485021591,0.06611514836549759,0.1462816298007965,0.32633586092875144
0.38833433389663696,0.3013366460800171,0.2198147475719452,0.5276299008713387
0.47605177760124207,0.4667847454547882,0.3549775183200836,0.6627578316815741
-0.6705950498580933,-0.7338321805000305,-0.5775075554847717,-0.5290385369682233
-0.3287593424320221,-0.38254186511039734,-0.27228274941444397,-0.10790539730951959
-0.6247047781944275,-0.6225020885467529,-0.6267760396003723,-0.5102889561907537
-0.5150159001350403,-0.5456698536872864,-0.6079739928245544,-0.49069395850550057
-0.18850865960121155,-0.17486883699893951,-0.12236068397760391,0.04532297878665747
-0.3809652030467987,-0.4095388948917389,-0.44723859429359436,-0.4631109125294204
-0.32327258586883545,-0.21387821435928345,-0.3331763446331024,-0.4486329650765712
0.0815037190914154,-0.01376060489565134,0.05210746452212334,0.20682587603184974
0.21055904030799866,0.18076424300670624,0.229997918009758,0.3242824552976926
0.460812509059906,0.4178272485733032,0.42460736632347107,0.4487063199050799
-0.779564380645752,-0.826659619808197,-0.818228006362915,-0.8846058574743971
-0.5067680478096008,-0.3314988613128662,-0.4081243872642517,-0.2569922373293755
-0.6773962378501892,-0.5879910588264465,-0.6699068546295166,-0.8681119898227769
-0.5830371379852295,-0.6385196447372437,-0.6418598890304565,-0.8596239623199455
-0.2593401372432709,-0.4046913981437683,-0.38094082474708557,-0.005243055412371884
-0.5748640894889832,-0.5908646583557129,-0.6131433844566345,-0.8331171770258415
-0.37218862771987915,-0.4347119629383087,-0.49895259737968445,-0.8239087409443188
-0.08226559311151505,-0.07325135171413422,-0.17086659371852875,0.1766699326681496
0.08064398169517517,0.05224422365427017,-0.013416389003396034,0.29885307640970665
0.22913071513175964,0.20043902099132538,0.16099603474140167,0.38560627359831223
-0.7559645175933838,-0.7709375619888306,-0.7322072982788086,-0.8210230527068306
-0.6787585616111755,-0.6443232893943787,-0.5994651913642883,-0.6903698325741012
-1.0988131761550903,-1.0254002809524536,-0.9593708515167236,-1.1674910872937636
-0.9297652244567871,-0.9274221062660217,-0.9959189295768738,-0.8569851997459049
-0.8097772598266602,-0.7731896638870239,-0.8075696229934692,-0.8386319977650252
-0.7166882157325745,-0.6850540041923523,-0.7230136394500732,-0.6989700043360187
-0.9868299961090088,-1.0784326791763306,-0.9619002342224121,-1.1674910872937636
-0.9702023267745972,-0.9315023422241211,-0.9369875192642212,-0.8696662315049939
-0.9820716977119446,-0.9173593521118164,-0.8771448135375977,-0.8601209135987634
-0.7597271203994751,-0.8147546648979187,-0.773173451423645,-0.721246399047171
-0.9634730815887451,-0.9479431509971619,-0.9451681971549988,-0.9393021596463883
-0.9903548955917358,-1.0298633575439453,-0.9557545185089111,-0.9956786262173574
-0.861535370349884,-0.8480660915374756,-0.8248704671859741,-0.7495799976911061
-1.0227234363555908,-1.009543538093567,-0.9640886783599854,-1.0604807473813815
-0.8706270456314087,-0.8808860182762146,-0.8556811809539795,-0.7772835288524167
-1.1666494607925415,-1.1766905784606934,-1.1638784408569336,-1.1674910872937636
-0.8509071469306946,-0.9670394062995911,-0.7711927890777588,-0.8210230527068306
-1.0786349773406982,-1.0564645528793335,-0.9688940644264221,-0.8996294548824371
-0.7409684658050537,-0.7542203664779663,-0.688635528087616,-0.8416375079047503
-0.7958555221557617,-0.7936552166938782,-0.7334734797477722,-0.6946486305533762
-0.9943828582763672,-0.9333186745643616,-0.9910771250724792,-1.154901959985743
-1.077091932296753,-1.0199360847473145,-1.0231144428253174,-0.8794260687941502
-0.7324808239936829,-0.6865710020065308,-0.6666926145553589,-0.8239087409443188
-0.7044666409492493,-0.7407601475715637,-0.6886777281761169,-0.6861327796308466
-0.9630844593048096,-0.8937723636627197,-0.8690174221992493,-1.136677139879544
-0.9302610754966736,-0.9573554992675781,-0.9556859731674194,-0.8632794328435931
-0.5412470698356628,-0.6684566140174866,-0.5491836071014404,-0.8041003475907662
-0.5552080869674683,-0.6306831240653992,-0.581296980381012,-0.679853713888946
-0.8478143215179443,-0.8259530663490295,-0.8397926092147827,-1.1135092748275182
-0.8426885604858398,-0.7755877375602722,-0.9125511050224304,-0.8356471442155629
-0.42380329966545105,-0.4578811228275299,-0.44783130288124084,-0.7878123955960422
-0.4673084020614624,-0.5451915860176086,-0.5093280076980591,-0.6716203965612623
-0.6868186593055725,-0.6482883095741272,-0.756855845451355,-1.0861861476162833
-0.6897765398025513,-0.7546099424362183,-0.6829144954681396,-0.8239087409443188
-0.4865034222602844,-0.5115725994110107,-0.567130446434021,-0.4190750243243807
-0.44765016436576843,-0.4811665415763855,-0.5041300654411316,-0.21490018838220346
-0.5475413203239441,-0.5281790494918823,-0.5169649720191956,-0.6497519816658371
-0.4545230269432068,-0.5109216570854187,-0.5062985420227051,-0.367510314097029
-0.6977972984313965,-0.6877769231796265,-0.5445489883422852,-0.9208187539523752
-0.6804097294807434,-0.5939767360687256,-0.7483847737312317,-0.5174837133936314
-0.5141081213951111,-0.4873100519180298,-0.5363008975982666,-0.5528419686577808
-0.5358505249023438,-0.5320956110954285,-0.5312635898590088,-0.5228787452803376
-0.5035351514816284,-0.5108048915863037,-0.47726795077323914,-0.5086383061657274
-0.5502596497535706,-0.5011648535728455,-0.5321614742279053,-0.3360636208328832
-0.32160618901252747,-0.34542402625083923,-0.38818424940109253,-0.3979400086720376
-0.340420126914978,-0.33136844635009766,-0.39414992928504944,-0.37675070960209955
-0.4064704179763794,-0.3622790277004242,-0.316582053899765,-0.3372421683184259
-0.3724457025527954,-0.26573696732521057,-0.3221901059150696,-0.2006594505464183
-0.1487140953540802,-0.14667154848575592,-0.18781325221061707,-0.2839966563652008
-0.16622963547706604,-0.11252789944410324,-0.20738133788108826,-0.22184874961635637
-0.10125347971916199,-0.1974419206380844,-0.19287557899951935,-0.1870866433571444
-0.14325439929962158,-0.1377333551645279,-0.1074204221367836,-0.10065836056122002
-0.8216941356658936,-0.8632696866989136,-0.8366298079490662,-0.9913998282380825
-0.8565098643302917,-0.798726499080658,-0.915496826171875,-0.673135932224739
-0.5958014130592346,-0.5710471272468567,-0.732698917388916,-1.2218487496163564
-0.7737159729003906,-0.6429553031921387,-0.7914161682128906,-1.3979400086720375
-0.6867358088493347,-0.6875836849212646,-0.8014968633651733,-1.4202164033831899
-0.8818938136100769,-0.7683643698692322,-0.8238983750343323,-1.6197887582883939
-1.1262915134429932,-1.0207247734069824,-1.0972776412963867,-2.0
-0.9518320560455322,-0.5994415283203125,-0.8335803151130676,0.06069784035361165
-0.49302542209625244,-0.6431141495704651,-0.4018841087818146,0.42488163663106704
-0.24811120331287384,-0.28168314695358276,-0.3898468315601349,0.5378190950732742
-0.45600876212120056,-0.35040900111198425,-0.491254985332489,0.6586790285824489
-0.3652448058128357,-0.41422200202941895,-0.24064068496227264,0.8155777483242672
0.07724165171384811,-0.14607186615467072,-0.05583951249718666,0.19589965240923374
-0.680987536907196,-0.6897904872894287,-0.7894394993782043,-0.8239087409443188
0.4432207942008972,0.26258739829063416,0.4509102404117584,0.1846914308175988
-1.452641487121582,-1.4932990074157715,-1.3729993104934692,-1.0222763947111522
-1.3252357244491577,-1.31681489944458,-1.323530912399292,-1.1249387366083
-1.3743908405303955,-1.3497192859649658,-1.3133877515792847,-1.0222763947111522
-1.4213322401046753,-1.4366371631622314,-1.5308412313461304,-1.6197887582883939
-1.4296082258224487,-1.27228581905365,-1.3658853769302368,-1.5086383061657274
-1.3517796993255615,-1.202178955078125,-1.1833523511886597,-1.3279021420642825
-1.5792580842971802,-1.601314663887024,-1.5653133392333984,-2.221848749616356
-1.4551557302474976,-1.438382863998413,-1.4832402467727661,-1.9829666607012197
-1.2457375526428223,-1.3388434648513794,-1.3267505168914795,-1.5686362358410126
-0.9189931154251099,-0.8755564093589783,-0.8713975548744202,-1.3979400086720375
-1.0296480655670166,-0.9670504927635193,-0.9037235975265503,-0.8538719643217619
-0.7864094972610474,-0.7432149648666382,-0.6420699954032898,-0.5228787452803376
-0.9577047824859619,-0.9520989656448364,-0.8678407073020935,-0.6989700043360187
-1.2905480861663818,-1.2784409523010254,-1.2759493589401245,-1.3010299956639813
-1.283785104751587,-1.2732512950897217,-1.218886137008667,-1.3979400086720375
-2.3322525024414062,-2.391371726989746,-2.3395724296569824,-2.337242168318426
-2.4125773906707764,-2.4890267848968506,-2.387308359146118,-2.337242168318426
-2.2910516262054443,-2.370440721511841,-2.4255661964416504,-2.5228787452803374
-2.3845698833465576,-2.3631398677825928,-2.344938039779663,-2.431798275933005
-2.2592697143554688,-2.3194472789764404,-2.3323922157287598,-2.431798275933005
-2.1464221477508545,-2.4327337741851807,-2.461209297180176,-2.5086383061657274
-2.360490560531616,-2.38737154006958,-2.3249964714050293,-2.494850021680094
-2.4332711696624756,-2.474428176879883,-2.447587013244629,-2.494850021680094
-2.5716867446899414,-2.531958818435669,-2.661428451538086,-2.494850021680094
-2.4822030067443848,-2.595978021621704,-2.58052659034729,-2.6989700043360187
-2.537977695465088,-2.5134623050689697,-2.4773776531219482,-2.4559319556497243
-0.9335570335388184,-0.9039208292961121,-0.7820877432823181,-1.5228787452803376
-0.7245246171951294,-0.6941141486167908,-0.7631888389587402,-0.744727494896694
-0.6596167683601379,-0.5908652544021606,-0.6410408020019531,0.07918124604762482
0.14288648962974548,0.13429726660251617,-0.013352015987038612,0.1559430179718367
0.05224361643195152,0.13297761976718903,0.14709801971912384,0.21695720736109697
0.2811989188194275,0.24659548699855804,0.1237231120467186,0.3412366232386923
0.21883335709571838,0.3505512475967407,0.4467889666557312,0.5584685625237948
0.3989168703556061,0.5886275172233582,0.5184317827224731,0.7523558041535008
-2.08677077293396,-1.9006266593933105,-2.1891958713531494,-2.6989700043360187
-2.7944347858428955,-2.739414691925049,-2.5484619140625,-3.0
-2.7675886154174805,-2.6977016925811768,-2.718709945678711,-3.0
-2.1194562911987305,-1.9775283336639404,-1.96781587600708,-2.3979400086720375
-2.085939407348633,-1.9735420942306519,-2.004549741744995,-2.0
-2.81441330909729,-2.743051290512085,-2.8570756912231445,-3.0
-2.1362898349761963,-2.281507968902588,-2.170748233795166,-1.744727494896694
-2.8320953845977783,-2.938391923904419,-2.732801675796509,-2.8239087409443187
-2.2820446491241455,-2.5367612838745117,-2.37791109085083,-1.3872161432802645
-2.980862617492676,-3.02708101272583,-2.972099542617798,-2.6989700043360187
-0.9769399166107178,-0.975775957107544,-1.6137276887893677,-0.8239087409443188
-1.2754186391830444,-1.2549365758895874,-1.8437546491622925,-1.1023729087095586
-1.2911306619644165,-0.921198844909668,-1.2716362476348877,-1.3979400086720375
-1.4059535264968872,-0.9617075324058533,-1.291513204574585,-1.744727494896694
-0.2384118139743805,-0.5137031078338623,-0.684163510799408,0.05076631123304232
-0.9034977555274963,-0.9210478067398071,-0.9409658312797546,-1.0
-0.8296549916267395,-0.8977383971214294,-0.9168642163276672,-0.7958800173440752
-0.8446534872055054,-0.817577600479126,-0.8549623489379883,-0.6777807052660807
-0.9234139919281006,-0.804839015007019,-0.7749180793762207,-0.5528419686577808
-0.929608166217804,-0.9942318201065063,-0.9669524431228638,-1.0457574905606752
-0.9703530073165894,-0.8973377346992493,-0.8936399817466736,-0.9208187539523752
-0.9481706023216248,-0.9362170100212097,-0.8897883892059326,-0.721246399047171
-0.9063764214515686,-0.7492912411689758,-0.7847810387611389,-0.619788758288394
-1.158803105354309,-1.0116331577301025,-1.025333285331726,-1.0506099933550872
-1.1136711835861206,-0.9090925455093384,-0.9385295510292053,-0.958607314841775
-0.9823861122131348,-0.9912320971488953,-0.9626492857933044,-0.8239087409443188
-0.895338237285614,-0.85126793384552,-0.8490142822265625,-0.6575773191777937
-1.0434764623641968,-1.0494807958602905,-1.0636382102966309,-1.6989700043360187
-1.0529990196228027,-1.0292034149169922,-1.1028512716293335,-1.3979400086720375
-0.993033766746521,-0.9518907070159912,-0.9814064502716064,-1.2218487496163564
-0.9948773980140686,-0.8577755093574524,-0.9764481782913208,-1.0
-1.0616315603256226,-1.1279280185699463,-1.2205697298049927,-1.0457574905606752
-0.9910160303115845,-1.0148807764053345,-1.2074843645095825,-1.0629487487389813
-0.9368839263916016,-1.0982872247695923,-1.0055761337280273,-1.1831094015116075
-0.9471221566200256,-1.092576265335083,-1.0180604457855225,-1.2869464912940425
-1.026360273361206,-1.2134337425231934,-1.0289472341537476,-1.6021121097929614
-1.246968388557434,-1.1850948333740234,-1.1550822257995605,-2.135548252841817
-1.2208516597747803,-1.2484817504882812,-1.2048494815826416,-1.6777807052660807
-0.6629205346107483,-0.6751742362976074,-0.7074227929115295,-1.0
-0.7443992495536804,-0.7425193190574646,-0.7440990805625916,-1.0
-0.7369539737701416,-0.724760115146637,-0.7235744595527649,-0.6020599913279624
-0.6175420880317688,-0.608967661857605,-0.5586345195770264,-0.6989700043360187
-0.6600714921951294,-0.6784608364105225,-0.5412274599075317,-0.6989700043360187
-0.6433815360069275,-0.6300157308578491,-0.6623970866203308,-0.2924298239020636
-0.5466058850288391,-0.42870548367500305,-0.5115647315979004,-0.431798275933005
-0.5157641768455505,-0.4822263717651367,-0.4176311194896698,-0.5086383061657274
-0.5315577983856201,-0.49870797991752625,-0.49748170375823975,-0.14874165128092473
-0.33832240104675293,-0.36002811789512634,-0.43267935514450073,-0.6020599913279624
-0.42671215534210205,-0.3318462371826172,-0.3158014416694641,-0.6989700043360187
-0.3738960027694702,-0.38549137115478516,-0.40909895300865173,-0.1549019599857432
-0.293724924325943,-0.31865397095680237,-0.32412806153297424,-0.3979400086720376
-0.3200967013835907,-0.2957518398761749,-0.25206348299980164,-0.6575773191777937
-0.29747113585472107,-0.2867678701877594,-0.2267225682735443,0.0
-0.18314513564109802,-0.16512544453144073,-0.19569967687129974,-0.2924298239020636
-0.12912335991859436,-0.08990593999624252,-0.21046246588230133,-0.5228787452803376
-0.22104939818382263,-0.11580689996480942,-0.23929573595523834,0.17609125905568124
-0.556605875492096,-0.542515754699707,-0.49010494351387024,-0.5528419686577808
-0.46179500222206116,-0.5460816621780396,-0.41149473190307617,-0.6989700043360187
-0.5263567566871643,-0.570057213306427,-0.46652984619140625,-0.16115090926274472
-0.7588305473327637,-0.7847777009010315,-0.6933627128601074,-0.9208187539523752
-0.8267946839332581,-0.8129770755767822,-0.7200483679771423,-1.0
-0.7854225635528564,-0.7647122144699097,-0.87125164270401,-0.619788758288394
-0.6609972715377808,-0.6084806323051453,-0.6419491171836853,-0.8860566476931632
-0.6940313577651978,-0.6697338819503784,-0.6121795177459717,-0.958607314841775
-0.6580336689949036,-0.7038939595222473,-0.6818831562995911,-0.2924298239020636
-0.5777367353439331,-0.4809333086013794,-0.5399789810180664,-0.6020599913279624
-0.5598553419113159,-0.6013540625572205,-0.4524702727794647,-0.6777807052660807
-0.5412311553955078,-0.6089609265327454,-0.5617976784706116,-0.09691001300805639
-0.406928688287735,-0.48414599895477295,-0.4983643591403961,-0.5228787452803376
-0.3935539424419403,-0.4879407584667206,-0.4401208758354187,-0.6989700043360187
-0.43359503149986267,-0.433953195810318,-0.4594583213329315,-0.1549019599857432
-0.3420758843421936,-0.30515047907829285,-0.3400144577026367,-0.3010299956639812
-0.34403517842292786,-0.2670675814151764,-0.38492557406425476,-0.744727494896694
-0.3262373208999634,-0.38538628816604614,-0.24606868624687195,0.0
-0.307582825422287,-0.18378330767154694,-0.16999396681785583,-0.6989700043360187
-0.21064797043800354,-0.26746225357055664,-0.3284272849559784,-0.2839966563652008
-0.23445144295692444,-0.28659185767173767,-0.37574291229248047,0.17609125905568124
-0.5426271557807922,-0.744312584400177,-0.6950778365135193,-0.5528419686577808
-0.7038998007774353,-0.6645032167434692,-0.6891425848007202,0.03342375548694973
-0.4992842972278595,-0.5376481413841248,-0.4633704125881195,-0.022276394711152253
-0.3384827673435211,-0.3770952820777893,-0.2173881232738495,0.6503075231319364
-0.19436892867088318,-0.2927709221839905,-0.3230213224887848,0.7558748556724915
-0.5886238813400269,-0.5327499508857727,-0.6599699854850769,-0.7695510786217261
-0.5610182881355286,-0.5711508393287659,-0.5095521211624146,-0.6989700043360187
-0.3613632321357727,-0.22047244012355804,-0.3095633089542389,-0.6575773191777937
-0.5727105140686035,-0.4858930706977844,-0.41450822353363037,-0.5528419686577808
-0.43794509768486023,-0.6055938005447388,-0.5505190491676331,-0.494850021680094
-0.4357106685638428,-0.43124592304229736,-0.4911399483680725,-0.44369749923271273
-0.43086007237434387,-0.6029065847396851,-0.5805554389953613,-0.42021640338318983
-0.38888153433799744,-0.3717789649963379,-0.49386411905288696,-0.4559319556497244
-0.5065774321556091,-0.37884142994880676,-0.40010151267051697,-0.3467874862246563
-0.5113570690155029,-0.4388989508152008,-0.5161046981811523,-0.6989700043360187
-0.4108738899230957,-0.46072816848754883,-0.45744043588638306,-0.9208187539523752
-0.48673215508461,-0.5709216594696045,-0.5043814182281494,-1.0
-0.7879600524902344,-0.7568391561508179,-0.8093007206916809,-0.5376020021010439
-0.6156237721443176,-0.6012604236602783,-0.6863521337509155,-0.472653707396684
-0.48533928394317627,-0.46143728494644165,-0.4886415898799896,-1.3010299956639813
-0.8435196876525879,-0.6444756984710693,-0.5841608047485352,-1.0
-0.6031067371368408,-0.7059745788574219,-0.5973436236381531,-0.8239087409443188
-0.7036150097846985,-0.7644351124763489,-0.6749611496925354,-0.6020599913279624
-0.7075555920600891,-0.6591957211494446,-0.7265464663505554,-0.494850021680094
-0.7725196480751038,-0.7076282501220703,-0.6394858360290527,-0.4814860601221125
-0.7357581853866577,-0.7225223779678345,-0.715705931186676,-0.49907776080969946
-0.6082277297973633,-0.7037179470062256,-0.6399562358856201,-1.2596373105057561
-0.6298966407775879,-0.667115330696106,-0.7187004089355469,-0.9208187539523752
-0.6914679408073425,-0.7060123085975647,-0.595655620098114,-0.6777807052660807
-0.6163933277130127,-0.7408295273780823,-0.6901723146438599,-0.7958800173440752
-0.7189339995384216,-0.7549222111701965,-0.7404264807701111,-0.8124792791635369
-0.8329333662986755,-0.8251786231994629,-0.8304170966148376,-0.9172146296835499
-1.0063226222991943,-0.9439895749092102,-0.9718215465545654,-0.9706162223147904
-1.0896174907684326,-1.030735969543457,-1.0756844282150269,-1.4814860601221125
-0.40675678849220276,-0.4347342550754547,-0.307629257440567,-0.6989700043360187
-0.3609294891357422,-0.4205741286277771,-0.3300526738166809,-0.6020599913279624
-0.37150514125823975,-0.4633852541446686,-0.4167591333389282,-0.4559319556497244
-0.39530709385871887,-0.3454175293445587,-0.46227478981018066,-0.3467874862246563
-0.45106232166290283,-0.43756815791130066,-0.3261554539203644,-0.3979400086720376
-0.4421641230583191,-0.402344673871994,-0.4404972195625305,-0.11918640771920865
-0.32355374097824097,-0.30897703766822815,-0.2945360839366913,-0.6777807052660807
-0.3801991939544678,-0.42166200280189514,-0.34325698018074036,-0.05551732784983137
-0.3619975745677948,-0.3573034703731537,-0.34584757685661316,-0.42021640338318983
-0.3736027777194977,-0.39464902877807617,-0.3298914134502411,-0.5228787452803376
-0.3969946801662445,-0.36675137281417847,-0.25669339299201965,-0.2076083105017461
-0.34679538011550903,-0.4240686595439911,-0.33837124705314636,-0.3010299956639812
-0.39934176206588745,-0.4035714864730835,-0.38239842653274536,-0.22184874961635637
-0.42453059554100037,-0.3732180893421173,-0.4326295554637909,-0.16115090926274472
-0.33199605345726013,-0.43330150842666626,-0.37158897519111633,-0.4559319556497244
-1.2628846168518066,-1.2819809913635254,-1.301335096359253,-1.6968039425795112
-1.2894858121871948,-1.3280189037322998,-1.3331016302108765,-1.239577516576788
-1.1723155975341797,-1.149702548980713,-1.1910024881362915,-1.3133637307377066
-1.2890820503234863,-1.3051419258117676,-1.2768932580947876,-1.2062096153091812
-1.3432565927505493,-1.3080289363861084,-1.287366271018982,-1.0777937225609837
-1.2230135202407837,-1.332482933998108,-1.2769465446472168,-1.0963674839157624
-1.2797818183898926,-1.2980835437774658,-1.3336526155471802,-1.337242168318426
-1.1012150049209595,-1.1708651781082153,-1.2000558376312256,-1.0726296369609765
-1.1704485416412354,-1.0429177284240723,-1.078458547592163,-1.2247537402597635
-0.8909595608711243,-0.954812228679657,-0.9407133460044861,-1.2388241868442686
-1.015230655670166,-0.9972430467605591,-0.9093021750450134,-0.870954940112042
-1.5052030086517334,-1.4485256671905518,-1.5107569694519043,-1.489454989793388
-0.7130470275878906,-0.3145427703857422,-0.2515142858028412,0.8482507146770425
-0.7669887542724609,-0.16026104986667633,-0.2604706585407257,0.5928426831311002
-0.7756152749061584,-0.3130137622356415,-0.2509561777114868,0.292256071356476
-0.3762211799621582,-0.19381634891033173,-0.510927677154541,-0.585026652029182
-0.8692997694015503,-0.35162410140037537,-0.3605155646800995,-0.24488773360492885
-0.3708733320236206,-0.3883771002292633,-0.3797500729560852,-0.204815410317576
-0.38953152298927307,-0.4607667624950409,-0.3211270868778229,-0.31984585826562695
-0.36203745007514954,-0.33206385374069214,-0.3370611369609833,-0.431798275933005
-0.41581377387046814,-0.41674986481666565,-0.39000314474105835,-0.3949105381184196
-0.3335643410682678,-0.30229851603507996,-0.1472577154636383,-0.5014137911824823
-0.1316305547952652,-0.000840386375784874,-0.23634348809719086,-0.5686362358410126
-0.3766622543334961,-0.23283804953098297,-0.23342691361904144,-0.3219370950256548
-0.47162267565727234,-0.4704269468784332,-0.34694090485572815,-0.5554867936659571
-0.047911617904901505,-0.11725691705942154,-0.09508436173200607,-0.10237290870955855
-0.05099941045045853,-0.05271109193563461,-0.10143420100212097,-0.10237290870955855
-0.09602092951536179,-0.1535797268152237,-0.09409090876579285,-0.09691001300805639
-0.1969112753868103,-0.08605078607797623,-0.1331295669078827,-0.10237290870955855
-0.1915273219347,-0.20776641368865967,-0.23564456403255463,-0.22184874961635637
-1.097551941871643,-0.9549005627632141,-0.9564431309700012,-1.5003129173815961
-0.8477098941802979,-0.5984029769897461,-0.5388261079788208,-1.0
-0.4593011140823364,-0.4134993553161621,-0.44418662786483765,-0.11918640771920865
-1.0353562831878662,-0.9594225287437439,-1.0886375904083252,-0.3214816209598861
-0.8545013070106506,-0.928657591342926,-1.1236310005187988,-0.3142582613977364
-1.0836904048919678,-0.9799391627311707,-0.9963672757148743,-0.5883802940367698
-1.0481635332107544,-1.0068384408950806,-0.9893859028816223,-1.1611509092627446
-1.171692967414856,-1.1763325929641724,-1.09588623046875,-1.6575773191777938
-0.34599921107292175,-0.2730325162410736,-0.3606388568878174,-0.5528419686577808
-0.9817997813224792,-0.6127221584320068,-0.4964337646961212,-1.0145735259169983
0.1385798156261444,0.27961480617523193,-0.2568504214286804,-0.3053948010664313
-1.0411789417266846,-0.6366763710975647,-0.3285696804523468,-1.2510371387438386
-0.4446084499359131,0.2743881940841675,-0.27107423543930054,-0.026595025589939317
-0.597801685333252,-0.5396537184715271,-0.4379958510398865,-1.5171264163912463
-0.44067636132240295,-0.15450046956539154,0.0206710547208786,0.33809775370653894
-0.5807213187217712,-0.4811117649078369,-0.6208654642105103,-1.5331323796458904
-0.6083914637565613,0.11646656692028046,-0.35572779178619385,0.539740838574004
-0.6796421408653259,-1.0631777048110962,-1.209562063217163,-1.5243288116755704
-0.8586919903755188,-0.4032546281814575,-0.5937989354133606,0.8960464650403244
-1.2822798490524292,-1.202402114868164,-1.3482619524002075,-0.7495799976911061
-0.6510616540908813,-0.6925710439682007,-0.6661052703857422,-0.7453673439996291
-0.7661577463150024,-0.6439216136932373,-0.5748048424720764,-0.6614140342225182
-0.5704124569892883,-0.6676768660545349,-0.651250422000885,-0.32546401318612034
-0.6576219797134399,-0.6510842442512512,-0.6781853437423706,-0.4888067129869551
-0.6594071388244629,-0.6496195197105408,-0.6780607104301453,-0.8572320991525307
-0.6229293346405029,-0.6220359802246094,-0.6767623424530029,-0.36340880800663117
-0.6466717720031738,-0.6979995369911194,-0.6743248105049133,-0.7930905100987986
-0.6944776773452759,-0.6482937335968018,-0.5857793688774109,-0.5133995206937987
-0.6986590623855591,-0.6949791312217712,-0.6170943975448608,-0.4374537718612325
-0.7211853861808777,-0.6703061461448669,-0.7478914856910706,-0.5482872319781882
-0.6659073233604431,-0.6623765230178833,-0.6711265444755554,-0.9544579729417159
-0.742773175239563,-0.637762188911438,-0.7374823689460754,-0.8963878212059435
-0.7343530058860779,-0.7221577763557434,-0.7436859607696533,-0.6240000523718865
-0.7307251691818237,-0.7422045469284058,-0.6650897860527039,-0.6030460898718408
-0.6673096418380737,-0.6935484409332275,-0.7244969606399536,-0.9900904051928974
-0.6632328629493713,-0.6870031952857971,-0.5950002074241638,-1.0491096362935557
-0.8760706186294556,-0.8505890965461731,-0.7451578974723816,-1.1480265719327492
-0.8440316319465637,-0.8157960176467896,-0.9154916405677795,-1.2143143317190987
-0.9181607365608215,-0.7817354202270508,-0.812770426273346,-0.9521607219524473
-0.8491743206977844,-0.8891951441764832,-0.774350643157959,-1.2268574313145115
-1.0993938446044922,-1.0488123893737793,-1.015160322189331,-1.1999706407558657
-1.632229208946228,-1.6184231042861938,-1.7707386016845703,-1.8664610916297826
-1.5317515134811401,-1.5349317789077759,-1.5340309143066406,-1.563837352959244
-0.851495623588562,-0.8998914957046509,-0.7519657611846924,-0.935916564036404
-1.288974642753601,-1.3187167644500732,-1.211948275566101,-1.4067139329795428
-1.3779175281524658,-1.4685425758361816,-1.3953434228897095,-1.5917600346881504
-0.7783716917037964,-0.6448890566825867,-0.7956876158714294,-0.661145253747677
-1.370619297027588,-1.3714139461517334,-1.3343249559402466,-1.2636034977233574
-1.1260877847671509,-1.1852872371673584,-1.1503243446350098,-1.1555228242543185
0.3738076388835907,0.36563658714294434,0.7029122114181519,-0.2924298239020636
-0.6185014247894287,-0.5567604303359985,-0.5200663805007935,-0.687727413983718
-0.6535313129425049,-0.4884854257106781,-0.4877167344093323,-0.4424506940221613
-0.5929095149040222,-0.5724999308586121,-0.6072491407394409,-0.7172397141989045
-0.6222425699234009,-0.5832252502441406,-0.5712165832519531,-0.4677936106549203
-0.5914062261581421,-0.6363479495048523,-0.6152291893959045,-0.7846162676991075
-0.697685718536377,-0.6662355065345764,-0.6462498307228088,-0.534777807730267
-0.5807039141654968,-0.5566543340682983,-0.5085992217063904,-0.5738418480741471
-0.5708263516426086,-0.5753355622291565,-0.6250284314155579,-0.4324184685174818
-0.448122501373291,-0.44333213567733765,-0.40785229206085205,-0.46141244338273957
-0.4068816006183624,-0.4199886918067932,-0.32724493741989136,-0.28918814997674686
-0.6670165061950684,-0.6600931286811829,-0.6131867170333862,-0.8266738471710442
-0.7164186239242554,-0.7574164271354675,-0.679424524307251,-0.7010203637415846
-0.5954774618148804,-0.6128467321395874,-0.5135632157325745,-0.6403864628098056
-0.574134111404419,-0.564690887928009,-0.6254708170890808,-0.558540531082206
-0.44628292322158813,-0.4623081684112549,-0.4953753352165222,-0.5073597218749326
-0.5051248073577881,-0.45153871178627014,-0.45944762229919434,-0.39403377797205474
-0.7219526171684265,-0.7108862400054932,-0.7190424203872681,-0.9757894452265757
-0.781413197517395,-0.7796949744224548,-0.754610002040863,-0.8450984743089558
-0.5912061333656311,-0.6746407747268677,-0.6085373759269714,-0.7476349144869489
-0.7156330943107605,-0.6997911930084229,-0.628121018409729,-0.6353758467270006
-0.476960152387619,-0.577897846698761,-0.5392577648162842,-0.6265270889921077
-0.49774879217147827,-0.638412594795227,-0.5245960354804993,-0.4777501339389004
-0.3892832398414612,-0.4038808345794678,-0.4739322066307068,-0.6307841425898572
-0.5094254016876221,-0.4893392324447632,-0.4526606500148773,-0.8041003475907662
-0.5912929773330688,-0.6207465529441833,-0.6027312278747559,-0.46852108295774486
-0.9492617845535278,-1.0080839395523071,-1.0304081439971924,-1.6197887582883939
-0.5666347742080688,-0.5363370180130005,-0.5619446039199829,-0.6575773191777937
-0.7428180575370789,-0.6082214117050171,-0.6284319758415222,-0.7958800173440752
-0.4992867410182953,-0.6683391332626343,-0.6566652059555054,-0.7695510786217261
-0.749565839767456,-0.5751910209655762,-0.7258579134941101,-0.6575773191777937
-0.6260048747062683,-0.5214565396308899,-0.6325540542602539,-0.8239087409443188
-0.5554701685905457,-0.5396448373794556,-0.5787138342857361,-0.7958800173440752
-0.68889319896698,-0.7758521437644958,-0.7198945879936218,-0.6777807052660807
-0.7914370894432068,-0.8079404830932617,-0.7973158955574036,-0.9208187539523752
-0.6855401992797852,-0.8382871150970459,-0.8259547352790833,-0.8860566476931632
-0.887653648853302,-0.8613414168357849,-0.8011098504066467,-0.6777807052660807
-0.8110309839248657,-0.7134689092636108,-0.8428633213043213,-0.8538719643217619
-1.0417671203613281,-0.9847617149353027,-0.938138484954834,-0.8538719643217619
-0.29951369762420654,-0.28711381554603577,-0.3243429958820343,0.29426777217945776
-0.16523851454257965,-0.1904091089963913,-0.26751676201820374,0.33415205299228645
-0.24425235390663147,-0.22842742502689362,-0.19258944690227509,0.3313057985532691
-0.10924521833658218,-0.15229900181293488,-0.21563489735126495,0.3523176109368268
-0.0067251091822981834,-0.08173390477895737,-0.053269196301698685,0.5129110878474195
-0.28576982021331787,-0.31101348996162415,-0.3599364161491394,0.24368280735719336
-0.1914050281047821,-0.14860717952251434,-0.2128431648015976,0.24762962067911384
-0.21230699121952057,-0.17785072326660156,-0.19072385132312775,0.2968844755385471
-0.21466286480426788,-0.14935821294784546,-0.1859121173620224,0.28284860283464475
-0.07396981120109558,-0.08252181857824326,-0.043455034494400024,0.4756276114410809
-0.40870559215545654,-0.27531102299690247,-0.3305872678756714,0.15624619039734447
-0.16362930834293365,-0.23651529848575592,-0.17655602097511292,0.19542914245706253
-0.1836099773645401,-0.2130119949579239,-0.19362524151802063,0.19434780728009307
-0.11472335457801819,-0.27856671810150146,-0.23399536311626434,0.2664668954402414
-0.005221037659794092,-0.0766054168343544,-0.10967661440372467,0.38797679499043713
-0.3080883026123047,-0.2956353425979614,-0.237844318151474,0.04261488458852481
-0.1972200572490692,-0.2242952585220337,-0.12865808606147766,-0.029049065654575875
-0.14382019639015198,-0.21471084654331207,-0.22344858944416046,0.08972853307473597
-0.178299218416214,-0.1173553392291069,-0.24047882854938507,0.08678679562662422
-0.049515362828969955,-0.05566974729299545,-0.05424192547798157,0.22541267286595434
-0.34116002917289734,-0.3643997013568878,-0.3148217797279358,-0.09468993788391449
-0.13316082954406738,-0.203080952167511,-0.19902129471302032,-0.17672144304832926
-0.2392519861459732,-0.2601415812969208,-0.18156112730503082,-0.08139308485501809
-0.1931011974811554,-0.251665323972702,-0.17087243497371674,-0.03198428600635821
0.009751800447702408,-0.07879849523305893,-0.08692218363285065,0.030275802889287887
-0.32434767484664917,-0.3790401518344879,-0.3660329282283783,-0.4682656907234498
-0.20308104157447815,-0.2533820867538452,-0.21221092343330383,-0.5139948136377577
-0.18691971898078918,-0.2186845988035202,-0.23861947655677795,-0.4495270428934366
-0.20647692680358887,-0.21782320737838745,-0.26723068952560425,-0.39913596369016047
-0.09891405701637268,-0.10820571333169937,-0.11265102028846741,-0.30557030904291693
-1.0215575695037842,-0.7493480443954468,-0.9587606191635132,-1.1739251972991736
-1.114670753479004,-1.06363844871521,-0.9720081090927124,-1.2518119729937995
-1.1010639667510986,-1.1763319969177246,-0.9829481244087219,-1.337242168318426
-1.1313796043395996,-1.1718882322311401,-1.0620759725570679,-1.4202164033831899
-1.2948508262634277,-0.9653941988945007,-1.1594016551971436,-1.6020599913279623
-0.4148717224597931,-0.19732122123241425,-0.45086491107940674,0.1408155855660258
-0.3767031133174896,-0.38677603006362915,-0.49424833059310913,-0.004644774290455358
-0.4204176664352417,-0.31190046668052673,-0.4771610498428345,-0.17378715248775295
-0.7994877099990845,-0.6307172179222107,-0.7103479504585266,-1.744727494896694
-0.7190008759498596,-0.7470937967300415,-0.7511925101280212,-1.5228787452803376
-0.690070390701294,-0.5591816902160645,-0.8513838052749634,-1.1674910872937636
-0.5491421222686768,-0.34625986218452454,-0.40026843547821045,-0.889410289700751
-0.48216259479522705,-0.2688731849193573,-0.3928667902946472,-0.38206284568617044
-0.40000516176223755,-0.292877733707428,-0.3610501289367676,-0.679853713888946
-0.40057602524757385,-0.13819317519664764,-0.3911413848400116,-0.4571745730408201
-0.5873473882675171,-0.5912513136863708,-0.5033406019210815,-0.5107293465282002
-0.04101315513253212,-0.09533485025167465,-0.1386348456144333,0.06069784035361165
-0.1254408061504364,-0.13182847201824188,-0.08571474999189377,0.021189299069938092
-0.13173452019691467,-0.06978295743465424,-0.11097560077905655,-0.031517051446064856
-0.05228302627801895,-0.10825978964567184,-0.20141373574733734,-0.060480747381381476
-0.09673667699098587,-0.09193263947963715,-0.0851907879114151,-0.09151498112135022
-1.1171948909759521,-1.0393445491790771,-0.9964616298675537,-0.6671577330056484
-1.0170260667800903,-0.9972674250602722,-1.059556484222412,-0.7775436633207533
-1.1770226955413818,-1.0968337059020996,-0.9887348413467407,-0.9669785553170893
-1.2113672494888306,-1.1194169521331787,-1.2559592723846436,-1.1360826230421395
-1.1080679893493652,-1.0970509052276611,-1.0395394563674927,-0.9649707177976319
-1.0394469499588013,-1.1081081628799438,-1.0914322137832642,-0.8948305720006683
-1.0324749946594238,-1.1086478233337402,-1.08160400390625,-0.7801536139756393
-1.366422176361084,-1.3551052808761597,-1.39756441116333,-1.3316140833099999
-0.7740163207054138,-0.6538553833961487,-0.6358978152275085,-0.9625735020593764
-0.7144201397895813,-0.6905750036239624,-0.7109886407852173,-1.0409586076789064
-0.7679661512374878,-0.8018971085548401,-0.8138386011123657,-0.8794260687941502
-0.6827451586723328,-0.7396898865699768,-0.812491774559021,-1.1079053973095196
-0.8283319473266602,-0.8717103004455566,-0.8853477239608765,-0.9507819773298184
-0.797819972038269,-0.9611462950706482,-0.859487771987915,0.021142144537753402
-0.8354776501655579,-0.9088554978370667,-0.8914432525634766,-1.0222763947111522
-0.9145121574401855,-0.825643002986908,-0.8837457299232483,-1.2839966563652008
-0.905453622341156,-0.9494081139564514,-0.915178120136261,0.012682453368195807
-0.966604471206665,-0.9781642556190491,-0.8996284008026123,-1.408935392973501
-0.7131778001785278,-0.6386928558349609,-0.6277119517326355,-0.889410289700751
-0.6300374865531921,-0.6709707379341125,-0.7606963515281677,-0.958607314841775
-0.7049059271812439,-0.7361217737197876,-0.7397635579109192,-0.8297382846050426
-0.7693814635276794,-0.7524216175079346,-0.74571293592453,-1.0362121726544447
-0.7154535055160522,-0.8091756105422974,-0.842905580997467,-0.9030899869919435
-0.8286181092262268,-0.9018038511276245,-0.7498685121536255,-0.9430951486635274
-0.7533925771713257,-0.8673415780067444,-0.7648507356643677,0.029694572594448118
-0.7960941791534424,-0.9136674404144287,-0.8736789226531982,-1.0969100130080565
-0.8746699690818787,-0.895609438419342,-0.8698475956916809,0.01871297821343185
-0.9281622171401978,-0.9454920291900635,-0.9921581745147705,-1.2596373105057561
-0.6537153720855713,-0.6419793367385864,-0.5805580615997314,-0.8356471442155629
-0.6502652764320374,-0.5945632457733154,-0.6588432192802429,-0.8927900303521317
-0.6531890630722046,-0.7575567960739136,-0.711841881275177,-0.7798919119599449
-0.7009323835372925,-0.7760472893714905,-0.7008980512619019,0.042497151244295546
-0.782331645488739,-0.7789406776428223,-0.71482914686203,-0.8507808873446201
-0.8072077035903931,-0.8042474389076233,-0.822165846824646,-0.8827287043442358
-0.6619254350662231,-0.5582549571990967,-0.6683133244514465,0.03510139153546975
-0.7720285058021545,-0.8225569725036621,-0.7999154329299927,-0.9913998282380825
-0.7831299304962158,-0.8687790632247925,-0.7410869002342224,0.02916413961809315
-0.8739842772483826,-0.8818157315254211,-0.8948401808738708,-1.0506099933550872
-0.48822224140167236,-0.45358094573020935,-0.42953434586524963,-0.8096683018297085
-0.5065771341323853,-0.5677677392959595,-0.5834448337554932,-0.8569851997459049
-0.6322780847549438,-0.640104353427887,-0.6562636494636536,-0.7495799976911061
-0.6105428338050842,-0.679240882396698,-0.6156610250473022,0.0478886777182788
-0.6570842862129211,-0.5978074669837952,-0.5977378487586975,-0.7772835288524167
-0.737894594669342,-0.74204421043396,-0.7246800661087036,-0.8153085691824012
-0.6174553632736206,-0.5863103270530701,-0.6162545680999756,0.03977647495960224
-0.6797463893890381,-0.7034129500389099,-0.6842651963233948,-0.9318141382538383
-0.6632259488105774,-0.6980167031288147,-0.7148060202598572,0.03342375548694973
-0.7588480114936829,-0.8909302949905396,-0.8340165615081787,-0.9871627752948278
-0.48029273748397827,-0.4198700189590454,-0.6101115942001343,-0.5670307091255943
-0.6326112151145935,-0.7665538787841797,-0.6979159116744995,-0.5151309672795976
-0.3255310356616974,-0.33620524406433105,-0.4219009280204773,-0.2977418368379057
-0.5163857936859131,-0.5096363425254822,-0.5762571096420288,-0.4103854593687336
-0.7528614401817322,-0.7274904847145081,-0.7966418266296387,-0.8063189704587185
-0.548224925994873,-0.5247555375099182,-0.4708731174468994,-0.43806423668621863
-0.40222007036209106,-0.340608686208725,-0.40297871828079224,-0.31184724440843364
-0.788026750087738,-0.8222064971923828,-0.8247736692428589,-0.870310107800699
-0.5694365501403809,-0.6505894064903259,-0.6299760937690735,-0.6831912479469778
-0.5162296891212463,-0.5376389622688293,-0.5470756888389587,-0.445389714773836
-0.7044426798820496,-0.5315965414047241,-0.7082492709159851,-0.5895602137896534
-0.28460201621055603,-0.37166038155555725,-0.2813936471939087,-0.3810110796350664
-0.7987300157546997,-0.7432588338851929,-0.8487082719802856,-0.8804142250382161
-0.7220790386199951,-0.6283660531044006,-0.6871381402015686,-0.6613443344212997
-0.38977622985839844,-0.4651705324649811,-0.3564923107624054,-0.349401101827343
-0.5118326544761658,-0.45317724347114563,-0.5899213552474976,-0.4628107737563554
-0.6893271207809448,-0.6030828356742859,-0.7095255851745605,-0.9329291439546299
-0.6841650605201721,-0.7182368636131287,-0.7081243991851807,-0.7160207157615202
-0.5452507138252258,-0.6639586091041565,-0.5492478609085083,-0.5249101966109935
-0.44832122325897217,-0.5795629620552063,-0.5731722712516785,-0.38142897187987024
-0.9755786061286926,-0.8556352257728577,-0.8331986665725708,-0.9310723883179282
-0.5269310474395752,-0.5067136883735657,-0.5745023488998413,-0.6029294500405913
-0.49103865027427673,-0.5102831125259399,-0.5128645300865173,-0.40538649083990197
-0.8034743666648865,-0.8078450560569763,-0.9653373956680298,-0.9366666410482505
-0.796866774559021,-0.7420365810394287,-0.8709982633590698,-0.6895191085373249
-0.552564799785614,-0.62845379114151,-0.5588025450706482,-0.6219656775426685
-0.6308664083480835,-0.729080080986023,-0.6562095880508423,-0.732593581247096
-0.5869269371032715,-0.47823092341423035,-0.5959347486495972,-0.4438181533470888
-0.8972019553184509,-0.7645578384399414,-0.8248675465583801,-1.2006594505464183
-0.6023675799369812,-0.7520384788513184,-0.7831382751464844,-0.8965383779052951
-0.61676025390625,-0.7167377471923828,-0.7000043988227844,-0.7368375350377834
-0.580739438533783,-0.6156654357910156,-0.4568837583065033,-0.4854522473397139
-0.8137344121932983,-0.6855353713035583,-0.7877014875411987,-0.9738754832545498
-0.49397221207618713,-0.3389014005661011,-0.38745367527008057,-0.505149978319906
-0.6484304070472717,-0.5355475544929504,-0.5621662139892578,-1.2724587429714436
-0.5801680088043213,-0.5749437212944031,-0.6845805048942566,-0.7354182707619226
-0.48548853397369385,-0.5144540071487427,-0.5886172652244568,-0.8359447081065484
-0.44489261507987976,-0.4202183187007904,-0.4764203727245331,-0.10962202152364997
-0.3904693126678467,-0.3658830225467682,-0.3928302526473999,-0.23028157653022965
-0.37996381521224976,-0.3241833746433258,-0.4532824158668518,-0.3696504474354256
-0.4503489136695862,-0.5201038122177124,-0.48933643102645874,-0.5399113897085028
-0.4633449912071228,-0.4786470830440521,-0.5111737847328186,-0.6515452046511886
-0.5556457042694092,-0.5640699863433838,-0.5731111764907837,-1.031517051446065
-0.3472013771533966,-0.35568591952323914,-0.1978018581867218,-0.5169835798558678
-0.6147652268409729,-0.5010806918144226,-0.6219339966773987,-0.1966111750163865
-0.4140664041042328,-0.058990415185689926,-0.3256509304046631,-0.08118360963962049
-0.45091184973716736,-0.410480797290802,-0.2810605764389038,-0.444421927227045
0.3730529248714447,0.28904807567596436,0.2925606071949005,0.18315591543401297
0.31612536311149597,0.3284183740615845,0.33872082829475403,0.23585656875297398
0.49235934019088745,0.5158421993255615,0.5499224066734314,0.4241790135787822
0.4878841042518616,0.5344616174697876,0.58604896068573,0.3907585287387172
0.6507176160812378,0.613988995552063,0.6870530247688293,0.594878511394642
0.712891161441803,0.620184063911438,0.6644216775894165,0.7211756032766088
0.5840821266174316,0.6556687355041504,0.5788881778717041,0.6056066844300941
0.6778973340988159,0.6990783214569092,0.6641544103622437,0.7745753543387348
0.6326829791069031,0.6473252773284912,0.6822596192359924,0.6695121296915462
0.6894770860671997,0.7042969465255737,0.630615234375,0.6961116468379268
-0.23958870768547058,-0.2233959287405014,-0.2547481060028076,0.414973347970818
0.5402538180351257,0.37615931034088135,0.5541141033172607,0.2787536009528289
-0.16524097323417664,-0.1366071254014969,-0.16043433547019958,-0.7925460651913082
-0.07471335679292679,-0.1573210507631302,-0.2537691295146942,-0.7457130130653591
-0.062497254461050034,-0.2272362858057022,-0.05490864813327789,-0.5471819983917817
0.08307664841413498,-0.08189504593610764,-0.019739897921681404,-0.41144259336372124
-1.4014533758163452,-1.4113105535507202,-1.3252912759780884,-1.3045183235098026
-1.2240537405014038,-1.2108714580535889,-1.2700814008712769,-1.158015195409886
-1.1306967735290527,-1.1129825115203857,-1.1236495971679688,-0.9698052146432488
-1.0936046838760376,-1.0184074640274048,-0.9864526987075806,-0.7624562618571256
-0.44990384578704834,-0.5067028999328613,-0.5136443376541138,-0.2847489711211507
-0.5549418330192566,-0.4504960775375366,-0.5890390276908875,-0.3617104645857431
-0.5145479440689087,-0.5806031227111816,-0.5703669786453247,-0.4381833356810425
-0.5242617130279541,-0.6610698103904724,-0.6948288679122925,-0.5269511949114623
-0.6177133321762085,-0.5789241194725037,-0.5897966623306274,-0.6080069277402871
-0.5724027752876282,-0.6406881809234619,-0.6702545881271362,-0.6983190507064237
-0.6566874980926514,-0.6416835784912109,-0.700429379940033,-0.7969671129852893
-0.721741795539856,-0.6927134394645691,-0.7980352640151978,-0.8764750190572681
-0.8791111707687378,-0.8575179576873779,-0.6985225081443787,-0.9913998282380825
-0.8447249531745911,-0.8859032392501831,-0.9347192645072937,-1.056011124926228
-0.9297931790351868,-0.9213821291923523,-0.7397103905677795,-1.0920514783877278
-0.9362310171127319,-1.0045000314712524,-1.1027113199234009,-0.8781120148963188
-0.9948610663414001,-1.1466513872146606,-1.0948243141174316,-0.585026652029182
-1.0477674007415771,-1.0161386728286743,-0.9796320796012878,-0.4089353929735008
-1.0185085535049438,-1.1227349042892456,-1.1205997467041016,-0.061480274823508096
-0.9389992356300354,-0.8920509219169617,-0.9299028515815735,-0.021363051615525673
-0.9760802984237671,-1.110064148902893,-1.0748193264007568,0.0
0.34741121530532837,0.44077610969543457,0.318220317363739,0.004321373782642578
0.2730434834957123,0.24547356367111206,0.36123552918434143,0.22788670461367355
0.025034809485077858,0.0288850124925375,0.17280229926109314,0.07188200730612536
0.02794572338461876,0.21867738664150238,0.12624523043632507,0.0
0.05782528966665268,0.05202353373169899,0.13140158355236053,-0.00877392430750515
0.08387071639299393,0.08756978064775467,0.11124734580516815,-0.022276394711152253
0.07289275527000427,0.0796375423669815,0.07963494956493378,-0.060480747381381476
0.07070711255073547,0.1780366152524948,0.08801445364952087,-0.09151498112135022
-0.9992833137512207,-0.9281336665153503,-1.0043449401855469,-0.5482135644757098
-0.7382935285568237,-0.8316459655761719,-0.774764895439148,-0.5058454059815571
-0.6998602747917175,-0.7974549531936646,-0.8399865031242371,-0.5272435506827877
-0.6175487041473389,-0.6092658638954163,-0.6270371675491333,-0.6143937264016879
-0.6557420492172241,-0.6623428463935852,-0.8382115960121155,-0.6307841425898572
-0.7896152138710022,-0.7362219095230103,-0.7258760929107666,-0.6420651529995461
-0.720325767993927,-0.7816622257232666,-0.761310875415802,-0.6556077263148893
-0.4619685411453247,-0.3782723844051361,-0.5135984420776367,-0.5331323796458906
-1.459540843963623,-1.4805917739868164,-1.4565438032150269,-1.5686362358410126
0.43611249327659607,0.40437212586402893,0.40821969509124756,0.6142258599923229
0.3138921856880188,0.3698434829711914,0.3024962544441223,0.5026753343752224
0.2422896921634674,0.2479582279920578,0.1773901730775833,0.3979400086720376
-0.08411430567502975,0.051927316933870316,-0.07899190485477448,-0.05270649061101971
0.2357301414012909,-0.03714662417769432,-0.008781388401985168,0.012234275460939763
0.37703588604927063,0.3042774200439453,0.2646622657775879,0.0
-0.009600171819329262,0.05068046227097511,-0.02881588041782379,0.07918124604762482
0.2204495072364807,0.18395012617111206,0.200212761759758,0.3979400086720376
0.20125272870063782,0.10468048602342606,0.2212696373462677,0.3010299956639812
0.10477740317583084,0.0829031690955162,0.24613860249519348,0.45895420227774913
0.05793213099241257,-0.04052326828241348,0.03548003360629082,0.5563025007672873
0.2540768086910248,0.28168728947639465,0.25004392862319946,0.47712125471966244
0.3638535439968109,0.32737740874290466,0.3939925730228424,0.6232492903979004
0.09743127226829529,0.05966850370168686,0.019205477088689804,0.056481398322639535
-0.008869021199643612,0.013175535015761852,0.18241925537586212,-0.009759738585876107
0.08647175878286362,-0.053337134420871735,0.09085220843553543,-0.056615308200927285
-0.15983553230762482,-0.12545903027057648,-0.15270398557186127,-0.15039634191755286
-0.34022006392478943,-0.2805725932121277,-0.2943755090236664,-0.4171880677667206
-0.23272070288658142,-0.25652259588241577,-0.20704957842826843,-0.19859834825520903
-0.5156927108764648,-0.43342289328575134,-0.43212994933128357,-0.6540952452175399
-0.07449472695589066,-0.010915827937424183,-0.055943042039871216,-0.21463955186702402
-0.050719473510980606,0.047373928129673004,0.09519816190004349,-0.14232080958840296
0.013978690840303898,0.036796487867832184,-0.040003567934036255,-0.11383088459996327
0.1529451608657837,0.16806922852993011,0.2388644963502884,0.07332896001958884
0.2674303650856018,0.37094977498054504,0.38728976249694824,0.20087319676866625
0.53779536485672,0.5415616631507874,0.5579315423965454,0.3443618130491732
0.014434043318033218,-0.05591147020459175,-0.020410040393471718,-0.12816796601886354
-0.1106685921549797,-0.2070179432630539,-0.22928486764431,-0.19081481538992665
0.1899600327014923,0.13826531171798706,0.2853728234767914,0.018284308426530838
-0.5536928176879883,-0.6663491725921631,-0.365180104970932,-1.1018235165023234
-0.42724063992500305,-0.4855600893497467,-0.4126315712928772,-1.0655015487564323
-0.40876972675323486,-0.35914063453674316,-0.13803471624851227,-0.9408153823686288
-0.2607772648334503,-0.051706064492464066,0.003806218970566988,-0.8833922560117515
0.030462117865681648,0.11696464568376541,0.17526577413082123,-0.12436006299583162
-0.14282193779945374,-0.08062173426151276,-0.09514734148979187,-0.15304467498017607
0.0911741554737091,0.15541397035121918,0.08073582500219345,-0.16877030613293661
-0.15821585059165955,-0.10325910896062851,-0.20323441922664642,-0.21253952548158495
0.0758589431643486,0.07419810444116592,-0.00026725753559730947,-0.22257317761068865
-0.15850511193275452,-0.12666738033294678,-0.10671066492795944,0.09691001300805642
-0.15787270665168762,-0.15728133916854858,-0.13563665747642517,0.07918124604762482
-0.15831154584884644,0.013407361693680286,-0.1348285973072052,0.2671717284030138
-0.024098550900816917,0.03369470685720444,-0.06388482451438904,-0.09691001300805639
-0.07722797989845276,-0.029409337788820267,-0.09496936202049255,0.07918124604762482
-0.2606794238090515,-0.18075776100158691,-0.1342540830373764,0.4471580313422192
-0.17207062244415283,-0.1873985081911087,-0.07480360567569733,0.0
-0.32877641916275024,-0.29463207721710205,-0.25205081701278687,-0.2294462081232535
-0.05530593544244766,-0.036586321890354156,-0.06612969934940338,0.146128035678238
-0.0027824731077998877,-0.049150001257658005,0.01219998300075531,-0.1870866433571444
-0.2929055988788605,-0.16267667710781097,-0.33115750551223755,0.0
-0.20761820673942566,-0.2270253747701645,-0.20206305384635925,-0.2471835688117286
-0.32234716415405273,-0.20414488017559052,-0.19012053310871124,-0.07058107428570727
-0.3400687277317047,-0.38661813735961914,-0.48589807748794556,-0.2924298239020636
-0.15357521176338196,-0.2373368889093399,-0.15976032614707947,0.38021124171160603
-0.2625952661037445,-0.2627977430820465,-0.38059863448143005,0.09691001300805642
-0.20233549177646637,-0.1295991986989975,-0.16759434342384338,-0.2924298239020636
-0.4173901081085205,-0.46910998225212097,-0.48872512578964233,0.3010299956639812
-0.44245052337646484,-0.5856491327285767,-0.4593917429447174,-0.3295611700367185
-0.15150293707847595,-0.142861008644104,-0.08353312313556671,-0.3018994543766101
-0.3017778694629669,-0.3104037940502167,-0.33756008744239807,-0.29929628285498067
-0.24535724520683289,-0.22835572063922882,-0.24475064873695374,-0.38721614328026455
-0.52060866355896,-0.34469738602638245,-0.4081573784351349,-0.41341269532824504
-0.32590410113334656,-0.22584770619869232,-0.2910451889038086,-0.1549019599857432
-0.2361239790916443,-0.24503323435783386,-0.3337098956108093,-0.1549019599857432
-0.31702062487602234,-0.404636412858963,-0.2571035623550415,-0.09691001300805639
-0.2564651668071747,-0.2842400074005127,-0.24453483521938324,-0.1549019599857432
-0.31432950496673584,-0.17378771305084229,-0.25601518154144287,-0.3010299956639812
-0.31634530425071716,-0.23140914738178253,-0.384103000164032,-0.09151498112135022
-0.27259618043899536,-0.2891230285167694,-0.21083912253379822,-0.36653154442041347
-0.2558056712150574,-0.31943151354789734,-0.3399292230606079,0.0
-0.3268277943134308,-0.38621291518211365,-0.3791842758655548,-0.549750891680639
-0.31015026569366455,-0.27490484714508057,-0.38648971915245056,0.07918124604762482
-0.3302266597747803,-0.28384000062942505,-0.3316808342933655,0.11394335230683678
-0.15571850538253784,-0.021229321137070656,-0.20658525824546814,0.0
0.06791233271360397,0.09002523124217987,-0.0811130702495575,0.11394335230683678
0.2155267894268036,0.23753315210342407,0.23029683530330658,0.20411998265592482
0.35572871565818787,0.3403385579586029,0.5073818564414978,0.3424226808222063
-0.3359631896018982,-0.3522578179836273,-0.3290235698223114,-0.5228787452803376
-0.3219398260116577,-0.3016943335533142,-0.34552985429763794,-0.5376020021010439
-0.321189820766449,-0.3855282962322235,-0.34998294711112976,-0.46852108295774486
-0.2931820750236511,-0.302247017621994,-0.36414480209350586,-0.431798275933005
-0.31093961000442505,-0.3508014380931854,-0.32295745611190796,-0.38721614328026455
-0.36191126704216003,-0.30715417861938477,-0.34629082679748535,-0.4188471080337112
-0.6114313006401062,-0.7863278985023499,-0.6368868350982666,-1.154901959985743
-0.6883087754249573,-0.84266597032547,-0.7570114731788635,-1.0969100130080565
-0.6680203676223755,-0.4980265498161316,-0.6248170733451843,-1.0457574905606752
-0.6854895353317261,-0.72917640209198,-0.5787791609764099,-1.0457574905606752
-0.6738414764404297,-0.7909009456634521,-0.550007700920105,-0.8860566476931632
-0.5532209277153015,-0.5315812826156616,-0.5656358599662781,-0.8239087409443188
-0.722561776638031,-0.5774294137954712,-0.6217708587646484,-0.7825160557860937
-0.6166272163391113,-0.6175137162208557,-0.5775257349014282,-0.744727494896694
-0.767329752445221,-0.776170015335083,-0.8530736565589905,-1.5228787452803376
-0.8772755861282349,-0.9343714714050293,-0.9368462562561035,-1.3979400086720375
-1.0329766273498535,-1.0496737957000732,-1.1286534070968628,-1.1674910872937636
-1.1525684595108032,-1.1473432779312134,-1.0358989238739014,-1.1739251972991736
-1.0658317804336548,-1.024924635887146,-1.0324945449829102,-0.958607314841775
-1.025618076324463,-1.1571834087371826,-1.137460470199585,-0.9208187539523752
-1.0972973108291626,-1.1436563730239868,-1.0185996294021606,-0.8538719643217619
-1.1699154376983643,-1.2073311805725098,-1.0990066528320312,-0.7958800173440752
-0.1554647982120514,-0.22393755614757538,-0.26372119784355164,-0.2676062401770315
0.00804453156888485,0.11578650027513504,0.07442284375429153,0.13033376849500614
-0.6602388024330139,-0.7069603204727173,-0.6792514324188232,-0.5917600346881504
-0.9345946311950684,-0.8768196105957031,-0.8898903131484985,-0.8356471442155629
-0.7939320802688599,-0.8209310173988342,-0.8555828332901001,-0.6903698325741012
-0.8456652760505676,-0.9413534998893738,-0.901745617389679,-0.7099653886374819
-1.0047998428344727,-1.031775712966919,-0.9974003434181213,-0.9244530386074693
-0.8527904152870178,-1.0256454944610596,-0.9554311633110046,-0.8068754016455384
-1.165654182434082,-1.0873289108276367,-1.1246612071990967,-0.8446639625349383
-1.0595589876174927,-1.032385230064392,-1.1167658567428589,-0.9871627752948278
-1.124367356300354,-1.07677161693573,-1.1359633207321167,-1.0757207139381184
-1.2879133224487305,-1.324521541595459,-1.2603636980056763,-1.3767507096020994
-0.7215220332145691,-0.7347295880317688,-0.7451943159103394,-0.6216020990518624
-0.9811051487922668,-0.9312865138053894,-0.9263502359390259,-0.7235381958267558
-0.8849977850914001,-0.8583592772483826,-0.9634010791778564,-0.8728952016351923
-1.0981980562210083,-1.1630775928497314,-1.165822982788086,-1.0
-0.9487247467041016,-0.9659716486930847,-0.9006903767585754,-0.7351821769904635
-0.9953039288520813,-0.9694308042526245,-0.8942186832427979,-0.9030899869919435
-1.07676100730896,-1.1873475313186646,-1.1927233934402466,-0.9136401693252518
-1.1453341245651245,-1.126090168952942,-1.1129132509231567,-1.0969100130080565
-1.0984487533569336,-1.0931235551834106,-1.2102165222167969,-1.2518119729937995
-1.255926489830017,-1.2595840692520142,-1.2909882068634033,-1.3979400086720375
-0.9183110594749451,-0.8332871794700623,-0.7755624651908875,-0.6695862266508091
-1.102272629737854,-1.0273263454437256,-1.0969821214675903,-0.9469215565165803
-1.0542807579040527,-1.054872751235962,-1.1913928985595703,-0.958607314841775
-1.073665976524353,-1.034151554107666,-1.1132752895355225,-0.889410289700751
-1.2381917238235474,-1.1834139823913574,-1.2377454042434692,-1.0362121726544447
-1.0834425687789917,-1.1627042293548584,-1.2318257093429565,-1.0969100130080565
-1.336952567100525,-1.3637216091156006,-1.396507740020752,-1.1739251972991736
-1.2534459829330444,-1.2411590814590454,-1.264249324798584,-1.2218487496163564
-1.3465126752853394,-1.3575409650802612,-1.3182011842727661,-1.5086383061657274
-1.4384535551071167,-1.3901314735412598,-1.4414745569229126,-1.5686362358410126
-0.8318589329719543,-0.8531270623207092,-0.7095966935157776,-0.6307841425898572
-0.7368667125701904,-0.8600624203681946,-0.814278781414032,-0.7746907182741372
-0.7668889164924622,-0.7764509916305542,-0.6765021085739136,-0.9393021596463883
-0.9334932565689087,-0.8121282458305359,-0.9682524800300598,-1.0915149811213503
-0.8003252744674683,-0.9348675608634949,-0.8276205062866211,-0.8124792791635369
-0.9128498435020447,-0.787763237953186,-0.8953291177749634,-0.728158393463501
-0.7333651185035706,-0.5993762612342834,-0.7637224197387695,-0.6536470255493614
-0.6339413523674011,-0.4432028830051422,-0.5428643822669983,-0.5702477199975919
-0.5882555842399597,-0.5644757151603699,-0.5454801321029663,-0.5867002359187481
-0.5618131160736084,-0.33794867992401123,-0.5120198726654053,-1.2612194415156308
-0.6066891551017761,-0.6673836708068848,-0.6791746616363525,-0.632644078973981
-0.6717575192451477,-0.7581301927566528,-0.7181293964385986,-0.7695510786217261
-0.8006364107131958,-0.6821044087409973,-0.8217695951461792,-0.8013429130455774
-0.9362718462944031,-0.9102646708488464,-0.8781390190124512,-0.8996294548824371
-0.7557389736175537,-0.818673849105835,-0.7557207345962524,-0.954665283683257
-0.6250805258750916,-0.7144678235054016,-0.646228015422821,0.19242889185267814
-0.6790978312492371,-0.69218909740448,-0.640609622001648,-0.7004055460750772
-0.6975989937782288,-0.6896241903305054,-0.6840772032737732,-0.007774425390468595
-0.7173538208007812,-0.6660866737365723,-0.6648043394088745,-0.8730929478673854
-0.8272133469581604,-0.8372498750686646,-0.7310044169425964,-1.1897674820049158
-0.8439860343933105,-0.8544570207595825,-0.8264899253845215,-0.9747064262624288
-0.8587852120399475,-0.8427987694740295,-0.8714472055435181,-0.9889246043110689
-0.8839529156684875,-0.787200391292572,-0.8462450504302979,-1.0
-0.9610706567764282,-0.9411739110946655,-0.9782313704490662,-1.4078232426041333
-0.5492083430290222,-0.5604780316352844,-0.6726013422012329,-0.24241116296647103
-0.6331931352615356,-0.711735188961029,-0.6997132897377014,-0.36806133618362513
-0.6594371795654297,-0.6518547534942627,-0.70366370677948,-0.5367462373585933
-0.8068074584007263,-0.7470720410346985,-0.7537047266960144,-0.7299037185796695
-0.6256513595581055,-0.6460253000259399,-0.6096280217170715,-0.5564835524411349
-0.7520717978477478,-0.8320024609565735,-0.8011453747749329,-1.0428718023231869
-0.7888015508651733,-0.7846044301986694,-0.7707412838935852,-0.7853362626166637
-0.8467662334442139,-0.8567565083503723,-0.8623032569885254,-0.8460845738400542
-0.91944819688797,-0.8436759114265442,-0.8677303194999695,-0.8224635000701379
-0.9250636100769043,-0.9142940640449524,-0.9168151021003723,-1.274905478918531
-0.5560013651847839,-0.6622785329818726,-0.5311558246612549,-0.6522992847276528
-0.6295053362846375,-0.5891611576080322,-0.563875675201416,-0.5604446886106418
-0.5530914664268494,-0.6502894759178162,-0.6559886336326599,-0.4611122199853002
-0.6530641317367554,-0.5626304745674133,-0.6228277683258057,-0.5485129164691497
-0.7290184497833252,-0.7655304670333862,-0.695728600025177,-1.0710923097560472
-0.6688559651374817,-0.7424266338348389,-0.6825982332229614,-0.27318968816095895
-0.7893664240837097,-0.6635584831237793,-0.7940775156021118,-0.5829071302537867
-0.7886228561401367,-0.7197710275650024,-0.7505598068237305,-0.7366859256781294
-0.7971372008323669,-0.7639461755752563,-0.8528727293014526,-0.7385729632304492
-0.903908908367157,-0.9339667558670044,-0.8596788644790649,-1.1706962271689751
-0.5232135057449341,-0.3879629671573639,-0.4541699290275574,-1.0649514542830874
-0.398241251707077,-0.5281540155410767,-0.4898267984390259,-0.39758294828163654
-0.584779679775238,-0.5409688949584961,-0.428886741399765,-0.43884492941755243
-0.5633895397186279,-0.5315532684326172,-0.5567991733551025,-0.5135015129792433
-0.6342448592185974,-0.5932907462120056,-0.6066909432411194,-0.2487416872076058
-0.594445526599884,-0.632655680179596,-0.6392078399658203,-0.8386319977650252
-0.7026799321174622,-0.6704339385032654,-0.7154796719551086,-0.5755855627799054
-0.6384185552597046,-0.6464619040489197,-0.6517732739448547,-0.7058094288663243
-0.7739554643630981,-0.7111067175865173,-0.6797401309013367,-0.7067612313300833
-0.72104412317276,-0.8072660565376282,-0.771686315536499,-1.0741724253752576
-1.3324401378631592,-1.358724594116211,-1.3325446844100952,-1.154901959985743
-1.0171247720718384,-1.119636058807373,-1.0067476034164429,-1.3979400086720375
-1.1851507425308228,-1.1666438579559326,-1.195525050163269,-0.7887806452865336
-0.31147438287734985,-0.23275433480739594,-0.3699209690093994,-0.9913998282380825
-0.6381677985191345,-0.6623990535736084,-0.6852867603302002,-1.6382721639824072
-0.6202936172485352,-0.6321913003921509,-0.585321843624115,-0.8227521637443765
-0.7884124517440796,-0.8606219291687012,-1.1288303136825562,-0.5678327305574118
-0.9045190215110779,-0.9393213987350464,-1.1688346862792969,-0.7700623140920662
-0.9506497383117676,-1.112331509590149,-1.2608102560043335,-0.5868679495651279
-0.216350257396698,-0.07496308535337448,-0.20807687938213348,-0.48030585777695184
0.0013447313103824854,-0.15583615005016327,-0.032870326191186905,-0.4782331678974931
0.1506708562374115,0.07613681256771088,0.1533149629831314,-0.4782331678974931
-0.27029484510421753,-0.21197699010372162,-0.12764988839626312,-0.5673433213297185
-0.10401269793510437,0.01231271494179964,-0.1505424827337265,-0.5673433213297185
0.06671187281608582,-0.02290632389485836,0.1313702017068863,-0.31188553738779184
-0.29540595412254333,-0.34807103872299194,-0.2096301168203354,-0.5439423342934175
-0.19956102967262268,-0.164028599858284,-0.07894109934568405,-0.3637860061528278
-0.03548144921660423,-0.01568843051791191,-0.04387475550174713,-0.17810147614512115
-0.6080743074417114,-0.5087884664535522,-0.5100904107093811,-0.5220283612002359
-0.3682454228401184,-0.44702768325805664,-0.4694401025772095,-0.3226851081391375
-0.31983453035354614,-0.19499754905700684,-0.14335308969020844,-0.2105934635647474
-0.7063547372817993,-0.7038242816925049,-0.7439347505569458,-0.5364862514572177
-0.6601474285125732,-0.7317406535148621,-0.5441932082176208,-0.36317623205264593
-0.4887872636318207,-0.5344313979148865,-0.39329057931900024,-0.23669107934973807
-0.675594687461853,-0.7807769179344177,-0.7191062569618225,-0.5668016031061403
-0.7267996072769165,-0.6209957599639893,-0.6591845154762268,-0.37724732999000976
-0.3534557819366455,-0.526126503944397,-0.4732097387313843,-0.2358485356388072
-0.07646863907575607,0.016578782349824905,-0.13774670660495758,-0.15946547079652254
-0.7127820253372192,-0.8232672214508057,-0.8932656049728394,-0.4962093169428189
-1.2998335361480713,-1.313696026802063,-1.4835766553878784,-1.496209316942819
-0.4290650188922882,-0.47704944014549255,-0.5292049050331116,-0.20388865217693533
-0.25778087973594666,-0.21535368263721466,-0.25983092188835144,-0.006607862550997468
-0.5568572282791138,-0.4567579925060272,-0.4961608052253723,-0.3601152580836957
0.14161160588264465,0.23706330358982086,0.14805270731449127,0.0589950935254163
0.4564778506755829,0.5830591917037964,0.625251829624176,-0.09691001300805639
-1.8001590967178345,-1.782493233680725,-1.855582594871521,-1.1804560644581312
-1.7566065788269043,-1.7336277961730957,-1.7436938285827637,-1.2218487496163564
-1.5137813091278076,-1.648640751838684,-1.584171175956726,-1.2596373105057561
-1.6793675422668457,-1.8091646432876587,-1.7769746780395508,-1.494850021680094
-1.6715072393417358,-1.74681556224823,-1.6588902473449707,-1.585026652029182
-1.4913623332977295,-1.5322291851043701,-1.501080870628357,-1.6989700043360187
-1.7965666055679321,-1.7591136693954468,-1.7625547647476196,-1.6777807052660807
-1.7341409921646118,-1.6836836338043213,-1.7198436260223389,-1.6989700043360187
-1.631868600845337,-1.556351661682129,-1.5812408924102783,-1.744727494896694
-1.6855305433273315,-1.6181273460388184,-1.5873388051986694,-2.0457574905606752
-1.5386322736740112,-1.507180094718933,-1.5476810932159424,-1.853871964321762
-1.252258539199829,-1.3442715406417847,-1.3707815408706665,-1.8239087409443189
-0.6513559818267822,-0.7756801247596741,-0.7138535976409912,-0.09691001300805639
-0.7547438144683838,-0.8266562819480896,-0.7779563665390015,-0.4145392704914993
-0.620816707611084,-0.7176822423934937,-0.7397468686103821,-0.9030899869919435
-0.698926568031311,-0.6023111343383789,-0.6574296355247498,-0.8601209135987634
-0.6873221397399902,-0.6696487665176392,-0.7185571193695068,-0.645891560852599
-3.4329025745391846,-3.678114652633667,-3.8019840717315674,-4.0
-3.8142149448394775,-3.822896957397461,-3.825261116027832,-3.3979400086720375
-3.7486684322357178,-3.7748124599456787,-3.713421583175659,-3.552841968657781
-3.4862592220306396,-3.8594400882720947,-3.8559651374816895,-3.6989700043360187
-3.492621421813965,-3.706242084503174,-3.874243974685669,-3.853871964321762
-3.505366563796997,-3.750619411468506,-3.8449785709381104,-4.0
-3.4094882011413574,-3.612642765045166,-3.6544322967529297,-4.0
-3.3477935791015625,-3.810044288635254,-3.638235092163086,-4.0
-3.1753337383270264,-3.435011863708496,-3.489069938659668,-3.8239087409443187
-3.5569024085998535,-3.4292924404144287,-3.533865451812744,-3.744727494896694
-3.681709051132202,-3.963578462600708,-4.035840034484863,-4.0
-0.21273817121982574,-0.18060584366321564,-0.21723692119121552,0.10455539124051359
-0.20609673857688904,-0.18664677441120148,-0.22825559973716736,-0.11407366019856895
-0.17659953236579895,-0.27424493432044983,-0.22955098748207092,-0.26672246606741823
-0.24995332956314087,-0.18520472943782806,-0.23291118443012238,-0.5454600150351813
-0.07494417577981949,-0.04261089488863945,-0.0888545885682106,-0.19756837356927645
-0.033490296453237534,0.04727449268102646,-0.07428839802742004,0.046846203945821285
0.12191242724657059,0.149230495095253,0.015887107700109482,0.24022465412227756
-0.48950669169425964,-0.3415312170982361,-0.34313660860061646,-0.22184874961635637
-0.09309510141611099,-0.17667168378829956,-0.18278607726097107,-0.045757490560675115
-0.07972928881645203,0.07586707919836044,0.11807573586702347,0.18184358794477254
0.1695188581943512,0.31308993697166443,0.22435417771339417,0.4065401804339551
-1.395599126815796,-1.3263963460922241,-1.3569343090057373,-2.0
-1.3106945753097534,-1.3387254476547241,-1.3656892776489258,-1.3010299956639813
-1.2035746574401855,-1.380724549293518,-1.1745517253875732,-0.9208187539523752
-1.001664400100708,-1.0771253108978271,-0.9674352407455444,-0.6989700043360187
-1.5716421604156494,-1.6305631399154663,-1.4629820585250854,-1.3665315444204136
-1.1560109853744507,-1.197928786277771,-1.1951171159744263,-1.2365720064370627
-1.405499815940857,-1.5540683269500732,-1.529252290725708,-1.2596373105057561
-1.0216609239578247,-1.1108312606811523,-1.0321301221847534,-1.0969100130080565
-1.4094995260238647,-1.4573287963867188,-1.362285852432251,-1.275724130399211
-1.3610275983810425,-1.3375564813613892,-1.3892481327056885,-1.2441251443275085
-0.8439850807189941,-0.895126461982727,-0.8368982076644897,-0.958607314841775
-1.2639800310134888,-1.2314043045043945,-1.2393684387207031,-1.0705810742857071
-1.2046020030975342,-1.2076988220214844,-1.1744178533554077,-1.1249387366083
-0.6867209076881409,-0.7583450078964233,-0.6582501530647278,-0.8239087409443188
-1.0325628519058228,-1.0435787439346313,-1.1284433603286743,-0.9393021596463883
-1.077739953994751,-1.0461256504058838,-1.078566074371338,-1.0222763947111522
-0.08327165991067886,-0.09869702160358429,-0.1758624166250229,-0.045757490560675115
-0.09601452946662903,-0.12239543348550797,-0.09961475431919098,-0.1549019599857432
-0.0717867985367775,-0.09900414198637009,-0.061889875680208206,-0.1549019599857432
-0.16185392439365387,-0.10579883307218552,-0.15556447207927704,-0.1549019599857432
-0.36912646889686584,-0.31496381759643555,-0.3865928053855896,-0.1549019599857432
-0.2272760570049286,-0.2429855316877365,-0.18780021369457245,-0.1549019599857432
-0.13286849856376648,-0.1744585633277893,-0.17260637879371643,-0.045757490560675115
0.014520020224153996,-0.06496123969554901,-0.06732063740491867,-0.09691001300805639
-0.5734033584594727,-0.5803363919258118,-0.5025885701179504,-0.36051351073141397
0.16400614380836487,0.2445753961801529,0.31501883268356323,0.32159843046534387
-0.896485447883606,-0.8594340682029724,-0.881426990032196,-1.2218487496163564
-0.30152344703674316,-0.26684391498565674,-0.21101312339305878,0.012837224705172217
-1.0636638402938843,-1.009202003479004,-0.8145595192909241,-1.2218487496163564
-0.3686654269695282,-0.30996257066726685,-0.14883694052696228,0.0
-0.7410944104194641,-0.7936122417449951,-0.8426557183265686,-1.1079053973095196
-0.21950127184391022,0.05906940624117851,-0.0675753727555275,-0.08039897621588903
-0.7918611168861389,-0.8112559914588928,-0.8679567575454712,-0.906578314837765
-0.07970830798149109,-0.11638067662715912,-0.17858442664146423,-0.1180450286603995
-1.545754313468933,-1.3179394006729126,-1.4553838968276978,-1.1023729087095586
-1.2585268020629883,-1.187569499015808,-1.1460893154144287,-2.3010299956639813
-0.9695044755935669,-1.068168044090271,-0.9578139781951904,-2.0
-0.9232020974159241,-0.8041039705276489,-0.7749985456466675,-1.0969100130080565
-1.379115343093872,-1.421274185180664,-1.5695377588272095,-0.4559319556497244
-1.132501244544983,-1.2392128705978394,-1.2866816520690918,-2.0
-1.2028123140335083,-1.049258828163147,-0.9420143961906433,-1.5228787452803376
-0.9143509268760681,-0.8783959150314331,-0.8183929324150085,-1.0969100130080565
-1.526705265045166,-1.4500551223754883,-1.4555823802947998,-0.4559319556497244
-1.1255369186401367,-1.3140054941177368,-1.127168893814087,-1.3979400086720375
-1.0229846239089966,-1.085897445678711,-1.1639902591705322,-1.154901959985743
-0.9119885563850403,-0.8213347792625427,-0.9474587440490723,-1.0969100130080565
-1.52375328540802,-1.40753173828125,-1.5585246086120605,-0.4559319556497244
-1.185377836227417,-1.3762803077697754,-1.445986032485962,-1.5228787452803376
-1.2291955947875977,-1.063267707824707,-1.0335146188735962,-1.0457574905606752
-1.0699504613876343,-0.9340966939926147,-0.9957194924354553,-1.0969100130080565
-1.714480996131897,-1.738761305809021,-1.633052110671997,-0.4559319556497244
-1.4003609418869019,-1.4860988855361938,-1.5728058815002441,-1.6989700043360187
-1.0933817625045776,-1.247244119644165,-1.3491427898406982,-1.0969100130080565
-1.1879549026489258,-1.1906440258026123,-1.0952965021133423,-1.0969100130080565
-1.1702762842178345,-1.2114851474761963,-1.1285256147384644,-1.5228787452803376
-1.3861298561096191,-1.425189733505249,-1.354372501373291,-1.5228787452803376
-1.6319503784179688,-1.6152479648590088,-1.5440731048583984,-1.5686362358410126
-1.3449121713638306,-1.3201247453689575,-1.343457818031311,-1.3010299956639813
-1.4455596208572388,-1.4324249029159546,-1.473695158958435,-1.4559319556497243
-1.7960231304168701,-1.7528393268585205,-1.7464876174926758,-1.6382721639824072
-1.491939902305603,-1.4219648838043213,-1.5037870407104492,-1.1079053973095196
-1.7324179410934448,-1.751083493232727,-1.6833561658859253,-1.4685210829577449
-1.894234299659729,-1.8836580514907837,-1.9399867057800293,-1.6989700043360187
-1.285502552986145,-1.2573447227478027,-1.2617418766021729,-1.4202164033831899
-1.6411564350128174,-1.5262008905410767,-1.5094503164291382,-1.5528419686577808
-1.8660863637924194,-1.7999718189239502,-1.900604248046875,-1.585026652029182
-0.4954078793525696,-0.7567365765571594,-0.6459830403327942,-0.2915790998652873
-0.8032251596450806,-0.8983873128890991,-0.8175977468490601,-1.0457574905606752
-0.8707987666130066,-0.8355640172958374,-0.9292830228805542,-0.9208187539523752
-0.8739349842071533,-0.9867312908172607,-0.9637369513511658,-0.8696662315049939
-0.912357747554779,-0.9518329501152039,-0.8532767295837402,-0.8728952016351923
-1.0835721492767334,-1.0196075439453125,-1.0635454654693604,-0.7695510786217261
-0.8929321765899658,-0.8137703537940979,-0.7639029622077942,-0.744727494896694
-0.7044102549552917,-0.6356731653213501,-0.6431612968444824,-0.638272163982407
-0.4903673529624939,-0.5510327816009521,-0.5905522704124451,-0.6020599913279624
-0.31496214866638184,-0.2659931182861328,-0.21025310456752777,0.07483398754248842
-0.3329405188560486,-0.25614190101623535,-0.3635334372520447,-0.07456877754272212
-0.4837847948074341,-0.2917831540107727,-0.4352371096611023,-0.39621278437488217
-0.6005390882492065,-0.5493671298027039,-0.473299115896225,-0.6624808401530248
-0.8860588073730469,-0.7761328816413879,-0.8873249292373657,-0.36705503314702814
-0.8096915483474731,-0.5662323832511902,-0.7581946849822998,-0.18908766448515754
-0.765189528465271,-0.7191005349159241,-0.7237964272499084,-0.619788758288394
-0.6164716482162476,-0.6770637631416321,-0.6082258820533752,-0.5528419686577808
-0.4682166874408722,-0.5380198955535889,-0.46182242035865784,-0.5228787452803376
-0.6940446496009827,-0.7511155009269714,-0.7171201109886169,-0.7958800173440752
-0.6998453736305237,-0.6662088632583618,-0.6242027878761292,-0.721246399047171
-0.4768107533454895,-0.5666375756263733,-0.5020319819450378,-0.6777807052660807
-0.797886073589325,-0.7745261788368225,-0.7248087525367737,-0.6575773191777937
-0.6953793168067932,-0.7330185174942017,-0.6636195182800293,-0.619788758288394
-0.5141182541847229,-0.48951730132102966,-0.5790355801582336,-0.5528419686577808
-1.1646533012390137,-1.1737350225448608,-1.0974650382995605,-1.3010299956639813
-1.702376365661621,-2.1061148643493652,-2.1465396881103516,-2.661543506395395
-1.4691001176834106,-1.413364291191101,-1.4578125476837158,-1.6989700043360187
-1.7282614707946777,-1.6290322542190552,-1.715313196182251,-1.3979400086720375
-1.6619998216629028,-1.6079137325286865,-1.6045461893081665,-1.5228787452803376
-1.5909943580627441,-1.5310956239700317,-1.5291163921356201,-1.5228787452803376
-1.5450950860977173,-1.5961146354675293,-1.529746651649475,-2.0
-0.9384424686431885,-1.0662606954574585,-0.9378430247306824,-1.3979400086720375
-1.3374475240707397,-1.2699884176254272,-1.3055295944213867,-1.3010299956639813
-1.4189804792404175,-1.4063329696655273,-1.2937583923339844,-2.0
-1.1553137302398682,-0.963343620300293,-1.0423661470413208,-1.5228787452803376
-1.597776174545288,-1.6869274377822876,-1.647465705871582,-2.0
-1.7736636400222778,-2.0116705894470215,-2.0437328815460205,-2.6903698325741012
-1.635254144668579,-1.6171324253082275,-1.6283555030822754,-2.0
-1.701586365699768,-1.7357953786849976,-1.8146494626998901,-1.5228787452803376
-1.5175881385803223,-1.5368506908416748,-1.5525293350219727,-1.0457574905606752
-1.7132678031921387,-1.7281239032745361,-1.6686204671859741,-2.0
-1.6696184873580933,-1.7382107973098755,-1.8325762748718262,-1.3010299956639813
-1.3010234832763672,-1.2727235555648804,-1.3313688039779663,-0.5528419686577808
-1.9230005741119385,-2.440199613571167,-2.1551945209503174,-2.0
-1.4484758377075195,-1.464324951171875,-1.420032024383545,-0.431798275933005
-1.0256168842315674,-1.0431034564971924,-1.0551759004592896,-1.1307682802690238
-0.8705233335494995,-0.9399505853652954,-0.79527747631073,-0.7099653886374819
0.4193868041038513,0.515708327293396,0.3772619664669037,-1.6020599913279623
-0.15160807967185974,-0.12038876116275787,-0.1810411661863327,0.24608452348596643
-0.20642617344856262,-0.21687261760234833,-0.15211091935634613,-0.5772050430229445
0.07073739171028137,-0.1446181684732437,-0.1724584996700287,-0.3507089624485719
-0.1749339997768402,-0.16610735654830933,-0.07170233875513077,-0.16198694355870663
-0.22595079243183136,-0.24970068037509918,-0.2995232343673706,0.053245595471386686
-0.27915602922439575,-0.23506605625152588,-0.1972886174917221,0.05137096588066842
-0.273642361164093,-0.31408441066741943,-0.23301658034324646,-0.21148306001705308
-0.453116238117218,-0.4692351818084717,-0.504767894744873,-0.8054246114267724
-0.11076665669679642,0.06490012258291245,-0.013787021860480309,-1.0457574905606752
-0.40886828303337097,-0.5451631546020508,-1.1249428987503052,-0.9208187539523752
0.02709951624274254,-0.10768015682697296,-0.15758195519447327,-1.0969100130080565
0.13914236426353455,-0.19055603444576263,-0.2865500748157501,-0.3279021420642826
0.04915138706564903,-0.3656098544597626,-0.12140467762947083,-0.13076828026902382
-1.1315118074417114,-1.125397801399231,-1.0920010805130005,-1.431798275933005
-1.0231457948684692,-0.9867203235626221,-1.104378581047058,-1.2676062401770314
-0.9436174035072327,-0.8924470543861389,-1.091543436050415,-1.0362121726544447
-0.8530617952346802,-0.8333103060722351,-0.852197527885437,-0.8601209135987634
-0.3606608510017395,-0.3871437609195709,-0.3852815628051758,-0.4416731044404668
-0.213473379611969,-0.19417375326156616,-0.16666476428508759,-0.26896109822633824
-0.222280815243721,-0.09085205942392349,-0.14346596598625183,-0.1747738725181171
-0.11500880867242813,-0.18594922125339508,-0.16836754977703094,-0.07297525930573517
-0.3264489471912384,-0.36561375856399536,-0.39831817150115967,-0.6202957309755527
-0.28453895449638367,-0.3143858313560486,-0.2690664231777191,-0.4416731044404668
-0.2117563784122467,-0.2218898981809616,-0.2507939338684082,-0.3192666411494966
-0.16910532116889954,-0.18266646564006805,-0.13051633536815643,-0.20590948330553177
-0.4937819242477417,-0.5621201992034912,-0.4831739366054535,-0.6772020316536124
-0.3207303583621979,-0.41809284687042236,-0.33874088525772095,-0.512848892949376
-0.2446800172328949,-0.29412826895713806,-0.35046935081481934,-0.376171003333255
-0.2856268286705017,-0.2780449092388153,-0.3687553405761719,-0.22388310982803264
-0.6145927906036377,-0.6092278957366943,-0.5932205319404602,-0.7229595222142875
-0.6985438466072083,-0.5355523824691772,-0.48669570684432983,-0.5699910938903194
-0.6269673705101013,-0.5166156888008118,-0.44003963470458984,-0.4171301897533445
-0.5024054050445557,-0.5008870363235474,-0.4223748445510864,-0.258899636731723
-0.8565970063209534,-0.8391379117965698,-0.890350341796875,-0.7851058402620318
-0.7648699879646301,-0.8707535266876221,-0.7389193177223206,-0.5436628195606764
-0.6530328989028931,-0.8514622449874878,-0.7824997901916504,-0.41238331068187045
-0.6952986121177673,-0.7607626914978027,-0.7359023094177246,-0.315473297673814
-1.5470218658447266,-1.2470463514328003,-1.4862864017486572,1.0791812460476249
-1.1557339429855347,-0.9991045594215393,-1.0246604681015015,-0.8950590287059912
-1.1869910955429077,-1.2140859365463257,-1.1528048515319824,-1.3802077673696482
-1.1280044317245483,-1.0924938917160034,-1.1079115867614746,-1.019237844767115
-0.9218623042106628,-0.8859909176826477,-0.9945880770683289,-0.9293453190375998
-0.8618997931480408,-0.727545440196991,-0.798279345035553,-0.6376438358473397
-1.0443005561828613,-1.0590628385543823,-1.1348968744277954,-1.1249387366083
-1.0668357610702515,-1.093814730644226,-1.1107683181762695,-1.2952748095837496
-1.0498301982879639,-1.1982033252716064,-1.2031452655792236,-1.56331269864241
-0.16421610116958618,-0.12332317978143692,-0.11042715609073639,-0.08671609823958155
-0.09530797600746155,-0.1555386185646057,-0.16399386525154114,-0.15366288787019475
-0.21850743889808655,-0.14348052442073822,-0.2812315821647644,-0.24641694110709347
-0.9692978262901306,-0.5420606732368469,-0.7563828825950623,-0.8216879456873214
-0.8403235077857971,-0.8630390167236328,-0.7306475639343262,-0.76275796001577
-0.12082760781049728,-0.20515018701553345,-0.14249476790428162,-0.5118837952735734
-0.6693620085716248,-0.564392626285553,-0.7084736227989197,-0.524373841197004
-0.40358927845954895,-0.46854090690612793,-0.4456835091114044,-0.43046925762642946
-0.10585746169090271,-0.11145572364330292,-0.1361900269985199,-0.3475302820980142
-0.3004407286643982,-0.2551531195640564,-0.38037821650505066,-0.34579360742080123
-0.552217960357666,-0.3993678689002991,-0.43700501322746277,-0.26146360265571295
-0.38485124707221985,-0.36573082208633423,-0.3968852758407593,-0.3467874862246563
-0.6650714874267578,-0.6310871839523315,-0.5628103613853455,-0.4225082001627747
-1.917553424835205,-1.9932942390441895,-2.0341928005218506,-2.6989700043360187
-2.177366018295288,-2.044973373413086,-2.132211208343506,-2.154901959985743
-2.114535331726074,-2.0508291721343994,-2.1210544109344482,-1.8860566476931633
-2.025118589401245,-2.1408915519714355,-2.1034271717071533,-2.0969100130080562
-2.213528871536255,-2.05914306640625,-2.0945019721984863,-1.958607314841775
-2.1943271160125732,-2.147639274597168,-2.1545047760009766,-2.154901959985743
-2.238891363143921,-2.22967267036438,-2.12125563621521,-2.0
-1.023350715637207,-1.046256184577942,-1.0104343891143799,-0.9867413347164835
-1.0924620628356934,-1.0156275033950806,-0.9899600148200989,-1.1354889189416082
-1.0986994504928589,-1.0093350410461426,-1.0707414150238037,-1.2700257143004443
-1.1357717514038086,-1.155187726020813,-1.1922328472137451,-1.5030703519267852
-1.3423579931259155,-1.4097399711608887,-1.325518012046814,-1.5451551399914898
-0.5502201914787292,-0.5079388618469238,-0.5159862637519836,-0.585026652029182
-0.5659621357917786,-0.6109601259231567,-0.5703015327453613,-0.638272163982407
-0.5882301330566406,-0.6267707943916321,-0.5901319980621338,-0.6989700043360187
-0.7202089428901672,-0.7647302150726318,-0.6906158328056335,-0.7061956400806633
-0.7837642431259155,-0.7130224704742432,-0.7611536383628845,-0.6252516539898961
-0.7291424870491028,-0.6839728355407715,-0.7098366618156433,-0.6989700043360187
-0.7297412157058716,-0.7446972727775574,-0.7178376317024231,-0.8860566476931632
-0.6937422156333923,-0.6409652233123779,-0.7388167381286621,-0.596879478824182
-0.7726004719734192,-0.7918055057525635,-0.8193640112876892,-0.7958800173440752
-0.8526453971862793,-0.8589408993721008,-0.9200689196586609,-0.9208187539523752
-0.7095671892166138,-0.7481894493103027,-0.7511134147644043,-0.832682665251824
-0.5990176796913147,-0.6065901517868042,-0.5965974926948547,-0.5686362358410126
-0.5917561650276184,-0.56206876039505,-0.6416710019111633,-0.6575773191777937
-0.7144730687141418,-0.723529577255249,-0.6475289463996887,-0.6989700043360187
-0.6135768890380859,-0.6363367438316345,-0.7072857022285461,-0.638272163982407
-0.6429836750030518,-0.49266913533210754,-0.5559127926826477,-0.5686362358410126
-0.4312419295310974,-0.4949442744255066,-0.4201608896255493,-0.4814860601221125
-1.0188064575195312,-0.9593989253044128,-0.9903017282485962,-0.8239087409443188
-0.5097781419754028,-0.42533108592033386,-0.34237661957740784,-0.4814860601221125
-0.18010935187339783,-0.20629681646823883,-0.12636587023735046,0.1457587283907783
-0.1882544755935669,-0.11698906123638153,-0.15901775658130646,0.09483713737486861
-0.05937332659959793,-0.21973754465579987,-0.2541552484035492,0.021189299069938092
-0.08157923817634583,-0.10168410837650299,-0.008805486373603344,-0.040958607678906384
0.057959288358688354,-0.06890900433063507,0.13323310017585754,-0.07058107428570727
-0.20969253778457642,-0.1610797494649887,-0.2226187139749527,-0.07918141976545234
-0.3822149336338043,-0.3026787340641022,-0.3227640688419342,-0.3740509819413798
-0.7041106820106506,-0.7192177772521973,-1.178572416305542,-0.4814860601221125
-0.8004848957061768,-0.6060474514961243,-0.5395702123641968,-0.6020599913279624
-0.5547152161598206,-0.5669592618942261,-0.417696475982666,0.20411998265592482
-0.4834906756877899,-0.5308507084846497,-0.6350327134132385,0.146128035678238
-0.5498099327087402,-0.6014715433120728,-0.5910189747810364,0.0
-0.5914667248725891,-0.4910685420036316,-0.4429242014884949,-0.09691001300805639
-0.8118258118629456,-0.7146269083023071,-0.5511865615844727,-0.5228787452803376
-0.515181839466095,-0.656929612159729,-0.47847363352775574,-0.10790539730951959
-1.2394095659255981,-1.3119850158691406,-1.2358777523040771,-1.2441251443275085
-0.7182283997535706,-0.5626041293144226,-0.9867115020751953,-1.3010299956639813
-0.5697315335273743,-0.38461634516716003,-0.3649848699569702,-0.25181197299379954
-0.5536264181137085,-0.6362821459770203,-0.5693652033805847,-0.10237290870955855
-0.6029585599899292,-0.5403569340705872,-0.5898167490959167,-0.09691001300805639
-0.5773574113845825,-0.4414350390434265,-0.5672239065170288,-0.1938200260161128
-0.5555992126464844,-0.6011654138565063,-0.49398329854011536,-0.2076083105017461
-0.2613663673400879,-0.23818540573120117,-0.25580358505249023,-0.3979400086720376
-0.30903854966163635,-0.3710924983024597,-0.3420852720737457,-0.5228787452803376
-0.15782099962234497,-0.09533195942640305,-0.143253356218338,-0.2839966563652008
-0.4139466881752014,-0.40580111742019653,-0.39111295342445374,-0.6989700043360187
-0.048812009394168854,-0.05644054338335991,-0.011768748983740807,-0.08618614761628333
-0.13870146870613098,-0.22480319440364838,-0.14782477915287018,-0.3010299956639812
-0.2300473153591156,-0.1633596569299698,-0.20975659787654877,-0.6020599913279624
0.006651048082858324,-0.03155719116330147,-0.05312541127204895,0.0
0.04719820246100426,0.05434132739901543,0.13639409840106964,0.11058971029924897
0.013628963381052017,0.029293755069375038,0.03264237567782402,-0.1549019599857432
0.14419957995414734,0.13469518721103668,0.19982042908668518,0.25527250510330607
-0.06741783767938614,-0.11712437123060226,-0.03217877447605133,-0.3010299956639812
0.22304746508598328,0.22719532251358032,0.2630614638328552,0.30319605742048883
0.15698572993278503,0.13495248556137085,0.23426677286624908,0.07918124604762482
0.28150469064712524,0.32029294967651367,0.3870465159416199,0.414973347970818
0.10582861304283142,0.1434556096792221,0.18320277333259583,-0.1870866433571444
0.3866194784641266,0.42608559131622314,0.39259904623031616,0.47712125471966244
0.47751352190971375,0.5129833221435547,0.4148293137550354,0.5314789170422551
0.253989040851593,0.3278498649597168,0.29549187421798706,0.25527250510330607
0.27473896741867065,0.2916370928287506,0.2793160676956177,0.06069784035361165
-1.1165376901626587,-1.0588656663894653,-1.1316946744918823,-1.3979400086720375
-1.1560384035110474,-1.0730681419372559,-1.1284929513931274,-1.2365720064370627
-1.1656557321548462,-1.110478401184082,-1.1490405797958374,-1.0655015487564323
-1.2464624643325806,-1.2352213859558105,-1.2107048034667969,-1.0604807473813815
-1.8687443733215332,-1.802220106124878,-1.735205054283142,-1.7911288617530743
-1.8227198123931885,-1.7818044424057007,-1.8135924339294434,-1.8072096028793474
-1.8614991903305054,-1.7892382144927979,-1.9035043716430664,-1.8954787473816714
-2.038954257965088,-1.9229722023010254,-1.9991624355316162,-1.9348686278597902
-1.0785804986953735,-1.0295230150222778,-1.0182039737701416,-1.1135092748275182
-0.9841654300689697,-0.9779718518257141,-0.995837390422821,-1.0861861476162833
-1.0454155206680298,-1.1221497058868408,-1.1440339088439941,-0.9281179926938746
-1.2204864025115967,-1.2322111129760742,-1.239121437072754,-1.1870866433571443
-1.1442548036575317,-1.0723963975906372,-1.0838322639465332,-1.1249387366083
-1.1732426881790161,-1.2287678718566895,-1.254906177520752,-1.1804560644581312
-1.2079766988754272,-1.2478575706481934,-1.2365330457687378,-1.275724130399211
-1.4361965656280518,-1.3615152835845947,-1.346469759941101,-1.2924298239020637
-1.0730291604995728,-0.9334138631820679,-0.8944097757339478,-1.1611509092627446
-1.1186679601669312,-1.0068297386169434,-1.0177149772644043,-0.9913998282380825
-1.119612455368042,-1.1303882598876953,-0.9586892127990723,-1.0861861476162833
-1.085189700126648,-1.1203851699829102,-1.1781787872314453,-1.193820026016113
-1.1474077701568604,-1.1933497190475464,-1.1537790298461914,-1.0506099933550872
-1.2775928974151611,-1.2624856233596802,-1.4172039031982422,-1.1426675035687315
-1.1289223432540894,-1.1939702033996582,-1.3971772193908691,-1.1804560644581312
-1.1106020212173462,-1.226151466369629,-1.3445861339569092,-1.2006594505464183
-0.6845276355743408,-0.6117119789123535,-0.5755029320716858,-0.6020599913279624
-0.5586963295936584,-0.5556823015213013,-0.5313453078269958,-0.3467874862246563
-0.3850701153278351,-0.44818803668022156,-0.41230836510658264,-0.1549019599857432
-0.22795984148979187,-0.25209861993789673,-0.34437769651412964,0.0
-0.630608856678009,-0.705353319644928,-0.6140924096107483,-0.6989700043360187
-0.5303139090538025,-0.6371426582336426,-0.5438822507858276,-0.4559319556497244
-0.4868100881576538,-0.4586350917816162,-0.5158070921897888,-0.23657200643706278
-0.3620660603046417,-0.3420894145965576,-0.2837064862251282,-0.09691001300805639
-0.6029218435287476,-0.7214871048927307,-0.7165339589118958,-0.6020599913279624
-0.5743222236633301,-0.5898816585540771,-0.5225076675415039,-0.744727494896694
-0.49677327275276184,-0.5264227986335754,-0.5025976896286011,-0.42021640338318983
-0.3895667493343353,-0.3498486876487732,-0.44267353415489197,-0.22184874961635637
-0.7807784080505371,-0.9031647443771362,-0.8310403227806091,-0.6989700043360187
-1.0993925333023071,-1.0414226055145264,-0.9813498854637146,-1.0
-0.9662564396858215,-0.851555347442627,-0.9018338918685913,-0.9208187539523752
-0.8286218047142029,-0.8456037044525146,-0.7838401794433594,-0.6989700043360187
-0.7671175003051758,-0.8188988566398621,-0.8602890372276306,-0.8538719643217619
-1.2176496982574463,-1.229614019393921,-1.3471068143844604,-0.7958800173440752
-0.7275800108909607,-0.7511177659034729,-0.7680969834327698,-0.9208187539523752
-0.6037744283676147,-0.5659964084625244,-0.5311916470527649,-1.0969100130080565
-0.42453983426094055,-0.49509915709495544,-0.47294872999191284,-1.2218487496163564
-1.1347105503082275,-1.1691906452178955,-1.0978261232376099,-0.8860566476931632
-0.3841612935066223,-0.40797558426856995,-0.38321414589881897,0.01703333929878037
-0.4378495514392853,-0.5028952956199646,-0.4417537748813629,0.1610683854711746
-0.6611647009849548,-0.7784098386764526,-1.250158429145813,0.0441476208787228
-0.48583629727363586,-0.37862518429756165,-0.49466195702552795,-0.744727494896694
-0.437491774559021,-0.5441222786903381,-0.4454641342163086,-0.09205147838772768
-0.629688024520874,-0.3963543772697449,-1.3866522312164307,-0.5228787452803376
-0.6664188504219055,-0.4602598249912262,-0.5792199969291687,-0.744727494896694
-0.49897557497024536,-0.5435161590576172,-0.5542236566543579,-0.9030899869919435
-0.8417925834655762,-0.9633061289787292,-1.410456895828247,-0.8664610916297825
-0.7383508086204529,-0.7706353664398193,-0.8004469871520996,-0.958607314841775
-0.8569022417068481,-0.881628692150116,-0.7948076725006104,-1.6989700043360187
-0.7936943173408508,-0.7844409942626953,-0.6753697991371155,-1.7958800173440752
-0.8046603202819824,-0.8177343010902405,-0.7657976150512695,-0.6020599913279624
-0.7518213391304016,-0.7586112022399902,-0.7436937689781189,-0.585026652029182
-0.757466197013855,-0.7983148694038391,-0.8602932095527649,-0.619788758288394
-0.8806379437446594,-0.8197683095932007,-0.8344379663467407,-0.8860566476931632
-1.0190805196762085,-1.0544466972351074,-0.8849868774414062,-1.3979400086720375
-0.9433802962303162,-0.90346360206604,-0.8516817688941956,-1.2218487496163564
-0.7198979258537292,-0.7599020004272461,-0.7461903691291809,-1.0
-0.6133682131767273,-0.8918675184249878,-0.6903303265571594,-0.8860566476931632
-0.7423789501190186,-0.686215341091156,-0.7258432507514954,-0.8860566476931632
-0.9009233117103577,-0.6988441348075867,-0.7545766234397888,-1.154901959985743
-0.7579564452171326,-0.8648201823234558,-0.7983948588371277,-1.3979400086720375
-0.8141170144081116,-0.8831763863563538,-0.8223118782043457,-2.0
-0.8846281170845032,-0.9125675559043884,-0.8712203502655029,-1.6989700043360187
-0.79313725233078,-0.7635260820388794,-0.9452459216117859,-1.6989700043360187
-2.2124228477478027,-2.118788242340088,-2.080357551574707,-2.1804560644581312
-1.9068735837936401,-1.9332183599472046,-1.8332210779190063,-2.3565473235138126
-1.932500958442688,-1.9243216514587402,-1.9654892683029175,-2.6020599913279625
-1.6228375434875488,-1.7136238813400269,-1.7180523872375488,-2.537602002101044
-1.7489656209945679,-1.783149242401123,-2.1083619594573975,-2.721246399047171
-1.4587424993515015,-1.484726071357727,-1.3687245845794678,-0.09691001300805639
-0.7369017004966736,-0.6840013265609741,-0.6349769830703735,0.24054924828259971
-0.7065941095352173,-0.6846809387207031,-0.689664900302887,-1.2218487496163564
-1.3484679460525513,-1.059973955154419,-1.2498418092727661,-0.728158393463501
-0.6317760944366455,-0.5482425689697266,-0.6644838452339172,-0.3467874862246563
-0.603408932685852,-0.6364858746528625,-0.5558276176452637,-0.8860566476931632
-0.4580528140068054,-0.6916531920433044,-0.7615566253662109,-0.6536470255493614
-0.5532835125923157,-0.7516173124313354,-0.8346562385559082,-0.6635402661514704
-0.6812452077865601,-0.704353928565979,-0.8017560243606567,-1.0
-1.09256911277771,-1.020647644996643,-0.9362030029296875,-0.6777807052660807
-0.8858875632286072,-0.961391806602478,-0.9454951882362366,-0.004364805402450088
-0.7623369097709656,-0.8021849393844604,-0.8330696225166321,-1.0457574905606752
-0.8847195506095886,-0.757096529006958,-0.7545221447944641,-1.0655015487564323
-0.8463281393051147,-1.050548791885376,-0.8777906894683838,-1.0457574905606752
-0.8032820820808411,-0.7924742102622986,-0.9119659066200256,-1.0655015487564323
-1.0394484996795654,-1.1434473991394043,-0.9991176128387451,-1.080921907623926
-0.27470752596855164,-0.039374757558107376,-0.26703545451164246,0.17609125905568124
-0.7121585011482239,-0.7822718620300293,-0.7296847105026245,-1.3979400086720375
-0.6921857595443726,-0.6900027394294739,-0.8360991477966309,-0.431798275933005
-0.6307770013809204,-0.6272595524787903,-0.6237296462059021,-0.4814860601221125
-0.6463927626609802,-0.7178330421447754,-0.6377407312393188,-0.5228787452803376
-0.7884984016418457,-0.7777389883995056,-0.8279664516448975,-0.6777807052660807
-0.8976669907569885,-0.8417385220527649,-0.8667253851890564,-1.3979400086720375
-0.6998462677001953,-0.7158852219581604,-0.708173394203186,-0.4814860601221125
-0.6873528361320496,-0.6456233859062195,-0.6695124506950378,-0.5376020021010439
-0.6533604264259338,-0.606400191783905,-0.6199489235877991,-0.585026652029182
-0.7789197564125061,-0.8395891785621643,-0.7646389603614807,-0.6989700043360187
-0.814752459526062,-0.8149239420890808,-0.8649356961250305,-1.5228787452803376
-0.7286106944084167,-0.7911726832389832,-0.7218254208564758,-0.5376020021010439
-0.6661783456802368,-0.7438909411430359,-0.7027122974395752,-0.6020599913279624
-0.7040719389915466,-0.6929256916046143,-0.6894299387931824,-0.638272163982407
-0.9893936514854431,-0.8623960018157959,-0.8670532703399658,-0.721246399047171
-0.8449116945266724,-0.9380249977111816,-0.8821607232093811,-1.5228787452803376
-0.827095627784729,-0.7665409445762634,-0.8349449634552002,-0.6575773191777937
-0.7749209403991699,-0.7837939858436584,-0.7273344397544861,-0.721246399047171
-0.7576993107795715,-0.7434607744216919,-0.69580078125,-0.7695510786217261
-1.0469387769699097,-0.9707778096199036,-0.9622478485107422,-0.8538719643217619
-0.7562193870544434,-0.9372091293334961,-0.8792991638183594,-0.5528419686577808
-0.7684028148651123,-0.6817528605461121,-0.8152326345443726,-0.619788758288394
-0.6707468032836914,-0.6710622310638428,-0.7685739398002625,-0.6575773191777937
-0.5909948348999023,-0.662129282951355,-0.640188455581665,-0.6989700043360187
-0.8813822269439697,-0.8647056818008423,-0.8727871179580688,-0.744727494896694
-0.8637989163398743,-0.8075023293495178,-0.7711339592933655,-0.46852108295774486
-0.6992383003234863,-0.7037778496742249,-0.683912992477417,-0.5228787452803376
-0.6821643710136414,-0.5962487459182739,-0.6715357899665833,-0.5528419686577808
-0.6250194311141968,-0.5931628346443176,-0.5798855423927307,-0.585026652029182
-0.8840478658676147,-0.7999812960624695,-0.6744816899299622,-0.6020599913279624
-1.1235812902450562,-1.1511961221694946,-1.07206130027771,-0.7695510786217261
-0.9690467715263367,-1.0137852430343628,-1.0886000394821167,-0.8860566476931632
-1.0593701601028442,-0.9972096681594849,-0.9796247482299805,-1.0
-1.0983703136444092,-0.9285734295845032,-0.8788762092590332,-1.0457574905606752
-1.1415801048278809,-1.1269689798355103,-1.051299810409546,-1.3010299956639813
-0.8594154715538025,-0.8926169276237488,-0.7918198108673096,-0.8601209135987634
-0.7748665809631348,-0.704160749912262,-0.8116894960403442,-0.721246399047171
-0.8550961017608643,-0.8899925351142883,-0.9089416861534119,-0.9393021596463883
-0.952241063117981,-0.864220917224884,-0.9578142166137695,-0.9956786262173574
-0.7561869621276855,-0.834047257900238,-0.8185628056526184,-0.7495799976911061
-0.9456808567047119,-0.9624830484390259,-0.9227532744407654,-1.0604807473813815
-0.8004181981086731,-0.8276643753051758,-0.8388842344284058,-0.7772835288524167
-1.1171600818634033,-1.1155825853347778,-1.0499634742736816,-1.1674910872937636
-0.7970872521400452,-0.9091698527336121,-0.9209467172622681,-0.8210230527068306
-1.0345375537872314,-0.9713409543037415,-1.019047737121582,-0.8996294548824371
-0.2243160605430603,-0.14594773948192596,-0.25166648626327515,-0.44369749923271273
-0.13573399186134338,-0.20053119957447052,-0.31338194012641907,-0.5528419686577808
-0.16083362698554993,-0.23678536713123322,-0.2705940902233124,-0.7958800173440752
-0.21899399161338806,-0.28826916217803955,-0.3617446720600128,-1.0969100130080565
-0.43702763319015503,-0.5304234623908997,-0.521786630153656,-0.24382048315619081
-0.6105960011482239,-0.5211650133132935,-0.5876954793930054,-0.5757719293040201
-0.5721367001533508,-0.752898633480072,-0.8920166492462158,-0.8024437868464636
-0.5289116501808167,-0.6019639372825623,-0.5610549449920654,-0.7695510786217261
-0.8572267293930054,-0.9380460977554321,-0.919330894947052,-1.2218487496163564
-1.016924500465393,-0.9463645815849304,-1.0877676010131836,-1.3979400086720375
-1.1315557956695557,-1.1165354251861572,-1.180073618888855,-1.3767507096020994
-1.2129076719284058,-1.114762306213379,-1.1550190448760986,-1.3010299956639813
-1.2232447862625122,-1.117241621017456,-1.2226911783218384,-1.207608310501746
-1.184450387954712,-1.0714919567108154,-1.1073795557022095,-1.0555173278498313
-0.9295340776443481,-0.9089400172233582,-0.970120370388031,-1.3098039199714864
-0.9465698003768921,-0.9316660761833191,-0.9366844892501831,-1.408935392973501
-1.1637102365493774,-1.0959826707839966,-1.0884438753128052,-1.3187587626244128
-1.1547751426696777,-1.1283249855041504,-1.0995973348617554,-1.2596373105057561
-0.9983977675437927,-1.0755459070205688,-1.0829776525497437,-1.3467874862246563
-1.0322213172912598,-1.1456224918365479,-1.1687133312225342,-1.3010299956639813
-1.1794161796569824,-1.0776246786117554,-1.1647887229919434,-1.193820026016113
-1.078757405281067,-1.0226964950561523,-1.0543954372406006,-1.0555173278498313
-1.0622706413269043,-1.0451629161834717,-1.023151159286499,-1.3979400086720375
-0.45932137966156006,-0.5555803179740906,-0.3996356129646301,-1.154901959985743
-1.114054799079895,-1.4940965175628662,-0.9244074821472168,-1.6989700043360187
-0.7749890685081482,-0.7205194234848022,-0.6995850801467896,-0.6055483191737837
-0.7516791224479675,-0.6718764305114746,-0.7591583132743835,-0.575118363368933
-0.827659547328949,-0.7698270678520203,-0.7009195685386658,-0.692503962086787
-0.7296739220619202,-0.7573980689048767,-0.7513718008995056,-0.744727494896694
-0.8630443811416626,-0.8357229828834534,-0.8611317276954651,-0.7544873321858502
-0.9671176075935364,-0.771640419960022,-0.831579327583313,-0.7878123955960422
-0.8678873777389526,-0.7948462963104248,-0.9126279354095459,-0.790484985457369
-1.2488276958465576,-1.0388702154159546,-1.1199791431427002,-0.8416375079047503
-0.7450084090232849,-0.6354554295539856,-0.7372201085090637,-1.3010299956639813
-2.2280213832855225,-1.835877776145935,-1.9772324562072754,-3.0
-0.7516381740570068,-0.7560532689094543,-0.7157151699066162,-0.8538719643217619
-0.7997165322303772,-0.6295897364616394,-0.6443235874176025,-0.7695510786217261
-0.7871742248535156,-0.842723548412323,-0.7707454562187195,-0.744727494896694
-0.7257741689682007,-0.7002542614936829,-0.7119066119194031,-0.8356471442155629
-0.7817614674568176,-0.6114582419395447,-0.7469974160194397,-0.8538719643217619
-0.9143093824386597,-0.9579958319664001,-0.835985004901886,-0.8386319977650252
-0.7493038177490234,-0.8279198408126831,-0.7570264339447021,-0.7958800173440752
-0.7716537714004517,-0.7165547013282776,-0.710289478302002,-0.721246399047171
-0.6977440118789673,-0.6848136186599731,-0.6377862691879272,-0.785156151952302
-0.8087345957756042,-0.8305701613426208,-0.8951947093009949,-0.6289321377282637
-0.5930667519569397,-0.5659177303314209,-0.5176408290863037,-0.6575773191777937
-0.3736904561519623,-0.43236908316612244,-0.31433001160621643,-0.5376020021010439
-0.5104413032531738,-0.6749584078788757,-0.978471577167511,-2.0
-0.8911734223365784,-0.8886964917182922,-0.7443827986717224,-0.27572413039921095
-0.6161906123161316,-0.5863000750541687,-0.5107267498970032,-0.8961962790440432
-0.4868010878562927,-0.5950166583061218,-0.41462963819503784,-1.0969100130080565
-0.16230329871177673,-0.2463598996400833,-0.32673779129981995,-0.8860566476931632
0.010497123934328556,-0.08287803828716278,0.04419532045722008,-0.27572413039921095
0.061157409101724625,0.02374458871781826,0.11728531867265701,-0.8239087409443188
0.009295315481722355,0.011393645778298378,0.07925304770469666,-0.8239087409443188
-0.4797380566596985,-0.12216882407665253,-0.3150554299354553,-0.5228787452803376
-0.17994245886802673,-0.19469159841537476,-0.11711552739143372,0.7923916894982539
-0.47967764735221863,-0.46789848804473877,-0.4046313464641571,-1.2218487496163564
-0.09335929900407791,-0.29980161786079407,-0.15636061131954193,-0.6989700043360187
-0.5256520509719849,-0.5347632169723511,-0.3915552496910095,-0.6020599913279624
-0.7404273748397827,-0.8489727973937988,-0.9547127485275269,-1.0705810742857071
-1.0441995859146118,-1.0458985567092896,-1.114213466644287,-0.7931741239681502
-0.07047771662473679,-0.20701302587985992,-0.1712140142917633,0.414973347970818
0.07470960170030594,0.26724323630332947,0.21473772823810577,0.05690485133647255
-0.10691508650779724,-0.23298628628253937,-0.2439914345741272,0.05690485133647255
-0.03830129653215408,0.0826776996254921,0.010889371857047081,0.4471580313422192
0.27323898673057556,0.3247114419937134,0.4893670380115509,0.1553360374650618
0.21992182731628418,0.22292299568653107,0.4242798388004303,0.13353890837021754
0.19967570900917053,0.2739480435848236,0.3275781273841858,-0.031517051446064856
0.007140879053622484,-0.04177248105406761,-0.07310786843299866,0.36921585741014284
0.6483349204063416,0.44148561358451843,0.38105326890945435,0.11058971029924897
-1.4133682250976562,-1.3461124897003174,-1.4902783632278442,-0.7622954418286619
-1.4016188383102417,-1.460209608078003,-1.2721635103225708,-2.3549709352788577
-1.3532567024230957,-1.2984576225280762,-1.3571383953094482,-0.6952639584468989
-1.103629231452942,-1.0640485286712646,-1.0239319801330566,-0.7083292910333987
-1.4226680994033813,-1.4483131170272827,-1.4570088386535645,-1.1246608770454607
-1.253567099571228,-1.3347896337509155,-1.3407336473464966,-1.0413166902732505
-1.1533265113830566,-1.0871987342834473,-1.0471961498260498,-1.032953061714837
-1.4754977226257324,-1.4300373792648315,-1.3383198976516724,-2.374687549038326
-1.5198907852172852,-1.5154389142990112,-1.5454555749893188,-1.4921711039544716
-1.2285667657852173,-1.1295791864395142,-1.1264307498931885,-1.3998005974303367
-1.356341004371643,-1.2992979288101196,-1.5099148750305176,-1.4496982512629177
-1.4471086263656616,-1.620514154434204,-1.3250784873962402,-2.3988094673846665
-1.5690176486968994,-1.4679090976715088,-1.396654486656189,-1.9034723343935602
-1.8049730062484741,-1.6704552173614502,-1.733016848564148,-2.595679532778269
-0.21957576274871826,-0.29162895679473877,-0.29978716373443604,-0.4814860601221125
-0.1099461019039154,0.0038746215868741274,-0.12852893769741058,-0.23657200643706278
0.04739262908697128,-0.0794723853468895,0.026711901649832726,0.021189299069938092
-0.5520816445350647,-0.48281198740005493,-0.5727035999298096,0.2304489213782739
-0.4263976812362671,-0.5460287928581238,-0.36379095911979675,-0.42021640338318983
-0.3957066833972931,-0.3918033540248871,-0.36133691668510437,0.04139268515822507
-0.32311490178108215,-0.35785412788391113,-0.29487118124961853,-0.1549019599857432
-0.14331236481666565,-0.15393365919589996,-0.2697480320930481,-0.22184874961635637
-0.3147585093975067,-0.11577067524194717,-0.1452466994524002,-0.22184874961635637
-0.20028896629810333,-0.27290451526641846,-0.2637783885002136,0.04139268515822507
-0.001351384911686182,-0.08865874260663986,-0.06486953794956207,0.0
-0.062053319066762924,-0.07283522933721542,-0.23533132672309875,0.17609125905568124
0.06577232480049133,0.002648246241733432,0.0341387502849102,0.2304489213782739
-0.007902651093900204,-0.06300478428602219,0.048108894377946854,0.3424226808222063
-0.5385763049125671,-0.6279510855674744,-0.7247516512870789,-1.147867825178142
-0.7754300832748413,-0.7493193745613098,-0.7921697497367859,-1.18861939781828
-0.7689239978790283,-0.8069933652877808,-0.7117787599563599,-1.2887919201413667
-0.7683880925178528,-0.9562892317771912,-0.9403015375137329,-1.3226577190884612
-1.1732498407363892,-1.2592016458511353,-1.2173696756362915,-1.4648831791970478
-1.7028229236602783,-1.8191254138946533,-1.889803171157837,-1.8239087409443189
-1.183539628982544,-1.1898597478866577,-1.2913830280303955,-1.585026652029182
-1.2865078449249268,-1.2960656881332397,-1.3981568813323975,-1.4685210829577449
-1.4258283376693726,-1.367514729499817,-1.4239506721496582,-0.7695510786217261
-1.4387239217758179,-1.2709147930145264,-1.4039947986602783,-0.8860566476931632
-1.1710505485534668,-1.3124089241027832,-1.3831161260604858,-0.958607314841775
-1.735460877418518,-1.7185533046722412,-1.7430249452590942,-1.0705810742857071
-1.2802661657333374,-1.2171485424041748,-1.2706692218780518,-1.154901959985743
-1.5163301229476929,-1.5631701946258545,-1.5867422819137573,-0.9913998282380825
-0.7118728756904602,-0.7495023012161255,-0.7333453297615051,-0.6716203965612623
-0.78767329454422,-0.7345364093780518,-0.7993444800376892,-0.7644715530924511
-0.9823875427246094,-0.922431230545044,-0.9366331100463867,-0.9244530386074693
0.4309912323951721,0.3418351411819458,0.446018248796463,0.6532125137753437
0.5693091750144958,0.6249784231185913,0.5755140781402588,0.38560627359831223
-1.0785470008850098,-1.0929604768753052,-1.1022101640701294,-0.958607314841775
-1.0939692258834839,-1.1980805397033691,-1.1764942407608032,-1.1487416512809248
-1.2361712455749512,-1.2805103063583374,-1.2819222211837769,-1.2628073572952627
-1.1241707801818848,-1.1389796733856201,-1.1042375564575195,-1.0
-0.9486322402954102,-1.0196049213409424,-1.0311163663864136,-0.9208187539523752
-1.0644112825393677,-1.06853187084198,-1.1437894105911255,-1.0736575533743449
-1.0974329710006714,-1.1743247509002686,-1.1302584409713745,-1.2410881076020264
-1.0500258207321167,-1.1089327335357666,-1.0262387990951538,-0.958607314841775
-0.9427365064620972,-0.9137948751449585,-0.958977997303009,-0.9208187539523752
-1.0148004293441772,-0.9740029573440552,-0.9894502758979797,-1.056011124926228
-1.0084601640701294,-1.0059711933135986,-1.1064815521240234,-1.2232988160115892
-0.9992101788520813,-0.9264540076255798,-1.0335304737091064,-0.958607314841775
-0.8384599089622498,-0.9668108820915222,-0.9020083546638489,-0.9208187539523752
-1.0208632946014404,-1.1007499694824219,-0.9934510588645935,-1.0400051616715837
-1.0694313049316406,-1.0756139755249023,-1.040277361869812,-1.2132485778544388
-0.9928087592124939,-0.9172569513320923,-0.9688746333122253,-0.958607314841775
-0.965674102306366,-0.9259114265441895,-1.0354913473129272,-0.3565473235138126
-0.8687041997909546,-0.9105710387229919,-1.0169415473937988,-0.494850021680094
-1.0460938215255737,-0.8887014389038086,-0.9526943564414978,-0.638272163982407
-0.9578121900558472,-0.9630486965179443,-0.9148784279823303,-0.8538719643217619
-1.0675907135009766,-1.0694942474365234,-0.9437323808670044,-1.3010299956639813
-0.36386555433273315,-0.19642169773578644,-0.3249252140522003,0.11394335230683678
-1.276545524597168,-1.1508673429489136,-1.1853753328323364,-1.3010299956639813
-1.120402455329895,-1.0829799175262451,-1.1650828123092651,-1.0969100130080565
-1.1070761680603027,-1.1372278928756714,-0.9863701462745667,-0.8538719643217619
-1.4082831144332886,-1.3352997303009033,-1.3627874851226807,-1.5228787452803376
-0.22501710057258606,-0.1363220363855362,-0.31472277641296387,0.17926446433902532
0.12275714427232742,0.11851595342159271,0.02530975081026554,-0.11294562194904302
0.39205440878868103,0.444172739982605,0.44481149315834045,-0.6635402661514704
-0.757453203201294,-0.7728520631790161,-0.7400200366973877,-0.744727494896694
-0.8922935128211975,-0.7157554626464844,-0.7627798914909363,-0.585026652029182
-0.8799679279327393,-0.7662162184715271,-0.7569009065628052,-0.7695510786217261
-0.7443450093269348,-0.7752962708473206,-0.7980527281761169,-0.6020599913279624
-0.8157777190208435,-0.8683171272277832,-0.9496915936470032,-0.8538719643217619
-0.9013945460319519,-0.8251752257347107,-0.8764070868492126,-0.6777807052660807
-0.8615896105766296,-0.8708148002624512,-0.8129914402961731,-0.8860566476931632
-0.9121048450469971,-0.8137807250022888,-0.9155358672142029,-0.7695510786217261
-0.9511535167694092,-0.9802882671356201,-0.9256851077079773,-0.8209425287452897
-1.0707260370254517,-1.1120136976242065,-1.1744294166564941,-1.186539109459555
-0.9509924054145813,-1.0120042562484741,-0.8964503407478333,-1.0457574905606752
-0.9346063137054443,-0.9220327138900757,-0.9159817099571228,-0.9030899869919435
-0.9023268818855286,-0.9530184268951416,-0.9941394329071045,-0.7668921556946119
-1.045569658279419,-1.0436969995498657,-1.048588752746582,-0.9548687791235029
-0.9670116305351257,-0.9829877614974976,-0.96552574634552,-0.8767594132816814
-1.084937572479248,-1.1265888214111328,-1.1230491399765015,-0.9875888458069761
-0.8043034076690674,-0.8660169839859009,-0.8791374564170837,-0.8079904073463299
-0.9140986204147339,-0.8322046995162964,-0.9483450651168823,-0.7311553558532908
-0.8288141489028931,-0.8843238353729248,-0.8193389773368835,-0.7356639445104669
-0.9525212645530701,-0.902977466583252,-0.8953786492347717,-0.8788736818071115
-0.8353814482688904,-0.8555916547775269,-0.9564254879951477,-0.7535900597763822
-0.9288344383239746,-0.9741374254226685,-1.0722402334213257,-0.8407216304182816
-0.7860265970230103,-0.7679707407951355,-0.7736519575119019,-0.7244583115986905
-0.7229729294776917,-0.7640389204025269,-0.7573132514953613,-0.6353008257633614
-0.7576050162315369,-0.6937693953514099,-0.8539057970046997,-0.7195559448150182
-0.7632973790168762,-0.8704543113708496,-0.9972696900367737,-0.7986738981943117
-0.6318534016609192,-0.5770478248596191,-0.6516204476356506,-0.6989700043360187
-0.6142845749855042,-0.6496050357818604,-0.7134872674942017,-0.6087931025529644
-0.3678445816040039,-0.5067775249481201,-0.3639586567878723,-0.49894073778224846
-0.42874404788017273,-0.3774017095565796,-0.35470137000083923,-0.38827669199265824
-0.33382749557495117,-0.4032725691795349,-0.35087475180625916,-0.36957212497497616
-0.3637246787548065,-0.4387497901916504,-0.414659708738327,-0.35066514128785814
-0.448371559381485,-0.43113943934440613,-0.403513103723526,-0.25414480482627105
-0.6993720531463623,-0.6029924154281616,-0.671210527420044,-0.906578314837765
-0.7646353840827942,-0.811840832233429,-0.8366461396217346,-0.6439741428068773
-0.7777853012084961,-0.788911759853363,-0.8217443823814392,-0.7258421507363202
-0.7453680038452148,-0.774169921875,-0.753821611404419,-0.6777807052660807
-0.6689120531082153,-0.7240258455276489,-0.8058826327323914,-0.744727494896694
-0.596206545829773,-0.6110520958900452,-0.7022011280059814,-0.7798919119599449
-1.098608374595642,-1.0723533630371094,-1.0554012060165405,-0.8153085691824012
-0.9504610300064087,-0.9448910355567932,-0.9803237318992615,-0.8860566476931632
-0.8385293483734131,-0.9422937631607056,-0.8454883694648743,-0.9100948885606021
-0.628910481929779,-0.622474730014801,-0.6273854970932007,-0.8386319977650252
-0.7416560053825378,-0.7944238781929016,-0.8059484958648682,-0.6478174818886375
-0.8400911688804626,-0.8456858396530151,-0.8025333881378174,-0.7328282715969863
-0.6886614561080933,-0.7067386507987976,-0.7358424663543701,-0.6777807052660807
-0.6320360898971558,-0.7132274508476257,-0.7581785917282104,-0.744727494896694
-0.6020143628120422,-0.6607224941253662,-0.605961799621582,-0.785156151952302
-1.0581501722335815,-1.061941146850586,-0.9687126278877258,-0.826813731587726
-0.9467641115188599,-0.9631673693656921,-0.9599055051803589,-0.8860566476931632
-0.9323184490203857,-0.868449866771698,-0.9492660164833069,-0.9172146296835499
-0.838889479637146,-0.8476590514183044,-0.8266855478286743,-0.707743928643524
-0.8494855165481567,-0.7856119275093079,-0.82108473777771,-0.8446639625349383
-0.7270362377166748,-0.7651050686836243,-0.7688387036323547,-0.744727494896694
-0.7621667981147766,-0.7750927209854126,-0.7866142988204956,-0.8538719643217619
-0.7256683707237244,-0.6252444386482239,-0.6889704465866089,-0.7644715530924511
-0.7105581164360046,-0.6742832064628601,-0.662507951259613,-0.8996294548824371
-1.0537850856781006,-1.058313012123108,-1.0693670511245728,-0.9469215565165803
-1.0499260425567627,-1.0598547458648682,-1.075549602508545,-1.0457574905606752
-0.9149125218391418,-0.9696969985961914,-0.8756633996963501,-1.1135092748275182
-0.8747045993804932,-0.8599914908409119,-0.8611567616462708,-0.790484985457369
-0.8082551956176758,-0.8619661927223206,-0.8438596129417419,-0.9706162223147904
-0.836327314376831,-0.8461711406707764,-0.8784908652305603,-0.8239087409443188
-0.7229838371276855,-0.769533634185791,-0.7259249091148376,-0.9208187539523752
-0.6983312964439392,-0.722739040851593,-0.7589703798294067,-0.978810700930062
-1.179800271987915,-1.1260476112365723,-1.0931476354599,-1.0409586076789064
-1.0119644403457642,-1.0686368942260742,-1.07866370677948,-1.0969100130080565
-0.7048867344856262,-0.7359127998352051,-0.7245252728462219,-0.692503962086787
-0.9119152426719666,-0.9720936417579651,-0.8903473019599915,-1.1739251972991736
-0.9099462628364563,-0.8591633439064026,-0.9341162443161011,-0.8096683018297085
-0.9421670436859131,-0.9003607034683228,-0.8809152841567993,-0.7495799976911061
-0.7735015749931335,-0.738321840763092,-0.6977169513702393,-0.7328282715969863
-1.1693187952041626,-1.2060860395431519,-1.1083984375,-1.0861861476162833
-1.1778053045272827,-1.1153109073638916,-1.1143043041229248,-1.0555173278498313
-1.0771843194961548,-1.076283574104309,-1.0176711082458496,-1.0268721464003012
-0.9424446225166321,-0.9958227872848511,-0.9204332232475281,-1.013228265733755
-0.7907117605209351,-0.8430858254432678,-0.8039267659187317,-1.0
-0.8695939183235168,-0.8191708922386169,-0.896075427532196,-0.8538719643217619
-0.9308581948280334,-0.9063652157783508,-0.889911949634552,-0.8239087409443188
-1.1626430749893188,-1.1370673179626465,-1.152490496635437,-1.154901959985743
-0.6149301528930664,-0.7725813388824463,-0.6536964178085327,-0.7958800173440752
-1.113777756690979,-1.07433021068573,-1.1108567714691162,-1.154901959985743
-0.9808497428894043,-1.0642931461334229,-1.0529539585113525,-1.0969100130080565
-0.9941658973693848,-0.8796101808547974,-0.9421055316925049,-1.0969100130080565
-0.9019913673400879,-0.8563703298568726,-0.8665925860404968,-1.0457574905606752
-1.0483698844909668,-1.0438172817230225,-1.0085011720657349,-0.8356471442155629
-1.0121411085128784,-1.041088581085205,-1.01871657371521,-1.0087739243075051
-0.9745969772338867,-1.0585640668869019,-0.938926637172699,-0.8538719643217619
-0.9704657793045044,-0.979453980922699,-0.9274597764015198,-1.0457574905606752
-0.9079643487930298,-0.8871784210205078,-0.7832516431808472,-1.0861861476162833
-1.2794971466064453,-1.2476918697357178,-1.2524099349975586,-1.1249387366083
-1.2202377319335938,-1.2150046825408936,-1.2317724227905273,-1.2218487496163564
-1.173592448234558,-1.0616778135299683,-1.1353436708450317,-1.2839966563652008
-0.8573035001754761,-0.8488004803657532,-0.8581914901733398,-0.6903698325741012
-1.061282753944397,-0.9142992496490479,-0.9814242124557495,-0.9208187539523752
-0.9671367406845093,-1.0231086015701294,-0.9326243996620178,-0.8632794328435931
-1.2956883907318115,-1.2158998250961304,-1.2754193544387817,-1.3187587626244128
-0.8485859632492065,-0.7846806645393372,-0.7855350375175476,-0.826813731587726
-1.2828060388565063,-1.2584481239318848,-1.2018134593963623,-1.275724130399211
-1.1621917486190796,-1.1200926303863525,-1.1993499994277954,-1.214670164989233
-1.0333746671676636,-1.0806058645248413,-0.9750128984451294,-1.1611509092627446
-1.0089142322540283,-0.9893519878387451,-0.9819118976593018,-1.1307682802690238
-1.876537561416626,-1.9320875406265259,-1.8218638896942139,-2.0
-1.6777143478393555,-1.6471779346466064,-1.4983810186386108,-2.0
-1.8410592079162598,-1.7427984476089478,-1.845673680305481,-1.5228787452803376
-2.071364402770996,-2.0500376224517822,-2.210430383682251,-1.585026652029182
-1.8129932880401611,-1.8273268938064575,-1.24761164188385,-1.8860566476931633
-1.6445424556732178,-1.5413187742233276,-1.2995398044586182,-2.154901959985743
-2.6245956420898438,-2.4077889919281006,-2.3250155448913574,-0.6777807052660807
-0.4066018760204315,-0.36022892594337463,-0.8405271768569946,-1.3979400086720375
-0.43410494923591614,-0.20601975917816162,-0.6278328895568848,-0.8860566476931632
-1.0422570705413818,-1.0769543647766113,-1.0973933935165405,-0.7024583321818402
-1.1688165664672852,-1.131837010383606,-1.0763752460479736,-0.7695510786217261
-1.081376075744629,-1.1525988578796387,-1.0909875631332397,-1.0486624812040823
-1.1908427476882935,-1.2017961740493774,-1.1935300827026367,-1.2814983111327258
-1.07611882686615,-1.0970052480697632,-1.0277867317199707,-2.065501548756432
-1.0326215028762817,-1.07109797000885,-0.9973578453063965,-1.8860566476931633
-1.453466773033142,-1.3800899982452393,-1.2189220190048218,-1.4225082001627747
-0.20137347280979156,-0.2634102404117584,-0.18174079060554504,0.021189299069938092
-0.09541045874357224,-0.07611940801143646,-0.1343473494052887,0.13353890837021754
-0.09659251570701599,-0.05712928622961044,-0.12301599234342575,0.15228834438305647
-0.16275253891944885,-0.2385426014661789,-0.2002944052219391,-0.07572071393811836
-0.17872878909111023,-0.15714724361896515,-0.18935897946357727,0.03742649794062367
-0.049100734293460846,0.006999497767537832,-0.07153311371803284,0.19865708695442263
0.005521085113286972,0.008647489361464977,-0.04246911406517029,0.2576785748691845
0.00412591639906168,0.1323624700307846,0.03514290973544121,0.2787536009528289
0.33623287081718445,0.2642080783843994,0.2303822785615921,0.3979400086720376
-0.5651360750198364,-0.32799383997917175,-0.4545568823814392,-1.0969100130080565
-0.772564709186554,-0.7096447348594666,-0.7765520811080933,-1.4559319556497243
-0.6696299314498901,-0.7462180256843567,-0.8173683881759644,-1.337242168318426
-0.5297085642814636,-0.6656477451324463,-0.7729877233505249,-1.2218487496163564
-1.4813028573989868,-1.5411624908447266,-1.6459954977035522,-1.1426675035687315
-0.6980056762695312,-0.8253735899925232,-0.7435279488563538,-0.7818848136954515
-0.9695364236831665,-0.8426012992858887,-0.800178587436676,-0.8142879001299939
-1.0278512239456177,-0.9166994690895081,-0.7454223036766052,-0.8766711330736523
-0.6685776114463806,-0.6626384854316711,-0.8076703548431396,-0.9071390566611826
-0.5296803712844849,-0.45129790902137756,-0.6181963682174683,-0.0735546521816107
-0.688620388507843,-0.8793812990188599,-0.7883468270301819,-1.065299598284575
-0.4506276249885559,-0.48300543427467346,-0.566916286945343,-0.3699791488865901
-0.7237078547477722,-0.8968494534492493,-0.7313530445098877,-1.3182162335321188
-0.6839098334312439,-0.5494958162307739,-0.6847211122512817,-0.4659738939438649
-0.664616048336029,-0.3979341983795166,-0.5913950204849243,-0.47873112440161475
-0.6950312852859497,-0.5455883145332336,-0.6338080167770386,-0.6307841425898572
-0.6577926278114319,-0.5249678492546082,-0.5762062668800354,-1.0457574905606752
-1.1691396236419678,-1.0199609994888306,-1.0396145582199097,0.29587484521737917
-0.8091022372245789,-0.8500487208366394,-1.0152322053909302,-1.3867926478962402
-1.8607665300369263,-1.9945117235183716,-2.112436294555664,-2.0
-1.6819770336151123,-1.6183120012283325,-1.6930164098739624,-2.0
-1.5902721881866455,-1.5491732358932495,-1.6199581623077393,-1.5228787452803376
-1.2956870794296265,-1.3169642686843872,-1.4925318956375122,-1.3010299956639813
0.4849485754966736,0.5375393629074097,0.546341061592102,0.515873843711679
-0.20419618487358093,-0.20832128822803497,-0.11397913098335266,-0.494850021680094
-0.1275654435157776,-0.18094217777252197,-0.17769204080104828,-0.46852108295774486
-0.21273352205753326,-0.32649439573287964,-0.3351864814758301,-0.06550154875643228
-0.14948725700378418,-0.21598343551158905,-0.10741159319877625,-0.10237290870955855
-0.1502372920513153,-0.21345259249210358,-0.2949374318122864,0.08278537031645007
-0.3972230553627014,-0.5076088309288025,-0.4976387023925781,-0.22184874961635637
-0.7026631236076355,-0.6044182777404785,-0.5058464407920837,-0.22914798835785583
-0.2854020297527313,0.03175919130444527,-0.04894452169537544,-0.07058107428570727
-0.010411355644464493,-0.03468949720263481,-0.14201806485652924,-1.154901959985743
0.11063852906227112,-0.07168792188167572,-0.07148531079292297,-1.207608310501746
-0.10315727442502975,-0.13457746803760529,-0.0882771760225296,-0.22184874961635637
0.5037783980369568,0.5624627470970154,0.41199371218681335,0.17609125905568124
-0.07467344403266907,-0.193222776055336,-0.034529417753219604,-0.045757490560675115
-0.06665250658988953,-0.03943509981036186,-0.12598630785942078,0.04139268515822507
-0.18561795353889465,-0.0802469402551651,-0.17427019774913788,-0.09691001300805639
-0.15163590013980865,-0.20086640119552612,-0.23756049573421478,-0.045757490560675115
-0.12083122879266739,-0.0593598373234272,-0.05351630970835686,0.06069784035361165
-0.1594811975955963,-0.2686525583267212,-0.2635543644428253,-0.045757490560675115
-0.12518969178199768,-0.030822288244962692,-0.09640225768089294,-0.022276394711152253
-1.5933101177215576,-1.7905842065811157,-1.6598730087280273,-1.8239087409443189
-1.59097158908844,-1.8016455173492432,-1.6704000234603882,-1.744727494896694
-1.7665338516235352,-1.7721905708312988,-1.7948423624038696,-1.7212463990471711
-2.017976999282837,-2.028937578201294,-2.130095958709717,-2.0
-2.087918519973755,-2.0597457885742188,-2.104508399963379,-2.0
-2.055704355239868,-2.097693681716919,-2.0401759147644043,-2.0
-0.4732145369052887,-0.4005335569381714,-0.3963485658168793,-0.3979400086720376
-0.1063590943813324,-0.09407535940408707,-0.1345493644475937,-0.1549019599857432
-0.009059319272637367,0.07378490269184113,0.08784427493810654,0.07918124604762482
0.16061358153820038,0.08056154102087021,0.09099128842353821,0.17609125905568124
-0.082964688539505,-0.11283509433269501,-0.1661326140165329,-0.3979400086720376
-0.10109415650367737,-0.07242993265390396,-0.05282476544380188,0.0
0.13459894061088562,0.16554628312587738,0.1189517229795456,0.3010299956639812
0.18515673279762268,0.26914286613464355,0.34566962718963623,0.47712125471966244
0.02045159600675106,0.08735628426074982,-0.02945754863321781,-0.3467874862246563
0.14644679427146912,0.12453243881464005,0.02537064254283905,0.146128035678238
0.291871041059494,0.29740095138549805,0.34766730666160583,0.4471580313422192
0.3808407485485077,0.38987377285957336,0.4516015946865082,0.5797835966168101
0.22215762734413147,0.19410671293735504,0.11895514279603958,-0.3010299956639812
0.18375399708747864,0.26246869564056396,0.21315787732601166,0.3010299956639812
0.5682581067085266,0.5028722882270813,0.526479184627533,0.7403626894942439
0.3820136487483978,0.49772635102272034,0.4921679198741913,0.4913616938342727
0.7017240524291992,0.7094877362251282,0.7783897519111633,0.8344207036815325
-0.2042083442211151,-0.27582409977912903,-0.24025408923625946,0.2600713879850748
0.15559403598308563,-0.021440977230668068,-0.032173171639442444,0.25527250510330607
0.7973113059997559,0.7517553567886353,0.6911112666130066,0.9916690073799486
-0.1558075249195099,-0.08806582540273666,-0.46141326427459717,0.25527250510330607
-0.33353695273399353,-0.4129893183708191,-0.3608822822570801,-0.5100415205751654
-0.42139512300491333,-0.5210822820663452,-0.5099747776985168,-0.5436339668709571
-0.5784757733345032,-0.5488554835319519,-0.6280752420425415,-0.5833594926617189
-0.4605698883533478,-0.44327476620674133,-0.556617021560669,-0.6073030467403343
-0.34332677721977234,-0.3639276623725891,-0.4490191340446472,-0.5512936800949201
-0.488091379404068,-0.5525503158569336,-0.5342950820922852,-0.5767541260631921
-0.5771695375442505,-0.60682213306427,-0.5093808174133301,-0.6038006529042637
-0.47611457109451294,-0.4748646020889282,-0.44168367981910706,-0.6345120151091003
-0.4500598609447479,-0.4666133224964142,-0.44075462222099304,-0.5734887386354247
-0.5850101709365845,-0.5949963927268982,-0.6133208870887756,-0.5985994592184558
-0.6167134642601013,-0.6201006770133972,-0.5188397765159607,-0.6289321377282637
-0.5463517904281616,-0.5930570363998413,-0.6324559450149536,-0.6716203965612623
-0.43063750863075256,-0.5434906482696533,-0.34936752915382385,-0.6497519816658371
-0.5921589136123657,-0.563793420791626,-0.6494759917259216,-0.6968039425795111
-0.658098042011261,-0.6163503527641296,-0.7090591192245483,-0.7328282715969863
-0.5562834143638611,-0.5729771256446838,-0.6130309104919434,-0.7878123955960422
-0.5729784369468689,-0.6109068989753723,-0.5080203413963318,-0.6716203965612623
-0.6743535399436951,-0.6955026388168335,-0.6012763977050781,-0.7772835288524167
-0.752488911151886,-0.8439319133758545,-0.6989278197288513,-0.8477116556169436
-0.5861399173736572,-0.738355278968811,-0.6570140719413757,-0.8927900303521317
-0.4330049157142639,-0.473258912563324,-0.4696403443813324,-0.5214335044061567
-0.5716152787208557,-0.6473466753959656,-0.6353487372398376,-0.6179829574251317
-0.7026094198226929,-0.6036262512207031,-0.6826962232589722,-0.7099653886374819
-0.5230786204338074,-0.5550846457481384,-0.5193819403648376,-0.826813731587726
-0.2557704448699951,-0.3910764157772064,-0.4011630713939667,-0.34008379993014975
-0.5193867087364197,-0.48564302921295166,-0.44309893250465393,-0.4854522473397139
-0.5856999158859253,-0.49181893467903137,-0.5285974144935608,-0.5654310959658013
-0.36291149258613586,-0.42721354961395264,-0.4711446166038513,-0.638272163982407
-0.31274324655532837,-0.2619223892688751,-0.33416154980659485,-0.6989700043360187
-0.16564038395881653,-0.21789227426052094,-0.13004903495311737,-0.1549019599857432
0.033244017511606216,0.058252815157175064,0.005236228462308645,0.22788670461367355
0.13066546618938446,0.05832720920443535,0.03488251194357872,0.3010299956639812
-0.025215813890099525,-0.027769261971116066,-0.08414068818092346,-0.045757490560675115
0.15992441773414612,0.1813347488641739,0.12402638792991638,0.3979400086720376
-0.004542763810604811,4.433412686921656e-05,0.039426952600479126,-0.1549019599857432
0.14534252882003784,0.13542519509792328,0.07908084988594055,0.2304489213782739
0.32000240683555603,0.33966517448425293,0.37006309628486633,0.38021124171160603
0.34825509786605835,0.33046984672546387,0.3642508089542389,0.0
0.44142812490463257,0.4043785035610199,0.5136298537254333,0.38021124171160603
0.33681994676589966,0.32918861508369446,0.14489082992076874,0.3424226808222063
-0.12163254618644714,-0.177712544798851,-0.17807073891162872,0.25527250510330607
-0.49775877594947815,-0.45882874727249146,-0.47485509514808655,-0.5228787452803376
-0.26686912775039673,-0.2878975570201874,-0.3480008840560913,-0.3979400086720376
0.017545286566019058,-0.03743403032422066,-0.016828253865242004,-0.22184874961635637
0.13323239982128143,0.14718063175678253,0.1399994194507599,0.07918124604762482
0.022233393043279648,-0.007025289814919233,0.008424785919487476,0.11394335230683678
0.11273464560508728,0.1517130732536316,0.11948220431804657,0.38021124171160603
0.22686037421226501,0.281372994184494,0.11914800107479095,0.04921802267018165
0.26345494389533997,0.20127277076244354,0.2195635586977005,0.15228834438305647
-0.16840215027332306,-0.08199508488178253,-0.15979613363742828,0.03742649794062367
-0.08326635509729385,-0.09194623678922653,0.03161921724677086,0.1553360374650618
0.20207974314689636,0.13161474466323853,0.2516736686229706,0.250420002308894
-1.2311384677886963,-1.4552333354949951,-1.3115761280059814,-1.0969100130080565
-1.7674050331115723,-1.483228087425232,-1.792270302772522,-0.958607314841775
-1.49822199344635,-1.6669199466705322,-1.5961408615112305,-0.8239087409443188
-1.1465396881103516,-1.2238646745681763,-1.0929476022720337,-1.6777807052660807
-1.136393666267395,-1.2294297218322754,-1.1894384622573853,-1.5895095799965522
-1.343468427658081,-1.3590401411056519,-1.4052319526672363,-1.712198270069774
-1.732648491859436,-1.7390573024749756,-1.8179969787597656,-1.7351821769904636
-1.3742605447769165,-1.3202214241027832,-1.2540290355682373,-1.4710832997223453
-1.420715093612671,-1.5045686960220337,-1.5669488906860352,-1.61738868710651
-1.3636362552642822,-1.4240152835845947,-1.428748607635498,-1.2817724266448587
-1.3412717580795288,-1.4182769060134888,-1.3523271083831787,-1.7137007490571712
-1.8835608959197998,-1.7887609004974365,-1.8700683116912842,-1.752837190960669
-1.6011416912078857,-1.6619874238967896,-1.6162869930267334,-1.630784142589857
-2.0049257278442383,-2.117832660675049,-2.128743886947632,-1.8707291398786847
-1.9455735683441162,-1.9630552530288696,-1.9835538864135742,-1.7958800173440752
-0.8950305581092834,-0.8971672058105469,-0.8727890253067017,-1.207608310501746
-1.0433359146118164,-1.076996088027954,-1.0271799564361572,-1.154901959985743
-0.9984269738197327,-0.9284605383872986,-0.9175969362258911,-1.136677139879544
-1.052642822265625,-0.998871386051178,-1.0139763355255127,-1.193820026016113
-1.049888253211975,-0.9818344712257385,-0.9819830656051636,-1.2218487496163564
-0.5806276798248291,-0.5048182606697083,-0.5253423452377319,-0.4145392704914993
-0.6455742716789246,-0.6483334898948669,-0.6493263840675354,-0.5559552040819238
-0.598259449005127,-0.588045060634613,-0.5949442386627197,-0.6161846340195687
-0.7099725604057312,-0.6442055702209473,-0.5865199565887451,-0.6655462488490691
-0.6324973106384277,-0.6217845678329468,-0.587611973285675,-0.7011469235902933
-1.3068677186965942,-1.1149702072143555,-1.2068681716918945,-1.1135092748275182
-1.182160496711731,-1.2011561393737793,-1.2497425079345703,-1.0555173278498313
-1.2323098182678223,-1.170820713043213,-1.1802523136138916,-1.0861861476162833
-1.0793366432189941,-1.0327249765396118,-1.110234260559082,-1.3467874862246563
-1.1491987705230713,-1.172303557395935,-1.164710521697998,-1.275724130399211
-1.2620439529418945,-1.5143698453903198,-1.4216643571853638,-0.721246399047171
-1.1205546855926514,-1.1182007789611816,-1.1343573331832886,-1.2218487496163564
-1.2401463985443115,-1.3267852067947388,-1.2547775506973267,-1.3010299956639813
-1.6309763193130493,-1.7861300706863403,-1.661596417427063,-2.0969100130080562
-0.8519509434700012,-0.8214401006698608,-0.8695932030677795,-0.721246399047171
-1.5094716548919678,-1.5282336473464966,-1.4157565832138062,-1.2839966563652008
-0.9846466779708862,-1.0378732681274414,-1.0010653734207153,-0.8239087409443188
-1.091524600982666,-1.1767804622650146,-1.2199265956878662,-0.958607314841775
-0.48734572529792786,-0.4579722583293915,-0.5744895935058594,-0.21467016498923297
-0.7248694896697998,-0.8349135518074036,-0.7861127257347107,-0.4559319556497244
-0.8022741079330444,-0.9052937030792236,-0.8095716834068298,-0.8538719643217619
-0.8478710055351257,-0.6787991523742676,-0.636307954788208,-0.6777807052660807
-0.41234850883483887,-0.38315442204475403,-0.4677256941795349,-0.46852108295774486
-0.3525847792625427,-0.2727573812007904,-0.3721087574958801,-0.24412514432750865
-1.050255537033081,-1.1124733686447144,-1.2693132162094116,-0.6777807052660807
-1.092563509941101,-1.2851336002349854,-1.2854055166244507,-0.5228787452803376
-0.15550561249256134,-0.09513413161039352,-0.07409492135047913,0.5563025007672873
-0.0658172070980072,-0.1921996921300888,-0.16337113082408905,0.3424226808222063
-0.17731072008609772,-0.11508729308843613,-0.06741761416196823,0.07918124604762482
-0.06305530667304993,-0.20617233216762543,-0.12444739788770676,-0.3010299956639812
-0.32795751094818115,-0.2239600419998169,-0.20374760031700134,-0.6989700043360187
-0.5990908741950989,-0.40931791067123413,-0.4163029193878174,-0.8239087409443188
-0.31961342692375183,-0.35378292202949524,-0.37895268201828003,0.4129642719966628
-0.4491254985332489,-0.4757439196109772,-0.5498920679092407,-0.28567024025476695
-0.39631330966949463,-0.36957457661628723,-0.41203340888023376,0.34791518650169134
-0.4876738488674164,-0.5281128287315369,-0.6060908436775208,-0.5157001606532141
-0.4855366349220276,-0.4325130879878998,-0.45641258358955383,0.16316137497701835
-0.4919810891151428,-0.4940372407436371,-0.6210325360298157,-0.7594507517174003
-0.7329739928245544,-0.7293042540550232,-0.6517113447189331,-0.640164517660112
-0.5216025114059448,-0.5125824213027954,-0.6027311086654663,-0.14146280243036088
-0.6936688423156738,-0.7142260670661926,-0.5478612184524536,-1.0222763947111522
-0.6959139108657837,-0.6637563109397888,-0.6911321878433228,-0.575118363368933
-0.5946634411811829,-0.5225501656532288,-0.46350184082984924,-0.5606673061697374
-0.46373698115348816,-0.4604354202747345,-0.36564886569976807,-0.5272435506827877
-0.7467911839485168,-0.6049442291259766,-0.7413533926010132,-0.6635402661514704
-0.8531489372253418,-0.8612574338912964,-1.0049949884414673,-1.3098039199714864
-0.8255172371864319,-0.7728757262229919,-1.243583083152771,-0.8239087409443188
-0.7908141016960144,-0.790754497051239,-1.235485315322876,-0.4814860601221125
-0.6100692749023438,-0.6454282402992249,-1.178554654121399,-0.744727494896694
-1.0760688781738281,-1.063339114189148,-1.0602093935012817,-0.8239087409443188
-1.0620083808898926,-1.0114353895187378,-1.1327784061431885,-1.0969100130080565
-1.0851143598556519,-0.8729921579360962,-1.0213879346847534,-1.3010299956639813
-1.2305467128753662,-1.2529675960540771,-1.194051742553711,-1.2218487496163564
-0.40942031145095825,-0.48541298508644104,-0.39183926582336426,-0.2006594505464183
-0.3541408181190491,-0.4783956706523895,-0.4782584607601166,-0.3979400086720376
-0.4803469479084015,-0.47602012753486633,-0.5558392405509949,-0.42021640338318983
-0.5668913125991821,-0.5553615093231201,-0.6016061305999756,-0.6777807052660807
-1.0883370637893677,-1.0684829950332642,-1.1606935262680054,-1.0457574905606752
-1.1480205059051514,-1.18470299243927,-1.1186460256576538,-1.154901959985743
-1.2232720851898193,-1.1897116899490356,-1.193881869316101,-1.2218487496163564
-1.2876704931259155,-1.2673118114471436,-1.2896219491958618,-1.3010299956639813
-1.2713584899902344,-1.2800204753875732,-1.3294682502746582,-1.3010299956639813
-0.8067434430122375,-0.8063077330589294,-0.8931283354759216,-0.6989700043360187
-0.9270719885826111,-0.9651720523834229,-0.9626689553260803,-0.8239087409443188
-1.0808571577072144,-0.9567708969116211,-0.9123822450637817,-0.9208187539523752
-1.059148907661438,-1.0490635633468628,-1.1241729259490967,-0.958607314841775
-1.0523362159729004,-1.0483551025390625,-0.9324639439582825,-1.0
-0.511560320854187,-0.6374755501747131,-0.6133360266685486,-0.6575773191777937
-0.6034554243087769,-0.6606728434562683,-0.6383076906204224,-0.6777807052660807
-0.6607895493507385,-0.7305213809013367,-0.8155471682548523,-0.6989700043360187
-0.8615266680717468,-0.8303712010383606,-0.8429969549179077,-0.7695510786217261
-0.8403699398040771,-0.7138787508010864,-0.8317458629608154,-0.6989700043360187
0.012654772028326988,-0.061175741255283356,0.00897819735109806,0.07918124604762482
-0.148172527551651,-0.001309382962062955,-0.11056750267744064,0.0
-0.15072837471961975,-0.16575928032398224,-0.18932537734508514,-0.10790539730951959
-0.13136807084083557,-0.18035906553268433,-0.23815813660621643,-0.17392519729917352
-0.1707175076007843,-0.11860672384500504,-0.03886784613132477,-0.3010299956639812
-0.36540189385414124,-0.45856496691703796,-0.40428271889686584,-0.3467874862246563
-0.39992809295654297,-0.3840624988079071,-0.4128425419330597,-0.2596373105057561
-0.6625502705574036,-0.4546654224395752,-0.6610435843467712,-1.0457574905606752
-0.46520566940307617,-0.3489198386669159,-0.542838990688324,-0.4559319556497244
-0.5330257415771484,-0.6354570984840393,-0.7588930726051331,-1.0
-0.8234415650367737,-0.6400041580200195,-0.6377849578857422,-1.3010299956639813
-0.38718611001968384,-0.4881128966808319,-0.40718263387680054,0.04139268515822507
-0.37119168043136597,-0.4550686776638031,-0.41912704706192017,-0.09691001300805639
-0.38719210028648376,-0.38732919096946716,-0.35054704546928406,-0.22184874961635637
-0.34430134296417236,-0.37302491068840027,-0.5071017742156982,-0.2596373105057561
-0.4475463032722473,-0.39959704875946045,-0.38710424304008484,-0.44369749923271273
-0.4022527039051056,-0.36193615198135376,-0.449996680021286,-0.619788758288394
-0.7885382175445557,-0.8197314739227295,-0.8486343622207642,-1.0
-0.6106035113334656,-0.7344022393226624,-0.6762886047363281,-0.7695510786217261
-0.5548986792564392,-0.48309677839279175,-0.4725664556026459,-0.6989700043360187
-0.27172955870628357,-0.3946307301521301,-0.30378401279449463,-0.3979400086720376
-0.1516173630952835,-0.13063056766986847,-0.1177344024181366,-0.1549019599857432
0.16339468955993652,0.06123490259051323,0.09735754132270813,0.07918124604762482
0.298936665058136,0.335184782743454,0.20310281217098236,0.3010299956639812
-0.8602170348167419,-0.892954409122467,-0.8946011066436768,-0.7695510786217261
-3.0239415168762207,-3.0724737644195557,-3.1811304092407227,-2.8404328067663798
-3.4757444858551025,-3.4475624561309814,-3.3240623474121094,-3.492144128304169
-2.9382128715515137,-3.0683083534240723,-3.07666277885437,-2.8239087409443187
-3.4371352195739746,-3.5580501556396484,-3.252182960510254,-3.583359492661719
-3.0411808490753174,-3.007789134979248,-3.2498369216918945,-2.8079904073463298
-3.5583298206329346,-3.5534768104553223,-3.5093178749084473,-3.632644078973981
-3.0746476650238037,-3.075028896331787,-3.2194366455078125,-2.7780644001719947
-3.458739757537842,-3.4633591175079346,-3.52717924118042,-3.7772835288524167
-3.1040337085723877,-3.088160514831543,-3.040487289428711,-2.8404328067663798
-3.565180540084839,-3.434326171875,-3.363307476043701,-3.8416375079047502
-2.9531660079956055,-3.0139262676239014,-3.038578987121582,-2.9542859410591324
-3.4942145347595215,-3.426670551300049,-3.5147953033447266,-3.9546770212133424
-3.1105198860168457,-3.254934787750244,-3.3717308044433594,-3.109020403010311
-3.537734031677246,-3.519010543823242,-3.4563052654266357,-3.9746941347352296
-3.2528324127197266,-3.2486047744750977,-3.487464427947998,-3.3010299956639813
-0.5757655501365662,-0.5415775179862976,-0.7489631175994873,-0.8239087409443188
-0.39549049735069275,-0.5226632356643677,-0.6686663031578064,-0.8538719643217619
-0.275552898645401,-0.3855911195278168,-0.2860409617424011,-0.7695510786217261
-0.32434311509132385,-0.4671984910964966,-0.4066224694252014,-0.3187587626244128
-0.4454265236854553,-0.30990085005760193,-0.32460877299308777,-0.2676062401770315
-0.30835527181625366,-0.36258119344711304,-0.2460245043039322,-0.3098039199714863
-0.6909937858581543,-0.6078242659568787,-0.6253998875617981,0.01703333929878037
-1.084417700767517,-1.0232435464859009,-1.0204131603240967,-0.7695510786217261
-0.5615987777709961,-0.701211154460907,-0.5271068811416626,-1.744727494896694
-1.3048650026321411,-1.3118247985839844,-1.2469737529754639,-1.154901959985743
-0.20344211161136627,-0.3066056966781616,-0.3302139639854431,0.16405529189345164
-0.36641448736190796,-0.3029384911060333,-0.27658388018608093,0.027349607774756507
-1.088287115097046,-1.0313440561294556,-0.9924334287643433,-0.721246399047171
-1.151458740234375,-1.2398971319198608,-1.3301359415054321,-1.6989700043360187
-2.5541343688964844,-2.4366698265075684,-2.6817259788513184,-0.0809219076239261
0.27606019377708435,0.2794039249420166,0.15952588617801666,0.5797835966168101
0.16663306951522827,0.18634694814682007,0.12241461873054504,0.38021124171160603
0.21428024768829346,0.10574154555797577,0.08323533087968826,0.146128035678238
0.039455655962228775,0.1610136181116104,0.1319112628698349,-0.5228787452803376
-0.0910356342792511,-0.1483834832906723,-0.09734943509101868,-1.0
-0.7659724950790405,-0.24782799184322357,-0.5458596348762512,-0.3565473235138126
-0.756637692451477,-0.6943309903144836,-0.732087254524231,-0.8239087409443188
-0.5814735293388367,-0.600084125995636,-0.6018352508544922,-0.744727494896694
-0.6935408115386963,-0.7203125357627869,-0.8264622688293457,0.25527250510330607
-0.564812421798706,-0.7567458152770996,-0.6192631721496582,0.3222192947339193
-0.6587142944335938,-0.6756399869918823,-0.5163402557373047,0.20411998265592482
-0.6424675583839417,-0.736614465713501,-0.8228095769882202,0.04139268515822507
-0.39177820086479187,-0.6122570037841797,-0.643491268157959,-0.045757490560675115
-0.4438602924346924,-0.5070391893386841,-0.600581705570221,-0.6989700043360187
-0.304247111082077,-0.27174606919288635,-0.2434951215982437,-0.6575773191777937
-0.33214640617370605,-0.14541281759738922,-0.22372271120548248,-0.595166283380062
-1.3580015897750854,-1.3269803524017334,-0.751511812210083,-1.3979400086720375
-1.3722819089889526,-0.6714705228805542,-0.7962221503257751,-1.6989700043360187
-1.1854422092437744,-0.919955849647522,-0.7057414650917053,-1.5528419686577808
-1.0870475769042969,-1.0720138549804688,-1.0928361415863037,-1.4559319556497243
-0.646092414855957,-0.6629356145858765,-0.6773977279663086,-0.8239087409443188
-0.7654551267623901,-0.7232708930969238,-0.6453274488449097,-0.744727494896694
-0.7051829099655151,-0.8542937636375427,-0.6867396831512451,-0.619788758288394
-0.7619607448577881,-0.6943537592887878,-0.7475370764732361,-0.5528419686577808
-0.6881400942802429,-0.716357946395874,-0.6998171210289001,-0.5228787452803376
-0.5131948590278625,-0.4069744348526001,-0.41839343309402466,-0.48811663902112556
-0.4873858690261841,-0.529407799243927,-0.57010817527771,-0.494850021680094
-0.53111732006073,-0.4709005355834961,-0.5320907831192017,-0.5016894462103995
-0.49455419182777405,-0.4815760850906372,-0.5625436305999756,-0.36653154442041347
-0.4300352931022644,-0.47909459471702576,-0.4531010687351227,-0.2924298239020636
-0.5353388786315918,-0.5606310367584229,-0.48280924558639526,-0.5228787452803376
-0.45983171463012695,-0.5805999040603638,-0.5124471783638,-0.5086383061657274
-0.5065106153488159,-0.5466933846473694,-0.5308871269226074,-0.5157001606532141
-0.5164802074432373,-0.5646967887878418,-0.5550334453582764,-0.5086383061657274
-0.504166305065155,-0.5792310833930969,-0.5616159439086914,-0.5016894462103995
-0.5362605452537537,-0.45210000872612,-0.4778389632701874,-0.494850021680094
-0.4601016044616699,-0.4527112543582916,-0.4316711127758026,-0.48811663902112556
-2.488416910171509,-2.5179171562194824,-2.3784148693084717,-2.3979400086720375
-2.6041038036346436,-2.6048378944396973,-2.3714163303375244,-2.42021640338319
-2.496361255645752,-2.689810276031494,-2.528272867202759,-2.5528419686577806
-2.463120222091675,-2.49336314201355,-2.584401845932007,-2.744727494896694
-2.493230104446411,-2.4783098697662354,-2.515631675720215,-3.3010299956639813
0.9353771209716797,0.8808639645576477,0.9786790013313293,0.9030899869919435
0.8825082182884216,0.9054409265518188,0.9398097395896912,0.9542425094393249
0.9829193949699402,0.9158156514167786,0.983436107635498,0.8450980400142568
0.9184473156929016,0.9480925798416138,0.9239099025726318,1.0170333392987803
0.946600079536438,0.9037988185882568,0.9717934727668762,0.9242792860618817
0.9021100997924805,0.8771887421607971,0.9135223627090454,1.1139433523068367
-0.02292386069893837,-0.015279705636203289,-0.08077004551887512,0.07918124604762482
-0.16117212176322937,-0.15557251870632172,-0.10489176958799362,-0.3565473235138126
-0.09613350033760071,-0.1401483416557312,-0.14096789062023163,-0.11918640771920865
-0.18197834491729736,-0.08477481454610825,-0.14521311223506927,-0.09691001300805639
-0.38692203164100647,-0.32229647040367126,-0.347568154335022,-0.6575773191777937
-0.09789251536130905,0.07207803428173065,-0.0339377336204052,0.2304489213782739
0.01698848232626915,-0.06819557398557663,-0.04028841853141785,0.0
-0.02340540662407875,-0.06918443739414215,-0.026361098513007164,-0.22184874961635637
-0.0051412866450846195,0.0313853845000267,-0.049324970692396164,-0.09691001300805639
-0.2531050145626068,-0.17436383664608002,-0.22358210384845734,-0.3979400086720376
0.04787338152527809,0.04414333030581474,0.14174051582813263,0.38021124171160603
0.020008554682135582,0.04737960174679756,-0.010392596945166588,0.13033376849500614
0.004479518160223961,-0.010625178925693035,0.037150751799345016,-0.13076828026902382
0.08716270327568054,0.10006801784038544,0.14209197461605072,-0.026872146400301365
-0.18750736117362976,-0.22766302525997162,-0.19004963338375092,-0.3010299956639812
0.25039970874786377,0.09435779601335526,0.2113848477602005,0.5185139398778874
0.06013477221131325,0.10085339844226837,0.12765558063983917,0.20411998265592482
0.1625124216079712,0.23501722514629364,0.074213407933712,0.01703333929878037
0.10914579033851624,0.11632706224918365,0.1412077099084854,-0.06550154875643228
-0.13419854640960693,-0.17714287340641022,-0.0824105516076088,-0.22184874961635637
0.12390054017305374,0.23547862470149994,0.16766028106212616,0.6127838567197355
0.18530884385108948,0.16605140268802643,0.13412775099277496,0.24551266781414982
0.254902184009552,0.2832322418689728,0.1681741178035736,0.04921802267018165
0.16874313354492188,0.17663495242595673,0.1806841790676117,0.021189299069938092
0.002915525110438466,-0.010633965954184532,-0.07479813694953918,-0.10790539730951959
-2.403193712234497,-2.280550718307495,-2.386146306991577,-1.9199510324211482
-2.4191043376922607,-2.4472591876983643,-2.3802640438079834,-2.3005959181846625
-2.6277356147766113,-2.523308038711548,-2.589599132537842,-3.0969100130080562
-2.605746269226074,-2.6128995418548584,-2.576686143875122,-2.77780395369828
-2.562041997909546,-2.511840343475342,-2.5648715496063232,-2.87484417041947
-2.52785325050354,-2.4144792556762695,-2.4125678539276123,-2.573814174755489
-2.3722012042999268,-2.4309096336364746,-2.433781862258911,-2.4468454518303746
-2.432124614715576,-2.453469753265381,-2.3354270458221436,-2.2337359093480043
-2.3777899742126465,-2.263073682785034,-2.3866145610809326,-2.137928280620006
-2.707793712615967,-2.5957117080688477,-2.593468427658081,-3.425968732272281
-0.20085933804512024,-0.14370672404766083,-0.17249827086925507,-0.12493873660829993
-0.18134352564811707,-0.1662994623184204,-0.2084033340215683,-0.14266750356873156
-0.2532446086406708,-0.18279673159122467,-0.2006123811006546,-0.2076083105017461
-0.3234066367149353,-0.3304235637187958,-0.3664472699165344,-0.3979400086720376
-0.2914322018623352,-0.274397611618042,-0.19173458218574524,-0.22184874961635637
-0.2290491759777069,-0.29065558314323425,-0.279805451631546,-0.23657200643706278
-0.16841217875480652,-0.14601783454418182,-0.11002110689878464,-0.22184874961635637
-0.12383686751127243,-0.17274682223796844,-0.13640543818473816,-0.1549019599857432
-0.012030570767819881,-0.114540234208107,-0.03380761668086052,-0.10790539730951959
-0.42129313945770264,-0.2989230155944824,-0.29005908966064453,-0.2596373105057561
-0.5933964252471924,-0.7407712340354919,-0.8948327302932739,-0.10790539730951959
-0.664888858795166,-0.7297884225845337,-0.6628902554512024,0.021189299069938092
-0.4938800632953644,-0.46110811829566956,-0.6936480402946472,0.07918124604762482
-0.4454490542411804,-0.403441846370697,-0.46623894572257996,0.09691001300805642
-0.5843451619148254,-0.5938163995742798,-0.5875986218452454,-0.2076083105017461
-0.3916596472263336,-0.3604104816913605,-0.3632931709289551,0.04139268515822507
-0.30740249156951904,-0.2900325655937195,-0.19264249503612518,0.07918124604762482
-0.5074357390403748,-0.5181487202644348,-0.4673970639705658,-0.22184874961635637
-0.34402361512184143,-0.39878711104393005,-0.3879660665988922,0.0
-0.31781110167503357,-0.32831236720085144,-0.376276433467865,0.04139268515822507
-0.5350026488304138,-0.6137226819992065,-0.5039794445037842,-0.3979400086720376
-0.30632510781288147,-0.37470290064811707,-0.45540812611579895,-0.1938200260161128
-0.24036507308483124,-0.3607180714607239,-0.33669939637184143,-0.08618614761628333
-0.5643826723098755,-0.4562738239765167,-0.5605089664459229,-0.5228787452803376
-0.35207080841064453,-0.39276283979415894,-0.40634164214134216,-0.38721614328026455
-0.2771398723125458,-0.30289047956466675,-0.37618187069892883,-0.3372421683184259
-0.5259316563606262,-0.5500198006629944,-0.6470229625701904,-0.619788758288394
-0.41088196635246277,-0.41911861300468445,-0.38097697496414185,-0.3979400086720376
-0.2758721113204956,-0.3794868290424347,-0.3362710773944855,-0.37675070960209955
-1.0555620193481445,-1.4838966131210327,-1.586870551109314,-0.9507819773298184
-2.2632768154144287,-2.278346061706543,-2.2506754398345947,-1.3010299956639813
-2.326591730117798,-2.025212526321411,-2.0787410736083984,-1.3010299956639813
-1.7460318803787231,-2.0377728939056396,-1.9601114988327026,-2.3979400086720375
-1.9752963781356812,-1.9934933185577393,-1.9778081178665161,-2.6989700043360187
-1.919697642326355,-2.1849162578582764,-2.1913857460021973,-3.0
-0.35103607177734375,-0.41992834210395813,-0.4727315306663513,-0.3010299956639812
-0.14680072665214539,0.04582250490784645,-0.010839274153113365,-0.1549019599857432
0.07934436202049255,-0.05792461708188057,0.14299049973487854,0.17609125905568124
0.1580582559108734,0.054280828684568405,0.05594967305660248,0.5440680443502757
-0.6920694708824158,-0.6953096985816956,-0.6394972801208496,-0.744727494896694
-0.6678155064582825,-0.8118667602539062,-0.7831324338912964,-0.7958800173440752
-0.6760514974594116,-0.7022393345832825,-0.7044258117675781,-0.6777807052660807
-0.7205610871315002,-0.7281945943832397,-0.6764693260192871,-0.8538719643217619
-0.7885536551475525,-0.7373356223106384,-0.7194798588752747,-0.7958800173440752
-0.693825364112854,-0.7186667323112488,-0.7766451239585876,-0.6989700043360187
-0.7427011728286743,-0.7438353896141052,-0.7894601225852966,-0.8239087409443188
-0.7075157165527344,-0.6339887976646423,-0.7691616415977478,-0.8239087409443188
-0.7694953680038452,-0.7945366501808167,-0.7580598592758179,-0.8538719643217619
-0.8352404832839966,-0.957436203956604,-0.8847560882568359,-2.0969100130080562
-0.2705067992210388,-0.23568689823150635,-0.24402152001857758,-0.08618614761628333
-0.14860621094703674,-0.019936105236411095,-0.12733623385429382,0.06818586174616162
-0.44081351161003113,-0.5572957396507263,-0.4968067407608032,-0.3467874862246563
-0.6110727190971375,-0.48484694957733154,-0.5267149209976196,-0.638272163982407
-0.6752126216888428,-0.7403109669685364,-0.8278390169143677,-0.7695510786217261
-0.29466015100479126,-0.2800089120864868,-0.32388049364089966,-0.2676062401770315
-0.4454807937145233,-0.3704952299594879,-0.39724698662757874,-0.42021640338318983
-0.735818088054657,-0.7560039758682251,-0.6662235856056213,-0.6777807052660807
-0.8473604321479797,-0.8092944025993347,-0.742513120174408,-0.6777807052660807
-0.944688618183136,-1.0181888341903687,-1.046722412109375,-1.0457574905606752
-0.2995845079421997,-0.33919113874435425,-0.27199575304985046,-0.3979400086720376
-0.7502623200416565,-0.6336634159088135,-0.6856287717819214,-0.619788758288394
-0.7031188011169434,-0.7596004605293274,-0.7314804196357727,-0.7695510786217261
-0.9063534736633301,-0.9486944079399109,-0.9433534145355225,-0.8239087409443188
-0.19192315638065338,-0.2769496440887451,-0.23950204253196716,-0.23657200643706278
-0.6092018485069275,-0.601166307926178,-0.6077076196670532,-0.5086383061657274
-0.6831891536712646,-0.6990176439285278,-0.6787916421890259,-0.46852108295774486
-0.6607699394226074,-0.7511668801307678,-0.6970994472503662,-0.5528419686577808
-0.7384623885154724,-0.687743604183197,-0.7503047585487366,-0.6575773191777937
-0.7177596092224121,-0.6757106184959412,-0.6507301330566406,-0.6989700043360187
-0.45630699396133423,-0.5103370547294617,-0.4554218351840973,-0.44369749923271273
-0.2614109218120575,-0.3522785007953644,-0.3764572739601135,-0.3467874862246563
-0.2653718590736389,-0.28304851055145264,-0.2405875325202942,-0.2676062401770315
-0.6706528067588806,-0.6703896522521973,-0.5769832730293274,-0.744727494896694
-0.558779239654541,-0.5091497302055359,-0.5046859979629517,-0.6575773191777937
-0.4433218836784363,-0.4162479341030121,-0.4380039572715759,-0.5086383061657274
-0.35737940669059753,-0.2502131164073944,-0.2738857865333557,-0.3979400086720376
-0.8576096296310425,-0.9266916513442993,-0.8572912812232971,-1.0969100130080565
-0.7224830985069275,-0.7248979806900024,-0.7686171531677246,-0.958607314841775
-0.7346512079238892,-0.6916208267211914,-0.6508403420448303,-0.744727494896694
-0.5719656944274902,-0.47537052631378174,-0.5527660846710205,-0.6020599913279624
-1.0467534065246582,-1.0706311464309692,-1.0537457466125488,-1.3010299956639813
-0.9820742607116699,-0.8460881114006042,-1.0536134243011475,-1.0
-0.830451488494873,-0.8311881422996521,-0.8488778471946716,-0.8239087409443188
-0.6937227845191956,-0.6116528511047363,-0.7127929925918579,-0.6989700043360187
-1.211760401725769,-1.2198125123977661,-1.2054786682128906,-1.38933983691012
-1.2943940162658691,-1.354394555091858,-1.2882742881774902,-1.27083521030723
-1.1827472448349,-1.2020864486694336,-1.1794185638427734,-1.5026694370349483
-1.5052129030227661,-1.4501138925552368,-1.1168136596679688,-1.2944612752327194
-0.8491107225418091,-1.1096346378326416,-1.2171642780303955,-1.2368941027930884
-0.8228714466094971,-1.1266419887542725,-1.0421050786972046,-1.3074967762144598
-0.6788484454154968,-0.6429795622825623,-0.5727197527885437,-0.5228787452803376
-0.525890052318573,-0.6199771761894226,-0.6481612920761108,-0.21467016498923297
-0.5617838501930237,-0.6032254695892334,-0.5501499772071838,-0.22184874961635637
-0.6154497265815735,-0.6220757365226746,-0.6019889116287231,-0.25181197299379954
-0.6087834239006042,-0.6716902852058411,-0.4583923816680908,-0.13076828026902382
-0.5290565490722656,-0.6165627837181091,-0.5337024927139282,-0.09691001300805639
-0.6338621973991394,-0.5779458284378052,-0.653256356716156,-0.2839966563652008
-1.0357416868209839,-0.895023763179779,-0.7895370721817017,-0.3979400086720376
-0.7747654914855957,-0.8182438015937805,-0.9398950934410095,-0.3565473235138126
-0.5902602076530457,-0.6672574281692505,-0.579586923122406,-0.3187587626244128
-0.366955429315567,-0.516855001449585,-0.3783317804336548,-0.3010299956639812
-0.572797954082489,-0.5175691246986389,-0.4839443266391754,-0.22184874961635637
-2.1892342567443848,-1.9135723114013672,-2.081028461456299,-2.095392636184552
-1.654711365699768,-1.8209725618362427,-1.8409123420715332,-2.092105164583717
-1.5913113355636597,-1.8597668409347534,-1.735890507698059,-2.0516848593106523
-1.7299953699111938,-1.6678636074066162,-1.7021212577819824,-1.7218868840201662
-1.6091912984848022,-1.5426826477050781,-1.5772655010223389,-1.6332596101570895
-1.522209644317627,-1.571488857269287,-1.5808539390563965,-1.5881951691845766
-0.7463205456733704,-0.7304491996765137,-0.7183730006217957,-0.494850021680094
-0.5963073968887329,-0.7316346764564514,-0.5630041360855103,-0.42021640338318983
-0.43126609921455383,-0.5059589147567749,-0.4908934235572815,-0.3467874862246563
-0.33365386724472046,-0.45340490341186523,-0.3501766324043274,-0.3010299956639812
-0.2167121320962906,-0.36891573667526245,-0.13537678122520447,-0.2676062401770315
-0.5479541420936584,-0.6521783471107483,-0.7634317874908447,-0.1549019599857432
-0.7769117951393127,-0.9059628844261169,-0.8835015892982483,-0.23657200643706278
-0.7120299339294434,-0.7678893208503723,-1.0890847444534302,-0.5228787452803376
-0.20305132865905762,-0.163948193192482,-0.25867098569869995,0.0
-0.7519097328186035,-0.8571143746376038,-0.4798358976840973,-0.6989700043360187
-1.0464482307434082,-1.067237138748169,-0.9524071216583252,-1.154901959985743
-1.0718333721160889,-1.062718391418457,-1.0461653470993042,-1.1079053973095196
-1.0441035032272339,-1.0368072986602783,-1.039555549621582,-1.0861861476162833
-1.0123395919799805,-0.9548588395118713,-1.095201015472412,-1.0
-0.49659597873687744,-0.5562810897827148,-0.5858107805252075,-1.0
-0.44365888833999634,-0.5245794057846069,-0.5250291228294373,-0.6989700043360187
-0.26073670387268066,-0.3305820822715759,-0.36169305443763733,-0.494850021680094
-0.26607832312583923,-0.2238098531961441,-0.2877780795097351,-0.1549019599857432
-0.2276444137096405,-0.2909803092479706,-0.26965126395225525,-0.22184874961635637
-0.32063916325569153,-0.41558462381362915,-0.38089171051979065,-0.3467874862246563
-0.37656769156455994,-0.4559609591960907,-0.4600546061992645,-0.3979400086720376
-0.3373671770095825,-0.3449508547782898,-0.3808685541152954,-0.24412514432750865
-0.5105010867118835,-0.47647199034690857,-0.47741204500198364,-0.2596373105057561
-0.7069587111473083,-0.6770230531692505,-0.7983607053756714,-0.3010299956639812
-0.6345492601394653,-0.6313793063163757,-0.5721442699432373,-0.3979400086720376
-1.0073282718658447,-1.1075679063796997,-0.8915473818778992,-1.0177287669604316
-1.0573569536209106,-1.036888599395752,-1.0822561979293823,-1.0
-0.2880578637123108,-0.2364852875471115,-0.3255409598350525,-0.07058107428570727
-0.26802951097488403,-0.24979178607463837,-0.2464241236448288,-0.12493873660829993
-0.46557506918907166,-0.35408398509025574,-0.48191359639167786,-0.37675070960209955
-0.41612112522125244,-0.31410056352615356,-0.4194256365299225,-0.3279021420642826
-0.3262087106704712,-0.21615052223205566,-0.30964553356170654,-0.22184874961635637
-0.1633121520280838,-0.1807519644498825,-0.30125707387924194,-0.14266750356873156
-0.3471740782260895,-0.3093544840812683,-0.34141096472740173,-0.494850021680094
-0.3260921239852905,-0.4035634994506836,-0.3651447892189026,-0.6020599913279624
-0.21497602760791779,-0.34339937567710876,-0.26062968373298645,-0.09691001300805639
-0.2767636477947235,-0.2706902027130127,-0.2340591996908188,0.20411998265592482
-0.2637603282928467,-0.23894459009170532,-0.3147485554218292,-0.09691001300805639
-0.27232566475868225,-0.24500226974487305,-0.1965610682964325,-0.1549019599857432
-0.30363327264785767,-0.2752353250980377,-0.2984551191329956,-0.22184874961635637
-0.2573070228099823,-0.24361006915569305,-0.3128105103969574,-0.22184874961635637
-0.2355964481830597,-0.21807126700878143,-0.331636518239975,0.07918124604762482
-0.2631879448890686,-0.26966777443885803,-0.1730898916721344,-0.3010299956639812
-0.26861825585365295,-0.25355106592178345,-0.26006704568862915,-0.3979400086720376
-0.283557265996933,-0.22003893554210663,-0.18874242901802063,-0.3979400086720376
-0.2273995280265808,-0.19092749059200287,-0.24716828763484955,-0.09691001300805639
-0.33361005783081055,-0.3067374527454376,-0.298758327960968,-0.5228787452803376
-0.38269153237342834,-0.28001150488853455,-0.2873484194278717,-0.6989700043360187
-0.32731086015701294,-0.28076961636543274,-0.2717048227787018,-0.6989700043360187
-0.32657262682914734,-0.3742091655731201,-0.3155243396759033,-0.22184874961635637
-0.4579661786556244,-0.43818995356559753,-0.5076777338981628,-0.9208187539523752
-0.4895988404750824,-0.5500015020370483,-0.4497990906238556,-0.3467874862246563
-1.2378700971603394,-0.8105189800262451,-0.7650417685508728,-0.858863909879261
-0.6231846809387207,-0.8085547685623169,-0.7760825157165527,-1.0788339493622612
-0.8281939029693604,-0.76043301820755,-0.8113512396812439,-0.9295926782598803
-1.2084814310073853,-0.895000696182251,-0.8453342318534851,-0.549750891680639
-0.5365682244300842,-0.6113099455833435,-0.5888165831565857,-0.6020599913279624
-0.6212371587753296,-0.6183921694755554,-0.6832073926925659,-0.6020599913279624
-0.650575578212738,-0.6908106803894043,-0.6405053734779358,-0.6989700043360187
-0.36133304238319397,-0.24962113797664642,-0.3136120140552521,-0.2596373105057561
-0.3984907567501068,-0.35847148299217224,-0.40708914399147034,-0.3010299956639812
-0.4761153757572174,-0.3698725402355194,-0.43760281801223755,-0.3979400086720376
-0.8714842200279236,-0.9372642636299133,-0.9519765377044678,-0.9208187539523752
-1.0018771886825562,-0.9586839079856873,-1.0172314643859863,-1.0
-0.9521381258964539,-1.0159614086151123,-0.9928902387619019,-0.958607314841775
-0.782581627368927,-0.7560387253761292,-0.7427275776863098,-0.8538719643217619
-0.8442411422729492,-0.8847452998161316,-0.8113094568252563,-0.8860566476931632
-0.8700757622718811,-0.8961259722709656,-0.8025968670845032,-0.9208187539523752
-0.6113141775131226,-0.6673180460929871,-0.6613816022872925,-0.7695510786217261
-0.7259387969970703,-0.7068397402763367,-0.6823880076408386,-0.744727494896694
-0.5800444483757019,-0.6646905541419983,-0.6884580850601196,-0.8538719643217619
-0.4065954089164734,-0.35586288571357727,-0.40417569875717163,-0.3565473235138126
-0.4483943581581116,-0.5131282806396484,-0.4491003751754761,-0.5528419686577808
-0.4257326126098633,-0.4898102581501007,-0.44102439284324646,-0.3979400086720376
-0.5335243940353394,-0.5198127627372742,-0.4086083173751831,-0.585026652029182
-0.41074487566947937,-0.4706791639328003,-0.4499555230140686,-0.5528419686577808
-0.5640833973884583,-0.5344724655151367,-0.5254825353622437,-0.6777807052660807
-0.7650169730186462,-0.6592889428138733,-0.7331943511962891,-0.744727494896694
-0.7556507587432861,-0.7349793314933777,-0.741154134273529,-0.9208187539523752
-0.7804397344589233,-0.7933669090270996,-0.7597101926803589,-0.8239087409443188
-0.42764002084732056,-0.49877655506134033,-0.5092297792434692,-0.44369749923271273
-0.4942281246185303,-0.5034008622169495,-0.5533473491668701,-0.5228787452803376
-0.4869782626628876,-0.5410783290863037,-0.5282735824584961,-0.494850021680094
-0.8789663314819336,-0.8695908188819885,-0.8756927847862244,-0.9208187539523752
-0.8902854323387146,-0.8338321447372437,-0.8466821312904358,-0.8239087409443188
-0.8794258832931519,-0.8969340920448303,-0.9159439206123352,-0.9208187539523752
-0.6261131763458252,-0.6155064105987549,-0.6241772174835205,-0.4559319556497244
-0.6941823959350586,-0.7124307751655579,-0.731058657169342,-0.619788758288394
-0.6849117279052734,-0.707827627658844,-0.6177811622619629,-0.6020599913279624
-1.864959716796875,-2.1029648780822754,-2.14949631690979,-2.537602002101044
-1.799804449081421,-2.3612923622131348,-2.3075037002563477,-2.167491087293764
-1.7781386375427246,-2.347285032272339,-2.358307361602783,-2.344861565188618
-2.2554216384887695,-2.452576160430908,-2.316990613937378,-1.9507819773298183
0.2175113409757614,0.200673446059227,0.015982648357748985,0.07918124604762482
0.2529222369194031,0.32395756244659424,0.2663392126560211,0.6989700043360189
0.49678418040275574,0.49663805961608887,0.4873906075954437,0.8450980400142568
0.22705045342445374,0.1712295413017273,0.11791019141674042,0.04139268515822507
0.2897229492664337,0.33930277824401855,0.3181750476360321,0.4913616938342727
0.49637022614479065,0.4266570806503296,0.46437257528305054,0.7781512503836436
0.058673445135354996,0.06051363795995712,0.05588986352086067,0.04139268515822507
0.3462384343147278,0.2751436233520508,0.2262803614139557,0.414973347970818
0.5557533502578735,0.47050929069519043,0.5647517442703247,0.6627578316815741
0.050444427877664566,0.09638208895921707,0.07785466313362122,0.0
0.3548293709754944,0.2909751832485199,0.17310048639774323,0.3424226808222063
0.2944100499153137,0.5048752427101135,0.5425889492034912,0.5314789170422551
0.09430824965238571,0.11311427503824234,0.15599198639392853,-1.3979400086720375
0.258060097694397,0.14528530836105347,0.17321012914180756,0.07918124604762482
0.3957373797893524,0.43754497170448303,0.3405516445636749,0.38021124171160603
-0.2107747495174408,-0.3327321410179138,-0.2641797959804535,-1.5228787452803376
-0.20849132537841797,-0.19912324845790863,-0.3052707314491272,0.04139268515822507
-0.06184215098619461,-0.012875969521701336,-0.10845835506916046,0.3010299956639812
-0.32435789704322815,-0.29868796467781067,-0.22495535016059875,-1.6989700043360187
-0.13330695033073425,-0.24969206750392914,-0.06010793522000313,0.0
-0.013322687707841396,0.018721185624599457,-0.05848030373454094,0.17609125905568124
-0.05057106167078018,-0.3068743050098419,-0.22344306111335754,-0.5228787452803376
-0.42987099289894104,-0.2725883722305298,-0.5323585867881775,-0.585026652029182
-0.1319504678249359,-0.2372526079416275,-0.5342852473258972,-0.619788758288394
-0.2327497899532318,-0.2626103162765503,-0.3987240493297577,-0.6575773191777937
-0.33860161900520325,-0.3746187388896942,-0.44577667117118835,0.04139268515822507
-0.4720725417137146,-0.5357432961463928,-0.4183894395828247,-0.07572071393811836
-0.33917951583862305,-0.35272011160850525,-0.6179386973381042,-0.7033348097384688
-0.574084460735321,-0.4837539792060852,-0.5799562931060791,-0.16749108729376366
-0.8600770235061646,-0.5173753499984741,-0.6434165835380554,-0.712198270069774
-0.6918222904205322,-0.5913982391357422,-0.6582576632499695,-0.22184874961635637
-0.93076491355896,-1.1556034088134766,-0.9772825837135315,-0.744727494896694
-1.1603138446807861,-1.0433436632156372,-0.9665411114692688,-0.3010299956639812
-0.4395895004272461,-0.35886287689208984,-0.22389809787273407,0.3010299956639812
-0.19276805222034454,-0.5190789699554443,-0.3199520409107208,0.25527250510330607
-0.3053401708602905,-0.5666673183441162,-0.22995413839817047,-0.22184874961635637
-0.33636125922203064,-0.6577193737030029,-0.2619858384132385,-0.3979400086720376
-0.602319061756134,-0.7636162638664246,-0.35191160440444946,-0.22184874961635637
-0.4862935245037079,-0.37245097756385803,-0.29690197110176086,-1.0
-0.48776960372924805,-0.7086097598075867,-0.24787946045398712,-0.6989700043360187
-0.21682371199131012,-0.2752353250980377,-0.1938912719488144,-1.3010299956639813
-1.426286220550537,-1.4375848770141602,-1.4015231132507324,-1.6989700043360187
-1.6728355884552002,-1.6556758880615234,-1.6141529083251953,-1.2924298239020637
-1.6682051420211792,-1.6318635940551758,-1.702889323234558,-1.3979400086720375
-1.2425010204315186,-1.3877969980239868,-1.498914122581482,-1.5228787452803376
-1.5783450603485107,-1.522998571395874,-1.467745065689087,-1.5228787452803376
-1.3660955429077148,-1.4921653270721436,-1.4166626930236816,-1.154901959985743
-1.4915581941604614,-1.4742635488510132,-1.4261672496795654,-1.3010299956639813
-1.2609678506851196,-1.265101671218872,-1.275671362876892,-1.3010299956639813
-1.1821134090423584,-1.2066147327423096,-1.1767536401748657,-1.6020599913279623
-1.1337090730667114,-1.1558074951171875,-1.258549451828003,-1.3467874862246563
-1.167933464050293,-1.2260396480560303,-1.1186996698379517,-0.7958800173440752
-1.192084550857544,-1.2298029661178589,-1.178550362586975,-1.154901959985743
-0.9048961400985718,-0.9191578030586243,-0.8944932818412781,-1.2924298239020637
-1.0444362163543701,-0.9907841682434082,-1.042611837387085,-1.154901959985743
-0.8071588277816772,-0.8058741092681885,-0.8983527421951294,-1.1249387366083
-0.7215012311935425,-0.7853753566741943,-0.6424935460090637,-0.7695510786217261
-0.9498242735862732,-0.8817136287689209,-0.8046431541442871,-0.6575773191777937
-0.9884524345397949,-0.9381805658340454,-1.0499008893966675,-0.9208187539523752
-0.8110130429267883,-0.8030504584312439,-0.8462690114974976,-0.8860566476931632
-0.6153525710105896,-0.714613676071167,-0.8204753994941711,-1.0
-0.6821103096008301,-0.8583681583404541,-0.7542925477027893,-1.0
-0.25626257061958313,-0.3127308189868927,-0.30084705352783203,-0.6989700043360187
-0.44981300830841064,-0.45608291029930115,-0.4953199625015259,-0.494850021680094
-0.6620238423347473,-0.7959584593772888,-0.7562720775604248,-0.6989700043360187
-0.23175957798957825,-0.32410484552383423,-0.35712727904319763,-0.46852108295774486
-0.49049001932144165,-0.5324362516403198,-0.4474070966243744,-0.2924298239020636
-0.923072338104248,-0.8348985314369202,-0.9203886985778809,-0.494850021680094
-0.2361525595188141,-0.18468405306339264,-0.24224674701690674,-0.3010299956639812
-0.47327905893325806,-0.3896171450614929,-0.431606650352478,-0.21467016498923297
-0.6493848562240601,-0.6762394309043884,-0.6357545256614685,-0.6777807052660807
-0.053873635828495026,-0.13819773495197296,-0.33481496572494507,-0.44369749923271273
-0.2184707224369049,-0.18131141364574432,-0.2945787012577057,-0.25181197299379954
-0.6374474763870239,-0.721105694770813,-0.8774188756942749,-0.5228787452803376
-0.13867953419685364,-0.3271096646785736,-0.18389101326465607,-0.3372421683184259
-0.40585172176361084,-0.36980926990509033,-0.3220857083797455,-0.1938200260161128
-0.7432442903518677,-0.6755691766738892,-0.7495654225349426,-0.3979400086720376
-0.004255211912095547,-0.07635583728551865,-0.27253735065460205,-0.22184874961635637
-0.36256688833236694,-0.37255948781967163,-0.2383522093296051,-0.09691001300805639
-1.6907310485839844,-1.7082735300064087,-1.616161584854126,-1.6382721639824072
-1.5854328870773315,-1.6471096277236938,-1.6657116413116455,-1.6382721639824072
-1.6718145608901978,-1.6576157808303833,-1.572281837463379,-1.6575773191777938
-1.6528964042663574,-1.6451106071472168,-1.6783677339553833,-1.6777807052660807
-1.4435309171676636,-1.6470144987106323,-1.577319622039795,-1.6575773191777938
-1.6028763055801392,-1.5952515602111816,-1.6103196144104004,-1.5528419686577808
-1.5767546892166138,-1.585996150970459,-1.5916767120361328,-1.6989700043360187
-1.5627599954605103,-1.6972860097885132,-1.6128764152526855,-1.6197887582883939
-1.1257445812225342,-1.1951054334640503,-1.335544466972351,-0.958607314841775
-1.169519066810608,-1.030049204826355,-1.026242733001709,-1.744727494896694
-1.401149034500122,-1.397826075553894,-1.335044026374817,-1.0457574905606752
-1.5335842370986938,-1.4110671281814575,-1.012320637702942,-1.0969100130080565
-0.8458850383758545,-0.851989209651947,-0.8998064994812012,-0.744727494896694
-0.8286951780319214,-0.8434300422668457,-0.8193944692611694,-0.7695510786217261
-0.7927337288856506,-0.8271766901016235,-0.7271959185600281,-0.832682665251824
-0.8043299317359924,-0.7982721924781799,-0.879051923751831,-0.8761483590329142
-1.0947129726409912,-1.1473308801651,-1.3106331825256348,-1.2218487496163564
-1.162861704826355,-1.179182767868042,-1.4184681177139282,-1.0457574905606752
-1.2115565538406372,-1.1044138669967651,-1.3609265089035034,-1.0
-0.7966941595077515,-0.847912073135376,-0.8057287931442261,-0.8761483590329142
-0.8722454905509949,-0.7684910893440247,-0.46985405683517456,-0.5228787452803376
-1.1425395011901855,-0.964753270149231,-0.652606725692749,-0.8794260687941502
-1.0339581966400146,-1.0645389556884766,-0.9494568109512329,-1.4436974992327127
0.2746570408344269,0.12179471552371979,0.18235380947589874,0.6202401898458314
0.20777925848960876,0.18261520564556122,0.22305823862552643,0.5098742850047192
0.1811964213848114,0.17933480441570282,0.1941068023443222,0.36772854608697647
0.019125524908304214,0.01512775756418705,-0.0029516613576561213,0.449478399187365
-0.10394198447465897,-0.14662422239780426,-0.09169371426105499,-0.025949097207122653
-0.09993337839841843,-0.15359331667423248,-0.16627749800682068,-0.12033079436794646
0.010194742120802402,-0.08289645612239838,-0.021553073078393936,0.32139127831168907
-0.21371294558048248,-0.21014423668384552,-0.17303656041622162,-0.22548303427145047
-0.39284443855285645,-0.3484610319137573,-0.3128710985183716,-0.3957739469155299
-0.22068741917610168,-0.28606849908828735,-0.2049178034067154,-0.0008694587126288915
-0.30808159708976746,-0.3776303231716156,-0.4164176285266876,-0.4473317838878068
-0.4049239754676819,-0.38021180033683777,-0.4051985442638397,-0.4659738939438649
-0.48978179693222046,-0.3601992428302765,-0.3842347264289856,-0.5287082889410615
-0.4695028066635132,-0.49753284454345703,-0.4932650923728943,-0.5670307091255943
-0.5384158492088318,-0.4177698791027069,-0.43991619348526,-0.5934598195660448
-0.5012165904045105,-0.5187790393829346,-0.47058266401290894,-0.6090648928966209
-0.4367901086807251,-0.4411948621273041,-0.33958566188812256,-0.23136189875238555
-0.5007020235061646,-0.583285391330719,-0.5258430242538452,-0.4854522473397139
-1.2091819047927856,-1.2564374208450317,-1.23704993724823,-1.0
-1.038468837738037,-1.0357697010040283,-1.0380576848983765,-0.5228787452803376
-0.8310947418212891,-0.7830641269683838,-0.8568414449691772,-0.3010299956639812
-1.0152345895767212,-1.0521506071090698,-1.0476634502410889,-0.6989700043360187
-1.0304371118545532,-1.0150259733200073,-1.05929434299469,-0.744727494896694
-1.294095754623413,-1.2950674295425415,-1.2412734031677246,-1.5228787452803376
-1.0840500593185425,-1.0358067750930786,-1.0266411304473877,-1.0
-0.7910681366920471,-0.7626603841781616,-0.7667736411094666,-0.6989700043360187
-0.9717176556587219,-0.9485276937484741,-0.9293648600578308,-0.744727494896694
-1.119271159172058,-1.0111514329910278,-0.9903401732444763,-1.1611509092627446
-1.1556545495986938,-1.1655431985855103,-1.1630860567092896,-1.1643094285075744
-1.348570704460144,-1.4161750078201294,-1.415892243385315,-1.6989700043360187
-0.9602691531181335,-1.0683165788650513,-1.0322210788726807,-1.0969100130080565
-1.1986249685287476,-1.0745155811309814,-1.168217658996582,-1.2732727909734278
-1.2774226665496826,-1.2134325504302979,-1.2689281702041626,-1.3979400086720375
-0.8247140049934387,-0.9811409711837769,-0.9367881417274475,-1.0
-2.8230502605438232,-2.85408616065979,-2.808828830718994,-3.0969100130080562
-2.9017081260681152,-2.9322683811187744,-2.9456067085266113,-2.657577319177794
-2.8803210258483887,-2.8771471977233887,-2.9116806983947754,-2.795880017344075
-2.943542003631592,-2.965517044067383,-2.951599597930908,-3.0969100130080562
-2.914550304412842,-2.8735885620117188,-2.899432420730591,-2.769551078621726
-2.974452495574951,-2.908292531967163,-2.9248316287994385,-3.0969100130080562
-2.8907971382141113,-2.885300874710083,-2.872938632965088,-3.0457574905606752
-2.909716844558716,-2.925443649291992,-2.7942922115325928,-2.853871964321762
-2.8947155475616455,-2.9607009887695312,-2.826457977294922,-2.744727494896694
-2.9244961738586426,-2.944934129714966,-2.917306661605835,-2.6989700043360187
-2.9011571407318115,-2.8731861114501953,-2.8538570404052734,-2.958607314841775
-2.849235773086548,-2.8233819007873535,-2.8767831325531006,-2.958607314841775
-2.911929130554199,-2.939469814300537,-2.939350128173828,-2.6989700043360187
-2.9599080085754395,-2.9169394969940186,-2.932995080947876,-3.0969100130080562
-2.9200797080993652,-2.9650650024414062,-2.951181173324585,-2.721246399047171
-2.859682083129883,-2.8111860752105713,-2.9203059673309326,-3.0
-2.874476909637451,-3.0019772052764893,-2.9136171340942383,-2.958607314841775
-2.917466640472412,-2.935081958770752,-2.8952488899230957,-2.9208187539523753
-2.9355907440185547,-2.9362683296203613,-2.993657350540161,-2.795880017344075
-2.887200355529785,-2.9348506927490234,-2.85300874710083,-3.0969100130080562
-2.9535136222839355,-3.029155731201172,-2.9835166931152344,-2.958607314841775
-2.880584478378296,-2.904156446456909,-2.954768657684326,-3.2218487496163566
-3.012105941772461,-3.032694101333618,-3.0130579471588135,-3.0
-2.992995262145996,-3.0689806938171387,-3.0542855262756348,-2.958607314841775
-3.119206190109253,-3.121891498565674,-3.112849712371826,-3.0969100130080562
